base_start,pair_mse,none_mse,event_mse,separation_mse,predicted_separation_energy,true_separation_energy,ambiguity_floor
45984,0.01543283,0.01311884,0.01774682,0.0012298957,0.16758914,0.19241452,0.04810363
45986,0.051340073,0.013680217,0.08899993,0.051911652,0.43546072,0.54131037,0.13532759
45989,0.026613465,0.013971667,0.039255258,0.050066337,0.0498002,0.1166865,0.029171625
45992,0.03452545,0.014867785,0.05418311,0.05352952,0.35921273,0.3400258,0.08500645
45995,0.0442716,0.015973372,0.072569825,0.036999542,0.03785984,0.09349385,0.023373462
45998,0.015589167,0.016491482,0.014686853,0.0021316516,0.14330508,0.15480073,0.038700182
46001,0.022185443,0.019184114,0.02518677,0.0023388406,0.44764897,0.504451,0.12611274
46003,0.04813169,0.018839465,0.077423915,0.059414048,0.074883305,0.116893746,0.029223436
46006,0.044897173,0.020081801,0.06971255,0.041440234,0.688752,0.7222734,0.18056835
46009,0.04375417,0.021912063,0.065596275,0.071385115,0.051563818,0.0706422,0.01766055
46012,0.025390238,0.024220726,0.02655975,0.000782308,0.16883564,0.1839685,0.045992125
46015,0.05812538,0.025526473,0.09072429,0.054532465,0.034904003,0.0578109,0.014452725
46018,0.046299707,0.027672196,0.06492721,0.040727895,0.036107022,0.08999332,0.02249833
46021,0.080810644,0.029529618,0.13209166,0.07870348,1.1628436,1.2281537,0.30703843
46023,0.04312576,0.030351525,0.055899993,0.015535115,0.349496,0.2872922,0.07182305
46026,0.15620787,0.03201831,0.28039744,0.19272803,1.0188098,0.87888926,0.21972232
46029,0.027574053,0.032619786,0.022528322,0.003100145,0.20087595,0.24820732,0.06205183
46032,0.038264174,0.04105815,0.035470203,0.0013319651,0.20502043,0.19484067,0.048710167
46035,0.05635191,0.044083815,0.068620004,0.04218651,0.0560476,0.104940295,0.026235074
46038,0.09435445,0.06685778,0.12185112,0.03245087,0.043609302,0.06920546,0.017301366
46041,0.11170564,0.08267543,0.14073585,0.06608702,0.7864559,0.8506171,0.21265428
46043,0.07452427,0.0573303,0.091718234,0.03549357,0.741168,0.8012255,0.20030637
46046,0.053244572,0.057973366,0.048515778,0.0032060351,0.2295893,0.27682307,0.06920577
46049,0.07167034,0.05351119,0.08982948,0.027551554,0.38126335,0.3838284,0.0959571
46052,0.10524118,0.07016038,0.14032197,0.014342003,0.23435658,0.19944192,0.04986048
46055,0.096659355,0.061219603,0.1320991,0.02789601,0.018773079,0.07124241,0.017810602
46058,0.09374648,0.058282316,0.12921064,0.015330176,0.35995403,0.45278135,0.11319534
46061,0.07381842,0.066918574,0.08071827,0.049074907,0.7523295,0.73621255,0.18405314
46063,0.0658681,0.06299781,0.0687384,0.0023347018,0.15107054,0.17994761,0.044986904
46066,0.05702408,0.056646895,0.057401273,0.0017927749,0.19837242,0.23241436,0.05810359
46069,0.06310426,0.05725801,0.068950504,0.021124428,0.45928207,0.4983243,0.124581076
46072,0.077018104,0.051352113,0.1026841,0.036833573,0.03598392,0.050659675,0.012664919
46075,0.06285899,0.032601286,0.0931167,0.0544748,0.063830055,0.09428529,0.023571322
46078,0.044556614,0.02915146,0.059961766,0.011614856,0.13319428,0.17152579,0.042881448
46081,0.17964314,0.027230948,0.33205533,0.20135196,1.5106379,1.8695621,0.46739054
46083,0.068450026,0.024142914,0.11275714,0.07086614,0.043618005,0.1440083,0.036002073
46086,0.033221338,0.022118488,0.04432419,0.019496696,0.010613124,0.03100337,0.0077508427
46089,0.04043385,0.021861428,0.059006274,0.023885617,0.4768537,0.49587464,0.12396866
46092,0.02684399,0.021074647,0.032613333,0.0040043257,0.44190666,0.5218383,0.13045958
46095,0.07542867,0.021883383,0.12897396,0.08876043,0.8314759,0.8249549,0.20623873
46098,0.018481664,0.022212213,0.014751117,0.010412384,0.27615103,0.32032546,0.080081366
46101,0.028449008,0.024136767,0.03276125,0.020976273,0.019301256,0.01985708,0.00496427
46103,0.17018594,0.02510143,0.31527045,0.20127428,1.0528846,0.94300026,0.23575006
46106,0.027115235,0.03468336,0.019547112,0.007313005,0.48879418,0.45636472,0.11409118
46109,0.044075806,0.03986548,0.04828613,0.0013985542,0.32494625,0.36097655,0.09024414
46112,0.059436947,0.0392542,0.0796197,0.05788065,0.079885006,0.15520799,0.038801998
46115,0.039993342,0.043788422,0.036198262,0.0038093496,0.20190644,0.18146263,0.045365658
46118,0.07978771,0.027818436,0.13175698,0.08029423,0.042110126,0.122172505,0.030543126
46121,0.034017976,0.016104935,0.051931012,0.03676151,0.017074266,0.068074815,0.017018704
46123,0.06821146,0.023045266,0.11337765,0.065532,1.0106126,1.2291945,0.30729863
46126,0.08082545,0.019616747,0.14203416,0.090118565,0.5555994,0.51797104,0.12949276
46129,0.019459939,0.019274669,0.019645208,0.0074802428,0.18246572,0.21153565,0.052883912
46132,0.06073181,0.013400617,0.108063005,0.08297635,0.81900233,0.79854035,0.19963509
46135,0.016491534,0.010525505,0.022457564,0.0033777666,0.34064874,0.38176584,0.09544146
46138,0.04057622,0.0138857635,0.06726667,0.05696045,0.045040768,0.093366206,0.023341551
46141,0.020286987,0.015008908,0.025565067,0.005112729,0.39523616,0.4592274,0.11480685
46143,0.026438192,0.01621469,0.036661696,0.021224132,0.44301316,0.48533884,0.12133471
46146,0.023646438,0.02183714,0.025455737,0.01638237,0.3679568,0.31898376,0.07974594
46149,0.03942356,0.02437183,0.05447529,0.036956538,0.002943039,0.032068815,0.008017204
46152,0.02495949,0.024023095,0.025895884,0.004303003,0.25696406,0.25059825,0.06264956
46155,0.039756443,0.022939155,0.056573734,0.04751107,0.724942,0.746116,0.186529
46158,0.085066795,0.02443856,0.14569502,0.08387935,0.5929696,0.54800886,0.13700221
46161,0.032259416,0.025924305,0.03859452,0.043214496,0.0048007965,0.046788234,0.011697059
46163,0.033772215,0.027984628,0.0395598,0.03070507,0.006198565,0.03561613,0.008904032
46166,0.13211553,0.032571457,0.2316596,0.16846488,1.4547191,1.7499866,0.43749666
46169,0.023405671,0.031369165,0.015442178,0.0129146995,0.36752963,0.32869017,0.08217254
46172,0.034983367,0.028594054,0.041372683,0.036182564,0.01682202,0.07055056,0.01763764
46175,0.023917964,0.030199373,0.017636552,0.0043960405,0.1687115,0.20099086,0.050247714
46178,0.102818705,0.029438628,0.17619878,0.13771744,1.1368772,1.4862756,0.3715689
46181,0.046313968,0.03410551,0.058522422,0.0051810094,0.37720296,0.45226562,0.113066405
46183,0.075465284,0.032078136,0.11885243,0.065826274,0.7901369,0.9678402,0.24196005
46186,0.057546347,0.032929387,0.082163304,0.021859013,0.016607443,0.022363191,0.005590798
46189,0.044915576,0.04681034,0.04302081,0.0013351735,0.21532027,0.23398276,0.05849569
46192,0.036210593,0.02963069,0.04279049,0.002544305,0.20563142,0.18922444,0.04730611
46195,0.08195121,0.028115993,0.13578643,0.15197521,1.034028,1.320275,0.33006874
46198,0.062347483,0.021365738,0.10332922,0.11760957,0.81920767,1.0274005,0.25685012
46201,0.03608724,0.017897902,0.054276574,0.020740386,0.4257679,0.47594783,0.11898696
46203,0.09011934,0.01752337,0.16271532,0.20071657,1.4609019,1.8317022,0.45792556
46206,0.021026403,0.022933625,0.01911918,0.0035644516,0.45818725,0.5220346,0.13050865
46209,0.030041745,0.015917933,0.044165555,0.016526507,0.36374715,0.31056163,0.07764041
46212,0.059058756,0.0139802545,0.104137264,0.072517805,0.070638746,0.19963568,0.04990892
46215,0.15365534,0.014297181,0.29301348,0.27150652,1.3066531,1.0954974,0.27387434
46218,0.052681435,0.014247204,0.091115676,0.052464206,0.9970619,1.0721749,0.26804373
46221,0.035227694,0.015106221,0.055349167,0.05271603,0.8426097,1.0320073,0.25800183
46223,0.010763503,0.01513119,0.006395815,0.0064387736,0.32440934,0.3004745,0.07511862
46226,0.04007675,0.017417565,0.06273594,0.036312673,0.8060198,0.8502161,0.21255402
46229,0.041762155,0.028795829,0.05472848,0.021078194,0.0062819324,0.02298209,0.0057455227
46232,0.06330503,0.04059521,0.086014844,0.030810693,0.044540185,0.052995473,0.013248868
46235,0.04535678,0.03365693,0.057056624,0.004119842,0.255592,0.27323818,0.068309546
46238,0.03208269,0.029422006,0.03474338,0.06353722,0.6680708,0.8574219,0.21435547
46241,0.047567774,0.04138125,0.053754296,0.06874788,0.9020893,0.90547204,0.22636801
46243,0.037917804,0.03825745,0.037578158,0.0026136555,0.14531948,0.18305306,0.045763265
46246,0.04271848,0.034407567,0.0510294,0.004631543,0.20750844,0.2010771,0.050269276
46249,0.058685347,0.026925227,0.09044547,0.074736804,0.09933535,0.206225,0.05155625
46252,0.03469866,0.025051028,0.04434629,0.012521692,0.24648857,0.30000615,0.07500154
46255,0.07362181,0.0250868,0.12215682,0.06334677,0.49629608,0.63476044,0.15869011
46258,0.025901942,0.027850738,0.023953145,0.0015534408,0.22278404,0.21648683,0.054121707
46261,0.05642012,0.030542085,0.08229816,0.06460395,1.0442858,1.162341,0.29058525
46263,0.05282429,0.03209226,0.07355631,0.01324297,0.4529451,0.57877773,0.14469443
46266,0.053887617,0.035888836,0.0718864,0.0083029615,0.1780119,0.1546517,0.038662925
46269,0.07012228,0.036052443,0.104192115,0.051333804,0.036874652,0.10297036,0.02574259
46272,0.08630637,0.041904997,0.13070774,0.10242129,1.0388119,1.0287739,0.25719348
46275,0.05647428,0.038703486,0.07424507,0.07229152,0.10988712,0.24179317,0.060448293
46278,0.04969469,0.035651118,0.063738264,0.005236605,0.21191652,0.26570812,0.06642703
46281,0.047084976,0.03739363,0.05677632,0.0026811261,0.22575861,0.263887,0.06597175
46283,0.12688404,0.026302254,0.22746582,0.13673873,1.3298432,1.7787943,0.44469857
46286,0.04413117,0.019571904,0.068690434,0.041866813,0.030088702,0.066264145,0.016566036
46289,0.020187551,0.018800825,0.021574276,0.0018334957,0.25746685,0.29669148,0.07417287
46292,0.041748345,0.024137454,0.059359234,0.05309117,0.742393,0.7619817,0.19049543
46295,0.018133543,0.02395315,0.012313936,0.0075930976,0.23982446,0.29173067,0.07293267
46298,0.024012864,0.022222912,0.025802815,0.00048474272,0.3559836,0.36393106,0.090982765
46301,0.048807193,0.020431593,0.07718279,0.0754971,0.038826507,0.11161526,0.027903816
46303,0.056919977,0.018571023,0.095268935,0.047119945,0.052244205,0.10842898,0.027107244
46306,0.030866586,0.017586187,0.044146985,0.03131345,0.02298216,0.041161727,0.010290432
46309,0.030486181,0.020376628,0.040595736,0.04329611,0.69321483,0.765038,0.1912595
46312,0.07798784,0.023015628,0.13296005,0.07053877,0.06027007,0.08629957,0.021574892
46315,0.042596146,0.030811412,0.05438088,0.02735203,0.44269553,0.52208966,0.13052242
46318,0.048571657,0.021689981,0.075453326,0.04344846,0.059589464,0.13246311,0.033115778
46321,0.038600426,0.029312944,0.04788791,0.005882632,0.12444695,0.117002405,0.029250601
46323,0.05754873,0.03608662,0.079010844,0.011478782,0.1568095,0.19577213,0.04894303
46326,0.0755325,0.075771295,0.07529372,0.066022225,0.060236055,0.04673956,0.01168489
46329,0.06922657,0.07389743,0.06455573,0.007928309,0.43436083,0.53572756,0.13393189
46332,0.045375735,0.048948873,0.04180259,0.0032054314,0.4555222,0.52534044,0.13133511
46335,0.07875323,0.03893027,0.1185762,0.06284804,0.10789418,0.22340357,0.055850893
46338,0.055731833,0.044900764,0.0665629,0.031664632,0.610871,0.69312304,0.17328076
46341,0.030908322,0.028502792,0.03331385,0.0020274993,0.19150369,0.22252046,0.055630114
46343,0.016928136,0.020783706,0.013072566,0.0024966167,0.34663868,0.35615078,0.089037694
46346,0.032510705,0.022320762,0.04270065,0.017444523,0.011376858,0.03382972,0.00845743
46349,0.05960131,0.023782173,0.09542045,0.051329285,0.07551161,0.1709702,0.04274255
46352,0.057349462,0.024025375,0.09067356,0.035407707,0.5210295,0.62813115,0.15703279
46355,0.02466734,0.023405751,0.02592893,0.0017743761,0.463125,0.50383025,0.12595756
46358,0.045775887,0.024269266,0.067282505,0.06569775,0.05525325,0.14127485,0.035318714
46361,0.08783092,0.022061758,0.15360008,0.0798325,0.58333284,0.73054457,0.18263614
46363,0.04286851,0.022672795,0.063064225,0.037497293,0.030405402,0.022874897,0.0057187243
46366,0.02003622,0.020507477,0.019564966,0.0057106763,0.14739229,0.12576048,0.03144012
46369,0.050659567,0.019936772,0.081382364,0.046373945,0.77264196,0.8270245,0.20675613
46372,0.06611766,0.019762645,0.112472676,0.07103012,0.07219299,0.057927717,0.014481929
46375,0.034801006,0.01998931,0.049612705,0.030746931,0.027769407,0.08995372,0.02248843
46378,0.032741334,0.020134022,0.045348644,0.037254788,0.4448091,0.5173458,0.12933645
46381,0.04391632,0.021003814,0.066828825,0.043726623,0.047519248,0.138362,0.0345905
46383,0.05735624,0.02075389,0.09395859,0.065529086,0.119390644,0.22694199,0.056735497
46386,0.047073018,0.022218414,0.071927615,0.07312622,0.032338936,0.1089409,0.027235225
46389,0.02517959,0.021819478,0.028539702,0.002000056,0.36859527,0.40958247,0.10239562
46392,0.071148045,0.022737771,0.11955831,0.09946064,0.074300416,0.2064141,0.051603526
46395,0.03807253,0.023475265,0.052669793,0.013561785,0.3890799,0.3505944,0.0876486
46398,0.06547585,0.025559628,0.10539207,0.06584323,1.2011147,1.3803371,0.34508428
46401,0.029860817,0.028659126,0.031062508,0.002031821,0.14726187,0.13557222,0.033893056
46403,0.028655922,0.0310529,0.02625894,0.0047115576,0.26465562,0.25964352,0.06491088
46406,0.061308265,0.034432348,0.088184185,0.12587504,1.1403369,1.1584753,0.28961882
46409,0.097128086,0.03843453,0.15582164,0.07313054,0.063262634,0.1612615,0.040315375
46412,0.040660013,0.041019578,0.040300447,0.00049698586,0.19958639,0.20669049,0.051672623
46415,0.0654741,0.044005007,0.08694319,0.053862806,0.030134281,0.06995946,0.017489865
46418,0.076047726,0.060734957,0.09136049,0.0073219608,0.20696461,0.17865382,0.044663455
46421,0.13832468,0.0897736,0.18687575,0.08728699,1.0387527,1.227223,0.30680576
46423,0.12191671,0.11634912,0.12748429,0.0012180839,0.15275395,0.15466036,0.03866509
46426,0.13717014,0.13203208,0.14230819,0.0066695637,0.21304542,0.23378368,0.05844592
46429,0.14218454,0.088097446,0.19627164,0.03958081,0.035165023,0.01848583,0.0046214573
46432,0.11946654,0.08367025,0.15526284,0.043157537,0.012006044,0.058572188,0.014643047
46435,0.13740149,0.13260649,0.14219649,0.084344365,0.5586986,0.5107514,0.12768786
46438,0.08197808,0.10048602,0.06347015,0.005855983,0.40404764,0.49416518,0.123541296
46441,0.16575731,0.09285149,0.23866315,0.07945854,0.48539972,0.4316493,0.107912324
46443,0.13710566,0.09335456,0.18085675,0.076075666,0.060440242,0.11668342,0.029170856
46446,0.10374534,0.08682865,0.12066203,0.076174356,0.7146061,0.6934104,0.1733526
46449,0.14560984,0.07684499,0.2143747,0.10540692,0.9405773,0.97785664,0.24446416
46452,0.097197026,0.07150906,0.12288499,0.008874047,0.18328492,0.21855283,0.054638207
46455,0.051385444,0.03223678,0.0705341,0.04490447,0.047418237,0.12505619,0.031264048
46458,0.06004115,0.03333405,0.08674825,0.06262102,0.872664,0.89754725,0.22438681
46461,0.05274166,0.046441358,0.059041966,0.04584198,0.5027135,0.49288425,0.12322106
46463,0.107415855,0.047351908,0.1674798,0.08009619,1.0156646,1.1794182,0.29485455
46466,0.07702383,0.05448578,0.09956187,0.033763405,0.026811918,0.054140553,0.013535138
46469,0.083539665,0.069554314,0.09752502,0.02599282,0.021120548,0.04168403,0.010421008
46472,0.08114851,0.06631703,0.09598001,0.02890682,0.52175444,0.5879521,0.14698802
46475,0.12494614,0.07495067,0.1749416,0.058476444,0.89965504,0.9496811,0.23742028
46478,0.09318795,0.09082269,0.0955532,0.0011786546,0.5211846,0.54291844,0.13572961
46481,0.07001796,0.07596361,0.06407232,0.0015285624,0.2343446,0.26841676,0.06710419
46483,0.08390581,0.08972017,0.078091435,0.0016111628,0.15411766,0.17780967,0.044452418
46486,0.10605105,0.07422658,0.13787551,0.055490345,0.09479475,0.17867208,0.04466802
46489,0.08726183,0.048924077,0.12559961,0.06867849,0.90231925,0.91065997,0.22766499
46492,0.057550162,0.059242714,0.055857614,0.005678963,0.20194547,0.17818278,0.044545695
46495,0.05178669,0.055253502,0.048319887,0.0014639018,0.23981933,0.26536718,0.066341795
46498,0.14225519,0.04823884,0.23627155,0.14333212,1.3501467,1.7887859,0.44719648
46501,0.058798213,0.052220564,0.06537586,0.006393531,0.4091575,0.3843077,0.09607693
46503,0.07585487,0.050317943,0.10139179,0.058156844,0.057704765,0.11620968,0.02905242
46506,0.07567138,0.05585506,0.095487714,0.0480872,0.07875808,0.18153135,0.04538284
46509,0.08584952,0.06851626,0.10318277,0.011080061,0.2335124,0.28090787,0.07022697
46512,0.113328755,0.07781214,0.14884537,0.029808665,0.016872087,0.070388615,0.017597154
46515,0.07572872,0.09697858,0.054478858,0.013063998,0.41368183,0.37300476,0.09325119
46518,0.15275691,0.10981417,0.19569965,0.015453712,0.44223848,0.5536934,0.13842335
46521,0.10810909,0.09990493,0.11631324,0.05345431,0.4603982,0.44258597,0.110646494
46523,0.083608665,0.09886259,0.068354756,0.005011982,0.3211875,0.39911833,0.09977958
46526,0.12049984,0.11100646,0.12999322,0.046952236,0.78483874,0.8961918,0.22404794
46529,0.14868246,0.1153265,0.18203843,0.06907598,1.1637526,1.2462624,0.3115656
46532,0.16268913,0.108267546,0.21711071,0.026480058,0.4586151,0.39293846,0.098234616
46535,0.1682853,0.13273081,0.20383978,0.05954768,0.037752073,0.09489712,0.02372428
46538,0.203589,0.13227665,0.27490136,0.11238021,0.03220002,0.13591117,0.03397779
46541,0.11394132,0.10336524,0.1245174,0.002297265,0.14064808,0.15595472,0.03898868
46543,0.124203265,0.0935001,0.15490642,0.030107304,0.6385067,0.68900895,0.17225224
46546,0.10090522,0.07941117,0.12239927,0.011913237,0.2699821,0.23327506,0.058318764
46549,0.061621398,0.05570555,0.06753724,0.006857732,0.14182599,0.11314692,0.02828673
46552,0.055672925,0.041882902,0.06946295,0.06789693,0.055953503,0.15025543,0.037563857
46555,0.06372789,0.043819025,0.08363676,0.026759693,0.024435997,0.08209075,0.020522688
46558,0.03880766,0.03682782,0.0407875,0.02392462,0.45741352,0.5016815,0.12542038
46561,0.10250188,0.0377384,0.16726536,0.08279698,0.75982875,0.733022,0.1832555
46563,0.0646491,0.035774734,0.093523465,0.020236487,0.33795992,0.28614,0.071535
46566,0.039341,0.035790633,0.042891365,0.021636933,0.024639288,0.042739928,0.010684982
46569,0.11539331,0.040535707,0.19025092,0.074223384,0.09345881,0.115796804,0.028949201
46572,0.1205692,0.05549628,0.18564212,0.062850885,0.070463814,0.11276608,0.02819152
46575,0.043752372,0.04869789,0.038806856,0.0009967121,0.13290043,0.122003146,0.030500786
46578,0.045669477,0.03018351,0.06115544,0.026888028,0.48139334,0.5312271,0.13280678
46581,0.0658342,0.029973201,0.10169521,0.043056417,0.036768276,0.08031616,0.02007904
46583,0.03127714,0.030646065,0.031908214,0.021539835,0.42443052,0.45566878,0.113917194
46586,0.12671214,0.05046865,0.20295565,0.08741876,0.7726388,0.94762343,0.23690586
46589,0.08552214,0.047237772,0.1238065,0.037843388,0.029634476,0.03264548,0.00816137
46592,0.055309877,0.0490748,0.061544955,0.0045129936,0.13975589,0.121581934,0.030395484
46595,0.050167978,0.046904292,0.05343166,0.030951142,0.02611351,0.059381437,0.014845359
46598,0.04156455,0.0448366,0.0382925,0.0019063177,0.35421017,0.37609482,0.094023705
46601,0.041247144,0.038277447,0.04421684,0.0023091105,0.36682224,0.41819584,0.10454896
46603,0.05757329,0.02045942,0.09468716,0.06565056,1.0722358,1.2892426,0.32231066
46606,0.020751135,0.01786555,0.023636723,0.0068805926,0.3069941,0.34800327,0.08700082
46609,0.031667903,0.019136308,0.044199497,0.04860956,0.7759126,0.83760613,0.20940153
46612,0.030726997,0.027043262,0.03441073,0.0012146606,0.16500776,0.17546189,0.043865472
46615,0.08298586,0.066595174,0.09937655,0.008084762,0.28455028,0.26401755,0.06600439
46618,0.06760298,0.056163985,0.079041965,0.024582261,0.049355347,0.08334843,0.020837108
46621,0.062759645,0.051286727,0.07423257,0.0058934446,0.21521537,0.21196888,0.05299222
46623,0.062988974,0.05185477,0.074123174,0.03966373,0.058194082,0.13157964,0.03289491
46626,0.14041868,0.07935598,0.20148139,0.065067045,0.060162663,0.07720363,0.019300908
46629,0.111762784,0.08845126,0.13507432,0.0067962795,0.14802139,0.1765513,0.044137824
46632,0.0462358,0.03651623,0.055955365,0.058991183,0.056907177,0.062471423,0.015617856
46635,0.047079105,0.025242383,0.06891584,0.07238337,0.8100209,0.7987421,0.19968553
46638,0.11152008,0.022193208,0.20084696,0.1324953,1.2755946,1.6023268,0.4005817
46641,0.042681914,0.022838876,0.062524945,0.03505742,0.038613837,0.06515377,0.016288443
46643,0.075247146,0.018058838,0.13243546,0.09810858,1.2496952,1.3352572,0.3338143
46646,0.13771205,0.023550315,0.25187376,0.17526911,1.5989623,1.9512019,0.48780048
46649,0.055713143,0.02109958,0.090326704,0.06008346,0.016355038,0.07517945,0.018794863
46652,0.04241879,0.027220732,0.05761685,0.025523886,0.0078055062,0.036262583,0.009065646
46655,0.042650763,0.011083019,0.074218504,0.08149665,1.2792835,1.5425237,0.38563094
46658,0.054116596,0.008571898,0.09966129,0.11349225,0.9007643,0.87053126,0.21763282
46661,0.031150505,0.008328311,0.053972702,0.04236549,0.048597176,0.11230501,0.028076252
46663,0.03026261,0.008198472,0.05232675,0.030681714,0.028299332,0.028557599,0.0071393996
46666,0.08343466,0.0075686076,0.1593007,0.1311665,1.1278375,1.3401098,0.33502746
46669,0.043978166,0.0072998926,0.08065643,0.07275265,0.09860817,0.17098252,0.04274563
46672,0.071769185,0.0069014262,0.13663694,0.10670451,1.2620772,1.5454108,0.3863527
46675,0.02005376,0.006729649,0.03337787,0.03489619,0.033819675,0.052570987,0.013142747
46678,0.092432685,0.006233239,0.17863214,0.14688995,1.4254714,1.747324,0.436831
46681,0.04542391,0.006014634,0.08483318,0.0983738,0.8825078,0.837117,0.20927925
46683,0.007980836,0.0057748877,0.010186783,0.0011088541,0.1490186,0.15825295,0.03956324
46686,0.019479044,0.005657334,0.033300754,0.036463533,0.3665433,0.36137593,0.09034398
46689,0.08587628,0.005849546,0.16590302,0.19565241,1.2684501,1.7133279,0.42833197
46692,0.038149886,0.0064089727,0.0698908,0.054548383,0.03822295,0.03272271,0.008180678
46695,0.07681736,0.006908104,0.14672662,0.10958133,0.57884496,0.49708366,0.124270916
46698,0.009897698,0.007991016,0.0118043795,0.0019310601,0.34648442,0.34360388,0.08590097
46701,0.05912528,0.009723347,0.10852721,0.12732686,0.8416404,1.1245463,0.28113657
46703,0.026466057,0.010819651,0.04211246,0.025803626,0.023930391,0.05834313,0.014585783
46706,0.03313529,0.01212233,0.054148246,0.03448884,0.043798286,0.10021875,0.025054688
46709,0.024877207,0.017345356,0.03240906,0.004403528,0.34059384,0.41577193,0.10394298
46712,0.12642534,0.027300969,0.2255497,0.16554405,1.62252,1.9195598,0.47988996
46715,0.04604734,0.03583989,0.056254786,0.024038738,0.36417612,0.40664026,0.101660065
46718,0.061895486,0.043625772,0.0801652,0.027469292,0.023459276,0.049838543,0.012459636
46721,0.07246571,0.054010678,0.09092075,0.041429013,0.027667841,0.056176182,0.0140440455
46723,0.07093904,0.061334122,0.08054397,0.028653568,0.03967762,0.08061849,0.020154623
46726,0.12866908,0.06947606,0.1878621,0.09532406,0.81184465,0.9096458,0.22741145
46729,0.122782044,0.07433444,0.17122965,0.08928481,1.5396508,1.7006181,0.42515454
46732,0.11852628,0.0778228,0.15922976,0.06594925,0.057708103,0.18009625,0.045024063
46735,0.0968,0.08113937,0.112460636,0.036009286,0.6182787,0.6879323,0.17198308
46738,0.090801716,0.08423436,0.09736908,0.0434799,0.043494225,0.12765552,0.03191388
46741,0.103951715,0.087659635,0.12024378,0.06469195,0.057317417,0.13730095,0.03432524
46743,0.105586894,0.089490466,0.12168333,0.064911254,0.04239893,0.12830576,0.03207644
46746,0.12161749,0.09218093,0.15105404,0.065959625,1.2548698,1.4135555,0.35338888
46749,0.103035666,0.09492564,0.1111457,0.034061022,0.02855587,0.050655667,0.012663917
46752,0.14210005,0.09700853,0.18719156,0.10346642,0.88528377,0.87052184,0.21763046
46755,0.15249199,0.053078335,0.25190565,0.19237071,1.0839201,1.034872,0.258718
46758,0.040838707,0.049839836,0.03183758,0.0055711786,0.26271024,0.25183907,0.06295977
46761,0.0734207,0.055529177,0.09131223,0.0065477896,0.30326775,0.3847364,0.0961841
46763,0.090070136,0.057132464,0.12300781,0.0749921,1.4676541,1.6459368,0.4114842
46766,0.04713886,0.055635218,0.0386425,0.0024361534,0.2403105,0.2548178,0.06370445
46769,0.098965764,0.05194035,0.14599119,0.06925816,1.0886922,1.2094139,0.30235347
46772,0.086319566,0.055519853,0.117119275,0.07426835,0.021804651,0.087575644,0.021893911
46775,0.1556964,0.059758645,0.25163418,0.093900375,0.6542036,0.6325957,0.15814893
46778,0.09386382,0.060442436,0.1272852,0.030580765,0.04544906,0.10595495,0.026488738
46781,0.07309396,0.054951925,0.09123599,0.025934948,0.039412897,0.06813809,0.017034523
46783,0.05554071,0.047366798,0.063714616,0.033084758,0.719672,0.77232295,0.19308074
46786,0.05336163,0.032952484,0.07377077,0.08855612,1.1320674,1.2933917,0.32334793
46789,0.06388325,0.03201988,0.09574663,0.055868536,0.033786137,0.11409894,0.028524734
46792,0.054639142,0.028395848,0.08088243,0.0608208,0.991975,1.1917585,0.29793963
46795,0.04617257,0.02114804,0.0711971,0.048082214,0.059760254,0.09549775,0.023874437
46798,0.022577815,0.023286477,0.021869153,0.057729494,0.43120384,0.52376866,0.13094217
46801,0.022615895,0.023404405,0.021827383,0.005944501,0.43983045,0.48250577,0.12062644
46803,0.06357323,0.019317783,0.10782867,0.15828995,1.7229862,1.9460968,0.4865242
46806,0.10106721,0.046993513,0.15514089,0.09380623,0.65789574,0.80549335,0.20137334
46809,0.09342361,0.055417325,0.13142991,0.020091182,0.15410773,0.20108594,0.050271485
46812,0.068457834,0.036041837,0.10087383,0.030700518,0.04182275,0.043112922,0.010778231
46815,0.046370137,0.04636414,0.04637614,0.0016951705,0.42477784,0.45558092,0.11389523
46818,0.108540736,0.06413273,0.15294872,0.021388935,0.3175416,0.42276523,0.10569131
46821,0.06072816,0.0439084,0.077547915,0.033103622,0.5724161,0.61055773,0.15263943
46823,0.02659017,0.031511318,0.021669025,0.0017182309,0.4138322,0.4140474,0.10351185
46826,0.04664235,0.022012703,0.07127199,0.029003635,0.5308092,0.6024309,0.15060772
46829,0.052900914,0.02015932,0.08564251,0.045211554,0.58939964,0.66440874,0.16610219
46832,0.024231054,0.021843912,0.026618196,0.0062784026,0.35102955,0.44311705,0.11077926
46835,0.16352703,0.023292819,0.3037612,0.19452392,1.0234851,0.9614785,0.24036962
46838,0.035800084,0.023263067,0.048337102,0.021535903,0.39317974,0.3329772,0.0832443
46841,0.034334745,0.02167662,0.04699287,0.011770286,0.20764637,0.24277525,0.06069381
46843,0.0391958,0.022342706,0.05604889,0.03422116,0.016099771,0.05769858,0.014424645
46846,0.02884365,0.021741645,0.035945658,0.010972112,0.45437264,0.5821831,0.14554578
46849,0.104220904,0.021531323,0.1869105,0.11028886,0.9559784,1.1720563,0.29301408
46852,0.030391514,0.02210685,0.038676176,0.005174653,0.4663291,0.5630333,0.14075832
46855,0.023157483,0.024135193,0.02217977,0.0012195905,0.29903397,0.30388567,0.07597142
46858,0.031042302,0.023530046,0.03855456,0.0040996037,0.29473785,0.36248302,0.090620756
46861,0.025265547,0.02782256,0.022708535,0.0025643918,0.12973599,0.1303495,0.032587375
46863,0.04158533,0.027153544,0.056017116,0.08251659,0.07115682,0.16536897,0.041342244
46866,0.08434436,0.027770938,0.14091778,0.12203332,1.1210907,1.1584178,0.28960446
46869,0.039215382,0.0274062,0.05102456,0.083506815,0.38891026,0.30600724,0.07650181
46872,0.02277259,0.02384226,0.021702923,0.0007857241,0.28247705,0.2984061,0.07460152
46875,0.023465343,0.025950328,0.020980358,0.001590658,0.40919933,0.42047778,0.105119444
46878,0.11036769,0.027348047,0.19338734,0.10435989,0.9684491,0.95872563,0.23968141
46881,0.039021183,0.026772425,0.051269945,0.072526775,1.3174381,1.4559298,0.36398244
46883,0.046490803,0.02733516,0.06564645,0.0104578165,0.3962123,0.491587,0.12289675
46886,0.032494217,0.02559127,0.039397165,0.022877922,0.025648952,0.050526936,0.012631734
46889,0.021277035,0.02709519,0.015458882,0.0047657345,0.22181623,0.25724956,0.06431239
46892,0.04213978,0.011970051,0.0723095,0.056107838,0.029459318,0.10708159,0.026770398
46895,0.05965772,0.010301908,0.10901353,0.090353906,0.080129,0.25674608,0.06418652
46898,0.04079889,0.010636087,0.07096169,0.041902438,0.47572276,0.5838658,0.14596646
46901,0.06929673,0.009685068,0.1289084,0.11442393,0.779524,1.0500995,0.26252487
46903,0.025485106,0.021262163,0.029708048,0.0010594522,0.2840669,0.30416268,0.07604067
46906,0.04520497,0.029715667,0.060694277,0.010311906,0.15151264,0.13403355,0.033508386
46909,0.05707701,0.022430262,0.09172376,0.07046072,0.079057015,0.18899035,0.04724759
46912,0.07452759,0.027282203,0.12177298,0.06960222,0.5091507,0.48099613,0.12024903
46915,0.048095718,0.020846764,0.075344674,0.03426212,0.03978941,0.047198474,0.011799619
46918,0.025480576,0.01683746,0.03412369,0.008142482,0.33825496,0.33302334,0.083255835
46921,0.051264077,0.017804308,0.08472385,0.08698287,0.7432249,0.6986892,0.1746723
46923,0.08642951,0.021287253,0.15157177,0.09422686,0.40374124,0.33213794,0.083034486
46926,0.039044227,0.024165696,0.05392276,0.022253303,0.029952982,0.041107822,0.010276956
46929,0.054667074,0.033085465,0.07624868,0.030921241,0.037363123,0.04953785,0.012384462
46932,0.06651451,0.03601285,0.09701616,0.09867344,0.91003495,0.8923609,0.22309023
46935,0.03854252,0.038612854,0.038472187,0.009002853,0.29031134,0.26067758,0.065169394
46938,0.054327697,0.03854512,0.07011027,0.04300354,0.744853,0.858607,0.21465175
46940,0.07009629,0.04715078,0.0930418,0.06432351,0.066466376,0.17695646,0.044239115
46943,0.08642787,0.047160555,0.12569518,0.10587194,1.5174834,1.4916817,0.37292042
46946,0.102618255,0.053334862,0.15190166,0.07637772,0.51971155,0.47583136,0.11895784
46949,0.050706964,0.062573664,0.038840268,0.015764946,0.37096763,0.48577523,0.12144381
46952,0.12639104,0.061485797,0.19129626,0.112714015,0.5270969,0.4376228,0.1094057
46955,0.060768783,0.062437292,0.059100274,0.011833311,0.34828505,0.30570814,0.076427035
46958,0.2085542,0.08834054,0.32876787,0.20182733,1.5181222,1.8798078,0.46995196
46960,0.08331415,0.08809322,0.07853507,0.0027952518,0.14451583,0.1605316,0.0401329
46963,0.06752861,0.06694985,0.06810737,0.0044074073,0.30189082,0.30265096,0.07566274
46966,0.08933246,0.081408955,0.097255975,0.004389347,0.13536103,0.124215774,0.031053944
46969,0.08698367,0.08793831,0.08602903,0.002729306,0.46668577,0.45818385,0.11454596
46972,0.12836377,0.10428097,0.15244658,0.06773222,1.6149468,1.7184585,0.42961463
46975,0.11944699,0.12011862,0.118775375,0.00047403993,0.23290618,0.23061593,0.057653982
46978,0.13496576,0.14605398,0.123877525,0.0033162488,0.28312647,0.32493627,0.08123407
46980,0.15608124,0.15144633,0.16071616,0.004188402,0.32284656,0.3327506,0.08318765
46983,0.1616342,0.14805238,0.17521603,0.0365975,0.49592495,0.4953928,0.1238482
46986,0.17369127,0.12509571,0.22228684,0.14485815,0.98857087,0.9181698,0.22954245
46989,0.14933105,0.14585184,0.15281026,0.037369687,0.33478785,0.32395795,0.08098949
46992,0.14563787,0.16319735,0.12807839,0.11925881,0.100883804,0.06376532,0.01594133
46995,0.1847528,0.17823398,0.19127162,0.0850677,0.6070798,0.5858448,0.1464612
46998,0.25377595,0.2565007,0.25105122,0.11169771,0.9699693,1.2498144,0.3124536
47000,0.20931973,0.20958252,0.20905693,0.0031429396,0.20717673,0.23349516,0.05837379
47003,0.23048103,0.20252828,0.2584338,0.006418448,0.20199674,0.1864097,0.046602424
47006,0.12807298,0.14553742,0.11060854,0.0031558473,0.21673596,0.26403174,0.066007935
47009,0.1464227,0.13622308,0.15662234,0.001131836,0.18750589,0.1936719,0.048417974
47012,0.16907787,0.13911557,0.19904016,0.039244447,0.8532624,0.9234657,0.23086643
47015,0.12040097,0.11078671,0.13001524,0.033286005,0.58826,0.61103636,0.15275909
47018,0.09333432,0.09624311,0.09042551,0.08938169,0.9880504,1.2760386,0.31900966
47020,0.09754962,0.08645568,0.10864354,0.105457164,0.86809117,1.0888594,0.27221486
47023,0.09148345,0.07628729,0.10667962,0.043425005,0.025012175,0.06698797,0.016746992
47026,0.08285963,0.057178587,0.10854066,0.01482045,0.29169962,0.23738259,0.059345648
47029,0.09408695,0.044756353,0.14341755,0.10164442,0.1682318,0.25910127,0.06477532
47032,0.04311056,0.040388905,0.045832213,0.050771695,0.7555589,0.8886058,0.22215144
47035,0.058954906,0.036922034,0.08098778,0.026004186,0.01925818,0.03238386,0.008095965
47038,0.038591746,0.03018404,0.04699945,0.025882045,0.021763006,0.035684317,0.008921079
47040,0.055426616,0.025384838,0.08546839,0.08827633,1.2892094,1.5611153,0.39027882
47043,0.025332121,0.023167888,0.027496353,0.0010782534,0.4275414,0.44598612,0.11149653
47046,0.027470062,0.021391692,0.03354843,0.004308145,0.55214673,0.61636925,0.15409231
47049,0.02584407,0.025088131,0.026600009,0.00049266283,0.30123267,0.31241074,0.078102686
47052,0.037309173,0.022727402,0.051890943,0.04464683,0.03765027,0.07923389,0.019808473
47055,0.04709384,0.018735867,0.07545181,0.05108361,0.064298786,0.11585042,0.028962605
47058,0.06748306,0.021844417,0.113121696,0.102686346,0.7552969,0.7267442,0.18168604
47060,0.042493034,0.022767574,0.0622185,0.05940476,0.065309204,0.08699777,0.021749442
47063,0.018703876,0.020632004,0.016775748,0.0006951087,0.24554992,0.2583448,0.0645862
47066,0.020349728,0.020297887,0.02040157,0.00038850462,0.1553645,0.15511326,0.038778316
47069,0.050763544,0.022814723,0.07871237,0.06138563,0.045846146,0.07673165,0.019182913
47072,0.024273045,0.025723448,0.022822643,0.0043563903,0.48816428,0.55318993,0.13829748
47075,0.03345206,0.028079621,0.038824495,0.00507851,0.2875547,0.24790652,0.06197663
47078,0.02805686,0.028548328,0.02756539,0.00054527074,0.24079959,0.23177482,0.057943705
47080,0.028940953,0.029680952,0.028200954,0.0015569351,0.362456,0.37746644,0.09436661
47083,0.15221645,0.033587147,0.27084574,0.17982416,1.2658275,1.714712,0.428678
47086,0.0715482,0.035116706,0.10797971,0.046325963,0.040224075,0.04572613,0.011431533
47089,0.033252303,0.035540715,0.030963896,0.0015523982,0.2151583,0.20292409,0.050731022
47092,0.05977639,0.055779397,0.063773386,0.04172608,0.033699036,0.049092054,0.012273014
47095,0.09671411,0.08325125,0.11017696,0.09750301,0.05825929,0.1855826,0.04639565
47098,0.2031933,0.08575962,0.320627,0.16739945,0.7838807,0.70248157,0.17562039
47100,0.15362404,0.06171426,0.24553381,0.105247,0.0706993,0.10545155,0.026362887
47103,0.06796455,0.074597485,0.06133161,0.0026851315,0.2771511,0.32578072,0.08144518
47106,0.089720674,0.07695638,0.10248498,0.03368381,0.027708054,0.04907297,0.012268242
47109,0.106126904,0.09350169,0.11875213,0.024805164,0.041497707,0.07332312,0.01833078
47112,0.0757831,0.06248765,0.08907855,0.0037934706,0.18664336,0.16513042,0.041282605
47115,0.078613915,0.0551001,0.10212773,0.007868224,0.27933964,0.32946265,0.08236566
47118,0.058698058,0.05748712,0.059908997,0.0018675352,0.17117055,0.19738095,0.049345236
47120,0.057984073,0.0644873,0.05148084,0.0017881393,0.19224487,0.2237285,0.055932123
47123,0.10769097,0.069580324,0.1458016,0.06634382,0.04280424,0.097201936,0.024300484
47126,0.077364855,0.07554341,0.07918628,0.0008009498,0.22710764,0.24265938,0.060664844
47129,0.047893334,0.047381267,0.048405398,0.0013705665,0.3843342,0.41807878,0.104519695
47132,0.048588533,0.041768286,0.05540878,0.020397855,0.43297878,0.4627351,0.11568377
47135,0.03727052,0.035025727,0.039515313,0.024654506,0.46680585,0.52418345,0.13104586
47138,0.05268244,0.02563407,0.07973081,0.0300303,0.021909714,0.045815054,0.011453764
47140,0.027630702,0.024495171,0.030766228,0.0014328932,0.23476999,0.25246808,0.06311702
47143,0.0706541,0.01806275,0.123245455,0.060716156,0.030377546,0.07577392,0.01894348
47146,0.013177388,0.013651815,0.012702961,0.0009848723,0.18985443,0.19532724,0.04883181
47149,0.044388358,0.011469836,0.07730688,0.07144133,0.09948158,0.17650564,0.04412641
47152,0.028215997,0.010909443,0.045522552,0.041170504,0.044122696,0.12932163,0.03233041
47155,0.030362576,0.010925212,0.049799938,0.05021116,1.1500791,1.2092376,0.3023094
47158,0.009851816,0.011158735,0.008544897,0.008419208,0.31459427,0.3478837,0.086970925
47160,0.014253468,0.011605133,0.016901804,0.001986306,0.16477768,0.19631934,0.049079835
47163,0.029566243,0.013047091,0.0460854,0.03643686,0.03919347,0.08185694,0.020464236
47166,0.018124478,0.016549686,0.01969927,0.0011310816,0.402591,0.4063826,0.10159565
47169,0.014912781,0.01590775,0.013917815,0.0004912719,0.29006767,0.2943457,0.07358643
47172,0.019355569,0.018131617,0.02057952,0.00074231095,0.27901503,0.2763237,0.06908093
47175,0.026272977,0.014252904,0.038293052,0.059185505,0.82144594,0.8315461,0.20788653
47178,0.021881795,0.012989727,0.030773861,0.015284886,0.41418564,0.35745612,0.08936403
47180,0.020309217,0.014159982,0.026458452,0.025239492,0.02798748,0.05157304,0.01289326
47183,0.07719228,0.018218309,0.13616624,0.090625376,0.09220123,0.20197637,0.050494093
47186,0.016265042,0.01568201,0.016848072,0.00046896897,0.14614724,0.14813991,0.037034977
47189,0.06272609,0.02066795,0.10478423,0.12556727,0.9706127,1.3152553,0.32881382
47192,0.03700095,0.01910418,0.054897714,0.048969734,0.39673936,0.50479805,0.12619951
47195,0.09638196,0.023295393,0.16946852,0.11709639,1.239447,1.3224672,0.3306168
47198,0.053324237,0.028869284,0.077779196,0.058995795,0.8147351,0.85759974,0.21439993
47200,0.04027142,0.032644548,0.047898293,0.038831767,0.40566698,0.39369097,0.09842274
47203,0.038395192,0.03828362,0.038506765,0.002191351,0.12797911,0.12215228,0.03053807
47206,0.07766651,0.04200321,0.113329805,0.15941411,1.0401696,1.4228836,0.3557209
47209,0.06392608,0.043297697,0.084554456,0.08256,1.0146128,1.2757288,0.3189322
47212,0.08889849,0.047703285,0.1300937,0.1368993,0.8321223,1.1342913,0.28357282
47215,0.061300367,0.048582345,0.0740184,0.06311952,0.4927709,0.6278649,0.15696622
47218,0.105266444,0.053509295,0.1570236,0.1160265,1.1426013,1.5177692,0.3794423
47220,0.08789569,0.058474094,0.11731728,0.04699227,0.71410745,0.75508064,0.18877016
47223,0.10284638,0.060153652,0.14553909,0.12460024,0.08865821,0.27198264,0.06799566
47226,0.06958202,0.071085565,0.06807848,0.0020961696,0.36373365,0.36059275,0.09014819
47229,0.068204425,0.075088225,0.06132062,0.0014307909,0.3244904,0.35256135,0.08814034
47232,0.065601245,0.07291543,0.058287065,0.0039754547,0.27418742,0.2604349,0.065108724
47235,0.22829418,0.08263425,0.3739541,0.15866494,0.1309808,0.094441354,0.023610339
47238,0.10116928,0.0717232,0.13061535,0.05955073,0.6537447,0.7896034,0.19740085
47240,0.07500828,0.072087936,0.077928625,0.0017149219,0.4857801,0.5190792,0.1297698
47243,0.07253298,0.058140174,0.08692578,0.048134197,0.77828807,0.9244327,0.23110817
47246,0.060452726,0.064052105,0.056853343,0.050635476,0.04293887,0.12872116,0.03218029
47249,0.07562004,0.0678596,0.08338048,0.049117982,1.0357566,1.1419936,0.2854984
47252,0.06730964,0.07406706,0.06055222,0.10496085,0.062859215,0.06728947,0.016822368
47255,0.09432716,0.062377706,0.12627661,0.08922628,1.0889713,1.1747061,0.29367653
47258,0.09876529,0.06227679,0.13525379,0.13915904,1.3820826,1.611404,0.402851
47260,0.075831,0.06310681,0.088555194,0.0037787484,0.3925941,0.46439853,0.11609963
47263,0.036915034,0.048834812,0.024995258,0.0054273657,0.32288218,0.37126568,0.09281642
47266,0.053340245,0.05643112,0.05024938,0.002209206,0.22628172,0.25139877,0.06284969
47269,0.098597586,0.05045293,0.14674224,0.07824101,0.026409945,0.09792284,0.02448071
47272,0.09661633,0.022774378,0.17045827,0.093764365,1.2655252,1.6105384,0.4026346
47275,0.015283872,0.012366332,0.018201413,0.0091789765,0.43192115,0.5532768,0.1383192
47278,0.0122291995,0.01270553,0.011752867,0.0019931903,0.15037414,0.18107109,0.045267772
47280,0.06017578,0.011951625,0.108399935,0.06442601,0.5176947,0.66367686,0.16591921
47283,0.046520263,0.012199998,0.08084052,0.056046326,0.060361385,0.15619865,0.039049663
47286,0.025592541,0.024799606,0.026385473,0.0055308756,0.31790528,0.3515605,0.087890126
47289,0.052076384,0.036465082,0.06768768,0.06323737,0.47106317,0.42540196,0.10635049
47292,0.047411244,0.029582629,0.065239854,0.022001853,0.041117597,0.05222245,0.013055612
47295,0.07259252,0.039454848,0.1057302,0.08233595,1.483468,1.5459944,0.3864986
47298,0.10554838,0.04226072,0.16883604,0.07276533,0.009436171,0.07892024,0.01973006
47300,0.054314334,0.031045454,0.077583216,0.09234377,0.7917795,1.0496403,0.26241007
47303,0.047700092,0.022380373,0.07301981,0.031384427,0.035655815,0.09562231,0.023905577
47306,0.023992008,0.013646938,0.034337077,0.032313365,0.5693763,0.6665165,0.16662912
47309,0.08162897,0.011627279,0.15163065,0.111198545,1.2961217,1.5992613,0.39981532
47312,0.019527549,0.0148732,0.024181897,0.0030468293,0.30462167,0.33015072,0.08253768
47315,0.054265928,0.018417057,0.090114795,0.05405441,0.04793058,0.07079134,0.017697835
47318,0.05464444,0.011485975,0.09780291,0.07158429,0.062170345,0.173662,0.0434155
47320,0.03333297,0.009474961,0.057190973,0.07643267,0.06341267,0.04872859,0.012182147
47323,0.008916583,0.010448705,0.0073844604,0.008662059,0.4411099,0.53980035,0.13495009
47326,0.022182116,0.010468408,0.033895824,0.0249551,0.46779713,0.5071983,0.12679957
47329,0.01497955,0.009048253,0.020910846,0.0042751036,0.13966982,0.13169572,0.03292393
47332,0.07171352,0.0077509894,0.13567606,0.09190899,0.61237717,0.5517183,0.13792957
47335,0.023099752,0.0067431866,0.03945632,0.027350098,0.026165009,0.055558357,0.013889589
47338,0.10208505,0.0065471395,0.19762295,0.1531906,1.5106012,1.8872141,0.47180352
47340,0.0125167295,0.008190782,0.016842678,0.005516961,0.25980172,0.25036442,0.062591106
47343,0.012573529,0.005954336,0.019192724,0.019923346,0.027281126,0.042350095,0.010587524
47346,0.021548316,0.005842287,0.037254345,0.034702223,0.038377922,0.08974131,0.022435328
47349,0.069334775,0.006127773,0.13254178,0.13822623,1.319002,1.7392904,0.4348226
47352,0.005832329,0.0061441325,0.005520525,0.0005840905,0.2562174,0.2642893,0.06607232
47355,0.030047385,0.00599478,0.05409999,0.069749825,0.062420208,0.15262958,0.038157396
47358,0.0065483213,0.006258247,0.006838396,0.0075078667,0.19396307,0.15616426,0.039041065
47360,0.009943771,0.0069374493,0.012950093,0.0025638656,0.5006881,0.5059343,0.12648357
47363,0.054851595,0.0057672523,0.103935935,0.08340535,0.07144836,0.19776364,0.04944091
47366,0.059177812,0.00816808,0.11018754,0.0839952,1.0725201,1.1256741,0.28141853
47369,0.06045015,0.005951812,0.11494849,0.08730837,0.06723531,0.044950087,0.011237522
47372,0.0053831586,0.0067073256,0.0040589925,0.00172697,0.39606193,0.42900538,0.107251346
47375,0.0062102103,0.0076378756,0.0047825444,0.0017757694,0.22060786,0.22360516,0.05590129
47378,0.05104506,0.0071138553,0.09497627,0.113830924,1.2328092,1.2857854,0.32144636
47380,0.051510606,0.005702764,0.09731845,0.07983341,1.0725785,1.3200681,0.33001703
47383,0.03464432,0.0069125555,0.062376086,0.05461861,0.71252316,0.87801105,0.21950276
47386,0.03370494,0.009648083,0.057761792,0.0537373,0.8661428,1.0435888,0.2608972
47389,0.04602621,0.0072141797,0.08483824,0.088225506,1.1370956,1.2996439,0.32491097
47392,0.053392753,0.01120972,0.09557579,0.056549896,0.048128407,0.044446457,0.011111614
47395,0.045741122,0.022219969,0.06926227,0.050386906,0.061456155,0.14595911,0.036489777
47398,0.020393653,0.010752968,0.030034339,0.007055486,0.33890867,0.32052603,0.08013151
47400,0.0065210224,0.010124634,0.0029174108,0.0054130442,0.2381248,0.29800755,0.07450189
47403,0.028322672,0.011225971,0.04541937,0.03480323,0.55279636,0.5999305,0.14998263
47406,0.03243843,0.00942146,0.055455405,0.03920778,0.4781095,0.47123602,0.117809005
47409,0.022059135,0.013545681,0.030572591,0.006139996,0.16517316,0.141921,0.03548025
47412,0.035835534,0.016111111,0.05555996,0.06651771,0.06774998,0.05922116,0.01480529
47415,0.044368763,0.0127582,0.07597932,0.06883043,0.041435916,0.12824973,0.032062434
47418,0.03507368,0.024779817,0.04536754,0.039370622,0.68381435,0.8090339,0.20225847
47420,0.02053752,0.021711767,0.019363271,0.0043202345,0.46813074,0.45596448,0.11399112
47423,0.059477627,0.03527397,0.083681285,0.048658583,0.0632604,0.114665516,0.028666379
47426,0.05878432,0.028661497,0.088907145,0.044933777,0.64240545,0.64605755,0.16151439
47429,0.081594,0.030050725,0.13313727,0.07307693,0.71958417,0.7231495,0.18078737
47432,0.048720207,0.03000923,0.06743118,0.02285689,0.020105997,0.05834863,0.014587157
47435,0.10862582,0.029097542,0.1881541,0.19158347,1.2865399,1.2181206,0.30453014
47438,0.034677003,0.038765844,0.030588163,0.0020332756,0.22205918,0.25598422,0.063996054
47440,0.09803,0.044792335,0.15126766,0.13690951,1.1741937,1.1030978,0.27577445
47443,0.041167144,0.03317272,0.049161572,0.011555492,0.32296386,0.3837801,0.09594502
47446,0.040800303,0.04100414,0.040596467,0.001684199,0.16111326,0.15645395,0.039113488
47449,0.0513979,0.04792373,0.054872066,0.00086154696,0.37590232,0.38670382,0.096675955
47452,0.0931226,0.052170116,0.13407509,0.05976227,0.046634037,0.06145157,0.015362892
47455,0.08773655,0.0640991,0.111374,0.068561375,0.108615555,0.18964039,0.047410097
47458,0.09855964,0.08606929,0.11104999,0.0227417,0.4647882,0.51251405,0.12812851
47460,0.10717761,0.055709273,0.15864594,0.073932774,0.060189247,0.17829718,0.044574294
47463,0.056079775,0.055906907,0.056252643,0.0003401405,0.3076283,0.30780604,0.07695151
47466,0.07972645,0.06223895,0.097213954,0.018913003,0.020670256,0.018597001,0.0046492503
47469,0.08941978,0.06011334,0.118726216,0.023938378,0.028856635,0.035509955,0.008877489
47472,0.086538084,0.07200716,0.101069026,0.008538954,0.45108294,0.44576666,0.111441664
47475,0.13736576,0.09068554,0.18404597,0.092937194,1.5781131,1.7641182,0.44102955
47478,0.15051593,0.11350726,0.18752462,0.06873255,0.8191224,0.8735066,0.21837665
47480,0.10767132,0.10495305,0.11038959,0.0014959127,0.30573735,0.32315478,0.080788694
47483,0.076360546,0.096507646,0.05621344,0.0071490793,0.35332608,0.44316396,0.11079099
47486,0.14901851,0.10852625,0.18951078,0.014929935,0.3463117,0.31109968,0.07777492
47489,0.17468236,0.11176485,0.23759986,0.058680456,0.048443794,0.14479248,0.03619812
47492,0.16235933,0.123859026,0.20085962,0.010343016,0.172472,0.20072679,0.050181698
47495,0.12339362,0.097981445,0.1488058,0.040221658,0.015458107,0.05290859,0.013227147
47498,0.27128786,0.07971137,0.46286437,0.21593256,1.0987563,1.0107652,0.2526913
47500,0.13164516,0.07478472,0.1885056,0.058453817,1.0492768,1.224797,0.30619925
47503,0.05138411,0.060859483,0.04190874,0.005664868,0.32634768,0.29665446,0.074163616
47506,0.098807216,0.053728655,0.14388578,0.07134866,0.028323809,0.09256873,0.023142183
47509,0.18277092,0.051692773,0.3138491,0.13375795,0.8066508,0.7319069,0.18297672
47512,0.051138014,0.046704832,0.055571187,0.00608015,0.46864417,0.43976066,0.109940164
47515,0.03986883,0.039471183,0.04026648,0.06185232,0.7661641,0.9291537,0.23228842
47518,0.05109486,0.033524945,0.06866477,0.036545742,0.7379578,0.7892127,0.19730318
47520,0.051119413,0.031810395,0.07042842,0.028717771,0.014822006,0.062273636,0.015568409
47523,0.04563285,0.02950753,0.06175817,0.07150108,0.052507877,0.15384322,0.038460806
47526,0.031065965,0.028244771,0.03388716,0.0013035471,0.3700479,0.4030184,0.1007546
47529,0.029850772,0.027710833,0.03199071,0.00085166516,0.17016964,0.18724251,0.046810627
47532,0.08836448,0.028639177,0.14808978,0.06855074,0.045157433,0.15944,0.03986
47535,0.059900653,0.031074286,0.08872702,0.05433886,0.55158454,0.5027726,0.12569316
47538,0.09481162,0.033732165,0.15589106,0.11118416,0.97595286,1.2356743,0.30891857
47540,0.060911525,0.03392437,0.08789868,0.14026509,0.70668846,0.6020641,0.15051602
47543,0.060554605,0.03997509,0.08113411,0.073868856,0.055334408,0.10327884,0.02581971
47546,0.050836306,0.04844818,0.053224426,0.0009407808,0.20919783,0.2300843,0.057521075
47549,0.047288865,0.05409172,0.040486008,0.023605883,0.022936663,0.017934022,0.0044835056
47552,0.085454315,0.04951163,0.121396996,0.03319484,0.04017083,0.101317786,0.025329446
47555,0.043521028,0.043459225,0.04358283,0.0687286,0.6777398,0.8017285,0.20043212
47558,0.09296325,0.037617896,0.14830859,0.084323056,0.065357685,0.13320169,0.033300422
47560,0.04321447,0.02986534,0.056563597,0.016425697,0.39361557,0.34205517,0.08551379
47563,0.047071975,0.017583905,0.07656004,0.047106635,0.022026857,0.094355345,0.023588836
47566,0.030462848,0.017354552,0.043571144,0.040110517,0.040335655,0.07364113,0.018410282
47569,0.021112883,0.017853756,0.024372011,0.007030152,0.46137938,0.5345039,0.13362597
47572,0.09150972,0.016778598,0.16624083,0.12803964,0.7477503,0.70208424,0.17552106
47575,0.06572293,0.041751217,0.08969464,0.028147882,0.041530926,0.042793542,0.010698386
47578,0.036173344,0.033079382,0.039267305,0.03735994,0.6325575,0.76126885,0.19031721
47580,0.046540525,0.029932382,0.06314867,0.030357195,0.04191677,0.06380812,0.01595203
47583,0.035970736,0.032581847,0.03935963,0.0007046719,0.19821548,0.20721667,0.051804166
47586,0.04880025,0.042560045,0.05504046,0.001114872,0.15469694,0.16735809,0.04183952
47589,0.08646256,0.05403508,0.11889005,0.038685564,0.043448847,0.049348596,0.012337149
47592,0.10423601,0.03592598,0.17254603,0.09168149,0.88820624,0.92129666,0.23032416
47595,0.033440486,0.02829104,0.038589936,0.015940351,0.004734516,0.020579802,0.0051449505
47598,0.06691193,0.014462003,0.11936185,0.10245344,0.06848606,0.10828504,0.02707126
47600,0.015002188,0.011884042,0.018120335,0.0025404033,0.5157663,0.5731059,0.14327647
47603,0.033225734,0.012823076,0.053628396,0.04970457,0.9099762,1.0248499,0.25621247
47606,0.058024257,0.011521113,0.10452741,0.06910025,0.011969726,0.080757044,0.020189261
47609,0.009995482,0.008648106,0.011342858,0.011400876,0.28655735,0.2499621,0.062490527
47612,0.041187216,0.0072661475,0.07510828,0.086440556,0.117056526,0.17822069,0.044555172
47615,0.026117763,0.007521976,0.044713546,0.033899087,0.6435372,0.73235387,0.18308847
47618,0.023393175,0.00907633,0.037710022,0.034288608,0.038207054,0.07346873,0.018367182
47620,0.016459519,0.009347691,0.023571348,0.008415609,0.12907808,0.15937632,0.03984408
47623,0.070274346,0.014597478,0.12595122,0.085377984,0.968812,1.0504495,0.26261237
47626,0.03860977,0.014217201,0.06300234,0.07844927,1.0645804,1.0563775,0.26409438
47629,0.029402345,0.02774947,0.031055221,0.0005746598,0.17787631,0.17734112,0.04433528
47632,0.04435433,0.03991766,0.048791002,0.00072018505,0.15982644,0.16938694,0.042346735
47635,0.05898698,0.0509034,0.067070566,0.0067318305,0.20432533,0.19402967,0.04850742
47638,0.06005984,0.04222836,0.07789132,0.053101543,0.8132675,0.8297172,0.2074293
47640,0.09398911,0.0518992,0.13607903,0.09029358,0.063735366,0.11763213,0.029408032
47643,0.073141895,0.06430242,0.08198137,0.0022710245,0.33890167,0.3790207,0.09475517
47646,0.09952188,0.05748908,0.1415547,0.10581329,0.083768524,0.23160298,0.057900745
47649,0.05150331,0.025923828,0.07708279,0.04760644,0.84111786,0.9213292,0.2303323
47652,0.05303483,0.025917307,0.08015236,0.088409685,0.7988858,0.96109587,0.24027397
47655,0.026791835,0.028527873,0.025055798,0.0045190356,0.22043689,0.19653566,0.049133915
47658,0.10380914,0.03711231,0.17050596,0.12191576,1.1616513,1.1611375,0.29028437
47660,0.074626714,0.04135489,0.10789853,0.07460606,0.10097996,0.17921074,0.044802684
47663,0.145779,0.0582013,0.23335667,0.12164769,0.04279073,0.15340818,0.038352046
47666,0.13088126,0.08296515,0.17879736,0.0677796,0.64519215,0.6288164,0.1572041
47669,0.13629061,0.067959435,0.20462179,0.09408412,0.4969726,0.4174126,0.10435315
47672,0.0856059,0.06882983,0.102381974,0.049214244,0.0323294,0.06694885,0.016737213
47675,0.045601826,0.055638995,0.03556465,0.006491197,0.30361843,0.2767186,0.06917965
47678,0.052697618,0.04799202,0.05740322,0.060424406,0.0688537,0.07967692,0.01991923
47680,0.06361682,0.063229166,0.06400447,0.0015957719,0.19078083,0.21055885,0.05263971
47683,0.09001247,0.053905528,0.12611942,0.029651577,0.034391403,0.041651674,0.010412918
47686,0.09097173,0.0698651,0.11207835,0.03874731,0.6225932,0.6715837,0.16789593
47689,0.083247475,0.06992467,0.09657028,0.08962057,0.62163955,0.5854063,0.14635158
47692,0.09471425,0.053542,0.13588649,0.036016848,0.0085743265,0.052494545,0.013123636
47695,0.07176059,0.04184228,0.101678886,0.03426488,0.41042027,0.48488215,0.12122054
47698,0.024772787,0.033059284,0.016486295,0.0093398485,0.3088727,0.28027493,0.07006873
47700,0.035220318,0.031965334,0.0384753,0.0015940681,0.17464769,0.19224505,0.048061263
47703,0.06380696,0.03267137,0.09494254,0.034810394,0.6838781,0.7682679,0.19206698
47706,0.05277684,0.037937254,0.067616425,0.012791108,0.28277907,0.23452587,0.05863147
47709,0.12191249,0.039582834,0.20424215,0.10776433,1.2306541,1.3729368,0.3432342
47712,0.03352859,0.04308052,0.02397666,0.0076554217,0.38317123,0.4792376,0.1198094
47715,0.07348094,0.029963389,0.11699849,0.050517652,0.06788524,0.12872243,0.032180607
47718,0.044458974,0.032494243,0.056423713,0.09895084,1.1480556,1.1039062,0.27597654
47720,0.1696241,0.026376218,0.312872,0.17691922,1.549281,1.9188458,0.47971144
47723,0.045973722,0.014010268,0.07793718,0.08616712,1.1431199,1.4174881,0.35437202
47726,0.031209605,0.010454788,0.05196442,0.04233094,0.051339466,0.13416535,0.033541337
47729,0.041482814,0.010106336,0.072859295,0.044736873,0.027841568,0.0756924,0.0189231
47732,0.008830804,0.008431087,0.009230522,0.0005386173,0.22473359,0.23172563,0.05793141
47735,0.019740049,0.009108373,0.030371726,0.008375697,0.3376535,0.29906717,0.07476679
47738,0.012169436,0.012124029,0.012214842,0.00063938746,0.2502443,0.26415396,0.06603849
47740,0.020913526,0.00992467,0.031902384,0.056797314,0.4386123,0.3794811,0.09487028
47743,0.04586911,0.009763602,0.08197461,0.117217265,1.0342926,1.0321976,0.2580494
47746,0.010463841,0.012425043,0.008502641,0.0058371783,0.42589435,0.40975758,0.102439396
47749,0.07020228,0.010150791,0.13025378,0.0898388,1.4166578,1.4537834,0.36344585
47752,0.13017431,0.008149938,0.25219867,0.19625276,1.2737561,1.149978,0.2874945
47755,0.02330259,0.0072283135,0.039376866,0.03319552,0.032609463,0.04416421,0.011041053
47758,0.03454015,0.007327348,0.061752956,0.050094455,0.037262917,0.05305324,0.01326331
47760,0.006478349,0.00802616,0.004930539,0.0025749248,0.3308148,0.37355745,0.09338936
47763,0.08217488,0.00990473,0.15444504,0.15691201,1.4026207,1.7209488,0.4302372
47766,0.035271134,0.024974907,0.045567364,0.04776809,0.7169938,0.880457,0.22011425
47769,0.07126845,0.018525667,0.12401122,0.09379161,0.07814447,0.17892139,0.044730347
47772,0.03722086,0.018610084,0.05583164,0.03861067,0.030646166,0.07449362,0.018623404
47775,0.05299604,0.019673781,0.08631829,0.07130752,0.046132725,0.111709714,0.027927428
47778,0.067047454,0.029020825,0.105074085,0.047313023,0.7249277,0.87171894,0.21792974
47780,0.07657761,0.03212073,0.1210345,0.06928138,0.8530884,0.92254287,0.23063572
47783,0.029196778,0.02135612,0.037037436,0.004314091,0.43000174,0.4878746,0.12196865
47786,0.027788484,0.031443458,0.024133513,0.008731903,0.5156519,0.6426466,0.16066165
47789,0.041897405,0.02017574,0.06361908,0.03599679,0.5827758,0.66817236,0.16704309
47792,0.033952445,0.020224044,0.047680844,0.030460527,0.017453035,0.04002351,0.010005877
47795,0.02020748,0.022626467,0.01778849,0.000821579,0.46253744,0.4909326,0.12273315
47798,0.037177894,0.02327005,0.05108574,0.036380664,0.03816557,0.092648424,0.023162106
47800,0.03073491,0.02417764,0.03729218,0.0019097464,0.3214141,0.36096764,0.09024191
47803,0.07062338,0.02523801,0.11600876,0.070776016,0.10541105,0.15470345,0.038675863
47806,0.04265027,0.025667997,0.05963255,0.03716329,0.7339913,0.8080171,0.20200427
47809,0.09747753,0.027542353,0.16741271,0.09925422,0.13535754,0.19680578,0.049201444
47812,0.054104846,0.02749797,0.08071172,0.0519238,0.042463142,0.090745814,0.022686454
47815,0.028972054,0.029759416,0.02818469,0.007568644,0.25957727,0.2963967,0.074099176
47818,0.03789522,0.032150578,0.04363987,0.025843496,0.36245093,0.38116026,0.095290065
47820,0.038327802,0.032664683,0.04399092,0.0019746423,0.2920704,0.28454068,0.07113517
47823,0.0262515,0.03372312,0.01877988,0.0038848117,0.52889806,0.598069,0.14951725
47826,0.05808423,0.03362279,0.08254567,0.06034984,0.033594925,0.07837256,0.01959314
47829,0.038776968,0.03438748,0.043166455,0.050231505,0.042957943,0.07594157,0.018985393
47832,0.03377217,0.032875687,0.034668658,0.03176674,0.0022562344,0.031293314,0.0078233285
47835,0.05763528,0.044008344,0.07126222,0.024752095,0.023513159,0.04607102,0.011517755
47838,0.09986317,0.045476213,0.15425013,0.058477487,0.83225316,0.9938019,0.24845047
47840,0.050118,0.036633532,0.06360246,0.02296274,0.028429985,0.056244448,0.014061112
47843,0.089088,0.04179564,0.13638037,0.0757387,0.039269924,0.13358535,0.033396337
47846,0.023631101,0.033813886,0.013448313,0.012710816,0.2355218,0.2860233,0.07150582
47849,0.043441672,0.037078127,0.049805213,0.028317014,0.02764686,0.040887434,0.0102218585
47852,0.041585576,0.033421807,0.049749345,0.003424342,0.25191844,0.29721507,0.07430377
47855,0.021768956,0.026898975,0.016638933,0.013208541,0.54266626,0.6625034,0.16562586
47858,0.027949767,0.022044688,0.033854846,0.0049541257,0.37911728,0.46392202,0.115980506
47860,0.025762623,0.0137240095,0.037801236,0.02813212,0.03567028,0.06647134,0.016617835
47863,0.015814142,0.011728555,0.01989973,0.004728166,0.50907373,0.58953935,0.14738484
47866,0.044157002,0.017739914,0.0705741,0.05373898,0.05487152,0.11637672,0.02909418
47869,0.033740606,0.013407749,0.054073464,0.046384115,0.038382966,0.068956666,0.017239166
47872,0.055832192,0.014784743,0.09687964,0.08086505,1.1902,1.205496,0.301374
47875,0.059304252,0.017854096,0.10075441,0.09404025,0.7799163,0.7174649,0.17936623
47878,0.02519214,0.015328336,0.035055943,0.007881132,0.24162595,0.21016598,0.052541494
47880,0.045408025,0.015689492,0.07512656,0.034171358,0.012193521,0.05110864,0.01277716
47883,0.013498005,0.016258793,0.010737221,0.007891389,0.42756686,0.39621606,0.099054016
47886,0.017733864,0.02171168,0.013756048,0.0048173903,0.28758937,0.35886255,0.08971564
47889,0.028052108,0.025438314,0.030665904,0.0009765318,0.15937541,0.16622739,0.041556846
47892,0.1317743,0.027935773,0.23561282,0.12882753,0.7567436,0.71131635,0.17782909
47895,0.043325942,0.026474625,0.060177255,0.011259454,0.18738349,0.23267674,0.058169186
47897,0.039735448,0.023735145,0.05573575,0.03538108,0.04504748,0.09103098,0.022757744
47900,0.032021116,0.018385023,0.045657206,0.058532387,0.04321273,0.087145925,0.021786481
47903,0.021726556,0.014066592,0.02938652,0.025379464,0.011800289,0.053048972,0.013262243
47906,0.073075175,0.01950942,0.12664093,0.08536785,0.65606755,0.6253808,0.1563452
47909,0.09650507,0.023831269,0.16917886,0.16689658,1.2227598,1.121128,0.280282
47912,0.04480062,0.023895824,0.06570542,0.0340381,0.04355975,0.09491391,0.023728477
47915,0.026925921,0.014491103,0.039360743,0.024218524,0.36783347,0.4105049,0.10262623
47917,0.04347584,0.015952127,0.070999555,0.03366555,0.45573416,0.534203,0.13355075
47920,0.042684034,0.025156548,0.06021152,0.013635404,0.3964006,0.351495,0.08787375
47923,0.07992155,0.036656052,0.12318704,0.07936124,0.052067757,0.10838544,0.02709636
47926,0.037949596,0.027433565,0.04846563,0.035609223,0.022157192,0.04760942,0.011902355
47929,0.032075655,0.014772649,0.04937866,0.035678644,0.48306587,0.58794534,0.14698634
47932,0.08639136,0.0124113755,0.16037135,0.14865918,1.2505757,1.1429921,0.28574803
47935,0.01794748,0.019433746,0.016461214,0.0005285099,0.21020682,0.22247224,0.05561806
47937,0.012263931,0.014608194,0.009919667,0.0045068148,0.30722198,0.37114477,0.09278619
47940,0.026499698,0.025436947,0.027562447,0.0021314214,0.3308808,0.3316042,0.08290105
47943,0.015302899,0.018376866,0.012228931,0.0022012086,0.4216633,0.47368884,0.11842221
47946,0.05189551,0.022722676,0.08106834,0.06265968,1.4026448,1.5219036,0.3804759
47949,0.026549255,0.027655825,0.025442684,0.0024289882,0.4746736,0.4733959,0.11834898
47952,0.021694971,0.017608339,0.025781602,0.0014204715,0.22424857,0.24346541,0.060866352
47955,0.05153082,0.01972978,0.08333185,0.0643866,0.5414832,0.5188888,0.1297222
47957,0.09176198,0.021690808,0.16183315,0.1077505,0.43729362,0.3493146,0.08732865
47960,0.036082093,0.016778462,0.055385724,0.031937737,0.023432055,0.031383324,0.007845831
47963,0.04266612,0.026718551,0.058613688,0.008347478,0.23762083,0.28004315,0.07001079
47966,0.035064336,0.017857328,0.052271347,0.049692433,0.061415356,0.11984366,0.029960915
47969,0.039649427,0.011725932,0.06757292,0.06124102,0.867073,1.0505852,0.2626463
47972,0.026581766,0.013397223,0.039766308,0.023071857,0.010987282,0.032587532,0.008146883
47975,0.09103074,0.019001862,0.16305962,0.12665822,0.08545662,0.19016004,0.04754001
47977,0.016938249,0.020651223,0.013225272,0.0016638244,0.41610637,0.40614104,0.10153526
47980,0.035549626,0.02541438,0.045684874,0.067791045,0.054498672,0.045076687,0.011269172
47983,0.05430146,0.028422942,0.08017998,0.016158056,0.45409378,0.5714235,0.14285587
47986,0.023928845,0.024711676,0.023146013,0.0019978595,0.27380657,0.25882515,0.06470629
47989,0.03200939,0.03019582,0.03382296,0.0140357455,0.32452473,0.28434747,0.07108687
47992,0.06459727,0.028836092,0.10035845,0.03737034,0.5837409,0.68333393,0.17083348
47995,0.034915537,0.0227838,0.047047276,0.04439506,0.7729919,0.91175586,0.22793896
47997,0.12577797,0.01114354,0.2404124,0.19050418,1.1332693,1.071215,0.26780376
48000,0.056360576,0.009676607,0.10304455,0.08138845,1.297216,1.5376414,0.38441035
48003,0.010911672,0.0073948484,0.014428496,0.0032748927,0.21012546,0.25776306,0.064440764
48006,0.014624059,0.0072279014,0.022020219,0.027489448,0.03137048,0.041992802,0.010498201
48009,0.0068348194,0.007156469,0.0065131695,0.005247151,0.37200132,0.4185365,0.10463413
48012,0.03835774,0.0087235505,0.06799192,0.065962054,1.3521441,1.4193457,0.35483643
48015,0.06531461,0.007756198,0.12287304,0.10340721,0.8035453,0.7866254,0.19665635
48017,0.019060135,0.008630387,0.029489884,0.0323846,0.04003191,0.09816458,0.024541145
48020,0.046978716,0.017832318,0.076125115,0.036600143,0.032946747,0.04137064,0.01034266
48023,0.057936266,0.0054267147,0.11044582,0.092529856,0.061961215,0.21174407,0.052936018
48026,0.0063573644,0.0059299525,0.006784776,0.0025040125,0.35226944,0.36575642,0.091439106
48029,0.095262736,0.0242939,0.16623157,0.099432014,0.73415786,0.7065235,0.17663087
48032,0.0032607932,0.0026822556,0.0038393307,0.0012991994,0.14846484,0.14976962,0.037442405
48035,0.0048431964,0.004751511,0.0049348823,0.0009596264,0.13386185,0.12698884,0.03174721
48037,0.0214367,0.0024969692,0.040376436,0.044701,0.040148456,0.09071999,0.022679998
48040,0.025494233,0.0044913027,0.046497162,0.056837305,0.4879454,0.46393323,0.11598331
48043,0.030227393,0.0060885474,0.054366242,0.04777057,0.06832123,0.12526126,0.031315316
48046,0.022637382,0.0037300047,0.04154476,0.029512366,0.029431185,0.063967966,0.015991991
48049,0.031674523,0.0028159758,0.060533073,0.04993284,0.84247714,0.98602515,0.24650629
48052,0.036475293,0.0032541284,0.069696456,0.06338796,0.056197803,0.11319604,0.02829901
48055,0.032931563,0.0027932303,0.063069895,0.06043901,0.048618633,0.13202062,0.033005156
48057,0.04882807,0.005029945,0.09262619,0.10238641,0.07902411,0.17625165,0.044062912
48060,0.030443454,0.007839364,0.05304755,0.03392185,0.034689784,0.040727846,0.010181962
48063,0.055728436,0.017727142,0.09372973,0.054302853,0.64240545,0.65783376,0.16445844
48066,0.04163045,0.005769272,0.077491626,0.07324719,0.04935686,0.15643044,0.03910761
48069,0.06463,0.002196124,0.12706389,0.12330582,0.8808792,0.84414846,0.21103711
48072,0.01327799,0.0017075975,0.024848381,0.023635289,0.01686732,0.034228094,0.0085570235
48075,0.0040657097,0.0026194567,0.0055119633,0.0070000985,0.53480655,0.61116534,0.15279134
48077,0.03424854,0.0017755004,0.06672158,0.06559785,0.06193638,0.06650779,0.016626947
48080,0.02195785,0.001769934,0.042145763,0.04122114,0.77242595,0.7913627,0.19784068
48083,0.0320401,0.008539888,0.055540312,0.037791982,0.033439875,0.051635947,0.012908987
48086,0.048022795,0.008713009,0.087332584,0.06565043,0.059832018,0.10789653,0.026974132
48089,0.041707303,0.0035950176,0.07981959,0.0744268,0.01358366,0.08427858,0.021069646
48092,0.029460782,0.007315425,0.051606137,0.062262546,0.3908647,0.3518331,0.087958276
48095,0.04667716,0.007503268,0.08585105,0.08366296,0.6933606,0.8958543,0.22396357
48097,0.010255086,0.012700875,0.0078092976,0.004441973,0.5012964,0.58247316,0.14561829
48100,0.023656813,0.013047655,0.03426597,0.012705554,0.22110398,0.28301188,0.07075297
48103,0.0639227,0.019157922,0.10868748,0.0777544,0.5948262,0.6974798,0.17436995
48106,0.04944691,0.02652724,0.07236659,0.045159638,0.050058167,0.09421533,0.023553833
48109,0.054398254,0.029753616,0.07904289,0.056285176,0.070844494,0.13059099,0.032647748
48112,0.02968713,0.033606973,0.025767295,0.003237846,0.47504267,0.5162225,0.12905562
48115,0.05547154,0.03588254,0.07506054,0.055844933,0.7127796,0.87865347,0.21966337
48117,0.029534237,0.039705217,0.01936326,0.006285269,0.4728268,0.5802806,0.14507015
48120,0.03221321,0.044252414,0.020174004,0.008612413,0.5178721,0.64819,0.1620475
48123,0.067384906,0.04733866,0.087431155,0.039280307,0.46743965,0.5176451,0.12941128
48126,0.09444364,0.04145044,0.14743684,0.11432707,0.6595953,0.5815733,0.14539333
48129,0.060147226,0.04942665,0.07086781,0.009784711,0.2384413,0.27656257,0.06914064
48132,0.06792005,0.049863327,0.08597678,0.033810634,0.03820022,0.09667943,0.024169857
48135,0.10120068,0.047776762,0.1546246,0.07133671,0.053044837,0.107226245,0.026806561
48137,0.08220952,0.060939234,0.1034798,0.096660994,0.12081146,0.14441445,0.036103614
48140,0.09386557,0.07128652,0.116444625,0.05405141,0.60588926,0.75757694,0.18939424
48143,0.10200709,0.06247429,0.14153989,0.04067164,0.0106438,0.055478934,0.013869734
48146,0.1191893,0.06688661,0.17149198,0.0429846,0.013542652,0.073265426,0.018316356
48149,0.07653653,0.09177684,0.06129622,0.0039230683,0.17913842,0.22864753,0.057161883
48152,0.105041236,0.101850115,0.10823236,0.0029519086,0.14626731,0.15585612,0.03896403
48155,0.08339848,0.09134421,0.07545276,0.0020586394,0.19237067,0.22512664,0.05628166
48157,0.21035011,0.10032024,0.32037997,0.1469181,0.9158127,0.86066276,0.21516569
48160,0.1634939,0.09450936,0.23247844,0.06353621,0.008685271,0.07099087,0.017747717
48163,0.14956678,0.11139258,0.18774098,0.20848207,1.3111211,1.8678032,0.4669508
48166,0.14800166,0.12873526,0.16726804,0.02660934,0.030174375,0.05255261,0.013138153
48169,0.12941481,0.120280564,0.13854904,0.06231321,0.085461296,0.124147676,0.031036919
48172,0.111987166,0.104757704,0.11921662,0.0009442942,0.12987582,0.13323186,0.033307966
48175,0.14977227,0.10974511,0.18979943,0.13900791,0.16269922,0.20509951,0.051274877
48177,0.11421418,0.104731165,0.1236972,0.0015407376,0.54800576,0.58902436,0.14725609
48180,0.14375226,0.08195754,0.20554699,0.09410719,1.2032216,1.2872037,0.32180092
48183,0.08899015,0.060578715,0.11740158,0.0570257,1.0150733,1.101842,0.2754605
48186,0.1997474,0.057799637,0.34169516,0.18448223,1.0238066,0.9546725,0.23866813
48189,0.0708328,0.05288093,0.08878466,0.032604698,0.03092114,0.07173289,0.017933223
48192,0.05403851,0.041564643,0.066512376,0.058834683,0.056049507,0.16557568,0.04139392
48195,0.033403132,0.031522304,0.035283964,0.00039749919,0.33391556,0.3446053,0.086151324
48197,0.06379712,0.030560091,0.097034134,0.10767978,1.4275283,1.40743,0.3518575
48200,0.0667362,0.03451918,0.098953225,0.08327476,0.04258442,0.15626563,0.039066408
48203,0.0437004,0.029437201,0.0579636,0.039741542,0.6015418,0.63968205,0.15992051
48206,0.059798945,0.02921856,0.090379335,0.037051465,0.03932063,0.115648426,0.028912107
48209,0.04407403,0.025312433,0.06283563,0.061488558,0.048696518,0.1617007,0.040425174
48212,0.024121044,0.020729406,0.027512679,0.00089816534,0.3389101,0.35979,0.0899475
48215,0.03451651,0.015566315,0.053466707,0.043761313,0.5420737,0.5744729,0.14361823
48217,0.055822235,0.010870025,0.100774445,0.10754194,1.0091603,1.2571863,0.31429657
48220,0.021802144,0.011755223,0.031849068,0.0082249865,0.358404,0.31574106,0.078935266
48223,0.033197585,0.011446752,0.05494842,0.053019162,0.8051357,0.80919355,0.20229839
48226,0.027628934,0.009233416,0.046024453,0.029858032,0.008562724,0.045144748,0.011286187
48229,0.01598698,0.016235292,0.015738672,0.0006862858,0.48381567,0.48956048,0.12239012
48232,0.027268605,0.018735519,0.035801694,0.004588202,0.19001293,0.21068694,0.052671734
48235,0.03602503,0.014403743,0.057646308,0.035976272,0.698215,0.788976,0.197244
48237,0.031823184,0.0155229345,0.04812343,0.06385752,0.05473423,0.045747478,0.011436869
48240,0.037348207,0.016634258,0.058062155,0.0517349,0.84422654,0.84312874,0.21078219
48243,0.041855264,0.01377847,0.06993206,0.04231727,0.6796942,0.80771786,0.20192946
48246,0.011469651,0.015241575,0.007697726,0.008176486,0.40329662,0.36755612,0.09188903
48249,0.033701047,0.015986897,0.051415194,0.020204542,0.021910032,0.021077365,0.005269341
48252,0.016819207,0.012213763,0.02142465,0.0021807468,0.43968582,0.47059715,0.11764929
48255,0.030288532,0.011959651,0.04861741,0.040079847,0.695546,0.73227435,0.18306859
48257,0.009626357,0.011023247,0.008229467,0.0027431063,0.16086705,0.14486684,0.03621671
48260,0.059156865,0.01457224,0.10374149,0.07395369,0.036646683,0.13058607,0.03264652
48263,0.06896799,0.017958457,0.11997751,0.07434269,0.8504794,1.043471,0.26086774
48266,0.017443212,0.015109655,0.019776769,0.0014192979,0.22379322,0.21607001,0.054017503
48269,0.019163819,0.015189733,0.023137907,0.0018569113,0.47377858,0.5234866,0.13087165
48272,0.016134106,0.015840037,0.016428174,0.0004722986,0.21975105,0.21852486,0.054631215
48275,0.014440442,0.012202422,0.016678462,0.0022637334,0.34686753,0.35114217,0.08778554
48277,0.047180187,0.011293471,0.0830669,0.07148712,0.11275896,0.21240322,0.053100806
48280,0.064342074,0.01922951,0.10945463,0.080469556,1.1232389,1.1923152,0.2980788
48283,0.045137685,0.030459972,0.059815396,0.02730903,0.44237614,0.5233402,0.13083506
48286,0.067492135,0.04341538,0.09156889,0.05815741,0.06448364,0.08248613,0.020621533
48289,0.11848547,0.071635455,0.16533549,0.07722653,0.09944502,0.22161841,0.055404603
48292,0.07968639,0.086316854,0.07305592,0.003955391,0.4915019,0.555677,0.13891925
48295,0.17123596,0.11005304,0.23241885,0.083168484,0.054230053,0.07584671,0.018961677
48297,0.12638049,0.12077621,0.13198476,0.0067146863,0.14613135,0.16652553,0.041631382
48300,0.1237871,0.13023199,0.1173422,0.009155027,0.356029,0.4246379,0.10615948
48303,0.142115,0.14475983,0.13947016,0.00043162738,0.19067991,0.19728188,0.04932047
48306,0.20659178,0.1556819,0.2575017,0.10628774,0.96070796,1.1500018,0.28750044
48309,0.19456518,0.17789942,0.21123092,0.011727087,0.2187581,0.2588959,0.064723976
48312,0.19934046,0.18247764,0.21620329,0.041733947,0.7293248,0.84514195,0.21128549
48315,0.2781913,0.18992801,0.36645457,0.092278026,0.023918787,0.11896017,0.029740043
48317,0.20182878,0.20235364,0.20130391,0.0005173639,0.15115674,0.1497537,0.037438426
48320,0.20808065,0.17398442,0.24217688,0.06669722,0.621465,0.5961924,0.1490481
48323,0.19659019,0.16757095,0.2256094,0.08391238,1.618576,1.7964382,0.44910955
48326,0.2668302,0.24939978,0.28426063,0.066567205,1.0349072,1.2491778,0.31229445
48329,0.3526516,0.27764967,0.42765352,0.04891296,0.043988544,0.059254687,0.014813672
48332,0.38341048,0.347598,0.41922298,0.008305572,0.41248798,0.38135433,0.09533858
48335,0.41782174,0.28912345,0.54651994,0.08364006,0.04257552,0.15332879,0.038332198
48337,0.26566553,0.20444731,0.32688376,0.1360132,0.78412914,1.0546223,0.26365557
48340,0.306524,0.30271748,0.3103305,0.059008215,1.0043658,1.1932092,0.2983023
48343,0.26074198,0.2561806,0.26530337,0.05595864,0.71933395,0.8803582,0.22008955
48346,0.3423003,0.26244572,0.4221549,0.09542156,1.0106272,1.2517499,0.31293747
48349,0.32205042,0.30298993,0.34111094,0.041128244,0.05044206,0.115414225,0.028853556
48352,0.33773765,0.28285816,0.39261714,0.025051529,0.02526919,0.019008143,0.0047520357
48355,0.24670248,0.23102482,0.26238015,0.06978604,1.2893276,1.3045851,0.32614627
48357,0.18416595,0.21318841,0.15514348,0.1341998,0.9403426,0.8822802,0.22057004
48360,0.2607087,0.21436034,0.30705705,0.010275346,0.17374039,0.20569892,0.05142473
48363,0.2281204,0.26434016,0.19190067,0.05102254,0.69063616,0.82399184,0.20599796
48366,0.36355677,0.28160283,0.44551077,0.068309955,1.2607336,1.435442,0.3588605
48369,0.32486212,0.32681647,0.32290778,0.0004114864,0.16676027,0.17355305,0.043388262
48372,0.31220505,0.29010168,0.33430842,0.0087126065,0.47670245,0.43856034,0.109640084
48375,0.11381996,0.11983552,0.107804395,0.0017025626,0.2607034,0.23863618,0.059659045
48377,0.08880812,0.055100065,0.12251616,0.07390427,0.0207901,0.095132016,0.023783004
48380,0.041612912,0.024480864,0.058744963,0.046135943,0.020678839,0.08164682,0.020411706
48383,0.041910946,0.010458682,0.07336321,0.06508703,1.0866237,1.2226106,0.30565265
48386,0.035985414,0.0075862543,0.06438457,0.062184185,0.033550262,0.1444438,0.03611095
48389,0.05389599,0.0067254067,0.10106657,0.08976271,0.027091345,0.1330059,0.033251476
48392,0.022834731,0.012354638,0.03331482,0.027826233,0.026854197,0.079844974,0.019961243
48395,0.04157369,0.01891066,0.06423672,0.03960942,0.030850092,0.056384537,0.014096134
48397,0.10747955,0.021509437,0.19344968,0.15953146,1.6609885,1.8899969,0.47249922
48400,0.060196072,0.027872607,0.09251953,0.07821767,1.0664717,1.1000754,0.27501884
48403,0.04980134,0.027048612,0.07255406,0.040075943,0.67451257,0.76434356,0.19108589
48406,0.07638973,0.03097222,0.12180724,0.055761408,0.040627163,0.0713331,0.017833276
48409,0.059486385,0.03273717,0.086235605,0.054165002,0.080814995,0.17176841,0.042942103
48412,0.042452235,0.038988415,0.04591605,0.0011426492,0.20591621,0.19041158,0.047602896
48415,0.060319435,0.04344949,0.07718937,0.037720952,0.0178051,0.049399238,0.0123498095
48417,0.10057462,0.042591527,0.15855771,0.10258939,1.3056101,1.3656155,0.34140387
48420,0.08921468,0.052838117,0.12559125,0.06940504,0.057776768,0.17778872,0.04444718
48423,0.07878464,0.053608697,0.10396057,0.070159554,0.036134403,0.10393373,0.025983432
48426,0.05627243,0.053866845,0.058678012,0.0014339812,0.4258226,0.42425707,0.10606427
48429,0.096080005,0.06295898,0.12920104,0.052339148,0.040971916,0.09781315,0.024453288
48432,0.10154716,0.084310465,0.118783854,0.023316672,0.03126208,0.057997286,0.014499322
48435,0.07054677,0.08082062,0.060272913,0.0051495843,0.19812584,0.18197477,0.045493692
48437,0.11591134,0.095112115,0.13671057,0.044395622,0.026636124,0.07187447,0.017968617
48440,0.1303583,0.11068573,0.15003087,0.03373498,0.59329605,0.643988,0.160997
48443,0.10666301,0.09914551,0.114180505,0.021908024,0.02792565,0.054885495,0.013721374
48446,0.07672822,0.09974251,0.05371393,0.010508259,0.42798853,0.5014011,0.12535028
48449,0.13454038,0.103596725,0.16548403,0.1983999,1.0311903,0.90290016,0.22572504
48452,0.103856415,0.092259325,0.115453504,0.08622857,0.5720838,0.5584343,0.13960858
48455,0.11845887,0.09384209,0.14307563,0.029268876,0.0044142404,0.036932837,0.009233209
48457,0.10600371,0.10033972,0.1116677,0.021701539,0.024211565,0.052655105,0.013163776
48460,0.12374761,0.08628211,0.16121311,0.19228835,1.0533012,1.4159966,0.35399914
48463,0.108833395,0.0759337,0.1417331,0.097475134,0.058355648,0.18305339,0.045763347
48466,0.084720545,0.061686873,0.10775421,0.026844038,0.004965464,0.03618862,0.009047155
48469,0.06148695,0.04638393,0.07658998,0.054854076,0.053433735,0.106058896,0.026514724
48472,0.03533778,0.038443793,0.032231763,0.0014293728,0.25280464,0.25954852,0.06488713
48475,0.08011604,0.044635374,0.115596704,0.041246984,0.0070196786,0.057851363,0.014462841
48477,0.0723902,0.04627237,0.09850802,0.035560012,0.02391831,0.047550734,0.0118876835
48480,0.05601098,0.03768973,0.07433223,0.10215547,0.10714086,0.11958871,0.029897178
48483,0.08333778,0.04056498,0.12611057,0.05078469,0.0074825287,0.070245,0.01756125
48486,0.07797112,0.036031578,0.11991068,0.06496937,0.042382877,0.09782094,0.024455234
48489,0.07965737,0.04632789,0.11298684,0.037586868,0.029872894,0.10116738,0.025291845
48492,0.03944886,0.04294524,0.035952486,0.0016183923,0.17002106,0.1587991,0.039699774
48495,0.08137431,0.04150107,0.12124755,0.065497704,1.3184153,1.4713669,0.36784172
48497,0.04253621,0.04229751,0.042774905,0.0037318121,0.3298751,0.30032602,0.075081505
48500,0.06586268,0.038784564,0.092940785,0.034005906,0.5550966,0.5299083,0.13247707
48503,0.03951332,0.042284984,0.03674165,0.00087778206,0.13545863,0.123227775,0.030806944
48506,0.054356437,0.036815383,0.071897484,0.03100201,0.018898645,0.04279238,0.010698095
48509,0.0468054,0.037395272,0.056215525,0.01845981,0.0027707417,0.021036,0.005259
48512,0.0869594,0.041867524,0.13205129,0.1314594,0.74829227,0.6944461,0.17361152
48515,0.07280565,0.03740504,0.10820627,0.05902536,0.91665965,1.0654882,0.26637205
48517,0.06361803,0.038075462,0.089160584,0.099526554,0.08138021,0.10981455,0.027453637
48520,0.03259408,0.03719982,0.027988335,0.0033802905,0.29667345,0.2752509,0.06881273
48523,0.065446906,0.05357802,0.077315785,0.0046103336,0.19875152,0.16266467,0.040666167
48526,0.076138884,0.03718323,0.115094535,0.05525303,0.015282313,0.08383744,0.02095936
48529,0.07977658,0.044350985,0.115202166,0.042819504,0.023495356,0.09635979,0.024089947
48532,0.061095003,0.04436788,0.07782213,0.07108102,0.027677536,0.10377038,0.025942596
48535,0.054824322,0.047246885,0.062401768,0.021934181,0.023016453,0.048757493,0.012189373
48537,0.057715345,0.037993204,0.07743749,0.08224371,0.03142913,0.12538208,0.03134552
48540,0.045697372,0.03892855,0.052466195,0.0031182028,0.19400115,0.16120237,0.040300593
48543,0.027549786,0.037058424,0.018041147,0.012471311,0.37477508,0.41502336,0.10375584
48546,0.052232627,0.035605025,0.06886023,0.023795387,0.028667768,0.058579456,0.014644864
48549,0.07096061,0.040321376,0.10159984,0.033883516,0.028552532,0.041554887,0.010388722
48552,0.05638854,0.04032273,0.07245434,0.040575795,0.019625345,0.046081234,0.011520308
48555,0.05257872,0.04028105,0.0648764,0.034647826,0.018960953,0.04149738,0.010374345
48557,0.06914442,0.034553025,0.10373583,0.13017814,0.945062,0.89005834,0.22251458
48560,0.06897733,0.029465934,0.10848874,0.12377527,0.04098781,0.19636333,0.049090832
48563,0.04603408,0.028376663,0.0636915,0.022810912,0.47522864,0.51967746,0.12991937
48566,0.025423119,0.030430809,0.020415427,0.0035932194,0.2145106,0.18698947,0.046747368
48569,0.08491462,0.03255218,0.13727705,0.06453496,0.08182017,0.20603989,0.051509973
48572,0.04013133,0.039501693,0.040760968,0.0023506705,0.22413333,0.19761641,0.049404103
48575,0.01522746,0.022054607,0.0084003145,0.016566193,0.41755703,0.46464804,0.11616201
48577,0.07312538,0.024073442,0.12217731,0.066720374,0.9860495,1.0244042,0.25610104
48580,0.091543294,0.013021994,0.17006461,0.20251377,1.175499,1.0917411,0.27293527
48583,0.040661894,0.026903927,0.05441986,0.0757517,0.05259164,0.1635051,0.040876277
48586,0.042678643,0.02320466,0.062152628,0.025151163,0.4254023,0.30936566,0.077341415
48589,0.021196978,0.019051498,0.02334246,0.00081266294,0.33582368,0.35329404,0.08832351
48592,0.018178014,0.014492123,0.021863902,0.0043208175,0.45396614,0.47943234,0.119858086
48595,0.011851772,0.010605811,0.013097732,0.013094011,0.2489217,0.20116723,0.050291806
48597,0.014080097,0.008644843,0.01951535,0.004566216,0.27591184,0.23148449,0.057871122
48600,0.009279074,0.010223392,0.008334756,0.00065567996,0.14556248,0.1352673,0.033816826
48603,0.013384334,0.010660104,0.016108563,0.016248638,0.47013536,0.40747872,0.10186968
48606,0.0661917,0.011092295,0.12129111,0.08287483,0.037991207,0.14762937,0.03690734
48609,0.015193675,0.014158617,0.016228734,0.0050686984,0.35841206,0.39755777,0.09938944
48612,0.04455905,0.02180594,0.06731216,0.0413366,0.019741058,0.06327481,0.015818702
48615,0.05705422,0.023176165,0.09093228,0.062584765,0.70381147,0.6811134,0.17027836
48617,0.041864738,0.021781312,0.06194816,0.06382664,0.03223292,0.11344266,0.028360665
48620,0.057310432,0.032983467,0.081637405,0.053800255,0.5739162,0.6774981,0.16937453
48623,0.066092275,0.045526743,0.086657815,0.011215585,0.30632067,0.2497865,0.062446624
48626,0.09264021,0.059636384,0.12564404,0.06583049,0.05422433,0.13779497,0.034448743
48629,0.07162725,0.05383432,0.08942018,0.06031878,0.5967247,0.72527003,0.18131751
48632,0.11152942,0.07037875,0.15268008,0.057405148,0.05174637,0.15061152,0.03765288
48635,0.14167255,0.05857377,0.22477134,0.14876321,1.6049818,1.7815547,0.44538867
48637,0.08490035,0.05166642,0.11813428,0.061726343,0.02463468,0.08192291,0.020480728
48640,0.13575211,0.050434846,0.22106938,0.24691248,1.3113532,1.8490211,0.46225527
48643,0.05976847,0.05086389,0.06867305,0.052669268,0.05546252,0.09549228,0.02387307
48646,0.056878954,0.055446167,0.058311746,0.03636849,0.030607224,0.0878011,0.021950275
48649,0.085466884,0.050628405,0.12030535,0.08604964,1.1022803,1.1168056,0.2792014
48652,0.083716,0.042263854,0.12516813,0.10962687,0.59675735,0.7682845,0.19207112
48655,0.04887274,0.037674677,0.0600708,0.025927683,0.015731812,0.050345495,0.012586374
48657,0.055336937,0.036181275,0.074492596,0.02676045,0.0076974235,0.04118063,0.010295157
48660,0.033266857,0.040900286,0.025633432,0.0046991245,0.28405437,0.3005481,0.07513703
48663,0.04825982,0.041089103,0.055430535,0.0013564549,0.26185417,0.28442267,0.07110567
48666,0.092179604,0.039811518,0.1445477,0.07675947,0.06417402,0.17475069,0.04368767
48669,0.06976222,0.038387764,0.10113668,0.038670737,0.009016673,0.057433546,0.014358386
48672,0.039039455,0.031550344,0.046528567,0.07132298,0.05916977,0.054018218,0.0135045545
48675,0.046355356,0.032427225,0.060283482,0.07940939,0.06193288,0.06528222,0.016320555
48677,0.098777674,0.031854365,0.16570099,0.09848383,1.0455447,1.0641376,0.2660344
48680,0.024661109,0.02825398,0.021068236,0.0015403995,0.45169362,0.4743313,0.11858282
48683,0.06389611,0.026495636,0.10129658,0.06641649,0.042643547,0.089070775,0.022267694
48686,0.055916097,0.026101321,0.08573087,0.047456175,0.029119968,0.066767834,0.016691959
48689,0.04733829,0.01665905,0.078017525,0.08646297,1.293541,1.2887949,0.32219872
48692,0.028649596,0.01843352,0.03886567,0.0054820837,0.23787181,0.25567925,0.06391981
48695,0.024292892,0.011419144,0.037166636,0.02718055,0.4077727,0.45050696,0.11262674
48697,0.05290665,0.013776067,0.09203724,0.07408691,0.037582397,0.12090818,0.030227045
48700,0.010883634,0.007804487,0.013962783,0.0020593477,0.23949306,0.24029422,0.060073555
48703,0.032591246,0.007854792,0.0573277,0.05966046,0.64388084,0.6792438,0.16981095
48706,0.00557104,0.0073166736,0.0038254056,0.009861111,0.2946788,0.35128498,0.087821245
48709,0.043241765,0.006947166,0.079536356,0.06158634,0.039323807,0.13953745,0.034884363
48712,0.008969222,0.0077786096,0.010159834,0.0015320248,0.35745475,0.3497028,0.0874257
48715,0.051006902,0.0070534977,0.09496031,0.07952962,1.1499381,1.2530121,0.31325302
48717,0.0060525606,0.006300539,0.005804582,0.00047883517,0.25707117,0.2502515,0.062562875
48720,0.060122866,0.0068815,0.11336424,0.11307302,0.042406082,0.17759241,0.044398103
48723,0.06159353,0.007874516,0.11531254,0.09779996,1.1345514,1.316699,0.32917476
48726,0.019702157,0.008508507,0.030895805,0.022016978,0.030402184,0.06225805,0.015564512
48729,0.035028942,0.007867531,0.062190354,0.048350234,0.043556053,0.1089437,0.027235925
48732,0.031939335,0.008382681,0.05549599,0.048019946,0.03968525,0.117704175,0.029426044
48735,0.008921354,0.009663582,0.008179127,0.0013721654,0.39273772,0.39408708,0.09852177
48737,0.022559136,0.009187055,0.035931215,0.03223248,0.030956268,0.08333967,0.020834917
48740,0.015106899,0.008859191,0.021354606,0.004162654,0.34482834,0.31437486,0.078593716
48743,0.057587083,0.0076819942,0.10749217,0.09669746,0.7858975,0.9674179,0.24185447
48746,0.0061558858,0.0085057495,0.003806021,0.0023474742,0.21210861,0.20493066,0.051232666
48749,0.0399613,0.008631454,0.07129115,0.044748735,0.017957052,0.08110836,0.02027709
48752,0.024277017,0.009077082,0.03947695,0.030919591,0.3620688,0.3748192,0.0937048
48755,0.078187235,0.013617677,0.14275679,0.1026971,0.9156988,0.89047813,0.22261953
48757,0.021143204,0.0152619565,0.02702445,0.004671904,0.22596006,0.18640257,0.046600644
48760,0.01777131,0.01658964,0.018952979,0.00050967035,0.32340494,0.32128385,0.08032096
48763,0.024046952,0.01710102,0.030992888,0.035987664,0.024934769,0.031938273,0.007984568
48766,0.04796462,0.016518135,0.07941111,0.05243202,0.8431646,0.8796688,0.2199172
48769,0.014370848,0.01652207,0.0122196255,0.0009850982,0.16448383,0.18460004,0.04615001
48772,0.036026765,0.012620485,0.059433043,0.05155191,0.05177371,0.08094638,0.020236595
48775,0.05226946,0.016162038,0.08837688,0.07620749,0.07484945,0.16917361,0.042293403
48777,0.04370522,0.013314684,0.074095756,0.069500454,1.1115254,1.3174666,0.32936665
48780,0.021607963,0.015189012,0.028026914,0.0076345243,0.19908877,0.15313932,0.03828483
48783,0.028357266,0.017636064,0.039078463,0.029962705,0.019227982,0.023812756,0.005953189
48786,0.020249315,0.020374505,0.020124124,0.0022383102,0.123100914,0.10918236,0.02729559
48789,0.04728012,0.015567343,0.078992896,0.0828092,0.059163094,0.17956893,0.044892233
48792,0.022122731,0.018481202,0.025764257,0.0040654023,0.3903633,0.35107234,0.087768085
48795,0.06404551,0.018884262,0.10920676,0.06734692,0.04623731,0.114205875,0.028551469
48797,0.015080634,0.018506927,0.01165434,0.0042235875,0.32432377,0.3868947,0.096723676
48800,0.024193192,0.023857387,0.024528997,0.0073734694,0.18228382,0.21610482,0.054026205
48803,0.026143814,0.019440794,0.032846835,0.007174387,0.20296542,0.24648501,0.061621252
48806,0.073054664,0.024787173,0.121322155,0.08680751,1.0064282,1.2639157,0.3159789
48809,0.021223148,0.024241164,0.018205129,0.0022921995,0.27606645,0.25041473,0.06260368
48812,0.03589314,0.028139606,0.043646675,0.0039603566,0.34589133,0.39072165,0.09768041
48815,0.07757915,0.034917016,0.120241284,0.07328569,1.4531015,1.6257143,0.40642858
48817,0.07027646,0.032442313,0.108110614,0.05768603,0.8801835,0.9720125,0.24300313
48820,0.042348787,0.054646697,0.03005088,0.007982463,0.3018733,0.36842826,0.092107065
48823,0.07335713,0.040606413,0.10610783,0.056424636,0.830115,0.89637595,0.22409399
48826,0.03827545,0.0417536,0.0347973,0.0012814878,0.29871306,0.29060623,0.07265156
48829,0.061637178,0.04846558,0.07480878,0.04357907,0.5777547,0.6813359,0.17033398
48832,0.10322804,0.06472577,0.14173032,0.06361548,0.8627145,0.90640324,0.22660081
48835,0.12346009,0.07119346,0.17572673,0.051741038,0.042501926,0.057715774,0.014428943
48837,0.048366915,0.05369571,0.04303812,0.06964866,0.05273215,0.034765866,0.008691466
48840,0.09927932,0.060645655,0.13791299,0.038724393,0.43002167,0.3987616,0.0996904
48843,0.054403614,0.043310504,0.06549672,0.019221283,0.41606045,0.44019154,0.110047884
48846,0.0755709,0.04590844,0.10523337,0.12374326,0.8089399,1.0562831,0.26407078
48849,0.16573776,0.040765096,0.29071045,0.15808186,0.97762704,0.8933172,0.2233293
48852,0.098179094,0.041562866,0.15479532,0.07534231,0.8802596,0.885653,0.22141325
48854,0.08599041,0.02616895,0.14581187,0.090813376,1.6534449,1.83708,0.45927
48857,0.08098733,0.03135628,0.13061836,0.08938847,1.2715311,1.4152254,0.35380635
48860,0.023182103,0.032421116,0.013943088,0.0056855283,0.2037559,0.24739814,0.061849535
48863,0.021289758,0.023762474,0.018817043,0.003988313,0.24233119,0.21431686,0.053579215
48866,0.03209386,0.019307526,0.044880196,0.0073267072,0.44387117,0.49751422,0.124378555
48869,0.041938413,0.016185865,0.06769097,0.08660675,0.0413297,0.11754621,0.029386552
48872,0.019452449,0.023269476,0.015635421,0.0017831083,0.2585176,0.29232466,0.073081166
48874,0.09228859,0.017770989,0.1668062,0.09698593,0.811765,1.0283151,0.25707877
48877,0.038522318,0.011425607,0.06561903,0.044160116,0.93422383,1.020578,0.2551445
48880,0.020808572,0.007814932,0.033802215,0.025870657,0.4855961,0.37884662,0.094711654
48883,0.029348135,0.010976455,0.047719818,0.030196326,0.025065422,0.064536154,0.016134039
48886,0.048139397,0.013525076,0.082753725,0.07177284,0.993829,1.1934042,0.29835105
48889,0.034235235,0.007250069,0.061220396,0.06891025,0.47403535,0.40357268,0.10089317
48892,0.02380617,0.0099383565,0.037673984,0.029219085,0.012746811,0.03595842,0.008989605
48894,0.055386346,0.007724428,0.103048265,0.12754464,0.88053083,0.8048499,0.20121248
48897,0.03925109,0.009311487,0.06919069,0.07000346,0.04085652,0.15133582,0.037833955
48900,0.012987428,0.012138617,0.013836239,0.0010959477,0.14615123,0.15073937,0.037684843
48903,0.024995098,0.010384844,0.039605353,0.04761127,0.4999105,0.4599017,0.11497542
48906,0.013797171,0.012921344,0.014673001,0.01086611,0.34204754,0.42086282,0.105215706
48909,0.087771066,0.01609099,0.15945114,0.14632227,0.94478863,0.8718254,0.21795635
48912,0.034592375,0.013114601,0.05607015,0.054346934,0.88018537,1.0308985,0.2577246
48914,0.03735924,0.01386219,0.060856294,0.046305194,0.65152615,0.78241396,0.19560349
48917,0.05641064,0.031031305,0.08178997,0.03125766,0.0074648857,0.043890197,0.010972549
48920,0.056345105,0.042338323,0.070351884,0.0051219785,0.48458496,0.5303685,0.13259213
48923,0.06287694,0.03779544,0.08795843,0.0128148245,0.15504964,0.19077624,0.04769406
48926,0.05170244,0.028730804,0.07467408,0.02279337,0.026821932,0.02903293,0.0072582327
48929,0.0211689,0.033391815,0.008945987,0.011736512,0.2615858,0.3290598,0.08226495
48932,0.040607125,0.04201543,0.039198823,0.00041670245,0.19495511,0.20367944,0.05091986
48934,0.040720895,0.032373257,0.04906853,0.036392484,0.030692419,0.053008825,0.013252206
48937,0.06204927,0.030513188,0.09358535,0.0739887,0.040472984,0.11562243,0.028905608
48940,0.052599445,0.019451298,0.08574759,0.09585858,0.07217709,0.22768421,0.056921054
48943,0.040327385,0.017707353,0.062947415,0.027546758,0.014647801,0.0634359,0.015858974
48946,0.03373711,0.018792467,0.048681755,0.052995563,0.041606586,0.12875615,0.032189038
48949,0.056662098,0.016524555,0.09679964,0.056053262,0.06389252,0.16862841,0.042157102
48952,0.018618414,0.013734481,0.02350235,0.0098246,0.27814144,0.22129034,0.055322584
48954,0.052605946,0.011437158,0.093774736,0.054918885,0.38433966,0.5054567,0.12636417
48957,0.04880594,0.010672604,0.086939275,0.122446,0.9271595,1.2016557,0.30041394
48960,0.009150025,0.008928367,0.009371684,0.000623136,0.28721747,0.27439114,0.068597786
48963,0.024981186,0.006862652,0.04309972,0.026472172,0.021732649,0.038610425,0.009652606
48966,0.0070979293,0.0066687115,0.0075271465,0.0037424478,0.24245931,0.29373777,0.07343444
48969,0.043602973,0.008111195,0.07909475,0.060281962,0.06367493,0.08118528,0.02029632
48972,0.006557043,0.008055008,0.0050590783,0.0021783414,0.36615005,0.34607068,0.08651767
48974,0.044185963,0.007605368,0.08076656,0.054582894,0.7587121,0.7735543,0.19338858
48977,0.012781042,0.006021829,0.019540256,0.008572005,0.44785872,0.51571506,0.12892877
48980,0.1137749,0.006458838,0.22109097,0.17408119,1.0940069,0.99044544,0.24761136
48983,0.0058750543,0.006817593,0.004932515,0.00080705184,0.47042146,0.48945093,0.12236273
48986,0.03598355,0.009428483,0.062538624,0.07004163,0.09388224,0.16082032,0.04020508
48989,0.0369409,0.0073495344,0.06653226,0.062087994,1.0049295,1.0701574,0.26753935
48992,0.009158685,0.00791688,0.010400489,0.001970952,0.27695227,0.29667488,0.07416872
48994,0.017737363,0.007926549,0.027548177,0.036283344,0.023620924,0.054218847,0.013554712
48997,0.03163467,0.010236874,0.05303247,0.0798276,0.763133,0.7491624,0.1872906
49000,0.025916526,0.009071811,0.04276124,0.06406648,1.2124907,1.324313,0.33107826
49003,0.007103719,0.00861173,0.0055957064,0.0031334143,0.22910945,0.20727044,0.05181761
49006,0.032067984,0.009623119,0.054512847,0.056037515,0.8259027,1.0024472,0.2506118
49009,0.05831402,0.013606,0.10302204,0.06686849,0.046055477,0.13555439,0.033888597
49012,0.037636027,0.014223277,0.061048776,0.06902816,0.053259213,0.16967303,0.042418256
49014,0.09845593,0.0270048,0.16990705,0.110246934,1.2167894,1.4969307,0.37423268
49017,0.04885347,0.024720207,0.07298673,0.03285103,0.02368196,0.03367356,0.00841839
49020,0.08290764,0.030321976,0.1354933,0.08237757,0.12899701,0.26928207,0.06732052
49023,0.0677383,0.04373007,0.09174654,0.046026736,0.7455756,0.8338354,0.20845886
49026,0.06264836,0.030045519,0.0952512,0.0635108,1.4330945,1.5298916,0.3824729
49029,0.030367656,0.026960498,0.03377481,0.0010326776,0.1780649,0.17380129,0.043450322
49032,0.05624551,0.016984893,0.09550613,0.07421811,0.056430817,0.13962483,0.03490621
49034,0.033032466,0.014373298,0.051691633,0.032345127,0.028749147,0.054421086,0.0136052715
49037,0.01738526,0.02101451,0.013756011,0.0020100726,0.49976858,0.493674,0.1234185
49040,0.04950383,0.019504478,0.07950318,0.043694735,0.054765064,0.12116601,0.030291503
49043,0.022153718,0.010364272,0.033943165,0.039419223,0.6132316,0.70664674,0.17666169
49046,0.04013509,0.009219519,0.07105066,0.06592585,0.036584217,0.10042557,0.025106393
49049,0.06924174,0.009568664,0.12891482,0.16953844,1.4032475,1.8719325,0.46798313
49052,0.025663882,0.008763351,0.04256441,0.055910688,0.4662992,0.4745632,0.1186408
49054,0.019640991,0.008048649,0.031233335,0.026639836,0.032202404,0.07466136,0.01866534
49057,0.041751396,0.0076717883,0.075831,0.058335703,0.092159905,0.16940832,0.04235208
49060,0.032772806,0.00708908,0.058456536,0.041249786,0.6798579,0.73276216,0.18319054
49063,0.005073518,0.0061181984,0.004028838,0.006986186,0.44962335,0.5291106,0.13227765
49066,0.005050417,0.005456293,0.0046445406,0.0074905516,0.40443477,0.46806753,0.11701688
49069,0.0073681907,0.004572772,0.01016361,0.005405903,0.21735696,0.18034159,0.045085397
49072,0.0046632555,0.0059726625,0.003353849,0.0015626788,0.39533743,0.4343051,0.108576275
49074,0.021620808,0.0031302932,0.040111322,0.04039787,0.010646026,0.06384959,0.015962398
49077,0.02930277,0.0038023673,0.054803174,0.05169842,0.4118015,0.41866097,0.10466524
49080,0.005932478,0.0027406467,0.009124308,0.008664132,0.46635246,0.5678,0.14195
49083,0.040249854,0.0034964245,0.077003285,0.085582785,0.48770002,0.41519928,0.10379982
49086,0.045881752,0.005136214,0.0866273,0.070043564,0.053233463,0.1528107,0.038202673
49089,0.005175645,0.005611437,0.004739853,0.0035763339,0.28359196,0.32932508,0.08233127
49092,0.03085342,0.009939971,0.051766872,0.04527943,0.3505591,0.32830185,0.08207546
49094,0.027107999,0.0102163665,0.04399963,0.030889282,0.017292818,0.0575507,0.014387675
49097,0.007622099,0.0061963946,0.0090478035,0.0008864743,0.2389189,0.23049451,0.05762363
49100,0.03213312,0.009700305,0.054565936,0.048141014,1.0880598,1.1558989,0.28897473
49103,0.061179966,0.009806996,0.11255293,0.09993136,1.1905757,1.236127,0.30903175
49106,0.017556868,0.007227853,0.027885884,0.009234292,0.26737016,0.21931314,0.054828286
49109,0.083267786,0.012170658,0.1543649,0.16652422,1.1576948,1.0572389,0.26430973
49112,0.07918661,0.015249799,0.14312342,0.11011636,0.8992998,0.9099169,0.22747922
49114,0.04037498,0.018352905,0.06239705,0.04287802,0.026528358,0.056015294,0.0140038235
49117,0.057906773,0.020506607,0.09530693,0.06164376,1.3132114,1.4636666,0.36591664
49120,0.0658843,0.025752997,0.1060156,0.05902301,0.696511,0.71432143,0.17858036
49123,0.03599303,0.025152436,0.04683362,0.05303733,0.0488712,0.061212912,0.015303228
49126,0.014879388,0.01522243,0.014536347,0.00074557104,0.168661,0.1862157,0.046553925
49129,0.09932368,0.01611942,0.18252794,0.22492349,1.1884731,1.66922,0.417305
49132,0.015810693,0.014055875,0.017565511,0.0006750049,0.21327431,0.2207704,0.0551926
49134,0.015343302,0.016928473,0.01375813,0.0027336376,0.20474601,0.24872673,0.06218168
49137,0.03665187,0.01960004,0.053703696,0.042187642,0.6462663,0.6555414,0.16388535
49140,0.039652623,0.017075336,0.062229913,0.032537002,0.035766285,0.10291883,0.025729708
49143,0.04309326,0.024313955,0.061872568,0.06265283,0.5584765,0.70202845,0.17550711
49146,0.030378928,0.029670537,0.031087318,0.00040428282,0.3153944,0.32567123,0.08141781
49149,0.037879918,0.031368595,0.044391245,0.0118958345,0.23774016,0.1914103,0.047852576
49152,0.068495475,0.03472616,0.102264784,0.07054093,1.5120832,1.5775648,0.3943912
49154,0.069442354,0.04101712,0.097867586,0.050067198,0.04330921,0.09192117,0.022980293
49157,0.065970875,0.042938586,0.089003175,0.041693833,0.6685767,0.80004007,0.20001002
49160,0.053586762,0.049357492,0.057816032,0.007957711,0.24402364,0.27617332,0.06904333
49163,0.07187944,0.06472472,0.07903415,0.044038326,0.46041965,0.45744026,0.114360064
49166,0.07033224,0.058105856,0.082558624,0.03786829,0.03872633,0.082521215,0.020630304
49169,0.09208277,0.08359323,0.10057231,0.006702257,0.17648695,0.1468677,0.036716927
49172,0.12529375,0.06843724,0.18215024,0.08827288,1.294917,1.498518,0.3746295
49174,0.09556433,0.08237534,0.1087533,0.006806714,0.25469825,0.21260633,0.05315158
49177,0.07924646,0.084739916,0.07375301,0.00086554856,0.28712896,0.31054485,0.07763621
49180,0.14104225,0.085386515,0.196698,0.06515198,0.4670919,0.447875,0.11196875
49183,0.1947351,0.11031139,0.2791588,0.08830225,0.07095146,0.17713948,0.04428487
49186,0.11443868,0.11410969,0.11476768,0.00047828,0.19979985,0.1999725,0.049993124
49189,0.13059323,0.116585396,0.14460105,0.020340433,0.41683796,0.45494232,0.11373558
49192,0.14011185,0.13493,0.14529371,0.09570982,0.040886242,0.14299814,0.035749536
49194,0.15859345,0.1465094,0.1706775,0.028925309,0.5840339,0.64640975,0.16160244
49197,0.10651427,0.1256827,0.08734584,0.011923288,0.35525942,0.44300926,0.110752314
49200,0.13039981,0.1573549,0.103444695,0.0072334693,0.43266153,0.53861904,0.13465476
49203,0.19925259,0.1664085,0.23209667,0.07504851,0.51286286,0.66042167,0.16510542
49206,0.3137083,0.28074026,0.34667635,0.034968436,0.04099242,0.0963526,0.02408815
49209,0.2642659,0.2918266,0.23670518,0.09842076,1.2386395,1.6017805,0.40044513
49212,0.2426577,0.27213064,0.21318479,0.010310927,0.2729969,0.24345846,0.060864616
49214,0.26949567,0.26310453,0.2758868,0.11458484,0.059220195,0.21086103,0.052715257
49217,0.27089426,0.26904216,0.2727463,0.13607968,1.4346031,1.4046348,0.3511587
49220,0.31335366,0.23968649,0.38702083,0.062299047,0.037092686,0.12618835,0.03154709
49223,0.16099668,0.1797901,0.14220326,0.085227735,0.52691716,0.49109888,0.12277472
49226,0.16144462,0.12924992,0.19363932,0.0076562366,0.18851931,0.21377283,0.05344321
49229,0.12804723,0.10147319,0.15462126,0.006404335,0.23457718,0.26240137,0.06560034
49232,0.09814785,0.09034711,0.1059486,0.003151364,0.25885856,0.2311589,0.057789724
49234,0.08106267,0.07584939,0.08627594,0.13496645,1.0704527,1.3811164,0.3452791
49237,0.069413856,0.058847994,0.07997972,0.05116089,0.027866999,0.05720072,0.01430018
49240,0.16038571,0.051467877,0.26930356,0.107484914,0.70624226,0.6285761,0.15714402
49243,0.08123395,0.040872905,0.121594995,0.069624625,1.4896463,1.6115279,0.40288198
49246,0.042714357,0.030134818,0.0552939,0.0061873253,0.3760821,0.43640038,0.109100096
49249,0.052120257,0.021987714,0.08225281,0.0323514,0.4526812,0.5582286,0.13955715
49252,0.047441825,0.017048728,0.07783493,0.07976624,1.2435946,1.4768165,0.36920413
49254,0.045802757,0.014357547,0.07724797,0.03448565,0.038826626,0.094292186,0.023573047
49257,0.01313405,0.012504893,0.013763207,0.01123428,0.48312095,0.41710111,0.10427528
49260,0.012583827,0.012008198,0.013159457,0.0017148069,0.47806802,0.44950032,0.11237508
49263,0.06394431,0.011719979,0.11616864,0.07050083,0.48800024,0.6094043,0.15235108
49266,0.01097392,0.0133135645,0.008634278,0.0011463381,0.19507563,0.17920141,0.044800352
49269,0.013058056,0.015680926,0.010435186,0.003064366,0.14090164,0.11407369,0.028518422
49272,0.042194784,0.018199155,0.06619041,0.036705043,0.6792662,0.73785114,0.18446279
49274,0.024058977,0.01800885,0.030109106,0.004869509,0.11567179,0.104656436,0.026164109
49277,0.04159343,0.022246117,0.060940742,0.041744277,0.03443702,0.080310695,0.020077674
49280,0.0277199,0.022013837,0.03342596,0.004768159,0.14559937,0.13099597,0.032748993
49283,0.088507555,0.021110287,0.15590483,0.099334516,0.8222835,1.0331132,0.2582783
49286,0.11622447,0.022559436,0.20988949,0.13710348,1.2055811,1.1435165,0.28587914
49289,0.06373117,0.018932322,0.10853002,0.06288258,0.66113347,0.6564265,0.16410662
49292,0.02137787,0.010093068,0.03266267,0.020869642,0.014898936,0.028965188,0.007241297
49294,0.018269101,0.011582187,0.024956018,0.0046811155,0.16891484,0.19751167,0.04937792
49297,0.008609862,0.009370062,0.0078496635,0.0028702284,0.24113655,0.25947654,0.064869136
49300,0.033064067,0.0033116909,0.06281645,0.068438224,1.1252458,1.3442473,0.33606184
49303,0.0593553,0.005350102,0.113360494,0.14950755,1.1599351,1.119068,0.279767
49306,0.017294362,0.0035418875,0.031046838,0.031501513,0.5969055,0.6052492,0.1513123
49309,0.017181924,0.0028669091,0.03149694,0.039845224,0.04292822,0.078768134,0.019692034
49312,0.04141973,0.0033566356,0.07948282,0.09452653,0.04753685,0.15156005,0.037890013
49314,0.036299776,0.003939426,0.06866013,0.06704391,0.97753674,1.1870296,0.2967574
49317,0.010721688,0.0071822032,0.014261174,0.003679869,0.44924054,0.4986585,0.12466463
49320,0.008794408,0.005817873,0.011770944,0.012986698,0.33109936,0.40917364,0.10229341
49323,0.029181583,0.0045200437,0.053843122,0.063963644,0.04716301,0.07811692,0.01952923
49326,0.038700417,0.004197908,0.07320293,0.0706113,0.07294909,0.07826986,0.019567465
49329,0.10728964,0.0046743783,0.20990491,0.1819496,1.2624692,1.132548,0.283137
49332,0.0062541324,0.00435957,0.008148694,0.0050950693,0.2936281,0.25048944,0.06262236
49334,0.027505277,0.0047126957,0.050297856,0.056605626,0.77941895,0.79895544,0.19973886
49337,0.01651365,0.005050065,0.027977234,0.020187464,0.4034241,0.34130058,0.085325144
49340,0.021280488,0.0075144568,0.03504652,0.04571649,0.026735306,0.059055757,0.014763939
49343,0.028921874,0.0042027943,0.053640958,0.0650704,0.5699151,0.68573815,0.17143454
49346,0.022259116,0.0037463878,0.040771842,0.034044538,0.7196531,0.7763471,0.19408678
49349,0.0057832394,0.003168501,0.008397978,0.006855838,0.44527325,0.41667557,0.10416889
49352,0.036117177,0.003799686,0.06843466,0.06466045,0.03189214,0.10886579,0.027216448
49354,0.07991544,0.0043508126,0.15548007,0.12800927,1.1203226,1.1611006,0.29027516
49357,0.036621265,0.0049975133,0.068245016,0.066585846,0.066641964,0.09395704,0.02348926
49360,0.027694901,0.008499531,0.04689027,0.031808373,0.027857145,0.017409602,0.0043524005
49363,0.04648825,0.013732563,0.079243936,0.071083464,1.1055722,1.3327075,0.33317688
49366,0.0144413,0.016069073,0.012813527,0.004867735,0.25839946,0.31562352,0.07890588
49369,0.060681194,0.024005985,0.09735641,0.060847957,0.03253126,0.078531854,0.019632963
49372,0.027592838,0.030969398,0.024216274,0.010438212,0.35732922,0.45411023,0.11352756
49374,0.109935276,0.034440298,0.18543024,0.16500698,1.3139365,1.8050971,0.45127428
49377,0.07444159,0.039063916,0.10981927,0.058999833,0.9935105,1.1390533,0.28476334
49380,0.06646705,0.036504194,0.09642991,0.05995275,1.0382904,1.0660518,0.26651296
49383,0.039682683,0.037612945,0.041752417,0.00085228233,0.26574484,0.28258747,0.07064687
49386,0.041389104,0.043701414,0.03907679,0.0017309148,0.13473053,0.13758516,0.03439629
49389,0.1131893,0.053574633,0.17280395,0.081364326,0.05328369,0.08630302,0.021575755
49392,0.0635522,0.05789085,0.06921355,0.0023563418,0.190629,0.21348841,0.053372104
49394,0.12522747,0.061118737,0.1893362,0.09897331,0.1009566,0.23362704,0.05840676
49397,0.10238669,0.064484775,0.1402886,0.092658125,1.2943947,1.6145324,0.4036331
49400,0.11670443,0.081839584,0.15156928,0.07364064,1.0994912,1.1307203,0.28268006
49403,0.11925585,0.09867128,0.13984042,0.038171675,0.7580471,0.84757185,0.21189296
49406,0.19151652,0.12863173,0.2544013,0.10718357,0.88700324,0.87486714,0.21871679
49409,0.1592899,0.14632927,0.17225052,0.044198364,0.04445513,0.11050248,0.02762562
49412,0.18598785,0.15957563,0.21240008,0.0068919994,0.18419693,0.15321876,0.03830469
49414,0.16443427,0.14390843,0.18496013,0.073912606,1.1056811,1.2991424,0.3247856
49417,0.15479897,0.14126734,0.1683306,0.0314935,0.025149504,0.043674786,0.010918696
49420,0.14034788,0.1396969,0.14099886,0.028092882,0.02223762,0.047627736,0.011906934
49423,0.16187601,0.1530432,0.17070882,0.06362293,1.0796618,1.2828783,0.32071957
49426,0.17764759,0.14832194,0.20697324,0.048115585,0.5280431,0.6164723,0.15411808
49429,0.16879964,0.14018701,0.19741227,0.0074867005,0.36538807,0.42143974,0.105359934
49432,0.1987745,0.16091816,0.23663084,0.05929332,1.390272,1.4477516,0.3619379
49434,0.17907904,0.16444202,0.19371606,0.024255505,0.005068779,0.024577893,0.0061444733
49437,0.16774826,0.16890971,0.16658679,0.0006188878,0.23439322,0.23607685,0.05901921
49440,0.1695432,0.17302449,0.16606192,0.0012058226,0.19396667,0.21340208,0.05335052
49443,0.18769483,0.19079496,0.18459469,0.04139783,0.05213849,0.12733127,0.031832818
49446,0.1638179,0.19969516,0.12794064,0.010828256,0.42835793,0.5228381,0.13070953
49449,0.22337782,0.21932882,0.22742683,0.06625184,0.043319385,0.13910516,0.03477629
49452,0.27466106,0.24051464,0.3088075,0.009785831,0.19898613,0.16875966,0.042189915
49454,0.20347595,0.19445224,0.21249966,0.0014956292,0.14900723,0.13500844,0.03375211
49457,0.11960587,0.09906942,0.14014232,0.062966734,0.049317043,0.1052801,0.026320025
49460,0.10155895,0.09361368,0.10950423,0.054352824,0.43147215,0.41171464,0.10292866
49463,0.1001266,0.09491048,0.10534272,0.00067670486,0.34489378,0.3616941,0.090423524
49466,0.120840095,0.093247466,0.14843272,0.043992873,0.020799002,0.072029516,0.018007379
49469,0.09140676,0.093119286,0.08969423,0.001356335,0.1247406,0.124105714,0.031026429
49472,0.12964064,0.10337779,0.15590349,0.047517955,0.03730138,0.09956097,0.024890242
49474,0.11270878,0.099267565,0.12615,0.0026349735,0.37055588,0.4099755,0.102493875
49477,0.15423954,0.0973118,0.21116728,0.07129424,0.651612,0.61052626,0.15263157
49480,0.089721836,0.09841757,0.081026115,0.0037941148,0.484087,0.46144435,0.11536109
49483,0.12942049,0.1105141,0.14832689,0.07455868,0.6675717,0.8342776,0.2085694
49486,0.124127544,0.10189881,0.14635628,0.02728305,0.51087695,0.50765884,0.12691471
49489,0.11235849,0.11265072,0.11206626,0.0391822,0.025648275,0.06864039,0.017160097
49492,0.16268776,0.10822531,0.21715021,0.07714086,0.055554707,0.14972119,0.037430298
49494,0.14800534,0.09866053,0.19735014,0.094186924,1.1640438,1.2483864,0.3120966
49497,0.13671772,0.12502946,0.14840598,0.0020444617,0.522768,0.5583008,0.1395752
49500,0.19386995,0.12498485,0.26275507,0.07359086,0.58043575,0.5284247,0.13210617
49503,0.17982946,0.11112833,0.24853058,0.05026004,0.037283737,0.032140505,0.008035126
49506,0.12098207,0.11416369,0.12780045,0.0012049448,0.15942736,0.14514737,0.036286842
49509,0.1102312,0.10174034,0.118722074,0.0883705,0.049883526,0.18627125,0.046567813
49512,0.11409644,0.09395442,0.13423845,0.06262132,0.046601612,0.14092371,0.035230927
49514,0.13233365,0.09259078,0.17207654,0.06723981,0.05352211,0.1352704,0.0338176
49517,0.10613067,0.09083998,0.12142136,0.053482447,0.90994555,1.0111499,0.25278747
49520,0.11531951,0.09315028,0.13748874,0.03370508,0.034071606,0.08239857,0.020599643
49523,0.13999745,0.089546144,0.19044876,0.06784176,0.8827715,0.93054205,0.23263551
49526,0.09912751,0.09028051,0.10797452,0.0043273927,0.28418276,0.24249162,0.060622904
49529,0.08661705,0.08392456,0.089309536,0.0004894447,0.1859258,0.19595523,0.048988808
49532,0.07298723,0.06862372,0.07735073,0.04301091,0.033599854,0.10732976,0.02683244
49534,0.10473046,0.07004678,0.13941413,0.042213153,0.023573557,0.049790565,0.012447641
49537,0.09718343,0.074866146,0.11950072,0.057231706,0.07580948,0.13442896,0.03360724
49540,0.11858016,0.06562527,0.17153506,0.07298128,0.043533325,0.14916252,0.03729063
49543,0.09431362,0.06988824,0.11873899,0.037111204,0.028061232,0.065000564,0.016250141
49546,0.06749158,0.061570644,0.07341253,0.0050661485,0.48297343,0.43496117,0.10874029
49549,0.023368232,0.0314139,0.015322565,0.021868357,0.49754333,0.40169668,0.10042417
49552,0.056361225,0.017632732,0.09508971,0.076455854,0.12090238,0.23923858,0.059809644
49554,0.07236108,0.03369562,0.11102655,0.11261269,1.0369854,1.0129893,0.25324732
49557,0.0405957,0.03585845,0.045332953,0.0030674655,0.47168896,0.44326302,0.110815756
49560,0.040677026,0.042608913,0.03874514,0.00046328572,0.39667,0.38516203,0.09629051
49563,0.05616189,0.035249043,0.07707474,0.03799214,0.009239833,0.04845488,0.01211372
49566,0.055420663,0.041671056,0.06917027,0.022767426,0.026690165,0.055121507,0.013780377
49569,0.06467017,0.04109628,0.08824406,0.067241795,0.053862255,0.11064422,0.027661055
49572,0.053130705,0.045018762,0.061242655,0.004866855,0.26607767,0.27578726,0.068946816
49574,0.07436086,0.04323703,0.105484694,0.033877824,0.027844429,0.03606012,0.00901503
49577,0.082997836,0.043019276,0.1229764,0.10305381,0.03710063,0.14534517,0.03633629
49580,0.069837704,0.044864107,0.0948113,0.054734927,0.8865897,0.9539024,0.2384756
49583,0.040078845,0.052092362,0.028065324,0.007254936,0.41762176,0.49553195,0.12388299
49586,0.035064247,0.04576422,0.024364278,0.0112220645,0.48031107,0.42519143,0.10629786
49589,0.054269224,0.05014776,0.05839068,0.0017149672,0.22417323,0.22380896,0.05595224
49592,0.05247438,0.054706078,0.05024268,0.0005430519,0.3050499,0.29742274,0.074355684
49594,0.07606601,0.056770634,0.09536138,0.05219539,0.5581856,0.5624924,0.1406231
49597,0.108523585,0.057886098,0.15916108,0.13803203,1.3298206,1.295072,0.323768
49600,0.11765405,0.054180622,0.18112747,0.08083215,0.7147021,0.6472512,0.1618128
49603,0.079670094,0.056475043,0.10286514,0.013808903,0.5251617,0.42910478,0.107276194
49606,0.05577967,0.0596175,0.05194184,0.072035976,0.067858376,0.06290605,0.015726512
49609,0.06322501,0.06906349,0.057386536,0.032805454,0.019301096,0.027638823,0.0069097057
49612,0.055502117,0.049287666,0.061716568,0.02901727,0.022232374,0.0521287,0.013032175
49614,0.035670564,0.0459657,0.025375424,0.006651871,0.27027512,0.23792136,0.05948034
49617,0.030966505,0.041121867,0.020811148,0.0069180503,0.3232719,0.3543955,0.08859888
49620,0.06839316,0.04662919,0.090157144,0.0277273,0.017723719,0.029840475,0.0074601187
49623,0.07476043,0.039869286,0.109651566,0.056129634,1.0852184,1.2132998,0.30332494
49626,0.10112933,0.044538293,0.15772037,0.08498234,0.0616525,0.17738782,0.044346955
49629,0.08236753,0.051286448,0.11344861,0.024931177,0.023138205,0.023713231,0.005928308
49632,0.03212565,0.03776412,0.026487181,0.006002071,0.2583367,0.2518452,0.0629613
49634,0.045232963,0.037114568,0.053351354,0.058872204,0.46205583,0.43468451,0.10867113
49637,0.06248195,0.031907737,0.093056165,0.035884444,0.006644567,0.055039506,0.013759877
49640,0.043476705,0.032044105,0.054909304,0.039471705,0.022633234,0.044242803,0.011060701
49643,0.019721646,0.02707232,0.012370971,0.00929873,0.36789688,0.42447457,0.10611864
49646,0.023965202,0.024479123,0.023451282,0.026781246,0.415507,0.33513567,0.08378392
49649,0.025811037,0.028551802,0.02307027,0.004662872,0.34498605,0.34931755,0.08732939
49652,0.03736135,0.026071833,0.04865086,0.00678844,0.22108841,0.25484768,0.06371192
49654,0.043746766,0.026255561,0.061237965,0.049088452,0.9810918,0.9983549,0.24958873
49657,0.031359453,0.035667907,0.027051002,0.007013684,0.32882372,0.2954506,0.07386265
49660,0.038933557,0.028686397,0.049180716,0.0067524724,0.1968816,0.22122061,0.055305153
49663,0.046991628,0.027830794,0.06615245,0.027181951,0.022417387,0.04149522,0.010373805
49666,0.018713446,0.024352973,0.013073921,0.0124729425,0.19159825,0.15379117,0.038447794
49669,0.022337334,0.024894526,0.019780146,0.0031982015,0.15839274,0.17339025,0.043347564
49672,0.05318803,0.024923509,0.081452556,0.05070981,0.3565998,0.36009112,0.09002278
49674,0.04568992,0.024843216,0.06653663,0.03480195,0.5761202,0.5520612,0.1380153
49677,0.11854297,0.024193453,0.21289249,0.2020545,1.2916082,1.162903,0.29072574
49680,0.058474243,0.034307633,0.08264085,0.0596792,0.08526675,0.18154663,0.045386657
49683,0.021221897,0.029341673,0.013102117,0.005076287,0.28564706,0.24971908,0.06242977
49686,0.057397466,0.033033013,0.08176191,0.048445627,0.059794743,0.14496022,0.036240056
49689,0.10914866,0.034119215,0.18417811,0.19122005,1.049918,1.420961,0.35524026
49692,0.101111345,0.034490585,0.1677321,0.10165664,1.1772213,1.4387354,0.35968384
49694,0.06377003,0.03624742,0.09129264,0.03959961,0.7014745,0.7820239,0.19550598
49697,0.06031133,0.030888913,0.08973374,0.06045254,0.039354164,0.10006312,0.02501578
49700,0.05700019,0.03452668,0.0794737,0.04930352,0.8523059,0.9153161,0.22882903
49703,0.028404666,0.0372504,0.01955893,0.006247712,0.35907808,0.32699668,0.08174917
49706,0.041095894,0.03298891,0.049202878,0.0041803997,0.51368016,0.48796716,0.12199179
49709,0.104859255,0.035259206,0.1744593,0.09529442,1.6549339,1.8444239,0.46110597
49712,0.034246188,0.03326423,0.035228144,0.0037036466,0.20573914,0.16934566,0.042336415
49714,0.13572645,0.03605829,0.23539461,0.13233761,1.1241709,1.0890712,0.2722678
49717,0.029405275,0.01973097,0.03907958,0.004832931,0.21976598,0.24288529,0.060721323
49720,0.030628746,0.013050812,0.048206676,0.030144965,0.027114233,0.047381174,0.011845293
49723,0.009590275,0.010865826,0.008314724,0.0016977973,0.42551613,0.41980806,0.104952015
49726,0.03892541,0.010895749,0.06695507,0.06992882,1.0860904,1.2710987,0.31777468
49729,0.04204152,0.008189514,0.07589352,0.06052028,1.2558569,1.3783592,0.3445898
49732,0.013218552,0.009900027,0.016537078,0.010699355,0.18660855,0.13324279,0.033310696
49734,0.028248422,0.006584844,0.049912002,0.028857231,0.018974463,0.037440408,0.009360102
49737,0.028623654,0.006521189,0.050726116,0.0462373,0.7951832,0.9132797,0.22831993
49740,0.018602949,0.0067545944,0.030451303,0.016123364,0.45632043,0.37754145,0.09438536
49743,0.014192524,0.007834992,0.020550055,0.006442943,0.1132768,0.102180384,0.025545096
49746,0.008719374,0.008442303,0.008996447,0.0019977912,0.16673183,0.19312365,0.048280913
49749,0.014645626,0.011744097,0.017547155,0.004005359,0.48217455,0.44807282,0.112018205
49752,0.032410234,0.011969395,0.05285107,0.040710647,0.0074386597,0.057065964,0.014266491
49754,0.035446372,0.017430443,0.053462297,0.04551934,0.8319607,0.8763504,0.2190876
49757,0.017188331,0.017063359,0.017313303,0.00659905,0.43252373,0.46416798,0.116041996
49760,0.06968928,0.017859386,0.12151917,0.06934079,0.5081075,0.6204753,0.15511882
49763,0.08501025,0.019074118,0.15094638,0.09757626,1.1002705,1.3693701,0.34234253
49766,0.1011852,0.019761397,0.182609,0.115936875,1.1479193,1.1704379,0.29260948
49769,0.08002035,0.021657994,0.13838272,0.08049521,0.05856371,0.17769681,0.044424202
49772,0.029996997,0.023463925,0.03653007,0.035533756,0.019410929,0.043747958,0.010936989
49774,0.10953169,0.02764756,0.19141583,0.17223255,1.2104174,1.089116,0.272279
49777,0.08850848,0.033729315,0.14328764,0.097190775,0.07348871,0.22832032,0.05708008
49780,0.060411174,0.05162829,0.069194056,0.0026785955,0.2765697,0.25498226,0.063745566
49783,0.08577501,0.059553206,0.11199681,0.062186692,0.071303524,0.13983001,0.034957502
49786,0.15024084,0.06090406,0.2395776,0.11406266,0.7450506,0.6740319,0.16850798
49789,0.10474963,0.05898949,0.15050977,0.15704583,1.2047423,1.1391212,0.2847803
49792,0.1449406,0.0627268,0.22715442,0.10326914,0.75307876,0.95643646,0.23910911
49794,0.048908304,0.0644168,0.0333998,0.0067680604,0.3886093,0.47200027,0.11800007
49797,0.08863941,0.054496214,0.12278261,0.030832417,0.0031822522,0.038013548,0.009503387
49800,0.07718382,0.03685428,0.11751336,0.11943688,0.03809929,0.15799345,0.039498363
49803,0.10064033,0.03305393,0.16822672,0.09306034,1.2874298,1.548306,0.3870765
49806,0.046471987,0.029281318,0.063662656,0.011998832,0.29144308,0.23253667,0.05813417
49809,0.037679363,0.021786196,0.053572536,0.028391322,0.51189995,0.54517186,0.13629296
49811,0.077199966,0.023831582,0.13056834,0.07626352,0.045110542,0.07439296,0.01859824
49814,0.029262839,0.0165853,0.041940376,0.0071782046,0.2852249,0.31209397,0.07802349
49817,0.029367916,0.0177209,0.041014932,0.024895191,0.0079956055,0.029858038,0.0074645095
49820,0.012212147,0.016782667,0.0076416265,0.004427686,0.20621403,0.22632593,0.056581482
49823,0.043035343,0.017299004,0.06877168,0.080885105,0.05672248,0.18677044,0.04669261
49826,0.05240656,0.020163096,0.08465002,0.07133981,0.04591004,0.15586811,0.03896703
49829,0.12995969,0.018443257,0.24147612,0.16163297,1.2519087,1.5058521,0.37646303
49831,0.052592233,0.016887454,0.08829701,0.07777983,0.055133343,0.14522958,0.036307395
49834,0.026332602,0.015502761,0.03716244,0.030574955,0.55523425,0.619659,0.15491475
49837,0.0600826,0.014509946,0.10565525,0.09275641,1.3562531,1.6464281,0.41160703
49840,0.061112564,0.01283886,0.109386265,0.082056314,1.2515552,1.4329163,0.35822907
49843,0.012771546,0.010577247,0.014965844,0.004357006,0.22203135,0.18877022,0.047192555
49846,0.061466333,0.011828375,0.11110429,0.08215427,0.057689667,0.199139,0.04978475
49849,0.025698425,0.009914851,0.041482,0.0434933,0.02091535,0.08968059,0.022420147
49851,0.04464476,0.010597084,0.07869244,0.069993876,0.04398219,0.06258061,0.015645152
49854,0.057629526,0.012240094,0.10301896,0.070041105,0.8449103,0.8382778,0.20956945
49857,0.035522718,0.014317475,0.056727964,0.07024558,0.7736059,0.7622238,0.19055595
49860,0.06064175,0.018094113,0.10318939,0.11359335,1.0881096,1.0982562,0.27456406
49863,0.035250183,0.022041589,0.048458774,0.009491096,0.30710912,0.25514886,0.063787214
49866,0.06456527,0.028161898,0.10096864,0.08791367,0.05936082,0.20255494,0.050638735
49869,0.09535477,0.050670188,0.14003935,0.081404395,1.4809986,1.694568,0.423642
49871,0.0399313,0.034657177,0.04520543,0.0018195715,0.30618513,0.28532127,0.07133032
49874,0.04633571,0.038996488,0.053674925,0.0036691504,0.21108563,0.22770862,0.056927156
49877,0.07065432,0.052608293,0.08870035,0.062873125,0.76955444,0.9484752,0.2371188
49880,0.06574141,0.06232689,0.06915593,0.0011175416,0.22896464,0.21644436,0.05411109
49883,0.06298155,0.06619078,0.059772328,0.0031123727,0.4463347,0.45268035,0.11317009
49886,0.066611916,0.07717137,0.056052465,0.0022149251,0.304499,0.34850827,0.08712707
49889,0.075832844,0.08179363,0.06987206,0.0012875261,0.1776449,0.2035995,0.050899874
49891,0.12418022,0.08530996,0.16305046,0.015921136,0.27284288,0.34911776,0.08727944
49894,0.056067556,0.06127162,0.050863493,0.0016028712,0.19238126,0.2217782,0.05544455
49897,0.07228273,0.04832081,0.096244656,0.056203548,1.0133095,1.0858817,0.27147043
49900,0.057952527,0.048492253,0.0674128,0.045666635,0.35949454,0.34893906,0.087234765
49903,0.09969785,0.054513652,0.14488205,0.07083077,1.3050443,1.4425784,0.3606446
49906,0.07350922,0.055808704,0.09120973,0.005940694,0.25935888,0.30727878,0.076819696
49909,0.11024942,0.06006666,0.16043217,0.052966643,0.0404733,0.07152117,0.017880293
49911,0.16330172,0.08342085,0.24318258,0.09974902,0.95405054,1.1907142,0.29767856
49914,0.11228621,0.0825816,0.14199083,0.044707317,0.050263245,0.10941231,0.027353078
49917,0.04141016,0.044721913,0.038098406,0.0034790337,0.30496216,0.29115495,0.07278874
49920,0.048405048,0.03751468,0.059295416,0.019437782,0.0019798279,0.022218673,0.005554668
49923,0.09762171,0.048094243,0.14714918,0.059705,0.48450717,0.4179372,0.1044843
49926,0.06412813,0.065631755,0.06262451,0.0046703215,0.13392766,0.12258089,0.030645223
49929,0.092490874,0.07756149,0.10742024,0.076292515,0.79888725,0.79035014,0.19758753
49931,0.07685774,0.083952695,0.069762774,0.01704345,0.44233003,0.3792369,0.09480923
49934,0.0942547,0.081083044,0.10742637,0.055189308,0.4779892,0.48729292,0.12182323
49937,0.09682259,0.07594498,0.1177002,0.014118522,0.41809973,0.3518115,0.087952875
49940,0.14720878,0.088092625,0.20632493,0.19951318,1.2306781,1.6971534,0.42428836
49943,0.10228616,0.11096365,0.09360868,0.0056514177,0.50918263,0.47421956,0.11855489
49946,0.1409647,0.12486973,0.15705968,0.06235705,0.5354505,0.6542053,0.16355133
49949,0.14478767,0.09529541,0.19427992,0.09776169,1.06987,1.2291454,0.30728635
49951,0.07529177,0.07362851,0.07695503,0.00040713418,0.43130556,0.43967676,0.10991919
49954,0.10140065,0.06728291,0.1355184,0.08716778,1.3754468,1.6335196,0.4083799
49957,0.09124046,0.062175978,0.120304935,0.037651695,0.5965347,0.6695617,0.16739042
49960,0.09973774,0.07451215,0.12496334,0.05411385,0.8640421,1.003653,0.25091326
49963,0.12321981,0.10749266,0.13894694,0.061620682,0.4161466,0.39337125,0.09834281
49966,0.08904936,0.09446285,0.08363587,0.0011303182,0.12339529,0.11735948,0.02933987
49969,0.15893012,0.10996815,0.2078921,0.032670528,0.007119497,0.051450852,0.012862713
49971,0.11573819,0.10743291,0.12404349,0.027842456,0.020151457,0.038029056,0.009507264
49974,0.14280432,0.12115454,0.16445412,0.0043976973,0.43778864,0.48473096,0.12118274
49977,0.1319188,0.13699666,0.12684096,0.0013875492,0.4541801,0.4750978,0.11877445
49980,0.13922486,0.13527112,0.1431786,0.12946202,1.1976962,1.5621449,0.39053622
49983,0.11691242,0.13590384,0.09792099,0.004607001,0.53705174,0.62848717,0.15712179
49986,0.13690895,0.11648574,0.15733215,0.029231852,0.018427849,0.033650305,0.008412576
49989,0.13911445,0.12499696,0.15323196,0.034599017,0.030109406,0.06174026,0.015435065
49991,0.102624126,0.109626554,0.095621705,0.049261052,0.04592387,0.14519094,0.036297735
49994,0.21863596,0.10131367,0.33595824,0.14162682,1.1547217,1.1416367,0.28540918
49997,0.26267016,0.09099275,0.4343476,0.1998461,1.1238294,1.0065854,0.25164634
50000,0.06607641,0.0827697,0.049383122,0.013843144,0.38089308,0.32419136,0.08104784
50003,0.09397451,0.084011726,0.10393729,0.0033225797,0.2748555,0.25265095,0.06316274
50006,0.051075548,0.036750194,0.0654009,0.023966787,0.009489696,0.034640044,0.008660011
50009,0.022469662,0.028398296,0.016541028,0.0096310675,0.27396646,0.23327617,0.058319043
50011,0.03981213,0.021526925,0.058097333,0.020102484,0.013174057,0.019942736,0.004985684
50014,0.020709565,0.022570172,0.018848957,0.00087614864,0.1413943,0.12731707,0.031829268
50017,0.046691474,0.018336145,0.0750468,0.03937908,0.7356002,0.8258076,0.2064519
50020,0.044138055,0.022411553,0.065864556,0.04361515,0.96593857,1.0212048,0.2553012
50023,0.06103338,0.022306027,0.09976073,0.057859797,0.9553922,1.0529011,0.2632253
50026,0.04190086,0.036868535,0.046933185,0.0019938226,0.39012972,0.41256556,0.10314139
50029,0.045968186,0.04010574,0.051830634,0.0012914004,0.14339893,0.16146651,0.040366627
50031,0.0381366,0.040489767,0.035783436,0.0070577506,0.24162102,0.21706791,0.054266978
50034,0.042495996,0.036834594,0.048157394,0.016355475,0.0025234222,0.019364316,0.004841079
50037,0.09560019,0.037723113,0.15347725,0.099689126,0.85448647,0.9623087,0.24057718
50040,0.07551055,0.031890385,0.11913071,0.06684433,0.043479126,0.12205268,0.03051317
50043,0.029629467,0.029196998,0.030061936,0.00041132723,0.44739342,0.45021212,0.11255303
50046,0.071310624,0.03670181,0.10591944,0.046633154,0.01463,0.075753756,0.018938439
50049,0.099631436,0.04075494,0.15850794,0.07097215,0.04971711,0.101347804,0.025336951
50051,0.06115192,0.0445068,0.07779704,0.03718148,0.039080303,0.101285435,0.025321359
50054,0.032987718,0.032286167,0.033689264,0.0011249442,0.29576662,0.29714376,0.07428594
50057,0.07185897,0.039484654,0.104233295,0.04154348,0.013977051,0.06825975,0.017064938
50060,0.091942094,0.0822047,0.10167948,0.002220583,0.30385017,0.3240039,0.081000976
50063,0.08222797,0.068556,0.09589994,0.031678785,0.036611717,0.08561615,0.021404037
50066,0.10204097,0.06679318,0.13728876,0.04625095,0.63480884,0.7604423,0.19011058
50069,0.11292758,0.082661875,0.14319326,0.12674108,0.99501926,1.2921826,0.32304564
50071,0.104023814,0.07540617,0.13264145,0.011423737,0.26973724,0.32011822,0.080029555
50074,0.079880334,0.07533073,0.08442994,0.015503672,0.00514094,0.021124497,0.0052811243
50077,0.06066447,0.08479608,0.03653286,0.0153957615,0.47345567,0.56548136,0.14137034
50080,0.12149876,0.08763044,0.15536709,0.011329533,0.35076967,0.42443255,0.10610814
50083,0.07561669,0.058785755,0.092447616,0.036325198,0.6795218,0.7244253,0.18110633
50086,0.041373815,0.054994863,0.027752772,0.009422707,0.19973628,0.16465418,0.041163545
50089,0.076371975,0.063845985,0.08889797,0.0027516026,0.19387881,0.20842974,0.052107435
50091,0.04057337,0.054640323,0.026506415,0.010855273,0.31474686,0.26501337,0.06625334
50094,0.076678224,0.051716056,0.101640396,0.07508757,1.3160833,1.3366389,0.33415973
50097,0.05049342,0.042346645,0.058640197,0.0019447356,0.3342813,0.35183156,0.08795789
50100,0.061724693,0.035863895,0.08758549,0.03363241,0.5640566,0.5498732,0.1374683
50103,0.047640577,0.03711121,0.058169942,0.070564926,0.4199214,0.5129085,0.12822713
50106,0.04863267,0.029226929,0.06803841,0.04168436,0.7643507,0.82354146,0.20588537
50109,0.048961952,0.021843499,0.076080404,0.105188586,0.6412141,0.8076618,0.20191544
50111,0.020734318,0.020242658,0.02122598,0.0005276636,0.49580893,0.49085057,0.12271264
50114,0.012140948,0.015521678,0.0087602185,0.0022403265,0.28721818,0.29687726,0.074219316
50117,0.02737301,0.0090110805,0.045734942,0.06886956,0.65972203,0.668353,0.16708826
50120,0.015881209,0.013836522,0.017925896,0.010018904,0.26516914,0.22896542,0.057241354
50123,0.070074745,0.014329337,0.12582016,0.075018205,0.5704636,0.48815966,0.122039914
50126,0.047408987,0.012432498,0.08238548,0.10686904,1.2687277,1.226479,0.30661976
50129,0.012179512,0.009116956,0.015242067,0.004888595,0.25779077,0.2182555,0.054563876
50131,0.04522565,0.009503244,0.080948055,0.09115026,1.258906,1.2931062,0.32327655
50134,0.006588355,0.005954664,0.0072220466,0.0010741063,0.26498032,0.2791085,0.06977712
50137,0.06834554,0.007168419,0.12952265,0.11043265,1.1032096,1.3592759,0.33981898
50140,0.13676886,0.00829038,0.26524732,0.23626156,1.291275,1.1360283,0.28400707
50143,0.02338262,0.009513635,0.037251607,0.053722467,0.022942385,0.07633863,0.019084657
50146,0.015608971,0.011120099,0.020097844,0.0032158413,0.331622,0.29698518,0.074246295
50149,0.042603467,0.008643554,0.07656338,0.04770087,0.035391968,0.067988165,0.016997041
50151,0.055935968,0.008549959,0.10332198,0.110623755,0.6217213,0.50637144,0.12659286
50154,0.035386857,0.009321768,0.06145194,0.04238719,0.29960123,0.30038747,0.07509687
50157,0.05105239,0.013251924,0.08885286,0.054148454,0.04158036,0.06852592,0.01713148
50160,0.077577196,0.014139046,0.14101535,0.124118604,1.1997477,1.1606712,0.2901678
50163,0.039811555,0.021430016,0.0581931,0.024994323,0.4094162,0.48044002,0.120110005
50166,0.018562444,0.027388731,0.009736155,0.020636473,0.46551195,0.39092278,0.097730696
50169,0.045826066,0.031483363,0.060168777,0.062032998,0.04893748,0.06692227,0.016730567
50171,0.07461148,0.033887964,0.11533499,0.079948634,0.06681633,0.14920758,0.037301894
50174,0.031127399,0.037227254,0.025027541,0.0021102952,0.3335278,0.35915542,0.089788854
50177,0.056831438,0.035129294,0.07853358,0.06418167,1.0965937,1.2749639,0.31874096
50180,0.08557529,0.038147192,0.1330034,0.051032152,0.039758205,0.051701248,0.012925312
50183,0.064077064,0.03885352,0.08930061,0.09857753,0.76226807,0.73578525,0.18394631
50186,0.055899367,0.030352069,0.08144667,0.090411246,0.98435324,1.2220643,0.30551606
50189,0.05900326,0.027393786,0.09061273,0.0622696,1.3875237,1.4692014,0.36730036
50191,0.06396651,0.032671582,0.09526145,0.047432248,0.03633817,0.07889153,0.019722883
50194,0.04844754,0.030416563,0.06647851,0.023031665,0.4224337,0.41399536,0.10349884
50197,0.03810447,0.025829563,0.050379377,0.006032506,0.16359647,0.19548984,0.04887246
50200,0.042899504,0.025335835,0.06046317,0.025960706,0.018652916,0.03517553,0.008793882
50203,0.032824736,0.018316336,0.047333132,0.043205004,0.027737299,0.049778122,0.012444531
50206,0.02503487,0.029248348,0.020821394,0.0026858028,0.35644683,0.37873745,0.09468436
50209,0.03290866,0.027875988,0.037941333,0.0039716056,0.18375142,0.18852262,0.047130655
50211,0.058274794,0.02703611,0.08951348,0.06898077,0.051487762,0.14676048,0.03669012
50214,0.07195131,0.02271247,0.12119015,0.11504922,0.060535908,0.26166642,0.065416604
50217,0.07639056,0.031815555,0.12096555,0.0818672,1.2616138,1.4317799,0.35794497
50220,0.057914842,0.03511723,0.08071246,0.03545246,0.5444938,0.5410497,0.13526243
50223,0.053139705,0.03877985,0.06749957,0.032295853,0.657053,0.71864146,0.17966036
50226,0.10705182,0.04621492,0.16788872,0.089703046,0.043170292,0.15373589,0.038433973
50229,0.09334954,0.05191341,0.13478567,0.08772037,1.1386572,1.340662,0.3351655
50231,0.1045754,0.06214924,0.14700156,0.07611724,0.8086875,0.7783146,0.19457865
50234,0.101252355,0.07726584,0.12523888,0.04402271,0.5902748,0.7092965,0.17732413
50237,0.08553815,0.083389156,0.087687135,0.0013761265,0.21762085,0.22200222,0.055500556
50240,0.108022116,0.096334465,0.11970977,0.0037638645,0.2860012,0.3205043,0.08012608
50243,0.10418972,0.11828383,0.0900956,0.0135539025,0.26310602,0.21501197,0.053752992
50246,0.14902009,0.13288899,0.1651512,0.03632803,0.01982371,0.0635226,0.01588065
50249,0.1775275,0.14510866,0.20994633,0.08729742,0.65162545,0.82963276,0.20740819
50251,0.13930233,0.14003071,0.13857393,0.00041959202,0.40920195,0.40808287,0.10202072
50254,0.14350857,0.14079411,0.14622302,0.021952188,0.009105682,0.02930189,0.0073254723
50257,0.18768139,0.16054349,0.21481933,0.07834842,0.0417188,0.14043476,0.03510869
50260,0.18887062,0.16366006,0.21408117,0.124088,0.70579785,0.61926,0.154815
50263,0.12898503,0.15289465,0.10507541,0.0069237337,0.4860247,0.5774407,0.14436017
50266,0.19640191,0.15071553,0.24208827,0.07157267,0.11615944,0.24331033,0.060827583
50269,0.20028146,0.16146691,0.23909603,0.050003763,0.8817437,1.0084654,0.25211635
50271,0.17885329,0.15302119,0.2046854,0.0054492205,0.14533043,0.17513423,0.043783557
50274,0.17162037,0.151738,0.19150274,0.026589682,0.03285821,0.06956489,0.017391222
50277,0.18010533,0.13876161,0.22144903,0.027690975,0.027754148,0.038960353,0.009740088
50280,0.11900458,0.14298163,0.09502753,0.0071571344,0.39386415,0.47087517,0.11771879
50283,0.14603719,0.13005944,0.16201495,0.039193224,0.82636833,0.84153336,0.21038334
50286,0.14747,0.14394535,0.15099464,0.0020459685,0.38105774,0.35985234,0.089963086
50289,0.22325188,0.12818992,0.31831384,0.13370703,1.1243839,1.3546034,0.33865085
50291,0.16974592,0.11804006,0.2214518,0.052741602,0.032927196,0.105508335,0.026377084
50294,0.11346349,0.12206783,0.10485915,0.0017669032,0.2242508,0.21014766,0.052536916
50297,0.10407719,0.12485961,0.08329477,0.13462152,0.7525215,0.65579075,0.16394769
50300,0.14668812,0.1225022,0.17087404,0.031626884,0.026423931,0.051351618,0.0128379045
50303,0.17810982,0.10993569,0.24628395,0.0651817,1.1768614,1.2942729,0.32356822
50306,0.17276841,0.08083112,0.2647057,0.105839424,0.99034816,1.1243453,0.28108633
50309,0.12801455,0.09638319,0.1596459,0.03017967,0.02629137,0.048087943,0.012021986
50311,0.11240736,0.10514802,0.119666696,0.035342734,0.024386087,0.058301028,0.014575257
50314,0.09514024,0.07712787,0.113152616,0.023441367,0.022245089,0.04696216,0.01174054
50317,0.07654867,0.065765865,0.087331474,0.018888174,0.02299579,0.050875872,0.012718968
50320,0.05351652,0.052851688,0.054181352,0.0042441017,0.5051748,0.46092188,0.11523047
50323,0.03310806,0.02308566,0.043130457,0.027767172,0.016597748,0.055811808,0.013952952
50326,0.05569178,0.017162712,0.09422085,0.07325696,0.02829806,0.08370014,0.020925036
50329,0.053092126,0.015753128,0.090431124,0.0892063,1.2676821,1.3467468,0.3366867
50331,0.018557578,0.020045487,0.017069668,0.013563891,0.27355194,0.2248949,0.056223724
50334,0.050415605,0.021410406,0.07942081,0.09908985,0.08612887,0.09041494,0.022603735
50337,0.020102803,0.0184578,0.021747805,0.003959034,0.16920026,0.18432145,0.046080362
50340,0.056728676,0.022694975,0.09076238,0.053104978,0.6447277,0.6815726,0.17039315
50343,0.02759215,0.03105549,0.02412881,0.0031450696,0.24351792,0.27296594,0.068241484
50346,0.040428054,0.048973445,0.031882662,0.004480803,0.43715605,0.3956224,0.0989056
50349,0.05830421,0.051565576,0.06504284,0.0022324238,0.31583098,0.2984034,0.07460085
50351,0.0470138,0.03906615,0.054961454,0.034286305,0.035201866,0.10124719,0.025311798
50354,0.0488906,0.035248168,0.06253303,0.07156823,0.04014047,0.15369819,0.038424548
50357,0.091416664,0.078879826,0.10395351,0.055134743,0.9103388,1.0619174,0.26547936
50360,0.08556485,0.068796895,0.10233281,0.0076757204,0.17514026,0.1268234,0.03170585
50363,0.18277538,0.05914383,0.30640694,0.16100734,0.9398467,0.8249591,0.20623977
50366,0.07516419,0.051509947,0.09881844,0.023260184,0.026779333,0.039042547,0.009760637
50369,0.05750847,0.053880807,0.061136138,0.0032817982,0.51418966,0.48708907,0.12177227
50371,0.039961964,0.0460238,0.033900127,0.003770277,0.53846586,0.541259,0.13531475
50374,0.03763454,0.048614923,0.026654154,0.004633298,0.18441503,0.2097023,0.052425575
50377,0.06299176,0.04466698,0.08131654,0.12935932,0.09935442,0.08006757,0.020016892
50380,0.09473758,0.043365285,0.14610986,0.07230068,0.9431057,1.037344,0.259336
50383,0.07547325,0.03917919,0.111767314,0.05073276,0.037447136,0.067236096,0.016809024
50386,0.04891759,0.035489943,0.062345248,0.026276844,0.020025412,0.04184574,0.010461435
50389,0.053979162,0.030279227,0.0776791,0.025744095,0.023979187,0.027822817,0.006955704
50391,0.042560484,0.02637664,0.058744326,0.008164893,0.2594687,0.27721322,0.069303304
50394,0.04586937,0.026250789,0.06548796,0.011174695,0.32002068,0.38194928,0.09548732
50397,0.019523976,0.01756817,0.021479784,0.008410418,0.23210256,0.176269,0.04406725
50400,0.049293328,0.016442979,0.08214367,0.09009958,1.2022034,1.4641943,0.36604857
50403,0.018798305,0.01773946,0.019857151,0.008470259,0.47459412,0.41368154,0.103420384
50406,0.06533074,0.010934487,0.11972698,0.08301786,0.08976809,0.1431555,0.035788875
50409,0.04003005,0.014293251,0.06576685,0.03189033,0.6011455,0.61708754,0.15427189
50411,0.024870038,0.014662959,0.035077114,0.027237045,0.42913118,0.50968987,0.12742247
50414,0.022553885,0.012836519,0.03227125,0.019803584,0.3619981,0.2557439,0.06393597
50417,0.02737235,0.012668562,0.042076137,0.035155226,0.0033238728,0.043501828,0.010875457
50420,0.02362959,0.015236482,0.0320227,0.0075784624,0.16127928,0.1709267,0.042731676
50423,0.034155,0.018019559,0.050290447,0.04058249,0.7066377,0.7302453,0.18256132
50426,0.035521965,0.019692628,0.051351305,0.011253808,0.18604445,0.12391914,0.030979784
50429,0.05435436,0.023901006,0.08480772,0.104090594,0.8230942,0.744214,0.1860535
50431,0.03505609,0.025979986,0.0441322,0.00942549,0.33549416,0.39280367,0.09820092
50434,0.03682892,0.028525153,0.045132685,0.03618787,0.45888102,0.41559973,0.10389993
50437,0.06300158,0.03203407,0.093969084,0.041762304,0.012355168,0.0767242,0.01918105
50440,0.1013217,0.034297224,0.16834617,0.07878524,0.054062366,0.14098631,0.035246577
50443,0.061323065,0.04961553,0.07303061,0.028465541,0.010125478,0.037843417,0.009460854
50446,0.063607745,0.049204405,0.07801107,0.007833757,0.4927546,0.56137305,0.14034326
50449,0.06578204,0.05565371,0.07591037,0.0035611272,0.42173314,0.39029798,0.097574495
50451,0.07208087,0.05538276,0.08877898,0.068161085,0.03391552,0.11155188,0.02788797
50454,0.09271384,0.08016561,0.10526208,0.0840256,0.030442715,0.10832023,0.027080057
50457,0.09082649,0.102844834,0.07880814,0.0040456834,0.5158064,0.49227074,0.123067684
50460,0.14958735,0.076387025,0.22278768,0.086546995,0.07233111,0.20333599,0.050833996
50463,0.15932961,0.08457551,0.2340837,0.09659586,0.06405433,0.14399302,0.035998255
50466,0.1327766,0.098007,0.1675462,0.08486057,0.14416409,0.2489715,0.062242877
50469,0.11627913,0.10522312,0.12733515,0.04774559,0.04823494,0.12773353,0.031933382
50471,0.067935996,0.08016779,0.055704206,0.0031827288,0.2845718,0.31676582,0.079191454
50474,0.11002613,0.06612184,0.15393043,0.0908952,0.14808019,0.26472008,0.06618002
50477,0.07709843,0.070431426,0.083765425,0.0026054129,0.2829144,0.2539555,0.06348888
50480,0.109521866,0.053018153,0.16602558,0.078154586,0.12935638,0.27097726,0.067744315
50483,0.05649511,0.056443382,0.056546837,0.034932785,0.03701337,0.101399474,0.025349868
50486,0.07571072,0.053387523,0.09803393,0.0328079,0.02588574,0.04979978,0.012449945
50489,0.054077983,0.054371398,0.053784568,0.03202945,0.030820211,0.08780035,0.021950087
50491,0.08868021,0.056731135,0.12062927,0.08884937,1.399807,1.4910449,0.37276122
50494,0.08531151,0.044195652,0.12642737,0.0778128,0.034125965,0.12519825,0.03129956
50497,0.06630816,0.028845927,0.1037704,0.06418559,0.02753512,0.119100876,0.029775219
50500,0.040932517,0.029944723,0.051920313,0.052493066,0.7017788,0.81175023,0.20293756
50503,0.07947543,0.01708375,0.14186712,0.101902105,1.1549293,1.1742415,0.2935604
50506,0.018002704,0.014068673,0.021936735,0.003256662,0.5257638,0.5459216,0.1364804
50509,0.036857877,0.01768179,0.056033965,0.038444255,0.69189006,0.7995532,0.1998883
50511,0.0367309,0.015274006,0.058187794,0.06256112,0.04448096,0.12466356,0.03116589
50514,0.051389903,0.017769283,0.08501053,0.085702084,0.038768608,0.15422025,0.038555063
50517,0.007953583,0.00686573,0.009041435,0.00097239687,0.25650087,0.26548886,0.066372216
50520,0.070669286,0.008798082,0.1325405,0.11667001,1.1299616,1.0906007,0.27265018
50523,0.025993334,0.0066232937,0.045363378,0.04355265,0.9450919,1.0181465,0.25453663
50526,0.046045452,0.006536562,0.08555434,0.07473799,0.080405556,0.16287182,0.040717956
50529,0.041337375,0.012641198,0.07003355,0.050905693,0.72531843,0.71915954,0.17978989
50531,0.008486952,0.010199295,0.0067746085,0.0025885964,0.18624158,0.21975426,0.054938566
50534,0.018317252,0.012576553,0.024057953,0.0029730026,0.21927993,0.1983136,0.0495784
50537,0.024144715,0.014252022,0.034037404,0.023009159,0.027210394,0.059817046,0.0149542615
50540,0.030327613,0.029231457,0.031423774,0.00081525155,0.56582004,0.5732302,0.14330755
50543,0.02974777,0.013179616,0.046315923,0.03461388,0.71067363,0.7783235,0.19458087
50546,0.013750669,0.017084753,0.010416585,0.0018719006,0.33900833,0.32626957,0.08156739
50549,0.03554089,0.030076398,0.041005384,0.0019581888,0.2856773,0.28346524,0.07086631
50551,0.039880794,0.03496037,0.044801217,0.027042663,0.016503653,0.03127631,0.007819078
50554,0.07893393,0.019652002,0.13821585,0.09594575,1.1165994,1.2968568,0.3242142
50557,0.027866269,0.01369296,0.042039577,0.027114362,0.026010036,0.046904553,0.011726138
50560,0.030018175,0.011419254,0.048617095,0.043401927,0.03199021,0.0770218,0.01925545
50563,0.013999,0.012573871,0.01542413,0.00058641314,0.38665962,0.39075413,0.09768853
50566,0.04139139,0.017669214,0.065113574,0.05896512,0.8662383,0.9380498,0.23451245
50569,0.028805755,0.018130656,0.039480854,0.055478085,0.3796762,0.36363444,0.09090861
50571,0.025018925,0.014374285,0.035663564,0.022144675,0.027900377,0.053600054,0.013400014
50574,0.07028733,0.013581385,0.12699328,0.08390295,1.4353021,1.5831505,0.39578763
50577,0.08016888,0.012618375,0.1477194,0.09255806,0.6603896,0.84333783,0.21083446
50580,0.01085483,0.009004098,0.012705562,0.0025668216,0.14386623,0.14234121,0.035585303
50583,0.049034536,0.007580545,0.09048852,0.06608433,0.75249356,0.9353196,0.2338299
50586,0.0715637,0.008953943,0.13417345,0.10232234,0.58720416,0.4869798,0.12174495
50589,0.021112755,0.008059898,0.03416561,0.0157684,0.35905138,0.3083997,0.07709993
50591,0.040484846,0.008732858,0.072236836,0.082138136,0.08170891,0.20822777,0.052056942
50594,0.028210929,0.0112256035,0.04519625,0.02720899,0.019625982,0.054310266,0.0135775665
50597,0.012102886,0.01373944,0.010466333,0.0013746409,0.4345713,0.43965104,0.10991276
50600,0.017914152,0.021818986,0.0140093155,0.0019506487,0.15614076,0.1850677,0.046266925
50603,0.045216426,0.02624813,0.064184725,0.05039158,0.02580897,0.06111696,0.01527924
50606,0.054568723,0.03678728,0.07235017,0.052048266,0.5176156,0.6569419,0.16423547
50609,0.088757925,0.04752546,0.12999038,0.07663156,0.038485844,0.12599356,0.03149839
50611,0.0610075,0.062430393,0.059584603,0.0015569167,0.18319957,0.16794996,0.04198749
50614,0.07193341,0.07262578,0.07124104,0.019211976,0.008951823,0.025652334,0.0064130835
50617,0.08014611,0.0781389,0.08215332,0.005755631,0.2510662,0.28144896,0.07036224
50620,0.16668652,0.09125733,0.24211569,0.11066598,1.0714353,1.0435177,0.26087943
50623,0.15464497,0.09768081,0.21160913,0.08024584,1.1801122,1.2686695,0.31716737
50626,0.15489168,0.14340839,0.16637497,0.023046762,0.4314499,0.4468607,0.111715175
50629,0.24180786,0.16896158,0.31465414,0.13259767,1.1670732,1.5050029,0.3762507
50631,0.2537342,0.18126841,0.32619998,0.071801715,0.021581015,0.10343031,0.025857577
50634,0.22028549,0.1900146,0.25055638,0.037860017,0.040811855,0.113653354,0.028413339
50637,0.24268873,0.22749035,0.2578871,0.023725113,0.007509867,0.03480223,0.008700557
50640,0.28275838,0.21655412,0.34896263,0.07592499,0.027668476,0.09914855,0.024787137
50643,0.18635505,0.22470959,0.14800051,0.02507185,0.45749316,0.3780667,0.09451667
50646,0.3391939,0.30577147,0.37261638,0.04474185,0.42412868,0.50209516,0.12552379
50649,0.31711927,0.32848245,0.3057561,0.0037065267,0.3396109,0.3388472,0.0847118
50651,0.27999625,0.2822057,0.27778676,0.0011749059,0.28222328,0.2988621,0.074715525
50654,0.33481386,0.29056013,0.37906763,0.00980848,0.3046504,0.26676413,0.06669103
50657,0.27153024,0.27918684,0.26387367,0.033943992,0.025851568,0.058913782,0.014728446
50660,0.293365,0.2822945,0.30443552,0.031848013,0.02197822,0.057216644,0.014304161
50663,0.2699458,0.2543576,0.285534,0.042648807,0.04457776,0.111959934,0.027989984
50666,0.23432489,0.2255751,0.24307466,0.019830251,0.011428197,0.037493426,0.009373357
50669,0.26016578,0.2374082,0.2829233,0.0023653267,0.16294543,0.18509877,0.04627469
50671,0.25994074,0.23169398,0.28818747,0.0061322195,0.42220843,0.3989543,0.099738576
50674,0.20102043,0.21716966,0.18487121,0.0028406836,0.4247303,0.40803012,0.10200753
50677,0.23136155,0.20792955,0.25479355,0.003134844,0.17782529,0.19950807,0.049877018
50680,0.20014979,0.227078,0.17322159,0.004251215,0.26792482,0.32451287,0.08112822
50683,0.19050248,0.21875434,0.16225064,0.0057150885,0.42603794,0.47746876,0.11936719
50686,0.22580558,0.19228327,0.2593279,0.020143382,0.017788887,0.024850601,0.0062126503
50689,0.23317511,0.18649256,0.27985767,0.04000627,0.75695735,0.85608655,0.21402164
50691,0.18075444,0.1803354,0.18117349,0.035420977,0.48110136,0.5194557,0.12986392
50694,0.0967088,0.118499815,0.074917786,0.010301598,0.5210561,0.5793283,0.14483207
50697,0.0982736,0.09660253,0.09994467,0.0009234354,0.20998208,0.19871224,0.04967806
50700,0.06587191,0.07022699,0.061516833,0.0033813145,0.2292593,0.22538964,0.05634741
50703,0.07130863,0.075944014,0.06667324,0.0008994423,0.3143603,0.29349682,0.073374204
50706,0.064102635,0.061113138,0.06709213,0.039245203,0.032600403,0.057133675,0.014283419
50709,0.0729683,0.0553761,0.090560496,0.0107953595,0.37429085,0.29901448,0.07475362
50711,0.08388003,0.051086623,0.11667344,0.06829352,0.04195277,0.11975897,0.029939743
50714,0.099399835,0.048823208,0.14997646,0.08533272,0.7237832,0.6600389,0.16500972
50717,0.08268687,0.051186997,0.11418674,0.05666394,0.84193224,0.9761966,0.24404915
50720,0.07724716,0.05563717,0.09885714,0.047449898,0.68835574,0.8128288,0.2032072
50723,0.0827047,0.06241859,0.102990806,0.056144446,0.03823789,0.13370766,0.033426914
50726,0.12800075,0.06828577,0.18771572,0.057013225,0.04185168,0.060857195,0.015214299
50729,0.11733035,0.0826093,0.1520514,0.035024334,0.03210004,0.060232718,0.015058179
50731,0.123341344,0.10043132,0.14625137,0.0369909,0.026655832,0.08077652,0.02019413
50734,0.15293773,0.0960232,0.20985226,0.064507134,0.4830383,0.41503802,0.103759505
50737,0.17577203,0.09952748,0.2520166,0.09578029,0.7466502,0.67232746,0.16808186
50740,0.11789613,0.12341247,0.11237979,0.0011272993,0.39785936,0.41729188,0.10432297
50743,0.1689564,0.14941,0.1885028,0.047863152,0.060496647,0.12480321,0.031200802
50746,0.13613926,0.14015914,0.13211937,0.02956278,0.026147842,0.06392077,0.015980193
50748,0.15493986,0.13200344,0.17787628,0.0066891103,0.20945323,0.16620162,0.041550405
50751,0.2081893,0.149765,0.2666136,0.071545176,0.039559048,0.12954585,0.032386463
50754,0.14145796,0.1490541,0.13386182,0.038607653,0.02731959,0.0467772,0.0116943
50757,0.16233514,0.14964567,0.17502463,0.023061628,0.45903254,0.47987822,0.119969554
50760,0.1616672,0.15876012,0.16457428,0.0973691,0.906727,1.1340345,0.28350863
50763,0.13311727,0.12605084,0.1401837,0.055744875,0.036389668,0.07229816,0.01807454
50766,0.09443047,0.116915554,0.07194538,0.014876607,0.44740042,0.39531466,0.098828666
50768,0.13400014,0.112817764,0.15518251,0.026330354,0.020395914,0.039405204,0.009851301
50771,0.10184636,0.09983105,0.10386167,0.004193043,0.2223866,0.18802029,0.047005072
50774,0.13117728,0.1015279,0.16082665,0.051556606,0.049791336,0.12377614,0.030944034
50777,0.08694551,0.10222862,0.07166242,0.010549404,0.25720724,0.22630394,0.056575984
50780,0.11948201,0.107200064,0.13176395,0.007354442,0.23076093,0.17557465,0.04389366
50783,0.137945,0.109672636,0.16621734,0.13098842,0.731303,0.9372053,0.23430133
50786,0.10925344,0.11593515,0.102571726,0.001848509,0.31021467,0.3184875,0.079621874
50788,0.15393126,0.11704123,0.19082129,0.06934727,0.02534167,0.09133446,0.022833616
50791,0.1555054,0.11657405,0.19443677,0.056476343,0.021600723,0.09789336,0.02447334
50794,0.15289356,0.12030208,0.18548505,0.08104542,1.2758297,1.476738,0.3691845
50797,0.1311007,0.11934837,0.142853,0.0062043015,0.22623698,0.23844652,0.05961163
50800,0.19076514,0.12986131,0.25166896,0.054047197,0.036022823,0.060692128,0.015173032
50803,0.19313039,0.14933626,0.23692453,0.13561232,0.87297326,1.1104001,0.27760002
50806,0.15900932,0.14654122,0.17147744,0.004276301,0.328252,0.2841028,0.0710257
50808,0.16913684,0.15272301,0.18555067,0.056138854,0.03581381,0.13170965,0.032927413
50811,0.14274396,0.15135674,0.13413118,0.019489847,0.3472515,0.37553382,0.093883455
50814,0.18144552,0.15635127,0.2065398,0.02195923,0.02076594,0.026451977,0.0066129942
50817,0.18905962,0.15605219,0.22206704,0.070092,1.1741537,1.2884308,0.3221077
50820,0.19645637,0.16128318,0.23162957,0.03109497,0.0042775474,0.038089488,0.009522372
50823,0.16939701,0.17870642,0.1600876,0.009108882,0.3410844,0.34932068,0.08733017
50826,0.1732335,0.19297682,0.15349017,0.0062126964,0.41668192,0.38010225,0.09502556
50828,0.23529345,0.18599816,0.28458872,0.04293437,0.008108139,0.056297395,0.014074349
50831,0.17601275,0.19242533,0.15960015,0.0045954767,0.23167081,0.2661052,0.0665263
50834,0.17109527,0.200209,0.14198154,0.018857928,0.42495766,0.48878297,0.12219574
50837,0.19614823,0.20497988,0.18731661,0.0012832651,0.2042249,0.19770081,0.049425203
50840,0.23500045,0.20935495,0.26064596,0.11087972,1.3124104,1.2502955,0.31257388
50843,0.17043483,0.20490961,0.13596006,0.009721934,0.42421532,0.36220464,0.09055116
50846,0.22082572,0.20234327,0.23930818,0.031228513,0.5192458,0.5516631,0.13791578
50848,0.2028327,0.21044195,0.19522345,0.16008691,0.9616521,0.84151596,0.21037899
50851,0.17764862,0.20823526,0.14706199,0.009806373,0.44186068,0.49666023,0.12416506
50854,0.19254847,0.1988735,0.18622346,0.0007038337,0.2316583,0.22116666,0.055291664
50857,0.19686864,0.20271413,0.19102316,0.04439072,0.022213617,0.07233826,0.018084565
50860,0.21264166,0.21389514,0.21138817,0.042355087,0.58511287,0.5936737,0.14841843
50863,0.29363823,0.22130662,0.36596987,0.071041375,0.95406723,0.95480424,0.23870106
50866,0.20831835,0.22621222,0.1904245,0.002753807,0.290303,0.30746308,0.07686577
50868,0.27179068,0.212606,0.33097538,0.040720556,0.023050308,0.09475673,0.023689182
50871,0.16509072,0.15514791,0.17503352,0.20798998,1.3377668,1.7585815,0.43964538
50874,0.08801513,0.07586583,0.10016442,0.0042098886,0.58925563,0.60065025,0.15016256
50877,0.10852275,0.09171023,0.12533529,0.0039193905,0.27643967,0.3065997,0.07664993
50880,0.09185652,0.07503676,0.108676285,0.013124787,0.5318262,0.42691898,0.106729746
50883,0.11171978,0.07210944,0.15133011,0.04401509,0.65188396,0.6236549,0.15591373
50886,0.061405435,0.045146693,0.077664174,0.008372032,0.34435144,0.37071705,0.09267926
50888,0.03606339,0.04010007,0.03202671,0.0018385384,0.13533719,0.13045107,0.032612767
50891,0.06297585,0.052177176,0.073774524,0.022143722,0.015164693,0.030560112,0.007640028
50894,0.06969581,0.047608525,0.0917831,0.10163971,0.02589353,0.13733052,0.03433263
50897,0.056135815,0.031856716,0.08041491,0.06592446,0.77491856,0.89906913,0.22476728
50900,0.048685122,0.036171153,0.061199088,0.008476651,0.1902467,0.13533962,0.033834904
50903,0.06319667,0.035111707,0.09128163,0.084454246,0.66944,0.6317014,0.15792535
50906,0.059289087,0.032801688,0.085776486,0.03890383,0.027177176,0.061908294,0.015477073
50908,0.05034628,0.023856109,0.07683645,0.064889714,1.0153807,1.0769963,0.26924908
50911,0.043534245,0.031802416,0.05526607,0.025715133,0.5166248,0.52052855,0.13013214
50914,0.08411541,0.0441702,0.1240606,0.09118417,0.11864853,0.21556775,0.05389194
50917,0.0785355,0.045689464,0.11138153,0.04512878,0.03081131,0.05750966,0.014377415
50920,0.018380528,0.025329856,0.011431202,0.024390949,0.43985686,0.35962924,0.08990731
50923,0.029253682,0.039912846,0.018594516,0.014927077,0.2962815,0.31989142,0.079972856
50926,0.09064713,0.038968828,0.14232545,0.09948633,0.06994057,0.18617217,0.046543043
50928,0.066436194,0.042615283,0.09025711,0.08623978,0.8210799,0.8166248,0.2041562
50931,0.06878459,0.042459186,0.09510998,0.075953476,0.07500712,0.14852808,0.03713202
50934,0.056601536,0.04269439,0.07050868,0.03503859,0.020069122,0.053661395,0.013415349
50937,0.06325517,0.04231437,0.084195964,0.038958002,0.77124405,0.8474496,0.2118624
50940,0.051246982,0.03998427,0.06250969,0.00567409,0.27890906,0.30527735,0.07631934
50943,0.05464788,0.035267647,0.07402813,0.015682671,0.25314853,0.16637577,0.041593943
50946,0.040856812,0.02702728,0.05468634,0.076349065,0.052159626,0.056486208,0.014121552
50948,0.043530222,0.028303,0.05875744,0.011326775,0.4911201,0.3987681,0.099692024
50951,0.06045844,0.039478485,0.08143839,0.08028135,0.0240949,0.10647937,0.026619842
50954,0.058393046,0.03512005,0.081666045,0.054794494,0.037206173,0.11695547,0.029238867
50957,0.031291187,0.035847515,0.026734859,0.0027046844,0.15475146,0.13585113,0.033962782
50960,0.1008737,0.053448994,0.1482984,0.1389393,1.2049233,1.5560175,0.38900438
50963,0.059030693,0.05345891,0.06460247,0.02774104,0.020778656,0.0506157,0.012653925
50966,0.09179599,0.06359192,0.120000064,0.0516208,1.0950388,1.1792127,0.29480317
50968,0.09778454,0.06746999,0.1280991,0.026395813,0.42989004,0.39105973,0.09776493
50971,0.07705394,0.06765792,0.08644996,0.0029782814,0.2549356,0.27922884,0.06980721
50974,0.1189433,0.0709031,0.16698349,0.05149569,0.03389724,0.042353302,0.010588326
50977,0.09672976,0.07681191,0.11664762,0.009969187,0.30859098,0.23384094,0.058460236
50980,0.083504595,0.08225242,0.08475677,0.025904292,0.025652409,0.07145458,0.017863644
50983,0.10326656,0.08445487,0.12207824,0.024373643,0.4386126,0.45522627,0.11380657
50986,0.13250859,0.089486785,0.17553039,0.074424274,1.2362913,1.4378486,0.35946214
50988,0.0740911,0.08568132,0.06250089,0.012544499,0.30983356,0.35108078,0.087770194
50991,0.13454528,0.0786,0.19049056,0.1467179,1.2076098,1.1573299,0.28933248
50994,0.09052838,0.08164822,0.09940853,0.04066926,0.02752622,0.068014614,0.017003654
50997,0.06425634,0.06721699,0.06129569,0.0014820263,0.18899155,0.1905769,0.047644224
51000,0.1252309,0.070304155,0.18015765,0.13670328,0.07435703,0.30938208,0.07734552
51003,0.1228955,0.08566586,0.16012515,0.019566998,0.313652,0.2163407,0.054085176
51006,0.16230896,0.09671396,0.22790396,0.2308823,1.0845014,1.4898643,0.3724661
51008,0.10705487,0.10942543,0.10468429,0.0031719308,0.26516426,0.24452305,0.061130762
51011,0.15073594,0.10926622,0.19220567,0.036962815,0.025662264,0.039717816,0.009929454
51014,0.1304814,0.10820409,0.1527587,0.008305922,0.1456031,0.1020375,0.025509374
51017,0.097195975,0.10607348,0.08831847,0.002199983,0.35710207,0.33625436,0.08406359
51020,0.11813689,0.100491166,0.13578261,0.033030096,0.64153224,0.6761513,0.16903782
51023,0.07890849,0.06739095,0.09042603,0.040739205,0.66532844,0.7373957,0.18434893
51026,0.066191904,0.05622211,0.0761617,0.0033945672,0.2914473,0.300482,0.0751205
51028,0.087267004,0.046177585,0.12835641,0.12840891,1.1994146,1.1726159,0.29315397
51031,0.11884531,0.058459397,0.17923121,0.06693692,0.04166794,0.0571676,0.0142919
51034,0.056073654,0.045838382,0.06630893,0.056201827,0.43533644,0.4249216,0.1062304
51037,0.058522243,0.035180572,0.08186392,0.06574898,0.91782635,0.92264444,0.23066111
51040,0.078875296,0.056028914,0.10172168,0.06791785,0.02448988,0.09275985,0.023189962
51043,0.065121025,0.049442172,0.08079988,0.07438346,0.6682617,0.8072009,0.20180023
51046,0.07762525,0.023070114,0.1321804,0.07110524,0.58088326,0.49475932,0.12368983
51048,0.058320623,0.03607611,0.08056514,0.06770498,1.0066725,1.1676704,0.2919176
51051,0.02541096,0.030789204,0.020032719,0.0027467485,0.15907419,0.18048711,0.045121778
51054,0.06912396,0.052292436,0.08595548,0.037609696,0.019900957,0.051630795,0.012907699
51057,0.044610377,0.032165516,0.057055235,0.022623489,0.019848505,0.037920203,0.009480051
51060,0.07979586,0.031572867,0.12801884,0.12657933,0.07077932,0.2700378,0.06750945
51063,0.05839121,0.03388815,0.082894266,0.06782504,0.5786864,0.6037205,0.15093012
51066,0.061166704,0.02461874,0.09771467,0.061597526,0.031353634,0.085875094,0.021468773
51068,0.05158934,0.03068391,0.07249477,0.03246687,0.58123654,0.6641586,0.16603965
51071,0.08112801,0.0400746,0.122181416,0.054197595,0.039346535,0.073054485,0.018263621
51074,0.039448872,0.034148727,0.04474902,0.0041767103,0.53131485,0.5446388,0.1361597
51077,0.07113115,0.03016749,0.1120948,0.08259199,1.1284517,1.1994022,0.29985055
51080,0.10167021,0.046326235,0.15701419,0.06511629,0.012461345,0.092018105,0.023004526
51083,0.04263097,0.049513612,0.03574832,0.0062040314,0.19262214,0.22088532,0.05522133
51086,0.09572942,0.047238886,0.14421995,0.06968447,0.6820236,0.6244478,0.15611196
51088,0.13610865,0.050721336,0.22149597,0.128069,0.056870144,0.19505955,0.04876489
51091,0.05826333,0.06386875,0.052657913,0.0020130493,0.17764981,0.16211861,0.040529653
51094,0.051104475,0.05970731,0.04250164,0.018119968,0.40521407,0.46862373,0.11715593
51097,0.073198535,0.07415388,0.07224319,0.00094327395,0.30147552,0.30161163,0.07540291
51100,0.10250149,0.0606984,0.14430459,0.097545885,1.3358688,1.3465828,0.3366457
51103,0.10424599,0.07018395,0.13830803,0.119981945,0.04514726,0.20688176,0.05172044
51106,0.08226175,0.08915303,0.07537047,0.0027992502,0.4178206,0.3970157,0.09925392
51108,0.11578858,0.09020889,0.14136827,0.08821245,0.8689556,0.8274333,0.20685832
51111,0.111968994,0.08625045,0.13768755,0.04860714,0.014931996,0.06085563,0.015213908
51114,0.11863265,0.101698555,0.13556674,0.0057334253,0.17715327,0.19738305,0.04934576
51117,0.11204913,0.10295242,0.121145844,0.024235487,0.006246567,0.02975011,0.0074375276
51120,0.12151084,0.10256521,0.14045648,0.033051003,0.6290529,0.661112,0.165278
51123,0.07803244,0.0900293,0.06603559,0.0038336345,0.23482323,0.20851713,0.052129284
51126,0.110276125,0.09036752,0.13018472,0.03246734,0.008664449,0.042207364,0.010551841
51128,0.116359316,0.081343725,0.15137489,0.017183965,0.40886864,0.31324157,0.07831039
51131,0.14523812,0.07533246,0.21514378,0.12511848,1.3727278,1.5599552,0.3899888
51134,0.118699074,0.073886484,0.16351165,0.07864954,0.08846728,0.18826757,0.047066893
51137,0.07283118,0.06462956,0.081032805,0.07009945,0.07540703,0.113827296,0.028456824
51140,0.1263478,0.07190966,0.18078594,0.04930539,0.036520164,0.049500633,0.012375158
51143,0.063103795,0.079612255,0.046595335,0.008528538,0.29307237,0.25127718,0.062819295
51146,0.15011947,0.071159236,0.22907968,0.095607035,0.9055682,0.8623142,0.21557856
51148,0.08158042,0.06277699,0.10038385,0.042793095,0.9206772,0.9448888,0.2362222
51151,0.07375891,0.057324648,0.090193175,0.03587694,0.71152276,0.7448635,0.18621588
51154,0.079879254,0.056666654,0.10309186,0.080681756,0.029679775,0.121843554,0.030460889
51157,0.057900537,0.05961001,0.05619106,0.024860589,0.029414335,0.07746694,0.019366736
51160,0.056804966,0.046450198,0.067159735,0.05753775,0.0437212,0.14568262,0.036420655
51163,0.046393108,0.047292303,0.045493916,0.043465864,0.038889408,0.12784086,0.031960215
51166,0.04636283,0.04650019,0.04622547,0.0019941407,0.19245581,0.17224683,0.043061707
51168,0.037196368,0.034539994,0.039852742,0.0005796856,0.40696463,0.4192793,0.10481983
51171,0.062261265,0.032831434,0.0916911,0.06723716,0.07111359,0.14981683,0.037454206
51174,0.05729291,0.034432575,0.08015325,0.043469205,0.03230095,0.051424902,0.0128562255
51177,0.04323555,0.032101534,0.05436957,0.012618887,0.24770057,0.17358637,0.043396592
51180,0.07139196,0.033408787,0.10937513,0.05307798,0.64584285,0.7977058,0.19942646
51183,0.110871166,0.032368187,0.18937415,0.12109522,0.831707,1.0505489,0.26263723
51186,0.033162713,0.03392482,0.032400604,0.0050768,0.21960385,0.20051657,0.05012914
51188,0.07223349,0.028513884,0.115953095,0.0811826,1.1130904,1.3393036,0.3348259
51191,0.10942181,0.027568543,0.19127508,0.13419779,0.8499991,0.79112077,0.19778019
51194,0.03878134,0.033450514,0.044112165,0.02869758,0.018115997,0.040998235,0.010249559
51197,0.031198896,0.030766487,0.031631306,0.0052577835,0.20286675,0.23422211,0.05855553
51200,0.031487588,0.029921,0.033054173,0.0017581618,0.17125893,0.17896803,0.044742007
51203,0.051469266,0.034139458,0.06879907,0.030732328,0.6010685,0.6663018,0.16657545
51206,0.06090938,0.03769579,0.08412298,0.041522376,0.018157324,0.057227615,0.014306904
51208,0.048230384,0.05114475,0.045316022,0.0017640572,0.41906562,0.43938878,0.109847195
51211,0.10485214,0.08561299,0.1240913,0.07103362,0.66655034,0.6370583,0.15926458
51214,0.10955975,0.074575484,0.14454402,0.03970904,0.03835869,0.117468774,0.029367194
51217,0.12703626,0.060055975,0.19401656,0.10376239,0.06611792,0.19453807,0.048634518
51220,0.05463369,0.07153649,0.037730888,0.021431526,0.5088865,0.6099622,0.15249056
51223,0.13304156,0.13381205,0.13227107,0.0004958527,0.35751677,0.36116982,0.090292454
51226,0.16629077,0.12424654,0.208335,0.046966463,0.036165874,0.11546736,0.02886684
51228,0.11280751,0.10314987,0.122465156,0.03959417,0.020599365,0.05288862,0.013222155
51231,0.082848825,0.09571888,0.06997878,0.0045816083,0.2565492,0.22663076,0.05665769
51234,0.10291877,0.08491683,0.120920695,0.044208437,0.02204752,0.059411447,0.014852862
51237,0.1383038,0.074109875,0.20249772,0.074089274,0.045971233,0.07585654,0.018964134
51240,0.0586812,0.060731128,0.056631267,0.0008313886,0.2840468,0.28721425,0.07180356
51243,0.057994884,0.049440235,0.06654953,0.044208094,0.46990332,0.46379218,0.115948044
51246,0.032118235,0.04071979,0.023516685,0.0033226341,0.32314575,0.36023578,0.090058945
51248,0.062162727,0.04004478,0.08428067,0.03923803,0.01758639,0.06094485,0.015236213
51251,0.075371355,0.03840932,0.112333395,0.037669517,0.45832404,0.41602436,0.10400609
51254,0.061627712,0.033618223,0.0896372,0.028644407,0.02154859,0.07536676,0.01884169
51257,0.04208894,0.030606866,0.053571016,0.059045225,0.4740232,0.46649393,0.11662348
51260,0.0437514,0.026442334,0.061060462,0.024453327,0.010864894,0.04365449,0.010913623
51263,0.020407297,0.02281723,0.017997364,0.0037576326,0.1682949,0.15938309,0.039845772
51266,0.040386196,0.021443492,0.059328903,0.046795312,0.6928539,0.7427332,0.1856833
51268,0.023002336,0.018953172,0.027051501,0.017499976,0.008741379,0.018468915,0.0046172286
51271,0.013939369,0.015319392,0.012559344,0.0021336316,0.35439515,0.34419537,0.08604884
51274,0.021251166,0.014687897,0.027814439,0.003784843,0.17174847,0.1938308,0.0484577
51277,0.086907506,0.009813793,0.16400123,0.18286438,1.0358988,0.9234094,0.23085235
51280,0.020146688,0.012464516,0.027828863,0.022271475,0.026409307,0.055795614,0.013948903
51283,0.05294801,0.012862737,0.09303328,0.057161782,0.78972584,0.7807147,0.19517867
51286,0.02953752,0.015857765,0.04321727,0.043812465,0.6014595,0.6317302,0.15793255
51288,0.023580477,0.018039377,0.029121576,0.004056398,0.20927174,0.24186672,0.06046668
51291,0.044631306,0.024024466,0.06523815,0.05056764,0.05172348,0.0975391,0.024384774
51294,0.025755359,0.021615436,0.029895281,0.0040752986,0.54378194,0.59109396,0.14777349
51297,0.0539494,0.025550148,0.08234865,0.053849783,0.9510727,1.0649015,0.26622537
51300,0.068668716,0.026093418,0.111244,0.0749317,1.2424971,1.3622303,0.34055758
51303,0.020669902,0.021819195,0.019520609,0.003906933,0.30271375,0.34591126,0.086477816
51306,0.026911572,0.026348123,0.02747502,0.0003270742,0.38045883,0.3839866,0.09599665
51308,0.06743063,0.04516852,0.08969274,0.037729528,0.012009303,0.0564888,0.0141222
51311,0.027326254,0.030198583,0.024453923,0.008166167,0.38596287,0.45620465,0.11405116
51314,0.031788424,0.030235909,0.03334094,0.0056749466,0.21667159,0.22374295,0.055935737
51317,0.037630726,0.040963348,0.034298103,0.00086755864,0.21566074,0.20150085,0.050375212
51320,0.09343227,0.07421396,0.11265058,0.008283765,0.41235688,0.36938336,0.09234584
51323,0.08598744,0.07465991,0.097314976,0.040460862,0.43957138,0.4298668,0.1074667
51326,0.055713832,0.0633116,0.04811607,0.00320869,0.11900139,0.10642988,0.02660747
51328,0.10307893,0.07077656,0.13538131,0.037973348,0.024609247,0.04323539,0.010808848
51331,0.16197391,0.06312984,0.26081797,0.15305321,1.191703,1.1516514,0.28791285
51334,0.08637226,0.06929744,0.10344706,0.106699206,0.047626335,0.20438749,0.05109687
51337,0.07901677,0.055298988,0.10273454,0.04653493,0.81261045,0.86918956,0.21729739
51340,0.04957134,0.061784476,0.037358206,0.005083145,0.2877178,0.32667077,0.08166769
51343,0.07323963,0.054798294,0.09168097,0.03776644,0.03737386,0.092033304,0.023008326
51346,0.07625205,0.05943267,0.09307144,0.028113542,0.0173769,0.032579098,0.0081447745
51348,0.056459736,0.06694149,0.04597798,0.002654411,0.31594792,0.35702562,0.089256406
51351,0.076236494,0.060750175,0.09172281,0.05544356,0.051178616,0.08306282,0.020765705
51354,0.070352755,0.06075226,0.07995325,0.03809987,0.024477324,0.06785687,0.016964218
51357,0.056963563,0.046782676,0.06714445,0.0059942417,0.2524697,0.2063256,0.0515814
51360,0.089835465,0.04466668,0.13500424,0.061433952,0.036501568,0.13343342,0.033358354
51363,0.10353651,0.040419973,0.16665304,0.11354957,0.175471,0.2963785,0.07409462
51366,0.077758424,0.03467128,0.120845556,0.11167648,0.039064568,0.1781329,0.044533227
51368,0.03205102,0.032286648,0.03181539,0.0006711331,0.4250997,0.4267242,0.10668105
51371,0.10430169,0.051012512,0.15759087,0.11858227,0.037638664,0.16976835,0.042442087
51374,0.07035942,0.05009553,0.09062331,0.030247688,0.031328678,0.054780554,0.0136951385
51377,0.13966651,0.04006475,0.23926826,0.15485053,1.3556703,1.656868,0.414217
51380,0.053085778,0.022163274,0.084008284,0.0699134,1.3537064,1.4349843,0.35874608
51383,0.03784593,0.016743949,0.05894791,0.040880147,0.68639183,0.80125445,0.20031361
51386,0.013503202,0.01256434,0.014442065,0.000758214,0.41499773,0.42707762,0.106769405
51388,0.0329812,0.012928727,0.05303367,0.04402489,0.7573802,0.7982753,0.19956882
51391,0.055655807,0.032524105,0.078787506,0.05215328,1.0749779,1.1810312,0.2952578
51394,0.026860395,0.02621789,0.027502902,0.00033164877,0.31152344,0.31238315,0.078095786
51397,0.05475362,0.033955008,0.07555223,0.037158433,0.6095384,0.70793533,0.17698383
51400,0.029161451,0.029010236,0.029312665,0.0014981338,0.21313767,0.20485972,0.05121493
51403,0.06442442,0.02516676,0.10368208,0.10203288,0.06447712,0.25977167,0.06494292
51406,0.05653971,0.026231626,0.08684779,0.08457011,0.1196607,0.21937734,0.054844335
51408,0.04075931,0.022919444,0.058599174,0.010854084,0.35515022,0.28691798,0.071729496
51411,0.057624966,0.026593378,0.08865655,0.054048747,1.1421661,1.2421018,0.31052545
51414,0.07455873,0.04275827,0.106359184,0.032414813,0.0048306785,0.04519835,0.011299588
51417,0.05807065,0.05056569,0.06557561,0.036606066,0.031811398,0.06326148,0.01581537
51420,0.07298377,0.056341607,0.08962593,0.008074668,0.20891507,0.22600801,0.056502003
51423,0.04584294,0.052593615,0.03909227,0.0016042896,0.17585833,0.20196433,0.050491083
51426,0.048856433,0.054322183,0.04339068,0.0015392605,0.22679329,0.20636761,0.051591903
51428,0.07481942,0.067523666,0.08211519,0.049130198,0.7251143,0.8645778,0.21614444
51431,0.061855093,0.054628033,0.06908215,0.0018354162,0.1589489,0.16333957,0.040834893
51434,0.06392016,0.04314682,0.0846935,0.012736767,0.42298165,0.3549175,0.088729374
51437,0.0518472,0.034890693,0.068803705,0.055182863,0.028015295,0.09153371,0.022883428
51440,0.0949562,0.035049427,0.15486296,0.06774929,0.4220973,0.3445361,0.086134024
51443,0.05403884,0.032840382,0.075237304,0.058344398,0.06881142,0.11783683,0.029459208
51446,0.04134813,0.03516977,0.04752649,0.0023557136,0.23640077,0.21842594,0.054606486
51448,0.05147792,0.03340767,0.06954817,0.022912396,0.39819846,0.46255398,0.115638494
51451,0.08718092,0.037347,0.13701485,0.06814136,0.036783855,0.1357411,0.033935275
51454,0.028751278,0.032390255,0.025112301,0.0035376896,0.12160301,0.11773827,0.029434567
51457,0.021204362,0.027925363,0.0144833615,0.0038872042,0.42931548,0.47637987,0.11909497
51460,0.019770836,0.021719841,0.017821832,0.0008034036,0.37023035,0.35862124,0.08965531
51463,0.015671521,0.021403067,0.009939977,0.0046068323,0.21841674,0.2544137,0.06360342
51466,0.02266384,0.016553292,0.028774386,0.003321674,0.32357788,0.3397297,0.084932424
51468,0.047021132,0.01638695,0.077655315,0.057129707,0.6823673,0.7473338,0.18683346
51471,0.050120283,0.013151233,0.08708933,0.062208433,0.034140427,0.08866272,0.02216568
51474,0.042377744,0.029110948,0.055644542,0.0777047,0.055045445,0.045643937,0.011410984
51477,0.024844693,0.02556006,0.024129326,0.001873721,0.4939935,0.4875987,0.12189967
51480,0.044523608,0.028647533,0.06039968,0.05249295,0.97814876,1.0052084,0.2513021
51483,0.038734455,0.02384119,0.05362772,0.043601733,0.038784664,0.0993039,0.024825975
51486,0.039508935,0.037303615,0.04171425,0.0009089803,0.13402338,0.12782545,0.031956363
51488,0.0605343,0.037101302,0.08396729,0.018989563,0.3484161,0.26166344,0.06541586
51491,0.086952806,0.031593602,0.142312,0.14344145,0.9399932,1.2285742,0.30714354
51494,0.018131085,0.02232924,0.013932932,0.0033676287,0.27513385,0.31897327,0.07974332
51497,0.040682614,0.018901683,0.062463548,0.07589711,0.07081413,0.09592887,0.023982218
51500,0.0200316,0.025346383,0.014716812,0.005779028,0.4318855,0.49161196,0.12290299
51503,0.03003688,0.017012456,0.0430613,0.008658818,0.42349163,0.35442927,0.08860732
51506,0.033045493,0.018895024,0.04719596,0.011492427,0.38039017,0.45132104,0.11283026
51508,0.051316325,0.019239185,0.08339346,0.051546227,0.9857324,1.0984689,0.27461722
51511,0.06169564,0.03175168,0.0916396,0.039029557,0.036877155,0.06766053,0.016915133
51514,0.042063575,0.02912136,0.055005785,0.022099512,0.48765692,0.5163396,0.1290849
51517,0.018466154,0.025207052,0.011725258,0.012753468,0.46130732,0.5273511,0.13183777
51520,0.050971497,0.024403205,0.077539794,0.0417152,0.54110175,0.52254945,0.13063736
51523,0.046949506,0.031987533,0.061911482,0.06124105,0.36039415,0.3287737,0.08219343
51526,0.058415186,0.038307715,0.07852265,0.063405104,1.0094422,1.174899,0.29372475
51528,0.059004445,0.035320908,0.08268799,0.10466808,0.77642155,1.0020499,0.25051248
51531,0.064030915,0.034692075,0.09336975,0.04394542,0.05458768,0.12887494,0.032218736
51534,0.074213296,0.035486814,0.112939775,0.15926547,1.0540485,0.9380553,0.23451382
51537,0.06546559,0.03031909,0.10061208,0.14660402,0.9667651,0.9086768,0.2271692
51540,0.051333006,0.028147578,0.074518435,0.06289744,0.048458736,0.072562054,0.018140513
51543,0.02345861,0.020745592,0.026171627,0.0010640946,0.2510713,0.25166535,0.06291634
51546,0.04714991,0.022834735,0.07146508,0.03127351,0.6602561,0.7153492,0.1788373
51548,0.062026158,0.025952687,0.09809963,0.049737185,0.76783705,0.77593184,0.19398296
51551,0.10517692,0.020547139,0.1898067,0.22830713,1.214676,1.6423079,0.41057697
51554,0.04508035,0.02101183,0.06914887,0.09408733,0.6908429,0.6558881,0.16397202
51557,0.05129607,0.024263227,0.078328915,0.08033035,0.063306175,0.15705763,0.039264407
51560,0.064100735,0.023231676,0.10496979,0.051038384,0.4556605,0.5782176,0.1445544
51563,0.047722217,0.022281207,0.07316322,0.07873393,1.3529339,1.4111241,0.35278103
51566,0.05106366,0.023078157,0.07904917,0.056165706,0.7315944,0.8717224,0.2179306
51568,0.023788631,0.02276432,0.024812942,0.0007243832,0.14596303,0.13899875,0.034749687
51571,0.030361706,0.021385835,0.03933758,0.030244611,0.3881804,0.41647458,0.104118645
51574,0.023319632,0.02382288,0.022816384,0.00072192546,0.13842838,0.12823264,0.03205816
51577,0.03479311,0.021682687,0.047903527,0.0278887,0.016163507,0.029966196,0.007491549
51580,0.031306542,0.022891626,0.03972146,0.034334015,0.6189181,0.7033803,0.17584507
51583,0.05561915,0.024323568,0.08691474,0.05075529,0.037054855,0.121666946,0.030416736
51586,0.10984132,0.026485577,0.19319706,0.12257042,1.213477,1.5715731,0.39289328
51588,0.043676887,0.027450437,0.05990334,0.007188499,0.17301886,0.12884776,0.03221194
51591,0.039315507,0.031967457,0.046663553,0.018854128,0.4198303,0.42302,0.105755
51594,0.048429262,0.039964125,0.056894403,0.04905945,0.057924908,0.10871909,0.027179772
51597,0.03791664,0.04265088,0.0331824,0.0013548536,0.2687615,0.2970703,0.07426757
51600,0.052872736,0.03254658,0.07319889,0.03118327,0.01119868,0.039662674,0.0099156685
51603,0.029018164,0.036955673,0.021080652,0.0065683224,0.19384193,0.17858763,0.044646908
51606,0.08650148,0.08109356,0.09190941,0.019503066,0.4063672,0.4374157,0.10935392
51608,0.13191062,0.09325955,0.17056169,0.0369564,0.04187568,0.05442049,0.013605122
51611,0.13797577,0.08526233,0.19068922,0.06186344,0.010056813,0.07376517,0.018441293
51614,0.08199025,0.07961905,0.08436144,0.00073680695,0.44778252,0.47504005,0.11876001
51617,0.09676502,0.08276989,0.11076015,0.0039817146,0.1484552,0.12925641,0.032314103
51620,0.1375783,0.07519596,0.19996063,0.06470273,0.86766034,0.9856234,0.24640585
51623,0.071534544,0.059639767,0.083429314,0.0026667006,0.13309796,0.14884505,0.03721126
51626,0.11309325,0.036753155,0.18943334,0.09336672,0.8451722,1.0154499,0.25386247
51628,0.025555445,0.029207965,0.021902924,0.020082252,0.4710013,0.40159377,0.10039844
51631,0.048935104,0.023952963,0.07391725,0.042227626,0.024639765,0.05010304,0.01252576
51634,0.052128315,0.019441748,0.084814884,0.063588254,0.040691376,0.10094938,0.025237344
51637,0.023164332,0.016274527,0.030054135,0.02326907,0.028977552,0.0686203,0.017155075
51640,0.02827426,0.014551784,0.041996736,0.023755932,0.01610756,0.02583968,0.00645992
51643,0.06530367,0.015177071,0.115430266,0.07281696,0.6964283,0.8652041,0.21630102
51646,0.013866606,0.014807434,0.0129257785,0.003777758,0.33128053,0.30318826,0.075797066
51648,0.020994492,0.014578392,0.027410591,0.019442705,0.022009054,0.035651986,0.008912996
51651,0.035136186,0.015742103,0.054530267,0.045132805,0.786149,0.89129955,0.22282489
51654,0.022499144,0.01790449,0.027093796,0.0028408477,0.34502855,0.3261914,0.08154785
51657,0.0521697,0.01852797,0.085811436,0.086215556,0.06638304,0.2146917,0.053672925
51660,0.053060275,0.018525759,0.087594785,0.049249977,0.027424654,0.08437907,0.021094767
51663,0.01758678,0.01949764,0.015675923,0.0035928034,0.16419601,0.18214814,0.045537036
51666,0.058792412,0.020417249,0.097167574,0.062750906,0.00995636,0.079341084,0.019835271
51668,0.15898424,0.02173116,0.29623732,0.22146954,1.241449,1.708373,0.42709324
51671,0.051452015,0.022304708,0.08059932,0.073887914,0.0459369,0.06296259,0.015740648
51674,0.043236542,0.023697386,0.062775694,0.03203116,0.49286142,0.56099766,0.14024942
51677,0.06790031,0.02553839,0.11026224,0.054286916,0.014627457,0.06885252,0.01721313
51680,0.050898854,0.027235197,0.07456251,0.055798333,0.07151985,0.16866346,0.042165864
51683,0.059647474,0.029198447,0.0900965,0.11568996,0.044721287,0.17869854,0.044674635
51686,0.031533908,0.03029325,0.032774564,0.007861007,0.23986943,0.2616506,0.06541265
51688,0.029403126,0.030428683,0.028377568,0.0018808008,0.4850661,0.51929545,0.12982386
51691,0.07828466,0.054796625,0.10177269,0.011128579,0.19744365,0.24688148,0.06172037
51694,0.05733818,0.05561587,0.059060495,0.041261885,0.04614051,0.11686924,0.02921731
51697,0.07641784,0.052795697,0.10003999,0.024860166,0.0034993489,0.028691262,0.0071728155
51700,0.0806924,0.06720839,0.09417641,0.026194364,0.041069508,0.07558168,0.01889542
51703,0.1007463,0.10141903,0.100073546,0.06476763,0.78318864,0.9651802,0.24129505
51705,0.14124621,0.13117866,0.15131378,0.063607045,1.094679,1.3036524,0.3259131
51708,0.20299764,0.086260915,0.31973436,0.11519736,0.5366351,0.44103804,0.11025951
51711,0.11271933,0.06943226,0.1560064,0.062459875,0.034660816,0.0759645,0.018991126
51714,0.10773784,0.06830835,0.14716733,0.055897743,0.044718266,0.123841554,0.030960388
51717,0.049178842,0.055803556,0.04255413,0.001939443,0.3054724,0.34728265,0.08682066
51720,0.088252865,0.03304625,0.14345947,0.09533105,0.088163055,0.20320529,0.050801322
51723,0.06744098,0.041287076,0.09359489,0.037579313,0.045283634,0.10436591,0.026091477
51725,0.025098398,0.030507749,0.019689046,0.013802274,0.40148926,0.34995273,0.08748818
51728,0.047591742,0.026978837,0.06820464,0.023325227,0.4243641,0.47941816,0.11985454
51731,0.02943629,0.030729776,0.028142802,0.0016937084,0.40246513,0.3940424,0.0985106
51734,0.0422038,0.025414176,0.058993418,0.069861256,0.7414184,0.8962262,0.22405656
51737,0.038848896,0.018164122,0.059533667,0.08310504,0.53821945,0.5071615,0.12679037
51740,0.057605173,0.027487533,0.08772281,0.069792055,1.3739008,1.4024833,0.35062084
51743,0.08782958,0.031181408,0.14447775,0.07823834,0.7996667,0.9963434,0.24908584
51745,0.12901466,0.028514517,0.2295148,0.1645796,1.2158147,1.1996063,0.29990157
51748,0.088192075,0.035045817,0.14133833,0.08072213,0.73941374,0.6869088,0.1717272
51751,0.034502473,0.03311455,0.035890397,0.0010709163,0.16512871,0.17746566,0.044366416
51754,0.06134786,0.053240012,0.06945571,0.004610752,0.27261543,0.31538972,0.07884743
51757,0.073280945,0.03861443,0.10794746,0.052533846,0.86546546,0.9411529,0.23528822
51760,0.097328015,0.04274118,0.15191485,0.08562708,1.2309514,1.5022303,0.37555757
51763,0.084685825,0.046931908,0.12243974,0.056710333,0.4064026,0.38132456,0.09533114
51765,0.07996202,0.05846018,0.10146386,0.026675308,0.47821704,0.5377973,0.13444932
51768,0.1672501,0.07226484,0.26223537,0.16891927,1.1314602,1.0494572,0.2623643
51771,0.0727353,0.06471578,0.08075481,0.005473398,0.49408278,0.5508986,0.13772465
51774,0.08459743,0.07118239,0.098012455,0.008544937,0.34774652,0.41054448,0.10263612
51777,0.07608979,0.07444227,0.07773731,0.003349112,0.47290507,0.47463927,0.11865982
51780,0.11556959,0.102559865,0.12857932,0.023456432,0.018239656,0.022630824,0.005657706
51783,0.13646035,0.117266215,0.15565448,0.023375517,0.005501429,0.025252067,0.0063130166
51785,0.15640855,0.13139014,0.18142696,0.02332381,0.015211423,0.05829857,0.014574642
51788,0.16665083,0.15883662,0.17446505,0.025649311,0.035177868,0.06999108,0.01749777
51791,0.1933551,0.16366209,0.22304814,0.05346373,0.089407444,0.17973757,0.044934392
51794,0.25616536,0.20751297,0.3048177,0.10790453,1.2176031,1.3655977,0.34139943
51797,0.26749453,0.22368316,0.31130585,0.06877787,0.10669327,0.19969125,0.049922813
51800,0.28162763,0.24844153,0.3148137,0.0062143556,0.40840054,0.4590021,0.11475053
51803,0.18246381,0.18746369,0.17746393,0.02065427,0.033689022,0.071285926,0.017821481
51805,0.17427672,0.16853173,0.18002172,0.032505456,0.020154318,0.045508474,0.0113771185
51808,0.2070073,0.16681336,0.24720126,0.013465118,0.2907683,0.23852615,0.059631538
51811,0.21408267,0.20154543,0.22661991,0.002186815,0.21247335,0.2024175,0.050604373
51814,0.18800598,0.17798893,0.19802304,0.0009858292,0.3449993,0.36472312,0.09118078
51817,0.11743901,0.14615734,0.08872068,0.017257066,0.32203993,0.2654989,0.06637473
51820,0.20240791,0.13556291,0.26925293,0.074999504,1.0877514,1.2639532,0.3159883
51823,0.13202578,0.13511056,0.128941,0.001099897,0.4065522,0.41054428,0.10263607
51825,0.15244468,0.13698262,0.16790672,0.006113037,0.49619356,0.45119795,0.11279949
51828,0.09172032,0.109179996,0.074260645,0.04998463,0.04493904,0.044649642,0.0111624105
51831,0.053461965,0.060662508,0.04626142,0.0016546398,0.15295477,0.17627424,0.04406856
51834,0.06672886,0.073512554,0.059945162,0.0014296722,0.29536247,0.28171694,0.070429236
51837,0.07195846,0.05100708,0.09290984,0.064187825,0.062396366,0.1005848,0.0251462
51840,0.08370021,0.04674812,0.120652296,0.1785857,1.3241708,1.7665011,0.44162527
51843,0.02698572,0.022663241,0.0313082,0.004488493,0.16212487,0.12535344,0.03133836
51845,0.07550959,0.039327383,0.1116918,0.0934228,0.09403547,0.14269294,0.035673235
51848,0.07565334,0.054894794,0.09641188,0.112093754,0.9128259,0.89610934,0.22402734
51851,0.047307167,0.04334895,0.05126539,0.00085815485,0.43051973,0.4543898,0.11359745
51854,0.06425617,0.05642699,0.07208536,0.004502427,0.17453034,0.14075828,0.03518957
51857,0.05653209,0.04259339,0.07047079,0.04154482,0.49092802,0.5452725,0.13631813
51860,0.05849189,0.024236314,0.09274747,0.06955499,0.054363888,0.12767899,0.031919748
51863,0.012834318,0.009237583,0.016431052,0.0043308674,0.15822943,0.12240338,0.030600846
51865,0.038837016,0.014230817,0.06344321,0.03700224,0.5708179,0.5497308,0.1374327
51868,0.010003811,0.010757093,0.009250528,0.0013700429,0.19709249,0.18866284,0.04716571
51871,0.023442646,0.006458879,0.040426414,0.028425029,0.5145791,0.50661594,0.12665398
51874,0.030175686,0.0070152557,0.053336114,0.037666053,0.6739144,0.6985205,0.17463012
51877,0.07604693,0.005186698,0.14690717,0.13919085,0.99370617,0.9213421,0.23033552
51880,0.018826446,0.005064352,0.032588538,0.017083682,0.3330892,0.24361663,0.060904156
51883,0.061770786,0.019855782,0.10368579,0.08387363,1.3600007,1.5425304,0.3856326
51885,0.026516637,0.021976544,0.031056726,0.002045456,0.41106924,0.43049225,0.10762306
51888,0.046061072,0.008559563,0.08356258,0.08321508,0.8076984,0.988533,0.24713326
51891,0.05041812,0.0059023574,0.094933875,0.10645288,1.290058,1.6230072,0.4057518
51894,0.03876603,0.016531844,0.061000217,0.042845417,0.054344177,0.12716614,0.031791534
51897,0.023976184,0.01329187,0.0346605,0.021324275,0.43298015,0.4353541,0.10883853
51900,0.05460209,0.009547286,0.0996569,0.07473729,0.05070162,0.121213496,0.030303374
51903,0.009388624,0.0073318556,0.011445392,0.0010856541,0.14463615,0.15307076,0.03826769
51905,0.0063052787,0.007663242,0.004947315,0.0028310397,0.3604162,0.38719562,0.096798904
51908,0.008849928,0.009877219,0.007822637,0.00063400116,0.31562486,0.3177109,0.07942773
51911,0.02878204,0.01803077,0.03953331,0.026816284,0.02718099,0.06540683,0.016351707
51914,0.031561013,0.017770775,0.04535125,0.00835015,0.43586096,0.50933474,0.12733369
51917,0.049206022,0.015626686,0.08278536,0.056582227,1.2172502,1.3220707,0.33051768
51920,0.05388241,0.018704578,0.08906025,0.044293094,0.42589173,0.37239853,0.09309963
51923,0.031419992,0.017181376,0.045658607,0.043426495,0.03709793,0.07210171,0.018025428
51925,0.04254818,0.018666184,0.06643018,0.044336658,0.039335728,0.1017623,0.025440576
51928,0.045878436,0.017769543,0.07398733,0.060034733,0.045502823,0.11699429,0.029248573
51931,0.037217233,0.016418189,0.058016274,0.04287244,0.9359481,0.9571405,0.23928513
51934,0.05065382,0.014534809,0.08677283,0.07530914,0.046307087,0.15853955,0.039634887
51937,0.03913893,0.01790714,0.060370725,0.03811452,0.026823679,0.06142799,0.015356998
51940,0.01375218,0.012980307,0.014524053,0.0028562646,0.13899803,0.1223051,0.030576276
51943,0.015350179,0.015496704,0.015203655,0.0035375606,0.21778269,0.24432383,0.06108096
51945,0.0478768,0.019892894,0.0758607,0.044907678,0.034321785,0.06449429,0.016123572
51948,0.04868182,0.025625812,0.071737826,0.037801396,0.029496193,0.074428655,0.018607164
51951,0.064925365,0.034581494,0.09526924,0.08008931,0.02979199,0.10714545,0.026786363
51954,0.057100892,0.03703101,0.07717077,0.024224835,0.027617773,0.04603997,0.011509992
51957,0.06010744,0.03647301,0.08374187,0.04915532,0.021595001,0.06256906,0.015642265
51960,0.047284935,0.035997022,0.058572847,0.023624191,0.0048599243,0.030600622,0.0076501556
51963,0.043853775,0.043779343,0.043928206,0.00071580923,0.2985147,0.30033585,0.07508396
51965,0.045954287,0.0394056,0.05250297,0.0021506923,0.20440356,0.23119883,0.057799708
51968,0.043990333,0.050416272,0.0375644,0.0068880194,0.12229347,0.111440994,0.027860248
51971,0.06430647,0.051347032,0.077265896,0.028033467,0.4884812,0.48348084,0.12087021
51974,0.14654124,0.046928186,0.2461543,0.24063446,1.2083098,1.0290531,0.25726327
51977,0.06736961,0.0520198,0.08271942,0.029929748,0.4738215,0.46035305,0.11508826
51980,0.13013585,0.08932418,0.17094754,0.15122692,1.2075824,1.1061519,0.27653798
51983,0.10393747,0.07630383,0.13157111,0.012176138,0.42487,0.3638413,0.090960324
51985,0.07058317,0.062026355,0.079139985,0.027470818,0.023879847,0.051389977,0.012847494
51988,0.06472286,0.08346333,0.045982387,0.02090994,0.38458952,0.3212426,0.08031065
51991,0.11104571,0.13127093,0.090820484,0.00444863,0.23432608,0.28392753,0.07098188
51994,0.12942414,0.1146433,0.14420499,0.07569525,0.06265768,0.19723682,0.049309205
51997,0.06412362,0.08348679,0.044760454,0.0104788365,0.31481048,0.36568537,0.09142134
52000,0.12550396,0.08000437,0.17100354,0.0534063,0.033590633,0.06705518,0.016763795
52003,0.11788663,0.081137575,0.15463568,0.03695369,0.5822652,0.69188076,0.17297019
52005,0.10110674,0.07679584,0.12541763,0.01057484,0.39569065,0.3488772,0.0872193
52008,0.07288368,0.054644447,0.09112292,0.06203072,0.03042984,0.10127747,0.025319368
52011,0.08293678,0.040482532,0.12539102,0.15953061,1.1657665,1.542119,0.38552976
52014,0.072499104,0.037089806,0.107908405,0.041485723,0.011660893,0.06401594,0.016003985
52017,0.0564739,0.029638445,0.08330936,0.033526722,0.5008473,0.47174737,0.11793684
52020,0.040981025,0.03129909,0.05066296,0.046598524,0.031086603,0.05191498,0.012978745
52023,0.020626156,0.028911315,0.012340996,0.006150067,0.46765843,0.5181723,0.12954308
52025,0.08550038,0.031882178,0.1391186,0.057450224,0.44015864,0.37691283,0.09422821
52028,0.026875816,0.028824886,0.024926746,0.0014638688,0.5238666,0.54493004,0.13623251
52031,0.06723424,0.023628568,0.1108399,0.077413924,0.11677742,0.2058264,0.0514566
52034,0.02869229,0.029755296,0.02762928,0.0014362423,0.18368264,0.17800796,0.04450199
52037,0.06688711,0.04500578,0.088768445,0.020049877,0.015348911,0.018351633,0.0045879083
52040,0.0718343,0.04613625,0.097532354,0.047783,0.035741806,0.09976292,0.02494073
52043,0.055673767,0.043611825,0.06773571,0.051727872,0.47080803,0.47863626,0.119659066
52045,0.04733649,0.039463248,0.05520973,0.023059256,0.030847868,0.06902388,0.01725597
52048,0.040693182,0.040205605,0.041180763,0.0003937122,0.23219745,0.23120677,0.057801694
52051,0.04274932,0.042706758,0.042791884,0.0014340138,0.3135953,0.31032404,0.07758101
52054,0.061157763,0.047793746,0.07452178,0.009923711,0.47588602,0.5527013,0.13817532
52057,0.0691656,0.048758376,0.089572825,0.014924315,0.47523034,0.38567045,0.09641761
52060,0.10683859,0.053898692,0.15977849,0.09078735,0.6961398,0.8759548,0.2189887
52063,0.0857746,0.0674834,0.1040658,0.023377335,0.46702465,0.4970645,0.124266125
52065,0.12803863,0.076467805,0.17960946,0.072217956,0.046875954,0.1324104,0.0331026
52068,0.118839644,0.08498428,0.15269499,0.04453634,0.041547775,0.101883054,0.025470763
52071,0.09084842,0.08676094,0.09493592,0.061034586,0.05651601,0.072937004,0.018234251
52074,0.11130055,0.094166346,0.12843476,0.03316732,0.56472975,0.5708619,0.14271547
52077,0.11669928,0.113654055,0.11974451,0.045595765,0.04455884,0.08792194,0.021980485
52080,0.14133288,0.12328445,0.15938133,0.024896637,0.005676905,0.030205593,0.007551398
52083,0.13304523,0.11555261,0.15053783,0.08001012,1.198318,1.3817962,0.34544906
52085,0.12415413,0.14033277,0.10797548,0.0049079563,0.238793,0.27482787,0.06870697
52088,0.19933212,0.16424845,0.23441581,0.088792525,1.5293115,1.528658,0.3821645
52091,0.1717018,0.158997,0.18440662,0.0022621234,0.17788474,0.15368934,0.038422335
52094,0.18937804,0.16437756,0.21437852,0.0070525208,0.29203263,0.23984714,0.059961785
52097,0.19574969,0.16769604,0.22380333,0.021505417,0.021291256,0.028589016,0.007147254
52100,0.26403186,0.19242789,0.3356358,0.045607373,0.009197871,0.069579594,0.017394898
52103,0.21557741,0.18991357,0.24124122,0.006562326,0.24022865,0.2569377,0.06423443
52105,0.24501549,0.19272006,0.29731092,0.05277762,0.059370678,0.15656249,0.039140623
52108,0.2152878,0.19367607,0.23689955,0.05678818,0.029636383,0.085901804,0.021475451
52111,0.1781832,0.17883445,0.17753191,0.10577939,0.97398424,1.2266302,0.30665755
52114,0.2087404,0.1669371,0.2505437,0.048911456,0.8746039,1.0013441,0.25033602
52117,0.16288626,0.12831315,0.19745935,0.009714779,0.35707983,0.4123509,0.10308772
52120,0.15675811,0.11268511,0.20083113,0.043023486,0.057890575,0.14344014,0.035860036
52123,0.08497868,0.10419015,0.065767206,0.009998825,0.36859894,0.320286,0.0800715
52125,0.13118637,0.09633031,0.16604243,0.027874952,0.02174759,0.07503133,0.018757833
52128,0.09164604,0.077877544,0.10541453,0.0026815552,0.28107834,0.31177756,0.07794439
52131,0.10577378,0.06548352,0.14606403,0.055953097,0.04035155,0.08024458,0.020061145
52134,0.07693493,0.077515565,0.0763543,0.0003247656,0.31789145,0.31490493,0.07872623
52137,0.06329107,0.056635648,0.069946505,0.03895721,0.3139019,0.3323436,0.0830859
52140,0.031951502,0.04922965,0.014673349,0.015408561,0.5079234,0.597626,0.1494065
52143,0.04247583,0.03862379,0.04632787,0.0008573178,0.14760144,0.1482924,0.0370731
52145,0.031819467,0.03742802,0.026210912,0.0038343577,0.5077272,0.49919167,0.12479792
52148,0.041633938,0.02935835,0.053909525,0.005171342,0.5210845,0.574784,0.143696
52151,0.06114946,0.019060949,0.103237964,0.05381709,0.55064434,0.49260747,0.12315187
52154,0.03937985,0.013264435,0.06549527,0.06637997,0.048177402,0.15993118,0.039982796
52157,0.038407847,0.016302856,0.060512837,0.049924035,0.68114156,0.7204628,0.1801157
52160,0.014969264,0.012190644,0.017747885,0.0018133536,0.2690707,0.24951477,0.062378693
52163,0.01937385,0.009128656,0.029619047,0.006837055,0.26148668,0.29461092,0.07365273
52165,0.024281876,0.009327385,0.03923637,0.034185555,0.026215235,0.069911025,0.017477756
52168,0.010657072,0.009258851,0.012055292,0.026029767,0.4519011,0.37086663,0.09271666
52171,0.068203524,0.012035854,0.12437119,0.10224495,0.083707176,0.2231335,0.055783376
52174,0.046125527,0.010600395,0.08165066,0.06213292,0.045348007,0.09157189,0.022892972
52177,0.024943285,0.009414238,0.040472332,0.044874083,0.041839123,0.11709184,0.02927296
52180,0.04825597,0.012951138,0.0835608,0.08385265,0.039210636,0.14979124,0.03744781
52183,0.011833941,0.010543262,0.01312462,0.019692266,0.4066175,0.34219846,0.085549615
52185,0.0581098,0.006871605,0.109348,0.0826946,0.982343,1.1601357,0.29003394
52188,0.020130288,0.0073555964,0.03290498,0.016355427,0.39328933,0.30507967,0.07626992
52191,0.021128843,0.004794981,0.037462708,0.028710812,0.5104669,0.5776761,0.14441903
52194,0.008165445,0.0066568595,0.009674031,0.00064782595,0.28371367,0.30107152,0.07526788
52197,0.08754951,0.008520898,0.16657811,0.1407283,1.237379,1.2420326,0.31050816
52200,0.0060239416,0.007316701,0.0047311825,0.0030094862,0.29480112,0.2900055,0.072501376
52203,0.023510454,0.0057732877,0.041247617,0.030282676,0.50864667,0.5953695,0.14884238
52205,0.03333272,0.005631238,0.061034203,0.062010814,0.4309783,0.51650625,0.12912656
52208,0.041772347,0.006298619,0.07724607,0.091041975,0.06858063,0.06201503,0.015503758
52211,0.047503244,0.008325236,0.08668125,0.08682171,0.74557686,0.7066491,0.17666228
52214,0.034592982,0.008519841,0.060666118,0.033608705,0.0038274128,0.044016022,0.011004006
52217,0.006155363,0.007482356,0.0048283697,0.008863229,0.16135661,0.14471066,0.036177665
52220,0.01187862,0.0065026158,0.017254623,0.005671339,0.31405523,0.26022574,0.065056436
52223,0.010457792,0.006706285,0.0142093,0.0023380273,0.19956486,0.17473923,0.043684807
52225,0.046642933,0.007884866,0.085401,0.1147329,0.11260096,0.11927626,0.029819066
52228,0.02436796,0.0076720826,0.041063838,0.027738454,0.003917694,0.032678425,0.008169606
52231,0.05990559,0.0100734355,0.10973775,0.113978095,0.035423595,0.16524494,0.041311234
52234,0.042021293,0.008568696,0.07547389,0.04444821,0.4014839,0.33825883,0.08456471
52237,0.030698886,0.008383275,0.0530145,0.038002003,0.029269537,0.050434064,0.012608516
52240,0.048911203,0.0098766275,0.08794578,0.07958722,1.3757648,1.5186377,0.3796594
52243,0.045395464,0.011259166,0.07953176,0.04818372,0.79305774,0.90727234,0.22681808
52245,0.02291057,0.012283266,0.033537876,0.006851811,0.20671718,0.2390856,0.0597714
52248,0.014170781,0.010612238,0.017729325,0.0033022705,0.19061685,0.1614956,0.0403739
52251,0.007048735,0.008793269,0.005304201,0.0023038045,0.41393042,0.44505885,0.11126471
52254,0.10598239,0.01248791,0.19947688,0.15350007,1.6439546,1.8387991,0.45969978
52257,0.027462222,0.003915707,0.051008735,0.045477103,0.052377064,0.14490981,0.036227454
52260,0.004007814,0.0054974766,0.0025181517,0.003936561,0.21358742,0.2183373,0.054584324
52263,0.011231113,0.003711519,0.018750707,0.009201381,0.45314217,0.5267946,0.13169865
52265,0.016328754,0.0027871504,0.029870356,0.031746645,0.023100534,0.031421095,0.007855274
52268,0.023184827,0.0031974588,0.043172196,0.052554417,0.8890632,0.9959588,0.2489897
52271,0.045018077,0.0029801931,0.08705596,0.06980385,1.4192352,1.5631762,0.39079404
52274,0.041927706,0.0030702222,0.08078519,0.07828167,0.042931873,0.13819285,0.03454821
52277,0.0344633,0.0033793028,0.065547295,0.06444349,0.048280556,0.1169227,0.029230675
52280,0.010037842,0.0031681315,0.016907552,0.020058224,0.02827692,0.051874325,0.012968581
52283,0.064195715,0.0026544684,0.12573697,0.1149635,0.5957579,0.48108068,0.12027017
52285,0.04741289,0.0043405145,0.09048527,0.073792644,0.09494845,0.16451178,0.041127946
52288,0.044009387,0.008592083,0.0794267,0.04991587,0.56254154,0.5263991,0.13159977
52291,0.055234972,0.004536079,0.10593387,0.093681075,1.1236316,1.2018731,0.30046827
52294,0.032160144,0.005443295,0.05887699,0.046316788,0.85135937,0.9165082,0.22912705
52297,0.021165201,0.0022186232,0.04011178,0.03864296,0.04045248,0.09874711,0.024686778
52300,0.0036977686,0.0028742875,0.00452125,0.0027688162,0.32735226,0.31157342,0.077893354
52303,0.053987518,0.0028605994,0.10511444,0.09492036,0.67616653,0.6107206,0.15268014
52305,0.043877523,0.0025963418,0.085158706,0.0833115,1.2608279,1.4967304,0.3741826
52308,0.04084668,0.002855964,0.078837395,0.07313391,0.055842716,0.15579082,0.038947705
52311,0.005073709,0.0035052272,0.0066421903,0.0032671473,0.34189346,0.31711695,0.07927924
52314,0.051457737,0.0055699274,0.09734555,0.08933699,0.055700142,0.20404862,0.051012155
52317,0.027885422,0.0056231716,0.05014767,0.046657246,0.03662427,0.04911813,0.012279533
52320,0.080542736,0.00835776,0.15272771,0.15056157,1.0293373,0.97924024,0.24481006
52323,0.031468906,0.007434841,0.05550297,0.04492101,0.75655967,0.8090515,0.20226288
52325,0.03186104,0.008490355,0.055231724,0.044244755,0.02561458,0.05975449,0.014938623
52328,0.08508095,0.009777786,0.1603841,0.16256428,0.8658767,0.76310533,0.19077633
52331,0.029140474,0.013473068,0.04480788,0.030083256,0.52955693,0.61201626,0.15300407
52334,0.027849054,0.014996239,0.040701866,0.032005403,0.029134274,0.060607594,0.015151898
52337,0.077563874,0.015239791,0.13988796,0.12206366,1.1206008,1.137496,0.284374
52340,0.050244603,0.023790905,0.0766983,0.03601153,0.032208603,0.040022984,0.010005746
52343,0.13415702,0.037913363,0.23040068,0.20673679,1.2843299,1.8026193,0.45065483
52345,0.05478316,0.040757757,0.06880856,0.032834325,0.031733513,0.077206895,0.019301724
52348,0.047766577,0.048173636,0.047359515,0.014767102,0.3339993,0.2872154,0.07180385
52351,0.05880792,0.060235817,0.05738002,0.025880426,0.41213274,0.3377808,0.0844452
52354,0.09497187,0.07540785,0.1145359,0.022258863,0.019643148,0.021904165,0.005476041
52357,0.088828824,0.07360039,0.10405725,0.00959019,0.29635477,0.3484598,0.08711495
52360,0.090811215,0.1078668,0.07375563,0.008036132,0.27772427,0.35201725,0.08800431
52363,0.13713174,0.124927156,0.1493363,0.026564395,0.45215464,0.48826674,0.122066684
52365,0.15817176,0.12466691,0.19167662,0.04200134,0.03215726,0.060440194,0.015110048
52368,0.12469908,0.096170835,0.15322731,0.047577396,0.03801155,0.09715084,0.02428771
52371,0.15835084,0.08970529,0.2269964,0.10646675,0.056875866,0.17008996,0.04252249
52374,0.13669272,0.11188509,0.16150035,0.094842784,0.05887254,0.22353561,0.055883903
52377,0.1713513,0.12835956,0.21434303,0.042853173,0.036264103,0.059948772,0.014987193
52380,0.18549542,0.13391738,0.23707347,0.084370166,1.4337339,1.6812035,0.42030087
52383,0.17750728,0.15289663,0.20211792,0.051048756,0.7432979,0.8173232,0.2043308
52385,0.20713013,0.15636171,0.25789854,0.058967035,0.022367636,0.07615679,0.019039197
52388,0.24274908,0.19799264,0.2875055,0.17931892,0.937654,0.8288589,0.20721473
52391,0.21968706,0.16188413,0.27749002,0.1409542,1.0560918,1.0231222,0.25578055
52394,0.14949208,0.13553281,0.16345136,0.037415728,0.031295776,0.07697679,0.019244198
52397,0.19381954,0.13891311,0.248726,0.039088953,0.02912728,0.031602968,0.007900742
52400,0.25442407,0.17327435,0.33557376,0.06623214,0.014107545,0.08832113,0.022080282
52403,0.17702936,0.16977012,0.18428858,0.11902072,0.78943175,0.7340931,0.18352328
52405,0.17215256,0.14216138,0.20214374,0.040107638,0.53470296,0.61894614,0.15473653
52408,0.18259783,0.13397096,0.2312247,0.053700548,0.9610138,1.0926102,0.27315256
52411,0.13894315,0.12759858,0.1502877,0.13578576,0.84207535,0.7744951,0.19362378
52414,0.1719598,0.1833966,0.160523,0.058145653,0.060350418,0.17256106,0.043140266
52417,0.19001092,0.18601696,0.1940049,0.0003813425,0.25173917,0.25448838,0.063622095
52420,0.27267277,0.2127678,0.33257774,0.027623205,0.026650429,0.016298356,0.004074589
52423,0.15889408,0.18817516,0.12961298,0.012610544,0.4322327,0.37796736,0.09449184
52425,0.22758909,0.1820742,0.27310398,0.06796559,1.543798,1.6612998,0.41532496
52428,0.1664492,0.13544165,0.19745676,0.007868554,0.5050004,0.574467,0.14361675
52431,0.10494411,0.09871951,0.111168705,0.00083629787,0.19159572,0.19519915,0.048799787
52434,0.052114308,0.06671979,0.03750883,0.0055051097,0.24606447,0.28918824,0.07229706
52437,0.077703975,0.03481213,0.12059581,0.050696697,0.054308575,0.1481779,0.037044477
52440,0.04910459,0.02431001,0.07389917,0.09168095,0.09155718,0.10354187,0.025885468
52443,0.067777276,0.035708755,0.0998458,0.14194758,1.1632183,1.5206839,0.38017097
52445,0.110540874,0.042405825,0.17867593,0.1047652,1.2447473,1.371112,0.342778
52448,0.073505074,0.04187123,0.10513892,0.055738788,0.074404396,0.13271143,0.033177856
52451,0.067029186,0.038825314,0.09523306,0.06828084,0.07032458,0.15518133,0.038795333
52454,0.019136144,0.026234217,0.01203807,0.0061506596,0.31738737,0.36317906,0.090794764
52457,0.03217018,0.023183003,0.041157354,0.022881486,0.016215643,0.037228696,0.009307174
52460,0.054099884,0.03288853,0.075311236,0.08052059,0.65994215,0.8295765,0.20739412
52463,0.07069556,0.02235329,0.119037814,0.12374699,0.11588287,0.14483072,0.03620768
52465,0.0978814,0.012622205,0.18314059,0.15329506,1.0505171,0.9693226,0.24233066
52468,0.009462776,0.008321096,0.010604455,0.000438554,0.13411205,0.14101435,0.035253588
52471,0.05042926,0.021460691,0.07939783,0.042344104,0.03587675,0.06999626,0.017499065
52474,0.031015297,0.019883497,0.0421471,0.007668765,0.45897672,0.4114759,0.102868974
52477,0.010705474,0.011650494,0.0097604515,0.00045312787,0.34323183,0.3325061,0.08312652
52480,0.045511365,0.028609777,0.06241296,0.040762972,0.038310688,0.10276827,0.025692068
52483,0.071580686,0.01811691,0.12504447,0.08330096,0.05048561,0.15628035,0.03907009
52485,0.03399883,0.026383124,0.041614532,0.0031162463,0.19249725,0.16372062,0.040930156
52488,0.03504234,0.039047476,0.031037204,0.0013256244,0.37499365,0.35896394,0.089740984
52491,0.055624556,0.0402334,0.07101571,0.021710763,0.36715698,0.42053175,0.10513294
52494,0.05804092,0.032932714,0.08314913,0.031876583,0.004160563,0.040006932,0.010001733
52497,0.08263943,0.034082595,0.13119628,0.14208704,1.0861868,1.0139705,0.25349262
52500,0.0872424,0.03954877,0.13493603,0.07304872,1.2985052,1.513281,0.37832025
52503,0.04171397,0.04265679,0.040771153,0.0010643655,0.12205569,0.122200616,0.030550154
52505,0.036257174,0.03926907,0.033245277,0.00074120314,0.40193176,0.38751975,0.09687994
52508,0.09092453,0.044124663,0.1377244,0.12619641,1.2939135,1.3011986,0.32529965
52511,0.033804614,0.03703094,0.030578285,0.00082066376,0.33219847,0.3161641,0.07904103
52514,0.04349195,0.03762941,0.049354494,0.0023967696,0.15607794,0.13169593,0.03292398
52517,0.08470177,0.03795023,0.1314533,0.11829609,1.1604868,1.1782547,0.29456368
52520,0.08379396,0.03788236,0.12970556,0.08494403,1.1236382,1.2068914,0.30172285
52523,0.04807708,0.03813859,0.058015574,0.03613657,0.025889555,0.0705222,0.01763055
52525,0.037197784,0.038285434,0.036110133,0.0013002275,0.42469153,0.43111125,0.10777781
52528,0.056991916,0.038339764,0.07564406,0.022833042,0.38229498,0.4486202,0.11215505
52531,0.055224493,0.039624255,0.070824735,0.047038767,0.46813536,0.54426956,0.13606739
52534,0.04629625,0.03962427,0.052968234,0.029870264,0.018428802,0.042835575,0.010708894
52537,0.05096819,0.039698668,0.06223771,0.052138973,0.049832027,0.08427093,0.021067733
52540,0.061096877,0.041109752,0.081084006,0.028537774,0.023300013,0.043004822,0.0107512055
52543,0.08914665,0.04302108,0.13527222,0.12870939,0.13886197,0.20546459,0.051366147
52545,0.059037,0.044217292,0.073856704,0.030194655,0.33084235,0.3735278,0.09338195
52548,0.06024356,0.045753468,0.074733645,0.026240135,0.5521393,0.57587475,0.14396869
52551,0.07185043,0.04742865,0.09627221,0.0360186,0.63236743,0.7297778,0.18244445
52554,0.08146145,0.04933547,0.11358744,0.059440434,0.047590256,0.12823766,0.032059416
52557,0.04953297,0.049108606,0.049957335,0.0009693694,0.19646637,0.18838382,0.047095954
52560,0.063416,0.049758494,0.07707349,0.03191075,0.5568737,0.60672647,0.15168162
52563,0.09321497,0.05030756,0.13612239,0.07303362,1.4425608,1.6181179,0.40452948
52565,0.07381106,0.05085312,0.09676901,0.031114185,0.4965261,0.5810345,0.14525862
52568,0.04198,0.049733292,0.034226704,0.004804617,0.19154675,0.16364114,0.040910285
52571,0.057154205,0.048749894,0.065558515,0.0019939127,0.13893636,0.15688282,0.039220706
52574,0.07711975,0.048817623,0.10542188,0.077511035,0.6213805,0.7581493,0.18953733
52577,0.10387988,0.049286198,0.15847357,0.08385744,0.5676848,0.71911883,0.17977971
52580,0.10467247,0.049414378,0.15993056,0.08572329,1.2269281,1.4750973,0.36877432
52583,0.069535285,0.050102394,0.08896818,0.05461921,0.6002067,0.71947265,0.17986816
52585,0.050742894,0.05102392,0.05046187,0.0012613815,0.18827064,0.17937477,0.044843692
52588,0.055807814,0.052080344,0.059535284,0.0022193713,0.49603584,0.48048607,0.12012152
52591,0.07124546,0.05341144,0.08907949,0.008131818,0.45400873,0.5106142,0.12765355
52594,0.08556411,0.055001017,0.11612719,0.05980195,0.96000737,1.0089065,0.25222662
52597,0.066705875,0.057274044,0.076137714,0.0026753303,0.36060014,0.38317513,0.09579378
52600,0.04676122,0.060219914,0.033302523,0.012086415,0.36598325,0.43130517,0.10782629
52603,0.11461524,0.06346389,0.16576658,0.20437515,1.0701872,0.9472494,0.23681235
52605,0.09213376,0.06537803,0.11888949,0.10518497,0.12276586,0.17922147,0.044805367
52608,0.09003219,0.068308495,0.111755885,0.09312286,1.2545367,1.5278593,0.38196483
52611,0.08705056,0.084129095,0.08997202,0.036156446,0.03701623,0.10262462,0.025656154
52614,0.07417855,0.07918728,0.06916981,0.0020698928,0.13895035,0.12623112,0.03155778
52617,0.12009222,0.099302195,0.14088225,0.005395055,0.50409824,0.5716729,0.14291823
52620,0.16148607,0.086853564,0.2361186,0.27693003,1.333593,1.9040273,0.47600684
52623,0.10901504,0.0763217,0.14170839,0.033267964,0.0031223297,0.041402023,0.010350506
52625,0.08469779,0.07242753,0.09696805,0.0072283815,0.4807147,0.41887292,0.10471823
52628,0.057321053,0.064787574,0.049854532,0.0021711544,0.47619644,0.5137408,0.1284352
52631,0.11892444,0.05851082,0.17933805,0.061685223,0.04403925,0.05830572,0.01457643
52634,0.045054693,0.05418476,0.035924632,0.009742491,0.2107356,0.24344228,0.06086057
52637,0.054797232,0.05026624,0.059328225,0.026841588,0.030106703,0.083834626,0.020958656
52640,0.05298434,0.04171184,0.06425684,0.022533385,0.02110672,0.04240592,0.01060148
52643,0.045354914,0.04164185,0.049067974,0.0024880061,0.15365975,0.12928398,0.032320995
52645,0.07164834,0.043070797,0.10022587,0.015996331,0.44833353,0.35546365,0.08886591
52648,0.096244276,0.040928513,0.15156005,0.058601882,0.014268239,0.087840356,0.021960089
52651,0.034730133,0.05154473,0.017915534,0.019134494,0.5371353,0.6300619,0.15751548
52654,0.056736737,0.046947297,0.066526175,0.028643675,0.57953405,0.6189175,0.15472938
52657,0.15919623,0.043304045,0.2750884,0.1451161,0.9753823,0.8835092,0.2208773
52660,0.05894347,0.03904741,0.07883953,0.10522773,0.78269386,0.7196762,0.17991905
52662,0.048927516,0.050882664,0.046972364,0.00081557484,0.1464138,0.14652927,0.036632318
52665,0.06817167,0.06389109,0.072452255,0.062339585,0.052380085,0.1697821,0.042445526
52668,0.05031669,0.04455856,0.056074828,0.002544508,0.26356307,0.2365393,0.059134826
52671,0.07657417,0.03604046,0.11710789,0.06291119,1.171662,1.3179618,0.32949045
52674,0.061536938,0.03078785,0.09228603,0.06092213,0.039429188,0.10622416,0.02655604
52677,0.04580666,0.027996078,0.063617244,0.06462964,1.048352,1.209665,0.30241624
52680,0.06904172,0.020234201,0.11784925,0.08141631,0.10965729,0.18751931,0.046879828
52682,0.03386861,0.022374807,0.045362413,0.0059290347,0.5540816,0.6189895,0.15474738
52685,0.03738676,0.016101025,0.0586725,0.03881498,0.021979332,0.06242606,0.015606515
52688,0.05613418,0.014063947,0.09820441,0.086920835,0.06661034,0.17528419,0.043821048
52691,0.009262727,0.011295275,0.0072301775,0.0033011602,0.50875634,0.5600081,0.14000203
52694,0.05884355,0.010290549,0.10739654,0.113131106,1.1391903,1.4427067,0.36067668
52697,0.02187165,0.00899331,0.03474999,0.026887298,0.41864333,0.49931565,0.12482891
52700,0.10772828,0.008343858,0.20711271,0.20213546,1.004738,1.3445606,0.33614016
52702,0.013813526,0.009839959,0.017787093,0.0042268625,0.26548022,0.24896486,0.062241215
52705,0.018191798,0.012300953,0.024082644,0.00870262,0.36856422,0.39718446,0.099296115
52708,0.03143546,0.017755942,0.045114975,0.029421208,0.023671785,0.063000694,0.015750173
52711,0.029379496,0.02286782,0.035891175,0.013600851,0.46372166,0.51476145,0.12869036
52714,0.034051385,0.031943727,0.036159035,0.0014204009,0.25007233,0.23207664,0.05801916
52717,0.06476661,0.039229047,0.09030417,0.045352876,0.04067437,0.10545989,0.026364973
52720,0.06022575,0.055670712,0.06478079,0.02161103,0.003546397,0.027259713,0.0068149283
52722,0.082835846,0.058651965,0.10701972,0.06573129,0.025034904,0.08484911,0.021212278
52725,0.118959464,0.065572016,0.1723469,0.08282324,1.1052413,1.3353246,0.33383116
52728,0.101974994,0.08498185,0.11896814,0.0065921266,0.30912676,0.25472215,0.06368054
52731,0.10772922,0.099008046,0.11645038,0.006851908,0.17572276,0.20005788,0.05001447
52734,0.11008251,0.10428041,0.115884595,0.037477024,0.034106415,0.10084262,0.025210654
52737,0.15331051,0.11751801,0.189103,0.09706524,0.05409495,0.21662748,0.05415687
52740,0.1289896,0.13587151,0.12210771,0.0050524473,0.15837415,0.15025441,0.037563603
52742,0.19181228,0.13992174,0.24370281,0.06753356,0.033349354,0.107714415,0.026928604
52745,0.14368832,0.1598653,0.12751134,0.010960452,0.36850047,0.43802667,0.10950667
52748,0.22249694,0.19763571,0.24735819,0.034473363,0.5500838,0.6492938,0.16232345
52751,0.28282508,0.23330535,0.3323448,0.18787746,1.3867378,1.2493685,0.31234214
52754,0.3007667,0.2508848,0.35064864,0.07310393,1.3403956,1.4788814,0.36972034
52757,0.24841775,0.24761085,0.24922466,0.023684753,0.012613933,0.038883388,0.009720847
52760,0.3042722,0.28191018,0.3266342,0.064630814,0.9721387,1.0156144,0.2539036
52762,0.37516126,0.30544025,0.44488224,0.05568521,0.015911102,0.086327724,0.021581931
52765,0.38623905,0.3848168,0.38766134,0.040533308,0.5700609,0.57747823,0.14436956
52768,0.46409258,0.4182515,0.50993365,0.0108613195,0.15175343,0.17996104,0.04499026
52771,0.48299083,0.4287375,0.53724414,0.010539857,0.5049467,0.5897544,0.1474386
52774,0.4455928,0.4509995,0.4401861,0.11601451,1.1335274,1.4501137,0.3625284
52777,0.3942922,0.38619033,0.40239406,0.029602274,0.5589635,0.61015654,0.15253913
52780,0.3449897,0.3556156,0.33436385,0.043231014,0.018476486,0.056151498,0.0140378745
52782,0.35184523,0.3759471,0.32774338,0.007096676,0.34351635,0.36733297,0.09183324
52785,0.39079118,0.3857461,0.39583626,0.0004901536,0.15149117,0.15349148,0.03837287
52788,0.387853,0.35588112,0.41982487,0.01908288,0.01762422,0.025184887,0.0062962216
52791,0.49530926,0.40949956,0.58111894,0.04673471,0.03396368,0.048003588,0.012000897
52794,0.43555865,0.44182098,0.42929626,0.11383472,1.1849304,1.5114851,0.37787127
52797,0.41694632,0.420693,0.41319963,0.0005150111,0.20494242,0.20813413,0.052033532
52800,0.43276772,0.42743993,0.43809548,0.101356484,1.1835119,1.4669617,0.36674044
52802,0.4548727,0.45127383,0.45847157,0.045413267,0.02365748,0.06201233,0.015503082
52805,0.48064438,0.41377333,0.5475154,0.045324147,0.0101566315,0.06750121,0.016875302
52808,0.47737527,0.44015,0.5146006,0.06723293,1.4539427,1.5589298,0.38973245
52811,0.4551641,0.39734134,0.5129869,0.054872453,0.038684685,0.09663487,0.024158718
52814,0.32493782,0.37301198,0.27686366,0.015110192,0.48020044,0.40758505,0.10189626
52817,0.36490285,0.3438382,0.3859675,0.06975206,0.06505903,0.13959394,0.034898486
52820,0.3564297,0.39555618,0.3173032,0.010415578,0.19080162,0.16029462,0.040073656
52822,0.41997948,0.3950263,0.44493273,0.047490884,0.97950554,1.0431776,0.2607944
52825,0.45605293,0.45105895,0.46104693,0.0402106,0.02051735,0.05517569,0.013793923
52828,0.47919878,0.46426025,0.4941373,0.0018162247,0.50815076,0.5218117,0.13045293
52831,0.4163818,0.46166363,0.37109995,0.008225106,0.50028986,0.57218117,0.14304529
52834,0.5034582,0.42616954,0.5807469,0.063006915,0.04344368,0.09905404,0.02476351
52837,0.35046208,0.3649833,0.33594087,0.0011089841,0.33119074,0.30272937,0.07568234
52840,0.4233946,0.4565282,0.39026102,0.13096775,1.1959823,1.5421109,0.38552773
52842,0.57614464,0.4828972,0.6693921,0.116440475,0.061371487,0.18772443,0.046931107
52845,0.3239555,0.36570203,0.28220898,0.016921228,0.24365754,0.2698045,0.06745113
52848,0.4996597,0.37564313,0.62367624,0.12293608,1.2158328,1.2018003,0.3004501
52851,0.35705623,0.3745686,0.3395438,0.0028417467,0.21097584,0.21618336,0.05404584
52854,0.42220172,0.36674547,0.477658,0.03290199,0.02355512,0.03157332,0.00789333
52857,0.34097362,0.3750988,0.30684844,0.041838735,0.031571705,0.047897834,0.011974459
52860,0.3379253,0.32010716,0.3557434,0.033770014,0.70320827,0.74922085,0.18730521
52862,0.29034662,0.3113303,0.26936296,0.14323904,0.789238,0.696431,0.17410775
52865,0.34039852,0.3080871,0.3727099,0.044445235,0.01703898,0.06815478,0.017038696
52868,0.25916252,0.28661498,0.23171003,0.06431419,0.037965775,0.16291289,0.040728223
52871,0.32680753,0.27052596,0.38308915,0.042169273,0.01930491,0.08387303,0.020968258
52874,0.24830158,0.26350605,0.23309712,0.011414208,0.58026546,0.55467975,0.13866994
52877,0.2286015,0.26714405,0.19005895,0.009954808,0.48189354,0.40131974,0.100329936
52880,0.35593262,0.2687557,0.44310954,0.08385322,0.95512205,0.9195997,0.22989993
52882,0.36699355,0.26368436,0.4703027,0.0713884,0.040916443,0.05790642,0.014476605
52885,0.27598724,0.26188472,0.29008976,0.08785981,0.104393005,0.18450044,0.04612511
52888,0.2532582,0.2536097,0.2529067,0.028478602,0.024981817,0.06990749,0.017476872
52891,0.25638887,0.259494,0.2532837,0.00069117686,0.27767372,0.27524912,0.06881228
52894,0.24616168,0.25578153,0.23654182,0.009948566,0.21772118,0.18937862,0.047344655
52897,0.27101323,0.26182362,0.28020284,0.0027782824,0.45511818,0.44952545,0.11238136
52900,0.23847751,0.23205014,0.24490486,0.07524968,0.90835047,1.0509471,0.26273677
52902,0.23383355,0.22388749,0.24377964,0.031072224,0.018193563,0.04756761,0.011891902
52905,0.21839558,0.21663637,0.22015476,0.04403636,0.025438944,0.05656292,0.01414073
52908,0.19980484,0.20928426,0.19032542,0.0010492883,0.19821484,0.18031462,0.045078654
52911,0.23730667,0.20227893,0.27233443,0.051801737,0.022179285,0.058992814,0.014748204
52914,0.18103854,0.19323914,0.16883795,0.0017937967,0.16285896,0.15104218,0.037760545
52917,0.3088647,0.19521601,0.4225134,0.1667132,1.6014925,1.8266484,0.4566621
52920,0.19226949,0.17772925,0.20680971,0.038527977,0.6974215,0.7255122,0.18137805
52922,0.18014924,0.17445558,0.18584287,0.06300518,0.49176288,0.55920744,0.13980186
52925,0.202262,0.17631958,0.22820443,0.017042235,0.015682856,0.019643476,0.004910869
52928,0.16663402,0.17200296,0.16126509,0.06805786,0.41055742,0.40720257,0.10180064
52931,0.17817296,0.17901473,0.17733121,0.031758618,0.015604019,0.029749364,0.007437341
52934,0.20008099,0.16347058,0.23669137,0.060921844,0.92074156,0.95006585,0.23751646
52937,0.20964886,0.15641733,0.2628804,0.08258348,0.10093689,0.21490455,0.053726137
52940,0.16255042,0.1537065,0.17139433,0.014665549,0.35911343,0.2644556,0.0661139
52942,0.11856138,0.14267047,0.094452284,0.008140839,0.5432765,0.46232292,0.11558073
52945,0.14557457,0.14349952,0.14764962,0.13169771,0.9322631,0.8806238,0.22015595
52948,0.14425758,0.13228239,0.15623276,0.019321583,0.019542059,0.03435606,0.008589015
52951,0.13310811,0.12561713,0.14059909,0.0018722512,0.25705147,0.25575313,0.06393828
52954,0.11693472,0.114331335,0.119538106,0.009999038,0.3884889,0.31291416,0.07822854
52957,0.10692406,0.10161483,0.11223328,0.035978716,0.017211914,0.054110914,0.013527729
52960,0.12035031,0.095608436,0.14509219,0.025728932,0.30235264,0.18041444,0.04510361
52962,0.119178206,0.08425375,0.15410267,0.17922948,0.7520389,0.98327994,0.24581999
52965,0.09426161,0.078455776,0.11006743,0.0053387233,0.21110535,0.2268986,0.05672465
52968,0.08733392,0.06554897,0.10911886,0.039683238,0.49247614,0.5288953,0.13222383
52971,0.04534184,0.051393896,0.039289776,0.002177377,0.19665782,0.18565798,0.046414495
52974,0.09821261,0.04616348,0.15026174,0.11484212,0.047290802,0.18776971,0.046942428
52977,0.057224303,0.04180911,0.072639495,0.04922615,0.4960054,0.5482833,0.13707082
52980,0.041843653,0.041288007,0.04239929,0.040637147,0.026283264,0.09989647,0.024974117
52982,0.08862712,0.042568535,0.13468571,0.095408954,0.110440575,0.19602342,0.049005855
52985,0.06757259,0.039744888,0.095400296,0.042380366,0.8679994,0.92810005,0.23202501
52988,0.09865395,0.04000766,0.15730025,0.21093316,1.2619442,1.6682949,0.41707373
52991,0.08579292,0.041945964,0.12963986,0.06172547,0.05587705,0.14226282,0.035565704
52994,0.06404773,0.054930378,0.07316509,0.041414376,0.02271843,0.035674646,0.008918662
52997,0.06008655,0.05178021,0.068392895,0.013799518,0.35182902,0.25863132,0.06465783
53000,0.07053943,0.0625017,0.07857716,0.06886563,0.043160755,0.1633646,0.04084115
53002,0.10091793,0.04829648,0.15353937,0.05588895,0.56278867,0.7254071,0.18135178
53005,0.06760909,0.04882143,0.08639675,0.116444945,0.09212303,0.056137722,0.0140344305
53008,0.084860064,0.04619794,0.123522185,0.046153504,0.45152918,0.5503066,0.13757665
53011,0.04391061,0.045391332,0.04242989,0.023230487,0.00895818,0.020205704,0.005051426
53014,0.041052636,0.041772615,0.04033266,0.0035059645,0.4553833,0.43000266,0.107500665
53017,0.0446499,0.043975607,0.045324188,0.0019929812,0.42930284,0.4259664,0.1064916
53020,0.067933924,0.047015995,0.08885185,0.03785147,0.44413567,0.568652,0.142163
53022,0.06972922,0.048780665,0.09067777,0.027865494,0.02340126,0.057965945,0.014491486
53025,0.06298608,0.052867997,0.07310417,0.027812297,0.023413977,0.07003921,0.017509803
53028,0.10560187,0.07126505,0.1399387,0.06968606,1.4419702,1.544694,0.3861735
53031,0.09706053,0.08236071,0.111760356,0.027334973,0.35358682,0.3757554,0.09393885
53034,0.0913482,0.087945364,0.09475104,0.0076227635,0.28111023,0.27159837,0.06789959
53037,0.12267319,0.086390264,0.15895613,0.0678828,0.030343374,0.099924445,0.024981111
53040,0.081464164,0.09512674,0.06780159,0.06011639,0.04464976,0.05680332,0.01420083
53042,0.11602948,0.11617306,0.11588589,0.0008959362,0.24982388,0.2521588,0.0630397
53045,0.141932,0.13183464,0.15202935,0.025892863,0.40846634,0.41751897,0.10437974
53048,0.22973542,0.17061056,0.2888603,0.18763833,1.1602426,1.5303812,0.3825953
53051,0.24224222,0.19635375,0.2881307,0.016599707,0.30462152,0.21278746,0.053196866
53054,0.1412041,0.1581247,0.124283515,0.053929117,0.034833908,0.060483873,0.015120968
53057,0.224966,0.16204919,0.2878828,0.124809586,1.2070986,1.3914903,0.34787259
53060,0.2343065,0.18540144,0.28321153,0.04334007,0.559771,0.5089449,0.12723623
53062,0.22153747,0.1988825,0.24419244,0.049333785,0.019599915,0.06705761,0.016764402
53065,0.20512545,0.20572615,0.20452477,0.00041353528,0.17633693,0.17562537,0.043906342
53068,0.23472708,0.21837044,0.25108373,0.024290547,0.46979967,0.5189255,0.12973137
53071,0.2593472,0.23835015,0.28034425,0.029930478,0.5819354,0.6017621,0.15044053
53074,0.30543664,0.2372426,0.37363067,0.2418425,1.2592553,1.6785017,0.41962543
53077,0.21526898,0.22332795,0.20721002,0.00089985755,0.54427403,0.5207985,0.13019963
53080,0.2356562,0.23187403,0.23943837,0.00609496,0.17752023,0.14658278,0.036645696
53082,0.29732648,0.248631,0.34602198,0.062484335,0.64189273,0.7522106,0.18805265
53085,0.22296529,0.23066384,0.2152667,0.02375164,0.019055685,0.045966193,0.011491548
53088,0.21134885,0.22880954,0.19388817,0.004774391,0.17332363,0.19004111,0.047510277
53091,0.18959685,0.22218089,0.15701282,0.012901316,0.31188393,0.25306663,0.06326666
53094,0.23302235,0.21697135,0.24907334,0.055883005,0.052394867,0.11813819,0.029534547
53097,0.18210806,0.21725015,0.14696598,0.016444616,0.34819412,0.28413513,0.07103378
53100,0.28505582,0.21950734,0.3506043,0.053970005,0.034433365,0.052704263,0.013176066
53102,0.2542305,0.23221928,0.27624175,0.05266163,0.02701076,0.084745586,0.021186396
53105,0.20915042,0.18732528,0.23097555,0.0072371936,0.22303271,0.16860898,0.042152245
53108,0.18930559,0.19723171,0.18137944,0.04792707,0.01772817,0.05655867,0.014139667
53111,0.17650919,0.16914898,0.18386936,0.064627446,0.044401962,0.16232371,0.04058093
53114,0.1975723,0.12895358,0.26619104,0.23239134,1.2521428,1.6588553,0.41471383
53117,0.17612809,0.12948366,0.22277252,0.022497723,0.4686556,0.34438053,0.08609513
53120,0.13928431,0.13497305,0.14359558,0.0023246438,0.2110341,0.18634945,0.046587363
53122,0.14771584,0.12072351,0.17470817,0.014267985,0.40629995,0.3059659,0.076491475
53125,0.090777874,0.11353814,0.068017624,0.025671788,0.5319757,0.573134,0.1432835
53128,0.12584956,0.12672149,0.124977626,0.0895474,1.1018764,1.3342482,0.33356205
53131,0.1477195,0.1417601,0.15367891,0.00074993196,0.28357378,0.2884958,0.07212395
53134,0.14796773,0.1605243,0.13541116,0.07722714,0.04506445,0.18893659,0.047234148
53137,0.15129076,0.13932241,0.1632591,0.006323406,0.18348972,0.13556476,0.03389119
53140,0.19060557,0.14890327,0.23230787,0.047311526,0.046318054,0.12718451,0.031796128
53142,0.1799074,0.15583907,0.20397575,0.025067389,0.022413889,0.041185144,0.010296286
53145,0.13684924,0.1536168,0.12008166,0.03789565,0.03406334,0.11369563,0.028423907
53148,0.14743759,0.15785901,0.13701618,0.0016694488,0.5689996,0.5292631,0.13231577
53151,0.19381362,0.15740828,0.23021896,0.031532694,0.024771372,0.027140424,0.006785106
53154,0.14958273,0.121911116,0.17725433,0.085237466,0.04782613,0.1606052,0.0401513
53157,0.097082496,0.09840306,0.09576193,0.00088254036,0.18672498,0.17916445,0.044791114
53160,0.17897737,0.11923399,0.23872077,0.05835093,0.034779865,0.07969778,0.019924445
53162,0.08663261,0.09043085,0.08283436,0.009239278,0.5888304,0.620946,0.1552365
53165,0.103110135,0.11556194,0.09065833,0.0823645,0.06163915,0.040831804,0.010207951
53168,0.14572853,0.11415411,0.17730294,0.011846033,0.21081193,0.14222099,0.035555247
53171,0.12963878,0.12860203,0.13067551,0.04935488,0.032656986,0.07846064,0.01961516
53174,0.18621737,0.12300333,0.24943142,0.12653403,0.99527425,1.2564474,0.31411186
53177,0.101774834,0.1314742,0.072075464,0.018310457,0.296985,0.23410487,0.058526218
53180,0.12363998,0.14510563,0.10217432,0.0063227247,0.23162906,0.19469585,0.04867396
53182,0.21033597,0.16027763,0.2603943,0.038611755,0.014962514,0.07310665,0.018276662
53185,0.16127269,0.17620909,0.1463363,0.0018739165,0.35555777,0.3181099,0.079527475
53188,0.25391403,0.19501811,0.31280994,0.1771078,0.94200945,1.2450461,0.31126153
53191,0.20213366,0.18224849,0.22201884,0.051333945,0.90046436,0.97166866,0.24291717
53194,0.274043,0.23757625,0.31050977,0.053759646,0.89250445,0.9331012,0.2332753
53197,0.2892424,0.24916871,0.32931605,0.0456067,0.012837728,0.067969315,0.016992329
53200,0.22213256,0.19255526,0.25170985,0.10862044,1.2647457,1.3109672,0.3277418
53202,0.29014754,0.26393634,0.31635875,0.07124179,0.03115511,0.10947921,0.027369803
53205,0.2864159,0.3035924,0.26923934,0.14243442,1.0784239,0.9925604,0.2481401
53208,0.371652,0.33311862,0.41018543,0.03593492,0.027943453,0.040973518,0.0102433795
53211,0.27204838,0.2622641,0.28183267,0.07982,1.4181862,1.4335293,0.3583823
53214,0.16403134,0.15201013,0.17605257,0.005788745,0.1925581,0.14670826,0.036677066
53217,0.14932968,0.17058092,0.12807843,0.014328864,0.56346536,0.58094126,0.14523531
53220,0.20663662,0.15962441,0.25364882,0.06550442,0.03611501,0.10512633,0.026281582
53222,0.16384248,0.15790074,0.16978423,0.0009486056,0.32538414,0.33187506,0.082968764
53225,0.25374737,0.14440598,0.36308876,0.16492265,1.4085102,1.6488448,0.4122112
53228,0.15237647,0.13213404,0.17261891,0.10356856,1.0547801,1.2806603,0.32016507
53231,0.16429229,0.12830035,0.20028424,0.07769028,1.1791502,1.2467166,0.31167915
53234,0.17173965,0.12641644,0.21706288,0.055255402,0.029527029,0.10531279,0.026328197
53237,0.12795709,0.12535524,0.13055892,0.021348426,0.020629248,0.050713282,0.0126783205
53240,0.20213707,0.12451863,0.2797555,0.09379583,1.0296612,1.2845258,0.32113144
53242,0.14998275,0.12387549,0.17609,0.036391005,0.012773514,0.05543525,0.013858813
53245,0.14123006,0.12187895,0.16058116,0.042347938,0.5561231,0.6029561,0.15073903
53248,0.14785053,0.15365416,0.14204691,0.028039807,0.02522532,0.07192822,0.017982055
53251,0.16531494,0.14612795,0.18450193,0.12262032,1.1262413,1.4023104,0.3505776
53254,0.14941631,0.14693427,0.15189834,0.06343572,0.024613699,0.10074079,0.025185198
53257,0.15840739,0.13371448,0.1831003,0.11459359,0.9539878,0.88978416,0.22244604
53260,0.13896108,0.16931355,0.1086086,0.022257948,0.29214287,0.22794831,0.056987077
53262,0.32514533,0.1921053,0.45818534,0.17014535,1.3741983,1.7081323,0.42703307
53265,0.18129253,0.16736281,0.19522224,0.008402263,0.18449545,0.13282645,0.033206612
53268,0.17665024,0.174221,0.17907952,0.035481486,0.030500412,0.095092446,0.023773111
53271,0.13599467,0.14936228,0.12262707,0.010749486,0.22293484,0.24217594,0.060543984
53274,0.18776442,0.14390086,0.231628,0.061841145,0.99020404,1.0049063,0.25122657
53277,0.14067774,0.14890003,0.13245542,0.0015443229,0.18325043,0.16977803,0.04244451
53280,0.17237233,0.15202014,0.19272451,0.078073114,0.7463398,0.74592805,0.18648201
53282,0.18316889,0.169993,0.1963448,0.005926912,0.16897964,0.17167222,0.042918056
53285,0.15962674,0.17719412,0.14205937,0.007468102,0.1883672,0.16672646,0.041681614
53288,0.18606345,0.1889938,0.18313313,0.1423452,0.14333217,0.17155679,0.042889196
53291,0.21038969,0.18880157,0.2319778,0.0061460757,0.1839314,0.13791186,0.034477964
53294,0.22629654,0.20670246,0.24589062,0.06202868,0.06785774,0.14370416,0.03592604
53297,0.14528185,0.17590027,0.11466345,0.013711661,0.43226686,0.3751185,0.09377962
53300,0.16383927,0.13683234,0.1908462,0.0968813,0.12689717,0.23103325,0.057758313
53302,0.18387012,0.155612,0.21212824,0.10028084,1.3145574,1.274745,0.31868625
53305,0.11718767,0.15194361,0.08243174,0.014721879,0.42455992,0.34298337,0.08574584
53308,0.18696742,0.13149792,0.24243693,0.06973297,0.85927695,0.8276291,0.20690727
53311,0.13369302,0.11927447,0.14811158,0.06980126,0.024627686,0.08985851,0.022464627
53314,0.22655086,0.16712885,0.28597286,0.051905423,0.7182458,0.86122257,0.21530564
53317,0.16251296,0.12929499,0.19573092,0.026398264,0.019362768,0.028985599,0.0072463998
53320,0.15111817,0.1130971,0.18913925,0.042574126,0.015735626,0.0642159,0.016053975
53322,0.14753261,0.12232298,0.17274225,0.022011882,0.0207297,0.033781484,0.008445371
53325,0.14597589,0.14350642,0.14844534,0.046147916,0.031549454,0.05547451,0.013868627
53328,0.09133392,0.120133966,0.06253387,0.036746997,0.4678701,0.35949674,0.089874186
53331,0.08878592,0.105484106,0.07208773,0.008934784,0.50349617,0.45464563,0.11366141
53334,0.094539605,0.08798245,0.10109675,0.010880255,0.19436257,0.12957615,0.032394037
53337,0.12502526,0.09121635,0.15883416,0.047531348,0.02170054,0.0812782,0.02031955
53340,0.062063336,0.06264644,0.061480235,0.0012834942,0.25707245,0.23252456,0.05813114
53342,0.06494797,0.055461407,0.07443453,0.013077808,0.36675644,0.27332506,0.068331264
53345,0.07856503,0.050197143,0.106932916,0.11010691,0.04358991,0.22589833,0.05647458
53348,0.034515414,0.044716597,0.024314234,0.0064250347,0.28315356,0.3094245,0.07735612
53351,0.03371384,0.03947753,0.027950147,0.008076201,0.2704474,0.22965221,0.057413053
53354,0.07580164,0.034005497,0.11759779,0.06407807,0.80121213,0.7706879,0.19267197
53357,0.047231603,0.018816235,0.075646974,0.051296342,0.7970192,0.7757127,0.19392818
53360,0.03359591,0.013508365,0.05368345,0.05240686,0.017079035,0.06075734,0.015189335
53362,0.08600993,0.013394765,0.1586251,0.12680167,0.99174625,1.2109371,0.3027343
53365,0.039827015,0.017851787,0.06180225,0.043254625,0.70183057,0.7131309,0.17828272
53368,0.07841778,0.010833797,0.14600176,0.1233058,1.3061829,1.2287084,0.3071771
53371,0.023630515,0.017119043,0.030141987,0.005455576,0.25043902,0.20177066,0.050442666
53374,0.020593705,0.012162129,0.02902528,0.033167135,0.017205557,0.04288138,0.010720345
53377,0.04688476,0.01306318,0.080706336,0.060450796,0.026663462,0.08458639,0.021146597
53380,0.014093491,0.018154642,0.010032341,0.010047754,0.57088345,0.4879321,0.12198302
53382,0.04997762,0.0275262,0.072429046,0.050513893,0.86430806,0.90949184,0.22737296
53385,0.074130766,0.04658426,0.101677276,0.07906663,0.53848565,0.6560865,0.16402163
53388,0.06139418,0.0493913,0.07339706,0.08240152,0.065135956,0.07676508,0.01919127
53391,0.113882124,0.05236694,0.17539732,0.12440938,0.066884995,0.23535009,0.05883752
53394,0.08109333,0.059064884,0.10312179,0.013275017,0.17806251,0.11133024,0.02783256
53397,0.10452208,0.066815495,0.14222866,0.05139024,0.8191085,0.84108657,0.21027164
53400,0.092527546,0.071680896,0.113374196,0.035500962,0.027796427,0.04744539,0.011861348
53402,0.13060085,0.07867676,0.18252493,0.16065353,0.9413999,0.8451781,0.21129453
53405,0.13168697,0.08328311,0.18009084,0.06410185,0.04215352,0.10877334,0.027193336
53408,0.122647725,0.09646525,0.14883019,0.035721075,0.009829839,0.06116408,0.01529102
53411,0.13777046,0.10549442,0.17004651,0.076082356,0.067672096,0.1700093,0.042502325
53414,0.10747989,0.07892668,0.1360331,0.04249966,0.03474188,0.09508263,0.023770658
53417,0.08981601,0.08710867,0.09252336,0.02097644,0.025447527,0.063405305,0.015851326
53420,0.095914274,0.08682331,0.10500524,0.054830883,0.037611324,0.1448716,0.0362179
53422,0.07893955,0.076633215,0.081245884,0.010912358,0.5487252,0.5423928,0.1355982
53425,0.0580688,0.07545957,0.04067804,0.01695793,0.45571646,0.38701618,0.096754044
53428,0.1262543,0.088647164,0.16386144,0.05921622,0.9580676,1.1308103,0.28270257
53431,0.14935835,0.119241156,0.17947555,0.05192758,0.024405798,0.07413253,0.018533133
53434,0.20891257,0.13235067,0.28547445,0.07417413,0.030120214,0.12880576,0.03220144
53437,0.19092941,0.11137817,0.27048066,0.06648869,0.040236473,0.05205044,0.01301261
53440,0.17767338,0.116308935,0.23903783,0.097990714,1.1562592,1.1856357,0.29640892
53442,0.16185127,0.12041715,0.20328538,0.06863213,0.04426098,0.13209404,0.03302351
53445,0.15287386,0.14133257,0.16441517,0.026785098,0.031262875,0.07196095,0.017990237
53448,0.15947677,0.14652129,0.17243226,0.004591065,0.37917557,0.3305292,0.0826323
53451,0.15354046,0.13694362,0.1701373,0.004876555,0.23267941,0.18896484,0.04724121
53454,0.17082019,0.13903315,0.20260721,0.029611783,0.008159637,0.048432928,0.012108232
53457,0.19422166,0.16978073,0.2186626,0.0385122,0.7951679,0.8635078,0.21587695
53460,0.14081033,0.14297658,0.13864408,0.0015483852,0.45673713,0.45373762,0.113434404
53462,0.1533397,0.13368441,0.17299502,0.08659733,0.027836641,0.12093312,0.03023328
53465,0.17705123,0.16194771,0.19215472,0.054714505,0.023797035,0.07794807,0.019487018
53468,0.13656825,0.10162861,0.17150788,0.057877857,0.02319304,0.075631104,0.018907776
53471,0.080890976,0.087334216,0.074447736,0.0011247062,0.3102716,0.28695393,0.07173848
53474,0.1376841,0.07425949,0.20110874,0.08975346,0.034534454,0.1406484,0.0351621
53477,0.1359972,0.054223713,0.2177707,0.112783544,0.93836945,0.85591465,0.21397866
53480,0.068673424,0.050341114,0.087005734,0.010979756,0.40409198,0.32457557,0.08114389
53482,0.06091894,0.049502775,0.0723351,0.0039827717,0.20226161,0.22518563,0.05629641
53485,0.048506677,0.048920494,0.04809286,0.0040019657,0.19937031,0.17773277,0.04443319
53488,0.05602603,0.042549144,0.06950291,0.017702522,0.016393661,0.023535898,0.0058839745
53491,0.05659372,0.046111733,0.06707571,0.017646492,0.0030269623,0.018288968,0.004572242
53494,0.078559406,0.045250874,0.111867934,0.055343326,0.030710855,0.09700104,0.02425026
53497,0.0746075,0.052839115,0.09637588,0.02836884,0.0036532085,0.033022966,0.008255742
53500,0.077718906,0.04997596,0.10546184,0.061184213,0.61670494,0.65498096,0.16374524
53502,0.06262839,0.048854917,0.07640187,0.034170493,0.65811616,0.69986945,0.17496736
53505,0.051233023,0.03882191,0.06364414,0.063146785,0.03426552,0.13026614,0.032566536
53508,0.04739325,0.027557222,0.06722928,0.012610845,0.30805144,0.23297863,0.058244657
53511,0.068963796,0.03227603,0.10565156,0.054227877,0.038791817,0.08755026,0.021887565
53514,0.03711241,0.051347572,0.022877252,0.012637314,0.44790676,0.523626,0.1309065
53517,0.20421867,0.077057816,0.33137953,0.1833945,1.62367,1.9021047,0.47552618
53520,0.07478423,0.05805345,0.09151501,0.058163386,0.6203327,0.63729,0.1593225
53522,0.04814254,0.04217847,0.054106608,0.034871813,0.022794088,0.06489789,0.016224472
53525,0.047665805,0.036483943,0.058847666,0.004363353,0.44962183,0.48811683,0.12202921
53528,0.06643704,0.05075762,0.08211647,0.045097247,0.022410234,0.06293852,0.01573463
53531,0.062361468,0.035917494,0.08880544,0.047045592,1.0024179,1.0896541,0.27241352
53534,0.060141265,0.041416835,0.0788657,0.018569976,0.017059326,0.018843787,0.0047109467
53537,0.058371294,0.035816777,0.080925815,0.071197934,0.7453003,0.7170066,0.17925166
53540,0.056200627,0.033306748,0.07909451,0.06948305,0.6263275,0.63913864,0.15978466
53542,0.055922855,0.021496432,0.09034928,0.097567536,1.2380959,1.4930214,0.37325534
53545,0.048302244,0.035333768,0.061270725,0.04503259,0.37428537,0.38973084,0.09743271
53548,0.03564256,0.032253295,0.03903183,0.002059594,0.39978346,0.39825264,0.09956316
53551,0.033923198,0.03209502,0.035751376,0.040891986,0.030885061,0.03209133,0.008022833
53554,0.050575748,0.046790212,0.054361284,0.032915603,0.034710724,0.099387966,0.024846992
53557,0.06386179,0.044639084,0.08308449,0.012997687,0.33160454,0.25858045,0.06464511
53560,0.043910086,0.050264996,0.037555184,0.0045660655,0.5449725,0.5756109,0.14390272
53562,0.101532996,0.05810314,0.14496285,0.13293017,1.2782375,1.6442622,0.41106555
53565,0.06325627,0.06899741,0.057515126,0.005537378,0.36249733,0.33160824,0.08290206
53568,0.07797502,0.060774457,0.09517559,0.051054265,0.020972094,0.06780345,0.016950862
53571,0.13586143,0.06000918,0.21171367,0.18689966,1.1213664,1.4960934,0.37402335
53574,0.096682705,0.06268106,0.13068436,0.12312668,0.03671487,0.18318649,0.04579662
53577,0.10315907,0.058562756,0.14775538,0.1032421,0.6781203,0.6343836,0.1585959
53580,0.07642482,0.07187104,0.0809786,0.049564157,0.03072548,0.04878659,0.012196648
53582,0.09055146,0.08913475,0.09196815,0.019133776,0.0054798126,0.022486985,0.005621746
53585,0.07800073,0.07214012,0.08386134,0.023948012,0.028550783,0.07564751,0.018911878
53588,0.07697971,0.090727486,0.06323194,0.0066118203,0.42522398,0.49579176,0.12394794
53591,0.09637634,0.076378785,0.1163739,0.055515725,0.04155175,0.14338158,0.035845395
53594,0.15984942,0.08839044,0.23130842,0.14074115,1.2806581,1.5736183,0.39340457
53597,0.08549973,0.07707274,0.09392673,0.0033039793,0.5799103,0.610144,0.152536
53600,0.1508644,0.092770554,0.20895825,0.081904195,0.03834788,0.124367125,0.031091781
53602,0.15546435,0.116520636,0.19440806,0.036645252,0.39475724,0.34460902,0.086152256
53605,0.114640005,0.11434428,0.11493573,0.0038470372,0.30345953,0.28283438,0.070708595
53608,0.16292922,0.14068757,0.18517087,0.05460626,0.04541381,0.12666889,0.03166722
53611,0.11660597,0.1275899,0.10562203,0.001998506,0.15043111,0.17476659,0.043691646
53614,0.22517951,0.16898493,0.2813741,0.047714293,0.5037276,0.6400164,0.1600041
53617,0.12154617,0.12289947,0.12019288,0.025542058,0.02208805,0.050930858,0.012732714
53619,0.11358827,0.1006448,0.12653176,0.06810948,0.051193554,0.17979313,0.044948284
53622,0.1594702,0.1325144,0.186426,0.030474834,0.010729472,0.050104428,0.012526107
53625,0.15368462,0.13419664,0.1731726,0.0035980705,0.43572617,0.47447243,0.11861811
53628,0.1175324,0.097058654,0.13800615,0.0968703,0.026877245,0.12197109,0.030492773
53631,0.088074006,0.06855292,0.10759511,0.03243962,0.011480331,0.047732756,0.011933189
53634,0.18651068,0.09645995,0.2765614,0.1211588,1.308972,1.329071,0.33226776
53637,0.092814885,0.07848657,0.107143186,0.003903431,0.21894836,0.22974372,0.05743593
53639,0.21267605,0.09355634,0.33179578,0.13433276,0.93553334,0.84099764,0.21024941
53642,0.08619008,0.06882603,0.10355414,0.060477626,0.6916091,0.71012706,0.17753176
53645,0.05748166,0.053669065,0.061294258,0.0035616292,0.499787,0.46353802,0.115884505
53648,0.06551402,0.063191324,0.067836724,0.03465726,0.022896448,0.040552124,0.010138031
53651,0.030698547,0.041121792,0.020275302,0.013680507,0.4731178,0.5051958,0.12629895
53654,0.058816146,0.044185255,0.07344704,0.0586344,0.024950663,0.09527385,0.023818463
53657,0.067614816,0.03150153,0.10372811,0.054588303,0.057516735,0.14332299,0.035830747
53659,0.02938667,0.031536635,0.027236702,0.0022747498,0.2690717,0.2697802,0.06744505
53662,0.05998196,0.037073757,0.082890175,0.07911479,1.0601574,1.2473844,0.3118461
53665,0.06034859,0.04583919,0.07485799,0.059022937,0.6837328,0.79935724,0.19983931
53668,0.053360086,0.051667344,0.055052828,0.0004929672,0.2599589,0.2660929,0.066523224
53671,0.050222307,0.053301185,0.047143433,0.005071784,0.19460018,0.20307726,0.050769314
53674,0.08607175,0.05467583,0.117467664,0.035557345,0.7054495,0.7151039,0.17877598
53677,0.1153254,0.06957058,0.16108023,0.051769838,0.028742155,0.057708487,0.014427122
53679,0.16457488,0.068643354,0.26050642,0.26117706,1.378273,1.8695073,0.46737683
53682,0.09669778,0.056349654,0.1370459,0.06825047,0.60440826,0.5326162,0.13315405
53685,0.12594016,0.06480494,0.18707538,0.08777241,0.056976955,0.18229724,0.04557431
53688,0.08702434,0.06320167,0.11084702,0.11189559,0.086828865,0.06580396,0.01645099
53691,0.121549964,0.06865661,0.17444332,0.054637045,0.038807075,0.06976121,0.017440302
53694,0.055847663,0.071207166,0.04048817,0.024087438,0.3524259,0.28242517,0.07060629
53697,0.11331132,0.080228016,0.14639463,0.055936616,0.41127777,0.4164755,0.104118876
53699,0.13093385,0.08100802,0.18085968,0.09007418,0.76962966,0.6971453,0.17428632
53702,0.091650486,0.08591944,0.09738154,0.035326127,0.029862246,0.08821597,0.022053992
53705,0.08800062,0.09026799,0.08573324,0.001994592,0.19580264,0.20213056,0.05053264
53708,0.20468162,0.14701776,0.26234546,0.047852468,0.03910176,0.06878079,0.017195197
53711,0.19544478,0.15030389,0.24058568,0.17104787,1.4123268,1.3099514,0.32748786
53714,0.14175998,0.15505244,0.12846752,0.0033376513,0.41038576,0.3862466,0.09656165
53717,0.19151644,0.146754,0.23627889,0.07107089,0.92408305,1.0565499,0.26413748
53719,0.31894413,0.24067794,0.39721036,0.0645265,0.048588116,0.08244172,0.02061043
53722,0.23054026,0.21438289,0.24669762,0.024424715,0.4841317,0.50314397,0.12578599
53725,0.20570154,0.160755,0.2506481,0.1939975,1.0151849,1.3573979,0.33934948
53728,0.2275974,0.18867935,0.26651546,0.2325445,1.2120668,1.6509188,0.4127297
53731,0.21978904,0.19311781,0.24646027,0.0059696212,0.58731145,0.6351752,0.1587938
53734,0.17297547,0.16616268,0.17978823,0.0007657536,0.53366786,0.558737,0.13968424
53737,0.17036657,0.1546775,0.18605565,0.08232385,0.9454047,0.94830424,0.23707606
53739,0.19024129,0.1687028,0.21177977,0.0058055012,0.20644653,0.16404447,0.041011117
53742,0.15231206,0.13327424,0.17134988,0.0034358744,0.14134915,0.16384484,0.04096121
53745,0.21278442,0.12776999,0.29779887,0.06950583,0.45583487,0.3654311,0.091357775
53748,0.16026758,0.1040841,0.21645106,0.08230403,1.3755608,1.5374621,0.38436553
53751,0.11341792,0.088846885,0.13798897,0.1172722,0.035097282,0.17678368,0.04419592
53754,0.19619428,0.092194565,0.300194,0.11479068,0.86203307,0.76354885,0.19088721
53757,0.08842528,0.105690956,0.071159594,0.0064970427,0.23764932,0.27416316,0.06854079
53759,0.15026118,0.091210544,0.2093118,0.07453677,0.9061136,0.9013608,0.2253402
53762,0.15806079,0.08515411,0.23096748,0.07269363,0.041378975,0.05467646,0.013669115
53765,0.06600293,0.070415534,0.06159031,0.0011767707,0.15152359,0.14372504,0.03593126
53768,0.108479835,0.07794248,0.13901718,0.056156814,0.95327157,1.0263624,0.2565906
53771,0.13532609,0.08585531,0.18479687,0.12239585,0.06763681,0.22761516,0.05690379
53774,0.06724989,0.074755974,0.05974379,0.0014243998,0.3859571,0.3551565,0.08878913
53777,0.14740013,0.06191881,0.23288143,0.10427177,0.778193,0.6764307,0.16910768
53779,0.06523105,0.07030093,0.060161162,0.0011382202,0.44043288,0.42500553,0.10625138
53782,0.093565576,0.07193718,0.11519396,0.008084703,0.16630681,0.1974463,0.049361575
53785,0.12113392,0.0691218,0.17314605,0.05258541,0.03793939,0.056924358,0.0142310895
53788,0.08227558,0.05127403,0.11327713,0.046376735,0.035039265,0.08936723,0.022341808
53791,0.1651261,0.047369912,0.2828823,0.17329104,1.1781486,1.077263,0.26931575
53794,0.10755301,0.049047083,0.16605894,0.087050535,1.386165,1.652278,0.4130695
53797,0.055805314,0.0519924,0.059618235,0.05397759,0.029537836,0.10932215,0.027330538
53799,0.060962766,0.05057095,0.071354575,0.06455147,0.05377833,0.07719191,0.019297978
53802,0.076311596,0.044337273,0.10828593,0.088399686,0.043722946,0.16187187,0.040467966
53805,0.08811454,0.04643481,0.12979428,0.0422942,0.0061092377,0.058657855,0.014664464
53808,0.083450764,0.043246523,0.123655014,0.12565286,0.7990141,1.0127338,0.25318345
53811,0.058757424,0.04099107,0.07652378,0.006892562,0.25215086,0.29154944,0.07288736
53814,0.07097519,0.04266225,0.09928813,0.053903412,0.04551506,0.110362805,0.027590701
53817,0.11467113,0.047687892,0.18165438,0.09397384,0.9752547,1.1366879,0.28417197
53819,0.0333181,0.043709453,0.022926746,0.004839245,0.5661831,0.5121381,0.12803453
53822,0.04729752,0.044015363,0.05057967,0.025838861,0.029404959,0.07781928,0.01945482
53825,0.066165514,0.036869287,0.09546175,0.05425887,0.84704304,0.88242465,0.22060616
53828,0.08121854,0.038625196,0.12381188,0.050835103,0.034351986,0.12193892,0.03048473
53831,0.054469425,0.037884697,0.07105415,0.007057266,0.22436078,0.26347265,0.06586816
53834,0.051087767,0.02812559,0.07404995,0.07604567,0.03315687,0.13578905,0.033947263
53837,0.041604962,0.02617235,0.057037573,0.024408951,0.019719442,0.03652977,0.009132442
53839,0.039367236,0.027624473,0.05111,0.028834617,0.57595533,0.5918122,0.14795305
53842,0.035391953,0.023373706,0.0474102,0.068004794,0.7099588,0.8409168,0.2102292
53845,0.016009418,0.01942881,0.012590025,0.0041200896,0.37505355,0.40089175,0.10022294
53848,0.054598298,0.016580192,0.0926164,0.12507439,0.76748496,0.9729094,0.24322735
53851,0.041502956,0.014002867,0.069003046,0.07898358,0.044796307,0.14783858,0.036959644
53854,0.041514788,0.013770719,0.06925886,0.03998569,0.026183447,0.05333184,0.01333296
53857,0.017177753,0.01086098,0.023494527,0.006827112,0.48527336,0.50361186,0.12590297
53859,0.021985428,0.010233878,0.033736978,0.024058038,0.02281634,0.05821387,0.014553468
53862,0.019688344,0.011403332,0.027973354,0.032238126,0.0334603,0.0983426,0.02458565
53865,0.017685244,0.009986641,0.025383845,0.03863457,0.033940632,0.07948111,0.019870277
53868,0.03622578,0.0104109375,0.062040627,0.08295437,0.06099065,0.1730603,0.043265074
53871,0.0095179295,0.010076768,0.008959092,0.0012648236,0.24852116,0.2386291,0.059657276
53874,0.10964104,0.010251126,0.20903094,0.17493863,1.2625841,1.202622,0.3006555
53877,0.021576675,0.01116543,0.03198792,0.02791123,0.4216652,0.45630392,0.11407598
53879,0.05280855,0.012392831,0.093224265,0.1233021,1.1249593,1.0899287,0.2724822
53882,0.14306128,0.012847262,0.2732753,0.198914,1.3200668,1.7718881,0.44297203
53885,0.054074213,0.017325116,0.090823315,0.045449097,0.035400867,0.10750184,0.02687546
53888,0.029709244,0.018611101,0.040807385,0.044796962,0.034655254,0.0734857,0.018371426
53891,0.0646332,0.021257967,0.10800842,0.14986472,1.083887,0.998786,0.2496965
53894,0.083919235,0.02539649,0.14244199,0.09061259,0.02923139,0.13494748,0.03373687
53897,0.055852268,0.02270429,0.08900025,0.041312594,0.033186913,0.058221165,0.014555291
53899,0.03311485,0.027143994,0.039085705,0.0027475469,0.31766632,0.2946624,0.0736656
53902,0.029950147,0.027906617,0.031993676,0.0014416567,0.25106063,0.24835564,0.06208891
53905,0.041803986,0.031466175,0.052141797,0.020197846,0.021565279,0.025028506,0.0062571266
53908,0.045630027,0.03511138,0.056148678,0.0083414195,0.37197366,0.41451073,0.10362768
53911,0.10655373,0.049521428,0.16358605,0.09136671,0.03676494,0.1295989,0.032399725
53914,0.041094635,0.0552911,0.026898168,0.010111091,0.5103178,0.61446935,0.15361734
53917,0.10753676,0.053587183,0.16148634,0.072128534,0.053270023,0.096872,0.024218
53919,0.043746192,0.057324942,0.030167446,0.007284008,0.34890166,0.42556322,0.106390804
53922,0.10339054,0.07036296,0.13641809,0.07173448,0.08597469,0.15679811,0.039199527
53925,0.111317016,0.101946265,0.12068776,0.018391663,0.0046855607,0.025576109,0.0063940273
53928,0.08030901,0.057542447,0.103075586,0.050412934,0.97086495,1.0310341,0.25775853
53931,0.10602323,0.054775625,0.15727083,0.06604255,0.5652757,0.5154078,0.12885195
53934,0.07501794,0.047893163,0.10214272,0.012990165,0.35242906,0.4287006,0.10717515
53937,0.031753477,0.028542697,0.034964256,0.03884675,0.031871796,0.053916883,0.013479221
53939,0.05321658,0.023714582,0.08271858,0.041887496,0.4400452,0.39003336,0.09750834
53942,0.051973026,0.029519284,0.07442676,0.11584113,0.6683114,0.5836766,0.14591914
53945,0.0384934,0.033086106,0.043900687,0.049054805,0.40451875,0.39688697,0.09922174
53948,0.05332141,0.030073995,0.07656882,0.040032458,0.67390746,0.689897,0.17247425
53951,0.06653642,0.030644687,0.10242816,0.047483917,0.70627594,0.78379846,0.19594961
53954,0.028923057,0.03105382,0.026792293,0.004158337,0.14914005,0.13182323,0.032955807
53957,0.0239057,0.030266814,0.017544584,0.0028017443,0.27424335,0.31312072,0.07828018
53959,0.048343014,0.027183428,0.06950259,0.025758117,0.024946213,0.02996328,0.00749082
53962,0.056358274,0.027617624,0.08509892,0.059578467,0.058687847,0.1500246,0.03750615
53965,0.052779395,0.024458328,0.081100464,0.030308835,0.3605709,0.45611635,0.11402909
53968,0.11325425,0.019708322,0.20680018,0.15839139,1.2267163,1.2035203,0.30088007
53971,0.054091588,0.020511469,0.087671705,0.061449748,0.060775757,0.09621649,0.024054123
53974,0.041887496,0.01155284,0.07222215,0.06984726,0.8470354,1.0175749,0.25439373
53977,0.009195811,0.0070980997,0.011293523,0.0044365735,0.46970055,0.44207597,0.11051899
53979,0.0074830414,0.0070307925,0.00793529,0.0018809246,0.36842856,0.346387,0.08659675
53982,0.05980094,0.008637919,0.11096397,0.11108174,0.044701416,0.19167805,0.04791951
53985,0.051735397,0.0077359267,0.095734864,0.07166209,0.6094708,0.7519858,0.18799645
53988,0.024192875,0.00886332,0.039522428,0.03276923,0.02477471,0.037801024,0.009450256
53991,0.031283792,0.01285362,0.049713958,0.037495136,0.582269,0.70061153,0.17515288
53994,0.05920087,0.01717305,0.10122869,0.06619054,0.01925405,0.103285395,0.025821349
53997,0.06648935,0.028381439,0.10459725,0.06944606,0.057870865,0.15478042,0.038695104
53999,0.0564228,0.0257076,0.087138,0.043399934,0.029219309,0.108666025,0.027166506
54002,0.054775547,0.02397573,0.085575365,0.058006942,0.034955025,0.0977577,0.024439424
54005,0.04582721,0.03683941,0.054815013,0.00664226,0.16702269,0.12889637,0.032224093
54008,0.071078986,0.07074362,0.07141435,0.008386121,0.1879921,0.16609734,0.041524336
54011,0.12579183,0.07092981,0.18065386,0.09889012,0.0400842,0.1438074,0.03595185
54014,0.08246547,0.06097333,0.1039576,0.027449457,0.026093801,0.048959896,0.012239974
54017,0.08111276,0.06646306,0.095762454,0.037037965,0.042149227,0.09618306,0.024045765
54019,0.117262006,0.075134404,0.1593896,0.11265737,1.2974256,1.2617478,0.31543696
54022,0.095641375,0.09046807,0.10081468,0.018949794,0.005640348,0.028693184,0.007173296
54025,0.13615099,0.08748946,0.1848125,0.04672121,0.005634308,0.05643761,0.014109403
54028,0.16051786,0.097642414,0.22339328,0.14475952,1.1853155,1.568875,0.39221874
54031,0.17157058,0.1023132,0.24082796,0.15750824,1.2317747,1.6415443,0.4103861
54034,0.10405034,0.08734178,0.12075891,0.024548024,0.53289294,0.55430007,0.13857502
54037,0.14557944,0.075125575,0.2160333,0.12453855,1.0444366,1.3646728,0.3411682
54039,0.08414969,0.073239565,0.09505981,0.070437446,0.82383794,0.9129345,0.22823362
54042,0.07761171,0.0925825,0.06264091,0.006208965,0.33158556,0.29792938,0.074482344
54045,0.089704536,0.08604157,0.093367495,0.0011205915,0.16194089,0.16310786,0.040776964
54048,0.116759084,0.10269919,0.13081896,0.0035960402,0.27533022,0.29792297,0.07448074
54051,0.15125103,0.13172466,0.1707774,0.0049395286,0.21557109,0.23729718,0.059324294
54054,0.13164745,0.13390313,0.12939179,0.00052806176,0.3916243,0.39272007,0.09818002
54057,0.15628809,0.15796462,0.15461154,0.06295344,0.03601249,0.11435091,0.028587727
54059,0.24557437,0.20380886,0.2873399,0.08633411,1.226354,1.4045849,0.35114622
54062,0.21640022,0.19590394,0.23689653,0.06668449,0.09619459,0.15989517,0.03997379
54065,0.18547106,0.18159509,0.18934703,0.034947082,0.4118546,0.4255484,0.1063871
54068,0.28035435,0.20195551,0.3587532,0.07389933,0.05780347,0.10179934,0.025449835
54071,0.16122293,0.14553995,0.17690592,0.002432007,0.2378823,0.25082636,0.06270659
54074,0.09094429,0.085606016,0.096282564,0.0029061257,0.15872656,0.13134255,0.032835636
54077,0.13379839,0.087641455,0.17995532,0.04192977,0.011659622,0.07267604,0.01816901
54079,0.10155529,0.09897712,0.10413346,0.0025499624,0.27440035,0.24616472,0.06154118
54082,0.05638051,0.065295815,0.0474652,0.0039770976,0.37002754,0.33998773,0.08499693
54085,0.050518453,0.06075562,0.04028129,0.0033237252,0.46320763,0.50226694,0.12556674
54088,0.050014634,0.02600865,0.074020624,0.04245309,0.03200229,0.07036612,0.01759153
54091,0.08041816,0.045247987,0.11558834,0.13107677,0.74974567,0.6660605,0.16651513
54094,0.13724251,0.061952863,0.21253216,0.09731436,1.4797033,1.7113272,0.4278318
54097,0.038880605,0.039271396,0.038489815,0.00068463857,0.18018866,0.17185266,0.042963166
54099,0.078650914,0.03159589,0.12570594,0.057410855,0.017896652,0.0963387,0.024084674
54102,0.019396117,0.012374561,0.026417673,0.022020176,0.014249166,0.023047363,0.005761841
54105,0.038965587,0.011554193,0.066376984,0.0603316,0.9130764,1.0427197,0.26067993
54108,0.012581299,0.009273261,0.015889335,0.008606224,0.13709386,0.11053688,0.02763422
54111,0.01290674,0.010340713,0.015472767,0.0013644472,0.17664528,0.18762417,0.046906043
54114,0.042608496,0.009264291,0.075952694,0.08975279,1.0719808,1.0769789,0.26924473
54117,0.016734585,0.008460452,0.025008718,0.03290325,0.38924408,0.4316114,0.10790285
54119,0.01979944,0.009462036,0.030136844,0.04067349,0.039714497,0.08839371,0.022098428
54122,0.03889596,0.0085564405,0.06923548,0.08316391,0.061024666,0.22272027,0.055680066
54125,0.0212575,0.0141447885,0.028370209,0.015014467,0.3234161,0.26027086,0.065067716
54128,0.015972065,0.016649341,0.0152947875,0.00042249516,0.36338615,0.35488525,0.08872131
54131,0.013141289,0.01505075,0.011231829,0.0020252727,0.20194447,0.23649399,0.059123497
54134,0.06915724,0.018728688,0.11958579,0.10050705,0.057993572,0.1817239,0.045430973
54137,0.047832403,0.025486464,0.070178345,0.056909602,0.9233138,0.9143999,0.22859998
54139,0.055710033,0.024022711,0.08739736,0.044553746,0.028655529,0.059178736,0.014794684
54142,0.013552553,0.0098462105,0.017258896,0.002920089,0.43996873,0.4241639,0.10604098
54145,0.011295877,0.012529756,0.010062001,0.001504979,0.35323143,0.38062415,0.09515604
54148,0.08243211,0.010676571,0.15418766,0.19226587,1.1953546,1.1002735,0.27506837
54151,0.014815849,0.0123431,0.0172886,0.0021108727,0.15955813,0.17730235,0.044325586
54154,0.029771151,0.014039622,0.04550268,0.029842885,0.50679463,0.5423586,0.13558964
54157,0.027606018,0.018551325,0.036660712,0.0050102063,0.33750215,0.29399654,0.073499136
54159,0.073837936,0.030237088,0.117438786,0.09040627,0.06122907,0.20538779,0.051346947
54162,0.09114448,0.035150263,0.1471387,0.09800351,1.3144951,1.375864,0.343966
54165,0.05221038,0.047104314,0.05731644,0.0028681494,0.20502026,0.21229172,0.05307293
54168,0.08469596,0.061632384,0.107759535,0.03871798,0.83723956,0.9063289,0.22658223
54171,0.067338616,0.049310565,0.08536667,0.040544495,0.7591222,0.8259637,0.20649092
54174,0.0854007,0.059539776,0.11126163,0.07734775,0.54078865,0.5143136,0.1285784
54177,0.08966849,0.04975179,0.12958519,0.10563913,1.3240523,1.638114,0.4095285
54179,0.10154279,0.06768245,0.13540314,0.0570048,1.028225,1.1886135,0.29715338
54182,0.12520297,0.08299929,0.16740663,0.05460504,0.5972853,0.73524785,0.18381196
54185,0.1165449,0.09960546,0.13348435,0.045180473,0.8120491,0.90194553,0.22548638
54188,0.118481964,0.12018176,0.116782166,0.0010018636,0.16704638,0.16318947,0.040797368
54191,0.123648144,0.10171238,0.14558391,0.0051759225,0.50065374,0.5766636,0.1441659
54194,0.08798929,0.07396689,0.10201168,0.058472157,0.023600101,0.07651804,0.01912951
54197,0.07106239,0.06411272,0.07801207,0.0035893982,0.45533857,0.42352495,0.10588124
54199,0.11188513,0.07190771,0.15186256,0.05993119,0.04005162,0.10379908,0.02594977
54202,0.08674892,0.060692012,0.11280582,0.073802054,0.05547905,0.10522539,0.026306348
54205,0.13130802,0.078682445,0.1839336,0.06979196,0.049928665,0.11927241,0.029818103
54208,0.12974101,0.08995247,0.16952956,0.044933442,0.39571634,0.49944744,0.12486186
54211,0.122913666,0.106281124,0.13954622,0.090576746,0.6726055,0.64938873,0.16234718
54214,0.10412256,0.080242,0.12800312,0.09033063,0.72022706,0.9059412,0.2264853
54217,0.07864084,0.06411743,0.09316424,0.060366828,0.068255745,0.11995885,0.029989712
54219,0.06617969,0.057955343,0.07440404,0.0025293147,0.30441982,0.28729418,0.071823545
54222,0.1128997,0.05671877,0.16908063,0.09125168,1.0378402,1.0830363,0.27075908
54225,0.0755854,0.06741234,0.083758466,0.0023693682,0.26893935,0.27813122,0.069532804
54228,0.11103985,0.0776709,0.14440879,0.064709835,1.0601507,1.1739231,0.29348078
54231,0.07145295,0.075640164,0.06726576,0.00085307675,0.32232976,0.3381628,0.0845407
54234,0.086710304,0.06779771,0.10562289,0.07290726,1.1804396,1.3829427,0.34573567
54237,0.09869343,0.06471277,0.1326741,0.021122457,0.42841673,0.33401325,0.08350331
54239,0.088791825,0.064630225,0.11295343,0.008831344,0.500864,0.5817682,0.14544205
54242,0.07110013,0.054198932,0.08800133,0.028695898,0.024167696,0.050201636,0.012550409
54245,0.06324909,0.052170496,0.074327685,0.0049634986,0.2752401,0.2360848,0.0590212
54248,0.045030817,0.05048391,0.039577726,0.0046966258,0.12429174,0.11702583,0.029256457
54251,0.050740823,0.04803891,0.053442735,0.0011744006,0.30211774,0.29884624,0.07471156
54254,0.033288624,0.032502342,0.034074903,0.00086522783,0.27872884,0.28435114,0.071087785
54257,0.05050573,0.030715138,0.070296325,0.042425122,0.02677218,0.07307861,0.018269653
54259,0.050422538,0.030260175,0.0705849,0.044088677,0.029972712,0.08085676,0.02021419
54262,0.078901924,0.03306653,0.12473732,0.061235953,0.66878897,0.63764226,0.15941057
54265,0.05022256,0.022174418,0.0782707,0.03229178,0.020324707,0.08174854,0.020437134
54268,0.041010175,0.024995096,0.057025254,0.050806638,0.03786437,0.1203678,0.03009195
54271,0.03178993,0.027135218,0.03644464,0.0013080708,0.17173831,0.17348008,0.04337002
54274,0.072291575,0.025765518,0.118817635,0.07623655,1.4228586,1.6328329,0.40820822
54277,0.03257242,0.024374835,0.040770005,0.0036643625,0.14275567,0.118766524,0.029691631
54279,0.03531445,0.018897386,0.051731512,0.040623285,0.030608177,0.075645484,0.018911371
54282,0.03398997,0.025545105,0.04243483,0.0039727907,0.17785327,0.17930786,0.044826966
54285,0.03756387,0.020112043,0.055015698,0.021639237,0.022898197,0.026116071,0.006529018
54288,0.015816221,0.011565428,0.020067014,0.026120374,0.014556249,0.021895954,0.0054739886
54291,0.04261251,0.012447707,0.07277732,0.09001738,0.5950282,0.75157505,0.18789376
54294,0.06307783,0.0129508125,0.11320484,0.08925154,0.035737354,0.14293945,0.035734862
54297,0.02639263,0.015883183,0.036902074,0.03302415,0.3228073,0.34885016,0.08721254
54299,0.038554315,0.016051503,0.061057124,0.041421104,0.036865234,0.08526979,0.021317447
54302,0.043716013,0.01419906,0.07323297,0.10813508,0.8484006,1.0582486,0.26456216
54305,0.060046967,0.012569062,0.10752487,0.09778232,0.05983162,0.16661209,0.041653022
54308,0.008003556,0.008044952,0.007962161,0.00087567396,0.32708815,0.33309945,0.08327486
54311,0.03744325,0.012692143,0.06219436,0.07694892,0.5541134,0.50792146,0.12698036
54314,0.01698179,0.0066490434,0.027314538,0.025781104,0.017739614,0.03243016,0.00810754
54317,0.019460475,0.0029584535,0.035962496,0.030417493,0.5245488,0.603821,0.15095524
54319,0.036179304,0.0024659422,0.06989267,0.06790673,1.5333118,1.6228825,0.40572062
54322,0.022972047,0.0023596305,0.043584466,0.04085141,0.03806575,0.10361305,0.025903262
54325,0.04661974,0.0023785105,0.09086096,0.0891669,0.51607704,0.47740832,0.11935208
54328,0.035264503,0.004281858,0.06624715,0.06090775,1.2489477,1.3754454,0.34386134
54331,0.03822376,0.0036881848,0.07275933,0.06367077,0.05130577,0.12799852,0.03199963
54334,0.037669554,0.0051361728,0.07020294,0.059310853,0.09216372,0.21119791,0.05279948
54337,0.009769523,0.0063125533,0.013226491,0.004207547,0.17898779,0.1423215,0.035580374
54339,0.0074635074,0.0041983663,0.010728649,0.0038805015,0.15169208,0.15537256,0.03884314
54342,0.047361318,0.0037043113,0.09101833,0.07512963,1.4352646,1.5845051,0.39612627
54345,0.023794899,0.0051781745,0.042411625,0.032616597,0.58818656,0.60057324,0.15014331
54348,0.026861938,0.005796267,0.047927607,0.03404968,0.013323466,0.0706371,0.017659275
54351,0.043321252,0.006902356,0.079740144,0.058984686,0.037741344,0.08852645,0.022131613
54354,0.0400306,0.009915223,0.07014597,0.074535646,0.05730756,0.20460634,0.051151585
54357,0.033837613,0.009779563,0.05789566,0.037677187,0.028211752,0.05471909,0.013679773
54359,0.009120512,0.011059473,0.0071815494,0.006050538,0.36063513,0.41464052,0.10366013
54362,0.010557779,0.011615961,0.009499597,0.0043576527,0.26344618,0.23683298,0.059208244
54365,0.015381734,0.01694784,0.013815629,0.0006327269,0.13822007,0.15116791,0.03779198
54368,0.014660713,0.016630208,0.012691219,0.00076195545,0.2614844,0.27997336,0.06999334
54371,0.069180824,0.013446691,0.12491495,0.11707932,0.85228986,0.775373,0.19384325
54374,0.018764492,0.00912222,0.028406763,0.012998994,0.47267342,0.56913495,0.14228374
54377,0.02607897,0.012765055,0.039392885,0.011393673,0.47576764,0.40289387,0.10072347
54379,0.06115112,0.013462418,0.10883983,0.0905749,0.06753731,0.24600422,0.061501056
54382,0.03872078,0.022855466,0.054586094,0.025998337,0.01982975,0.029271355,0.0073178387
54385,0.059860617,0.033231992,0.08648924,0.03974283,0.68149394,0.79882807,0.19970702
54388,0.050379205,0.038514934,0.062243477,0.022870442,0.0049033165,0.028244577,0.0070611443
54391,0.04504331,0.041617755,0.04846886,0.00071376056,0.4938744,0.516541,0.12913525
54394,0.055752147,0.037862714,0.073641576,0.03030774,0.030358473,0.06397875,0.015994687
54397,0.045587093,0.039807636,0.051366553,0.026388986,0.033232052,0.08128734,0.020321835
54399,0.06741349,0.050688427,0.08413854,0.022327283,0.4179885,0.41913828,0.10478457
54402,0.06196558,0.061380524,0.062550634,0.0012080031,0.20795517,0.19754755,0.04938689
54405,0.085841954,0.06942011,0.102263786,0.0054831808,0.36980376,0.42017153,0.10504288
54408,0.04117179,0.05030797,0.032035608,0.0056622815,0.1958679,0.23472504,0.05868126
54411,0.038949788,0.042300213,0.035599362,0.0024774144,0.18752797,0.17879629,0.044699073
54414,0.08752162,0.050371364,0.124671884,0.05562828,0.026981989,0.09791392,0.02447848
54417,0.0695507,0.04887305,0.09022836,0.009003216,0.53379375,0.6233477,0.15583692
54419,0.081047535,0.048857015,0.11323806,0.0908973,0.8023329,1.0099267,0.25248167
54422,0.03602387,0.050331682,0.021716056,0.012711707,0.50469905,0.5968482,0.14921205
54425,0.0957165,0.04479776,0.14663522,0.090634964,0.85261726,1.0064301,0.25160754
54428,0.06490022,0.043831747,0.085968696,0.010252967,0.33552304,0.28039762,0.070099406
54431,0.06259843,0.04583149,0.07936537,0.08013635,0.08042717,0.117033355,0.029258339
54434,0.06603482,0.041436557,0.090633094,0.03169614,0.017620722,0.064750016,0.016187504
54437,0.18620038,0.05623365,0.31616712,0.17382236,1.097227,1.023674,0.2559185
54439,0.06680365,0.047643173,0.08596412,0.0695312,0.09698868,0.1494674,0.03736685
54442,0.051860403,0.04605782,0.05766298,0.0010985406,0.4376068,0.46197006,0.115492515
54445,0.038465213,0.04268219,0.034248233,0.0019414825,0.17522931,0.20579058,0.051447645
54448,0.030582132,0.03474118,0.026423087,0.0010767597,0.18161435,0.19454964,0.04863741
54451,0.051049963,0.04121084,0.06088908,0.0024699175,0.39402834,0.44129542,0.110323854
54454,0.10265017,0.048834648,0.1564657,0.09359205,0.09559568,0.22189547,0.055473868
54457,0.05605488,0.046682138,0.06542762,0.02209839,0.4510393,0.48658505,0.12164626
54459,0.06143406,0.05174352,0.071124606,0.016075036,0.0028883617,0.018993422,0.0047483556
54462,0.029879378,0.03160235,0.028156409,0.0012635147,0.4110205,0.43365145,0.10841286
54465,0.06474409,0.029990735,0.09949746,0.11680448,1.0530422,1.3660475,0.34151188
54468,0.023133477,0.031057028,0.015209928,0.004136321,0.50907207,0.5857618,0.14644045
54471,0.053732574,0.029141938,0.07832321,0.038289126,0.013007482,0.067122996,0.016780749
54474,0.021182446,0.022118174,0.020246718,0.00090154534,0.30929884,0.3009729,0.07524323
54477,0.063453905,0.02045845,0.106449366,0.08847036,0.06537247,0.15514557,0.038786393
54479,0.06243512,0.021149099,0.10372114,0.07302458,0.8596286,0.868095,0.21702375
54482,0.046528723,0.024806669,0.068250775,0.04340433,0.8375225,0.9262653,0.23156632
54485,0.036188204,0.029145023,0.043231383,0.028346168,0.020942688,0.048113942,0.012028486
54488,0.047430933,0.027086789,0.06777508,0.05159457,0.41021982,0.3903848,0.0975962
54491,0.1355797,0.03310798,0.23805143,0.24021368,1.3537534,1.8829187,0.47072968
54494,0.08337626,0.02768763,0.1390649,0.07412506,0.04491504,0.055420857,0.013855214
54497,0.038903017,0.036466938,0.041339096,0.001274961,0.26212445,0.24836187,0.062090468
54499,0.06846521,0.04050042,0.096429996,0.044086386,0.54011744,0.50914305,0.12728576
54502,0.089830756,0.04685541,0.1328061,0.10921896,1.2386547,1.5615956,0.3903989
54505,0.12067324,0.057914108,0.18343236,0.11573678,1.0900968,1.3320307,0.33300766
54508,0.08245675,0.07093931,0.093974195,0.0049459725,0.40133616,0.36841723,0.09210431
54511,0.105719686,0.08127686,0.13016252,0.012540734,0.31714377,0.3792993,0.09482483
54514,0.13022232,0.08938256,0.17106207,0.090247534,1.2346212,1.3657471,0.34143677
54517,0.10636314,0.094276346,0.118449934,0.041218277,0.7536295,0.85380346,0.21345086
54519,0.1266837,0.08932698,0.1640404,0.10327915,1.019544,1.0328244,0.2582061
54522,0.1256913,0.09526995,0.15611263,0.031994134,0.41453683,0.3874291,0.09685727
54525,0.10871958,0.08977232,0.12766683,0.0058897105,0.21287918,0.24345148,0.06086287
54528,0.11756035,0.0773652,0.1577555,0.08951508,0.036163647,0.12316081,0.030790202
54531,0.05578892,0.076243214,0.035334628,0.024124855,0.4289646,0.34661293,0.08665323
54534,0.11029705,0.09712708,0.123467006,0.002179444,0.21412468,0.2383924,0.0595981
54537,0.14740741,0.08700504,0.20780979,0.22978592,1.3107715,1.797336,0.449334
54539,0.109901816,0.1011403,0.11866333,0.0018428642,0.18379228,0.16959427,0.04239857
54542,0.06400614,0.07565759,0.052354693,0.0059347986,0.25919595,0.24101341,0.060253352
54545,0.06799108,0.06766664,0.06831551,0.0008685817,0.35143647,0.35890594,0.089726485
54548,0.09748333,0.071501486,0.12346516,0.072916485,0.032523632,0.09077022,0.022692556
54551,0.07833325,0.05478306,0.101883434,0.011775891,0.4261522,0.35440674,0.088601686
54554,0.1993386,0.05843701,0.3402402,0.17713666,1.1026075,1.0023707,0.25059268
54556,0.069501616,0.0494941,0.08950914,0.098475255,0.052102406,0.19906397,0.049765993
54559,0.06733814,0.04525475,0.08942153,0.024798283,0.45837212,0.5186413,0.12966032
54562,0.045561213,0.05564179,0.035480645,0.013965778,0.29141808,0.24396098,0.060990244
54565,0.12699223,0.06019619,0.19378828,0.08231474,1.013915,1.0241188,0.2560297
54568,0.045652345,0.048026305,0.043278385,0.002608706,0.1330897,0.12912486,0.032281216
54571,0.04526131,0.04163791,0.04888471,0.07050998,0.8622222,1.0439876,0.2609969
54574,0.09739154,0.044293806,0.15048927,0.04473324,0.45336998,0.39615008,0.09903752
54576,0.1717367,0.045026135,0.29844725,0.1686395,1.0800351,0.9971898,0.24929745
54579,0.08916495,0.047913153,0.13041677,0.06504562,0.0368886,0.11977289,0.029943222
54582,0.058690757,0.060891736,0.05648978,0.001221121,0.39763832,0.42213634,0.105534084
54585,0.0324614,0.02828178,0.036641017,0.004437422,0.18965793,0.15302221,0.038255554
54588,0.06392136,0.034263387,0.093579344,0.07016453,0.032479763,0.11656401,0.029141003
54591,0.03820007,0.019324277,0.057075858,0.06218925,0.056723278,0.08893702,0.022234255
54594,0.016585132,0.018876912,0.014293353,0.005866993,0.16722679,0.15554659,0.038886648
54596,0.008583828,0.008399154,0.008768501,0.0037196444,0.3024648,0.2652024,0.0663006
54599,0.037633944,0.009403343,0.06586455,0.08362725,0.68699884,0.61156034,0.15289009
54602,0.0209381,0.008695398,0.033180803,0.019217843,0.5169871,0.61035734,0.15258934
54605,0.035316,0.0098431865,0.06078882,0.038291816,0.020192465,0.078338645,0.019584661
54608,0.012536023,0.009071961,0.016000085,0.0022657553,0.53300095,0.57215863,0.14303966
54611,0.042320937,0.012975943,0.071665935,0.08289162,1.0550272,1.2892444,0.3223111
54614,0.035132837,0.018917797,0.05134787,0.053908676,0.9346202,1.0719739,0.26799348
54616,0.047375996,0.017341668,0.077410325,0.11069089,0.6964715,0.632981,0.15824525
54619,0.06509106,0.02857997,0.101602145,0.04629053,0.7850501,0.9093105,0.22732763
54622,0.053084437,0.0365451,0.069623776,0.0129470425,0.24897285,0.18734348,0.04683587
54625,0.06904159,0.044433564,0.0936496,0.043421805,0.03615125,0.0916604,0.0229151
54628,0.068251394,0.04001539,0.0964874,0.029557636,0.45755067,0.53183675,0.13295919
54631,0.03271303,0.04376611,0.02165995,0.013474147,0.363914,0.43067285,0.10766821
54634,0.04763486,0.03704907,0.058220655,0.02869972,0.025013605,0.058294192,0.014573548
54636,0.038592983,0.02899235,0.04819362,0.026913157,0.0333821,0.081452526,0.020363132
54639,0.055055946,0.027847968,0.082263924,0.047579933,0.026499907,0.06539534,0.016348835
54642,0.055867147,0.033303965,0.078430325,0.040074382,0.020751,0.048148666,0.012037166
54645,0.07814716,0.04199915,0.11429516,0.08719173,0.0586133,0.17593314,0.043983284
54648,0.030767119,0.026444355,0.03508988,0.02909796,0.017226538,0.024147214,0.0060368036
54651,0.060271963,0.040114496,0.08042943,0.045239657,0.018851599,0.06354881,0.015887203
54654,0.042677414,0.04648542,0.038869403,0.012703046,0.48771706,0.5865318,0.14663295
54656,0.07908466,0.05730948,0.10085984,0.031013267,0.032393295,0.059002966,0.014750741
54659,0.05863454,0.056222547,0.061046537,0.0005733727,0.24366188,0.25241715,0.06310429
54662,0.104809105,0.07293943,0.13667879,0.07981035,0.8335266,0.80017966,0.20004492
54665,0.10205224,0.09061002,0.11349446,0.02707988,0.006913503,0.03340729,0.008351822
54668,0.14938414,0.11507532,0.18369295,0.08143675,1.1675687,1.33137,0.3328425
54671,0.20728149,0.13460128,0.2799617,0.09929806,0.8254421,0.7735531,0.19338827
54674,0.14449205,0.11396411,0.17502,0.08353952,1.0612856,1.0307302,0.25768256
54676,0.1122966,0.096724175,0.12786904,0.018581416,0.020204863,0.02884576,0.00721144
54679,0.09073201,0.10089848,0.080565535,0.004107898,0.29381678,0.329614,0.0824035
54682,0.14113368,0.110545754,0.17172162,0.011421164,0.34048232,0.27714872,0.06928718
54685,0.14805724,0.12959512,0.16651937,0.0038617167,0.5400346,0.6004632,0.1501158
54688,0.13035224,0.13898478,0.121719696,0.0020344018,0.15510523,0.16742878,0.041857194
54691,0.19085957,0.1393946,0.24232455,0.14672625,0.7510552,1.0073575,0.25183937
54694,0.20525175,0.1636294,0.2468741,0.048369605,0.77763623,0.92626065,0.23156516
54696,0.18926382,0.15374474,0.22478288,0.012096931,0.34673607,0.27324322,0.068310805
54699,0.18402077,0.15503666,0.21300489,0.056863118,0.07790947,0.16398056,0.04099514
54702,0.16268371,0.15342356,0.17194384,0.0010651163,0.507274,0.5322018,0.13305046
54705,0.15347493,0.16551076,0.1414391,0.0045980536,0.12599754,0.11789986,0.029474964
54708,0.17974453,0.16470121,0.19478785,0.0025370608,0.15970032,0.14348017,0.03587004
54711,0.2867103,0.15852623,0.41489437,0.13091348,0.791611,0.6982367,0.17455918
54714,0.19515234,0.15493171,0.23537298,0.04687128,0.016768137,0.07775306,0.019438265
54716,0.16287234,0.16718787,0.15855682,0.028999686,0.030628363,0.07897053,0.019742632
54719,0.19160546,0.1769445,0.20626645,0.09421577,0.065374695,0.22846656,0.05711664
54722,0.1297109,0.14825143,0.111170374,0.012377563,0.21401596,0.18069415,0.045173537
54725,0.16571684,0.17708296,0.15435071,0.0012631813,0.14432018,0.16618472,0.04154618
54728,0.17323773,0.17308001,0.17339545,0.0008566412,0.28514588,0.27881953,0.06970488
54731,0.196604,0.16129039,0.2319176,0.17549567,1.2937622,1.2411898,0.31029746
54734,0.1530134,0.12637188,0.1796549,0.104348384,0.80495673,1.0202396,0.2550599
54736,0.19605331,0.17384642,0.21826017,0.00940701,0.47566196,0.41199312,0.10299828
54739,0.14075103,0.1172288,0.16427328,0.099064946,0.13079135,0.2075274,0.05188185
54742,0.120416224,0.10036824,0.1404642,0.0069847465,0.1964103,0.14800131,0.03700033
54745,0.11425122,0.08629807,0.14220436,0.07185911,0.8920606,1.063301,0.26582524
54748,0.08865553,0.08749022,0.089820854,0.0014763939,0.17775345,0.17280994,0.043202486
54751,0.14648981,0.15429798,0.13868165,0.0014757756,0.28433195,0.2964957,0.07412393
54754,0.21691585,0.20278777,0.23104392,0.09530318,0.06708574,0.24621563,0.061553907
54756,0.15826254,0.14020847,0.17631662,0.0050039175,0.20483632,0.16159634,0.040399086
54759,0.18976133,0.14837724,0.23114543,0.05060613,0.054350536,0.14815874,0.037039686
54762,0.19137438,0.1609529,0.22179587,0.03691525,0.012174606,0.05893217,0.014733043
54765,0.20518005,0.15779476,0.25256535,0.042627666,0.0334692,0.060177367,0.015044342
54768,0.15972465,0.16460301,0.1548463,0.00232853,0.17918205,0.17958486,0.044896215
54771,0.18355726,0.18358731,0.18352719,0.04864931,0.021883646,0.0667105,0.016677625
54774,0.23542385,0.21585111,0.25499657,0.09109312,1.2691764,1.5262117,0.38155293
54776,0.17030138,0.19617526,0.14442751,0.01641923,0.32762146,0.2837368,0.0709342
54779,0.23138754,0.21823426,0.2445408,0.06154184,0.04203431,0.14185487,0.035463717
54782,0.20701897,0.21433528,0.19970267,0.0039838064,0.3272337,0.3217636,0.0804409
54785,0.31110144,0.23975486,0.38244805,0.06978065,0.049213726,0.1132374,0.02830935
54788,0.24433355,0.23978609,0.24888103,0.00063052104,0.39095816,0.40624627,0.10156157
54791,0.21507545,0.232374,0.1977769,0.002361739,0.37498537,0.33977255,0.08494314
54794,0.24419737,0.23231061,0.2560841,0.04719306,0.7746802,0.87378764,0.21844691
54796,0.226156,0.24126934,0.21104264,0.03905045,0.027977625,0.053677518,0.0134193795
54799,0.24351384,0.24742651,0.23960118,0.0010082846,0.52175075,0.5026531,0.12566328
54802,0.2631835,0.24677815,0.27958885,0.0018326215,0.27236494,0.2957301,0.07393253
54805,0.25491345,0.24994731,0.2598796,0.022666598,0.019916534,0.043283198,0.0108207995
54808,0.28602862,0.27496883,0.2970884,0.05706212,0.6479666,0.7454311,0.18635778
54811,0.32633534,0.29026908,0.36240163,0.037673656,0.031589508,0.09845797,0.024614492
54814,0.33328357,0.30514285,0.3614243,0.0051184297,0.18729782,0.21101598,0.052753996
54816,0.32631794,0.31166562,0.34097025,0.018460099,0.019266129,0.03505315,0.008763287
54819,0.33319497,0.3039353,0.36245465,0.24462576,1.3115138,1.8248304,0.4562076
54822,0.3903403,0.30006862,0.48061195,0.0967389,1.2018915,1.4549001,0.36372504
54825,0.31422335,0.3028601,0.3255866,0.030341374,0.026739756,0.069816984,0.017454246
54828,0.32117847,0.31826967,0.3240873,0.03830478,0.017501196,0.04685868,0.01171467
54831,0.3077095,0.3065311,0.30888787,0.08482742,0.84732056,0.8028943,0.20072357
54834,0.35776317,0.31290242,0.4026239,0.013962001,0.4042232,0.30714694,0.076786734
54836,0.3860459,0.3285749,0.44351688,0.017107463,0.2877045,0.19956891,0.049892228
54839,0.3701867,0.32808977,0.41228357,0.009626997,0.34794173,0.3978822,0.09947055
54842,0.41925374,0.32453796,0.51396954,0.10151557,0.849273,1.0753709,0.26884273
54845,0.34987202,0.3146346,0.38510945,0.040927313,0.014172236,0.065773405,0.016443351
54848,0.2828029,0.30600962,0.2595962,0.0028990514,0.3497219,0.30938053,0.07734513
54851,0.31805044,0.31199706,0.32410383,0.100052215,1.1348902,1.1007813,0.27519533
54854,0.36139646,0.31934583,0.40344706,0.05274866,0.03919856,0.12071034,0.030177586
54856,0.36295763,0.32472628,0.401189,0.07412738,0.0330499,0.109619856,0.027404964
54859,0.34676656,0.3342824,0.35925075,0.051650453,0.04540189,0.108445056,0.027111264
54862,0.29506055,0.34168157,0.2484395,0.05444972,0.038029354,0.042075742,0.0105189355
54865,0.31062093,0.35140046,0.2698414,0.056325853,0.04395612,0.061710875,0.015427719
54868,0.39839792,0.36179766,0.43499818,0.006228013,0.26660475,0.30516255,0.07629064
54871,0.4294274,0.37069154,0.48816326,0.020964017,0.36273798,0.24683674,0.061709184
54874,0.3613924,0.3507166,0.3720682,0.0058919177,0.25907364,0.2135883,0.053397074
54876,0.41586885,0.35350928,0.47822836,0.019626113,0.53022903,0.41089287,0.10272322
54879,0.37824383,0.3345696,0.42191806,0.01685875,0.45039567,0.33352384,0.08338096
54882,0.23874122,0.30954906,0.16793339,0.1401696,0.10889816,0.07623709,0.019059272
54885,0.32717502,0.33767784,0.3166722,0.03661934,0.020743052,0.045277197,0.011319299
54888,0.38716543,0.34951195,0.4248189,0.03482541,0.58630306,0.67985487,0.16996372
54891,0.43077073,0.3891746,0.47236684,0.02779194,0.38929304,0.47494784,0.11873696
54894,0.44674143,0.4043033,0.48917952,0.039559957,0.020105362,0.045268316,0.011317079
54896,0.39020404,0.4023389,0.3780692,0.0066022687,0.4102166,0.39145836,0.09786459
54899,0.33692923,0.3656526,0.30820587,0.003754072,0.3960959,0.34530354,0.086325884
54902,0.34379616,0.34079695,0.3467954,0.0667396,0.76543045,0.75382406,0.18845601
54905,0.35449782,0.3223724,0.3866233,0.035999447,0.6675029,0.6672862,0.16682155
54908,0.34823647,0.33538747,0.3610855,0.029352322,0.010956447,0.037258714,0.009314679
54911,0.36530808,0.34841546,0.38220072,0.0072743553,0.51338077,0.44328627,0.11082157
54914,0.34858024,0.33766666,0.35949382,0.001844514,0.24355061,0.24501838,0.061254594
54916,0.3349054,0.32795557,0.34185517,0.10273334,0.027362823,0.13088521,0.032721303
54919,0.25200108,0.31436804,0.18963413,0.027855769,0.51018715,0.39605036,0.09901259
54922,0.27572542,0.3143001,0.23715074,0.081583545,0.02643013,0.13706763,0.034266908
54925,0.2752528,0.29965645,0.25084913,0.015641918,0.20946617,0.20162809,0.050407022
54928,0.28663832,0.30855843,0.2647182,0.012947331,0.19893555,0.18724912,0.04681228
54931,0.33744153,0.31937537,0.3555077,0.0215391,0.4130052,0.40633798,0.101584494
54934,0.29836896,0.3246154,0.27212253,0.10141302,0.6960201,0.62605375,0.15651344
54936,0.3147739,0.29605675,0.333491,0.013861428,0.30145824,0.21484907,0.053712267
54939,0.29369187,0.28590927,0.30147445,0.001941136,0.33597055,0.33022067,0.08255517
54942,0.278612,0.25498882,0.30223516,0.046704907,0.030642828,0.07694037,0.019235093
54945,0.22742617,0.2748231,0.18002923,0.027534872,0.5968482,0.67191625,0.16797906
54948,0.2630404,0.27679995,0.2492808,0.11706423,0.83798915,0.7951477,0.19878693
54951,0.31706336,0.25756565,0.37656114,0.03496189,0.43580425,0.27295622,0.068239056
54954,0.25948745,0.25802624,0.26094866,0.11170596,0.62489444,0.76713544,0.19178386
54956,0.27468175,0.24572082,0.30364266,0.04738224,0.021156946,0.07234297,0.018085742
54959,0.2232792,0.22615956,0.22039884,0.0008627493,0.44939423,0.43702564,0.10925641
54962,0.21745975,0.21451116,0.22040838,0.08252864,0.9624405,0.9365422,0.23413555
54965,0.18854298,0.20347421,0.17361176,0.0024099618,0.14421718,0.12430129,0.031075323
54968,0.18756288,0.20927896,0.1658468,0.0037659544,0.5399062,0.46934775,0.11733694
54971,0.20475064,0.2062993,0.20320196,0.0009720104,0.40817323,0.3939667,0.098491676
54974,0.22514063,0.19846672,0.25181454,0.04716827,0.018880209,0.056307387,0.014076847
54976,0.16486575,0.1722374,0.15749411,0.0075300857,0.35851339,0.3351027,0.08377568
54979,0.17543757,0.18709761,0.16377753,0.081090994,0.023244858,0.11875019,0.029687548
54982,0.17233507,0.18400668,0.16066344,0.0628872,0.016716639,0.06887371,0.017218428
54985,0.13566737,0.15323287,0.11810187,0.062663265,0.044237137,0.052756548,0.013189137
54988,0.15361579,0.14586061,0.16137095,0.0043597925,0.2937781,0.2802435,0.07006087
54991,0.15595306,0.13940288,0.17250325,0.023808321,0.019769669,0.04356165,0.010890412
54994,0.1772024,0.13997193,0.21443288,0.04235061,0.72051936,0.8168656,0.2042164
54996,0.24182914,0.1832302,0.30042806,0.03718682,0.5439423,0.36297694,0.090744235
54999,0.18626451,0.17417802,0.19835098,0.073593855,0.055358887,0.09993484,0.02498371
55002,0.20137303,0.18074422,0.22200184,0.053244174,0.03575961,0.07925019,0.019812547
55005,0.19126318,0.18083708,0.20168929,0.050099347,0.030829748,0.070705615,0.017676404
55008,0.14888458,0.17028052,0.12748863,0.014121401,0.48334393,0.49338636,0.12334659
55011,0.15161344,0.15733415,0.14589274,0.059387226,0.04047203,0.065062635,0.016265659
55014,0.19499028,0.14804089,0.24193965,0.20838885,0.88831043,1.1661327,0.29153317
55016,0.2279104,0.1482146,0.30760622,0.08114081,0.5716216,0.75599986,0.18899997
55019,0.12042335,0.14136876,0.099477924,0.0123368725,0.2158273,0.17971742,0.044929355
55022,0.14995025,0.1380543,0.1618462,0.06512845,0.5690634,0.6575039,0.16437598
55025,0.13103084,0.13577168,0.12629,0.0007724552,0.24258359,0.2266704,0.0566676
55028,0.2582556,0.14100772,0.3755035,0.19358025,1.5697435,1.7831097,0.44577742
55031,0.14633189,0.15119445,0.14146931,0.011929828,0.3592123,0.33145,0.0828625
55034,0.15674351,0.17231627,0.14117074,0.025839383,0.26432267,0.2689847,0.06724618
55036,0.16031444,0.17757817,0.14305072,0.015788024,0.26437905,0.28225344,0.07056336
55039,0.1902679,0.17321503,0.20732076,0.006048046,0.48999533,0.5172499,0.12931247
55042,0.24615292,0.18504572,0.30726013,0.092530765,0.8876381,1.0578346,0.26445866
55045,0.1947953,0.20547242,0.18411817,0.019111255,0.5762337,0.58249825,0.14562456
55048,0.27833647,0.23120165,0.32547128,0.03308744,0.0242246,0.03888056,0.00972014
55051,0.27739003,0.22825712,0.32652295,0.018038347,0.37701797,0.2681918,0.06704795
55054,0.26516333,0.23413587,0.29619077,0.07183214,0.073890686,0.18317814,0.045794535
55056,0.2277962,0.25533393,0.20025845,0.029268125,0.015602748,0.026426626,0.0066066566
55059,0.27857527,0.31583282,0.2413177,0.013099822,0.37756538,0.30535346,0.076338366
55062,0.348354,0.33796802,0.35874006,0.076594785,1.0062904,0.9804142,0.24510355
55065,0.36487898,0.353175,0.37658295,0.085273184,0.5866057,0.57385814,0.14346454
55068,0.355702,0.36238062,0.34902334,0.0047052368,0.30662006,0.30355522,0.075888805
55071,0.41031504,0.3716867,0.44894338,0.11713552,0.73411894,0.9015425,0.22538562
55074,0.4271164,0.3806351,0.47359768,0.063325495,0.038116455,0.12663548,0.03165887
55076,0.38896427,0.38449037,0.3934382,0.03565583,0.013020833,0.045685966,0.011421491
55079,0.3454715,0.38936782,0.30157515,0.07396335,0.046243668,0.07006975,0.017517438
55082,0.47389588,0.41633728,0.5314545,0.048810076,0.02747027,0.06364465,0.015911162
55085,0.35452035,0.41271815,0.29632258,0.0149264885,0.5137704,0.421837,0.10545925
55088,0.37406692,0.38765323,0.36048064,0.044910412,0.028337479,0.066589765,0.016647441
55091,0.37930623,0.41780338,0.34080908,0.06790018,0.020298004,0.08561363,0.021403408
55094,0.4161334,0.38429376,0.4479731,0.0071773245,0.21558952,0.22890258,0.057225645
55096,0.4121808,0.3800718,0.44428983,0.033716347,0.6335799,0.61646014,0.15411504
55099,0.3502835,0.3735434,0.3270236,0.014139776,0.5530782,0.5258212,0.1314553
55102,0.43786415,0.36879158,0.50693667,0.025407309,0.46224937,0.32102537,0.08025634
55105,0.41800246,0.36311808,0.47288677,0.019217545,0.39073586,0.2775525,0.06938812
55108,0.32240415,0.35974005,0.28506824,0.057667583,0.036892574,0.15171827,0.03792957
55111,0.42068258,0.35681438,0.4845508,0.042253852,0.4353415,0.53227097,0.13306774
55114,0.44482446,0.35362482,0.5360241,0.061448365,0.4739386,0.6094442,0.15236105
55116,0.32211825,0.3516234,0.29261315,0.0060571,0.28224054,0.24711533,0.061778832
55119,0.4375603,0.33701745,0.5381031,0.08872036,1.4175249,1.5944799,0.39861998
55122,0.356835,0.29937688,0.41429314,0.052901626,0.020556768,0.093918145,0.023479536
55125,0.2800949,0.29553786,0.2646519,0.0045093484,0.16416252,0.15477252,0.03869313
55128,0.27438867,0.28246173,0.2663156,0.103096165,1.4597569,1.4345284,0.3586321
55131,0.25421196,0.24278332,0.2656406,0.11230431,0.07920519,0.10302186,0.025755465
55134,0.22170012,0.19848947,0.24491073,0.0048803035,0.16541927,0.18564175,0.046410438
55136,0.21881157,0.19746868,0.24015446,0.01803092,0.44571316,0.32538053,0.08134513
55139,0.19984107,0.15312892,0.24655318,0.08912367,1.271236,1.3973044,0.3493261
55142,0.1626585,0.14942336,0.17589362,0.04786544,0.3084507,0.33055922,0.082639806
55145,0.13188405,0.14095622,0.122811906,0.00413244,0.25644937,0.23769593,0.059423983
55148,0.15109564,0.14132543,0.16086586,0.07499707,0.06777445,0.13582458,0.033956144
55151,0.16840796,0.13826716,0.19854873,0.040548306,0.017950693,0.06739235,0.016848087
55154,0.14996602,0.13146056,0.16847147,0.042991433,0.29168448,0.29984865,0.07496216
55156,0.15350993,0.13406825,0.1729516,0.025676077,0.015098572,0.027966486,0.0069916216
55159,0.18963389,0.14975606,0.2295117,0.07760084,0.04776764,0.123024665,0.030756166
55162,0.21023537,0.1637385,0.25673226,0.023085669,0.42837963,0.29244778,0.073111944
55165,0.16965823,0.17824654,0.16106991,0.018839939,0.2744114,0.26617357,0.06654339
55168,0.15579116,0.17626144,0.13532089,0.0639559,0.017297745,0.07419498,0.018548746
55171,0.18010391,0.18521638,0.17499144,0.0025721646,0.5751546,0.53821844,0.13455461
55174,0.2211485,0.18961747,0.25267956,0.15247314,1.0376465,1.3359438,0.33398595
55176,0.16193591,0.19952326,0.12434856,0.11404792,0.08204778,0.08080882,0.020202205
55179,0.22928898,0.2014122,0.25716573,0.0058966763,0.15306027,0.18018703,0.045046758
55182,0.26529393,0.23893459,0.29165325,0.1287353,1.3857365,1.3676481,0.34191203
55185,0.34844193,0.24115674,0.4557271,0.07774507,0.59474796,0.48842135,0.12210534
55188,0.27166265,0.24247682,0.30084848,0.010380662,0.32353604,0.24655525,0.061638813
55191,0.31284025,0.214574,0.41110656,0.14268109,1.265665,1.4488693,0.36221734
55194,0.2897335,0.23710978,0.34235725,0.03854176,0.010875066,0.05900504,0.01475126
55196,0.27799526,0.23679905,0.3191915,0.053762536,0.037164688,0.11047959,0.027619898
55199,0.22834909,0.23592694,0.22077124,0.120465435,0.060264587,0.27695826,0.069239564
55202,0.21380119,0.20951314,0.21808924,0.009170859,0.49560714,0.42429057,0.10607264
55205,0.19128203,0.19215517,0.19040893,0.010464907,0.4344562,0.37160325,0.09290081
55208,0.18172406,0.18057704,0.18287106,0.0021379953,0.5706393,0.54577297,0.13644324
55211,0.14937352,0.17626636,0.12248069,0.015513564,0.4659857,0.50310373,0.12577593
55214,0.2211067,0.16411859,0.27809477,0.057809014,0.8254883,0.7998276,0.1999569
55216,0.1499393,0.1599793,0.1398993,0.03998336,0.017532349,0.057456005,0.014364001
55219,0.15998168,0.14991157,0.1700518,0.105888955,0.65613323,0.80474186,0.20118546
55222,0.16869791,0.15052623,0.18686962,0.08299589,1.174832,1.178183,0.29454574
55225,0.15483367,0.14742224,0.16224511,0.012659471,0.40588236,0.31973732,0.07993433
55228,0.12546782,0.13935512,0.11158053,0.011601732,0.18531092,0.17935653,0.044839133
55231,0.1354692,0.13687082,0.13406758,0.07612132,0.0596536,0.08746743,0.021866858
55234,0.14094295,0.12558861,0.15629727,0.061823636,0.602609,0.68538046,0.17134511
55236,0.13585334,0.11767871,0.15402795,0.045299146,0.65586555,0.71613187,0.17903297
55239,0.12927426,0.106764644,0.15178387,0.076081894,0.06534767,0.13032542,0.032581355
55242,0.12522717,0.11048812,0.13996623,0.0125681115,0.43360674,0.34129962,0.085324906
55245,0.15258287,0.11919004,0.18597569,0.08574313,0.08510462,0.1666979,0.041674476
55248,0.1086975,0.09866514,0.11872986,0.13413206,0.13906796,0.18944329,0.047360823
55251,0.104743004,0.09343038,0.116055615,0.006330393,0.2328612,0.23809163,0.05952291
55254,0.19615024,0.13841234,0.25388816,0.20831625,0.8696398,1.1704859,0.29262146
55256,0.10100708,0.10913628,0.09287787,0.007674648,0.53117365,0.5361238,0.13403095
55259,0.11309864,0.097213395,0.1289839,0.05266339,0.7734104,0.8552725,0.21381812
55262,0.12741782,0.10626071,0.14857493,0.08007104,1.1644858,1.3381516,0.3345379
55265,0.159251,0.122719884,0.19578212,0.03961709,0.6230984,0.7340314,0.18350784
55268,0.114690304,0.13365525,0.09572536,0.007488906,0.22338295,0.18626733,0.046566833
55271,0.18899602,0.14577676,0.23221527,0.071116395,1.1054655,1.1756736,0.2939184
55274,0.14825977,0.16593705,0.13058251,0.048554882,0.038004715,0.13246696,0.03311674
55276,0.13534655,0.15785462,0.112838484,0.04026829,0.026886621,0.033722382,0.0084305955
55279,0.13840209,0.11204201,0.16476215,0.08294707,0.06614876,0.12551033,0.031377584
55282,0.17938216,0.10721355,0.2515508,0.10803956,1.198116,1.1859823,0.2964956
55285,0.1280112,0.10382668,0.1521957,0.08337569,0.54364085,0.6502115,0.16255288
55288,0.086371064,0.100998044,0.07174408,0.0063442714,0.13162549,0.112970255,0.028242564
55291,0.13829269,0.09782523,0.17876013,0.050787266,0.43034744,0.5352575,0.13381438
55294,0.12483623,0.09492186,0.1547506,0.05578063,0.82056236,0.8835478,0.22088695
55296,0.111964464,0.092954986,0.13097395,0.06537295,0.8639075,0.85142297,0.21285574
55299,0.09220009,0.09557668,0.0888235,0.049771488,0.021686554,0.07926727,0.019816818
55302,0.17862274,0.102196194,0.2550493,0.06657088,0.576566,0.4851081,0.12127703
55305,0.14377756,0.10074257,0.18681258,0.05417302,0.47601762,0.5797934,0.14494835
55308,0.09784454,0.11875659,0.07693249,0.015320544,0.44218066,0.48580387,0.12145097
55311,0.111461245,0.1153001,0.10762239,0.0007271476,0.1641674,0.15647493,0.039118733
55314,0.10671273,0.11361227,0.099813186,0.061193585,0.040959835,0.16257642,0.040644106
55316,0.13041307,0.11407886,0.14674729,0.08367496,0.9064662,0.90501815,0.22625454
55319,0.13770217,0.12714301,0.14826132,0.06805017,0.5139565,0.60473484,0.15118371
55322,0.16628452,0.115544416,0.21702461,0.20808299,1.1487331,1.0231797,0.2557949
55325,0.13815221,0.11240373,0.16390069,0.048377186,0.032530468,0.088834025,0.022208506
55328,0.099849544,0.102472216,0.097226866,0.046845824,0.015575409,0.049129825,0.012282456
55331,0.24419147,0.120175,0.36820793,0.16008306,1.1334685,1.0182781,0.25456953
55334,0.14696425,0.11806846,0.17586005,0.118408,0.97071904,0.90094995,0.22523749
55336,0.112640835,0.11253167,0.112750016,0.030301938,0.02201271,0.066157125,0.016539281
55339,0.13814896,0.10362395,0.17267399,0.070485555,0.06005287,0.14908214,0.037270535
55342,0.17951478,0.08490145,0.2741281,0.10858756,0.05097453,0.09999516,0.02499879
55345,0.101684175,0.087188244,0.11618009,0.04774293,0.03319168,0.11542084,0.02885521
55348,0.10125422,0.10006845,0.10243998,0.006545322,0.4663867,0.42912194,0.107280485
55351,0.12092314,0.09438094,0.14746535,0.08400587,0.6468099,0.63793796,0.15948449
55354,0.1013534,0.09719799,0.105508804,0.0022441235,0.2706057,0.25987306,0.064968266
55356,0.12440121,0.10784305,0.14095937,0.038711566,0.02723821,0.07593116,0.01898279
55359,0.123861395,0.09844699,0.1492758,0.06288352,0.038169224,0.091271006,0.022817751
55362,0.20537825,0.08898721,0.3217693,0.1423594,1.0365202,0.9176077,0.22940193
55365,0.12726294,0.10579249,0.14873336,0.03105736,0.32390532,0.3735142,0.09337855
55368,0.14084496,0.10589433,0.1757956,0.09123018,0.12731488,0.22708565,0.056771412
55371,0.137587,0.0874308,0.18774319,0.051343814,0.6344026,0.57417315,0.14354329
55374,0.09680315,0.089059524,0.10454676,0.043883543,0.55251515,0.6129029,0.15322572
55376,0.08989557,0.09107741,0.088713735,0.0636269,0.04366557,0.06287268,0.01571817
55379,0.1125795,0.08532188,0.13983713,0.044808447,0.03640048,0.090118825,0.022529706
55382,0.1418912,0.07802569,0.20575671,0.05081733,0.4486854,0.36826804,0.09206701
55385,0.10678822,0.07763886,0.13593759,0.04218067,0.8911209,0.9565029,0.23912573
55388,0.061374545,0.07054428,0.052204818,0.005679056,0.4070294,0.41117486,0.102793716
55391,0.064035535,0.0721538,0.055917278,0.003465676,0.32634863,0.29471636,0.07367909
55394,0.06839992,0.067509115,0.06929073,0.0032504846,0.51916295,0.49057522,0.122643806
55396,0.05473708,0.067712165,0.041762006,0.019409904,0.44916597,0.3576099,0.089402474
55399,0.06815123,0.0683131,0.06798936,0.00043553708,0.19771512,0.19240284,0.04810071
55402,0.09858779,0.070731476,0.1264441,0.081354946,0.10273361,0.2011323,0.050283074
55405,0.09033134,0.056969613,0.12369305,0.105194636,0.0335172,0.17231917,0.043079793
55408,0.08861387,0.0625921,0.11463565,0.03937537,0.023300806,0.06681118,0.016702795
55411,0.07421199,0.0648697,0.08355429,0.007266154,0.46735016,0.40074646,0.100186616
55414,0.083420336,0.057162028,0.10967865,0.0138239935,0.18077736,0.11216271,0.028040677
55416,0.05190261,0.06011487,0.04369035,0.0036716133,0.52548283,0.47122875,0.11780719
55419,0.0694296,0.06780843,0.07105076,0.0026368964,0.2126431,0.20148341,0.050370853
55422,0.05666724,0.05944797,0.053886503,0.043234,0.0279452,0.06172668,0.01543167
55425,0.066786885,0.06258958,0.07098419,0.03428864,0.014631907,0.035230596,0.008807649
55428,0.08489341,0.06720272,0.102584116,0.009410653,0.5753856,0.49516782,0.123791955
55431,0.11786559,0.08975056,0.14598063,0.077934004,0.12102699,0.24826074,0.062065184
55434,0.16415119,0.09934127,0.22896111,0.10890648,1.2670927,1.290924,0.322731
55436,0.093737565,0.1053712,0.082103916,0.0036565072,0.16528194,0.14504467,0.036261167
55439,0.15503733,0.12563245,0.18444222,0.0400262,0.028784433,0.09425819,0.023564547
55442,0.12398764,0.11951288,0.12846239,0.03028483,0.03073422,0.08004076,0.02001019
55445,0.13594685,0.13581727,0.13607644,0.00037760698,0.35236993,0.3497939,0.08744848
55448,0.19757943,0.16456975,0.2305891,0.05389146,0.043204308,0.117309,0.02932725
55451,0.16643167,0.18919317,0.14367016,0.010336873,0.4447155,0.4045953,0.10114882
55454,0.21734463,0.1645833,0.27010596,0.039332815,0.032122295,0.048898447,0.012224612
55456,0.18321002,0.165774,0.200646,0.0029958508,0.31276193,0.33921584,0.08480396
55459,0.20035493,0.15863822,0.24207163,0.17553055,0.85149556,1.1373565,0.28433913
55462,0.13580905,0.14355904,0.12805904,0.001555658,0.21970777,0.22981896,0.05745474
55465,0.13660361,0.1295714,0.14363584,0.06947427,0.07040533,0.12656072,0.03164018
55468,0.19571547,0.12699969,0.26443124,0.09862236,1.0594724,1.2535552,0.3133888
55471,0.17813922,0.12874474,0.22753371,0.07038563,1.3173033,1.4892263,0.3723066
55474,0.20967944,0.14243603,0.27692288,0.081578195,1.0297171,1.2091385,0.30228463
55476,0.18020613,0.14340793,0.21700437,0.039053086,0.027977625,0.06072503,0.015181257
55479,0.15004016,0.13477187,0.16530848,0.09512285,1.0716184,1.0293065,0.25732663
55482,0.17880172,0.13812453,0.2194789,0.051182717,0.05242793,0.1439284,0.0359821
55485,0.1530103,0.15343116,0.1525894,0.001835554,0.48555014,0.47689,0.1192225
55488,0.119366474,0.11408436,0.12464859,0.029658712,0.025590897,0.072706364,0.018176591
55491,0.092482515,0.10416298,0.08080205,0.104789324,0.080200195,0.0666168,0.0166542
55494,0.10868134,0.09998965,0.11737303,0.05250283,0.3426164,0.34247378,0.085618444
55496,0.1194436,0.098273695,0.14061351,0.026725039,0.007068634,0.038914103,0.009728526
55499,0.13072614,0.09391123,0.16754104,0.15166074,1.0899912,1.0202221,0.25505552
55502,0.14221646,0.09014908,0.19428383,0.0615377,0.03946781,0.08711799,0.021779498
55505,0.10259449,0.086066164,0.1191228,0.035859913,0.39802423,0.43209934,0.108024836
55508,0.09136202,0.08481332,0.09791073,0.002159924,0.14669025,0.12300349,0.030750873
55511,0.11761991,0.08191808,0.15332176,0.04434043,0.030432383,0.05888812,0.01472203
55513,0.09887371,0.0804725,0.11727494,0.07174212,0.53509486,0.6349923,0.15874808
55516,0.11470914,0.078205876,0.15121241,0.033498567,0.0051498413,0.045591917,0.011397979
55519,0.063913636,0.077270985,0.050556287,0.012126242,0.46274734,0.48196852,0.12049213
55522,0.06606805,0.075524755,0.056611348,0.00913976,0.36492097,0.3608888,0.0902222
55525,0.052732855,0.07170615,0.033759553,0.019805307,0.49954414,0.41789356,0.10447339
55528,0.10204599,0.06840352,0.13568847,0.036129016,0.02703921,0.042175423,0.010543856
55531,0.053028554,0.06419765,0.041859448,0.00570955,0.24067815,0.20784788,0.05196197
55533,0.087240696,0.061041534,0.113439865,0.11246765,0.9253535,1.1464245,0.28660613
55536,0.07034414,0.056822013,0.08386627,0.053194538,0.8352688,0.9432306,0.23580766
55539,0.05312994,0.05280553,0.053454354,0.04630679,0.03008779,0.10829532,0.02707383
55542,0.055065308,0.049270064,0.060860556,0.0021774056,0.39424834,0.39230356,0.09807589
55545,0.0638249,0.046414554,0.081235245,0.025824325,0.5293198,0.52807266,0.13201816
55548,0.07373833,0.043092217,0.10438443,0.052973997,0.03746414,0.087950855,0.021987714
55551,0.0521837,0.040363826,0.06400357,0.02849933,0.014294942,0.040585313,0.010146328
55553,0.07726949,0.038333382,0.116205595,0.063318126,1.2840391,1.3803533,0.34508833
55556,0.06343141,0.03619876,0.09066407,0.07617817,1.4921856,1.5553242,0.38883105
55559,0.055230197,0.03357937,0.07688102,0.04784582,0.9547539,1.0451459,0.26128647
55562,0.042737752,0.0315593,0.053916212,0.0053469776,0.2895794,0.3179358,0.07948395
55565,0.040667098,0.029185763,0.052148435,0.0061291554,0.3640658,0.39638755,0.09909689
55568,0.0475111,0.027047085,0.06797512,0.06406515,0.94904613,1.0958132,0.2739533
55571,0.051704932,0.025448745,0.077961124,0.040532198,0.033466976,0.08250833,0.020627083
55573,0.023718292,0.024946198,0.022490388,0.0027848855,0.39578962,0.38612154,0.096530385
55576,0.039713714,0.023124807,0.056302626,0.038440716,0.018737793,0.054946672,0.013736668
55579,0.042098403,0.02183486,0.06236194,0.06506207,0.78458834,0.9098015,0.22745037
55582,0.03622684,0.021154923,0.051298752,0.03844356,0.688068,0.73587435,0.18396859
55585,0.030146092,0.032298464,0.027993724,0.006783351,0.22445433,0.2148041,0.053701025
55588,0.08330321,0.04143797,0.12516846,0.06416791,0.042003155,0.0716221,0.017905526
55591,0.048234463,0.036852036,0.059616882,0.03352208,0.027841726,0.055943612,0.013985903
55593,0.11026352,0.03986376,0.18066327,0.10503348,0.9646549,0.91297007,0.22824252
55596,0.08562227,0.044811513,0.12643303,0.06214061,0.038552284,0.05526815,0.013817037
55599,0.079147555,0.039434653,0.11886046,0.080674134,0.042063076,0.15973288,0.03993322
55602,0.04438111,0.02928166,0.059480563,0.012363401,0.35161018,0.41058144,0.10264536
55605,0.027121687,0.03040328,0.023840094,0.0013698359,0.20117505,0.18087684,0.04521921
55608,0.07696956,0.02567207,0.12826705,0.09849552,1.1466439,1.381135,0.34528375
55611,0.0522031,0.024978882,0.079427324,0.053796213,0.85984,0.97525376,0.24381344
55613,0.04879572,0.021510169,0.07608127,0.036393132,0.5859063,0.6751129,0.16877823
55616,0.056328256,0.023261204,0.089395314,0.051750064,0.4607394,0.38408422,0.096021056
55619,0.033993125,0.027174575,0.040811677,0.004336515,0.35769525,0.37906405,0.09476601
55622,0.065920815,0.033414852,0.09842678,0.07355534,0.045348167,0.14140163,0.03535041
55625,0.05787453,0.044955015,0.070794046,0.07201806,0.053384304,0.20287454,0.050718635
55628,0.12860022,0.06377381,0.19342665,0.06554845,0.039325077,0.050627124,0.012656781
55631,0.0506756,0.055510547,0.04584065,0.0032435965,0.31959853,0.30467373,0.07616843
55633,0.098805785,0.061852604,0.13575898,0.08192983,0.04355939,0.12031883,0.030079708
55636,0.11071199,0.06717193,0.15425207,0.057177145,0.6391061,0.7441402,0.18603505
55639,0.10321059,0.08273858,0.123682596,0.12509044,0.8593178,0.76396203,0.19099051
55642,0.13770278,0.11754888,0.15785669,0.02404548,0.44981956,0.48288903,0.12072226
55645,0.06744989,0.065611996,0.06928778,0.0028588788,0.17168431,0.15031098,0.037577745
55648,0.09394685,0.05715366,0.13074006,0.05269886,0.025808016,0.062187403,0.015546851
55651,0.08275148,0.051507156,0.11399581,0.043285698,0.036222458,0.1183131,0.029578274
55653,0.049088717,0.05123085,0.046946585,0.0011009349,0.36172676,0.35501733,0.08875433
55656,0.06733367,0.049954947,0.08471239,0.02037759,0.02219073,0.03413746,0.008534365
55659,0.093244076,0.058284134,0.12820403,0.10419321,0.63449794,0.5860618,0.14651544
55662,0.089989156,0.06362567,0.11635264,0.0645426,1.1391455,1.143591,0.28589776
55665,0.08234344,0.058760453,0.10592642,0.0452712,0.92022514,1.013151,0.25328776
55668,0.062987566,0.06788389,0.058091242,0.0023375566,0.45632848,0.47795084,0.11948771
55671,0.13217483,0.087378286,0.17697139,0.039541993,0.03171285,0.04065125,0.010162813
55673,0.083930574,0.09611761,0.07174354,0.0074887252,0.14527957,0.120328404,0.030082101
55676,0.095244825,0.09518773,0.095301926,0.020343566,0.009025574,0.028301477,0.0070753694
55679,0.14025116,0.094594926,0.18590738,0.05338348,0.013824463,0.08113709,0.020284273
55682,0.090270884,0.09553041,0.08501136,0.001033327,0.14692064,0.15844865,0.039612163
55685,0.16017926,0.11815835,0.20220016,0.0715308,0.12713687,0.25347784,0.06336946
55688,0.18302518,0.14279425,0.22325611,0.035891023,0.03273821,0.052985687,0.013246422
55691,0.2007507,0.14907727,0.25242412,0.09007531,0.05719058,0.1561166,0.03902915
55693,0.17703055,0.14747891,0.20658217,0.049229767,0.057024002,0.14339192,0.03584798
55696,0.15437986,0.15869682,0.1500629,0.00063947507,0.22081058,0.21069331,0.05267333
55699,0.14978553,0.14928755,0.15028352,0.021360343,0.006254196,0.025955155,0.006488789
55702,0.18125391,0.15927543,0.20323236,0.08505783,0.6370125,0.6178601,0.15446502
55705,0.16641782,0.16905488,0.16378073,0.0006256849,0.5282466,0.5190422,0.12976055
55708,0.19807726,0.16529071,0.23086381,0.027865902,0.0029303234,0.034658216,0.008664554
55711,0.1800323,0.17607538,0.18398921,0.0008895532,0.20318794,0.20440006,0.051100016
55713,0.21243961,0.1887118,0.23616743,0.08266384,0.123888016,0.2208546,0.05521365
55716,0.25838748,0.21458296,0.30219203,0.05846254,0.04490296,0.11122915,0.027807288
55719,0.20694047,0.20034146,0.21353948,0.0015549818,0.24719174,0.24950619,0.062376548
55722,0.19552599,0.18148966,0.2095623,0.0420682,0.7539142,0.82054377,0.20513594
55725,0.20000724,0.21994536,0.18006913,0.0048134723,0.4779091,0.44211546,0.110528864
55728,0.1787961,0.20286304,0.15472914,0.007959553,0.43900958,0.4890646,0.12226615
55731,0.18903597,0.19614063,0.18193132,0.06294876,0.066488266,0.10263517,0.025658792
55733,0.16116452,0.20081191,0.121517144,0.022448862,0.39824548,0.32270283,0.080675706
55736,0.18522607,0.18590462,0.1845475,0.07477123,0.087786995,0.14207308,0.03551827
55739,0.26826254,0.21380407,0.32272103,0.07237631,1.4090513,1.5917467,0.39793667
55742,0.26019406,0.20836522,0.3120229,0.06732942,1.1287842,1.2683632,0.3170908
55745,0.17900942,0.19289225,0.16512659,0.004471366,0.21880405,0.21406238,0.053515594
55748,0.23065674,0.18808854,0.27322492,0.08040127,1.2738876,1.3647938,0.34119844
55751,0.19472583,0.18178256,0.2076691,0.037298035,0.37195015,0.40880993,0.10220248
55753,0.18546088,0.14334382,0.22757797,0.030312514,0.026309332,0.040897947,0.010224487
55756,0.12651886,0.119692884,0.13334484,0.0745146,1.2235532,1.4161705,0.35404262
55759,0.12068793,0.117988236,0.12338763,0.024477283,0.012631099,0.032471523,0.008117881
55762,0.16223516,0.12077582,0.20369451,0.029543236,0.39021173,0.48671198,0.121677995
55765,0.24969894,0.13122301,0.36817488,0.12669693,1.2165903,1.5083154,0.37707886
55768,0.111659706,0.11794745,0.10537195,0.0026944699,0.15710564,0.14534944,0.03633736
55771,0.23434497,0.12203368,0.3466563,0.11770163,1.0787662,1.0586969,0.26467422
55773,0.09204624,0.112128615,0.07196387,0.006666358,0.35974002,0.41557837,0.10389459
55776,0.11813062,0.09976665,0.13649458,0.012143974,0.53368825,0.43858036,0.10964509
55779,0.10276151,0.11428645,0.09123657,0.0046768896,0.424755,0.42914352,0.10728588
55782,0.07009847,0.05455551,0.08564142,0.045918148,0.024415335,0.08709579,0.021773947
55785,0.059939194,0.0636885,0.056189895,0.003139415,0.22856192,0.22060768,0.05515192
55788,0.067862876,0.04523522,0.09049054,0.035188805,0.65913016,0.69319534,0.17329884
55791,0.09449205,0.07277584,0.116208255,0.112014174,0.65266067,0.82906604,0.20726651
55793,0.1155718,0.07497943,0.15616417,0.06719693,0.026081085,0.08853186,0.022132965
55796,0.0658104,0.062287252,0.069333546,0.0009586015,0.32761192,0.33924213,0.08481053
55799,0.0909336,0.062025737,0.11984146,0.050405324,0.03392728,0.07657367,0.019143417
55802,0.06847322,0.051019058,0.08592739,0.020117206,0.019674936,0.02583468,0.00645867
55805,0.07187646,0.04324888,0.10050404,0.071068816,0.03193919,0.12282634,0.030706584
55808,0.03514311,0.04512283,0.025163395,0.0085397875,0.17372449,0.14027698,0.035069246
55811,0.07534923,0.058808446,0.09189001,0.030946767,0.5524308,0.534731,0.13368274
55813,0.050495286,0.059382573,0.041608002,0.004067313,0.3830172,0.35074067,0.08768517
55816,0.0904529,0.06687472,0.11403108,0.037405733,0.42156854,0.4331822,0.10829555
55819,0.09002165,0.07150649,0.10853682,0.05421568,0.97014743,1.0303184,0.2575796
55822,0.15000038,0.07538482,0.22461593,0.116777994,1.1865143,1.1846825,0.29617062
55825,0.10382029,0.06530855,0.14233202,0.054760415,0.04645093,0.12753798,0.031884495
55828,0.12928407,0.06775364,0.19081448,0.15085757,0.7783015,1.0177671,0.25444177
55831,0.1481067,0.09536093,0.20085247,0.076787256,1.6074492,1.7459574,0.43648934
55833,0.17196852,0.123761386,0.22017564,0.0687915,0.06838226,0.17303395,0.04325849
55836,0.1660818,0.12860106,0.20356254,0.010781203,0.37693468,0.4415306,0.11038265
55839,0.13028608,0.12413844,0.13643374,0.001101852,0.41074562,0.41412142,0.103530355
55842,0.09122393,0.11144487,0.07100301,0.011313267,0.2807293,0.23365645,0.058414113
55845,0.15320428,0.10775765,0.19865091,0.058933794,0.03730774,0.12564398,0.031410996
55848,0.09445614,0.09193953,0.09697276,0.021216327,0.025280317,0.05929615,0.014824037
55851,0.087298356,0.07651987,0.09807683,0.09134609,0.038202602,0.17827423,0.044568557
55853,0.16576184,0.07420444,0.25731924,0.09920605,0.7277476,0.63015765,0.15753941
55856,0.075900316,0.05616951,0.09563112,0.014435332,0.33733478,0.24863327,0.062158316
55859,0.044778824,0.043567862,0.04598978,0.0005032316,0.15654373,0.15299754,0.038249385
55862,0.08156805,0.033276927,0.12985916,0.118989445,0.03034846,0.15771605,0.039429013
55865,0.04524513,0.05197907,0.03851119,0.0020139322,0.45921263,0.41565633,0.10391408
55868,0.06783096,0.02597036,0.10969156,0.0800007,0.03586197,0.13276587,0.03319147
55871,0.043855857,0.028124884,0.059586834,0.07459891,0.58703613,0.54819363,0.13704841
55873,0.09764308,0.036352355,0.1589338,0.06795976,0.47708854,0.3825178,0.09562945
55876,0.05125639,0.033859994,0.06865279,0.06548161,0.5060108,0.5945959,0.14864898
55879,0.07912975,0.04182482,0.11643466,0.13638,0.9325784,0.866841,0.21671025
55882,0.07471951,0.03798283,0.11145619,0.052298397,0.059949875,0.14943103,0.03735776
55885,0.054628063,0.035859454,0.073396675,0.056367353,0.026887894,0.07049282,0.017623205
55888,0.05021794,0.035049774,0.06538611,0.022572538,0.019234976,0.034126956,0.008531739
55891,0.05926156,0.033003148,0.08551997,0.043657016,0.77794415,0.8224554,0.20561385
55893,0.040343847,0.039047226,0.04164047,0.00047823414,0.29636446,0.30154213,0.07538553
55896,0.0490237,0.03317824,0.06486915,0.011374247,0.22998548,0.15833797,0.03958449
55899,0.09248448,0.031804517,0.15316445,0.12099347,0.8746457,1.0911628,0.2727907
55902,0.038476653,0.025298312,0.051654994,0.027975837,0.5458622,0.5826173,0.14565432
55905,0.07955409,0.028930865,0.13017732,0.090526156,1.1084995,1.0928859,0.27322146
55908,0.03424332,0.039362434,0.029124206,0.005415456,0.5590673,0.60260344,0.15065086
55911,0.057424843,0.041978244,0.07287144,0.066204146,0.065766014,0.13067801,0.032669503
55913,0.03703702,0.044195686,0.029878348,0.007096157,0.30375275,0.3511789,0.08779473
55916,0.07759833,0.060362935,0.09483373,0.07049587,0.077568054,0.12506099,0.031265248
55919,0.095841564,0.062170368,0.12951277,0.11931485,1.0731767,1.3632654,0.34081635
55922,0.07211563,0.044595215,0.09963604,0.041601155,0.46772322,0.5740199,0.14350498
55925,0.09091721,0.056420725,0.12541369,0.03777289,0.56608826,0.5346045,0.13365112
55928,0.19009082,0.088784434,0.29139718,0.16513693,1.4088815,1.5972809,0.39932021
55931,0.07972496,0.08582696,0.073622964,0.029722264,0.016579947,0.03178279,0.007945698
55933,0.080731064,0.07594744,0.08551469,0.0018760492,0.31927782,0.3017116,0.0754279
55936,0.075132184,0.08352456,0.0667398,0.0038370367,0.4575301,0.46873784,0.11718446
55939,0.07122772,0.07579077,0.066664666,0.0012459663,0.23393822,0.22304563,0.055761408
55942,0.13721494,0.07287792,0.20155196,0.0698545,0.015766779,0.10106591,0.025266478
55945,0.08177049,0.054708686,0.1088323,0.036616106,0.56323814,0.6485243,0.16213107
55948,0.05294037,0.046834383,0.059046347,0.07901876,0.066467285,0.08339844,0.02084961
55951,0.02597764,0.0361057,0.015849577,0.011517942,0.35957846,0.31782398,0.079455994
55953,0.03330453,0.032723717,0.033885345,0.00051720475,0.17963918,0.18766928,0.04691732
55956,0.058943957,0.03425071,0.0836372,0.017960394,0.37168196,0.27062845,0.06765711
55959,0.071053654,0.052542325,0.08956498,0.08506756,0.08402189,0.12574166,0.031435415
55962,0.050021436,0.0630554,0.036987465,0.012092419,0.22234471,0.183357,0.04583925
55965,0.04348768,0.050285876,0.036689475,0.006287391,0.31790558,0.32093355,0.08023339
55968,0.085598856,0.055256095,0.11594162,0.021588594,0.36801374,0.26398745,0.06599686
55971,0.13728498,0.038555745,0.23601423,0.17667599,1.5131569,1.709535,0.42738375
55973,0.052059073,0.0477296,0.056388546,0.029925859,0.025912443,0.07306341,0.018265853
55976,0.050823797,0.041150812,0.06049679,0.044708636,0.038727283,0.11426538,0.028566346
55979,0.070450835,0.048236135,0.09266553,0.09394305,0.063305855,0.24356897,0.060892243
55982,0.05813845,0.055781107,0.060495794,0.044233825,0.038000107,0.12396587,0.030991467
55985,0.08879749,0.033542525,0.14405245,0.08463781,1.1561899,1.2290317,0.30725792
55988,0.0706004,0.040205803,0.10099498,0.04098055,0.015888214,0.08120757,0.020301893
55991,0.038394656,0.031204937,0.04558437,0.003493042,0.48318925,0.5132436,0.1283109
55993,0.029804632,0.026925156,0.03268411,0.0023579933,0.27567452,0.24865322,0.062163305
55996,0.027101284,0.030623063,0.023579502,0.008583479,0.16504796,0.14682093,0.036705233
55999,0.042692203,0.043289706,0.042094696,0.0010262124,0.13833554,0.13642861,0.034107152
56002,0.089081764,0.05627182,0.1218917,0.07040837,0.04739062,0.12849942,0.032124855
56005,0.05302106,0.05863245,0.04740967,0.015401009,0.5133995,0.57588553,0.14397138
56008,0.11280214,0.060913634,0.16469064,0.097108014,1.1195532,1.1559602,0.28899005
56011,0.14469087,0.05549447,0.23388727,0.11488507,0.05703354,0.1125719,0.028142976
56013,0.08408332,0.08045981,0.08770683,0.029542038,0.022863707,0.05753051,0.014382628
56016,0.06508233,0.068160094,0.062004555,0.0013030637,0.17425855,0.16376305,0.04094076
56019,0.07350702,0.06854161,0.078472435,0.031969175,0.015914282,0.04051513,0.010128782
56022,0.14501189,0.09582142,0.19420235,0.099231936,1.7145799,1.8661885,0.46654713
56025,0.21530159,0.11565203,0.31495115,0.18110384,1.4303507,1.6965252,0.4241313
56028,0.12856793,0.1172128,0.13992305,0.066354126,0.0587279,0.10372928,0.02593232
56031,0.12316468,0.11126387,0.1350655,0.004266477,0.39251137,0.41490594,0.103726484
56033,0.12083751,0.108323164,0.13335185,0.06356973,0.053741455,0.10079104,0.02519776
56036,0.183876,0.13728653,0.23046549,0.058890384,0.017969767,0.08545452,0.02136363
56039,0.16045025,0.15410529,0.16679521,0.06996181,0.050037067,0.1806315,0.045157876
56042,0.15214647,0.12024415,0.18404882,0.057800923,0.84741145,0.9159889,0.22899723
56045,0.102934025,0.12521057,0.08065748,0.0108711,0.28250566,0.24011064,0.06002766
56048,0.15928471,0.11366725,0.20490217,0.07581977,0.94050026,1.1154442,0.27886105
56051,0.21543449,0.12000593,0.31086305,0.2658061,1.3957771,1.9185538,0.47963846
56053,0.1607032,0.1310491,0.19035728,0.048166197,0.029209295,0.061565608,0.015391402
56056,0.12159842,0.12608342,0.11711342,0.04970778,0.0403862,0.05212308,0.01303077
56059,0.14786327,0.13156857,0.16415796,0.003350964,0.17517345,0.18991303,0.04747826
56062,0.10479466,0.12872007,0.08086926,0.051089793,0.042512894,0.044126004,0.011031501
56065,0.1635453,0.13230573,0.19478486,0.030475743,0.019005775,0.033650447,0.008412612
56068,0.25694343,0.14321136,0.37067547,0.094004184,0.61396986,0.51854473,0.12963618
56071,0.12742145,0.14203611,0.11280682,0.0022962338,0.20753324,0.23623206,0.059058014
56073,0.14458345,0.1385291,0.1506378,0.0026788164,0.256753,0.22716177,0.05679044
56076,0.16557893,0.13947517,0.1916827,0.19403456,1.0399119,0.9184573,0.22961433
56079,0.13615356,0.13522832,0.13707878,0.07554237,0.051375072,0.1956578,0.04891445
56082,0.17257637,0.15212218,0.19303055,0.008382209,0.34299552,0.28840587,0.07210147
56085,0.17011873,0.1500126,0.19022484,0.032112177,0.55783147,0.6429303,0.16073258
56088,0.15311028,0.15729055,0.14893001,0.001589051,0.44446054,0.4396282,0.10990705
56091,0.13130254,0.12940158,0.13320349,0.021640545,0.41978773,0.43495592,0.10873898
56093,0.071141966,0.07106879,0.07121513,0.00042428542,0.44181824,0.44086432,0.11021608
56096,0.093316756,0.052131515,0.134502,0.08223505,0.9851682,0.985853,0.24646325
56099,0.085122295,0.053922836,0.116321765,0.056540582,0.57721585,0.7287693,0.18219233
56102,0.041618135,0.045800786,0.037435487,0.015699392,0.40799806,0.44314042,0.110785104
56105,0.07203018,0.04966523,0.09439513,0.06434211,0.05266698,0.09521688,0.02380422
56108,0.048414905,0.050590113,0.046239704,0.02703371,0.014887492,0.033329945,0.008332486
56111,0.082694784,0.04956622,0.11582335,0.044737726,0.804121,0.90688825,0.22672206
56113,0.07882226,0.0484087,0.10923583,0.032495156,0.007604599,0.050107587,0.012526897
56116,0.075309575,0.059826892,0.09079226,0.004784096,0.35855293,0.39205828,0.09801457
56119,0.17692547,0.1061218,0.24772911,0.14278673,0.078033924,0.21883456,0.05470864
56122,0.1342233,0.11091297,0.15753363,0.039336786,0.009980519,0.046471607,0.011617902
56125,0.12067511,0.095470406,0.1458798,0.080912754,0.05556631,0.17853032,0.04463258
56128,0.050863158,0.063827775,0.037898544,0.007390043,0.26408026,0.26578045,0.06644511
56131,0.076916896,0.04985034,0.103983454,0.10604479,0.04022328,0.1760963,0.044024076
56133,0.06571854,0.049657017,0.08178005,0.038502116,0.7200001,0.7681975,0.19204937
56136,0.08488226,0.045814723,0.123949796,0.036702376,0.009021759,0.062023576,0.015505894
56139,0.038606275,0.041961282,0.03525127,0.0028242425,0.34421253,0.32306552,0.08076638
56142,0.07347614,0.02997086,0.116981424,0.051349264,0.051157635,0.15084647,0.037711617
56145,0.05862355,0.026861956,0.09038514,0.04180536,0.039949417,0.104103744,0.026025936
56148,0.030824201,0.029385472,0.032262933,0.0032159528,0.3858298,0.34860042,0.087150104
56151,0.10580489,0.026339876,0.1852699,0.09104856,0.6658805,0.57292354,0.14323089
56153,0.102502465,0.024837578,0.18016736,0.08923167,0.5918507,0.4890426,0.12226065
56156,0.09516349,0.018421529,0.17190544,0.09707788,0.68538094,0.8818955,0.22047387
56159,0.051277295,0.01692648,0.085628115,0.09468336,0.0690155,0.05617169,0.014042922
56162,0.024152622,0.015655555,0.032649692,0.012960191,0.22586477,0.15498191,0.038745478
56165,0.033651944,0.018406676,0.048897207,0.046343923,0.8220946,0.88439995,0.22109999
56168,0.01814757,0.019437766,0.016857373,0.0011791636,0.36648116,0.34090558,0.085226394
56171,0.046275806,0.015679823,0.07687178,0.06279341,0.029897055,0.11532593,0.028831482
56173,0.06995677,0.021378258,0.11853528,0.0893934,0.10317103,0.1875968,0.0468992
56176,0.017398803,0.018293032,0.01650457,0.0043248725,0.34599242,0.301549,0.07538725
56179,0.040266816,0.022128126,0.058405507,0.043424945,0.01849556,0.070164345,0.017541086
56182,0.053240377,0.022183115,0.084297635,0.063789874,0.038505238,0.14340322,0.035850804
56185,0.078388296,0.026702704,0.13007389,0.09070426,0.8319518,1.031288,0.257822
56188,0.071898915,0.033355035,0.110442795,0.09313784,0.76832134,0.9221926,0.23054814
56191,0.039427333,0.034666207,0.04418846,0.004298094,0.25576743,0.24102373,0.060255934
56193,0.10845848,0.03777006,0.1791469,0.13546832,1.2697471,1.6261168,0.4065292
56196,0.08630427,0.05220598,0.12040257,0.054321695,0.041279476,0.105593346,0.026398337
56199,0.10575983,0.057518568,0.1540011,0.083032526,0.61696833,0.75444835,0.18861209
56202,0.098466314,0.083521426,0.11341121,0.04444908,1.0170683,1.066154,0.2665385
56205,0.104983486,0.08601897,0.123948015,0.02998366,0.023633957,0.04494877,0.011237193
56208,0.09089754,0.079007946,0.10278713,0.11114422,0.119400024,0.1677534,0.04193835
56211,0.11916095,0.0852843,0.1530376,0.1039991,1.3343703,1.6515263,0.41288158
56213,0.15454082,0.0890092,0.22007243,0.06399796,0.04289754,0.077263564,0.019315891
56216,0.11468518,0.103229016,0.12614135,0.003000952,0.5580571,0.5899571,0.14748928
56219,0.08933062,0.10791659,0.070744656,0.013785832,0.3704764,0.32712087,0.08178022
56222,0.12605171,0.10766589,0.14443752,0.08726791,1.0254805,1.2453247,0.31133118
56225,0.13936596,0.109220326,0.1695116,0.02418836,0.35345587,0.4221015,0.105525374
56228,0.13427013,0.1152916,0.15324867,0.0067549944,0.32210732,0.342636,0.085659
56231,0.14225258,0.12770161,0.15680356,0.10988221,0.89437675,0.84670705,0.21167676
56233,0.13911997,0.12515481,0.15308513,0.026712457,0.016536077,0.04887716,0.01221929
56236,0.18590765,0.12601143,0.24580388,0.055965185,0.015126546,0.09276196,0.02319049
56239,0.15268417,0.13657682,0.16879153,0.0030740695,0.3134346,0.34190914,0.085477285
56242,0.2599127,0.13766463,0.38216075,0.13808608,0.9107781,0.80939245,0.20234811
56245,0.13867502,0.12517263,0.15217741,0.0027753552,0.27096114,0.2883818,0.07209545
56248,0.20918226,0.12306619,0.29529834,0.11068517,0.957819,1.1697378,0.29243445
56251,0.14037795,0.124064215,0.15669169,0.0914089,1.1564881,1.3976465,0.34941164
56253,0.1117842,0.088823915,0.13474448,0.114478804,1.1945509,1.5015377,0.37538442
56256,0.04651,0.054896597,0.03812341,0.06597986,0.04803594,0.034746695,0.008686674
56259,0.037049133,0.04109685,0.033001415,0.0009065207,0.20232327,0.18396254,0.045990635
56262,0.06795928,0.057397347,0.078521214,0.04299539,0.02953116,0.0922528,0.0230632
56265,0.11689365,0.09593638,0.13785093,0.021002105,0.3797474,0.43382815,0.10845704
56268,0.09651023,0.088201635,0.10481882,0.04423499,0.020210424,0.057133604,0.014283401
56271,0.13327299,0.08211398,0.18443199,0.072594605,0.12809753,0.2590872,0.0647718
56273,0.1249485,0.08872262,0.16117439,0.08683106,1.2665523,1.4792684,0.3698171
56276,0.09286455,0.087103926,0.09862519,0.0019178739,0.34662628,0.35160866,0.087902166
56279,0.072848596,0.085047685,0.060649503,0.007337693,0.47027907,0.42780685,0.10695171
56282,0.10121719,0.08054287,0.1218915,0.025700241,0.021979332,0.040040173,0.010010043
56285,0.075231,0.06677555,0.08368645,0.0023554317,0.15096056,0.12716891,0.031792227
56288,0.05784829,0.07007671,0.045619864,0.013257439,0.3131648,0.34762836,0.08690709
56291,0.045299586,0.047162086,0.043437082,0.0007486646,0.33265433,0.3145881,0.078647025
56293,0.054819107,0.04181558,0.067822635,0.025745684,0.4975871,0.5256021,0.13140053
56296,0.047167093,0.045366168,0.048968017,0.0017056003,0.4662024,0.45795193,0.11448798
56299,0.06562247,0.05002551,0.081219435,0.007674564,0.3210589,0.34887913,0.08721978
56302,0.09716469,0.057450544,0.13687885,0.15711449,1.2626637,1.6841718,0.42104295
56305,0.06327329,0.05279534,0.07375123,0.0027286976,0.16847546,0.18156789,0.045391973
56308,0.07912533,0.049837727,0.10841293,0.029842699,0.41096047,0.37427577,0.09356894
56311,0.169549,0.06054169,0.27855632,0.13953555,1.0321635,0.9659659,0.24149148
56313,0.06889219,0.065274574,0.07250981,0.04894908,0.042339962,0.06580871,0.016452178
56316,0.06967733,0.06594074,0.073413916,0.0009951147,0.22067277,0.21135855,0.052839637
56319,0.079461284,0.05003841,0.10888416,0.050274324,0.03448105,0.08331651,0.020829128
56322,0.0313299,0.048126627,0.01453317,0.013430546,0.5342302,0.62395525,0.15598881
56325,0.08045464,0.051051807,0.10985748,0.11266097,0.072638035,0.2511697,0.06279243
56328,0.044165183,0.044087786,0.04424258,0.035051998,0.026408514,0.03383938,0.008459845
56331,0.06982557,0.029926687,0.109724455,0.14700152,1.0864595,1.0066768,0.2516692
56333,0.014293098,0.02463148,0.003954716,0.020207984,0.33916768,0.39542925,0.09885731
56336,0.032723352,0.018745465,0.04670124,0.03853272,0.75842524,0.82116824,0.20529206
56339,0.030195056,0.018148953,0.042241156,0.035475165,0.032039165,0.08953225,0.022383062
56342,0.017769106,0.016364077,0.019174134,0.00054416334,0.30762354,0.29876375,0.07469094
56345,0.013853438,0.013182786,0.01452409,0.0031652155,0.5164877,0.4840591,0.121014774
56348,0.049431983,0.010298135,0.088565834,0.052233428,0.6068119,0.5665355,0.14163387
56351,0.009800413,0.007881858,0.011718967,0.003927971,0.5387127,0.5043795,0.12609488
56353,0.048380505,0.007550221,0.089210786,0.08725614,0.07376671,0.18079191,0.04519798
56356,0.013486735,0.0064425115,0.020530956,0.017925045,0.5126911,0.41060698,0.102651745
56359,0.07971563,0.0038309435,0.15560032,0.18770827,1.4127401,1.2814646,0.32036614
56362,0.0043386905,0.0037753608,0.0049020206,0.006337667,0.16738872,0.12231066,0.030577665
56365,0.023358976,0.0034314673,0.043286484,0.054237872,0.4731687,0.5555182,0.13887955
56368,0.020584976,0.0034965582,0.037673395,0.04720582,0.02792867,0.11008048,0.02752012
56371,0.036237705,0.00453597,0.067939445,0.065426126,0.88571787,0.88645744,0.22161436
56373,0.07427465,0.004964277,0.14358503,0.13410357,1.0820788,1.3961064,0.3490266
56376,0.030478626,0.0075686374,0.053388614,0.047486644,0.02946218,0.06920093,0.017300233
56379,0.011731277,0.011888237,0.011574318,0.0048335674,0.33533224,0.35739776,0.08934944
56382,0.040237386,0.01623059,0.06424419,0.06981882,0.10873095,0.21681952,0.05420488
56385,0.050471857,0.019853039,0.08109068,0.073695235,0.4776678,0.38612363,0.09653091
56388,0.022864519,0.023901999,0.021827037,0.002989018,0.21994655,0.22784935,0.056962337
56391,0.0708449,0.03191939,0.10977042,0.080472134,0.096676506,0.2098331,0.052458275
56393,0.083241776,0.03655943,0.12992412,0.06622698,0.044653893,0.118311144,0.029577786
56396,0.08664506,0.049215034,0.124075085,0.07035271,0.6055253,0.53163,0.1329075
56399,0.09640839,0.06918362,0.123633154,0.05558337,0.5805772,0.71160966,0.17790242
56402,0.11496321,0.08855429,0.14137214,0.016639242,0.4548618,0.3723019,0.09307548
56405,0.116237424,0.09170026,0.1407746,0.05860931,0.53579587,0.5512697,0.13781743
56408,0.18527888,0.11031554,0.2602422,0.108461,0.6209533,0.5265675,0.13164188
56411,0.110643744,0.10291477,0.11837271,0.039965875,0.04151392,0.122053035,0.030513259
56413,0.13890757,0.11073058,0.16708457,0.03642386,0.01485316,0.07316906,0.018292265
56416,0.13922918,0.10910753,0.16935082,0.06757692,1.1124234,1.2914735,0.32286838
56419,0.18681902,0.13366057,0.23997748,0.064335175,0.04687516,0.12062188,0.03015547
56422,0.16987906,0.1184555,0.22130263,0.053211346,0.029380163,0.120462395,0.030115599
56425,0.20279002,0.12273658,0.28284347,0.1954108,1.4115939,1.8577083,0.46442708
56428,0.099278055,0.12317902,0.075377084,0.011593834,0.32004228,0.2757105,0.06892762
56431,0.1747251,0.12819006,0.22126013,0.0682833,1.2095045,1.4061896,0.3515474
56433,0.14936782,0.13710697,0.16162866,0.003138101,0.1592191,0.16371478,0.040928695
56436,0.14186154,0.1337527,0.14997037,0.058678526,0.88513535,1.0400757,0.26001891
56439,0.094885014,0.12857482,0.061195195,0.074814856,0.0671641,0.050030623,0.012507656
56442,0.12125627,0.13741052,0.10510201,0.003367909,0.4823996,0.4487249,0.112181224
56445,0.1313891,0.14933024,0.11344796,0.007124286,0.3704389,0.34408787,0.08602197
56448,0.22693646,0.16936104,0.2845119,0.0599341,0.05715434,0.1560241,0.039006025
56451,0.17926146,0.17727213,0.18125081,0.027086938,0.3562533,0.3735979,0.09339947
56453,0.2013409,0.17599595,0.22668584,0.043841366,0.024869284,0.07594808,0.01898702
56456,0.16744749,0.17878975,0.15610524,0.0013490667,0.16207404,0.18645406,0.046613514
56459,0.16302098,0.17124991,0.15479207,0.0016571404,0.5243709,0.5413,0.135325
56462,0.23045611,0.17938201,0.28153023,0.087873705,0.09904417,0.22595501,0.056488752
56465,0.119110085,0.12882175,0.10939842,0.004898809,0.15423329,0.13564329,0.033910822
56468,0.14373638,0.13047916,0.15699361,0.0067347703,0.16499998,0.121874064,0.030468516
56470,0.19069958,0.090484165,0.29091498,0.11365817,0.862982,0.7764414,0.19411035
56473,0.06029898,0.0576172,0.06298076,0.0037995197,0.25888968,0.22288938,0.055722345
56476,0.07025751,0.043329585,0.09718543,0.03461996,0.0052394867,0.046360597,0.011590149
56479,0.08514882,0.049690414,0.12060723,0.05816951,0.0410196,0.11695963,0.029239908
56482,0.12954162,0.058229733,0.20085351,0.1140292,1.5325813,1.7843672,0.4460918
56485,0.066606104,0.036428865,0.09678334,0.061846912,0.5647132,0.579459,0.14486475
56488,0.10124895,0.033927184,0.16857071,0.14984928,0.96427137,1.2564415,0.31411037
56490,0.01883375,0.026269972,0.011397529,0.008687252,0.1997884,0.16234785,0.040586963
56493,0.021969104,0.031355012,0.012583196,0.012423539,0.23474312,0.19044621,0.047611553
56496,0.10265228,0.049052298,0.15625226,0.05211417,0.037700653,0.043213144,0.010803286
56499,0.049643334,0.04716474,0.052121926,0.0012598111,0.36721483,0.3640491,0.09101228
56502,0.04530816,0.05382354,0.036792785,0.006217046,0.1693948,0.1904031,0.047600776
56505,0.073678784,0.06908537,0.07827219,0.0005646417,0.25168672,0.26615188,0.06653797
56508,0.073533505,0.05850123,0.088565774,0.05203255,0.48405626,0.57312465,0.14328116
56510,0.094541036,0.05632852,0.13275355,0.10668695,0.64243096,0.8120759,0.20301898
56513,0.059962895,0.06558919,0.054336596,0.0035205476,0.18067233,0.16769727,0.041924316
56516,0.12408179,0.08023229,0.16793127,0.07033797,1.1368595,1.259538,0.3148845
56519,0.06331413,0.076667435,0.049960833,0.004278179,0.43313184,0.49670902,0.124177255
56522,0.12310255,0.08602192,0.16018319,0.046639282,0.4794146,0.53590035,0.13397509
56525,0.1140663,0.07852962,0.149603,0.037306864,0.0057169595,0.050704986,0.012676246
56528,0.11012658,0.079612575,0.14064057,0.047338665,0.021542868,0.07958749,0.019896872
56530,0.12793668,0.09471756,0.16115578,0.033340283,0.019111633,0.07898508,0.01974627
56533,0.09286348,0.091715276,0.09401169,0.000762715,0.3410778,0.35149935,0.08787484
56536,0.0817181,0.08988585,0.07355035,0.0016677451,0.41058692,0.439955,0.10998875
56539,0.07439279,0.039951723,0.10883385,0.023025706,0.46257195,0.35001495,0.08750374
56542,0.024435734,0.03268965,0.016181814,0.014790642,0.35393715,0.29091594,0.072728984
56545,0.08934498,0.049207598,0.12948236,0.046051357,0.033746403,0.06336527,0.015841318
56548,0.1279056,0.059770226,0.19604099,0.08966237,0.05315272,0.17542548,0.04385637
56550,0.10749582,0.07402849,0.14096315,0.059474934,0.029062906,0.07933924,0.01983481
56553,0.12841089,0.10235997,0.15446182,0.04302891,0.8275706,0.90304947,0.22576237
56556,0.09201417,0.0942596,0.08976874,0.0019527687,0.385412,0.37721157,0.09430289
56559,0.075508915,0.09209993,0.05891791,0.0061261863,0.42957392,0.5005289,0.12513222
56562,0.21583182,0.09500993,0.3366537,0.15940852,1.0506419,0.9603725,0.24009313
56565,0.11867452,0.090623975,0.14672506,0.07992085,1.2083441,1.24125,0.3103125
56568,0.08685259,0.072878905,0.10082626,0.049211312,0.04496638,0.09607781,0.024019452
56570,0.07233027,0.06749418,0.07716638,0.000642286,0.15449269,0.16479228,0.04119807
56573,0.09349225,0.076276734,0.11070777,0.032758582,0.33671442,0.37043414,0.092608534
56576,0.18863924,0.09758905,0.27968943,0.117860235,1.1149611,1.088223,0.27205575
56579,0.0985457,0.12585199,0.071239404,0.0230583,0.45618916,0.53607327,0.13401832
56582,0.12918693,0.10176318,0.15661067,0.116132796,0.92485714,1.1751024,0.2937756
56585,0.11581565,0.08745113,0.14418016,0.038316246,0.037317276,0.105947696,0.026486924
56588,0.0931901,0.095901094,0.0904791,0.0015883219,0.38609567,0.3828806,0.09572015
56590,0.13375336,0.105766475,0.16174024,0.043864876,0.046365738,0.11094209,0.027735522
56593,0.18005091,0.099961735,0.2601401,0.105053924,1.0130776,0.99010104,0.24752526
56596,0.09873154,0.10620595,0.09125712,0.0040922244,0.17739896,0.18639164,0.04659791
56599,0.14298971,0.10588374,0.18009567,0.13035293,0.8863624,1.1226168,0.2806542
56602,0.16157174,0.12093169,0.2022118,0.019632801,0.36464742,0.2753809,0.06884523
56605,0.14345111,0.110632814,0.17626941,0.049037248,0.01930046,0.08134,0.020335
56608,0.14961797,0.11315611,0.18607982,0.039785042,0.4071299,0.504524,0.126131
56610,0.11335076,0.1011918,0.12550972,0.032738086,0.52532005,0.5401637,0.13504092
56613,0.13764392,0.09289446,0.18239339,0.02488216,0.47109422,0.34469786,0.086174466
56616,0.13039456,0.08021368,0.18057545,0.14025117,1.2808746,1.6331621,0.40829054
56619,0.0710191,0.09685341,0.04518478,0.026096324,0.37642416,0.29931936,0.07482984
56622,0.13547386,0.10803292,0.1629148,0.106799215,0.83350104,1.0618011,0.26545027
56625,0.1030008,0.07519552,0.13080609,0.04953566,0.033638638,0.09647632,0.02411908
56628,0.102178395,0.096131206,0.10822558,0.06542922,0.06614113,0.11769453,0.029423632
56630,0.14446221,0.09206567,0.19685875,0.07312455,0.80080986,0.76658344,0.19164586
56633,0.10604707,0.11761456,0.0944796,0.004885303,0.1700058,0.17159085,0.042897712
56636,0.14096372,0.111372866,0.17055456,0.028306901,0.41146278,0.4875835,0.12189587
56639,0.112826146,0.09448927,0.13116302,0.0047239168,0.40728125,0.4367039,0.10917597
56642,0.08125873,0.08874012,0.07377734,0.0038823423,0.31742084,0.306201,0.07655025
56645,0.11794711,0.09059048,0.14530374,0.05406639,0.04005559,0.09568793,0.023921983
56648,0.15107298,0.08029217,0.22185378,0.09039563,1.0726022,1.083412,0.270853
56650,0.061512988,0.08252124,0.04050473,0.012925144,0.26408908,0.29294264,0.07323566
56653,0.09084499,0.07103546,0.110654525,0.08177378,0.051173687,0.17546517,0.04386629
56656,0.0730505,0.06985559,0.076245405,0.04716222,0.48082733,0.49834275,0.12458569
56659,0.09083533,0.06910852,0.11256213,0.05160275,0.028896809,0.09608966,0.024022415
56662,0.10804162,0.07322938,0.14285387,0.08329757,1.283572,1.493638,0.3734095
56665,0.092211656,0.061230585,0.12319273,0.07718422,0.026885351,0.10723442,0.026808605
56668,0.04673564,0.046928924,0.046542358,0.0011649205,0.13088863,0.13629574,0.034073934
56670,0.0851776,0.04846178,0.12189343,0.05146454,0.06686147,0.15693538,0.039233845
56673,0.05852868,0.028771862,0.088285506,0.09586251,0.054195244,0.1935295,0.048382375
56676,0.10003749,0.019037232,0.18103777,0.20950754,1.1090802,1.4873437,0.37183592
56679,0.031892743,0.018712556,0.04507293,0.061762083,0.047213238,0.048927713,0.012231928
56682,0.0182324,0.013141781,0.02332302,0.0067338827,0.38723028,0.32602558,0.081506394
56685,0.015974445,0.01730802,0.014640872,0.02192799,0.3687439,0.29331428,0.07332857
56688,0.056529123,0.010841049,0.1022172,0.10957418,0.06452322,0.26072094,0.065180235
56690,0.033012513,0.012080976,0.05394405,0.03912743,0.34872308,0.37648717,0.09412179
56693,0.025339046,0.014520843,0.03615725,0.023204861,0.0048535666,0.027399039,0.0068497597
56696,0.14326596,0.025288582,0.26124334,0.31345388,1.4533037,2.0260327,0.5065082
56699,0.038159493,0.023779774,0.05253921,0.024188837,0.3780079,0.41872618,0.104681544
56702,0.04782108,0.01811114,0.07753102,0.07337197,1.1628884,1.2682457,0.31706142
56705,0.03173552,0.016177243,0.0472938,0.02998436,0.5251927,0.50316805,0.12579201
56708,0.089583814,0.013373959,0.16579367,0.12701385,0.8042918,0.6792588,0.1698147
56710,0.042387605,0.011496293,0.07327891,0.038149502,0.01028951,0.055214737,0.013803684
56713,0.013564597,0.012542444,0.0145867495,0.025407592,0.5441604,0.6270396,0.1567599
56716,0.023675114,0.015566729,0.0317835,0.010158722,0.24612318,0.17816736,0.04454184
56719,0.077820964,0.01479346,0.14084847,0.15635866,0.96873504,1.2461128,0.3115282
56722,0.020927338,0.01671752,0.025137156,0.0293369,0.5009707,0.54371196,0.13592799
56725,0.055190742,0.01704209,0.09333939,0.052173972,0.038989704,0.048335854,0.0120839635
56728,0.019878892,0.015179132,0.024578653,0.034027472,0.45671844,0.35238948,0.08809737
56730,0.013457659,0.014626443,0.012288873,0.0060486873,0.20021184,0.18525362,0.046313405
56733,0.023997357,0.016467601,0.031527113,0.010720275,0.24758919,0.18750894,0.046877235
56736,0.043982048,0.016893174,0.07107092,0.11167306,0.8105602,0.75727946,0.18931986
56739,0.044256896,0.015817214,0.072696574,0.038161736,0.030450186,0.07394385,0.018485963
56742,0.027502393,0.015465804,0.03953898,0.008410279,0.18712552,0.22099788,0.05524947
56745,0.04164386,0.009168875,0.07411885,0.0889438,0.84269017,0.82119733,0.20529933
56748,0.006031431,0.003758095,0.008304766,0.0092883045,0.22646482,0.16508739,0.041271847
56750,0.0043810885,0.0026806078,0.0060815695,0.0019400603,0.42718378,0.39167896,0.09791974
56753,0.06811886,0.0037046268,0.13253309,0.1141583,0.102474846,0.11649706,0.029124266
56756,0.02243868,0.0028369117,0.04204045,0.034545396,0.024950663,0.03193535,0.007983837
56759,0.022525022,0.0028579365,0.042192105,0.042743415,0.02976036,0.057090104,0.014272526
56762,0.028828986,0.0033368403,0.05432113,0.05688211,0.05542946,0.106241606,0.026560402
56765,0.03377882,0.005109311,0.062448334,0.058238227,1.0329667,1.0942874,0.27357185
56768,0.009399742,0.006117409,0.012682076,0.002780625,0.21757258,0.18649937,0.046624843
56770,0.0057790764,0.0050362847,0.006521869,0.0075247693,0.25214067,0.2718866,0.06797165
56773,0.039582413,0.005461484,0.07370334,0.08754768,0.1654396,0.30709878,0.076774694
56776,0.031144833,0.007022222,0.055267442,0.04128519,0.04096492,0.10532256,0.02633064
56779,0.03979891,0.009900888,0.06969693,0.062035527,0.46039328,0.577077,0.14426924
56782,0.037958838,0.009948627,0.06596905,0.059043277,0.44356346,0.41587436,0.10396859
56785,0.04821146,0.0075890124,0.088833906,0.0740576,0.85609627,0.88741875,0.22185469
56788,0.041782606,0.007770356,0.07579486,0.061711688,0.4847355,0.48911074,0.122277685
56790,0.015155311,0.011294466,0.019016152,0.002963343,0.52653885,0.5460884,0.1365221
56793,0.019721588,0.01140575,0.028037423,0.022912152,0.01320076,0.038583677,0.009645919
56796,0.038538016,0.012466184,0.06460985,0.057743993,0.026845137,0.07217992,0.01804498
56799,0.02437565,0.018383136,0.030368164,0.002369629,0.35658678,0.38078344,0.09519586
56802,0.04222496,0.013029491,0.07142042,0.04930237,0.8480277,0.95931035,0.23982759
56805,0.03181244,0.012793685,0.050831195,0.031522725,0.609705,0.6852214,0.17130534
56808,0.012841883,0.017228637,0.00845513,0.0031489327,0.43740454,0.48208618,0.120521545
56810,0.04637295,0.016268289,0.07647761,0.08671752,1.1502475,1.3982984,0.3495746
56813,0.01079614,0.010481219,0.011111061,0.000719972,0.31789336,0.33317092,0.08329273
56816,0.046911802,0.01136883,0.08245477,0.07011335,0.05455335,0.102806695,0.025701674
56819,0.03011138,0.01027884,0.04994392,0.033218905,0.002336502,0.03663352,0.00915838
56822,0.034528337,0.008618391,0.060438287,0.045602232,0.02549235,0.06931368,0.01732842
56825,0.0111516155,0.0082751615,0.01402807,0.0018024324,0.26564282,0.2608186,0.06520465
56828,0.010281914,0.008931478,0.011632349,0.0006278137,0.4104837,0.41503954,0.103759885
56830,0.03200366,0.012956639,0.051050678,0.019977318,0.02008009,0.017952668,0.004488167
56833,0.02032697,0.009502207,0.031151732,0.022972131,0.0029128392,0.02569457,0.0064236424
56836,0.032347515,0.008357534,0.056337494,0.046308372,0.8639796,0.97472113,0.24368028
56839,0.007391391,0.008530741,0.006252041,0.0012014229,0.30879903,0.33501932,0.08375483
56842,0.011010525,0.010188277,0.011832773,0.0074709035,0.50102586,0.58137816,0.14534454
56845,0.021892158,0.02054719,0.023237124,0.0024318427,0.13733621,0.12527901,0.031319752
56848,0.020805202,0.023755467,0.01785494,0.0017299025,0.15578504,0.18349703,0.045874257
56850,0.064082526,0.028768906,0.09939615,0.06403793,0.8288619,1.008915,0.25222874
56853,0.048870046,0.028013235,0.069726855,0.040550526,0.032375813,0.049081128,0.012270282
56856,0.081188135,0.034296956,0.12807931,0.08236114,0.044076283,0.14824153,0.037060384
56859,0.03638496,0.036380496,0.03638943,0.0015214678,0.55694073,0.5748684,0.1437171
56862,0.06031534,0.042362466,0.07826822,0.037049923,0.033260345,0.097115226,0.024278807
56865,0.09464093,0.055683732,0.13359813,0.05967033,0.027322134,0.10689169,0.026722923
56868,0.07503298,0.069739126,0.08032683,0.0034289726,0.24282582,0.26911744,0.06727936
56870,0.0991162,0.08412262,0.11410978,0.04582577,0.059288662,0.117010765,0.029252691
56873,0.12633485,0.09569302,0.15697666,0.07704236,0.048304398,0.16279984,0.04069996
56876,0.12834787,0.11468187,0.14201386,0.003170262,0.4849833,0.5409361,0.13523403
56879,0.11504968,0.10749686,0.1226025,0.003247897,0.3154293,0.2951685,0.07379212
56882,0.17422998,0.11705635,0.23140363,0.08236599,0.06149308,0.18527515,0.046318788
56885,0.20738131,0.15986767,0.25489494,0.03979418,0.0374732,0.045257602,0.0113144005
56888,0.19299419,0.16501132,0.22097708,0.008564443,0.27641514,0.23757434,0.059393585
56890,0.20245706,0.1783591,0.22655499,0.023616424,0.018613815,0.06578695,0.016446738
56893,0.224904,0.18287265,0.26693535,0.114462644,0.82909936,0.7564227,0.18910567
56896,0.2857708,0.18387203,0.38766956,0.086660326,0.06266896,0.18579794,0.046449486
56899,0.19186296,0.18189318,0.20183273,0.0024754042,0.22947259,0.22608614,0.056521535
56902,0.27378312,0.18368573,0.3638805,0.08776837,0.45742714,0.3770958,0.09427395
56905,0.17457576,0.16448544,0.18466608,0.025497338,0.49286532,0.53617287,0.13404322
56908,0.19279443,0.20406945,0.18151939,0.0021205114,0.15936263,0.14808542,0.037021354
56910,0.19178897,0.21439934,0.1691786,0.0032451693,0.34854782,0.41189063,0.10297266
56913,0.3309585,0.23699184,0.42492512,0.08687046,0.04184707,0.15107591,0.03776898
56916,0.29718032,0.2467695,0.34759116,0.045638442,0.037796974,0.11076426,0.027691064
56919,0.23876677,0.2534013,0.22413222,0.11893263,0.8576308,1.1352214,0.28380534
56922,0.42135534,0.26976904,0.57294166,0.14623906,1.0696789,1.0320364,0.2580091
56925,0.26552877,0.23025711,0.30080038,0.0899457,0.066868626,0.17771195,0.044427987
56928,0.30301884,0.25637057,0.3496671,0.024027364,0.02661562,0.02858305,0.0071457624
56930,0.27275738,0.2675685,0.27794623,0.084344886,0.05407874,0.18860532,0.04715133
56933,0.19492157,0.18663462,0.2032085,0.045818806,0.7967644,0.8251079,0.20627697
56936,0.10980708,0.12361298,0.096001185,0.0068341396,0.15015411,0.13350083,0.033375207
56939,0.10587332,0.082850724,0.12889591,0.09656041,1.0028604,0.99590826,0.24897707
56942,0.0628802,0.07281163,0.052948773,0.0041083773,0.47047362,0.44491234,0.111228086
56945,0.07192124,0.066154726,0.077687755,0.03945381,0.45963347,0.533559,0.13338976
56948,0.06445006,0.06752804,0.061372083,0.0012751662,0.22988193,0.22813363,0.05703341
56950,0.0944671,0.068751626,0.120182596,0.12749934,0.87659836,0.7964217,0.19910543
56953,0.095361136,0.066235445,0.12448681,0.08334089,0.93529063,0.99320656,0.24830164
56956,0.09471627,0.05440721,0.13502534,0.059199303,1.0839907,1.2501594,0.31253985
56959,0.06340091,0.05045853,0.07634329,0.034887534,0.64394695,0.67142344,0.16785586
56962,0.07305567,0.044445246,0.10166609,0.071615346,0.72928876,0.75992274,0.18998069
56965,0.03445043,0.042807627,0.026093235,0.004567387,0.26743636,0.29047713,0.07261928
56968,0.056083784,0.05035268,0.061814886,0.02910144,0.024347305,0.0517887,0.012947175
56970,0.057049233,0.040933933,0.07316453,0.020196013,0.019004822,0.029137453,0.0072843633
56973,0.033726383,0.03788646,0.029566308,0.0009874211,0.4306507,0.410239,0.10255975
56976,0.046793144,0.03674978,0.0568365,0.0048635677,0.4205698,0.39134827,0.09783707
56979,0.047250938,0.03602696,0.05847491,0.03355294,0.3451964,0.36562705,0.09140676
56982,0.077063,0.03651452,0.11761149,0.060137536,0.053922653,0.15369926,0.038424816
56985,0.024454674,0.03441657,0.014492776,0.00746521,0.2951311,0.33641824,0.08410456
56988,0.06359763,0.03463517,0.09256009,0.05712827,0.92681295,1.0096196,0.2524049
56990,0.051166173,0.0342158,0.06811654,0.07013214,0.7520642,0.9099881,0.22749703
56993,0.080127455,0.04034304,0.11991187,0.065491945,0.045263927,0.12739359,0.031848397
56996,0.05039711,0.036363076,0.06443114,0.10957845,0.10118294,0.06742314,0.016855786
56999,0.031966314,0.021286972,0.04264565,0.03014858,0.020295462,0.048691984,0.012172996
57002,0.052963436,0.014887313,0.09103956,0.06370503,0.60732716,0.71090794,0.17772698
57005,0.05479147,0.012914878,0.096668065,0.1270044,1.1973397,1.5515556,0.3878889
57008,0.06577372,0.014582428,0.116965,0.0725179,0.7019723,0.8915151,0.22287877
57010,0.081952825,0.016551824,0.14735383,0.09957141,0.9569247,0.9378874,0.23447184
57013,0.05104823,0.017062806,0.085033655,0.07808507,0.05768013,0.16349326,0.040873315
57016,0.07629046,0.0175326,0.13504831,0.09602029,0.057412148,0.107750095,0.026937524
57019,0.03847373,0.01690083,0.06004663,0.03997739,0.7667491,0.84147614,0.21036904
57022,0.024785047,0.013752393,0.0358177,0.027283795,0.4363098,0.4500158,0.11250395
57025,0.00996093,0.0114208525,0.008501007,0.00179188,0.36628583,0.36094067,0.090235166
57028,0.03412085,0.017257953,0.050983746,0.069784135,0.53933626,0.65893334,0.16473334
57030,0.029563854,0.015642889,0.04348482,0.010207559,0.41930708,0.47978076,0.11994519
57033,0.049285073,0.015040596,0.083529554,0.10322466,0.597595,0.7601242,0.19003105
57036,0.014967994,0.015199639,0.01473635,0.00036604013,0.26682028,0.26026782,0.065066956
57039,0.015009145,0.014493796,0.015524493,0.010893828,0.19519766,0.21695073,0.054237682
57042,0.041601036,0.014743327,0.06845874,0.061431095,0.030998865,0.09727643,0.024319107
57045,0.05984737,0.013608768,0.10608598,0.07488986,0.05069081,0.13406639,0.033516597
57048,0.025042959,0.017544178,0.03254174,0.008217855,0.4560744,0.51708394,0.12927099
57050,0.040586203,0.024956293,0.056216117,0.060088784,0.02299881,0.07914634,0.019786585
57053,0.034898918,0.03193711,0.03786073,0.0018259129,0.21735,0.19849671,0.04962418
57056,0.054464474,0.02629842,0.08263052,0.06980433,1.0772291,1.1667037,0.29167593
57059,0.10299268,0.039569296,0.16641606,0.10316054,0.5746436,0.7262412,0.1815603
57062,0.054071467,0.04079045,0.06735249,0.06774275,0.07768059,0.14440458,0.036101144
57065,0.060076416,0.046177763,0.073975064,0.007053887,0.51794267,0.45661423,0.11415356
57068,0.07786209,0.056706697,0.09901748,0.03847762,0.3094279,0.32613906,0.081534766
57070,0.08043902,0.077767305,0.083110735,0.00337509,0.34041822,0.32977763,0.08244441
57073,0.12790772,0.090737045,0.1650784,0.05382234,0.044852734,0.108661115,0.027165279
57076,0.124293804,0.10336054,0.14522707,0.046947557,0.028632483,0.07607025,0.019017562
57079,0.16719078,0.11350408,0.22087747,0.10924468,1.1327299,1.272528,0.318132
57082,0.12341718,0.12367121,0.123163134,0.047367636,0.024339676,0.065915674,0.016478918
57085,0.14386874,0.1256355,0.16210198,0.047118556,0.86919045,0.9660964,0.2415241
57088,0.18504567,0.12313479,0.24695659,0.18919295,1.2653135,1.6771231,0.41928077
57090,0.17925835,0.11441507,0.2441016,0.06570008,0.025522232,0.119109005,0.029777251
57093,0.09139248,0.114554904,0.068230055,0.021163369,0.47227773,0.56642014,0.14160503
57096,0.13093695,0.12746161,0.13441229,0.05643375,0.052543003,0.096447855,0.024111964
57099,0.20304972,0.1297672,0.27633226,0.068046756,0.026370367,0.119338594,0.029834649
57102,0.15050985,0.12927584,0.17174387,0.0043054107,0.34849295,0.39627042,0.099067606
57105,0.10920874,0.12338392,0.09503356,0.0030941938,0.351203,0.40134034,0.100335084
57108,0.119080134,0.12875639,0.109403886,0.0024869072,0.16438167,0.15375794,0.038439486
57110,0.14271216,0.13681094,0.14861335,0.038407374,0.018135706,0.0424313,0.010607825
57113,0.20935309,0.13687904,0.28182712,0.07060703,0.04016177,0.14167881,0.035419703
57116,0.14244457,0.14009361,0.14479554,0.07237047,1.0618323,1.2670407,0.31676018
57119,0.12913305,0.13568215,0.12258395,0.0029438864,0.20721684,0.20172743,0.05043186
57122,0.16808091,0.1293298,0.206832,0.030863488,0.45341966,0.424011,0.10600275
57125,0.11657084,0.11404642,0.119095266,0.046339218,0.53277844,0.54950815,0.13737704
57128,0.17301075,0.12531191,0.2207096,0.051449496,0.9153614,1.0113856,0.2528464
57130,0.13943857,0.121928655,0.15694849,0.03640902,0.031861305,0.078402616,0.019600654
57133,0.21841742,0.15768565,0.2791492,0.045662418,0.029684067,0.05187027,0.012967568
57136,0.14483573,0.14972049,0.13995096,0.0010460257,0.42184082,0.43223676,0.10805919
57139,0.16123237,0.1296211,0.19284362,0.067940995,0.10482279,0.20221932,0.05055483
57142,0.13729392,0.11200192,0.16258593,0.06501547,0.050229073,0.14738843,0.036847107
57145,0.1114673,0.09387851,0.1290561,0.059205484,0.5553055,0.5356025,0.13390063
57148,0.07425883,0.059039116,0.089478545,0.039869018,0.031003952,0.09544453,0.023861133
57150,0.06775138,0.056366432,0.07913632,0.03558308,0.029587427,0.09565917,0.023914792
57153,0.05708,0.052583683,0.061576318,0.001460528,0.48707008,0.5037877,0.12594692
57156,0.05371055,0.04116556,0.06625554,0.0062423497,0.17311497,0.127621,0.03190525
57159,0.10589548,0.046835843,0.16495511,0.0781697,0.57673526,0.49457255,0.12364314
57162,0.14209743,0.04537043,0.23882443,0.23184264,1.3095045,1.809369,0.45234224
57165,0.047720704,0.05459581,0.040845606,0.0015693408,0.19320361,0.17643549,0.04410887
57168,0.08825803,0.046480548,0.1300355,0.07657576,1.3203812,1.391902,0.3479755
57170,0.063110895,0.05132547,0.07489633,0.003369772,0.15858777,0.16599327,0.04149832
57173,0.07857524,0.05796044,0.099190034,0.07990252,0.096347176,0.14420187,0.03605047
57176,0.173593,0.083201066,0.26398495,0.10896506,1.0549599,1.0545774,0.26364434
57179,0.106884085,0.0904422,0.12332595,0.09339991,1.3128264,1.5951023,0.39877558
57182,0.07770044,0.08932457,0.066076316,0.0040396047,0.48687413,0.50293857,0.12573464
57185,0.086526185,0.09171317,0.081339195,0.0008331449,0.44999948,0.43611565,0.10902891
57188,0.09526298,0.08162206,0.10890391,0.0064422027,0.17884469,0.1395437,0.034885924
57190,0.05426963,0.067877434,0.040661834,0.008423174,0.22867835,0.26643786,0.066609465
57193,0.047076214,0.05537306,0.038779363,0.0031416,0.34554577,0.38422775,0.09605694
57196,0.06506265,0.051324118,0.07880118,0.03427789,0.647192,0.6986218,0.17465545
57199,0.06643249,0.048208285,0.08465669,0.049934614,0.01386261,0.06961659,0.017404148
57202,0.074097246,0.052802425,0.09539207,0.07325625,0.056690216,0.066692114,0.016673028
57205,0.12556203,0.052654248,0.19846982,0.09656616,0.5484437,0.43667105,0.10916776
57208,0.06372552,0.04992503,0.077526025,0.036948714,0.025355658,0.077793606,0.019448401
57210,0.07883692,0.05759044,0.10008339,0.037465125,0.645366,0.7279156,0.1819789
57213,0.0899897,0.059784282,0.12019511,0.06415821,0.58154315,0.68560165,0.17140041
57216,0.08118699,0.059320938,0.10305303,0.012052879,0.2534078,0.18497114,0.046242785
57219,0.079693116,0.06379194,0.09559431,0.029717766,0.02290217,0.05771023,0.014427558
57222,0.115323275,0.06586498,0.16478157,0.11185511,1.5976995,1.8509096,0.4627274
57225,0.13177781,0.06854799,0.19500764,0.14288856,1.2103411,1.4919934,0.37299836
57228,0.09095627,0.06962157,0.11229098,0.06563955,1.4351698,1.533867,0.38346675
57230,0.07113865,0.07315091,0.06912639,0.004195716,0.28548655,0.29809177,0.07452294
57233,0.06502743,0.08518275,0.044872116,0.014604837,0.4914907,0.4193971,0.10484927
57236,0.1556025,0.117935754,0.19326925,0.07139733,0.9521923,1.1259226,0.28148064
57239,0.0855431,0.10486424,0.066221975,0.08267796,0.071222305,0.08544155,0.021360388
57242,0.11194694,0.07906873,0.14482515,0.05831127,1.0846685,1.2152134,0.30380335
57245,0.21476585,0.11908102,0.31045067,0.12373831,0.067298256,0.20986561,0.052466404
57248,0.14599444,0.13774323,0.15424563,0.061307266,0.063137054,0.12478449,0.031196123
57250,0.15081291,0.13164426,0.16998154,0.03869744,0.7313919,0.77160484,0.19290121
57253,0.25835168,0.1619065,0.3547969,0.10983201,1.0653883,1.0551671,0.26379177
57256,0.21172608,0.1801037,0.24334848,0.031157361,0.6076177,0.6118904,0.1529726
57259,0.17810184,0.1782677,0.17793597,0.059986,0.82721823,0.9764791,0.24411978
57262,0.17333989,0.20953076,0.13714904,0.016317198,0.39289746,0.4567279,0.11418197
57265,0.20944794,0.20033407,0.21856181,0.1473552,1.44955,1.354966,0.3387415
57268,0.20591773,0.1725889,0.23924656,0.06315455,0.08716583,0.17801736,0.04450434
57270,0.21473213,0.181867,0.24759726,0.0079771,0.44436073,0.5089772,0.1272443
57273,0.22603579,0.11242306,0.33964851,0.14672644,1.3816713,1.7251697,0.4312924
57276,0.07767143,0.072920494,0.08242236,0.005872058,0.21015835,0.17242284,0.04310571
57279,0.08353877,0.08650275,0.08057479,0.0007797834,0.45070076,0.4432553,0.11081383
57282,0.109790064,0.07533826,0.14424187,0.091473676,0.13936996,0.23393488,0.05848372
57285,0.11147674,0.06391684,0.15903665,0.14077999,1.1826216,1.108101,0.27702525
57288,0.107779466,0.0762966,0.13926232,0.09138193,1.258056,1.3010035,0.32525086
57290,0.09248996,0.08375237,0.10122753,0.034948874,0.67978984,0.70868474,0.17717119
57293,0.15073688,0.088454366,0.21301942,0.18204696,1.1832129,1.0768391,0.26920977
57296,0.080945194,0.07150463,0.09038576,0.004919074,0.53718716,0.48705363,0.12176341
57299,0.09520394,0.07014058,0.12026731,0.048752274,0.8008595,0.8185527,0.20463817
57302,0.096666604,0.07396986,0.119363345,0.03939499,0.027936935,0.08907414,0.022268536
57305,0.09977623,0.06031106,0.13924138,0.09410715,0.7042993,0.6913619,0.17284048
57308,0.037529144,0.046713818,0.028344473,0.0035276844,0.14595795,0.12897377,0.03224344
57310,0.05744703,0.048312575,0.06658149,0.0054898583,0.3354765,0.2826248,0.0706562
57313,0.06945044,0.055474237,0.08342663,0.023858575,0.46250722,0.44214964,0.11053741
57316,0.070117,0.060426425,0.079807565,0.047975402,0.02110672,0.06592045,0.016480112
57319,0.07935742,0.068139404,0.090575434,0.0035543442,0.3481133,0.31321144,0.07830286
57322,0.09371836,0.07894983,0.10848689,0.059780926,0.048234146,0.14441882,0.036104705
57325,0.09113713,0.08933789,0.09293636,0.09551207,0.98121196,0.92386657,0.23096664
57328,0.098181725,0.087391265,0.10897217,0.08755655,1.2693146,1.5116315,0.37790787
57330,0.12430211,0.074580796,0.1740234,0.05988283,0.039200623,0.081719644,0.020429911
57333,0.118841685,0.063418545,0.17426483,0.0647864,1.1029917,1.2858167,0.32145417
57336,0.07802241,0.07936142,0.07668341,0.00097648025,0.4897963,0.496089,0.12402225
57339,0.095650494,0.0641115,0.1271895,0.033170428,0.031115213,0.09449241,0.023623103
57342,0.1204652,0.058418203,0.18251221,0.09288808,1.4749788,1.6795458,0.41988644
57345,0.0682685,0.051368833,0.08516816,0.0145982085,0.45569658,0.3593928,0.0898482
57348,0.05222413,0.033975903,0.07047235,0.055363964,0.023344675,0.08836613,0.022091532
57350,0.0479088,0.03051053,0.06530708,0.05502741,0.038934868,0.14615677,0.036539193
57353,0.030853359,0.017369429,0.044337288,0.041786015,0.019990286,0.065978244,0.016494561
57356,0.04384421,0.023905203,0.06378322,0.05886647,0.037693024,0.15491095,0.038727738
57359,0.036787253,0.036564667,0.037009843,0.028111428,0.018218359,0.026388697,0.0065971743
57362,0.07217105,0.06049502,0.083847076,0.037061628,0.020005545,0.06665335,0.016663337
57365,0.066390924,0.069280244,0.063501604,0.006864034,0.53875846,0.56960994,0.14240249
57368,0.12334675,0.08882564,0.15786786,0.0666678,0.7295275,0.86179924,0.21544981
57370,0.11481902,0.11561962,0.11401842,0.024400182,0.011062622,0.035787754,0.008946938
57373,0.15212652,0.120917775,0.18333526,0.08379177,0.7441203,0.73732567,0.18433142
57376,0.14139989,0.13476509,0.14803469,0.0046984167,0.21312077,0.2211868,0.0552967
57379,0.17644382,0.14196664,0.21092097,0.060653392,0.99281377,1.1597675,0.28994188
57382,0.16577943,0.15426034,0.1772985,0.0058694016,0.494922,0.52618027,0.13154507
57385,0.18265383,0.16523933,0.20006831,0.08433571,0.038705826,0.16013439,0.040033597
57388,0.27086988,0.19987547,0.34186426,0.05852598,0.0421799,0.0778859,0.019471476
57390,0.27644113,0.20075019,0.35213208,0.1025722,0.91755325,0.85503167,0.21375792
57393,0.23473613,0.20892276,0.26054946,0.044578064,0.4644163,0.5305871,0.13264677
57396,0.27913412,0.2340049,0.3242633,0.10547236,0.5457127,0.69599277,0.17399819
57399,0.27094615,0.23677762,0.30511466,0.12993735,1.0340233,0.9691858,0.24229646
57402,0.2524915,0.23719163,0.2677914,0.04386468,0.74315816,0.8213835,0.20534587
57405,0.25952592,0.24118571,0.27786615,0.020313816,0.4193472,0.42495903,0.10623976
57408,0.22300188,0.2510113,0.19499244,0.006518258,0.26433054,0.22931683,0.057329208
