base_start,pair_mse,none_mse,event_mse,separation_mse,predicted_separation_energy,true_separation_energy,ambiguity_floor
42061,0.5816075,0.0010534017,1.1621617,1.1883227,0.0,1.1883227,0.29708067
42063,0.23842116,0.0008462142,0.4759961,0.48071012,0.0,0.48071012,0.12017753
42066,0.004110225,0.0008935325,0.0073269173,0.008244679,0.40339327,0.35352373,0.08838093
42068,0.04064951,0.001059714,0.0802393,0.0854068,0.0,0.0854068,0.0213517
42071,0.023863783,0.00090346456,0.0468241,0.043463487,0.44435087,0.3897539,0.09743848
42074,0.0406483,0.0008892801,0.08040732,0.07518152,0.96090174,1.1683743,0.29209358
42076,0.23262493,0.0020864776,0.46316338,0.45423254,0.0,0.45423254,0.113558136
42079,0.030875778,0.0010530641,0.06069849,0.05628707,0.04571548,0.06588754,0.016471885
42081,0.07076565,0.0026365295,0.13889478,0.14976744,0.0,0.14976744,0.03744186
42084,0.031241678,0.0011095927,0.06137376,0.066104606,1.0237583,1.2641,0.316025
42087,0.0113252355,0.0008866936,0.021763777,0.024631416,0.33691475,0.270824,0.067706
42089,0.09669643,0.0022462422,0.19114661,0.19809334,0.0,0.19809334,0.049523335
42092,0.025947837,0.00045725153,0.05143842,0.050786223,0.6837236,0.55999136,0.13999784
42094,0.047017813,0.00040665976,0.093628965,0.09708727,1.1395077,1.3679619,0.34199047
42097,0.06589436,0.0028380083,0.1289507,0.13975433,0.0,0.13975433,0.03493858
42100,0.0074085384,0.0007530235,0.014064052,0.010044466,0.34046626,0.27819547,0.06954887
42102,0.30395162,0.002913879,0.60498935,0.68420106,0.0,0.68420106,0.17105027
42105,0.374547,0.0025638985,0.7465301,0.67010707,0.0,0.67010707,0.16752677
42108,0.00910666,0.0017847079,0.016428612,0.010185884,0.18150906,0.20355952,0.05088988
42110,0.0037395174,0.0015230308,0.005956004,0.006485622,0.5112143,0.4961765,0.12404413
42113,0.0039788038,0.0015521381,0.0064054695,0.0059973956,0.44442073,0.42313445,0.10578361
42115,0.054001365,0.005882032,0.1021207,0.07541796,0.0,0.07541796,0.01885449
42118,0.4014088,0.005486757,0.79733086,0.67473596,0.0,0.67473596,0.16868399
42121,0.016188012,0.0017503969,0.030625626,0.033043176,0.41346812,0.34660006,0.086650014
42123,0.46720862,0.0048960266,0.92952126,0.8276593,0.0,0.8276593,0.20691483
42126,0.012631607,0.0017241962,0.02353902,0.021503774,0.015900208,0.03763343,0.009408358
42128,0.25118962,0.0037822174,0.49859703,0.43490314,0.0,0.43490314,0.108725786
42131,0.015151327,0.0014104145,0.02889224,0.027975464,0.39084247,0.37561592,0.09390398
42134,0.012758996,0.0017957175,0.023722276,0.030855587,0.4263413,0.34497687,0.08624422
42136,0.53122044,0.0022635593,1.0601773,1.126213,0.0,1.126213,0.28155324
42139,0.010895367,0.0012448507,0.020545883,0.015574613,0.23190437,0.22950774,0.057376936
42141,0.020296454,0.0016929504,0.038899958,0.03945019,0.42702064,0.40385243,0.10096311
42144,0.1282806,0.0033722145,0.253189,0.2979898,0.0,0.2979898,0.07449745
42147,0.18187658,0.0014161182,0.36233702,0.33481956,0.0,0.33481956,0.08370489
42149,0.038077876,0.0013660904,0.074789666,0.07103256,0.0,0.07103256,0.01775814
42152,0.018057128,0.0010521213,0.035062134,0.03215875,0.4301606,0.3425916,0.0856479
42155,0.043218438,0.0017724374,0.08466444,0.087926775,0.03543891,0.11748523,0.029371308
42157,0.017583447,0.0015285211,0.03363837,0.038818438,0.85819834,0.872658,0.2181645
42160,0.021365652,0.0013408988,0.041390404,0.034638964,0.008988648,0.047234077,0.011808519
42162,0.019512555,0.0012082555,0.037816852,0.041960534,0.8636382,0.91689533,0.22922383
42165,0.032511085,0.0012072126,0.06381496,0.07246257,0.057086915,0.05815977,0.014539942
42168,0.045566726,0.0010859956,0.09004746,0.088402815,0.06936782,0.09122616,0.02280654
42170,0.0025619084,0.0011573493,0.003966468,0.00502806,0.24136113,0.2000432,0.0500108
42173,0.23893924,0.0013406007,0.4765379,0.4857764,0.0,0.4857764,0.1214441
42175,0.004270808,0.0009743077,0.0075673084,0.0093287,0.48308203,0.510958,0.1277395
42178,0.0392686,0.0013150104,0.07722219,0.0864774,0.0,0.0864774,0.02161935
42181,0.037253905,0.0008472423,0.073660575,0.07260441,1.1670722,1.3533989,0.33834973
42183,0.020528736,0.0014637895,0.03959368,0.043443646,0.0,0.043443646,0.010860912
42186,0.040172145,0.0011896711,0.07915462,0.07571324,0.7110879,0.8096137,0.20240343
42188,0.02053492,0.0015858319,0.03948401,0.03266514,0.021545053,0.027368004,0.006842001
42191,0.005302675,0.0016522026,0.008953148,0.005625631,0.41768876,0.4637936,0.1159484
42194,0.004817307,0.0015850691,0.008049545,0.007846728,0.39522973,0.3793515,0.094837874
42196,0.04918243,0.0010226473,0.097342215,0.097973846,0.8523607,1.0540525,0.26351312
42199,0.032565698,0.00084059685,0.0642908,0.06650848,0.7184494,0.690152,0.172538
42202,0.5114476,0.0021888453,1.0207063,0.9512331,0.0,0.9512331,0.23780827
42204,0.14620389,0.0015735198,0.29083428,0.2635609,0.0,0.2635609,0.06589022
42207,0.12498886,0.0020737231,0.247904,0.27953616,0.0,0.27953616,0.06988404
42209,0.5653301,0.0031206897,1.1275395,1.055854,0.0,1.055854,0.2639635
42212,0.025918523,0.0015812091,0.05025584,0.044414878,0.7408717,0.6464371,0.16160928
42215,0.035326123,0.0019378838,0.06871436,0.068377,0.0,0.068377,0.01709425
42217,0.03942157,0.0007556844,0.07808746,0.070892006,0.026926516,0.11339215,0.028348038
42220,0.17003268,0.0018831944,0.33818218,0.30164114,0.0,0.30164114,0.075410284
42222,0.13210694,0.0021026384,0.26211128,0.22823985,0.0,0.22823985,0.057059962
42225,0.23342322,0.001659766,0.4651867,0.42173657,0.0,0.42173657,0.10543414
42228,0.0225915,0.0007687393,0.044414256,0.049149644,0.01734521,0.070893094,0.017723273
42230,0.013649687,0.0008041728,0.026495202,0.033317227,0.41207632,0.36186624,0.09046656
42233,0.4587269,0.0016939203,0.91576,0.98298615,0.0,0.98298615,0.24574654
42235,0.10177412,0.0023237981,0.20122443,0.23610578,0.0,0.23610578,0.059026446
42238,0.046499092,0.001737276,0.09126091,0.07805311,0.6842784,0.6503604,0.1625901
42241,0.19676931,0.0048801685,0.3886585,0.32011914,0.0,0.32011914,0.080029786
42243,0.02069983,0.0022320368,0.039167624,0.04715729,0.020710386,0.0978429,0.024460725
42246,0.027470017,0.002735467,0.052204568,0.06535889,0.051507387,0.044268887,0.011067222
42249,0.030051246,0.0030272373,0.05707526,0.060243506,0.9518048,1.0101124,0.2525281
42251,0.0036967502,0.0029674212,0.004426079,0.004437817,0.4655113,0.48294997,0.12073749
42254,0.09436018,0.0024128603,0.1863075,0.1661963,1.3965806,1.666942,0.4167355
42256,0.030991556,0.002794668,0.059188444,0.04856382,0.4847521,0.48843682,0.122109205
42259,0.057932228,0.0059866533,0.1098778,0.0788524,0.0,0.0788524,0.0197131
42262,0.6950365,0.0059729717,1.3841,1.2251726,0.0,1.2251726,0.30629316
42264,0.054318313,0.0020825688,0.10655406,0.11987469,1.1889743,1.5365387,0.38413468
42267,0.06533242,0.0046727373,0.1259921,0.15227354,0.0,0.15227354,0.038068384
42269,0.29236293,0.00448056,0.5802453,0.5129686,0.0,0.5129686,0.12824215
42272,0.02635064,0.0015562656,0.051145013,0.05414634,0.61025625,0.51624894,0.12906224
42275,0.45423004,0.0029647283,0.90549535,0.9776816,0.0,0.9776816,0.2444204
42277,0.04648224,0.000779187,0.09218529,0.09874424,0.0860875,0.105897695,0.026474424
42280,0.0596619,0.0006195379,0.11870426,0.11471209,1.3204316,1.666808,0.416702
42282,0.040798347,0.0005538733,0.081042826,0.08051548,0.68708116,0.75584024,0.18896006
42285,0.27133635,0.0009878402,0.54168487,0.5128953,0.0,0.5128953,0.12822382
42288,0.022334645,0.0008573048,0.043811988,0.03824609,0.0,0.03824609,0.009561523
42290,0.020816738,0.0007511533,0.040882323,0.0420431,0.029450655,0.048244074,0.0120610185
42293,0.053180218,0.00080583495,0.1055546,0.11719048,0.0,0.11719048,0.02929762
42296,0.07747493,0.00090422685,0.15404564,0.15829842,0.0,0.15829842,0.039574604
42298,0.06061089,0.000955507,0.12026628,0.1270567,1.1999731,1.6993092,0.4248273
42301,0.060313854,0.001088149,0.11953956,0.105671905,0.0,0.105671905,0.026417976
42303,0.0036364524,0.001044148,0.0062287566,0.005611205,0.20534135,0.17386031,0.043465078
42306,0.056672383,0.0011454168,0.11219936,0.12345407,0.0,0.12345407,0.030863518
42309,0.030748313,0.0011801311,0.060316492,0.0605399,0.9017544,1.0465673,0.26164183
42311,0.04638392,0.0012582231,0.09150962,0.100414634,1.0853039,1.4203037,0.35507593
42314,0.48336986,0.0014904975,0.96524924,0.934473,0.0,0.934473,0.23361824
42316,0.003878265,0.0013503035,0.0064062267,0.009682889,0.26241297,0.21206528,0.05301632
42319,0.025413364,0.0013653856,0.049461346,0.06051056,0.0,0.06051056,0.01512764
42322,0.015478008,0.0011989289,0.029757088,0.02752504,0.56888497,0.54673225,0.13668306
42324,0.005200704,0.0012201098,0.009181299,0.010160584,0.38645244,0.3410647,0.08526617
42327,0.1896683,0.0017093787,0.37762722,0.36689082,0.0,0.36689082,0.091722704
42329,0.1358696,0.0017674862,0.26997176,0.24924652,0.0,0.24924652,0.06231163
42332,0.05006446,0.0010675461,0.09906137,0.09827428,0.9081343,0.8885258,0.22213145
42335,0.0061351936,0.00094218686,0.011328201,0.016005386,0.33909252,0.36099756,0.09024939
42337,0.25324968,0.0011485041,0.5053508,0.52189106,0.0,0.52189106,0.13047276
42340,0.1380101,0.0010876352,0.2749326,0.26001644,0.0,0.26001644,0.06500411
42343,0.023713065,0.0006089941,0.046817135,0.043867607,0.008119981,0.057863027,0.014465757
42345,0.00669458,0.0005716016,0.012817559,0.013583615,0.31739506,0.26800182,0.067000456
42348,0.09482125,0.0006584141,0.1889841,0.19407398,0.0,0.19407398,0.048518494
42350,0.056572344,0.0009138598,0.11223083,0.115638115,0.0,0.115638115,0.028909529
42353,0.03206762,0.00050687225,0.06362837,0.06353025,0.9075902,0.9749942,0.24374855
42356,0.0030342073,0.0004566931,0.0056117214,0.005061463,0.44361815,0.48216143,0.12054036
42358,0.06472375,0.00046062144,0.12898688,0.1324511,1.1913041,1.3600441,0.34001103
42361,0.34104326,0.0010983711,0.68098813,0.6633012,0.0,0.6633012,0.1658253
42363,0.012928254,0.00055839424,0.025298113,0.02558847,0.026257718,0.04865569,0.012163922
42366,0.01972569,0.0004758973,0.03897548,0.037201107,0.37370336,0.33948937,0.08487234
42369,0.006203657,0.00046676674,0.011940547,0.010949529,0.32271942,0.25127324,0.06281831
42371,0.0029108843,0.00040541403,0.0054163546,0.005094338,0.3970871,0.3706305,0.092657626
42374,0.017817466,0.00037743407,0.0352575,0.036490027,0.7152083,0.7259713,0.18149282
42376,0.14551957,0.0012019469,0.2898372,0.2853798,0.0,0.2853798,0.07134495
42379,0.030851731,0.0016611296,0.060042333,0.057938263,0.0,0.057938263,0.014484566
42382,0.13824074,0.0021693811,0.27431208,0.31514266,0.0,0.31514266,0.078785665
42384,0.07821917,0.0017451014,0.15469323,0.13140862,0.0,0.13140862,0.032852154
42387,0.22878212,0.0021427034,0.45542154,0.50148404,0.0,0.50148404,0.12537101
42390,0.124073304,0.0025532646,0.24559335,0.28552985,0.0,0.28552985,0.07138246
42392,0.013159387,0.0008472043,0.025471568,0.023185343,0.011992269,0.034898497,0.008724624
42395,0.12410733,0.0025054833,0.24570918,0.21255691,0.0,0.21255691,0.05313923
42397,0.04547325,0.00089617894,0.09005033,0.08755841,0.12379295,0.20511763,0.051279407
42400,0.005318655,0.0010212937,0.009616017,0.0064784293,0.2624504,0.23138984,0.05784746
42403,0.028291432,0.004252056,0.052330807,0.062210035,0.0,0.062210035,0.015552509
42405,0.05635276,0.0038191967,0.108886324,0.13429923,0.0,0.13429923,0.03357481
42408,0.19513755,0.004045353,0.38622972,0.3235614,0.0,0.3235614,0.08089035
42410,0.016428396,0.003943819,0.028912975,0.036071178,0.0,0.036071178,0.009017794
42413,0.040486764,0.0014956879,0.07947784,0.07216865,0.094770074,0.22059876,0.05514969
42416,0.006968204,0.0012419538,0.012694455,0.011447434,0.38700303,0.33012086,0.082530215
42418,0.0045156805,0.0009238293,0.008107532,0.006883534,0.2734417,0.24203104,0.06050776
42421,0.003016591,0.0009765343,0.005056648,0.0065361797,0.3931186,0.36315095,0.09078774
42423,0.046819802,0.0009401706,0.09269943,0.08479478,0.06559854,0.08692912,0.02173228
42426,0.023325453,0.0007073092,0.0459436,0.047595322,0.03154446,0.089208245,0.022302061
42429,0.019167056,0.0006725509,0.037661564,0.03691026,0.5772492,0.58188385,0.14547096
42431,0.009645249,0.0007103264,0.01858017,0.015772171,0.38701773,0.29196045,0.07299011
42434,0.058409322,0.001377727,0.11544091,0.12575512,0.0,0.12575512,0.03143878
42437,0.0042536394,0.0007906316,0.007716647,0.008600505,0.286467,0.23206098,0.058015246
42439,0.97238326,0.0014789362,1.9432875,2.009631,0.0,2.009631,0.5024077
42442,0.005336797,0.0010134073,0.009660187,0.0075813183,0.41337118,0.36760965,0.09190241
42444,0.04609378,0.0013785627,0.090808995,0.08145904,0.0,0.08145904,0.02036476
42447,0.2201464,0.0011756796,0.4391171,0.45669198,0.0,0.45669198,0.114172995
42450,0.049638744,0.0010987975,0.098178685,0.08530865,0.0,0.08530865,0.021327162
42452,0.77390957,0.0011902815,1.5466288,1.4813436,0.0,1.4813436,0.3703359
42455,0.32182577,0.0014983831,0.6421532,0.67943984,0.0,0.67943984,0.16985996
42457,0.7045414,0.0018071398,1.4072756,1.4883604,0.0,1.4883604,0.3720901
42460,0.0031032024,0.00115916,0.005047245,0.0053761695,0.39827648,0.37539992,0.09384998
42463,0.037240114,0.0016169421,0.07286329,0.08360847,0.0,0.08360847,0.020902118
42465,0.6623266,0.0016711137,1.3229821,1.2465796,0.0,1.2465796,0.3116449
42468,0.14788656,0.001983254,0.29378986,0.31657764,0.0,0.31657764,0.07914441
42470,0.0021550006,0.0011055084,0.0032044929,0.0045004296,0.36309132,0.3919033,0.09797583
42473,0.0705202,0.0023869213,0.13865347,0.16189057,0.0,0.16189057,0.04047264
42476,0.0032303017,0.0015095681,0.0049510356,0.007238217,0.5795631,0.63944745,0.15986186
42478,0.3221486,0.0027791474,0.641518,0.5740127,0.0,0.5740127,0.14350317
42481,0.051304176,0.0014997235,0.10110863,0.10622946,1.104029,1.3650246,0.34125614
42484,0.46318936,0.0029691334,0.92340964,1.0061172,0.0,1.0061172,0.2515293
42486,0.02795148,0.001329782,0.054573182,0.055907037,0.03663096,0.086051494,0.021512873
42489,0.005238783,0.0015027383,0.008974828,0.007207731,0.19585748,0.1882786,0.04706965
42491,0.017019292,0.0016844156,0.032354172,0.033868566,0.031580918,0.067605816,0.016901454
42494,0.020435592,0.0016063675,0.039264817,0.03847799,0.73189324,0.7542444,0.1885611
42497,0.026675306,0.0010923636,0.05225825,0.047623426,0.04165283,0.11772869,0.029432172
42499,0.11643394,0.003034718,0.22983317,0.18746372,0.0,0.18746372,0.04686593
42502,0.074626006,0.0032152634,0.14603674,0.18398155,0.0,0.18398155,0.04599539
42504,0.046233688,0.0012660563,0.09120133,0.084661745,0.9069743,1.0025624,0.2506406
42507,0.13245761,0.0020575768,0.26285765,0.2295015,0.0,0.2295015,0.057375375
42510,0.03242385,0.0010832701,0.06376443,0.061085925,0.028012231,0.08548955,0.021372387
42512,0.039342336,0.0010373354,0.077647336,0.08480754,1.1192669,1.4640149,0.36600372
42515,0.04040064,0.0007973499,0.080003925,0.08507522,1.1018016,1.3870049,0.3467512
42517,0.006880348,0.0009983598,0.012762337,0.009254908,0.313323,0.23260595,0.058151487
42520,0.14794578,0.0032975713,0.292594,0.3474977,0.0,0.3474977,0.086874425
42523,0.072750635,0.0041051,0.14139616,0.18311,0.0,0.18311,0.0457775
42525,0.86672837,0.0046642297,1.7287925,1.568148,0.0,1.568148,0.392037
42528,0.03828845,0.0025154192,0.07406148,0.09202663,0.08206415,0.05830114,0.014575285
42531,0.023411581,0.0026618044,0.04416136,0.039276738,0.58032084,0.6447315,0.16118288
42533,0.3485075,0.0052498486,0.6917651,0.80683154,0.0,0.80683154,0.20170788
42536,0.01534279,0.0029704531,0.027715126,0.035449762,0.43305203,0.34809577,0.08702394
42538,0.022660041,0.003344203,0.041975882,0.053428274,0.63223547,0.58430535,0.14607634
42541,0.019948289,0.0034769054,0.03641967,0.048082937,0.018839018,0.09578038,0.023945095
42544,0.021896439,0.0033594128,0.040433466,0.043825895,0.80436105,0.8060257,0.20150642
42546,0.04994451,0.0035232368,0.09636578,0.08496944,0.12847477,0.24891113,0.06222778
42549,0.03765625,0.0033140404,0.07199847,0.071114086,0.039405778,0.11768242,0.029420605
42551,0.015952535,0.0032557063,0.028649366,0.030300314,0.009442272,0.051178608,0.012794652
42554,0.036178682,0.0023435175,0.07001384,0.06148751,0.5459444,0.52261496,0.13065374
42557,0.0062380843,0.0015182141,0.010957955,0.009644303,0.4500178,0.38081264,0.09520316
42559,0.21143146,0.0037229534,0.41913998,0.3716135,0.0,0.3716135,0.092903376
42562,0.046168577,0.0019440468,0.0903931,0.09509182,1.0987772,1.3479613,0.33699033
42565,0.58802503,0.0045871097,1.171463,1.0485482,0.0,1.0485482,0.26213706
42567,0.075707026,0.0040255636,0.14738849,0.16210908,0.0,0.16210908,0.04052727
42570,0.009030701,0.0024891743,0.015572227,0.021996453,0.35267267,0.29135793,0.07283948
42572,0.018844811,0.0024366507,0.035252973,0.03600968,0.5286879,0.49144128,0.12286032
42575,0.016725332,0.0012786267,0.032172035,0.03128015,0.42689285,0.41318727,0.10329682
42578,0.13633607,0.001476245,0.2711959,0.2546442,0.0,0.2546442,0.06366105
42580,0.010430694,0.0010412509,0.019820137,0.015338724,0.2677042,0.20254298,0.050635744
42583,0.017136844,0.00091921707,0.033354472,0.035434604,0.8118954,0.73961943,0.18490486
42585,0.0073208227,0.0010068055,0.013634839,0.010033103,0.43373156,0.48009607,0.12002402
42588,0.16654624,0.0020923726,0.3310001,0.35544896,0.0,0.35544896,0.08886224
42591,0.22323547,0.0022943378,0.44417658,0.48646665,0.0,0.48646665,0.12161666
42593,0.042894352,0.0012751069,0.084513605,0.07981209,0.023020938,0.1163662,0.02909155
42596,0.03577877,0.0018081627,0.06974938,0.061404344,0.9845774,1.0828394,0.27070984
42598,0.07434703,0.0020191958,0.14667486,0.13596086,0.88042665,1.1525046,0.28812614
42601,0.46501055,0.002700078,0.927321,1.0072788,0.0,1.0072788,0.2518197
42604,0.04847264,0.0024604667,0.094484806,0.07702304,0.0,0.07702304,0.01925576
42606,0.11913172,0.002864804,0.23539865,0.25691915,0.0,0.25691915,0.06422979
42609,0.022129782,0.0023482174,0.041911345,0.04489662,0.8200187,0.8015227,0.20038067
42612,0.0342954,0.0022667013,0.06632409,0.071109466,1.0715991,1.1977409,0.29943523
42614,0.10577884,0.0033715565,0.20818613,0.1701686,0.0,0.1701686,0.04254215
42617,0.16011094,0.0039448324,0.31627703,0.27079472,0.0,0.27079472,0.06769868
42619,0.04867266,0.003446303,0.09389902,0.10588769,1.1041526,1.4002504,0.3500626
42622,0.012814659,0.0054817237,0.020147592,0.021374518,0.0,0.021374518,0.0053436295
42625,0.6904952,0.0043558204,1.3766346,1.5065907,0.0,1.5065907,0.37664768
42627,0.024485724,0.0023607444,0.0466107,0.044009253,0.71832734,0.70423955,0.17605989
42630,0.04796439,0.0029006072,0.093028165,0.10417628,0.0,0.10417628,0.02604407
42632,0.120458044,0.0029946913,0.2379214,0.19834514,0.0,0.19834514,0.049586285
42635,0.029588563,0.0016256437,0.057551485,0.057288144,0.055806566,0.109279685,0.027319921
42638,0.0095240045,0.0016168415,0.017431168,0.021439092,0.2883825,0.22245534,0.055613834
42640,0.005522178,0.001881448,0.0091629075,0.011273332,0.31013054,0.269109,0.06727725
42643,0.0074945907,0.0019038379,0.013085343,0.014616981,0.33203343,0.33462414,0.083656035
42645,0.011285068,0.0019682874,0.020601848,0.02755102,0.40210906,0.3586429,0.08966073
42648,0.0039934027,0.0021957655,0.0057910397,0.009076184,0.45556888,0.48401594,0.121003985
42651,0.5410008,0.0024967054,1.0795048,1.0241755,0.0,1.0241755,0.25604388
42653,0.008901466,0.0022087258,0.015594206,0.009963942,0.17703266,0.17735422,0.044338554
42656,0.27299085,0.0024111045,0.54357064,0.509537,0.0,0.509537,0.12738425
42659,0.1704212,0.002445203,0.33839718,0.36581397,0.0,0.36581397,0.09145349
42661,0.21551377,0.0019270122,0.4291005,0.41011366,0.0,0.41011366,0.102528416
42664,0.07037596,0.0017889318,0.13896297,0.1563663,0.0,0.1563663,0.039091576
42666,0.081364594,0.001504546,0.16122465,0.15465651,0.0,0.15465651,0.03866413
42669,0.30157867,0.0020218324,0.6011355,0.6241009,0.0,0.6241009,0.15602523
42672,0.06816734,0.0031713182,0.13316335,0.1075841,0.0,0.1075841,0.026896024
42674,0.03861061,0.0028909228,0.07433029,0.06962931,0.84181815,0.6375112,0.1593778
42677,0.012384315,0.0029248502,0.021843782,0.01801798,0.1767031,0.11473014,0.028682536
42679,0.10265821,0.0043669506,0.20094948,0.1657457,0.0,0.1657457,0.041436426
42682,0.04110524,0.0035035994,0.07870688,0.094785035,1.1499088,1.3251798,0.33129495
42685,0.7723942,0.005563254,1.5392251,1.689826,0.0,1.689826,0.4224565
42687,0.40235433,0.00552455,0.7991841,0.9055546,0.0,0.9055546,0.22638865
42690,0.0077804984,0.0034522805,0.012108716,0.0087429015,0.3636396,0.3217282,0.08043205
42692,0.15790103,0.0053382777,0.3104638,0.27231848,0.0,0.27231848,0.06807962
42695,0.005102803,0.0030236219,0.007181984,0.008125462,0.45088163,0.5285732,0.1321433
42698,0.42904094,0.0045371875,0.8535447,0.75814056,0.0,0.75814056,0.18953514
42700,0.023844382,0.0032897796,0.044398982,0.046634864,0.040164426,0.05204372,0.01301093
42703,0.21745373,0.0051307194,0.42977676,0.48237815,0.0,0.48237815,0.12059454
42706,0.13893123,0.005386002,0.27247646,0.2325209,0.0,0.2325209,0.058130223
42708,0.6367859,0.0039611133,1.2696108,1.3604947,0.0,1.3604947,0.34012368
42711,0.016926477,0.0018031015,0.03204985,0.03238541,0.3440362,0.33507815,0.08376954
42713,0.033219572,0.0011877209,0.06525142,0.0734104,0.0,0.0734104,0.0183526
42716,0.14074634,0.0012068098,0.28028587,0.29372427,0.0,0.29372427,0.07343107
42719,0.019527603,0.0018810057,0.0371742,0.03854154,0.0,0.03854154,0.009635385
42721,0.033525895,0.0017004203,0.065351374,0.061519634,0.0,0.061519634,0.0153799085
42724,0.03785414,0.0027522228,0.072956055,0.0694368,0.0,0.0694368,0.0173592
42726,0.027826995,0.0027459015,0.05290809,0.058972657,0.04103627,0.09110883,0.022777207
42729,0.038938757,0.0033925239,0.074485,0.07155576,1.1743654,1.3857361,0.34643403
42732,0.040519003,0.002112524,0.07892548,0.07196579,0.100025475,0.22290139,0.055725347
42734,0.0061026723,0.0029363774,0.009268968,0.0053696968,0.30115443,0.27022433,0.06755608
42737,0.029856013,0.0022806677,0.05743136,0.053655297,0.05688255,0.11641321,0.029103303
42739,0.05978184,0.001962501,0.11760118,0.10925221,0.7669882,1.1017885,0.27544713
42742,0.0048613157,0.0020811632,0.007641468,0.010200092,0.43923417,0.46512732,0.11628183
42745,0.3769622,0.0023161343,0.7516083,0.78561276,0.0,0.78561276,0.19640319
42747,0.019667622,0.0021358558,0.03719939,0.044128586,0.8983057,0.8313849,0.20784622
42750,0.007873481,0.0015478415,0.01419912,0.008396405,0.24912955,0.25072178,0.062680446
42753,0.005097104,0.0014685444,0.008725663,0.0047086016,0.21982028,0.19437857,0.048594642
42755,0.0025417216,0.0011824738,0.0039009692,0.0037679665,0.1695196,0.1727949,0.043198723
42758,0.7466461,0.002238971,1.4910532,1.424355,0.0,1.424355,0.35608876
42760,0.09023369,0.0025363998,0.177931,0.16519342,0.0,0.16519342,0.041298356
42763,0.004584744,0.0012032004,0.007966287,0.0068201837,0.35991988,0.31683958,0.079209894
42766,0.062372256,0.0015531965,0.12319132,0.1354015,0.0,0.1354015,0.033850376
42768,0.27968284,0.0014520019,0.55791366,0.5555896,0.0,0.5555896,0.1388974
42771,0.38756156,0.0009852869,0.7741378,0.7821848,0.0,0.7821848,0.1955462
42773,0.037290003,0.0011148565,0.07346515,0.07505569,0.9560793,1.2017404,0.3004351
42776,0.04328705,0.0010520035,0.08552209,0.082646735,0.084683955,0.21095936,0.05273984
42779,0.025059566,0.0010783059,0.049040824,0.04476061,0.50100344,0.41261217,0.10315304
42781,0.34850052,0.0012707295,0.6957304,0.66169816,0.0,0.66169816,0.16542454
42784,0.04774195,0.001277416,0.09420648,0.08175777,0.0,0.08175777,0.020439442
42786,0.024673121,0.0014541466,0.047892097,0.042644292,0.5250554,0.48733997,0.12183499
42789,0.033550624,0.0010011758,0.06610007,0.06387357,0.034273256,0.10801768,0.02700442
42792,0.23529257,0.0017074002,0.46887776,0.43519512,0.0,0.43519512,0.10879878
42794,0.0202989,0.0030253585,0.037572443,0.028833242,0.46926323,0.43647352,0.10911838
42797,0.12261348,0.0028182482,0.24240871,0.21932046,0.0,0.21932046,0.054830115
42800,0.007035004,0.002645638,0.01142437,0.018635033,0.449126,0.5875264,0.1468816
42802,0.049310748,0.0035687601,0.09505274,0.07577771,0.0,0.07577771,0.018944427
42805,0.2062351,0.0025415614,0.40992865,0.38692847,0.0,0.38692847,0.09673212
42807,0.03946674,0.00084895705,0.07808452,0.077807,0.023957789,0.112537,0.02813425
42810,0.017429689,0.0005788473,0.03428053,0.033868853,0.025925456,0.07271953,0.018179882
42813,0.002822892,0.00043880672,0.0052069775,0.0059048557,0.32242447,0.33136743,0.08284186
42815,0.096986085,0.0014068065,0.19256537,0.16713287,0.0,0.16713287,0.041783217
42818,0.68563527,0.0017557131,1.3695148,1.4611868,0.0,1.4611868,0.3652967
42820,0.54016596,0.001725095,1.0786067,1.1569225,0.0,1.1569225,0.2892306
42823,0.015062991,0.0005158552,0.029610125,0.031077022,0.027693868,0.041402634,0.010350659
42826,0.22596848,0.002672021,0.4492649,0.39733124,0.0,0.39733124,0.09933281
42828,0.018423365,0.0006785697,0.03616816,0.041208673,0.57037646,0.5437221,0.13593052
42831,0.0033687514,0.000918674,0.005818829,0.0049550217,0.39135686,0.37210724,0.09302681
42833,0.10313374,0.0036125586,0.20265491,0.16140507,0.0,0.16140507,0.040351268
42836,0.08405732,0.003674242,0.16444041,0.18415423,0.0,0.18415423,0.046038557
42839,0.019010233,0.00070014404,0.03732032,0.039597966,0.019678831,0.07956234,0.019890586
42841,0.24148041,0.0032306833,0.47973013,0.41331282,0.0,0.41331282,0.103328206
42844,0.01961895,0.00084222615,0.038395677,0.03971185,0.036209796,0.052137345,0.013034336
42847,0.11904778,0.0026421945,0.23545337,0.19334598,0.0,0.19334598,0.048336495
42849,0.07252684,0.00058116025,0.14447252,0.14536692,1.4023234,1.6623424,0.4155856
42852,0.4335508,0.0031630816,0.8639385,0.95458174,0.0,0.95458174,0.23864543
42854,0.021862207,0.0009565645,0.04276785,0.042003945,0.02685816,0.06418695,0.016046738
42857,0.0438184,0.0011407015,0.08649609,0.07829601,1.0603659,1.0502077,0.26255193
42860,0.13873677,0.0033741882,0.27409938,0.22164917,0.0,0.22164917,0.055412292
42862,0.003931578,0.0012158557,0.0066472995,0.0046419096,0.23326384,0.20809388,0.05202347
42865,0.065904185,0.002972827,0.12883554,0.14582105,0.0,0.14582105,0.036455262
42867,0.080646314,0.0023720365,0.15892059,0.17867522,0.0,0.17867522,0.044668805
42870,0.6300885,0.0017072127,1.2584697,1.1828064,0.0,1.1828064,0.2957016
42873,0.012620711,0.00091229705,0.024329126,0.024754308,0.015999539,0.02993124,0.00748281
42875,0.036556028,0.0012046128,0.07190744,0.07794395,0.038615752,0.15848686,0.039621715
42878,0.17821288,0.0035478368,0.35287794,0.29147592,0.0,0.29147592,0.07286898
42880,0.047881026,0.0019002254,0.093861826,0.09294474,0.98595864,1.07874,0.269685
42883,0.039737925,0.0018564285,0.077619426,0.07933534,0.8484545,1.013357,0.25333926
42886,0.050463468,0.001993234,0.0989337,0.09461657,0.7419718,0.928185,0.23204625
42888,0.028650813,0.0040050107,0.053296614,0.041473553,0.0,0.041473553,0.010368388
42891,0.29219213,0.0039501986,0.5804341,0.6716516,0.0,0.6716516,0.1679129
42894,0.8648668,0.0048026,1.7249311,1.5603374,0.0,1.5603374,0.39008436
42896,0.0080584,0.0022931427,0.013823657,0.016795702,0.38673782,0.33378556,0.08344639
42899,0.06772783,0.005067728,0.13038792,0.1535175,0.0,0.1535175,0.038379375
42901,0.0058575473,0.0033149298,0.008400165,0.004897428,0.45030174,0.42863992,0.10715998
42904,0.029431598,0.0041667377,0.05469646,0.05993538,0.7424198,0.6849192,0.1712298
42907,0.32028544,0.007944601,0.6326263,0.7626311,0.0,0.7626311,0.19065778
42909,0.03181209,0.0050338623,0.058590323,0.06386832,0.052829266,0.15547182,0.038867954
42912,0.0075487033,0.00583842,0.009258987,0.0034724183,0.35204065,0.34527788,0.08631947
42914,0.017935613,0.010401916,0.025469312,0.018110976,0.0,0.018110976,0.004527744
42917,0.013771609,0.0061319866,0.021411233,0.010782777,0.33904982,0.36181808,0.09045452
42920,0.1279462,0.009970027,0.24592237,0.20573859,0.0,0.20573859,0.051434647
42922,0.6188211,0.011193507,1.2264487,1.036818,0.0,1.036818,0.2592045
42925,0.16223493,0.012807709,0.31166217,0.20205517,0.0,0.20205517,0.050513793
42927,0.097798645,0.008072326,0.18752497,0.16284531,1.3970839,1.843202,0.4608005
42930,0.2089088,0.013558596,0.404259,0.27346715,0.0,0.27346715,0.06836679
42933,0.042188674,0.013272658,0.0711047,0.069138564,0.0,0.069138564,0.017284641
42935,0.025267938,0.008359075,0.0421768,0.03860328,0.60524493,0.59631866,0.14907967
42938,0.022814147,0.0076221754,0.038006116,0.038530704,0.020709604,0.049945924,0.012486481
42941,0.03493333,0.007514125,0.062352534,0.067682095,0.90644723,0.892396,0.223099
42943,0.072326355,0.012498155,0.13215455,0.15090393,0.0,0.15090393,0.03772598
42946,0.04527927,0.01376249,0.07679605,0.050583433,0.0,0.050583433,0.012645858
42948,0.02977085,0.009426153,0.050115544,0.07137225,0.063237004,0.057623312,0.014405828
42951,0.3143718,0.016553663,0.61218995,0.8067394,0.0,0.8067394,0.20168485
42954,0.028750649,0.011961602,0.045539692,0.025359327,0.009796578,0.0376436,0.0094109
42956,0.011867083,0.012071026,0.011663139,0.02837266,0.36830616,0.29226992,0.07306748
42959,0.014039609,0.012799848,0.015279368,0.0071838894,0.3183079,0.27839905,0.06959976
42961,0.12627696,0.020303791,0.23225014,0.3209224,0.0,0.3209224,0.0802306
42964,0.055850964,0.020882195,0.090819724,0.11434177,0.0,0.11434177,0.028585443
42967,0.19528459,0.01961604,0.3709531,0.48063293,0.0,0.48063293,0.12015823
42969,0.641392,0.018417627,1.2643664,1.0522453,0.0,1.0522453,0.2630613
42972,0.07866069,0.019523617,0.13779776,0.17663081,0.0,0.17663081,0.044157702
42974,0.06616076,0.011969343,0.12035218,0.08889818,0.08793672,0.22174466,0.055436164
42977,0.018170523,0.012063549,0.024277499,0.0064742602,0.39297405,0.39067993,0.09766998
42980,0.03444423,0.011894534,0.05699393,0.045668814,0.012013583,0.050231427,0.012557857
42982,0.4684995,0.017033903,0.9199651,0.76328915,0.0,0.76328915,0.19082229
42985,0.057580467,0.00981773,0.1053432,0.07205755,0.78027564,0.80796117,0.20199029
42988,0.008722127,0.009148871,0.008295384,0.0070554856,0.2190671,0.17839265,0.044598162
42990,0.24560237,0.012166187,0.47903857,0.40751705,0.0,0.40751705,0.10187926
42993,0.2067784,0.011006947,0.40254986,0.47103843,0.0,0.47103843,0.11775961
42995,0.522203,0.010060714,1.0343454,1.137884,0.0,1.137884,0.284471
42998,0.8380398,0.009551455,1.6665281,1.4662079,0.0,1.4662079,0.36655197
43001,0.26491594,0.007942931,0.521889,0.5821366,0.0,0.5821366,0.14553414
43003,0.10182684,0.006687853,0.19696581,0.22024797,0.0,0.22024797,0.055061992
43006,0.010402714,0.003718417,0.01708701,0.016871976,0.2706195,0.21348155,0.053370386
43008,0.015163432,0.0037607122,0.02656615,0.01500852,0.21390964,0.21208112,0.05302028
43011,0.022746312,0.0030480016,0.04244462,0.049298495,0.56370336,0.46213332,0.11553333
43014,0.038265437,0.0024842054,0.074046664,0.07256391,0.6660583,0.83081514,0.20770378
43016,0.58215195,0.0034444463,1.1608595,1.1265625,0.0,1.1265625,0.28164062
43019,0.31001174,0.0027820438,0.61724144,0.61288387,0.0,0.61288387,0.15322097
43021,0.07552742,0.0031535497,0.1479013,0.14556582,0.0,0.14556582,0.036391456
43024,0.52826506,0.0032635306,1.0532666,1.0466448,0.0,1.0466448,0.2616612
43027,0.0737452,0.0045817844,0.14290862,0.14319567,1.0223385,1.399685,0.34992126
43029,0.44102815,0.0046944525,0.87736183,0.8529599,0.0,0.8529599,0.21323997
43032,0.20219195,0.0051496704,0.3992342,0.35933962,0.0,0.35933962,0.089834906
43035,0.73498374,0.0065064137,1.463461,1.410215,0.0,1.410215,0.35255376
43037,0.7753017,0.009206893,1.5413965,1.5887251,0.0,1.5887251,0.39718127
43040,0.08876557,0.008693998,0.16883714,0.22630273,0.0,0.22630273,0.056575682
43042,0.007534458,0.008571705,0.0064972113,0.010109505,0.23370981,0.21867721,0.054669302
43045,0.012356351,0.0062521934,0.01846051,0.006440176,0.15561198,0.15789776,0.03947444
43048,0.04084873,0.0075342744,0.074163176,0.059187323,0.032153733,0.095853545,0.023963386
43050,0.4422743,0.0061564464,0.87839216,0.83863544,0.0,0.83863544,0.20965886
43053,0.027951753,0.006876974,0.04902653,0.05608371,0.05744296,0.094023086,0.023505772
43055,0.04582079,0.0060501955,0.08559138,0.07782345,0.7296629,1.0289527,0.25723818
43058,0.040940117,0.006509176,0.07537106,0.05970289,0.0,0.05970289,0.014925723
43061,0.08370205,0.004838458,0.16256563,0.1500646,0.9476834,1.3115945,0.32789862
43063,0.011215459,0.0063371523,0.016093766,0.0042848005,0.15938473,0.13859855,0.034649637
43066,0.02940184,0.0046380055,0.054165676,0.05610026,0.0,0.05610026,0.014025065
43069,0.27479696,0.007137049,0.54245687,0.6280174,0.0,0.6280174,0.15700436
43071,0.008226476,0.0058140582,0.010638893,0.007631236,0.2877247,0.32673666,0.081684165
43074,0.041817795,0.006647501,0.07698809,0.07126824,0.0,0.07126824,0.01781706
43076,0.05080748,0.0048640263,0.09675094,0.09488312,0.0,0.09488312,0.02372078
43079,0.5190574,0.0048472597,1.0332675,0.9349615,0.0,0.9349615,0.23374037
43082,0.048277408,0.005545456,0.091009356,0.13115072,0.0,0.13115072,0.03278768
43084,0.028517215,0.006914096,0.050120335,0.047778238,0.41900253,0.34673962,0.086684905
43087,0.033947837,0.006625882,0.06126979,0.0612848,0.85024065,1.0211655,0.25529137
43089,0.120743334,0.009765275,0.2317214,0.15858684,0.0,0.15858684,0.03964671
43092,0.056004256,0.007907357,0.10410115,0.08999131,1.0695148,1.258948,0.314737
43095,0.036563773,0.0074378117,0.065689735,0.047432527,0.0,0.047432527,0.011858132
43097,0.06820575,0.007568775,0.12884273,0.15443318,0.0,0.15443318,0.038608294
43100,0.006117173,0.005402899,0.006831447,0.0043712477,0.21666157,0.2236179,0.055904474
43102,0.020977734,0.00508446,0.036871005,0.027203212,0.3324912,0.3174686,0.07936715
43105,0.017253414,0.0036261112,0.030880718,0.031527262,0.05013657,0.08771646,0.021929115
43108,0.07826131,0.0039638355,0.15255879,0.16404204,1.4195064,1.7847422,0.44618556
43110,0.003686986,0.002926253,0.0044477186,0.0044050943,0.28963372,0.2684401,0.067110024
43113,0.40247336,0.0030499462,0.8018968,0.7361596,0.0,0.7361596,0.1840399
43116,0.031880487,0.0018991014,0.061861873,0.07028401,0.047896627,0.0493577,0.012339425
43118,0.19012035,0.00093614747,0.37930456,0.37586978,0.0,0.37586978,0.093967445
43121,0.1140883,0.000787874,0.22738872,0.22988175,0.0,0.22988175,0.057470437
43123,0.041336667,0.0011556408,0.0815177,0.07368321,0.0,0.07368321,0.018420802
43126,0.047312696,0.00046735388,0.094158046,0.09538146,0.09019398,0.2392614,0.05981535
43129,0.0048603145,0.00040184252,0.009318787,0.008934953,0.17014594,0.11917269,0.029793173
43131,0.8437378,0.0012315001,1.686244,1.7526416,0.0,1.7526416,0.4381604
43134,0.041449267,0.0004140412,0.0824845,0.08257558,0.99171495,1.1396303,0.28490758
43136,0.3512856,0.0017323174,0.70083886,0.7563941,0.0,0.7563941,0.18909852
43139,0.034677647,0.00028694773,0.06906835,0.070463434,0.873195,0.95120794,0.23780198
43142,0.004012671,0.0003363057,0.0076890364,0.008009255,0.41098252,0.44898066,0.112245165
43144,0.040768776,0.0003640621,0.081173494,0.08236197,0.03924605,0.15735517,0.039338794
43147,0.015370943,0.0003578559,0.030384028,0.028059885,0.022685165,0.061319213,0.015329803
43149,0.051174793,0.0008370783,0.101512514,0.09928399,0.0,0.09928399,0.024820998
43152,0.2566304,0.0010645613,0.5121962,0.4763403,0.0,0.4763403,0.11908507
43155,0.0044968096,0.0004199346,0.008573685,0.0078803925,0.4579387,0.46526113,0.11631528
43157,0.03145836,0.00040853108,0.06250819,0.059589118,0.02569217,0.08608326,0.021520816
43160,0.02561993,0.00052241486,0.050717443,0.05375515,0.75067854,0.70877284,0.17719321
43163,0.44420925,0.0013822346,0.88703626,0.94895333,0.0,0.94895333,0.23723833
43165,0.7502914,0.0011875037,1.4993954,1.4290477,0.0,1.4290477,0.35726193
43168,0.22767682,0.0011315757,0.45422208,0.42438278,0.0,0.42438278,0.106095694
43170,0.052303817,0.0005116169,0.10409602,0.10469093,0.86254054,1.0752751,0.26881877
43173,0.11654672,0.0018597556,0.23123367,0.26748323,0.0,0.26748323,0.06687081
43176,0.02306287,0.0006226672,0.045503076,0.041723583,0.0499884,0.121322356,0.030330589
43178,0.030065352,0.00070267514,0.059428032,0.052604783,0.044650976,0.12512362,0.031280905
43181,0.21876067,0.0019731044,0.43554822,0.39090633,0.0,0.39090633,0.09772658
43183,0.012000811,0.00074231875,0.023259304,0.021237418,0.008543444,0.03219289,0.008048222
43186,0.0049310955,0.00070161093,0.00916058,0.011571534,0.48661295,0.47045317,0.11761329
43189,0.19138823,0.0014934816,0.38128296,0.4085358,0.0,0.4085358,0.10213395
43191,0.040718887,0.0005854809,0.08085229,0.082294315,1.2150174,1.3719053,0.34297633
43194,0.0042999326,0.0007310111,0.007868854,0.0061852564,0.2486376,0.19691308,0.04922827
43196,0.0029976533,0.0007411384,0.005254168,0.005027364,0.19320373,0.16610588,0.04152647
43199,0.36695197,0.0018768726,0.73202705,0.67350054,0.0,0.67350054,0.16837513
43202,0.0025918116,0.0006109567,0.0045726667,0.004756774,0.5447097,0.57605255,0.14401314
43204,0.5602048,0.0021937885,1.1182158,1.0419225,0.0,1.0419225,0.2604806
43207,0.029032765,0.00047525042,0.057590276,0.057200015,0.781504,0.85536456,0.21384114
43210,0.0107472325,0.0015720233,0.01992244,0.020358412,0.0,0.020358412,0.005089603
43212,0.03755217,0.00043430584,0.07467004,0.07282837,0.041539837,0.1326412,0.0331603
43215,0.7870628,0.0019507908,1.5721749,1.4901446,0.0,1.4901446,0.37253615
43217,0.1916849,0.0015975354,0.38177228,0.3425394,0.0,0.3425394,0.08563485
43220,0.04856137,0.0005073301,0.096615404,0.09328756,0.09395192,0.23901989,0.05975497
43223,0.81881326,0.0013369103,1.6362896,1.5777181,0.0,1.5777181,0.39442953
43225,0.0074727726,0.00046012187,0.014485423,0.016769169,0.3140439,0.2656633,0.066415824
43228,0.02213198,0.00051995943,0.043743998,0.0428721,0.6593012,0.46529868,0.11632467
43230,0.112900086,0.0014758259,0.22432435,0.2531207,0.0,0.2531207,0.06328017
43233,0.32007465,0.00146569,0.6386836,0.59220576,0.0,0.59220576,0.14805144
43236,0.04284668,0.0017415475,0.08395181,0.074550964,0.0,0.074550964,0.018637741
43238,0.03520881,0.00043997596,0.06997764,0.07005643,0.104531705,0.20096238,0.050240595
43241,0.0038472458,0.0004399725,0.007254519,0.0066277846,0.18883042,0.17687161,0.044217903
43243,0.07295878,0.00042253864,0.14549503,0.15203068,1.2983292,1.4372568,0.3593142
43246,0.016730223,0.0006724621,0.032787982,0.037612952,0.02952736,0.034939867,0.008734967
43249,0.33235648,0.0025000179,0.6622129,0.73925525,0.0,0.73925525,0.18481381
43251,0.062681,0.0007878871,0.1245741,0.13177814,1.2721947,1.7152443,0.42881107
43254,0.038255174,0.00068597106,0.07582438,0.06884751,0.061333973,0.06968322,0.017420804
43257,0.058487486,0.0025611706,0.1144138,0.095412046,0.0,0.095412046,0.023853011
43259,0.2675922,0.0029757663,0.5322086,0.46564758,0.0,0.46564758,0.116411895
43262,0.1921056,0.0032799672,0.38093126,0.4464383,0.0,0.4464383,0.11160958
43264,0.049885135,0.001052551,0.09871772,0.109546326,0.09526835,0.08807782,0.022019455
43267,0.014509953,0.00086254516,0.028157359,0.02703687,0.01010281,0.037922334,0.0094805835
43270,0.015313565,0.0008203392,0.02980679,0.030570276,0.60233825,0.58691424,0.14672856
43272,0.0576663,0.0035915163,0.11174109,0.0912202,0.0,0.0912202,0.02280505
43275,0.7504904,0.0033825608,1.4975983,1.6283649,0.0,1.6283649,0.40709123
43277,0.026762113,0.00088528777,0.052638937,0.053486586,0.95125407,0.9640747,0.24101867
43280,0.02316227,0.003172166,0.043152377,0.036774803,0.0,0.036774803,0.009193701
43283,0.0037159233,0.001019489,0.0064123576,0.0062318225,0.21706907,0.18528374,0.046320934
43285,0.0098346975,0.0010572358,0.01861216,0.013592575,0.31977668,0.29663563,0.07415891
43288,0.044928964,0.0009496675,0.088908255,0.086018465,1.0836812,1.2466083,0.31165206
43290,0.08936327,0.0029427372,0.1757838,0.14001164,0.0,0.14001164,0.03500291
43293,0.07131258,0.001792354,0.1408328,0.11886675,0.0,0.11886675,0.029716687
43296,0.022158632,0.00055082794,0.04376644,0.044246048,0.97953004,1.0345432,0.2586358
43298,0.091495536,0.0005749219,0.18241614,0.1882055,1.5296391,1.8902286,0.47255716
43301,0.0382629,0.0004953674,0.07603043,0.08059155,0.06403105,0.17134993,0.042837482
43304,0.02003373,0.0005096337,0.039557826,0.040179882,0.7214902,0.63057995,0.15764499
43306,0.066804685,0.0013486193,0.13226075,0.11894382,0.0,0.11894382,0.029735954
43309,0.015319516,0.0005275013,0.03011153,0.031071424,0.019560061,0.037139554,0.009284888
43311,0.0038532906,0.0005154947,0.0071910867,0.00619537,0.19069402,0.14817268,0.03704317
43314,0.016934425,0.00055424793,0.0333146,0.03606357,0.53759223,0.5130668,0.1282667
43317,0.0020115415,0.00057263207,0.0034504507,0.0035397012,0.41968814,0.40956596,0.10239149
43319,0.03438838,0.00045001297,0.06832674,0.06824548,0.07411724,0.109264255,0.027316064
43322,0.029128158,0.00048911734,0.0577672,0.061386347,1.0338448,1.1038331,0.27595827
43324,0.070071675,0.0018543908,0.13828896,0.11853603,0.0,0.11853603,0.029634008
43327,0.025840243,0.0019961663,0.04968432,0.05547167,0.0,0.05547167,0.0138679175
43330,0.060110066,0.0019651186,0.11825502,0.13724487,0.0,0.13724487,0.034311216
43332,0.049719512,0.002141433,0.09729759,0.085660584,0.0,0.085660584,0.021415146
43335,0.0041189943,0.00061913417,0.0076188543,0.006693374,0.13159777,0.09986959,0.024967397
43337,0.007878158,0.0006849793,0.015071337,0.014462352,0.24676998,0.17259748,0.04314937
43340,0.0029353518,0.00065667945,0.0052140243,0.0048072035,0.22821629,0.1980056,0.0495014
43343,0.03139941,0.0020594199,0.060739398,0.048271116,0.0,0.048271116,0.012067779
43345,0.024986766,0.0018018624,0.04817167,0.041703135,0.0,0.041703135,0.010425784
43348,0.15502289,0.0015287166,0.30851707,0.34607568,0.0,0.34607568,0.08651892
43351,0.13401957,0.00094110536,0.26709804,0.2764184,0.0,0.2764184,0.0691046
43353,0.041940037,0.0006942832,0.08318579,0.085960604,0.0,0.085960604,0.021490151
43356,0.025523452,0.0007591296,0.050287772,0.054467887,0.0,0.054467887,0.013616972
43358,0.2178471,0.0011759417,0.43451822,0.46993577,0.0,0.46993577,0.11748394
43361,0.36782858,0.0009922142,0.7346649,0.7777262,0.0,0.7777262,0.19443154
43364,0.006860204,0.00039190814,0.0133285,0.011425349,0.18082191,0.18419217,0.04604804
43366,0.41617838,0.0010933521,0.83126336,0.8793176,0.0,0.8793176,0.2198294
43369,0.002738406,0.00036819302,0.005108619,0.0050031077,0.49004903,0.45014465,0.11253616
43371,0.51005155,0.0007375987,1.0193654,1.0602778,0.0,1.0602778,0.26506945
43374,0.049171705,0.0010609668,0.09728245,0.108655274,0.0,0.108655274,0.027163818
43377,0.4956526,0.0008690205,0.99043614,0.9440808,0.0,0.9440808,0.2360202
43379,0.011030623,0.0002832332,0.021778012,0.021984885,0.20052469,0.13153696,0.03288424
43382,0.0039985566,0.00029923033,0.0076978826,0.007581551,0.4011942,0.33306184,0.08326546
43384,0.0028098363,0.0002582542,0.005361418,0.00460906,0.31987026,0.31317604,0.07829401
43387,0.16088767,0.0008609683,0.3209144,0.34375867,0.0,0.34375867,0.08593967
43390,0.19180728,0.001260662,0.3823539,0.34982705,0.0,0.34982705,0.08745676
43392,0.39847556,0.0014965242,0.79545456,0.7407647,0.0,0.7407647,0.18519117
43395,0.32962427,0.0018359463,0.6574126,0.717604,0.0,0.717604,0.179401
43398,0.042756256,0.00034298367,0.085169524,0.08989698,0.05200017,0.20819509,0.052048773
43400,0.021228485,0.00032519913,0.04213177,0.041177884,0.012525176,0.05698222,0.014245555
43403,0.027049413,0.0011346211,0.052964207,0.046663713,0.0,0.046663713,0.011665928
43405,0.21126331,0.0010859695,0.4214407,0.4560727,0.0,0.4560727,0.11401817
43408,0.023018405,0.00030964238,0.045727167,0.04482873,0.93818206,0.9388736,0.2347184
43411,0.075958304,0.00092257065,0.15099403,0.14171895,0.0,0.14171895,0.03542974
43413,0.33444107,0.0010419363,0.6678402,0.70689803,0.0,0.70689803,0.17672451
43416,0.005072522,0.00025395004,0.009891094,0.009118275,0.19937766,0.18864886,0.047162216
43418,0.45264867,0.0014573247,0.90384007,0.96428084,0.0,0.96428084,0.24107021
43421,0.041561607,0.0009248522,0.08219837,0.07381742,0.0,0.07381742,0.018454354
43424,0.12637824,0.0009120714,0.2518444,0.22867675,0.0,0.22867675,0.057169188
43426,0.056185544,0.0013947025,0.11097639,0.116028786,0.0,0.116028786,0.029007196
43429,0.38815257,0.0011028671,0.7752023,0.8094867,0.0,0.8094867,0.20237167
43431,0.019429581,0.00045928406,0.03839988,0.03879979,0.8625905,0.7795984,0.1948996
43434,0.025780538,0.0005497371,0.05101134,0.050631676,0.042604133,0.03291932,0.00822983
43437,0.082915895,0.0015441993,0.16428758,0.13739036,0.0,0.13739036,0.03434759
43439,0.0057730656,0.0007197399,0.010826391,0.009880784,0.4045864,0.4320391,0.10800978
43442,0.041509368,0.00059857307,0.08242016,0.08135095,0.06932878,0.19090362,0.047725905
43445,0.047766045,0.0019433318,0.09358876,0.1174855,0.0,0.1174855,0.029371375
43447,0.004766259,0.0005972751,0.008935242,0.006525908,0.36596167,0.30399802,0.075999506
43450,0.3209299,0.0016244053,0.6402355,0.5853426,0.0,0.5853426,0.14633565
43452,0.018941132,0.00069426186,0.037188005,0.03665931,0.8175275,0.7729133,0.19322832
43455,0.035249874,0.0007007077,0.06979904,0.070947506,1.0746226,1.210112,0.302528
43458,0.0025033215,0.0006404251,0.0043662176,0.0039808345,0.38845947,0.40365854,0.100914635
43460,0.075092025,0.0020249013,0.14815916,0.13212025,0.0,0.13212025,0.033030063
43463,0.011194917,0.00067460263,0.021715231,0.025857499,0.29625368,0.21813546,0.054533865
43465,0.0957767,0.001921194,0.18963219,0.15713267,0.0,0.15713267,0.039283168
43468,0.022417195,0.002205562,0.04262883,0.03777175,0.0,0.03777175,0.009442938
43471,0.043962494,0.0007881198,0.087136865,0.086310364,1.0454488,1.1762404,0.2940601
43473,0.0070342026,0.00073270214,0.013335702,0.00968037,0.39797345,0.31420383,0.07855096
43476,0.027918542,0.0007515472,0.05508554,0.049611602,0.47815356,0.34171176,0.08542794
43478,0.018945148,0.0027267113,0.035163585,0.047319174,0.0,0.047319174,0.011829793
43481,0.030060848,0.00082520046,0.059296492,0.057077914,0.070077054,0.14631647,0.036579117
43484,0.5482001,0.003052662,1.0933474,1.1966203,0.0,1.1966203,0.2991551
43486,0.27390918,0.002787133,0.54503125,0.47686115,0.0,0.47686115,0.11921529
43489,0.09208243,0.0029918554,0.18117301,0.14492886,0.0,0.14492886,0.036232214
43492,0.007544242,0.0008123045,0.0142761795,0.017658284,0.42914367,0.3969685,0.09924213
43494,0.018178439,0.0008983996,0.03545848,0.032980334,0.02220487,0.035375807,0.008843952
43497,0.011793315,0.0007007729,0.022885859,0.024034426,0.009530685,0.036692854,0.0091732135
43499,0.008761789,0.0006136384,0.01690994,0.017255625,0.012911446,0.024521505,0.0061303764
43502,0.031839382,0.0022297571,0.06144901,0.06536543,0.0,0.06536543,0.016341358
43505,0.049075365,0.0007418971,0.09740883,0.100086726,0.9864343,1.0806686,0.27016714
43507,0.0042199045,0.0005899466,0.007849862,0.00571686,0.16118127,0.16725343,0.04181336
43510,0.05496396,0.002382734,0.10754519,0.09780878,0.0,0.09780878,0.024452195
43512,0.19202721,0.0020558853,0.38199854,0.3336308,0.0,0.3336308,0.0834077
43515,0.3200968,0.0027186498,0.63747495,0.71332437,0.0,0.71332437,0.17833109
43518,0.073533304,0.0023714735,0.14469515,0.17179815,0.0,0.17179815,0.04294954
43520,0.03272291,0.0006284722,0.06481735,0.06290021,0.6361266,0.6018892,0.1504723
43523,0.22449534,0.0027806906,0.44621,0.5099245,0.0,0.5099245,0.12748112
43525,0.0270235,0.000574205,0.05347279,0.051521927,0.6131782,0.51474565,0.12868641
43528,0.06259476,0.0037209531,0.12146857,0.1513605,0.0,0.1513605,0.037840124
43531,0.4303409,0.0042436416,0.85643816,0.7500229,0.0,0.7500229,0.18750572
43533,0.4121367,0.0039033534,0.82037,0.927018,0.0,0.927018,0.2317545
43536,0.02132742,0.00070878275,0.041946054,0.042701047,0.03553161,0.05842905,0.014607263
43539,0.17875612,0.0030577139,0.35445452,0.4136038,0.0,0.4136038,0.10340095
43541,0.10018799,0.0027639896,0.19761199,0.2419854,0.0,0.2419854,0.06049635
43544,0.007224746,0.0005714994,0.0138779925,0.010756844,0.18949802,0.20553215,0.051383037
43546,0.14548604,0.0024903163,0.28848177,0.24217093,0.0,0.24217093,0.060542732
43549,0.20965125,0.0024789225,0.4168236,0.3670386,0.0,0.3670386,0.09175965
43552,0.70542336,0.0032507975,1.407596,1.5356795,0.0,1.5356795,0.38391986
43554,0.12112061,0.0027726442,0.23946857,0.28610757,0.0,0.28610757,0.07152689
43557,0.08000045,0.0023241648,0.15767674,0.18159191,0.0,0.18159191,0.04539798
43559,0.0020434265,0.000562264,0.0035245891,0.00455958,0.4843659,0.5266107,0.13165267
43562,0.19107251,0.0026216868,0.3795233,0.33078545,0.0,0.33078545,0.08269636
43565,0.021569796,0.0026605707,0.040479023,0.044810653,0.0,0.044810653,0.011202663
43567,0.010052724,0.00060566276,0.019499784,0.015514207,0.39899734,0.39036012,0.09759003
43570,0.04724585,0.003109439,0.091382265,0.07305776,0.0,0.07305776,0.01826444
43573,0.05240688,0.0007641199,0.104049645,0.10245472,1.3790776,1.6566778,0.41416946
43575,0.0038554233,0.00055218063,0.0071586664,0.0057691187,0.35096133,0.34720194,0.086800486
43578,0.21008535,0.0016274924,0.41854322,0.46310404,0.0,0.46310404,0.11577601
43580,0.03865839,0.00057556055,0.07674122,0.08102686,1.089379,1.3295263,0.33238158
43583,0.08876801,0.0010906238,0.17644541,0.16157706,0.0,0.16157706,0.040394265
43586,0.017891472,0.0009812127,0.034801733,0.039667934,0.0,0.039667934,0.009916984
43588,0.053097982,0.0011996807,0.10499629,0.09178574,0.0,0.09178574,0.022946434
43591,0.060656507,0.0005179441,0.12079507,0.1220269,1.3011013,1.6684643,0.41711608
43593,0.0042152177,0.00050843257,0.007922003,0.006024917,0.4460906,0.42142752,0.10535688
43596,0.026593192,0.00047724173,0.052709144,0.05501288,0.018471165,0.06929964,0.01732491
43599,0.02598507,0.0010507848,0.050919354,0.058287356,0.0,0.058287356,0.014571839
43601,0.057320815,0.00042462014,0.114217006,0.11311843,0.05037351,0.17634809,0.044087023
43604,0.47514117,0.00082718785,0.9494552,0.92254686,0.0,0.92254686,0.23063672
43606,0.2802445,0.0009292103,0.5595598,0.5320197,0.0,0.5320197,0.13300492
43609,0.03565126,0.0009822149,0.0703203,0.06301701,0.0,0.06301701,0.015754253
43612,0.0146976365,0.0007361405,0.028659133,0.02573386,0.0,0.02573386,0.006433465
43614,0.5637228,0.00092583615,1.1265197,1.0899546,0.0,1.0899546,0.27248865
43617,0.12680842,0.0011421767,0.25247467,0.2776929,0.0,0.2776929,0.06942323
43620,0.040143225,0.00038461038,0.079901844,0.08131475,0.014711142,0.10693938,0.026734846
43622,0.23594467,0.0011246604,0.47076467,0.4358437,0.0,0.4358437,0.10896093
43625,0.0020081855,0.00039498555,0.0036213852,0.004054421,0.33245602,0.32012543,0.08003136
43627,0.032786522,0.00044874544,0.0651243,0.06551198,0.050188195,0.090088814,0.022522204
43630,0.07166478,0.0004272098,0.14290236,0.14877947,1.131987,1.1821805,0.29554513
43633,0.020735526,0.00139406,0.040076993,0.041295547,0.0,0.041295547,0.010323887
43635,0.12214329,0.0012388612,0.24304771,0.21607275,0.0,0.21607275,0.05401819
43638,0.8294355,0.0017463542,1.6571246,1.5929824,0.0,1.5929824,0.3982456
43640,0.032012288,0.0005827626,0.06344181,0.06088963,0.04820479,0.102988414,0.025747104
43643,0.034670457,0.0016682324,0.06767268,0.060438793,0.0,0.060438793,0.015109698
43646,0.031146623,0.00043422493,0.061859023,0.058851365,0.49985108,0.3798639,0.09496597
43648,0.7597737,0.0014052162,1.5181421,1.4457666,0.0,1.4457666,0.36144164
43651,0.14532112,0.0017114738,0.28893077,0.250887,0.0,0.250887,0.06272175
43653,0.28956333,0.0017960869,0.5773305,0.6325303,0.0,0.6325303,0.15813257
43656,0.17816718,0.0015643415,0.35477003,0.39485845,0.0,0.39485845,0.09871461
43659,0.029038658,0.0005596024,0.05751771,0.05779801,0.04756242,0.12346059,0.030865148
43661,0.03164986,0.0004385952,0.06286112,0.05870944,0.8583562,0.6327847,0.15819618
43664,0.041244492,0.0016309122,0.080858074,0.081574954,0.0,0.081574954,0.020393739
43667,0.0053121205,0.0005399186,0.010084323,0.0072169583,0.31282416,0.26691636,0.06672909
43669,0.46546686,0.0022634252,0.92867035,0.8472197,0.0,0.8472197,0.21180493
43672,0.008884627,0.0005876621,0.017181592,0.014299199,0.21009226,0.22961056,0.05740264
43674,0.10287842,0.0024960067,0.20326084,0.16598889,0.0,0.16598889,0.041497223
43677,0.048760995,0.002680991,0.094841,0.118030965,0.0,0.118030965,0.029507741
43680,0.005924607,0.0006982695,0.011150945,0.008231804,0.33239996,0.3558899,0.08897247
43682,0.019789686,0.0007060833,0.03887329,0.037726942,0.073498785,0.13799411,0.034498528
43685,0.13903476,0.0026434518,0.2754261,0.24397187,0.0,0.24397187,0.060992967
43687,0.027111039,0.0006276442,0.053594436,0.056904126,0.9454078,1.1011605,0.27529013
43690,0.006081912,0.0006449527,0.0115188705,0.009222247,0.3851227,0.309083,0.07727075
43693,0.013525316,0.00063813763,0.026412494,0.024242826,0.0060339696,0.03153947,0.0078848675
43695,0.16640347,0.002741567,0.33006537,0.28319976,0.0,0.28319976,0.07079994
43698,0.00417826,0.00065562315,0.0077008973,0.008490522,0.1828593,0.1391663,0.034791574
43700,0.07304672,0.0027779427,0.14331551,0.16553026,0.0,0.16553026,0.041382566
43703,0.021001428,0.0026980948,0.039304763,0.048811015,0.0,0.048811015,0.012202754
43706,0.8166774,0.0026391705,1.6307157,1.514067,0.0,1.514067,0.37851676
43708,0.005961861,0.0005770162,0.011346705,0.010043543,0.3762355,0.37730184,0.09432546
43711,0.023586994,0.0006123385,0.046561647,0.048707116,0.77843505,0.78838617,0.19709654
43714,0.24172693,0.0029613543,0.4804925,0.41752875,0.0,0.41752875,0.10438219
43716,0.02921286,0.00065259455,0.057773124,0.055135835,0.60185117,0.58070874,0.14517719
43719,0.27033576,0.0030743342,0.5375972,0.6074138,0.0,0.6074138,0.15185346
43721,0.19379075,0.0029913385,0.38459018,0.3234863,0.0,0.3234863,0.080871575
43724,0.038645964,0.00078823155,0.0765037,0.07461561,0.98516846,1.0747294,0.26868236
43727,0.0023380222,0.00080708676,0.0038689577,0.004124109,0.55040616,0.58818865,0.14704716
43729,0.023141446,0.000808824,0.045474067,0.045234066,0.027277285,0.06607643,0.016519107
43732,0.0046577975,0.00076595065,0.008549645,0.011211996,0.17062986,0.11859081,0.029647702
43734,0.076166935,0.0027565311,0.14957735,0.14211057,0.0,0.14211057,0.035527643
43737,0.80961484,0.0029706794,1.616259,1.4893745,0.0,1.4893745,0.37234363
43740,0.023551783,0.00097512297,0.04612844,0.044440266,0.053576767,0.112731166,0.028182792
43742,0.0065938444,0.0012695914,0.011918098,0.0087753,0.21652757,0.22201109,0.055502772
43745,0.018360795,0.001495347,0.035226244,0.039306495,0.011412583,0.06133656,0.01533414
43747,0.09103791,0.0040525794,0.17802323,0.19893791,0.0,0.19893791,0.049734477
43750,0.044425488,0.0013194623,0.087531514,0.07324195,0.8593927,0.59114087,0.14778522
43753,0.13354228,0.0035375014,0.26354706,0.21285951,0.0,0.21285951,0.053214878
43755,0.0044055097,0.0011489062,0.0076621133,0.0057861037,0.3583142,0.30663693,0.07665923
43758,0.016388312,0.0011522685,0.031624354,0.027149329,0.0075344183,0.039238494,0.0098096235
43761,0.034172755,0.0015745983,0.06677091,0.06880747,0.021294251,0.09106377,0.022765942
43763,0.024796827,0.0016489169,0.047944736,0.0446918,0.99527645,1.047335,0.26183376
43766,0.05138886,0.0044697374,0.09830799,0.13432068,0.0,0.13432068,0.03358017
43768,0.017563561,0.0017572517,0.033369873,0.0364673,0.01397263,0.06555405,0.016388513
43771,0.026101785,0.0016573382,0.050546233,0.054120343,0.9611268,1.1304728,0.2826182
43774,0.0029228935,0.0015204832,0.0043253037,0.0070355795,0.5484497,0.60515124,0.15128781
43776,0.0044212854,0.0015467248,0.0072958455,0.009804021,0.2211539,0.16660802,0.041652005
43779,0.006972166,0.0016329881,0.012311343,0.007637002,0.45651284,0.5004248,0.1251062
43781,0.03330042,0.0015412341,0.0650596,0.06269389,1.0660284,1.1087773,0.27719432
43784,0.08130281,0.003701648,0.15890397,0.121521294,0.0,0.121521294,0.030380324
43787,0.35264134,0.0041568917,0.7011258,0.60734504,0.0,0.60734504,0.15183626
43789,0.03157745,0.001758459,0.061396435,0.053103257,0.5075092,0.42079923,0.10519981
43792,0.01240433,0.004163408,0.020645253,0.02237986,0.0,0.02237986,0.005594965
43794,0.46330407,0.0044011176,0.92220706,1.0377257,0.0,1.0377257,0.25943142
43797,0.023096688,0.0040283045,0.04216507,0.04525654,0.0,0.04525654,0.011314135
43800,0.20322655,0.0036473034,0.4028058,0.46899417,0.0,0.46899417,0.11724854
43802,0.34762284,0.0031251374,0.69212055,0.7778694,0.0,0.7778694,0.19446735
43805,0.13852629,0.0028185574,0.27423403,0.2949928,0.0,0.2949928,0.0737482
43808,0.0026310075,0.0011403318,0.004121683,0.0043106414,0.37053624,0.37047103,0.09261776
43810,0.08556018,0.003910867,0.1672095,0.21374725,0.0,0.21374725,0.053436812
43813,0.0068609193,0.0018368171,0.011885021,0.010393802,0.34285632,0.3136721,0.078418024
43815,0.019704409,0.0018169889,0.03759183,0.04658198,0.012432507,0.07300872,0.01825218
43818,0.05233146,0.0014728528,0.103190064,0.09281244,0.085306406,0.10903853,0.027259633
43821,0.2820808,0.0043333177,0.5598283,0.47044015,0.0,0.47044015,0.11761004
43823,0.101245135,0.004579618,0.19791065,0.23083197,0.0,0.23083197,0.05770799
43826,0.027603522,0.004858042,0.050349,0.059541497,0.0,0.059541497,0.014885374
43828,0.015242039,0.005470183,0.025013894,0.030596888,0.0,0.030596888,0.007649222
43831,0.16778477,0.0057942774,0.32977524,0.39805636,0.0,0.39805636,0.09951409
43834,0.0057249814,0.0020245516,0.009425411,0.0068217344,0.16677046,0.14015657,0.03503914
43836,0.014368539,0.0019399822,0.026797095,0.026103102,0.01646098,0.03561276,0.00890319
43839,0.027630186,0.002169082,0.053091288,0.06312715,0.037704527,0.14391963,0.035979908
43841,0.0032767642,0.002259151,0.0042943773,0.0047939424,0.40233997,0.39443207,0.09860802
43844,0.039698955,0.005204639,0.07419327,0.04803455,0.0,0.04803455,0.012008637
43847,0.037696373,0.0023786726,0.07301407,0.06890632,0.033989996,0.10581243,0.026453108
43849,0.0405054,0.0026370652,0.07837374,0.07994092,1.0588179,1.1826509,0.29566273
43852,0.10283566,0.0054491586,0.20022218,0.23460639,0.0,0.23460639,0.058651596
43855,0.099558674,0.0054891,0.19362825,0.15061246,0.0,0.15061246,0.037653115
43857,0.36312792,0.0057650213,0.72049075,0.8427898,0.0,0.8427898,0.21069746
43860,0.042942394,0.0023994625,0.08348533,0.074851915,0.048181403,0.14721374,0.036803436
43862,0.006529813,0.0025396848,0.010519941,0.009909852,0.354568,0.31547436,0.07886859
43865,0.010407607,0.0020474533,0.018767761,0.012459149,0.34623352,0.36165228,0.09041307
43868,0.18669827,0.0039963364,0.36940023,0.3230461,0.0,0.3230461,0.08076152
43870,0.002500646,0.0016008193,0.003400473,0.0041556605,0.38887572,0.41028118,0.102570295
43873,0.024364678,0.0035618462,0.04516751,0.052211326,0.0,0.052211326,0.013052831
43875,0.02599705,0.001596693,0.050397407,0.048026603,0.7193025,0.6811264,0.1702816
43878,0.65368205,0.0024289628,1.3049351,1.2130042,0.0,1.2130042,0.30325106
43881,0.081712134,0.0025127577,0.16091152,0.18901803,0.0,0.18901803,0.047254506
43883,0.018580526,0.0013936298,0.03576742,0.038408045,0.021166587,0.0687882,0.01719705
43886,0.31420633,0.0021929347,0.62621975,0.6864176,0.0,0.6864176,0.1716044
43888,0.031800926,0.0012187682,0.062383085,0.07105258,0.049515292,0.16481668,0.04120417
43891,0.6014343,0.0017639762,1.2011046,1.256801,0.0,1.256801,0.31420025
43894,0.70423007,0.0017685475,1.4066916,1.3558058,0.0,1.3558058,0.33895144
43896,0.15077755,0.0018523363,0.29970276,0.2823817,0.0,0.2823817,0.07059543
43899,0.0027300094,0.0010993453,0.004360674,0.0051982366,0.40969148,0.4431579,0.11078948
43902,0.045618445,0.0014935015,0.08974338,0.106465496,0.0,0.106465496,0.026616374
43904,0.15940645,0.0013573449,0.31745556,0.32443064,0.0,0.32443064,0.08110766
43907,0.034927536,0.0013995558,0.06845551,0.08075643,0.0,0.08075643,0.020189108
43909,0.014321022,0.0014655191,0.027176524,0.020654831,0.0,0.020654831,0.005163708
43912,0.07377713,0.0013170992,0.14623715,0.14933698,0.0,0.14933698,0.037334245
43915,0.0034933398,0.0009643769,0.0060223024,0.0058174524,0.34306765,0.3162924,0.0790731
43917,0.021328717,0.0011840605,0.041473374,0.03458537,0.0,0.03458537,0.008646343
43920,0.5721654,0.00084644154,1.1434845,1.1718212,0.0,1.1718212,0.2929553
43922,0.18311876,0.00086493156,0.36537257,0.3566676,0.0,0.3566676,0.0891669
43925,0.0026554223,0.000782809,0.004528036,0.0039234483,0.3850888,0.3848827,0.09622067
43928,0.022957578,0.00079499435,0.045120165,0.049577784,0.033860058,0.098302044,0.024575511
43930,0.0480367,0.000648746,0.09542465,0.10300469,0.0,0.10300469,0.025751172
43933,0.028424205,0.0006436541,0.056204755,0.049641132,0.0,0.049641132,0.012410283
43935,0.016253352,0.0009858035,0.0315209,0.028801983,0.3235252,0.2414494,0.06036235
43938,0.027002392,0.000631536,0.053373247,0.050568815,0.0,0.050568815,0.012642204
43941,0.13046516,0.0005710979,0.26035926,0.26113927,0.0,0.26113927,0.06528482
43943,0.015901683,0.00088095275,0.030922415,0.029911084,0.039629925,0.088158615,0.022039654
43946,0.02722568,0.0007668566,0.053684503,0.054048825,1.0227541,1.1266608,0.2816652
43949,0.0058606616,0.00084264885,0.010878675,0.010426489,0.44627234,0.4956356,0.1239089
43951,0.18540226,0.0004895713,0.37031496,0.37447032,0.0,0.37447032,0.09361758
43954,0.11316902,0.00053078606,0.22580726,0.22804125,0.0,0.22804125,0.05701031
43956,0.016758794,0.0009641675,0.03255342,0.029905625,0.020509014,0.045724098,0.011431024
43959,0.021728784,0.0008415898,0.04261598,0.039049,0.5918537,0.51640916,0.12910229
43962,0.054786026,0.0006780797,0.10889397,0.11156455,0.12915446,0.21609478,0.054023694
43964,0.024097487,0.0006166252,0.04757835,0.045493502,0.026370352,0.08856222,0.022140555
43967,0.121716864,0.00049974996,0.24293399,0.2445509,0.0,0.2445509,0.061137725
43969,0.023808943,0.0006233843,0.046994504,0.045534838,0.050519925,0.10945483,0.027363708
43972,0.036403302,0.0004895054,0.0723171,0.06656174,0.0,0.06656174,0.016640436
43975,0.0034144886,0.0006641943,0.006164783,0.004396139,0.27429053,0.24732624,0.06183156
43977,0.016916865,0.00063609605,0.033197634,0.036516067,0.8041741,0.7512911,0.18782277
43980,0.075380355,0.00046474193,0.15029597,0.15454298,0.0,0.15454298,0.038635746
43982,0.04433693,0.00043702274,0.08823684,0.090456165,0.0,0.090456165,0.022614041
43985,0.052522454,0.00047894972,0.104565956,0.103798114,1.1679505,1.6252851,0.4063213
43988,0.0019284552,0.00037411647,0.0034827942,0.003158383,0.38535514,0.37506595,0.09376649
43990,0.028540725,0.00042420873,0.056657244,0.05579834,1.0666952,1.1634446,0.29086116
43993,0.32559094,0.00045148807,0.65073043,0.6672961,0.0,0.6672961,0.16682403
43996,0.037460066,0.0005409484,0.07437918,0.073300086,0.0,0.073300086,0.018325021
43998,0.028690586,0.0005838464,0.056797326,0.054352764,0.0,0.054352764,0.013588191
44001,0.03713661,0.0005091925,0.07376403,0.07143048,0.0,0.07143048,0.01785762
44003,0.26035285,0.0005403432,0.5201654,0.53197783,0.0,0.53197783,0.13299446
44006,0.2682508,0.000655984,0.53584564,0.5518722,0.0,0.5518722,0.13796805
44009,0.0041630194,0.00038973708,0.007936302,0.007112076,0.5699828,0.6405944,0.1601486
44011,0.111782394,0.00083661475,0.22272818,0.24200869,0.0,0.24200869,0.06050217
44014,0.034411598,0.0003822726,0.06844092,0.07198552,0.7443972,0.77759165,0.19439791
44016,0.049815763,0.00037352086,0.099258006,0.09467348,1.2492124,1.396944,0.349236
44019,0.04241055,0.00035841213,0.08446268,0.08450431,0.7125202,0.7696829,0.19242072
44022,0.48752892,0.000837719,0.9742201,1.0149959,0.0,1.0149959,0.25374898
44024,0.0067425002,0.00039278858,0.013092212,0.014186732,0.23784237,0.17427401,0.043568503
44027,0.086724035,0.0010250991,0.17242296,0.15239136,0.0,0.15239136,0.03809784
44029,0.38538793,0.0010465492,0.7697293,0.8150358,0.0,0.8150358,0.20375896
44032,0.03216871,0.00041598614,0.06392143,0.061842304,1.0531154,1.1485099,0.28712747
44035,0.20353758,0.0012381757,0.40583697,0.44309998,0.0,0.44309998,0.110774994
44037,0.021050254,0.00039714438,0.041703362,0.03879783,0.02611436,0.08152062,0.020380154
44040,0.27588335,0.0011470116,0.55061966,0.5131836,0.0,0.5131836,0.1282959
44043,0.2691009,0.0011352095,0.53706664,0.578326,0.0,0.578326,0.1445815
44045,0.031970892,0.00038793412,0.06355385,0.06319728,0.07277755,0.17511122,0.043777805
44048,0.08478078,0.0013685437,0.16819303,0.17725019,0.0,0.17725019,0.044312548
44050,0.15514694,0.0013611712,0.30893272,0.3398039,0.0,0.3398039,0.084950976
44053,0.026838154,0.00036731487,0.053308994,0.05156797,0.74429005,0.53899527,0.13474882
44056,0.016279161,0.0014992151,0.031059107,0.035948846,0.0,0.035948846,0.008987212
44058,0.016886292,0.0003973073,0.033375278,0.032052625,0.024506927,0.05998313,0.014995783
44061,0.21175413,0.0018309845,0.42167726,0.3756453,0.0,0.3756453,0.09391133
44063,0.14337729,0.0019793964,0.28477517,0.32794365,0.0,0.32794365,0.08198591
44066,0.6698227,0.002051429,1.337594,1.2504904,0.0,1.2504904,0.3126226
44069,0.0032838657,0.00047437008,0.006093361,0.005256597,0.1762203,0.14573108,0.03643277
44071,0.12300386,0.0019189799,0.24408875,0.22047634,0.0,0.22047634,0.055119086
44074,0.05397391,0.00042093315,0.107526876,0.1059854,1.1050528,1.2728181,0.31820452
44077,0.06935655,0.0004222161,0.13829088,0.13534518,1.0550762,1.1694916,0.2923729
44079,0.058256492,0.0017225273,0.11479046,0.09912772,0.0,0.09912772,0.02478193
44082,0.0048294743,0.000453855,0.009205094,0.007339951,0.27010915,0.2160505,0.054012626
44084,0.015380618,0.0005014434,0.030259794,0.032418672,0.025615828,0.042557437,0.010639359
44087,0.1832621,0.0019919057,0.36453226,0.3179045,0.0,0.3179045,0.079476126
44090,0.036369685,0.0005044649,0.072234906,0.06625894,0.03640214,0.12921591,0.032303978
44092,0.053351313,0.0020451103,0.10465751,0.10784621,0.0,0.10784621,0.026961552
44095,0.035958346,0.00050375966,0.071412936,0.06832398,0.055780757,0.09667642,0.024169104
44097,0.04870606,0.0004534653,0.09695866,0.09817807,1.3551555,1.65916,0.41479
44100,0.027165331,0.001733824,0.052596837,0.055181514,0.0,0.055181514,0.013795379
44103,0.49517915,0.0018225437,0.9885357,0.9224677,0.0,0.9224677,0.23061693
44105,0.028740684,0.00046709148,0.057014275,0.06294524,0.06562955,0.09548912,0.02387228
44108,0.36911204,0.0019707268,0.73625344,0.806376,0.0,0.806376,0.201594
44110,0.010407089,0.00046940098,0.020344777,0.01830905,0.008528623,0.027297132,0.006824283
44113,0.034728386,0.00043161737,0.06902515,0.06929218,1.1604981,1.2507182,0.31267956
44116,0.023047058,0.0019109013,0.044183213,0.050014425,0.0,0.050014425,0.012503606
44118,0.013274339,0.00048207643,0.026066601,0.026300425,0.0059428397,0.029180223,0.007295056
44121,0.30525023,0.0022478027,0.60825264,0.5421011,0.0,0.5421011,0.13552527
44124,0.025409399,0.00057720946,0.050241586,0.04494999,0.49541077,0.41794065,0.10448516
44126,0.016909678,0.00063160504,0.03318775,0.03242259,0.047608957,0.08448254,0.021120636
44129,0.33245817,0.0026254968,0.6622909,0.7354247,0.0,0.7354247,0.18385617
44131,0.09886557,0.0026525103,0.19507863,0.21890791,0.0,0.21890791,0.054726977
44134,0.1900052,0.0026606752,0.37734973,0.43331417,0.0,0.43331417,0.10832854
44137,0.027032912,0.00075149426,0.05331433,0.046532452,0.6731494,0.48302743,0.12075686
44139,0.03239027,0.0007358587,0.064044684,0.0647651,0.039003137,0.12219169,0.030547922
44142,0.024532741,0.0009024269,0.048163053,0.048511606,0.021686649,0.086650334,0.021662584
44144,0.020188116,0.0008527779,0.039523453,0.0413881,0.040564876,0.060329307,0.015082327
44147,0.04046144,0.0007814681,0.08014142,0.07874675,1.0641757,1.2042135,0.30105338
44150,0.028608596,0.0008024651,0.056414723,0.04972117,0.80410075,0.6363445,0.15908612
44152,0.027687736,0.0009259696,0.054449502,0.05507062,0.042252272,0.12241874,0.030604685
44155,0.019510398,0.0027764745,0.03624432,0.029465675,0.0,0.029465675,0.007366419
44157,0.095630474,0.002909322,0.18835163,0.20638426,0.0,0.20638426,0.051596064
44160,0.43448004,0.0029039697,0.86605614,0.7788585,0.0,0.7788585,0.19471462
44163,0.17893332,0.0026381498,0.3552285,0.30104518,0.0,0.30104518,0.075261295
44165,0.06241903,0.0028462466,0.12199181,0.12600492,0.0,0.12600492,0.03150123
44168,0.060580555,0.0008152007,0.12034591,0.12668939,1.2259381,1.6721745,0.4180436
44171,0.3045781,0.0024777283,0.6066784,0.5392098,0.0,0.5392098,0.13480245
44173,0.007607265,0.0008674862,0.014347044,0.010576299,0.29390642,0.21566512,0.05391628
44176,0.19626671,0.0027771713,0.38975623,0.4481475,0.0,0.4481475,0.11203688
44178,0.04983944,0.002773016,0.096905865,0.08182233,0.0,0.08182233,0.020455582
44181,0.0020978905,0.0009001217,0.0032956593,0.0046525956,0.36552396,0.38372895,0.09593224
44184,0.0048281257,0.00085593684,0.008800314,0.007024292,0.20343918,0.18424238,0.046060596
44186,0.028400352,0.0009381228,0.05586258,0.05028732,0.021089265,0.085093,0.02127325
44189,0.010373109,0.0010267715,0.019719446,0.024572616,0.22560887,0.15116663,0.03779166
44191,0.089334525,0.0030274484,0.17564161,0.21465822,0.0,0.21465822,0.053664554
44194,0.042312916,0.0032866327,0.081339195,0.09497235,0.0,0.09497235,0.023743087
44197,0.23231184,0.0031065072,0.46151718,0.5252952,0.0,0.5252952,0.1313238
44199,0.15786819,0.0027961945,0.3129402,0.26736256,0.0,0.26736256,0.06684064
44202,0.041438032,0.00090990326,0.081966154,0.079460405,0.7735465,0.9301018,0.23252545
44204,0.0121614365,0.0010279772,0.023294896,0.022176513,0.012846433,0.030898416,0.007724604
44207,0.17404006,0.0034280296,0.3446521,0.4037056,0.0,0.4037056,0.1009264
44210,0.0044068615,0.00096412655,0.007849596,0.008640282,0.16483526,0.121895276,0.030473819
44212,0.058431074,0.0009065827,0.11595556,0.122431695,0.023533573,0.16380197,0.040950492
44215,0.0028953694,0.00093518937,0.0048555494,0.004355756,0.37156525,0.37119272,0.09279818
44218,0.0046807243,0.0006970165,0.008664432,0.0073296144,0.47017184,0.47492352,0.11873088
44220,0.007686969,0.0007150413,0.014658897,0.012391556,0.40187204,0.4130837,0.103270926
44223,0.002335111,0.00056656916,0.0041036527,0.0045758183,0.34757006,0.32991472,0.08247868
44225,0.0077507603,0.000501736,0.0149997845,0.013921693,0.0037359595,0.016970836,0.004242709
44228,0.056537744,0.00042159375,0.11265389,0.11598889,1.320099,1.5225302,0.38063255
44231,0.0078563085,0.00042856552,0.015284051,0.01446188,0.22137,0.24208945,0.060522363
44233,0.028161788,0.00046469932,0.05585888,0.056220114,0.045454275,0.1327357,0.033183925
44236,0.113503106,0.0019031698,0.22510304,0.26171473,0.0,0.26171473,0.06542868
44238,0.0023275628,0.00048069996,0.0041744257,0.0039509716,0.5030196,0.523248,0.130812
44241,0.028313175,0.00044137923,0.056184974,0.05145021,0.045389026,0.044764172,0.011191043
44244,0.050045624,0.002172841,0.09791841,0.12120674,0.0,0.12120674,0.030301685
44246,0.019028896,0.0019978264,0.036059964,0.039085794,0.0,0.039085794,0.009771449
44249,0.26599637,0.0020282874,0.52996445,0.5917781,0.0,0.5917781,0.14794452
44251,0.027236024,0.0018613199,0.05261073,0.053437904,0.0,0.053437904,0.013359476
44254,0.19439763,0.0015873284,0.38720796,0.34735718,0.0,0.34735718,0.086839296
44257,0.2141551,0.0019986692,0.42631152,0.47038355,0.0,0.47038355,0.11759589
44259,0.41882846,0.002603486,0.83505344,0.75737554,0.0,0.75737554,0.18934388
44262,0.050480057,0.00072152173,0.10023859,0.10041427,1.0156933,1.0176451,0.25441128
44265,0.039509427,0.0009038016,0.07811505,0.08559797,0.04147344,0.18309732,0.04577433
44267,0.07843756,0.003134074,0.15374105,0.18086796,0.0,0.18086796,0.04521699
44270,0.042139366,0.0009741976,0.08330453,0.07940274,0.7924437,0.94800276,0.23700069
44272,0.16801387,0.0033151198,0.33271262,0.28953516,0.0,0.28953516,0.07238379
44275,0.040992722,0.00096009346,0.081025355,0.08508191,1.1714784,1.3229312,0.3307328
44278,0.5380072,0.0028464869,1.0731679,1.1691818,0.0,1.1691818,0.29229546
44280,0.020313816,0.0010282904,0.03959934,0.041019738,0.039191276,0.091664314,0.022916079
44283,0.007017819,0.0011220117,0.012913627,0.009698945,0.40930972,0.4356331,0.10890827
44285,0.00427451,0.0013276507,0.007221369,0.006931832,0.27661443,0.2575889,0.06439722
44288,0.013450061,0.0011337991,0.025766322,0.028984398,0.41251042,0.33760116,0.08440029
44291,0.09899697,0.0034292098,0.19456472,0.15064932,0.0,0.15064932,0.03766233
44293,0.01736186,0.0013613133,0.033362407,0.028753126,0.013550448,0.050375283,0.012593821
44296,0.007277632,0.0014241239,0.013131141,0.015161053,0.3519031,0.29098058,0.072745144
44298,0.007291231,0.001501884,0.013080577,0.013390403,0.4030287,0.4365728,0.1091432
44301,0.58014494,0.0038652301,1.1564246,1.0419368,0.0,1.0419368,0.2604842
44304,0.1915778,0.003769951,0.37938568,0.31009817,0.0,0.31009817,0.07752454
44306,0.038318995,0.0017111902,0.0749268,0.07253415,1.054654,1.1637483,0.29093707
44309,0.023153199,0.0035189055,0.042787492,0.038026735,0.0,0.038026735,0.009506684
44312,0.044570778,0.0017462027,0.08739535,0.08201971,0.100537576,0.2121997,0.053049926
44314,0.059163067,0.0040851114,0.11424103,0.12455844,0.0,0.12455844,0.03113961
44317,0.1577634,0.004663342,0.31086347,0.24363415,0.0,0.24363415,0.060908537
44319,0.0082248505,0.0027243088,0.0137253925,0.0076035,0.36508346,0.34565982,0.086414956
44322,0.010012423,0.0031871079,0.016837737,0.011677441,0.28452486,0.29266986,0.073167466
44325,0.053612147,0.0035066518,0.10371765,0.101480715,1.1706659,1.3908142,0.34770355
44327,0.07331008,0.0069248485,0.1396953,0.1429441,0.0,0.1429441,0.035736024
44330,0.032401595,0.0039408486,0.060862344,0.054748956,0.03037677,0.089681506,0.022420377
44332,0.07294655,0.007274911,0.13861819,0.20534678,0.0,0.20534678,0.051336695
44335,0.05049394,0.0043491046,0.09663878,0.090012275,1.2810556,1.4536988,0.3634247
44338,0.012054932,0.0050205663,0.0190893,0.029508745,0.30877498,0.22917797,0.05729449
44340,0.12971722,0.00925028,0.25018415,0.19130152,0.0,0.19130152,0.04782538
44343,0.13019945,0.010137114,0.25026178,0.3455015,0.0,0.3455015,0.08637538
44345,0.010357863,0.006603118,0.014112608,0.0043437737,0.23668736,0.19787347,0.04946837
44348,0.35861263,0.011179644,0.7060456,0.55069345,0.0,0.55069345,0.13767336
44351,0.03143646,0.0075309337,0.055341985,0.05114308,0.025842974,0.09038502,0.022596255
44353,0.016690793,0.0076860287,0.025695557,0.016728424,0.009135508,0.020595083,0.0051487708
44356,0.05842768,0.013269958,0.1035854,0.07119753,0.0,0.07119753,0.017799383
44359,0.0112992115,0.008221472,0.01437695,0.005490323,0.38015768,0.35360852,0.08840213
44361,0.033884026,0.008429855,0.059338197,0.05635943,0.8605261,0.99055463,0.24763866
44364,0.195394,0.013555892,0.3772321,0.26049605,0.0,0.26049605,0.06512401
44366,0.011035338,0.008646879,0.013423798,0.003988558,0.28317252,0.27877387,0.06969347
44369,0.20135842,0.013100321,0.38961652,0.5301259,0.0,0.5301259,0.13253148
44372,0.051452994,0.012366898,0.09053909,0.1473332,0.0,0.1473332,0.0368333
44374,0.050361935,0.0075878836,0.09313599,0.10080647,0.09696419,0.13240595,0.033101488
44377,0.04021935,0.011858869,0.06857983,0.04875907,0.0,0.04875907,0.012189767
44379,0.13093723,0.011527884,0.25034657,0.1679465,0.0,0.1679465,0.041986626
44382,0.015383276,0.00702833,0.02373822,0.014697063,0.5003925,0.5492371,0.13730927
44385,0.308673,0.01267327,0.60467273,0.45918262,0.0,0.45918262,0.114795655
44387,0.092787355,0.012465299,0.17310941,0.21694879,0.0,0.21694879,0.054237198
44390,0.008253741,0.0071609714,0.00934651,0.0056807413,0.30877593,0.2938961,0.07347403
44392,0.29317114,0.012567391,0.5737749,0.43455252,0.0,0.43455252,0.10863813
44395,0.0292143,0.006431459,0.05199714,0.053119186,0.7093282,0.701438,0.1753595
44398,0.37544486,0.010998408,0.7398913,0.8787108,0.0,0.8787108,0.2196777
44400,0.15692042,0.009917245,0.3039236,0.24572475,0.0,0.24572475,0.061431188
44403,0.7682574,0.012245008,1.5242697,1.2956158,0.0,1.2956158,0.32390395
44406,0.49860963,0.014285234,0.982934,1.2036091,0.0,1.2036091,0.30090228
44408,0.04907106,0.0089148395,0.08922728,0.07851327,0.63797873,0.6699564,0.1674891
44411,0.01977488,0.009535807,0.030013954,0.0161966,0.47870085,0.47915617,0.11978904
44413,0.009003323,0.009398698,0.008607947,0.012863065,0.24351007,0.19961365,0.04990341
44416,0.034320388,0.0086856065,0.059955176,0.041632432,0.032619156,0.084139444,0.021034861
44419,0.121035725,0.010205767,0.23186569,0.18571877,0.0,0.18571877,0.046429694
44421,0.11982563,0.010098067,0.22955321,0.18429315,0.0,0.18429315,0.046073288
44424,0.20164782,0.0090599805,0.39423564,0.44634938,0.0,0.44634938,0.111587346
44426,0.0621127,0.0070014545,0.11722395,0.08978904,1.0847065,1.434446,0.3586115
44429,0.22806394,0.007868251,0.44825962,0.5090401,0.0,0.5090401,0.12726003
44432,0.16262825,0.0072232014,0.31803328,0.27557868,0.0,0.27557868,0.06889467
44434,0.013386059,0.004840268,0.02193185,0.010313512,0.40045524,0.43283066,0.108207665
44437,0.8621188,0.0063907504,1.7178469,1.5477883,0.0,1.5477883,0.38694707
44439,0.042392045,0.004224435,0.08055965,0.086535014,0.6552655,0.8183357,0.20458393
44442,0.025528243,0.0033414837,0.047714997,0.04293753,0.021446427,0.06416131,0.016040327
44445,0.18711084,0.0035186887,0.37070298,0.3468744,0.0,0.3468744,0.0867186
44447,0.02830685,0.0023613728,0.054252326,0.052510094,0.01623892,0.075944476,0.018986119
44450,0.034660023,0.0018210196,0.06749902,0.06590856,0.790369,0.9762318,0.24405795
44453,0.038255814,0.0018020645,0.074709564,0.071723886,0.037927713,0.111535005,0.027883751
44455,0.027162924,0.0017283604,0.05259749,0.05029908,0.5044199,0.5257117,0.13142793
44458,0.5967338,0.0023455916,1.191122,1.1394664,0.0,1.1394664,0.2848666
44460,0.010305386,0.0020085466,0.018602226,0.018727167,0.40197268,0.38307026,0.095767565
44463,0.02190396,0.0025426915,0.041265227,0.03154375,0.3234978,0.36004686,0.090011716
44466,0.09875766,0.0034022313,0.19411309,0.19192666,1.1413876,1.7539686,0.43849215
44468,0.0060170204,0.0041097663,0.007924275,0.0053825155,0.21691133,0.18632007,0.046580017
44471,0.07999248,0.003692234,0.15629274,0.16148277,1.2448603,1.7669991,0.44174978
44473,0.0048668743,0.0037745696,0.0059591793,0.006595095,0.33700252,0.36420345,0.09105086
44476,0.09405127,0.0038326448,0.1842699,0.17018051,0.0,0.17018051,0.04254513
44479,0.20745444,0.004282146,0.41062674,0.3935884,0.0,0.3935884,0.0983971
44481,0.5028904,0.003958551,1.0018222,1.0382634,0.0,1.0382634,0.25956586
44484,0.006014161,0.0040596346,0.0079686865,0.0058049597,0.11762079,0.10964519,0.027411297
44486,0.05222024,0.004303842,0.10013664,0.07908366,0.059743565,0.056376457,0.014094114
44489,0.11366942,0.0050478666,0.22229098,0.21020691,0.0,0.21020691,0.052551728
44492,0.004888334,0.00449595,0.005280718,0.014857995,0.24714868,0.27751875,0.06937969
44494,0.18556662,0.004042822,0.36709043,0.3367888,1.2769414,1.826492,0.456623
44497,0.02300857,0.003837603,0.04217954,0.030846229,0.5484027,0.54499215,0.13624804
44500,0.12931702,0.004641353,0.25399268,0.23429383,0.0,0.23429383,0.05857346
44502,0.0059015225,0.0042771096,0.0075259353,0.006831741,0.27261117,0.2590438,0.06476095
44505,0.050795246,0.004480984,0.097109504,0.11344115,0.07460304,0.246,0.0615
44507,0.042363793,0.0052123205,0.07951526,0.105913974,0.0,0.105913974,0.026478494
44510,0.040978316,0.004352868,0.077603765,0.055965465,0.0,0.055965465,0.013991366
44513,0.23004179,0.0035735853,0.45650998,0.40548,0.0,0.40548,0.10137
44515,0.12045616,0.002694717,0.23821759,0.21181434,0.0,0.21181434,0.052953586
44518,0.23275675,0.0021174205,0.46339607,0.4267155,0.0,0.4267155,0.10667887
44520,0.018187126,0.0015342934,0.034839958,0.032186177,0.00812639,0.040341754,0.010085438
44523,0.20999096,0.0016142923,0.41836762,0.42517063,0.0,0.42517063,0.10629266
44526,0.06805683,0.001470468,0.1346432,0.13167857,0.8243533,1.056742,0.2641855
44528,0.077764235,0.001836868,0.1536916,0.16112813,0.0,0.16112813,0.040282033
44531,0.050593708,0.0011924984,0.09999492,0.09555873,0.031852927,0.15234354,0.038085885
44533,0.028214617,0.0014008494,0.055028383,0.05204175,0.020630518,0.077053465,0.019263366
44536,0.28422308,0.0013909376,0.5670552,0.5437143,0.0,0.5437143,0.13592857
44539,0.03791276,0.0018225865,0.07400293,0.06942895,0.04419944,0.1092836,0.0273209
44541,0.0046966844,0.0022377144,0.0071556545,0.0067900936,0.38434675,0.3353642,0.08384105
44544,0.009233223,0.0028198818,0.015646564,0.013110134,0.3291417,0.24709459,0.061773647
44547,0.056880135,0.0029224723,0.110837795,0.1269411,0.0,0.1269411,0.031735275
44549,0.04983813,0.0028426487,0.09683362,0.08334332,0.06858161,0.06347146,0.015867865
44552,0.021886585,0.0035198394,0.04025333,0.0497347,0.4258577,0.4187452,0.1046863
44554,0.009371097,0.0045764674,0.0141657265,0.0075094276,0.4445398,0.46053067,0.11513267
44557,0.043590594,0.0063910857,0.08079011,0.060969327,0.5968444,0.7398849,0.18497123
44560,0.053838912,0.0068513597,0.10082647,0.089075476,0.057865385,0.17561042,0.043902606
44562,0.027391635,0.008246654,0.046536613,0.03198972,0.022524133,0.05474244,0.01368561
44565,0.6667487,0.011203866,1.3222934,1.1296139,0.0,1.1296139,0.28240347
44567,0.016879642,0.009066519,0.024692766,0.016585136,0.184516,0.12082406,0.030206015
44570,0.044302862,0.008968359,0.07963736,0.07426935,0.02876862,0.11574181,0.028935453
44573,0.015631221,0.010579153,0.020683289,0.037212074,0.0,0.037212074,0.009303018
44575,0.39286733,0.009603314,0.77613133,0.85976857,0.0,0.85976857,0.21494214
44578,0.030343419,0.0072070546,0.05347978,0.04488929,0.013843722,0.06303453,0.015758632
44581,0.043397784,0.0073515773,0.079444,0.053966492,0.0,0.053966492,0.013491623
44583,0.02924641,0.005305119,0.0531877,0.0547933,0.6961796,0.79318506,0.19829626
44586,0.021409793,0.0046129944,0.038206592,0.025415042,0.49807024,0.6562833,0.16407083
44588,0.043724865,0.0038065969,0.08364313,0.093325906,0.08769709,0.20906723,0.052266806
44591,0.029226169,0.004200479,0.05425186,0.06740412,0.0,0.06740412,0.01685103
44594,0.36209834,0.0048276074,0.7193691,0.6334087,0.0,0.6334087,0.15835218
44596,0.20227881,0.00442092,0.4001367,0.35802087,0.0,0.35802087,0.08950522
44599,0.026098872,0.004145074,0.04805267,0.037859578,0.0,0.037859578,0.009464894
44601,0.012891792,0.0036683455,0.022115238,0.013894695,0.43932784,0.42713583,0.10678396
44604,0.013666336,0.0037422075,0.023590466,0.014931767,0.46732363,0.48042628,0.12010657
44607,0.053225815,0.00400325,0.10244838,0.080764204,0.60224384,0.8349255,0.20873137
44609,0.20512564,0.0056104087,0.40464088,0.36876893,0.0,0.36876893,0.09219223
44612,0.03358706,0.0052593634,0.061914757,0.03898322,0.37735692,0.45471025,0.11367756
44614,0.25174582,0.0055571576,0.4979345,0.48383322,0.0,0.48383322,0.120958306
44617,0.05244269,0.005762745,0.099122636,0.08132487,0.07189349,0.20451881,0.051129702
44620,0.006703466,0.0066755046,0.006731427,0.009728559,0.17436205,0.17577004,0.04394251
44622,0.008781089,0.006063415,0.011498764,0.011576485,0.40171838,0.5073347,0.12683368
44625,0.035373244,0.0054850318,0.06526146,0.053782243,0.5549517,0.66351604,0.16587901
44628,0.009496235,0.0054200296,0.013572442,0.0083275745,0.30590448,0.38459274,0.096148185
44630,0.0058145053,0.0055353255,0.0060936846,0.0055698636,0.20930867,0.2238955,0.055973876
44633,0.20496042,0.0058871103,0.40403375,0.41385737,0.0,0.41385737,0.10346434
44635,0.118245006,0.0052028247,0.23128718,0.19421072,0.9503034,1.3867408,0.3466852
44638,0.00814051,0.004798714,0.011482306,0.009144495,0.23929477,0.22990985,0.057477463
44641,0.014171426,0.0059281145,0.022414738,0.019372473,0.0,0.019372473,0.004843118
44643,0.007839325,0.005156221,0.010522429,0.006138306,0.10932895,0.10225084,0.02556271
44646,0.164335,0.0057346695,0.32293534,0.29498854,0.0,0.29498854,0.073747136
44648,0.052312102,0.004381483,0.10024271,0.08114699,0.8530147,1.0281918,0.25704795
44651,0.00427526,0.003168111,0.0053824093,0.007200014,0.2675634,0.29599547,0.07399887
44654,0.03996576,0.0025165232,0.077415,0.07473083,0.054023042,0.078171544,0.019542886
44656,0.042146984,0.0023485485,0.08194542,0.094743095,0.81376153,0.93925095,0.23481274
44659,0.3353858,0.0021500315,0.66862154,0.6657043,0.0,0.6657043,0.16642608
44661,0.24215531,0.0022572584,0.48205337,0.50243986,0.0,0.50243986,0.12560996
44664,0.073101364,0.0018861578,0.14431657,0.15173449,0.0,0.15173449,0.03793362
44667,0.24400033,0.0019022139,0.48609844,0.49671742,0.0,0.49671742,0.124179356
44669,0.02315262,0.0019598897,0.04434535,0.040247772,0.0,0.040247772,0.010061943
44672,0.034237307,0.0019115513,0.06656306,0.06925259,0.0,0.06925259,0.017313147
44675,0.064611726,0.0021390466,0.12708442,0.13169645,0.91848564,1.3653374,0.34133434
44677,0.03436422,0.0019028276,0.066825606,0.06163766,0.036903713,0.115830444,0.028957611
44680,0.022075435,0.0025516048,0.041599266,0.046660174,0.048074692,0.10996344,0.02749086
44682,0.034262147,0.0031184095,0.06540588,0.058232974,0.8034747,0.9950399,0.24875997
44685,0.1456552,0.002843832,0.28846657,0.25522134,0.0,0.25522134,0.063805334
44688,0.6701779,0.0024822687,1.3378735,1.3083609,0.0,1.3083609,0.32709023
44690,0.25655925,0.0029299352,0.5101886,0.47961855,0.0,0.47961855,0.11990464
44693,0.036754068,0.0033911394,0.07011699,0.08488661,0.069223575,0.06233726,0.015584315
44695,0.09186375,0.004362473,0.17936504,0.19410916,0.0,0.19410916,0.04852729
44698,0.037881773,0.005167656,0.07059589,0.055829722,0.048099864,0.11931609,0.029829023
44701,0.010137444,0.006263116,0.014011773,0.0053170347,0.26868737,0.25417578,0.063543946
44703,0.36495432,0.007581245,0.7223274,0.7568776,0.0,0.7568776,0.1892194
44706,0.005641313,0.0076122344,0.00367039,0.009699689,0.42967358,0.4576168,0.1144042
44708,0.036399435,0.00775796,0.06504091,0.036315024,0.0,0.036315024,0.009078756
44711,0.0077657937,0.0075579607,0.007973626,0.011465502,0.5153097,0.5611575,0.14028938
44714,0.33456674,0.010391399,0.65874213,0.528817,0.0,0.528817,0.13220425
44716,0.090989314,0.009230889,0.17274773,0.11952931,0.0,0.11952931,0.029882327
44719,0.0065699667,0.0061587356,0.0069811977,0.021699749,0.3177774,0.35227394,0.088068485
44722,0.05416477,0.006181547,0.102148,0.09248755,0.0735484,0.21213277,0.05303319
44724,0.09209195,0.0051804944,0.1790034,0.14881277,1.0643697,1.6034676,0.4008669
44727,0.0467837,0.005328663,0.08823874,0.098790884,0.0,0.098790884,0.024697721
44729,0.02191334,0.0039529265,0.039873753,0.041168965,0.01829887,0.054205954,0.0135514885
44732,0.202024,0.0035950223,0.40045297,0.39603844,0.0,0.39603844,0.09900961
44735,0.024792017,0.0025311403,0.047052894,0.05305752,0.0267065,0.047279228,0.011819807
44737,0.021566907,0.0022691078,0.040864706,0.041546065,0.017787052,0.05731162,0.014327905
44740,0.03906169,0.0022546018,0.07586878,0.08494282,0.75197774,1.0183856,0.2545964
44742,0.14923586,0.0028147195,0.295657,0.30070642,0.0,0.30070642,0.075176604
44745,0.052937448,0.0035334565,0.10234144,0.08715632,0.6831835,0.950422,0.2376055
44748,0.16578655,0.0041986112,0.3273745,0.34103572,0.0,0.34103572,0.08525893
44750,0.8131156,0.005472475,1.6207587,1.6359482,0.0,1.6359482,0.40898705
44753,0.31617075,0.006294554,0.62604696,0.58072,0.0,0.58072,0.14518
44755,0.052600335,0.005394956,0.09980571,0.093122624,0.8865958,1.2968599,0.32421497
44758,0.03317454,0.00522533,0.061123747,0.041278034,0.39834973,0.4491929,0.11229823
44761,0.023036936,0.0042225453,0.041851327,0.04999386,0.027978009,0.05956623,0.014891557
44763,0.053508997,0.0048497696,0.102168225,0.08483783,0.0,0.08483783,0.021209458
44766,0.00717346,0.0041547697,0.010192149,0.0044975933,0.22808756,0.25075963,0.06268991
44769,0.029143145,0.0053078556,0.05297843,0.061444145,0.04417186,0.051952604,0.012988151
44771,0.1145283,0.004683014,0.22437358,0.23079367,0.0,0.23079367,0.057698417
44774,0.8418467,0.0051328363,1.6785606,1.6478611,0.0,1.6478611,0.41196528
44776,0.029089153,0.0038084078,0.054369897,0.06398349,0.5856197,0.65263134,0.16315784
44779,0.004288195,0.0040326263,0.004543765,0.009369659,0.18028398,0.18729234,0.046823084
44782,0.030206153,0.0049850233,0.055427283,0.07504276,0.0,0.07504276,0.01876069
44784,0.2788512,0.0053462605,0.5523562,0.5232544,0.0,0.5232544,0.1308136
44787,0.5886547,0.004542528,1.1727668,1.099714,0.0,1.099714,0.2749285
44789,0.03963217,0.003911007,0.07535333,0.073011644,0.5166094,0.59817576,0.14954394
44792,0.20203756,0.0040165046,0.4000586,0.39099562,0.0,0.39099562,0.097748905
44795,0.012643804,0.002410357,0.022877252,0.013843193,0.2945281,0.33910108,0.08477527
44797,0.012153826,0.0022524365,0.022055214,0.020369422,0.27386618,0.23522352,0.05880588
44800,0.09719294,0.0019684907,0.1924174,0.17871134,0.0,0.17871134,0.044677835
44802,0.06305487,0.0018176365,0.124292105,0.11197769,0.9785588,1.2700266,0.31750664
44805,0.5739351,0.0014784042,1.1463917,1.1214744,0.0,1.1214744,0.2803686
44808,0.0061600525,0.001853413,0.010466692,0.010132463,0.234147,0.22926037,0.057315093
44810,0.0319425,0.0016411521,0.06224385,0.063281775,0.49151793,0.43139836,0.10784959
44813,0.18826543,0.0016483356,0.3748825,0.3942492,0.0,0.3942492,0.0985623
44816,0.04934874,0.0018181164,0.09687936,0.090206295,0.0,0.090206295,0.022551574
44818,0.28850725,0.0016605401,0.5753539,0.5997756,0.0,0.5997756,0.1499439
44821,0.037170555,0.0016347676,0.07270634,0.07410742,0.08051541,0.15656248,0.03914062
44823,0.046279754,0.0021102142,0.090449296,0.090288915,0.0,0.090288915,0.022572229
44826,0.045782402,0.0018333712,0.08973143,0.08441188,0.72942114,0.72615004,0.18153751
44829,0.31482497,0.0014432088,0.6282067,0.5985291,0.0,0.5985291,0.14963228
44831,0.14800353,0.0015920252,0.29441503,0.30794656,0.0,0.30794656,0.07698664
44834,0.114815205,0.0032330856,0.22639732,0.18598728,0.0,0.18598728,0.04649682
44836,0.05032228,0.00495295,0.095691614,0.11903223,0.0,0.11903223,0.029758057
44839,0.08076229,0.0037690185,0.15775557,0.136685,0.1241531,0.11125189,0.027812973
44842,0.016404998,0.004614825,0.02819517,0.017884923,0.38935027,0.33031464,0.08257866
44844,0.30688035,0.0076646884,0.606096,0.52573776,0.0,0.52573776,0.13143444
44847,0.016189408,0.0062213656,0.026157448,0.011620313,0.24377747,0.263739,0.06593475
44849,0.011121,0.0067484137,0.015493586,0.010927185,0.31585395,0.2849675,0.07124188
44852,0.049865227,0.00734208,0.09238837,0.09900125,0.09129546,0.19867802,0.049669504
44855,0.036838476,0.012551802,0.061125148,0.10470309,0.0,0.10470309,0.026175773
44857,0.74224687,0.0106992,1.4737945,1.6597201,0.0,1.6597201,0.41493002
44860,0.03151865,0.0072252206,0.05581208,0.055779815,0.041721523,0.060108464,0.015027116
44863,0.040626004,0.008332304,0.072919704,0.061786298,0.4399999,0.35114154,0.087785386
44865,0.32985488,0.0062659034,0.6534439,0.73164195,0.0,0.73164195,0.18291049
44868,0.07964701,0.008012031,0.151282,0.17819794,0.0,0.17819794,0.044549484
44870,0.32828984,0.007451763,0.6491279,0.74976414,0.0,0.74976414,0.18744104
44873,0.06243289,0.004641017,0.12022477,0.14651772,1.0590519,1.5208759,0.38021898
44876,0.1417567,0.0036769097,0.27983648,0.29568076,0.0,0.29568076,0.07392019
44878,0.06562437,0.0046785893,0.12657015,0.14056416,0.77933925,1.0998263,0.27495658
44881,0.027249599,0.004135339,0.050363857,0.06005762,0.62769747,0.67173594,0.16793399
44883,0.054610956,0.0033407528,0.10588116,0.10823474,0.72652704,0.9815163,0.24537908
44886,0.19542933,0.004920466,0.38593817,0.3595172,0.0,0.3595172,0.0898793
44889,0.017481903,0.0034372222,0.031526584,0.03005374,0.010000638,0.03657536,0.00914384
44891,0.06092535,0.005298769,0.11655193,0.11018517,0.7025036,0.93060654,0.23265164
44894,0.048206996,0.004434945,0.09197905,0.100554965,0.09680566,0.17536272,0.04384068
44896,0.45363972,0.0046341456,0.9026453,0.84156924,0.0,0.84156924,0.21039231
44899,0.02284055,0.0051108575,0.04057024,0.030192524,0.35855794,0.3961474,0.09903685
44902,0.055030063,0.0047783186,0.10528181,0.08129146,0.0,0.08129146,0.020322865
44904,0.07345899,0.0051349583,0.14178303,0.17355113,1.1662935,1.7728316,0.4432079
44907,0.056685496,0.0046310793,0.10873991,0.08658246,0.0,0.08658246,0.021645615
44910,0.009895769,0.005776444,0.014015093,0.014618967,0.29268292,0.29207698,0.073019244
44912,0.019895945,0.0065494278,0.03324246,0.037321944,0.0,0.037321944,0.009330486
44915,0.03416134,0.006339546,0.061983135,0.040003315,0.020877989,0.07139828,0.01784957
44917,0.027088718,0.0061428887,0.04803455,0.024304368,0.36544833,0.5073717,0.12684293
44920,0.10979721,0.007518865,0.21207555,0.22418106,0.0,0.22418106,0.056045264
44923,0.040289592,0.0076139714,0.07296521,0.07598027,0.7172492,0.93733424,0.23433356
44925,0.015328053,0.008251977,0.022404129,0.014992565,0.35818377,0.43941998,0.109854996
44928,0.01103393,0.0071148104,0.014953051,0.012366888,0.25763312,0.24866325,0.06216581
44930,0.20045091,0.009012182,0.39188966,0.3293639,0.0,0.3293639,0.08234098
44933,0.060202193,0.008531771,0.11187261,0.15127607,0.0,0.15127607,0.037819017
44936,0.22161473,0.0058033783,0.4374261,0.4872873,0.0,0.4872873,0.12182183
44938,0.041372668,0.0047356193,0.07800972,0.09445771,0.0,0.09445771,0.023614427
44941,0.06323368,0.0068027363,0.11966462,0.097432055,0.8423349,1.1861311,0.29653278
44943,0.038771268,0.0062143407,0.07132819,0.08249787,0.689441,0.7841757,0.19604392
44946,0.03684442,0.0051130564,0.06857579,0.071279466,0.0630336,0.151267,0.03781675
44949,0.038900297,0.005498556,0.072302036,0.09549663,0.0,0.09549663,0.023874158
44951,0.014411536,0.006013775,0.022809299,0.01309709,0.36836377,0.44072413,0.11018103
44954,0.04001202,0.0047545917,0.07526945,0.053311795,0.04186572,0.026216632,0.006554158
44957,0.1170877,0.0036483172,0.23052709,0.20224352,0.0,0.20224352,0.05056088
44959,0.014047655,0.004211499,0.02388381,0.01159171,0.23259921,0.28489152,0.07122288
44962,0.060569804,0.0077574416,0.11338216,0.100712396,0.06614774,0.17917466,0.044793665
44964,0.40102628,0.0073885056,0.7946641,0.9210971,0.0,0.9210971,0.23027427
44967,0.022653334,0.006095898,0.03921077,0.035673235,0.34719595,0.37149262,0.092873156
44970,0.020704318,0.0039716205,0.037437014,0.030742347,0.4335052,0.42793837,0.10698459
44972,0.03639889,0.0058499738,0.06694781,0.06703381,0.039070982,0.10700402,0.026751004
44975,0.03604273,0.00863922,0.063446246,0.05677938,0.60477215,0.51965356,0.12991339
44977,0.04316124,0.0090325745,0.0772899,0.054980952,0.023585096,0.088916965,0.022229241
44980,0.06513899,0.0125825,0.11769548,0.113777615,0.7686064,0.9907332,0.2476833
44983,0.061752245,0.013507954,0.109996535,0.16266017,1.0454354,1.6471437,0.41178593
44985,0.3147029,0.014648584,0.6147572,0.45964566,0.0,0.45964566,0.114911415
44988,0.0267988,0.016164565,0.037433036,0.008525587,0.16551757,0.16415812,0.04103953
44990,0.089767866,0.02061632,0.15891941,0.2369597,0.0,0.2369597,0.059239924
44993,0.49888766,0.020933824,0.9768415,1.1741356,0.0,1.1741356,0.2935339
44996,0.2393413,0.0202874,0.4583952,0.33510303,0.0,0.33510303,0.08377576
44998,0.030407658,0.024778666,0.03603665,0.0077782082,0.1638136,0.14150552,0.03537638
45001,0.31130794,0.022081444,0.60053444,0.81105727,0.0,0.81105727,0.20276432
45004,0.053078998,0.021310218,0.08484778,0.04781012,0.048395354,0.10760897,0.026902242
45006,0.4896678,0.025503859,0.95383173,0.6963499,0.0,0.6963499,0.17408748
45009,0.058310688,0.025583832,0.09103754,0.101965606,0.07505647,0.22163825,0.05540956
45011,0.058718305,0.027632996,0.08980361,0.031284243,0.0,0.031284243,0.007821061
45014,0.12061149,0.017049598,0.22417338,0.14436166,0.7219453,1.1565957,0.28914893
45017,0.043093238,0.02129221,0.06489427,0.078334086,0.051445633,0.15956287,0.039890718
45019,0.056972057,0.017422544,0.096521564,0.05982153,0.35690522,0.5064917,0.12662293
45022,0.036805056,0.016246423,0.05736369,0.03200959,0.008080836,0.033933632,0.008483408
45024,0.16457479,0.019735761,0.30941382,0.19949795,0.0,0.19949795,0.04987449
45027,0.029699087,0.019322515,0.040075663,0.05686594,0.0,0.05686594,0.014216485
45030,0.14827995,0.022462212,0.2740977,0.3684423,0.0,0.3684423,0.092110574
45032,0.0167986,0.020900818,0.012696383,0.015113478,0.31440035,0.32511306,0.081278265
45035,0.26832393,0.016020434,0.52062744,0.46503997,0.0,0.46503997,0.11625999
45037,0.10341594,0.017361233,0.18947066,0.12259052,0.58689,1.0237168,0.2559292
45040,0.050866544,0.01960623,0.082126856,0.062106222,0.05139919,0.064137034,0.016034259
45043,0.08658249,0.018029777,0.15513521,0.08418191,0.0,0.08418191,0.021045478
45045,0.08775563,0.017384099,0.15812717,0.086191736,0.0,0.086191736,0.021547934
45048,0.05101104,0.019679965,0.08234211,0.05129126,0.24968682,0.3957088,0.0989272
45051,0.043312043,0.020222303,0.06640178,0.08155996,0.08300925,0.1549862,0.03874655
45053,0.018728869,0.017417064,0.020040674,0.0070122587,0.2204361,0.24555875,0.06138969
45056,0.05130117,0.017971754,0.084630586,0.13675137,0.0,0.13675137,0.034187842
45058,0.108291775,0.021014309,0.19556923,0.28853557,0.9161361,1.7673283,0.44183207
45061,0.55845475,0.018211402,1.0986981,1.034972,0.0,1.034972,0.258743
45064,0.39562067,0.021426223,0.76981515,0.8749151,0.0,0.8749151,0.21872878
45066,0.021972664,0.018476084,0.025469244,0.007394798,0.15571365,0.17563735,0.043909337
45069,0.046260193,0.018316297,0.07420409,0.06529929,0.03999893,0.058814358,0.0147035895
45071,0.06769066,0.01834212,0.11703921,0.08278539,0.06487851,0.17156892,0.04289223
45074,0.032841533,0.018672781,0.047010284,0.0590422,0.27318153,0.38566983,0.09641746
45077,0.027934914,0.016847894,0.039021935,0.061278593,0.34388328,0.48369887,0.12092472
45079,0.056392252,0.016501034,0.096283466,0.07424996,0.38682008,0.556216,0.139054
45082,0.038258724,0.017475784,0.059041664,0.09092989,0.10209205,0.148911,0.03722775
45085,0.1340942,0.015352178,0.25283623,0.26285666,0.0,0.26285666,0.065714166
45087,0.28682652,0.014061857,0.5595912,0.5905717,0.0,0.5905717,0.14764293
45090,0.4560541,0.013695128,0.898413,0.80483437,0.0,0.80483437,0.20120859
45092,0.2609269,0.014260504,0.50759333,0.47986403,0.0,0.47986403,0.11996601
45095,0.037065547,0.015276156,0.058854934,0.031594705,0.16154046,0.29362282,0.073405705
45098,0.82214445,0.01650314,1.6277857,1.5897375,0.0,1.5897375,0.39743438
45100,0.054291535,0.017869003,0.09071407,0.07529709,0.029105613,0.11625833,0.029064583
45103,0.18621854,0.016988797,0.35544828,0.29948753,0.0,0.29948753,0.07487188
45105,0.25008628,0.018551117,0.4816214,0.37175128,0.0,0.37175128,0.09293782
45108,0.03567222,0.017136047,0.054208394,0.050884247,0.0,0.050884247,0.012721062
45111,0.68520826,0.016851919,1.3535646,1.365817,0.0,1.365817,0.34145424
45113,0.032044947,0.017209062,0.04688083,0.055375304,0.0,0.055375304,0.013843826
45116,0.046432197,0.017001832,0.07586256,0.06865921,0.016530288,0.08553374,0.021383435
45118,0.07902972,0.017867615,0.14019181,0.17507653,0.0,0.17507653,0.043769132
45121,0.085463665,0.016884526,0.1540428,0.16257642,0.6119996,1.2079377,0.30198443
45124,0.029040257,0.015832974,0.042247545,0.02675929,0.3015337,0.43268824,0.10817206
45126,0.21631752,0.0136625795,0.41897246,0.4261602,0.0,0.4261602,0.10654005
45129,0.032648858,0.01956266,0.04573505,0.016084338,0.24557638,0.2831734,0.07079335
45132,0.24484248,0.018372303,0.47131267,0.5564592,0.0,0.5564592,0.1391148
45134,0.13967277,0.014460855,0.26488468,0.20879316,0.0,0.20879316,0.05219829
45137,0.1310321,0.015753813,0.24631037,0.27642843,0.50355834,1.1769907,0.2942477
45139,0.025926754,0.018388152,0.033465356,0.0071155955,0.12082327,0.15237164,0.03809291
45142,0.03238963,0.009351148,0.055428106,0.054498613,0.029523,0.0483048,0.0120762
45145,0.102965005,0.012072665,0.19385736,0.1515225,0.5370621,1.0334765,0.25836912
45147,0.2228707,0.010636449,0.43510494,0.38570014,0.6758054,1.8028135,0.45070338
45150,0.24926776,0.015211303,0.4833242,0.37907967,0.0,0.37907967,0.09476992
45152,0.68931913,0.012627243,1.366011,1.4728847,0.0,1.4728847,0.36822116
45155,0.060837463,0.0070463545,0.114628576,0.09049671,0.0,0.09049671,0.022624178
45158,0.021964157,0.008271213,0.0356571,0.04142079,0.18539731,0.37174353,0.09293588
45160,0.21421449,0.008999657,0.4194293,0.49615836,0.0,0.49615836,0.12403959
45163,0.42972103,0.00907814,0.85036397,0.7960665,0.0,0.7960665,0.19901663
45165,0.028987324,0.008487157,0.04948749,0.06876447,0.057132382,0.0667318,0.01668295
45168,0.018793581,0.0090255,0.028561661,0.019658366,0.20179443,0.28702408,0.07175602
45171,0.21420427,0.008131574,0.42027697,0.36109364,0.0,0.36109364,0.09027341
45173,0.40713271,0.0075643733,0.806701,0.8427873,0.0,0.8427873,0.21069683
45176,0.040122557,0.010203556,0.07004156,0.06646825,0.0,0.06646825,0.016617062
45179,0.07159395,0.009413272,0.13377462,0.14167799,0.6739637,1.1944937,0.2986234
45181,0.0239427,0.012289519,0.035595883,0.047680095,0.03804561,0.07052359,0.017630897
45184,0.72960407,0.017457405,1.4417509,1.5225791,0.0,1.5225791,0.38064477
45186,0.0163649,0.011649412,0.02108039,0.006057857,0.16604815,0.17578597,0.043946493
45189,0.027562173,0.009397909,0.045726437,0.03014121,0.0,0.03014121,0.0075353025
45192,0.03160844,0.007965293,0.055251587,0.06101927,0.045984317,0.035866268,0.008966567
45194,0.18144928,0.010955674,0.35194287,0.2784541,0.0,0.2784541,0.069613524
45197,0.023325166,0.013149488,0.033500846,0.010033395,0.40605938,0.4989977,0.12474942
45199,0.04998335,0.009751865,0.090214826,0.08539613,0.062336728,0.10701239,0.026753098
45202,0.3229377,0.008687183,0.6371882,0.590355,0.0,0.590355,0.14758874
45205,0.0837444,0.008845142,0.15864365,0.111050725,0.4864494,0.81842,0.204605
45207,0.07363845,0.008576169,0.13870072,0.14714903,0.6180909,1.0954098,0.27385244
45210,0.13130918,0.00821618,0.2544022,0.22890465,0.0,0.22890465,0.057226162
45212,0.05903007,0.0075677675,0.11049238,0.14960502,0.74792033,1.1466538,0.28666344
45215,0.07311986,0.0076978267,0.13854188,0.10603941,0.0,0.10603941,0.026509853
45218,0.01640335,0.0062062466,0.02660045,0.020209068,0.27691528,0.3981894,0.09954735
45220,0.008860235,0.0051288684,0.012591603,0.008954636,0.3695961,0.39722586,0.099306464
45223,0.05374789,0.0049596713,0.102536105,0.08686773,0.055333912,0.17944746,0.044861864
45226,0.015502475,0.004123713,0.026881238,0.023234775,0.008143836,0.018520266,0.0046300665
45228,0.34598693,0.0039499453,0.68802387,0.65275043,0.0,0.65275043,0.16318761
45231,0.01675947,0.003968295,0.029550644,0.023882344,0.0064678006,0.021562574,0.0053906436
45233,0.09181007,0.003911719,0.17970842,0.20959055,0.8741154,1.4669536,0.3667384
45236,0.023348173,0.0039876415,0.042708706,0.0386783,0.033375233,0.02970733,0.0074268323
45239,0.010980458,0.003784681,0.018176235,0.008447654,0.14506692,0.16755395,0.041888487
45241,0.065103345,0.004546943,0.12565975,0.10308804,0.0,0.10308804,0.02577201
45244,0.0091608865,0.0047201854,0.013601586,0.013829936,0.40594697,0.3868877,0.096721925
45246,0.09602786,0.0049853907,0.18707033,0.16857149,0.0,0.16857149,0.04214287
45249,0.06957132,0.0060765254,0.13306612,0.13874401,0.6901503,1.0342199,0.25855497
45252,0.04920427,0.0079977745,0.09041077,0.059618097,0.42677787,0.5854936,0.1463734
45254,0.022746898,0.007994313,0.037499484,0.017886078,0.35348025,0.32249114,0.080622785
45257,0.046833854,0.009544949,0.084122755,0.0655911,0.51222974,0.7283266,0.18208165
45259,0.044132303,0.0103098275,0.07795478,0.07355131,0.058342606,0.07786799,0.019466998
45262,0.52375156,0.01232634,1.0351769,1.150544,0.0,1.150544,0.287636
45265,0.025263028,0.012299813,0.038226243,0.027379667,0.01808623,0.020087587,0.0050218967
45267,0.031343024,0.014110535,0.04857551,0.03746439,0.3214557,0.38668022,0.096670054
45270,0.02981695,0.01477959,0.044854313,0.05726688,0.038811646,0.101492226,0.025373057
45273,0.0769402,0.016599758,0.13728066,0.11920155,0.0,0.11920155,0.029800387
45275,0.063543685,0.020238692,0.10684868,0.047534674,0.3993217,0.6492476,0.1623119
45278,0.050691072,0.015172335,0.08620981,0.13210602,0.0,0.13210602,0.033026505
45280,0.031142257,0.014917433,0.04736708,0.05471326,0.040060967,0.05885501,0.014713752
45283,0.041874547,0.019454598,0.0642945,0.053613823,0.02589708,0.07146391,0.017865978
45286,0.105432935,0.021184867,0.18968101,0.1349761,0.73207897,1.2313318,0.30783296
45288,0.028460002,0.017164046,0.039755955,0.03944029,0.39391828,0.4030788,0.1007697
45291,0.08467319,0.014422379,0.15492399,0.10103289,0.0,0.10103289,0.025258223
45293,0.050513133,0.015231504,0.08579477,0.07071147,0.018554686,0.09574869,0.023937173
45296,0.65440905,0.010275453,1.2985426,1.3132366,0.0,1.3132366,0.32830915
45299,0.05211416,0.01197737,0.09225095,0.10967039,0.09747455,0.21217377,0.053043444
45301,0.056090023,0.008127495,0.10405255,0.14828193,0.6313391,0.883825,0.22095625
45304,0.040116362,0.008962105,0.07127062,0.10333256,0.6310051,0.9544776,0.2386194
45306,0.15021797,0.008949445,0.2914865,0.28089723,0.0,0.28089723,0.07022431
45309,0.009897674,0.010365316,0.009430033,0.019359266,0.25668043,0.25592864,0.06398216
45312,0.017079912,0.010436331,0.023723492,0.024494842,0.0,0.024494842,0.0061237104
45314,0.037708823,0.009754519,0.06566313,0.06669109,0.049493965,0.07713813,0.019284533
45317,0.10853983,0.008866628,0.20821303,0.26832154,0.9738068,1.8426094,0.46065235
45320,0.33508277,0.00932669,0.66083884,0.5891096,0.0,0.5891096,0.1472774
45322,0.45897248,0.008763068,0.9091819,0.8260884,0.0,0.8260884,0.2065221
45325,0.106390625,0.009451176,0.20333008,0.18596713,0.0,0.18596713,0.046491783
45327,0.053893607,0.010723628,0.09706358,0.1035741,0.10694686,0.12352594,0.030881485
45330,0.686459,0.013080428,1.3598375,1.4114214,0.0,1.4114214,0.35285535
45333,0.25950748,0.011800277,0.50721467,0.51354426,0.0,0.51354426,0.12838607
45335,0.04355866,0.014994152,0.07212318,0.07289278,0.4520661,0.6466356,0.1616589
45338,0.029025361,0.014125596,0.043925125,0.031503152,0.21970789,0.3794321,0.09485803
45340,0.0380249,0.018609924,0.057439875,0.070001245,0.0,0.070001245,0.017500311
45343,0.053836107,0.018320715,0.0893515,0.121186614,0.124699414,0.25199583,0.06299896
45346,0.024672246,0.020910615,0.028433872,0.028268978,0.0,0.028268978,0.0070672445
45348,0.43979454,0.021204194,0.85838485,0.859281,0.0,0.859281,0.21482025
45351,0.044782996,0.022635445,0.06693054,0.09635063,0.50082034,0.78074056,0.19518514
45353,0.5992744,0.01966353,1.1788853,1.0725176,0.0,1.0725176,0.2681294
45356,0.0779094,0.018561238,0.13725756,0.084213294,0.0,0.084213294,0.021053324
45359,0.039635137,0.021586373,0.0576839,0.07929565,0.39835295,0.6200747,0.15501867
45361,0.15252815,0.021591673,0.2834646,0.22266303,0.7459361,1.5823003,0.39557508
45364,0.036207665,0.021944983,0.050470352,0.016445681,0.35782304,0.43534327,0.10883582
45367,0.0839726,0.021570956,0.14637426,0.12120804,0.5438449,1.0037518,0.25093794
45369,0.1558208,0.020633446,0.29100814,0.23812246,0.73486537,1.5770946,0.39427364
45372,0.03492516,0.016886467,0.052963853,0.042337988,0.28782618,0.4162706,0.10406765
45374,0.61366016,0.01650325,1.210817,1.1715403,0.0,1.1715403,0.29288507
45377,0.07937134,0.016660413,0.14208227,0.17662637,0.61467725,1.24273,0.3106825
45380,0.07834104,0.014181271,0.1425008,0.14046347,0.0,0.14046347,0.035115868
45382,0.25315085,0.013520763,0.49278092,0.37641343,0.0,0.37641343,0.09410336
45385,0.13348813,0.015391375,0.2515849,0.2105148,0.73867255,1.4715486,0.36788714
45387,0.318164,0.015287575,0.6210404,0.6839955,0.0,0.6839955,0.17099887
45390,0.040415883,0.013814622,0.067017145,0.060870532,0.0,0.060870532,0.015217633
45393,0.069045044,0.0154511435,0.12263894,0.16834992,0.6530979,1.224811,0.30620274
45395,0.02605264,0.017924951,0.034180332,0.03171033,0.01735349,0.030412473,0.007603118
45398,0.20495623,0.0133417,0.39657077,0.48904502,0.0,0.48904502,0.122261256
45400,0.03305952,0.01407406,0.052044977,0.082481585,0.069163196,0.05342649,0.013356622
45403,0.15409677,0.011640885,0.29655266,0.39898598,0.0,0.39898598,0.099746495
45406,0.05226831,0.012228736,0.09230789,0.09730097,0.3210664,0.617713,0.15442824
45408,0.49258462,0.010107368,0.9750619,0.8605771,0.0,0.8605771,0.21514428
45411,0.025081024,0.016677596,0.03348445,0.029113496,0.014796617,0.030382672,0.007595668
45414,0.033530474,0.012498339,0.05456261,0.044935435,0.0,0.044935435,0.011233859
45416,0.045933634,0.014116061,0.07775121,0.049169164,0.0,0.049169164,0.012292291
45419,0.017563319,0.01310335,0.022023289,0.01523792,0.25689724,0.22780712,0.05695178
45421,0.2539803,0.013315492,0.49464515,0.36730388,0.0,0.36730388,0.09182597
45424,0.09736594,0.008622323,0.18610954,0.12690182,0.0,0.12690182,0.031725455
45427,0.05194362,0.008039586,0.09584766,0.12079301,0.58541465,0.9033392,0.2258348
45429,0.10830895,0.006376108,0.2102418,0.22197159,0.851621,1.5563842,0.38909605
45432,0.34290588,0.0066119228,0.6791999,0.69838095,0.0,0.69838095,0.17459524
45434,0.019177008,0.0065731225,0.031780895,0.02623798,0.21725576,0.33880663,0.08470166
45437,0.031129101,0.009005153,0.05325305,0.05037917,0.0,0.05037917,0.012594792
45440,0.010873857,0.0070148692,0.014732844,0.0058375844,0.20250237,0.21809582,0.054523956
45442,0.8358665,0.008514508,1.6632185,1.5716511,0.0,1.5716511,0.39291278
45445,0.014736441,0.007337387,0.022135496,0.037668493,0.025772253,0.021921294,0.0054803235
45447,0.22434215,0.007867131,0.44081715,0.36717248,0.0,0.36717248,0.09179312
45450,0.043203745,0.003998226,0.08240926,0.07238573,0.032549348,0.11172032,0.02793008
45453,0.06647972,0.004934901,0.12802455,0.106582366,0.51923746,0.82861835,0.20715459
45455,0.026057981,0.0050626644,0.047053296,0.049566388,0.48478636,0.58734727,0.14683682
45458,0.33176404,0.0067034066,0.65682465,0.5775779,0.0,0.5775779,0.14439447
45461,0.014008004,0.0048123025,0.023203706,0.03478539,0.024936914,0.031647522,0.0079118805
45463,0.053330466,0.0063926317,0.100268304,0.07711243,0.45651937,0.68157357,0.17039339
45466,0.047468673,0.007160245,0.0877771,0.09243771,0.048922423,0.13225216,0.03306304
45468,0.025920644,0.00582242,0.04601887,0.04537523,0.41804376,0.5318114,0.13295285
45471,0.18811804,0.0051543247,0.37108174,0.31480724,0.0,0.31480724,0.07870181
45474,0.81182575,0.004583971,1.6190675,1.7036337,0.0,1.7036337,0.42590842
45476,0.2573034,0.0033438476,0.5112629,0.46040097,0.0,0.46040097,0.11510024
45479,0.0051139644,0.0027233614,0.0075045675,0.005492501,0.3098583,0.29445654,0.073614135
45481,0.118071824,0.0029226777,0.23322098,0.26148245,0.0,0.26148245,0.06537061
45484,0.03462306,0.0019001807,0.06734594,0.06624945,0.015213512,0.086185895,0.021546474
45487,0.02742221,0.0016114399,0.05323298,0.061162855,0.038632523,0.099126875,0.024781719
45489,0.030727925,0.0017058091,0.05975004,0.056058478,0.0,0.056058478,0.014014619
45492,0.0057336264,0.0013941131,0.01007314,0.0050526415,0.18473768,0.19821298,0.049553245
45494,0.12373295,0.0020155436,0.24545033,0.22268903,0.0,0.22268903,0.05567226
45497,0.23394114,0.002331503,0.46555078,0.42176917,0.0,0.42176917,0.10544229
45500,0.07078957,0.0018431554,0.13973598,0.1454045,0.0,0.1454045,0.036351126
45502,0.29941443,0.0020529667,0.5967758,0.55446786,0.0,0.55446786,0.13861696
45505,0.24138369,0.0030536382,0.47971377,0.42262658,0.0,0.42262658,0.105656646
45508,0.017559826,0.0037633653,0.031356286,0.026224041,0.01605037,0.037318636,0.009329659
45510,0.020910522,0.0036364875,0.038184553,0.03281587,0.008413403,0.040730204,0.010182551
45513,0.38765028,0.0042881295,0.7710125,0.8650009,0.0,0.8650009,0.21625023
45515,0.029484443,0.0041242074,0.054844677,0.059581015,0.029720755,0.11865103,0.029662758
45518,0.025552144,0.004484267,0.046620023,0.041496243,0.05851266,0.09832958,0.024582395
45521,0.14466564,0.0054736454,0.2838576,0.34307733,0.0,0.34307733,0.08576933
45523,0.17672294,0.0052257613,0.3482201,0.38751802,0.0,0.38751802,0.096879505
45526,0.05127466,0.0050651357,0.097484194,0.08371081,0.88433546,1.0307286,0.25768214
45528,0.08602262,0.006869742,0.16517551,0.20781647,0.0,0.20781647,0.051954117
45531,0.22860126,0.0076392344,0.44956326,0.38976994,0.0,0.38976994,0.097442485
45534,0.03639256,0.00718081,0.06560431,0.0760293,0.07383129,0.104817115,0.026204279
45536,0.20976557,0.008797477,0.41073367,0.34358856,0.0,0.34358856,0.08589714
45539,0.021179013,0.007689714,0.03466831,0.016171472,0.34991503,0.3106356,0.0776589
45542,0.21434043,0.009319177,0.41936168,0.49252924,0.0,0.49252924,0.12313231
45544,0.015810529,0.009320273,0.022300785,0.011702004,0.20258527,0.14264269,0.035660673
45547,0.07821941,0.011199043,0.14523976,0.09530603,0.0,0.09530603,0.023826508
45549,0.016987922,0.009750754,0.024225088,0.023696681,0.010745324,0.037503216,0.009375804
45552,0.061278682,0.010550932,0.112006426,0.16128905,0.0,0.16128905,0.040322263
45555,0.67476416,0.010918737,1.3386096,1.1738611,0.0,1.1738611,0.2934653
45557,0.025361309,0.010261287,0.04046133,0.062067017,0.8277026,0.9386155,0.23465388
45560,0.05617772,0.010015298,0.10234014,0.065229915,0.5398232,0.6210286,0.15525715
45562,0.10643855,0.010825526,0.20205157,0.19176368,0.0,0.19176368,0.04794092
45565,0.040679794,0.0097097475,0.07164984,0.098469354,0.88448733,0.95783263,0.23945816
45568,0.029780574,0.008959547,0.0506016,0.07305939,0.6898697,0.6597333,0.16493332
45570,0.033474546,0.009187747,0.05776134,0.057923675,0.5944751,0.65148634,0.16287158
45573,0.04300167,0.00870264,0.077300705,0.054733634,0.633982,0.7708884,0.1927221
45575,0.012755573,0.007891203,0.017619943,0.0051687965,0.27313673,0.27141505,0.06785376
45578,0.19562876,0.006690076,0.38456747,0.40218362,0.0,0.40218362,0.100545906
45581,0.016960725,0.0062166364,0.027704814,0.024552563,0.41730198,0.40907028,0.10226757
45583,0.016473366,0.0058092517,0.027137479,0.035549566,0.02255179,0.056718823,0.014179706
45586,0.43735805,0.005251408,0.8694647,0.85356826,0.0,0.85356826,0.21339206
45589,0.016133476,0.0046334025,0.02763355,0.028991511,0.017948164,0.02183064,0.00545766
45591,0.1095817,0.004058586,0.21510482,0.23977296,0.0,0.23977296,0.05994324
45594,0.22324067,0.0044946745,0.44198668,0.40590653,0.0,0.40590653,0.10147663
45596,0.01839507,0.00459113,0.03219901,0.03549073,0.03407762,0.068901874,0.017225469
45599,0.08127346,0.003938708,0.15860821,0.14823875,0.0,0.14823875,0.037059687
45602,0.098869585,0.0036020547,0.19413711,0.1831327,0.0,0.1831327,0.045783173
45604,0.03821118,0.0040079043,0.07241446,0.07506553,0.067034855,0.08358576,0.02089644
45607,0.42984998,0.0037197003,0.8559802,0.8393333,0.0,0.8393333,0.20983332
45609,0.054114584,0.004945861,0.10328331,0.1329729,0.0,0.1329729,0.033243224
45612,0.03863741,0.006804023,0.070470795,0.06941525,0.0,0.06941525,0.017353812
45615,0.01858232,0.0059132692,0.03125137,0.044943225,0.03379471,0.047590565,0.011897641
45617,0.013637885,0.0067262067,0.020549564,0.008792136,0.48831555,0.56489563,0.14122391
45620,0.013068958,0.009858475,0.01627944,0.005153683,0.35877213,0.39143458,0.097858645
45622,0.14335583,0.009032573,0.27767912,0.21286178,0.0,0.21286178,0.053215444
45625,0.06571615,0.009631512,0.12180078,0.11325695,0.0,0.11325695,0.028314238
45628,0.108767696,0.0064398684,0.21109553,0.25799662,0.0,0.25799662,0.064499155
45630,0.008468985,0.0060135075,0.010924462,0.0043808403,0.22151636,0.22052862,0.055132154
45633,0.068424016,0.0054130605,0.13143498,0.10525012,0.0,0.10525012,0.02631253
45636,0.032277342,0.0042163483,0.060338337,0.0767773,0.04218715,0.124414034,0.031103509
45638,0.053865228,0.004269412,0.10346105,0.122542284,0.8241315,1.1850406,0.29626015
45641,0.1387096,0.007473715,0.2699455,0.20544083,0.0,0.20544083,0.05136021
45643,0.09678677,0.0072898194,0.18628371,0.20227826,0.0,0.20227826,0.050569564
45646,0.021298425,0.005111286,0.037485566,0.04551853,0.020858617,0.052116986,0.013029247
45649,0.6751669,0.003535372,1.3467984,1.3280381,0.0,1.3280381,0.33200952
45651,0.2974719,0.0032262316,0.59171754,0.5837923,0.0,0.5837923,0.14594808
45654,0.0060041198,0.0020592196,0.00994902,0.009302023,0.29011127,0.33994755,0.08498689
45656,0.48733604,0.0025638945,0.9721082,0.96106714,0.0,0.96106714,0.24026679
45659,0.01970603,0.0018884739,0.037523586,0.035523932,0.03886215,0.08516299,0.021290747
45662,0.06327618,0.0023478854,0.124204464,0.11770642,1.0529264,1.39435,0.3485875
45664,0.017439479,0.0034028124,0.031476144,0.026687862,0.0,0.026687862,0.0066719656
45667,0.14102344,0.0023123336,0.27973452,0.24864684,0.0,0.24864684,0.06216171
45669,0.008649048,0.0022442385,0.015053858,0.015536527,0.32627052,0.34832576,0.08708144
45672,0.014381301,0.0035553018,0.025207298,0.018678203,0.0,0.018678203,0.004669551
45675,0.009522972,0.0019406723,0.01710527,0.014356728,0.2001192,0.16859937,0.04214984
45677,0.0073388927,0.0038923316,0.010785453,0.009045306,0.4558624,0.44590974,0.111477435
45680,0.016370328,0.0023460214,0.030394634,0.029866109,0.030979559,0.07456802,0.018642005
45683,0.020155186,0.0022141156,0.038096253,0.037058964,0.025442505,0.05838279,0.014595698
45685,0.0211362,0.0017901715,0.040482227,0.035201594,0.4407029,0.44932213,0.11233053
45688,0.02945,0.0013747589,0.057525236,0.05741315,0.054442,0.10101724,0.02525431
45690,0.072465345,0.0014362452,0.14349444,0.1281553,0.0,0.1281553,0.032038826
45693,0.17469262,0.001419071,0.34796616,0.33184645,0.0,0.33184645,0.08296161
45696,0.22944105,0.0009986397,0.45788345,0.4495635,0.0,0.4495635,0.112390876
45698,0.04268488,0.001348461,0.08402129,0.08327444,0.08136177,0.111248195,0.027812049
45701,0.03959824,0.0014407887,0.0777557,0.089332245,0.0,0.089332245,0.022333061
45703,0.04689674,0.0013082471,0.09248524,0.1044636,1.1194696,1.4566064,0.3641516
45706,0.8300051,0.0019352175,1.658075,1.5806397,0.0,1.5806397,0.39515993
45709,0.0051250993,0.0025229112,0.0077272877,0.007469833,0.46150985,0.43320957,0.10830239
45711,0.4075408,0.0048254738,0.81025606,0.9185242,0.0,0.9185242,0.22963105
45714,0.009299089,0.0028800408,0.015718138,0.013404761,0.29548958,0.2366103,0.059152573
45716,0.018724732,0.0047663464,0.03268312,0.044155706,0.0,0.044155706,0.011038926
45719,0.0218949,0.0032016728,0.040588126,0.043420363,0.014561522,0.08049805,0.020124512
45722,0.066632025,0.0028017515,0.13046229,0.11654323,0.16649066,0.29966065,0.07491516
45724,0.21959567,0.004592505,0.43459883,0.37926626,0.0,0.37926626,0.094816566
45727,0.041777194,0.0020733508,0.08148103,0.095975764,0.1003182,0.23074026,0.057685066
45730,0.005791981,0.0015753792,0.010008583,0.012215792,0.4573467,0.42286038,0.105715096
45732,0.016522203,0.0015157725,0.031528633,0.03292473,0.017330265,0.06372162,0.015930405
45735,0.112643935,0.0027376332,0.22255023,0.19902699,0.0,0.19902699,0.049756747
45737,0.42808914,0.0022308694,0.8539474,0.78971547,0.0,0.78971547,0.19742887
45740,0.024043424,0.0012982975,0.046788547,0.0496217,0.61533904,0.5795232,0.1448808
45743,0.017191619,0.0010924841,0.033290755,0.035457257,0.016104853,0.06264026,0.015660064
45745,0.65187615,0.002053477,1.3016988,1.3713421,0.0,1.3713421,0.34283552
45748,0.048420426,0.0015046848,0.09533616,0.091792084,0.9906152,1.258238,0.3145595
45750,0.38280848,0.0019409293,0.763676,0.7365179,0.0,0.7365179,0.18412948
45753,0.23934667,0.0020230415,0.47667027,0.4598805,0.0,0.4598805,0.114970125
45756,0.002726259,0.0019793487,0.0034731694,0.004411814,0.23344566,0.19554861,0.048887152
45758,0.0644984,0.0021579575,0.12683885,0.119564295,0.102032416,0.06936475,0.017341187
45761,0.02001541,0.0024805043,0.037550315,0.03631675,0.4037687,0.3682364,0.0920591
45763,0.025280155,0.0026995393,0.04786077,0.052742396,0.03235596,0.076717295,0.019179324
45766,0.43728495,0.003313564,0.87125635,0.9056006,0.0,0.9056006,0.22640015
45769,0.03796645,0.003306645,0.07262625,0.06777232,0.72688085,0.8645176,0.2161294
45771,0.010556973,0.0036674598,0.017446484,0.019287346,0.010444668,0.021243056,0.005310764
45774,0.12571846,0.003444093,0.24799281,0.2505348,0.0,0.2505348,0.0626337
45777,0.009187042,0.0032773109,0.015096773,0.0060165576,0.17430677,0.15560776,0.03890194
45779,0.017867282,0.0036750296,0.032059535,0.04286028,0.0,0.04286028,0.01071507
45782,0.075811796,0.003199313,0.14842428,0.13859874,1.1859185,1.3454943,0.33637357
45784,0.13962446,0.0037590077,0.27548993,0.27250195,0.0,0.27250195,0.06812549
45787,0.61720544,0.0039060235,1.2305049,1.2996539,0.0,1.2996539,0.32491347
45790,0.5901136,0.0033389523,1.1768882,1.2595001,0.0,1.2595001,0.31487504
45792,0.022465771,0.0024779246,0.042453617,0.039678216,0.61970973,0.6087148,0.1521787
45795,0.031263683,0.002491439,0.060035925,0.053515524,0.98035806,1.112245,0.27806124
45797,0.008411562,0.0023277965,0.014495328,0.013849703,0.2337383,0.18347318,0.045868296
45800,0.041044887,0.001986766,0.08010301,0.07170723,1.0813197,1.2753862,0.31884655
45803,0.072471,0.0016044875,0.1433375,0.13531743,0.0,0.13531743,0.033829357
45805,0.37556192,0.0013817823,0.74974203,0.7528643,0.0,0.7528643,0.18821608
45808,0.020845579,0.0009913603,0.0406998,0.039401542,0.5439319,0.51015437,0.12753859
45810,0.039237846,0.00071926607,0.07775643,0.0805872,1.0791082,1.3249985,0.33124962
45813,0.15957694,0.0011803437,0.31797352,0.3058507,0.0,0.3058507,0.07646268
45816,0.029569978,0.0006810214,0.058458935,0.05963547,0.052980646,0.13418558,0.033546396
45818,0.38764873,0.0010021325,0.77429533,0.76912403,0.0,0.76912403,0.19228101
45821,0.014978867,0.0009924158,0.028965319,0.029811807,0.41543233,0.40094933,0.10023733
45824,0.04662734,0.0009192725,0.0923354,0.09663129,1.142162,1.4805012,0.3701253
45826,0.00838099,0.0007128239,0.016049156,0.016741129,0.46584234,0.5687024,0.1421756
45829,0.034524124,0.00078021875,0.06826803,0.06792935,0.0,0.06792935,0.016982337
45831,0.0036033017,0.00064479973,0.006561803,0.0059964005,0.39767578,0.36949325,0.09237331
45834,0.0033892745,0.000496012,0.006282537,0.0060772835,0.37452805,0.41928825,0.10482206
45837,0.7737107,0.0008578746,1.5465636,1.5857812,0.0,1.5857812,0.3964453
45839,0.031057922,0.00082813256,0.061287712,0.060201436,0.048094183,0.052618463,0.013154616
45842,0.06950216,0.001348155,0.13765617,0.12756342,1.2686367,1.5028063,0.37570158
45844,0.23048872,0.0022479363,0.4587295,0.41276392,0.0,0.41276392,0.10319098
45847,0.020960571,0.0022199696,0.039701175,0.045282394,0.8682429,0.8471516,0.2117879
45850,0.4279578,0.0041762153,0.8517394,0.75388193,0.0,0.75388193,0.18847048
45852,0.035290625,0.0042442433,0.06633701,0.07816254,0.0,0.07816254,0.019540636
45855,0.041276008,0.0026463736,0.079905644,0.07957449,0.99776316,1.2974385,0.32435963
45857,0.042256534,0.0035243446,0.08098872,0.09917977,0.0,0.09917977,0.024794942
45860,0.022083774,0.0033882533,0.040779296,0.053206217,0.0,0.053206217,0.013301554
45863,0.12684903,0.00425273,0.24944532,0.26510638,0.0,0.26510638,0.066276595
45865,0.11736063,0.0041297893,0.23059148,0.24318707,0.0,0.24318707,0.060796767
45868,0.30028835,0.0030479606,0.59752876,0.5655177,0.0,0.5655177,0.14137943
45871,0.029954089,0.0018034367,0.05810474,0.056876462,0.5945912,0.5482157,0.13705392
45873,0.0231048,0.0017863497,0.04442325,0.045202315,0.02173405,0.06392651,0.015981628
45876,0.04326762,0.002994135,0.083541095,0.06686154,0.0,0.06686154,0.016715385
45878,0.31785014,0.0024341966,0.63326603,0.60720485,0.0,0.60720485,0.15180121
45881,0.28458634,0.0020290434,0.5671436,0.5506856,0.0,0.5506856,0.1376714
45884,0.021274654,0.0015662716,0.040983036,0.043860197,0.0,0.043860197,0.010965049
45886,0.01338575,0.0010059294,0.02576557,0.027388686,0.31892455,0.25742838,0.064357094
45889,0.03233763,0.0011814974,0.06349376,0.061507493,0.0,0.061507493,0.015376873
45891,0.24759208,0.0013767335,0.4938074,0.5072139,0.0,0.5072139,0.12680347
45894,0.0060476507,0.0015696697,0.010525632,0.005944285,0.2211241,0.187105,0.04677625
45897,0.017891617,0.00092163245,0.034861602,0.034679975,0.0,0.034679975,0.008669994
45899,0.4777416,0.0009774793,0.9545057,0.95913666,0.0,0.95913666,0.23978417
45902,0.22209233,0.0009261942,0.4432585,0.4278911,0.0,0.4278911,0.10697278
45904,0.00611515,0.0012562266,0.010974075,0.00771334,0.18635404,0.14662704,0.03665676
45907,0.003739545,0.001325904,0.0061531854,0.0047919904,0.34631702,0.32360747,0.08090187
45910,0.077668555,0.0009681286,0.15436898,0.14285159,0.0,0.14285159,0.035712898
45912,0.0072530587,0.001104128,0.01340199,0.010838826,0.4366769,0.50993395,0.12748349
45915,0.004421118,0.0009865984,0.007855638,0.007156717,0.3183482,0.3012387,0.07530967
45918,0.023107842,0.0011595581,0.045056123,0.041016627,0.04536861,0.11570487,0.028926218
45920,0.12821884,0.00093046617,0.2555072,0.25878155,0.0,0.25878155,0.06469539
45923,0.02321574,0.00086567743,0.045565803,0.042285323,0.73432857,0.70579386,0.17644846
45925,0.15657234,0.0010796505,0.31206504,0.30359474,0.0,0.30359474,0.075898685
45928,0.094312705,0.0015594811,0.18706594,0.17039317,0.0,0.17039317,0.042598292
45931,0.010024147,0.0010544237,0.018993871,0.021019997,0.23004384,0.16200249,0.040500622
45933,0.08638748,0.001962779,0.17081217,0.14829074,0.0,0.14829074,0.037072685
45936,0.013342942,0.0011854906,0.025500393,0.0236404,0.0060303123,0.029496968,0.007374242
45938,0.11070872,0.0017103617,0.21970709,0.24093497,0.0,0.24093497,0.060233742
45941,0.07410237,0.0013258877,0.14687885,0.15034097,0.0,0.15034097,0.037585244
45944,0.0981113,0.0013878499,0.19483475,0.20302992,0.0,0.20302992,0.05075748
45946,0.59374297,0.0013273541,1.1861585,1.2293983,0.0,1.2293983,0.30734956
45949,0.071992174,0.0009941552,0.14299019,0.14979552,0.0,0.14979552,0.03744888
45951,0.2577699,0.0009027749,0.51463705,0.48938537,0.0,0.48938537,0.12234634
45954,0.021134049,0.00061762484,0.04165047,0.03946377,0.01999094,0.043757003,0.010939251
45957,0.18418841,0.0005885328,0.36778829,0.36710143,0.0,0.36710143,0.09177536
45959,0.0047331043,0.00086876674,0.008597442,0.007912251,0.3375604,0.32276976,0.08069244
45962,0.28254002,0.000461599,0.5646184,0.5578305,0.0,0.5578305,0.13945763
45965,0.03103098,0.0005329079,0.06152905,0.057912737,0.050149333,0.07066193,0.017665483
45967,0.20460276,0.0005192156,0.4086863,0.41868845,0.0,0.41868845,0.10467211
45970,0.0040378342,0.00036645125,0.0077092177,0.008391638,0.52486277,0.49073815,0.12268454
45972,0.019540539,0.00035076556,0.038730312,0.036458973,0.021186924,0.06855564,0.01713891
45975,0.0071050148,0.00034008533,0.013869944,0.011265564,0.25452778,0.26891387,0.067228466
45978,0.12409082,0.00084810675,0.24733353,0.23251222,0.0,0.23251222,0.058128055
45980,0.003425136,0.00045965452,0.0063906177,0.008342788,0.22821005,0.18734877,0.046837192
45983,0.21781898,0.0013897363,0.4342482,0.40280738,0.0,0.40280738,0.100701846
45985,0.03492988,0.0004485581,0.069411196,0.07101406,0.017740356,0.09994876,0.02498719
45988,0.12559186,0.0020145006,0.24916922,0.27680784,0.0,0.27680784,0.06920196
45991,0.05176611,0.00039756208,0.103134654,0.107208826,0.10544795,0.22068012,0.05517003
45993,0.58711743,0.002154973,1.1720799,1.258289,0.0,1.258289,0.31457224
45996,0.02521812,0.0006171744,0.049819063,0.050083548,0.034130484,0.08679422,0.021698555
45998,0.034394197,0.0005257072,0.06826269,0.067769565,0.7050912,0.71662444,0.17915611
46001,0.652751,0.0021222306,1.3033799,1.2136946,0.0,1.2136946,0.30342364
46004,0.018814893,0.0006084453,0.037021343,0.04073253,0.006822827,0.053101737,0.013275434
46006,0.105519675,0.0020064185,0.20903294,0.1761447,0.0,0.1761447,0.044036176
46009,0.0041996823,0.00047979047,0.007919574,0.006954977,0.29074392,0.24060367,0.060150918
46012,0.024274454,0.0004967042,0.048052203,0.050977122,0.91709393,0.99939275,0.24984819
46014,0.23191933,0.0014412083,0.46239746,0.5022099,0.0,0.5022099,0.12555248
46017,0.012271968,0.00055023376,0.023993703,0.024585316,0.01248132,0.040335443,0.010083861
46019,0.14327301,0.0011626281,0.2853834,0.30212167,0.0,0.30212167,0.07553042
46022,0.031534307,0.0006108825,0.06245773,0.060278535,0.03135023,0.11569363,0.028923407
46025,0.006701319,0.0007395712,0.012663067,0.0103293015,0.371761,0.3438528,0.0859632
46027,0.20629211,0.00087690685,0.4117073,0.40227714,0.0,0.40227714,0.100569285
46030,0.027678287,0.00079201796,0.054564554,0.052987963,0.61758834,0.58972967,0.14743242
46032,0.3144224,0.0009839081,0.62786084,0.59571534,0.0,0.59571534,0.14892884
46035,0.056528673,0.0011089912,0.11194835,0.09836566,0.0,0.09836566,0.024591414
46038,0.23478492,0.0010647597,0.46850505,0.44631633,0.0,0.44631633,0.11157908
46040,0.21954675,0.0008657127,0.4382278,0.45725903,0.0,0.45725903,0.11431476
46043,0.33210078,0.0008494204,0.66335213,0.6461846,0.0,0.6461846,0.16154616
46046,1.0307912,0.001255611,2.0603268,1.9969724,0.0,1.9969724,0.4992431
46048,0.0029288458,0.00082121347,0.0050364784,0.004893302,0.29551426,0.26082027,0.06520507
46051,0.028388917,0.0007281623,0.056049675,0.05272721,0.55413914,0.48266497,0.12066624
46053,0.021804495,0.0007027644,0.042906225,0.039011206,0.51031995,0.44352183,0.11088046
46056,0.6004803,0.0011353255,1.1998253,1.2302957,0.0,1.2302957,0.3075739
46059,0.03954955,0.0011546762,0.07794442,0.06755414,0.0,0.06755414,0.016888535
46061,0.0509827,0.00057131477,0.10139409,0.09967318,0.09731704,0.1836377,0.045909423
46064,0.010217047,0.0009784015,0.019455694,0.017195107,0.0,0.017195107,0.004298777
46066,0.004111121,0.00049399707,0.0077282446,0.0074413777,0.26485696,0.22173364,0.05543341
46069,0.027235925,0.00072872516,0.053743124,0.04993068,0.0,0.04993068,0.01248267
46072,0.015630892,0.00041166312,0.03085012,0.029493272,0.01287476,0.049829394,0.012457348
46074,0.29550412,0.0007915208,0.59021676,0.5659583,0.0,0.5659583,0.14148958
46077,0.0099024065,0.0004121558,0.019392656,0.019337194,0.37086257,0.31938493,0.07984623
46079,0.025733346,0.00077596173,0.05069073,0.05199774,0.0,0.05199774,0.012999435
46082,0.60126156,0.000945524,1.2015777,1.231017,0.0,1.231017,0.30775425
46085,0.009425777,0.0011316207,0.017719934,0.016939491,0.0,0.016939491,0.0042348728
46087,0.024500035,0.0008515992,0.048148468,0.04878244,0.0,0.04878244,0.01219561
46090,0.010291903,0.0004740319,0.020109775,0.019394314,0.018469624,0.04169464,0.01042366
46093,0.05102813,0.00044425737,0.101612,0.101332724,0.07138726,0.20768844,0.05192211
46095,0.47431648,0.001376062,0.94725686,0.91117185,0.0,0.91117185,0.22779296
46098,0.097867824,0.00044728685,0.19528836,0.2019695,1.503108,1.9108547,0.47771367
46100,0.004571718,0.00041105167,0.008732385,0.00918433,0.32396296,0.35307977,0.08826994
46103,0.24924909,0.0015958998,0.49690226,0.44852042,0.0,0.44852042,0.112130105
46106,0.0041725696,0.00038311598,0.007962023,0.0061934,0.2698089,0.21037136,0.05259284
46108,0.036125105,0.0017888217,0.07046139,0.067821525,0.0,0.067821525,0.016955381
46111,0.021545002,0.0005054498,0.042584557,0.04109236,0.90111905,0.8827801,0.22069502
46113,0.007969229,0.0005025359,0.015435922,0.011590722,0.26761392,0.20307995,0.05076999
46116,0.13220604,0.0025900993,0.261822,0.21640305,0.0,0.21640305,0.054100763
46119,0.18008818,0.0024300613,0.35774633,0.41358867,0.0,0.41358867,0.10339717
46121,0.14707081,0.002457882,0.29168376,0.33881417,0.0,0.33881417,0.08470354
46124,0.032779623,0.002477035,0.06308221,0.046885256,0.0,0.046885256,0.011721314
46126,0.02666243,0.00065485266,0.052670006,0.050945383,0.052115213,0.10631899,0.026579747
46129,0.07582765,0.002954077,0.14870124,0.18603015,0.0,0.18603015,0.046507537
46132,0.8038104,0.0028559726,1.6047649,1.4806904,0.0,1.4806904,0.3701726
46134,0.018366694,0.00081557035,0.03591782,0.034530926,0.038068607,0.08089923,0.020224808
46137,0.091926,0.0028662179,0.1809858,0.2125206,0.0,0.2125206,0.05313015
46140,0.004204045,0.00076486194,0.0076432284,0.005721615,0.2582468,0.23229663,0.058074158
46142,0.040047858,0.0006924889,0.07940323,0.07501065,1.0909258,0.94885844,0.23721461
46145,0.013957056,0.0006529248,0.027261188,0.0284935,0.02903226,0.050369978,0.0125924945
46147,0.6216253,0.0026010617,1.2406496,1.3452762,0.0,1.3452762,0.33631906
46150,0.024431868,0.0007117086,0.048152026,0.046949077,0.036306452,0.08792526,0.021981316
46153,0.01467527,0.00069620163,0.028654337,0.027533898,0.02204951,0.050333604,0.012583401
46155,0.060643166,0.00061708974,0.120669246,0.117481686,0.8201166,1.0090961,0.25227404
46158,0.03149776,0.0005310677,0.062464457,0.06207742,1.0459809,1.0676391,0.26690978
46160,0.0024729532,0.0005231695,0.004422737,0.0039030544,0.30537498,0.29823074,0.074557684
46163,0.027698494,0.00045996197,0.054937024,0.051986426,0.54092497,0.45375857,0.11343964
46166,0.0041020247,0.00048767147,0.007716378,0.007920631,0.47108924,0.47572455,0.11893114
46168,0.0501423,0.00051701,0.09976759,0.10215003,0.96083397,1.3103529,0.32758823
46171,0.12807125,0.0017231664,0.25441933,0.2840943,0.0,0.2840943,0.071023576
46173,0.0805758,0.0017388609,0.15941276,0.18967398,0.0,0.18967398,0.047418494
46176,0.02510901,0.00042467532,0.049793348,0.05256253,0.70768476,0.68794113,0.17198528
46179,0.10652984,0.0014681964,0.21159148,0.1817411,0.0,0.1817411,0.045435276
46181,0.012574048,0.00039537088,0.024752727,0.023897013,0.015119172,0.035541672,0.008885418
46184,0.030756086,0.0004325772,0.061079595,0.06215575,0.046742495,0.086514235,0.021628559
46187,0.025652075,0.00047157597,0.050832573,0.050153423,0.020099774,0.055944216,0.013986054
46189,0.022308262,0.00048626016,0.044130266,0.04574467,0.97826654,1.0409015,0.2602254
46192,0.82886505,0.0017051495,1.6560249,1.7461036,0.0,1.7461036,0.4365259
46194,0.0048648776,0.00046006442,0.00926969,0.009985972,0.25644457,0.22720723,0.056801807
46197,0.10721878,0.0018045562,0.21263301,0.24833775,0.0,0.24833775,0.062084436
46200,0.38083267,0.0021206692,0.7595447,0.6915736,0.0,0.6915736,0.1728934
46202,0.2209508,0.0019500708,0.43995154,0.3939159,0.0,0.3939159,0.09847897
46205,0.027032197,0.0006561855,0.053408206,0.053982202,0.9072382,0.89995795,0.22498949
46207,0.042223558,0.0020942218,0.08235289,0.07349537,0.0,0.07349537,0.018373843
46210,0.016964974,0.00060751796,0.033322427,0.032726675,0.035178814,0.07736997,0.019342493
46213,0.5215175,0.0021033061,1.0409317,1.1270853,0.0,1.1270853,0.28177133
46215,0.0030877425,0.00076704676,0.0054084384,0.004305417,0.2507026,0.21612366,0.054030914
46218,0.07445187,0.0029619734,0.14594178,0.1786552,0.0,0.1786552,0.0446638
46220,0.039823484,0.00104076,0.07860621,0.07606816,1.1180162,1.1751595,0.29378986
46223,0.34641457,0.0029550425,0.6898741,0.6103397,0.0,0.6103397,0.15258493
46226,0.029924413,0.0009768783,0.058871944,0.05613908,0.7314346,0.7385893,0.18464732
46228,0.043942448,0.00099201,0.08689288,0.096409775,0.071403585,0.07476539,0.018691348
46231,0.048780754,0.0009464941,0.09661502,0.089163505,0.085668795,0.13027376,0.03256844
46234,0.0023513997,0.0010133648,0.0036894346,0.0050375797,0.41808006,0.47022542,0.117556356
46236,0.01007147,0.00091415393,0.019228786,0.01816701,0.00904329,0.023610612,0.005902653
46239,0.029989934,0.0008748726,0.059104994,0.063893564,0.9802901,1.2049389,0.30123472
46241,0.25361925,0.0025198841,0.5047186,0.5683131,0.0,0.5683131,0.14207828
46244,0.01942549,0.002472468,0.036378514,0.048531387,0.0,0.048531387,0.012132847
46247,0.07243613,0.00090702734,0.14396524,0.14704145,1.3688203,1.856182,0.4640455
46249,0.26397964,0.0025271561,0.5254321,0.46641693,0.0,0.46641693,0.11660423
46252,0.029847011,0.0025478473,0.057146177,0.069130816,0.0,0.069130816,0.017282704
46254,0.016671458,0.0009026872,0.032440227,0.03411388,0.61102206,0.64362365,0.16090591
46257,0.031346258,0.0009454307,0.061747085,0.06667208,0.6044522,0.5563075,0.13907687
46260,0.044293165,0.002400435,0.086185895,0.071369134,0.0,0.071369134,0.017842283
46262,0.16715401,0.002675912,0.3316321,0.3680992,0.0,0.3680992,0.0920248
46265,0.46549714,0.0025730843,0.9284212,1.0107428,0.0,1.0107428,0.2526857
46267,0.024967924,0.000822921,0.049112927,0.048219603,0.7136624,0.6976549,0.17441373
46270,0.01824719,0.00083597656,0.035658404,0.037479885,0.58085525,0.51754767,0.12938692
46273,0.02626224,0.0008142016,0.05171028,0.04801308,0.73220605,0.54200274,0.13550068
46275,0.002451014,0.0007428315,0.0041591967,0.0039961278,0.38777852,0.37219855,0.09304964
46278,0.039592955,0.00082923257,0.078356676,0.07012356,0.08232815,0.20126437,0.05031609
46281,0.07479242,0.0029963248,0.14658852,0.17741573,0.0,0.17741573,0.044353932
46283,0.024021685,0.0007109859,0.047332387,0.043808207,0.95111233,1.0115056,0.2528764
46286,0.02414103,0.0027012983,0.045580763,0.0504197,0.0,0.0504197,0.012604925
46288,0.48391423,0.0025697765,0.96525866,0.8860674,0.0,0.8860674,0.22151685
46291,0.03288834,0.0007973917,0.06497929,0.060972597,1.1256641,1.269864,0.317466
46294,0.04878148,0.0008601236,0.09670284,0.09463785,0.7612755,0.904545,0.22613625
46296,0.023624303,0.000918284,0.04633032,0.042410016,0.03127644,0.032213226,0.0080533065
46299,0.09269009,0.0034966774,0.1818835,0.22335859,0.0,0.22335859,0.055839647
46301,0.25872684,0.0031271086,0.5143266,0.5902011,0.0,0.5902011,0.14755027
46304,0.12215626,0.0031140682,0.24119847,0.19803219,0.0,0.19803219,0.049508046
46307,0.17097966,0.003047307,0.338912,0.30841935,0.0,0.30841935,0.07710484
46309,0.06741423,0.0036464669,0.131182,0.1375855,0.0,0.1375855,0.034396376
46312,0.07580923,0.003680826,0.14793764,0.11786997,0.0,0.11786997,0.029467493
46314,0.004157176,0.001290728,0.0070236237,0.0084648775,0.46876502,0.45503032,0.11375758
46317,0.76908034,0.004054196,1.5341064,1.6706266,0.0,1.6706266,0.41765666
46320,0.022348955,0.0013828488,0.043315064,0.045369614,0.022428306,0.08741161,0.021852903
46322,0.0023629928,0.0011479427,0.0035780428,0.004611368,0.34265077,0.31000856,0.07750214
46325,0.07933011,0.002929778,0.15573044,0.19150655,0.0,0.19150655,0.047876637
46328,0.02378636,0.0011469794,0.046425745,0.046200324,0.8246371,0.8114639,0.20286597
46330,0.064185254,0.0032694414,0.12510107,0.102428295,0.0,0.102428295,0.025607074
46333,0.022989847,0.0013543895,0.0446253,0.045218498,0.024792219,0.07160639,0.017901598
46335,0.0113261305,0.0015717273,0.021080533,0.018180236,0.010314287,0.021826154,0.0054565384
46338,0.052470908,0.001363258,0.10357856,0.111365326,1.0312284,1.395739,0.34893474
46341,0.017890828,0.0016470299,0.034134626,0.032618973,0.78120726,0.7966451,0.19916128
46343,0.03786508,0.0035656935,0.07216447,0.0653569,0.0,0.0653569,0.016339226
46346,0.14573564,0.003950851,0.2875204,0.34694386,0.0,0.34694386,0.086735964
46348,0.19239937,0.0036413716,0.38115737,0.32692227,0.0,0.32692227,0.08173057
46351,0.0031623833,0.0015401337,0.004784633,0.005170178,0.19359203,0.17396973,0.043492433
46354,0.10435542,0.003860907,0.20484991,0.17178535,0.0,0.17178535,0.04294634
46356,0.06034827,0.001995555,0.11870098,0.13473998,1.2764134,1.7835783,0.44589457
46359,0.025837509,0.002103029,0.049571987,0.044555712,0.82748157,0.72135466,0.18033867
46361,0.0037993211,0.0021550616,0.005443581,0.005992374,0.43154457,0.43017337,0.10754334
46364,0.026662208,0.002322495,0.05100192,0.055062134,0.84810084,0.85470134,0.21367534
46367,0.14379786,0.0050689713,0.28252673,0.22397013,0.0,0.22397013,0.055992533
46369,0.028127477,0.002116952,0.054138,0.05871508,0.8102045,0.8173511,0.20433778
46372,0.1375401,0.0034667978,0.2716134,0.32048377,0.0,0.32048377,0.08012094
46375,0.09812352,0.002926123,0.19332092,0.15840907,0.0,0.15840907,0.03960227
46377,0.15260758,0.0036923175,0.30152282,0.2702506,0.0,0.2702506,0.06756265
46380,0.0827343,0.0038570955,0.16161151,0.1865291,0.0,0.1865291,0.046632275
46382,0.38036546,0.0032019902,0.75752896,0.67789394,0.0,0.67789394,0.16947348
46385,0.008946707,0.0010670982,0.016826315,0.01174169,0.22515328,0.18080626,0.045201566
46388,0.080370285,0.002322296,0.15841827,0.17935999,0.0,0.17935999,0.044839997
46390,0.064269625,0.0020312648,0.12650798,0.13741459,0.0,0.13741459,0.034353647
46393,0.028575502,0.00078964065,0.056361362,0.05930249,0.73331565,0.7154562,0.17886405
46395,0.068449564,0.0021720545,0.13472708,0.16301246,0.0,0.16301246,0.040753115
46398,0.08197871,0.0018040892,0.16215332,0.1483929,0.0,0.1483929,0.037098225
46401,0.30760446,0.0014905961,0.61371833,0.56349826,0.0,0.56349826,0.14087456
46403,0.04125711,0.0006349439,0.08187928,0.07886239,1.1942118,1.4416122,0.36040306
46406,0.038863834,0.0008244859,0.07690319,0.075784616,1.0570039,1.0209453,0.25523633
46408,0.02053423,0.002869349,0.03819911,0.048012894,0.0,0.048012894,0.012003223
46411,0.042688016,0.0012522339,0.0841238,0.092380114,1.1571032,1.474912,0.368728
46414,0.01070226,0.0015077706,0.019896748,0.013906379,0.29128155,0.23367815,0.058419537
46416,0.16771545,0.004312807,0.33111808,0.38981044,0.0,0.38981044,0.09745261
46419,0.17665409,0.0048150453,0.3484931,0.3949829,0.0,0.3949829,0.098745726
46422,0.041019417,0.0019954396,0.0800434,0.06994627,0.57421476,0.48125863,0.12031466
46424,0.049806666,0.0017968187,0.097816505,0.08265563,0.06565993,0.05631392,0.01407848
46427,0.06746585,0.004587945,0.13034375,0.09952506,0.0,0.09952506,0.024881264
46429,0.031437337,0.0020789437,0.060795728,0.05624042,0.64886874,0.592809,0.14820226
46432,0.9831142,0.00489603,1.9613323,1.7855597,0.0,1.7855597,0.4463899
46435,0.0655631,0.0043145292,0.12681167,0.14758201,0.0,0.14758201,0.036895502
46437,0.03492922,0.0035224017,0.06633604,0.053488243,0.0,0.053488243,0.013372061
46440,0.020940416,0.0014272105,0.040453624,0.039948866,0.69066375,0.5424362,0.13560905
46442,0.038701613,0.0012923173,0.07611091,0.08202772,1.0856252,1.1858559,0.29646397
46445,0.029787669,0.0012453398,0.05833,0.054136395,0.061650623,0.1403146,0.03507865
46448,0.045330036,0.001063066,0.08959701,0.0848729,0.72834015,0.8325018,0.20812546
46450,0.029964954,0.0009915838,0.058938324,0.05928455,0.061872855,0.11329913,0.028324783
46453,0.041720357,0.00094739645,0.08249331,0.08116683,0.8118438,0.9908932,0.2477233
46455,0.036977876,0.00088771206,0.073068045,0.06882256,1.1084284,1.2848831,0.3212208
46458,0.0063696825,0.0009308031,0.011808562,0.014911336,0.27954292,0.20220347,0.050550867
46461,0.022901222,0.0010342756,0.04476817,0.039890837,0.67524886,0.68460894,0.17115223
46463,0.051567156,0.0009496512,0.10218466,0.09850045,1.2317502,1.4625522,0.36563805
46466,0.05058591,0.0013356307,0.09983619,0.11484019,0.0,0.11484019,0.028710047
46469,0.031218143,0.00096212345,0.061474163,0.061997194,0.71113795,0.82708246,0.20677061
46471,0.021238878,0.0010098807,0.04146788,0.043583125,0.0,0.043583125,0.010895781
46474,0.6179347,0.0010083759,1.234861,1.2308736,0.0,1.2308736,0.3077184
46476,0.008247326,0.001389176,0.0151054775,0.012452707,0.2985085,0.24660607,0.061651517
46479,0.024772013,0.00088832754,0.0486557,0.045912366,0.0,0.045912366,0.011478092
46482,0.008555453,0.0013998876,0.015711019,0.014339943,0.40428475,0.3676981,0.091924526
46484,0.15259375,0.0009963495,0.30419114,0.2876109,0.0,0.2876109,0.07190272
46487,0.20406328,0.0007614712,0.40736508,0.4028379,0.0,0.4028379,0.100709476
46489,0.0051410045,0.00098311,0.009298898,0.007954697,0.46308017,0.51764256,0.12941064
46492,0.39891794,0.0007566815,0.79707927,0.81291467,0.0,0.81291467,0.20322867
46495,0.021009633,0.0008717843,0.041147485,0.039440535,0.012227257,0.06009297,0.015023243
46497,0.025361925,0.0009812549,0.049742594,0.052080065,0.022305394,0.09041273,0.022603182
46500,0.12840612,0.0008597058,0.25595257,0.26517245,0.0,0.26517245,0.06629311
46502,0.040126953,0.0008213397,0.07943257,0.08141611,0.0,0.08141611,0.020354027
46505,0.21868093,0.0007244651,0.4366374,0.43392456,0.0,0.43392456,0.10848114
46508,0.0037907779,0.0005854399,0.0069961157,0.0072237663,0.43918195,0.45813203,0.11453301
46510,0.11517199,0.0006881324,0.22965585,0.23325644,0.0,0.23325644,0.05831411
46513,0.026487546,0.00044732715,0.052527767,0.05060808,0.80875754,0.7895813,0.19739532
46516,0.4126223,0.00068920857,0.8245554,0.80694515,0.0,0.80694515,0.20173629
46518,0.030325288,0.0005532383,0.060097337,0.059282515,0.8624339,0.7940014,0.19850035
46521,0.34005567,0.0005155469,0.67959577,0.6838611,0.0,0.6838611,0.17096527
46523,0.05130796,0.0006296696,0.10198625,0.104752064,0.0,0.104752064,0.026188016
46526,0.0033339916,0.00058988144,0.0060781017,0.005100488,0.33663106,0.298355,0.07458875
46529,0.036666747,0.000750813,0.072582684,0.073552795,0.04449809,0.14889611,0.03722403
46531,0.33053184,0.0010473275,0.66001636,0.6762654,0.0,0.6762654,0.16906635
46534,0.064074606,0.00076146465,0.12738775,0.12203748,0.14141895,0.2995012,0.0748753
46536,0.093081154,0.0009409888,0.18522131,0.18370211,0.0,0.18370211,0.045925528
46539,0.035592217,0.0005477557,0.07063668,0.07115417,0.0415088,0.13687764,0.03421941
46542,0.03284859,0.0004343087,0.06526287,0.064419106,0.8745715,0.91419524,0.22854881
46544,0.00807663,0.00041558602,0.015737673,0.016324107,0.16210708,0.10659608,0.02664902
46547,0.80631894,0.0010146527,1.6116232,1.6576132,0.0,1.6576132,0.4144033
46550,0.033619255,0.0010811627,0.06615735,0.06330952,0.0,0.06330952,0.01582738
46552,0.0021556881,0.00034462506,0.003966751,0.0040670778,0.32072654,0.31404904,0.07851226
46555,0.0056933775,0.0003394135,0.011047341,0.009941943,0.3200823,0.24330743,0.060826857
46557,0.24247259,0.0016431395,0.48330203,0.4345461,0.0,0.4345461,0.10863653
46560,0.04649828,0.00047578153,0.09252077,0.08886278,0.08582107,0.13923967,0.034809917
46563,0.034072775,0.00044059893,0.06770495,0.06604617,0.7479207,0.7480726,0.18701816
46565,0.30349192,0.002493823,0.60449004,0.53565603,0.0,0.53565603,0.13391401
46568,0.4317758,0.0025267333,0.86102486,0.9456145,0.0,0.9456145,0.23640363
46570,0.06951053,0.0026493773,0.13637167,0.15435256,0.0,0.15435256,0.03858814
46573,0.23962134,0.003029791,0.4762129,0.40866065,0.0,0.40866065,0.10216516
46576,0.043983415,0.0009021494,0.08706468,0.09557048,0.074115604,0.06128125,0.015320312
46578,0.06584567,0.003418564,0.12827277,0.14796041,0.0,0.14796041,0.036990102
46581,0.51075244,0.003289953,1.018215,1.1242999,0.0,1.1242999,0.28107497
46583,0.019289918,0.0033868162,0.035193022,0.028663358,0.0,0.028663358,0.0071658394
46586,0.03423803,0.000855848,0.06762021,0.07371476,0.026874105,0.13842767,0.03460692
46589,0.013602235,0.0009633669,0.026241103,0.024248803,0.016527379,0.028985927,0.0072464817
46591,0.3894283,0.0035527863,0.77530384,0.6788675,0.0,0.6788675,0.16971688
46594,0.031599853,0.0038581917,0.059341516,0.074674316,0.0,0.074674316,0.018668579
46597,0.034237728,0.0044532227,0.064022236,0.051429566,0.0,0.051429566,0.0128573915
46599,0.2887726,0.004372815,0.5731724,0.4812244,0.0,0.4812244,0.1203061
46602,0.40428388,0.004285256,0.8042825,0.91601163,0.0,0.91601163,0.22900291
46604,0.16720541,0.0046972237,0.32971358,0.4051416,0.0,0.4051416,0.1012854
46607,0.024348462,0.0019156216,0.0467813,0.046349198,0.07916718,0.1351853,0.033796325
46610,0.04101441,0.0020496,0.07997922,0.06480337,0.8822906,0.7265751,0.18164377
46612,0.035080392,0.005041572,0.065119214,0.06590564,0.0,0.06590564,0.01647641
46615,0.11202454,0.004918839,0.21913023,0.25287017,0.0,0.25287017,0.06321754
46617,0.04371139,0.0016993877,0.08572339,0.084896006,0.108308665,0.2360058,0.05900145
46620,0.05206498,0.0047944267,0.09933553,0.07097118,0.0,0.07097118,0.017742796
46623,0.006229414,0.0023450588,0.010113769,0.012842697,0.4681654,0.5088782,0.12721954
46625,0.019102389,0.002408027,0.03579675,0.033938434,0.02785915,0.06317612,0.01579403
46628,0.05319977,0.0028087962,0.10359075,0.08523717,0.07068706,0.044079393,0.011019848
46630,0.036652382,0.0032129306,0.070091836,0.053118464,0.75832635,0.6015814,0.15039535
46633,0.015566899,0.0027341268,0.02839967,0.029114915,0.54855734,0.5200896,0.1300224
46636,0.027043728,0.003264013,0.05082344,0.047924355,0.8379411,0.8873653,0.22184132
46638,0.03551973,0.002811705,0.06822775,0.06072332,0.043228686,0.08446065,0.021115163
46641,0.041936398,0.006767921,0.077104874,0.06546753,0.0,0.06546753,0.016366882
46644,0.2151827,0.0067330957,0.4236323,0.34696034,0.0,0.34696034,0.086740084
46646,0.040533926,0.0035215272,0.07754632,0.077203296,0.064366825,0.16142422,0.040356055
46649,0.008807743,0.0039172717,0.013698214,0.0054982896,0.28082457,0.23481111,0.058702778
46651,0.060609624,0.003599396,0.11761985,0.098125525,0.08429625,0.11394999,0.028487498
46654,0.14633872,0.007839535,0.28483787,0.21581125,0.0,0.21581125,0.053952813
46657,0.012865082,0.004355121,0.021375045,0.021413362,0.010358471,0.036055125,0.009013781
46659,0.029478684,0.0037525485,0.05520482,0.05012965,0.9405236,0.9382294,0.23455735
46662,0.12381599,0.0069474787,0.24068451,0.19032602,0.0,0.19032602,0.047581505
46664,0.005164046,0.0037068685,0.006621223,0.003994439,0.4061962,0.42607263,0.10651816
46667,0.100730486,0.006749362,0.19471161,0.16035636,0.0,0.16035636,0.04008909
46670,0.21166939,0.007101403,0.41623735,0.52172804,0.0,0.52172804,0.13043201
46672,0.061729502,0.0073949075,0.116064094,0.15801796,0.0,0.15801796,0.03950449
46675,0.013980293,0.0033178905,0.024642697,0.012995228,0.22033839,0.16201393,0.040503483
46677,0.11957615,0.006552438,0.23259985,0.18323089,0.0,0.18323089,0.045807723
46680,0.051312044,0.0064308024,0.096193284,0.12297949,0.0,0.12297949,0.030744873
46683,0.008805772,0.0031475143,0.014464031,0.007428112,0.21642609,0.16460375,0.04115094
46685,0.0042751767,0.003242055,0.0053082984,0.0054819635,0.41865793,0.41392007,0.10348002
46688,0.0068947705,0.0032754168,0.010514124,0.015709208,0.2898133,0.23166747,0.05791687
46691,0.027011892,0.003655712,0.05036807,0.056520265,0.8885329,1.0051895,0.25129738
46693,0.062378865,0.006193876,0.11856385,0.15635808,0.0,0.15635808,0.03908952
46696,0.18132378,0.005420513,0.35722706,0.2971379,0.0,0.2971379,0.07428447
46698,0.04511772,0.004998217,0.08523723,0.057058785,0.0,0.057058785,0.014264696
46701,0.49097836,0.004767869,0.9771888,1.0794162,0.0,1.0794162,0.26985404
46704,0.005946168,0.002648957,0.009243379,0.005851604,0.22359903,0.18433888,0.04608472
46706,0.059517503,0.0028767989,0.11615821,0.10180932,0.09769922,0.13778883,0.034447208
46709,0.021321766,0.0032091532,0.039434377,0.043798715,0.77463055,0.77365875,0.19341469
46711,0.0064980276,0.0028242778,0.010171778,0.0064901374,0.29590267,0.27593073,0.06898268
46714,0.5060578,0.005683853,1.0064317,0.87001306,0.0,0.87001306,0.21750326
46717,0.31524304,0.0050760913,0.62541,0.6931552,0.0,0.6931552,0.1732888
46719,0.010354442,0.0023752088,0.018333673,0.014874794,0.2173686,0.15420829,0.038552072
46722,0.05398346,0.00510144,0.10286548,0.07604646,0.0,0.07604646,0.019011615
46724,0.061678167,0.0048501967,0.11850613,0.08235798,0.0,0.08235798,0.020589495
46727,0.4182533,0.0046921587,0.83181447,0.7378157,0.0,0.7378157,0.18445392
46730,0.008508713,0.002186958,0.014830467,0.013201286,0.3199869,0.25895187,0.06473797
46732,0.063017026,0.0035909906,0.12244306,0.091036946,0.0,0.091036946,0.022759236
46735,0.075697385,0.0030164688,0.1483783,0.124860704,0.0,0.124860704,0.031215176
46738,0.0057983953,0.0017925316,0.009804259,0.009935147,0.25874725,0.20784728,0.05196182
46740,0.045857817,0.0019793275,0.089736305,0.093220375,0.0746001,0.17163779,0.042909447
46743,0.0026596293,0.0013187584,0.004000501,0.0071261213,0.19229819,0.17085595,0.04271399
46745,0.040263344,0.0016011089,0.07892558,0.07491883,1.1669518,1.4552809,0.36382023
46748,0.004170843,0.001468375,0.006873311,0.008333065,0.39661825,0.36965713,0.09241428
46751,0.029837338,0.0015542562,0.05812042,0.056597445,0.67299104,0.74541897,0.18635474
46753,0.1593425,0.0016195347,0.31706545,0.31152624,0.0,0.31152624,0.07788156
46756,0.05973303,0.0014045971,0.11806146,0.112196125,0.08348421,0.07327652,0.01831913
46758,0.15419142,0.0015437207,0.3068391,0.28629932,0.0,0.28629932,0.07157483
46761,0.07762668,0.0018178356,0.15343554,0.15793653,0.0,0.15793653,0.039484132
46764,0.008512373,0.001966345,0.015058401,0.01265497,0.28190657,0.22284608,0.05571152
46766,0.53717923,0.0025207594,1.0718378,1.0429529,0.0,1.0429529,0.26073822
46769,0.08009758,0.0031546003,0.15704057,0.14869931,0.0,0.14869931,0.03717483
46771,0.06362092,0.002268808,0.12497302,0.12838773,0.0,0.12838773,0.032096934
46774,0.0035047177,0.002296444,0.004712992,0.006057747,0.3845789,0.36080715,0.09020179
46777,0.034314465,0.0022604158,0.06636851,0.063251376,0.052380305,0.08321145,0.020802863
46779,0.03321399,0.0019083439,0.06451964,0.075504564,0.045882095,0.14376394,0.035940986
46782,0.0048058927,0.002026036,0.0075857495,0.013336867,0.24142472,0.19494076,0.04873519
46785,0.05752453,0.00140308,0.11364597,0.098543584,0.0,0.098543584,0.024635896
46787,0.017440883,0.0017811625,0.0331006,0.030670008,0.4324762,0.4098843,0.102471076
46790,0.6660842,0.0018177988,1.3303505,1.3287328,0.0,1.3287328,0.3321832
46792,0.7250622,0.0017146912,1.4484097,1.4290482,0.0,1.4290482,0.35726205
46795,0.0044248216,0.001175484,0.007674159,0.0069051743,0.41854104,0.47013247,0.11753312
46798,0.018366655,0.001044104,0.035689205,0.033920843,0.036888625,0.08557314,0.021393284
46800,0.030492602,0.0010605232,0.059924677,0.066464305,0.7096112,0.5180507,0.12951267
46803,0.25529566,0.0011556883,0.50943565,0.5121719,0.0,0.5121719,0.12804298
46805,0.02287177,0.0010243744,0.044719163,0.04792063,0.0,0.04792063,0.011980157
46808,0.29827023,0.0008071914,0.5957332,0.589936,0.0,0.589936,0.147484
46811,0.021013275,0.0006677394,0.04135881,0.039502878,0.0,0.039502878,0.009875719
46813,0.03721326,0.00055714656,0.07386937,0.075087905,0.060249686,0.18035693,0.045089234
46816,0.028035872,0.0007082582,0.055363487,0.055839837,0.023470962,0.0958753,0.023968825
46818,0.004369081,0.0008015949,0.007936567,0.008765875,0.3637314,0.4040121,0.10100303
46821,0.020045502,0.0011161185,0.038974885,0.03760072,0.032222364,0.07671179,0.019177947
46824,0.2168845,0.0011211949,0.4326478,0.44346836,0.0,0.44346836,0.11086709
46826,0.03028819,0.0011445865,0.05943179,0.052552614,0.0,0.052552614,0.013138154
46829,0.027906284,0.0007384185,0.05507415,0.052661385,0.032925542,0.07816258,0.019540645
46832,0.0914641,0.000854811,0.1820734,0.17192526,0.0,0.17192526,0.042981315
46834,0.0032094668,0.0005581786,0.0058607548,0.005262853,0.18705048,0.16436805,0.041092012
46837,0.023175402,0.0005063406,0.04584446,0.045526236,0.07313181,0.15551068,0.03887767
46839,0.029245185,0.00044510295,0.058045268,0.05891159,0.98470896,0.94788116,0.23697029
46842,0.020718142,0.00031325675,0.04112303,0.04099493,0.032365963,0.03508762,0.008771905
46845,0.21659668,0.0008719003,0.43232146,0.40485826,0.0,0.40485826,0.101214565
46847,0.044587534,0.0010441365,0.08813093,0.103102766,0.0,0.103102766,0.025775691
46850,0.005049147,0.00032563508,0.009772659,0.008122864,0.21099067,0.21048105,0.052620262
46852,0.017377924,0.00037308017,0.034382768,0.03372832,0.02353968,0.042428408,0.010607102
46855,0.006960315,0.00046909458,0.013451535,0.01430633,0.41113368,0.37375912,0.09343978
46858,0.18886648,0.0029178828,0.37481508,0.42703483,0.0,0.42703483,0.106758706
46860,0.0074193035,0.0011239314,0.013714676,0.009972149,0.18463148,0.1906774,0.04766935
46863,0.38441113,0.004175075,0.7646472,0.6665604,0.0,0.6665604,0.1666401
46865,0.33150512,0.0042251986,0.65878505,0.56334907,0.0,0.56334907,0.14083727
46868,0.010471051,0.0014245244,0.019517578,0.015377988,0.33687606,0.25092438,0.062731095
46871,0.04353038,0.001409717,0.08565104,0.08315152,1.1099734,1.1179258,0.27948144
46873,0.0044962172,0.0013825333,0.0076099015,0.0057635587,0.33067885,0.32447243,0.08111811
46876,0.08134357,0.0012010769,0.16148606,0.17170556,1.3941654,1.9763798,0.49409494
46879,0.031226004,0.0012820229,0.061169986,0.068741925,0.021934224,0.12374147,0.030935368
46881,0.28231168,0.0039597186,0.56066364,0.47839972,0.0,0.47839972,0.11959993
46884,0.0049754665,0.0014288314,0.008522102,0.008522485,0.21692514,0.19487013,0.048717532
46886,0.92688924,0.0040718955,1.8497066,1.6932144,0.0,1.6932144,0.4233036
46889,0.016754122,0.0017113838,0.03179686,0.035057858,0.5589983,0.50554466,0.12638617
46892,0.008019634,0.001443658,0.014595609,0.010019367,0.31520772,0.24922204,0.06230551
46894,0.09986249,0.003933104,0.19579189,0.2433808,0.0,0.2433808,0.0608452
46897,0.029466704,0.0014723418,0.057461064,0.059798677,0.051134437,0.14195354,0.035488386
46899,0.31101573,0.0035777632,0.6184537,0.70988035,0.0,0.70988035,0.17747009
46902,0.04720516,0.0015340672,0.092876256,0.08713893,1.1924777,1.2427797,0.31069493
46905,0.028558372,0.0015850095,0.05553173,0.04848692,0.04459579,0.12126515,0.030316288
46907,0.0025169908,0.0015779143,0.0034560673,0.005878972,0.42818654,0.47169837,0.11792459
46910,0.29773092,0.0042023575,0.5912595,0.505743,0.0,0.505743,0.12643576
46912,0.018895447,0.0020595584,0.035731334,0.03467438,0.7775803,0.76939696,0.19234924
46915,0.037172426,0.0022498497,0.072095,0.06699563,0.08784958,0.18408601,0.046021502
46918,0.054751545,0.0024620655,0.10704102,0.09851482,0.7508898,0.8598249,0.21495622
46920,0.36590016,0.004639655,0.7271607,0.62753093,0.0,0.62753093,0.15688273
46923,0.4118544,0.0045310794,0.8191777,0.7123434,0.0,0.7123434,0.17808585
46926,0.09435904,0.004985511,0.18373257,0.14490995,0.0,0.14490995,0.036227487
46928,0.025898958,0.00300814,0.048789773,0.03414358,0.026084458,0.07763372,0.01940843
46931,0.03320848,0.0031396418,0.06327731,0.05140649,0.53886956,0.45800617,0.11450154
46933,0.032396134,0.002979045,0.061813224,0.06542004,0.05772696,0.09177592,0.02294398
46936,0.03112863,0.0054361746,0.05682109,0.06544668,0.0,0.06544668,0.01636167
46939,0.043926496,0.0032326337,0.08462036,0.07610873,0.6949787,0.7113085,0.17782712
46941,0.0052374206,0.003124005,0.007350836,0.004072052,0.2413313,0.2263005,0.056575123
46944,0.0250362,0.0027601633,0.04731224,0.046346184,0.02603771,0.07923306,0.019808264
46946,0.037981115,0.0026496009,0.07331263,0.066078775,1.1519716,1.2999126,0.32497814
46949,0.020983286,0.0028056055,0.039160967,0.04043864,0.6303006,0.59363174,0.14840794
46952,0.05607501,0.004584183,0.10756584,0.07854257,0.0,0.07854257,0.019635642
46954,0.08946839,0.004089444,0.17484735,0.13936538,0.0,0.13936538,0.034841344
46957,0.12339879,0.0038955372,0.24290204,0.2925585,0.0,0.2925585,0.07313962
46959,0.0034964017,0.0021495025,0.004843301,0.004751013,0.36266133,0.3540155,0.088503875
46962,0.492547,0.004171144,0.9809229,0.8751827,0.0,0.8751827,0.21879567
46965,0.034519076,0.0018747194,0.06716343,0.07804364,0.025130956,0.12878896,0.03219724
46967,0.005860489,0.0018219454,0.009899032,0.006104717,0.24832702,0.20752712,0.05188178
46970,0.07048122,0.003091798,0.13787064,0.1126163,0.0,0.1126163,0.028154075
46973,0.0043661613,0.001510952,0.007221371,0.006600136,0.22887458,0.17976344,0.04494086
46975,0.16169755,0.0027745173,0.3206206,0.3615251,0.0,0.3615251,0.09038127
46978,0.11425075,0.0033205452,0.22518094,0.19101481,0.0,0.19101481,0.047753703
46980,0.03220996,0.00311995,0.061299965,0.08189561,0.0,0.08189561,0.020473903
46983,0.21405493,0.0031177818,0.42499205,0.3711097,0.0,0.3711097,0.09277742
46986,0.017947463,0.0017500957,0.03414483,0.028442593,0.013669714,0.047516357,0.011879089
46988,0.033558775,0.0019490118,0.06516854,0.07889524,0.061634764,0.204257,0.05106425
46991,0.019391995,0.0021984726,0.036585517,0.042918265,0.02657201,0.085184015,0.021296004
46993,0.044421833,0.0024312204,0.08641244,0.073616356,1.177321,1.3958133,0.34895334
46996,0.023224242,0.0025935082,0.043854978,0.052186113,0.8163747,0.8556605,0.21391512
46999,0.56796694,0.004555196,1.1313787,1.2424906,0.0,1.2424906,0.31062266
47001,0.8723615,0.0041048876,1.7406181,1.602738,0.0,1.602738,0.4006845
47004,0.006257182,0.0021466955,0.010367668,0.00653741,0.24481042,0.20767081,0.051917702
47006,0.296395,0.0038671207,0.5889229,0.64510375,0.0,0.64510375,0.16127594
47009,0.02672367,0.0019237045,0.051523637,0.04835199,0.8220727,0.8802449,0.22006123
47012,0.1316709,0.0031454137,0.2601964,0.23231782,0.0,0.23231782,0.058079455
47014,0.045685675,0.003070332,0.08830101,0.07351469,0.0,0.07351469,0.018378673
47017,0.051855326,0.0014154086,0.10229524,0.0969995,1.0057477,1.151147,0.28778675
47020,0.5340039,0.002599816,1.0654081,0.99357957,0.0,0.99357957,0.24839489
47022,0.007620605,0.0009134964,0.014327715,0.015642723,0.31176883,0.24474752,0.06118688
47025,0.051767662,0.00077843695,0.10275689,0.09761641,1.0692238,1.2557968,0.3139492
47027,0.5192128,0.0016626911,1.0367628,1.0960099,0.0,1.0960099,0.27400246
47030,0.0360863,0.00084241823,0.07133018,0.06548493,0.5994868,0.54798406,0.13699602
47033,0.061644327,0.0009529118,0.12233574,0.112380296,0.0,0.112380296,0.028095074
47035,0.036091514,0.000878825,0.0713042,0.08067743,0.0,0.08067743,0.020169357
47038,0.21024525,0.00091614714,0.41957435,0.43511596,0.0,0.43511596,0.10877899
47040,0.05868937,0.00094737654,0.11643136,0.112257876,0.0,0.112257876,0.028064469
47043,0.018256016,0.0009639182,0.035548113,0.034161057,0.48149398,0.48321474,0.120803684
47046,0.0052898824,0.0011126547,0.00946711,0.007862459,0.20605886,0.16074423,0.04018606
47048,0.005636201,0.0011461739,0.010126228,0.010518917,0.18740554,0.1394353,0.034858827
47051,0.021496499,0.0011606715,0.041832328,0.039449666,0.6732295,0.692385,0.17309625
47054,0.022214444,0.0012024894,0.043226402,0.039585292,0.017473089,0.068127505,0.017031876
47056,0.024752146,0.0014014285,0.04810286,0.038656667,0.0,0.038656667,0.009664167
47059,0.045237143,0.001374947,0.08909934,0.097623885,0.921367,1.3000742,0.32501855
47061,0.04821128,0.001482847,0.094939716,0.10037333,0.081716135,0.23969759,0.059924398
47064,0.0049639265,0.0016926791,0.008235173,0.0057903077,0.19317871,0.15929246,0.039823115
47067,0.02570161,0.001712176,0.04969104,0.046431396,0.96339107,1.0207471,0.25518677
47069,0.017313674,0.0026757063,0.03195164,0.044059943,0.0,0.044059943,0.011014986
47072,0.15384018,0.002964219,0.30471614,0.34092453,0.0,0.34092453,0.08523113
47074,0.075916044,0.0032759148,0.14855619,0.11755612,0.0,0.11755612,0.02938903
47077,0.11563607,0.0030571893,0.22821496,0.2664547,0.0,0.2664547,0.066613674
47080,0.08446466,0.0030756,0.16585372,0.19088018,0.0,0.19088018,0.047720045
47082,0.038087014,0.0017275208,0.07444651,0.067667715,1.0298041,1.1634902,0.29087254
47085,0.040142357,0.002368855,0.077915855,0.089025296,0.0,0.089025296,0.022256324
47087,0.016131422,0.001854411,0.030408433,0.03363466,0.39396152,0.34679022,0.086697556
47090,0.024808345,0.0020466992,0.04756999,0.050644323,0.013085462,0.07590958,0.018977394
47093,0.016887994,0.0037159228,0.030060068,0.031643957,0.0,0.031643957,0.007910989
47095,0.049074907,0.0042492915,0.093900524,0.10074935,0.0,0.10074935,0.025187338
47098,0.006470484,0.0028912176,0.01004975,0.008824905,0.28280687,0.25868332,0.06467083
47101,0.013987892,0.003523899,0.024451887,0.023952879,0.0,0.023952879,0.0059882198
47103,0.024462134,0.003729172,0.04519509,0.047070622,0.0,0.047070622,0.011767656
47106,0.044148114,0.0044212397,0.08387498,0.07657692,0.0,0.07657692,0.01914423
47108,0.009380733,0.0028902453,0.01587122,0.019312654,0.31694028,0.28307116,0.07076779
47111,0.36688992,0.0058871717,0.72789264,0.8289253,0.0,0.8289253,0.20723133
47114,0.15804589,0.0056051337,0.31048664,0.2391383,0.0,0.2391383,0.059784576
47116,0.041902166,0.004622906,0.079181425,0.07744813,0.0,0.07744813,0.019362032
47119,0.016178545,0.0026416006,0.029715488,0.03780401,0.012473312,0.056116447,0.014029112
47121,0.049664076,0.0052047516,0.0941234,0.13276906,0.0,0.13276906,0.033192266
47124,0.031060226,0.00442562,0.057694834,0.06088374,0.029873013,0.10697689,0.026744222
47127,0.12681194,0.007943594,0.24568029,0.17606236,0.0,0.17606236,0.04401559
47129,0.09989938,0.010403335,0.18939543,0.25670204,0.0,0.25670204,0.06417551
47132,0.049768776,0.004739307,0.094798245,0.075654894,1.1907752,1.4516109,0.36290273
47134,0.7671933,0.009271392,1.5251151,1.3128693,0.0,1.3128693,0.32821733
47137,0.20449167,0.009522164,0.39946118,0.31274608,0.0,0.31274608,0.07818652
47140,0.095052384,0.010376871,0.1797279,0.22624707,0.0,0.22624707,0.056561768
47142,0.05490917,0.011494733,0.098323606,0.05199306,0.0,0.05199306,0.012998265
47145,0.015767703,0.0065032043,0.025032202,0.017461112,0.010307371,0.023123458,0.0057808645
47148,0.023208717,0.0063971654,0.04002027,0.03534806,0.03299445,0.06326132,0.01581533
47150,0.02360191,0.01005444,0.037149377,0.06439746,0.0,0.06439746,0.016099365
47153,0.008443081,0.006416394,0.010469768,0.010866917,0.3134794,0.25623503,0.06405876
47155,0.20994155,0.011101007,0.4087821,0.3182258,0.0,0.3182258,0.07955645
47158,0.38691604,0.010142905,0.7636892,0.88538885,0.0,0.88538885,0.22134721
47161,0.15724595,0.011583292,0.3029086,0.373184,0.0,0.373184,0.093296
47163,0.27039567,0.009657218,0.5311341,0.6059203,0.0,0.6059203,0.15148008
47166,0.22421671,0.0074615884,0.44097185,0.3770958,0.0,0.3770958,0.09427395
47168,0.22863668,0.007073756,0.4501996,0.39828897,0.0,0.39828897,0.09957224
47171,0.027652219,0.006357144,0.048947293,0.05730019,0.0,0.05730019,0.014325048
47174,0.36378837,0.0054668426,0.72210985,0.6312105,0.0,0.6312105,0.15780263
47176,0.05151042,0.004279816,0.098741025,0.10834881,0.82555634,0.8526167,0.21315418
47179,0.025981924,0.0056865998,0.046277244,0.027250653,0.0,0.027250653,0.0068126633
47181,0.014923635,0.0031021994,0.026745072,0.020194842,0.012269822,0.018652132,0.004663033
47184,0.057851378,0.0031705166,0.112532236,0.10328724,0.091512404,0.0804797,0.020119924
47187,0.67093354,0.0026797603,1.3391873,1.3095449,0.0,1.3095449,0.32738623
47189,0.7132971,0.0027705058,1.4238237,1.4087915,0.0,1.4087915,0.3521979
47192,0.6067452,0.002822617,1.2106677,1.1864308,0.0,1.1864308,0.2966077
47195,0.046576213,0.0029368391,0.090215586,0.09947363,0.99792093,1.2564436,0.3141109
47197,0.2958335,0.0031566855,0.5885103,0.5948593,0.0,0.5948593,0.14871483
47200,0.4748993,0.0037339602,0.94606465,0.95699763,0.0,0.95699763,0.23924941
47202,0.052215457,0.005140413,0.0992905,0.09852835,1.069864,1.487442,0.3718605
47205,0.22844827,0.004014268,0.4528823,0.45045614,0.0,0.45045614,0.112614036
47208,0.031638563,0.0038716218,0.059405506,0.052791476,0.042809248,0.03826839,0.009567098
47210,0.07637792,0.0035171863,0.14923865,0.16524202,0.0,0.16524202,0.041310504
47213,0.027351677,0.0041083,0.050595056,0.065918334,0.04514649,0.15588431,0.038971078
47215,0.9788452,0.0053330506,1.9523573,1.9399332,0.0,1.9399332,0.4849833
47218,0.008258916,0.004522663,0.011995169,0.004563459,0.252631,0.23575465,0.058938663
47221,0.04015311,0.003809101,0.076497115,0.075938255,0.020468624,0.11471727,0.028679317
47223,0.11247509,0.0032709334,0.22167926,0.20656921,0.0,0.20656921,0.051642302
47226,0.06074364,0.002916552,0.11857072,0.12787919,0.0,0.12787919,0.031969797
47228,0.016957546,0.0022735514,0.03164154,0.034634877,0.40892947,0.38679647,0.09669912
47231,0.10756171,0.0026309423,0.21249247,0.2207437,0.0,0.2207437,0.055185925
47234,0.029033052,0.0025628663,0.055503238,0.063452825,0.04079911,0.074638285,0.018659571
47236,0.051797688,0.0022534316,0.10134194,0.098784305,0.11015525,0.2074758,0.05186895
47239,0.0051832767,0.0016505277,0.008716025,0.009085174,0.2906923,0.25671718,0.064179294
47242,0.06155135,0.0010885504,0.12201416,0.12616007,0.09372276,0.17315036,0.04328759
47244,0.08254798,0.000975681,0.16412027,0.17411095,0.9334099,1.5721602,0.39304006
47247,0.0256368,0.0008073386,0.050466258,0.050310478,0.015911298,0.07237246,0.018093115
47249,0.007126898,0.00089883216,0.013354965,0.011436131,0.25668624,0.22550277,0.056375694
47252,0.06630754,0.0018385174,0.13077655,0.119076885,0.91693836,1.3308265,0.33270663
47255,0.005989276,0.0022055737,0.009772979,0.0056898645,0.18615527,0.18296409,0.04574102
47257,0.0035075946,0.0018691029,0.005146086,0.006160088,0.16708858,0.1297721,0.032443024
47260,0.17334546,0.0015502041,0.34514073,0.37207142,0.0,0.37207142,0.093017854
47262,0.004480748,0.0014344137,0.0075270827,0.004901732,0.4310294,0.45635232,0.11408808
47265,0.46913674,0.0013010261,0.93697244,0.95728713,0.0,0.95728713,0.23932178
47268,0.035189617,0.0009847431,0.06939449,0.06697155,0.04219858,0.1343461,0.033586524
47270,0.0044805165,0.0010350187,0.007926014,0.0073494706,0.4243088,0.46422568,0.11605642
47273,0.060831856,0.0012401427,0.12042356,0.124204494,1.3284912,1.8118252,0.4529563
47275,0.1757376,0.0011507525,0.35032442,0.34971198,0.0,0.34971198,0.087427996
47278,0.026239028,0.0014049932,0.051073063,0.05408178,0.036911324,0.06498273,0.016245682
47281,0.05774711,0.0013788062,0.11411542,0.12043214,1.1810046,1.510754,0.3776885
47283,0.046428606,0.0013956152,0.0914616,0.09088924,0.93084353,1.1788548,0.2947137
47286,0.31686255,0.0018394701,0.6318856,0.59043306,0.0,0.59043306,0.14760827
47289,0.022724906,0.0022032831,0.043246534,0.059164006,0.0,0.059164006,0.014791002
47291,0.18300223,0.0026874642,0.363317,0.40199837,0.0,0.40199837,0.10049959
47294,0.62980646,0.0034940746,1.2561189,1.169853,0.0,1.169853,0.29246324
47296,0.044492126,0.0035402507,0.085444,0.11524693,0.0,0.11524693,0.028811732
47299,0.19576691,0.0033756623,0.38815817,0.34869322,0.0,0.34869322,0.087173305
47302,0.13042264,0.0033872419,0.25745803,0.28958842,0.0,0.28958842,0.072397105
47304,0.07866931,0.0032603357,0.15407829,0.17918605,0.0,0.17918605,0.04479651
47307,0.3920629,0.0027494084,0.78137636,0.73092383,0.0,0.73092383,0.18273096
47309,0.026486052,0.0015119378,0.051460166,0.05508983,0.8783162,1.0008388,0.2502097
47312,0.028088985,0.0036022933,0.052575678,0.06212188,0.0,0.06212188,0.01553047
47315,0.19059181,0.004030992,0.37715265,0.4238665,0.0,0.4238665,0.10596663
47317,0.003900259,0.0019335658,0.0058669522,0.0058433283,0.24260001,0.22463995,0.056159988
47320,0.30631664,0.0032014635,0.6094318,0.5460393,0.0,0.5460393,0.13650982
47322,0.07048183,0.0012715679,0.1396921,0.147986,1.2087663,1.6792129,0.41980323
47325,0.015907653,0.0023364734,0.029478831,0.023166656,0.0,0.023166656,0.005791664
47328,0.029179588,0.0007466385,0.05761254,0.05528455,0.055865634,0.1339391,0.033484776
47330,0.010805576,0.0006711167,0.020940036,0.018730476,0.010538645,0.020866541,0.0052166353
47333,0.24286018,0.0013966184,0.48432374,0.4469007,0.0,0.4469007,0.111725174
47336,0.08113368,0.001471242,0.16079612,0.17108442,0.0,0.17108442,0.042771105
47338,0.008548399,0.00078184996,0.016314948,0.011739835,0.33395728,0.2614037,0.06535093
47341,0.0042605926,0.0008105967,0.0077105886,0.005956687,0.1666082,0.14164205,0.035410512
47343,0.58210987,0.0015256982,1.162694,1.2309903,0.0,1.2309903,0.30774757
47346,0.046576094,0.0020327813,0.09111941,0.102349676,0.0,0.102349676,0.025587419
47349,0.023242714,0.0031198629,0.043365568,0.056195915,0.0,0.056195915,0.014048979
47351,0.0098913545,0.001945089,0.017837621,0.01305827,0.28627643,0.20121133,0.050302833
47354,0.017841598,0.0033336403,0.032349557,0.037426572,0.0,0.037426572,0.009356643
47356,0.009596914,0.00241139,0.016782438,0.008789818,0.1947648,0.17449416,0.04362354
47359,0.03723598,0.0028253628,0.07164659,0.08107275,0.060976595,0.08992059,0.022480147
47362,0.04828088,0.0034745205,0.09308723,0.078609526,0.7771937,0.5598909,0.13997273
47364,0.036422882,0.003565132,0.06928063,0.057697773,0.019019831,0.091744505,0.022936126
47367,0.018795198,0.0034401864,0.03415021,0.036535453,0.024037993,0.039174635,0.009793659
47369,0.03433247,0.0035351228,0.06512982,0.059179876,0.6210957,0.6790228,0.1697557
47372,0.049970727,0.0038983002,0.09604315,0.10522536,0.086577415,0.123874865,0.030968716
47375,0.010541924,0.0043142815,0.016769568,0.023103574,0.43769464,0.40627003,0.10156751
47377,0.096696176,0.006740198,0.18665217,0.13852416,0.0,0.13852416,0.03463104
47380,0.027193978,0.0046020728,0.049785882,0.04172495,0.016527427,0.062191527,0.015547882
47383,0.035039708,0.005020372,0.06505904,0.06272306,0.04221124,0.10420344,0.02605086
47385,0.008396485,0.0043508746,0.012442094,0.0070588537,0.34882125,0.3498421,0.087460525
47388,0.052560735,0.004786527,0.10033494,0.12758568,0.0,0.12758568,0.03189642
47390,0.030933334,0.0026044536,0.059262212,0.06601796,0.85354453,1.0387893,0.25969732
47393,0.0054788715,0.0027103135,0.008247429,0.008589376,0.45332408,0.47615552,0.11903888
47396,0.17379816,0.0042622085,0.3433341,0.40115166,0.0,0.40115166,0.100287914
47398,0.10481825,0.0043179835,0.20531851,0.24532641,0.0,0.24532641,0.061331604
47401,0.32229516,0.004264531,0.6403258,0.5608191,0.0,0.5608191,0.14020477
47403,0.101397775,0.0033223566,0.19947319,0.22164057,0.0,0.22164057,0.055410143
47406,0.020623371,0.0021662505,0.03908049,0.04413743,0.014260482,0.06331784,0.01582946
47409,0.3504655,0.003249089,0.6976819,0.6252963,0.0,0.6252963,0.15632407
47411,0.0430209,0.0025216101,0.08352018,0.08325104,0.070851326,0.15926597,0.03981649
47414,0.018725533,0.0028942155,0.03455685,0.03364067,0.43865857,0.41637683,0.10409421
47416,0.055506047,0.0036497582,0.10736233,0.12880231,0.0,0.12880231,0.03220058
47419,0.04609714,0.0028415117,0.089352764,0.0788315,0.70444673,0.6947314,0.17368285
47422,0.004644912,0.0034730642,0.00581676,0.0064730463,0.58840585,0.6197594,0.15493985
47424,0.030660095,0.0039240615,0.05739613,0.06661431,0.737498,0.7583086,0.18957715
47427,0.047729675,0.004545009,0.09091434,0.07398514,0.53922194,0.45526084,0.11381521
47430,0.05593242,0.0054097534,0.10645509,0.08794257,0.93062705,0.98940986,0.24735247
47432,0.067695774,0.0060075433,0.129384,0.120808035,0.85127324,1.1083437,0.27708593
47435,0.8109837,0.010081465,1.611886,1.8558785,0.0,1.8558785,0.46396962
47437,0.05272257,0.006637938,0.09880719,0.075644195,0.94829696,1.140689,0.28517225
47440,0.3801608,0.008710834,0.75161076,0.8543272,0.0,0.8543272,0.2135818
47443,0.028462851,0.0058991383,0.051026568,0.044761673,0.016270475,0.06455801,0.016139502
47445,0.23472327,0.008202254,0.46124431,0.56844234,0.0,0.56844234,0.14211059
47448,0.07545235,0.007753534,0.14315116,0.096945055,0.0,0.096945055,0.024236264
47450,0.008508795,0.005032229,0.011985361,0.0074050524,0.22178106,0.18004346,0.045010865
47453,0.08855467,0.0069189607,0.17019038,0.21079165,0.0,0.21079165,0.05269791
47456,0.040172834,0.004946957,0.07539871,0.06259895,0.86603475,0.99196464,0.24799116
47458,0.33416155,0.0075312094,0.6607919,0.550671,0.0,0.550671,0.13766775
47461,0.01994208,0.0054698675,0.03441429,0.0318528,0.009882311,0.039381396,0.009845349
47463,0.008972936,0.0050099813,0.012935892,0.006723845,0.23002578,0.21395572,0.05348893
47466,0.005350212,0.003984825,0.0067155994,0.0067552407,0.18745756,0.16493027,0.041232567
47469,0.0090998085,0.0031897624,0.015009854,0.010479207,0.1926152,0.14023726,0.035059314
47471,0.079434745,0.0040869485,0.15478255,0.1890995,0.0,0.1890995,0.047274876
47474,0.07924154,0.0025216073,0.15596147,0.17186339,1.25623,1.8607521,0.46518803
47477,0.04838885,0.0027503183,0.09402738,0.08544493,0.107803755,0.247648,0.061912
47479,0.017881574,0.0029913893,0.032771762,0.023020374,0.36925066,0.29530123,0.07382531
47482,0.16948642,0.0039720703,0.33500078,0.29229173,0.0,0.29229173,0.07307293
47484,0.2859725,0.004531113,0.56741387,0.6372952,0.0,0.6372952,0.1593238
47487,0.0067166765,0.003942237,0.009491117,0.006789369,0.3344253,0.3408059,0.08520147
47490,0.07370982,0.004186908,0.14323275,0.11135298,0.9799623,1.3224968,0.3306242
47492,0.85125345,0.004620141,1.6978868,1.5669817,0.0,1.5669817,0.39174542
47495,0.013732498,0.0044523026,0.023012692,0.028108463,0.3270029,0.29273438,0.073183596
47497,0.0122545855,0.00425628,0.02025289,0.02420637,0.36449957,0.36311707,0.09077927
47500,0.022923937,0.0043054987,0.041542374,0.03443474,0.023745695,0.025807003,0.0064517506
47503,0.014942433,0.0045075924,0.025377274,0.011061091,0.31835702,0.36430922,0.091077305
47505,0.1874777,0.0055334433,0.36942193,0.39516822,0.0,0.39516822,0.098792054
47508,0.04219019,0.006655924,0.07772445,0.1101344,0.0,0.1101344,0.0275336
47510,0.009436112,0.0053552506,0.013516974,0.011582691,0.3062875,0.3112897,0.077822424
47513,0.17848347,0.006677395,0.35028955,0.38944697,0.0,0.38944697,0.09736174
47516,0.12367812,0.0064504673,0.24090576,0.18864906,0.0,0.18864906,0.047162265
47518,0.036505107,0.0052496553,0.067760564,0.05402578,0.01377365,0.07642493,0.019106232
47521,0.3151789,0.0060363077,0.6243215,0.5624712,0.0,0.5624712,0.1406178
47524,0.039260935,0.0045763934,0.07394547,0.085481845,0.07153231,0.18875806,0.047189515
47526,0.03520829,0.0043748864,0.06604169,0.05379806,0.049315598,0.12818576,0.03204644
47529,0.08962398,0.0053407983,0.17390716,0.13990356,0.0,0.13990356,0.03497589
47531,0.057151575,0.0041842964,0.11011886,0.12552588,0.89214045,1.3279325,0.33198312
47534,0.08882531,0.0040442,0.17360641,0.14812763,1.2428006,1.8148514,0.45371285
47537,0.028086388,0.0042328085,0.051939968,0.042162966,0.028955882,0.03633663,0.009084158
47539,0.17387384,0.0049242186,0.34282348,0.3137618,0.0,0.3137618,0.07844045
47542,0.08800435,0.0051252437,0.17088346,0.19822456,0.0,0.19822456,0.04955614
47544,0.055305317,0.0052744295,0.10533621,0.08334267,0.0,0.08334267,0.020835668
47547,0.011251971,0.005287984,0.017215958,0.021941552,0.31889078,0.30435318,0.076088294
47550,0.025648227,0.00485053,0.04644592,0.058727425,0.0,0.058727425,0.014681856
47552,0.05528164,0.00424057,0.106322706,0.12840147,0.0,0.12840147,0.03210037
47555,0.028900316,0.0049698236,0.052830804,0.053705443,0.027786642,0.06993882,0.017484706
47558,0.0067373887,0.0051067914,0.0083679855,0.010570939,0.27800032,0.23963426,0.059908565
47560,0.005758699,0.005824191,0.005693207,0.0057833083,0.30378708,0.3022516,0.0755629
47563,0.44643363,0.0072027687,0.88566446,0.78303033,0.0,0.78303033,0.19575758
47565,0.26381645,0.007930429,0.5197025,0.46936098,0.0,0.46936098,0.117340244
47568,0.061920527,0.0072491444,0.11659191,0.08992783,0.8675522,1.1751431,0.29378578
47571,0.03281443,0.0081493305,0.057479527,0.043212578,0.027724272,0.04128092,0.01032023
47573,0.032828923,0.008436571,0.057221275,0.03856351,0.45043752,0.4793835,0.119845875
47576,0.08646832,0.009071291,0.16386534,0.11638656,0.0,0.11638656,0.02909664
47578,0.044633072,0.009063393,0.08020275,0.085015915,0.761153,0.9196048,0.2299012
47581,0.04049078,0.008761688,0.07221987,0.065063015,0.0384684,0.09170691,0.022926727
47584,0.044493686,0.0077397493,0.08124762,0.069283046,0.753135,0.91645885,0.22911471
47586,0.013235003,0.00811551,0.018354496,0.010368182,0.21396391,0.16378547,0.040946368
47589,0.6298676,0.009594991,1.2501402,1.0813595,0.0,1.0813595,0.27033988
47591,0.010847879,0.0075789937,0.014116764,0.01409199,0.22098874,0.16523992,0.04130998
47594,0.022935584,0.008036945,0.037834223,0.06614377,0.0,0.06614377,0.016535943
47597,0.11451755,0.009014077,0.22002102,0.26401344,0.0,0.26401344,0.06600336
47599,0.03862772,0.008281548,0.06897389,0.04404511,0.0,0.04404511,0.011011277
47602,0.14333238,0.0068473555,0.2798174,0.30569726,0.0,0.30569726,0.076424316
47605,0.06797188,0.005952699,0.12999105,0.09551183,0.6905592,0.9846943,0.24617358
47607,0.051453467,0.0065645888,0.09634235,0.08951386,0.6174831,0.7253726,0.18134315
47610,0.05145819,0.00673588,0.0961805,0.12824988,0.9278936,1.2736467,0.31841168
47612,0.03481737,0.008859581,0.060775165,0.068577565,0.0,0.068577565,0.017144391
47615,0.029073514,0.007478586,0.050668444,0.051120665,0.045735728,0.09755228,0.02438807
47618,0.16829546,0.010083179,0.32650772,0.37985298,0.0,0.37985298,0.094963245
47620,0.3669144,0.008556257,0.7252725,0.6267413,0.0,0.6267413,0.15668532
47623,0.07258055,0.009217724,0.1359434,0.1632076,0.0,0.1632076,0.0408019
47625,0.19586903,0.008666151,0.3830719,0.4310224,0.0,0.4310224,0.1077556
47628,0.3040525,0.009587538,0.5985175,0.521003,0.0,0.521003,0.13025075
47631,0.11928006,0.0093123885,0.22924773,0.1815601,0.9342902,1.5406213,0.38515532
47633,0.27121884,0.010024105,0.53241354,0.48324957,0.0,0.48324957,0.12081239
47636,0.74173504,0.011345309,1.4721247,1.6454135,0.0,1.6454135,0.41135338
47638,0.02987506,0.012008998,0.04774112,0.060871657,0.5728025,0.68597573,0.17149393
47641,0.012790967,0.012239727,0.013342206,0.021722728,0.36822832,0.47025833,0.11756458
47644,0.59996533,0.0151773915,1.1847533,1.0457045,0.0,1.0457045,0.26142612
47646,0.8446093,0.013927233,1.6752914,1.4915603,0.0,1.4915603,0.37289008
47649,0.020967102,0.014687899,0.027246302,0.0054890043,0.19027562,0.21908832,0.05477208
47652,0.04986702,0.013546057,0.08618798,0.1158258,0.8724966,1.1381956,0.2845489
47654,0.048640836,0.014670387,0.08261129,0.058611453,0.3886024,0.47936192,0.11984048
47657,0.2807966,0.015421741,0.5461714,0.5114687,0.0,0.5114687,0.12786718
47659,0.017302606,0.014296688,0.020308524,0.0063865953,0.27596626,0.2916234,0.07290585
47662,0.53801364,0.014172398,1.0618548,0.91991144,0.0,0.91991144,0.22997786
47665,0.51675045,0.0153656425,1.0181352,0.9200897,0.0,0.9200897,0.23002243
47667,0.23027642,0.015555902,0.44499695,0.40120077,0.0,0.40120077,0.10030019
47670,0.09909602,0.013444803,0.18474723,0.25616845,0.0,0.25616845,0.06404211
47672,0.23893309,0.013252187,0.464614,0.46884727,0.0,0.46884727,0.11721182
47675,0.024790868,0.011953552,0.037628185,0.06279316,0.04948618,0.12334094,0.030835235
47678,0.03160462,0.010574024,0.052635223,0.05749729,0.4200506,0.4729501,0.118237525
47680,0.100460745,0.009158171,0.19176333,0.19515269,0.0,0.19515269,0.04878817
47683,0.15197398,0.007894903,0.29605305,0.3103435,0.0,0.3103435,0.077585876
47685,0.3680354,0.008419654,0.7276511,0.6776941,0.0,0.6776941,0.16942352
47688,0.27095467,0.007447058,0.5344623,0.50272757,0.0,0.50272757,0.12568189
47691,0.025314944,0.0066424473,0.04398744,0.034737125,0.32175103,0.40534532,0.10133633
47693,0.056229394,0.0069702235,0.10548856,0.0794652,0.0,0.0794652,0.0198663
47696,0.044202607,0.006116008,0.0822892,0.10260003,0.0,0.10260003,0.025650008
47699,0.06954482,0.008976991,0.13011265,0.13442697,0.89584583,1.4217811,0.35544527
47701,0.035311062,0.006931608,0.06369051,0.067687996,0.055630986,0.088896334,0.022224084
47704,0.033189837,0.0064648963,0.05991478,0.057722133,0.03397913,0.05813721,0.014534302
47706,0.027790798,0.007457038,0.048124555,0.040657375,0.33120546,0.44848338,0.112120844
47709,0.012156001,0.0067934147,0.017518587,0.01757626,0.2362685,0.17642021,0.044105053
47712,0.065998815,0.007956372,0.12404125,0.11224877,0.7037743,1.0180926,0.25452316
47714,0.03115903,0.007837781,0.05448028,0.0341832,0.0,0.0341832,0.0085458
47717,0.044003133,0.010962562,0.077043705,0.06933981,0.022059971,0.0982191,0.024554774
47719,0.67485017,0.012394262,1.337306,1.3279426,0.0,1.3279426,0.33198565
47722,0.04048239,0.014901873,0.066062905,0.08379543,0.5271783,0.74452305,0.18613076
47725,0.09132563,0.013285543,0.16936572,0.16192442,0.0,0.16192442,0.040481105
47727,0.0384094,0.015314153,0.06150465,0.080791764,0.055603314,0.09168468,0.02292117
47730,0.2734857,0.014062732,0.5329086,0.47504878,0.0,0.47504878,0.118762195
47732,0.10015605,0.015052204,0.1852599,0.11950007,0.41927242,0.74445933,0.18611483
47735,0.03272565,0.0145475445,0.050903756,0.04940383,0.3552514,0.46549162,0.116372906
47738,0.06433946,0.016466714,0.1122122,0.14861815,0.72466755,1.1237566,0.28093916
47740,0.1418814,0.015976414,0.2677864,0.20316388,0.0,0.20316388,0.05079097
47743,0.32331607,0.017278263,0.6293538,0.62624997,0.0,0.62624997,0.15656249
47746,0.53022385,0.01620198,1.0442457,0.99375457,0.0,0.99375457,0.24843864
47748,0.019643435,0.016193818,0.023093054,0.006196859,0.13827318,0.15895087,0.039737716
47751,0.030874351,0.020891696,0.040857006,0.041582476,0.0,0.041582476,0.010395619
47753,0.11057644,0.020273982,0.2008789,0.29238883,0.0,0.29238883,0.07309721
47756,0.7309639,0.013633817,1.4482938,1.3651861,0.0,1.3651861,0.34129652
47759,0.03355501,0.013028895,0.054081123,0.053652246,0.017668417,0.0694429,0.017360725
47761,0.06139576,0.01341591,0.1093756,0.15005611,0.57816064,1.0224261,0.25560653
47764,0.032972213,0.013844357,0.052100074,0.054306958,0.28608876,0.4295756,0.1073939
47766,0.11524519,0.013905934,0.21658444,0.12964863,0.0,0.12964863,0.032412156
47769,0.04803145,0.0156485,0.0804144,0.07340006,0.33319208,0.56565744,0.14141436
47772,0.399868,0.023109874,0.77662617,0.60080737,0.0,0.60080737,0.15020184
47774,0.04084279,0.020825101,0.060860474,0.13540334,0.0,0.13540334,0.033850834
47777,0.06375192,0.015679173,0.11182467,0.074705176,0.0,0.074705176,0.018676294
47779,0.0719315,0.0141445175,0.1297185,0.07935726,0.41014168,0.610811,0.15270275
47782,0.026811788,0.015883422,0.037740156,0.015707998,0.3513397,0.4049828,0.1012457
47785,0.2270373,0.018115783,0.43595877,0.2880851,0.0,0.2880851,0.072021276
47787,0.061743658,0.016460022,0.10702729,0.18879439,0.0,0.18879439,0.047198597
47790,0.0110479565,0.012491983,0.009603929,0.010661765,0.21859336,0.29881153,0.07470288
47793,0.014594602,0.013563223,0.015625982,0.016782656,0.17181809,0.26101205,0.06525301
47795,0.09692394,0.01171394,0.18213393,0.18877007,0.0,0.18877007,0.047192518
47798,0.052407652,0.008116847,0.096698456,0.10535694,0.034836486,0.1712708,0.0428177
47800,0.32768267,0.009146237,0.6462191,0.5373257,0.0,0.5373257,0.13433142
47803,0.011427195,0.007545699,0.01530869,0.013704837,0.15254971,0.20789886,0.051974714
47806,0.6658749,0.008029363,1.3237205,1.1955436,0.0,1.1955436,0.2988859
47808,0.045705706,0.0066543627,0.08475705,0.08287122,0.032117907,0.13440849,0.033602122
47811,0.010364772,0.0060756467,0.014653896,0.008365516,0.1744727,0.20471871,0.051179677
47813,0.5211146,0.0073399767,1.0348892,0.91363424,0.0,0.91363424,0.22840856
47816,0.008876556,0.0051819184,0.012571193,0.006269421,0.28491965,0.28869775,0.07217444
47819,0.35922933,0.0057942667,0.71266437,0.62192637,0.0,0.62192637,0.15548159
47821,0.031719923,0.005168145,0.058271702,0.052122843,0.0,0.052122843,0.013030711
47824,0.04984637,0.0044937353,0.09519901,0.086223684,0.0,0.086223684,0.021555921
47826,0.41934326,0.0056230663,0.8330634,0.90165854,0.0,0.90165854,0.22541463
47829,0.05840011,0.0065134666,0.11028675,0.108089,0.0,0.108089,0.02702225
47832,0.031432867,0.0057355664,0.05713017,0.057532206,0.6395065,0.7797491,0.19493727
47834,0.009265729,0.0048127635,0.013718695,0.010647452,0.26698512,0.32321987,0.08080497
47837,0.4855266,0.006168946,0.9648843,1.0535377,0.0,1.0535377,0.26338443
47840,0.2299273,0.004166347,0.45568824,0.38673937,0.0,0.38673937,0.09668484
47842,0.02978093,0.003738515,0.05582334,0.06184073,0.027633796,0.06968138,0.017420346
47845,0.16927981,0.0037726434,0.33478698,0.38322592,0.0,0.38322592,0.09580648
47847,0.71733123,0.0035027752,1.4311596,1.4948632,0.0,1.4948632,0.3737158
47850,0.064777024,0.0037774092,0.12577665,0.120535076,0.0,0.120535076,0.030133769
47853,0.15199633,0.0039047708,0.3000879,0.24555834,0.0,0.24555834,0.061389584
47855,0.037622396,0.0029096243,0.07233516,0.07093146,0.0,0.07093146,0.017732864
47858,0.020763578,0.0022456956,0.03928146,0.03467,0.47162423,0.4489958,0.11224895
47860,0.010957939,0.0017558314,0.020160045,0.02006849,0.01017025,0.023417095,0.0058542737
47863,0.24434544,0.0016601532,0.48703074,0.45334992,0.0,0.45334992,0.11333748
47866,0.0084109,0.0013028135,0.015518987,0.014353697,0.39975074,0.4814104,0.1203526
47868,0.08853341,0.0010051811,0.17606165,0.18090935,0.0,0.18090935,0.045227338
47871,0.046326835,0.000868123,0.09178555,0.08905212,0.079702064,0.09351179,0.023377948
47873,0.030104542,0.00077014574,0.05943894,0.06615935,0.77850956,0.6543358,0.16358395
47876,0.05333424,0.0010645469,0.10560393,0.11254815,0.0,0.11254815,0.028137038
47879,0.03306747,0.00075946696,0.06537547,0.06522054,0.9350076,1.0818781,0.27046952
47881,0.0750026,0.0015943437,0.14841086,0.13377507,0.0,0.13377507,0.033443768
47884,0.10292393,0.0013057827,0.20454209,0.21917798,0.0,0.21917798,0.054794494
47887,0.02028031,0.00047170938,0.040088914,0.044089865,0.57703435,0.5673063,0.14182657
47889,0.16594692,0.0012176287,0.3306762,0.35234812,0.0,0.35234812,0.08808703
47892,0.07065561,0.0017839273,0.13952729,0.145191,0.0,0.145191,0.03629775
47894,0.022497887,0.0008399898,0.044155788,0.045233086,0.027106188,0.07547229,0.018868072
47897,0.28969213,0.0019517239,0.5774325,0.5300279,0.0,0.5300279,0.13250698
47900,0.007925382,0.0006970175,0.015153746,0.013173804,0.23876047,0.18907048,0.04726762
47902,0.054187834,0.0008575485,0.107518114,0.11159272,1.1626617,1.3701457,0.34253642
47905,0.046199773,0.0010847572,0.09131479,0.086691014,1.0248817,1.1749072,0.2937268
47907,0.16818053,0.0029773714,0.33338368,0.39165488,0.0,0.39165488,0.09791372
47910,0.6513295,0.003930059,1.298729,1.1680912,0.0,1.1680912,0.2920228
47913,0.09847644,0.0031239938,0.19382888,0.1589576,0.0,0.1589576,0.0397394
47915,0.0076351822,0.0016722189,0.013598147,0.008611153,0.39357233,0.33055976,0.08263994
47918,0.03103553,0.002302056,0.059769005,0.055415213,0.046071548,0.09466368,0.02366592
47920,0.011231358,0.0023396797,0.020123035,0.012062856,0.18541901,0.17250435,0.043126088
47923,0.018571181,0.0025746704,0.034567695,0.033304602,0.019627588,0.049126532,0.012281633
47926,0.042501096,0.00417865,0.08082355,0.103541076,0.0,0.103541076,0.025885269
47928,0.6514791,0.004493154,1.2984651,1.4408635,0.0,1.4408635,0.36021587
47931,0.027279139,0.0049877707,0.049570505,0.030620748,0.0,0.030620748,0.007655187
47934,0.113869645,0.004545735,0.22319357,0.26881397,0.0,0.26881397,0.06720349
47936,0.10387639,0.0049188845,0.20283389,0.23589021,0.0,0.23589021,0.058972552
47939,0.1070802,0.005773535,0.20838685,0.15851188,0.0,0.15851188,0.03962797
47941,0.21400215,0.0053544254,0.42264986,0.37372434,0.0,0.37372434,0.093431085
47944,0.008384172,0.0036101073,0.013158237,0.015814532,0.1775434,0.11420139,0.028550347
47947,0.025291972,0.0034937456,0.0470902,0.05580919,0.033698764,0.040082023,0.010020506
47949,0.2785814,0.0052014054,0.55196136,0.609086,0.0,0.609086,0.1522715
47952,0.45995378,0.006100775,0.91380674,1.0203599,0.0,1.0203599,0.25508997
47954,0.3490429,0.0058589834,0.6922268,0.60652375,0.0,0.60652375,0.15163094
47957,0.48202696,0.005933183,0.95812076,0.85378534,0.0,0.85378534,0.21344633
47960,0.017971486,0.0040432587,0.031899713,0.017695539,0.27215496,0.29295844,0.07323961
47962,0.03087362,0.003321531,0.05842571,0.05733895,0.86247945,0.9416089,0.23540223
47965,0.032497823,0.0018840696,0.06311158,0.06005621,1.0496165,1.1575648,0.2893912
47967,0.008348075,0.002156971,0.014539179,0.009675056,0.32938743,0.2880143,0.07200357
47970,0.04945678,0.0023277188,0.09658584,0.09693867,0.90973836,0.922373,0.23059325
47973,0.030596063,0.0021900982,0.059002027,0.05101089,0.0,0.05101089,0.012752723
47975,0.14775908,0.001977803,0.29354036,0.26753435,0.0,0.26753435,0.06688359
47978,0.26433712,0.003139776,0.52553445,0.46199378,0.0,0.46199378,0.115498446
47981,0.0068443124,0.002102997,0.011585628,0.008665099,0.46772394,0.5564287,0.13910717
47983,0.026607834,0.002228145,0.050987523,0.042393584,0.53730613,0.5218883,0.13047208
47986,0.05542935,0.0024503383,0.10840836,0.08910084,0.0,0.08910084,0.02227521
47988,0.00802979,0.0021559333,0.013903645,0.010568692,0.34721327,0.28202996,0.07050749
47991,0.25131235,0.0020363731,0.5005883,0.5372431,0.0,0.5372431,0.13431078
47994,0.01124134,0.002283002,0.020199679,0.022907943,0.017165348,0.045247097,0.011311774
47996,0.11038974,0.0029558325,0.21782364,0.23884165,0.0,0.23884165,0.059710413
47999,0.039193366,0.0022455265,0.07614121,0.09434985,0.0,0.09434985,0.023587463
48001,0.036767036,0.0026708741,0.070863195,0.061095625,0.73255444,0.7153845,0.17884612
48004,0.018833714,0.0031083252,0.0345591,0.03604141,0.46223977,0.45005956,0.11251489
48007,0.020366149,0.0042205,0.036511797,0.046845824,0.010930481,0.074471235,0.018617809
48009,0.01857039,0.0045616096,0.03257917,0.033189993,0.013742085,0.04989643,0.012474108
48012,0.0044759293,0.004773347,0.0041785114,0.010389804,0.35719582,0.3615968,0.0903992
48014,0.010422791,0.004225174,0.016620407,0.008249839,0.33275592,0.33039203,0.08259801
48017,0.056144346,0.003741797,0.10854689,0.13246316,1.1496083,1.672699,0.41817474
48020,0.083538234,0.0045265486,0.16254991,0.20334816,0.0,0.20334816,0.05083704
48022,0.015282594,0.003870476,0.02669471,0.013935936,0.17108656,0.16967161,0.042417902
48025,0.13569959,0.0056815646,0.2657176,0.22117372,0.0,0.22117372,0.05529343
48028,0.008187068,0.003439667,0.012934469,0.0077999756,0.39903757,0.4217352,0.1054338
48030,0.20236796,0.0041817552,0.40055418,0.34669366,0.0,0.34669366,0.086673416
48033,0.23997764,0.003164623,0.47679067,0.50585806,0.0,0.50585806,0.12646452
48035,0.082024015,0.0025433898,0.16150464,0.18676923,0.0,0.18676923,0.046692308
48038,0.06045549,0.0025542744,0.118356705,0.098105215,0.8375964,0.86262065,0.21565516
48041,0.0061998274,0.0015135845,0.01088607,0.012409878,0.36215118,0.29970276,0.07492569
48043,0.120745756,0.0026318983,0.23885961,0.21862496,0.0,0.21862496,0.05465624
48046,0.14753313,0.0027560815,0.2923102,0.31273407,0.0,0.31273407,0.07818352
48048,0.035074074,0.0024713853,0.06767676,0.070221856,0.69404507,0.63576406,0.15894102
48051,0.090877436,0.0033618698,0.178393,0.15765256,0.0,0.15765256,0.03941314
48054,0.28057668,0.0027232934,0.55843,0.5285801,0.0,0.5285801,0.13214503
48056,0.028102644,0.002014166,0.054191124,0.066425905,0.77700824,0.96789306,0.24197327
48059,0.104307204,0.0029651641,0.20564924,0.23441608,0.0,0.23441608,0.05860402
48062,0.21999079,0.0031792466,0.43680236,0.42432144,0.0,0.42432144,0.10608036
48064,0.02806742,0.0033527073,0.052782133,0.050563972,0.79944307,0.8430457,0.21076143
48067,0.032532174,0.0033021793,0.06176217,0.06820083,0.058069494,0.10480695,0.026201738
48069,0.20103739,0.003448534,0.39862624,0.36570892,0.0,0.36570892,0.09142723
48072,0.010264211,0.0026331272,0.017895296,0.009049823,0.31897798,0.34622145,0.08655536
48075,0.18273002,0.0024072258,0.36305282,0.35487473,0.0,0.35487473,0.08871868
48077,0.021010859,0.0023546743,0.03966704,0.048829824,0.040014636,0.11333857,0.028334642
48080,0.17192166,0.0028721325,0.34097114,0.3453803,0.0,0.3453803,0.08634508
48082,0.044400122,0.0029908235,0.08580942,0.06300049,0.0,0.06300049,0.015750123
48085,0.3940492,0.0030181268,0.78508025,0.7843531,0.0,0.7843531,0.19608827
48088,0.0326736,0.0030129908,0.06233421,0.05219577,0.42120495,0.355386,0.0888465
48090,0.042867467,0.003065883,0.08266905,0.094195515,0.086544625,0.17964661,0.044911653
48093,0.019707894,0.002195802,0.037219983,0.039135154,0.58246523,0.57127196,0.14281799
48095,0.019297726,0.001579348,0.037016105,0.03567155,0.5612224,0.52256,0.13064
48098,0.015979515,0.001658132,0.030300898,0.02843831,0.015075612,0.03105495,0.0077637373
48101,0.031060329,0.0020507183,0.060069937,0.05623649,0.015500009,0.07795117,0.019487793
48103,0.03642733,0.0015427569,0.071311906,0.07377977,0.04622199,0.09735533,0.024338832
48106,0.10019193,0.001704062,0.1986798,0.19260715,0.0,0.19260715,0.048151787
48109,0.10329185,0.0010617712,0.20552193,0.19451499,0.0,0.19451499,0.048628747
48111,0.0220859,0.0007160247,0.043455776,0.041177846,0.02926337,0.06379711,0.015949277
48114,0.08531619,0.0010777335,0.16955465,0.17205186,0.0,0.17205186,0.043012965
48116,0.10788255,0.0009497376,0.21481536,0.20548566,0.0,0.20548566,0.051371414
48119,0.016809925,0.0005642563,0.033055592,0.034842677,0.0193543,0.0739818,0.01849545
48122,0.05523317,0.00062785903,0.109838486,0.107426286,0.11705836,0.22077292,0.05519323
48124,0.009514823,0.0007486974,0.018280948,0.015272546,0.2497433,0.20413874,0.051034685
48127,0.28294602,0.001766435,0.5641256,0.6023721,0.0,0.6023721,0.15059303
48129,0.26444516,0.0025923261,0.526298,0.4742787,0.0,0.4742787,0.11856967
48132,0.054821327,0.0016242898,0.10801837,0.089425236,0.0,0.089425236,0.022356309
48135,0.012903787,0.0012228627,0.02458471,0.027819568,0.33348927,0.2813872,0.0703468
48137,0.033529896,0.0010740729,0.06598572,0.07196373,0.034320854,0.13869144,0.03467286
48140,0.038731728,0.0008967642,0.076566696,0.06943694,0.65318006,0.5780728,0.1445182
48142,0.05464144,0.0008655012,0.108417384,0.109037094,1.0188607,1.2403612,0.3100903
48145,0.016700307,0.0021128356,0.03128778,0.036904145,0.0,0.036904145,0.009226036
48148,0.1781569,0.0026048052,0.35370898,0.4020749,0.0,0.4020749,0.100518726
48150,0.00536637,0.0021241612,0.00860858,0.0052101114,0.23339026,0.21160336,0.05290084
48153,0.18195283,0.0044545536,0.3594511,0.29897046,0.0,0.29897046,0.074742615
48156,0.06967296,0.0054722703,0.13387364,0.16173835,0.0,0.16173835,0.040434588
48158,0.041646656,0.0043373248,0.078955986,0.064162344,0.4982021,0.40568915,0.10142229
48161,0.024605274,0.004520208,0.04469034,0.043469384,0.023480805,0.06401368,0.01600342
48163,0.041134987,0.0046852054,0.077584766,0.08884913,0.064602606,0.19797474,0.049493685
48166,0.010314404,0.0043868884,0.016241921,0.010140778,0.49598408,0.54944456,0.13736114
48169,0.058213204,0.0042996644,0.112126745,0.13574119,1.2127769,1.6489662,0.41224155
48171,0.023517253,0.0038405403,0.043193966,0.035197645,0.02043855,0.062105957,0.015526489
48174,0.1330384,0.0065567326,0.25952008,0.30867335,0.0,0.30867335,0.07716834
48176,0.3971937,0.005834838,0.7885526,0.87795085,0.0,0.87795085,0.21948771
48179,0.12297211,0.005721174,0.24022305,0.20220028,0.0,0.20220028,0.05055007
48182,0.021011101,0.005965406,0.036056798,0.049108997,0.0,0.049108997,0.012277249
48184,0.12669234,0.005151592,0.24823308,0.2828413,0.0,0.2828413,0.070710324
48187,0.013158254,0.0031233737,0.023193136,0.017187791,0.5290303,0.6122831,0.15307078
48189,0.0069071674,0.0030817243,0.010732611,0.006468661,0.24523859,0.22213054,0.055532634
48192,0.027586186,0.0029523366,0.052220035,0.059561282,0.79369146,0.9105213,0.22763033
48195,0.045775373,0.002620126,0.08893063,0.08816609,0.0889979,0.1854705,0.046367627
48197,0.016706804,0.0025262795,0.030887328,0.025513267,0.015458405,0.028493434,0.0071233585
48200,0.0049611162,0.002371047,0.007551186,0.008610333,0.41561326,0.42568383,0.10642096
48203,0.0367633,0.0026042853,0.070922315,0.07688711,0.056513797,0.1475022,0.03687555
48205,0.24037485,0.0033244134,0.47742525,0.42610583,0.0,0.42610583,0.10652646
48208,0.44830665,0.003489514,0.8931238,0.98480445,0.0,0.98480445,0.24620111
48210,0.26020828,0.0038920038,0.5165246,0.56681216,0.0,0.56681216,0.14170304
48213,0.2406652,0.0043539377,0.47697648,0.41490683,0.0,0.41490683,0.10372671
48216,0.009011478,0.0037065092,0.014316447,0.008444612,0.24517286,0.20736437,0.05184109
48218,0.22870223,0.0051066154,0.45229784,0.4011834,0.0,0.4011834,0.10029585
48221,0.009691038,0.003888907,0.015493169,0.020225005,0.34924987,0.306436,0.076609
48223,0.0489849,0.004084376,0.09388542,0.08057714,0.88146067,1.01813,0.2545325
48226,0.085361175,0.0054075117,0.16531484,0.20532487,0.0,0.20532487,0.05133122
48229,0.44770455,0.0059903353,0.8894188,0.97437525,0.0,0.97437525,0.24359381
48231,0.057396088,0.0065529016,0.10823927,0.07489007,0.0,0.07489007,0.018722517
48234,0.006774377,0.0049410076,0.008607746,0.0066563557,0.41129014,0.43516815,0.10879204
48236,0.009244388,0.004951936,0.01353684,0.015166926,0.25178394,0.2009949,0.050248723
48239,0.060589526,0.006499018,0.11468003,0.08116007,0.0,0.08116007,0.020290017
48242,0.16767544,0.0064987256,0.32885215,0.26945466,0.0,0.26945466,0.067363665
48244,0.033331428,0.004731109,0.061931748,0.043537866,0.0197588,0.0704784,0.0176196
48247,0.00514259,0.004369942,0.005915238,0.008433334,0.35082945,0.3556385,0.088909626
48250,0.047245294,0.0042397627,0.09025082,0.07324981,0.9763031,1.2099794,0.30249485
48252,0.028878653,0.0039177346,0.053839575,0.06091402,0.6630311,0.69595766,0.17398942
48255,0.020007985,0.0041541173,0.035861854,0.04831153,0.0,0.04831153,0.012077883
48257,0.027129753,0.0037790872,0.050480414,0.03973447,0.01755338,0.060986023,0.015246506
48260,0.037392963,0.004271623,0.0705143,0.06022209,0.04458792,0.073222734,0.018305684
48263,0.028531691,0.005203285,0.051860094,0.040093962,0.0,0.040093962,0.0100234905
48265,0.6803903,0.005350726,1.3554298,1.4993674,0.0,1.4993674,0.37484184
48268,0.08992293,0.005910287,0.17393558,0.21475029,0.0,0.21475029,0.053687572
48270,0.82475966,0.0058113337,1.6437079,1.4690895,0.0,1.4690895,0.36727238
48273,0.2633215,0.0060202167,0.5206228,0.60779375,0.0,0.60779375,0.15194844
48276,0.041783247,0.0069962977,0.076570205,0.051780373,0.0,0.051780373,0.012945093
48278,0.30714688,0.0068773055,0.60741645,0.7241168,0.0,0.7241168,0.1810292
48281,0.015400219,0.0064851516,0.024315285,0.010531214,0.2259622,0.18028529,0.045071322
48283,0.30916175,0.008276089,0.6100474,0.7426979,0.0,0.7426979,0.18567447
48286,0.045674875,0.009312682,0.08203707,0.11840451,0.0,0.11840451,0.029601127
48289,0.04278915,0.0080384575,0.07753984,0.07960286,0.73063445,0.8103738,0.20259345
48291,0.034225967,0.008090378,0.060361553,0.046460714,0.5452896,0.5945074,0.14862685
48294,0.4267752,0.010249227,0.8433011,0.6929259,0.0,0.6929259,0.17323147
48297,0.043833885,0.009730507,0.07793727,0.08532238,0.07219493,0.18817025,0.047042564
48299,0.020559946,0.010248065,0.030871829,0.020133946,0.42330196,0.3339913,0.08349782
48302,0.15787329,0.011962946,0.30378363,0.23842324,0.0,0.23842324,0.05960581
48304,0.06274927,0.012699713,0.11279882,0.06095107,0.0,0.06095107,0.015237767
48307,0.017423803,0.0118358,0.02301181,0.00849995,0.40226874,0.45420846,0.113552116
48310,0.09473697,0.014049992,0.17542396,0.19545007,0.0,0.19545007,0.048862517
48312,0.11337777,0.013833719,0.21292181,0.2533316,0.0,0.2533316,0.0633329
48315,0.045735974,0.013496782,0.07797518,0.1193778,0.0,0.1193778,0.02984445
48317,0.045607116,0.012359861,0.07885437,0.07235892,0.050501674,0.090216994,0.022554249
48320,0.021190451,0.013053871,0.029327035,0.03116224,0.0,0.03116224,0.00779056
48323,0.018017232,0.011501301,0.024533162,0.0058010803,0.16503032,0.14557794,0.036394484
48325,0.049785066,0.012210902,0.08735923,0.12158829,0.0,0.12158829,0.030397072
48328,0.089684315,0.011833525,0.16753511,0.16239291,0.0,0.16239291,0.04059823
48330,0.2917438,0.01174071,0.5717469,0.5280502,0.0,0.5280502,0.13201255
48333,0.12566781,0.010316645,0.24101897,0.24519126,0.0,0.24519126,0.061297815
48336,0.055859093,0.010805502,0.10091269,0.06539509,0.0,0.06539509,0.016348772
48338,0.026654243,0.0097101955,0.043598294,0.05914566,0.0,0.05914566,0.014786415
48341,0.012735646,0.009050895,0.016420396,0.02355425,0.30280593,0.22211643,0.055529106
48344,0.044105086,0.008402915,0.07980726,0.06676498,0.43793082,0.44648257,0.11162064
48346,0.024978077,0.008179646,0.041776508,0.039389003,0.014440815,0.051573664,0.012893416
48349,0.7282916,0.007823114,1.44876,1.4285097,0.0,1.4285097,0.35712743
48351,0.5467132,0.00731211,1.0861143,1.0736905,0.0,1.0736905,0.26842263
48354,0.039321195,0.0060952716,0.072547115,0.058061525,0.0,0.058061525,0.014515381
48357,0.019827208,0.0077080936,0.03194632,0.023485111,0.36654863,0.49948516,0.12487129
48359,0.18875654,0.0062583922,0.37125468,0.40725055,0.0,0.40725055,0.10181264
48362,0.30484697,0.0063366382,0.60335726,0.55460304,0.0,0.55460304,0.13865076
48364,0.037699576,0.008446335,0.06695282,0.07230803,0.023754373,0.10970652,0.02742663
48367,0.039210245,0.008249323,0.07017117,0.062294375,0.5523067,0.62767315,0.15691829
48370,0.14707007,0.007695012,0.2864451,0.32422736,0.0,0.32422736,0.08105684
48372,0.11462003,0.0058618127,0.22337824,0.17736597,0.0,0.17736597,0.044341493
48375,0.043038443,0.007130479,0.078946404,0.080260165,0.025632113,0.12126795,0.030316988
48377,0.058670327,0.0066291555,0.11071149,0.116865575,0.0,0.116865575,0.029216394
48380,0.028093988,0.006109701,0.050078277,0.05612119,0.0,0.05612119,0.014030297
48383,0.06051736,0.006356997,0.11467773,0.14563592,0.0,0.14563592,0.03640898
48385,0.04953113,0.006036976,0.093025275,0.09493857,0.02850663,0.14178337,0.035445843
48388,0.20639189,0.0088782385,0.40390554,0.31980518,0.0,0.31980518,0.079951294
48391,0.03538512,0.012043934,0.05872631,0.06147212,0.034127582,0.08591781,0.021479452
48393,0.06288691,0.013077435,0.11269638,0.07894515,0.48920593,0.6628485,0.16571212
48396,0.19405758,0.012482581,0.3756326,0.26987913,0.0,0.26987913,0.06746978
48398,0.014594223,0.010485633,0.018702814,0.0054503046,0.34626165,0.35944536,0.08986134
48401,0.5347562,0.009249172,1.0602632,0.93456584,0.0,0.93456584,0.23364146
48404,0.009124359,0.0066243634,0.011624355,0.0071347356,0.20803137,0.23199289,0.05799822
48406,0.03427036,0.0061709327,0.06236979,0.055372756,0.0,0.055372756,0.013843189
48409,0.3252916,0.008265617,0.6423176,0.67976594,0.0,0.67976594,0.16994148
48411,0.2443838,0.0115758935,0.4771917,0.5294056,0.0,0.5294056,0.1323514
48414,0.04635009,0.012251849,0.08044834,0.062684685,0.0,0.062684685,0.015671171
48417,0.036207613,0.008598744,0.06381648,0.039354857,0.23245937,0.30976775,0.07744194
48419,0.010325721,0.0059435777,0.014707866,0.005574833,0.13932523,0.12644418,0.031611044
48422,0.015806278,0.0069444845,0.024668073,0.028369555,0.36725488,0.5429159,0.13572897
48424,0.07963961,0.006218853,0.15306038,0.15581928,1.0415963,1.411625,0.35290626
48427,0.6330921,0.0064944043,1.2596898,1.3463454,0.0,1.3463454,0.33658636
48430,0.0207559,0.005128249,0.03638355,0.027863303,0.3464717,0.3524674,0.08811685
48432,0.3000066,0.004626066,0.5953871,0.6673443,0.0,0.6673443,0.16683607
48435,0.007336471,0.003572631,0.011100312,0.0064481157,0.21601959,0.23976214,0.059940536
48438,0.0069159963,0.00394479,0.009887203,0.006570468,0.25003204,0.2708452,0.0677113
48440,0.02471789,0.0055580973,0.04387768,0.036411848,0.4848121,0.52477974,0.13119493
48443,0.16844444,0.0069638654,0.329925,0.2543045,0.0,0.2543045,0.063576125
48445,0.17840855,0.0050796275,0.35173747,0.28698874,0.0,0.28698874,0.071747184
48448,0.0058427155,0.0031901766,0.008495255,0.0102192005,0.17125957,0.14308597,0.035771493
48451,0.04134149,0.0024296667,0.08025331,0.07120068,0.5896268,0.6460237,0.16150592
48453,0.037810966,0.0012953454,0.07432659,0.07192985,0.0,0.07192985,0.017982462
48456,0.016893836,0.0011021638,0.032685507,0.031117192,0.3351132,0.3176197,0.07940493
48458,0.0072161355,0.0016112955,0.012820977,0.010839909,0.31001845,0.3073608,0.0768402
48461,0.05714548,0.002474487,0.11181647,0.11374054,1.0680783,1.2272034,0.30680084
48464,0.77838296,0.0019225617,1.5548433,1.6118721,0.0,1.6118721,0.40296802
48466,0.030485494,0.0012034187,0.05976757,0.057057142,0.75251055,0.78360677,0.19590169
48469,0.049320713,0.00080945104,0.09783197,0.09326425,0.8046226,0.963921,0.24098025
48471,0.020955801,0.00077669526,0.04113491,0.039933357,0.012969646,0.059481665,0.014870416
48474,0.0725291,0.0004255483,0.14463265,0.14782922,0.9556248,1.1599631,0.28999078
48477,0.00589304,0.00045496086,0.011331119,0.010542143,0.43811306,0.4111371,0.102784276
48479,0.024671128,0.00050971075,0.048832547,0.05056895,0.024469346,0.09597073,0.023992682
48482,0.26368514,0.0013771747,0.5259931,0.4866806,0.0,0.4866806,0.12167015
48485,0.09615516,0.0012560249,0.19105428,0.18244301,1.4793129,1.9490427,0.48726067
48487,0.23721348,0.002094778,0.47233215,0.50871825,0.0,0.50871825,0.12717956
48490,0.1969807,0.0024227577,0.39153862,0.43623304,0.0,0.43623304,0.10905826
48492,0.20239629,0.0025357644,0.40225682,0.35993207,0.0,0.35993207,0.089983016
48495,0.020439044,0.0016743541,0.039203733,0.034904223,0.008189446,0.045296732,0.011324183
48498,0.011761163,0.0017958292,0.021726498,0.015430766,0.36632827,0.31472433,0.07868108
48500,0.03486423,0.0017660949,0.067962356,0.067533486,0.056017462,0.11456493,0.028641233
48503,0.28906056,0.0030986846,0.5750224,0.5016739,0.0,0.5016739,0.12541847
48505,0.13670911,0.0030730367,0.27034518,0.3023702,0.0,0.3023702,0.07559255
48508,0.018851455,0.0019882077,0.035714705,0.04473899,0.031178644,0.11073223,0.027683057
48511,0.029524555,0.0020673175,0.05698179,0.058239598,0.033189394,0.10555166,0.026387915
48513,0.022187546,0.0022113977,0.042163696,0.040981043,0.60664314,0.5778586,0.14446466
48516,0.3546886,0.0036007992,0.7057764,0.63310647,0.0,0.63310647,0.15827662
48518,0.12838028,0.003339069,0.25342152,0.21597011,0.0,0.21597011,0.05399253
48521,0.044867937,0.0020158077,0.08772007,0.08356305,0.1291122,0.23812608,0.05953152
48524,0.01719331,0.0034089473,0.030977674,0.040448584,0.0,0.040448584,0.010112146
48526,0.5246069,0.0032963261,1.0459174,0.9459812,0.0,0.9459812,0.2364953
48529,0.099666215,0.0032065448,0.19612588,0.21656354,0.0,0.21656354,0.054140884
48532,0.015561885,0.0018472234,0.029276548,0.0330983,0.012911081,0.058915425,0.014728856
48534,0.2267936,0.0030897555,0.45049748,0.51747847,0.0,0.51747847,0.12936962
48537,0.06407955,0.003147837,0.12501127,0.15122055,0.0,0.15122055,0.037805136
48539,0.015851727,0.002055992,0.02964746,0.035407312,0.016187968,0.07349538,0.018373845
48542,0.15786432,0.0034824063,0.31224623,0.36022353,0.0,0.36022353,0.09005588
48545,0.06476159,0.0034814517,0.12604173,0.1477204,0.0,0.1477204,0.0369301
48547,0.17561145,0.003327722,0.34789518,0.31041157,0.0,0.31041157,0.07760289
48550,0.09620061,0.0033890505,0.18901215,0.21718663,0.0,0.21718663,0.054296657
48552,0.0073665977,0.002317236,0.0124159595,0.010711799,0.4954672,0.54621774,0.13655443
48555,0.01838432,0.0023616203,0.034407023,0.024655886,0.41596162,0.38471827,0.09617957
48558,0.01192835,0.002556517,0.021300182,0.020259961,0.3095373,0.21985418,0.054963544
48560,0.07731362,0.004084022,0.15054321,0.175498,0.0,0.175498,0.0438745
48563,0.034934513,0.0027056604,0.06716337,0.0647124,0.040711734,0.10377651,0.025944127
48566,0.14578512,0.0036915634,0.2878787,0.26386365,0.0,0.26386365,0.06596591
48568,0.04618168,0.0024646746,0.08989868,0.08777382,0.065378435,0.118834555,0.029708639
48571,0.012638153,0.0026013409,0.022674965,0.011745819,0.18994205,0.18215616,0.04553904
48573,0.011333211,0.002589214,0.020077208,0.013579915,0.3195517,0.28864422,0.072161056
48576,0.011297344,0.0025507938,0.020043893,0.014472686,0.49001077,0.5670927,0.14177318
48579,0.04484396,0.0023205813,0.08736735,0.081197664,0.05703798,0.08875411,0.022188528
48581,0.069264606,0.0029233356,0.13560587,0.104660034,0.0,0.104660034,0.026165009
48584,0.22661562,0.003308937,0.44992232,0.47906843,0.0,0.47906843,0.11976711
48586,0.025632702,0.0022463584,0.049019042,0.061671067,0.78530645,0.8798902,0.21997255
48589,0.10928968,0.0028356016,0.21574377,0.18363605,0.0,0.18363605,0.045909014
48592,0.0068049314,0.0020407725,0.01156909,0.01417162,0.41808072,0.42721322,0.106803305
48594,0.012648736,0.0020119818,0.023285491,0.014932785,0.3930253,0.44898152,0.11224538
48597,0.09018457,0.002336264,0.17803288,0.17002678,0.0,0.17002678,0.042506695
48599,0.03288923,0.0021485733,0.06362989,0.070993006,0.0,0.070993006,0.017748252
48602,0.032959495,0.0021796105,0.06373938,0.06951392,0.0,0.06951392,0.01737848
48605,0.24047828,0.0023147985,0.47864175,0.4480193,0.0,0.4480193,0.112004824
48607,0.09149475,0.0027365468,0.18025295,0.2015763,0.0,0.2015763,0.050394077
48610,0.037823435,0.002820108,0.072826765,0.05758738,0.0,0.05758738,0.014396845
48613,0.029230984,0.0018150443,0.056646924,0.054704983,0.5564072,0.47777924,0.11944481
48615,0.0056907847,0.0018140828,0.009567487,0.0089917,0.46699002,0.5177171,0.12942928
48618,0.02241235,0.0018438221,0.04298088,0.04670326,0.6352964,0.6460128,0.1615032
48620,0.38889003,0.0028440494,0.774936,0.7062259,0.0,0.7062259,0.17655647
48623,0.046512987,0.0019774719,0.0910485,0.081543274,1.0705887,1.335692,0.333923
48626,0.83166194,0.0028176017,1.6605062,1.5444432,0.0,1.5444432,0.3861108
48628,0.0057977303,0.0019896403,0.00960582,0.01014425,0.19757485,0.1591224,0.0397806
48631,0.6468881,0.0033098254,1.2904663,1.4108578,0.0,1.4108578,0.35271445
48633,0.10169526,0.0036970682,0.19969344,0.22803712,0.0,0.22803712,0.05700928
48636,0.089027755,0.0039385986,0.17411691,0.14883216,0.0,0.14883216,0.03720804
48639,0.07604605,0.0046314495,0.14746065,0.1798686,0.0,0.1798686,0.04496715
48641,0.021704586,0.003360888,0.040048286,0.043447662,0.033140372,0.054824945,0.013706236
48644,0.4154928,0.0047871205,0.8261985,0.72935754,0.0,0.72935754,0.18233939
48646,0.033866797,0.0031153876,0.06461821,0.059955716,0.69567066,0.73781633,0.18445408
48649,0.01952534,0.0045369226,0.03451376,0.023952797,0.0,0.023952797,0.0059881993
48652,0.27823249,0.0054278127,0.55103713,0.47552022,0.0,0.47552022,0.118880056
48654,0.034596685,0.0056525487,0.063540824,0.038025487,0.0,0.038025487,0.009506372
48657,0.028440004,0.0045395996,0.052340407,0.06442017,0.019745685,0.10232246,0.025580615
48660,0.13693874,0.00658983,0.26728764,0.20468529,0.0,0.20468529,0.05117132
48662,0.040960792,0.0068043396,0.075117245,0.05425908,0.0,0.05425908,0.01356477
48665,0.010422851,0.0058900043,0.014955697,0.0101931915,0.47951713,0.49302348,0.12325587
48667,0.14059564,0.007907503,0.27328378,0.20983927,0.0,0.20983927,0.052459817
48670,0.005886515,0.0060582645,0.005714765,0.013033,0.5046074,0.5751343,0.14378357
48673,0.18340836,0.007872003,0.35894474,0.29736027,0.0,0.29736027,0.07434007
48675,0.20620918,0.0073116943,0.40510666,0.34682322,0.0,0.34682322,0.086705804
48678,0.033652004,0.005720351,0.061583657,0.046655968,0.6165676,0.61303943,0.15325986
48680,0.38176513,0.0068810605,0.7566492,0.87474966,0.0,0.87474966,0.21868742
48683,0.09870383,0.0072882003,0.19011946,0.21948381,0.0,0.21948381,0.054870952
48686,0.06252904,0.0068214512,0.11823663,0.08763216,0.0,0.08763216,0.02190804
48688,0.26266947,0.006880877,0.51845807,0.43543017,0.0,0.43543017,0.10885754
48691,0.04674803,0.006822307,0.08667376,0.060817253,0.0,0.060817253,0.015204313
48693,0.025725752,0.0059756166,0.04547589,0.04412046,0.6763986,0.5868357,0.14670892
48696,0.028102132,0.007235482,0.04896878,0.052882314,0.0,0.052882314,0.013220578
48699,0.013090259,0.0056082406,0.020572277,0.016849035,0.006211025,0.01709318,0.004273295
48701,0.010184883,0.005973439,0.014396326,0.0165561,0.4759136,0.4523715,0.11309288
48704,0.4116424,0.0064996146,0.81678516,0.73789185,0.0,0.73789185,0.18447296
48707,0.07159642,0.0064061326,0.13678671,0.1786098,0.0,0.1786098,0.04465245
48709,0.15076347,0.0058927876,0.29563415,0.3343401,0.0,0.3343401,0.083585024
48712,0.17236121,0.005274194,0.33944824,0.38294145,0.0,0.38294145,0.09573536
48714,0.06404112,0.004391444,0.12369081,0.09338408,0.0,0.09338408,0.02334602
48717,0.22907574,0.0042350455,0.45391646,0.42083248,0.0,0.42083248,0.10520812
48720,0.007187342,0.0038331815,0.010541502,0.013140676,0.5383752,0.5377402,0.13443504
48722,0.020435248,0.0039667063,0.036903787,0.04132846,0.02593489,0.080004744,0.020001186
48725,0.034725588,0.0034061444,0.06604503,0.07158234,0.7736707,0.70319575,0.17579894
48727,0.008351278,0.003612012,0.013090543,0.014612851,0.5218175,0.5053399,0.12633498
48730,0.5678905,0.0037699447,1.132011,1.2188511,0.0,1.2188511,0.30471277
48733,0.037331063,0.0047524185,0.06990971,0.084190965,0.0,0.084190965,0.021047741
48735,0.17443676,0.004461841,0.3444117,0.3144602,0.0,0.3144602,0.07861505
48738,0.2912536,0.004389574,0.5781176,0.53434104,0.0,0.53434104,0.13358526
48740,0.040195648,0.0047258423,0.07566545,0.097285904,0.0,0.097285904,0.024321476
48743,0.017622722,0.005299969,0.029945472,0.01602873,0.4245148,0.5255707,0.13139267
48746,0.09387871,0.004954493,0.18280292,0.2165191,1.2410355,1.9501649,0.48754123
48748,0.034156367,0.005162059,0.063150674,0.070080064,0.03179579,0.12519832,0.03129958
48751,0.03926529,0.005152452,0.07337812,0.07802289,0.036569316,0.12632088,0.03158022
48754,0.025177369,0.005158217,0.045196522,0.055470884,0.6284678,0.59020144,0.14755036
48756,0.00985208,0.0043279273,0.015376233,0.014324385,0.21850395,0.1878676,0.0469669
48759,0.008693396,0.0046793614,0.01270743,0.009741342,0.18255126,0.14036673,0.035091683
48761,0.040004317,0.004440551,0.07556808,0.06928753,0.72342014,0.9608633,0.24021582
48764,0.026039012,0.0050960924,0.04698193,0.042470288,0.033097792,0.079869956,0.019967489
48767,0.056230426,0.0040249503,0.1084359,0.12025569,0.14200532,0.28134453,0.07033613
48769,0.04073173,0.0039213826,0.07754208,0.082452886,0.7494958,0.9533898,0.23834746
48772,0.049726997,0.004104464,0.09534953,0.10907061,0.104813665,0.21697086,0.054242715
48774,0.121301144,0.0038125303,0.23878975,0.22552796,0.0,0.22552796,0.05638199
48777,0.028603213,0.0036470832,0.053559344,0.060177702,0.022498002,0.09938199,0.024845498
48780,0.050932948,0.002907769,0.09895813,0.09882968,0.61315185,0.90752417,0.22688104
48782,0.0691632,0.0042537055,0.1340727,0.12704593,0.0,0.12704593,0.031761482
48785,0.29824722,0.005678022,0.59081644,0.57393056,0.0,0.57393056,0.14348264
48787,0.00784267,0.0046295426,0.011055797,0.004342803,0.24479835,0.24279432,0.06069858
48790,0.0078121554,0.004573708,0.011050603,0.007983477,0.14908142,0.12322108,0.03080527
48793,0.005602067,0.003915913,0.00728822,0.004710671,0.27196106,0.25411746,0.063529365
48795,0.23686366,0.0034087838,0.47031853,0.50051665,0.0,0.50051665,0.12512916
48798,0.052247215,0.0028806666,0.10161377,0.086668216,0.0,0.086668216,0.021667054
48801,0.13810168,0.0027854594,0.27341792,0.3031161,0.0,0.3031161,0.07577903
48803,0.82303685,0.0029226474,1.6431509,1.578441,0.0,1.578441,0.39461026
48806,0.025944171,0.0029531664,0.048935175,0.053793356,0.51774925,0.5776152,0.1444038
48808,0.2498291,0.0034594021,0.49619877,0.4730657,0.0,0.4730657,0.118266426
48811,0.034984928,0.0036516143,0.06631824,0.054206114,0.0,0.054206114,0.013551529
48814,0.3902062,0.003117381,0.77729493,0.80897635,0.0,0.80897635,0.20224409
48816,0.030497765,0.0026678431,0.058327686,0.056520652,0.057308,0.116564214,0.029141054
48819,0.037711516,0.0021097467,0.07331329,0.059544593,0.6538412,0.7335248,0.1833812
48821,0.41084132,0.0030428849,0.81863976,0.75016993,0.0,0.75016993,0.18754248
48824,0.019979876,0.0027810584,0.03717869,0.040409002,0.51006526,0.5298741,0.13246852
48827,0.19072038,0.0038159986,0.37762475,0.42242837,0.0,0.42242837,0.10560709
48829,0.012973131,0.0029032659,0.023042997,0.01629731,0.43478513,0.5282443,0.13206108
48832,0.022823503,0.0032727544,0.042374253,0.043540146,0.028863406,0.07201196,0.01800299
48834,0.03645088,0.003906705,0.06899506,0.051334288,0.0,0.051334288,0.012833572
48837,0.28947625,0.004102379,0.57485014,0.64131033,0.0,0.64131033,0.16032758
48840,0.02742902,0.004998797,0.04985924,0.04848209,0.47177365,0.5142557,0.12856393
48842,0.64670575,0.0046966304,1.2887149,1.4209032,0.0,1.4209032,0.3552258
48845,0.35910466,0.005260875,0.7129485,0.6100402,0.0,0.6100402,0.15251005
48848,0.61234635,0.0062397644,1.2184529,1.0837071,0.0,1.0837071,0.27092677
48850,0.008251975,0.0046373256,0.0118666245,0.012819762,0.30713594,0.29936373,0.07484093
48853,0.028769612,0.004068984,0.05347024,0.05115643,0.6337292,0.5576663,0.13941658
48855,0.0069782627,0.004819769,0.009136756,0.0048273676,0.3298299,0.33894828,0.08473707
48858,0.009699657,0.0065405965,0.012858716,0.01199462,0.18803644,0.14787126,0.036967814
48861,0.10627174,0.008388412,0.20415504,0.14771713,0.0,0.14771713,0.036929283
48863,0.04667276,0.008412839,0.084932685,0.112652995,0.0,0.112652995,0.028163249
48866,0.9994566,0.011364241,1.9875488,1.7287197,0.0,1.7287197,0.43217993
48868,0.544674,0.010910957,1.078437,1.2694803,0.0,1.2694803,0.3173701
48871,0.020496868,0.008278028,0.032715708,0.015406509,0.44534633,0.5414799,0.13536997
48874,0.028372725,0.009385156,0.04736029,0.045698345,0.03183483,0.07739159,0.019347897
48876,0.06839619,0.00966623,0.12712616,0.11183814,0.095660366,0.1572682,0.03931705
48879,0.082541436,0.0108376155,0.15424526,0.10544632,0.0,0.10544632,0.02636158
48881,0.011784341,0.010864352,0.0127043305,0.010168593,0.437826,0.42438808,0.10609702
48884,0.04808815,0.011143755,0.085032545,0.06764061,0.8160431,0.991906,0.2479765
48887,0.015877342,0.011025441,0.020729244,0.0156601,0.20225179,0.15234639,0.038086597
48889,0.028881246,0.011912052,0.04585044,0.06504848,0.7883618,0.88544995,0.22136249
48892,0.024321834,0.012588159,0.03605551,0.009702437,0.2970182,0.33386555,0.08346639
48895,0.03876188,0.012183345,0.065340415,0.05216943,0.45430636,0.5415217,0.13538043
48897,0.14184272,0.013679164,0.27000627,0.33951226,0.0,0.33951226,0.084878065
48900,0.14813863,0.0125957085,0.28368154,0.33072433,0.0,0.33072433,0.08268108
48902,0.3638753,0.0097786235,0.717972,0.621645,0.0,0.621645,0.15541124
48905,0.02891062,0.010268742,0.047552496,0.025270926,0.0,0.025270926,0.0063177315
48908,0.043198507,0.008978602,0.07741841,0.06881664,0.056233216,0.09702877,0.024257192
48910,0.59156996,0.012524568,1.1706153,1.3813325,0.0,1.3813325,0.34533313
48913,0.056852687,0.01328373,0.100421645,0.13251126,0.0,0.13251126,0.033127815
48915,0.08040138,0.011925913,0.14887685,0.20995526,0.99560994,1.6766578,0.41916445
48918,0.01296867,0.010692288,0.01524505,0.014348957,0.32002136,0.30288506,0.075721264
48921,0.017627267,0.008453061,0.026801473,0.0161497,0.25126252,0.18521293,0.04630323
48923,0.5934031,0.008206698,1.1785995,1.0579196,0.0,1.0579196,0.2644799
48926,0.021431336,0.00875831,0.034104366,0.016240453,0.30050567,0.24836706,0.062091764
48928,0.13776134,0.0066359877,0.2688867,0.21804442,1.0770268,1.8727013,0.46817532
48931,0.5820847,0.009433862,1.1547356,1.2939534,0.0,1.2939534,0.32348835
48934,0.2177819,0.009071213,0.42649257,0.5213609,0.0,0.5213609,0.13034022
48936,0.384977,0.012633662,0.7573204,0.9191225,0.0,0.9191225,0.22978063
48939,0.010150771,0.011799867,0.008501674,0.012538542,0.25716656,0.26762733,0.06690683
48942,0.02635713,0.013860218,0.038854044,0.018086571,0.36188492,0.4986876,0.1246719
48944,0.15381274,0.014717764,0.2929077,0.19864953,0.0,0.19864953,0.04966238
48947,0.16786642,0.0146727925,0.3210601,0.2962385,0.0,0.2962385,0.07405963
48949,0.023030547,0.016505657,0.029555438,0.0368603,0.0,0.0368603,0.009215075
48952,0.1647305,0.016564373,0.31289664,0.2668004,0.0,0.2668004,0.0667001
48955,0.068218194,0.01745259,0.118983805,0.09141495,0.6677081,1.0123254,0.25308135
48957,0.03784503,0.0182397,0.057450365,0.016788458,0.21142845,0.28939086,0.072347715
48960,0.18671983,0.019537771,0.3539019,0.3843508,0.0,0.3843508,0.0960877
48962,0.07674243,0.018324023,0.13516085,0.11037145,0.07299906,0.09135964,0.02283991
48965,0.054520767,0.019395715,0.089645825,0.14793335,0.0,0.14793335,0.036983337
48968,0.03634204,0.0198068,0.052877277,0.037017453,0.025193505,0.023412311,0.005853078
48970,0.035893317,0.018966287,0.05282035,0.06717825,0.48187461,0.6250982,0.15627456
48973,0.016390897,0.01955676,0.013225033,0.017812053,0.3001416,0.29932845,0.07483211
48975,0.054666203,0.017989403,0.09134301,0.09932816,0.5769791,0.86517495,0.21629374
48978,0.01754569,0.018397097,0.016694285,0.009600201,0.23399632,0.25805822,0.064514555
48981,0.075080685,0.014687676,0.1354737,0.08693832,0.46430326,0.71874636,0.17968659
48983,0.05206689,0.014121693,0.09001208,0.116687894,0.56923777,0.84084636,0.21021159
48986,0.11094748,0.012518139,0.20937681,0.22487043,0.0,0.22487043,0.056217607
48989,0.06084886,0.013175177,0.108522534,0.1411113,0.0,0.1411113,0.035277825
48991,0.54065454,0.014374436,1.0669347,1.0109128,0.0,1.0109128,0.2527282
48994,0.118246175,0.013672276,0.22282009,0.26865253,0.0,0.26865253,0.06716313
48996,0.022092728,0.013306535,0.030878922,0.014922477,0.38581982,0.40893945,0.10223486
48999,0.06077311,0.012165077,0.10938114,0.106307484,0.5101316,0.88202816,0.22050704
49002,0.26206917,0.010553996,0.5135843,0.48015848,0.0,0.48015848,0.12003962
49004,0.13211235,0.008165038,0.25605968,0.21219476,0.0,0.21219476,0.05304869
49007,0.021066515,0.0109284585,0.031204572,0.03684404,0.27333713,0.469215,0.11730375
49009,0.05077577,0.011223622,0.09032792,0.07898694,0.0,0.07898694,0.019746736
49012,0.3306651,0.010476101,0.6508541,0.5371513,0.0,0.5371513,0.13428782
49015,0.04087605,0.013175889,0.06857621,0.062350925,0.025681635,0.08649299,0.021623248
49017,0.4663949,0.012931536,0.9198583,0.82448083,0.0,0.82448083,0.20612021
49020,0.03505154,0.013372776,0.0567303,0.06284263,0.33103514,0.5180848,0.1295212
49023,0.35523427,0.011368491,0.6991,0.776732,0.0,0.776732,0.194183
49025,0.03855488,0.0125351725,0.06457459,0.059248805,0.05458142,0.12108904,0.03027226
49028,0.026176354,0.012359894,0.039992813,0.058469575,0.042276006,0.05465411,0.013663528
49030,0.043737907,0.011094016,0.0763818,0.085543744,0.0,0.085543744,0.021385936
49033,0.04063761,0.015338368,0.06593685,0.08133454,0.06486349,0.057280462,0.014320116
49036,0.053489417,0.014008318,0.09297052,0.061222475,0.0,0.061222475,0.015305619
49038,0.074014746,0.015693992,0.1323355,0.16091457,0.6491144,1.2496004,0.3124001
49041,0.7422275,0.019781237,1.4646736,1.3433009,0.0,1.3433009,0.33582523
49043,0.03043572,0.019441495,0.041429948,0.015119139,0.29831848,0.3276582,0.08191455
49046,0.04321788,0.014247467,0.07218828,0.12726913,0.0,0.12726913,0.031817283
49049,0.11271125,0.013450198,0.2119723,0.22095986,0.0,0.22095986,0.055239964
49051,0.26732472,0.013988438,0.52066094,0.5624807,0.0,0.5624807,0.14062017
49054,0.028560719,0.01694543,0.040176004,0.011034957,0.23550397,0.30420732,0.07605183
49056,0.3142639,0.0149222175,0.61360556,0.4826186,0.0,0.4826186,0.12065465
49059,0.017965978,0.014696442,0.021235513,0.009616115,0.110956766,0.1514498,0.03786245
49062,0.04605363,0.015817903,0.076289356,0.09274652,0.04994751,0.10617158,0.026542895
49064,0.038707893,0.015208382,0.0622074,0.05470134,0.026145898,0.09685429,0.024213573
49067,0.8168034,0.016828122,1.6167787,1.4182372,0.0,1.4182372,0.3545593
49070,0.052799474,0.017916685,0.08768227,0.07382763,0.0,0.07382763,0.018456908
49072,0.031477217,0.014897015,0.04805742,0.05019695,0.3449609,0.45847926,0.114619814
49075,0.06347596,0.014027222,0.112924695,0.08419752,0.37858185,0.61981434,0.15495358
49077,0.024747236,0.013308454,0.036186017,0.0363213,0.01537913,0.043656122,0.0109140305
49080,0.04843467,0.014644275,0.08222506,0.078869276,0.0,0.078869276,0.019717319
49083,0.025263274,0.012270324,0.038256228,0.037259504,0.028985327,0.057580937,0.014395234
49085,0.3325916,0.014209468,0.65097374,0.49503255,0.0,0.49503255,0.12375814
49088,0.03525674,0.0149697885,0.055543687,0.029232442,0.0,0.029232442,0.0073081106
49090,0.70427996,0.016000861,1.392559,1.1706723,0.0,1.1706723,0.29266807
49093,0.011756054,0.013383434,0.010128673,0.02056246,0.29045466,0.44436362,0.111090906
49096,0.074860685,0.0094845975,0.14023678,0.10221708,0.56249756,0.88147384,0.22036846
49098,0.038395688,0.008128625,0.068662755,0.07752953,0.62121964,0.85524267,0.21381067
49101,0.051625405,0.008765679,0.094485134,0.081747286,0.0,0.081747286,0.020436822
49103,0.6755498,0.007071329,1.3440284,1.2037934,0.0,1.2037934,0.30094835
49106,0.016964065,0.0042134817,0.02971465,0.035284854,0.0229777,0.053078245,0.013269561
49109,0.021688515,0.0038690974,0.039507937,0.03963657,0.009948904,0.05160633,0.012901583
49111,0.060769197,0.004439034,0.11709935,0.09336674,0.6745966,0.97459745,0.24364936
49114,0.03050486,0.0036527673,0.057356954,0.054379452,0.6945577,0.7715761,0.19289403
49117,0.020308053,0.0020677827,0.038548324,0.044088457,0.029548451,0.040637042,0.010159261
49119,0.03967551,0.0026195503,0.07673147,0.06727031,0.0,0.06727031,0.016817577
49122,0.02310471,0.0012383008,0.04497112,0.042728513,0.54621184,0.5931587,0.14828968
49124,0.2844707,0.0015116213,0.56742984,0.57391924,0.0,0.57391924,0.14347981
49127,0.044385612,0.0009646257,0.087806605,0.08711391,0.028599223,0.13677098,0.034192745
49130,0.49856946,0.0013408549,0.99579805,0.9855523,0.0,0.9855523,0.24638808
49132,0.06495878,0.0011229349,0.12879463,0.13004015,1.0955797,1.4788831,0.3697208
49135,0.61290115,0.0011898068,1.2246126,1.2293653,0.0,1.2293653,0.30734134
49137,0.0152986115,0.0011368535,0.029460369,0.029935086,0.030126663,0.055923264,0.013980816
49140,0.025777683,0.0012342238,0.050321143,0.047651574,0.0,0.047651574,0.0119128935
49143,0.1740079,0.0016416917,0.34637406,0.32207736,0.0,0.32207736,0.08051934
49145,0.08563801,0.0014646994,0.16981131,0.1778055,1.2025615,1.8049692,0.4512423
49148,0.032026548,0.0017631389,0.062289953,0.05860624,0.8248205,0.90861386,0.22715347
49150,0.22382538,0.00193501,0.44571576,0.41216263,0.0,0.41216263,0.10304066
49153,0.009824183,0.0021768615,0.017471503,0.021858633,0.0,0.021858633,0.005464658
49156,0.0075286347,0.0018438561,0.013213414,0.007136982,0.16397555,0.16434647,0.041086618
49158,0.015384644,0.0017582877,0.029011002,0.028894147,0.019410174,0.044532906,0.011133227
49161,0.023337679,0.002149728,0.044525634,0.044693764,0.039461736,0.09348843,0.023372108
49164,0.14450817,0.0034758858,0.28554046,0.33226392,0.0,0.33226392,0.08306598
49166,0.03572919,0.0045530736,0.0669053,0.05107482,0.0,0.05107482,0.012768705
49169,0.008760361,0.0024926125,0.015028109,0.01655955,0.38420978,0.33668196,0.08417049
49171,0.011714819,0.0027086164,0.02072102,0.014831436,0.47981307,0.52894,0.132235
49174,0.03348318,0.0041270726,0.06283929,0.05512187,0.5982,0.44162408,0.11040602
49177,0.390183,0.00849417,0.77187186,0.63461906,0.0,0.63461906,0.15865476
49179,0.07184206,0.009516104,0.13416801,0.16672432,0.0,0.16672432,0.04168108
49182,0.48411226,0.0093452595,0.95887923,0.80949956,0.0,0.80949956,0.20237489
49184,0.0107238935,0.0068107727,0.014637016,0.007449145,0.30762205,0.2622898,0.06557245
49187,0.09291867,0.011331581,0.17450577,0.10719717,0.0,0.10719717,0.026799293
49190,0.11423737,0.013141393,0.21533334,0.13075905,0.0,0.13075905,0.03268976
49192,0.022918066,0.009166578,0.036669556,0.024450682,0.014909034,0.034890953,0.008722738
49195,0.040973928,0.0090344595,0.0729134,0.052636247,0.03585818,0.105475664,0.026368916
49197,0.027194018,0.012793447,0.04159459,0.053607907,0.0,0.053607907,0.013401977
49200,0.056890722,0.013640285,0.10014116,0.054621477,0.0,0.054621477,0.013655369
49203,0.023028374,0.009818691,0.03623806,0.017671132,0.3844696,0.3520325,0.08800813
49205,0.11676461,0.014086596,0.21944262,0.24922623,0.0,0.24922623,0.062306557
49208,0.034433544,0.010960214,0.057906877,0.0464123,0.061637845,0.11924363,0.029810907
49211,0.04867598,0.014075664,0.083276294,0.058785304,0.030996805,0.08081338,0.020203345
49213,0.7935915,0.018680861,1.5685021,1.8952526,0.0,1.8952526,0.47381315
49216,0.33255756,0.015303567,0.64981157,0.47841525,0.0,0.47841525,0.11960381
49218,0.2028019,0.013172771,0.39243102,0.5182583,0.0,0.5182583,0.12956457
49221,0.06451566,0.010074594,0.11895672,0.114548445,0.89931744,1.1577803,0.28944507
49224,0.13275175,0.013551849,0.25195163,0.17006828,0.0,0.17006828,0.04251707
49226,0.017449005,0.0122421635,0.022655845,0.0070810504,0.21111155,0.16393556,0.04098389
49229,0.1634741,0.016999317,0.30994886,0.2183487,0.0,0.2183487,0.054587174
49231,0.04015075,0.01612986,0.064171635,0.040090527,0.45156455,0.3892441,0.09731103
49234,0.033656206,0.017055178,0.050257236,0.0150676295,0.48342237,0.6100783,0.15251957
49237,0.06728508,0.016221257,0.11834892,0.07882011,0.78438544,0.98114467,0.24528617
49239,0.020560771,0.018670928,0.022450617,0.041760597,0.0,0.041760597,0.010440149
49242,0.04482475,0.017435947,0.07221355,0.03981222,0.46485838,0.46161854,0.115404636
49244,0.21502678,0.019864915,0.41018865,0.521903,0.0,0.521903,0.13047574
49247,0.11516794,0.020213598,0.21012227,0.12231746,0.0,0.12231746,0.030579366
49250,0.031789068,0.016514514,0.04706362,0.051939238,0.7908686,0.82055575,0.20513894
49252,0.9563685,0.019720169,1.8930168,1.5674895,0.0,1.5674895,0.39187238
49255,0.016918866,0.017311076,0.016526653,0.023713648,0.3960098,0.39161158,0.097902894
49258,0.041019592,0.017970921,0.064068265,0.08692219,0.06498777,0.06344817,0.015862042
49260,0.26029307,0.018615587,0.5019705,0.6936827,0.0,0.6936827,0.17342067
49263,0.05991109,0.016425455,0.10339672,0.05603881,0.0,0.05603881,0.014009703
49265,0.17951912,0.016718656,0.34231958,0.47874823,0.0,0.47874823,0.11968706
49268,0.0515423,0.012460187,0.09062442,0.06541317,0.048799675,0.12577082,0.031442706
49271,0.023827655,0.009084205,0.038571104,0.027307792,0.016703688,0.03803785,0.009509463
49273,0.22199899,0.010064167,0.43393382,0.51250154,0.0,0.51250154,0.12812538
49276,0.36439785,0.010928187,0.71786755,0.5789703,0.0,0.5789703,0.14474258
49278,0.30278808,0.0103101665,0.595266,0.7122496,0.0,0.7122496,0.1780624
49281,0.020371428,0.009402852,0.031340003,0.01025217,0.15487455,0.18177156,0.04544289
49284,0.093219034,0.01079839,0.17563967,0.11988425,0.0,0.11988425,0.029971063
49286,0.13799366,0.008140934,0.26784638,0.30817476,0.0,0.30817476,0.07704369
49289,0.30073425,0.009852267,0.5916163,0.6903786,0.0,0.6903786,0.17259465
49291,0.26756418,0.0096446825,0.52548367,0.4750298,0.0,0.4750298,0.11875745
49294,0.025887346,0.00998073,0.04179396,0.026597088,0.009965442,0.036277663,0.009069416
49297,0.09879529,0.008826061,0.18876451,0.13762261,0.0,0.13762261,0.034405652
49299,0.25506213,0.010403184,0.49972105,0.4401714,0.0,0.4401714,0.11004285
49302,0.045663044,0.009846095,0.08148,0.073594145,0.0901798,0.16923435,0.042308588
49305,0.33446872,0.011707905,0.6572295,0.5921407,0.0,0.5921407,0.14803517
49307,0.10496781,0.0122212395,0.19771439,0.20243932,0.0,0.20243932,0.05060983
49310,0.020913765,0.01599881,0.02582872,0.009806763,0.22884642,0.18745197,0.046862993
49312,0.06406257,0.018948693,0.10917646,0.068365745,0.4397916,0.64696777,0.16174194
49315,0.028151954,0.019644262,0.036659647,0.023086265,0.012936036,0.01909445,0.0047736126
49318,0.034533624,0.020240152,0.048827093,0.039381728,0.024988398,0.041978266,0.0104945665
49320,0.041073725,0.01823923,0.06390822,0.027950078,0.328535,0.49275157,0.12318789
49323,0.0128288865,0.019914068,0.005743706,0.017720634,0.18215239,0.20820999,0.052052498
49325,0.10386536,0.016214773,0.19151597,0.16608597,0.0,0.16608597,0.041521493
49328,0.095061,0.016391573,0.17373042,0.11122089,0.0,0.11122089,0.027805222
49331,0.07432609,0.01565506,0.13299711,0.07283598,0.0,0.07283598,0.018208995
49333,0.38522884,0.016540924,0.75391674,0.70325357,0.0,0.70325357,0.17581339
49336,0.070275255,0.0152249215,0.12532559,0.13919206,0.6081477,1.0448939,0.26122347
49338,0.016571945,0.012232794,0.020911092,0.012041353,0.16855787,0.18030007,0.045075018
49341,0.048220452,0.014868777,0.08157212,0.09461159,0.043604802,0.121276475,0.030319119
49344,0.7628701,0.012073369,1.5136667,1.5224241,0.0,1.5224241,0.38060603
49346,0.03922042,0.011864014,0.06657682,0.07426387,0.042010877,0.06997258,0.017493146
49349,0.14105894,0.011395664,0.27072218,0.3105425,0.0,0.3105425,0.07763562
49352,0.050023194,0.011616472,0.08842992,0.08943868,0.0,0.08943868,0.02235967
49354,0.12315977,0.014026415,0.23229313,0.15402602,0.0,0.15402602,0.038506504
49357,0.04296715,0.011724836,0.07420946,0.1115283,0.086060666,0.14732407,0.036831018
49359,0.036165167,0.00857675,0.06375358,0.07112845,0.0,0.07112845,0.017782113
49362,0.9901666,0.010685076,1.969648,1.8909861,0.0,1.8909861,0.47274652
49365,0.015597403,0.0105227595,0.020672048,0.010329823,0.20229356,0.23792247,0.05948062
49367,0.016559198,0.010836676,0.022281721,0.013705502,0.20562916,0.23799591,0.059498977
49370,0.09419749,0.011539969,0.17685501,0.23761512,0.0,0.23761512,0.05940378
49372,0.112130694,0.010336722,0.21392466,0.15980549,0.6125904,1.1065985,0.27664962
49375,0.10334321,0.01282123,0.19386518,0.1401703,0.6759251,1.169074,0.2922685
49378,0.050666332,0.012208398,0.08912426,0.061474312,0.0,0.061474312,0.015368578
49380,0.062383994,0.009744016,0.11502397,0.10529772,0.0,0.10529772,0.02632443
49383,0.17408645,0.0084716445,0.33970127,0.39747524,0.0,0.39747524,0.09936881
49385,0.082058944,0.007821337,0.15629655,0.1690454,0.6134661,1.0330392,0.2582598
49388,0.5503207,0.010209492,1.0904318,1.153089,0.0,1.153089,0.28827226
49391,0.7004027,0.00827495,1.3925304,1.3547627,0.0,1.3547627,0.33869067
49393,0.80148363,0.008554764,1.5944124,1.6093563,0.0,1.6093563,0.40233907
49396,0.035848714,0.008590454,0.06310698,0.04159045,0.0,0.04159045,0.010397612
49399,0.012368858,0.009073733,0.015663983,0.019203834,0.27236298,0.41560504,0.10390126
49401,0.16483714,0.009184989,0.32048926,0.24498852,0.0,0.24498852,0.06124713
49404,0.0922547,0.00494587,0.17956352,0.17254382,0.71737885,1.3304194,0.33260486
49406,0.245623,0.0061615016,0.48508453,0.46419773,0.0,0.46419773,0.11604943
49409,0.008912145,0.0055688447,0.012255446,0.0121350335,0.22329307,0.24320419,0.060801048
49412,0.13441844,0.006828673,0.26200822,0.23353188,0.0,0.23353188,0.05838297
49414,0.02176843,0.007580906,0.035955954,0.033412486,0.0,0.033412486,0.008353122
49417,0.01741915,0.0059013763,0.028936923,0.020825783,0.22391139,0.32411692,0.08102923
49419,0.017073883,0.0057031126,0.028444653,0.023627542,0.21670854,0.32755962,0.081889905
49422,0.06478222,0.0054080784,0.124156356,0.10316806,0.6184647,0.8745761,0.21864402
49425,0.026995247,0.005328758,0.048661735,0.042292863,0.021895891,0.052456837,0.013114209
49427,0.046279844,0.006748779,0.08581091,0.08557036,0.0,0.08557036,0.02139259
49430,0.2417589,0.0056603793,0.47785744,0.42020965,0.0,0.42020965,0.10505241
49432,0.06119078,0.005340896,0.117040664,0.14085387,0.7043794,1.072101,0.26802525
49435,0.084917285,0.004841172,0.1649934,0.20147891,0.0,0.20147891,0.05036973
49438,0.029828167,0.004196145,0.055460185,0.0481668,0.48163426,0.61793154,0.15448289
49440,0.0071400753,0.0038122323,0.010467918,0.006681083,0.2581811,0.2609333,0.06523333
49443,0.009744765,0.0037556402,0.01573389,0.010775772,0.29122326,0.28988308,0.07247077
49446,0.5670605,0.004446644,1.1296743,1.1771952,0.0,1.1771952,0.2942988
49448,0.030736195,0.0037575865,0.057714805,0.05489084,0.014016763,0.07609927,0.019024817
49451,0.02055487,0.0032559987,0.037853744,0.040032107,0.023510208,0.049529333,0.012382333
49453,0.23727106,0.0033222374,0.47121987,0.475402,0.0,0.475402,0.1188505
49456,0.038362205,0.0034843155,0.073240094,0.07599194,0.030992487,0.123090126,0.030772531
49459,0.024484416,0.003771874,0.04519696,0.042138975,0.48415375,0.5353403,0.13383508
49461,0.044700455,0.0036298397,0.08577106,0.067356646,0.0,0.067356646,0.016839162
49464,0.081133895,0.0036564756,0.15861131,0.1283564,0.0,0.1283564,0.0320891
49466,0.021833615,0.0036191288,0.040048104,0.04341023,0.027986929,0.05601861,0.014004652
49469,0.009029055,0.004229869,0.01382824,0.0059754266,0.19958107,0.205743,0.05143575
49472,0.16141011,0.004565719,0.3182545,0.32704213,0.0,0.32704213,0.08176053
49474,0.0072400323,0.003716671,0.010763393,0.014519264,0.27411047,0.22420494,0.056051236
49477,0.45784488,0.0038491115,0.9118407,0.94953537,0.0,0.94953537,0.23738384
49479,0.021319175,0.0035334239,0.039104927,0.037888963,0.37391794,0.4186784,0.1046696
49482,0.022608073,0.0035260932,0.041690055,0.0482879,0.63092715,0.56725144,0.14181286
49485,0.077054724,0.0038197513,0.1502897,0.14920938,0.0,0.14920938,0.037302345
49487,0.026610726,0.0036202043,0.049601253,0.050100803,0.024329385,0.063182235,0.015795559
49490,0.0085961325,0.0037301227,0.013462141,0.014207293,0.3937576,0.4671967,0.116799176
49493,0.0483468,0.0042201434,0.09247345,0.10303422,0.0,0.10303422,0.025758555
49495,0.085844666,0.00446979,0.16721953,0.18520789,0.0,0.18520789,0.046301972
49498,1.017386,0.0046577225,2.0301142,1.9015923,0.0,1.9015923,0.47539806
49500,0.030919254,0.0048666387,0.056971867,0.07087367,0.6421791,0.78268003,0.19567001
49503,0.71991396,0.0056707985,1.434157,1.3196214,0.0,1.3196214,0.32990536
49506,0.09499168,0.006265903,0.18371744,0.21800403,0.0,0.21800403,0.05450101
49508,0.13200903,0.0056670755,0.258351,0.24083991,0.0,0.24083991,0.06020998
49511,0.16982444,0.005865292,0.3337836,0.342723,0.0,0.342723,0.08568075
49513,0.042458374,0.005792031,0.07912473,0.08504965,0.032117564,0.12540981,0.031352453
49516,0.007816459,0.0060762274,0.009556691,0.012433283,0.24165283,0.20227925,0.050569814
49519,0.011634782,0.006266419,0.017003143,0.009042813,0.15083505,0.12362019,0.030905047
49521,0.25683826,0.0069519337,0.5067246,0.4405162,0.0,0.4405162,0.11012905
49524,0.023020962,0.0073489067,0.038693022,0.01830407,0.35487708,0.47480536,0.11870134
49527,0.016323745,0.0075060236,0.025141468,0.020302407,0.4362735,0.56144816,0.14036204
49529,0.062619954,0.008215946,0.11702397,0.08049923,0.0,0.08049923,0.020124808
49532,0.123815626,0.007855183,0.23977607,0.24233977,0.0,0.24233977,0.060584944
49534,0.07818738,0.0074156765,0.14895909,0.11091518,0.0,0.11091518,0.027728794
49537,0.09774215,0.0069216243,0.18856268,0.143687,0.9616286,1.4587959,0.36469898
49540,0.4772028,0.007520575,0.94688505,1.0179998,0.0,1.0179998,0.25449994
49542,0.7259348,0.0072915056,1.4445782,1.342673,0.0,1.342673,0.33566824
49545,0.045866523,0.007030102,0.084702946,0.07890744,0.054993648,0.07273654,0.018184135
49547,0.13090266,0.0075038373,0.25430152,0.2004463,0.0,0.2004463,0.050111573
49550,0.60867774,0.0071957284,1.2101598,1.15863,0.0,1.15863,0.2896575
49553,0.04722522,0.0069109127,0.087539524,0.06931333,0.043510284,0.13436559,0.033591397
49555,0.02219486,0.00680776,0.03758196,0.050287545,0.043914635,0.10706594,0.026766485
49558,0.064225376,0.0068850224,0.12156573,0.11592715,0.86080295,1.3081719,0.32704297
49560,0.089396894,0.0067531224,0.17204066,0.19968943,0.0,0.19968943,0.04992236
49563,0.015248314,0.00656287,0.023933759,0.032825235,0.336365,0.3553389,0.088834725
49566,0.0133392885,0.0068800584,0.01979852,0.011245779,0.15082626,0.12656316,0.03164079
49568,0.02152513,0.006584676,0.03646558,0.051897764,0.48787105,0.4682012,0.1170503
49571,0.038530197,0.006415942,0.070644446,0.050857123,0.0,0.050857123,0.012714281
49574,0.03191782,0.0066542285,0.057181418,0.06342315,0.54723346,0.65527207,0.16381802
49576,0.036153678,0.006971868,0.06533549,0.07996961,0.05533174,0.17157769,0.042894423
49579,0.017555255,0.0070333835,0.028077127,0.0143470615,0.23998784,0.3038167,0.07595418
49581,0.011238744,0.007122975,0.015354514,0.018813655,0.24865134,0.17716385,0.044290964
49584,0.04775173,0.0072083757,0.08829508,0.08377852,0.029332459,0.13241854,0.033104636
49587,0.1245488,0.0065500163,0.24254759,0.25960746,0.0,0.25960746,0.064901866
49589,0.068314634,0.0062792227,0.13035004,0.09417343,0.0,0.09417343,0.023543358
49592,0.17532432,0.006062104,0.34458652,0.35382423,0.0,0.35382423,0.08845606
49594,0.034255773,0.0062973774,0.062214166,0.060376525,0.48517206,0.52764165,0.13191041
49597,0.013149612,0.0062246434,0.020074578,0.014742092,0.41102886,0.39230788,0.09807697
49600,0.03417766,0.0062348978,0.062120423,0.051048934,0.026881525,0.08591956,0.02147989
49602,0.015952718,0.0062109237,0.025694512,0.016431166,0.31455025,0.4178525,0.10446312
49605,0.008258081,0.0062388736,0.010277288,0.007526452,0.19553685,0.16660032,0.04165008
49607,0.023931941,0.006075989,0.041787893,0.0399951,0.0089818435,0.047659386,0.0119148465
49610,0.030019552,0.0057388153,0.05430029,0.046760365,0.046513796,0.10006428,0.02501607
49613,0.026835324,0.005334809,0.04833584,0.06497527,0.056009725,0.14651336,0.03662834
49615,0.041563258,0.0051817796,0.07794473,0.061627228,0.0,0.061627228,0.015406807
49618,0.52299505,0.0053001516,1.0406901,1.0649786,0.0,1.0649786,0.26624465
49621,0.09099058,0.004860241,0.17712092,0.1955216,0.0,0.1955216,0.0488804
49623,0.017091367,0.004963755,0.02921898,0.027480096,0.010283911,0.029001318,0.0072503295
49626,0.01661838,0.0051284614,0.0281083,0.042861056,0.03587685,0.08315587,0.020788968
49628,0.33619604,0.0053951633,0.6669969,0.64338964,0.0,0.64338964,0.16084741
49631,0.66027904,0.0056679975,1.31489,1.2863595,0.0,1.2863595,0.3215899
49634,0.053490866,0.0060495734,0.10093216,0.08359862,0.5677039,0.8589034,0.21472585
49636,0.22180004,0.006893683,0.43670642,0.3857906,0.0,0.3857906,0.09644765
49639,0.04567598,0.0073527917,0.08399918,0.086383976,0.7308019,1.0399786,0.25999466
49641,0.0073918104,0.0071915057,0.007592114,0.0059419423,0.17365496,0.17123102,0.042807754
49644,0.58694625,0.0065878765,1.1673046,1.1333193,0.0,1.1333193,0.2833298
49647,0.026659383,0.007306102,0.04601266,0.060038567,0.48926917,0.5413862,0.13534655
49649,0.726336,0.007730258,1.4449416,1.3795439,0.0,1.3795439,0.34488598
49652,0.04589419,0.0073056133,0.08448277,0.07367008,0.029873632,0.12350085,0.030875212
49654,0.02939342,0.007169746,0.051617097,0.065856755,0.5055677,0.48807287,0.12201822
49657,0.11027417,0.0074164923,0.21313186,0.16338076,0.0,0.16338076,0.04084519
49660,0.10798674,0.008117937,0.20785554,0.25370765,0.0,0.25370765,0.06342691
49662,0.90910107,0.008394704,1.8098074,1.7792062,0.0,1.7792062,0.44480154
49665,0.49256513,0.007384159,0.97774607,0.969876,0.0,0.969876,0.242469
49668,0.020201005,0.0064717736,0.03393024,0.044712316,0.027140042,0.07961266,0.019903164
49670,0.01616974,0.0068656863,0.025473794,0.028432144,0.430819,0.62770814,0.15692703
49673,0.03530124,0.006766843,0.06383563,0.080673926,0.0512916,0.07201224,0.01800306
49675,0.09205964,0.006274207,0.17784508,0.22164007,0.0,0.22164007,0.055410016
49678,0.013640318,0.004956988,0.022323648,0.014590477,0.34891263,0.36669612,0.09167403
49681,0.06342914,0.00510646,0.121751815,0.13411151,0.85455155,1.295781,0.32394525
49683,0.081995904,0.00548769,0.15850411,0.14984207,0.93086606,1.5432863,0.38582158
49686,0.012899767,0.0048175678,0.020981966,0.010744405,0.12849633,0.10643691,0.026609227
49688,0.021067666,0.0044287085,0.037706625,0.03545529,0.033003863,0.067016445,0.016754111
49691,0.17595382,0.0043975064,0.34751013,0.38726124,0.0,0.38726124,0.09681531
49694,0.064960875,0.004134461,0.1257873,0.12958005,0.0,0.12958005,0.032395013
49696,0.06258354,0.0029152855,0.1222518,0.12313128,0.0,0.12313128,0.03078282
49699,0.1753953,0.0025653979,0.3482252,0.38558388,0.0,0.38558388,0.09639597
49701,0.32418057,0.002552262,0.6458089,0.621182,0.0,0.621182,0.1552955
49704,0.04450624,0.0027777795,0.08623471,0.081962176,0.0,0.081962176,0.020490544
49707,0.33392748,0.003014746,0.6648402,0.71480685,0.0,0.71480685,0.17870171
49709,0.007917522,0.0029022691,0.012932775,0.009079679,0.47846937,0.50442857,0.12610714
49712,0.027860982,0.0023575665,0.053364396,0.05024011,0.02500871,0.07703545,0.019258862
49715,0.1285623,0.0023587905,0.2547658,0.28331736,0.0,0.28331736,0.07082934
49717,0.023082197,0.0027455005,0.043418895,0.04004896,0.52229714,0.56905,0.1422625
49720,0.19785058,0.0024865568,0.3932146,0.36139742,0.0,0.36139742,0.090349354
49722,0.011918561,0.0026291145,0.021208009,0.01971436,0.27740344,0.24717605,0.061794013
49725,0.045446664,0.0024673047,0.08842602,0.09582379,0.0,0.09582379,0.023955947
49728,0.18020594,0.0029466867,0.35746518,0.32659107,0.0,0.32659107,0.08164777
49730,0.38187215,0.0029954268,0.76074886,0.778155,0.0,0.778155,0.19453876
49733,0.041099653,0.0030054848,0.07919382,0.09358988,0.6828621,0.7616086,0.19040215
49735,0.004651884,0.0030132316,0.0062905364,0.0091361,0.26798248,0.22543484,0.05635871
49738,0.03366223,0.0031085045,0.06421595,0.07841933,0.8775367,1.1402917,0.28507292
49741,0.011590262,0.0031225386,0.020057986,0.020838128,0.013247289,0.016724536,0.004181134
49743,0.01003246,0.0032332332,0.016831687,0.006393347,0.15548939,0.14258306,0.035645764
49746,0.01263066,0.0029484115,0.02231291,0.018177764,0.17069073,0.11984224,0.02996056
49748,0.007914235,0.0029197682,0.012908701,0.0061036088,0.25100163,0.25924745,0.06481186
49751,0.00930835,0.0027278468,0.015888855,0.015030538,0.3182924,0.301573,0.07539325
49754,0.3351095,0.0030892082,0.6671298,0.62566704,0.0,0.62566704,0.15641676
49756,0.017771224,0.0024034157,0.03313903,0.023185233,0.40104488,0.52170926,0.13042732
49759,0.28224042,0.0027337589,0.5617471,0.5278712,0.0,0.5278712,0.1319678
49762,0.5603669,0.002514944,1.118219,1.1076065,0.0,1.1076065,0.27690163
49764,0.027923994,0.0020033445,0.053844642,0.051552087,0.011539924,0.06471926,0.016179815
49767,0.006410247,0.0019273744,0.01089312,0.012445755,0.5339547,0.56033635,0.14008409
49769,0.23116757,0.002066638,0.4602685,0.48696733,0.0,0.48696733,0.12174183
49772,0.46342477,0.0019096686,0.9249399,0.96151495,0.0,0.96151495,0.24037874
49775,0.029295428,0.0015805779,0.057010278,0.053436566,0.040919024,0.101774275,0.025443569
49777,0.030458154,0.0014734495,0.05944286,0.058380287,0.52770156,0.45412123,0.11353031
49780,0.020316808,0.0013643649,0.03926925,0.03729552,0.52524674,0.53618544,0.13404636
49782,0.00922229,0.0013977727,0.017046807,0.017622806,0.33234861,0.2538089,0.06345222
49785,0.0048852866,0.0014242205,0.008346353,0.0071258773,0.36985692,0.3428754,0.08571885
49788,0.58734626,0.0015718322,1.1731206,1.1327847,0.0,1.1327847,0.28319618
49790,0.80045205,0.0016237661,1.5992804,1.5428257,0.0,1.5428257,0.38570642
49793,0.011299845,0.0015004013,0.02109929,0.02190519,0.011375237,0.026812375,0.0067030936
49795,0.23748319,0.0018141406,0.47315225,0.4501394,0.0,0.4501394,0.11253485
49798,0.37024054,0.002069642,0.7384114,0.77091026,0.0,0.77091026,0.19272757
49801,0.55751693,0.0021450073,1.1128889,1.0514189,0.0,1.0514189,0.26285473
49803,0.042396102,0.002454302,0.08233791,0.095791005,0.0,0.095791005,0.023947751
49806,0.032860328,0.0024708938,0.06324976,0.07229535,0.05660112,0.07211805,0.018029513
49809,0.015479404,0.0028616078,0.028097197,0.0264892,0.0155295255,0.031365294,0.0078413235
49811,0.03872369,0.0030773387,0.074370034,0.06731363,0.88408107,1.0668893,0.26672232
49814,0.025401406,0.0034861325,0.04731668,0.04737827,0.046806913,0.083078265,0.020769566
49816,0.008606261,0.0038684346,0.013344087,0.0055956333,0.29004255,0.2954173,0.07385433
49819,0.15085422,0.0051723295,0.2965361,0.25776523,0.0,0.25776523,0.06444131
49822,0.011975178,0.004378662,0.019571694,0.011832344,0.35984984,0.35711145,0.08927786
49824,0.03256105,0.004819102,0.060303,0.066519804,0.74119955,0.8011306,0.20028265
49827,0.011050701,0.004982376,0.017119026,0.005894981,0.27916417,0.28798506,0.071996264
49829,0.07780901,0.0063192514,0.14929877,0.17388533,0.0,0.17388533,0.043471333
49832,0.028336028,0.0047302265,0.05194183,0.0482948,0.62988216,0.6804797,0.17011993
49835,0.037007798,0.004539829,0.06947577,0.051589508,0.03581338,0.041869372,0.010467343
49837,0.055038143,0.0054865032,0.10458979,0.07968859,0.0,0.07968859,0.019922147
49840,0.073917605,0.005440364,0.14239484,0.17987378,0.0,0.17987378,0.044968445
49842,0.011731402,0.004415304,0.0190475,0.013043936,0.4380643,0.40199813,0.10049953
49845,0.049819816,0.0057088565,0.09393078,0.11596197,0.0,0.11596197,0.028990492
49848,0.012980584,0.0045679417,0.021393226,0.014428246,0.49248186,0.47976208,0.11994052
49850,0.0147285545,0.0043371688,0.02511994,0.014608867,0.38320065,0.35953608,0.08988402
49853,0.44189668,0.0053518503,0.8784415,0.9672294,0.0,0.9672294,0.24180736
49856,0.12536508,0.0051907212,0.24553943,0.2042452,0.0,0.2042452,0.0510613
49858,0.047319144,0.0052665747,0.08937171,0.11674398,0.0,0.11674398,0.029185995
49861,0.7232489,0.0056448183,1.440853,1.5929909,0.0,1.5929909,0.39824772
49863,0.01786541,0.0049298084,0.030801011,0.03672369,0.019565625,0.07780347,0.019450868
49866,0.04925758,0.005167633,0.09334753,0.10962393,0.10339121,0.27104345,0.06776086
49869,0.040575128,0.0065113925,0.074638866,0.10760263,0.0,0.10760263,0.026900658
49871,0.016763946,0.00576574,0.027762152,0.013907616,0.4085605,0.48919502,0.122298755
49874,0.016549291,0.0058060437,0.02729254,0.00993094,0.18722422,0.18935652,0.04733913
49876,0.03493068,0.007153008,0.062708355,0.09018344,0.0,0.09018344,0.02254586
49879,0.07130349,0.0074708113,0.13513617,0.09507567,0.0,0.09507567,0.023768917
49882,0.056804348,0.006500428,0.10710827,0.13327841,1.1043931,1.4899086,0.37247714
49884,0.19532515,0.007823185,0.38282713,0.4252715,0.0,0.4252715,0.10631788
49887,0.039424848,0.007762643,0.071087055,0.050264295,0.0,0.050264295,0.012566074
49889,0.031483714,0.006769081,0.056198347,0.058010265,0.016539771,0.0709657,0.017741425
49892,0.054404672,0.006935391,0.10187396,0.1323231,0.99922913,1.5553976,0.3888494
49895,0.032947313,0.006681333,0.05921329,0.043767393,0.041675597,0.0984812,0.0246203
49897,0.059230324,0.006560826,0.11189982,0.08334268,0.8871395,1.1365942,0.28414854
49900,0.09273087,0.0068083643,0.17865337,0.15185295,0.0,0.15185295,0.037963238
49903,0.112187274,0.0065501295,0.21782441,0.18440093,0.0,0.18440093,0.046100233
49905,0.07622132,0.006193212,0.14624943,0.14986946,0.0,0.14986946,0.037467364
49908,0.04574075,0.005225552,0.086255945,0.06965723,0.054472435,0.15505888,0.03876472
49910,0.25599197,0.0053195357,0.50666445,0.52161276,0.0,0.52161276,0.13040319
49913,0.034617472,0.004791399,0.06444355,0.052161735,0.53429604,0.64074486,0.16018622
49916,0.018692845,0.0046338425,0.03275185,0.03385079,0.019852579,0.035134885,0.008783721
49918,0.05617019,0.005166779,0.1071736,0.076386265,0.0,0.076386265,0.019096566
49921,0.3235213,0.005245179,0.64179736,0.58311415,0.0,0.58311415,0.14577854
49923,0.10218585,0.004440171,0.19993155,0.23799558,1.1820593,1.9501747,0.48754367
49926,0.05559432,0.0045116837,0.10667696,0.11541102,0.04656374,0.18729039,0.046822596
49929,0.019856062,0.004185947,0.035526175,0.03440618,0.3313386,0.32813475,0.08203369
49931,0.05632113,0.0045563565,0.1080859,0.1021379,0.077995695,0.10046846,0.025117114
49934,0.0103796655,0.0046872743,0.016072055,0.011639941,0.19490154,0.14129479,0.035323698
49936,0.1838317,0.0049187625,0.36274466,0.3319405,0.0,0.3319405,0.082985125
49939,0.026001789,0.004670437,0.04733314,0.039413225,0.40244713,0.4665996,0.1166499
49942,0.019405236,0.005160384,0.03365009,0.04404846,0.0,0.04404846,0.011012115
49944,0.14071794,0.005880819,0.27555504,0.27371493,0.0,0.27371493,0.06842873
49947,0.035373136,0.0058004763,0.064945795,0.057063144,0.05301367,0.06501884,0.01625471
49950,0.03548034,0.0061948076,0.06476587,0.061458007,0.0423416,0.06107198,0.015267995
49952,0.031361807,0.006435258,0.05628836,0.053777616,0.035848547,0.0496538,0.01241345
49955,0.00878962,0.0068445406,0.0107347,0.0128619885,0.36990556,0.44256306,0.110640764
49957,0.6427598,0.0070542004,1.2784654,1.3655859,0.0,1.3655859,0.34139648
49960,0.03436881,0.007019334,0.061718285,0.068849444,0.026085595,0.08084102,0.020210255
49963,0.22170012,0.0076038116,0.4357964,0.42585793,0.0,0.42585793,0.10646448
49965,0.04848061,0.0080076605,0.088953555,0.060863823,0.0,0.060863823,0.015215956
49968,0.010179124,0.007966859,0.012391388,0.008536804,0.2612026,0.2658051,0.066451274
49970,0.041078713,0.008170125,0.0739873,0.06436315,0.058721866,0.13003422,0.032508556
49973,0.029127397,0.008737936,0.049516857,0.0293322,0.0,0.0293322,0.00733305
49976,0.011458818,0.00830856,0.014609076,0.008207084,0.341387,0.3264968,0.0816242
49978,0.10611567,0.008288887,0.20394246,0.15166606,0.0,0.15166606,0.037916515
49981,0.25153676,0.007946934,0.49512658,0.47067022,0.0,0.47067022,0.117667556
49983,0.47386053,0.007738834,0.93998224,0.9285776,0.0,0.9285776,0.2321444
49986,0.19892175,0.008213825,0.3896297,0.36178312,0.0,0.36178312,0.09044578
49989,0.0154244425,0.007960021,0.022888867,0.0120724635,0.14276515,0.11395645,0.028489113
49991,0.010225127,0.007822399,0.012627855,0.012895907,0.24884246,0.19197935,0.047994837
49994,0.021750078,0.0077491757,0.03575098,0.05226904,0.59048086,0.5533127,0.13832818
49997,0.1389107,0.007765688,0.27005568,0.22395766,0.0,0.22395766,0.055989414
49999,0.01239549,0.0073561347,0.017434845,0.009202023,0.20636094,0.19414397,0.04853599
50002,0.01996666,0.006408283,0.033525035,0.046159003,0.02930577,0.07317432,0.01829358
50004,0.021340378,0.0062666484,0.036414105,0.03501798,0.016183713,0.0344837,0.008620925
50007,0.034165356,0.006157875,0.06217284,0.07120533,0.050988197,0.0675487,0.016887175
50010,0.09532101,0.0049420088,0.18570001,0.16065155,0.0,0.16065155,0.040162887
50012,0.05525558,0.0056644976,0.104846664,0.12155763,0.109189846,0.17883997,0.04470999
50015,0.047142077,0.0055152266,0.08876893,0.07844407,0.6990752,0.81909317,0.20477329
50017,0.29706696,0.004837007,0.58929694,0.6060097,0.0,0.6060097,0.15150243
50020,0.018438749,0.0054296353,0.03144786,0.040671814,0.038992498,0.09188291,0.022970727
50023,0.037234284,0.005486934,0.06898163,0.065552555,0.0,0.065552555,0.016388139
50025,0.104871295,0.0064211623,0.20332141,0.18861657,1.0092629,1.5883332,0.3970833
50028,0.09680731,0.0042409278,0.18937369,0.19146895,0.0,0.19146895,0.04786724
50031,0.039755065,0.0040152953,0.07549483,0.069163494,0.6366473,0.7632579,0.19081448
50033,0.04274915,0.0036416308,0.08185667,0.09340676,0.0,0.09340676,0.02335169
50036,0.059259713,0.0044323616,0.11408707,0.13005973,0.8572442,1.2619661,0.31549153
50038,0.06653119,0.004120531,0.12894185,0.105233215,0.0,0.105233215,0.026308304
50041,0.7477917,0.005713338,1.4898701,1.4488167,0.0,1.4488167,0.36220416
50044,0.019996056,0.006598326,0.033393785,0.04249506,0.47560072,0.50223106,0.12555777
50046,0.07247617,0.0054676053,0.13948473,0.12727201,0.0,0.12727201,0.031818002
50049,0.16219069,0.0051673744,0.31921402,0.38103238,0.0,0.38103238,0.095258094
50051,0.0309551,0.0041167145,0.057793487,0.057112455,0.015442304,0.08067418,0.020168545
50054,0.06649737,0.0046792286,0.12831551,0.15077628,0.0,0.15077628,0.03769407
50057,0.006786535,0.0044705006,0.009102569,0.010319566,0.19351047,0.17287898,0.043219745
50059,0.024996487,0.005746355,0.044246618,0.05576228,0.5745602,0.5700116,0.1425029
50062,0.070833005,0.0063834772,0.13528253,0.17889343,0.0,0.17889343,0.044723358
50064,0.03924763,0.0072620064,0.07123325,0.055384796,0.0,0.055384796,0.013846199
50067,0.05834944,0.006810209,0.10988867,0.09530115,0.7802498,1.1297723,0.28244308
50070,0.042978626,0.006982718,0.07897454,0.094877206,0.762018,1.0154938,0.25387344
50072,0.008644163,0.005425701,0.011862624,0.011672433,0.25595453,0.27327716,0.06831929
50075,0.5092116,0.006603302,1.01182,0.9471285,0.0,0.9471285,0.23678212
50078,0.20335364,0.006781025,0.39992628,0.3298261,0.0,0.3298261,0.08245652
50080,0.053534564,0.005720858,0.10134827,0.09248216,0.6808994,0.9934805,0.24837013
50083,0.13481675,0.004085574,0.2655479,0.3094069,0.0,0.3094069,0.07735173
50085,0.05474359,0.0044497754,0.10503741,0.11194112,0.0,0.11194112,0.02798528
50088,0.052017037,0.0060854875,0.09794859,0.09389781,0.0,0.09389781,0.023474453
50091,0.10036876,0.004656875,0.19608064,0.20519805,0.0,0.20519805,0.051299512
50093,0.6554679,0.0042346795,1.3067012,1.3517662,0.0,1.3517662,0.33794156
50096,0.018211437,0.0039474624,0.032475412,0.037409604,0.017649226,0.037989654,0.009497413
50098,0.024056507,0.0049075633,0.04320545,0.038952786,0.0,0.038952786,0.009738197
50101,0.034770224,0.002891518,0.06664893,0.06466454,0.08001096,0.18034196,0.04508549
50104,0.022052461,0.0012720404,0.04283288,0.039325237,0.014814377,0.058999587,0.014749897
50106,0.0051217205,0.0013870681,0.008856373,0.009989846,0.288722,0.26960897,0.06740224
50109,0.07393178,0.0016289573,0.14623462,0.14283766,0.0,0.14283766,0.035709415
50111,0.03814951,0.0013872893,0.07491173,0.07288595,0.0,0.07288595,0.018221488
50114,0.06952813,0.001502419,0.13755386,0.12828575,0.0,0.12828575,0.032071438
50117,0.039719608,0.0014615823,0.077977635,0.08462996,0.91358995,1.1528935,0.2882234
50119,0.103601746,0.0015064356,0.20569706,0.18445587,0.0,0.18445587,0.046113968
50122,0.018475657,0.00072278705,0.036228526,0.03609268,0.008818644,0.050659645,0.012664911
50125,0.017969517,0.000559817,0.035379216,0.0358028,0.030193383,0.061482936,0.015370734
50127,0.12393856,0.00076172786,0.24711539,0.24246502,0.0,0.24246502,0.060616255
50130,0.12584448,0.0006594616,0.2510295,0.25705165,0.0,0.25705165,0.06426291
50132,0.07883734,0.0006653042,0.15700938,0.1514967,0.0,0.1514967,0.037874173
50135,0.34139144,0.0006367811,0.6821461,0.66481453,0.0,0.66481453,0.16620363
50138,0.40203473,0.00078445516,0.80328494,0.78039074,0.0,0.78039074,0.19509768
50140,0.016382156,0.00091977726,0.031844534,0.033450376,0.0,0.033450376,0.008362594
50143,0.042223115,0.00080938777,0.08363684,0.08028543,0.106359094,0.22764957,0.056912392
50145,0.0044506625,0.0008513254,0.008049999,0.0052710013,0.1989731,0.18562643,0.046406608
50148,0.03703832,0.00096518087,0.07311145,0.07150172,0.11262306,0.22430266,0.056075666
50151,0.015120915,0.0019155518,0.028326279,0.02000642,0.0,0.02000642,0.005001605
50153,0.011680304,0.001421464,0.021939144,0.02822744,0.3657827,0.30564004,0.07641001
50156,0.01661134,0.0020192473,0.031203434,0.03306515,0.46019864,0.40831128,0.10207782
50158,0.47124436,0.0037656538,0.9387231,0.8519799,0.0,0.8519799,0.21299498
50161,0.012735319,0.0027391303,0.022731507,0.019061025,0.0078065433,0.023368098,0.0058420245
50164,0.021907879,0.0044537517,0.039362002,0.048606515,0.0,0.048606515,0.012151629
50166,0.014675521,0.0027589034,0.026592141,0.030529058,0.37983504,0.33447048,0.08361762
50169,0.02853542,0.0028820217,0.054188818,0.051677495,0.6442147,0.5918837,0.14797093
50172,0.77295303,0.0046719923,1.541234,1.4008061,0.0,1.4008061,0.35020152
50174,0.046719547,0.0028960567,0.09054303,0.080438346,0.87592155,0.90470773,0.22617693
50177,0.008430984,0.0026985265,0.014163442,0.009870178,0.26555625,0.23456402,0.058641005
50179,0.1085737,0.004478284,0.21266912,0.24514149,0.0,0.24514149,0.061285373
50182,0.13608144,0.004515086,0.26764777,0.23356308,0.0,0.23356308,0.05839077
50185,0.035323862,0.0025857824,0.06806194,0.07086028,0.8029924,0.70003396,0.17500849
50187,0.08923159,0.00364457,0.17481862,0.21186738,0.0,0.21186738,0.052966844
50190,0.22456408,0.0034691922,0.44565895,0.49415898,0.0,0.49415898,0.123539746
50192,0.035108194,0.0020913484,0.06812504,0.07374129,0.9311101,1.0470963,0.26177406
50195,0.030305313,0.0019947644,0.058615863,0.05342493,0.52520573,0.5116662,0.12791654
50198,0.0075477795,0.0021085374,0.012987022,0.013673556,0.1822679,0.12946674,0.032366686
50200,0.0047004223,0.0021028912,0.007297953,0.009190679,0.4599681,0.48767695,0.12191924
50203,0.008647176,0.0017720265,0.015522326,0.011611716,0.3820146,0.34065953,0.08516488
50205,0.5271584,0.0028320272,1.0514847,0.9731019,0.0,0.9731019,0.24327548
50208,0.0394804,0.0016575697,0.07730323,0.07096506,1.0445069,1.2735873,0.31839684
50211,0.02565808,0.0019141625,0.049402,0.051638793,0.5904971,0.5560275,0.13900687
50213,0.021039642,0.0015771454,0.04050214,0.04327781,0.5515805,0.5257818,0.13144545
50216,0.9568878,0.00243668,1.9113389,1.8029861,0.0,1.8029861,0.45074654
50219,0.3495896,0.0024952835,0.6966839,0.7436448,0.0,0.7436448,0.1859112
50221,0.02477816,0.0030184854,0.046537835,0.03698902,0.0,0.03698902,0.009247255
50224,0.03147896,0.0020200303,0.060937885,0.052689206,0.7329419,0.7837322,0.19593304
50226,0.036379527,0.0022208309,0.07053822,0.06341195,0.9126365,1.0490646,0.26226616
50229,0.02025178,0.0020973335,0.038406227,0.042402923,0.65050143,0.6015975,0.15039937
50232,0.1578256,0.0030090064,0.31264222,0.28520682,0.0,0.28520682,0.071301706
50234,0.26168945,0.0032265,0.5201524,0.5809873,0.0,0.5809873,0.14524682
50237,0.009588011,0.0025166022,0.016659418,0.0077852923,0.20364511,0.18711884,0.04677971
50239,0.09551094,0.0028298933,0.188192,0.22483282,0.0,0.22483282,0.056208204
50242,0.022981243,0.0023955267,0.04356696,0.034644086,0.02069611,0.06248802,0.015622005
50245,0.032847382,0.0026021306,0.063092634,0.052296486,0.022285355,0.08926129,0.022315323
50247,0.09852149,0.003983417,0.19305956,0.23478232,0.0,0.23478232,0.05869558
50250,0.011884585,0.0030567702,0.0207124,0.012242026,0.35303292,0.3959979,0.09899948
50252,0.006050104,0.0033434664,0.008756741,0.0060285367,0.2999662,0.28416365,0.07104091
50255,0.033972543,0.0030298706,0.06491522,0.06502026,0.7784397,0.9049594,0.22623985
50258,0.03488289,0.0028924074,0.06687337,0.05636804,0.94221014,1.0693828,0.2673457
50260,0.03898781,0.002833456,0.07514217,0.08021221,0.8622462,1.0998923,0.27497306
50263,0.19138329,0.0038996655,0.3788669,0.40938398,0.0,0.40938398,0.102345996
50266,0.009725763,0.0025928624,0.016858665,0.015898136,0.24653643,0.17914681,0.044786703
50268,0.038649887,0.002639005,0.07466077,0.071856454,0.06476289,0.12142116,0.03035529
50271,0.16945724,0.0045085745,0.3344059,0.2824165,0.0,0.2824165,0.07060412
50273,0.28667253,0.004404913,0.56894016,0.500886,0.0,0.500886,0.1252215
50276,0.093312144,0.0027750302,0.18384926,0.16261603,1.3447012,1.8342994,0.45857486
50279,0.84890634,0.003568345,1.6942444,1.5621716,0.0,1.5621716,0.3905429
50281,0.039562766,0.002429974,0.07669556,0.07900076,0.040074542,0.13663816,0.03415954
50284,0.018140215,0.0024935866,0.033786844,0.032945916,0.44358,0.4058013,0.101450324
50286,0.0059355707,0.0029873364,0.008883805,0.00535923,0.36793807,0.3713093,0.09282733
50289,0.005445531,0.0027821425,0.00810892,0.008811899,0.33247468,0.29059842,0.072649606
50292,0.036394954,0.0031554995,0.06963441,0.055547047,0.0,0.055547047,0.013886762
50294,0.006750791,0.0031999208,0.010301661,0.011480563,0.2617798,0.22685285,0.056713212
50297,0.06806836,0.004286247,0.13185048,0.14955696,0.0,0.14955696,0.03738924
50299,0.02003066,0.005227877,0.034833442,0.050569683,0.0,0.050569683,0.012642421
50302,0.04359777,0.004210319,0.082985215,0.071188964,1.0914025,1.3665355,0.3416339
50305,0.009261745,0.004926927,0.013596562,0.0066111125,0.3299088,0.30708894,0.076772235
50307,0.022732452,0.004745533,0.040719368,0.03410085,0.013633557,0.047188263,0.011797066
50310,0.24854131,0.005929323,0.49115333,0.5561548,0.0,0.5561548,0.1390387
50313,0.04157373,0.00675982,0.07638764,0.112696655,0.0,0.112696655,0.028174164
50315,0.013595227,0.0052002887,0.021990165,0.02867712,0.3698511,0.32943043,0.08235761
50318,0.06666785,0.005847068,0.12748863,0.14069282,0.0,0.14069282,0.035173204
50320,0.24691708,0.0067503564,0.48708382,0.44106126,0.0,0.44106126,0.110265315
50323,0.23250413,0.0069598933,0.45804837,0.4143987,0.0,0.4143987,0.103599675
50326,0.010417268,0.005037628,0.015796905,0.010846318,0.4284203,0.46288633,0.11572158
50328,0.32428584,0.006507136,0.6420646,0.5495878,0.0,0.5495878,0.13739695
50331,0.040807217,0.0054417527,0.07617269,0.0589949,0.82965,0.9382481,0.23456202
50333,0.0899053,0.006403139,0.17340745,0.18500245,0.0,0.18500245,0.04625061
50336,0.010333552,0.004754244,0.01591286,0.0067633926,0.3822672,0.42711845,0.10677961
50339,0.1664099,0.0052947416,0.32752505,0.36024413,0.0,0.36024413,0.09006103
50341,0.772646,0.0051747416,1.5401173,1.660325,0.0,1.660325,0.41508126
50344,0.0076178424,0.003861264,0.011374421,0.0064113676,0.2700487,0.266253,0.06656325
50346,0.039018933,0.0032997516,0.074738115,0.08820506,0.7436436,0.69535255,0.17383814
50349,0.09191016,0.0033061008,0.18051422,0.14705391,0.0,0.14705391,0.036763478
50352,0.18927504,0.0030969244,0.37545314,0.3909017,0.0,0.3909017,0.09772543
50354,0.036373112,0.002614718,0.07013151,0.066105165,0.046710324,0.12342206,0.030855514
50357,0.024446977,0.0025808318,0.046313122,0.050095618,0.0,0.050095618,0.012523904
50360,0.086199604,0.002991685,0.16940753,0.1818581,0.0,0.1818581,0.045464527
50362,0.013520976,0.003109752,0.023932198,0.028073175,0.0,0.028073175,0.0070182937
50365,0.06013133,0.0032014947,0.11706117,0.10220796,0.0,0.10220796,0.02555199
50367,0.07518328,0.0030383673,0.14732818,0.15023315,0.0,0.15023315,0.037558287
50370,0.050849017,0.0031342998,0.09856373,0.10395664,0.9593815,1.374823,0.34370574
50373,0.7266078,0.0034568037,1.4497589,1.4719863,0.0,1.4719863,0.36799657
50375,0.022407979,0.0034790852,0.041336875,0.0488524,0.0,0.0488524,0.0122131
50378,0.032403864,0.0041161613,0.060691565,0.055645138,0.020902537,0.08298016,0.02074504
50380,0.025027424,0.004217177,0.04583767,0.047633942,0.05917248,0.09621749,0.024054373
50383,0.013807016,0.004624056,0.022989975,0.009051481,0.1828379,0.19302523,0.048256308
50386,0.05817376,0.005016054,0.11133146,0.09598059,0.98988533,1.3764749,0.3441187
50388,0.07676107,0.0046941824,0.14882796,0.15916021,0.0,0.15916021,0.039790053
50391,0.05316411,0.0047114766,0.10161674,0.08953007,1.0740725,1.5103855,0.37759638
50393,0.085669376,0.0048249476,0.1665138,0.17152916,0.0,0.17152916,0.04288229
50396,0.007289966,0.004630326,0.009949606,0.009151704,0.20173633,0.16285686,0.040714215
50399,0.21619302,0.0052214307,0.42716458,0.44832698,0.0,0.44832698,0.112081744
50401,0.046167,0.0056631253,0.086670876,0.10475594,0.0,0.10475594,0.026188985
50404,0.042178854,0.004545606,0.0798121,0.088897556,0.9474136,1.2938133,0.32345334
50407,0.2894986,0.0046697166,0.5743275,0.5661488,0.0,0.5661488,0.1415372
50409,0.028310247,0.0034167857,0.053203706,0.047036022,0.594179,0.66230834,0.16557708
50412,0.0100281,0.0031911565,0.016865043,0.015235503,0.3972945,0.48952398,0.122380994
50414,0.13405418,0.0034652809,0.2646431,0.2777628,0.0,0.2777628,0.0694407
50417,0.28662932,0.004080305,0.56917834,0.6074791,0.0,0.6074791,0.15186977
50420,0.011177066,0.004397299,0.01795683,0.015962157,0.31031987,0.26006004,0.06501501
50422,0.63559103,0.0038747508,1.2673073,1.3356804,0.0,1.3356804,0.3339201
50425,0.010800154,0.0025342135,0.019066095,0.01410997,0.22333579,0.19273181,0.048182953
50427,0.03310029,0.0019490753,0.064251505,0.06989167,0.0,0.06989167,0.017472917
50430,0.96772075,0.0015859719,1.9338555,1.9281049,0.0,1.9281049,0.48202622
50433,0.027776385,0.0017202314,0.053832542,0.050890535,0.063964635,0.13363631,0.033409078
50435,0.09714923,0.0016294532,0.19266902,0.188438,0.0,0.188438,0.0471095
50438,0.01601149,0.0019401788,0.030082801,0.029358799,0.0,0.029358799,0.0073396997
50440,0.009839754,0.0016381065,0.0180414,0.020428935,0.44353414,0.6030535,0.15076338
50443,0.11423563,0.0013092858,0.22716196,0.23681505,0.0,0.23681505,0.059203763
50446,0.24721263,0.00097135623,0.4934539,0.49647817,0.0,0.49647817,0.12411954
50448,0.008985721,0.0010223393,0.016949102,0.014904026,0.28769362,0.265991,0.06649775
50451,0.033229645,0.0010242198,0.065435074,0.06510403,0.029170714,0.10746998,0.026867496
50454,0.0051435353,0.00082175666,0.0094653135,0.009182898,0.38062033,0.32162592,0.08040648
50456,0.008334392,0.0007701614,0.015898623,0.012536501,0.29609734,0.33921906,0.084804766
50459,0.0985964,0.001224172,0.19596863,0.20174742,0.0,0.20174742,0.050436854
50461,0.46476504,0.0015911445,0.92793894,0.96957517,0.0,0.96957517,0.24239379
50464,0.22278316,0.0020503672,0.443516,0.4099766,0.0,0.4099766,0.10249415
50467,0.037125308,0.0018485868,0.07240203,0.08438086,0.0,0.08438086,0.021095214
50469,0.6026944,0.0018656052,1.2035232,1.1328158,0.0,1.1328158,0.28320396
50472,0.05677624,0.002630397,0.11092209,0.089603186,0.0,0.089603186,0.022400796
50474,0.17868488,0.0029055998,0.35446414,0.33547482,0.0,0.33547482,0.083868705
50477,0.003388706,0.0021751847,0.0046022274,0.0063090236,0.17966074,0.15670763,0.039176907
50480,0.040505227,0.0022029306,0.078807525,0.08364623,0.07021794,0.16664226,0.041660566
50482,0.70898795,0.002988672,1.4149872,1.3274403,0.0,1.3274403,0.33186007
50485,0.21586257,0.0030877565,0.4286374,0.46544886,0.0,0.46544886,0.116362214
50487,0.03334463,0.0034797015,0.06320956,0.043941874,0.0,0.043941874,0.0109854685
50490,0.00441789,0.0024655426,0.0063702376,0.011797771,0.42161274,0.45504093,0.11376023
50493,0.004776363,0.002326037,0.0072266883,0.011460948,0.349787,0.34770918,0.086927295
50495,0.017406657,0.0023082753,0.03250504,0.03585684,0.011780129,0.052914787,0.013228697
50498,0.03007221,0.0020960162,0.0580484,0.058397744,0.81742185,0.9016908,0.2254227
50501,0.07933683,0.0028438468,0.1558298,0.17839968,0.0,0.17839968,0.04459992
50503,0.05326557,0.0021925927,0.10433855,0.121751286,1.1455046,1.6238018,0.40595046
50506,0.0138346255,0.0026476744,0.025021575,0.017010542,0.0,0.017010542,0.0042526354
50508,0.13178019,0.0029567275,0.26060367,0.27911267,0.0,0.27911267,0.06977817
50511,0.021304516,0.002639759,0.03996927,0.031007096,0.021346843,0.0280803,0.007020075
50514,0.009029239,0.0026931732,0.015365305,0.010786429,0.50298935,0.5066758,0.12666894
50516,0.037505552,0.0027961012,0.072215,0.06697655,0.09435421,0.17538352,0.04384588
50519,0.6029689,0.0038027202,1.2021351,1.3151962,0.0,1.3151962,0.32879904
50521,0.009445721,0.003119664,0.015771778,0.0068654655,0.22632213,0.21692832,0.05423208
50524,0.62662774,0.004123162,1.2491323,1.133297,0.0,1.133297,0.28332424
50527,0.03485811,0.0032736761,0.06644255,0.076004855,0.7139018,0.73648196,0.18412049
50529,0.009931978,0.003481347,0.016382609,0.009325468,0.21404552,0.17599972,0.04399993
50532,0.018639268,0.004345711,0.032932825,0.04110172,0.0,0.04110172,0.01027543
50535,0.03836554,0.00437821,0.072352864,0.090886585,0.0,0.090886585,0.022721646
50537,0.056867152,0.004714332,0.10901997,0.13599075,0.0,0.13599075,0.03399769
50540,0.006593652,0.003914361,0.009272943,0.008177169,0.46962634,0.49562526,0.123906314
50542,0.07310964,0.005305978,0.14091331,0.17849767,0.0,0.17849767,0.044624418
50545,0.5502928,0.0056429133,1.0949427,1.2412087,0.0,1.2412087,0.31030217
50548,0.25348583,0.0056102783,0.50136137,0.6001529,0.0,0.6001529,0.15003823
50550,0.17935123,0.0050749877,0.35362747,0.29583353,0.0,0.29583353,0.07395838
50553,0.02936052,0.0044333586,0.054287683,0.052158874,0.6993227,0.6555376,0.1638844
50555,0.054846942,0.006156226,0.10353766,0.075400464,0.0,0.075400464,0.018850116
50558,0.061736554,0.0055642724,0.117908835,0.14767116,0.0,0.14767116,0.03691779
50561,0.14592437,0.0066769966,0.28517175,0.21940176,0.0,0.21940176,0.05485044
50563,0.0071394364,0.006186673,0.008092199,0.008442496,0.47504035,0.5257988,0.1314497
50566,0.056123942,0.0076655135,0.10458237,0.13829446,0.0,0.13829446,0.034573615
50568,0.030105213,0.007996489,0.052213937,0.0617962,0.0,0.0617962,0.01544905
50571,0.029635107,0.0067949686,0.052475244,0.063423485,0.015208739,0.094921745,0.023730436
50574,0.03165781,0.0070501664,0.05626546,0.059498567,0.01844362,0.08422911,0.021057278
50576,0.010549169,0.0065601147,0.014538224,0.009960578,0.304836,0.24820429,0.062051073
50579,0.52495784,0.008289334,1.0416263,0.93496853,0.0,0.93496853,0.23374213
50582,0.052936748,0.008486136,0.097387366,0.1268893,0.0,0.1268893,0.031722326
50584,0.6119477,0.008756788,1.2151386,1.0958059,0.0,1.0958059,0.27395147
50587,0.07373906,0.008028438,0.13944967,0.1857208,0.0,0.1857208,0.0464302
50589,0.33781198,0.009199571,0.66642445,0.7575898,0.0,0.7575898,0.18939745
50592,0.020734403,0.0081499005,0.033318907,0.012878341,0.2734297,0.2968595,0.074214876
50595,0.024416506,0.007948869,0.040884145,0.029959813,0.017413454,0.047353033,0.011838258
50597,0.04375485,0.008180629,0.07932907,0.08628283,0.08311596,0.11595673,0.028989183
50600,0.034726035,0.008653593,0.060798477,0.038826574,0.41991186,0.45128703,0.11282176
50602,0.11072815,0.009337771,0.21211855,0.2226936,0.0,0.2226936,0.0556734
50605,0.13528502,0.008854766,0.26171526,0.26273084,0.0,0.26273084,0.06568271
50608,0.02039635,0.0077854916,0.03300721,0.027011052,0.012984927,0.029486714,0.0073716785
50610,0.023040036,0.007641914,0.03843816,0.040740654,0.023147687,0.05472142,0.013680355
50613,0.010729701,0.007212681,0.014246722,0.013911373,0.35684124,0.3518995,0.087974876
50615,0.048578244,0.0067396923,0.09041679,0.070561804,0.06649974,0.16147606,0.040369015
50618,0.04005063,0.0064810175,0.07362024,0.08782127,0.0,0.08782127,0.021955317
50621,0.023900503,0.0061826934,0.041618314,0.027070694,0.43370128,0.59945035,0.14986259
50623,0.1282075,0.0062291543,0.25018585,0.24109297,0.0,0.24109297,0.06027324
50626,0.0085849045,0.0057096607,0.011460148,0.01621469,0.5358242,0.5761135,0.14402838
50629,0.006294916,0.005285219,0.007304613,0.01752755,0.2980392,0.2675065,0.06687663
50631,0.10644295,0.004500711,0.20838518,0.24267046,0.0,0.24267046,0.060667615
50634,0.2871764,0.0039154864,0.5704374,0.53537637,0.0,0.53537637,0.13384409
50636,0.094519325,0.0038460947,0.18519257,0.15471743,0.0,0.15471743,0.038679358
50639,0.22395551,0.0037204332,0.4441906,0.4171199,0.0,0.4171199,0.10427997
50642,0.124165714,0.0034601325,0.2448713,0.22076084,0.0,0.22076084,0.05519021
50644,0.036146786,0.0037371262,0.06855645,0.07066395,0.052583475,0.040756956,0.010189239
50647,0.017894028,0.0033541613,0.032433894,0.037893858,0.024886305,0.078326344,0.019581586
50649,0.2610685,0.003824583,0.5183124,0.52719885,0.0,0.52719885,0.13179971
50652,0.5106502,0.0033241815,1.0179762,1.0476657,0.0,1.0476657,0.26191643
50655,0.04135113,0.00463721,0.078065045,0.06848693,0.6738863,0.90858793,0.22714698
50657,0.10842914,0.005541285,0.211317,0.25186756,0.0,0.25186756,0.06296689
50660,0.21520424,0.0056943726,0.4247141,0.486734,0.0,0.486734,0.1216835
50662,0.008816856,0.006705106,0.010928606,0.006521199,0.35876873,0.37441722,0.093604304
50665,0.106328316,0.0075299963,0.20512664,0.2522873,0.0,0.2522873,0.063071825
50668,0.027216164,0.0058579682,0.04857436,0.05166538,0.038419504,0.03064359,0.0076608974
50670,0.07640183,0.0059268507,0.14687681,0.18444546,0.0,0.18444546,0.046111364
50673,0.014306094,0.005081351,0.023530835,0.024934806,0.3181372,0.31786007,0.07946502
50676,0.039042447,0.0063070855,0.071777806,0.052154124,0.431289,0.57072425,0.14268106
50678,0.014219698,0.0065866164,0.021852778,0.021179363,0.0050361515,0.019673767,0.0049184416
50681,0.50624794,0.0076928525,1.0048031,0.93657523,0.0,0.93657523,0.23414381
50683,0.007209845,0.00649968,0.007920009,0.004379475,0.18084718,0.17863967,0.044659916
50686,0.028499382,0.0043672677,0.052631497,0.06591544,0.037704077,0.10078689,0.025196722
50689,0.2933286,0.003992289,0.58266497,0.5815186,0.0,0.5815186,0.14537965
50691,0.062957875,0.0030284587,0.12288728,0.1425623,0.103333615,0.31017363,0.07754341
50694,0.21931744,0.0041675596,0.43446732,0.4014349,0.0,0.4014349,0.100358725
50696,0.7851289,0.0044730343,1.5657848,1.5635568,0.0,1.5635568,0.3908892
50699,0.045038242,0.0035139632,0.08656252,0.08057499,0.0,0.08057499,0.020143747
50702,0.008169596,0.002923208,0.013415985,0.00826543,0.36027202,0.42626595,0.10656649
50704,0.01881629,0.0024630167,0.03516956,0.03125216,0.014407784,0.043858305,0.010964576
50707,0.020876994,0.0016464056,0.04010758,0.034381587,0.0,0.034381587,0.008595397
50709,0.026128283,0.0022566114,0.049999952,0.045877304,0.0,0.045877304,0.011469326
50712,0.054607015,0.0028599675,0.10635406,0.10035332,0.0,0.10035332,0.02508833
50715,0.026734049,0.0023589286,0.05110917,0.051845197,0.448638,0.3857162,0.09642905
50717,0.0049745585,0.0021578046,0.007791312,0.007402046,0.34427866,0.37540188,0.09385047
50720,0.74582106,0.0022545897,1.4893875,1.4149623,0.0,1.4149623,0.35374057
50723,0.008958994,0.0023907013,0.015527287,0.012639284,0.43639955,0.40972853,0.10243213
50725,0.008641248,0.0014739744,0.01580852,0.0129438685,0.51186436,0.584037,0.14600925
50728,0.53277516,0.001738889,1.0638114,1.015541,0.0,1.015541,0.25388524
50730,0.03392199,0.0025802727,0.0652637,0.069835655,0.020473648,0.1051191,0.026279775
50733,0.14511101,0.0018276437,0.28839436,0.31557903,0.0,0.31557903,0.07889476
50736,0.03203906,0.001284965,0.06279316,0.06252361,0.0,0.06252361,0.015630903
50738,0.615241,0.0010250829,1.2294568,1.2442117,0.0,1.2442117,0.31105292
50741,0.040319648,0.0010368369,0.07960246,0.08409669,1.0374422,1.316676,0.329169
50743,0.024489174,0.00089503435,0.048083317,0.054019634,0.63787794,0.49314448,0.12328612
50746,0.036915943,0.0010186635,0.07281322,0.065181024,0.0,0.065181024,0.016295256
50749,0.0797773,0.0014910944,0.15806352,0.15154544,0.0,0.15154544,0.03788636
50751,0.31844535,0.0017244121,0.63516635,0.67798096,0.0,0.67798096,0.16949524
50754,0.004591784,0.0017382205,0.007445348,0.0064202026,0.25877437,0.21608962,0.054022405
50756,0.12945768,0.0027318478,0.25618353,0.22854768,0.0,0.22854768,0.05713692
50759,0.4583994,0.003178952,0.9136198,0.9996712,0.0,0.9996712,0.2499178
50762,0.1070056,0.0032666612,0.21074456,0.1751355,0.0,0.1751355,0.043783873
50764,0.3387562,0.0034985233,0.67401385,0.6173029,0.0,0.6173029,0.15432572
50767,0.027798994,0.002280191,0.053317796,0.05686407,0.04449928,0.06280304,0.01570076
50770,0.22930674,0.0033719384,0.45524153,0.41150388,0.0,0.41150388,0.10287597
50772,0.005745265,0.0018705319,0.009619999,0.00820833,0.3260403,0.3190454,0.07976135
50775,0.011416625,0.0018695295,0.020963721,0.026133388,0.4363657,0.39637446,0.099093616
50777,0.034506895,0.0030986296,0.06591516,0.05280445,0.0,0.05280445,0.013201113
50780,0.048703164,0.0014270252,0.0959793,0.09139747,1.2685188,1.6531601,0.41329002
50783,0.059805017,0.0014897818,0.11812025,0.1196086,0.0,0.1196086,0.02990215
50785,0.09719881,0.0017985845,0.19259901,0.20446819,0.0,0.20446819,0.051117048
50788,0.16204105,0.0017968452,0.32228526,0.2951554,0.0,0.2951554,0.07378885
50790,0.544051,0.0017450891,1.086357,1.0261389,0.0,1.0261389,0.25653473
50793,0.05802155,0.0013740985,0.114669,0.12087232,0.0,0.12087232,0.03021808
50796,0.04084616,0.00094869355,0.08074363,0.08724501,0.700659,0.7005017,0.17512542
50798,0.027587384,0.0010739613,0.054100808,0.05395599,0.036214694,0.0636869,0.015921725
50801,0.035266478,0.001154659,0.069378294,0.061545968,0.5533644,0.49596274,0.123990685
50803,0.018427683,0.0012818726,0.035573494,0.032090176,0.013113599,0.05017064,0.01254266
50806,0.1496701,0.0011432342,0.29819694,0.29856044,0.0,0.29856044,0.07464011
50809,0.017713463,0.0013513966,0.034075532,0.039536398,0.0,0.039536398,0.0098840995
50811,0.006279441,0.0014082771,0.011150606,0.009799686,0.45685336,0.4987665,0.12469163
50814,0.6783581,0.0019945037,1.3547217,1.435535,0.0,1.435535,0.35888374
50817,0.019881735,0.0017295256,0.038033944,0.03705774,0.55123234,0.5135558,0.12838896
50819,0.05407409,0.0017553022,0.10639288,0.12032036,1.1473097,1.6489578,0.41223946
50822,0.021344656,0.0016917944,0.04099752,0.04703611,0.033762965,0.09608093,0.024020232
50824,0.0066825002,0.0018485443,0.0115164565,0.01067093,0.1607832,0.1139341,0.028483525
50827,0.03426234,0.0018140035,0.06671067,0.061935205,1.0597876,1.2487088,0.3121772
50830,0.050538268,0.0018515821,0.099224955,0.09161582,0.05354744,0.187477,0.04686925
50832,0.0030344129,0.0018072333,0.004261593,0.0064001507,0.27084848,0.24930675,0.06232669
50835,0.011961578,0.0017641565,0.022159,0.014968954,0.29358217,0.31817695,0.07954424
50837,0.04138091,0.0035736237,0.07918819,0.059197772,0.0,0.059197772,0.014799443
50840,0.3012679,0.003550226,0.5989856,0.5383102,0.0,0.5383102,0.13457756
50843,0.03590902,0.0017949477,0.07002309,0.058931533,0.04125194,0.043328106,0.010832027
50845,0.031514075,0.0016707623,0.061357383,0.06306947,0.04037259,0.10683016,0.02670754
50848,0.103850864,0.0017095112,0.2059922,0.18577133,0.0,0.18577133,0.046442833
50850,0.05402131,0.0013966527,0.106645964,0.121081054,0.0,0.121081054,0.030270264
50853,0.02673398,0.0009480214,0.052519936,0.050883755,0.56687677,0.5371562,0.13428906
50856,0.030986572,0.0015279694,0.060445175,0.051405966,0.0,0.051405966,0.012851492
50858,0.038512953,0.00093302503,0.07609288,0.07533178,0.07580215,0.13996924,0.03499231
50861,0.5528525,0.0012841759,1.1044208,1.1623672,0.0,1.1623672,0.2905918
50864,0.004502704,0.0010100362,0.007995372,0.005987752,0.39592323,0.39400056,0.09850014
50866,0.289909,0.0018704484,0.57794756,0.53175193,0.0,0.53175193,0.13293798
50869,0.24358542,0.0016980878,0.48547277,0.5223837,0.0,0.5223837,0.13059592
50871,0.03864935,0.001182129,0.07611657,0.075688876,0.92211056,0.8235076,0.2058769
50874,0.37360787,0.0023833942,0.74483234,0.68678266,0.0,0.68678266,0.17169566
50877,0.11040628,0.0024577146,0.21835484,0.18447937,0.0,0.18447937,0.046119843
50879,0.44478568,0.0019092396,0.8876621,0.9491256,0.0,0.9491256,0.2372814
50882,0.008591761,0.0013863519,0.01579717,0.009551096,0.22129269,0.22217433,0.055543583
50884,0.03339312,0.002940243,0.06384599,0.081980936,0.0,0.081980936,0.020495234
50887,0.23738055,0.0034227176,0.47133836,0.4055879,0.0,0.4055879,0.10139698
50890,0.1793629,0.003814262,0.35491154,0.40374288,0.0,0.40374288,0.10093572
50892,0.005971035,0.002526365,0.009415705,0.010215375,0.19176126,0.14739347,0.036848366
50895,0.67851925,0.0048427037,1.3521957,1.5053922,0.0,1.5053922,0.37634805
50897,0.17801614,0.0049533276,0.35107896,0.39453435,0.0,0.39453435,0.09863359
50900,0.8351055,0.004833023,1.665378,1.5039917,0.0,1.5039917,0.37599793
50903,0.52477026,0.0050212485,1.0445193,0.9238658,0.0,0.9238658,0.23096645
50905,0.074735776,0.005051036,0.14442052,0.16612308,0.0,0.16612308,0.04153077
50908,0.028400248,0.0029329434,0.053867552,0.06327575,0.03708558,0.13572262,0.033930656
50911,0.021955287,0.004825768,0.039084807,0.05724606,0.0,0.05724606,0.014311515
50913,0.0033517936,0.0027305905,0.0039729965,0.005685003,0.42054474,0.45839056,0.11459764
50916,0.01453774,0.0042370334,0.024838446,0.030564368,0.0,0.030564368,0.007641092
50918,0.029774606,0.0026790171,0.056870196,0.0636523,0.73971266,0.7646143,0.19115357
50921,0.03818958,0.0024195623,0.0739596,0.08549541,0.06871904,0.21394913,0.053487282
50924,0.18752892,0.0038807243,0.3711771,0.4189675,0.0,0.4189675,0.10474187
50926,0.050991002,0.003695354,0.09828665,0.0746887,0.0,0.0746887,0.018672176
50929,0.36051896,0.0035526548,0.71748525,0.64171433,0.0,0.64171433,0.16042858
50931,0.13451247,0.0035574045,0.26546752,0.227917,0.0,0.227917,0.05697925
50934,0.030763367,0.0023546403,0.059172094,0.054751594,0.43841514,0.33286425,0.08321606
50937,0.047044214,0.0023150526,0.09177337,0.095049776,0.9044617,1.1813904,0.2953476
50939,0.17332315,0.0035084777,0.34313783,0.38394666,0.0,0.38394666,0.095986664
50942,0.010327794,0.002413594,0.018241994,0.012193009,0.22277157,0.17234825,0.04308706
50944,0.060674652,0.0024615796,0.11888772,0.10918818,0.78194493,0.9325049,0.23312622
50947,0.026072303,0.002445437,0.049699172,0.04256927,0.6859769,0.7276104,0.1819026
50950,0.091697104,0.0032116037,0.18018262,0.19141571,0.0,0.19141571,0.047853928
50952,0.046330523,0.002487158,0.09017388,0.08238387,0.038422417,0.14516956,0.03629239
50955,0.157937,0.003517324,0.31235668,0.33396825,0.0,0.33396825,0.08349206
50958,0.12252585,0.0035129506,0.24153875,0.21243714,0.0,0.21243714,0.053109284
50960,0.044737536,0.002550428,0.08692465,0.07480544,1.0193172,1.1806879,0.29517198
50963,0.027628971,0.0026898745,0.052568067,0.059865415,0.6911132,0.7062883,0.17657207
50965,0.020110244,0.002832012,0.037388477,0.042892653,0.82348466,0.86461955,0.21615489
50968,0.070333056,0.0038406178,0.1368255,0.15358818,0.0,0.15358818,0.038397044
50971,0.0235624,0.0028248467,0.04429995,0.042452727,0.62198627,0.5477833,0.13694583
50973,0.050085988,0.002812925,0.097359054,0.091850996,1.0788422,1.3871413,0.34678534
50976,0.012590449,0.002929271,0.022251628,0.016374068,0.003907552,0.018491482,0.0046228706
50978,0.026001697,0.0030107312,0.048992664,0.057011534,0.6154323,0.60020643,0.15005161
50981,0.13614045,0.004133195,0.26814768,0.297726,0.0,0.297726,0.0744315
50984,0.031451,0.0027065445,0.06019546,0.05623293,0.5436931,0.46389306,0.115973264
50986,0.06822812,0.0037875222,0.13266872,0.104459554,0.0,0.104459554,0.026114888
50989,0.04671115,0.0026657272,0.09075657,0.08418163,0.05572279,0.16185227,0.040463068
50991,0.0185637,0.0027302487,0.034397155,0.035370845,0.3986582,0.39379564,0.09844891
50994,0.00647725,0.0025947785,0.010359721,0.008354996,0.19593227,0.1567242,0.03918105
50997,0.22481704,0.0031097203,0.44652435,0.4121233,0.0,0.4121233,0.10303082
50999,0.03098203,0.002742503,0.059221555,0.07130873,0.8661399,1.029678,0.2574195
51002,0.028367238,0.002922795,0.053811684,0.0431464,0.012427971,0.05875731,0.014689327
51005,0.2569865,0.0035407143,0.5104323,0.5495519,0.0,0.5495519,0.13738798
51007,0.1126064,0.0036629003,0.22154988,0.24229284,0.0,0.24229284,0.06057321
51010,0.0072538145,0.0033452753,0.011162353,0.006558124,0.32128537,0.33040577,0.08260144
51012,0.75061065,0.003978686,1.4972426,1.6014894,0.0,1.6014894,0.40037236
51015,0.68309647,0.004148631,1.3620443,1.4602894,0.0,1.4602894,0.36507234
51018,0.031853285,0.0038100437,0.059896525,0.06811132,0.03699829,0.12679057,0.031697642
51020,0.017270997,0.0042552426,0.030286752,0.034214918,0.0,0.034214918,0.008553729
51023,0.04375939,0.003954706,0.08356407,0.081060976,0.08959182,0.16276218,0.040690545
51025,0.06330948,0.0038753422,0.12274363,0.14281107,0.96226335,1.1348841,0.28372103
51028,1.029234,0.0046115243,2.0538566,1.9150916,0.0,1.9150916,0.4787729
51031,0.0680213,0.004341801,0.1317008,0.12903495,0.0,0.12903495,0.032258738
51033,0.26280385,0.004279567,0.52132815,0.5743944,0.0,0.5743944,0.1435986
51036,0.1237561,0.004509256,0.24300295,0.21578383,0.0,0.21578383,0.05394596
51039,0.59801006,0.0044305753,1.1915895,1.2948767,0.0,1.2948767,0.32371917
51041,0.22973336,0.0043806504,0.45508608,0.503259,0.0,0.503259,0.12581475
51044,0.13184117,0.0044299955,0.25925234,0.24464822,0.0,0.24464822,0.061162055
51046,0.7855198,0.0043280846,1.5667114,1.6712627,0.0,1.6712627,0.4178157
51049,0.097444735,0.004254062,0.1906354,0.18071158,0.0,0.18071158,0.045177896
51052,0.2956097,0.004080277,0.5871391,0.5485212,0.0,0.5485212,0.1371303
51054,0.3101239,0.003838362,0.61640936,0.64805657,0.0,0.64805657,0.16201414
51057,0.12008074,0.0036778885,0.23648359,0.24904244,0.0,0.24904244,0.06226061
51059,0.010766196,0.0027880592,0.018744333,0.009159574,0.16899253,0.16118638,0.040296596
51062,0.963612,0.0031527306,1.9240713,1.8267158,0.0,1.8267158,0.45667896
51065,0.02033893,0.0023763422,0.038301516,0.03674626,0.024491265,0.043328628,0.010832157
51067,0.43905196,0.0025781475,0.8755257,0.83654064,0.0,0.83654064,0.20913516
51070,0.9159908,0.002378937,1.8296027,1.8867478,0.0,1.8867478,0.47168696
51072,0.48615953,0.0022830956,0.970036,1.0051908,0.0,1.0051908,0.2512977
51075,0.03787115,0.0024381906,0.0733041,0.060319018,0.0,0.060319018,0.015079754
51078,0.02021189,0.002396825,0.038026955,0.046647873,0.0,0.046647873,0.011661968
51080,0.17439991,0.0024367718,0.34636307,0.35257912,0.0,0.35257912,0.08814478
51083,0.09909431,0.0025242094,0.1956644,0.18454929,0.0,0.18454929,0.04613732
51086,0.020606609,0.0032157805,0.03799744,0.048608407,0.04188482,0.10049105,0.025122762
51088,0.29514167,0.0031079587,0.5871754,0.5627183,0.0,0.5627183,0.14067957
51091,0.7730196,0.0033293131,1.54271,1.5534434,0.0,1.5534434,0.38836086
51093,0.7431875,0.0034924664,1.4828825,1.488166,0.0,1.488166,0.3720415
51096,0.04680644,0.0041432115,0.08946967,0.10193217,1.0864153,1.4404583,0.36011457
51099,0.012491107,0.00401418,0.020968035,0.0118090315,0.34975716,0.41747573,0.10436893
51101,0.4899532,0.004052592,0.97585386,0.9998574,0.0,0.9998574,0.24996436
51104,0.067659795,0.0040374175,0.13128217,0.15772305,0.0,0.15772305,0.039430764
51106,0.123547226,0.004008886,0.24308556,0.24942024,0.0,0.24942024,0.06235506
51109,0.022766441,0.004381238,0.041151643,0.045139898,0.032955546,0.05388117,0.013470292
51112,0.06503203,0.0051077567,0.1249563,0.10905292,0.0,0.10905292,0.02726323
51114,0.30966604,0.0047175847,0.6146145,0.6243982,0.0,0.6243982,0.15609954
51117,0.008053678,0.0039625564,0.012144799,0.004398437,0.22460891,0.20949738,0.052374344
51119,0.017198885,0.0038445294,0.030553242,0.034944266,0.013464267,0.056561854,0.014140463
51122,0.011671353,0.0037351858,0.01960752,0.015054598,0.2871526,0.26355025,0.06588756
51125,0.015205353,0.0031872557,0.027223447,0.031986505,0.018210754,0.05153201,0.012883003
51127,0.0427327,0.0032722207,0.08219317,0.092509694,0.72911316,0.800783,0.20019574
51130,0.005706217,0.0030575953,0.008354839,0.005918304,0.31617936,0.33479404,0.08369851
51133,0.021617124,0.0031988125,0.040035434,0.047217697,0.02759319,0.094075955,0.023518989
51135,0.021485649,0.0035424288,0.03942887,0.053101514,0.5679722,0.4532058,0.11330145
51138,0.02468072,0.0039841817,0.04537726,0.037285592,0.4203821,0.36652112,0.09163028
51140,0.041171703,0.0035087224,0.07883469,0.085582174,0.05584101,0.17486668,0.04371667
51143,0.048163608,0.0026313253,0.09369589,0.0895705,0.0,0.0895705,0.022392625
51146,0.025548788,0.0025786618,0.048518915,0.043533254,0.0,0.043533254,0.010883314
51148,0.5399706,0.0023985186,1.0775427,1.0109756,0.0,1.0109756,0.2527439
51151,0.05813588,0.00305831,0.11321344,0.12287744,0.88571477,1.0377363,0.25943407
51153,0.007950152,0.0032115087,0.012688794,0.0058968365,0.17635906,0.15756424,0.03939106
51156,0.03198345,0.0037890282,0.060177874,0.061433967,0.030268049,0.09150416,0.02287604
51159,0.12624441,0.0024589878,0.25002983,0.29391858,0.0,0.29391858,0.073479645
51161,0.11672785,0.0023553912,0.2311003,0.22212599,0.0,0.22212599,0.055531498
51164,0.054266945,0.0016814335,0.10685245,0.100091636,0.0,0.100091636,0.025022909
51166,0.08319112,0.0013519354,0.1650303,0.18739855,0.0,0.18739855,0.04684964
51169,0.17938626,0.00094561744,0.35782692,0.33387733,0.0,0.33387733,0.08346933
51172,0.13880499,0.00086518703,0.2767448,0.25658056,0.0,0.25658056,0.06414514
51174,0.009551697,0.001327008,0.017776387,0.014903511,0.27498966,0.30165187,0.07541297
51177,0.039846234,0.0011873109,0.07850516,0.08311198,0.07039961,0.16519721,0.041299302
51180,0.035211753,0.0009548094,0.0694687,0.06360304,0.0,0.06360304,0.01590076
51182,0.008482591,0.0012728014,0.015692381,0.015575532,0.32367724,0.2820709,0.070517726
51185,0.004740674,0.0011622998,0.008319048,0.0047874027,0.28953448,0.26425144,0.06606286
51187,0.020718742,0.00081212603,0.04062536,0.042981554,0.0,0.042981554,0.010745388
51190,0.042611238,0.0007402962,0.08448217,0.09183403,0.0,0.09183403,0.022958508
51193,0.003656457,0.00076880044,0.006544113,0.0056337235,0.36985317,0.35127735,0.08781934
51195,0.019042537,0.00082464237,0.03726043,0.038214203,0.036640104,0.07036283,0.017590707
51198,0.007715879,0.0008749605,0.014556798,0.01717013,0.27290684,0.18657808,0.04664452
51200,0.37888455,0.00063530286,0.7571338,0.76697856,0.0,0.76697856,0.19174464
51203,0.48349535,0.0007041627,0.9662866,0.9649408,0.0,0.9649408,0.2412352
51206,0.031439245,0.0009229961,0.061955493,0.058327943,0.8437893,0.8488051,0.21220128
51208,0.013591517,0.00091511226,0.026267922,0.026231488,0.021385292,0.038060613,0.009515153
51211,0.034451984,0.00070601096,0.06819796,0.071719036,0.904118,0.72480774,0.18120193
51213,0.056929942,0.0004578107,0.11340207,0.11634451,0.0,0.11634451,0.029086128
51216,0.022243455,0.0005107249,0.043976188,0.04422155,0.64723694,0.56101894,0.14025474
51219,0.046060544,0.00051891577,0.09160217,0.08680261,0.0,0.08680261,0.021700652
51221,0.31789216,0.00045212344,0.6353322,0.6223139,0.0,0.6223139,0.15557848
51224,0.37022188,0.00047943532,0.7399643,0.7528606,0.0,0.7528606,0.18821515
51227,0.0032241417,0.0004445004,0.0060037826,0.0055331625,0.32769537,0.31539914,0.078849785
51229,0.0061036744,0.0004127183,0.01179463,0.011821502,0.23335923,0.17908412,0.04477103
51232,0.65754014,0.0007828241,1.3142976,1.2703228,0.0,1.2703228,0.3175807
51234,0.027029937,0.0007379653,0.05332191,0.055544224,0.0,0.055544224,0.013886056
51237,0.06445887,0.0011360905,0.12778164,0.13635157,0.0,0.13635157,0.034087893
51240,0.6380837,0.0011882912,1.2749791,1.2224947,0.0,1.2224947,0.30562368
51242,0.022077018,0.0006854315,0.043468606,0.045540083,0.7614574,0.7157464,0.1789366
51245,0.048648965,0.00085491413,0.09644302,0.09813648,1.1538631,1.4346434,0.35866085
51247,0.4909297,0.00208191,0.9797775,1.0571829,0.0,1.0571829,0.26429573
51250,0.02042134,0.0011422075,0.039700467,0.04138741,0.017011711,0.078696735,0.019674184
51253,0.0043169237,0.0010390473,0.0075948,0.010049579,0.5051785,0.56968504,0.14242126
51255,0.020206438,0.0010694317,0.039343443,0.035788495,0.029446512,0.05885895,0.014714737
51258,0.0041120774,0.001137527,0.007086627,0.0040941876,0.29177645,0.2537841,0.06344602
51260,0.0028511083,0.0012878645,0.004414352,0.0042493776,0.50288635,0.5252536,0.1313134
51263,0.043192536,0.0015384308,0.08484664,0.07631028,0.9991271,0.9588073,0.23970182
51266,0.034400105,0.0019284897,0.066871725,0.065739036,0.11290849,0.21342337,0.053355843
51268,0.4662762,0.0043525877,0.9281998,1.0411814,0.0,1.0411814,0.26029536
51271,0.023330467,0.0021558187,0.044505116,0.048252806,0.023599654,0.09439828,0.02359957
51274,0.41306177,0.0045480817,0.82157546,0.9342541,0.0,0.9342541,0.23356353
51276,0.036417767,0.0043460745,0.06848946,0.051294982,0.0,0.051294982,0.012823746
51279,0.27909896,0.0053922795,0.55280566,0.46055233,0.0,0.46055233,0.11513808
51281,0.00839305,0.0025416836,0.014244418,0.0074351267,0.41391125,0.45804453,0.11451113
51284,0.08361558,0.0054120026,0.16181917,0.12922145,0.0,0.12922145,0.032305364
51287,0.0055716187,0.0027309854,0.008412251,0.005269188,0.2519628,0.23415613,0.058539033
51289,0.027855715,0.0026569683,0.053054463,0.045964267,0.7938102,0.76731807,0.19182952
51292,0.3388394,0.0058158785,0.6718629,0.5630811,0.0,0.5630811,0.14077027
51294,0.28025404,0.006766407,0.5537417,0.44784567,0.0,0.44784567,0.11196142
51297,0.007994794,0.0037179266,0.012271662,0.007755527,0.45038703,0.42423415,0.10605854
51300,0.5224094,0.008633076,1.0361857,0.8718943,0.0,0.8718943,0.21797357
51302,0.0095865885,0.0041195527,0.015053625,0.008373538,0.40174174,0.42445663,0.10611416
51305,0.0058645816,0.0046421452,0.007087018,0.010546333,0.3208901,0.28205267,0.07051317
51307,0.029018313,0.00384226,0.054194365,0.04553348,0.027901912,0.06678214,0.016695535
51310,0.3590206,0.008249379,0.70979184,0.85911244,0.0,0.85911244,0.21477811
51313,0.032064706,0.0033672082,0.0607622,0.06390304,0.8175599,0.8338222,0.20845555
51315,0.0325774,0.004374226,0.060780574,0.059189472,0.7764168,0.83487225,0.20871806
51318,0.025373846,0.0046658553,0.046081837,0.041128602,0.5063615,0.48042226,0.120105565
51321,0.2729044,0.007795725,0.53801304,0.657383,0.0,0.657383,0.16434576
51323,0.06039177,0.0034357037,0.11734784,0.13088852,1.014891,1.066639,0.26665974
51326,0.052176908,0.004112544,0.10024127,0.084802665,1.260903,1.4875485,0.37188712
51328,0.51187575,0.00883446,1.014917,1.1711816,0.0,1.1711816,0.2927954
51331,0.007347487,0.005432697,0.009262277,0.00928852,0.1634021,0.12576933,0.031442333
51334,0.040962435,0.0044910666,0.0774338,0.06625099,0.61943585,0.5998412,0.1499603
51336,0.017444605,0.008481403,0.026407808,0.037246857,0.0,0.037246857,0.009311714
51339,0.0074750655,0.0038716358,0.0110784955,0.010227307,0.19361329,0.13891307,0.034728266
51341,0.5982413,0.008700243,1.1877824,1.3562618,0.0,1.3562618,0.33906546
51344,0.10230572,0.006336581,0.19827485,0.23591642,0.0,0.23591642,0.058979105
51347,0.08112506,0.0067892782,0.15546083,0.19452237,0.0,0.19452237,0.04863059
51349,0.0087902285,0.0034326555,0.014147802,0.0074067316,0.3439809,0.35257104,0.08814276
51352,0.048651267,0.007835274,0.089467265,0.124041505,0.0,0.124041505,0.031010376
51354,0.4549992,0.0062664114,0.903732,1.0114294,0.0,1.0114294,0.25285736
51357,0.15290192,0.006423905,0.29937991,0.24342221,0.0,0.24342221,0.060855553
51360,0.018912533,0.0026980147,0.035127055,0.040482093,0.01473647,0.07756357,0.019390892
51362,0.51461756,0.004675279,1.0245599,1.089832,0.0,1.089832,0.272458
51365,0.03546578,0.0028046963,0.068126865,0.06729587,0.82598907,0.6805641,0.17014103
51368,0.04461907,0.0024193795,0.086818755,0.09396762,0.9821703,1.114041,0.27851024
51370,0.003799985,0.0024720316,0.0051279385,0.004025847,0.39407682,0.40344357,0.100860894
51373,0.061360355,0.0030066443,0.11971406,0.11887395,0.13232888,0.21409257,0.053523142
51375,0.11042664,0.003167821,0.21768546,0.21972275,0.0,0.21972275,0.054930687
51378,0.07743735,0.0036567382,0.15121795,0.1798873,0.0,0.1798873,0.044971824
51381,0.03351147,0.0022851385,0.064737804,0.0689513,0.020670148,0.09801737,0.024504343
51383,0.30040282,0.003028961,0.5977767,0.61217993,0.0,0.61217993,0.15304498
51386,0.037675876,0.0024882148,0.07286354,0.05426832,0.0,0.05426832,0.01356708
51388,0.050550427,0.002637557,0.0984633,0.09621362,0.13284044,0.2527174,0.06317935
51391,0.068850406,0.0028065217,0.13489428,0.120168775,1.2292811,1.5724319,0.39310798
51394,0.0091428,0.0028942346,0.015391365,0.018491225,0.011088687,0.02261369,0.0056534223
51396,0.32253098,0.0022245282,0.64283746,0.64302,0.0,0.64302,0.160755
51399,0.11531701,0.0019592931,0.22867472,0.25215095,0.0,0.25215095,0.06303774
51401,0.025608733,0.002049337,0.04916813,0.046909858,0.7017002,0.7166066,0.17915165
51404,0.06446958,0.0019826407,0.12695652,0.11388651,0.0,0.11388651,0.028471628
51407,0.002720657,0.0016156718,0.0038256422,0.0044312966,0.2444241,0.22537737,0.05634434
51409,0.0072162594,0.0016233941,0.012809124,0.012353537,0.5048285,0.58157444,0.14539361
51412,0.044682395,0.0017486237,0.08761617,0.079640105,0.0,0.079640105,0.019910026
51415,0.038962055,0.0019809145,0.075943194,0.06695639,0.0,0.06695639,0.016739098
51417,0.020441918,0.002462253,0.038421582,0.03867283,0.028988734,0.04104303,0.010260757
51420,0.07792594,0.0014951305,0.15435676,0.1517564,0.0,0.1517564,0.0379391
51422,0.078673415,0.0021948663,0.15515198,0.1517431,1.2756732,1.5664543,0.39161357
51425,0.086975835,0.0018578836,0.1720938,0.17238528,0.0,0.17238528,0.04309632
51428,0.020793477,0.0013435731,0.040243383,0.040304836,0.014277569,0.061650485,0.015412621
51430,0.26890245,0.0010056896,0.5367992,0.55629784,0.0,0.55629784,0.13907446
51433,0.16002737,0.0012421076,0.31881264,0.29093686,0.0,0.29093686,0.072734214
51435,0.08206797,0.0016311398,0.16250479,0.15983291,0.0,0.15983291,0.039958227
51438,0.024631165,0.0018484145,0.047413915,0.0442458,0.68089885,0.6472793,0.16181983
51441,0.047561485,0.0013222013,0.093800776,0.09429278,1.0110387,1.3562266,0.33905664
51443,0.014937484,0.0013409243,0.028534045,0.02921171,0.04307446,0.09115427,0.022788567
51446,0.030952657,0.0011640684,0.060741246,0.06004994,0.035668854,0.14144045,0.035360113
51448,0.056706693,0.0012873729,0.112126015,0.11018408,1.2401766,1.4890496,0.3722624
51451,0.095316745,0.00081802154,0.18981548,0.20658283,0.0,0.20658283,0.051645707
51454,0.8268175,0.0008847986,1.6527501,1.6849724,0.0,1.6849724,0.4212431
51456,0.038861047,0.0007711782,0.076950915,0.07635669,0.0,0.07635669,0.019089172
51459,0.027563354,0.00062756776,0.05449914,0.05284646,0.046039447,0.074788734,0.018697184
51462,0.0027918136,0.0007392711,0.004844356,0.0058912137,0.4363054,0.47246432,0.11811608
51464,0.05515181,0.000498317,0.10980531,0.1140328,0.0,0.1140328,0.0285082
51467,0.021379068,0.0005438228,0.042214315,0.045382455,0.57931536,0.4497554,0.11243885
51469,0.03954017,0.0006617741,0.07841857,0.075958155,0.0328854,0.15942414,0.039856035
51472,0.06040107,0.00080627966,0.11999586,0.11808109,1.1914965,1.6539346,0.41348365
51475,0.870563,0.00055848993,1.7405673,1.7572079,0.0,1.7572079,0.43930197
51477,0.022823347,0.00043367813,0.045213014,0.044272598,0.024733225,0.054943275,0.013735819
51480,0.093491696,0.00062426034,0.18635912,0.1998126,0.0,0.1998126,0.04995315
51482,0.0047455565,0.00035832814,0.009132785,0.008364878,0.19751747,0.19351637,0.048379093
51485,0.23359461,0.0005254595,0.46666375,0.48190165,0.0,0.48190165,0.12047541
51488,0.02598835,0.0003616124,0.05161509,0.053522747,0.9938488,1.0071563,0.25178906
51490,0.1323995,0.00092268054,0.26387632,0.28589845,0.0,0.28589845,0.07147461
51493,0.16480154,0.00086244335,0.32874063,0.30814442,0.0,0.30814442,0.077036105
51495,0.050122503,0.00033162886,0.09991338,0.10303529,0.096025765,0.26078582,0.065196455
51498,0.48424447,0.0010597691,0.96742916,1.0131654,0.0,1.0131654,0.25329134
51501,0.07046353,0.0011012737,0.13982578,0.16000305,0.0,0.16000305,0.040000763
51503,0.016382748,0.00035865186,0.032406844,0.03117778,0.01231623,0.0511959,0.012798975
51506,0.046193406,0.0012450553,0.09114176,0.087469995,0.0,0.087469995,0.021867499
51509,0.039890684,0.0011620233,0.078619346,0.079973556,0.0,0.079973556,0.019993389
51511,0.14594086,0.0012820527,0.29059967,0.25944743,0.0,0.25944743,0.06486186
51514,0.057720255,0.00049092475,0.114949584,0.120116085,1.1769534,1.6557293,0.41393232
51516,0.021358242,0.0018624557,0.040854026,0.037522133,0.0,0.037522133,0.009380533
51519,0.03629669,0.000598399,0.07199498,0.07194381,0.076733775,0.17999184,0.04499796
51522,0.035051223,0.0021843086,0.067918144,0.054660965,0.0,0.054660965,0.013665241
51524,0.006314916,0.0006347944,0.011995037,0.011679885,0.26263162,0.21968417,0.054921042
51527,0.0365116,0.0006860508,0.07233715,0.06589427,0.06033507,0.1670956,0.0417739
51529,0.004567524,0.0006626437,0.008472404,0.010629918,0.24947505,0.19477475,0.048693687
51532,0.020910518,0.0007207117,0.041100327,0.043881103,0.67786866,0.62127,0.1553175
51535,0.7746524,0.0024717988,1.546833,1.6567497,0.0,1.6567497,0.41418743
51537,0.017251855,0.00067477854,0.03382893,0.030372312,0.0130933365,0.052499134,0.0131247835
51540,0.139089,0.0025479824,0.27563003,0.22983682,0.0,0.22983682,0.057459205
51543,0.017078694,0.0026898773,0.03146751,0.031363696,0.0,0.031363696,0.007840924
51545,0.23309243,0.0029024445,0.46328244,0.52446085,0.0,0.52446085,0.13111521
51548,0.031552598,0.0010110615,0.062094133,0.06156407,1.092904,1.173647,0.29341176
51550,0.003525512,0.00096369087,0.006087333,0.007784262,0.27514544,0.22874562,0.057186406
51553,0.025491161,0.00091425393,0.050068066,0.04776849,0.018404068,0.06670437,0.016676093
51556,0.28670055,0.0026280477,0.57077307,0.64201146,0.0,0.64201146,0.16050287
51558,0.036294606,0.0007865019,0.071802706,0.07343193,0.10578332,0.18455108,0.04613777
51561,0.65370905,0.002404451,1.3050137,1.4055017,0.0,1.4055017,0.35137543
51563,0.048657726,0.0026894256,0.09462603,0.080115646,0.0,0.080115646,0.020028912
51566,0.09245774,0.0027693373,0.18214615,0.20718057,0.0,0.20718057,0.051795144
51569,0.17249279,0.00285188,0.34213367,0.3933971,0.0,0.3933971,0.09834927
51571,0.031961598,0.00084100367,0.063082196,0.06421687,0.09998509,0.17493136,0.04373284
51574,0.04855643,0.0028611105,0.094251744,0.079381295,0.0,0.079381295,0.019845324
51576,0.06308252,0.0008023278,0.12536271,0.13112925,1.2973651,1.742392,0.435598
51579,0.003377224,0.0007384801,0.006015968,0.005906494,0.2330203,0.19369192,0.04842298
51582,0.043201115,0.0021839754,0.084218256,0.095900916,0.0,0.095900916,0.023975229
51584,0.0248563,0.00064711605,0.049065482,0.045620408,0.03591891,0.05848473,0.014621182
51587,0.039734375,0.0006338351,0.07883491,0.072906174,0.95295143,0.75460404,0.18865101
51590,0.024806691,0.0024058847,0.047207493,0.051506292,0.0,0.051506292,0.012876573
51592,0.0033889518,0.0006281114,0.0061497926,0.005021915,0.25632915,0.21294872,0.05323718
51595,0.042791292,0.0006186545,0.084963925,0.08178342,1.1030821,1.0402216,0.2600554
51597,0.025025316,0.0006151935,0.049435437,0.04593278,0.5542748,0.45533192,0.11383298
51600,0.024635484,0.00067187526,0.048599094,0.047842,0.82182294,0.8138094,0.20345235
51603,0.037382033,0.0005967932,0.074167274,0.07126515,0.69552916,0.70907813,0.17726953
51605,0.22153683,0.0022886256,0.44078505,0.3866774,0.0,0.3866774,0.09666935
51608,0.050415512,0.00059251656,0.1002385,0.10401666,0.9706752,1.020303,0.25507575
51610,0.004245305,0.0006278858,0.007862724,0.0077361874,0.30103812,0.2518444,0.0629611
51613,0.015490308,0.0025319762,0.028448641,0.028562052,0.0,0.028562052,0.007140513
51616,0.62747055,0.0025315527,1.2524096,1.1530479,0.0,1.1530479,0.28826198
51618,0.12678131,0.0024198364,0.2511428,0.2865083,0.0,0.2865083,0.07162707
51621,0.20425205,0.002374267,0.40612984,0.45963812,0.0,0.45963812,0.11490953
51623,0.935558,0.0025991744,1.8685168,1.7448397,0.0,1.7448397,0.43620992
51626,0.03127255,0.0006873508,0.06185775,0.065347604,0.024112431,0.09735492,0.02433873
51629,0.30152825,0.0021240322,0.6009324,0.54253024,0.0,0.54253024,0.13563256
51631,0.33008876,0.0020411024,0.6581364,0.72651625,0.0,0.72651625,0.18162906
51634,0.11223719,0.0019120285,0.22256236,0.2551105,0.0,0.2551105,0.063777626
51637,0.0072939587,0.00058245816,0.01400546,0.011224303,0.35547137,0.32625744,0.08156436
51639,0.002756793,0.00062362856,0.0048899576,0.0040811547,0.28992793,0.25404778,0.063511945
51642,0.0404507,0.0019134488,0.07898795,0.09398109,0.0,0.09398109,0.023495272
51644,0.038847204,0.00063227396,0.07706213,0.07584601,0.10706601,0.20437928,0.05109482
51647,0.045759108,0.001975791,0.08954242,0.08199123,0.0,0.08199123,0.020497808
51650,0.0031244222,0.0006173293,0.0056315144,0.0062120333,0.5135679,0.5369006,0.13422514
51652,0.029844739,0.0017182282,0.05797125,0.052652,0.0,0.052652,0.013163
51655,0.034448013,0.00057388144,0.068322144,0.06978508,1.0391798,1.1490738,0.28726846
51657,0.0050540646,0.000607568,0.009500561,0.009025249,0.38447702,0.32751784,0.08187946
51660,0.021524118,0.0005786757,0.04246956,0.04360052,0.011135579,0.049337547,0.012334387
51663,0.211203,0.0018512439,0.42055476,0.3762213,0.0,0.3762213,0.094055325
51665,0.018290315,0.0006248358,0.035955794,0.03972061,0.012762402,0.07051897,0.017629743
51668,0.05161127,0.0019275434,0.101294994,0.09109556,0.0,0.09109556,0.02277389
51670,0.054194037,0.0018342367,0.106553845,0.12536405,0.0,0.12536405,0.031341013
51673,0.17040424,0.0019129763,0.33889547,0.38187754,0.0,0.38187754,0.095469385
51676,0.0925603,0.002011196,0.1831094,0.21469712,0.0,0.21469712,0.05367428
51678,0.006030362,0.00066692586,0.011393798,0.008833499,0.46495578,0.5211586,0.13028964
51681,0.2553548,0.0019659433,0.50874364,0.56224877,0.0,0.56224877,0.14056219
51684,0.2232611,0.0020453606,0.44447684,0.49836305,0.0,0.49836305,0.12459076
51686,0.057195213,0.002061209,0.112329215,0.13745357,0.0,0.13745357,0.034363393
51689,0.019259533,0.00074437325,0.037774693,0.040211234,0.035388265,0.050877776,0.012719444
51691,0.0046548564,0.00078906986,0.008520643,0.0074315146,0.24429815,0.208053,0.05201325
51694,0.029494433,0.0023416907,0.05664717,0.06186533,0.0,0.06186533,0.015466332
51697,0.046507884,0.0025433947,0.09047238,0.07551256,0.0,0.07551256,0.01887814
51699,0.022576392,0.00095952646,0.044193257,0.037985455,0.03220483,0.09343892,0.02335973
51702,0.03356531,0.0010801868,0.06605043,0.06503735,1.0137733,1.0966274,0.27415684
51704,0.016343042,0.0011082852,0.0315778,0.026603011,0.02046785,0.019368596,0.004842149
51707,0.052273672,0.0011242925,0.10342305,0.10590313,0.90954655,0.92838717,0.23209679
51710,0.37970555,0.003532563,0.7558785,0.8524723,0.0,0.8524723,0.21311808
51712,0.046417873,0.0035042372,0.08933151,0.10543027,0.0,0.10543027,0.026357567
51715,0.15466411,0.0035814021,0.30574682,0.36722717,0.0,0.36722717,0.09180679
51717,0.014952776,0.0036575755,0.026247978,0.025748705,0.0,0.025748705,0.0064371764
51720,0.004338497,0.0014707701,0.007206224,0.0071283393,0.31999555,0.29300216,0.07325054
51723,0.069419555,0.0037001707,0.13513894,0.15754955,0.0,0.15754955,0.039387386
51725,0.017244518,0.0016043239,0.032884713,0.03255632,0.55002266,0.5107594,0.12768985
51728,0.008298833,0.0016832721,0.014914393,0.009610148,0.40461063,0.4405986,0.11014965
51731,0.051251303,0.0017499953,0.100752614,0.109543085,0.12908636,0.19655333,0.049138334
51733,0.027128525,0.0017401902,0.05251686,0.060129862,0.94341755,1.138473,0.28461826
51736,0.038370054,0.0041067707,0.07263333,0.087725945,0.0,0.087725945,0.021931486
51738,0.003709675,0.0017500353,0.005669315,0.0077304975,0.5139809,0.52424484,0.13106121
51741,0.005462205,0.0015654563,0.009358954,0.006236036,0.48348412,0.5193436,0.1298359
51744,0.11904377,0.0034824281,0.23460512,0.26803455,0.0,0.26803455,0.06700864
51746,0.035016954,0.0016057488,0.06842816,0.061482023,0.055393774,0.08564154,0.021410385
51749,0.0075774617,0.001587294,0.013567629,0.0159621,0.3043854,0.24229062,0.060572654
51751,0.008705316,0.0016370537,0.015773578,0.018495591,0.21172345,0.14462526,0.036156315
51754,0.026310176,0.0015586639,0.05106169,0.052832037,0.8548875,0.87018234,0.21754558
51757,0.009973492,0.0015895363,0.018357446,0.011648345,0.21032728,0.20879698,0.052199244
51759,0.2329772,0.004241781,0.4617126,0.39410576,0.0,0.39410576,0.09852644
51762,0.031986386,0.0015895554,0.062383216,0.054032695,0.04289889,0.12293184,0.03073296
51764,0.00443132,0.0014981488,0.007364491,0.008619081,0.39780107,0.36771736,0.09192934
51767,0.13490571,0.0038750086,0.2659364,0.3121186,0.0,0.3121186,0.07802965
51770,0.19440496,0.003838593,0.38497135,0.3216331,0.0,0.3216331,0.080408275
51772,0.120182134,0.0034094683,0.23695481,0.19023181,0.0,0.19023181,0.047557954
51775,0.004636275,0.0009257879,0.0083467625,0.008035225,0.4629902,0.47913477,0.11978369
51778,0.017063228,0.0010736776,0.033052776,0.028517893,0.006539155,0.03909326,0.009773315
51780,0.040129554,0.0010754676,0.07918364,0.076892875,1.0193442,0.97154444,0.24288611
51783,0.029171601,0.0011252138,0.05721799,0.056799058,0.675863,0.7463719,0.18659298
51785,0.22059454,0.0033473503,0.43784174,0.3859787,0.0,0.3859787,0.096494675
51788,0.5808999,0.0028426622,1.1589571,1.0604465,0.0,1.0604465,0.26511163
51791,0.15977176,0.002612442,0.31693107,0.35003236,0.0,0.35003236,0.08750809
51793,0.17610826,0.0026401973,0.34957632,0.38765565,0.0,0.38765565,0.09691391
51796,0.037151363,0.0012357562,0.07306697,0.07708177,0.07813191,0.11437384,0.02859346
51798,0.282285,0.0026957868,0.5618742,0.49551633,0.0,0.49551633,0.12387908
51801,0.020701677,0.0026923278,0.038711026,0.054204423,0.0,0.054204423,0.013551106
51804,0.02061796,0.0011865856,0.040049333,0.038375024,0.6322666,0.5919325,0.14798312
51806,0.038706414,0.0012537282,0.0761591,0.07177718,0.06804925,0.14330147,0.035825368
51809,0.053264562,0.001323111,0.10520601,0.0951603,0.79136354,0.9032696,0.2258174
51811,0.17830439,0.0018933201,0.35471547,0.34271154,0.0,0.34271154,0.085677885
51814,0.025113836,0.0013116524,0.048916023,0.049865354,0.017230408,0.062329143,0.015582286
51817,0.052826136,0.0022680964,0.103384174,0.085207246,0.0,0.085207246,0.021301812
51819,0.004595327,0.0013226887,0.007867966,0.006475717,0.44450653,0.40428698,0.101071745
51822,0.047188807,0.0012551281,0.09312249,0.098657995,0.038570628,0.17772861,0.044432152
51825,0.01595272,0.002120598,0.029784838,0.035393894,0.0,0.035393894,0.008848473
51827,0.044230547,0.0013402011,0.08712089,0.080501035,0.73797387,0.825898,0.2064745
51830,0.24598205,0.0021033345,0.48986077,0.46000823,0.0,0.46000823,0.11500206
51832,0.10122066,0.002112616,0.20032871,0.1697877,0.0,0.1697877,0.042446926
51835,0.032647587,0.0011127099,0.06418247,0.06148569,0.72701883,0.76677924,0.19169481
51838,0.15240504,0.0023338806,0.3024762,0.26570174,0.0,0.26570174,0.066425435
51840,0.005202447,0.0009854569,0.0094194375,0.007960515,0.29673585,0.29553577,0.07388394
51843,0.013451736,0.0008461249,0.026057348,0.025108723,0.015119068,0.034686297,0.008671574
51845,0.026453793,0.00075109367,0.052156493,0.057358015,0.03261513,0.12115282,0.030288205
51848,0.21687786,0.0013685919,0.4323871,0.4461328,0.0,0.4461328,0.1115332
51851,0.02792568,0.0004706421,0.055380717,0.05289724,0.034870442,0.1070135,0.026753375
51853,0.0033568845,0.00042202292,0.0062917466,0.00692188,0.37981176,0.37592682,0.093981706
51856,0.25723442,0.00054267194,0.5139262,0.5255063,0.0,0.5255063,0.13137658
51858,0.0036356768,0.0003765826,0.006894771,0.0054718326,0.2764961,0.25593618,0.063984044
51861,0.06994567,0.0003677942,0.13952355,0.13503249,0.0,0.13503249,0.033758122
51864,0.03809113,0.00042187728,0.07576039,0.07651087,0.027894057,0.13850528,0.03462632
51866,0.033749994,0.0006456452,0.066854335,0.06807772,0.0,0.06807772,0.01701943
51869,0.041037593,0.0005931695,0.081482016,0.08419493,0.0,0.08419493,0.021048732
51872,0.05393603,0.00077838934,0.10709367,0.1011414,0.0,0.1011414,0.02528535
51874,0.19288208,0.0008256705,0.38493848,0.35745096,0.0,0.35745096,0.08936274
51877,0.24296929,0.00076376385,0.4851748,0.45841956,0.0,0.45841956,0.11460489
51879,0.44738686,0.0006761092,0.8940976,0.8606904,0.0,0.8606904,0.2151726
51882,0.3366518,0.00081726536,0.6724863,0.6355338,0.0,0.6355338,0.15888345
51885,0.22103894,0.0011232808,0.4409546,0.4058524,0.0,0.4058524,0.1014631
51887,0.029305795,0.00038228533,0.05822931,0.060027957,0.061595913,0.09861205,0.024653012
51890,0.02281502,0.00041672037,0.045213323,0.04464828,0.029456832,0.053564776,0.013391194
51892,0.46407697,0.0017040884,0.92644984,0.8580647,0.0,0.8580647,0.21451618
51895,0.032516193,0.0006793542,0.06435303,0.059366714,0.042143125,0.05214415,0.013036038
51898,0.03506805,0.00080365903,0.06933244,0.07178401,0.08610321,0.15334968,0.03833742
51900,0.22290148,0.0024288956,0.44337407,0.50108886,0.0,0.50108886,0.12527221
51903,0.033814013,0.0009934003,0.066634625,0.07347456,0.044602096,0.16467668,0.04116917
51905,0.035567846,0.0010126539,0.07012304,0.06708262,1.0910331,1.2247056,0.3061764
51908,0.22805984,0.002566446,0.45355323,0.4102488,0.0,0.4102488,0.1025622
51911,0.0140171265,0.00088507123,0.02714918,0.025259204,0.014177849,0.026130179,0.0065325447
51913,0.2722989,0.0020845449,0.5425133,0.59705234,0.0,0.59705234,0.14926308
51916,0.021486921,0.000864503,0.04210934,0.04002373,0.6866906,0.5298686,0.13246715
51919,0.058692545,0.0018913173,0.115493774,0.13285254,0.0,0.13285254,0.033213135
51921,0.38092747,0.0015637098,0.7602913,0.8197472,0.0,0.8197472,0.2049368
51924,0.11295297,0.0016056038,0.22430032,0.25267497,0.0,0.25267497,0.06316874
51926,0.15847348,0.0016857749,0.31526116,0.285539,0.0,0.285539,0.07138475
51929,0.036668282,0.000608968,0.0727276,0.07949131,0.7030875,0.658419,0.16460475
51932,0.0046160007,0.00055879616,0.008673205,0.0069447067,0.31454632,0.2726405,0.068160124
51934,0.18399186,0.0017215215,0.3662622,0.40383306,0.0,0.40383306,0.100958265
51937,0.04190472,0.00049975485,0.083309695,0.07963371,0.06343777,0.07885485,0.019713713
51939,0.08150529,0.0015906239,0.16141997,0.14384402,0.0,0.14384402,0.035961006
51942,0.41525483,0.0016594223,0.82885027,0.77097887,0.0,0.77097887,0.19274472
51945,0.1166161,0.002089178,0.23114301,0.19546811,0.0,0.19546811,0.04886703
51947,0.043378945,0.0006162051,0.08614168,0.08595971,0.8379695,1.0390857,0.25977144
51950,0.006545042,0.0005916253,0.012498458,0.0101676835,0.40103304,0.37551883,0.09387971
51952,0.036294084,0.0005813111,0.07200686,0.07060768,0.7226674,0.8105028,0.2026257
51955,0.32222798,0.002116416,0.6423395,0.5798996,0.0,0.5798996,0.1449749
51958,0.010349057,0.00067774905,0.020020364,0.017054042,0.2618804,0.17287593,0.04321898
51960,0.016602395,0.00069773244,0.03250706,0.035385832,0.5129447,0.45438662,0.113596655
51963,0.024338378,0.0007898863,0.047886867,0.04125357,0.011156641,0.06117778,0.015294445
51966,0.08729187,0.00243733,0.1721464,0.13789803,0.0,0.13789803,0.034474507
51968,0.042762663,0.000647675,0.08487765,0.07987844,0.0678575,0.106571674,0.026642919
51971,0.27171892,0.0020980048,0.5413398,0.48377535,0.0,0.48377535,0.12094384
51973,0.036186375,0.0023902885,0.06998246,0.056058336,0.0,0.056058336,0.014014584
51976,0.049201474,0.0010344327,0.097368516,0.10547391,0.08713696,0.27031115,0.06757779
51979,0.015795486,0.0029759693,0.028615005,0.028959943,0.0,0.028959943,0.0072399857
51981,0.060563054,0.0028479716,0.11827814,0.10639289,0.0,0.10639289,0.026598223
51984,0.099094905,0.0027757406,0.19541407,0.22958392,0.0,0.22958392,0.05739598
51986,0.032774556,0.0009429737,0.06460614,0.071978174,0.64858,0.5791817,0.14479542
51989,0.2647663,0.0024851828,0.5270474,0.5877697,0.0,0.5877697,0.14694242
51992,0.08637493,0.0027005381,0.17004931,0.20750749,0.0,0.20750749,0.051876873
51994,0.0069550066,0.0010885603,0.012821452,0.016017249,0.21836503,0.15305084,0.03826271
51997,0.033778258,0.0028621613,0.06469435,0.04888175,0.0,0.04888175,0.012220438
51999,0.11984653,0.0029027828,0.23679028,0.20316847,0.0,0.20316847,0.050792117
52002,0.029854199,0.0011728712,0.058535527,0.0513085,0.5543421,0.4333382,0.10833455
52005,0.62642616,0.003028156,1.2498242,1.3581151,0.0,1.3581151,0.33952877
52007,0.034101628,0.0013185876,0.06688467,0.06603395,1.0372995,1.0532776,0.2633194
52010,0.049210098,0.0032063813,0.09521381,0.081155665,0.0,0.081155665,0.020288916
52013,0.030706026,0.0014309287,0.059981123,0.067871004,0.014039031,0.0950526,0.02376315
52015,0.048755262,0.0034488898,0.094061635,0.07046745,0.0,0.07046745,0.017616862
52018,0.0042271055,0.001221526,0.007232685,0.010519713,0.43900895,0.4062551,0.101563774
52020,0.36325428,0.002890611,0.723618,0.6535005,0.0,0.6535005,0.16337512
52023,0.031494603,0.001299855,0.06168935,0.063856475,0.8533354,0.84542626,0.21135657
52026,0.0053353985,0.00133345,0.009337348,0.008207641,0.24803583,0.19688644,0.04922161
52028,0.020180631,0.0012523794,0.039108884,0.040627386,0.028574474,0.048812646,0.012203162
52031,0.024139328,0.002716745,0.04556191,0.057909876,0.0,0.057909876,0.014477469
52033,0.022945933,0.0024262331,0.043465633,0.048985656,0.0,0.048985656,0.012246414
52036,0.046701748,0.0008452886,0.092558205,0.097777575,1.1241337,1.3891426,0.34728566
52039,0.04811415,0.0008003463,0.09542796,0.09123501,1.3721155,1.6823918,0.42059794
52041,0.035683174,0.002288445,0.0690779,0.079701915,0.0,0.079701915,0.019925479
52044,0.6203344,0.0023560028,1.2383128,1.1423855,0.0,1.1423855,0.28559637
52047,0.09529421,0.002374941,0.18821347,0.21896142,0.0,0.21896142,0.054740354
52049,0.18426974,0.0024023538,0.36613715,0.41060925,0.0,0.41060925,0.10265231
52052,0.007927714,0.0008926553,0.014962773,0.01146203,0.25337765,0.20775472,0.05193868
52054,0.018950563,0.0009596933,0.03694143,0.036791973,0.024053512,0.055616617,0.013904154
52057,0.028032115,0.001054945,0.055009287,0.056987923,0.06663668,0.10793207,0.026983017
52060,0.020493349,0.001074268,0.039912432,0.04524237,0.5157083,0.43572727,0.10893182
52062,0.16520472,0.0032835102,0.32712594,0.38635552,0.0,0.38635552,0.09658888
52065,0.01920897,0.0012463582,0.037171584,0.033642363,0.01861158,0.048134,0.0120335
52067,0.1662301,0.0032238557,0.32923636,0.3886607,0.0,0.3886607,0.097165175
52070,0.053169537,0.0034730483,0.10286603,0.08585831,0.0,0.08585831,0.021464577
52073,0.06641749,0.0035865784,0.1292484,0.16736734,0.0,0.16736734,0.041841835
52075,0.015800998,0.0015452857,0.03005671,0.03557309,0.021185922,0.08231534,0.020578835
52078,0.0474422,0.0015993373,0.09328506,0.09107953,1.1673225,1.2798222,0.31995556
52080,0.03610166,0.0017520537,0.07045127,0.060993206,0.90137166,0.7784302,0.19460756
52083,0.002927132,0.0019650438,0.0038892205,0.004278434,0.41053596,0.44853637,0.11213409
52086,0.003744364,0.0021626872,0.0053260406,0.0042030346,0.32333657,0.3078359,0.07695898
52088,0.15567389,0.004848771,0.306499,0.37504092,0.0,0.37504092,0.09376023
52091,0.021553941,0.0020149436,0.04109294,0.030960092,0.028681554,0.07412936,0.01853234
52094,0.026407337,0.0019704755,0.050844196,0.057359084,0.038736235,0.13180499,0.032951247
52096,0.05306166,0.0043330486,0.10179027,0.12608568,0.0,0.12608568,0.03152142
52099,0.004088366,0.0019578391,0.006218893,0.007357139,0.30678472,0.28404388,0.07101097
52101,0.08754954,0.0020784477,0.17302062,0.16119313,1.4753304,1.849379,0.46234474
52104,0.032970037,0.0022232889,0.06371679,0.0658609,0.60575086,0.56854796,0.14213699
52107,0.044734787,0.0026125943,0.08685698,0.08360514,1.1178046,1.1588227,0.28970566
52109,0.040942606,0.0026983207,0.07918689,0.07628348,0.1227721,0.22919364,0.05729841
52112,0.047210347,0.0028364097,0.09158429,0.097685516,0.10487955,0.1668362,0.04170905
52114,0.048481524,0.0026953209,0.094267726,0.10521076,1.164522,1.4996152,0.3749038
52117,0.052743677,0.005100999,0.10038636,0.12883563,0.0,0.12883563,0.03220891
52120,0.04187046,0.002810083,0.08093084,0.09023678,0.041549098,0.18048827,0.04512207
52122,0.27950177,0.0049152123,0.55408835,0.47548187,0.0,0.47548187,0.11887047
52125,0.011267815,0.0026088015,0.01992683,0.030080745,0.41772303,0.35392055,0.08848014
52127,0.24119312,0.004311728,0.47807452,0.41437578,0.0,0.41437578,0.103593946
52130,0.73709613,0.005015072,1.4691772,1.3349222,0.0,1.3349222,0.33373055
52133,0.024702258,0.0029435765,0.04646094,0.05472966,0.044469565,0.058053177,0.014513294
52135,0.050126076,0.002548294,0.09770385,0.11473448,1.0716878,1.5739149,0.39347872
52138,0.08534948,0.004393093,0.16630585,0.13496552,0.0,0.13496552,0.03374138
52141,0.17702575,0.0042078192,0.3498437,0.29601756,0.0,0.29601756,0.07400439
52143,0.105573274,0.0041761287,0.20697044,0.24749613,0.0,0.24749613,0.061874032
52146,0.030675681,0.0022497464,0.059101615,0.05614521,0.8076392,0.83497024,0.20874256
52148,0.007405057,0.0021484566,0.012661657,0.006556069,0.2615243,0.24229841,0.060574602
52151,0.08315214,0.0034876186,0.16281666,0.19032604,0.0,0.19032604,0.04758151
52154,0.4230895,0.0039767027,0.84220237,0.7408294,0.0,0.7408294,0.18520735
52156,0.00803104,0.0020115224,0.014050558,0.014511526,0.16174406,0.1080788,0.0270197
52159,0.008578776,0.0019218236,0.015235729,0.010440352,0.37844512,0.36974403,0.09243601
52161,0.0052951346,0.001914593,0.008675676,0.0070968494,0.5073512,0.55263865,0.13815966
52164,0.06840645,0.0031286615,0.13368423,0.14513548,0.0,0.14513548,0.03628387
52167,0.16789882,0.003195646,0.33260196,0.30179277,0.0,0.30179277,0.07544819
52169,0.029784543,0.0019791622,0.057589922,0.05084612,0.025916636,0.09407752,0.02351938
52172,0.040858343,0.0032168713,0.07849982,0.08935642,0.0,0.08935642,0.022339106
52174,0.009200838,0.0017509063,0.016650772,0.0123963775,0.32049364,0.29812348,0.07453087
52177,0.078073345,0.0031706013,0.1529761,0.16931064,0.0,0.16931064,0.04232766
52180,0.34280816,0.003058467,0.6825579,0.61895245,0.0,0.61895245,0.15473811
52182,0.024651803,0.0022280167,0.04707559,0.037900854,0.0,0.037900854,0.0094752135
52185,0.021389814,0.0013910076,0.041388623,0.038636807,0.6059304,0.611739,0.15293474
52188,0.27748016,0.0018732697,0.55308706,0.6030466,0.0,0.6030466,0.15076165
52190,0.05032974,0.0014343938,0.09922508,0.10553974,1.2119268,1.4843005,0.37107512
52193,0.0234678,0.0013635382,0.04557206,0.043504883,0.051143307,0.10744832,0.02686208
52195,0.03910708,0.0014047361,0.07680942,0.067203045,0.052138675,0.050388236,0.012597059
52198,0.25981688,0.0024713662,0.5171624,0.48488513,0.0,0.48488513,0.12122128
52201,0.066887036,0.0015545221,0.13221955,0.11990545,1.3196911,1.7897409,0.44743523
52203,0.02309324,0.0028463907,0.04334009,0.030716874,0.0,0.030716874,0.0076792184
52206,0.0064102225,0.0014777612,0.011342685,0.00914079,0.36106992,0.31528652,0.07882163
52208,0.0030397426,0.0015739566,0.004505528,0.005053749,0.40068483,0.38856885,0.09714221
52211,0.05297902,0.0014406327,0.1045174,0.09950029,1.3497251,1.7458216,0.4364554
52214,0.038121354,0.001458068,0.074784644,0.07094404,0.81240225,0.88498545,0.22124636
52216,0.68254375,0.0014277644,1.3636597,1.3191133,0.0,1.3191133,0.3297783
52219,0.0032111688,0.0014216161,0.0050007217,0.0053426637,0.55016905,0.5933661,0.14834152
52221,0.04013133,0.00162206,0.0786406,0.06582148,0.0,0.06582148,0.01645537
52224,0.117267996,0.0022892917,0.2322467,0.23700346,0.0,0.23700346,0.059250865
52227,0.5848771,0.002121384,1.1676327,1.1019872,0.0,1.1019872,0.2754968
52229,0.036449846,0.0015199023,0.07137979,0.07322132,0.09179195,0.17489874,0.043724686
52232,0.01679646,0.0015143598,0.03207856,0.037770674,0.024748325,0.030091664,0.007522916
52235,0.028688684,0.00204793,0.05532944,0.056730915,0.0,0.056730915,0.014182729
52237,0.013187185,0.0018414635,0.024532907,0.020641493,0.24649908,0.17185895,0.042964738
52240,0.40123644,0.0015569254,0.80091596,0.80156845,0.0,0.80156845,0.20039211
52242,0.03132039,0.0013319148,0.061308865,0.066457294,1.0419198,1.1834217,0.29585543
52245,0.3387777,0.0012735263,0.67628187,0.70083994,0.0,0.70083994,0.17520998
52248,0.08545647,0.0010933286,0.16981961,0.1765111,1.3027735,1.8785467,0.46963668
52250,0.04421707,0.001176709,0.08725744,0.09595099,0.08077153,0.21075563,0.052688908
52253,0.4051722,0.0013653521,0.80897903,0.826701,0.0,0.826701,0.20667525
52255,0.0051596905,0.0010767974,0.009242583,0.0054467567,0.2917398,0.29067293,0.07266823
52258,0.30392754,0.0010889508,0.60676616,0.6011605,0.0,0.6011605,0.15029013
52261,0.018060377,0.00089048693,0.035230268,0.03671251,0.0,0.03671251,0.009178127
52263,0.1560631,0.00071435346,0.31141183,0.31368068,0.0,0.31368068,0.07842017
52266,0.15305544,0.0007409233,0.30536997,0.3040501,0.0,0.3040501,0.07601252
52268,0.0032379187,0.00062234467,0.0058534928,0.005268567,0.47936448,0.51502824,0.12875706
52271,0.03199519,0.00040464723,0.06358573,0.063677125,0.06491204,0.10645548,0.02661387
52274,0.08757933,0.00085991906,0.17429875,0.18615006,0.0,0.18615006,0.046537515
52276,0.037319627,0.0010791688,0.07356009,0.081818566,0.0,0.081818566,0.020454641
52279,0.0034534333,0.00051759504,0.0063892715,0.007935673,0.20127165,0.17901027,0.044752568
52282,0.058282852,0.00082014565,0.11574555,0.105933726,0.0,0.105933726,0.026483431
52284,0.03626031,0.0005085152,0.072012104,0.0754543,1.0531483,1.3290225,0.33225563
52287,0.06771425,0.00073484797,0.13469367,0.12447959,0.0,0.12447959,0.031119898
52289,0.0075798626,0.00046271886,0.014697007,0.015330042,0.2031432,0.14977834,0.037444584
52292,0.005152852,0.0005101248,0.009795579,0.007680295,0.37845024,0.33167183,0.08291796
52295,0.05147777,0.0012402794,0.10171526,0.09483642,0.0,0.09483642,0.023709105
52297,0.18593974,0.0010809163,0.3707986,0.40300593,0.0,0.40300593,0.10075148
52300,0.00456263,0.0005623251,0.008562935,0.01040025,0.51034373,0.5927592,0.1481898
52302,0.23887187,0.0019842351,0.4757595,0.43377122,0.0,0.43377122,0.108442806
52305,0.05419722,0.0010713424,0.10732309,0.1193553,1.0366138,1.5319923,0.38299808
52308,0.026750004,0.00085699273,0.052643016,0.051734686,0.72555524,0.6738877,0.16847193
52310,0.005106509,0.00085837225,0.009354646,0.0068494505,0.34184393,0.31928143,0.07982036
52313,0.22743009,0.0019981712,0.452862,0.50748616,0.0,0.50748616,0.12687154
52315,0.029823983,0.00085466355,0.058793306,0.055534173,0.93917114,0.99180573,0.24795143
52318,0.5913592,0.0018976154,1.1808208,1.257846,0.0,1.257846,0.3144615
52321,0.12131121,0.00232154,0.24030088,0.20936735,0.0,0.20936735,0.052341837
52323,0.028270818,0.0028128966,0.05372874,0.04023853,0.0,0.04023853,0.010059632
52326,0.07281646,0.0024971382,0.14313579,0.12044666,0.0,0.12044666,0.030111665
52329,0.033009883,0.0011878703,0.0648319,0.070411704,0.8271101,0.82677984,0.20669496
52331,0.039162003,0.0013445854,0.07697942,0.0858599,1.1109978,1.4388361,0.35970902
52334,0.03322295,0.0014996502,0.06494626,0.069971025,0.92758065,0.9836304,0.2459076
52336,0.06246427,0.00353768,0.12139086,0.09518645,0.0,0.09518645,0.023796612
52339,0.0053008306,0.0016325439,0.008969117,0.007352391,0.47001466,0.45230928,0.11307732
52342,0.40406713,0.0031815374,0.8049527,0.8978205,0.0,0.8978205,0.22445512
52344,0.28085136,0.0030234633,0.5586793,0.6353232,0.0,0.6353232,0.1588308
52347,0.01830099,0.0013203447,0.035281632,0.031493723,0.006277582,0.041317835,0.010329459
52349,0.014958763,0.0012268989,0.028690627,0.02487655,0.029515272,0.061683465,0.015420866
52352,0.027329167,0.0012355488,0.053422783,0.05829833,0.04912907,0.06402084,0.01600521
52355,0.06679815,0.0012561916,0.13234012,0.1437039,1.2521843,1.700769,0.42519224
52357,0.02291795,0.0009461385,0.044889763,0.044546932,0.046966534,0.093965314,0.023491329
52360,0.041966468,0.0021972833,0.08173565,0.09133915,0.0,0.09133915,0.022834787
52362,0.29033113,0.002789973,0.5778723,0.6439078,0.0,0.6439078,0.16097695
52365,0.19409971,0.0028225665,0.38537684,0.44140807,0.0,0.44140807,0.11035202
52368,0.034696806,0.0009130224,0.06848059,0.07463923,0.03399156,0.15171377,0.037928443
52370,0.021590367,0.0010589162,0.042121816,0.037782777,0.014240324,0.05733183,0.014332958
52373,0.026046706,0.0012553713,0.05083804,0.05437245,0.039074562,0.0658187,0.016454674
52376,0.1252874,0.0023465718,0.24822824,0.28383282,0.0,0.28383282,0.070958205
52378,0.18234451,0.0022137768,0.36247525,0.41100883,0.0,0.41100883,0.10275221
52381,0.6371052,0.002578293,1.2716322,1.1724247,0.0,1.1724247,0.29310617
52383,0.023680454,0.0008757804,0.046485126,0.04578325,0.02477256,0.06282054,0.015705135
52386,0.02377508,0.0009616396,0.04658852,0.042327404,0.4603947,0.42094287,0.10523572
52389,0.09503249,0.0022880624,0.18777692,0.20858221,0.0,0.20858221,0.052145552
52391,0.01781539,0.0019816773,0.0336491,0.024504954,0.0,0.024504954,0.0061262385
52394,0.014087067,0.0011522806,0.027021855,0.02836477,0.016547555,0.041590914,0.0103977285
52396,0.013710786,0.0021404102,0.025281161,0.029522205,0.0,0.029522205,0.007380551
52399,0.0033908181,0.0016277172,0.005153919,0.0059093297,0.1881401,0.15573442,0.038933605
52402,0.046004254,0.0015831807,0.090425335,0.09781354,1.1970247,1.4450973,0.36127433
52404,0.94359714,0.002925216,1.8842691,1.7567393,0.0,1.7567393,0.4391848
52407,0.011476004,0.0016262139,0.021325795,0.013596107,0.30416265,0.31891558,0.079728894
52409,0.34414116,0.002823619,0.6854587,0.6325834,0.0,0.6325834,0.15814584
52412,0.11658647,0.0032356568,0.22993727,0.19493683,0.0,0.19493683,0.048734207
52415,0.017161202,0.0014705748,0.032851826,0.035165273,0.03714313,0.081670776,0.020417694
52417,0.029037947,0.002582277,0.05549362,0.06854225,0.0,0.06854225,0.017135562
52420,0.16023447,0.0022970343,0.3181719,0.29238468,0.0,0.29238468,0.07309617
52423,0.020282287,0.0014242601,0.039140314,0.038423013,0.7253464,0.7046819,0.17617047
52425,0.19331764,0.0024718572,0.3841634,0.43248582,0.0,0.43248582,0.108121455
52428,0.040393706,0.0011316207,0.07965579,0.075763226,0.65301067,0.7263997,0.18159993
52430,0.028451724,0.0010921183,0.05581133,0.050536092,0.038022984,0.060805243,0.015201311
52433,0.016340734,0.0010755528,0.031605918,0.029961377,0.016672486,0.03358617,0.008396543
52436,0.047498345,0.0009361931,0.0940605,0.10051054,0.99677706,1.4076525,0.35191312
52438,0.065886095,0.001843044,0.12992914,0.14822024,0.0,0.14822024,0.03705506
52441,0.02649288,0.0007384264,0.052247334,0.055325802,0.5824118,0.49882555,0.12470639
52443,0.02141594,0.0006580611,0.042173818,0.03826597,0.030690314,0.026919054,0.0067297635
52446,0.03138016,0.0006138952,0.06214643,0.06603774,0.04453977,0.13009278,0.032523196
52449,0.5000119,0.000979973,0.9990439,1.041066,0.0,1.041066,0.2602665
52451,0.26723352,0.00122128,0.53324574,0.56739825,0.0,0.56739825,0.14184956
52454,0.24579044,0.0011975927,0.4903833,0.45752668,0.0,0.45752668,0.11438167
52456,0.021697499,0.0007690085,0.04262599,0.041242167,0.6759096,0.6915493,0.17288733
52459,0.6618819,0.0018129485,1.3219509,1.2458853,0.0,1.2458853,0.3114713
52462,0.024931604,0.0006628653,0.049200345,0.04665032,0.90321845,0.9860359,0.24650897
52464,0.5676156,0.001318144,1.1339132,1.0722013,0.0,1.0722013,0.2680503
52467,0.021151217,0.0015055519,0.04079688,0.04908411,0.0,0.04908411,0.012271027
52470,0.4653782,0.001420623,0.9293358,0.87986726,0.0,0.87986726,0.21996681
52472,0.14425752,0.0013529217,0.2871621,0.2618663,0.0,0.2618663,0.065466575
52475,0.06480118,0.0016563796,0.12794597,0.10963124,0.0,0.10963124,0.02740781
52477,0.023839673,0.0017443486,0.045934994,0.039118696,0.0,0.039118696,0.009779674
52480,0.020236151,0.0010109041,0.0394614,0.040905092,0.7166546,0.6393588,0.1598397
52483,0.032200187,0.002634694,0.061765682,0.05205734,0.0,0.05205734,0.013014335
52485,0.25593346,0.0030926354,0.5087743,0.45002142,0.0,0.45002142,0.112505354
52488,0.004906848,0.0014845779,0.008329119,0.007645597,0.1709645,0.12974648,0.03243662
52490,0.043872263,0.0030103615,0.084734164,0.0636873,0.0,0.0636873,0.015921826
52493,0.007147444,0.0012144275,0.01308046,0.015281233,0.20743346,0.14403696,0.03600924
52496,0.02300628,0.0019344554,0.044078108,0.036871914,0.0,0.036871914,0.009217978
52498,0.067382894,0.001312151,0.13345364,0.1485278,0.0,0.1485278,0.03713195
52501,0.0026834656,0.0006964511,0.0046704807,0.0052264393,0.382592,0.35920846,0.089802116
52504,0.055399764,0.002372416,0.108427115,0.08877233,0.0,0.08877233,0.022193082
