base_start,pair_mse,none_mse,event_mse,separation_mse,predicted_separation_energy,true_separation_energy,ambiguity_floor
42061,0.017356267,0.0018795757,0.03283296,0.033277765,1.2200221,1.1883227,0.29708067
42063,0.0020463055,0.0016807521,0.0024118584,0.0034965817,0.43890595,0.48071012,0.12017753
42066,0.0023811494,0.0017168177,0.0030454814,0.0032611063,0.35040268,0.35352373,0.08838093
42068,0.019079437,0.0017876782,0.036371198,0.03726146,0.0431094,0.0854068,0.0213517
42071,0.01747793,0.0016821999,0.03327366,0.030065432,0.43171144,0.3897539,0.09743848
42074,0.02331799,0.0019975973,0.044638384,0.047116634,1.1600693,1.1683743,0.29209358
42076,0.003467317,0.0022676475,0.0046669864,0.0044987835,0.43324313,0.45423254,0.113558136
42079,0.020217692,0.0021860816,0.038249303,0.03569893,0.044585347,0.06588754,0.016471885
42081,0.0027947433,0.0021231603,0.0034663265,0.004250945,0.13318099,0.14976744,0.03744186
42084,0.020172397,0.002213665,0.03813113,0.03713833,1.2199084,1.2641,0.316025
42087,0.0058909752,0.0020036,0.009778351,0.011351727,0.28310052,0.270824,0.067706
42089,0.032498907,0.0018950606,0.06310275,0.06382314,0.09186246,0.19809334,0.049523335
42092,0.016048567,0.0018770145,0.030220121,0.02547417,0.6324347,0.55999136,0.13999784
42094,0.019963661,0.0019404182,0.037986904,0.03693493,1.3521208,1.3679619,0.34199047
42097,0.02558624,0.002011811,0.04916067,0.05101655,0.06809994,0.13975433,0.03493858
42100,0.0033253704,0.0021833042,0.004467437,0.0040985993,0.28413603,0.27819547,0.06954887
42102,0.015286862,0.0023660352,0.028207688,0.02912422,0.68696827,0.68420106,0.17105027
42105,0.010470532,0.0024008667,0.018540196,0.0164697,0.6365132,0.67010707,0.16752677
42108,0.0066706515,0.00221939,0.011121913,0.005533775,0.18635897,0.20355952,0.05088988
42110,0.003167765,0.0020995766,0.004235953,0.0093078585,0.5564348,0.4961765,0.12404413
42113,0.0027401939,0.0021480187,0.003332369,0.007340049,0.47807732,0.42313445,0.10578361
42115,0.016910894,0.0021451404,0.031676646,0.030498842,0.03249533,0.07541796,0.01885449
42118,0.012052118,0.0020756358,0.0220286,0.018504463,0.6343354,0.67473596,0.16868399
42121,0.013115418,0.0019768598,0.024253977,0.020511119,0.42009664,0.34660006,0.086650014
42123,0.02339827,0.0020031168,0.044793423,0.041473076,0.90138245,0.8276593,0.20691483
42126,0.00904169,0.0017587445,0.016324637,0.013846335,0.012309435,0.03763343,0.009408358
42128,0.0025055928,0.0016492599,0.0033619255,0.00485572,0.48710456,0.43490314,0.108725786
42131,0.009380724,0.0015473856,0.017214064,0.017546805,0.42440978,0.37561592,0.09390398
42134,0.0038094483,0.0014612522,0.006157644,0.0069120103,0.37277886,0.34497687,0.08624422
42136,0.023333237,0.001368871,0.045297604,0.042352766,1.0681152,1.126213,0.28155324
42139,0.0036845536,0.0010521603,0.006316947,0.0074799038,0.24238329,0.22950774,0.057376936
42141,0.013096147,0.0008955668,0.025296727,0.024045596,0.47934917,0.40385243,0.10096311
42144,0.0017324717,0.00079687266,0.0026680708,0.00181743,0.30073872,0.2979898,0.07449745
42147,0.008654939,0.0009368215,0.016373057,0.020553088,0.42564178,0.33481956,0.08370489
42149,0.013730199,0.00093575375,0.026524646,0.023625655,0.06972938,0.07103256,0.01775814
42152,0.0068370625,0.0011612274,0.012512897,0.017163148,0.39148173,0.3425916,0.0856479
42155,0.026531896,0.0011853464,0.05187844,0.049023155,0.05599941,0.11748523,0.029371308
42157,0.019034069,0.0011904397,0.0368777,0.038308363,1.0086497,0.872658,0.2181645
42160,0.0105786035,0.0011754716,0.019981736,0.021660134,0.012303711,0.047234077,0.011808519
42162,0.019174436,0.0011155832,0.03723329,0.03808808,0.9970007,0.91689533,0.22922383
42165,0.025882438,0.000999858,0.05076502,0.046892446,0.069256835,0.05815977,0.014539942
42168,0.016605014,0.0009526962,0.032257333,0.033419102,0.071337946,0.09122616,0.02280654
42170,0.002174809,0.00089657895,0.0034530393,0.0031937128,0.17489754,0.2000432,0.0500108
42173,0.0032169328,0.0010950825,0.005338783,0.006246775,0.5354905,0.4857764,0.1214441
42175,0.008178071,0.0013371389,0.015019003,0.011728215,0.5219436,0.510958,0.1277395
42178,0.014042076,0.0015779799,0.02650617,0.024034098,0.049350593,0.0864774,0.02161935
42181,0.02732367,0.0017872029,0.05286014,0.050875235,1.3043214,1.3533989,0.33834973
42183,0.02090008,0.0019353833,0.039864775,0.04003903,0.07847237,0.043443646,0.010860912
42186,0.017884472,0.0019240458,0.0338449,0.031037675,0.9017411,0.8096137,0.20240343
42188,0.010097829,0.0021636786,0.018031979,0.017677577,0.03696156,0.027368004,0.006842001
42191,0.005154121,0.0026482271,0.007660015,0.007104983,0.49263278,0.4637936,0.1159484
42194,0.0030840132,0.0024014923,0.0037665342,0.003907507,0.3734528,0.3793515,0.094837874
42196,0.022276977,0.0023676064,0.04218635,0.037182067,1.1207246,1.0540525,0.26351312
42199,0.014202207,0.002556687,0.025847727,0.023711815,0.7138279,0.690152,0.172538
42202,0.016814709,0.0025879857,0.03104143,0.03344256,0.967602,0.9512331,0.23780827
42204,0.0030121568,0.002434004,0.003590309,0.0012220793,0.2638573,0.2635609,0.06589022
42207,0.002557176,0.0026259825,0.0024883691,0.00347112,0.2528223,0.27953616,0.06988404
42209,0.013790087,0.0028361753,0.024743998,0.023322964,1.031983,1.055854,0.2639635
42212,0.01786609,0.0027672437,0.032964937,0.026019013,0.74745995,0.6464371,0.16160928
42215,0.006757016,0.0028511847,0.010662847,0.008672853,0.062382203,0.068377,0.01709425
42217,0.023988955,0.0030212812,0.04495663,0.039849672,0.06327065,0.11339215,0.028348038
42220,0.0032281664,0.0029439216,0.0035124111,0.0013756362,0.30017436,0.30164114,0.075410284
42222,0.0024777253,0.0027980711,0.0021573792,0.0029878076,0.24574523,0.22823985,0.057059962
42225,0.0025665918,0.0025080473,0.0026251364,0.0045141755,0.44284546,0.42173657,0.10543414
42228,0.012377855,0.002554132,0.02220158,0.022601271,0.039458115,0.070893094,0.017723273
42230,0.0056667826,0.0026583225,0.008675243,0.009116306,0.37615228,0.36186624,0.09046656
42233,0.015681248,0.0026665109,0.028695986,0.027217202,1.0138226,0.98298615,0.24574654
42235,0.0024219546,0.0029755963,0.0018683127,0.0029588763,0.22018881,0.23610578,0.059026446
42238,0.015459914,0.003742657,0.02717717,0.025619209,0.7140131,0.6503604,0.1625901
42241,0.0069261454,0.0038898147,0.009962476,0.0032472145,0.32835373,0.32011914,0.080029786
42243,0.0141326375,0.0038791925,0.024386084,0.02504626,0.062151898,0.0978429,0.024460725
42246,0.015333541,0.0037888319,0.02687825,0.03273198,0.051256698,0.044268887,0.011067222
42249,0.02069075,0.0037852873,0.037596215,0.041616596,1.0682064,1.0101124,0.2525281
42251,0.0034271043,0.003643763,0.0032104459,0.0032046128,0.45428458,0.48294997,0.12073749
42254,0.024860123,0.0034161767,0.046304073,0.0460947,1.7296562,1.666942,0.4167355
42256,0.012129399,0.0032107942,0.021048004,0.013377439,0.46254385,0.48843682,0.122109205
42259,0.017963015,0.0029435668,0.032982465,0.026841106,0.05016337,0.0788524,0.0197131
42262,0.014359561,0.0026788653,0.026040256,0.028172309,1.2470776,1.2251726,0.30629316
42264,0.017645517,0.0024987513,0.032792285,0.036772203,1.4794432,1.5365387,0.38413468
42267,0.029403074,0.0022093754,0.05659677,0.056653913,0.072308265,0.15227354,0.038068384
42269,0.0024109213,0.002025112,0.0027967307,0.0051747356,0.55882764,0.5129686,0.12824215
42272,0.01159393,0.0017423667,0.021445496,0.018706052,0.57734895,0.51624894,0.12906224
42275,0.025572198,0.0013515906,0.049792808,0.05155927,1.0753261,0.9776816,0.2444204
42277,0.021317236,0.0011166384,0.041517835,0.04186562,0.10919523,0.105897695,0.026474424
42280,0.021549566,0.0008525888,0.04224654,0.043557648,1.6071597,1.666808,0.416702
42282,0.014569007,0.00077740225,0.028360613,0.027408266,0.8437786,0.75584024,0.18896006
42285,0.009609771,0.000759282,0.01846026,0.018648712,0.5414827,0.5128953,0.12822382
42288,0.010409008,0.000791595,0.02002642,0.021790335,0.014564416,0.03824609,0.009561523
42290,0.01845689,0.00085467106,0.036059108,0.036463425,0.032658536,0.048244074,0.0120610185
42293,0.018561173,0.00085147313,0.036270875,0.034944702,0.062020153,0.11719048,0.02929762
42296,0.0015069158,0.0008009337,0.0022128979,0.0026647532,0.15448171,0.15829842,0.039574604
42298,0.03195567,0.0006966875,0.06321465,0.061397534,1.5685269,1.6993092,0.4248273
42301,0.020524839,0.00065190066,0.04039778,0.043075603,0.06450255,0.105671905,0.026417976
42303,0.003651873,0.0006026476,0.0067010983,0.007342471,0.1451489,0.17386031,0.043465078
42306,0.019654902,0.0006353546,0.038674448,0.035852674,0.062128793,0.12345407,0.030863518
42309,0.019403366,0.0006524453,0.03815429,0.037779845,1.0826689,1.0465673,0.26164183
42311,0.027929591,0.000613016,0.05524617,0.053907674,1.3704606,1.4203037,0.35507593
42314,0.011603844,0.0007348117,0.022472879,0.022542179,0.97034913,0.934473,0.23361824
42316,0.0015386888,0.0007763065,0.002301071,0.002239823,0.22302751,0.21206528,0.05301632
42319,0.008049631,0.0007988456,0.015300415,0.015633775,0.04856388,0.06051056,0.01512764
42322,0.010642578,0.0007306624,0.020554494,0.01887391,0.52218825,0.54673225,0.13668306
42324,0.0035798133,0.0007507143,0.0064089126,0.0064511485,0.39882335,0.3410647,0.08526617
42327,0.0029321748,0.000811374,0.0050529754,0.0039765835,0.36740887,0.36689082,0.091722704
42329,0.003294576,0.00080764043,0.0057815113,0.0062380186,0.23879965,0.24924652,0.06231163
42332,0.016009653,0.0009195288,0.031099776,0.030609196,0.91679764,0.8885258,0.22213145
42335,0.0021395367,0.0010752325,0.003203841,0.0030055798,0.35374928,0.36099756,0.09024939
42337,0.010953811,0.0011022511,0.020805372,0.01901803,0.5429526,0.52189106,0.13047276
42340,0.0024756014,0.0011378429,0.0038133597,0.0031760323,0.24623187,0.26001644,0.06500411
42343,0.010705742,0.0012734918,0.02013799,0.021236068,0.02798607,0.057863027,0.014465757
42345,0.0033789622,0.001343465,0.0054144594,0.0034800407,0.27028462,0.26800182,0.067000456
42348,0.025567032,0.0012242934,0.04990977,0.051879015,0.1692655,0.19407398,0.048518494
42350,0.017955543,0.0011671808,0.034743905,0.035074245,0.049926877,0.115638115,0.028909529
42353,0.019588051,0.0011348743,0.03804123,0.03843023,0.9686486,0.9749942,0.24374855
42356,0.0017178407,0.0010927332,0.0023429482,0.0035094733,0.43786606,0.48216143,0.12054036
42358,0.029506646,0.0010975237,0.057915766,0.05585106,1.3636398,1.3600441,0.34001103
42361,0.009547212,0.0011936141,0.01790081,0.017231002,0.6422001,0.6633012,0.1658253
42363,0.008028381,0.0012135055,0.014843255,0.014188967,0.035084225,0.04865569,0.012163922
42366,0.013053869,0.0012649889,0.024842748,0.024427464,0.40770626,0.33948937,0.08487234
42369,0.0025377644,0.0013174079,0.0037581206,0.0038004338,0.26923606,0.25127324,0.06281831
42371,0.001662299,0.0014200917,0.0019045066,0.0025832783,0.34256315,0.3706305,0.092657626
42374,0.008751337,0.001567772,0.015934901,0.016443748,0.7366043,0.7259713,0.18149282
42376,0.029268444,0.0016402822,0.05689661,0.055858087,0.22986718,0.2853798,0.07134495
42379,0.02265279,0.0018993733,0.043406207,0.051268812,0.057677668,0.057938263,0.014484566
42382,0.0024010756,0.0021356167,0.0026665346,0.006364221,0.2677144,0.31514266,0.078785665
42384,0.0024496762,0.0021761956,0.0027231567,0.0046797497,0.16729625,0.13140862,0.032852154
42387,0.002878017,0.0021522648,0.0036037695,0.007085232,0.41768312,0.50148404,0.12537101
42390,0.0023409592,0.0021308635,0.0025510548,0.0023188696,0.28626463,0.28552985,0.07138246
42392,0.012238901,0.0020906115,0.022387192,0.016979476,0.008856113,0.034898497,0.008724624
42395,0.0022604226,0.002094223,0.0024266222,0.0033495103,0.24775507,0.21255691,0.05313923
42397,0.0152203785,0.0021231927,0.028317565,0.029056838,0.21247023,0.20511763,0.051279407
42400,0.0028622604,0.0020410037,0.0036835168,0.0024902753,0.2531236,0.23138984,0.05784746
42403,0.017282864,0.0021251529,0.032440573,0.030653723,0.04682718,0.062210035,0.015552509
42405,0.008773548,0.0021725541,0.01537454,0.014511651,0.11345631,0.13429923,0.03357481
42408,0.0029189456,0.002150792,0.0036870993,0.0030589316,0.3454192,0.3235614,0.08089035
42410,0.010028546,0.0021026765,0.017954415,0.015782954,0.026160521,0.036071178,0.009017794
42413,0.027612602,0.0019533215,0.05327188,0.05257849,0.14759694,0.22059876,0.05514969
42416,0.0030474209,0.001748193,0.0043466487,0.0032166343,0.34510604,0.33012086,0.082530215
42418,0.0019997123,0.0016751792,0.0023242452,0.0022100916,0.2611277,0.24203104,0.06050776
42421,0.002152529,0.0014296332,0.002875425,0.0036360703,0.3891727,0.36315095,0.09078774
42423,0.020033373,0.0012292373,0.03883751,0.035441093,0.07064908,0.08692912,0.02173228
42426,0.020040266,0.0011105222,0.038970012,0.03755305,0.04425915,0.089208245,0.022302061
42429,0.00960837,0.0009785093,0.018238232,0.018382074,0.5997847,0.58188385,0.14547096
42431,0.006236226,0.00095612183,0.01151633,0.008070829,0.371214,0.29196045,0.07299011
42434,0.0058678184,0.0009582433,0.010777394,0.01372011,0.106159806,0.12575512,0.03143878
42437,0.0013048308,0.00087631634,0.0017333453,0.0024620641,0.25988597,0.23206098,0.058015246
42439,0.039960563,0.0008713594,0.079049766,0.0781244,1.9085938,2.009631,0.5024077
42442,0.00218007,0.00094674685,0.0034133932,0.0023596394,0.3834966,0.36760965,0.09190241
42444,0.019396361,0.0009934535,0.03779927,0.039201826,0.048020184,0.08145904,0.02036476
42447,0.0028499048,0.001009233,0.0046905763,0.0038085368,0.4547781,0.45669198,0.114172995
42450,0.014317357,0.0009731629,0.027661553,0.026259894,0.04020412,0.08530865,0.021327162
42452,0.024542905,0.000984188,0.048101623,0.045496423,1.487985,1.4813436,0.3703359
42455,0.014336326,0.0011231267,0.027549526,0.024264881,0.69948745,0.67943984,0.16985996
42457,0.01741741,0.0011821273,0.033652693,0.031002948,1.5098562,1.4883604,0.3720901
42460,0.0026423906,0.0012230213,0.00406176,0.004234246,0.39895722,0.37539992,0.09384998
42463,0.0150182545,0.0012932065,0.028743302,0.025575163,0.04302947,0.08360847,0.020902118
42465,0.023050753,0.0014064658,0.04469504,0.04440583,1.2523881,1.2465796,0.3116449
42468,0.0022251504,0.0014243224,0.003025978,0.0048880302,0.28230876,0.31657764,0.07914441
42470,0.0022949486,0.0015711864,0.003018711,0.004299967,0.3363534,0.3919033,0.09797583
42473,0.00503614,0.0018267715,0.008245508,0.010383329,0.11282965,0.16189057,0.04047264
42476,0.0046370304,0.0021790762,0.0070949844,0.006901711,0.65974617,0.63944745,0.15986186
42478,0.0063405274,0.002277945,0.010403109,0.0063499864,0.5699412,0.5740127,0.14350317
42481,0.020375118,0.0027409438,0.03800929,0.03528359,1.3547205,1.3650246,0.34125614
42484,0.021450432,0.0027990646,0.0401018,0.0348433,1.0353395,1.0061172,0.2515293
42486,0.01895365,0.0028444792,0.03506282,0.039453447,0.050633904,0.086051494,0.021512873
42489,0.0039307927,0.0028926593,0.004968927,0.0027235756,0.19195752,0.1882786,0.04706965
42491,0.012341,0.003064059,0.021617942,0.01979616,0.037544616,0.067605816,0.016901454
42494,0.014975577,0.0030261276,0.026925026,0.021870872,0.7318141,0.7542444,0.1885611
42497,0.018391687,0.0028683667,0.03391501,0.02874888,0.06577679,0.11772869,0.029432172
42499,0.0029493414,0.0028072458,0.0030914375,0.001365543,0.19820051,0.18746372,0.04686593
42502,0.0032464396,0.0028282732,0.003664606,0.0021497721,0.17977174,0.18398155,0.04599539
42504,0.023053072,0.0028264865,0.04327966,0.044505615,0.99378985,1.0025624,0.2506406
42507,0.0024004905,0.0027846952,0.002016286,0.0031645217,0.2505554,0.2295015,0.057375375
42510,0.0203466,0.0029292721,0.037763927,0.039103735,0.055744514,0.08548955,0.021372387
42512,0.03419182,0.0030602461,0.06532339,0.070609994,1.3810569,1.4640149,0.36600372
42515,0.032025997,0.0030322706,0.06101972,0.06258311,1.3215922,1.3870049,0.3467512
42517,0.002949768,0.0029869461,0.0029125896,0.0022040883,0.22435582,0.23260595,0.058151487
42520,0.0034429065,0.0033806404,0.003505173,0.0043516424,0.34307492,0.3474977,0.086874425
42523,0.0027452745,0.0037483408,0.0017422083,0.005101578,0.162004,0.18311,0.0457775
42525,0.026817294,0.003918166,0.049716424,0.053914893,1.6107267,1.568148,0.392037
42528,0.025656668,0.00422187,0.047091465,0.0627405,0.07501327,0.05830114,0.014575285
42531,0.021895455,0.0045355395,0.039255373,0.033963125,0.6009318,0.6447315,0.16118288
42533,0.0267972,0.0046189097,0.048975494,0.035363726,0.9548642,0.80683154,0.20170788
42536,0.006789699,0.004643054,0.008936345,0.010329145,0.39041457,0.34809577,0.08702394
42538,0.015523869,0.0047142366,0.026333502,0.0247849,0.6746704,0.58430535,0.14607634
42541,0.015611018,0.004808434,0.026413603,0.02618131,0.060693312,0.09578038,0.023945095
42544,0.01665807,0.0045922906,0.02872385,0.025997423,0.8230214,0.8060257,0.20150642
42546,0.03293808,0.004423075,0.061453085,0.056606546,0.18159008,0.24891113,0.06222778
42549,0.02379501,0.0040095984,0.043580424,0.038561627,0.06766573,0.11768242,0.029420605
42551,0.013561029,0.003992996,0.02312906,0.02007042,0.035305582,0.051178608,0.012794652
42554,0.017076554,0.0033860367,0.030767074,0.022421882,0.5007159,0.52261496,0.13065374
42557,0.0060334555,0.0029679397,0.009098971,0.004923139,0.42976272,0.38081264,0.09520316
42559,0.005808583,0.0029725025,0.008644664,0.008898843,0.39293155,0.3716135,0.092903376
42562,0.018511733,0.0027754481,0.03424802,0.030076295,1.3250275,1.3479613,0.33699033
42565,0.017089197,0.0025292945,0.0316491,0.032980543,1.0295941,1.0485482,0.26213706
42567,0.023863733,0.0024878783,0.045239586,0.045536146,0.16148527,0.16210908,0.04052727
42570,0.0028524427,0.0021877172,0.0035171683,0.0037043958,0.30448097,0.29135793,0.07283948
42572,0.008271524,0.0019445015,0.014598546,0.014194475,0.51019293,0.49144128,0.12286032
42575,0.009323086,0.00134198,0.017304191,0.017478859,0.4441739,0.41318727,0.10329682
42578,0.0016450873,0.0011060893,0.0021840853,0.0034333563,0.28502214,0.2546442,0.06366105
42580,0.0044484674,0.0010998688,0.0077970657,0.007464284,0.21207245,0.20254298,0.050635744
42583,0.017949225,0.001109303,0.03478915,0.032150712,0.8739913,0.73961943,0.18490486
42585,0.0021660973,0.001103186,0.0032290083,0.0029808406,0.501046,0.48009607,0.12002402
42588,0.0015154077,0.0010347422,0.0019960732,0.0023508102,0.3548554,0.35544896,0.08886224
42591,0.0023670788,0.0011341004,0.0036000572,0.0055617406,0.4268917,0.48646665,0.12161666
42593,0.019762514,0.0010714548,0.038453575,0.037543036,0.0638235,0.1163662,0.02909155
42596,0.017512029,0.0010661924,0.033957865,0.035649095,1.1049789,1.0828394,0.27070984
42598,0.028630972,0.0010621538,0.05619979,0.0542805,1.2269573,1.1525046,0.28812614
42601,0.01867742,0.0010044147,0.036350425,0.033810414,1.0479693,1.0072788,0.2518197
42604,0.009980769,0.0011117068,0.01884983,0.01776659,0.0635385,0.07702304,0.01925576
42606,0.0017857499,0.0012467367,0.002324763,0.0017637601,0.25275552,0.25691915,0.06422979
42609,0.01658508,0.0016000812,0.03157008,0.027451014,0.8663309,0.8015227,0.20038067
42612,0.016786085,0.0019899395,0.031582233,0.027760752,1.21693,1.1977409,0.29943523
42614,0.020725766,0.002390244,0.03906129,0.037630785,0.1272194,0.1701686,0.04254215
42617,0.0039107385,0.00270958,0.0051118974,0.0035244152,0.27446166,0.27079472,0.06769868
42619,0.019280994,0.0029641197,0.035597872,0.030617416,1.4869231,1.4002504,0.3500626
42622,0.010749403,0.0033437845,0.018155022,0.01697667,0.013774787,0.021374518,0.0053436295
42625,0.030472362,0.0034581348,0.05748659,0.055883992,1.4325498,1.5065907,0.37664768
42627,0.017239295,0.0033400236,0.031138567,0.022844598,0.76185673,0.70423955,0.17605989
42630,0.022398807,0.00298933,0.04180828,0.037141446,0.044518817,0.10417628,0.02604407
42632,0.0056619407,0.0027434037,0.008580478,0.004999287,0.1765057,0.19834514,0.049586285
42635,0.019152502,0.0024596395,0.03584536,0.03509708,0.06294033,0.109279685,0.027319921
42638,0.0047323336,0.0023104197,0.0071542473,0.005708339,0.22939436,0.22245534,0.055613834
42640,0.0030475252,0.0023030809,0.00379197,0.0021692135,0.26792592,0.269109,0.06727725
42643,0.0035436756,0.0022203496,0.004867002,0.0038642206,0.32955518,0.33462414,0.083656035
42645,0.004304292,0.0022397821,0.0063688024,0.006586367,0.35489276,0.3586429,0.08966073
42648,0.005363804,0.0023493404,0.008378267,0.010108053,0.49550343,0.48401594,0.121003985
42651,0.026322858,0.0023514691,0.05029425,0.04813188,0.9767532,1.0241755,0.25604388
42653,0.0055439603,0.002207388,0.008880532,0.0041453703,0.17556275,0.17735422,0.044338554
42656,0.0050624465,0.002053567,0.008071327,0.006706072,0.4789987,0.509537,0.12738425
42659,0.0025618533,0.002224018,0.0028996884,0.0029618992,0.35435644,0.36581397,0.09145349
42661,0.0034381722,0.0023575018,0.004518843,0.005668501,0.42390695,0.41011366,0.102528416
42664,0.021832213,0.002719758,0.04094467,0.045075,0.07507079,0.1563663,0.039091576
42666,0.002960615,0.0028290786,0.0030921518,0.0033725763,0.1836601,0.15465651,0.03866413
42669,0.014774184,0.0029788567,0.02656951,0.022497868,0.7047729,0.6241009,0.15602523
42672,0.014111121,0.0036147882,0.024607455,0.02385962,0.08971325,0.1075841,0.026896024
42674,0.023354089,0.0036403984,0.04306778,0.027575357,0.8342805,0.6375112,0.1593778
42677,0.0045194305,0.0037084064,0.005330454,0.00454109,0.1489269,0.11473014,0.028682536
42679,0.0073513906,0.004024939,0.0106778415,0.0037563376,0.18089692,0.1657457,0.041436426
42682,0.023414122,0.0043248083,0.042503435,0.036110893,1.4082775,1.3251798,0.33129495
42685,0.020326873,0.004436525,0.036217224,0.0441611,1.5144129,1.689826,0.4224565
42687,0.018990787,0.0045267823,0.03345479,0.028261483,1.0208466,0.9055546,0.22638865
42690,0.0047204653,0.0043436405,0.00509729,0.0047106575,0.35756624,0.3217282,0.08043205
42692,0.0062942114,0.00403537,0.008553053,0.002955883,0.26883116,0.27231848,0.06807962
42695,0.004849857,0.0038131794,0.0058865347,0.005965291,0.44925937,0.5285732,0.1321433
42698,0.02108113,0.0034833297,0.03867893,0.03029965,0.788311,0.75814056,0.18953514
42700,0.014826779,0.0036780818,0.025975479,0.023921153,0.040486164,0.05204372,0.01301093
42703,0.013782668,0.0032362028,0.024329133,0.023941753,0.5843289,0.48237815,0.12059454
42706,0.02502422,0.0026042142,0.047444224,0.05134952,0.15598924,0.2325209,0.058130223
42708,0.025980158,0.002375678,0.04958464,0.048558276,1.3468652,1.3604947,0.34012368
42711,0.008614469,0.0019792838,0.015249655,0.01441408,0.36582282,0.33507815,0.08376954
42713,0.011434551,0.0022340883,0.020635014,0.021325186,0.07280738,0.0734104,0.0183526
42716,0.0047104186,0.0021782434,0.007242594,0.0066755326,0.36040005,0.29372427,0.07343107
42719,0.009025465,0.0029632654,0.015087664,0.01679326,0.04290672,0.03854154,0.009635385
42721,0.013717371,0.002753351,0.02468139,0.029638251,0.0097754225,0.061519634,0.0153799085
42724,0.01590906,0.0021022065,0.029715916,0.030262113,0.019991405,0.0694368,0.0173592
42726,0.020726556,0.0022568917,0.03919622,0.040760115,0.054418463,0.09110883,0.022777207
42729,0.024437128,0.0018054486,0.047068805,0.04450495,1.3058368,1.3857361,0.34643403
42732,0.028327579,0.0017819324,0.054873228,0.05022852,0.14198063,0.22290139,0.055725347
42734,0.0027242259,0.001833268,0.0036151838,0.004195819,0.27148607,0.27022433,0.06755608
42737,0.017480953,0.001530511,0.033431396,0.030414246,0.08317485,0.11641321,0.029103303
42739,0.016762005,0.00084541267,0.032678597,0.03130741,1.1341678,1.1017885,0.27544713
42742,0.0063814516,0.0013534641,0.011409439,0.008617479,0.48219827,0.46512732,0.11628183
42745,0.01528464,0.002006462,0.02856282,0.025373295,0.81903887,0.78561276,0.19640319
42747,0.014858994,0.0018192254,0.02789876,0.029987343,0.8749171,0.8313849,0.20784622
42750,0.0030936368,0.0015916805,0.0045955935,0.005397621,0.24517775,0.25072178,0.062680446
42753,0.0023575542,0.0014705453,0.003244563,0.003692094,0.21044566,0.19437857,0.048594642
42755,0.0052085933,0.0015498382,0.008867349,0.007063806,0.13187192,0.1727949,0.043198723
42758,0.02027431,0.0010836864,0.039464932,0.04003317,1.3573031,1.424355,0.35608876
42760,0.02834376,0.0008598993,0.055827618,0.05940109,0.08126596,0.16519342,0.041298356
42763,0.0027520854,0.0011102912,0.00439388,0.0031535018,0.31394228,0.31683958,0.079209894
42766,0.008477616,0.0011997955,0.015755437,0.014774688,0.106310196,0.1354015,0.033850376
42768,0.00954107,0.0013141525,0.017767988,0.018608121,0.5780767,0.5555896,0.1388974
42771,0.025840474,0.0011261184,0.050554827,0.053665448,1.050693,0.7821848,0.1955462
42773,0.021715755,0.0012383775,0.042193133,0.043890353,1.2375506,1.2017404,0.3004351
42776,0.027697308,0.0010879381,0.054306675,0.05455898,0.116577834,0.21095936,0.05273984
42779,0.0171454,0.00082149403,0.03346931,0.03243139,0.43955517,0.41261217,0.10315304
42781,0.025924267,0.00088230503,0.050966233,0.053519066,0.8904247,0.66169816,0.16542454
42784,0.005583124,0.0007966308,0.010369617,0.010334719,0.069551885,0.08175777,0.020439442
42786,0.013025063,0.00078778015,0.025262346,0.024550783,0.51865953,0.48733997,0.12183499
42789,0.021963522,0.0009326676,0.042994376,0.045619685,0.054697644,0.10801768,0.02700442
42792,0.0039853654,0.0012586593,0.0067120716,0.005225744,0.3896632,0.43519512,0.10879878
42794,0.010250331,0.0016160669,0.018884594,0.019256787,0.4511733,0.43647352,0.10911838
42797,0.0046626036,0.0016628024,0.0076624043,0.005727666,0.1820447,0.21932046,0.054830115
42800,0.003913908,0.0017760275,0.006051788,0.004946728,0.61178607,0.5875264,0.1468816
42802,0.016822143,0.0019556547,0.031688627,0.032039322,0.03328654,0.07577771,0.018944427
42805,0.004849609,0.0017067728,0.0079924455,0.0051832157,0.38443875,0.38692847,0.09673212
42807,0.022803606,0.0015158192,0.044091392,0.04178861,0.05673392,0.112537,0.02813425
42810,0.016288606,0.001405796,0.031171417,0.032626186,0.03534953,0.07271953,0.018179882
42813,0.0017767117,0.0013919208,0.0021615026,0.0033070513,0.36677623,0.33136743,0.08284186
42815,0.0017326745,0.0014719547,0.0019933945,0.0023442123,0.19846822,0.16713287,0.041783217
42818,0.021899238,0.0016722883,0.04212619,0.04500836,1.3169264,1.4611868,0.3652967
42820,0.024911694,0.0016342594,0.04818913,0.051661875,1.0766653,1.1569225,0.2892306
42823,0.0086288685,0.0015537284,0.015704008,0.014359891,0.0288591,0.041402634,0.010350659
42826,0.0021159807,0.0015502962,0.0026816651,0.005196189,0.44173667,0.39733124,0.09933281
42828,0.011760087,0.0015222017,0.021997973,0.023362944,0.6184229,0.5437221,0.13593052
42831,0.002274301,0.0016546561,0.002893946,0.0055576987,0.42179322,0.37210724,0.09302681
42833,0.0029045052,0.0018058103,0.0040032,0.004638267,0.1932591,0.16140507,0.040351268
42836,0.026957238,0.0018723212,0.052042156,0.05289945,0.07892854,0.18415423,0.046038557
42839,0.015570444,0.0019336796,0.02920721,0.027315455,0.038656916,0.07956234,0.019890586
42841,0.0029746823,0.0019327268,0.0040166373,0.0051957285,0.45254424,0.41331282,0.103328206
42844,0.012019426,0.001960845,0.022078007,0.01853749,0.053864818,0.052137345,0.013034336
42847,0.0017564186,0.0018797148,0.0016331226,0.0030010277,0.22869378,0.19334598,0.048336495
42849,0.018530978,0.0018446125,0.03521734,0.03382492,1.6690989,1.6623424,0.4155856
42852,0.026532171,0.0018168337,0.051247507,0.045609623,1.1381063,0.95458174,0.23864543
42854,0.019975232,0.0018379356,0.038112525,0.03530171,0.026930863,0.06418695,0.016046738
42857,0.030871859,0.0018847013,0.05985902,0.053203147,1.2390429,1.0502077,0.26255193
42860,0.0023026906,0.0019218214,0.0026835597,0.0021873338,0.2402424,0.22164917,0.055412292
42862,0.0032997367,0.0020490142,0.0045504593,0.008878968,0.16656792,0.20809388,0.05202347
42865,0.013899281,0.002218399,0.025580162,0.025409557,0.08990405,0.14582105,0.036455262
42867,0.031687524,0.0023479012,0.06102715,0.060875643,0.06287349,0.17867522,0.044668805
42870,0.013065159,0.0025122867,0.023618033,0.026540965,1.232046,1.1828064,0.2957016
42873,0.010026634,0.0025207046,0.017532563,0.016210819,0.01247012,0.02993124,0.00748281
42875,0.027898416,0.002560315,0.053236514,0.05444928,0.05757506,0.15848686,0.039621715
42878,0.0032260802,0.002669765,0.0037823953,0.0015035878,0.30112782,0.29147592,0.07286898
42880,0.019107992,0.0027712968,0.035444688,0.036493704,1.1126899,1.07874,0.269685
42883,0.020936487,0.0030516724,0.0388213,0.034501445,0.99071056,1.013357,0.25333926
42886,0.021892926,0.0032297627,0.040556088,0.035413716,0.9546581,0.928185,0.23204625
42888,0.008649529,0.003315471,0.013983588,0.010207855,0.03344734,0.041473553,0.010368388
42891,0.0150894,0.0034304534,0.026748346,0.021706657,0.67876524,0.6716516,0.1679129
42894,0.019266656,0.0037968915,0.03473642,0.032704104,1.610953,1.5603374,0.39008436
42896,0.0042321314,0.0038305826,0.0046336805,0.0043026856,0.3586469,0.33378556,0.08344639
42899,0.033099066,0.0044808355,0.0617173,0.060406342,0.063072406,0.1535175,0.038379375
42901,0.0068042576,0.0050337035,0.008574813,0.0044918866,0.44017854,0.42863992,0.10715998
42904,0.011988469,0.0057485066,0.018228432,0.018297331,0.7234455,0.6849192,0.1712298
42907,0.023523131,0.0065295044,0.04051676,0.0299987,0.75621396,0.7626311,0.19065778
42909,0.019544218,0.0071981233,0.031890314,0.030748447,0.08745418,0.15547182,0.038867954
42912,0.008416567,0.008235866,0.008597269,0.0015922183,0.35187793,0.34527788,0.08631947
42914,0.01592818,0.008986283,0.02287008,0.015150365,0.00860995,0.018110976,0.004527744
42917,0.009450182,0.009654503,0.00924586,0.0031983044,0.38345075,0.36181808,0.09045452
42920,0.034447975,0.0104849,0.05841105,0.04798053,0.13497174,0.20573859,0.051434647
42922,0.032077298,0.011010463,0.05314413,0.036670145,1.0059713,1.036818,0.2592045
42925,0.009669018,0.011836484,0.007501552,0.0023774127,0.22564226,0.20205517,0.050513793
42927,0.04647696,0.012086305,0.08086762,0.054829717,1.8042387,1.843202,0.4608005
42930,0.010989766,0.012727958,0.009251573,0.0022715358,0.29306495,0.27346715,0.06836679
42933,0.022491857,0.013106803,0.03187691,0.020032296,0.035886724,0.069138564,0.017284641
42935,0.019638637,0.013454589,0.025822684,0.021968441,0.6412509,0.59631866,0.14907967
42938,0.021983363,0.013749366,0.030217359,0.029625965,0.037639275,0.049945924,0.012486481
42941,0.021185055,0.013607818,0.02876229,0.022757737,0.922383,0.892396,0.223099
42943,0.02948649,0.0134851895,0.04548779,0.044290204,0.06769351,0.15090393,0.03772598
42946,0.020257318,0.013261284,0.027253354,0.013389741,0.03470369,0.050583433,0.012645858
42948,0.02693367,0.013287376,0.040579963,0.048758645,0.0495005,0.057623312,0.014405828
42951,0.029858405,0.0135977315,0.04611908,0.02869345,0.86634684,0.8067394,0.20168485
42954,0.023114206,0.014221794,0.032006618,0.014325892,0.020437272,0.0376436,0.0094109
42956,0.010974936,0.014699583,0.0072502904,0.0061741676,0.3162222,0.29226992,0.07306748
42959,0.010858059,0.014832874,0.006883245,0.004033427,0.25269857,0.27839905,0.06959976
42961,0.019327221,0.0149646215,0.023689821,0.0044371705,0.34162998,0.3209224,0.0802306
42964,0.037721578,0.014894853,0.060548306,0.044094935,0.0533551,0.11434177,0.028585443
42967,0.014473048,0.014322457,0.014623638,0.003997166,0.481164,0.48063293,0.12015823
42969,0.024913333,0.013846189,0.035980478,0.03728204,1.0861845,1.0522453,0.2630613
42972,0.009524867,0.0132070845,0.00584265,0.005419651,0.15139155,0.17663081,0.044157702
42974,0.0411884,0.0126311155,0.06974568,0.05139354,0.12572807,0.22174466,0.055436164
42977,0.010624574,0.011636431,0.009612716,0.002951543,0.4188249,0.39067993,0.09766998
42980,0.028126508,0.010593493,0.045659523,0.034225855,0.052404594,0.050231427,0.012557857
42982,0.021267856,0.00989293,0.03264278,0.026439818,0.80918956,0.76328915,0.19082229
42985,0.023003863,0.009322108,0.03668562,0.022433683,0.7916992,0.80796117,0.20199029
42988,0.007916168,0.008536808,0.007295528,0.006462146,0.14909543,0.17839265,0.044598162
42990,0.0059214216,0.008028338,0.0038145054,0.0040500513,0.43861088,0.40751705,0.10187926
42993,0.011196218,0.0065647787,0.015827658,0.010597773,0.5617576,0.47103843,0.11775961
42995,0.02593817,0.006001054,0.045875285,0.042260308,1.193202,1.137884,0.284471
42998,0.022623515,0.004487954,0.04075907,0.03947564,1.4380239,1.4662079,0.36655197
43001,0.0037359435,0.003585701,0.0038861858,0.0040030484,0.5785362,0.5821366,0.14553414
43003,0.010025648,0.0034025386,0.016648758,0.016049841,0.32321414,0.22024797,0.055061992
43006,0.006277205,0.0029685537,0.0095858555,0.007634708,0.23250437,0.21348155,0.053370386
43008,0.0074095563,0.0031778694,0.011641243,0.009026545,0.21964343,0.21208112,0.05302028
43011,0.016691664,0.0035801036,0.029803226,0.0307704,0.6289552,0.46213332,0.11553333
43014,0.014684945,0.0047963574,0.024573535,0.029630423,0.6934414,0.83081514,0.20770378
43016,0.02434781,0.005691003,0.043004617,0.039658327,0.94706774,1.1265625,0.28164062
43019,0.011915701,0.0064000078,0.017431395,0.024185978,0.5429957,0.61288387,0.15322097
43021,0.035381883,0.0077837803,0.06297999,0.055767197,0.11653357,0.14556582,0.036391456
43024,0.01831716,0.007644651,0.028989667,0.034398988,1.2566078,1.0466448,0.2616612
43027,0.025136113,0.0073153847,0.04295684,0.040689956,1.5515623,1.399685,0.34992126
43029,0.019493833,0.008115076,0.030872589,0.03436122,0.6860282,0.8529599,0.21323997
43032,0.007841329,0.0077165463,0.007966111,0.0060102656,0.36296952,0.35933962,0.089834906
43035,0.03209735,0.0068819323,0.05731277,0.06316245,1.436103,1.410215,0.35255376
43037,0.034653414,0.006094031,0.063212804,0.061230052,1.3175337,1.5887251,0.39718127
43040,0.0066929623,0.006700208,0.0066857156,0.0064762756,0.23075305,0.22630273,0.056575682
43042,0.005635155,0.007046972,0.004223338,0.0058305487,0.26462033,0.21867721,0.054669302
43045,0.006882351,0.0077947103,0.005969992,0.009692711,0.16087365,0.15789776,0.03947444
43048,0.026817227,0.008046332,0.04558812,0.03665263,0.04085772,0.095853545,0.023963386
43050,0.013077989,0.008351141,0.017804839,0.032423127,1.0761614,0.83863544,0.20965886
43053,0.020440103,0.008095107,0.0327851,0.036987953,0.14296687,0.094023086,0.023505772
43055,0.025481233,0.008108973,0.042853493,0.045661557,0.90179807,1.0289527,0.25723818
43058,0.017445479,0.00971016,0.025180796,0.022687823,0.040414955,0.05970289,0.014925723
43061,0.023252347,0.009085982,0.037418716,0.042803064,1.1423627,1.3115945,0.32789862
43063,0.0070559587,0.006903364,0.0072085536,0.006625124,0.14422671,0.13859855,0.034649637
43066,0.011596338,0.0058677346,0.017324941,0.018524295,0.044987723,0.05610026,0.014025065
43069,0.006241375,0.005815565,0.0066671856,0.009144235,0.534788,0.6280174,0.15700436
43071,0.0047984943,0.006311214,0.0032857743,0.0069012097,0.28913096,0.32673666,0.081684165
43074,0.021957977,0.0053335824,0.03858237,0.04119825,0.09184623,0.07126824,0.01781706
43076,0.015029668,0.00589529,0.024164045,0.023298591,0.049983587,0.09488312,0.02372078
43079,0.022754738,0.005435699,0.04007378,0.04541747,0.96568185,0.9349615,0.23374037
43082,0.007826836,0.00617319,0.009480481,0.008554926,0.14348894,0.13115072,0.03278768
43084,0.012162924,0.0060512205,0.018274628,0.018673433,0.3259214,0.34673962,0.086684905
43087,0.024936726,0.0054942784,0.044379175,0.042945344,0.8772357,1.0211655,0.25529137
43089,0.009435474,0.005892997,0.01297795,0.010675464,0.13583848,0.15858684,0.03964671
43092,0.024819009,0.0057826038,0.043855414,0.041999172,1.1628708,1.258948,0.314737
43095,0.016475735,0.0053070723,0.027644398,0.03235231,0.019262321,0.047432527,0.011858132
43097,0.027553758,0.005838204,0.049269307,0.053060193,0.07851275,0.15443318,0.038608294
43100,0.00531281,0.0056165494,0.0050090705,0.0036064635,0.20984602,0.2236179,0.055904474
43102,0.009719308,0.0049285847,0.014510029,0.0095126815,0.29235548,0.3174686,0.07936715
43105,0.0102492375,0.0044732667,0.016025208,0.016011389,0.10417753,0.08771646,0.021929115
43108,0.021128679,0.0038158733,0.038441483,0.04221511,1.6032311,1.7847422,0.44618556
43110,0.0066461223,0.0037826726,0.009509572,0.004463699,0.23171975,0.2684401,0.067110024
43113,0.01760978,0.0032201495,0.031999413,0.031644452,0.8152709,0.7361596,0.1840399
43116,0.03479066,0.0029422836,0.06663904,0.064295635,0.09934833,0.0493577,0.012339425
43118,0.010413435,0.0024572918,0.01836958,0.0155590465,0.37922254,0.37586978,0.093967445
43121,0.004315488,0.002043277,0.006587699,0.004050232,0.20316093,0.22988175,0.057470437
43123,0.010522575,0.0017548408,0.019290311,0.018155191,0.051681247,0.07368321,0.018420802
43126,0.028992347,0.0014924454,0.05649225,0.05982657,0.14559163,0.2392614,0.05981535
43129,0.0030054555,0.0012608899,0.0047500213,0.005530805,0.09895881,0.11917269,0.029793173
43131,0.018012444,0.0010836021,0.034941282,0.036044702,1.6182256,1.7526416,0.4381604
43134,0.023144105,0.001186161,0.04510205,0.04686618,1.1655942,1.1396303,0.28490758
43136,0.023433475,0.0011392966,0.04572765,0.044601012,0.81755227,0.7563941,0.18909852
43139,0.028092021,0.0010505016,0.05513354,0.049109112,0.9287984,0.95120794,0.23780198
43142,0.0021873391,0.0010072939,0.0033673842,0.005746826,0.38537338,0.44898066,0.112245165
43144,0.028338687,0.00094129355,0.055736084,0.054228514,0.056464896,0.15735517,0.039338794
43147,0.010183248,0.00095200166,0.019414494,0.016801788,0.029362136,0.061319213,0.015329803
43149,0.015152617,0.00086183916,0.029443396,0.029296374,0.08517843,0.09928399,0.024820998
43152,0.005812032,0.00082618,0.010797884,0.011030654,0.5091823,0.4763403,0.11908507
43155,0.0021645527,0.0008590997,0.0034700057,0.0033419626,0.451995,0.46526113,0.11631528
43157,0.01690833,0.00090375793,0.032912906,0.03480892,0.058115173,0.08608326,0.021520816
43160,0.008903465,0.00093095424,0.016875977,0.018786168,0.7630878,0.70877284,0.17719321
43163,0.021736963,0.0009948566,0.042479068,0.042878613,0.90587044,0.94895333,0.23723833
43165,0.024919705,0.001033749,0.048805665,0.04752794,1.4436264,1.4290477,0.35726193
43168,0.003594975,0.0010056788,0.006184271,0.008526555,0.4811684,0.42438278,0.106095694
43170,0.017718514,0.0010018677,0.034435164,0.03308124,1.098986,1.0752751,0.26881877
43173,0.0027203774,0.0010482911,0.0043924637,0.003137559,0.28640553,0.26748323,0.06687081
43176,0.014409355,0.0011126263,0.027706081,0.025474494,0.08877596,0.121322356,0.030330589
43178,0.017479114,0.0011681687,0.03379006,0.03174412,0.072981015,0.12512362,0.031280905
43181,0.0019518038,0.0011615759,0.0027420316,0.001438425,0.38633767,0.39090633,0.09772658
43183,0.008943637,0.001162048,0.016725225,0.01619522,0.009641554,0.03219289,0.008048222
43186,0.00568833,0.0011841948,0.010192465,0.0129865995,0.5114808,0.47045317,0.11761329
43189,0.0038016327,0.0010656997,0.0065375655,0.0063030124,0.38394257,0.4085358,0.10213395
43191,0.028023621,0.0010996669,0.054947574,0.05739129,1.4371916,1.3719053,0.34297633
43194,0.0016329242,0.001144882,0.0021209663,0.0030987451,0.17061998,0.19691308,0.04922827
43196,0.0040694545,0.0011540448,0.006984864,0.010230417,0.120369755,0.16610588,0.04152647
43199,0.013817449,0.0011915601,0.02644334,0.027044265,0.747478,0.67350054,0.16837513
43202,0.0037320573,0.0012526315,0.0062114834,0.005861034,0.58257776,0.57605255,0.14401314
43204,0.023327956,0.0012596905,0.045396224,0.046055872,1.071936,1.0419225,0.2604806
43207,0.017413383,0.0011056442,0.033721123,0.03195953,0.85436565,0.85536456,0.21384114
43210,0.022721553,0.0011303582,0.04431275,0.044447076,0.06765262,0.020358412,0.005089603
43212,0.020535355,0.0011394602,0.039931253,0.040593263,0.072703294,0.1326412,0.0331603
43215,0.025510596,0.0011517283,0.049869463,0.04716037,1.4552263,1.4901446,0.37253615
43217,0.01128979,0.0012020878,0.021377495,0.022065727,0.4172164,0.3425394,0.08563485
43220,0.017046204,0.0011834241,0.03290898,0.037321072,0.12451651,0.23901989,0.05975497
43223,0.019528346,0.001207317,0.037849378,0.037035245,1.5387793,1.5777181,0.39442953
43225,0.0016974928,0.001223249,0.0021717367,0.0032499165,0.29087478,0.2656633,0.066415824
43228,0.011220417,0.0012621795,0.021178653,0.01850011,0.54320306,0.46529868,0.11632467
43230,0.0015286017,0.001329308,0.0017278953,0.0033599455,0.22527663,0.2531207,0.06328017
43233,0.0025562737,0.0013241037,0.003788444,0.0051136655,0.6552238,0.59220576,0.14805144
43236,0.013830767,0.0013581981,0.026303336,0.024149315,0.034549296,0.074550964,0.018637741
43238,0.025707394,0.0014562033,0.049958587,0.0482453,0.13799922,0.20096238,0.050240595
43241,0.0029809342,0.00153269,0.0044291783,0.002638494,0.19167687,0.17687161,0.044217903
43243,0.016323077,0.0015624897,0.031083664,0.031759076,1.5178428,1.4372568,0.3593142
43246,0.010276605,0.0016680025,0.018885208,0.018280476,0.034529325,0.034939867,0.008734967
43249,0.01374912,0.0017472826,0.025750957,0.02490577,0.7368083,0.73925525,0.18481381
43251,0.022774914,0.0018382939,0.04371154,0.046465915,1.509693,1.7152443,0.42881107
43254,0.028194413,0.0018838836,0.054504942,0.0528072,0.11619527,0.06968322,0.017420804
43257,0.010196564,0.0018496116,0.018543517,0.01697662,0.11629534,0.095412046,0.023853011
43259,0.001782665,0.0018579693,0.0017073607,0.0031051245,0.5097532,0.46564758,0.116411895
43262,0.0052822437,0.0018745796,0.008689907,0.005330283,0.4891031,0.4464383,0.11160958
43264,0.026374837,0.0018309715,0.050918702,0.0571728,0.10278416,0.08807782,0.022019455
43267,0.013569747,0.0017989014,0.025340594,0.022612771,0.022373954,0.037922334,0.0094805835
43270,0.008053786,0.0017224067,0.014385167,0.0147668,0.6044334,0.58691424,0.14672856
43272,0.017161878,0.0017376604,0.032586098,0.033902142,0.052945435,0.0912202,0.02280505
43275,0.027811363,0.0017269235,0.0538958,0.05572119,1.4495722,1.6283649,0.40709123
43277,0.010222549,0.0017482709,0.018696826,0.020333385,1.007588,0.9640747,0.24101867
43280,0.01067187,0.0017550765,0.019588664,0.018472267,0.022334486,0.036774803,0.009193701
43283,0.0024232452,0.001710446,0.0031360444,0.002516118,0.20772763,0.18528374,0.046320934
43285,0.0046476997,0.0016762287,0.0076191705,0.0072056986,0.28280804,0.29663563,0.07415891
43288,0.026813818,0.001587384,0.05204025,0.055595387,1.29581,1.2466083,0.31165206
43290,0.0026909923,0.0015424312,0.0038395536,0.0032049336,0.16255824,0.14001164,0.03500291
43293,0.001756221,0.0014710398,0.0020414023,0.004567515,0.15561695,0.11886675,0.029716687
43296,0.015953103,0.0013964581,0.030509748,0.030111812,1.0404266,1.0345432,0.2586358
43298,0.0225949,0.0013333344,0.043856468,0.04165404,1.8941606,1.8902286,0.47255716
43301,0.03379645,0.0012722943,0.0663206,0.069829404,0.056816846,0.17134993,0.042837482
43304,0.012142121,0.0011811795,0.02310306,0.022390261,0.6384654,0.63057995,0.15764499
43306,0.019469948,0.0011462435,0.037793655,0.036551114,0.06844718,0.11894382,0.029735954
43309,0.014214624,0.0011330877,0.027296161,0.027035177,0.016263723,0.037139554,0.009284888
43311,0.0028983243,0.0011834087,0.0046132402,0.008285445,0.11929962,0.14817268,0.03704317
43314,0.009515851,0.0011787241,0.017852979,0.020807644,0.5882556,0.5130668,0.1282667
43317,0.001403483,0.0011843814,0.0016225843,0.0030105747,0.371152,0.40956596,0.10239149
43319,0.01950431,0.001178455,0.037830163,0.04042643,0.08735856,0.109264255,0.027316064
43322,0.016204715,0.0011794522,0.031229978,0.028473353,1.1224275,1.1038331,0.27595827
43324,0.0020499406,0.0011682914,0.00293159,0.004955988,0.15960462,0.11853603,0.029634008
43327,0.008488816,0.0011353194,0.015842313,0.016224166,0.069333576,0.05547167,0.0138679175
43330,0.0017588014,0.0011348736,0.0023827292,0.0042815707,0.108534776,0.13724487,0.034311216
43332,0.01454782,0.001110488,0.02798515,0.029691437,0.061579555,0.085660584,0.021415146
43335,0.004845517,0.0010787655,0.008612269,0.0127522545,0.073581964,0.09986959,0.024967397
43337,0.002776577,0.0010663044,0.0044868495,0.003248993,0.19333701,0.17259748,0.04314937
43340,0.0011794508,0.0010826845,0.0012762169,0.0017669328,0.22565717,0.1980056,0.0495014
43343,0.0102922795,0.0009906503,0.01959391,0.017038764,0.017746307,0.048271116,0.012067779
43345,0.012521864,0.001022873,0.024020856,0.023730265,0.021133274,0.041703135,0.010425784
43348,0.0039064507,0.0009992212,0.0068136794,0.0049306415,0.389081,0.34607568,0.08651892
43351,0.032209724,0.0009628941,0.06345656,0.0671015,0.2132042,0.2764184,0.0691046
43353,0.005868964,0.00085040106,0.010887527,0.011438617,0.090174995,0.085960604,0.021490151
43356,0.008397587,0.0008360399,0.015959134,0.016654475,0.030437864,0.054467887,0.013616972
43358,0.0018507782,0.0007924635,0.002909093,0.004923576,0.42723718,0.46993577,0.11748394
43361,0.01856754,0.0007029301,0.03643215,0.034754388,0.83319306,0.7777262,0.19443154
43364,0.003727531,0.0006298956,0.0068251663,0.004690883,0.17909122,0.18419217,0.04604804
43366,0.012817603,0.00067550625,0.024959698,0.0231186,0.8964737,0.8793176,0.2198294
43369,0.0025643792,0.00066645746,0.0044623013,0.0037634734,0.4759097,0.45014465,0.11253616
43371,0.01501407,0.0006212366,0.029406903,0.02948909,1.0461602,1.0602778,0.26506945
43374,0.018682865,0.0006504958,0.036715236,0.03744073,0.051231187,0.108655274,0.027163818
43377,0.01907778,0.0006429742,0.037512586,0.039558217,0.9967029,0.9440808,0.2360202
43379,0.0024012832,0.00060794357,0.0041946233,0.0049925344,0.16364183,0.13153696,0.03288424
43382,0.0031990085,0.0006404026,0.0057576145,0.0050110426,0.37000158,0.33306184,0.08326546
43384,0.0010978009,0.0006354057,0.0015601962,0.0011066317,0.32605025,0.31317604,0.07829401
43387,0.0014520511,0.00065927394,0.0022448283,0.0025386724,0.3254421,0.34375867,0.08593967
43390,0.0013728027,0.00064979715,0.0020958083,0.0025214208,0.3808875,0.34982705,0.08745676
43392,0.0143999485,0.0006439259,0.02815597,0.029734977,0.82991654,0.7407647,0.18519117
43395,0.012625796,0.00070919696,0.024542397,0.024437198,0.7167868,0.717604,0.179401
43398,0.029890371,0.00072904973,0.059051692,0.0620108,0.07787464,0.20819509,0.052048773
43400,0.011891198,0.0007694151,0.023012983,0.023096666,0.04174468,0.05698222,0.014245555
43403,0.008664723,0.0007427928,0.016586652,0.015620035,0.020714207,0.046663713,0.011665928
43405,0.010038731,0.0007560514,0.01932141,0.019867523,0.41332492,0.4560727,0.11401817
43408,0.010363304,0.00072869606,0.019997912,0.020625656,0.99272805,0.9388736,0.2347184
43411,0.011234163,0.0006810708,0.021787256,0.020046342,0.14229424,0.14171895,0.03542974
43413,0.02108551,0.0006414912,0.04152953,0.037656054,0.9412976,0.70689803,0.17672451
43416,0.0025262935,0.00069641956,0.0043561673,0.00396835,0.19437842,0.18864886,0.047162216
43418,0.015126359,0.000654984,0.029597735,0.026118996,1.0155383,0.96428084,0.24107021
43421,0.012669685,0.0006908628,0.024648508,0.025861027,0.040481538,0.07381742,0.018454354
43424,0.00094457046,0.0007538609,0.00113528,0.0019128657,0.2554573,0.22867675,0.057169188
43426,0.017876098,0.0007771246,0.03497507,0.03497935,0.052765593,0.116028786,0.029007196
43429,0.021834068,0.0007892709,0.042878866,0.040742483,1.0288999,0.8094867,0.20237167
43431,0.01374295,0.0008891256,0.026596775,0.02483085,0.8318638,0.7795984,0.1948996
43434,0.019302564,0.0011199136,0.037485212,0.040386137,0.06791582,0.03291932,0.00822983
43437,0.0020004602,0.0013059536,0.002694967,0.004005045,0.17201175,0.13739036,0.03434759
43439,0.0027006587,0.0013371547,0.0040641627,0.005391544,0.37622413,0.4320391,0.10800978
43442,0.029853268,0.0014237625,0.058282774,0.059973408,0.07958899,0.19090362,0.047725905
43445,0.0023342,0.0014015344,0.003266866,0.0054699443,0.09310665,0.1174855,0.029371375
43447,0.0023493613,0.0013417872,0.0033569355,0.0023133855,0.31214926,0.30399802,0.075999506
43450,0.011396521,0.0013755247,0.02141752,0.023594955,0.6364495,0.5853426,0.14633565
43452,0.015411106,0.0013742583,0.029447952,0.026677698,0.8155778,0.7729133,0.19322832
43455,0.017062876,0.0013310988,0.032794654,0.029390303,1.1899772,1.210112,0.302528
43458,0.0017808148,0.0013653766,0.002196253,0.004511019,0.34326938,0.40365854,0.100914635
43460,0.017892862,0.0013131257,0.034472596,0.032278806,0.083335064,0.13212025,0.033030063
43463,0.0031461145,0.0012701642,0.005022065,0.0057831206,0.23837753,0.21813546,0.054533865
43465,0.0019289529,0.0012641913,0.0025937145,0.0025388484,0.17307901,0.15713267,0.039283168
43468,0.008294793,0.0013687786,0.015220807,0.0141868815,0.019121556,0.03777175,0.009442938
43471,0.025611365,0.0013996895,0.049823042,0.052706704,1.2155188,1.1762404,0.2940601
43473,0.0064003174,0.0014293987,0.011371236,0.007631412,0.375384,0.31420383,0.07855096
43476,0.0070496704,0.0015329238,0.012566417,0.013027235,0.3073586,0.34171176,0.08542794
43478,0.009686188,0.0015251768,0.017847197,0.018888624,0.02597163,0.047319174,0.011829793
43481,0.011314108,0.0015327157,0.0210955,0.02423849,0.14256383,0.14631647,0.036579117
43484,0.022627726,0.0017171096,0.043538343,0.042602737,1.1426655,1.1966203,0.2991551
43486,0.00223812,0.0017357649,0.002740475,0.0035407983,0.5217343,0.47686115,0.11921529
43489,0.0018376369,0.0017767848,0.001898489,0.0029264009,0.17028274,0.14492886,0.036232214
43492,0.0035784058,0.0018597351,0.0052970764,0.008061056,0.41964766,0.3969685,0.09924213
43494,0.016102588,0.0019327995,0.030272378,0.028108217,0.013901062,0.035375807,0.008843952
43497,0.008819616,0.0018772054,0.015762025,0.014243354,0.019877417,0.036692854,0.0091732135
43499,0.009919869,0.0018794298,0.017960308,0.017121518,0.010727341,0.024521505,0.0061303764
43502,0.021883106,0.0019180396,0.04184817,0.041122038,0.027936595,0.06536543,0.016341358
43505,0.022238694,0.0018980874,0.042579304,0.04596546,1.0988308,1.0806686,0.27016714
43507,0.0038137578,0.0018388344,0.0057886816,0.002281645,0.16590095,0.16725343,0.04181336
43510,0.016214537,0.0018871658,0.03054191,0.030828394,0.08429861,0.09780878,0.024452195
43512,0.0017388869,0.0019035973,0.0015741767,0.0019066691,0.349538,0.3336308,0.0834077
43515,0.0132577345,0.0017855754,0.024729893,0.02614548,0.66934043,0.71332437,0.17833109
43518,0.0033675544,0.001811768,0.0049233404,0.006976433,0.14976063,0.17179815,0.04294954
43520,0.009199891,0.0017919749,0.016607808,0.017914245,0.5955891,0.6018892,0.1504723
43523,0.0030337998,0.0017516123,0.004315987,0.0034356632,0.5072635,0.5099245,0.12748112
43525,0.009762274,0.0017962147,0.017728334,0.018044638,0.4978921,0.51474565,0.12868641
43528,0.004071823,0.0019682543,0.006175392,0.010671173,0.12905896,0.1513605,0.037840124
43531,0.013907951,0.0020609458,0.025754958,0.025826177,0.7256112,0.7500229,0.18750572
43533,0.014570818,0.0021095432,0.027032094,0.027784796,0.87245435,0.927018,0.2317545
43536,0.015736882,0.0019349921,0.029538771,0.028535916,0.028538331,0.05842905,0.014607263
43539,0.0016146158,0.0017583283,0.0014709033,0.0032007545,0.37646922,0.4136038,0.10340095
43541,0.0044820593,0.0017041959,0.0072599226,0.004569975,0.2784963,0.2419854,0.06049635
43544,0.0061678584,0.0015226578,0.010813058,0.005809666,0.19432114,0.20553215,0.051383037
43546,0.0023811562,0.0013953131,0.0033669993,0.0016531391,0.25447017,0.24217093,0.060542732
43549,0.0033660836,0.0012995492,0.0054326183,0.007412692,0.38917628,0.3670386,0.09175965
43552,0.021085488,0.0012673375,0.04090364,0.041848,1.3530148,1.5356795,0.38391986
43554,0.0026884598,0.0012515938,0.0041253255,0.008164225,0.23155753,0.28610757,0.07152689
43557,0.024904318,0.0011782912,0.048630346,0.051792193,0.077063404,0.18159191,0.04539798
43559,0.0013702548,0.0011452129,0.0015952965,0.0034899383,0.4766663,0.5266107,0.13165267
43562,0.0014472048,0.0010625372,0.0018318724,0.0009140768,0.33292034,0.33078545,0.08269636
43565,0.017176028,0.0010249581,0.0333271,0.03050895,0.025270551,0.044810653,0.011202663
43567,0.0061629224,0.0010069889,0.011318855,0.011079762,0.37462032,0.39036012,0.09759003
43570,0.007020561,0.001029411,0.013011712,0.011921723,0.08066758,0.07305776,0.01826444
43573,0.021731444,0.0009285426,0.042534348,0.043278728,1.673448,1.6566778,0.41416946
43575,0.001723431,0.0008372274,0.0026096348,0.0033384145,0.383316,0.34720194,0.086800486
43578,0.010542671,0.00078433,0.020301012,0.016564988,0.54166263,0.46310404,0.11577601
43580,0.019294387,0.00080688373,0.03778189,0.036675584,1.279472,1.3295263,0.33238158
43583,0.0020566683,0.00075591396,0.0033574225,0.0053372364,0.20116197,0.16157706,0.040394265
43586,0.009604816,0.0007088911,0.018500743,0.018035037,0.021234393,0.039667934,0.009916984
43588,0.014568571,0.0006599596,0.028477183,0.026523093,0.0428218,0.09178574,0.022946434
43591,0.017610354,0.00064971833,0.034570992,0.03378519,1.6115241,1.6684643,0.41711608
43593,0.0021591308,0.00065966346,0.003658598,0.0034927372,0.40683982,0.42142752,0.10535688
43596,0.015175425,0.0006403753,0.029710477,0.028886914,0.03313886,0.06929964,0.01732491
43599,0.012831413,0.0006011703,0.025061658,0.02511012,0.028579498,0.058287356,0.014571839
43601,0.0332229,0.0005756693,0.06587013,0.06561924,0.10125234,0.17634809,0.044087023
43604,0.028223364,0.0005776119,0.055869114,0.056138445,0.9910024,0.92254686,0.23063672
43606,0.0027252936,0.00059482735,0.00485576,0.0059318678,0.59811425,0.5320197,0.13300492
43609,0.01584858,0.0005967491,0.031100413,0.032871485,0.05140814,0.06301701,0.015754253
43612,0.006232854,0.00064251624,0.011823192,0.011256576,0.009443507,0.02573386,0.006433465
43614,0.02507531,0.00067649357,0.04947413,0.049353704,1.109105,1.0899546,0.27248865
43617,0.0024948146,0.000722476,0.004267153,0.0051519996,0.23348324,0.2776929,0.06942323
43620,0.024520794,0.00087413937,0.04816745,0.047278523,0.04738636,0.10693938,0.026734846
43622,0.0017879014,0.0010202923,0.0025555105,0.0019588673,0.44519106,0.4358437,0.10896093
43625,0.0015702673,0.0010409564,0.0020995783,0.0019928638,0.3399664,0.32012543,0.08003136
43627,0.02201151,0.0010713917,0.042951625,0.04711465,0.06496709,0.090088814,0.022522204
43630,0.027799206,0.0011390831,0.05445933,0.053938866,1.2223601,1.1821805,0.29554513
43633,0.0124897435,0.0011981656,0.023781322,0.022466667,0.034954015,0.041295547,0.010323887
43635,0.0016272744,0.0011929601,0.002061589,0.002443727,0.2415235,0.21607275,0.05401819
43638,0.024928076,0.001255537,0.048600614,0.045296405,1.5711727,1.5929824,0.3982456
43640,0.019363692,0.001215197,0.037512187,0.03720205,0.050012995,0.102988414,0.025747104
43643,0.011753574,0.0011690902,0.022338057,0.01997629,0.025188038,0.060438793,0.015109698
43646,0.0069148787,0.0012297673,0.01259999,0.01259623,0.3573644,0.3798639,0.09496597
43648,0.026754612,0.0012679036,0.05224132,0.049623813,1.4175558,1.4457666,0.36144164
43651,0.0014327284,0.0011941536,0.0016713031,0.0013478342,0.26380622,0.250887,0.06272175
43653,0.012507576,0.0012546558,0.023760496,0.023002094,0.6148694,0.6325303,0.15813257
43656,0.008258653,0.0012959464,0.01522136,0.015354257,0.36432174,0.39485845,0.09871461
43659,0.024769956,0.001293565,0.04824635,0.04991315,0.04467849,0.12346059,0.030865148
43661,0.015912702,0.0012714862,0.030553916,0.024523176,0.7712552,0.6327847,0.15819618
43664,0.027047025,0.0013016377,0.052792415,0.050528914,0.030895874,0.081574954,0.020393739
43667,0.002102128,0.0013885772,0.0028156787,0.0033022661,0.2402737,0.26691636,0.06672909
43669,0.014576324,0.0013988732,0.027753776,0.030320229,0.9007428,0.8472197,0.21180493
43672,0.004981647,0.0014333598,0.008529934,0.0054104947,0.23490655,0.22961056,0.05740264
43674,0.0018328397,0.0014785413,0.002187138,0.0016283123,0.18633765,0.16598889,0.041497223
43677,0.003617691,0.0015345868,0.0057007954,0.010029894,0.092895836,0.118030965,0.029507741
43680,0.0024396407,0.0015533874,0.0033258938,0.002732821,0.38365436,0.3558899,0.08897247
43682,0.013485793,0.0015967693,0.025374817,0.022829307,0.14036094,0.13799411,0.034498528
43685,0.021663224,0.0015795343,0.041746914,0.038998824,0.21788888,0.24397187,0.060992967
43687,0.021231892,0.00157046,0.040893324,0.041811496,1.0455176,1.1011605,0.27529013
43690,0.0050556804,0.0015658719,0.008545489,0.0052039013,0.3486209,0.309083,0.07727075
43693,0.009082028,0.0016008699,0.016563185,0.014609061,0.024523756,0.03153947,0.0078848675
43695,0.0017327844,0.001642451,0.001823118,0.0032974381,0.31300643,0.28319976,0.07079994
43698,0.0020813243,0.0016589109,0.002503738,0.004348772,0.17479748,0.1391663,0.034791574
43700,0.022573868,0.0016635625,0.043484177,0.046371054,0.072899796,0.16553026,0.041382566
43703,0.009326211,0.0016603405,0.016992083,0.016198626,0.026031822,0.048811015,0.012202754
43706,0.029002229,0.0016987246,0.056305736,0.057815205,1.5521922,1.514067,0.37851676
43708,0.003079002,0.0016939497,0.004464055,0.005848684,0.34110272,0.37730184,0.09432546
43711,0.009772074,0.001717691,0.017826458,0.017404566,0.8084975,0.78838617,0.19709654
43714,0.004930388,0.0017627204,0.008098056,0.010631745,0.4501984,0.41752875,0.10438219
43716,0.0102909915,0.001798009,0.018783974,0.018986804,0.5567867,0.58070874,0.14517719
43719,0.025258042,0.0018522479,0.048663836,0.038031947,0.8287196,0.6074138,0.15185346
43721,0.0019308589,0.0018882742,0.0019734437,0.00265813,0.35447204,0.3234863,0.080871575
43724,0.022663018,0.0019569087,0.043369126,0.04643725,1.1405157,1.0747294,0.26868236
43727,0.0029060065,0.0020199404,0.0037920726,0.0037018738,0.56793284,0.58818865,0.14704716
43729,0.0149340555,0.0020495954,0.027818516,0.030755594,0.046519473,0.06607643,0.016519107
43732,0.0021808848,0.0021464135,0.0022153563,0.0057090516,0.16029002,0.11859081,0.029647702
43734,0.01866941,0.002165294,0.035173524,0.035139646,0.15158921,0.14211057,0.035527643
43737,0.025595063,0.002178897,0.04901123,0.05067468,1.546867,1.4893745,0.37234363
43740,0.007678078,0.002218649,0.013137507,0.014522251,0.11164696,0.112731166,0.028182792
43742,0.0045533925,0.0023229532,0.006783832,0.0030712506,0.2168005,0.22201109,0.055502772
43745,0.013004464,0.0023996772,0.02360925,0.020774161,0.03178605,0.06133656,0.01533414
43747,0.01859642,0.0024663724,0.034726467,0.038088705,0.1059283,0.19893791,0.049734477
43750,0.029783564,0.0025242453,0.05704288,0.04392286,0.8300193,0.59114087,0.14778522
43753,0.00277731,0.0025520197,0.0030026007,0.0023098728,0.23770897,0.21285951,0.053214878
43755,0.0025458678,0.002570951,0.0025207845,0.0021565515,0.29486752,0.30663693,0.07665923
43758,0.00945064,0.0024491001,0.01645218,0.014528643,0.017413367,0.039238494,0.0098096235
43761,0.020961748,0.0025135588,0.03940994,0.03558741,0.04574111,0.09106377,0.022765942
43763,0.017409451,0.002565846,0.032253057,0.03173265,1.0837024,1.047335,0.26183376
43766,0.0028314951,0.0026569308,0.0030060597,0.007761939,0.09687069,0.13432068,0.03358017
43768,0.014235859,0.0027716642,0.025700055,0.022639133,0.03246844,0.06555405,0.016388513
43771,0.021864755,0.0028927457,0.040836763,0.03776595,1.0964502,1.1304728,0.2826182
43774,0.0030343186,0.0028967045,0.0031719322,0.0027889984,0.57919806,0.60515124,0.15128781
43776,0.0025823468,0.0029316992,0.0022329944,0.00430515,0.20345306,0.16660802,0.041652005
43779,0.0033140567,0.0029044906,0.003723623,0.006604155,0.570163,0.5004248,0.1251062
43781,0.017803552,0.0029279657,0.032679137,0.024792345,1.1728077,1.1087773,0.27719432
43784,0.0028017573,0.002902421,0.0027010937,0.0050643603,0.15773818,0.121521294,0.030380324
43787,0.0130602615,0.0029834595,0.023137065,0.02579995,0.6683101,0.60734504,0.15183626
43789,0.009126245,0.0030798074,0.015172683,0.014966226,0.39885163,0.42079923,0.10519981
43792,0.009795752,0.0032087818,0.016382724,0.012664914,0.013765463,0.02237986,0.005594965
43794,0.017823616,0.003276608,0.032370623,0.02519005,1.0915009,1.0377257,0.25943142
43797,0.01992679,0.0032345736,0.036619008,0.033317838,0.017342178,0.04525654,0.011314135
43800,0.002622432,0.0033173608,0.0019275035,0.0036965206,0.40948603,0.46899417,0.11724854
43802,0.018779336,0.0032940917,0.03426458,0.0289068,0.79777116,0.7778694,0.19446735
43805,0.019762011,0.0032755882,0.036248434,0.045266505,0.17989969,0.2949928,0.0737482
43808,0.0026351064,0.0033046126,0.0019656003,0.005923266,0.3122835,0.37047103,0.09261776
43810,0.0033758122,0.0033540204,0.0033976038,0.008838652,0.16903557,0.21374725,0.053436812
43813,0.0037971896,0.0034898908,0.004104489,0.003619264,0.31031594,0.3136721,0.078418024
43815,0.011795062,0.0036225757,0.019967547,0.018029781,0.046894033,0.07300872,0.01825218
43818,0.03266693,0.0038479362,0.06148592,0.06029069,0.14085685,0.10903853,0.027259633
43821,0.010246502,0.0039248974,0.016568108,0.014055725,0.48455724,0.47044015,0.11761004
43823,0.026737971,0.004035517,0.049440425,0.057456136,0.09969539,0.23083197,0.05770799
43826,0.008156673,0.0040372754,0.012276071,0.007474585,0.061100166,0.059541497,0.014885374
43828,0.011774696,0.0040767,0.019472694,0.0151231,0.018733503,0.030596888,0.007649222
43831,0.0046415012,0.004025103,0.0052578994,0.0049834396,0.36682472,0.39805636,0.09951409
43834,0.004614446,0.0038853607,0.0053435303,0.0032926667,0.16651632,0.14015657,0.03503914
43836,0.012911086,0.0038102975,0.022011876,0.016169112,0.011807188,0.03561276,0.00890319
43839,0.019724667,0.003790602,0.035658732,0.03792317,0.06966912,0.14391963,0.035979908
43841,0.002623636,0.0037177184,0.0015295536,0.004201576,0.3525649,0.39443207,0.09860802
43844,0.012485936,0.0036122457,0.021359628,0.014256635,0.023890013,0.04803455,0.012008637
43847,0.02310503,0.003483461,0.042726602,0.03848565,0.06784337,0.10581243,0.026453108
43849,0.022550547,0.0033866167,0.04171448,0.045507755,1.2459254,1.1826509,0.29566273
43852,0.0048875143,0.0032329855,0.0065420433,0.0078722285,0.22253163,0.23460639,0.058651596
43855,0.0027132642,0.0030830335,0.002343495,0.0036057394,0.18869431,0.15061246,0.037653115
43857,0.020241523,0.003007016,0.037476033,0.027684981,0.9992275,0.8427898,0.21069746
43860,0.024345316,0.002794532,0.045896098,0.041884426,0.07938024,0.14721374,0.036803436
43862,0.0028557095,0.002625675,0.0030857439,0.0020521684,0.31229314,0.31547436,0.07886859
43865,0.0045292033,0.002331046,0.0067273607,0.00317628,0.36639795,0.36165228,0.09041307
43868,0.002885728,0.0020932471,0.0036782084,0.0022450667,0.33987322,0.3230461,0.08076152
43870,0.002040347,0.0019600473,0.0021206469,0.0049868873,0.35124397,0.41028118,0.102570295
43873,0.02345428,0.0016332833,0.045275282,0.0414607,0.03686802,0.052211326,0.013052831
43875,0.014156868,0.0014720019,0.026841735,0.02459073,0.73370385,0.6811264,0.1702816
43878,0.01678249,0.0012370014,0.03232798,0.03327098,1.2509824,1.2130042,0.30325106
43881,0.029378137,0.0010114346,0.057744835,0.060735304,0.07817012,0.18901803,0.047254506
43883,0.015225932,0.00091862306,0.029533243,0.03012606,0.03572927,0.0687882,0.01719705
43886,0.015519385,0.00084355526,0.030195216,0.027722264,0.8030737,0.6864176,0.1716044
43888,0.023421824,0.0008289174,0.04601473,0.048641864,0.07380546,0.16481668,0.04120417
43891,0.02786436,0.0007065096,0.05502221,0.05613485,1.1929064,1.256801,0.31420025
43894,0.026717283,0.0006798675,0.0527547,0.05579409,1.3641452,1.3558058,0.33895144
43896,0.0018630527,0.00060946756,0.0031166382,0.0028275752,0.29396975,0.2823817,0.07059543
43899,0.0020276865,0.0005613046,0.0034940683,0.004297187,0.38725042,0.4431579,0.11078948
43902,0.006504942,0.00051183085,0.012498054,0.011407014,0.08813512,0.106465496,0.026616374
43904,0.0014778306,0.0005077653,0.002447896,0.0031116009,0.34506428,0.32443064,0.08110766
43907,0.01740562,0.00050448714,0.034306753,0.033827707,0.115781486,0.08075643,0.020189108
43909,0.0069986433,0.000529629,0.013467657,0.012147526,0.0042701955,0.020654831,0.005163708
43912,0.0032508757,0.00056258956,0.005939162,0.005837327,0.12063122,0.14933698,0.037334245
43915,0.0013271129,0.0005244611,0.002129765,0.0023436404,0.29175082,0.3162924,0.0790731
43917,0.009765402,0.0005279126,0.019002892,0.01929894,0.009357029,0.03458537,0.008646343
43920,0.023006538,0.0005537427,0.045459334,0.045792207,1.1920415,1.1718212,0.2929553
43922,0.005459933,0.00054068555,0.01037918,0.01295085,0.37189484,0.3566676,0.0891669
43925,0.0017124456,0.00049878185,0.0029261094,0.0027240773,0.40169084,0.3848827,0.09622067
43928,0.019471096,0.000496081,0.03844611,0.03994784,0.045887392,0.098302044,0.024575511
43930,0.008484805,0.0004830941,0.016486516,0.01574122,0.0841822,0.10300469,0.025751172
43933,0.009011607,0.00042047945,0.017602732,0.018056462,0.016538868,0.049641132,0.012410283
43935,0.0051563927,0.0003858714,0.009926914,0.0084952265,0.2563902,0.2414494,0.06036235
43938,0.020102488,0.00039341333,0.039811563,0.03929915,0.046087492,0.050568815,0.012642204
43941,0.0025388356,0.0004075026,0.0046701687,0.0051389216,0.25888935,0.26113927,0.06528482
43943,0.009647757,0.0004103461,0.018885167,0.020070756,0.07069322,0.088158615,0.022039654
43946,0.020023167,0.00047277394,0.03957356,0.039896652,1.1239128,1.1266608,0.2816652
43949,0.0016193175,0.00048127156,0.0027573633,0.002174341,0.4867274,0.4956356,0.1239089
43951,0.0014731608,0.00050475745,0.0024415639,0.0025206844,0.3664318,0.37447032,0.09361758
43954,0.02488601,0.00051989756,0.049252123,0.04986468,0.18041956,0.22804125,0.05701031
43956,0.010163801,0.0005376904,0.01978991,0.019154025,0.020525822,0.045724098,0.011431024
43959,0.008819011,0.0004863216,0.0171517,0.01752845,0.5516734,0.51640916,0.12910229
43962,0.025756562,0.0004881596,0.051024962,0.049592823,0.24881053,0.21609478,0.054023694
43964,0.0137626985,0.0004934629,0.027031936,0.02765151,0.039759275,0.08856222,0.022140555
43967,0.0012360647,0.0005012508,0.0019708786,0.0020100926,0.23059474,0.2445509,0.061137725
43969,0.014043578,0.00047011775,0.02761704,0.027238524,0.071143724,0.10945483,0.027363708
43972,0.012344356,0.0004824346,0.024206275,0.024006287,0.029479682,0.06656174,0.016640436
43975,0.0009566885,0.00049802,0.001415357,0.0013894284,0.2659972,0.24732624,0.06183156
43977,0.013700287,0.0005121602,0.026888413,0.027799934,0.82071686,0.7512911,0.18782277
43980,0.030102978,0.00054581795,0.059660137,0.060057063,0.061113775,0.15454298,0.038635746
43982,0.015805421,0.0005239929,0.031086853,0.029918492,0.042133402,0.090456165,0.022614041
43985,0.030666016,0.0005132679,0.060818765,0.06133758,1.480352,1.6252851,0.4063213
43988,0.001498674,0.0005197738,0.0024775742,0.0028874238,0.33486116,0.37506595,0.09376649
43990,0.017538195,0.0005140195,0.034562368,0.034175858,1.2101988,1.1634446,0.29086116
43993,0.012792058,0.0005380765,0.025046041,0.023318844,0.68494123,0.6672961,0.16682403
43996,0.012689043,0.0005851337,0.024792952,0.024565496,0.063162826,0.073300086,0.018325021
43998,0.008135551,0.00060380757,0.015667295,0.015878702,0.027039481,0.054352764,0.013588191
44001,0.011455849,0.00063750637,0.02227419,0.0225999,0.03351982,0.07143048,0.01785762
44003,0.021299021,0.0006876103,0.041910436,0.040617462,0.77125484,0.53197783,0.13299446
44006,0.013574171,0.00069049397,0.026457846,0.024962356,0.6957157,0.5518722,0.13796805
44009,0.0017330108,0.00073245796,0.0027335638,0.0035396833,0.61217016,0.6405944,0.1601486
44011,0.0013005798,0.0007534265,0.0018477328,0.0025660186,0.21630837,0.24200869,0.06050217
44014,0.027779704,0.00075558765,0.05480382,0.049259603,0.7910562,0.77759165,0.19439791
44016,0.021779878,0.0007554298,0.042804327,0.042135913,1.4578325,1.396944,0.349236
44019,0.018926358,0.0007182979,0.037134416,0.03510909,0.8224308,0.7696829,0.19242072
44022,0.018840155,0.0007312093,0.0369491,0.036155473,1.034346,1.0149959,0.25374898
44024,0.001359003,0.00073304464,0.0019849613,0.0029686391,0.2015995,0.17427401,0.043568503
44027,0.0012960632,0.00073201564,0.0018601107,0.0032329287,0.18414713,0.15239136,0.03809784
44029,0.020269712,0.0007394518,0.039799973,0.037665688,0.85546404,0.8150358,0.20375896
44032,0.021631224,0.0007416963,0.04252075,0.04333965,1.2272168,1.1485099,0.28712747
44035,0.0020618478,0.00078278844,0.0033409074,0.0057889544,0.36775932,0.44309998,0.110774994
44037,0.01299084,0.00078409206,0.025197588,0.023750184,0.040210836,0.08152062,0.020380154
44040,0.0064390725,0.00082569855,0.012052447,0.011973304,0.5331676,0.5131836,0.1282959
44043,0.0018672881,0.0008489308,0.0028856453,0.003559884,0.5474359,0.578326,0.1445815
44045,0.011933583,0.0008501956,0.023016969,0.025601486,0.11612492,0.17511122,0.043777805
44048,0.01313411,0.00089310674,0.025375113,0.027883753,0.11402009,0.17725019,0.044312548
44050,0.0025400324,0.00091148115,0.0041685835,0.0051922123,0.30371574,0.3398039,0.084950976
44053,0.012372243,0.00094166416,0.023802822,0.019476738,0.6353702,0.53899527,0.13474882
44056,0.010110859,0.00092982565,0.019291893,0.018697252,0.01879056,0.035948846,0.008987212
44058,0.010967341,0.0009344395,0.021000244,0.020132413,0.02834409,0.05998313,0.014995783
44061,0.008040786,0.0009902315,0.01509134,0.015190852,0.41103542,0.3756453,0.09391133
44063,0.0021890977,0.0010164509,0.0033617446,0.0030966913,0.32462415,0.32794365,0.08198591
44066,0.014772127,0.0010918487,0.028452406,0.029692471,1.2773849,1.2504904,0.3126226
44069,0.003984818,0.0011456837,0.006823952,0.010621467,0.10332783,0.14573108,0.03643277
44071,0.03170239,0.0011221527,0.062282633,0.0625582,0.12590425,0.22047634,0.055119086
44074,0.028824292,0.0011317964,0.056516785,0.05938987,1.312585,1.2728181,0.31820452
44077,0.0276855,0.0011229474,0.054248054,0.0548733,1.1928729,1.1694916,0.2923729
44079,0.015945757,0.001121455,0.030770058,0.028512651,0.05293958,0.09912772,0.02478193
44082,0.001301989,0.0011088935,0.0014950844,0.0023284478,0.20238447,0.2160505,0.054012626
44084,0.010536581,0.0011218647,0.019951299,0.019286945,0.020756101,0.042557437,0.010639359
44087,0.0023584252,0.0011512137,0.0035656367,0.0018246289,0.3187052,0.3179045,0.079476126
44090,0.020367803,0.0011776731,0.039557934,0.036512543,0.07303386,0.12921591,0.032303978
44092,0.009480481,0.0011973087,0.017763654,0.018214522,0.06951032,0.10784621,0.026961552
44095,0.017797986,0.0011810636,0.034414906,0.033210892,0.050676394,0.09667642,0.024169104
44097,0.02206144,0.0011633743,0.042959508,0.04331105,1.6238912,1.65916,0.41479
44100,0.0134633435,0.0011622459,0.025764441,0.025099205,0.023410188,0.055181514,0.013795379
44103,0.01192418,0.001188896,0.022659464,0.021615922,0.9473305,0.9224677,0.23061693
44105,0.012406833,0.0012209804,0.023592683,0.023884283,0.10286463,0.09548912,0.02387228
44108,0.013696331,0.0012722316,0.02612043,0.024461076,0.8264156,0.806376,0.201594
44110,0.009314493,0.0012372913,0.017391695,0.013750225,0.0066028107,0.027297132,0.006824283
44113,0.015627557,0.0011472977,0.030107817,0.03143142,1.2786019,1.2507182,0.31267956
44116,0.014451902,0.0011617563,0.027742049,0.026038827,0.032565724,0.050014425,0.012503606
44118,0.008748339,0.00118205,0.016314628,0.015707849,0.016582632,0.029180223,0.007295056
44121,0.006692398,0.0012041054,0.01218069,0.012578514,0.57482433,0.5421011,0.13552527
44124,0.008307889,0.0012772505,0.015338528,0.017431198,0.36921144,0.41794065,0.10448516
44126,0.008500696,0.0013206843,0.015680708,0.013855006,0.07880802,0.08448254,0.021120636
44129,0.013175617,0.0013697306,0.024981504,0.02511619,0.6949027,0.7354247,0.18385617
44131,0.03198242,0.0014284846,0.06253635,0.06612295,0.08736505,0.21890791,0.054726977
44134,0.002652338,0.0014908453,0.003813831,0.0076671764,0.34452787,0.43331417,0.10832854
44137,0.0133726075,0.0015277817,0.025217434,0.01949554,0.5747912,0.48302743,0.12075686
44139,0.028534682,0.0015774475,0.05549192,0.054337,0.043751244,0.12219169,0.030547922
44142,0.020295946,0.0017024697,0.038889423,0.036079403,0.03643431,0.086650334,0.021662584
44144,0.01259983,0.0017445319,0.023455128,0.02094541,0.062825195,0.060329307,0.015082327
44147,0.025879733,0.0018320173,0.049927447,0.053360175,1.2686638,1.2042135,0.30105338
44150,0.014896614,0.001876433,0.027916795,0.020706069,0.72837216,0.6363445,0.15908612
44152,0.022164479,0.0019075138,0.042421445,0.042453904,0.04985327,0.12241874,0.030604685
44155,0.008827471,0.0019710935,0.01568385,0.015909703,0.0124076335,0.029465675,0.007366419
44157,0.030456074,0.001965,0.058947146,0.0636845,0.079667725,0.20638426,0.051596064
44160,0.013794035,0.0019518785,0.02563619,0.027059143,0.8389141,0.7788585,0.19471462
44163,0.0021259366,0.0019293688,0.0023225043,0.0010993531,0.31412807,0.30104518,0.075261295
44165,0.012791778,0.0019316463,0.023651907,0.02454544,0.07769737,0.12600492,0.03150123
44168,0.02854806,0.0019037662,0.05519235,0.058636557,1.4208151,1.6721745,0.4180436
44171,0.009939477,0.0018834149,0.017995538,0.015922,0.53563124,0.5392098,0.13480245
44173,0.003680486,0.001841799,0.0055191726,0.0027036502,0.23580225,0.21566512,0.05391628
44176,0.0036557105,0.0017997324,0.0055116885,0.0036546986,0.44543242,0.4481475,0.11203688
44178,0.011002153,0.0017642559,0.02024005,0.018321149,0.057621676,0.08182233,0.020455582
44181,0.0028236723,0.0017308294,0.0039165155,0.009371365,0.30109584,0.38372895,0.09593224
44184,0.0036966715,0.0017406346,0.0056527085,0.0035941403,0.19974828,0.18424238,0.046060596
44186,0.01457541,0.0017353644,0.027415454,0.026068186,0.047027763,0.085093,0.02127325
44189,0.0035272285,0.001797244,0.005257213,0.0064280964,0.18202953,0.15116663,0.03779166
44191,0.0016861749,0.0017941976,0.0015781522,0.003526461,0.18795462,0.21465822,0.053664554
44194,0.016098494,0.0017711474,0.030425841,0.03041321,0.04752727,0.09497235,0.023743087
44197,0.0019939016,0.0017745722,0.002213231,0.005161815,0.4545289,0.5252952,0.1313238
44199,0.0020590539,0.0017910447,0.0023270631,0.0014158787,0.28320524,0.26736256,0.06684064
44202,0.015237319,0.0017897058,0.02868493,0.028112883,0.90994626,0.9301018,0.23252545
44204,0.009961455,0.0018200978,0.018102812,0.016083911,0.010180944,0.030898416,0.007724604
44207,0.009357901,0.0018168146,0.016898988,0.017248033,0.35956097,0.4037056,0.1009264
44210,0.0025020866,0.0018039526,0.0032002206,0.005203253,0.15870689,0.121895276,0.030473819
44212,0.034626335,0.0018295121,0.06742316,0.07038571,0.06600833,0.16380197,0.040950492
44215,0.0020896404,0.0018843887,0.0022948922,0.0021036994,0.38251528,0.37119272,0.09279818
44218,0.0035978265,0.0018447269,0.0053509264,0.0047709392,0.4459382,0.47492352,0.11873088
44220,0.004128998,0.0018326761,0.0064253197,0.0064863623,0.38168988,0.4130837,0.103270926
44223,0.0018906064,0.0018006187,0.0019805941,0.0030166246,0.35432228,0.32991472,0.08247868
44225,0.007095646,0.0017537695,0.012437522,0.010963156,0.0077824728,0.016970836,0.004242709
44228,0.01669561,0.0016571186,0.031734098,0.030434111,1.5180048,1.5225302,0.38063255
44231,0.0050052735,0.0015706229,0.008439925,0.0050399224,0.24349558,0.24208945,0.060522363
44233,0.02190853,0.001597796,0.042219263,0.044660296,0.053617362,0.1327357,0.033183925
44236,0.0029414298,0.0015134057,0.004369454,0.009203499,0.20913446,0.26171473,0.06542868
44238,0.001965821,0.0015080194,0.0024236229,0.0032020106,0.49344864,0.523248,0.130812
44241,0.01921689,0.0015001213,0.036933657,0.03685073,0.08452007,0.044764172,0.011191043
44244,0.0040390417,0.0014797825,0.006598301,0.011299618,0.105199516,0.12120674,0.030301685
44246,0.014080223,0.0015010843,0.026659362,0.024463372,0.022821888,0.039085794,0.009771449
44249,0.011737272,0.0014726766,0.022001868,0.020509088,0.61112523,0.5917781,0.14794452
44251,0.013166759,0.0014263256,0.024907192,0.024492541,0.08834293,0.053437904,0.013359476
44254,0.017618915,0.0013978152,0.033840016,0.03521124,0.4442707,0.34735718,0.086839296
44257,0.002039752,0.0013846495,0.0026948545,0.0035508173,0.4201351,0.47038355,0.11759589
44259,0.016629174,0.0013841442,0.031874206,0.034499254,0.8402519,0.75737554,0.18934388
44262,0.012676024,0.0014152555,0.023936793,0.024894273,1.0822686,1.0176451,0.25441128
44265,0.025120197,0.0015032855,0.04873711,0.052490037,0.07467577,0.18309732,0.04577433
44267,0.0028618267,0.0015187127,0.0042049405,0.005759818,0.1603908,0.18086796,0.04521699
44270,0.016226744,0.0016096194,0.03084387,0.030378299,0.9158001,0.94800276,0.23700069
44272,0.0037195254,0.0017040452,0.0057350057,0.006673639,0.32586488,0.28953516,0.07238379
44275,0.014336041,0.0017567854,0.026915297,0.02561823,1.3302242,1.3229312,0.3307328
44278,0.020354265,0.0018943101,0.03881422,0.036666576,1.1140571,1.1691818,0.29229546
44280,0.0076590925,0.0019815415,0.013336644,0.011853896,0.07423252,0.091664314,0.022916079
44283,0.0024001624,0.0021458818,0.0026544433,0.0019158969,0.46124402,0.4356331,0.10890827
44285,0.0027909027,0.0022070135,0.003374792,0.005653096,0.21000005,0.2575889,0.06439722
44288,0.00542782,0.002421371,0.008434269,0.0078063305,0.36495283,0.33760116,0.08440029
44291,0.0020208843,0.0026490986,0.0013926701,0.0024813672,0.18197198,0.15064932,0.03766233
44293,0.012724309,0.0028202578,0.02262836,0.019256203,0.016240835,0.050375283,0.012593821
44296,0.0037467408,0.0030903795,0.004403102,0.003723614,0.3175363,0.29098058,0.072745144
44298,0.004488045,0.0031969417,0.0057791476,0.0054246797,0.3958472,0.4365728,0.1091432
44301,0.021903874,0.0032922633,0.040515486,0.03560659,1.0550445,1.0419368,0.2604842
44304,0.004555033,0.0034437801,0.005666286,0.0012419102,0.2993281,0.31009817,0.07752454
44306,0.024044484,0.0036532339,0.044435736,0.045066714,1.2164531,1.1637483,0.29093707
44309,0.015487768,0.004011233,0.026964301,0.028655497,0.053019386,0.038026735,0.009506684
44312,0.014920003,0.0042555053,0.025584498,0.030076688,0.14847611,0.2121997,0.053049926
44314,0.023965925,0.0043720715,0.04355978,0.041694988,0.04854046,0.12455844,0.03113961
44317,0.0043007643,0.0046388223,0.0039627063,0.0026784625,0.26646402,0.24363415,0.060908537
44319,0.0051540975,0.004875689,0.0054325056,0.0039074826,0.31866613,0.34565982,0.086414956
44322,0.0066856444,0.0054003135,0.007970976,0.003514083,0.30250332,0.29266986,0.073167466
44325,0.023378858,0.005755894,0.041001823,0.03515639,1.316606,1.3908142,0.34770355
44327,0.016182998,0.0059720315,0.026393965,0.025886744,0.10904432,0.1429441,0.035736024
44330,0.019752605,0.0062707034,0.033234507,0.03404924,0.05230777,0.089681506,0.022420377
44332,0.009671758,0.0065579764,0.01278554,0.003732128,0.22790813,0.20534678,0.051336695
44335,0.036307294,0.006997738,0.065616846,0.051049154,1.4650183,1.4536988,0.3634247
44338,0.008853506,0.007518183,0.01018883,0.007839558,0.2597504,0.22917797,0.05729449
44340,0.03206446,0.0078020133,0.056326907,0.05041932,0.11331812,0.19130152,0.04782538
44343,0.0068915426,0.008392959,0.005390126,0.0030396834,0.3087391,0.3455015,0.08637538
44345,0.006018357,0.0087486105,0.003288102,0.0052903467,0.15815793,0.19787347,0.04946837
44348,0.007408559,0.009384961,0.0054321564,0.0057851817,0.61403316,0.55069345,0.13767336
44351,0.029495193,0.009875149,0.049115237,0.039777372,0.03484893,0.09038502,0.022596255
44353,0.019163452,0.010088139,0.028238764,0.017237894,0.011633965,0.020595083,0.0051487708
44356,0.023959259,0.010673862,0.037244655,0.029953128,0.08100638,0.07119753,0.017799383
44359,0.010099291,0.011294492,0.008904091,0.0025017343,0.33057615,0.35360852,0.08840213
44361,0.029170444,0.011600527,0.046740357,0.03189813,0.9867332,0.99055463,0.24763866
44364,0.010338839,0.012255969,0.00842171,0.0020531155,0.28103575,0.26049605,0.06512401
44366,0.011089542,0.012342848,0.009836237,0.0013353996,0.29413655,0.27877387,0.06969347
44369,0.036606476,0.012618861,0.060594093,0.027024006,0.6824495,0.5301259,0.13253148
44372,0.0098532,0.01257281,0.0071335915,0.0059472304,0.12835003,0.1473332,0.0368333
44374,0.033594098,0.012377237,0.054810956,0.048763275,0.1578512,0.13240595,0.033101488
44377,0.022210075,0.011889189,0.03253096,0.024934774,0.027790546,0.04875907,0.012189767
44379,0.009318803,0.011631888,0.007005719,0.0032263647,0.19569749,0.1679465,0.041986626
44382,0.010298073,0.010982812,0.009613334,0.00515089,0.5590431,0.5492371,0.13730927
44385,0.010421994,0.010567824,0.010276165,0.0025322915,0.48237303,0.45918262,0.114795655
44387,0.032022666,0.0101688225,0.053876508,0.05936889,0.09279239,0.21694879,0.054237198
44390,0.008259077,0.00976949,0.0067486637,0.002817208,0.3186237,0.2938961,0.07347403
44392,0.017380266,0.009722884,0.025037648,0.018892465,0.4757119,0.43455252,0.10863813
44395,0.018006504,0.009789769,0.02622324,0.021272378,0.7321426,0.701438,0.1753595
44398,0.02492682,0.009815601,0.040038045,0.028744236,0.9505628,0.8787108,0.2196777
44400,0.007603453,0.009604523,0.0056023835,0.003980152,0.28137013,0.24572475,0.061431188
44403,0.024294147,0.009315331,0.039272964,0.038401097,1.3109778,1.2956158,0.32390395
44406,0.022425205,0.008663931,0.036186475,0.029068455,1.2418677,1.2036091,0.30090228
44408,0.017653748,0.008160133,0.027147362,0.025891406,0.736754,0.6699564,0.1674891
44411,0.01731973,0.007449265,0.027190194,0.0123640625,0.5159847,0.47915617,0.11978904
44413,0.0051069376,0.007120457,0.0030934177,0.0051251533,0.1771841,0.19961365,0.04990341
44416,0.024179928,0.0063666445,0.041993212,0.02796756,0.02828437,0.084139444,0.021034861
44419,0.006430755,0.005721563,0.0071399473,0.0031768838,0.22280431,0.18571877,0.046429694
44421,0.006327635,0.0049912794,0.007663992,0.0034704332,0.21806605,0.18429315,0.046073288
44424,0.012729402,0.004528234,0.020930568,0.014330744,0.556809,0.44634938,0.111587346
44426,0.02521872,0.0040131067,0.046424333,0.051159527,1.3183264,1.434446,0.3586115
44429,0.013825371,0.003369948,0.024280794,0.02166524,0.5567909,0.5090401,0.12726003
44432,0.003516742,0.0029856886,0.0040477957,0.0029094953,0.2928141,0.27557868,0.06889467
44434,0.0029783857,0.0025827743,0.0033739973,0.0033707048,0.42564678,0.43283066,0.108207665
44437,0.02914506,0.0024268816,0.055863235,0.061220113,1.3593854,1.5477883,0.38694707
44439,0.016264487,0.002504084,0.030024892,0.030729158,0.9292755,0.8183357,0.20458393
44442,0.021627195,0.0026632193,0.040591173,0.04142053,0.07020828,0.06416131,0.016040327
44445,0.0028355268,0.0029789254,0.0026921283,0.0032827407,0.3158288,0.3468744,0.0867186
44447,0.015427376,0.0032592723,0.02759548,0.033302996,0.02702304,0.075944476,0.018986119
44450,0.022427877,0.0039263717,0.04092938,0.042222474,0.8444123,0.9762318,0.24405795
44453,0.023589501,0.0049097254,0.04226928,0.048259508,0.05210607,0.111535005,0.027883751
44455,0.018998804,0.0060846074,0.031913,0.042962823,0.4964753,0.5257117,0.13142793
44458,0.030113487,0.006867399,0.05335957,0.052199703,0.9704042,1.1394664,0.2848666
44460,0.0067510814,0.006635981,0.0068661827,0.009230695,0.4799274,0.38307026,0.095767565
44463,0.010562066,0.0060847774,0.015039355,0.021490686,0.32369304,0.36004686,0.090011716
44466,0.027925113,0.0062432475,0.04960698,0.056305796,1.4502468,1.7539686,0.43849215
44468,0.006362649,0.006660417,0.0060648806,0.006222056,0.1840741,0.18632007,0.046580017
44471,0.035170544,0.0067797713,0.06356131,0.05372395,1.8637762,1.7669991,0.44174978
44473,0.006221628,0.006692083,0.0057511725,0.0065135327,0.3533454,0.36420345,0.09105086
44476,0.0065373783,0.005658515,0.0074162423,0.008839159,0.15845264,0.17018051,0.04254513
44479,0.00504904,0.00494145,0.00515663,0.010002258,0.47043407,0.3935884,0.0983971
44481,0.02540646,0.0038942294,0.04691869,0.051296294,1.1682352,1.0382634,0.25956586
44484,0.00615019,0.0028382428,0.009462136,0.012234747,0.097323395,0.10964519,0.027411297
44486,0.04209901,0.0022591448,0.08193887,0.08327058,0.13017108,0.056376457,0.014094114
44489,0.0034988646,0.0018342193,0.00516351,0.0069780834,0.20726375,0.21020691,0.052551728
44492,0.0024982586,0.001851102,0.0031454153,0.0030256489,0.2836043,0.27751875,0.06937969
44494,0.056485023,0.0019462621,0.11102378,0.10688869,1.60757,1.826492,0.456623
44497,0.009795043,0.0025125018,0.017077582,0.015595143,0.5076513,0.54499215,0.13624804
44500,0.0050483537,0.0031664546,0.006930253,0.0058571068,0.22350079,0.23429383,0.05857346
44502,0.004105212,0.003975786,0.0042346385,0.0045649293,0.23910089,0.2590438,0.06476095
44505,0.022351248,0.005416646,0.03928585,0.047004353,0.11504819,0.246,0.0615
44507,0.014366534,0.0057817083,0.022951359,0.021621132,0.08778766,0.105913974,0.026478494
44510,0.017162964,0.0057923445,0.028533584,0.02443484,0.019534042,0.055965465,0.013991366
44513,0.0087367,0.0055269194,0.01194648,0.005157975,0.35344258,0.40548,0.10137
44515,0.020813663,0.0057522985,0.035875026,0.03703094,0.18372841,0.21181434,0.052953586
44518,0.012399484,0.006019751,0.018779216,0.021476759,0.41838714,0.4267155,0.10667887
44520,0.017009756,0.0063271807,0.027692327,0.02519082,0.017264599,0.040341754,0.010085438
44523,0.0070785135,0.0068150214,0.007342005,0.0058134855,0.4375087,0.42517063,0.10629266
44526,0.040539075,0.0064331717,0.07464498,0.07094311,0.89634395,1.056742,0.2641855
44528,0.029461326,0.0057423674,0.05318029,0.058467362,0.065297306,0.16112813,0.040282033
44531,0.03335663,0.004472559,0.0622407,0.055156935,0.06664062,0.15234354,0.038085885
44533,0.023168685,0.004380679,0.041956693,0.039216176,0.027889,0.077053465,0.019263366
44536,0.014768127,0.0040521207,0.025484135,0.024870293,0.48223174,0.5437143,0.13592857
44539,0.029090522,0.0034915225,0.054689523,0.053759236,0.05230349,0.1092836,0.0273209
44541,0.0037080736,0.0035570592,0.0038590878,0.0037838847,0.32815215,0.3353642,0.08384105
44544,0.005342332,0.0040417467,0.0066429176,0.00450582,0.27274907,0.24709459,0.061773647
44547,0.036072895,0.0040876116,0.06805818,0.06627218,0.07050822,0.1269411,0.031735275
44549,0.03220879,0.0037175461,0.060700033,0.05688953,0.051303446,0.06347146,0.015867865
44552,0.020624734,0.0033154732,0.037933994,0.034223594,0.42862377,0.4187452,0.1046863
44554,0.005824542,0.0032319482,0.008417136,0.0059922063,0.4556364,0.46053067,0.11513267
44557,0.01869802,0.003662004,0.033734035,0.030080995,0.66677076,0.7398849,0.18497123
44560,0.029444836,0.0037656615,0.05512401,0.04519257,0.081898175,0.17561042,0.043902606
44562,0.022368612,0.0045093964,0.04022783,0.027533056,0.01042277,0.05474244,0.01368561
44565,0.022401055,0.0054538245,0.039348286,0.030649038,1.0478435,1.1296139,0.28240347
44567,0.007924375,0.005006728,0.0108420225,0.009095601,0.13187008,0.12082406,0.030206015
44570,0.02995775,0.0042368183,0.055678684,0.04517283,0.06452883,0.11574181,0.028935453
44573,0.019897254,0.003482677,0.03631183,0.02842852,0.056182664,0.037212074,0.009303018
44575,0.017424215,0.003109475,0.031738956,0.031631075,0.9554836,0.85976857,0.21494214
44578,0.019740876,0.0027687282,0.036713023,0.028569574,0.03632395,0.06303453,0.015758632
44581,0.019613901,0.002762954,0.03646485,0.0331237,0.009713014,0.053966492,0.013491623
44583,0.019773776,0.0027674057,0.036780145,0.037315655,0.9377382,0.79318506,0.19829626
44586,0.004070993,0.0027261656,0.005415821,0.005617282,0.6258261,0.6562833,0.16407083
44588,0.023970114,0.003381823,0.044558406,0.043273073,0.19011468,0.20906723,0.052266806
44591,0.014664647,0.0039410936,0.025388202,0.029834548,0.11332319,0.06740412,0.01685103
44594,0.021457806,0.004707631,0.03820798,0.043925215,0.4568523,0.6334087,0.15835218
44596,0.005615851,0.0057012946,0.005530407,0.009572058,0.30178228,0.35802087,0.08950522
44599,0.01166498,0.006574236,0.016755724,0.026345594,0.007919397,0.037859578,0.009464894
44601,0.0070730224,0.007209676,0.006936369,0.015426688,0.5061056,0.42713583,0.10678396
44604,0.007374974,0.0073578074,0.0073921406,0.015794199,0.56021875,0.48042628,0.12010657
44607,0.020280406,0.008201896,0.03235892,0.040082466,0.6257852,0.8349255,0.20873137
44609,0.014549289,0.00842603,0.020672547,0.030259425,0.46180484,0.36876893,0.09219223
44612,0.016432347,0.008926961,0.023937734,0.030577468,0.3492233,0.45471025,0.11367756
44614,0.017288923,0.008316551,0.026261294,0.031612307,0.35520425,0.48383322,0.120958306
44617,0.034707543,0.0069191433,0.062495943,0.056790113,0.0924009,0.20451881,0.051129702
44620,0.007928551,0.0056942035,0.010162899,0.0107775675,0.16354576,0.17577004,0.04394251
44622,0.0065388237,0.0049702507,0.008107397,0.011431952,0.4424454,0.5073347,0.12683368
44625,0.014569691,0.0043127453,0.024826637,0.028877929,0.72848153,0.66351604,0.16587901
44628,0.0051077334,0.0034397468,0.00677572,0.009644061,0.33546415,0.38459274,0.096148185
44630,0.005038123,0.002680329,0.0073959175,0.0073649175,0.19681175,0.2238955,0.055973876
44633,0.0060036494,0.0021969862,0.009810313,0.010552853,0.36162934,0.41385737,0.10346434
44635,0.029366946,0.0020812345,0.056652654,0.05707045,1.1631192,1.3867408,0.3466852
44638,0.005327033,0.0025713881,0.008082678,0.00868635,0.22336066,0.22990985,0.057477463
44641,0.0320921,0.0034989323,0.060685262,0.05629891,0.06500032,0.019372473,0.004843118
44643,0.0060849222,0.004433962,0.0077358824,0.012646426,0.07861895,0.10225084,0.02556271
44646,0.007535137,0.0058351266,0.009235146,0.0061961426,0.24905603,0.29498854,0.073747136
44648,0.02255419,0.0055326284,0.039575756,0.039226983,0.9030185,1.0281918,0.25704795
44651,0.004816823,0.0051078075,0.0045258384,0.0068441075,0.25390288,0.29599547,0.07399887
44654,0.024001008,0.005556029,0.042445987,0.04010278,0.1041834,0.078171544,0.019542886
44656,0.021439815,0.0056673824,0.03721225,0.032283302,1.0089797,0.93925095,0.23481274
44659,0.021387393,0.005156616,0.03761817,0.033543613,0.727063,0.6657043,0.16642608
44661,0.00962714,0.005119084,0.014135197,0.0069107064,0.43316618,0.50243986,0.12560996
44664,0.023596987,0.0054803104,0.041713666,0.054707687,0.070249625,0.15173449,0.03793362
44667,0.005986652,0.005714783,0.006258521,0.007766644,0.4869081,0.49671742,0.124179356
44669,0.015125398,0.00571794,0.024532855,0.024611896,0.011728566,0.040247772,0.010061943
44672,0.017754689,0.005055119,0.030454258,0.040003967,0.04392354,0.06925259,0.017313147
44675,0.031229736,0.0048569967,0.057602476,0.06445811,1.3265353,1.3653374,0.34133434
44677,0.023978343,0.005101383,0.042855304,0.044227507,0.041882634,0.115830444,0.028957611
44680,0.02085288,0.0051042507,0.03660151,0.049859952,0.06716991,0.10996344,0.02749086
44682,0.019027287,0.004704192,0.033350382,0.027640723,0.869401,0.9950399,0.24875997
44685,0.0069082007,0.0042525264,0.009563875,0.0112794405,0.27666962,0.25522134,0.063805334
44688,0.024915738,0.0040080096,0.045823466,0.038240086,1.1080928,1.3083609,0.32709023
44690,0.011995555,0.0037048366,0.020286275,0.019502986,0.43748155,0.47961855,0.11990464
44693,0.023282556,0.003494914,0.043070197,0.04504742,0.064296596,0.06233726,0.015584315
44695,0.005573794,0.0031395825,0.008008005,0.009864488,0.22951114,0.19410916,0.04852729
44698,0.021043366,0.00238428,0.03970245,0.037645128,0.04325515,0.11931609,0.029829023
44701,0.003441376,0.002547814,0.004334938,0.002506409,0.2650511,0.25417578,0.063543946
44703,0.015478517,0.0028705343,0.028086498,0.030154638,0.88981366,0.7568776,0.1892194
44706,0.0038585777,0.003323505,0.0043936507,0.004583379,0.4295989,0.4576168,0.1144042
44708,0.019291695,0.0032141886,0.035369202,0.024640402,0.0046818233,0.036315024,0.009078756
44711,0.0059551173,0.0034518708,0.008458364,0.0075849113,0.6252425,0.5611575,0.14028938
44714,0.021297475,0.0033364722,0.039258476,0.03903615,0.4044088,0.528817,0.13220425
44716,0.022361627,0.003477404,0.041245848,0.04074021,0.035540804,0.11952931,0.029882327
44719,0.003745883,0.0034865793,0.0040051867,0.0034880794,0.3723842,0.35227394,0.088068485
44722,0.027882837,0.0036296982,0.052135974,0.061018538,0.079465725,0.21213277,0.05303319
44724,0.025976209,0.0038267355,0.04812568,0.056586966,1.3277067,1.6034676,0.4008669
44727,0.02706918,0.0045326953,0.049605664,0.05664158,0.10212279,0.098790884,0.024697721
44729,0.021587627,0.005720575,0.03745468,0.04015714,0.022521531,0.054205954,0.0135514885
44732,0.012588496,0.0062447656,0.018932227,0.023017125,0.4864649,0.39603844,0.09900961
44735,0.022929301,0.007428102,0.0384305,0.05601685,0.07101249,0.047279228,0.011819807
44737,0.018681742,0.00867851,0.028684974,0.04015802,0.0075212927,0.05731162,0.014327905
44740,0.025350615,0.009278975,0.04142225,0.046402365,1.1621566,1.0183856,0.2545964
44742,0.008003742,0.008744418,0.007263068,0.006848,0.26601648,0.30070642,0.075176604
44745,0.019289238,0.008635397,0.029943079,0.042324137,0.72600526,0.950422,0.2376055
44748,0.008494382,0.009558688,0.007430077,0.012670386,0.27686873,0.34103572,0.08525893
44750,0.038307752,0.009427398,0.06718811,0.07183946,1.2583503,1.6359482,0.40898705
44753,0.019366773,0.008836153,0.029897394,0.03354221,0.65296566,0.58072,0.14518
44755,0.03400612,0.0097646,0.058247637,0.059533864,0.99033266,1.2968599,0.32421497
44758,0.017738445,0.009882573,0.025594316,0.036365196,0.33187595,0.4491929,0.11229823
44761,0.019696066,0.0086855395,0.030706594,0.037242185,0.050181378,0.05956623,0.014891557
44763,0.022698738,0.008468912,0.03692856,0.04383109,0.025708647,0.08483783,0.021209458
44766,0.0059420746,0.0069884784,0.0048956713,0.009754731,0.22733156,0.25075963,0.06268991
44769,0.022732643,0.0053059,0.040159386,0.049060896,0.04821835,0.051952604,0.012988151
44771,0.005906155,0.0039915545,0.007820754,0.015060429,0.19132681,0.23079367,0.057698417
44774,0.033067476,0.0030856773,0.06304927,0.063032605,1.3462496,1.6478611,0.41196528
44776,0.020967754,0.0029614475,0.03897406,0.044389743,0.60797495,0.65263134,0.16315784
44779,0.0040876595,0.0025176324,0.0056576864,0.005265124,0.16725266,0.18729234,0.046823084
44782,0.014539531,0.0031632457,0.025915816,0.030999707,0.046468157,0.07504276,0.01876069
44784,0.0062089525,0.004056322,0.008361583,0.008357781,0.43961957,0.5232544,0.1308136
44787,0.023338983,0.0034743168,0.043203652,0.039944645,0.92904395,1.099714,0.2749285
44789,0.014244832,0.0038820468,0.02460762,0.024015425,0.6400054,0.59817576,0.14954394
44792,0.007820836,0.0037168134,0.011924859,0.016069598,0.40053153,0.39099562,0.097748905
44795,0.0076471656,0.004624627,0.010669704,0.0065270304,0.28490165,0.33910108,0.08477527
44797,0.008923992,0.004937165,0.012910818,0.009576929,0.22931564,0.23522352,0.05880588
44800,0.028163426,0.0053571607,0.05096969,0.051485375,0.0854303,0.17871134,0.044677835
44802,0.030156577,0.005658824,0.05465433,0.045947682,1.0643129,1.2700266,0.31750664
44805,0.02713135,0.0045195357,0.049743164,0.047038943,0.9995511,1.1214744,0.2803686
44808,0.0056866184,0.0049567786,0.006416458,0.0055683237,0.20616598,0.22926037,0.057315093
44810,0.0144494,0.004757498,0.024141302,0.02688952,0.43667856,0.43139836,0.10784959
44813,0.0035227293,0.004267217,0.0027782414,0.0043951278,0.38324133,0.3942492,0.0985623
44816,0.023066835,0.00410128,0.04203239,0.041383166,0.034364462,0.090206295,0.022551574
44818,0.019434221,0.00466907,0.034199372,0.026967332,0.69737345,0.5997756,0.1499439
44821,0.015460706,0.004225485,0.026695928,0.031068062,0.087085396,0.15656248,0.03914062
44823,0.022192435,0.0042466433,0.04013823,0.0423992,0.030200792,0.090288915,0.022572229
44826,0.019398533,0.004395723,0.034401342,0.034761857,0.85673237,0.72615004,0.18153751
44829,0.017190905,0.0038075896,0.030574223,0.031062575,0.52045846,0.5985291,0.14963228
44831,0.0068592485,0.0035513241,0.010167173,0.011680271,0.32812595,0.30794656,0.07698664
44834,0.0072894096,0.0032733362,0.011305484,0.009087204,0.1803269,0.18598728,0.04649682
44836,0.024764702,0.002980801,0.046548605,0.048167657,0.08329432,0.11903223,0.029758057
44839,0.048535258,0.0025483244,0.094522186,0.08472594,0.1733781,0.11125189,0.027812973
44842,0.009413839,0.0028059378,0.016021742,0.013880469,0.3795081,0.33031464,0.08257866
44844,0.0027564948,0.0032211703,0.0022918193,0.0030108213,0.53435737,0.52573776,0.13143444
44847,0.0072332746,0.0037784707,0.010688079,0.0048011746,0.24987519,0.263739,0.06593475
44849,0.0034830337,0.0039350917,0.0030309756,0.0025246125,0.30214596,0.2849675,0.07124188
44852,0.020175764,0.003805273,0.036546256,0.034388665,0.15616322,0.19867802,0.049669504
44855,0.020013645,0.0038921435,0.03613515,0.029629037,0.10771779,0.10470309,0.026175773
44857,0.036312904,0.004221034,0.06840477,0.07095923,1.5432488,1.6597201,0.41493002
44860,0.018680887,0.0032765903,0.034085184,0.030433362,0.056548033,0.060108464,0.015027116
44863,0.011442917,0.0029190322,0.019966802,0.018079974,0.42168495,0.35114154,0.087785386
44865,0.027773552,0.0032411118,0.052305993,0.04582977,0.9705982,0.73164195,0.18291049
44868,0.0036761593,0.0026627576,0.004689561,0.0028500718,0.18609934,0.17819794,0.044549484
44870,0.020397138,0.0026461354,0.03814814,0.0360269,0.8833463,0.74976414,0.18744104
44873,0.023613604,0.0033897609,0.043837447,0.045827407,1.6178612,1.5208759,0.38021898
44876,0.00437621,0.0035840485,0.0051683704,0.0062259524,0.30426553,0.29568076,0.07392019
44878,0.02944349,0.0043469016,0.05454008,0.060441058,1.2693691,1.0998263,0.27495658
44881,0.019209368,0.0035755776,0.034843158,0.033139754,0.794167,0.67173594,0.16793399
44883,0.022573128,0.0036971143,0.04144914,0.04289419,1.1512451,0.9815163,0.24537908
44886,0.0041789096,0.0036705064,0.0046873125,0.004206559,0.32619682,0.3595172,0.0898793
44889,0.014988412,0.004825208,0.025151618,0.034630604,0.03025411,0.03657536,0.00914384
44891,0.028578939,0.005472316,0.05168556,0.053368393,1.1482987,0.93060654,0.23265164
44894,0.019899426,0.0042178,0.035581052,0.037910085,0.11814511,0.17536272,0.04384068
44896,0.017670145,0.00545758,0.029882709,0.035617825,0.662846,0.84156924,0.21039231
44899,0.010830126,0.0052389163,0.016421335,0.02192518,0.35170054,0.3961474,0.09903685
44902,0.019989425,0.0051661087,0.034812745,0.038024124,0.019348117,0.08129146,0.020322865
44904,0.023760313,0.0047579254,0.0427627,0.037523773,1.7674714,1.7728316,0.4432079
44907,0.015236496,0.0041189124,0.02635408,0.025060415,0.060390204,0.08658246,0.021645615
44910,0.0043129283,0.0027850214,0.0058408356,0.0073468704,0.25677478,0.29207698,0.073019244
44912,0.011881282,0.0027230482,0.021039516,0.026624372,0.06797223,0.037321944,0.009330486
44915,0.013434292,0.0027478605,0.024120724,0.023833284,0.032173738,0.07139828,0.01784957
44917,0.0054191784,0.0022657625,0.008572594,0.008148577,0.42769325,0.5073717,0.12684293
44920,0.0035722477,0.0019803161,0.005164179,0.0059309546,0.19872387,0.22418106,0.056045264
44923,0.021845886,0.0024275202,0.041264255,0.03767286,1.0189565,0.93733424,0.23433356
44925,0.007013867,0.0031385627,0.010889173,0.008011886,0.3812795,0.43941998,0.109854996
44928,0.006405438,0.0043974062,0.008413469,0.0063134916,0.2306631,0.24866325,0.06216581
44930,0.008162683,0.005135463,0.011189903,0.006845376,0.2820941,0.3293639,0.08234098
44933,0.02402682,0.004517746,0.0435359,0.04335757,0.10330308,0.15127607,0.037819017
44936,0.015229956,0.0049377163,0.025522197,0.02032081,0.51250833,0.4872873,0.12182183
44938,0.021126656,0.005361253,0.036892056,0.033571906,0.05223878,0.09445771,0.023614427
44941,0.037018288,0.0076782866,0.06635829,0.06021898,0.96326727,1.1861311,0.29653278
44943,0.027164219,0.0082613835,0.046067055,0.03568241,0.8419151,0.7841757,0.19604392
44946,0.029311975,0.0081143975,0.050509553,0.053345498,0.087281525,0.151267,0.03781675
44949,0.0132634565,0.007954918,0.018571993,0.01772342,0.08190345,0.09549663,0.023874158
44951,0.013685389,0.0077233105,0.019647468,0.008291536,0.3555986,0.44072413,0.11018103
44954,0.034722008,0.0076511544,0.06179286,0.06034105,0.08019511,0.026216632,0.006554158
44957,0.007726601,0.007323131,0.008130072,0.0057322723,0.19650055,0.20224352,0.05056088
44959,0.011907731,0.008892448,0.014923017,0.0053823814,0.24266918,0.28489152,0.07122288
44962,0.040576827,0.010303369,0.07085028,0.06752942,0.069660984,0.17917466,0.044793665
44964,0.033955615,0.008799169,0.05911206,0.046917636,0.9589961,0.9210971,0.23027427
44967,0.01348048,0.007935356,0.019025603,0.016431889,0.36649415,0.37149262,0.092873156
44970,0.021566927,0.0074178553,0.035716,0.02874139,0.35455516,0.42793837,0.10698459
44972,0.029732717,0.008414511,0.05105092,0.04234034,0.072585575,0.10700402,0.026751004
44975,0.027211942,0.008089277,0.046334606,0.033602685,0.6277341,0.51965356,0.12991339
44977,0.030664183,0.0072414638,0.054086905,0.042586062,0.02489202,0.088916965,0.022229241
44980,0.027628595,0.006750235,0.048506957,0.036660094,0.8114419,0.9907332,0.2476833
44983,0.04677862,0.0073304162,0.08622682,0.088985205,1.504284,1.6471437,0.41178593
44985,0.017105674,0.006498276,0.02771307,0.016794877,0.37098503,0.45964566,0.114911415
44988,0.010416276,0.0069268695,0.013905682,0.0063417703,0.17183535,0.16415812,0.04103953
44990,0.039553754,0.0069050454,0.07220247,0.06369067,0.17604701,0.2369597,0.059239924
44993,0.030471079,0.007832736,0.053109422,0.044530984,1.2265111,1.1741356,0.2935339
44996,0.011011767,0.006821388,0.015202145,0.005526745,0.3046118,0.33510303,0.08377576
44998,0.009421848,0.007017207,0.011826488,0.0060011703,0.15361327,0.14150552,0.03537638
45001,0.03818715,0.007454409,0.06891989,0.04829623,1.0322587,0.81105727,0.20276432
45004,0.03049732,0.007908453,0.053086188,0.036457296,0.039193835,0.10760897,0.026902242
45006,0.02699638,0.0073807747,0.046611983,0.03225167,0.5249674,0.6963499,0.17408748
45009,0.043970194,0.007214473,0.080725916,0.07329094,0.188784,0.22163825,0.05540956
45011,0.027787557,0.006331628,0.049243484,0.0396589,0.03493217,0.031284243,0.007821061
45014,0.03126976,0.005700408,0.05683911,0.048698083,0.86980534,1.1565957,0.28914893
45017,0.029004602,0.0059703854,0.05203882,0.045503717,0.1590354,0.15956287,0.039890718
45019,0.027831709,0.0070156753,0.048647743,0.03781854,0.34566534,0.5064917,0.12662293
45022,0.02779229,0.008383018,0.047201563,0.046852514,0.04109772,0.033933632,0.008483408
45024,0.044643383,0.008944893,0.080341876,0.07325166,0.060465414,0.19949795,0.04987449
45027,0.024822103,0.0076629664,0.04198124,0.045821976,0.09109672,0.05686594,0.014216485
45030,0.018455073,0.008332502,0.028577643,0.02385919,0.43737936,0.3684423,0.092110574
45032,0.010017225,0.008350033,0.011684415,0.011154346,0.389558,0.32511306,0.081278265
45035,0.012690634,0.009929673,0.015451595,0.012549129,0.37510118,0.46503997,0.11625999
45037,0.043097973,0.009395971,0.07679998,0.06498838,0.6863561,1.0237168,0.2559292
45040,0.02735526,0.01065021,0.04406031,0.046358388,0.12578489,0.064137034,0.016034259
45043,0.030371027,0.010680472,0.050061584,0.04530419,0.016872713,0.08418191,0.021045478
45045,0.034829322,0.010424218,0.05923443,0.057361502,0.014703739,0.086191736,0.021547934
45048,0.02033256,0.0100332005,0.03063192,0.030070715,0.28585318,0.3957088,0.0989272
45051,0.018156799,0.009005533,0.027308064,0.03439941,0.17505594,0.1549862,0.03874655
45053,0.009372993,0.010429312,0.008316676,0.0150429355,0.2532495,0.24555875,0.06138969
45056,0.037614774,0.010647565,0.06458198,0.06690952,0.13345243,0.13675137,0.034187842
45058,0.052195817,0.009590764,0.09480087,0.097052015,1.4474856,1.7673283,0.44183207
45061,0.04408297,0.010662072,0.07750387,0.06716612,0.6550749,1.034972,0.258743
45064,0.026558874,0.010731523,0.042386223,0.050495863,0.82763386,0.8749151,0.21872878
45066,0.011618793,0.012200884,0.011036702,0.018892014,0.18380378,0.17563735,0.043909337
45069,0.033010688,0.011800297,0.054221075,0.062972076,0.083140336,0.058814358,0.0147035895
45071,0.02355191,0.0130797215,0.034024093,0.042397708,0.101891495,0.17156892,0.04289223
45074,0.022938287,0.013630602,0.032245975,0.033391844,0.3646258,0.38566983,0.09641746
45077,0.023491105,0.016119808,0.030862398,0.037182283,0.4771495,0.48369887,0.12092472
45079,0.021286463,0.016000459,0.026572466,0.03542671,0.5791683,0.556216,0.139054
45082,0.020220375,0.012746371,0.02769438,0.03292818,0.15417854,0.148911,0.03722775
45085,0.01239799,0.01340282,0.01139316,0.015225283,0.1959355,0.26285666,0.065714166
45087,0.026064977,0.012822705,0.03930725,0.041765947,0.5555126,0.5905717,0.14764293
45090,0.046924695,0.016555505,0.07729389,0.07401687,0.4713161,0.80483437,0.20120859
45092,0.022248758,0.017794281,0.026703233,0.023181444,0.33848372,0.47986403,0.11996601
45095,0.021095103,0.020069765,0.02212044,0.019601172,0.21630317,0.29362282,0.073405705
45098,0.10283945,0.020229405,0.1854495,0.17263527,0.8231315,1.5897375,0.39743438
45100,0.04597274,0.020955497,0.07098998,0.06485925,0.049205463,0.11625833,0.029064583
45103,0.01716542,0.02164442,0.012686419,0.01553586,0.3193823,0.29948753,0.07487188
45105,0.021305352,0.023573989,0.019036716,0.023127815,0.36009213,0.37175128,0.09293782
45108,0.024962666,0.025179246,0.024746085,0.046480376,0.064136885,0.050884247,0.012721062
45111,0.085598014,0.023918672,0.14727736,0.14621791,0.7286439,1.365817,0.34145424
45113,0.02463215,0.023015624,0.026248679,0.044604976,0.069007866,0.055375304,0.013843826
45116,0.034704387,0.020688811,0.04871996,0.0645906,0.018587582,0.08553374,0.021383435
45118,0.013277593,0.019720195,0.006834991,0.011949628,0.15061466,0.17507653,0.043769132
45121,0.064324826,0.022127027,0.10652262,0.10102471,0.9358621,1.2079377,0.30198443
45124,0.018458376,0.02093683,0.015979921,0.019690307,0.41704258,0.43268824,0.10817206
45126,0.029500319,0.022098487,0.03690215,0.03719761,0.27263483,0.4261602,0.10654005
45129,0.01830765,0.02018871,0.016426593,0.02399732,0.28524432,0.2831734,0.07079335
45132,0.018055452,0.019842625,0.016268278,0.029383346,0.37456656,0.5564592,0.1391148
45134,0.050070047,0.021400312,0.078739785,0.071423285,0.07554088,0.20879316,0.05219829
45137,0.06637753,0.018321315,0.11443374,0.09640088,0.8203163,1.1769907,0.2942477
45139,0.017862795,0.018539479,0.017186107,0.024666598,0.1327955,0.15237164,0.03809291
45142,0.027613198,0.01782699,0.037399404,0.061234552,0.062013533,0.0483048,0.0120762
45145,0.043743525,0.019134881,0.06835217,0.06175195,0.8699975,1.0334765,0.25836912
45147,0.09548616,0.019805618,0.1711667,0.19018055,0.9360264,1.8028135,0.45070338
45150,0.015146519,0.016373837,0.0139192,0.016949235,0.33799067,0.37907967,0.09476992
45152,0.07614479,0.01929414,0.13299544,0.14951752,0.7903674,1.4728847,0.36822116
45155,0.040345896,0.01899801,0.061693788,0.05737075,0.03092798,0.09049671,0.022624178
45158,0.017534645,0.020330602,0.014738686,0.017316846,0.26218757,0.37174353,0.09293588
45160,0.02164268,0.020577645,0.022707714,0.023161823,0.3482698,0.49615836,0.12403959
45163,0.0496089,0.019723983,0.07949382,0.061393768,0.58175033,0.7960665,0.19901663
45165,0.020510353,0.021193452,0.019827254,0.023596464,0.063172124,0.0667318,0.01668295
45168,0.016281174,0.020248637,0.012313713,0.020032296,0.24830943,0.28702408,0.07175602
45171,0.023471175,0.019217554,0.027724793,0.029210756,0.3086929,0.36109364,0.09027341
45173,0.04851112,0.021480272,0.07554197,0.06776031,0.523701,0.8427873,0.21069683
45176,0.026809946,0.020558996,0.033060897,0.05339073,0.039144043,0.06646825,0.016617062
45179,0.06379294,0.021932319,0.105653554,0.11259505,0.89022684,1.1944937,0.2986234
45181,0.018568097,0.020561473,0.016574718,0.024947688,0.04162779,0.07052359,0.017630897
45184,0.08396784,0.021553427,0.14638226,0.14853631,0.83644503,1.5225791,0.38064477
45186,0.01599428,0.02077137,0.011217191,0.023272986,0.15520628,0.17578597,0.043946493
45189,0.022555247,0.020267196,0.024843298,0.026948774,0.013334569,0.03014121,0.0075353025
45192,0.019807892,0.01746337,0.022152416,0.029972767,0.051506877,0.035866268,0.008966567
45194,0.011071175,0.014102146,0.008040206,0.017456673,0.25467506,0.2784541,0.069613524
45197,0.011012688,0.014103693,0.0079216845,0.016401796,0.47667345,0.4989977,0.12474942
45199,0.030854741,0.010477033,0.051232453,0.051580455,0.07859259,0.10701239,0.026753098
45202,0.02266034,0.008544787,0.036775894,0.03338143,0.43051848,0.590355,0.14758874
45205,0.030604541,0.010269078,0.050940003,0.04289032,0.5933194,0.81842,0.204605
45207,0.03518142,0.0114803435,0.058882505,0.062624075,0.96817034,1.0954098,0.27385244
45210,0.01068312,0.012822009,0.008544234,0.015196751,0.19346462,0.22890465,0.057226162
45212,0.038540334,0.012483172,0.064597495,0.08268667,0.904463,1.1466538,0.28666344
45215,0.03279802,0.013882742,0.05171329,0.05540639,0.0401457,0.10603941,0.026509853
45218,0.013925166,0.012168437,0.015681894,0.011513382,0.31264114,0.3981894,0.09954735
45220,0.009580731,0.012847442,0.006314021,0.011378462,0.37626204,0.39722586,0.099306464
45223,0.040878903,0.01458323,0.067174576,0.05119304,0.07711399,0.17944746,0.044861864
45226,0.020766824,0.014925198,0.026608452,0.028328815,0.014269307,0.018520266,0.0046300665
45228,0.026610652,0.01631548,0.036905825,0.01669468,0.49434888,0.65275043,0.16318761
45231,0.022032028,0.013880652,0.030183403,0.033909436,0.020121517,0.021562574,0.0053906436
45233,0.044534195,0.013665497,0.07540289,0.08415686,1.2082068,1.4669536,0.3667384
45236,0.022257866,0.012611251,0.031904485,0.03951286,0.03429267,0.02970733,0.0074268323
45239,0.011720769,0.012288627,0.011152911,0.010861876,0.14725208,0.16755395,0.041888487
45241,0.03354821,0.012246673,0.054849744,0.063039936,0.035481855,0.10308804,0.02577201
45244,0.010257504,0.011550277,0.00896473,0.010317376,0.41925097,0.3868877,0.096721925
45246,0.014036612,0.011872488,0.016200736,0.010619901,0.1408308,0.16857149,0.04214287
45249,0.048334796,0.010259288,0.08641031,0.08156934,0.7245372,1.0342199,0.25855497
45252,0.023386678,0.010505289,0.036268067,0.02902925,0.44356266,0.5854936,0.1463734
45254,0.013971418,0.009887769,0.018055068,0.017088974,0.368673,0.32249114,0.080622785
45257,0.033235934,0.009992227,0.056479637,0.0494176,0.4996656,0.7283266,0.18208165
45259,0.0348208,0.007183666,0.06245793,0.06952906,0.07309414,0.07786799,0.019466998
45262,0.032158602,0.006614998,0.057702202,0.058327988,1.1603069,1.150544,0.287636
45265,0.022243368,0.0075045996,0.036982138,0.03771894,0.046111155,0.020087587,0.0050218967
45267,0.014318135,0.0065480056,0.022088265,0.022459557,0.32363662,0.38668022,0.096670054
45270,0.021414453,0.0064326716,0.036396235,0.042534184,0.10836222,0.101492226,0.025373057
45273,0.006365633,0.0060234144,0.0067078527,0.009283074,0.12525648,0.11920155,0.029800387
45275,0.011034832,0.0055334046,0.01653626,0.013279065,0.52840394,0.6492476,0.1623119
45278,0.0341038,0.005620153,0.06258745,0.06745561,0.15802504,0.13210602,0.033026505
45280,0.017435497,0.00579727,0.029073723,0.03201063,0.031061143,0.05885501,0.014713752
45283,0.031235268,0.0061265454,0.056343988,0.04539621,0.039472993,0.07146391,0.017865978
45286,0.048207875,0.005888237,0.09052751,0.08921369,0.85712117,1.2313318,0.30783296
45288,0.01400739,0.0063860696,0.02162871,0.023316527,0.48019895,0.4030788,0.1007697
45291,0.030567614,0.0070800832,0.054055143,0.05349801,0.029737586,0.10103289,0.025258223
45293,0.028613457,0.0062613008,0.05096562,0.054832477,0.028034588,0.09574869,0.023937173
45296,0.037825573,0.007146612,0.068504535,0.07146542,1.2344865,1.3132366,0.32830915
45299,0.032554988,0.0080214,0.057088573,0.0621469,0.16999675,0.21217377,0.053043444
45301,0.023493463,0.00795214,0.039034788,0.040200602,0.9959245,0.883825,0.22095625
45304,0.030865029,0.009002556,0.0527275,0.055881295,0.9324782,0.9544776,0.2386194
45306,0.009981451,0.009545651,0.01041725,0.011829275,0.22927432,0.28089723,0.07022431
45309,0.007838759,0.0097441785,0.0059333392,0.011034019,0.28208634,0.25592864,0.06398216
45312,0.022555077,0.010212342,0.03489781,0.04349451,0.05295955,0.024494842,0.0061237104
45314,0.029408278,0.0109321885,0.04788437,0.05847642,0.08014085,0.07713813,0.019284533
45317,0.07041503,0.013919119,0.12691094,0.10855752,1.529785,1.8426094,0.46065235
45320,0.033090994,0.013411403,0.052770585,0.054590046,0.36429214,0.5891096,0.1472774
45322,0.042934585,0.014733985,0.071135186,0.075827,0.4963303,0.8260884,0.2065221
45325,0.012136333,0.015149274,0.00912339,0.01731425,0.18736343,0.18596713,0.046491783
45327,0.02497416,0.017421922,0.0325264,0.04066794,0.16423847,0.12352594,0.030881485
45330,0.058805216,0.015495424,0.102115005,0.09533445,1.2286066,1.4114214,0.35285535
45333,0.019016728,0.016807122,0.021226333,0.020944456,0.36539945,0.51354426,0.12838607
45335,0.027668366,0.018034188,0.037302542,0.03628939,0.63422054,0.6466356,0.1616589
45338,0.017175043,0.01584317,0.018506918,0.020477653,0.27040637,0.3794321,0.09485803
45340,0.0391122,0.015177687,0.063046716,0.07999876,0.0986452,0.070001245,0.017500311
45343,0.028599465,0.014614395,0.04258454,0.04915159,0.22068076,0.25199583,0.06299896
45346,0.0215324,0.016206536,0.026858263,0.04404026,0.060649503,0.028268978,0.0070672445
45348,0.031034864,0.014037709,0.04803202,0.06215662,0.80339783,0.859281,0.21482025
45351,0.023787064,0.012710441,0.034863684,0.04355696,0.75870943,0.78074056,0.19518514
45353,0.043733556,0.012042578,0.07542454,0.080553375,0.65210205,1.0725176,0.2681294
45356,0.038963497,0.014600713,0.06332628,0.056472633,0.023238657,0.084213294,0.021053324
45359,0.024031768,0.013902578,0.03416096,0.04410355,0.58822805,0.6200747,0.15501867
45361,0.059295345,0.013125561,0.10546514,0.11244566,0.9734737,1.5823003,0.39557508
45364,0.015870793,0.013444964,0.01829662,0.018836198,0.45401183,0.43534327,0.10883582
45367,0.040496323,0.013409966,0.067582674,0.07671857,0.64373875,1.0037518,0.25093794
45369,0.06644233,0.013498622,0.11938604,0.118955515,0.9543519,1.5770946,0.39427364
45372,0.019773336,0.015115622,0.02443105,0.030913815,0.2997325,0.4162706,0.10406765
45374,0.040533036,0.014813106,0.06625297,0.08164604,0.9691618,1.1715403,0.29288507
45377,0.05687609,0.016332338,0.097419836,0.10614848,0.7455674,1.24273,0.3106825
45380,0.037937973,0.019385118,0.056490824,0.06465951,0.07554222,0.14046347,0.035115868
45382,0.021964066,0.020770868,0.023157263,0.028199548,0.39580595,0.37641343,0.09410336
45385,0.064022966,0.017926484,0.11011944,0.10590211,1.1747373,1.4715486,0.36788714
45387,0.026574524,0.019205982,0.03394307,0.04777048,0.4644542,0.6839955,0.17099887
45390,0.03689285,0.020027472,0.05375823,0.08656394,0.06888495,0.060870532,0.015217633
45393,0.058610708,0.020624435,0.09659698,0.11090573,0.71466225,1.224811,0.30620274
45395,0.027054287,0.02174759,0.032360986,0.028162723,0.0111568635,0.030412473,0.007603118
45398,0.028188357,0.02355886,0.032817855,0.037036933,0.32148752,0.48904502,0.122261256
45400,0.023309618,0.024247274,0.022371965,0.03473095,0.089508824,0.05342649,0.013356622
45403,0.02002606,0.02600286,0.014049261,0.01889564,0.2860584,0.39898598,0.099746495
45406,0.036314424,0.028600782,0.04402807,0.04769209,0.400776,0.617713,0.15442824
45408,0.054692637,0.027343323,0.08204195,0.048885364,0.7094998,0.8605771,0.21514428
45411,0.024692595,0.025655987,0.023729205,0.030121123,0.009545044,0.030382672,0.007595668
45414,0.030310934,0.026961213,0.033660654,0.028718306,0.026674332,0.044935435,0.011233859
45416,0.024841234,0.025628515,0.024053955,0.042821597,0.05686297,0.049169164,0.012292291
45419,0.018400444,0.02315007,0.013650816,0.023443947,0.27022743,0.22780712,0.05695178
45421,0.01807151,0.020327657,0.015815364,0.013312667,0.3640584,0.36730388,0.09182597
45424,0.01983995,0.020756772,0.01892313,0.018388325,0.1399942,0.12690182,0.031725455
45427,0.032085557,0.019492825,0.04467829,0.06524619,0.6249106,0.9033392,0.2258348
45429,0.049809743,0.017673114,0.08194637,0.061236817,1.4066683,1.5563842,0.38909605
45432,0.025348708,0.016371392,0.03432602,0.05312519,0.46766067,0.69838095,0.17459524
45434,0.010317984,0.016124561,0.0045114052,0.018277118,0.24931204,0.33880663,0.08470166
45437,0.017967662,0.012626021,0.023309303,0.036158796,0.055178475,0.05037917,0.012594792
45440,0.011552054,0.011203874,0.011900235,0.01049709,0.20967847,0.21809582,0.054523956
45442,0.0581927,0.011182512,0.10520289,0.097812794,1.3901707,1.5716511,0.39291278
45445,0.014074395,0.010796122,0.017352669,0.030538728,0.03241765,0.021921294,0.0054803235
45447,0.008868563,0.010773201,0.0069639254,0.008947755,0.36742583,0.36717248,0.09179312
45450,0.029948084,0.010876232,0.049019933,0.049295556,0.03585485,0.11172032,0.02793008
45453,0.022383133,0.009282066,0.035484202,0.04052968,0.8682108,0.82861835,0.20715459
45455,0.017365295,0.008909238,0.025821352,0.03309389,0.615773,0.58734727,0.14683682
45458,0.006692329,0.008724935,0.0046597216,0.009697434,0.5723071,0.5775779,0.14439447
45461,0.012654006,0.009084756,0.016223256,0.02207166,0.022006439,0.031647522,0.0079118805
45463,0.021802163,0.009137281,0.03446704,0.038292747,0.6586582,0.68157357,0.17039339
45466,0.03773616,0.008983035,0.06648928,0.06325387,0.04512635,0.13225216,0.03306304
45468,0.021518774,0.008702085,0.034335464,0.033985887,0.41932154,0.5318114,0.13295285
45471,0.007906389,0.009890496,0.0059222835,0.011437352,0.28053185,0.31480724,0.07870181
45474,0.05158102,0.010170639,0.092991404,0.08470831,1.2608038,1.7036337,0.42590842
45476,0.00618385,0.00874789,0.0036198106,0.0093187895,0.4277266,0.46040097,0.11510024
45479,0.0054148813,0.007597053,0.00323271,0.008579088,0.26722485,0.29445654,0.073614135
45481,0.008118814,0.0075157606,0.008721867,0.010143576,0.23098509,0.26148245,0.06537061
45484,0.022274276,0.006943545,0.037605006,0.045643043,0.04942787,0.086185895,0.021546474
45487,0.026922986,0.006394177,0.047451794,0.049585726,0.039117176,0.099126875,0.024781719
45489,0.017344052,0.006049331,0.028638775,0.031359613,0.030632908,0.056058478,0.014014619
45492,0.005638968,0.0062479884,0.005029948,0.0049014515,0.18766522,0.19821298,0.049553245
45494,0.0066177347,0.006717004,0.006518465,0.0050287456,0.21158838,0.22268903,0.05567226
45497,0.009146914,0.0069865584,0.011307269,0.007382009,0.37516046,0.42176917,0.10544229
45500,0.018459966,0.006524795,0.030395137,0.028974311,0.10764146,0.1454045,0.036351126
45502,0.010183143,0.006287308,0.014078979,0.007657869,0.4960793,0.55446786,0.13861696
45505,0.00852244,0.0057138684,0.011331012,0.004326254,0.37210736,0.42262658,0.105656646
45508,0.015184029,0.0056539127,0.024714144,0.017232705,0.010505314,0.037318636,0.009329659
45510,0.018624255,0.0053663873,0.031882122,0.030870005,0.030166736,0.040730204,0.010182551
45513,0.027429752,0.0053182323,0.04954127,0.03762512,1.0009133,0.8650009,0.21625023
45515,0.022660248,0.0053341184,0.039986376,0.03561903,0.06771473,0.11865103,0.029662758
45518,0.0139092645,0.0052563823,0.022562146,0.016503386,0.08752203,0.09832958,0.024582395
45521,0.016815364,0.0047153533,0.028915375,0.023768866,0.3978158,0.34307733,0.08576933
45523,0.008656133,0.0043491726,0.012963093,0.0095690405,0.40321732,0.38751802,0.096879505
45526,0.01622941,0.0039170277,0.02854179,0.025053248,1.000067,1.0307286,0.25768214
45528,0.029893441,0.0037273106,0.05605957,0.05705982,0.106474996,0.20781647,0.051954117
45531,0.004957973,0.0035920758,0.0063238703,0.0054611885,0.37260485,0.38976994,0.097442485
45534,0.02308937,0.003638697,0.042540044,0.04171124,0.06436624,0.104817115,0.026204279
45536,0.0073462855,0.0037371006,0.010955471,0.00392363,0.32973978,0.34358856,0.08589714
45539,0.011915535,0.0038475704,0.019983498,0.013978139,0.3435569,0.3106356,0.0776589
45542,0.01616028,0.0038141694,0.02850639,0.025911907,0.5895083,0.49252924,0.12313231
45544,0.004872476,0.0038519676,0.0058929846,0.0042638252,0.14851438,0.14264269,0.035660673
45547,0.020116365,0.0038999624,0.036332767,0.030539418,0.03713328,0.09530603,0.023826508
45549,0.016297644,0.0037558817,0.028839404,0.024593035,0.048553865,0.037503216,0.009375804
45552,0.014447421,0.0035415732,0.025353268,0.02102981,0.16249312,0.16128905,0.040322263
45555,0.017467905,0.0035342409,0.03140157,0.028966092,1.0843188,1.1738611,0.2934653
45557,0.02257528,0.0037019018,0.041448656,0.04286818,1.0936725,0.9386155,0.23465388
45560,0.017986631,0.003871835,0.032101426,0.023330623,0.5398202,0.6210286,0.15525715
45562,0.005247244,0.0037028126,0.006791676,0.0057582483,0.21871142,0.19176368,0.04794092
45565,0.021313153,0.003675008,0.0389513,0.039067388,1.1749182,0.95783263,0.23945816
45568,0.021492405,0.0036429272,0.03934188,0.04277365,0.9083083,0.6597333,0.16493332
45570,0.016220244,0.003650834,0.028789654,0.034793247,0.75038147,0.65148634,0.16287158
45573,0.015557001,0.0039298707,0.02718413,0.028881872,0.63547754,0.7708884,0.1927221
45575,0.004045459,0.004005747,0.0040851715,0.003495507,0.26261482,0.27141505,0.06785376
45578,0.006809072,0.005179176,0.008438967,0.0065422296,0.35005614,0.40218362,0.100545906
45581,0.010695804,0.0060257423,0.015365866,0.028630994,0.50485605,0.40907028,0.10226757
45583,0.017826615,0.00662459,0.02902864,0.040244725,0.0801455,0.056718823,0.014179706
45586,0.020025985,0.007792838,0.032259133,0.038207166,0.680687,0.85356826,0.21339206
45589,0.018798308,0.008379724,0.029216895,0.04497611,0.04691874,0.02183064,0.00545766
45591,0.009739503,0.009235045,0.0102439625,0.010234171,0.21445899,0.23977296,0.05994324
45594,0.016068801,0.010111035,0.022026569,0.026148653,0.46801546,0.40590653,0.10147663
45596,0.012543027,0.010178327,0.01490773,0.02481687,0.036109343,0.068901874,0.017225469
45599,0.022035496,0.010098044,0.03397295,0.035581715,0.099560045,0.14823875,0.037059687
45602,0.03748113,0.012207952,0.06275431,0.06904439,0.05320391,0.1831327,0.045783173
45604,0.02285661,0.013487567,0.032225654,0.049486995,0.14744976,0.08358576,0.02089644
45607,0.02785633,0.013735439,0.041977223,0.046180367,0.94666165,0.8393333,0.20983332
45609,0.010994294,0.014595208,0.00739338,0.009451039,0.12522644,0.1329729,0.033243224
45612,0.023090562,0.014214687,0.031966433,0.049622327,0.07412985,0.06941525,0.017353812
45615,0.0184541,0.0146921305,0.022216067,0.038487554,0.06609095,0.047590565,0.011897641
45617,0.009481929,0.014479361,0.0044844984,0.012957472,0.66055995,0.56489563,0.14122391
45620,0.008894862,0.011350182,0.006439541,0.007695032,0.4011421,0.39143458,0.097858645
45622,0.007261876,0.011165011,0.003358742,0.012252585,0.2747915,0.21286178,0.053215444
45625,0.024047025,0.010080838,0.038013212,0.04078199,0.17605674,0.11325695,0.028314238
45628,0.007699682,0.008065946,0.007333417,0.0151434345,0.23238647,0.25799662,0.064499155
45630,0.006866614,0.006901033,0.006832194,0.008372354,0.2168972,0.22052862,0.055132154
45633,0.032728095,0.007735185,0.057721008,0.04482157,0.054483976,0.10525012,0.02631253
45636,0.024727015,0.0054019256,0.044052105,0.04623526,0.07833852,0.124414034,0.031103509
45638,0.026665516,0.0049222643,0.048408765,0.048932984,1.2188501,1.1850406,0.29626015
45641,0.006109334,0.004630101,0.007588567,0.008113085,0.19320135,0.20544083,0.05136021
45643,0.015607871,0.0037425,0.027473243,0.027670905,0.123075545,0.20227826,0.050569564
45646,0.013556634,0.0038049363,0.023308331,0.025574686,0.031186813,0.052116986,0.013029247
45649,0.028504869,0.0041652247,0.05284451,0.054680318,1.3214165,1.3280381,0.33200952
45651,0.014355898,0.004663706,0.02404809,0.025584877,0.5846395,0.5837923,0.14594808
45654,0.0047516865,0.0044714035,0.00503197,0.006294746,0.3040047,0.33994755,0.08498689
45656,0.019120889,0.004142069,0.03409971,0.033659626,0.9594801,0.96106714,0.24026679
45659,0.012017432,0.0040464075,0.019988457,0.01920528,0.05973351,0.08516299,0.021290747
45662,0.02529112,0.003743571,0.04683867,0.047079872,1.1567239,1.39435,0.3485875
45664,0.00910179,0.0035832284,0.014620353,0.01867658,0.01685831,0.026687862,0.0066719656
45667,0.0031667885,0.0039201505,0.0024134263,0.0045444816,0.24096449,0.24864684,0.06216171
45669,0.00585804,0.0039127343,0.0078033465,0.0075198836,0.3011117,0.34832576,0.08708144
45672,0.008860338,0.004107103,0.013613571,0.020905515,0.02108015,0.018678203,0.004669551
45675,0.0058913585,0.0043898784,0.0073928386,0.008043078,0.16102733,0.16859937,0.04214984
45677,0.0037913036,0.004111508,0.0034710998,0.0063223615,0.42456937,0.44590974,0.111477435
45680,0.013664819,0.0036486832,0.023680955,0.026816344,0.045062736,0.07456802,0.018642005
45683,0.014218298,0.0033601683,0.025076427,0.022638597,0.024739718,0.05838279,0.014595698
45685,0.011955485,0.0034591972,0.020451771,0.023201408,0.43492773,0.44932213,0.11233053
45688,0.008200534,0.0025806178,0.01382045,0.015379838,0.07656542,0.10101724,0.02525431
45690,0.006425129,0.0031209905,0.009729266,0.009207838,0.113674216,0.1281553,0.032038826
45693,0.0050654733,0.0031332083,0.006997738,0.0055281078,0.29350775,0.33184645,0.08296161
45696,0.003747449,0.0023926601,0.0051022377,0.004757865,0.41523644,0.4495635,0.112390876
45698,0.021898145,0.0023563197,0.041439973,0.04138301,0.097645134,0.111248195,0.027812049
45701,0.02440873,0.002262836,0.046554625,0.04947869,0.052510936,0.089332245,0.022333061
45703,0.024807608,0.0019847536,0.04763046,0.049994003,1.432994,1.4566064,0.3641516
45706,0.02250575,0.0019343053,0.043077197,0.044420812,1.5623215,1.5806397,0.39515993
45709,0.0029622528,0.00237933,0.0035451755,0.0033091365,0.44174793,0.43320957,0.10830239
45711,0.017335549,0.0024486193,0.03222248,0.027318245,1.0457896,0.9185242,0.22963105
45714,0.0031842913,0.0026191305,0.0037494523,0.0029511005,0.26432607,0.2366103,0.059152573
45716,0.0119946925,0.0026839662,0.021305418,0.014343899,0.05184759,0.044155706,0.011038926
45719,0.014042902,0.0024945259,0.025591277,0.021597775,0.06426061,0.08049805,0.020124512
45722,0.02008344,0.0025598023,0.037607078,0.03587572,0.29692978,0.29966065,0.07491516
45724,0.011639748,0.0025518106,0.020727685,0.01666102,0.40295157,0.37926626,0.094816566
45727,0.017953234,0.0024868425,0.033419624,0.038221627,0.17898543,0.23074026,0.057685066
45730,0.0041160905,0.0021315755,0.006100606,0.006958133,0.4906052,0.42286038,0.105715096
45732,0.014361017,0.0021513405,0.026570695,0.024676671,0.05076878,0.06372162,0.015930405
45735,0.01974279,0.0022350664,0.037250515,0.03971035,0.14998864,0.19902699,0.049756747
45737,0.01640504,0.0023035281,0.030506553,0.029566184,0.6921707,0.78971547,0.19742887
45740,0.01427526,0.0024066658,0.026143854,0.023706662,0.68490154,0.5795232,0.1448808
45743,0.014390486,0.0024633505,0.02631762,0.024042122,0.054610446,0.06264026,0.015660064
45745,0.03398518,0.00257018,0.065400176,0.06122781,1.4060993,1.3713421,0.34283552
45748,0.02729904,0.0024794661,0.052118618,0.049442884,1.1497403,1.258238,0.3145595
45750,0.020334873,0.0024338735,0.038235873,0.034066148,0.6206091,0.7365179,0.18412948
45753,0.00847876,0.0021473968,0.0148101235,0.015446798,0.43113837,0.4598805,0.114970125
45756,0.00367424,0.0023038725,0.005044608,0.005853463,0.17861605,0.19554861,0.048887152
45758,0.060475845,0.0021532872,0.118798405,0.1340915,0.19255866,0.06936475,0.017341187
45761,0.011863592,0.0017905837,0.021936601,0.027041703,0.42187986,0.3682364,0.0920591
45763,0.018968808,0.0014830325,0.03645458,0.038695786,0.04700139,0.076717295,0.019179324
45766,0.017201023,0.0010884645,0.033313584,0.0330767,1.0135617,0.9056006,0.22640015
45769,0.01616477,0.0007794327,0.03155011,0.031140262,0.8986823,0.8645176,0.2161294
45771,0.0076935985,0.00070108194,0.014686115,0.01489018,0.018811733,0.021243056,0.005310764
45774,0.0017557731,0.0007252558,0.0027862906,0.0033993293,0.28128022,0.2505348,0.0626337
45777,0.0024141378,0.0009366656,0.0038916103,0.003811974,0.17163585,0.15560776,0.03890194
45779,0.011634485,0.001125809,0.02214316,0.024241073,0.031193718,0.04286028,0.01071507
45782,0.02365396,0.0012954031,0.046012517,0.045197133,1.3552694,1.3454943,0.33637357
45784,0.00330735,0.0013590307,0.0052556694,0.004527768,0.23222928,0.27250195,0.06812549
45787,0.025697565,0.0014808387,0.04991429,0.05365317,1.3170818,1.2996539,0.32491347
45790,0.01669903,0.0016443093,0.031753752,0.033498105,1.3317295,1.2595001,0.31487504
45792,0.011288323,0.0017382745,0.020838372,0.022579214,0.57867986,0.6087148,0.1521787
45795,0.019788172,0.0018179846,0.03775836,0.038504306,1.0412102,1.112245,0.27806124
45797,0.004176903,0.002028731,0.006325075,0.00438435,0.19777228,0.18347318,0.045868296
45800,0.023409499,0.0019141202,0.044904877,0.04504763,1.160824,1.2753862,0.31884655
45803,0.0043556434,0.001901524,0.006809763,0.008334099,0.11613161,0.13531743,0.033829357
45805,0.015332252,0.0019106815,0.028753823,0.028786512,0.73178244,0.7528643,0.18821608
45808,0.007369595,0.0018136478,0.012925543,0.012086712,0.49835026,0.51015437,0.12753859
45810,0.027999176,0.0017517222,0.05424663,0.05749157,1.2112553,1.3249985,0.33124962
45813,0.0036742312,0.0017502662,0.0055981963,0.004618794,0.27547404,0.3058507,0.07646268
45816,0.00795625,0.0018167956,0.014095704,0.014224437,0.10770714,0.13418558,0.033546396
45818,0.018983858,0.0016808176,0.036286898,0.036150433,0.69741184,0.76912403,0.19228101
45821,0.00535897,0.0015108896,0.00920705,0.007537724,0.38781443,0.40094933,0.10023733
45824,0.018369388,0.0013989368,0.03533984,0.033467453,1.350133,1.4805012,0.3701253
45826,0.0028004085,0.0013273829,0.004273434,0.003800004,0.5580314,0.5687024,0.1421756
45829,0.021953104,0.0014118013,0.042494405,0.040939372,0.03611854,0.06792935,0.016982337
45831,0.0019055005,0.0014706621,0.0023403394,0.0031059703,0.36254895,0.36949325,0.09237331
45834,0.0023281362,0.0014145481,0.0032417246,0.0028598728,0.4153523,0.41928825,0.10482206
45837,0.030074038,0.0011494812,0.058998596,0.062826745,1.5099182,1.5857812,0.3964453
45839,0.020046024,0.0010438996,0.03904815,0.040392842,0.03272978,0.052618463,0.013154616
45842,0.022235392,0.0010811087,0.043389674,0.042209078,1.4668798,1.5028063,0.37570158
45844,0.0103522185,0.0012637194,0.019440718,0.01675755,0.42760327,0.41276392,0.10319098
45847,0.01747491,0.0013921213,0.033557698,0.03110809,0.95936656,0.8471516,0.2117879
45850,0.010122735,0.0015071115,0.01873836,0.016322438,0.7611788,0.75388193,0.18847048
45852,0.025496656,0.0015469795,0.049446333,0.041616622,0.078339785,0.07816254,0.019540636
45855,0.022779604,0.0015668551,0.04399235,0.043244094,1.2797896,1.2974385,0.32435963
45857,0.027835341,0.0015791327,0.054091554,0.051232267,0.06289051,0.09917977,0.024794942
45860,0.010380162,0.0015844675,0.019175855,0.017826686,0.045515448,0.053206217,0.013301554
45863,0.0035164284,0.0015008034,0.0055320538,0.0057935663,0.2180522,0.26510638,0.066276595
45865,0.0024869156,0.0013230568,0.0036507745,0.004142706,0.21057367,0.24318707,0.060796767
45868,0.002473737,0.0011887144,0.00375876,0.0043031056,0.5874295,0.5655177,0.14137943
45871,0.011847517,0.0010530768,0.022641957,0.02159716,0.59118503,0.5482157,0.13705392
45873,0.016411409,0.0010369852,0.031785835,0.031540122,0.03159715,0.06392651,0.015981628
45876,0.013381007,0.0011364365,0.025625577,0.027025243,0.022348845,0.06686154,0.016715385
45878,0.0023539066,0.001149935,0.0035578783,0.0037857834,0.5999692,0.60720485,0.15180121
45881,0.002100521,0.0010876221,0.00311342,0.0034755915,0.5497906,0.5506856,0.1376714
45884,0.014238126,0.0012655883,0.027210662,0.028869184,0.031816322,0.043860197,0.010965049
45886,0.004428973,0.0013924056,0.00746554,0.006322311,0.26319778,0.25742838,0.064357094
45889,0.013883336,0.0015104465,0.026256226,0.026736299,0.024787458,0.061507493,0.015376873
45891,0.009611142,0.0016305704,0.017591713,0.01574059,0.47759447,0.5072139,0.12680347
45894,0.0018705103,0.0017779866,0.001963034,0.0022688059,0.195804,0.187105,0.04677625
45897,0.013332337,0.0019659358,0.02469874,0.023098217,0.021354938,0.034679975,0.008669994
45899,0.019155359,0.0020141301,0.036296587,0.032193884,0.8918336,0.95913666,0.23978417
45902,0.0024876324,0.0017099186,0.0032653462,0.0027160917,0.39899775,0.4278911,0.10697278
45904,0.0029290204,0.0014567544,0.0044012866,0.0035833996,0.16393727,0.14662704,0.03665676
45907,0.0019054668,0.0014661361,0.0023447974,0.0024984095,0.3081121,0.32360747,0.08090187
45910,0.0036287357,0.0015333999,0.005724071,0.0055702715,0.12537317,0.14285159,0.035712898
45912,0.0023720264,0.0014797921,0.0032642607,0.0021966435,0.50065964,0.50993395,0.12748349
45915,0.002211147,0.0013213468,0.0031009472,0.002119441,0.3046535,0.3012387,0.07530967
45918,0.012617428,0.0012354875,0.023999369,0.025037827,0.08385231,0.11570487,0.028926218
45920,0.003807825,0.0011774604,0.0064381897,0.005061328,0.22264297,0.25878155,0.06469539
45923,0.011640377,0.0009645272,0.022316227,0.022444054,0.73092204,0.70579386,0.17644846
45925,0.0014982239,0.0008920647,0.0021043832,0.0021654337,0.29405627,0.30359474,0.075898685
45928,0.0020629552,0.0008445023,0.0032814082,0.0039730933,0.1766929,0.17039317,0.042598292
45931,0.0039761867,0.0007978265,0.0071545467,0.0067127217,0.1872736,0.16200249,0.040500622
45933,0.02427295,0.0008054739,0.04774043,0.045960408,0.17916119,0.14829074,0.037072685
45936,0.009495101,0.00083586556,0.018154336,0.017880797,0.019799763,0.029496968,0.007374242
45938,0.02780425,0.00083855604,0.054769944,0.05616353,0.10634357,0.24093497,0.060233742
45941,0.0018012257,0.00085689826,0.002745553,0.0037559352,0.12235448,0.15034097,0.037585244
45944,0.0013982573,0.0009211991,0.0018753153,0.0025518474,0.18006675,0.20302992,0.05075748
45946,0.019702783,0.00084081566,0.03856475,0.03800943,1.2303334,1.2293983,0.30734956
45949,0.0112133585,0.0008531133,0.021573603,0.021702006,0.11565405,0.14979552,0.03744888
45951,0.018070381,0.00090340426,0.035237357,0.03490532,0.5526238,0.48938537,0.12234634
45954,0.017487582,0.0009132146,0.03406195,0.03552193,0.04443084,0.043757003,0.010939251
45957,0.0028758093,0.00085116754,0.0049004513,0.002943861,0.34643003,0.36710143,0.09177536
45959,0.0018376289,0.00086637965,0.0028088782,0.0038878603,0.3000724,0.32276976,0.08069244
45962,0.014792103,0.0008669644,0.028717242,0.02851674,0.5109582,0.5578305,0.13945763
45965,0.020139255,0.00085305725,0.03942545,0.038924124,0.04412979,0.07066193,0.017665483
45967,0.0027949514,0.0008923658,0.004697537,0.005634956,0.36303818,0.41868845,0.10467211
45970,0.003250719,0.001007056,0.005494382,0.006200515,0.5413484,0.49073815,0.12268454
45972,0.011987269,0.0010288116,0.022945726,0.022306755,0.029280744,0.06855564,0.01713891
45975,0.0029742054,0.0011417211,0.0048066895,0.0039663413,0.28007045,0.26891387,0.067228466
45978,0.0019566321,0.001264255,0.002649009,0.0032444305,0.26449382,0.23251222,0.058128055
45980,0.0035489958,0.001339267,0.005758725,0.0075167273,0.1518941,0.18734877,0.046837192
45983,0.001454238,0.0013400065,0.0015684696,0.0022398497,0.42849597,0.40280738,0.100701846
45985,0.016157063,0.0013446896,0.030969435,0.030215725,0.053678423,0.09994876,0.02498719
45988,0.0023100725,0.0013497587,0.0032703865,0.004226837,0.2649787,0.27680784,0.06920196
45991,0.01568274,0.0013135212,0.030051956,0.032178063,0.14148279,0.22068012,0.05517003
45993,0.026371745,0.0012930357,0.051450457,0.051142648,1.209211,1.258289,0.31457224
45996,0.01697507,0.0012302109,0.03271993,0.032530013,0.040779613,0.08679422,0.021698555
45998,0.013226617,0.0011609894,0.025292246,0.024093233,0.76439244,0.71662444,0.17915611
46001,0.019219464,0.001108159,0.037330765,0.040114556,1.2769386,1.2136946,0.30342364
46004,0.009408393,0.000991967,0.01782482,0.016449375,0.035042234,0.053101737,0.013275434
46006,0.003374535,0.0008929895,0.0058560804,0.005716761,0.1926527,0.1761447,0.044036176
46009,0.0012469612,0.00084821443,0.001645708,0.0029317308,0.21829593,0.24060367,0.060150918
46012,0.01740815,0.0007012938,0.034115005,0.032535836,1.0120417,0.99939275,0.24984819
46014,0.0018108984,0.00064388075,0.002977916,0.0035519109,0.47870013,0.5022099,0.12555248
46017,0.010562967,0.0005887416,0.020537192,0.019597134,0.022921855,0.040335443,0.010083861
46019,0.02032054,0.0005769759,0.040064108,0.041927163,0.1883136,0.30212167,0.07553042
46022,0.016705928,0.0005649043,0.032846954,0.03163613,0.057802886,0.11569363,0.028923407
46025,0.002869526,0.0005305234,0.005208528,0.005674573,0.3275626,0.3438528,0.0859632
46027,0.0046380865,0.00050004787,0.008776125,0.009374164,0.4301206,0.40227714,0.100569285
46030,0.011412557,0.00045886482,0.02236625,0.020923525,0.5999057,0.58972967,0.14743242
46032,0.011735813,0.00046449635,0.02300713,0.024504611,0.6676569,0.59571534,0.14892884
46035,0.015713112,0.00048223312,0.03094399,0.030495085,0.04947744,0.09836566,0.024591414
46038,0.0030469212,0.00050077017,0.005593072,0.0054256753,0.46679702,0.44631633,0.11157908
46040,0.012583811,0.000526768,0.024640853,0.024652436,0.46044192,0.45725903,0.11431476
46043,0.012345128,0.0005346587,0.024155596,0.025266415,0.7231984,0.6461846,0.16154616
46046,0.04379112,0.0005432141,0.08703902,0.08726439,2.0036976,1.9969724,0.4992431
46048,0.0012524085,0.0005053971,0.0019994199,0.0028401408,0.23367362,0.26082027,0.06520507
46051,0.008812883,0.00052284304,0.017102921,0.016373038,0.482805,0.48266497,0.12066624
46053,0.010014042,0.0005346556,0.019493429,0.020617232,0.48645163,0.44352183,0.11088046
46056,0.020972757,0.00056595047,0.04137956,0.04015701,1.23678,1.2302957,0.3075739
46059,0.010871748,0.00059132295,0.021152174,0.022314861,0.0310744,0.06755414,0.016888535
46061,0.02792325,0.0006449994,0.0552015,0.056201097,0.1758434,0.1836377,0.045909423
46064,0.008690611,0.0006930454,0.016688177,0.016175171,0.017046845,0.017195107,0.004298777
46066,0.0013469915,0.00071676914,0.001977214,0.0017235723,0.23890205,0.22173364,0.05543341
46069,0.006500346,0.00076301413,0.012237678,0.011503006,0.046530873,0.04993068,0.01248267
46072,0.010846168,0.00082052854,0.020871809,0.021067448,0.016193058,0.049829394,0.012457348
46074,0.0033208393,0.00084258243,0.005799096,0.0057692435,0.61365193,0.5659583,0.14148958
46077,0.004010604,0.0008902047,0.0071310042,0.0053761504,0.32391006,0.31938493,0.07984623
46079,0.01238862,0.0009678339,0.023809405,0.022519788,0.025747234,0.05199774,0.012999435
46082,0.01474543,0.0010316875,0.028459175,0.026601493,1.3198327,1.231017,0.30775425
46085,0.008293227,0.0010639488,0.015522506,0.016067361,0.009962643,0.016939491,0.0042348728
46087,0.0213656,0.0010411767,0.04169002,0.042020347,0.062040936,0.04878244,0.01219561
46090,0.007091135,0.0010949915,0.013087277,0.013246968,0.021647982,0.04169464,0.01042366
46093,0.030202283,0.0011354947,0.05926907,0.061285395,0.114823125,0.20768844,0.05192211
46095,0.015474618,0.0011395158,0.02980972,0.030844936,0.9607118,0.91117185,0.22779296
46098,0.028198248,0.0011817472,0.055214748,0.05165987,1.8932652,1.9108547,0.47771367
46100,0.002008834,0.0011980924,0.0028195754,0.00223411,0.36749926,0.35307977,0.08826994
46103,0.0032977776,0.0012527636,0.0053427913,0.005326001,0.45824543,0.44852042,0.112130105
46106,0.0014780766,0.0013652708,0.0015908824,0.0027555649,0.18844968,0.21037136,0.05259284
46108,0.007970335,0.0014162054,0.0145244645,0.013139773,0.05999138,0.067821525,0.016955381
46111,0.01664936,0.0015678533,0.031730864,0.027883092,0.9305114,0.8827801,0.22069502
46113,0.0026848598,0.0016059607,0.0037637593,0.003732837,0.19072556,0.20307995,0.05076999
46116,0.003955941,0.0016427892,0.0062690936,0.004008452,0.23141249,0.21640305,0.054100763
46119,0.009416894,0.0016700946,0.017163692,0.017658003,0.38524413,0.41358867,0.10339717
46121,0.0028475646,0.0016510765,0.004044053,0.00908804,0.2689447,0.33881417,0.08470354
46124,0.009173033,0.0016553663,0.0166907,0.01413836,0.026216706,0.046885256,0.011721314
46126,0.007923245,0.0016697844,0.014176707,0.015160359,0.08815131,0.10631899,0.026579747
46129,0.0030023425,0.00166955,0.0043351348,0.009320871,0.14380713,0.18603015,0.046507537
46132,0.022979759,0.0016575999,0.044301916,0.045528296,1.5081562,1.4806904,0.3701726
46134,0.012223501,0.001648208,0.022798793,0.020034332,0.049208965,0.08089923,0.020224808
46137,0.0029232223,0.0015939263,0.0042525185,0.00894564,0.16553523,0.2125206,0.05313015
46140,0.002495265,0.0015298951,0.0034606352,0.0022724986,0.2515194,0.23229663,0.058074158
46142,0.033992182,0.0014526239,0.06653174,0.05833364,1.1765993,0.94885844,0.23721461
46145,0.007193705,0.0013949781,0.012992431,0.011148821,0.03975211,0.050369978,0.0125924945
46147,0.023144402,0.0013797429,0.04490906,0.04639898,1.2202989,1.3452762,0.33631906
46150,0.01647111,0.0013503428,0.031591877,0.030661935,0.043638915,0.08792526,0.021981316
46153,0.009783489,0.0013181781,0.018248798,0.016218675,0.022549078,0.050333604,0.012583401
46155,0.022647098,0.001297803,0.043996394,0.041984588,1.0331789,1.0090961,0.25227404
46158,0.014936932,0.0012613855,0.02861248,0.02504801,1.120161,1.0676391,0.26690978
46160,0.0022581276,0.001252016,0.003264239,0.0066917245,0.24398611,0.29823074,0.074557684
46163,0.008433078,0.001196442,0.015669717,0.015712177,0.43430582,0.45375857,0.11343964
46166,0.0030215355,0.0011694276,0.004873643,0.005190613,0.49611005,0.47572455,0.11893114
46168,0.025690606,0.0011496051,0.050231606,0.049652923,1.2530541,1.3103529,0.32758823
46171,0.002556862,0.0011358027,0.0039779213,0.00588968,0.25319135,0.2840943,0.071023576
46173,0.0035676553,0.0011660327,0.005969278,0.0037494563,0.21874054,0.18967398,0.047418494
46176,0.008898514,0.0011950255,0.016602002,0.015356363,0.7091848,0.68794113,0.17198528
46179,0.0022495578,0.0012037558,0.0032953594,0.002685668,0.19652335,0.1817411,0.045435276
46181,0.009460843,0.0012235857,0.0176981,0.017028468,0.012418337,0.035541672,0.008885418
46184,0.020402892,0.0012218459,0.03958394,0.044347133,0.06222719,0.086514235,0.021628559
46187,0.019567538,0.0012735707,0.037861507,0.033181503,0.03842182,0.055944216,0.013986054
46189,0.017879914,0.0012786613,0.034481168,0.03191357,1.0656605,1.0409015,0.2602254
46192,0.020103047,0.0013071407,0.038898952,0.040701035,1.5703793,1.7461036,0.4365259
46194,0.002992879,0.0013833084,0.0046024495,0.007698575,0.18326049,0.22720723,0.056801807
46197,0.005791784,0.0013990992,0.010184469,0.0065731793,0.30034247,0.24833775,0.062084436
46200,0.008933514,0.0015117736,0.016355256,0.01757846,0.735199,0.6915736,0.1728934
46202,0.005187402,0.0015725739,0.0088022305,0.010062168,0.41975752,0.3939159,0.09847897
46205,0.009709342,0.0015893433,0.017829342,0.01950518,0.95188373,0.89995795,0.22498949
46207,0.020680625,0.0016478421,0.03971341,0.04473274,0.054819852,0.07349537,0.018373843
46210,0.0054885466,0.0016904905,0.009286603,0.008961022,0.08230742,0.07736997,0.019342493
46213,0.021765843,0.0017717672,0.04175992,0.039724376,1.1112288,1.1270853,0.28177133
46215,0.0022582647,0.0019220207,0.002594509,0.00558796,0.1735822,0.21612366,0.054030914
46218,0.0031670656,0.0019341536,0.004399977,0.0051389895,0.16101666,0.1786552,0.0446638
46220,0.015390453,0.0020468773,0.028734028,0.023611302,1.2617507,1.1751595,0.29378986
46223,0.0070361053,0.0021205456,0.011951665,0.0123237,0.64644134,0.6103397,0.15258493
46226,0.015842164,0.0022278053,0.02945652,0.025526905,0.7363219,0.7385893,0.18464732
46228,0.028090248,0.002274555,0.053905945,0.054662358,0.100702405,0.07476539,0.018691348
46231,0.023481146,0.0022935194,0.044668775,0.04563737,0.14519325,0.13027376,0.03256844
46234,0.002168475,0.0021956337,0.0021413162,0.0062443535,0.38676882,0.47022542,0.117556356
46236,0.011063378,0.0021811845,0.019945571,0.016569136,0.013607589,0.023610612,0.005902653
46239,0.026403742,0.0021246006,0.050682884,0.049670268,1.1548834,1.2049389,0.30123472
46241,0.0019489598,0.0020734626,0.0018244568,0.004291436,0.50942665,0.5683131,0.14207828
46244,0.008894233,0.0019924988,0.015795967,0.015698794,0.028592994,0.048531387,0.012132847
46247,0.035887074,0.0019817555,0.06979239,0.073275246,1.7231054,1.856182,0.4640455
46249,0.0028151998,0.0019774244,0.003652975,0.0019636836,0.46318182,0.46641693,0.11660423
46252,0.011711975,0.0019069758,0.021516973,0.021626392,0.03526348,0.069130816,0.017282704
46254,0.016253203,0.0018784493,0.030627957,0.028389389,0.6107261,0.64362365,0.16090591
46257,0.021134647,0.0018994639,0.040369827,0.041660406,0.6452531,0.5563075,0.13907687
46260,0.013770509,0.001974433,0.025566583,0.021101512,0.035145808,0.071369134,0.017842283
46262,0.0051764622,0.0019771967,0.008375728,0.0071839564,0.3507354,0.3680992,0.0920248
46265,0.017260311,0.0020455143,0.03247511,0.030323938,1.0305158,1.0107428,0.2526857
46267,0.01568511,0.0020599633,0.029310256,0.029292515,0.67971605,0.6976549,0.17441373
46270,0.009460472,0.002078409,0.016842535,0.017459722,0.5716801,0.51754767,0.12938692
46273,0.019543262,0.002043104,0.037043422,0.027424643,0.6704959,0.54200274,0.13550068
46275,0.0019450225,0.0020777904,0.0018122544,0.0038883265,0.40805826,0.37219855,0.09304964
46278,0.026386624,0.0020987762,0.050674472,0.04589783,0.12651402,0.20126437,0.05031609
46281,0.0033674946,0.0021174226,0.0046175662,0.008504494,0.14132945,0.17741573,0.044353932
46283,0.015321832,0.002111284,0.02853238,0.029818105,1.0395963,1.0115056,0.2528764
46286,0.018513506,0.002087838,0.034939174,0.030868126,0.089696705,0.0504197,0.012604925
46288,0.017152844,0.002120586,0.032185104,0.034670554,0.9518411,0.8860674,0.22151685
46291,0.015671847,0.0021485228,0.029195169,0.031182922,1.3275805,1.269864,0.317466
46294,0.018199826,0.002257171,0.03414248,0.03329529,0.9421672,0.904545,0.22613625
46296,0.014075442,0.0022410685,0.025909817,0.021528726,0.035602253,0.032213226,0.0080533065
46299,0.0034254082,0.0022859203,0.004564896,0.005389868,0.21025304,0.22335859,0.055839647
46301,0.0022047039,0.0021983655,0.002211042,0.0032558413,0.5627488,0.5902011,0.14755027
46304,0.0032311527,0.00221403,0.004248275,0.0053091547,0.2306733,0.19803219,0.049508046
46307,0.020089054,0.002170882,0.038007226,0.03342123,0.31152165,0.30841935,0.07710484
46309,0.014165379,0.00213622,0.026194537,0.02473791,0.090166174,0.1375855,0.034396376
46312,0.019197928,0.0020686213,0.03632723,0.033323877,0.0653198,0.11786997,0.029467493
46314,0.005022815,0.002057145,0.007988485,0.010415078,0.5047441,0.45503032,0.11375758
46317,0.01972062,0.0020790629,0.037362177,0.03741159,1.5384455,1.6706266,0.41765666
46320,0.018330889,0.0021520592,0.034509722,0.032015093,0.041383605,0.08741161,0.021852903
46322,0.0019345757,0.0021108647,0.0017582866,0.002035356,0.33686328,0.31000856,0.07750214
46325,0.0022816008,0.0023375638,0.0022256377,0.0023308385,0.17664449,0.19150655,0.047876637
46328,0.015551522,0.0024623866,0.028640658,0.029990586,0.87242603,0.8114639,0.20286597
46330,0.014595379,0.0024953673,0.026695391,0.020817617,0.06987073,0.102428295,0.025607074
46333,0.021262005,0.002618255,0.039905753,0.034298293,0.032379657,0.07160639,0.017901598
46335,0.012038876,0.0026359763,0.021441778,0.0167445,0.012711465,0.021826154,0.0054565384
46338,0.03137684,0.0026085272,0.06014515,0.060981218,1.2900845,1.395739,0.34893474
46341,0.018214477,0.0026429053,0.033786047,0.029832413,0.7835221,0.7966451,0.19916128
46343,0.03328863,0.0026118855,0.06396538,0.067697935,0.106748186,0.0653569,0.016339226
46346,0.0029372962,0.00246608,0.003408512,0.00622821,0.30336657,0.34694386,0.086735964
46348,0.0023984981,0.0025338645,0.002263132,0.0032540958,0.3557937,0.32692227,0.08173057
46351,0.0043486115,0.0024675184,0.0062297042,0.012445085,0.12336647,0.17396973,0.043492433
46354,0.0023696404,0.0024960008,0.0022432797,0.003148578,0.19992377,0.17178535,0.04294634
46356,0.02426832,0.002585679,0.04595096,0.048386786,1.5920796,1.7835783,0.44589457
46359,0.019742562,0.0026406052,0.036844518,0.028916148,0.82017785,0.72135466,0.18033867
46361,0.0042508855,0.0027322762,0.005769495,0.007131157,0.46104562,0.43017337,0.10754334
46364,0.018230494,0.00269909,0.0337619,0.03745695,0.9205975,0.85470134,0.21367534
46367,0.005729048,0.00269506,0.008763037,0.005371434,0.22883725,0.22397013,0.055992533
46369,0.016634861,0.0027567216,0.030512998,0.03170498,0.86876345,0.8173511,0.20433778
46372,0.0023429305,0.0028384903,0.0018473709,0.0028717166,0.28997338,0.32048377,0.08012094
46375,0.0032070952,0.0029730294,0.0034411612,0.002059566,0.1794349,0.15840907,0.03960227
46377,0.025384462,0.0030003276,0.047768593,0.04403548,0.23032683,0.2702506,0.06756265
46380,0.028594807,0.0029480245,0.054241586,0.05877623,0.06724389,0.1865291,0.046632275
46382,0.014191869,0.0029183915,0.025465345,0.025767587,0.71003205,0.67789394,0.16947348
46385,0.0036435125,0.0028887868,0.004398238,0.006285344,0.16764511,0.18080626,0.045201566
46388,0.027935596,0.0029366452,0.052934546,0.05489992,0.06658741,0.17935999,0.044839997
46390,0.016810162,0.0027213488,0.030898973,0.03515481,0.06994284,0.13741459,0.034353647
46393,0.010260505,0.0027979035,0.017723106,0.016681673,0.7336293,0.7154562,0.17886405
46395,0.0027221602,0.0027164195,0.0027279006,0.002162367,0.1599734,0.16301246,0.040753115
46398,0.02008952,0.0026344538,0.03754459,0.034900635,0.11314509,0.1483929,0.037098225
46401,0.0026728415,0.0023922685,0.0029534146,0.0055049327,0.6260497,0.56349826,0.14087456
46403,0.023052134,0.0023524126,0.043751854,0.045333173,1.4557167,1.4416122,0.36040306
46406,0.019835316,0.0023892575,0.037281375,0.030189304,1.1663977,1.0209453,0.25523633
46408,0.011866465,0.0025682577,0.021164672,0.020473486,0.030519163,0.048012894,0.012003223
46411,0.022769189,0.0026516097,0.042886764,0.04486226,1.3789564,1.474912,0.368728
46414,0.005105547,0.0028192252,0.0073918686,0.0067410567,0.23468404,0.23367815,0.058419537
46416,0.0026070352,0.0029327357,0.002281335,0.007260893,0.3432077,0.38981044,0.09745261
46419,0.0035594373,0.003109595,0.004009279,0.005201331,0.35421658,0.3949829,0.098745726
46422,0.010997434,0.0030934513,0.018901419,0.019326707,0.51574993,0.48125863,0.12031466
46424,0.029766655,0.0030216584,0.05651165,0.044218868,0.069631875,0.05631392,0.01407848
46427,0.018375102,0.0027641638,0.033986043,0.030726595,0.05631921,0.09952506,0.024881264
46429,0.013581306,0.0025538045,0.024608808,0.0230761,0.63729674,0.592809,0.14820226
46432,0.022370545,0.0022140797,0.04252701,0.038868405,1.7771597,1.7855597,0.4463899
46435,0.0023508272,0.0019596212,0.0027420332,0.0031932786,0.13833071,0.14758201,0.036895502
46437,0.017034229,0.0016615903,0.032406867,0.034973804,0.0365337,0.053488243,0.013372061
46440,0.017365893,0.0013204975,0.03341129,0.029322887,0.6961996,0.5424362,0.13560905
46442,0.01729817,0.0011089741,0.033487365,0.031602185,1.3297954,1.1858559,0.29646397
46445,0.016996762,0.000862663,0.033130858,0.033356935,0.08651247,0.1403146,0.03507865
46448,0.013771738,0.00067972374,0.026863752,0.028119871,0.8865881,0.8325018,0.20812546
46450,0.017102456,0.0005495415,0.033655368,0.035295974,0.06737047,0.11329913,0.028324783
46453,0.017371684,0.00049452274,0.034248848,0.03394096,1.0118947,0.9908932,0.2477233
46455,0.017962217,0.00047481,0.035449624,0.03574052,1.3038899,1.2848831,0.3212208
46458,0.0016996673,0.0004281505,0.0029711842,0.0032069047,0.23564851,0.20220347,0.050550867
46461,0.0129345795,0.00042908033,0.025440076,0.025307583,0.71939087,0.68460894,0.17115223
46463,0.016766727,0.0004152949,0.03311816,0.034501478,1.454925,1.4625522,0.36563805
46466,0.019124206,0.000409213,0.0378392,0.036762614,0.062886566,0.11484019,0.028710047
46469,0.018444693,0.00049890054,0.036390483,0.035350543,0.8360753,0.82708246,0.20677061
46471,0.0059993234,0.0005915729,0.0114070745,0.011707743,0.039448008,0.043583125,0.010895781
46474,0.018292436,0.00055245723,0.036032412,0.033708215,1.2241125,1.2308736,0.3077184
46476,0.0021261543,0.00062759354,0.003624715,0.0026127321,0.26503456,0.24660607,0.061651517
46479,0.009733848,0.00076676934,0.018700927,0.021338394,0.032179758,0.045912366,0.011478092
46482,0.0038052641,0.00082025275,0.006790275,0.0085133305,0.37604138,0.3676981,0.091924526
46484,0.0014123934,0.0007842817,0.002040505,0.0020818384,0.29672375,0.2876109,0.07190272
46487,0.008624133,0.0007077909,0.016540475,0.016451709,0.40870228,0.4028379,0.100709476
46489,0.0020313272,0.000635376,0.0034272783,0.0023315644,0.52994555,0.51764256,0.12941064
46492,0.015095492,0.00059460505,0.029596379,0.029835947,0.8772027,0.81291467,0.20322867
46495,0.010625149,0.000601715,0.020648582,0.023194117,0.022917563,0.06009297,0.015023243
46497,0.017613282,0.0006261529,0.03460041,0.032655414,0.0393566,0.09041273,0.022603182
46500,0.0014835261,0.0007781118,0.0021889403,0.0025796928,0.2513775,0.26517245,0.06629311
46502,0.017587475,0.0008563308,0.034318622,0.032657683,0.040344384,0.08141611,0.020354027
46505,0.002117844,0.0010087575,0.0032269303,0.0029220842,0.43959382,0.43392456,0.10848114
46508,0.0018139895,0.0010216505,0.0026063283,0.003326945,0.46253493,0.45813203,0.11453301
46510,0.002210096,0.0011845782,0.003235614,0.003520897,0.21136944,0.23325644,0.05831411
46513,0.012412734,0.0012283497,0.02359712,0.022876462,0.8061188,0.7895813,0.19739532
46516,0.014841578,0.0012784674,0.028404688,0.028564433,0.809196,0.80694515,0.20173629
46518,0.013990298,0.00128728,0.026693316,0.026317878,0.9371188,0.7940014,0.19850035
46521,0.013399303,0.0012119455,0.02558666,0.026025916,0.76975584,0.6838611,0.17096527
46523,0.013422196,0.0012426781,0.025601715,0.024292445,0.09224168,0.104752064,0.026188016
46526,0.001624375,0.0011456255,0.0021031245,0.002141913,0.27739304,0.298355,0.07458875
46529,0.02014689,0.0010461108,0.039247666,0.041346762,0.07815102,0.14889611,0.03722403
46531,0.020144604,0.0009969355,0.039292272,0.03386049,0.6613249,0.6762654,0.16906635
46534,0.022386359,0.00087132794,0.043901395,0.04481784,0.18431656,0.2995012,0.0748753
46536,0.0318447,0.0008763036,0.062813096,0.061508622,0.060177844,0.18370211,0.045925528
46539,0.02900813,0.0008694947,0.05714677,0.05743145,0.04525727,0.13687764,0.03421941
46542,0.019106122,0.0008291222,0.03738312,0.039254587,0.94902134,0.91419524,0.22854881
46544,0.002386778,0.00088391406,0.003889642,0.0049196943,0.13259876,0.10659608,0.02664902
46547,0.03139742,0.0009766048,0.06181823,0.06361224,1.6074256,1.6576132,0.4144033
46550,0.014842407,0.0010075573,0.028677257,0.029609216,0.034434635,0.06330952,0.01582738
46552,0.0027726423,0.00107566,0.0044696243,0.0070169345,0.2533473,0.31404904,0.07851226
46555,0.0025854362,0.0011837297,0.003987143,0.003358199,0.2593666,0.24330743,0.060826857
46557,0.0018267105,0.0012354106,0.0024180105,0.0018396495,0.44580582,0.4345461,0.10863653
46560,0.026228674,0.0014338968,0.05102345,0.052938253,0.1532726,0.13923967,0.034809917
46563,0.014591933,0.0015624916,0.027621375,0.025295252,0.7736916,0.7480726,0.18701816
46565,0.002913002,0.0017288468,0.004097157,0.0069230422,0.6014286,0.53565603,0.13391401
46568,0.018277867,0.0018793447,0.034676388,0.03202625,0.9351439,0.9456145,0.23640363
46570,0.024844306,0.0019375953,0.04775102,0.0518897,0.05622178,0.15435256,0.03858814
46573,0.008825758,0.002016613,0.015634902,0.016770095,0.45686626,0.40866065,0.10216516
46576,0.024179706,0.0021533447,0.04620607,0.050833922,0.08230221,0.06128125,0.015320312
46578,0.024283765,0.0021289613,0.046438564,0.046796527,0.057905603,0.14796041,0.036990102
46581,0.015250474,0.0021565028,0.028344445,0.023683747,1.1816792,1.1242999,0.28107497
46583,0.01239945,0.0022043567,0.022594543,0.021611603,0.017295912,0.028663358,0.0071658394
46586,0.018970935,0.002266523,0.035675343,0.03679144,0.06366276,0.13842767,0.03460692
46589,0.014014955,0.0023929132,0.025636995,0.022423,0.012012555,0.028985927,0.0072464817
46591,0.007166376,0.002458167,0.011874584,0.012621165,0.7209454,0.6788675,0.16971688
46594,0.013611614,0.0026375,0.024585726,0.02324908,0.03896617,0.074674316,0.018668579
46597,0.014252234,0.0028117069,0.025692761,0.028390609,0.033887107,0.051429566,0.0128573915
46599,0.0029803643,0.0029134515,0.003047277,0.0033839718,0.529197,0.4812244,0.1203061
46602,0.017425438,0.003051175,0.031799704,0.02732706,0.9324575,0.91601163,0.22900291
46604,0.010685238,0.003165611,0.018204866,0.01347933,0.42294034,0.4051416,0.1012854
46607,0.013390657,0.003401839,0.023379475,0.017103862,0.15420045,0.1351853,0.033796325
46610,0.018549712,0.0036836166,0.033415806,0.022466445,0.8448801,0.7265751,0.18164377
46612,0.0151962945,0.0037308726,0.026661716,0.025736287,0.09596748,0.06590564,0.01647641
46615,0.03930177,0.0039699045,0.074633636,0.080879726,0.08907888,0.25287017,0.06321754
46617,0.014926091,0.0040610195,0.025791163,0.031939313,0.16024669,0.2360058,0.05900145
46620,0.018666143,0.0041481946,0.033184092,0.028598985,0.05163918,0.07097118,0.017742796
46623,0.0042719496,0.004240557,0.004303342,0.0053347894,0.46400058,0.5088782,0.12721954
46625,0.014983441,0.004339729,0.025627151,0.021630106,0.029520467,0.06317612,0.01579403
46628,0.05765857,0.004388102,0.11092904,0.11187422,0.13862017,0.044079393,0.011019848
46630,0.017207945,0.0045701293,0.02984576,0.018915279,0.670502,0.6015814,0.15039535
46633,0.011991586,0.004771123,0.019212049,0.020005627,0.5726504,0.5200896,0.1300224
46636,0.020212417,0.004908666,0.03551617,0.030321702,0.86961216,0.8873653,0.22184132
46638,0.03094253,0.0049107317,0.056974325,0.050345283,0.03153888,0.08446065,0.021115163
46641,0.054030046,0.0050366954,0.1030234,0.112193815,0.13665457,0.06546753,0.016366882
46644,0.0062408536,0.0052480833,0.007233623,0.008709588,0.37377167,0.34696034,0.086740084
46646,0.021610975,0.0053559653,0.037865985,0.03817391,0.08138817,0.16142422,0.040356055
46649,0.004526717,0.0055627213,0.0034907132,0.0028675497,0.20637827,0.23481111,0.058702778
46651,0.024180248,0.0056004524,0.042760044,0.038078085,0.11959549,0.11394999,0.028487498
46654,0.004401648,0.005833179,0.0029701162,0.0031142242,0.24684668,0.21581125,0.053952813
46657,0.015545383,0.0058439956,0.02524677,0.019017585,0.018390669,0.036055125,0.009013781
46659,0.024157599,0.0058326856,0.04248251,0.029292429,1.0059654,0.9382294,0.23455735
46662,0.028706977,0.0060242116,0.051389743,0.041814,0.13409925,0.19032602,0.047581505
46664,0.004723579,0.006150155,0.003297004,0.0036394561,0.3712542,0.42607263,0.10651816
46667,0.024275394,0.0060853907,0.0424654,0.039757933,0.13133834,0.16035636,0.04008909
46670,0.021458795,0.0061668144,0.036750775,0.0205391,0.6157215,0.52172804,0.13043201
46672,0.0057147457,0.006084938,0.0053445525,0.0047974535,0.14212155,0.15801796,0.03950449
46675,0.0064464784,0.006010177,0.0068827793,0.0048122257,0.15222298,0.16201393,0.040503483
46677,0.030443454,0.0057961033,0.055090804,0.045987073,0.104103945,0.18323089,0.045807723
46680,0.0060016713,0.0057668127,0.0062365304,0.012394041,0.10538316,0.12297949,0.030744873
46683,0.0042705913,0.005390722,0.0031504615,0.004133725,0.14360355,0.16460375,0.04115094
46685,0.0038812812,0.005272645,0.002489918,0.0031306595,0.3851774,0.41392007,0.10348002
46688,0.0036575187,0.0050480296,0.0022670075,0.0032351427,0.25892016,0.23166747,0.05791687
46691,0.021821523,0.0048858514,0.038757198,0.03600152,1.0122881,1.0051895,0.25129738
46693,0.019327227,0.004830925,0.03382353,0.03789456,0.07890781,0.15635808,0.03908952
46696,0.003633871,0.0045433654,0.0027243765,0.003125732,0.32372412,0.2971379,0.07428447
46698,0.016724393,0.0043957746,0.02905301,0.020019516,0.033749122,0.057058785,0.014264696
46701,0.025914898,0.004435082,0.04739471,0.042513724,1.1518344,1.0794162,0.26985404
46704,0.0034586012,0.0042049144,0.0027122872,0.0056473296,0.1655059,0.18433888,0.04608472
46706,0.026807256,0.004065987,0.049548525,0.042251844,0.13548887,0.13778883,0.034447208
46709,0.01857475,0.0038967868,0.033252712,0.029593991,0.8397669,0.77365875,0.19341469
46711,0.00441018,0.003777242,0.0050431183,0.0013754958,0.28746083,0.27593073,0.06898268
46714,0.019956375,0.0034687407,0.036444012,0.03478728,0.81825584,0.87001306,0.21750326
46717,0.013426025,0.0031871733,0.023664879,0.024390444,0.7553542,0.6931552,0.1732888
46719,0.0046463558,0.0028975566,0.006395155,0.007470789,0.15827815,0.15420829,0.038552072
46722,0.013939817,0.00284128,0.025038354,0.025681088,0.08004952,0.07604646,0.019011615
46724,0.013235203,0.0026928037,0.023777602,0.020485574,0.04632436,0.08235798,0.020589495
46727,0.013692227,0.002275031,0.025109423,0.025318379,0.7674833,0.7378157,0.18445392
46730,0.0024796203,0.0021950544,0.0027641861,0.0033064245,0.29130235,0.25895187,0.06473797
46732,0.011963617,0.0019255982,0.022001637,0.022235006,0.06081556,0.091036946,0.022759236
46735,0.021381607,0.0017080716,0.041055143,0.042939555,0.059862394,0.124860704,0.031215176
46738,0.0034745329,0.0013258319,0.005623234,0.0044314503,0.24612166,0.20784728,0.05196182
46740,0.020592242,0.0012498281,0.039934658,0.039828826,0.11227146,0.17163779,0.042909447
46743,0.0051674997,0.0011433043,0.009191695,0.008042603,0.13680112,0.17085595,0.04271399
46745,0.021805547,0.001070924,0.042540174,0.04488407,1.4077353,1.4552809,0.36382023
46748,0.0013932986,0.0010635881,0.001723009,0.002162767,0.3656205,0.36965713,0.09241428
46751,0.011140757,0.0011231176,0.021158397,0.021448523,0.6901634,0.74541897,0.18635474
46753,0.005588965,0.0011754533,0.010002476,0.011361438,0.3319076,0.31152624,0.07788156
46756,0.034601524,0.0014758492,0.0677272,0.075614825,0.12705919,0.07327652,0.01831913
46758,0.02719917,0.0015599324,0.052838404,0.05507501,0.21442886,0.28629932,0.07157483
46761,0.03362387,0.0013755973,0.06587214,0.06802974,0.18380187,0.15793653,0.039484132
46764,0.0029203973,0.0014063288,0.004434466,0.0054777884,0.22795437,0.22284608,0.05571152
46766,0.018561862,0.0013204413,0.035803284,0.03924137,1.115522,1.0429529,0.26073822
46769,0.02170644,0.0012099553,0.042202923,0.043494374,0.06845329,0.14869931,0.03717483
46771,0.019175896,0.0013615772,0.036990218,0.03673525,0.07480513,0.12838773,0.032096934
46774,0.0019420097,0.0016842826,0.0021997367,0.0029771153,0.3810952,0.36080715,0.09020179
46777,0.02289553,0.0017239066,0.044067156,0.03906543,0.054734543,0.08321145,0.020802863
46779,0.026422977,0.0016161897,0.051229764,0.0499173,0.06715783,0.14376394,0.035940986
46782,0.0021460727,0.001607004,0.0026851415,0.0029304547,0.22045946,0.19494076,0.04873519
46785,0.019857893,0.0015432887,0.038172495,0.036536172,0.050558712,0.098543584,0.024635896
46787,0.012262046,0.0015791841,0.02294491,0.020257862,0.46429634,0.4098843,0.102471076
46790,0.027119255,0.0014883722,0.052750137,0.05312726,1.3318231,1.3287328,0.3321832
46792,0.014830284,0.0014668222,0.028193744,0.031490628,1.3441213,1.4290482,0.35726205
46795,0.0028263368,0.0016694204,0.003983253,0.0029726115,0.46158156,0.47013247,0.11753312
46798,0.009296774,0.0016266046,0.016966945,0.018503109,0.064898126,0.08557314,0.021393284
46800,0.0132748,0.0014490992,0.025100501,0.029043863,0.691349,0.5180507,0.12951267
46803,0.013814497,0.0013078059,0.026321188,0.028722882,0.6342297,0.5121719,0.12804298
46805,0.017566044,0.0012651063,0.033866983,0.03696667,0.023422664,0.04792063,0.011980157
46808,0.0051605147,0.0012966417,0.009024387,0.006685375,0.5393138,0.589936,0.147484
46811,0.009546214,0.0013330759,0.017759353,0.02085186,0.010383393,0.039502878,0.009875719
46813,0.019805983,0.0013245903,0.038287375,0.037753936,0.0953837,0.18035693,0.045089234
46816,0.014790553,0.0012497549,0.028331349,0.030980444,0.040176827,0.0958753,0.023968825
46818,0.002169057,0.0012193293,0.0031187849,0.0026984133,0.38693663,0.4040121,0.10100303
46821,0.011871883,0.0011798667,0.022563899,0.022277212,0.039569143,0.07671179,0.019177947
46824,0.0055291406,0.0011390861,0.009919195,0.008007328,0.43441924,0.44346836,0.11086709
46826,0.015816903,0.0011238192,0.030509988,0.034404065,0.022304239,0.052552614,0.013138154
46829,0.018995231,0.0011072144,0.03688325,0.038698334,0.042260468,0.07816258,0.019540645
46832,0.0023801427,0.001017785,0.0037425004,0.0025837857,0.17949261,0.17192526,0.042981315
46834,0.0013232538,0.00096207036,0.0016844374,0.0017690392,0.1786774,0.16436805,0.041092012
46837,0.016014302,0.00095799955,0.031070603,0.031669874,0.12422452,0.15551068,0.03887767
46839,0.0135964565,0.00097326486,0.02621965,0.024952836,1.0130395,0.94788116,0.23697029
46842,0.009442829,0.0010210901,0.017864568,0.01753138,0.047665846,0.03508762,0.008771905
46845,0.005671326,0.0010701999,0.010272452,0.009734117,0.4262127,0.40485826,0.101214565
46847,0.0031256208,0.001158982,0.0050922595,0.0066401795,0.089615196,0.103102766,0.025775691
46850,0.002878899,0.0014025756,0.0043552225,0.0037718217,0.22399795,0.21048105,0.052620262
46852,0.013477176,0.0016143225,0.02534003,0.024378086,0.020073922,0.042428408,0.010607102
46855,0.004068214,0.0019160606,0.0062203673,0.0077241957,0.40783963,0.37375912,0.09343978
46858,0.0026535934,0.0022228572,0.00308433,0.004239132,0.38773572,0.42703483,0.106758706
46860,0.005336234,0.0023695305,0.008302936,0.0036889382,0.18794906,0.1906774,0.04766935
46863,0.013237205,0.0025829931,0.02389142,0.02581948,0.7406395,0.6665604,0.1666401
46865,0.009579242,0.0025987898,0.016559696,0.014251295,0.5503101,0.56334907,0.14083727
46868,0.0063751726,0.0026062436,0.010144101,0.005298982,0.29319087,0.25092438,0.062731095
46871,0.022194363,0.002655915,0.041732814,0.035013944,1.2323312,1.1179258,0.27948144
46873,0.0026426099,0.0026931681,0.0025920514,0.005151477,0.28416762,0.32447243,0.08111811
46876,0.029531667,0.0027167408,0.056346595,0.061876554,1.718367,1.9763798,0.49409494
46879,0.017671848,0.00275357,0.032590125,0.0315194,0.06581768,0.12374147,0.030935368
46881,0.009638275,0.0027428058,0.016533745,0.017672323,0.54252833,0.47839972,0.11959993
46884,0.0046312385,0.0027154603,0.006547017,0.011579439,0.1463281,0.19487013,0.048717532
46886,0.028511332,0.0027182847,0.05430438,0.052331638,1.6775217,1.6932144,0.4233036
46889,0.009982239,0.0027560184,0.01720846,0.019694349,0.56364876,0.50554466,0.12638617
46892,0.002950291,0.0027324494,0.0031681324,0.001887807,0.24370329,0.24922204,0.06230551
46894,0.002684689,0.0027583356,0.0026110418,0.006264755,0.19973004,0.2433808,0.0608452
46897,0.01598315,0.0027390125,0.029227287,0.028447628,0.07825922,0.14195354,0.035488386
46899,0.01732712,0.0027878408,0.0318664,0.026112417,0.728352,0.70988035,0.17747009
46902,0.025350979,0.0029622437,0.047739714,0.04010047,1.3616947,1.2427797,0.31069493
46905,0.0191337,0.002919554,0.035347845,0.030567052,0.06942681,0.12126515,0.030316288
46907,0.0025399367,0.002930856,0.0021490173,0.0062152036,0.39941916,0.47169837,0.11792459
46910,0.004515186,0.0030452006,0.005985171,0.002904135,0.50397915,0.505743,0.12643576
46912,0.013304916,0.003210688,0.023399144,0.02134747,0.7952745,0.76939696,0.19234924
46915,0.026111515,0.003432867,0.048790168,0.04554738,0.1254543,0.18408601,0.046021502
46918,0.030450277,0.0035998363,0.057300717,0.0503774,0.9250395,0.8598249,0.21495622
46920,0.013566821,0.0037046848,0.023428956,0.026792785,0.7051451,0.62753093,0.15688273
46923,0.014671649,0.00381128,0.025532017,0.027742127,0.7794066,0.7123434,0.17808585
46926,0.020103525,0.0039062377,0.036300812,0.03197252,0.12152093,0.14490995,0.036227487
46928,0.015580622,0.004060471,0.027100772,0.019688226,0.051189143,0.07763372,0.01940843
46931,0.0127214985,0.004309759,0.021133238,0.017004041,0.45185947,0.45800617,0.11450154
46933,0.023123583,0.0044004736,0.041846693,0.047054306,0.06124878,0.09177592,0.02294398
46936,0.023854068,0.0042976164,0.04341052,0.036467463,0.031247586,0.06544668,0.01636167
46939,0.01758829,0.0042396034,0.030936977,0.025070779,0.7460119,0.7113085,0.17782712
46941,0.0032829177,0.004110191,0.002455644,0.0061102305,0.18429077,0.2263005,0.056575123
46944,0.022766666,0.0038915314,0.0416418,0.03830499,0.031192223,0.07923306,0.019808264
46946,0.016115647,0.003853706,0.028377587,0.028585725,1.3003743,1.2999126,0.32497814
46949,0.013433387,0.0038376648,0.02302911,0.023875214,0.63878554,0.59363174,0.14840794
46952,0.016930565,0.003694642,0.03016649,0.023759687,0.040561635,0.07854257,0.019635642
46954,0.026367016,0.0036346556,0.049099375,0.044223536,0.074487634,0.13936538,0.034841344
46957,0.004857786,0.0036189456,0.006096626,0.003611407,0.31400445,0.2925585,0.07313962
46959,0.0031010332,0.0036148736,0.0025871925,0.0037498493,0.37806126,0.3540155,0.088503875
46962,0.017645812,0.0035281198,0.031763505,0.03387108,0.90514547,0.8751827,0.21879567
46965,0.018062683,0.0033346217,0.032790747,0.034346145,0.06177639,0.12878896,0.03219724
46967,0.0027610057,0.003363346,0.0021586658,0.0044729332,0.18466617,0.20752712,0.05188178
46970,0.023418168,0.0033288102,0.043507528,0.037101153,0.053474057,0.1126163,0.028154075
46973,0.0027471788,0.003092124,0.002402234,0.0054663657,0.15593559,0.17976344,0.04494086
46975,0.0023624448,0.0029827089,0.0017421804,0.004448035,0.32580307,0.3615251,0.09038127
46978,0.002962046,0.00297222,0.0029518723,0.003362161,0.2201569,0.19101481,0.047753703
46980,0.014393341,0.002896893,0.02588979,0.025604798,0.05072127,0.08189561,0.020473903
46983,0.00530022,0.0027028804,0.00789756,0.004183514,0.38971856,0.3711097,0.09277742
46986,0.015896453,0.0027067985,0.029086107,0.020720096,0.0121880425,0.047516357,0.011879089
46988,0.025948703,0.0027328634,0.049164545,0.0554909,0.09847375,0.204257,0.05106425
46991,0.018209418,0.0028350127,0.033583824,0.034744527,0.04625216,0.085184015,0.021296004
46993,0.019838681,0.002758097,0.036919262,0.03799261,1.426621,1.3958133,0.34895334
46996,0.016510911,0.0026363414,0.030385481,0.03005375,0.86414784,0.8556605,0.21391512
46999,0.026056759,0.0024828364,0.049630683,0.05024798,1.2219936,1.2424906,0.31062266
47001,0.023312852,0.0023380069,0.044287696,0.050443757,1.593821,1.602738,0.4006845
47004,0.0026533697,0.0021429046,0.0031638348,0.0024140787,0.23869479,0.20767081,0.051917702
47006,0.002769246,0.0020293668,0.0035091254,0.005947061,0.5815154,0.64510375,0.16127594
47009,0.013791412,0.0019496259,0.0256332,0.026190689,0.9007077,0.8802449,0.22006123
47012,0.0022330105,0.0017474584,0.0027185625,0.0028400589,0.26252604,0.23231782,0.058079455
47014,0.02259689,0.001659403,0.04353438,0.042157162,0.039003808,0.07351469,0.018378673
47017,0.014390938,0.001553273,0.027228603,0.027506031,1.1476685,1.151147,0.28778675
47020,0.03401422,0.0014673044,0.06656114,0.0646347,1.0067929,0.99357957,0.24839489
47022,0.0021861934,0.0014145682,0.0029578183,0.002498179,0.26884785,0.24474752,0.06118688
47025,0.01524204,0.0012433052,0.029240774,0.030935435,1.2143763,1.2557968,0.3139492
47027,0.021186665,0.0012847999,0.04108853,0.039899953,1.1891567,1.0960099,0.27400246
47030,0.012694099,0.001250288,0.024137912,0.02169212,0.62294227,0.54798406,0.13699602
47033,0.021823192,0.0013418769,0.042304505,0.045798365,0.064292096,0.112380296,0.028095074
47035,0.0114355795,0.0013862177,0.021484941,0.021086505,0.067619346,0.08067743,0.020169357
47038,0.003131356,0.0014410829,0.0048216297,0.0029888786,0.47510615,0.43511596,0.10877899
47040,0.002346581,0.0015380095,0.003155153,0.0039636483,0.13700366,0.112257876,0.028064469
47043,0.010608089,0.0014612818,0.019754896,0.019826429,0.50302815,0.48321474,0.120803684
47046,0.0022795417,0.0013346886,0.003224395,0.0034498458,0.14650236,0.16074423,0.04018606
47048,0.0017575083,0.0011672612,0.0023477555,0.0026983728,0.1604359,0.1394353,0.034858827
47051,0.013679427,0.0011097728,0.02624908,0.026496097,0.7103177,0.692385,0.17309625
47054,0.013453215,0.0010695867,0.025836846,0.027796129,0.024874354,0.068127505,0.017031876
47056,0.008214946,0.001080058,0.015349832,0.015263416,0.012396055,0.038656667,0.009664167
47059,0.030710658,0.001213804,0.060207512,0.0565902,1.3244843,1.3000742,0.32501855
47061,0.021051748,0.0013081789,0.040795315,0.03832325,0.13641353,0.23969759,0.059924398
47064,0.001903132,0.0014625937,0.00234367,0.0030691281,0.18269716,0.15929246,0.039823115
47067,0.014922529,0.0015154425,0.028329616,0.025517521,0.97972995,1.0207471,0.25518677
47069,0.011499579,0.0016222239,0.021376932,0.020841645,0.03030073,0.044059943,0.011014986
47072,0.00581947,0.0018070083,0.009831932,0.0072976328,0.40125394,0.34092453,0.08523113
47074,0.016735239,0.0020382402,0.031432237,0.02839611,0.07388568,0.11755612,0.02938903
47077,0.004374365,0.0026684988,0.006080231,0.0036130787,0.27159104,0.2664547,0.066613674
47080,0.004203593,0.0032401343,0.0051670517,0.0076356693,0.14846641,0.19088018,0.047720045
47082,0.01867625,0.0034097545,0.03394274,0.031890985,1.1301066,1.1634902,0.29087254
47085,0.011334256,0.003855203,0.01881331,0.017879589,0.06003499,0.089025296,0.022256324
47087,0.010499776,0.0041174274,0.016882127,0.0102317,0.3474295,0.34679022,0.086697556
47090,0.018070811,0.0042861598,0.03185546,0.02779474,0.03989834,0.07590958,0.018977394
47093,0.0125350645,0.004453949,0.02061618,0.015281439,0.01939263,0.031643957,0.007910989
47095,0.027816853,0.004691295,0.05094241,0.048882592,0.042043895,0.10074935,0.025187338
47098,0.0043230155,0.0047004963,0.0039455346,0.0025730866,0.2432987,0.25868332,0.06467083
47101,0.015161216,0.005070021,0.025252411,0.02108697,0.015592965,0.023952879,0.0059882198
47103,0.018842164,0.0049655945,0.032718737,0.030821115,0.018791951,0.047070622,0.011767656
47106,0.02178362,0.0049945344,0.038572703,0.039068148,0.052298576,0.07657692,0.01914423
47108,0.005386828,0.004957093,0.005816564,0.0035794477,0.29264,0.28307116,0.07076779
47111,0.022810018,0.0049262964,0.04069374,0.03148138,0.8905094,0.8289253,0.20723133
47114,0.0062002665,0.005041236,0.0073592975,0.0025729241,0.24616706,0.2391383,0.059784576
47116,0.03360093,0.0052992343,0.061902624,0.05055039,0.037823934,0.07744813,0.019362032
47119,0.013982409,0.0056150216,0.022349797,0.016734352,0.042756427,0.056116447,0.014029112
47121,0.005154558,0.0059352703,0.0043738456,0.009406385,0.10971696,0.13276906,0.033192266
47124,0.027787996,0.0065995324,0.048976462,0.04320473,0.053045582,0.10697689,0.026744222
47127,0.010633488,0.006887878,0.014379098,0.0046727234,0.19153409,0.17606236,0.04401559
47129,0.0045428826,0.006840212,0.0022455535,0.006107095,0.2242028,0.25670204,0.06417551
47132,0.024469623,0.006851457,0.042087793,0.042267557,1.4701799,1.4516109,0.36290273
47134,0.026776547,0.006661298,0.046891797,0.045199964,1.3170017,1.3128693,0.32821733
47137,0.02493362,0.006866498,0.04300074,0.033012114,0.37778607,0.31274608,0.07818652
47140,0.0055859275,0.006730201,0.0044416543,0.0033979798,0.2166502,0.22624707,0.056561768
47142,0.022316104,0.0065181665,0.03811404,0.021017583,0.013524081,0.05199306,0.012998265
47145,0.017365994,0.0063125133,0.028419474,0.014279116,0.003212324,0.023123458,0.0057808645
47148,0.01564951,0.0059111305,0.025387889,0.012805154,0.067393616,0.06326132,0.01581533
47150,0.014709339,0.0058033266,0.023615351,0.01100526,0.07741425,0.06439746,0.016099365
47153,0.005786007,0.0056031267,0.0059688874,0.002321807,0.269222,0.25623503,0.06405876
47155,0.007886599,0.0052946447,0.010478553,0.003283994,0.3135643,0.3182258,0.07955645
47158,0.021378944,0.004872637,0.037885252,0.033701364,0.98110074,0.88538885,0.22134721
47161,0.004831687,0.0040867454,0.005576629,0.0034666825,0.40328905,0.373184,0.093296
47163,0.008756987,0.0038284098,0.0136855645,0.010728136,0.6753722,0.6059203,0.15148008
47166,0.004813864,0.003287552,0.006340176,0.0041997754,0.38535914,0.3770958,0.09427395
47168,0.0030217643,0.0032075625,0.002835966,0.0018589986,0.3990922,0.39828897,0.09957224
47171,0.023351632,0.0025010852,0.04420218,0.042828944,0.057201207,0.05730019,0.014325048
47174,0.009470717,0.0020920937,0.01684934,0.018554525,0.5471905,0.6312105,0.15780263
47176,0.033172462,0.0019566806,0.064388245,0.07069616,1.1658155,0.8526167,0.21315418
47179,0.011499427,0.0020142228,0.020984633,0.022791157,0.019684812,0.027250653,0.0068126633
47181,0.013821338,0.0017876629,0.025855014,0.02688119,0.030097252,0.018652132,0.004663033
47184,0.040316563,0.0022182337,0.078414895,0.09025937,0.15454043,0.0804797,0.020119924
47187,0.019275496,0.0022978692,0.036253124,0.041708082,1.1549097,1.3095449,0.32738623
47189,0.03195501,0.0028560292,0.06105399,0.059686285,1.2425641,1.4087915,0.3521979
47192,0.024015626,0.0034838915,0.04454736,0.048136592,1.018663,1.1864308,0.2966077
47195,0.017343305,0.0039450475,0.030741563,0.03497179,1.4027805,1.2564436,0.3141109
47197,0.013147816,0.00435274,0.021942891,0.029672122,0.7097253,0.5948593,0.14871483
47200,0.018815165,0.0031888243,0.03444151,0.034878846,0.83886653,0.95699763,0.23924941
47202,0.03235605,0.0034177832,0.061294317,0.05942737,1.3080196,1.487442,0.3718605
47205,0.009976557,0.0032344672,0.016718648,0.018058628,0.3698845,0.45045614,0.112614036
47208,0.025383122,0.0030504707,0.047715772,0.052985292,0.09976833,0.03826839,0.009567098
47210,0.0029625036,0.0029061984,0.0030188088,0.0036013785,0.17337586,0.16524202,0.041310504
47213,0.019739816,0.0028511097,0.036628522,0.03841557,0.11496393,0.15588431,0.038971078
47215,0.027868541,0.0026972955,0.05303979,0.052244622,1.8339349,1.9399332,0.4849833
47218,0.0027944178,0.002613469,0.0029753663,0.0032698913,0.22782235,0.23575465,0.058938663
47221,0.018532218,0.0030020524,0.034062386,0.041425437,0.042340446,0.11471727,0.028679317
47223,0.0033981018,0.0033113193,0.0034848843,0.0026616312,0.21669762,0.20656921,0.051642302
47226,0.0050565326,0.003421872,0.0066911937,0.0037725668,0.143646,0.12787919,0.031969797
47228,0.010098372,0.0032858097,0.016910933,0.011922918,0.35971913,0.38679647,0.09669912
47231,0.0028238017,0.0028252539,0.0028223495,0.0049230396,0.20778584,0.2207437,0.055185925
47234,0.026077302,0.0025607096,0.049593896,0.05386922,0.04760165,0.074638285,0.018659571
47236,0.01830835,0.0024955256,0.034121174,0.034179043,0.19507857,0.2074758,0.05186895
47239,0.0024411355,0.0023784188,0.002503852,0.0037336776,0.24660772,0.25671718,0.064179294
47242,0.033578616,0.0025645678,0.06459266,0.06277424,0.17460944,0.17315036,0.04328759
47244,0.04497005,0.0024792256,0.087460876,0.08164072,1.4716325,1.5721602,0.39304006
47247,0.014248285,0.0026216581,0.025874913,0.03270899,0.020397283,0.07237246,0.018093115
47249,0.003700709,0.0026658496,0.004735568,0.0032152263,0.21293509,0.22550277,0.056375694
47252,0.033619177,0.0024743257,0.06476402,0.06133319,1.3356029,1.3308265,0.33270663
47255,0.0021701783,0.002258288,0.0020820687,0.0025205764,0.18251957,0.18296409,0.04574102
47257,0.0053454502,0.0021736172,0.008517283,0.007787975,0.10880504,0.1297721,0.032443024
47260,0.005943699,0.0024279451,0.009459453,0.0073930644,0.3431627,0.37207142,0.093017854
47262,0.00238753,0.002484694,0.002290366,0.0036474105,0.438247,0.45635232,0.11408808
47265,0.019607875,0.002559878,0.036655873,0.03941861,0.81636435,0.95728713,0.23932178
47268,0.020745343,0.00226725,0.039223436,0.043038398,0.05698937,0.1343461,0.033586524
47270,0.003082607,0.0018121334,0.0043530804,0.0037026436,0.43397713,0.46422568,0.11605642
47273,0.028420879,0.0013256641,0.055516094,0.05589511,1.6414099,1.8118252,0.4529563
47275,0.008284034,0.0010337597,0.015534309,0.015691748,0.36927256,0.34971198,0.087427996
47278,0.026374368,0.0010047759,0.05174396,0.053649675,0.040470436,0.06498273,0.016245682
47281,0.020903504,0.0011398667,0.040667143,0.04091484,1.4975418,1.510754,0.3776885
47283,0.02304504,0.0013230448,0.044767037,0.044602294,1.2425346,1.1788548,0.2947137
47286,0.013279945,0.0014686846,0.025091203,0.024935147,0.61128,0.59043306,0.14760827
47289,0.010693018,0.0016943911,0.019691646,0.019969555,0.04944073,0.059164006,0.014791002
47291,0.009862197,0.0017682415,0.01795615,0.016276153,0.4148198,0.40199837,0.10049959
47294,0.023744361,0.0020277568,0.04546097,0.04855327,1.1883954,1.169853,0.29246324
47296,0.012211189,0.0020903489,0.022332028,0.021264479,0.08044984,0.11524693,0.028811732
47299,0.010765406,0.0021366356,0.019394176,0.018341629,0.41766647,0.34869322,0.087173305
47302,0.0024698067,0.0020744407,0.002865173,0.002487004,0.29733002,0.28958842,0.072397105
47304,0.0028134065,0.002064122,0.0035626914,0.0033453591,0.17438205,0.17918605,0.04479651
47307,0.015793689,0.002164914,0.029422462,0.029580593,0.75254184,0.73092383,0.18273096
47309,0.024118556,0.0021755372,0.046061575,0.041560676,1.0254265,1.0008388,0.2502097
47312,0.011969757,0.0022781517,0.021661364,0.018625071,0.04305912,0.06212188,0.01553047
47315,0.0024857493,0.0022685803,0.0027029181,0.0035475362,0.4118049,0.4238665,0.10596663
47317,0.0029852737,0.0021950575,0.0037754897,0.004436519,0.19827135,0.22463995,0.056159988
47320,0.011699333,0.002103463,0.021295203,0.020056674,0.57672983,0.5460393,0.13650982
47322,0.02706027,0.0020637112,0.05205683,0.05493037,1.6147026,1.6792129,0.41980323
47325,0.011126567,0.0018581776,0.020394955,0.01871088,0.0028778908,0.023166656,0.005791664
47328,0.019178571,0.0017552339,0.036601912,0.034898106,0.06918009,0.1339391,0.033484776
47330,0.011714636,0.0018199654,0.021609306,0.020596685,0.019560723,0.020866541,0.0052166353
47333,0.0030620096,0.0018242053,0.0042998134,0.0024786836,0.43526044,0.4469007,0.111725174
47336,0.01598467,0.0019241773,0.030045161,0.028516771,0.12091925,0.17108442,0.042771105
47338,0.0025607313,0.001902427,0.0032190357,0.0033116455,0.27018985,0.2614037,0.06535093
47341,0.0018862891,0.0018124003,0.001960178,0.0032453823,0.1685692,0.14164205,0.035410512
47343,0.027722495,0.0017831601,0.053661827,0.052145768,1.2625462,1.2309903,0.30774757
47346,0.0059259236,0.0017608065,0.01009104,0.014403422,0.09245348,0.102349676,0.025587419
47349,0.015936822,0.0017677195,0.030105924,0.025917774,0.03642249,0.056195915,0.014048979
47351,0.003241869,0.0017996263,0.0046841116,0.0026553536,0.2165736,0.20121133,0.050302833
47354,0.017771937,0.001986096,0.033557776,0.028322436,0.02516301,0.037426572,0.009356643
47356,0.0046859575,0.0021369357,0.0072349794,0.005294127,0.18385641,0.17449416,0.04362354
47359,0.024955684,0.0022076033,0.04770377,0.04929642,0.12082479,0.08992059,0.022480147
47362,0.03092803,0.0026472555,0.059208807,0.0451851,0.796194,0.5598909,0.13997273
47364,0.01758717,0.0028556779,0.032318663,0.030979797,0.044397492,0.091744505,0.022936126
47367,0.015063929,0.0030865127,0.027041346,0.025216931,0.02082376,0.039174635,0.009793659
47369,0.037070844,0.0034125354,0.07072916,0.058289085,0.6438473,0.6790228,0.1697557
47372,0.025208682,0.0035556862,0.04686168,0.046467796,0.14580779,0.123874865,0.030968716
47375,0.00631081,0.0037451247,0.008876495,0.006284335,0.40994263,0.40627003,0.10156751
47377,0.022288537,0.0038310352,0.040746037,0.035834033,0.07831678,0.13852416,0.03463104
47380,0.016803427,0.0037167028,0.02989015,0.02735808,0.021493705,0.062191527,0.015547882
47383,0.021999449,0.0038946338,0.040104266,0.04065165,0.045770794,0.10420344,0.02605086
47385,0.005064434,0.0038309796,0.0062978887,0.0017728686,0.33403936,0.3498421,0.087460525
47388,0.00486947,0.0038809867,0.0058579524,0.010390936,0.09588581,0.12758568,0.03189642
47390,0.028360723,0.0038339903,0.052887455,0.043369684,1.066873,1.0387893,0.25969732
47393,0.006303026,0.0038937659,0.008712285,0.0077380785,0.47977087,0.47615552,0.11903888
47396,0.004365394,0.0035999592,0.005130829,0.0023034115,0.41358063,0.40115166,0.100287914
47398,0.0044780197,0.0033665232,0.0055895164,0.0026478898,0.25389692,0.24532641,0.061331604
47401,0.004372263,0.0030435482,0.005700977,0.0033474937,0.555891,0.5608191,0.14020477
47403,0.01760861,0.0028117662,0.032405455,0.031910073,0.14854518,0.22164057,0.055410143
47406,0.014334383,0.002661192,0.026007576,0.02431192,0.037291788,0.06331784,0.01582946
47409,0.012598347,0.0024694859,0.022727208,0.021740654,0.6023218,0.6252963,0.15632407
47411,0.0270022,0.0024677792,0.05153662,0.053024545,0.075841464,0.15926597,0.03981649
47414,0.009605793,0.0024914832,0.016720103,0.015032095,0.43817198,0.41637683,0.10409421
47416,0.003210282,0.0027076153,0.0037129484,0.005741292,0.115299486,0.12880231,0.03220058
47419,0.019696966,0.0028523353,0.036541596,0.031221284,0.81676674,0.6947314,0.17368285
47422,0.0058559123,0.0033721784,0.008339646,0.005989289,0.65061,0.6197594,0.15493985
47424,0.0147999,0.0036255382,0.02597426,0.025514139,0.7639391,0.7583086,0.18957715
47427,0.018487466,0.004088862,0.032886073,0.028967509,0.53712386,0.45526084,0.11381521
47430,0.018440774,0.0043755337,0.032506015,0.028851854,0.97523594,0.98940986,0.24735247
47432,0.028593855,0.0046817996,0.05250591,0.043846786,1.2381951,1.1083437,0.27708593
47435,0.027677951,0.0048033525,0.050552547,0.05619133,1.6984359,1.8558785,0.46396962
47437,0.023178728,0.004768863,0.041588593,0.041547913,1.1019897,1.140689,0.28517225
47440,0.019438189,0.0042481953,0.034628183,0.031026656,0.9598898,0.8543272,0.2135818
47443,0.020780807,0.0037910652,0.03777055,0.029000262,0.03938003,0.06455801,0.016139502
47445,0.018315498,0.003709293,0.0329217,0.02339548,0.67738193,0.56844234,0.14211059
47448,0.016655833,0.003602689,0.029708976,0.024131589,0.097371735,0.096945055,0.024236264
47450,0.003793968,0.003441628,0.004146308,0.0032990873,0.21238995,0.18004346,0.045010865
47453,0.0048090415,0.0033214174,0.006296666,0.002902006,0.24101098,0.21079165,0.05269791
47456,0.01483602,0.003144291,0.026527748,0.02532663,0.9403463,0.99196464,0.24799116
47458,0.010959677,0.0028680146,0.019051341,0.017108163,0.50894505,0.550671,0.13766775
47461,0.016183332,0.0023838289,0.029982835,0.025259405,0.04369006,0.039381396,0.009845349
47463,0.002903587,0.002138457,0.0036687169,0.0028936565,0.22173788,0.21395572,0.05348893
47466,0.0037997514,0.0018715259,0.0057279766,0.0065588336,0.14716415,0.16493027,0.041232567
47469,0.0028765148,0.0018685027,0.0038845271,0.004998318,0.14558242,0.14023726,0.035059314
47471,0.027001508,0.002001927,0.05200109,0.05080313,0.124021016,0.1890995,0.047274876
47474,0.02853257,0.002160797,0.05490434,0.052447032,1.8203335,1.8607521,0.46518803
47477,0.030692356,0.0023983058,0.058986407,0.05789478,0.13073184,0.247648,0.061912
47479,0.00965234,0.0024653736,0.016839305,0.019091105,0.36158898,0.29530123,0.07382531
47482,0.0062944093,0.0026343188,0.0099545,0.011590585,0.26539755,0.29229173,0.07307293
47484,0.01794222,0.0024152293,0.03346921,0.033435166,0.7394069,0.6372952,0.1593238
47487,0.0031323538,0.0021329077,0.0041317996,0.0037834058,0.3152057,0.3408059,0.08520147
47490,0.020627642,0.0018428722,0.039412413,0.040481053,1.1463622,1.3224968,0.3306242
47492,0.030414624,0.0016431225,0.059186127,0.05575292,1.3685545,1.5669817,0.39174542
47495,0.0064322497,0.001598373,0.011266126,0.010068886,0.27542236,0.29273438,0.073183596
47497,0.004435716,0.0014660666,0.0074053654,0.0056298445,0.3368112,0.36311707,0.09077927
47500,0.012664493,0.0015563719,0.023772614,0.02449576,0.037757564,0.025807003,0.0064517506
47503,0.0043814015,0.0016795037,0.007083299,0.0065096356,0.31571093,0.36430922,0.091077305
47505,0.002464128,0.0016917704,0.0032364856,0.0044890414,0.40651736,0.39516822,0.098792054
47508,0.017915182,0.0017404394,0.034089923,0.033499587,0.09496296,0.1101344,0.0275336
47510,0.0031735066,0.001938674,0.0044083386,0.0029873718,0.2867786,0.3112897,0.077822424
47513,0.0023136034,0.0018632393,0.0027639673,0.0031903672,0.39601135,0.38944697,0.09736174
47516,0.01734153,0.002199738,0.03248332,0.030641608,0.17000674,0.18864906,0.047162265
47518,0.017158166,0.0021611059,0.032155227,0.0337194,0.026983358,0.07642493,0.019106232
47521,0.0077654347,0.002542222,0.012988648,0.008839083,0.46483335,0.5624712,0.1406178
47524,0.022005714,0.003063552,0.040947877,0.040562954,0.123417534,0.18875806,0.047189515
47526,0.019961923,0.003199898,0.03672395,0.03303269,0.06571843,0.12818576,0.03204644
47529,0.023400748,0.004055695,0.042745803,0.038960844,0.07068301,0.13990356,0.03497589
47531,0.034064725,0.0038426968,0.06428675,0.0618005,1.3577963,1.3279325,0.33198312
47534,0.040980663,0.0036347155,0.07832661,0.067751005,1.5036434,1.8148514,0.45371285
47537,0.020720908,0.0035078821,0.037933934,0.035064053,0.03254878,0.03633663,0.009084158
47539,0.0061549544,0.0037164371,0.008593473,0.006093917,0.27900934,0.3137618,0.07844045
47542,0.0049117287,0.0037405433,0.006082915,0.0050162724,0.20957054,0.19822456,0.04955614
47544,0.020056697,0.0037142213,0.03639917,0.037358314,0.07685197,0.08334267,0.020835668
47547,0.0069525023,0.0035247859,0.010380219,0.008090806,0.26311374,0.30435318,0.076088294
47550,0.015533666,0.0037180365,0.027349295,0.025704077,0.04294142,0.058727425,0.014681856
47552,0.02184554,0.0035483718,0.040142704,0.040805977,0.07463521,0.12840147,0.03210037
47555,0.02217245,0.0031608576,0.04118404,0.042669207,0.042397153,0.06993882,0.017484706
47558,0.0036987395,0.0034277362,0.0039697425,0.004107223,0.25504422,0.23963426,0.059908565
47560,0.0035598252,0.0032131355,0.0039065154,0.005327704,0.28543815,0.3022516,0.0755629
47563,0.017147545,0.0030408334,0.031254258,0.028094001,0.69533896,0.78303033,0.19575758
47565,0.0054259,0.0033009306,0.007550869,0.0067314035,0.41928124,0.46936098,0.117340244
47568,0.027683536,0.0032932106,0.052073862,0.051718276,1.0398757,1.1751431,0.29378578
47571,0.028522782,0.0036819743,0.05336359,0.04765666,0.044115346,0.04128092,0.01032023
47573,0.016796906,0.0033484334,0.030245379,0.025927464,0.42441663,0.4793835,0.119845875
47576,0.027429685,0.0034675102,0.05139186,0.04698132,0.044124108,0.11638656,0.02909664
47578,0.024671277,0.0038868568,0.045455694,0.04662724,1.0771825,0.9196048,0.2299012
47581,0.028821813,0.003784103,0.05385952,0.04702754,0.032141946,0.09170691,0.022926727
47584,0.021672381,0.0039381566,0.0394066,0.038339574,0.81436557,0.91645885,0.22911471
47586,0.0043157577,0.0035572469,0.005074268,0.0061527807,0.17006439,0.16378547,0.040946368
47589,0.020935187,0.00365748,0.03821289,0.034216303,0.9081068,1.0813595,0.27033988
47591,0.0047220397,0.0037976413,0.0056464374,0.0050961813,0.18441407,0.16523992,0.04130998
47594,0.017751403,0.0035699334,0.03193287,0.031202575,0.10435953,0.06614377,0.016535943
47597,0.0069343164,0.004383355,0.009485277,0.009474163,0.3247831,0.26401344,0.06600336
47599,0.020750808,0.0044517345,0.03704988,0.038754173,0.021271387,0.04404511,0.011011277
47602,0.006969487,0.0041154455,0.009823528,0.012056477,0.36767054,0.30569726,0.076424316
47605,0.023279501,0.0040662256,0.042492777,0.040668488,0.7921071,0.9846943,0.24617358
47607,0.023260953,0.0042267055,0.042295203,0.04053432,0.90466684,0.7253726,0.18134315
47610,0.02284774,0.004673828,0.041021653,0.036630202,1.3535347,1.2736467,0.31841168
47612,0.0369506,0.0053211898,0.06858001,0.07627333,0.1368536,0.068577565,0.017144391
47615,0.020901268,0.005576398,0.03622614,0.03731288,0.12723976,0.09755228,0.02438807
47618,0.010255538,0.00508434,0.015426736,0.01675061,0.4421365,0.37985298,0.094963245
47620,0.010055178,0.005396226,0.01471413,0.010318599,0.5222004,0.6267413,0.15668532
47623,0.0055110906,0.0056777145,0.0053444672,0.008954425,0.17586452,0.1632076,0.0408019
47625,0.010838424,0.00566953,0.016007317,0.017548619,0.56836134,0.4310224,0.1077556
47628,0.009941294,0.005683411,0.014199176,0.009759753,0.42300856,0.521003,0.13025075
47631,0.034795623,0.005899612,0.06369164,0.06784637,1.1338032,1.5406213,0.38515532
47633,0.008461103,0.006032398,0.010889809,0.009069321,0.39621934,0.48324957,0.12081239
47636,0.04324172,0.005829138,0.0806543,0.07070602,1.6497744,1.6454135,0.41135338
47638,0.019786322,0.006047763,0.033524882,0.034630846,0.7932639,0.68597573,0.17149393
47641,0.005481114,0.0058746855,0.0050875423,0.008334414,0.485576,0.47025833,0.11756458
47644,0.03693919,0.005712846,0.06816553,0.06350366,0.7669031,1.0457045,0.26142612
47646,0.04065831,0.005911166,0.075405456,0.07215961,1.0736051,1.4915603,0.37289008
47649,0.006156189,0.0049387873,0.0073735905,0.0083937,0.19230497,0.21908832,0.05477208
47652,0.01849798,0.005117533,0.031878427,0.033826437,1.2845892,1.1381956,0.2845489
47654,0.014100741,0.0047730193,0.02342846,0.026836002,0.57058245,0.47936192,0.11984048
47657,0.009171951,0.005023762,0.01332014,0.011795752,0.39270982,0.5114687,0.12786718
47659,0.0058401725,0.005109386,0.006570958,0.009504062,0.30468687,0.2916234,0.07290585
47662,0.026711846,0.005865903,0.04755779,0.043638933,0.69639516,0.91991144,0.22997786
47665,0.035110604,0.007288225,0.062932976,0.066320986,0.6616909,0.9200897,0.23002243
47667,0.008386386,0.007832126,0.008940647,0.012791281,0.31057313,0.40120077,0.10030019
47670,0.030793512,0.0076660514,0.053920973,0.05826758,0.1786512,0.25616845,0.06404211
47672,0.014738392,0.007772276,0.021704508,0.030709982,0.483824,0.46884727,0.11721182
47675,0.020397788,0.007930637,0.03286494,0.041512858,0.08844397,0.12334094,0.030835235
47678,0.018632304,0.009393697,0.02787091,0.029359698,0.4734038,0.4729501,0.118237525
47680,0.009178882,0.010113,0.008244765,0.0092433905,0.1783276,0.19515269,0.04878817
47683,0.009826788,0.009050551,0.010603026,0.011076466,0.2547226,0.3103435,0.077585876
47685,0.025249183,0.008692981,0.041805387,0.03233394,0.4947876,0.6776941,0.16942352
47688,0.012009286,0.009945189,0.014073384,0.012176405,0.39419666,0.50272757,0.12568189
47691,0.017632464,0.009519608,0.025745323,0.02771035,0.31660923,0.40534532,0.10133633
47693,0.024800189,0.009608514,0.039991867,0.039140344,0.022770798,0.0794652,0.0198663
47696,0.018477177,0.010013281,0.02694107,0.033492,0.106954075,0.10260003,0.025650008
47699,0.043630615,0.010547735,0.076713495,0.08307252,1.256292,1.4217811,0.35544527
47701,0.021459961,0.01108132,0.031838607,0.039449986,0.05424847,0.088896334,0.022224084
47704,0.033027887,0.0131325,0.052923277,0.063180394,0.02943292,0.05813721,0.014534302
47706,0.022023404,0.01400051,0.030046297,0.032023896,0.32340273,0.44848338,0.112120844
47709,0.012796059,0.014534279,0.011057842,0.011905578,0.21450102,0.17642021,0.044105053
47712,0.028576717,0.017201288,0.039952144,0.046895932,1.043683,1.0180926,0.25452316
47714,0.020802092,0.016980363,0.02462382,0.035213362,0.00993798,0.0341832,0.0085458
47717,0.03431794,0.015168536,0.053467344,0.06033377,0.055616107,0.0982191,0.024554774
47719,0.04274155,0.0153722055,0.07011089,0.06421886,1.1965288,1.3279426,0.33198565
47722,0.02674807,0.014855742,0.038640402,0.055284005,0.52985007,0.74452305,0.18613076
47725,0.034753736,0.012769807,0.05673766,0.07421123,0.14052017,0.16192442,0.040481105
47727,0.032476027,0.012787577,0.052164476,0.08030566,0.11243856,0.09168468,0.02292117
47730,0.010621644,0.013031411,0.008211876,0.012362505,0.52101237,0.47504878,0.118762195
47732,0.03098947,0.014555312,0.04742363,0.058323946,0.47569075,0.74445933,0.18611483
47735,0.026197262,0.015491051,0.036903474,0.05212845,0.36440492,0.46549162,0.116372906
47738,0.03311072,0.0150674395,0.051154003,0.053644318,1.1971557,1.1237566,0.28093916
47740,0.014767095,0.015834117,0.013700075,0.012232211,0.23355962,0.20316388,0.05079097
47743,0.028250352,0.015514955,0.040985744,0.0518588,0.4018996,0.62624997,0.15656249
47746,0.03157072,0.015384708,0.04775673,0.04973721,1.0518546,0.99375457,0.24843864
47748,0.01923495,0.015670983,0.022798916,0.01354329,0.15182064,0.15895087,0.039737716
47751,0.016202651,0.015907895,0.016497405,0.028672943,0.07858441,0.041582476,0.010395619
47753,0.011572878,0.01594743,0.007198325,0.012363527,0.23281586,0.29238883,0.07309721
47756,0.056317925,0.017372338,0.09526351,0.08772702,1.1906861,1.3651861,0.34129652
47759,0.02584582,0.01933823,0.03235341,0.04699516,0.014204528,0.0694429,0.017360725
47761,0.036332045,0.019884607,0.052779485,0.081256546,0.6605362,1.0224261,0.25560653
47764,0.022308802,0.02132418,0.023293426,0.027897859,0.3246929,0.4295756,0.1073939
47766,0.01841771,0.019119848,0.017715575,0.017285507,0.13260438,0.12964863,0.032412156
47769,0.02227146,0.02012179,0.024421131,0.03740781,0.37151954,0.56565744,0.14141436
47772,0.037108544,0.022151366,0.05206572,0.046835203,0.5312383,0.60080737,0.15020184
47774,0.017304584,0.022163413,0.012445755,0.01198868,0.1388003,0.13540334,0.033850834
47777,0.032978382,0.024572702,0.04138406,0.05225983,0.048823953,0.074705176,0.018676294
47779,0.03285166,0.026034692,0.039668623,0.031502727,0.6090602,0.610811,0.15270275
47782,0.02128919,0.024740815,0.017837567,0.01304106,0.40938592,0.4049828,0.1012457
47785,0.019266343,0.022621244,0.015911441,0.015172616,0.2842627,0.2880851,0.072021276
47787,0.013601258,0.02180302,0.0053994968,0.010025223,0.15986145,0.18879439,0.047198597
47790,0.015241283,0.02054728,0.009935287,0.015145416,0.24723077,0.29881153,0.07470288
47793,0.011729126,0.019057674,0.004400579,0.010259984,0.21092081,0.26101205,0.06525301
47795,0.029241668,0.01872236,0.039760977,0.042512763,0.103817455,0.18877007,0.047192518
47798,0.039461598,0.01831272,0.060610473,0.0674671,0.05923141,0.1712708,0.0428177
47800,0.038429305,0.018007739,0.058850873,0.0452365,0.46773648,0.5373257,0.13433142
47803,0.010533803,0.01681996,0.0042476477,0.012271975,0.16896267,0.20789886,0.051974714
47806,0.038776148,0.015077914,0.062474385,0.049737915,1.1566695,1.1955436,0.2988859
47808,0.03359731,0.012402589,0.054792028,0.058398232,0.05340128,0.13440849,0.033602122
47811,0.006830012,0.010778013,0.0028820105,0.0072909375,0.18419951,0.20471871,0.051179677
47813,0.024499996,0.010581292,0.0384187,0.044490334,1.0010878,0.91363424,0.22840856
47816,0.008014513,0.009541955,0.0064870715,0.007094689,0.2817204,0.28869775,0.07217444
47819,0.007839256,0.009313472,0.00636504,0.0071218,0.6358657,0.62192637,0.15548159
47821,0.023196734,0.008893969,0.0374995,0.04540521,0.042974424,0.052122843,0.013030711
47824,0.020923093,0.008421772,0.03342441,0.034039326,0.04678005,0.086223684,0.021555921
47826,0.023905694,0.007935005,0.039876387,0.035094094,0.72783834,0.90165854,0.22541463
47829,0.022200326,0.0064273574,0.037973296,0.042562712,0.04206525,0.108089,0.02702225
47832,0.016534798,0.0057862415,0.027283356,0.033298094,0.64935094,0.7797491,0.19493727
47834,0.004447113,0.0053741983,0.0035200275,0.007526733,0.27082896,0.32321987,0.08080497
47837,0.025529003,0.004469125,0.04658888,0.046951503,0.91540116,1.0535377,0.26338443
47840,0.007169083,0.0042972267,0.01004094,0.014164525,0.4032363,0.38673937,0.09668484
47842,0.021605924,0.0039821,0.039229747,0.041341472,0.043450635,0.06968138,0.017420346
47845,0.0038930539,0.0040657786,0.0037203291,0.0055970005,0.32650506,0.38322592,0.09580648
47847,0.029902773,0.0041221087,0.055683438,0.061279476,1.2704793,1.4948632,0.3737158
47850,0.019323058,0.0037693258,0.03487679,0.032658335,0.055599015,0.120535076,0.030133769
47853,0.0045709033,0.0036633324,0.005478474,0.0062418296,0.22588968,0.24555834,0.061389584
47855,0.017871967,0.0039645615,0.031779375,0.032437325,0.03360522,0.07093146,0.017732864
47858,0.013486699,0.004477493,0.022495905,0.023118034,0.4665053,0.4489958,0.11224895
47860,0.008357768,0.0044085733,0.012306962,0.015528187,0.019235477,0.023417095,0.0058542737
47863,0.011854183,0.0042960276,0.019412339,0.019140156,0.48456433,0.45334992,0.11333748
47866,0.003600369,0.0032971315,0.003903606,0.0035131804,0.45770898,0.4814104,0.1203526
47868,0.026598275,0.0029028754,0.050293673,0.059074838,0.08517132,0.18090935,0.045227338
47871,0.026457086,0.0028929226,0.05002125,0.050058406,0.09634987,0.09351179,0.023377948
47873,0.01497376,0.0027009004,0.027246619,0.027284628,0.79908305,0.6543358,0.16358395
47876,0.015164283,0.0023400893,0.027988479,0.02935181,0.0704881,0.11254815,0.028137038
47879,0.018267745,0.0023570894,0.0341784,0.03618746,1.0554129,1.0818781,0.27046952
47881,0.01318856,0.0024544387,0.02392268,0.02290965,0.11846128,0.13377507,0.033443768
47884,0.02391152,0.0024544143,0.045368627,0.046295237,0.16362691,0.21917798,0.054794494
47887,0.0126248775,0.0023772991,0.022872455,0.021618938,0.597835,0.5673063,0.14182657
47889,0.002712613,0.0023232733,0.0031019524,0.0026368285,0.333421,0.35234812,0.08808703
47892,0.022608241,0.002382101,0.042834383,0.03788572,0.07281996,0.145191,0.03629775
47894,0.016028631,0.0021929322,0.029864332,0.030144608,0.024109945,0.07547229,0.018868072
47897,0.011170204,0.0020567595,0.020283649,0.021537125,0.52747434,0.5300279,0.13250698
47900,0.004030284,0.0018765265,0.0061840415,0.005199818,0.17810369,0.18907048,0.04726762
47902,0.019906105,0.0017695446,0.038042665,0.040605392,1.312466,1.3701457,0.34253642
47905,0.025030106,0.0017210686,0.048339143,0.04774194,1.1478149,1.1749072,0.2937268
47907,0.014687486,0.0017224193,0.027652552,0.0236577,0.45062697,0.39165488,0.09791372
47910,0.022824287,0.0018577251,0.04379085,0.042249817,1.1699976,1.1680912,0.2920228
47913,0.002300657,0.0018412713,0.0027600427,0.004995594,0.19594498,0.1589576,0.0397394
47915,0.0032977378,0.00197918,0.0046162955,0.002847027,0.3428986,0.33055976,0.08263994
47918,0.018563122,0.0020292269,0.035097014,0.030659618,0.063984096,0.09466368,0.02366592
47920,0.00566969,0.0021648665,0.009174514,0.006898142,0.18545921,0.17250435,0.043126088
47923,0.014324743,0.0025441123,0.026105374,0.026608193,0.019574175,0.049126532,0.012281633
47926,0.009501762,0.0025019029,0.016501622,0.013219851,0.121697746,0.103541076,0.025885269
47928,0.019053115,0.0027052339,0.035400998,0.030168856,1.4739794,1.4408635,0.36021587
47931,0.010779222,0.0028334744,0.018724969,0.015778838,0.014624151,0.030620748,0.007655187
47934,0.016682347,0.00283016,0.030534536,0.033082474,0.18524401,0.26881397,0.06720349
47936,0.0026753936,0.0028426994,0.0025080875,0.002892074,0.20888789,0.23589021,0.058972552
47939,0.019338993,0.0028745637,0.035803422,0.03299198,0.1267062,0.15851188,0.03962797
47941,0.0033600281,0.0027399447,0.003980111,0.004523466,0.3980547,0.37372434,0.093431085
47944,0.0028844497,0.002485222,0.0032836776,0.0056035104,0.1546836,0.11420139,0.028550347
47947,0.026987469,0.0025328659,0.05144207,0.048532795,0.060227096,0.040082023,0.010020506
47949,0.016781976,0.0024530783,0.031110873,0.028948853,0.66463596,0.609086,0.1522715
47952,0.023737103,0.0026439838,0.04483022,0.03827406,1.0593243,1.0203599,0.25508997
47954,0.014391904,0.0026407093,0.026143098,0.023460826,0.6538978,0.60652375,0.15163094
47957,0.01736121,0.0028063077,0.03191611,0.032724824,0.85884184,0.85378534,0.21344633
47960,0.007306382,0.003105519,0.011507246,0.0066489005,0.27197924,0.29295844,0.07323961
47962,0.020054596,0.002775792,0.0373334,0.038173392,0.92036694,0.9416089,0.23540223
47965,0.01781406,0.003013568,0.03261455,0.029122481,1.1030508,1.1575648,0.2893912
47967,0.0038369251,0.003018034,0.004655816,0.0031612834,0.2823018,0.2880143,0.07200357
47970,0.020018516,0.0024515467,0.037585486,0.03331298,0.89205295,0.922373,0.23059325
47973,0.010954797,0.002472379,0.019437214,0.018099768,0.03570384,0.05101089,0.012752723
47975,0.0059743435,0.0022703754,0.009678313,0.0054053334,0.23878528,0.26753435,0.06688359
47978,0.009548765,0.0022406597,0.01685687,0.0143977525,0.45515037,0.46199378,0.115498446
47981,0.0038919467,0.001936879,0.0058470145,0.007187251,0.5607877,0.5564287,0.13910717
47983,0.011822734,0.0019352119,0.021710256,0.021089593,0.50864726,0.5218883,0.13047208
47986,0.011244338,0.0020691843,0.020419491,0.018597396,0.077002816,0.08910084,0.02227521
47988,0.003113032,0.0022832062,0.003942858,0.0026282705,0.28958866,0.28202996,0.07050749
47991,0.018107621,0.0023523222,0.033862922,0.02675192,0.69447565,0.5372431,0.13431078
47994,0.013180907,0.0022561264,0.024105689,0.0260527,0.033322193,0.045247097,0.011311774
47996,0.0035186682,0.0024211768,0.0046161595,0.003143145,0.2633943,0.23884165,0.059710413
47999,0.01309054,0.0023506603,0.02383042,0.022807432,0.072102316,0.09434985,0.023587463
48001,0.013114787,0.0024660425,0.02376353,0.02017751,0.7279288,0.7153845,0.17884612
48004,0.013126381,0.003031199,0.023221562,0.019916141,0.48190442,0.45005956,0.11251489
48007,0.0121474145,0.0032090107,0.02108582,0.018608222,0.06191386,0.074471235,0.018617809
48009,0.018085446,0.0034819273,0.032688964,0.032405857,0.037331544,0.04989643,0.012474108
48012,0.002920541,0.00362702,0.0022140623,0.0026593658,0.34103632,0.3615968,0.0903992
48014,0.004791944,0.003867903,0.005715985,0.0025545107,0.3342217,0.33039203,0.08259801
48017,0.03238477,0.003947986,0.06082156,0.07124477,1.5252304,1.672699,0.41817474
48020,0.0140913455,0.0034714902,0.0247112,0.024763187,0.1387384,0.20334816,0.05083704
48022,0.0067530274,0.0029158648,0.010590191,0.0082919905,0.18734127,0.16967161,0.042417902
48025,0.0032031338,0.0026143037,0.0037919637,0.0031231695,0.2423924,0.22117372,0.05529343
48028,0.002075395,0.0018950765,0.0022557138,0.0027359303,0.42887005,0.4217352,0.1054338
48030,0.009735228,0.0016120806,0.017858373,0.015018732,0.36150262,0.34669366,0.086673416
48033,0.013352204,0.0013824371,0.02532197,0.025325848,0.59774524,0.50585806,0.12646452
48035,0.012489592,0.0012452232,0.02373396,0.022227654,0.15537508,0.18676923,0.046692308
48038,0.013838419,0.0011594463,0.026517391,0.024039196,0.8117823,0.86262065,0.21565516
48041,0.0038556403,0.0016587238,0.006052557,0.007350506,0.36798152,0.29970276,0.07492569
48043,0.0033738178,0.0018171305,0.004930505,0.0038230242,0.23511404,0.21862496,0.05465624
48046,0.0023609747,0.0018556217,0.0028663278,0.0035981871,0.34573838,0.31273407,0.07818352
48048,0.0171642,0.0018966421,0.03243176,0.03552622,0.7966259,0.63576406,0.15894102
48051,0.01596611,0.0017430702,0.03018915,0.03138948,0.14091091,0.15765256,0.03941314
48054,0.009079696,0.0015011817,0.01665821,0.016286789,0.5384526,0.5285801,0.13214503
48056,0.02455341,0.0015343103,0.047572512,0.048587132,1.0096054,0.96789306,0.24197327
48059,0.021530278,0.0017140837,0.04134647,0.03944287,0.1630306,0.23441608,0.05860402
48062,0.010381154,0.0013943985,0.019367909,0.021237144,0.40796825,0.42432144,0.10608036
48064,0.017767472,0.0016104588,0.033924486,0.037303634,0.75274205,0.8430457,0.21076143
48067,0.015602961,0.0023207946,0.028885128,0.028764302,0.080908716,0.10480695,0.026201738
48069,0.0030111214,0.002075349,0.003946894,0.0037627865,0.40414003,0.36570892,0.09142723
48072,0.0034802144,0.0020900236,0.004870405,0.0064134286,0.30923554,0.34622145,0.08655536
48075,0.002141482,0.002041946,0.002241018,0.0032720843,0.32825184,0.35487473,0.08871868
48077,0.015201942,0.001986933,0.028416952,0.030582627,0.101301394,0.11333857,0.028334642
48080,0.0037206672,0.001170476,0.006270859,0.0057201046,0.32017562,0.3453803,0.08634508
48082,0.010491375,0.0011172979,0.019865451,0.022065694,0.024295324,0.06300049,0.015750123
48085,0.014099347,0.001075267,0.027123427,0.027259162,0.7787268,0.7843531,0.19608827
48088,0.0077525456,0.0010191203,0.014485971,0.014376827,0.35771886,0.355386,0.0888465
48090,0.013146642,0.0012099309,0.02508335,0.026428195,0.120638944,0.17964661,0.044911653
48093,0.010516456,0.0014258563,0.019607054,0.020964501,0.54681325,0.57127196,0.14281799
48095,0.011508376,0.0017907919,0.02122596,0.021619817,0.5115947,0.52256,0.13064
48098,0.008215337,0.0021784604,0.014252213,0.016407128,0.027768763,0.03105495,0.0077637373
48101,0.015400215,0.0020127252,0.028787704,0.031786684,0.03452666,0.07795117,0.019487793
48103,0.017792227,0.0018932229,0.03369123,0.03552707,0.059092317,0.09735533,0.024338832
48106,0.003698524,0.0021542609,0.0052427873,0.0049288184,0.16160177,0.19260715,0.048151787
48109,0.02756533,0.002397725,0.052732933,0.05059587,0.12026308,0.19451499,0.048628747
48111,0.015489787,0.002376071,0.028603503,0.026545929,0.02695921,0.06379711,0.015949277
48114,0.0023525013,0.0023991754,0.0023058269,0.0026661444,0.17723723,0.17205186,0.043012965
48116,0.0042971577,0.0025051015,0.0060892142,0.0065442505,0.18396471,0.20548566,0.051371414
48119,0.011474021,0.0023515255,0.020596517,0.019506665,0.05308189,0.0739818,0.01849545
48122,0.022493616,0.00212239,0.04286484,0.041340962,0.18505149,0.22077292,0.05519323
48124,0.0037163075,0.0018533639,0.0055792504,0.0066111907,0.21125777,0.20413874,0.051034685
48127,0.02100671,0.0016413295,0.040372092,0.036860768,0.7088874,0.6023721,0.15059303
48129,0.013954814,0.0015936531,0.026315972,0.024503907,0.48059604,0.4742787,0.11856967
48132,0.0147755435,0.0014081764,0.028142909,0.023719782,0.044139434,0.089425236,0.022356309
48135,0.004919739,0.0015047401,0.008334737,0.006422246,0.27653164,0.2813872,0.0703468
48137,0.020297667,0.0014514955,0.03914384,0.03879711,0.067389734,0.13869144,0.03467286
48140,0.013661344,0.0016448842,0.025677802,0.024476385,0.66519374,0.5780728,0.1445182
48142,0.02712132,0.0018348908,0.052407753,0.05317837,1.1296219,1.2403612,0.3100903
48145,0.01024422,0.0020354565,0.018452981,0.01733283,0.034520015,0.036904145,0.009226036
48148,0.0022138956,0.0022576966,0.0021700945,0.002855656,0.3847483,0.4020749,0.100518726
48150,0.0026248107,0.0026722953,0.0025773258,0.0018809746,0.23088662,0.21160336,0.05290084
48153,0.0040132566,0.0031517844,0.004874729,0.0025782667,0.31071177,0.29897046,0.074742615
48156,0.0037713514,0.0039535263,0.0035891763,0.004571019,0.1492524,0.16173835,0.040434588
48158,0.011309459,0.0043619545,0.018256962,0.0166163,0.4416562,0.40568915,0.10142229
48161,0.018406272,0.0042233043,0.032589238,0.029633962,0.03457165,0.06401368,0.01600342
48163,0.036062628,0.0039985985,0.068126656,0.070148565,0.08795512,0.19797474,0.049493685
48166,0.0034078036,0.0037842412,0.0030313663,0.0035313088,0.5654279,0.54944456,0.13736114
48169,0.024185553,0.0035215237,0.044849586,0.0480711,1.6238378,1.6489662,0.41224155
48171,0.016725164,0.003381008,0.03006932,0.023975184,0.017473277,0.062105957,0.015526489
48174,0.0031144582,0.0032462294,0.0029826865,0.0039896336,0.27366492,0.30867335,0.07716834
48176,0.03174473,0.0031039014,0.060385555,0.056058656,1.0219008,0.87795085,0.21948771
48179,0.0047212043,0.0030114723,0.0064309365,0.004858076,0.21859057,0.20220028,0.05055007
48182,0.015136849,0.002838812,0.027434886,0.021461308,0.04511231,0.049108997,0.012277249
48184,0.005291706,0.0026221627,0.00796125,0.007856072,0.29422072,0.2828413,0.070710324
48187,0.004072944,0.0023966155,0.0057492736,0.004998903,0.6002026,0.6122831,0.15307078
48189,0.0027230426,0.002268377,0.003177708,0.0023583944,0.23377879,0.22213054,0.055532634
48192,0.022098443,0.0020857416,0.042111143,0.036955427,0.9966938,0.9105213,0.22763033
48195,0.016497474,0.0020420484,0.0309529,0.027324885,0.13523333,0.1854705,0.046367627
48197,0.016548507,0.00196807,0.031128943,0.027680278,0.02820564,0.028493434,0.0071233585
48200,0.0036516234,0.0018805042,0.0054227426,0.0045379684,0.4222108,0.42568383,0.10642096
48203,0.030349225,0.0017227702,0.05897568,0.057849217,0.083323,0.1475022,0.03687555
48205,0.0087386025,0.0016359705,0.015841233,0.017119857,0.43912902,0.42610583,0.10652646
48208,0.023190593,0.0015528193,0.044828366,0.042789787,1.0857152,0.98480445,0.24620111
48210,0.002901336,0.0015422059,0.004260466,0.0040027066,0.59458107,0.56681216,0.14170304
48213,0.0087313745,0.0015375288,0.01592522,0.017302472,0.41472974,0.41490683,0.10372671
48216,0.0028510715,0.0015092622,0.004192881,0.005536472,0.2032864,0.20736437,0.05184109
48218,0.0030172374,0.0015328951,0.0045015793,0.0027277747,0.3790802,0.4011834,0.10029585
48221,0.003457769,0.0016587715,0.005256767,0.0035371997,0.29639795,0.306436,0.076609
48223,0.019371836,0.0016991962,0.037044473,0.0338147,1.0014805,1.01813,0.2545325
48226,0.021552213,0.001758396,0.04134603,0.038955454,0.13101314,0.20532487,0.05133122
48229,0.0203847,0.0018782074,0.038891193,0.035353363,1.0853715,0.97437525,0.24359381
48231,0.017476913,0.0019903758,0.03296345,0.031137688,0.025655828,0.07489007,0.018722517
48234,0.0029236414,0.0021369131,0.0037103698,0.0032869738,0.4300932,0.43516815,0.10879204
48236,0.0031558473,0.0022975255,0.0040141693,0.0022925686,0.2082415,0.2009949,0.050248723
48239,0.012243163,0.0027722048,0.021714121,0.018578636,0.059803735,0.08116007,0.020290017
48242,0.005522078,0.0032680815,0.007776074,0.0049619065,0.25272292,0.26945466,0.067363665
48244,0.018646283,0.0033026666,0.0339899,0.029626286,0.018963141,0.0704784,0.0176196
48247,0.0034918177,0.00361378,0.003369855,0.0026396364,0.3426064,0.3556385,0.088909626
48250,0.024334528,0.0038774342,0.04479162,0.037814666,1.08149,1.2099794,0.30249485
48252,0.01439895,0.004142124,0.024655774,0.022300685,0.6660275,0.69595766,0.17398942
48255,0.01404135,0.0042827656,0.023799935,0.016964182,0.047970463,0.04831153,0.012077883
48257,0.019423263,0.0043076756,0.03453885,0.030392349,0.011750261,0.060986023,0.015246506
48260,0.01664794,0.004326187,0.028969692,0.024271267,0.06589935,0.073222734,0.018305684
48263,0.024123522,0.0041932436,0.044053804,0.040307067,0.04409924,0.040093962,0.0100234905
48265,0.038357582,0.0040655546,0.072649606,0.06464417,1.4825796,1.4993674,0.37484184
48268,0.02944149,0.0039891023,0.05489388,0.05444706,0.11871835,0.21475029,0.053687572
48270,0.044400204,0.004015246,0.08478516,0.07094161,1.346292,1.4690895,0.36727238
48273,0.021298515,0.0037561024,0.038840927,0.029575774,0.6828026,0.60779375,0.15194844
48276,0.016769348,0.003651248,0.029887445,0.025597101,0.012056352,0.051780373,0.012945093
48278,0.023046607,0.0037641898,0.042329025,0.035589222,0.82087636,0.7241168,0.1810292
48281,0.0055655427,0.0042361263,0.0068949587,0.006396665,0.18522894,0.18028529,0.045071322
48283,0.022371313,0.0042627905,0.04047983,0.027736798,0.9193444,0.7426979,0.18567447
48286,0.020398742,0.0043457407,0.036451746,0.03220279,0.10465089,0.11840451,0.029601127
48289,0.022565281,0.0047582216,0.040372342,0.034449026,0.7370046,0.8103738,0.20259345
48291,0.013763464,0.0045471517,0.022979775,0.016608475,0.5392456,0.5945074,0.14862685
48294,0.016956447,0.004254087,0.029658804,0.025517551,0.6451685,0.6929259,0.17323147
48297,0.03244287,0.004375429,0.06051032,0.057882298,0.12230533,0.18817025,0.047042564
48299,0.016237786,0.004030541,0.02844503,0.015902588,0.46125007,0.3339913,0.08349782
48302,0.008957612,0.0040875804,0.013827644,0.0065147034,0.23015575,0.23842324,0.05960581
48304,0.023373438,0.0038569542,0.042889923,0.028952688,0.014363206,0.06095107,0.015237767
48307,0.005346121,0.0038026029,0.006889639,0.0033303574,0.4169624,0.45420846,0.113552116
48310,0.0041077537,0.0037551709,0.0044603366,0.004419034,0.19203867,0.19545007,0.048862517
48312,0.003982377,0.0036054912,0.004359263,0.0032392333,0.27743426,0.2533316,0.0633329
48315,0.016581248,0.0035790184,0.029583478,0.026379794,0.11700281,0.1193778,0.02984445
48317,0.034379523,0.0035753974,0.06518365,0.061754238,0.07497085,0.090216994,0.022554249
48320,0.025083112,0.0035904013,0.046575826,0.03849112,0.046546776,0.03116224,0.00779056
48323,0.0059764683,0.0035865938,0.008366344,0.004201259,0.161923,0.14557794,0.036394484
48325,0.02897676,0.0036251887,0.054328334,0.05192141,0.15586805,0.12158829,0.030397072
48328,0.0060807965,0.0039725215,0.008189071,0.007299377,0.14880867,0.16239291,0.04059823
48330,0.0052698106,0.0044699158,0.0060697054,0.0057991496,0.46641612,0.5280502,0.13201255
48333,0.005002585,0.004692354,0.0053128167,0.0059860996,0.29517162,0.24519126,0.061297815
48336,0.030572036,0.0059681213,0.05517595,0.04494606,0.03285076,0.06539509,0.016348772
48338,0.018556481,0.0058221235,0.03129084,0.03317127,0.08828475,0.05914566,0.014786415
48341,0.006228884,0.0057935175,0.0066642514,0.011789297,0.30717924,0.22211643,0.055529106
48344,0.014926036,0.0059382655,0.023913808,0.02753509,0.5582003,0.44648257,0.11162064
48346,0.025901118,0.006096989,0.045705248,0.04805362,0.044849794,0.051573664,0.012893416
48349,0.02975604,0.0064708,0.05304128,0.05844589,1.1048647,1.4285097,0.35712743
48351,0.024762226,0.0068112365,0.042713214,0.046487104,0.8256518,1.0736905,0.26842263
48354,0.02486579,0.007668693,0.042062882,0.050321992,0.013671565,0.058061525,0.014515381
48357,0.0076495614,0.008883168,0.0064159553,0.011963737,0.40255746,0.49948516,0.12487129
48359,0.007697007,0.009578682,0.005815333,0.0083701275,0.34163466,0.40725055,0.10181264
48362,0.009592225,0.011592199,0.00759225,0.009638801,0.6113222,0.55460304,0.13865076
48364,0.02553069,0.0119110895,0.039150294,0.05476262,0.03064087,0.10970652,0.02742663
48367,0.018256532,0.010462928,0.026050135,0.036155183,0.7531859,0.62767315,0.15691829
48370,0.013226028,0.012014224,0.014437829,0.020547656,0.28442112,0.32422736,0.08105684
48372,0.016282825,0.013467801,0.019097848,0.011177679,0.17364335,0.17736597,0.044341493
48375,0.028550899,0.013282768,0.04381903,0.051369626,0.04573508,0.12126795,0.030316988
48377,0.025488475,0.014164385,0.03681257,0.052261963,0.11809552,0.116865575,0.029216394
48380,0.016503677,0.014754183,0.01825317,0.035629522,0.096399665,0.05612119,0.014030297
48383,0.012773606,0.015545909,0.010001301,0.008580466,0.13770235,0.14563592,0.03640898
48385,0.030618997,0.015626745,0.04561125,0.059323654,0.04365049,0.14178337,0.035445843
48388,0.013439315,0.016161025,0.010717607,0.014570403,0.3597131,0.31980518,0.079951294
48391,0.03021205,0.017135995,0.0432881,0.05301088,0.08426199,0.08591781,0.021479452
48393,0.025937662,0.015430939,0.03644438,0.055188462,0.4483715,0.6628485,0.16571212
48396,0.014531662,0.014236507,0.014826818,0.010298661,0.26628307,0.26987913,0.06746978
48398,0.010692269,0.01525819,0.006126348,0.011073508,0.3961775,0.35944536,0.08986134
48401,0.02659619,0.015647795,0.03754459,0.044890806,1.031747,0.93456584,0.23364146
48404,0.011570118,0.015296013,0.007844225,0.012907554,0.20442383,0.23199289,0.05799822
48406,0.018302595,0.013413121,0.02319207,0.03144656,0.05326887,0.055372756,0.013843189
48409,0.015888622,0.012080041,0.019697204,0.03216139,0.48718217,0.67976594,0.16994148
48411,0.014204558,0.011984865,0.016424252,0.027640352,0.38468575,0.5294056,0.1323514
48414,0.01443094,0.008597876,0.020264005,0.029743634,0.017167738,0.062684685,0.015671171
48417,0.015842704,0.0072428905,0.024442518,0.020621214,0.3085839,0.30976775,0.07744194
48419,0.009868339,0.008066236,0.011670441,0.011543172,0.14433636,0.12644418,0.031611044
48422,0.0070883906,0.008139611,0.0060371696,0.011608206,0.4355031,0.5429159,0.13572897
48424,0.046602365,0.0077091567,0.08549557,0.076406255,1.3028121,1.411625,0.35290626
48427,0.026006775,0.00800576,0.044007793,0.047284734,1.014968,1.3463454,0.33658636
48430,0.014727258,0.00875135,0.020703167,0.021441186,0.35272345,0.3524674,0.08811685
48432,0.016195027,0.008471769,0.023918284,0.033458088,0.54149395,0.6673443,0.16683607
48435,0.009375849,0.0075842026,0.011167496,0.009760881,0.20549898,0.23976214,0.059940536
48438,0.007750301,0.007505782,0.00799482,0.0095162885,0.24189489,0.2708452,0.0677113
48440,0.01505478,0.007278044,0.022831516,0.025831843,0.4655055,0.52477974,0.13119493
48443,0.006020741,0.0065250634,0.0055164187,0.007058075,0.22975634,0.2543045,0.063576125
48445,0.00504717,0.006055352,0.004038988,0.0077664317,0.27555844,0.28698874,0.071747184
48448,0.00797683,0.0057893805,0.01016428,0.01161288,0.13259621,0.14308597,0.035771493
48451,0.016563332,0.005248219,0.027878443,0.030838504,0.71970916,0.6460237,0.16150592
48453,0.03437486,0.0048482767,0.06390145,0.06512736,0.12174859,0.07192985,0.017982462
48456,0.011489876,0.0038724963,0.019107254,0.020067915,0.35669383,0.3176197,0.07940493
48458,0.0064919367,0.003369522,0.009614351,0.007822858,0.27274242,0.3073608,0.0768402
48461,0.030849854,0.0029693292,0.05873038,0.05698214,1.2176436,1.2272034,0.30680084
48464,0.031115174,0.0030960815,0.059134264,0.056411266,1.3722124,1.6118721,0.40296802
48466,0.019987406,0.0032005294,0.03677428,0.033821683,0.82027644,0.78360677,0.19590169
48469,0.01963047,0.0033207808,0.03594016,0.038927592,1.0596915,0.963921,0.24098025
48471,0.013400433,0.0031703776,0.023630487,0.028021902,0.018170565,0.059481665,0.014870416
48474,0.030155703,0.0027908394,0.05752057,0.05774069,0.9884357,1.1599631,0.28999078
48477,0.0037646245,0.0026504274,0.004878822,0.008166567,0.43089524,0.4111371,0.102784276
48479,0.017096447,0.0023124649,0.031880427,0.03025117,0.057395592,0.09597073,0.023992682
48482,0.009081199,0.0015761261,0.016586272,0.015037094,0.49179053,0.4866806,0.12167015
48485,0.025571385,0.0015034587,0.049639314,0.04711512,1.8663963,1.9490427,0.48726067
48487,0.0020318397,0.0015908899,0.0024727897,0.002771832,0.50157183,0.50871825,0.12717956
48490,0.0025270048,0.0016846809,0.0033693286,0.0034381321,0.4402825,0.43623304,0.10905826
48492,0.017871791,0.0017042224,0.03403936,0.031379037,0.42345762,0.35993207,0.089983016
48495,0.01443014,0.0018190285,0.02704125,0.025683343,0.03245881,0.045296732,0.011324183
48498,0.0045689153,0.0018251254,0.0073127053,0.006784812,0.32689625,0.31472433,0.07868108
48500,0.023535708,0.001872004,0.045199413,0.045350745,0.05973697,0.11456493,0.028641233
48503,0.011219093,0.0019024255,0.02053576,0.018033601,0.49289846,0.5016739,0.12541847
48505,0.0022455647,0.0018654144,0.002625715,0.0040696743,0.26691356,0.3023702,0.07559255
48508,0.015804367,0.001896231,0.029712504,0.029667756,0.07487401,0.11073223,0.027683057
48511,0.025082728,0.0019278949,0.04823756,0.046585023,0.05105516,0.10555166,0.026387915
48513,0.013493947,0.0019060861,0.025081806,0.02482701,0.58215165,0.5778586,0.14446466
48516,0.011565246,0.0019133603,0.02121713,0.020565253,0.6621561,0.63310647,0.15827662
48518,0.002700192,0.0019150913,0.0034852924,0.002684715,0.22748439,0.21597011,0.05399253
48521,0.015972385,0.0018926449,0.030052125,0.027621433,0.23959911,0.23812608,0.05953152
48524,0.010166773,0.0019068667,0.01842668,0.014984809,0.029205993,0.040448584,0.010112146
48526,0.014394998,0.0018804738,0.02690952,0.026967058,0.9228402,0.9459812,0.2364953
48529,0.005598612,0.0017788623,0.009418362,0.009258599,0.23652637,0.21656354,0.054140884
48532,0.011965501,0.0017487118,0.022182291,0.019248066,0.04349594,0.058915425,0.014728856
48534,0.026077816,0.0017480468,0.05040759,0.04095871,0.7756377,0.51747847,0.12936962
48537,0.03091065,0.0016496667,0.060171634,0.057466686,0.08114395,0.15122055,0.037805136
48539,0.011576542,0.0016205629,0.02153252,0.018607123,0.060524087,0.07349538,0.018373845
48542,0.0099582635,0.0015125995,0.018403927,0.017038645,0.38090053,0.36022353,0.09005588
48545,0.013538469,0.0014923353,0.0255846,0.02409265,0.11978093,0.1477204,0.0369301
48547,0.0020747818,0.0015078887,0.0026416748,0.002243475,0.31555757,0.31041157,0.07760289
48550,0.003401569,0.0015197614,0.0052833767,0.0035356153,0.2463543,0.21718663,0.054296657
48552,0.002774246,0.0014787167,0.004069775,0.0034937758,0.53150696,0.54621774,0.13655443
48555,0.011417516,0.00142047,0.021414561,0.020706462,0.43150678,0.38471827,0.09617957
48558,0.005747205,0.0013422786,0.010152131,0.007631194,0.2831481,0.21985418,0.054963544
48560,0.022265336,0.0013000334,0.043230638,0.04184254,0.15648681,0.175498,0.0438745
48563,0.022409977,0.0012349928,0.04358496,0.04333766,0.049906116,0.10377651,0.025944127
48566,0.0015283079,0.0011978735,0.0018587424,0.002210322,0.2799458,0.26386365,0.06596591
48568,0.02191654,0.0011864398,0.042646643,0.04021619,0.07539944,0.118834555,0.029708639
48571,0.0046671247,0.0012109726,0.008123277,0.006622978,0.18503934,0.18215616,0.04553904
48573,0.004344783,0.0012549105,0.007434655,0.00836528,0.30192664,0.28864422,0.072161056
48576,0.0024871824,0.0013214201,0.0036529445,0.0033900198,0.55412793,0.5670927,0.14177318
48579,0.026656771,0.0013706353,0.05194291,0.050559554,0.05988301,0.08875411,0.022188528
48581,0.015732015,0.0013712132,0.030092815,0.027329134,0.058100957,0.104660034,0.026165009
48584,0.001990065,0.0013614278,0.0026187021,0.0028444703,0.48595652,0.47906843,0.11976711
48586,0.021026133,0.0013128426,0.04073942,0.04106437,0.94506234,0.8798902,0.21997255
48589,0.027394444,0.0013270179,0.05346187,0.055282835,0.083898626,0.18363605,0.045909014
48592,0.0035154503,0.0012684922,0.005762408,0.0054010027,0.4246365,0.42721322,0.106803305
48594,0.0031711354,0.0012568122,0.0050854585,0.004152632,0.4216795,0.44898152,0.11224538
48597,0.0023910084,0.0012159605,0.0035660565,0.0030169433,0.18724072,0.17002678,0.042506695
48599,0.026670156,0.0012916944,0.05204862,0.051120307,0.055078197,0.070993006,0.017748252
48602,0.028010307,0.0013515134,0.054669097,0.052238297,0.06021322,0.06951392,0.01737848
48605,0.0022279222,0.0015790007,0.0028768436,0.0025019643,0.43591192,0.4480193,0.112004824
48607,0.0022001977,0.0015834585,0.0028169367,0.0026709393,0.19306998,0.2015763,0.050394077
48610,0.014043906,0.0017759606,0.026311852,0.025892764,0.028651452,0.05758738,0.014396845
48613,0.0135501055,0.0019351728,0.025165038,0.02108845,0.51985705,0.47777924,0.11944481
48615,0.0055846586,0.0021593452,0.009009971,0.007134439,0.5088369,0.5177171,0.12942928
48618,0.014147208,0.0024032926,0.025891125,0.02451843,0.6477089,0.6460128,0.1615032
48620,0.01588712,0.0025020884,0.029272154,0.02971326,0.68334216,0.7062259,0.17655647
48623,0.021440404,0.0025197787,0.040361032,0.041986123,1.2775396,1.335692,0.333923
48626,0.028491152,0.002579618,0.054402683,0.050079364,1.4266542,1.5444432,0.3861108
48628,0.0040309276,0.002657568,0.0054042875,0.004850124,0.14013861,0.1591224,0.0397806
48631,0.024676023,0.0028524455,0.0464996,0.041299656,1.5242032,1.4108578,0.35271445
48633,0.028129056,0.0029584244,0.053299684,0.04923738,0.13189487,0.22803712,0.05700928
48636,0.018339327,0.003077294,0.03360136,0.031120399,0.11936349,0.14883216,0.03720804
48639,0.0036410522,0.0029281059,0.0043539987,0.00521717,0.17291339,0.1798686,0.04496715
48641,0.015583579,0.0027069885,0.02846017,0.025777249,0.022756808,0.054824945,0.013706236
48644,0.013472238,0.0027362884,0.024208188,0.023725113,0.68747014,0.72935754,0.18233939
48646,0.021243686,0.002499284,0.03998809,0.032859776,0.8087411,0.73781633,0.18445408
48649,0.010570883,0.0026326561,0.01850911,0.0143275075,0.007264046,0.023952797,0.0059881993
48652,0.004541725,0.002497081,0.006586369,0.0023785878,0.4440123,0.47552022,0.118880056
48654,0.013869201,0.0026917707,0.025046632,0.019739432,0.022092411,0.038025487,0.009506372
48657,0.016601881,0.0027821816,0.030421583,0.027693426,0.06438754,0.10232246,0.025580615
48660,0.03539509,0.0031288087,0.067661375,0.05947556,0.09688589,0.20468529,0.05117132
48662,0.016293818,0.0030242454,0.029563392,0.029424379,0.024469284,0.05425908,0.01356477
48665,0.00634918,0.0030811839,0.009617176,0.0054717287,0.5188915,0.49302348,0.12325587
48667,0.01983888,0.0029592167,0.036718544,0.031219253,0.18625276,0.20983927,0.052459817
48670,0.004181721,0.0030214582,0.005341983,0.0032139204,0.5920914,0.5751343,0.14378357
48673,0.004466249,0.003146346,0.005786152,0.0021421593,0.28497472,0.29736027,0.07434007
48675,0.004453975,0.0032827042,0.0056252456,0.0023589982,0.32988256,0.34682322,0.086705804
48678,0.0138066625,0.003136618,0.024476707,0.02110745,0.59265506,0.61303943,0.15325986
48680,0.022574537,0.0032502853,0.041898787,0.03675952,1.0016333,0.87474966,0.21868742
48683,0.0036172783,0.003509072,0.0037254847,0.002642166,0.21050191,0.21948381,0.054870952
48686,0.02381892,0.0033173792,0.04432046,0.042545725,0.049875755,0.08763216,0.02190804
48688,0.013613418,0.0034192551,0.02380758,0.02149202,0.41595578,0.43543017,0.10885754
48691,0.02007092,0.0031102467,0.03703159,0.037345305,0.02878613,0.060817253,0.015204313
48693,0.018753313,0.0033619627,0.034144662,0.025670832,0.69968396,0.5868357,0.14670892
48696,0.029360438,0.0031553507,0.055565525,0.04987082,0.04248726,0.052882314,0.013220578
48699,0.013753623,0.0032114126,0.024295831,0.017467784,0.003238886,0.01709318,0.004273295
48701,0.0059005306,0.0030728274,0.008728233,0.0063691386,0.5083614,0.4523715,0.11309288
48704,0.015220997,0.003183001,0.027258992,0.0245953,0.688637,0.73789185,0.18447296
48707,0.019630006,0.002604341,0.03665567,0.039952096,0.11230183,0.1786098,0.04465245
48709,0.00903912,0.0027460626,0.015332177,0.016910795,0.3831869,0.3343401,0.083585024
48712,0.0030742337,0.002690124,0.0034583434,0.0042411326,0.3879877,0.38294145,0.09573536
48714,0.019952185,0.0024993343,0.037405036,0.032477807,0.029745912,0.09338408,0.02334602
48717,0.018326737,0.002460295,0.034193177,0.03329557,0.41514292,0.42083248,0.10520812
48720,0.0050851805,0.002365899,0.007804462,0.008128018,0.61517566,0.5377402,0.13443504
48722,0.017219085,0.0025122827,0.031925887,0.03166185,0.07344865,0.080004744,0.020001186
48725,0.018843764,0.002719662,0.034967866,0.03503841,0.9407279,0.70319575,0.17579894
48727,0.0055037364,0.0025650244,0.0084424475,0.010267004,0.5959671,0.5053399,0.12633498
48730,0.028018339,0.002592517,0.05344416,0.057151426,1.3107568,1.2188511,0.30471277
48733,0.024515623,0.002450469,0.046580777,0.05353242,0.08850875,0.084190965,0.021047741
48735,0.0050786287,0.0022006219,0.007956635,0.008488738,0.26559725,0.3144602,0.07861505
48738,0.010881286,0.0020571954,0.019705376,0.020372832,0.44710264,0.53434104,0.13358526
48740,0.014539412,0.0017104438,0.02736838,0.031429272,0.15636875,0.097285904,0.024321476
48743,0.0036467968,0.002064789,0.005228805,0.0052349945,0.489848,0.5255707,0.13139267
48746,0.030479094,0.0020146146,0.058943573,0.057775993,1.8395742,1.9501649,0.48754123
48748,0.019409621,0.0025659213,0.036253322,0.038070127,0.11023731,0.12519832,0.03129958
48751,0.031986047,0.0029819598,0.060990136,0.06673791,0.10565599,0.12632088,0.03158022
48754,0.016482105,0.0028163884,0.03014782,0.038143646,0.76510906,0.59020144,0.14755036
48756,0.0044406573,0.003742734,0.005138581,0.0043849032,0.1803164,0.1878676,0.0469669
48759,0.004298601,0.003133849,0.005463353,0.0061318614,0.14864568,0.14036673,0.035091683
48761,0.02579397,0.0033621925,0.048225746,0.05137067,0.77342933,0.9608633,0.24021582
48764,0.013856019,0.0030924368,0.024619602,0.030030334,0.03162535,0.079869956,0.019967489
48767,0.023844654,0.004121291,0.043568015,0.04426697,0.26651308,0.28134453,0.07033613
48769,0.017287327,0.0041893846,0.03038527,0.035726305,0.7915814,0.9533898,0.23834746
48772,0.016704721,0.0038283064,0.029581135,0.029986503,0.21048355,0.21697086,0.054242715
48774,0.0052970736,0.0036918037,0.006902343,0.0070894384,0.215648,0.22552796,0.05638199
48777,0.01841502,0.004800258,0.03202978,0.035541717,0.09064623,0.09938199,0.024845498
48780,0.022286573,0.0046347133,0.039938435,0.043113355,0.9927842,0.90752417,0.22688104
48782,0.0068168514,0.004426529,0.009207174,0.009041295,0.11878287,0.12704593,0.031761482
48785,0.012588914,0.0038193215,0.021358505,0.028256482,0.67328686,0.57393056,0.14348264
48787,0.003523851,0.0040122685,0.0030354336,0.005632808,0.22191294,0.24279432,0.06069858
48790,0.0064871013,0.0036618412,0.009312361,0.011453047,0.122243315,0.12322108,0.03080527
48793,0.0040446357,0.004788257,0.0033010144,0.0058971024,0.2563357,0.25411746,0.063529365
48795,0.008363995,0.0045998073,0.012128182,0.011543829,0.4195894,0.50051665,0.12512916
48798,0.024577675,0.004985552,0.0441698,0.046711326,0.032426413,0.086668216,0.021667054
48801,0.03355803,0.0041910396,0.06292502,0.057870697,0.23025227,0.3031161,0.07577903
48803,0.028703257,0.003925939,0.053480577,0.05344074,1.2424093,1.578441,0.39461026
48806,0.017373202,0.00429454,0.030451866,0.030510047,0.618927,0.5776152,0.1444038
48808,0.002995467,0.0033588267,0.0026321076,0.0055325814,0.47841716,0.4730657,0.118266426
48811,0.015609554,0.0038299437,0.027389163,0.0300996,0.02938352,0.054206114,0.013551529
48814,0.024816647,0.003818065,0.04581523,0.04298048,0.8804865,0.80897635,0.20224409
48816,0.013941371,0.004590306,0.023292437,0.024528893,0.10257953,0.116564214,0.029141054
48819,0.01308437,0.0046078917,0.021560848,0.020923615,0.6326236,0.7335248,0.1833812
48821,0.02033878,0.0048979544,0.035779607,0.03483594,0.631572,0.75016993,0.18754248
48824,0.012811254,0.0050270823,0.020595424,0.021600204,0.4965786,0.5298741,0.13246852
48827,0.005039155,0.0045440453,0.0055342647,0.0049362066,0.44909644,0.42242837,0.10560709
48829,0.0094389,0.004464806,0.0144129945,0.0065821777,0.44438884,0.5282443,0.13206108
48832,0.021645198,0.005044443,0.038245957,0.03705345,0.04611114,0.07201196,0.01800299
48834,0.013706002,0.0044705616,0.022941442,0.01951557,0.028500564,0.051334288,0.012833572
48837,0.023203874,0.0044749225,0.041932825,0.03242414,0.6902247,0.64131033,0.16032758
48840,0.012869173,0.0038746863,0.02186366,0.02202032,0.4842073,0.5142557,0.12856393
48842,0.04442993,0.0042900834,0.08456978,0.07639677,1.3631428,1.4209032,0.3552258
48845,0.014387722,0.0053048045,0.02347064,0.020749317,0.54310054,0.6100402,0.15251005
48848,0.029056909,0.004609183,0.053504635,0.04647844,0.91230154,1.0837071,0.27092677
48850,0.0057684663,0.004531508,0.0070054247,0.003773205,0.27800396,0.29936373,0.07484093
48853,0.021037018,0.0044517196,0.037622318,0.026327752,0.6467375,0.5576663,0.13941658
48855,0.006394167,0.0042693526,0.008518982,0.0034751652,0.312247,0.33894828,0.08473707
48858,0.0047589964,0.00432519,0.0051928028,0.004746605,0.15667611,0.14787126,0.036967814
48861,0.03184445,0.004034916,0.059653983,0.05169936,0.050613727,0.14771713,0.036929283
48863,0.02664945,0.003989254,0.049309645,0.043376256,0.07474414,0.112652995,0.028163249
48866,0.03971422,0.0041095926,0.07531885,0.06577994,1.4869324,1.7287197,0.43217993
48868,0.030032717,0.0038487008,0.05621673,0.05419058,1.3012394,1.2694803,0.3173701
48871,0.0070463535,0.0038939368,0.010198771,0.0043392256,0.49369505,0.5414799,0.13536997
48874,0.026490852,0.0038294506,0.049152255,0.044181984,0.06479617,0.07739159,0.019347897
48876,0.02450832,0.0040561208,0.044960517,0.036939625,0.14327548,0.1572682,0.03931705
48879,0.028484223,0.0042669536,0.05270149,0.04426284,0.047495503,0.10544632,0.02636158
48881,0.0072788284,0.0041569998,0.010400658,0.0059050345,0.47729972,0.42438808,0.10609702
48884,0.024230987,0.004594483,0.043867487,0.03989562,0.8828251,0.991906,0.2479765
48887,0.0061455555,0.004555715,0.007735397,0.0051036444,0.16294073,0.15234639,0.038086597
48889,0.028647669,0.0047760387,0.052519295,0.04783984,1.0593948,0.88544995,0.22136249
48892,0.0074129873,0.0045154095,0.010310565,0.0063442625,0.3014752,0.33386555,0.08346639
48895,0.014432595,0.0041798656,0.024685325,0.023030898,0.4644166,0.5415217,0.13538043
48897,0.007338514,0.0040463363,0.010630692,0.0064669233,0.4123241,0.33951226,0.084878065
48900,0.014728203,0.0040814443,0.025374964,0.020257058,0.39987302,0.33072433,0.08268108
48902,0.021312157,0.0043464303,0.038277883,0.034610346,0.5225604,0.621645,0.15541124
48905,0.01988943,0.0044379453,0.035340913,0.028765626,0.020863833,0.025270926,0.0063177315
48908,0.020757167,0.005309181,0.036205154,0.030337462,0.11538587,0.09702877,0.024257192
48910,0.036438767,0.0058640987,0.067013435,0.06442933,1.4344482,1.3813325,0.34533313
48913,0.03481981,0.006010929,0.063628696,0.060019877,0.117606856,0.13251126,0.033127815
48915,0.038525388,0.0061680153,0.07088276,0.06857247,1.5970359,1.6766578,0.41916445
48918,0.006480916,0.0059318505,0.0070299823,0.007549062,0.3224136,0.30288506,0.075721264
48921,0.008476083,0.006072419,0.010879747,0.010542792,0.22797911,0.18521293,0.04630323
48923,0.03435369,0.0068812794,0.0618261,0.05308357,0.80153203,1.0579196,0.2644799
48926,0.011314272,0.007231057,0.015397486,0.016289877,0.2997243,0.24836706,0.062091764
48928,0.04605217,0.008024482,0.084079854,0.083429925,1.3771192,1.8727013,0.46817532
48931,0.0344381,0.008319807,0.060556397,0.056657623,1.3319725,1.2939534,0.32348835
48934,0.023124998,0.008662839,0.037587155,0.033213884,0.62821287,0.5213609,0.13034022
48936,0.029346487,0.008668844,0.050024126,0.037935536,1.0972686,0.9191225,0.22978063
48939,0.0068175215,0.00752865,0.006106393,0.00903324,0.28693667,0.26762733,0.06690683
48942,0.0100758625,0.007065524,0.0130862,0.009389446,0.40201354,0.4986876,0.1246719
48944,0.030163823,0.005410789,0.054916855,0.05334109,0.095321916,0.19864953,0.04966238
48947,0.005973065,0.0047474406,0.007198688,0.009344403,0.23988199,0.2962385,0.07405963
48949,0.025341965,0.0044354796,0.04624845,0.046009954,0.06500288,0.0368603,0.009215075
48952,0.013439146,0.0045785718,0.022299722,0.017401969,0.20397592,0.2668004,0.0667001
48955,0.035376143,0.0050706584,0.06568163,0.058781415,0.72552425,1.0123254,0.25308135
48957,0.011778104,0.005158626,0.01839758,0.013621457,0.22274904,0.28939086,0.072347715
48960,0.0054959594,0.005935484,0.005056434,0.0077786506,0.3998365,0.3843508,0.0960877
48962,0.043484878,0.005708761,0.081260994,0.08341307,0.121632695,0.09135964,0.02283991
48965,0.03158628,0.0062206094,0.056951944,0.067689635,0.12257743,0.14793335,0.036983337
48968,0.018987654,0.0066856197,0.031289686,0.03177282,0.0493104,0.023412311,0.005853078
48970,0.015648386,0.0070818006,0.024214968,0.030423934,0.67647785,0.6250982,0.15627456
48973,0.007862045,0.008030812,0.0076932777,0.008983093,0.355051,0.29932845,0.07483211
48975,0.025132025,0.009129964,0.041134086,0.040954035,0.6222907,0.86517495,0.21629374
48978,0.010656315,0.01069165,0.010620979,0.012600974,0.23976631,0.25805822,0.064514555
48981,0.025348002,0.011237371,0.039458636,0.037281927,0.51900285,0.71874636,0.17968659
48983,0.02683165,0.01118796,0.04247534,0.05395031,0.6032608,0.84084636,0.21021159
48986,0.0091196,0.011129583,0.007109618,0.0098583875,0.1887877,0.22487043,0.056217607
48989,0.022323312,0.010924608,0.033722017,0.04685806,0.10761904,0.1411113,0.035277825
48991,0.026797457,0.011369552,0.04222536,0.054388758,0.9485514,1.0109128,0.2527282
48994,0.008673328,0.011439723,0.005906932,0.009939033,0.21881016,0.26865253,0.06716313
48996,0.011616245,0.012519259,0.010713232,0.015724495,0.42193854,0.40893945,0.10223486
48999,0.04087158,0.01474563,0.066997536,0.07025439,0.57343256,0.88202816,0.22050704
49002,0.024986094,0.016092539,0.03387965,0.039230395,0.42929778,0.48015848,0.12003962
49004,0.04216297,0.016911648,0.06741429,0.061053853,0.09591061,0.21219476,0.05304869
49007,0.016101496,0.018048665,0.01415433,0.019392766,0.33154523,0.469215,0.11730375
49009,0.023878252,0.018006863,0.02974964,0.039361518,0.07844404,0.07898694,0.019746736
49012,0.017261097,0.01878878,0.015733415,0.018820561,0.55892235,0.5371513,0.13428782
49015,0.039376263,0.019221313,0.059531216,0.06264177,0.05526628,0.08649299,0.021623248
49017,0.043871418,0.02007985,0.067662984,0.055806752,0.78592485,0.82448083,0.20612021
49020,0.02317824,0.021306878,0.025049603,0.034663882,0.34835446,0.5180848,0.1295212
49023,0.036270604,0.023387818,0.049153388,0.058582503,0.4944758,0.776732,0.194183
49025,0.025700713,0.023865456,0.02753597,0.04141356,0.056060743,0.12108904,0.03027226
49028,0.02993424,0.023273354,0.036595125,0.05776008,0.087406896,0.05465411,0.013663528
49030,0.02773025,0.024979701,0.030480802,0.051620934,0.11893899,0.085543744,0.021385936
49033,0.034257736,0.024478214,0.044037256,0.06656517,0.12423899,0.057280462,0.014320116
49036,0.025655083,0.02665625,0.024653917,0.04073636,0.018222561,0.061222475,0.015305619
49038,0.05285028,0.026091857,0.07960871,0.10590119,0.75389796,1.2496004,0.3124001
49041,0.048685234,0.02780526,0.0695652,0.041634075,1.2756044,1.3433009,0.33582523
49043,0.022947056,0.027613021,0.018281091,0.030129144,0.39192817,0.3276582,0.08191455
49046,0.020165032,0.026771612,0.01355845,0.021201357,0.12569652,0.12726913,0.031817283
49049,0.02831806,0.024993608,0.03164251,0.03032347,0.22406726,0.22095986,0.055239964
49051,0.02694437,0.024802856,0.029085884,0.054256678,0.32263377,0.5624807,0.14062017
49054,0.022227922,0.023493191,0.020962657,0.014264661,0.29902807,0.30420732,0.07605183
49056,0.017356703,0.022037648,0.012675759,0.012279394,0.5307343,0.4826186,0.12065465
49059,0.014315575,0.021168701,0.00746245,0.013012934,0.13623197,0.1514498,0.03786245
49062,0.03522259,0.021832757,0.048612427,0.06726235,0.0770005,0.10617158,0.026542895
49064,0.0270437,0.020233072,0.033854324,0.03478803,0.036090747,0.09685429,0.024213573
49067,0.061521474,0.017646343,0.105396606,0.089929946,1.1747931,1.4182372,0.3545593
49070,0.018876135,0.017002279,0.020749992,0.026098153,0.077333845,0.07382763,0.018456908
49072,0.017816141,0.017129557,0.018502725,0.03183363,0.39593002,0.45847926,0.114619814
49075,0.035997752,0.017799282,0.054196224,0.048522606,0.5382716,0.61981434,0.15495358
49077,0.021692375,0.016679518,0.02670523,0.025667548,0.012631041,0.043656122,0.0109140305
49080,0.021231763,0.017749917,0.024713611,0.021636182,0.041891742,0.078869276,0.019717319
49083,0.025555022,0.016793342,0.0343167,0.039443806,0.027635127,0.057580937,0.014395234
49085,0.014161536,0.015592975,0.0127300965,0.013622704,0.4553083,0.49503255,0.12375814
49088,0.01832142,0.015150261,0.021492578,0.025394859,0.01770539,0.029232442,0.0073081106
49090,0.047510307,0.015024929,0.079995684,0.07801324,0.9584721,1.1706723,0.29266807
49093,0.011748124,0.013942517,0.009553731,0.013155458,0.36133575,0.44436362,0.111090906
49096,0.039226297,0.012664338,0.06578826,0.060768466,0.7884957,0.88147384,0.22036846
49098,0.030536434,0.012575768,0.048497096,0.05386202,0.6778598,0.85524267,0.21381067
49101,0.031699028,0.011702046,0.051696014,0.062332947,0.04045103,0.081747286,0.020436822
49103,0.044289675,0.010784973,0.07779437,0.075562686,1.070439,1.2037934,0.30094835
49106,0.01713098,0.0098896865,0.024372274,0.024404198,0.026521986,0.053078245,0.013269561
49109,0.017416963,0.008583952,0.026249975,0.029063828,0.0249941,0.05160633,0.012901583
49111,0.025700176,0.007681439,0.043718915,0.043539163,0.97136116,0.97459745,0.24364936
49114,0.025700534,0.007626833,0.043774236,0.040386308,0.7212672,0.7715761,0.19289403
49117,0.012807776,0.0071575404,0.018458014,0.023861503,0.026292102,0.040637042,0.010159261
49119,0.018365929,0.00695888,0.02977298,0.02654414,0.03231782,0.06727031,0.016817577
49122,0.017104339,0.0063925204,0.027816156,0.0366017,0.5298342,0.5931587,0.14828968
49124,0.01727641,0.0058048987,0.028747922,0.030470973,0.5256831,0.57391924,0.14347981
49127,0.031875305,0.004949397,0.058801215,0.05363312,0.058154583,0.13677098,0.034192745
49130,0.034129363,0.0038389054,0.06441981,0.0628173,1.1322519,0.9855523,0.24638808
49132,0.027697504,0.003183161,0.052211847,0.049383953,1.4403915,1.4788831,0.3697208
49135,0.02940605,0.0020093543,0.05680275,0.053516757,1.2732123,1.2293653,0.30734134
49137,0.0092502,0.0018088454,0.016691556,0.016078623,0.045445453,0.055923264,0.013980816
49140,0.007957446,0.0018572133,0.01405768,0.013564783,0.042888742,0.047651574,0.0119128935
49143,0.0048218314,0.0020265596,0.0076171034,0.0040075537,0.27574793,0.32207736,0.08051934
49145,0.031479754,0.0020806477,0.060878858,0.06340977,1.6228932,1.8049692,0.4512423
49148,0.018772325,0.002102553,0.035442095,0.035995003,0.88126737,0.90861386,0.22715347
49150,0.0042562536,0.0023151925,0.0061973147,0.0039837915,0.40508988,0.41216263,0.10304066
49153,0.008545587,0.0025563387,0.014534835,0.012171362,0.017135464,0.021858633,0.005464658
49156,0.004082715,0.0031771157,0.004988314,0.002438334,0.17381619,0.16434647,0.041086618
49158,0.016465018,0.0033976827,0.029532352,0.02765291,0.025843209,0.044532906,0.011133227
49161,0.008728878,0.0041493825,0.013308372,0.009969536,0.084083475,0.09348843,0.023372108
49164,0.004033515,0.0045904983,0.003476532,0.002596739,0.3076317,0.33226392,0.08306598
49166,0.012950134,0.0047160448,0.021184226,0.01757715,0.035832476,0.05107482,0.012768705
49169,0.0060956534,0.005058493,0.0071328133,0.0044479365,0.34204292,0.33668196,0.08417049
49171,0.006670123,0.005547604,0.007792642,0.0047654426,0.51728225,0.52894,0.132235
49174,0.019129734,0.006214907,0.032044563,0.018128356,0.53191996,0.44162408,0.11040602
49177,0.0060154325,0.006770054,0.0052608117,0.005910035,0.6861288,0.63461906,0.15865476
49179,0.026915276,0.0072608665,0.04656969,0.040801145,0.08789226,0.16672432,0.04168108
49182,0.01861252,0.007996537,0.029228503,0.02943232,0.84991217,0.80949956,0.20237489
49184,0.007509126,0.008524761,0.0064934907,0.0031716365,0.24170704,0.2622898,0.06557245
49187,0.0072383024,0.0085525345,0.00592407,0.0057366043,0.142579,0.10719717,0.026799293
49190,0.0068858475,0.008717915,0.00505378,0.0049717124,0.17220978,0.13075905,0.03268976
49192,0.022237003,0.008766944,0.03570706,0.020934336,0.025289372,0.034890953,0.008722738
49195,0.02805215,0.0089971535,0.047107145,0.032057285,0.042064235,0.105475664,0.026368916
49197,0.022532923,0.009027532,0.036038313,0.017555496,0.056529537,0.053607907,0.013401977
49200,0.022752902,0.009839718,0.035666082,0.021086195,0.024081295,0.054621477,0.013655369
49203,0.01839365,0.009713686,0.027073614,0.014629866,0.38977346,0.3520325,0.08800813
49205,0.03503779,0.009803902,0.06027168,0.049109027,0.2053084,0.24922623,0.062306557
49208,0.026570676,0.00927632,0.04386503,0.028285906,0.07391229,0.11924363,0.029810907
49211,0.047821283,0.008951457,0.08669111,0.058709055,0.07699826,0.08081338,0.020203345
49213,0.039544836,0.008939344,0.07015032,0.058045972,1.75345,1.8952526,0.47381315
49216,0.016631166,0.008510424,0.02475191,0.018369632,0.47061583,0.47841525,0.11960381
49218,0.010129609,0.009019919,0.0112393005,0.002992857,0.5186039,0.5182583,0.12956457
49221,0.034339424,0.00914608,0.059532765,0.03819092,1.2510668,1.1577803,0.28944507
49224,0.010530014,0.009058401,0.012001626,0.004108152,0.18608119,0.17006828,0.04251707
49226,0.008437817,0.008998635,0.007876999,0.005278494,0.15688717,0.16393556,0.04098389
49229,0.009407156,0.008582712,0.010231599,0.0025100124,0.22850938,0.2183487,0.054587174
49231,0.017765718,0.008186113,0.027345324,0.01601404,0.41124043,0.3892441,0.09731103
49234,0.009403373,0.0075353035,0.011271442,0.0031989466,0.59336543,0.6100783,0.15251957
49237,0.028581023,0.007303285,0.04985876,0.03794186,0.95880586,0.98114467,0.24528617
49239,0.021811297,0.0071833185,0.036439274,0.02029383,0.04496989,0.041760597,0.010440149
49242,0.022224203,0.0073430743,0.037105333,0.026343772,0.444185,0.46161854,0.115404636
49244,0.0083456235,0.007941722,0.008749525,0.0031989675,0.53030235,0.521903,0.13047574
49247,0.032645356,0.008052662,0.057238046,0.043939035,0.046430886,0.12231746,0.030579366
49250,0.032534692,0.008597135,0.056472246,0.03888936,0.9762754,0.82055575,0.20513894
49252,0.035839293,0.008901417,0.06277717,0.04618597,1.3680876,1.5674895,0.39187238
49255,0.01458547,0.0094642155,0.019706724,0.0060466775,0.45789298,0.39161158,0.097902894
49258,0.031789474,0.008834555,0.054744393,0.05964382,0.07844164,0.06344817,0.015862042
49260,0.04872266,0.008470363,0.08897495,0.060213406,0.97889996,0.6936827,0.17342067
49263,0.03024052,0.00864938,0.051831663,0.0334859,0.013223383,0.05603881,0.014009703
49265,0.032975145,0.008589451,0.05736084,0.035257485,0.65654784,0.47874823,0.11968706
49268,0.034818776,0.008510984,0.06112657,0.043845665,0.038552016,0.12577082,0.031442706
49271,0.02153051,0.008057089,0.035003934,0.02209551,0.03587358,0.03803785,0.009509463
49273,0.024492547,0.008506458,0.040478636,0.03160274,0.5953137,0.51250154,0.12812538
49276,0.020818854,0.008604661,0.033033047,0.02044618,0.48117265,0.5789703,0.14474258
49278,0.027542198,0.007720279,0.047364116,0.034553576,0.79122216,0.7122496,0.1780624
49281,0.009982542,0.0072356667,0.012729418,0.0067869076,0.17326625,0.18177156,0.04544289
49284,0.035245445,0.007710898,0.06277999,0.051172674,0.040769234,0.11988425,0.029971063
49286,0.014930143,0.008169889,0.021690397,0.01904483,0.3640121,0.30817476,0.07704369
49289,0.030460114,0.008957912,0.051962316,0.04404849,0.75249606,0.6903786,0.17259465
49291,0.011963057,0.010160647,0.013765466,0.010428815,0.42642483,0.4750298,0.11875745
49294,0.026776254,0.010931138,0.04262137,0.042408515,0.030970255,0.036277663,0.009069416
49297,0.0414767,0.012420461,0.07053294,0.055107445,0.061496127,0.13762261,0.034405652
49299,0.012030789,0.012409471,0.011652107,0.007907652,0.38231638,0.4401714,0.11004285
49302,0.027239092,0.012055207,0.042422976,0.04736553,0.08278058,0.16923435,0.042308588
49305,0.011865321,0.011158544,0.012572096,0.005901508,0.52244925,0.5921407,0.14803517
49307,0.0109958835,0.01203498,0.009956786,0.0117565235,0.22665322,0.20243932,0.05060983
49310,0.012242896,0.010771797,0.013713993,0.013319966,0.21616964,0.18745197,0.046862993
49312,0.03911769,0.01129586,0.066939525,0.047637004,0.44505695,0.64696777,0.16174194
49315,0.02901361,0.01055219,0.04747503,0.043343846,0.059243422,0.01909445,0.0047736126
49318,0.022404335,0.008360343,0.03644833,0.036166064,0.010948442,0.041978266,0.0104945665
49320,0.009742727,0.007672433,0.011813019,0.011474513,0.4053867,0.49275157,0.12318789
49323,0.0070753074,0.008040547,0.006110067,0.009839742,0.23184013,0.20820999,0.052052498
49325,0.008147574,0.008584294,0.0077108555,0.008321561,0.15860765,0.16608597,0.041521493
49328,0.0325494,0.008096675,0.057002123,0.06294333,0.019414775,0.11122089,0.027805222
49331,0.020583993,0.008797425,0.032370564,0.040509306,0.021571891,0.07283598,0.018208995
49333,0.03295174,0.008627909,0.057275567,0.06819249,0.45295668,0.70325357,0.17581339
49336,0.02888363,0.010367129,0.04740013,0.058493465,0.70839053,1.0448939,0.26122347
49338,0.009510283,0.012115155,0.0069054123,0.013353884,0.16206491,0.18030007,0.045075018
49341,0.030743137,0.013455309,0.04803096,0.07228958,0.12602748,0.121276475,0.030319119
49344,0.051062692,0.013089065,0.089036316,0.08829554,1.3553238,1.5224241,0.38060603
49346,0.030497551,0.015446202,0.0455489,0.07941788,0.1050565,0.06997258,0.017493146
49349,0.012465353,0.016625144,0.008305562,0.017245928,0.22977726,0.3105425,0.07763562
49352,0.031936117,0.015682003,0.048190232,0.07235612,0.093952306,0.08943868,0.02235967
49354,0.01363415,0.015940515,0.011327785,0.017173896,0.1513194,0.15402602,0.038506504
49357,0.039028447,0.017970327,0.060086563,0.079511374,0.12435482,0.14732407,0.036831018
49359,0.020668775,0.019927492,0.021410057,0.036498632,0.08362949,0.07112845,0.017782113
49362,0.09324778,0.0202642,0.16623136,0.121518366,1.4275522,1.8909861,0.47274652
49365,0.016247801,0.020937225,0.011558377,0.0151990475,0.2434778,0.23792247,0.05948062
49367,0.016130285,0.020165011,0.01209556,0.012890741,0.24690919,0.23799591,0.059498977
49370,0.012694776,0.019891184,0.005498367,0.01225132,0.19597892,0.23761512,0.05940378
49372,0.03138507,0.01801323,0.044756915,0.04609379,1.0992976,1.1065985,0.27664962
49375,0.037855327,0.018469526,0.05724113,0.05645706,1.0420097,1.169074,0.2922685
49378,0.025568033,0.016451964,0.0346841,0.03665294,0.015144162,0.061474312,0.015368578
49380,0.031749606,0.015337032,0.04816218,0.053065043,0.04589543,0.10529772,0.02632443
49383,0.01115018,0.015369996,0.006930364,0.01514694,0.2976977,0.39747524,0.09936881
49385,0.040892765,0.014830033,0.0669555,0.053582165,0.88098186,1.0330392,0.2582598
49388,0.044156194,0.014386096,0.07392629,0.08952323,0.7260707,1.153089,0.28827226
49391,0.04501672,0.013175351,0.076858096,0.067995235,1.0975432,1.3547627,0.33869067
49393,0.055916563,0.012462917,0.09937021,0.10769542,1.0353605,1.6093563,0.40233907
49396,0.018863665,0.01199991,0.02572742,0.026151456,0.011777859,0.04159045,0.010397612
49399,0.00931524,0.010793906,0.007836576,0.015376267,0.31382868,0.41560504,0.10390126
49401,0.009679496,0.010374202,0.00898479,0.01646417,0.24956353,0.24498852,0.06124713
49404,0.039658893,0.0109226145,0.06839517,0.07041349,1.2007796,1.3304194,0.33260486
49406,0.018504051,0.011157081,0.02585102,0.033710472,0.4368256,0.46419773,0.11604943
49409,0.00782612,0.009718138,0.005934101,0.0117606595,0.23233342,0.24320419,0.060801048
49412,0.01841351,0.008550773,0.028276248,0.03552221,0.16499202,0.23353188,0.05838297
49414,0.014583048,0.0090728,0.020093296,0.029035443,0.044325326,0.033412486,0.008353122
49417,0.010054245,0.009542887,0.010565602,0.010596204,0.2515602,0.32411692,0.08102923
49419,0.01033032,0.009558314,0.011102327,0.010507491,0.24514347,0.32755962,0.081889905
49422,0.021891227,0.010493856,0.033288598,0.043906916,0.8600383,0.8745761,0.21864402
49425,0.021450432,0.010729824,0.03217104,0.030346615,0.019351324,0.052456837,0.013114209
49427,0.023753235,0.010874811,0.03663166,0.03906056,0.040131934,0.08557036,0.02139259
49430,0.016922226,0.010550986,0.023293465,0.03308421,0.39769474,0.42020965,0.10505241
49432,0.03860876,0.009847854,0.06736966,0.08125312,0.75172395,1.072101,0.26802525
49435,0.008278574,0.00972131,0.006835837,0.011593246,0.17485416,0.20147891,0.05036973
49438,0.019704834,0.00875079,0.030658877,0.0339832,0.5047229,0.61793154,0.15448289
49440,0.0068839137,0.00854028,0.005227547,0.011033331,0.25530323,0.2609333,0.06523333
49443,0.0067547876,0.0075302594,0.005979316,0.012320015,0.30067158,0.28988308,0.07247077
49446,0.03105261,0.0070372894,0.05506793,0.058984827,0.8521998,1.1771952,0.2942988
49448,0.020163061,0.0064535723,0.03387255,0.03860417,0.027553832,0.07609927,0.019024817
49451,0.017272463,0.0059647094,0.028580219,0.03765114,0.042461712,0.049529333,0.012382333
49453,0.01480636,0.0057693534,0.023843369,0.02894614,0.43278635,0.475402,0.1188505
49456,0.02450236,0.004969064,0.044035655,0.048317593,0.07809854,0.123090126,0.030772531
49459,0.0136603685,0.0042611123,0.023059627,0.026320217,0.4653788,0.5353403,0.13383508
49461,0.020301195,0.004121263,0.036481123,0.038218964,0.062220767,0.067356646,0.016839162
49464,0.013773142,0.0038876852,0.023658598,0.024289498,0.10205654,0.1283564,0.0320891
49466,0.019368118,0.003925621,0.034810614,0.039955217,0.050528422,0.05601861,0.014004652
49469,0.0035297722,0.0035987857,0.0034607584,0.004375383,0.19800185,0.205743,0.05143575
49472,0.003989292,0.003629808,0.004348776,0.008343614,0.34970152,0.32704213,0.08176053
49474,0.0036758834,0.0037091721,0.0036425944,0.0048687686,0.25008273,0.22420494,0.056051236
49477,0.024160147,0.003665762,0.044654533,0.04856502,1.0534525,0.94953537,0.23738384
49479,0.011240836,0.0037856058,0.018696068,0.018671485,0.38777176,0.4186784,0.1046696
49482,0.017615378,0.0036512015,0.031579554,0.034711536,0.7101142,0.56725144,0.14181286
49485,0.0043033254,0.0037614973,0.004845153,0.007902895,0.15476571,0.14920938,0.037302345
49487,0.022193244,0.0037595045,0.04062698,0.04587492,0.04522137,0.063182235,0.015795559
49490,0.00681508,0.003953741,0.009676419,0.008522476,0.4007455,0.4671967,0.116799176
49493,0.031922203,0.0039958837,0.059848517,0.06567144,0.14013644,0.10303422,0.025758555
49495,0.0038746418,0.0037545592,0.0039947242,0.0054906867,0.20674682,0.18520789,0.046301972
49498,0.033441614,0.003793679,0.06308956,0.07245439,1.5155301,1.9015923,0.47539806
49500,0.023850279,0.0034596734,0.04424089,0.045158636,0.8591992,0.78268003,0.19567001
49503,0.026211739,0.003530027,0.04889345,0.04906252,1.0529073,1.3196214,0.32990536
49506,0.037903745,0.0035817744,0.07222571,0.073847905,0.22423784,0.21800403,0.05450101
49508,0.0034582708,0.0034707326,0.0034458088,0.0046011726,0.22221233,0.24083991,0.06020998
49511,0.0033048957,0.0032131448,0.0033966464,0.0055482276,0.3507332,0.342723,0.08568075
49513,0.029174665,0.0030268433,0.055322487,0.055751372,0.09861165,0.12540981,0.031352453
49516,0.0033499645,0.0029773219,0.0037226072,0.005747871,0.23921926,0.20227925,0.050569814
49519,0.004972385,0.0027668728,0.007177897,0.011377846,0.13495858,0.12362019,0.030905047
49521,0.013017305,0.0028688489,0.023165762,0.024948189,0.369718,0.4405162,0.11012905
49524,0.005278518,0.0026296529,0.007927383,0.008354602,0.39296588,0.47480536,0.11870134
49527,0.005763475,0.0026999826,0.008826966,0.009148013,0.4604183,0.56144816,0.14036204
49529,0.02101647,0.0026674543,0.03936548,0.041249875,0.023062417,0.08049923,0.020124808
49532,0.0032776485,0.0028883452,0.003666952,0.0064943866,0.26515427,0.24233977,0.060584944
49534,0.024250766,0.0029876158,0.045513917,0.04737899,0.03019315,0.11091518,0.027728794
49537,0.02953016,0.0030326203,0.0560277,0.056341033,1.1390144,1.4587959,0.36469898
49540,0.021546796,0.0032905526,0.03980304,0.043820757,1.1012294,1.0179998,0.25449994
49542,0.031951014,0.0034243558,0.060477674,0.062968865,1.0649942,1.342673,0.33566824
49545,0.022669861,0.0035496622,0.041790064,0.046477094,0.07736972,0.07273654,0.018184135
49547,0.035982598,0.0037975258,0.068167664,0.07020049,0.06843116,0.2004463,0.050111573
49550,0.026519693,0.004013018,0.04902637,0.05226324,0.8817728,1.15863,0.2896575
49553,0.027037414,0.0044509987,0.049623832,0.047409892,0.044278715,0.13436559,0.033591397
49555,0.015362593,0.0045862254,0.026138961,0.033236887,0.099631645,0.10706594,0.026766485
49558,0.038974274,0.004790461,0.07315809,0.07840808,0.99059415,1.3081719,0.32704297
49560,0.029387997,0.0050096246,0.05376637,0.060465902,0.11867247,0.19968943,0.04992236
49563,0.009364658,0.0053689475,0.013360369,0.016508423,0.29699686,0.3553389,0.088834725
49566,0.005612902,0.005545108,0.005680695,0.009419869,0.12645045,0.12656316,0.03164079
49568,0.013897813,0.005402086,0.02239354,0.030442476,0.5284183,0.4682012,0.1170503
49571,0.021900015,0.005547084,0.038252946,0.036821585,0.01712808,0.050857123,0.012714281
49574,0.01829595,0.0056853034,0.030906593,0.039103158,0.5251199,0.65527207,0.16381802
49576,0.026841508,0.00571706,0.04796596,0.05240157,0.113922656,0.17157769,0.042894423
49579,0.0066041625,0.0058928034,0.0073155216,0.008781022,0.2455473,0.3038167,0.07595418
49581,0.0053164396,0.005801296,0.004831583,0.009092663,0.2307169,0.17716385,0.044290964
49584,0.0269927,0.0058674538,0.048117947,0.05372766,0.0423643,0.13241854,0.033104636
49587,0.004994619,0.0061371513,0.003852087,0.0073561384,0.22494078,0.25960746,0.064901866
49589,0.02292119,0.0061767176,0.039665665,0.038396176,0.025809325,0.09417343,0.023543358
49592,0.0066658184,0.0060512237,0.0072804126,0.011502441,0.28752777,0.35382423,0.08845606
49594,0.0172341,0.006056776,0.028411424,0.033563983,0.5964177,0.52764165,0.13191041
49597,0.0064135883,0.0062944344,0.006532742,0.014661784,0.4632502,0.39230788,0.09807697
49600,0.019761752,0.006216739,0.033306766,0.04042471,0.019930933,0.08591956,0.02147989
49602,0.005625077,0.0061677527,0.005082402,0.009989895,0.33636785,0.4178525,0.10446312
49605,0.0067809573,0.006477777,0.007084138,0.00876463,0.17568159,0.16660032,0.04165008
49607,0.019131469,0.0067284536,0.03153448,0.04040745,0.03381512,0.047659386,0.0119148465
49610,0.014231135,0.0070739686,0.021388302,0.02817708,0.05588737,0.10006428,0.02501607
49613,0.02231244,0.0075817835,0.0370431,0.04554255,0.14134938,0.14651336,0.03662834
49615,0.025739284,0.0077801854,0.043698385,0.04398824,0.019101981,0.061627228,0.015406807
49618,0.025820268,0.0077498076,0.04389073,0.057067126,0.7693553,1.0649786,0.26624465
49621,0.006431347,0.008241096,0.0046215984,0.0082581835,0.17654876,0.1955216,0.0488804
49623,0.016319485,0.0085626105,0.02407636,0.037056316,0.009111626,0.029001318,0.0072503295
49626,0.016272744,0.0087035,0.023841986,0.03524509,0.10630152,0.08315587,0.020788968
49628,0.014558065,0.0085268505,0.020589277,0.030329555,0.46876797,0.64338964,0.16084741
49631,0.028239124,0.009216613,0.047261637,0.056452025,1.3571835,1.2863595,0.3215899
49634,0.020577515,0.009341567,0.03181346,0.041465145,0.64356226,0.8589034,0.21472585
49636,0.006609293,0.009097646,0.004120941,0.007645827,0.43433753,0.3857906,0.09644765
49639,0.027556522,0.008608207,0.046504837,0.050827157,1.0810852,1.0399786,0.25999466
49641,0.010606955,0.008890648,0.01232326,0.010804052,0.16302119,0.17123102,0.042807754
49644,0.031554434,0.009013224,0.054095645,0.058467347,1.1592375,1.1333193,0.2833298
49647,0.015718093,0.008455926,0.022980263,0.030310502,0.622436,0.5413862,0.13534655
49649,0.032240722,0.00846552,0.056015927,0.065462716,1.3993963,1.3795439,0.34488598
49652,0.02511513,0.008306577,0.041923683,0.048527196,0.03313789,0.12350085,0.030875212
49654,0.010177767,0.008401349,0.011954185,0.02006861,0.61024636,0.48807287,0.12201822
49657,0.008411606,0.008095275,0.008727937,0.009509969,0.16466804,0.16338076,0.04084519
49660,0.0054988973,0.0077648014,0.003232993,0.007949961,0.21539176,0.25370765,0.06342691
49662,0.045678783,0.0072369226,0.08412065,0.084831804,1.603649,1.7792062,0.44480154
49665,0.022968777,0.006944983,0.03899257,0.04826135,0.790188,0.969876,0.242469
49668,0.015380963,0.0070597758,0.02370215,0.027850106,0.06192854,0.07961266,0.019903164
49670,0.006934628,0.007306049,0.0065632057,0.010218952,0.507708,0.62770814,0.15692703
49673,0.027848193,0.006663022,0.049033362,0.06612322,0.059100073,0.07201224,0.01800306
49675,0.0066696503,0.0068804487,0.0064588524,0.00960086,0.19102578,0.22164007,0.055410016
49678,0.0069487193,0.006930197,0.0069672414,0.015561582,0.40712848,0.36669612,0.09167403
49681,0.033310834,0.0067701614,0.059851512,0.06773759,1.2314777,1.295781,0.32394525
49683,0.03192374,0.0067105223,0.057136957,0.06081732,1.169583,1.5432863,0.38582158
49686,0.0064985305,0.006598184,0.0063988776,0.008157759,0.10620908,0.10643691,0.026609227
49688,0.012595584,0.0066438946,0.018547274,0.021105906,0.04358222,0.067016445,0.016754111
49691,0.012066799,0.0064644925,0.017669106,0.021696657,0.3614818,0.38726124,0.09681531
49694,0.013810073,0.0064033233,0.021216825,0.023296935,0.11439302,0.12958005,0.032395013
49696,0.024288861,0.006422876,0.042154845,0.04329246,0.071872614,0.12313128,0.03078282
49699,0.00584632,0.0063198977,0.0053727436,0.0075264373,0.32537663,0.38558388,0.09639597
49701,0.018388586,0.0062101013,0.03056707,0.03536269,0.67881894,0.621182,0.1552955
49704,0.017586907,0.005592163,0.029581651,0.039979458,0.022168016,0.081962176,0.020490544
49707,0.014456016,0.0055536353,0.023358397,0.027330527,0.5920281,0.71480685,0.17870171
49709,0.004401685,0.00558033,0.003223041,0.00627679,0.52408296,0.50442857,0.12610714
49712,0.019959996,0.005816757,0.034103233,0.04063463,0.020175219,0.07703545,0.019258862
49715,0.005836833,0.0056977724,0.005975893,0.006584914,0.24878018,0.28331736,0.07082934
49717,0.01071956,0.0053230026,0.016116118,0.023171162,0.47384405,0.56905,0.1422625
49720,0.0053008734,0.0049441084,0.0056576375,0.0048064324,0.36059484,0.36139742,0.090349354
49722,0.0063251667,0.0049230126,0.007727321,0.00851783,0.22301213,0.24717605,0.061794013
49725,0.020764306,0.0043821186,0.037146494,0.042075742,0.067551255,0.09582379,0.023955947
49728,0.003834529,0.0036227584,0.0040463,0.00465362,0.32324904,0.32659107,0.08164777
49730,0.017921297,0.0032425085,0.032600086,0.03837282,0.6858962,0.778155,0.19453876
49733,0.025185583,0.0029902495,0.047380913,0.05317837,0.6997803,0.7616086,0.19040215
49735,0.002949534,0.002838101,0.0030609674,0.0037330554,0.23809405,0.22543484,0.05635871
49738,0.027800217,0.0025238802,0.053076554,0.058118682,1.205944,1.1402917,0.28507292
49741,0.01111229,0.002354694,0.019869884,0.02646386,0.023754934,0.016724536,0.004181134
49743,0.003071734,0.002301865,0.0038416032,0.00597507,0.14447702,0.14258306,0.035645764
49746,0.004537922,0.0022953711,0.006780472,0.00560406,0.12904583,0.11984224,0.02996056
49748,0.0021723069,0.002353041,0.0019915726,0.0033726024,0.2418287,0.25924745,0.06481186
49751,0.003358985,0.0023395754,0.0043783947,0.0030554167,0.28166726,0.301573,0.07539325
49754,0.015588593,0.0023312746,0.028845912,0.031980105,0.52650696,0.62566704,0.15641676
49756,0.0034430567,0.0023485504,0.004537563,0.0057631084,0.47796443,0.52170926,0.13042732
49759,0.011438742,0.0023391296,0.020538354,0.02259572,0.46857417,0.5278712,0.1319678
49762,0.02061245,0.0023710036,0.038853895,0.03861519,0.95760393,1.1076065,0.27690163
49764,0.013165954,0.0023765245,0.023955382,0.029692257,0.01931247,0.06471926,0.016179815
49767,0.00346973,0.0022591793,0.004680281,0.008078759,0.6347009,0.56033635,0.14008409
49769,0.014261044,0.0023337884,0.026188299,0.027622968,0.6127417,0.48696733,0.12174183
49772,0.022344625,0.0024428517,0.042246398,0.042865336,1.0586472,0.96151495,0.24037874
49775,0.017816171,0.002403956,0.033228386,0.03256434,0.040692914,0.101774275,0.025443569
49777,0.012233034,0.0024854743,0.021980593,0.021346541,0.5077333,0.45412123,0.11353031
49780,0.011690587,0.0025363772,0.020844797,0.021764314,0.49573827,0.53618544,0.13404636
49782,0.0036920996,0.0026082837,0.0047759153,0.0060600503,0.3065506,0.2538089,0.06345222
49785,0.0021340903,0.002422757,0.0018454236,0.003241539,0.35179642,0.3428754,0.08571885
49788,0.019094367,0.002509571,0.03567916,0.03233296,1.0108784,1.1327847,0.28319618
49790,0.022828722,0.0025812786,0.04307617,0.04058973,1.3351675,1.5428257,0.38570642
49793,0.009633317,0.0025633916,0.01670324,0.01634237,0.027269237,0.026812375,0.0067030936
49795,0.0044679972,0.0024878343,0.0064481604,0.005679088,0.4073386,0.4501394,0.11253485
49798,0.026728623,0.0023085186,0.051148728,0.047330108,0.92430973,0.77091026,0.19272757
49801,0.02029832,0.0020710456,0.038525596,0.039877743,0.9547226,1.0514189,0.26285473
49803,0.02132956,0.0019895397,0.04066958,0.037312742,0.059768856,0.095791005,0.023947751
49806,0.02090847,0.0018559279,0.03996101,0.038274717,0.07261532,0.07211805,0.018029513
49809,0.011553782,0.0018312974,0.021276265,0.018368946,0.00868895,0.031365294,0.0078413235
49811,0.023110455,0.0018763556,0.044344556,0.044521254,0.9912582,1.0668893,0.26672232
49814,0.012080922,0.0019300267,0.022231817,0.020340882,0.08184052,0.083078265,0.020769566
49816,0.0031478852,0.0021280164,0.004167754,0.0024090686,0.28081906,0.2954173,0.07385433
49819,0.0027764784,0.0023065798,0.0032463772,0.0022130671,0.2604872,0.25776523,0.06444131
49822,0.0054294295,0.0025237948,0.008335064,0.008123328,0.37261376,0.35711145,0.08927786
49824,0.015803766,0.0026960056,0.028911525,0.027362386,0.76989645,0.8011306,0.20028265
49827,0.004199036,0.0028543274,0.0055437447,0.0035879149,0.2778227,0.28798506,0.071996264
49829,0.003800584,0.0029660992,0.004635069,0.004590646,0.17369483,0.17388533,0.043471333
49832,0.01438639,0.0030957507,0.02567703,0.023873279,0.64464074,0.6804797,0.17011993
49835,0.017695947,0.0031469774,0.032244917,0.026464723,0.047616377,0.041869372,0.010467343
49837,0.021371452,0.0032234408,0.039519463,0.040919237,0.034128,0.07968859,0.019922147
49840,0.035188656,0.0031638152,0.0672135,0.064000875,0.090769686,0.17987378,0.044968445
49842,0.0059783454,0.0031247782,0.008831912,0.0060574654,0.4361781,0.40199813,0.10049953
49845,0.038138505,0.0031381364,0.07313887,0.07015966,0.067281894,0.11596197,0.028990492
49848,0.0072416035,0.0029150818,0.011568125,0.008872089,0.52350837,0.47976208,0.11994052
49850,0.006847426,0.0027590746,0.010935777,0.009818997,0.38795114,0.35953608,0.08988402
49853,0.022197643,0.002616823,0.041778464,0.034547355,1.0939097,0.9672294,0.24180736
49856,0.005384235,0.0025248148,0.008243655,0.005003482,0.19729625,0.2042452,0.0510613
49858,0.017783316,0.0024395771,0.033127055,0.03029036,0.081223756,0.11674398,0.029185995
49861,0.023876512,0.0023414276,0.045411598,0.044228375,1.5909501,1.5929909,0.39824772
49863,0.013832311,0.0023066155,0.025358006,0.022715034,0.076337695,0.07780347,0.019450868
49866,0.025198556,0.00236088,0.048036233,0.051528823,0.16376905,0.27104345,0.06776086
49869,0.015908053,0.0022788884,0.029537216,0.02637142,0.09958934,0.10760263,0.026900658
49871,0.0043986454,0.0022542886,0.0065430016,0.004020734,0.4486835,0.48919502,0.122298755
49874,0.006227685,0.0021479179,0.010307453,0.007557797,0.18731107,0.18935652,0.04733913
49876,0.014881581,0.0020961172,0.027667046,0.024724528,0.083036184,0.09018344,0.02254586
49879,0.021763152,0.0021407232,0.041385576,0.036596593,0.03987693,0.09507567,0.023768917
49882,0.019782504,0.002203778,0.03736123,0.037898544,1.5572668,1.4899086,0.37247714
49884,0.0027438228,0.002265116,0.0032225295,0.0033548411,0.45176196,0.4252715,0.10631788
49887,0.016593197,0.0023400423,0.030846352,0.032640904,0.03673883,0.050264295,0.012566074
49889,0.02205766,0.0022909085,0.04182441,0.038174625,0.06803315,0.0709657,0.017741425
49892,0.035717096,0.0022511357,0.06918306,0.07090027,1.5551033,1.5553976,0.3888494
49895,0.017342178,0.002258721,0.03242564,0.030239535,0.039943594,0.0984812,0.0246203
49897,0.017845144,0.0022486793,0.033441607,0.03290776,0.9946594,1.1365942,0.28414854
49900,0.0040131905,0.0023389535,0.005687428,0.005667982,0.15756221,0.15185295,0.037963238
49903,0.00640607,0.0023270806,0.01048506,0.011443314,0.17376219,0.18440093,0.046100233
49905,0.0033344114,0.002476609,0.004192214,0.005751587,0.16361403,0.14986946,0.037467364
49908,0.02547847,0.0026671768,0.04828976,0.049106885,0.056697574,0.15505888,0.03876472
49910,0.0059838775,0.0028747357,0.009093019,0.013274002,0.59857017,0.52161276,0.13040319
49913,0.014754799,0.0031572357,0.026352363,0.029982904,0.5305935,0.64074486,0.16018622
49916,0.01368647,0.003317599,0.02405534,0.026856286,0.0067333244,0.035134885,0.008783721
49918,0.012740201,0.0034374427,0.02204296,0.02362545,0.039646592,0.076386265,0.019096566
49921,0.015445278,0.0033673455,0.027523212,0.029176407,0.4813018,0.58311415,0.14577854
49923,0.04146428,0.0031858368,0.07974272,0.07522899,1.8353709,1.9501747,0.48754367
49926,0.03029497,0.0035336716,0.057056267,0.060691725,0.1331949,0.18729039,0.046822596
49929,0.01754009,0.0037128467,0.03136733,0.038174503,0.3369116,0.32813475,0.08203369
49931,0.023732869,0.0035962183,0.04386952,0.05010969,0.11934156,0.10046846,0.025117114
49934,0.0037569467,0.0039258897,0.0035880038,0.0072792694,0.15746973,0.14129479,0.035323698
49936,0.0060923905,0.0041839904,0.008000791,0.010735959,0.27267444,0.3319405,0.082985125
49939,0.012748222,0.0044713817,0.021025062,0.024584645,0.39479113,0.4665996,0.1166499
49942,0.018911408,0.0039312863,0.033891533,0.042061042,0.057867244,0.04404846,0.011012115
49944,0.0035995524,0.0038190365,0.0033800683,0.0072647645,0.29552364,0.27371493,0.06842873
49947,0.019542655,0.0038540785,0.03523123,0.042219657,0.12812233,0.06501884,0.01625471
49950,0.029171892,0.0035152782,0.054828506,0.060473233,0.065669894,0.06107198,0.015267995
49952,0.01972159,0.00327714,0.03616604,0.042870272,0.057961572,0.0496538,0.01241345
49955,0.0054206164,0.0033363588,0.007504875,0.009453689,0.36683097,0.44256306,0.110640764
49957,0.023051284,0.0034106227,0.042691946,0.042909842,1.4312438,1.3655859,0.34139648
49960,0.023045296,0.0033760453,0.042714547,0.04667929,0.06962319,0.08084102,0.020210255
49963,0.0032491006,0.0033313676,0.003166834,0.005363526,0.42390847,0.42585793,0.10646448
49965,0.021784438,0.0035161972,0.04005268,0.038047638,0.023215964,0.060863823,0.015215956
49968,0.0035255991,0.003672692,0.0033785067,0.0067999847,0.23098083,0.2658051,0.066451274
49970,0.019546257,0.0036922686,0.035400245,0.035902772,0.07182829,0.13003422,0.032508556
49973,0.015586696,0.0036648542,0.027508536,0.026086336,0.010776083,0.0293322,0.00733305
49976,0.0039933347,0.004038013,0.0039486564,0.006502925,0.3495572,0.3264968,0.0816242
49978,0.02341199,0.0043151155,0.042508867,0.04065797,0.07293957,0.15166606,0.037916515
49981,0.0040966203,0.0047209975,0.0034722425,0.0060830885,0.48799685,0.47067022,0.117667556
49983,0.022790017,0.005102739,0.040477294,0.04655255,0.7412383,0.9285776,0.2321444
49986,0.005551564,0.0054251757,0.005677953,0.009497657,0.43780074,0.36178312,0.09044578
49989,0.0065514483,0.005417282,0.0076856134,0.008548334,0.11785072,0.11395645,0.028489113
49991,0.0052397195,0.0054262946,0.0050531444,0.0062092734,0.20827758,0.19197935,0.047994837
49994,0.013369638,0.0058061555,0.02093312,0.02990914,0.634384,0.5533127,0.13832818
49997,0.025694074,0.0058577913,0.04553036,0.049283177,0.18487753,0.22395766,0.055989414
49999,0.0059964038,0.005917354,0.006075453,0.0072102956,0.18175451,0.19414397,0.04853599
50002,0.01893173,0.0070950855,0.030768374,0.03828689,0.058345843,0.07317432,0.01829358
50004,0.019650787,0.0075139366,0.031787638,0.034027964,0.010842164,0.0344837,0.008620925
50007,0.023649916,0.008274618,0.039025214,0.05402114,0.06273218,0.0675487,0.016887175
50010,0.03242738,0.008780766,0.056073997,0.050865654,0.063762166,0.16065155,0.040162887
50012,0.031453736,0.008834497,0.054072976,0.057762835,0.17545302,0.17883997,0.04470999
50015,0.020998055,0.008771551,0.033224564,0.04238678,0.9175498,0.81909317,0.20477329
50017,0.018144121,0.008749415,0.027538827,0.04065624,0.46741295,0.6060097,0.15150243
50020,0.016652493,0.0093461275,0.02395886,0.032057006,0.104030676,0.09188291,0.022970727
50023,0.019095387,0.008267847,0.029922927,0.04002292,0.028850608,0.065552555,0.016388139
50025,0.03171657,0.008524585,0.054908555,0.06996884,1.2674497,1.5883332,0.3970833
50028,0.029732564,0.009525992,0.049939137,0.05068493,0.14871457,0.19146895,0.04786724
50031,0.021619631,0.009500623,0.03373864,0.043297052,0.8863113,0.7632579,0.19081448
50033,0.023418343,0.00944855,0.037388135,0.050285343,0.09596781,0.09340676,0.02335169
50036,0.03065372,0.009383592,0.051923845,0.06190653,0.9567655,1.2619661,0.31549153
50038,0.020097662,0.010246821,0.029948503,0.030937767,0.05000933,0.105233215,0.026308304
50041,0.041064143,0.00942463,0.07270366,0.0686832,1.4453653,1.4488167,0.36220416
50044,0.017248634,0.009097807,0.025399461,0.028327763,0.5689514,0.50223106,0.12555777
50046,0.030071253,0.009701022,0.050441485,0.05603191,0.039455254,0.12727201,0.031818002
50049,0.011138004,0.011277703,0.010998308,0.010882106,0.3231916,0.38103238,0.095258094
50051,0.019792337,0.010514577,0.029070096,0.04349504,0.023990104,0.08067418,0.020168545
50054,0.007239303,0.009608267,0.0048703398,0.009413701,0.13701172,0.15077628,0.03769407
50057,0.01020397,0.011259541,0.009148399,0.0066796313,0.18504775,0.17287898,0.043219745
50059,0.015585363,0.010853457,0.02031727,0.032774363,0.72803587,0.5700116,0.1425029
50062,0.0075847483,0.01039336,0.004776137,0.006119993,0.16372925,0.17889343,0.044723358
50064,0.013659485,0.009919482,0.017399488,0.02303687,0.022394845,0.055384796,0.013846199
50067,0.023916878,0.010280241,0.037553515,0.043807894,0.87580794,1.1297723,0.28244308
50070,0.018406412,0.009702559,0.027110264,0.03907709,0.8134635,1.0154938,0.25387344
50072,0.008493579,0.008792075,0.008195082,0.006493638,0.28751418,0.27327716,0.06831929
50075,0.01925014,0.008133695,0.030366585,0.035711817,1.1528057,0.9471285,0.23678212
50078,0.0057315305,0.007635893,0.0038271686,0.0063540568,0.36346486,0.3298261,0.08245652
50080,0.02925898,0.0066558956,0.05186206,0.051464867,1.0258625,0.9934805,0.24837013
50083,0.0077946037,0.006545629,0.009043579,0.0109963445,0.27051115,0.3094069,0.07735173
50085,0.015137337,0.0062842933,0.02399038,0.029569194,0.097824715,0.11194112,0.02798528
50088,0.026215538,0.005968806,0.04646227,0.050840408,0.058110327,0.09389781,0.023474453
50091,0.02155248,0.00530996,0.037795,0.036977574,0.117560916,0.20519805,0.051299512
50093,0.027422981,0.005316779,0.049529184,0.054705184,1.110342,1.3517662,0.33794156
50096,0.01382189,0.0052367584,0.02240702,0.022390297,0.025879592,0.037989654,0.009497413
50098,0.015162905,0.0050051645,0.025320647,0.030109033,0.024875417,0.038952786,0.009738197
50101,0.018365528,0.0049626413,0.031768415,0.031734463,0.14082891,0.18034196,0.04508549
50104,0.012810151,0.0048888936,0.020731406,0.027011158,0.018845653,0.058999587,0.014749897
50106,0.004114306,0.004720251,0.0035083613,0.0043341424,0.26866004,0.26960897,0.06740224
50109,0.018830016,0.004243976,0.03341606,0.032330893,0.09523568,0.14283766,0.035709415
50111,0.019461978,0.003766216,0.03515774,0.038728196,0.032037113,0.07288595,0.018221488
50114,0.024578532,0.0034916198,0.045665443,0.040848996,0.053815264,0.12828575,0.032071438
50117,0.02683941,0.003060281,0.05061854,0.05160415,0.9959069,1.1528935,0.2882234
50119,0.004565664,0.0028192818,0.006312046,0.0066265534,0.16098069,0.18445587,0.046113968
50122,0.012449101,0.0027532866,0.022144914,0.026597163,0.022145906,0.050659645,0.012664911
50125,0.0070458367,0.0029008444,0.011190828,0.01359085,0.051835377,0.061482936,0.015370734
50127,0.004009089,0.002877333,0.0051408457,0.003382377,0.23435514,0.24246502,0.060616255
50130,0.0042873644,0.0022671153,0.0063076136,0.008909774,0.27272317,0.25705165,0.06426291
50132,0.004527056,0.0019623789,0.007091733,0.005158162,0.15682228,0.1514967,0.037874173
50135,0.013417245,0.0017226645,0.025111826,0.024648903,0.6492955,0.66481453,0.16620363
50138,0.024225265,0.0016055001,0.04684503,0.046124022,0.75143105,0.78039074,0.19509768
50140,0.011334437,0.0014510999,0.021217773,0.01986569,0.025585271,0.033450376,0.008362594
50143,0.027815195,0.001404974,0.054225415,0.053245038,0.14541794,0.22764957,0.056912392
50145,0.0016819997,0.0014080292,0.00195597,0.0021240518,0.19852734,0.18562643,0.046406608
50148,0.020369992,0.0014673611,0.03927262,0.039372467,0.18664594,0.22430266,0.056075666
50151,0.011144777,0.0015597153,0.020729838,0.018468937,0.019895153,0.02000642,0.005001605
50153,0.0047424412,0.0016754438,0.0078094383,0.006492345,0.31253353,0.30564004,0.07641001
50156,0.009003603,0.0019701316,0.016037075,0.014963421,0.4533163,0.40831128,0.10207782
50158,0.014953949,0.0021826783,0.02772522,0.027658137,0.8711665,0.8519799,0.21299498
50161,0.012447957,0.0024222762,0.022473639,0.016082114,0.0032000076,0.023368098,0.0058420245
50164,0.018301276,0.0024760338,0.034126516,0.031639606,0.029069088,0.048606515,0.012151629
50166,0.011666515,0.0024901216,0.02084291,0.018193705,0.40966144,0.33447048,0.08361762
50169,0.015440588,0.0025283608,0.028352818,0.025988946,0.6312421,0.5918837,0.14797093
50172,0.017152818,0.0024807316,0.031824905,0.030660385,1.3921057,1.4008061,0.35020152
50174,0.012359413,0.0024782328,0.022240594,0.021193855,0.9278715,0.90470773,0.22617693
50177,0.003642502,0.002329873,0.004955131,0.0069024544,0.2287544,0.23456402,0.058641005
50179,0.0026601097,0.0023489317,0.0029712876,0.003537114,0.22181077,0.24514149,0.061285373
50182,0.0028311254,0.0023110264,0.0033512244,0.0031074788,0.2516113,0.23356308,0.05839077
50185,0.018328024,0.002168772,0.034487274,0.027164677,0.85616565,0.70003396,0.17500849
50187,0.01586475,0.0021560462,0.029573454,0.02970384,0.13760887,0.21186738,0.052966844
50190,0.0025935282,0.001982382,0.0032046745,0.0031711187,0.518953,0.49415898,0.123539746
50192,0.019656738,0.0018557428,0.037457734,0.038031023,1.0304996,1.0470963,0.26177406
50195,0.009071878,0.0017576996,0.016386056,0.01570145,0.49113545,0.5116662,0.12791654
50198,0.003417587,0.0017182253,0.0051169484,0.005244907,0.1601817,0.12946674,0.032366686
50200,0.0020630683,0.001647199,0.0024789376,0.0029089425,0.48963773,0.48767695,0.12191924
50203,0.0026608661,0.001480354,0.003841378,0.004427656,0.35394725,0.34065953,0.08516488
50205,0.018954886,0.0013937657,0.036516007,0.037323475,0.9522662,0.9731019,0.24327548
50208,0.02025449,0.0013256054,0.03918338,0.03950024,1.2196579,1.2735873,0.31839684
50211,0.015515254,0.0012832412,0.029747268,0.027463907,0.5913293,0.5560275,0.13900687
50213,0.00949373,0.0013240995,0.01766336,0.017738596,0.5492881,0.5257818,0.13144545
50216,0.024102896,0.0013123965,0.0468934,0.048873316,1.6555839,1.8029861,0.45074654
50219,0.01893022,0.0013775192,0.03648292,0.033527944,0.88267475,0.7436448,0.1859112
50221,0.011075479,0.0012951301,0.02085583,0.020330517,0.010249581,0.03698902,0.009247255
50224,0.009542809,0.001210488,0.01787513,0.017847156,0.75260955,0.7837322,0.19593304
50226,0.020671865,0.0011704148,0.04017332,0.040679827,1.0298014,1.0490646,0.26226616
50229,0.014833351,0.0011011219,0.02856558,0.026277458,0.68136334,0.6015975,0.15039937
50232,0.002090289,0.0010708522,0.003109726,0.0023574496,0.27543667,0.28520682,0.071301706
50234,0.018636866,0.0011151712,0.036158558,0.03238931,0.7429698,0.5809873,0.14524682
50237,0.0031077813,0.0012059903,0.005009572,0.004942758,0.19302869,0.18711884,0.04677971
50239,0.0253853,0.0012555863,0.049515013,0.050418515,0.12722184,0.22483282,0.056208204
50242,0.013397958,0.0013245757,0.025471339,0.022355696,0.021393009,0.06248802,0.015622005
50245,0.017193237,0.0014679553,0.03291852,0.031713963,0.031042568,0.08926129,0.022315323
50247,0.033747237,0.0015815577,0.06591291,0.064551555,0.107929386,0.23478232,0.05869558
50250,0.0037872375,0.0017562484,0.005818227,0.003082129,0.35794166,0.3959979,0.09899948
50252,0.002053091,0.0018181526,0.0022880298,0.0027687624,0.26768014,0.28416365,0.07104091
50255,0.021227209,0.002024547,0.040429868,0.035820108,0.9812854,0.9049594,0.22623985
50258,0.01628754,0.0020723029,0.030502776,0.029862477,1.0323688,1.0693828,0.2673457
50260,0.026930118,0.002206695,0.051653545,0.045643013,1.1552118,1.0998923,0.27497306
50263,0.0070513417,0.0027540661,0.011348617,0.011247079,0.4308311,0.40938398,0.102345996
50266,0.004777676,0.002851202,0.0067041502,0.0035990262,0.20904733,0.17914681,0.044786703
50268,0.022431461,0.003140729,0.041722193,0.03994379,0.13914482,0.12142116,0.03035529
50271,0.004328267,0.0029700138,0.00568652,0.002654881,0.27623436,0.2824165,0.07060412
50273,0.0072272797,0.0031024797,0.01135208,0.008277006,0.4755118,0.500886,0.1252215
50276,0.027905561,0.0029253743,0.052885745,0.04792075,1.6407903,1.8342994,0.45857486
50279,0.03570078,0.0026983162,0.06870324,0.06623051,1.4302624,1.5621716,0.3905429
50281,0.0287443,0.0026729263,0.054815676,0.04990979,0.0651265,0.13663816,0.03415954
50284,0.008956224,0.0025139605,0.015398487,0.015437913,0.40787947,0.4058013,0.101450324
50286,0.0023623004,0.0022802984,0.0024443024,0.0029898484,0.35644165,0.3713093,0.09282733
50289,0.0023379894,0.0021136722,0.0025623066,0.002711733,0.28467557,0.29059842,0.072649606
50292,0.01169483,0.0021772918,0.02121237,0.01814092,0.023213945,0.055547047,0.013886762
50294,0.0023807522,0.0021076223,0.0026538821,0.0018122488,0.2271175,0.22685285,0.056713212
50297,0.0023306883,0.0020582338,0.0026031428,0.0034771909,0.1419931,0.14955696,0.03738924
50299,0.013874701,0.0020591465,0.025690256,0.0225911,0.04304272,0.050569683,0.012642421
50302,0.024648892,0.002200727,0.047097057,0.047899514,1.2827253,1.3665355,0.3416339
50305,0.0030147505,0.0023636979,0.003665803,0.0033566442,0.30272582,0.30708894,0.076772235
50307,0.016723376,0.002444552,0.0310022,0.025352158,0.014364079,0.047188263,0.011797066
50310,0.015553843,0.0024484915,0.028659195,0.025295814,0.6357587,0.5561548,0.1390387
50313,0.018802976,0.0026695963,0.034936354,0.03457518,0.07700784,0.112696655,0.028174164
50315,0.0057185083,0.0026484348,0.008788582,0.0064420025,0.32301727,0.32943043,0.08235761
50318,0.0030689351,0.0026182535,0.0035196168,0.003197719,0.13405138,0.14069282,0.035173204
50320,0.0030927295,0.0026384823,0.0035469767,0.004379697,0.4370649,0.44106126,0.110265315
50323,0.0031543404,0.002751329,0.0035573523,0.004961155,0.4205136,0.4143987,0.103599675
50326,0.0033514984,0.0027682895,0.003934707,0.002596346,0.43403038,0.46288633,0.11572158
50328,0.011723958,0.0027027242,0.020745194,0.016750017,0.5129253,0.5495878,0.13739695
50331,0.013650318,0.0026339542,0.024666682,0.02337899,0.8914738,0.9382481,0.23456202
50333,0.0038772805,0.002512009,0.005242552,0.0060785604,0.19645442,0.18500245,0.04625061
50336,0.0025108636,0.0024322562,0.002589471,0.0033242481,0.41895404,0.42711845,0.10677961
50339,0.003526235,0.0022688166,0.0047836537,0.0040131775,0.34240448,0.36024413,0.09006103
50341,0.033631127,0.0021766454,0.065085605,0.066814326,1.5729513,1.660325,0.41508126
50344,0.0027869353,0.002143275,0.0034305956,0.002754812,0.2622176,0.266253,0.06656325
50346,0.015794257,0.0021794185,0.029409096,0.032089673,0.9024164,0.69535255,0.17383814
50349,0.012177476,0.0022086718,0.022146279,0.021497557,0.119823694,0.14705391,0.036763478
50352,0.0045010527,0.002252639,0.0067494665,0.008884461,0.48266673,0.3909017,0.09772543
50354,0.022188565,0.002463429,0.0419137,0.045003038,0.0356425,0.12342206,0.030855514
50357,0.016912257,0.0030354848,0.03078903,0.03586426,0.06994939,0.050095618,0.012523904
50360,0.0035785448,0.0032165756,0.0039405143,0.0048848535,0.22008835,0.1818581,0.045464527
50362,0.014789297,0.0036257028,0.02595289,0.032145802,0.042570572,0.028073175,0.0070182937
50365,0.02289096,0.0037866354,0.041995287,0.041262742,0.046556193,0.10220796,0.02555199
50367,0.0037118073,0.0037187636,0.0037048508,0.0043682414,0.15523984,0.15023315,0.037558287
50370,0.03192581,0.0035663403,0.06028528,0.064811766,1.4097213,1.374823,0.34370574
50373,0.033518393,0.0029875694,0.064049214,0.06797695,1.4946756,1.4719863,0.36799657
50375,0.011645968,0.0030662369,0.020225698,0.027076775,0.05783634,0.0488524,0.0122131
50378,0.017247958,0.003044482,0.031451438,0.037920948,0.018430889,0.08298016,0.02074504
50380,0.014265444,0.0028820504,0.025648838,0.030180244,0.16039662,0.09621749,0.024054373
50383,0.0038712348,0.0025366165,0.005205853,0.007855836,0.17891257,0.19302523,0.048256308
50386,0.026378088,0.0023545001,0.050401676,0.052217573,1.2146108,1.3764749,0.3441187
50388,0.0029780504,0.0022550665,0.0037010342,0.0051781624,0.1593595,0.15916021,0.039790053
50391,0.028638942,0.0024108803,0.054867003,0.059733044,1.2888507,1.5103855,0.37759638
50393,0.0028271594,0.0022410157,0.003413303,0.0035625075,0.17566507,0.17152916,0.04288229
50396,0.002878826,0.002181125,0.0035765271,0.004364879,0.16769244,0.16285686,0.040714215
50399,0.016608318,0.0025034363,0.0307132,0.029876774,0.46897027,0.44832698,0.112081744
50401,0.018979756,0.002270038,0.035689473,0.03863664,0.069497444,0.10475594,0.026188985
50404,0.028278286,0.0024386307,0.054117944,0.05591787,1.3252258,1.2938133,0.32345334
50407,0.012785361,0.0026794795,0.022891244,0.023837477,0.5341183,0.5661488,0.1415372
50409,0.014648807,0.00296772,0.026329895,0.029322622,0.6020039,0.66230834,0.16557708
50412,0.003607166,0.003283898,0.003930434,0.0055074207,0.4225695,0.48952398,0.122380994
50414,0.0034107734,0.0029784248,0.003843122,0.0046580234,0.25808108,0.2777628,0.0694407
50417,0.0044360477,0.002764399,0.006107697,0.0074785408,0.51078004,0.6074791,0.15186977
50420,0.003933407,0.0028138105,0.005053004,0.0095273275,0.27778968,0.26006004,0.06501501
50422,0.029118374,0.0028332921,0.055403456,0.06037934,1.1003429,1.3356804,0.3339201
50425,0.004447852,0.0035416875,0.0053540156,0.0050545363,0.18352048,0.19273181,0.048182953
50427,0.01843293,0.0038700004,0.03299586,0.041127652,0.044457734,0.06989167,0.017472917
50430,0.034008324,0.0038989827,0.06411766,0.0593354,1.7629956,1.9281049,0.48202622
50433,0.01531895,0.003385455,0.027252445,0.028249746,0.089935094,0.13363631,0.033409078
50435,0.020710822,0.003277354,0.03814429,0.03878895,0.12090226,0.188438,0.0471095
50438,0.011194666,0.0034130095,0.018976321,0.021767812,0.016043825,0.029358799,0.0073396997
50440,0.0045502093,0.0032396847,0.0058607333,0.0045780186,0.56525034,0.6030535,0.15076338
50443,0.0036652356,0.0031297754,0.0042006955,0.006286261,0.20768546,0.23681505,0.059203763
50446,0.016176924,0.0032769488,0.029076898,0.030182188,0.4854184,0.49647817,0.12411954
50448,0.0048464164,0.0032234017,0.006469431,0.0044979323,0.23997565,0.265991,0.06649775
50451,0.021007262,0.003115873,0.03889865,0.043347847,0.039685354,0.10746998,0.026867496
50454,0.0025690873,0.0030143168,0.0021238578,0.004428292,0.33999062,0.32162592,0.08040648
50456,0.0029981928,0.0028345203,0.0031618653,0.0040845904,0.30194676,0.33921906,0.084804766
50459,0.002337835,0.0022693507,0.0024063198,0.0040336885,0.21174371,0.20174742,0.050436854
50461,0.025412358,0.0018319134,0.0489928,0.045889884,1.0653797,0.96957517,0.24239379
50464,0.00219283,0.0015468613,0.0028387986,0.0030848098,0.37830892,0.4099766,0.10249415
50467,0.014578714,0.0014584716,0.027698956,0.026501238,0.064277954,0.08438086,0.021095214
50469,0.013714873,0.001302234,0.026127512,0.026618337,1.0892348,1.1328158,0.28320396
50472,0.012872957,0.0012080857,0.024537826,0.02250628,0.092603065,0.089603186,0.022400796
50474,0.0068664732,0.0012449896,0.012487956,0.01050349,0.3328896,0.33547482,0.083868705
50477,0.0041425903,0.0012817313,0.0070034494,0.00763117,0.12873797,0.15670763,0.039176907
50480,0.019868419,0.0013490804,0.038387757,0.036364704,0.10776097,0.16664226,0.041660566
50482,0.026935061,0.0013765902,0.05249353,0.052519232,1.26661,1.3274403,0.33186007
50485,0.0023402504,0.0014296063,0.0032508944,0.0028885102,0.46484652,0.46544886,0.116362214
50487,0.013310532,0.0014901668,0.025130898,0.024737304,0.008401588,0.043941874,0.0109854685
50490,0.0020783877,0.0014902744,0.0026665006,0.0024015766,0.46390918,0.45504093,0.11376023
50493,0.0019963195,0.0015268031,0.002465836,0.0021738468,0.34813872,0.34770918,0.086927295
50495,0.012460402,0.0016426226,0.023278182,0.019511133,0.041063745,0.052914787,0.013228697
50498,0.017485542,0.0016749505,0.033296134,0.03431369,0.8523113,0.9016908,0.2254227
50501,0.0027309584,0.0017964807,0.003665436,0.0028256495,0.1785136,0.17839968,0.04459992
50503,0.030534262,0.0017963735,0.05927215,0.05703179,1.5707783,1.6238018,0.40595046
50506,0.0093213925,0.00192157,0.016721213,0.01697033,0.007978436,0.017010542,0.0042526354
50508,0.0031480677,0.0019435128,0.004352622,0.0045691365,0.2915199,0.27911267,0.06977817
50511,0.009286294,0.0018387395,0.016733848,0.016061887,0.04302454,0.0280803,0.007020075
50514,0.0051761433,0.0019037455,0.008448541,0.007934974,0.5420749,0.5066758,0.12666894
50516,0.015732424,0.0018873875,0.029577458,0.027197564,0.18562311,0.17538352,0.04384588
50519,0.02801395,0.0018257042,0.054202195,0.052604884,1.3183241,1.3151962,0.32879904
50521,0.0037308733,0.00195544,0.0055063064,0.004349707,0.21203075,0.21692832,0.05423208
50524,0.014419615,0.00226301,0.026576221,0.025074681,1.0679684,1.133297,0.28332424
50527,0.017416006,0.0023256156,0.032506395,0.02898337,0.7180812,0.73648196,0.18412049
50529,0.0036424438,0.0024693552,0.0048155324,0.0061783628,0.16807686,0.17599972,0.04399993
50532,0.014452316,0.0027103473,0.026194284,0.020207806,0.031095048,0.04110172,0.01027543
50535,0.020387428,0.0029850565,0.037789803,0.033464197,0.05305947,0.090886585,0.022721646
50537,0.032250717,0.0029617231,0.06153971,0.061886992,0.06694729,0.13599075,0.03399769
50540,0.0042648097,0.0033160932,0.0052135265,0.00368486,0.5007255,0.49562526,0.123906314
50542,0.0041148155,0.0036754769,0.0045541544,0.0050999243,0.15635353,0.17849767,0.044624418
50545,0.02833505,0.003819329,0.05285077,0.04700294,1.259847,1.2412087,0.31030217
50548,0.020535417,0.0039140307,0.0371568,0.028402932,0.72102195,0.6001529,0.15003823
50550,0.004882753,0.004081378,0.005684128,0.0024648232,0.2915892,0.29583353,0.07395838
50553,0.022319106,0.004340453,0.040297758,0.029285766,0.7514102,0.6555376,0.1638844
50555,0.01438589,0.0043145274,0.024457254,0.019374188,0.048262417,0.075400464,0.018850116
50558,0.0304278,0.0041740746,0.05668153,0.050876345,0.081054,0.14767116,0.03691779
50561,0.008264701,0.004284062,0.012245339,0.0066036307,0.21145181,0.21940176,0.05485044
50563,0.0048727286,0.0040949015,0.0056505557,0.0034144204,0.52725357,0.5257988,0.1314497
50566,0.023031084,0.0037727302,0.042289436,0.038641255,0.087656915,0.13829446,0.034573615
50568,0.017718123,0.0034773655,0.03195888,0.024358807,0.05461977,0.0617962,0.01544905
50571,0.018064106,0.0032632283,0.032864984,0.030051747,0.0713738,0.094921745,0.023730436
50574,0.0186548,0.0030334222,0.034276176,0.030275973,0.062281698,0.08422911,0.021057278
50576,0.003584157,0.0028584003,0.004309914,0.0025673478,0.25537804,0.24820429,0.062051073
50579,0.023393588,0.0026159997,0.04417118,0.04091033,0.86530787,0.93496853,0.23374213
50582,0.028872043,0.0026689481,0.05507514,0.052524056,0.087738596,0.1268893,0.031722326
50584,0.020721244,0.0025978915,0.038844597,0.039671257,0.9799854,1.0958059,0.27395147
50587,0.021222824,0.0024146552,0.040030997,0.041729596,0.12703063,0.1857208,0.0464302
50589,0.019861804,0.0025046002,0.037219007,0.036626354,0.8847557,0.7575898,0.18939745
50592,0.008618086,0.0026802632,0.014555908,0.007867345,0.27607524,0.2968595,0.074214876
50595,0.01798871,0.0025467786,0.03343064,0.028018562,0.0065464363,0.047353033,0.011838258
50597,0.024855757,0.002659958,0.04705156,0.047764476,0.06849668,0.11595673,0.028989183
50600,0.015707958,0.0027196233,0.028696293,0.023125246,0.4009459,0.45128703,0.11282176
50602,0.0039126254,0.0027945417,0.005030709,0.005002391,0.27032378,0.2226936,0.0556734
50605,0.0045129037,0.0028883119,0.0061374954,0.0066091698,0.3175148,0.26273084,0.06568271
50608,0.016465189,0.0030819804,0.029848397,0.025626032,0.0049211797,0.029486714,0.0073716785
50610,0.018226782,0.0030754087,0.033378154,0.039095193,0.05627842,0.05472142,0.013680355
50613,0.0038719296,0.0031390225,0.0046048365,0.0045508295,0.32010773,0.3518995,0.087974876
50615,0.02490621,0.0034932636,0.046319157,0.045642357,0.07162768,0.16147606,0.040369015
50618,0.025862709,0.0038090246,0.047916394,0.054968197,0.08001077,0.08782127,0.021955317
50621,0.00418586,0.00394978,0.00442194,0.005896701,0.5547313,0.59945035,0.14986259
50623,0.0038829527,0.0042943717,0.0034715335,0.0058510746,0.2913017,0.24109297,0.06027324
50626,0.0042904043,0.0047557876,0.0038250212,0.009828287,0.67986554,0.5761135,0.14402838
50629,0.0042596045,0.0049280967,0.0035911119,0.004808679,0.31416157,0.2675065,0.06687663
50631,0.021516696,0.005199503,0.037833888,0.038022574,0.18829675,0.24267046,0.060667615
50634,0.004861042,0.005943379,0.0037787044,0.008771918,0.5920855,0.53537637,0.13384409
50636,0.014681447,0.0064132637,0.02294963,0.028788343,0.11458212,0.15471743,0.038679358
50639,0.010567072,0.0063093808,0.014824763,0.027889036,0.5156057,0.4171199,0.10427997
50642,0.0067126458,0.007306222,0.00611907,0.0129503785,0.2627864,0.22076084,0.05519021
50644,0.022013744,0.008220742,0.035806745,0.055707037,0.07776677,0.040756956,0.010189239
50647,0.01408393,0.008864074,0.019303786,0.030871704,0.10174903,0.078326344,0.019581586
50649,0.014319132,0.009315797,0.019322468,0.025563508,0.40327334,0.52719885,0.13179971
50652,0.026135264,0.010280645,0.04198988,0.045880448,0.8295359,1.0476657,0.26191643
50655,0.023701578,0.010162788,0.037240367,0.03808612,0.7029689,0.90858793,0.22714698
50657,0.0073962784,0.010322954,0.0044696038,0.0071827215,0.22479779,0.25186756,0.06296689
50660,0.009380174,0.009761898,0.00899845,0.009664564,0.40043202,0.486734,0.1216835
50662,0.009750861,0.010822635,0.008679087,0.0073982305,0.37660623,0.37441722,0.093604304
50665,0.007844056,0.010229274,0.005458837,0.011190109,0.20001006,0.2522873,0.063071825
50668,0.01728923,0.008809891,0.025768572,0.039323155,0.061325416,0.03064359,0.0076608974
50670,0.007654576,0.009400586,0.0059085675,0.007865951,0.17577998,0.18444546,0.046111364
50673,0.00964665,0.008489936,0.010803364,0.014892798,0.27564487,0.31786007,0.07946502
50676,0.011426787,0.0069164983,0.015937075,0.020758048,0.45970097,0.57072425,0.14268106
50678,0.0112901805,0.0060187443,0.016561614,0.021041611,0.018813333,0.019673767,0.0049184416
50681,0.021869598,0.0053153024,0.038423892,0.039210435,0.9853452,0.93657523,0.23414381
50683,0.009900938,0.005230242,0.014571633,0.008071283,0.15268685,0.17863967,0.044659916
50686,0.024694262,0.004657253,0.04473127,0.04929793,0.062234044,0.10078689,0.025196722
50689,0.014647201,0.0049411305,0.024353271,0.029657884,0.642468,0.5815186,0.14537965
50691,0.024116995,0.004694631,0.04353936,0.041231677,0.18761258,0.31017363,0.07754341
50694,0.0045201643,0.0038544612,0.0051858667,0.004657323,0.41211894,0.4014349,0.100358725
50696,0.02543304,0.0038239954,0.047042083,0.050890658,1.2715665,1.5635568,0.3908892
50699,0.01974863,0.0036129479,0.035884313,0.038964737,0.044113174,0.08057499,0.020143747
50702,0.0037650343,0.0038157962,0.0037142725,0.005372112,0.40173373,0.42626595,0.10656649
50704,0.012271027,0.004043738,0.020498315,0.021444218,0.012173654,0.043858305,0.010964576
50707,0.0099671185,0.003943498,0.01599074,0.017778972,0.0184107,0.034381587,0.008595397
50709,0.012249942,0.003878789,0.020621095,0.02109147,0.01976191,0.045877304,0.011469326
50712,0.014844607,0.0037718248,0.025917388,0.03015252,0.064364195,0.10035332,0.02508833
50715,0.0128411325,0.003536543,0.022145724,0.02265673,0.39233947,0.3857162,0.09642905
50717,0.006036112,0.0034509094,0.008621315,0.00808059,0.33010364,0.37540188,0.09385047
50720,0.030371247,0.0032122799,0.057530213,0.061096102,1.3324798,1.4149623,0.35374057
50723,0.0033563979,0.003090414,0.003622382,0.006963456,0.4191339,0.40972853,0.10243213
50725,0.0038301237,0.0032927205,0.0043675266,0.005139054,0.5868321,0.584037,0.14600925
50728,0.019624956,0.0031604662,0.036089446,0.037878104,1.028021,1.015541,0.25388524
50730,0.018522842,0.0035812377,0.033464447,0.03935985,0.040841695,0.1051191,0.026279775
50733,0.0046183323,0.0031368148,0.00609985,0.0050153765,0.28412095,0.31557903,0.07889476
50736,0.026323445,0.0027364362,0.049910456,0.05557995,0.0367111,0.06252361,0.015630903
50738,0.016049443,0.0025352298,0.029563656,0.030662477,1.1534083,1.2442117,0.31105292
50741,0.02785773,0.0023379324,0.053377528,0.058141768,1.2982656,1.316676,0.329169
50743,0.011478082,0.0021495505,0.020806616,0.023596985,0.5805748,0.49314448,0.12328612
50746,0.021680912,0.0016729072,0.041688915,0.039747924,0.035290334,0.065181024,0.016295256
50749,0.0024376328,0.0014832737,0.0033919916,0.003275003,0.17783622,0.15154544,0.03788636
50751,0.014539998,0.0014330962,0.0276469,0.026953049,0.7655945,0.67798096,0.16949524
50754,0.0023053864,0.0014938954,0.003116877,0.003740844,0.1981536,0.21608962,0.054022405
50756,0.003925981,0.0014782883,0.0063736737,0.0045089466,0.21820103,0.22854768,0.05713692
50759,0.019010253,0.0015771557,0.03644335,0.03399216,1.0783122,0.9996712,0.2499178
50762,0.024587655,0.0015509737,0.04762434,0.048551083,0.092947744,0.1751355,0.043783873
50764,0.0024101965,0.0015488447,0.003271548,0.0040513366,0.64029986,0.6173029,0.15432572
50767,0.019740848,0.0017081347,0.03777356,0.03771938,0.035132546,0.06280304,0.01570076
50770,0.0023905954,0.0015704666,0.0032107243,0.002834862,0.4047211,0.41150388,0.10287597
50772,0.002358237,0.0014778214,0.0032386526,0.0041584703,0.30668047,0.3190454,0.07976135
50775,0.004267449,0.001388353,0.007146545,0.005860342,0.39375937,0.39637446,0.099093616
50777,0.01842145,0.0013877113,0.03545519,0.034193557,0.041300867,0.05280445,0.013201113
50780,0.026820853,0.0013284972,0.05231321,0.055489566,1.5385815,1.6531601,0.41329002
50783,0.0022549436,0.0013338086,0.0031760784,0.0038404793,0.11184791,0.1196086,0.02990215
50785,0.0040226844,0.0014018747,0.006643494,0.0060245967,0.17688219,0.20446819,0.051117048
50788,0.01617142,0.0014112657,0.030931575,0.029498184,0.36356282,0.2951554,0.07378885
50790,0.012286673,0.0014521321,0.023121214,0.023360936,0.9740065,1.0261389,0.25653473
50793,0.015695281,0.0014510732,0.02993949,0.030555317,0.1283319,0.12087232,0.03021808
50796,0.024945742,0.001441923,0.04844956,0.050622325,0.7125631,0.7005017,0.17512542
50798,0.021633416,0.0013723277,0.041894507,0.04397185,0.048102036,0.0636869,0.015921725
50801,0.012076727,0.0012253715,0.022928081,0.020737229,0.5683488,0.49596274,0.123990685
50803,0.01315889,0.0011950242,0.025122756,0.026225353,0.009889961,0.05017064,0.01254266
50806,0.0024230806,0.001125338,0.003720823,0.0035269568,0.29802647,0.29856044,0.07464011
50809,0.011383633,0.0010605408,0.021706725,0.02114453,0.028551837,0.039536398,0.0098840995
50811,0.003076746,0.00092877046,0.0052247215,0.0035263814,0.46282712,0.4987665,0.12469163
50814,0.016647378,0.00073445746,0.0325603,0.031992335,1.4621528,1.435535,0.35888374
50817,0.00853741,0.00070756575,0.016367255,0.017276684,0.51608044,0.5135558,0.12838896
50819,0.03250156,0.0007525903,0.06425053,0.06505806,1.527284,1.6489578,0.41223946
50822,0.014627446,0.0008611271,0.028393766,0.028277718,0.060703333,0.09608093,0.024020232
50824,0.0030208796,0.0009431246,0.005098635,0.005500635,0.14968726,0.1139341,0.028483525
50827,0.022950562,0.0011192946,0.04478183,0.04559289,1.2249366,1.2487088,0.3121772
50830,0.025227778,0.0012502898,0.049205262,0.05021523,0.095862694,0.187477,0.04686925
50832,0.0021881496,0.0012827163,0.0030935828,0.0034449988,0.21646778,0.24930675,0.06232669
50835,0.003700548,0.0014661789,0.005934918,0.004569525,0.29564443,0.31817695,0.07954424
50837,0.0076800673,0.0015912129,0.013768922,0.012723186,0.060612027,0.059197772,0.014799443
50840,0.008346584,0.0015729265,0.015120241,0.016064512,0.5435559,0.5383102,0.13457756
50843,0.03618047,0.0017055181,0.07065543,0.07017457,0.10332862,0.043328106,0.010832027
50845,0.02832901,0.0017009572,0.054957062,0.053171393,0.050088312,0.10683016,0.02670754
50848,0.0039796266,0.0017694536,0.0061897994,0.0053995624,0.18389659,0.18577133,0.046442833
50850,0.01263814,0.0016925443,0.023583734,0.022726282,0.085228086,0.121081054,0.030270264
50853,0.008014862,0.0017242216,0.014305502,0.014201363,0.5220335,0.5371562,0.13428906
50856,0.014541801,0.0015332778,0.027550325,0.029540284,0.032360863,0.051405966,0.012851492
50858,0.022053408,0.0015045633,0.042602252,0.042878807,0.16139527,0.13996924,0.03499231
50861,0.019657427,0.0014453242,0.03786953,0.032866336,1.3194195,1.1623672,0.2905918
50864,0.0017648112,0.0014293644,0.0021002581,0.002672619,0.3798802,0.39400056,0.09850014
50866,0.008469452,0.0014455942,0.015493311,0.014492482,0.52704966,0.53175193,0.13293798
50869,0.0023711824,0.0013936948,0.0033486702,0.0037185717,0.53170943,0.5223837,0.13059592
50871,0.016271666,0.0014367411,0.031106591,0.026239311,0.99657387,0.8235076,0.2058769
50874,0.018219478,0.0014680885,0.03497087,0.0326166,0.70473903,0.68678266,0.17169566
50877,0.0047539254,0.0015279182,0.007979933,0.0062630735,0.18410878,0.18447937,0.046119843
50879,0.026248729,0.0016426627,0.05085479,0.048526507,0.9846273,0.9491256,0.2372814
50882,0.0039722403,0.0018099858,0.006134495,0.0046153115,0.22591974,0.22217433,0.055543583
50884,0.012428532,0.0019384135,0.02291865,0.020170191,0.06485882,0.081980936,0.020495234
50887,0.010633648,0.0022146162,0.01905268,0.019030796,0.43276504,0.4055879,0.10139698
50890,0.0022502083,0.0024084286,0.0020919882,0.0023669612,0.3798534,0.40374288,0.10093572
50892,0.002908,0.0025757551,0.0032402447,0.0049420805,0.1258475,0.14739347,0.036848366
50895,0.019958343,0.0027762179,0.03714047,0.035331212,1.5325474,1.5053922,0.37634805
50897,0.004902814,0.002845399,0.0069602295,0.006230779,0.39291176,0.39453435,0.09863359
50900,0.021402871,0.0027941472,0.040011596,0.038144384,1.4731808,1.5039917,0.37599793
50903,0.016831964,0.0028156452,0.030848285,0.03142728,0.944002,0.9238658,0.23096645
50905,0.0047511165,0.0027358148,0.0067664185,0.0071046376,0.1709672,0.16612308,0.04153077
50908,0.020933084,0.0025533868,0.03931278,0.038136248,0.07433424,0.13572262,0.033930656
50911,0.013539828,0.0023938993,0.024685757,0.020885602,0.047478776,0.05724606,0.014311515
50913,0.0020922532,0.0022690482,0.0019154582,0.0030815203,0.41947174,0.45839056,0.11459764
50916,0.011583534,0.0021003562,0.021066712,0.017267792,0.026449263,0.030564368,0.007641092
50918,0.014079869,0.0019868258,0.026172912,0.02527001,0.7759552,0.7646143,0.19115357
50921,0.028567063,0.0017984929,0.055335637,0.05586805,0.11249736,0.21394913,0.053487282
50924,0.002088748,0.0017134543,0.0024640413,0.0026211177,0.4149765,0.4189675,0.10474187
50926,0.016836138,0.0016587969,0.03201348,0.029840594,0.023687193,0.0746887,0.018672176
50929,0.014101212,0.0015402171,0.026662208,0.026720462,0.63743025,0.64171433,0.16042858
50931,0.028501691,0.0015129307,0.055490453,0.0524355,0.239772,0.227917,0.05697925
50934,0.009380567,0.0014993707,0.017261764,0.015892433,0.35304943,0.33286425,0.08321606
50937,0.02456802,0.0014476251,0.047688413,0.045449924,1.2590059,1.1813904,0.2953476
50939,0.0023426607,0.0014656525,0.0032196688,0.003775927,0.36472252,0.38394666,0.095986664
50942,0.0031214238,0.0014092522,0.0048335954,0.006238757,0.17488801,0.17234825,0.04308706
50944,0.026804926,0.0013740909,0.052235764,0.049140256,1.0806943,0.9325049,0.23312622
50947,0.012277086,0.0013359193,0.023218254,0.021327019,0.6976165,0.7276104,0.1819026
50950,0.002220163,0.00127205,0.0031682756,0.0036686128,0.19517519,0.19141571,0.047853928
50952,0.022385256,0.0012913415,0.043479174,0.04466309,0.0658901,0.14516956,0.03629239
50955,0.0015052591,0.0012763017,0.0017342163,0.0023632024,0.3216376,0.33396825,0.08349206
50958,0.0022531806,0.0013138829,0.003192478,0.0029192877,0.21879482,0.21243714,0.053109284
50960,0.016327446,0.0013142852,0.03134061,0.030598124,1.132702,1.1806879,0.29517198
50963,0.012152373,0.0014067455,0.022897998,0.021389231,0.7055759,0.7062883,0.17657207
50965,0.019933382,0.0014120945,0.03845467,0.036537647,0.970406,0.86461955,0.21615489
50968,0.0023705852,0.0014957454,0.0032454252,0.003902809,0.13488086,0.15358818,0.038397044
50971,0.0121574355,0.0016202418,0.022694627,0.019057821,0.61423284,0.5477833,0.13694583
50973,0.030427868,0.0017083179,0.059147418,0.060025927,1.3099982,1.3871413,0.34678534
50976,0.009687008,0.0018953122,0.017478704,0.015073557,0.010608704,0.018491482,0.0046228706
50978,0.014618974,0.0019730758,0.027264873,0.024014572,0.60562503,0.60020643,0.15005161
50981,0.002230174,0.0021388854,0.0023214624,0.0028277065,0.2758222,0.297726,0.0744315
50984,0.013176806,0.0022191552,0.024134457,0.019887023,0.5075866,0.46389306,0.115973264
50986,0.02030557,0.0022487561,0.038362384,0.036820192,0.045642287,0.104459554,0.026114888
50989,0.02706968,0.0021758839,0.05196348,0.05353115,0.06897446,0.16185227,0.040463068
50991,0.009341817,0.0020688672,0.016614767,0.01726509,0.40873918,0.39379564,0.09844891
50994,0.0021112142,0.001900697,0.0023217313,0.0030594517,0.17480719,0.1567242,0.03918105
50997,0.0033271622,0.0017865221,0.0048678024,0.0033376527,0.3838295,0.4121233,0.10303082
50999,0.024122676,0.0016816449,0.046563704,0.04397488,1.107294,1.029678,0.2574195
51002,0.015547906,0.0015750285,0.029520785,0.026624067,0.014505454,0.05875731,0.014689327
51005,0.0023426954,0.001451062,0.0032343287,0.0034948122,0.5577278,0.5495519,0.13738798
51007,0.0018964579,0.0013873022,0.0024056137,0.00301355,0.2373302,0.24229284,0.06057321
51010,0.0025684028,0.0014231574,0.003713648,0.0021511181,0.30810094,0.33040577,0.08260144
51012,0.03250819,0.0014174426,0.06359894,0.06732736,1.5198632,1.6014894,0.40037236
51015,0.034870286,0.0014158121,0.06832475,0.07263922,1.4363585,1.4602894,0.36507234
51018,0.02408641,0.0014420812,0.04673074,0.047792044,0.06907702,0.12679057,0.031697642
51020,0.018552206,0.0015046528,0.03559976,0.033603296,0.027326956,0.034214918,0.008553729
51023,0.025379436,0.0015451539,0.04921372,0.04709233,0.097665705,0.16276218,0.040690545
51025,0.02512998,0.001644454,0.048615504,0.050977398,1.0353597,1.1348841,0.28372103
51028,0.025492407,0.0017821867,0.049202625,0.050422642,1.7671171,1.9150916,0.4787729
51031,0.0035948355,0.0018045278,0.005385143,0.0068787634,0.11960533,0.12903495,0.032258738
51033,0.014410806,0.0018890561,0.026932558,0.027623644,0.6712754,0.5743944,0.1435986
51036,0.004945087,0.001998491,0.007891682,0.005716007,0.20986408,0.21578383,0.05394596
51039,0.018397797,0.0020415487,0.034754045,0.035241727,1.428799,1.2948767,0.32371917
51041,0.012754752,0.002087225,0.023422278,0.023460977,0.59434134,0.503259,0.12581475
51044,0.0022145046,0.0020529167,0.0023760928,0.002514716,0.25065774,0.24464822,0.061162055
51046,0.02974989,0.0020064323,0.057493348,0.06131376,1.6014785,1.6712627,0.4178157
51049,0.0027955277,0.002036705,0.0035543505,0.0025605124,0.19531608,0.18071158,0.045177896
51052,0.0028837968,0.0020780496,0.003689544,0.004212104,0.54983974,0.5485212,0.1371303
51054,0.014405883,0.0020536862,0.02675808,0.026500836,0.7476323,0.64805657,0.16201414
51057,0.0032202646,0.0019574126,0.0044831163,0.0031482072,0.24643858,0.24904244,0.06226061
51059,0.003506136,0.0019489849,0.0050632865,0.006361477,0.1670156,0.16118638,0.040296596
51062,0.026437053,0.0020693594,0.05080475,0.05166309,1.6560215,1.8267158,0.45667896
51065,0.014488493,0.0021768147,0.026800172,0.028977638,0.043547157,0.043328628,0.010832157
51067,0.013710084,0.0022145228,0.025205644,0.02588571,0.7585136,0.83654064,0.20913516
51070,0.030031176,0.0026233755,0.05743898,0.054062773,1.7706604,1.8867478,0.47168696
51072,0.022130707,0.0028739031,0.041387513,0.043983217,1.1211292,1.0051908,0.2512977
51075,0.016924985,0.0030592477,0.030790722,0.036685403,0.010094631,0.060319018,0.015079754
51078,0.011969822,0.0033158232,0.02062382,0.025921896,0.048183817,0.046647873,0.011661968
51080,0.004457274,0.0034569202,0.005457627,0.0048869285,0.3215758,0.35257912,0.08814478
51083,0.0033010629,0.0036120694,0.0029900568,0.004074245,0.2008123,0.18454929,0.04613732
51086,0.016957367,0.0030509874,0.030863745,0.036741424,0.092199415,0.10049105,0.025122762
51088,0.0036163304,0.0029724024,0.0042602587,0.003568476,0.5607447,0.5627183,0.14067957
51091,0.01960651,0.0028833805,0.03632964,0.036475033,1.6221193,1.5534434,0.38836086
51093,0.034033764,0.0027271714,0.065340355,0.0723648,1.5057325,1.488166,0.3720415
51096,0.023830727,0.002662307,0.04499915,0.048867423,1.4953095,1.4404583,0.36011457
51099,0.002910718,0.0023849842,0.0034364518,0.0053449324,0.3712512,0.41747573,0.10436893
51101,0.0157367,0.0022990063,0.029174393,0.033983674,1.0857285,0.9998574,0.24996436
51104,0.027006077,0.002287016,0.051725138,0.053405046,0.091512956,0.15772305,0.039430764
51106,0.0052086473,0.0023963249,0.00802097,0.010042327,0.22682822,0.24942024,0.06235506
51109,0.0069073755,0.0024606735,0.011354078,0.0149286585,0.06619376,0.05388117,0.013470292
51112,0.020885719,0.002378686,0.03939275,0.04170962,0.043435305,0.10905292,0.02726323
51114,0.011831578,0.0024026362,0.02126052,0.030373283,0.8290649,0.6243982,0.15609954
51117,0.0029975704,0.0025573184,0.003437822,0.0030212551,0.21098919,0.20949738,0.052374344
51119,0.01085792,0.0025918365,0.019124003,0.022650218,0.04567929,0.056561854,0.014140463
51122,0.0050286357,0.0028038444,0.0072534275,0.011253133,0.2801248,0.26355025,0.06588756
51125,0.010608244,0.0030764726,0.018140016,0.023468008,0.04568406,0.05153201,0.012883003
51127,0.02477367,0.0030734781,0.04647386,0.049356252,0.73764414,0.800783,0.20019574
51130,0.0030068278,0.003300553,0.0027131021,0.0035019321,0.3056765,0.33479404,0.08369851
51133,0.01658251,0.0034951835,0.029669834,0.031485524,0.05804136,0.094075955,0.023518989
51135,0.010319603,0.0034026057,0.0172366,0.024387889,0.5637006,0.4532058,0.11330145
51138,0.014094848,0.0034000108,0.024789685,0.025112689,0.3918099,0.36652112,0.09163028
51140,0.033472642,0.003522158,0.06342313,0.06187914,0.0768814,0.17486668,0.04371667
51143,0.02100836,0.003834531,0.038182188,0.036414582,0.054545034,0.0895705,0.022392625
51146,0.017559255,0.004144262,0.030974247,0.040017504,0.031898238,0.043533254,0.010883314
51148,0.02271877,0.0041425633,0.041294973,0.047398794,1.0718141,1.0109756,0.2527439
51151,0.024428083,0.0038329817,0.045023184,0.04758035,0.91145784,1.0377363,0.25943407
51153,0.0033464592,0.0035895135,0.0031034055,0.0029025984,0.15974873,0.15756424,0.03939106
51156,0.019290926,0.0034756453,0.03510621,0.03321317,0.047008842,0.09150416,0.02287604
51159,0.0030119792,0.003542766,0.0024811926,0.0045779934,0.26060393,0.29391858,0.073479645
51161,0.04146981,0.0035718458,0.079367764,0.07581642,0.09712394,0.22212599,0.055531498
51164,0.014543638,0.003631526,0.02545575,0.025071496,0.07610447,0.100091636,0.025022909
51166,0.0036096517,0.0034951877,0.003724116,0.002337768,0.19163531,0.18739855,0.04684964
51169,0.0037915965,0.00313934,0.0044438527,0.0023385119,0.32639676,0.33387733,0.08346933
51172,0.003107182,0.0027931426,0.0034212219,0.0046490706,0.29410985,0.25658056,0.06414514
51174,0.0034708,0.0024437692,0.0044978303,0.0061286315,0.29873642,0.30165187,0.07541297
51177,0.013808909,0.0017819804,0.025835836,0.024675703,0.108460344,0.16519721,0.041299302
51180,0.013065733,0.0013888814,0.024742583,0.026178166,0.022102542,0.06360304,0.01590076
51182,0.004076512,0.0012740389,0.0068789856,0.009893338,0.29744425,0.2820709,0.070517726
51185,0.001652924,0.0012320657,0.0020737823,0.0016576241,0.27681795,0.26425144,0.06606286
51187,0.012693799,0.0010208336,0.024366764,0.02741257,0.027378386,0.042981554,0.010745388
51190,0.021727512,0.0009816805,0.042473346,0.043501746,0.04588862,0.09183403,0.022958508
51193,0.002539923,0.0008853566,0.004194489,0.002870041,0.36714968,0.35127735,0.08781934
51195,0.0070930324,0.00089020585,0.013295859,0.013643615,0.09605107,0.07036283,0.017590707
51198,0.0018797615,0.00085706287,0.00290246,0.0043914947,0.22212894,0.18657808,0.04664452
51200,0.01555786,0.0008482413,0.030267479,0.03285067,1.0106533,0.76697856,0.19174464
51203,0.018296275,0.00080092956,0.03579162,0.033684652,0.9864839,0.9649408,0.2412352
51206,0.009690823,0.00079416856,0.018587478,0.018455327,0.8579027,0.8488051,0.21220128
51208,0.0074651935,0.00085821934,0.014072168,0.013480383,0.029322023,0.038060613,0.009515153
51211,0.02480062,0.0011294073,0.048471827,0.052276354,0.978455,0.72480774,0.18120193
51213,0.015047907,0.0013040834,0.028791731,0.025928393,0.07029811,0.11634451,0.029086128
51216,0.0115664415,0.001368849,0.021764034,0.020577881,0.61625975,0.56101894,0.14025474
51219,0.016784929,0.0013551508,0.032214705,0.032306984,0.043755144,0.08680261,0.021700652
51221,0.012100321,0.00135383,0.022846812,0.020853994,0.64602107,0.6223139,0.15557848
51224,0.015084453,0.0014692644,0.028699642,0.02736654,0.91249514,0.7528606,0.18821515
51227,0.0023903148,0.0014100177,0.003370612,0.0038708802,0.286804,0.31539914,0.078849785
51229,0.0032844853,0.0014319029,0.0051370678,0.0038099748,0.20306289,0.17908412,0.04477103
51232,0.02375976,0.0014653062,0.046054214,0.04575042,1.2809908,1.2703228,0.3175807
51234,0.013356977,0.0016040712,0.025109885,0.022216076,0.029557072,0.055544224,0.013886056
51237,0.020612279,0.0018701814,0.03935438,0.036785033,0.06468259,0.13635157,0.034087893
51240,0.02289963,0.0018223454,0.043976914,0.039552122,1.22509,1.2224947,0.30562368
51242,0.014395894,0.0018960222,0.026895767,0.028474435,0.7774388,0.7157464,0.1789366
51245,0.019818695,0.001954709,0.037682682,0.032970805,1.4067532,1.4346434,0.35866085
51247,0.025516175,0.0020483818,0.048983965,0.043583658,1.064949,1.0571829,0.26429573
51250,0.014451911,0.002224907,0.026678914,0.024186919,0.04030168,0.078696735,0.019674184
51253,0.0028253507,0.0023227653,0.0033279362,0.0033200078,0.5429333,0.56968504,0.14242126
51255,0.007121967,0.0023900035,0.011853931,0.01095479,0.048871085,0.05885895,0.014714737
51258,0.0022654824,0.002622883,0.0019080819,0.0032240169,0.21899058,0.2537841,0.06344602
51260,0.0035834645,0.0028705113,0.004296418,0.003956837,0.50610757,0.5252536,0.1313134
51263,0.018800775,0.00324174,0.03435981,0.025069429,1.0779287,0.9588073,0.23970182
51266,0.018953325,0.0035863912,0.03432026,0.028461194,0.21965408,0.21342337,0.053355843
51268,0.039825976,0.003749104,0.07590285,0.06662304,1.1327419,1.0411814,0.26029536
51271,0.019187914,0.0040058442,0.034369983,0.032786172,0.040541206,0.09439828,0.02359957
51274,0.023665814,0.004350294,0.04298133,0.035926107,0.96361876,0.9342541,0.23356353
51276,0.015101813,0.0045462823,0.025657343,0.018689958,0.019598985,0.051294982,0.012823746
51279,0.006736755,0.004958175,0.008515335,0.012858232,0.50946194,0.46055233,0.11513808
51281,0.0046796384,0.005145389,0.004213887,0.0020025682,0.48406696,0.45804453,0.11451113
51284,0.02689152,0.005396012,0.048387025,0.048084084,0.08024771,0.12922145,0.032305364
51287,0.0054933582,0.0056402492,0.0053464677,0.001748172,0.25245333,0.23415613,0.058539033
51289,0.021250023,0.0059781764,0.03652187,0.028112864,0.776752,0.76731807,0.19182952
51292,0.01127847,0.0060184933,0.016538447,0.015064687,0.5862016,0.5630811,0.14077027
51294,0.015826339,0.0062327976,0.025419882,0.022843406,0.50859857,0.44784567,0.11196142
51297,0.008768597,0.006437672,0.011099522,0.0040809945,0.442156,0.42423415,0.10605854
51300,0.019919928,0.0067044743,0.03313538,0.03507897,0.9159436,0.8718943,0.21797357
51302,0.0066668154,0.006741058,0.0065925736,0.0013458658,0.43228826,0.42445663,0.10611416
51305,0.0049845413,0.00686116,0.0031079222,0.004561473,0.31138596,0.28205267,0.07051317
51307,0.03276259,0.0068282117,0.058696967,0.048124198,0.03388287,0.06678214,0.016695535
51310,0.025495859,0.006822795,0.044168923,0.03147274,0.92970973,0.85911244,0.21477811
51313,0.017992653,0.0066179126,0.029367395,0.03092198,0.8858924,0.8338222,0.20845555
51315,0.023229346,0.006564426,0.039894264,0.033491585,0.8683215,0.83487225,0.20871806
51318,0.015805515,0.0065141493,0.025096878,0.018787852,0.4891068,0.48042226,0.120105565
51321,0.005960488,0.006127236,0.005793741,0.0036690626,0.642963,0.657383,0.16434576
51323,0.035033677,0.0059991567,0.0640682,0.06518204,1.1166605,1.066639,0.26665974
51326,0.023313964,0.005762356,0.040865574,0.039880387,1.4602665,1.4875485,0.37188712
51328,0.022866944,0.0056140404,0.04011985,0.034820434,1.1986471,1.1711816,0.2927954
51331,0.004819077,0.0053445958,0.0042935577,0.007739118,0.17374663,0.12576933,0.031442333
51334,0.013302166,0.004958851,0.02164548,0.022049343,0.63918495,0.5998412,0.1499603
51336,0.014311846,0.0048417016,0.02378199,0.017259246,0.028189301,0.037246857,0.009311714
51339,0.003846279,0.0048719905,0.0028205675,0.004031622,0.12015887,0.13891307,0.034728266
51341,0.027623966,0.0045352164,0.050712716,0.05227844,1.2905034,1.3562618,0.33906546
51344,0.0031104048,0.0039916504,0.002229159,0.00426939,0.2077588,0.23591642,0.058979105
51347,0.016942853,0.003614302,0.030271405,0.029214099,0.12398914,0.19452237,0.04863059
51349,0.004222542,0.0032218313,0.0052232533,0.0021681876,0.35469106,0.35257104,0.08814276
51352,0.01853005,0.002774981,0.03428512,0.033708677,0.07572176,0.124041505,0.031010376
51354,0.022229334,0.0026265373,0.04183213,0.042795006,1.0163096,1.0114294,0.25285736
51357,0.004197157,0.0021123446,0.0062819696,0.0029303522,0.24404764,0.24342221,0.060855553
51360,0.0115275085,0.0014962681,0.021558749,0.019725159,0.06866119,0.07756357,0.019390892
51362,0.025301883,0.0011804495,0.04942332,0.05060495,1.1805385,1.089832,0.272458
51365,0.025529338,0.001093462,0.049965214,0.04598707,0.9682148,0.6805641,0.17014103
51368,0.017290622,0.0010529141,0.03352833,0.03273043,1.0875176,1.114041,0.27851024
51370,0.0016547897,0.0010385889,0.0022709903,0.0029285878,0.36862275,0.40344357,0.100860894
51373,0.019175299,0.00085138803,0.037499208,0.037489988,0.21216913,0.21409257,0.053523142
51375,0.002653167,0.00092495006,0.0043813842,0.0049211704,0.20115922,0.21972275,0.054930687
51378,0.013478801,0.0010176507,0.02593995,0.024662428,0.13150363,0.1798873,0.044971824
51381,0.017630149,0.0010311818,0.034229115,0.03372482,0.06489337,0.09801737,0.024504343
51383,0.010603525,0.0010064394,0.02020061,0.022642845,0.67461634,0.61217993,0.15304498
51386,0.009806524,0.0009954151,0.018617632,0.019603033,0.01855936,0.05426832,0.01356708
51388,0.013368479,0.00095996005,0.025776997,0.028384702,0.23881899,0.2527174,0.06317935
51391,0.020208603,0.0011895034,0.0392277,0.040159136,1.4804796,1.5724319,0.39310798
51394,0.0082017435,0.0016816134,0.014721874,0.01887588,0.023782065,0.02261369,0.0056534223
51396,0.0083403075,0.0015518534,0.0151287615,0.015584891,0.6018827,0.64302,0.160755
51399,0.0028857652,0.001723519,0.0040480117,0.0063935206,0.23485048,0.25215095,0.06303774
51401,0.0112164095,0.0018674601,0.020565359,0.023358619,0.6679804,0.7166066,0.17915165
51404,0.021383336,0.0017227487,0.04104392,0.038859133,0.06454652,0.11388651,0.028471628
51407,0.0038863895,0.0017010011,0.006071778,0.0036042829,0.20451252,0.22537737,0.05634434
51409,0.0019993733,0.00168525,0.0023134965,0.0038966325,0.62295586,0.58157444,0.14539361
51412,0.014693615,0.0020158903,0.02737134,0.030411342,0.036435332,0.079640105,0.019910026
51415,0.02451796,0.0017845096,0.047251415,0.042509258,0.049352318,0.06695639,0.016739098
51417,0.01448184,0.001941273,0.027022406,0.02568419,0.030408604,0.04104303,0.010260757
51420,0.026667038,0.001988339,0.05134574,0.05443041,0.07447288,0.1517564,0.0379391
51422,0.018950481,0.0022831166,0.035617847,0.035563838,1.4757276,1.5664543,0.39161357
51425,0.03287625,0.0024621051,0.063290395,0.061932925,0.08333778,0.17238528,0.04309632
51428,0.011844382,0.0019485109,0.021740252,0.026647916,0.017395405,0.061650485,0.015412621
51430,0.011688609,0.0020191686,0.021358049,0.020782467,0.57905865,0.55629784,0.13907446
51433,0.0027600795,0.0017953325,0.0037248258,0.0028601948,0.2743837,0.29093686,0.072734214
51435,0.026363663,0.0017190906,0.051008236,0.047173966,0.1708604,0.15983291,0.039958227
51438,0.012774545,0.0017401762,0.023808911,0.024097882,0.6519335,0.6472793,0.16181983
51441,0.026543966,0.0015225305,0.051565398,0.05132501,1.3285451,1.3562266,0.33905664
51443,0.008712456,0.0017817976,0.015643114,0.016741306,0.08977568,0.09115427,0.022788567
51446,0.021999637,0.0017721867,0.04222709,0.038103666,0.068906866,0.14144045,0.035360113
51448,0.020802146,0.001664721,0.03993957,0.04136794,1.550255,1.4890496,0.3722624
51451,0.005224233,0.0015257467,0.008922718,0.0064243674,0.21618347,0.20658283,0.051645707
51454,0.02799885,0.0011634672,0.05483423,0.053558987,1.627616,1.6849724,0.4212431
51456,0.015430213,0.0009992932,0.029861132,0.029175391,0.0480419,0.07635669,0.019089172
51459,0.017929241,0.00092433445,0.03493415,0.033515885,0.045967698,0.074788734,0.018697184
51462,0.00547942,0.0009972289,0.009961612,0.0073800255,0.49223813,0.47246432,0.11811608
51464,0.019428765,0.0009725837,0.037884947,0.03395034,0.05690017,0.1140328,0.0285082
51467,0.009127815,0.0008990035,0.017356627,0.017689338,0.49418154,0.4497554,0.11243885
51469,0.023682734,0.0010197881,0.04634568,0.0421042,0.071652,0.15942414,0.039856035
51472,0.032975227,0.0010593479,0.06489111,0.06360412,1.5322576,1.6539346,0.41348365
51475,0.023300795,0.001070685,0.045530904,0.046576876,1.6673886,1.7572079,0.43930197
51477,0.017761732,0.0010410439,0.034482416,0.0353315,0.042970877,0.054943275,0.013735819
51480,0.0025252623,0.000890488,0.004160037,0.00515156,0.18925118,0.1998126,0.04995315
51482,0.0018591131,0.00089958747,0.0028186387,0.0030129422,0.19650273,0.19351637,0.048379093
51485,0.010956916,0.0009366681,0.020977164,0.01917432,0.5189613,0.48190165,0.12047541
51488,0.014534496,0.00091187796,0.028157113,0.028226653,1.0372868,1.0071563,0.25178906
51490,0.0032970791,0.00089951284,0.005694645,0.0069235615,0.23921792,0.28589845,0.07147461
51493,0.003501852,0.0008880591,0.006115645,0.0055384445,0.32101753,0.30814442,0.077036105
51495,0.030092284,0.0009310108,0.05925356,0.060543254,0.11355153,0.26078582,0.065196455
51498,0.014374719,0.001014791,0.027734647,0.025649795,1.1002582,1.0131654,0.25329134
51501,0.0020117396,0.0010955726,0.0029279068,0.003996462,0.14077066,0.16000305,0.040000763
51503,0.011000528,0.0011570259,0.02084403,0.020645928,0.017962052,0.0511959,0.012798975
51506,0.014874161,0.0012290627,0.02851926,0.028753852,0.052216653,0.087469995,0.021867499
51509,0.0062167323,0.0013381267,0.011095338,0.010807133,0.09043553,0.079973556,0.019993389
51511,0.0020155543,0.0013992512,0.0026318573,0.003188679,0.2853974,0.25944743,0.06486186
51514,0.031644683,0.0014756183,0.061813753,0.06310079,1.4900594,1.6557293,0.41393232
51516,0.0165437,0.0015432324,0.031544168,0.029829716,0.042612653,0.037522133,0.009380533
51519,0.0106549235,0.0016079592,0.019701889,0.022560393,0.13980635,0.17999184,0.04499796
51522,0.011088605,0.0016868484,0.020490361,0.019291382,0.024377279,0.054660965,0.013665241
51524,0.0024720628,0.0017161662,0.0032279594,0.0044343933,0.20177667,0.21968417,0.054921042
51527,0.022149185,0.0018066204,0.04249175,0.0386759,0.103495,0.1670956,0.0417739
51529,0.001970932,0.001841988,0.002099876,0.0038769562,0.22679304,0.19477475,0.048693687
51532,0.011927986,0.001861679,0.021994293,0.025016755,0.6923838,0.62127,0.1553175
51535,0.026791109,0.0019076947,0.05167452,0.05159418,1.6108376,1.6567497,0.41418743
51537,0.012155615,0.0019101367,0.022401093,0.019206362,0.019641219,0.052499134,0.0131247835
51540,0.0051526413,0.0019539793,0.008351304,0.0058744294,0.24305004,0.22983682,0.057459205
51543,0.012164827,0.001978554,0.022351101,0.022197647,0.058266025,0.031363696,0.007840924
51545,0.0037295583,0.0019769112,0.0054822057,0.004656356,0.49906436,0.52446085,0.13111521
51548,0.014991563,0.001968805,0.028014319,0.02925021,1.213684,1.173647,0.29341176
51550,0.0016674403,0.0019519409,0.0013829395,0.0029836688,0.2603731,0.22874562,0.057186406
51553,0.0151197845,0.0019733738,0.028266197,0.028197622,0.04776959,0.06670437,0.016676093
51556,0.020160131,0.0019391725,0.03838109,0.02846148,0.82176685,0.64201146,0.16050287
51558,0.01485398,0.001924498,0.027783463,0.025662461,0.18241616,0.18455108,0.04613777
51561,0.023494177,0.0019447847,0.04504357,0.046760436,1.2936548,1.4055017,0.35137543
51563,0.016449448,0.0019053534,0.030993542,0.029774755,0.039744366,0.080115646,0.020028912
51566,0.027651256,0.0019306337,0.053371876,0.059498843,0.08654534,0.20718057,0.051795144
51569,0.0021736335,0.0019247667,0.0024225006,0.0061445744,0.32711342,0.3933971,0.09834927
51571,0.015101765,0.0019462858,0.028257245,0.02577853,0.16770045,0.17493136,0.04373284
51574,0.0147353485,0.0019953197,0.027475378,0.027048105,0.090983115,0.079381295,0.019845324
51576,0.019917412,0.00197246,0.037862364,0.040446702,1.6051179,1.742392,0.435598
51579,0.0022474804,0.0019417322,0.0025532288,0.005869427,0.15672268,0.19369192,0.04842298
51582,0.0072120684,0.0018710842,0.012553052,0.012058117,0.07714049,0.095900916,0.023975229
51584,0.0103369495,0.0018293429,0.018844554,0.016786786,0.04326914,0.05848473,0.014621182
51587,0.02151783,0.0017644557,0.041271206,0.031552877,0.9503848,0.75460404,0.18865101
51590,0.02309826,0.0017107645,0.04448576,0.041435815,0.022191532,0.051506292,0.012876573
51592,0.0019280004,0.001712591,0.0021434098,0.004487531,0.18084703,0.21294872,0.05323718
51595,0.025846018,0.0016874295,0.050004605,0.043540258,1.1955534,1.0402216,0.2600554
51597,0.011374091,0.0016826208,0.021065561,0.020839145,0.4236841,0.45533192,0.11383298
51600,0.014908999,0.0016511921,0.028166806,0.03047504,0.87944317,0.8138094,0.20345235
51603,0.012485654,0.0016072677,0.023364043,0.022195267,0.7343459,0.70907813,0.17726953
51605,0.0031408276,0.0015763395,0.004705316,0.0032143851,0.40800643,0.3866774,0.09666935
51608,0.019842932,0.0015271824,0.03815868,0.040145427,1.0733691,1.020303,0.25507575
51610,0.0015242137,0.0014962744,0.001552153,0.0026124388,0.23521447,0.2518444,0.0629611
51613,0.009155941,0.0014699008,0.016841983,0.014255308,0.025292197,0.028562052,0.007140513
51616,0.016827943,0.0014624003,0.032193486,0.03193466,1.2157342,1.1530479,0.28826198
51618,0.0016991101,0.0014539998,0.0019442206,0.0025782164,0.26098797,0.2865083,0.07162707
51621,0.008352262,0.0014448223,0.015259701,0.015627488,0.44919896,0.45963812,0.11490953
51623,0.035875697,0.0014091795,0.07034222,0.06643657,1.7537489,1.7448397,0.43620992
51626,0.020022422,0.0013651202,0.038679723,0.036986906,0.045443576,0.09735492,0.02433873
51629,0.0020534005,0.0013320916,0.0027747091,0.0037789429,0.5974237,0.54253024,0.13563256
51631,0.014529559,0.0013188077,0.027740309,0.02450619,0.7788227,0.72651625,0.18162906
51634,0.002211931,0.0012460002,0.0031778615,0.0021842036,0.2608947,0.2551105,0.063777626
51637,0.0030642953,0.0012482419,0.0048803487,0.0053901784,0.30645826,0.32625744,0.08156436
51639,0.0015424589,0.0012161719,0.0018687459,0.00399766,0.21652372,0.25404778,0.063511945
51642,0.010269606,0.0012068512,0.019332359,0.018677419,0.06722165,0.09398109,0.023495272
51644,0.025526958,0.0011956467,0.049858272,0.049383223,0.14953531,0.20437928,0.05109482
51647,0.028034188,0.0011955943,0.05487278,0.060948927,0.09671086,0.08199123,0.020497808
51650,0.0038743976,0.001187151,0.0065616444,0.0085102925,0.5819787,0.5369006,0.13422514
51652,0.025562933,0.0011940453,0.04993182,0.053166866,0.07309536,0.052652,0.013163
51655,0.023430414,0.0011767661,0.045684066,0.048564207,1.218966,1.1490738,0.28726846
51657,0.0031567847,0.0011586688,0.0051549007,0.0035879046,0.35810602,0.32751784,0.08187946
51660,0.015598766,0.0011550124,0.03004252,0.027787214,0.03208935,0.049337547,0.012334387
51663,0.002688906,0.0012429386,0.0041348734,0.0042349263,0.4089309,0.3762213,0.094055325
51665,0.01078917,0.0012835842,0.020294754,0.01861373,0.041635294,0.07051897,0.017629743
51668,0.011515765,0.0014137881,0.021617742,0.020579739,0.081521496,0.09109556,0.02277389
51670,0.003016465,0.0014644387,0.004568491,0.0071652546,0.1020354,0.12536405,0.031341013
51673,0.008527662,0.0015641401,0.015491184,0.013661027,0.3679351,0.38187754,0.095469385
51676,0.001826237,0.0016821556,0.0019703184,0.0034962445,0.18287142,0.21469712,0.05367428
51678,0.0026806686,0.0017302916,0.0036310453,0.004956044,0.580652,0.5211586,0.13028964
51681,0.023794955,0.0018096153,0.04578029,0.036748435,0.79000664,0.56224877,0.14056219
51684,0.01112647,0.0018965192,0.02035642,0.015909715,0.5402253,0.49836305,0.12459076
51686,0.0036605278,0.0019947581,0.005326297,0.00816914,0.1170927,0.13745357,0.034363393
51689,0.012746666,0.0020982253,0.023395106,0.021591397,0.053449903,0.050877776,0.012719444
51691,0.0028206755,0.0021896474,0.0034517033,0.0058658496,0.17156012,0.208053,0.05201325
51694,0.016333211,0.002255449,0.030410973,0.029460294,0.025668614,0.06186533,0.015466332
51697,0.014066837,0.0023536484,0.025780024,0.02608233,0.041158825,0.07551256,0.01887814
51699,0.014699125,0.0024255337,0.026972717,0.022612005,0.05907261,0.09343892,0.02335973
51702,0.022104299,0.0025368836,0.041671712,0.04272431,1.1633631,1.0966274,0.27415684
51704,0.009609151,0.0026081393,0.016610162,0.016145987,0.031647127,0.019368596,0.004842149
51707,0.021518633,0.0027098756,0.040327393,0.04091763,0.9846595,0.92838717,0.23209679
51710,0.019653669,0.0028116044,0.036495734,0.031562183,0.85299414,0.8524723,0.21311808
51712,0.018007673,0.002841467,0.033173878,0.03205048,0.0481358,0.10543027,0.026357567
51715,0.0053489204,0.0028655853,0.007832255,0.0038119836,0.3925611,0.36722717,0.09180679
51717,0.012391808,0.002878352,0.021905264,0.018322108,0.011589349,0.025748705,0.0064371764
51720,0.0022477761,0.0029305324,0.0015650201,0.0041621067,0.25684714,0.29300216,0.07325054
51723,0.011752241,0.0029814187,0.020523064,0.022515878,0.09917148,0.15754955,0.039387386
51725,0.009898309,0.0029953215,0.016801296,0.01729552,0.5578754,0.5107594,0.12768985
51728,0.0034086339,0.0029989127,0.0038183548,0.0017840974,0.46120036,0.4405986,0.11014965
51731,0.021806775,0.0030122593,0.040601287,0.041000154,0.22254597,0.19655333,0.049138334
51733,0.02485735,0.0030477035,0.046666995,0.04643156,1.0908071,1.138473,0.28461826
51736,0.010138375,0.003036555,0.017240195,0.015234508,0.10122984,0.087725945,0.021931486
51738,0.004698662,0.0030317074,0.0063656173,0.012264314,0.5779848,0.52424484,0.13106121
51741,0.0025817854,0.0030433189,0.002120252,0.003348656,0.5616473,0.5193436,0.1298359
51744,0.002986139,0.0029838514,0.0029884267,0.0031988157,0.2429058,0.26803455,0.06700864
51746,0.012417871,0.002997616,0.021838123,0.019732585,0.08599039,0.08564154,0.021410385
51749,0.0024239384,0.002982713,0.0018651639,0.0031205006,0.27384174,0.24229062,0.060572654
51751,0.0030990152,0.0029945273,0.003203503,0.004396241,0.17765798,0.14462526,0.036156315
51754,0.018585945,0.0030359358,0.034135953,0.037239198,0.9260912,0.87018234,0.21754558
51757,0.0061054286,0.0030028361,0.009208021,0.0046070307,0.2192735,0.20879698,0.052199244
51759,0.002805021,0.003047692,0.0025623501,0.0014952188,0.40487078,0.39410576,0.09852644
51762,0.018868368,0.0030108169,0.03472592,0.03045776,0.0695749,0.12293184,0.03073296
51764,0.003006745,0.0029254656,0.0030880242,0.002647293,0.37109637,0.36771736,0.09192934
51767,0.0030745901,0.0028414177,0.0033077623,0.002732234,0.29473284,0.3121186,0.07802965
51770,0.0041497326,0.0026865713,0.0056128944,0.0020484522,0.32086393,0.3216331,0.080408275
51772,0.0050421027,0.0025900488,0.0074941567,0.0034175375,0.19502695,0.19023181,0.047557954
51775,0.002460378,0.0023368576,0.0025838986,0.0028341946,0.4969791,0.47913477,0.11978369
51778,0.011090599,0.002233839,0.01994736,0.015563986,0.026561469,0.03909326,0.009773315
51780,0.025486715,0.0021320425,0.048841387,0.041668814,1.1723834,0.97154444,0.24288611
51783,0.021697259,0.0019612287,0.04143329,0.035390038,0.7116837,0.7463719,0.18659298
51785,0.003915967,0.0018489124,0.0059830216,0.008703474,0.4181333,0.3859787,0.096494675
51788,0.019351559,0.0017790679,0.03692405,0.038191732,1.0997783,1.0604465,0.26511163
51791,0.0030004315,0.0016162052,0.0043846574,0.004817089,0.33143243,0.35003236,0.08750809
51793,0.0019592603,0.001501956,0.0024165644,0.0037507259,0.35118768,0.38765565,0.09691391
51796,0.02506379,0.001379457,0.048748124,0.05124261,0.07508347,0.11437384,0.02859346
51798,0.0163249,0.0013431354,0.031306665,0.027893424,0.42445943,0.49551633,0.12387908
51801,0.008623395,0.001246899,0.01599989,0.013710928,0.046216797,0.054204423,0.013551106
51804,0.011328723,0.0011190177,0.021538429,0.02270188,0.6495908,0.5919325,0.14798312
51806,0.02462779,0.0010595637,0.048196018,0.046878636,0.080195956,0.14330147,0.035825368
51809,0.017932774,0.0010947917,0.034770757,0.032207455,0.96327776,0.9032696,0.2258174
51811,0.003163093,0.001055891,0.005270295,0.0064474256,0.36764416,0.34271154,0.085677885
51814,0.014822216,0.00094602193,0.028698409,0.026867231,0.038643017,0.062329143,0.015582286
51817,0.02339906,0.0009248328,0.045873288,0.04769029,0.058493454,0.085207246,0.021301812
51819,0.0028797332,0.00084778405,0.004911682,0.0036368417,0.42554632,0.40428698,0.101071745
51822,0.027265467,0.0008404124,0.053690523,0.05357613,0.0724994,0.17772861,0.044432152
51825,0.011174803,0.0008305917,0.021519015,0.020423688,0.021443754,0.035393894,0.008848473
51827,0.01458368,0.0008500113,0.028317347,0.027825147,0.8682203,0.825898,0.2064745
51830,0.0013816496,0.0008413098,0.0019219894,0.0025902244,0.49299195,0.46000823,0.11500206
51832,0.011782713,0.00079876464,0.022766663,0.022546316,0.19966954,0.1697877,0.042446926
51835,0.014778491,0.0008131592,0.028743824,0.027227962,0.80103415,0.76677924,0.19169481
51838,0.01763141,0.0007668687,0.03449595,0.034849998,0.2515603,0.26570174,0.066425435
51840,0.0023901747,0.00076600164,0.0040143477,0.00569184,0.2710888,0.29553577,0.07388394
51843,0.009213978,0.0007347858,0.017693171,0.016495803,0.011732406,0.034686297,0.008671574
51845,0.020806832,0.0007635858,0.040850077,0.041538853,0.053170238,0.12115282,0.030288205
51848,0.0034224885,0.00079698814,0.006047989,0.007618729,0.43660903,0.4461328,0.1115332
51851,0.015824975,0.00084054825,0.030809404,0.032345783,0.046681464,0.1070135,0.026753375
51853,0.0014356679,0.0008678247,0.002003511,0.0020884313,0.35678196,0.37592682,0.093981706
51856,0.0018354232,0.00086631504,0.0028045315,0.0034249101,0.47868505,0.5255063,0.13137658
51858,0.0014246578,0.00088374136,0.0019655742,0.001267979,0.2556771,0.25593618,0.063984044
51861,0.0014547441,0.0008987519,0.0020107364,0.0026223224,0.16219199,0.13503249,0.033758122
51864,0.02003787,0.00092904153,0.0391467,0.037192542,0.06399102,0.13850528,0.03462632
51866,0.024058072,0.0008872279,0.047228914,0.049274776,0.05998103,0.06807772,0.01701943
51869,0.01989902,0.0008485809,0.03894946,0.03764307,0.03556566,0.08419493,0.021048732
51872,0.019539328,0.0008631311,0.038215525,0.041028988,0.05513972,0.1011414,0.02528535
51874,0.0024032423,0.00086960103,0.0039368835,0.0026329616,0.33774266,0.35745096,0.08936274
51877,0.0026729594,0.0008967833,0.004449135,0.004747089,0.48127818,0.45841956,0.11460489
51879,0.0168373,0.0009571412,0.032717463,0.035210315,0.89524317,0.8606904,0.2151726
51882,0.009366015,0.0009875818,0.017744448,0.01735341,0.65257835,0.6355338,0.15888345
51885,0.01630819,0.0010601437,0.031556237,0.0315888,0.49608874,0.4058524,0.1014631
51887,0.014318927,0.0010978085,0.027540045,0.026398377,0.115300216,0.09861205,0.024653012
51890,0.020486185,0.0011478424,0.039824527,0.03935599,0.023158247,0.053564776,0.013391194
51892,0.018548453,0.0011802907,0.035916615,0.03309054,0.9177699,0.8580647,0.21451618
51895,0.016129084,0.001271656,0.030986512,0.0284539,0.044277206,0.05214415,0.013036038
51898,0.022169454,0.0013673283,0.042971577,0.043913085,0.111029565,0.15334968,0.03833742
51900,0.019477839,0.0014280031,0.037527677,0.028360248,0.6928711,0.50108886,0.12527221
51903,0.027370395,0.001497034,0.053243756,0.05634583,0.06007992,0.16467668,0.04116917
51905,0.023007972,0.0015210472,0.044494897,0.047148377,1.2919354,1.2247056,0.3061764
51908,0.0031268075,0.0015081097,0.0047455053,0.0072109257,0.4440225,0.4102488,0.1025622
51911,0.01378345,0.001461315,0.026105585,0.024007665,0.0130166365,0.026130179,0.0065325447
51913,0.012736524,0.0014769555,0.023996092,0.021622712,0.6118137,0.59705234,0.14926308
51916,0.013637882,0.001449305,0.02582646,0.02060012,0.62480867,0.5298686,0.13246715
51919,0.030143393,0.0013939907,0.058892798,0.058637857,0.058963884,0.13285254,0.033213135
51921,0.015402061,0.0013510081,0.029453114,0.025671646,0.88466245,0.8197472,0.2049368
51924,0.0028899268,0.0013346475,0.004445206,0.0031694584,0.27607396,0.25267497,0.06316874
51926,0.0014334423,0.0013186716,0.0015482133,0.0020296026,0.3056313,0.285539,0.07138475
51929,0.022315897,0.0012951503,0.043336645,0.043642297,0.74009895,0.658419,0.16460475
51932,0.00171177,0.0013023611,0.0021211787,0.0028930965,0.24896975,0.2726405,0.068160124
51934,0.009004245,0.0013466263,0.016661862,0.017355544,0.3994727,0.40383306,0.100958265
51937,0.016897978,0.0014036129,0.032392345,0.030779347,0.092588164,0.07885485,0.019713713
51939,0.021365864,0.0014566757,0.04127505,0.041048437,0.0800265,0.14384402,0.035961006
51942,0.013218564,0.0015354194,0.024901709,0.025837138,0.8199509,0.77097887,0.19274472
51945,0.0038402833,0.0016141849,0.0060663815,0.004593721,0.20638137,0.19546811,0.04886703
51947,0.019791912,0.0016630363,0.037920788,0.034936246,1.0454582,1.0390857,0.25977144
51950,0.0032096666,0.0016592941,0.0047600395,0.004543541,0.36075926,0.37551883,0.09387971
51952,0.01432749,0.0016688138,0.026986167,0.024645215,0.837735,0.8105028,0.2026257
51955,0.0033108096,0.0017069345,0.0049146847,0.008063454,0.6609116,0.5798996,0.1449749
51958,0.004223358,0.0017085035,0.006738212,0.004062736,0.20240776,0.17287593,0.04321898
51960,0.009590033,0.0017051096,0.017474957,0.018928042,0.5284154,0.45438662,0.113596655
51963,0.011253632,0.0017481187,0.020759143,0.017993847,0.036285285,0.06117778,0.015294445
51966,0.0020097194,0.0018120514,0.0022073875,0.0026859418,0.16712578,0.13789803,0.034474507
51968,0.017340913,0.0018457966,0.03283603,0.030111274,0.06858587,0.106571674,0.026642919
51971,0.0024959645,0.0019062335,0.0030856954,0.0031093552,0.5059255,0.48377535,0.12094384
51973,0.01332494,0.0019374805,0.024712399,0.020043625,0.020361805,0.056058336,0.014014584
51976,0.039522745,0.001991782,0.0770537,0.08362099,0.10308603,0.27031115,0.06757779
51979,0.008378302,0.0019962674,0.014760335,0.012041065,0.024482168,0.028959943,0.0072399857
51981,0.018439477,0.002025187,0.034853768,0.037870497,0.09373606,0.10639289,0.026598223
51984,0.0020252748,0.0020272343,0.0020233153,0.004935588,0.1947087,0.22958392,0.05739598
51986,0.025672011,0.0020504242,0.049293596,0.050141674,0.6766992,0.5791817,0.14479542
51989,0.003131752,0.0020471327,0.004216371,0.0034804167,0.57832843,0.5877697,0.14694242
51992,0.0024847153,0.0020358993,0.0029335313,0.0032920043,0.19946396,0.20750749,0.051876873
51994,0.0018982502,0.002017775,0.0017787252,0.003944539,0.18785258,0.15305084,0.03826271
51997,0.01183105,0.0020116614,0.02165044,0.019459443,0.017758796,0.04888175,0.012220438
51999,0.028938996,0.001988903,0.05588909,0.05651017,0.12129456,0.20316847,0.050792117
52002,0.009987019,0.0020409368,0.017933102,0.016209237,0.4224652,0.4333382,0.10833455
52005,0.025621856,0.002089463,0.04915425,0.048580736,1.2922786,1.3581151,0.33952877
52007,0.016718833,0.0020749199,0.031362746,0.025663601,1.1473414,1.0532776,0.2633194
52010,0.018250009,0.0020729043,0.03442711,0.03635248,0.057054833,0.081155665,0.020288916
52013,0.015336756,0.002067554,0.028605958,0.029038617,0.046644215,0.0950526,0.02376315
52015,0.010443348,0.0020705012,0.018816195,0.0148471175,0.04675105,0.07046745,0.017616862
52018,0.0035499055,0.0020233996,0.0050764116,0.007648663,0.43892416,0.4062551,0.101563774
52020,0.0036608195,0.002004361,0.005317278,0.0072804294,0.7055449,0.6535005,0.16337512
52023,0.013815283,0.0020021484,0.025628418,0.02488557,0.8906284,0.84542626,0.21135657
52026,0.0018492985,0.0019743745,0.0017242226,0.002703543,0.17529452,0.19688644,0.04922161
52028,0.014371124,0.0019494238,0.026792824,0.027487582,0.02418902,0.048812646,0.012203162
52031,0.010237019,0.0019286424,0.018545395,0.016588109,0.035264105,0.057909876,0.014477469
52033,0.016576177,0.0019592002,0.031193152,0.029489199,0.023239246,0.048985656,0.012246414
52036,0.018417997,0.0019870328,0.034848962,0.03251882,1.3302398,1.3891426,0.34728566
52039,0.031738993,0.002021862,0.061456125,0.060392614,1.6405497,1.6823918,0.42059794
52041,0.011082627,0.002039696,0.020125559,0.018295325,0.04928175,0.079701915,0.019925479
52044,0.027650401,0.002025675,0.053275127,0.05121425,1.1735865,1.1423855,0.28559637
52047,0.00311898,0.0020474938,0.0041904664,0.0076068467,0.19035946,0.21896142,0.054740354
52049,0.006773788,0.0021124494,0.011435126,0.0094179055,0.4156209,0.41060925,0.10265231
52052,0.0036031427,0.0022189252,0.0049873604,0.0066390173,0.1978379,0.20775472,0.05193868
52054,0.018155355,0.0022859469,0.034024764,0.03291365,0.022703832,0.055616617,0.013904154
52057,0.012379463,0.0023382716,0.022420654,0.021495672,0.10486597,0.10793207,0.026983017
52060,0.016250474,0.0023913765,0.030109571,0.028112471,0.50932884,0.43572727,0.10893182
52062,0.0103264535,0.0024429318,0.018209977,0.014345187,0.40129814,0.38635552,0.09658888
52065,0.02035278,0.0024833384,0.038222224,0.03399353,0.02606641,0.048134,0.0120335
52067,0.0037040997,0.0025033194,0.0049048797,0.002949239,0.40498137,0.3886607,0.097165175
52070,0.018833986,0.0025937539,0.035074215,0.03639057,0.04589,0.08585831,0.021464577
52073,0.0027636383,0.0027122314,0.0028150454,0.0021091613,0.15943533,0.16736734,0.041841835
52075,0.01421757,0.0027834072,0.025651732,0.022604123,0.053551823,0.08231534,0.020578835
52078,0.025475755,0.0028931897,0.04805832,0.04174153,1.3913236,1.2798222,0.31995556
52080,0.021683551,0.0030419866,0.040325116,0.028263688,0.9624497,0.7784302,0.19460756
52083,0.002324867,0.0032069243,0.0014428099,0.004617366,0.38415265,0.44853637,0.11213409
52086,0.0027359603,0.0032656926,0.0022062282,0.0048881676,0.26476017,0.3078359,0.07695898
52088,0.0034270834,0.0032441884,0.0036099784,0.0021090899,0.36766028,0.37504092,0.09376023
52091,0.014382228,0.003292051,0.025472404,0.018040605,0.048186887,0.07412936,0.01853234
52094,0.022207072,0.0032405935,0.041173548,0.040606786,0.06060922,0.13180499,0.032951247
52096,0.02162827,0.0032893326,0.039967205,0.03805342,0.056597073,0.12608568,0.03152142
52099,0.0032512266,0.0033637763,0.0031386772,0.006881843,0.23816685,0.28404388,0.07101097
52101,0.022983743,0.003363559,0.042603925,0.03972459,1.8182119,1.849379,0.46234474
52104,0.012714386,0.0032841389,0.022144632,0.01954133,0.5813442,0.56854796,0.14213699
52107,0.027767217,0.0034765482,0.05205788,0.04194233,1.318534,1.1588227,0.28970566
52109,0.021303564,0.0034668695,0.039140258,0.035435777,0.20962752,0.22919364,0.05729841
52112,0.017745158,0.003510762,0.031979553,0.031571776,0.18078633,0.1668362,0.04170905
52114,0.020844063,0.0034100488,0.038278073,0.03567789,1.4183145,1.4996152,0.3749038
52117,0.020150924,0.0032834348,0.037018415,0.036298987,0.06016208,0.12883563,0.03220891
52120,0.030832129,0.0031649526,0.058499306,0.05889329,0.07126685,0.18048827,0.04512207
52122,0.015497122,0.0031073506,0.027886892,0.026724054,0.5587201,0.47548187,0.11887047
52125,0.004893462,0.0029775419,0.0068093822,0.0079914415,0.36810216,0.35392055,0.08848014
52127,0.003416442,0.0030218235,0.0038110602,0.0015912461,0.42473397,0.41437578,0.103593946
52130,0.0301228,0.002960997,0.057284605,0.05873419,1.3099121,1.3349222,0.33373055
52133,0.017527252,0.0028533677,0.032201137,0.034327004,0.035798892,0.058053177,0.014513294
52135,0.036487643,0.002830793,0.0701445,0.07234888,1.4555054,1.5739149,0.39347872
52138,0.0029084298,0.0028704423,0.002946417,0.0053656003,0.17546646,0.13496552,0.03374138
52141,0.0057693496,0.002803362,0.008735337,0.003305371,0.28724816,0.29601756,0.07400439
52143,0.0026216942,0.00272544,0.002517948,0.005089465,0.22356872,0.24749613,0.061874032
52146,0.012718637,0.002581328,0.022855945,0.02270498,0.8428678,0.83497024,0.20874256
52148,0.0038374232,0.0024981746,0.0051766713,0.0025833035,0.25234985,0.24229841,0.060574602
52151,0.0023486307,0.002350612,0.002346649,0.002081482,0.18479718,0.19032604,0.04758151
52154,0.010697351,0.0022326887,0.019162014,0.01874201,0.76696944,0.7408294,0.18520735
52156,0.0030804938,0.002206921,0.0039540664,0.005534874,0.14196838,0.1080788,0.0270197
52159,0.003723938,0.0021591757,0.0052887,0.0051312465,0.35972258,0.36974403,0.09243601
52161,0.0023567092,0.0022066145,0.002506804,0.0042122393,0.57694185,0.55263865,0.13815966
52164,0.0031771765,0.0021937245,0.004160628,0.0061205034,0.12667607,0.14513548,0.03628387
52167,0.0019432189,0.0021145374,0.0017719002,0.0019928024,0.3198451,0.30179277,0.07544819
52169,0.01713276,0.0020503306,0.03221519,0.029040553,0.039057836,0.09407752,0.02351938
52172,0.025685271,0.0019302041,0.04944034,0.047108334,0.051786844,0.08935642,0.022339106
52174,0.0046519493,0.0018265289,0.007477369,0.0096153105,0.29932463,0.29812348,0.07453087
52177,0.003440576,0.0017256817,0.00515547,0.006783822,0.15328604,0.16931064,0.04232766
52180,0.0026559818,0.0014814235,0.0038305398,0.00522741,0.6635877,0.61895245,0.15473811
52182,0.014834244,0.0013609038,0.028307585,0.026050769,0.016250057,0.037900854,0.0094752135
52185,0.00954865,0.0012861622,0.017811136,0.017303519,0.60919195,0.611739,0.15293474
52188,0.026387231,0.0012726715,0.051501792,0.045955896,0.89102036,0.6030466,0.15076165
52190,0.016316105,0.0012475309,0.03138468,0.031167323,1.5443735,1.4843005,0.37107512
52193,0.013590094,0.0013096854,0.025870502,0.026518032,0.066745326,0.10744832,0.02686208
52195,0.035816766,0.0012309306,0.0704026,0.06842031,0.111347735,0.050388236,0.012597059
52198,0.0029349166,0.0010695426,0.0048002903,0.005671745,0.47714832,0.48488513,0.12122128
52201,0.028444469,0.0009618109,0.055927128,0.05813018,1.6924319,1.7897409,0.44743523
52203,0.010262226,0.00083203224,0.01969242,0.018581165,0.0043577477,0.030716874,0.0076792184
52206,0.0012588477,0.00073563325,0.0017820621,0.002423283,0.31510076,0.31528652,0.07882163
52208,0.0014572145,0.00060625275,0.0023081761,0.0024570941,0.37138757,0.38856885,0.09714221
52211,0.02677522,0.00050164765,0.053048793,0.055224363,1.6590852,1.7458216,0.4364554
52214,0.016473934,0.000581999,0.03236587,0.030638436,0.8542905,0.88498545,0.22124636
52216,0.01783327,0.00057808036,0.03508846,0.03721853,1.2691951,1.3191133,0.3297783
52219,0.0014348201,0.00061358407,0.002256056,0.0028902127,0.60654813,0.5933661,0.14834152
52221,0.012881168,0.0005911119,0.025171226,0.026146239,0.021729281,0.06582148,0.01645537
52224,0.0020150023,0.0006309032,0.0033991018,0.0045257662,0.23812969,0.23700346,0.059250865
52227,0.016458476,0.000623512,0.03229344,0.033576738,1.0717725,1.1019872,0.2754968
52229,0.014939289,0.0006722251,0.02920635,0.030779049,0.20270531,0.17489874,0.043724686
52232,0.013615455,0.0005718316,0.026659077,0.027244026,0.03870147,0.030091664,0.007522916
52235,0.010934558,0.0006596777,0.02120944,0.020355847,0.038702603,0.056730915,0.014182729
52237,0.0030400904,0.000761915,0.005318266,0.0041128625,0.19098723,0.17185895,0.042964738
52240,0.0167038,0.000904972,0.032502625,0.035429657,0.95251733,0.80156845,0.20039211
52242,0.020526497,0.00093554106,0.040117454,0.04097451,1.2900246,1.1834217,0.29585543
52245,0.013911116,0.0008519056,0.026970327,0.027548688,0.8447695,0.70083994,0.17520998
52248,0.026392886,0.0009607103,0.05182506,0.049164217,1.7865614,1.8785467,0.46963668
52250,0.033625234,0.00091325986,0.066337205,0.065011285,0.101585686,0.21075563,0.052688908
52253,0.016632285,0.00079332123,0.03247125,0.03193835,0.8911651,0.826701,0.20667525
52255,0.0014412217,0.0008143796,0.0020680637,0.0025639264,0.2786392,0.29067293,0.07266823
52258,0.011999984,0.00097400555,0.023025965,0.02180296,0.5733797,0.6011605,0.15029013
52261,0.029867793,0.001093266,0.058642317,0.05850986,0.09438392,0.03671251,0.009178127
52263,0.0119443135,0.0011801375,0.02270849,0.020042868,0.3922445,0.31368068,0.07842017
52266,0.002435317,0.0012645274,0.0036061064,0.0027990357,0.29970273,0.3040501,0.07601252
52268,0.0018439019,0.0013641068,0.0023236973,0.0034402495,0.5129066,0.51502824,0.12875706
52271,0.018850798,0.0015685577,0.03613304,0.03562646,0.08340309,0.10645548,0.02661387
52274,0.0035302157,0.0014750963,0.005585335,0.0049170256,0.15884389,0.18615006,0.046537515
52276,0.009453942,0.0011755059,0.01773238,0.016608449,0.060595017,0.081818566,0.020454641
52279,0.0050064363,0.001165201,0.008847672,0.008572669,0.13939708,0.17901027,0.044752568
52282,0.017929362,0.001260837,0.03459789,0.035431623,0.053284883,0.105933726,0.026483431
52284,0.02655211,0.0013349932,0.051769227,0.049803156,1.3048466,1.3290225,0.33225563
52287,0.00314105,0.0014635775,0.0048185224,0.0040788017,0.1481437,0.12447959,0.031119898
52289,0.0030425752,0.0013957106,0.00468944,0.0036538495,0.17053075,0.14977834,0.037444584
52292,0.0015714918,0.0012690624,0.0018739213,0.0024926616,0.31830242,0.33167183,0.08291796
52295,0.01726182,0.001429792,0.033093847,0.035076838,0.045173954,0.09483642,0.023709105
52297,0.0015734043,0.0013791559,0.0017676527,0.0023176444,0.38342953,0.40300593,0.10075148
52300,0.0019960538,0.001458323,0.0025337848,0.0037655884,0.55521125,0.5927592,0.1481898
52302,0.0039642514,0.0014916534,0.0064368495,0.008639772,0.47223434,0.43377122,0.108442806
52305,0.038600758,0.0015657125,0.0756358,0.07711724,1.4178978,1.5319923,0.38299808
52308,0.008414666,0.0015356023,0.0152937295,0.016865144,0.71045524,0.6738877,0.16847193
52310,0.0021819149,0.0015559137,0.002807916,0.0044614053,0.2874056,0.31928143,0.07982036
52313,0.013721369,0.0015850527,0.025857687,0.020443229,0.6047421,0.50748616,0.12687154
52315,0.016348796,0.0015336504,0.031163944,0.031931635,1.0281416,0.99180573,0.24795143
52318,0.031853613,0.0015458595,0.06216136,0.057728384,1.4187585,1.257846,0.3144615
52321,0.0015516789,0.0016537039,0.0014496539,0.0020622232,0.23670669,0.20936735,0.052341837
52323,0.011499102,0.0018231942,0.02117501,0.017568935,0.012037724,0.04023853,0.010059632
52326,0.012151246,0.001965226,0.022337267,0.021742703,0.14710124,0.12044666,0.030111665
52329,0.013733552,0.0021536204,0.025313484,0.026760817,0.8829414,0.82677984,0.20669496
52331,0.025334,0.0022375651,0.04843044,0.049596954,1.3637365,1.4388361,0.35970902
52334,0.019487247,0.0024380237,0.03653647,0.040860668,1.0527068,0.9836304,0.2459076
52336,0.0134343775,0.002459737,0.024409018,0.022869559,0.07389275,0.09518645,0.023796612
52339,0.0042683515,0.0024695757,0.006067127,0.003999363,0.45419928,0.45230928,0.11307732
52342,0.01780263,0.0025193705,0.033085886,0.02523535,1.0082387,0.8978205,0.22445512
52344,0.026164984,0.0024585167,0.04987145,0.03663898,0.8537175,0.6353232,0.1588308
52347,0.011978704,0.0023703,0.021587105,0.017318359,0.029321322,0.041317835,0.010329459
52349,0.010475592,0.0022314477,0.018719735,0.016172402,0.041146953,0.061683465,0.015420866
52352,0.019513546,0.0021084116,0.036918677,0.039517958,0.040447786,0.06402084,0.01600521
52355,0.022890678,0.0020284117,0.043752942,0.046996802,1.604097,1.700769,0.42519224
52357,0.0148354545,0.0018780363,0.027792873,0.026006212,0.05623542,0.093965314,0.023491329
52360,0.022401208,0.0018775786,0.04292484,0.040100172,0.043243553,0.09133915,0.022834787
52362,0.01296752,0.0018932448,0.024041796,0.021465832,0.6938991,0.6439078,0.16097695
52365,0.0030410162,0.0018735452,0.004208487,0.0030585944,0.46349955,0.44140807,0.11035202
52368,0.022956112,0.0018398678,0.04407236,0.04438405,0.06881382,0.15171377,0.037928443
52370,0.012538631,0.0017708925,0.02330637,0.022115389,0.032011926,0.05733183,0.014332958
52373,0.01922808,0.0016742611,0.036781896,0.039646883,0.03996196,0.0658187,0.016454674
52376,0.0023617959,0.0016264642,0.0030971274,0.0056493506,0.24393809,0.28383282,0.070958205
52378,0.009216369,0.0015145158,0.016918221,0.014788748,0.44194746,0.41100883,0.10275221
52381,0.020578125,0.0013721153,0.039784137,0.03857173,1.1769966,1.1724247,0.29310617
52383,0.021760933,0.0013285397,0.042193327,0.038333546,0.03851365,0.06282054,0.015705135
52386,0.009059402,0.0012581861,0.01686062,0.01632352,0.43601918,0.42094287,0.10523572
52389,0.002061826,0.001235508,0.0028881438,0.005263367,0.18115719,0.20858221,0.052145552
52391,0.009514364,0.0012999523,0.017728778,0.015176776,0.005098309,0.024504954,0.0061262385
52394,0.012773379,0.0013720263,0.02417473,0.022034498,0.023113197,0.041590914,0.0103977285
52396,0.014169153,0.0013951734,0.026943132,0.024421522,0.017684983,0.029522205,0.007380551
52399,0.0031852443,0.0014446825,0.0049258056,0.008890812,0.12072388,0.15573442,0.038933605
52402,0.015172905,0.0014979561,0.028847853,0.027162677,1.4489757,1.4450973,0.36127433
52404,0.028952882,0.0015129917,0.056392774,0.055627216,1.7818036,1.7567393,0.4391848
52407,0.00424164,0.0014983453,0.0069849356,0.0038473674,0.3091012,0.31891558,0.079728894
52409,0.01456372,0.0014430989,0.02768434,0.026642427,0.70303196,0.6325834,0.15814584
52412,0.017415034,0.00139653,0.033433538,0.033202868,0.19019021,0.19493683,0.048734207
52415,0.007966421,0.001360726,0.014572117,0.012345704,0.09566573,0.081670776,0.020417694
52417,0.012400703,0.0013359786,0.023465427,0.022282707,0.038323376,0.06854225,0.017135562
52420,0.0022379283,0.0014384832,0.0030373733,0.002482428,0.30614063,0.29238468,0.07309617
52423,0.008061443,0.001269074,0.014853813,0.015406133,0.7031579,0.7046819,0.17617047
52425,0.010246564,0.0012949129,0.019198215,0.01637573,0.46301746,0.43248582,0.108121455
52428,0.016228318,0.0012217225,0.031234914,0.029359343,0.79928714,0.7263997,0.18159993
52430,0.010021188,0.0011955678,0.01884681,0.017518455,0.05780663,0.060805243,0.015201311
52433,0.0148795275,0.0011446824,0.028614372,0.028345512,0.017384961,0.03358617,0.008396543
52436,0.030085757,0.0010723355,0.05909918,0.057075143,1.3643423,1.4076525,0.35191312
52438,0.025386272,0.0010656518,0.04970689,0.047926202,0.067330815,0.14822024,0.03705506
52441,0.01698001,0.00094828015,0.03301174,0.032193925,0.56942433,0.49882555,0.12470639
52443,0.032307353,0.0009688347,0.06364587,0.06397236,0.096867114,0.026919054,0.0067297635
52446,0.025999209,0.0009903276,0.05100809,0.0521004,0.049647678,0.13009278,0.032523196
52449,0.015745398,0.00096774107,0.030523054,0.025743311,1.1452355,1.041066,0.2602665
52451,0.021028943,0.00096436637,0.041093517,0.03564759,0.8062129,0.56739825,0.14184956
52454,0.009100821,0.0009359563,0.017265685,0.016401289,0.48068058,0.45752668,0.11438167
52456,0.012397186,0.0009807022,0.02381367,0.02358053,0.71128994,0.6915493,0.17288733
52459,0.023472065,0.0010129723,0.04593116,0.048272606,1.2771598,1.2458853,0.3114713
52462,0.01729347,0.0010625425,0.033524398,0.034334917,1.0016782,0.9860359,0.24650897
52464,0.013508317,0.0011061645,0.025910469,0.02584966,1.1298554,1.0722013,0.2680503
52467,0.012428037,0.0012367311,0.02361934,0.023129812,0.028692946,0.04908411,0.012271027
52470,0.025250746,0.0013750527,0.049126435,0.04932104,0.9134116,0.87986726,0.21996681
52472,0.0014317235,0.0013671828,0.0014962641,0.0021429698,0.28941694,0.2618663,0.065466575
52475,0.01745212,0.0015899577,0.033314284,0.030783782,0.051721964,0.10963124,0.02740781
52477,0.00950408,0.0016024489,0.017405711,0.016067468,0.03274532,0.039118696,0.009779674
52480,0.015110682,0.001653354,0.028568009,0.024487665,0.69782114,0.6393588,0.1598397
52483,0.018258179,0.0016764932,0.034839865,0.038296297,0.036043912,0.05205734,0.013014335
52485,0.0021859652,0.0016359212,0.002736009,0.004605089,0.49325958,0.45002142,0.112505354
52488,0.0019876335,0.0017224004,0.0022528665,0.004094683,0.16812523,0.12974648,0.03243662
52490,0.013000785,0.0017406122,0.024260959,0.021203449,0.0254981,0.0636873,0.015921826
52493,0.0026071686,0.0015986435,0.0036156941,0.005053354,0.1798954,0.14403696,0.03600924
52496,0.012770873,0.0017638886,0.023777857,0.022927104,0.015479147,0.036871914,0.009217978
52498,0.030907676,0.0016143308,0.06020102,0.060291525,0.058269847,0.1485278,0.03713195
52501,0.001737641,0.0016594824,0.0018157996,0.0022155417,0.34249306,0.35920846,0.089802116
52504,0.01624164,0.001587411,0.030895868,0.027325002,0.0381823,0.08877233,0.022193082
