base_start,pair_mse,none_mse,event_mse,separation_mse,predicted_separation_energy,true_separation_energy,ambiguity_floor
45984,0.12191317,0.0080797635,0.23574658,0.19241452,0.0,0.19241452,0.04810363
45986,0.26469144,0.007751234,0.52163166,0.54131037,0.0,0.54131037,0.13532759
45989,0.061882105,0.0084205195,0.11534369,0.1166865,0.0,0.1166865,0.029171625
45992,0.17747469,0.010194171,0.3447552,0.3400258,0.0,0.3400258,0.08500645
45995,0.041572988,0.01378869,0.06935728,0.049586665,0.017628351,0.09349385,0.023373462
45998,0.07367071,0.012700528,0.13464089,0.15480073,0.0,0.15480073,0.038700182
46001,0.2465414,0.012874082,0.48020872,0.504451,0.0,0.504451,0.12611274
46003,0.0585552,0.01330224,0.103808165,0.116893746,0.0,0.116893746,0.029223436
46006,0.041899174,0.015492772,0.068305574,0.035873923,0.60714704,0.7222734,0.18056835
46009,0.03714807,0.018057566,0.056238577,0.07378898,0.06559173,0.0706422,0.01766055
46012,0.08002982,0.0194167,0.14064294,0.1839685,0.0,0.1839685,0.045992125
46015,0.04298081,0.025548354,0.06041326,0.040347233,0.017141977,0.0578109,0.014452725
46018,0.05010256,0.02762794,0.072577186,0.044899657,0.017042318,0.08999332,0.02249833
46021,0.06839157,0.03300379,0.10377935,0.07270818,1.1581737,1.2281537,0.30703843
46023,0.07160779,0.03546035,0.10775522,0.035150185,0.40467253,0.2872922,0.07182305
46026,0.108062595,0.042900544,0.17322464,0.09331562,0.8438112,0.87888926,0.21972232
46029,0.037754502,0.04202053,0.03348847,0.022086456,0.14794217,0.24820732,0.06205183
46032,0.23031211,0.046938967,0.41368523,0.19484067,0.0,0.19484067,0.048710167
46035,0.11103749,0.050173987,0.171901,0.104940295,0.0,0.104940295,0.026235074
46038,0.08876538,0.08253474,0.094996035,0.036245786,0.0154208345,0.06920546,0.017301366
46041,0.74280477,0.08070481,1.4049047,0.8506171,0.0,0.8506171,0.21265428
46043,0.06472645,0.06747681,0.061976094,0.033652928,0.9019213,0.8012255,0.20030637
46046,0.053702574,0.06795737,0.039447773,0.006974809,0.21707769,0.27682307,0.06920577
46049,0.120705776,0.049543064,0.19186848,0.3838284,0.0,0.3838284,0.0959571
46052,0.11069312,0.07210653,0.14927971,0.032676574,0.29270285,0.19944192,0.04986048
46055,0.085970856,0.06790491,0.10403681,0.020839006,0.046886165,0.07124241,0.017810602
46058,0.058428243,0.06099834,0.055858146,0.006078096,0.49821138,0.45278135,0.11319534
46061,0.57428557,0.05822927,1.0903419,0.73621255,0.0,0.73621255,0.18405314
46063,0.095749356,0.050774653,0.14072406,0.17994761,0.0,0.17994761,0.044986904
46066,0.04041813,0.052140657,0.028695598,0.007271769,0.18087871,0.23241436,0.05810359
46069,0.19579776,0.043024078,0.34857145,0.4983243,0.0,0.4983243,0.124581076
46072,0.07299408,0.05545352,0.09053465,0.034092832,0.022518039,0.050659675,0.012664919
46075,0.09603735,0.020566965,0.17150773,0.09428529,0.0,0.09428529,0.023571322
46078,0.105365634,0.014817703,0.19591357,0.17152579,0.0,0.17152579,0.042881448
46081,0.06948338,0.015568997,0.12339776,0.08136699,1.817289,1.8695621,0.46739054
46083,0.051944528,0.01600945,0.087879606,0.06515586,0.041446764,0.1440083,0.036002073
46086,0.023091516,0.011170577,0.03501245,0.019070646,0.013662338,0.03100337,0.0077508427
46089,0.28478524,0.008874289,0.5606962,0.49587464,0.0,0.49587464,0.12396866
46092,0.31061962,0.010323507,0.6109157,0.5218383,0.0,0.5218383,0.13045958
46095,0.0375448,0.012426821,0.06266278,0.041021362,0.7651183,0.8249549,0.20623873
46098,0.14440855,0.009616193,0.2792009,0.32032546,0.0,0.32032546,0.080081366
46101,0.019851098,0.012575175,0.027127022,0.017790372,0.010896047,0.01985708,0.00496427
46103,0.4438702,0.011877197,0.87586313,0.94300026,0.0,0.94300026,0.23575006
46106,0.025823796,0.025662405,0.02598519,0.015168845,0.5362013,0.45636472,0.11409118
46109,0.04183012,0.030566983,0.053093255,0.005057102,0.30305243,0.36097655,0.09024414
46112,0.06268322,0.03679562,0.08857081,0.15520799,0.0,0.15520799,0.038801998
46115,0.18426917,0.046274904,0.32226342,0.18146263,0.0,0.18146263,0.045365658
46118,0.06735725,0.027268665,0.107445836,0.07826062,0.01799806,0.122172505,0.030543126
46121,0.031120399,0.012981203,0.04925959,0.032027867,0.02736473,0.068074815,0.017018704
46123,0.051742505,0.018572798,0.08491221,0.05555312,1.0819343,1.2291945,0.30729863
46126,0.23119898,0.017287744,0.44511023,0.51797104,0.0,0.51797104,0.12949276
46129,0.08987705,0.015232775,0.16452132,0.21153565,0.0,0.21153565,0.052883912
46132,0.38196692,0.012631307,0.7513025,0.79854035,0.0,0.79854035,0.19963509
46135,0.19668835,0.013514084,0.37986264,0.38176584,0.0,0.38176584,0.09544146
46138,0.0441367,0.016721262,0.071552135,0.051506907,0.03231303,0.093366206,0.023341551
46141,0.22576569,0.013423868,0.4381075,0.4592274,0.0,0.4592274,0.11480685
46143,0.24871778,0.012843548,0.48459205,0.48533884,0.0,0.48533884,0.12133471
46146,0.14331417,0.012807544,0.2738208,0.31898376,0.0,0.31898376,0.07974594
46149,0.032009047,0.015554857,0.048463237,0.032068815,0.0,0.032068815,0.008017204
46152,0.02378446,0.015801689,0.031767234,0.0060349037,0.27207342,0.25059825,0.06264956
46155,0.33041975,0.012524671,0.64831483,0.746116,0.0,0.746116,0.186529
46158,0.027623883,0.012162354,0.04308541,0.028968185,0.53890634,0.54800886,0.13700221
46161,0.026224496,0.015666286,0.036782708,0.046788234,0.0,0.046788234,0.011697059
46163,0.029217193,0.023176482,0.03525791,0.03561613,0.0,0.03561613,0.008904032
46166,0.7395422,0.025375089,1.4537092,1.7499866,0.0,1.7499866,0.43749666
46169,0.2147332,0.020227185,0.4092392,0.32869017,0.0,0.32869017,0.08217254
46172,0.033582147,0.020693656,0.046470642,0.07055056,0.0,0.07055056,0.01763764
46175,0.09505031,0.023560068,0.16654056,0.20099086,0.0,0.20099086,0.050247714
46178,0.054293532,0.021661526,0.086925544,0.07003627,1.4079231,1.4862756,0.3715689
46181,0.03875846,0.02233068,0.055186242,0.01376405,0.3296127,0.45226562,0.113066405
46183,0.03719638,0.020419734,0.053973023,0.042249084,0.98474735,0.9678402,0.24196005
46186,0.056283373,0.02539361,0.08717314,0.029696941,0.027714094,0.022363191,0.005590798
46189,0.05526315,0.04188569,0.06864061,0.00469678,0.20965946,0.23398276,0.05849569
46192,0.1142325,0.02596747,0.20249754,0.18922444,0.0,0.18922444,0.04730611
46195,0.59144413,0.022266654,1.1606216,1.320275,0.0,1.320275,0.33006874
46198,0.04284261,0.013112485,0.07257274,0.05523925,1.2000481,1.0274005,0.25685012
46201,0.23239224,0.009981063,0.45480338,0.47594783,0.0,0.47594783,0.11898696
46203,0.9536713,0.009225261,1.8981174,1.8317022,0.0,1.8317022,0.45792556
46206,0.27890962,0.010705029,0.5471142,0.5220346,0.0,0.5220346,0.13050865
46209,0.044018775,0.010967198,0.077070355,0.035750896,0.39083704,0.31056163,0.07764041
46212,0.10536304,0.012086327,0.19863975,0.19963568,0.0,0.19963568,0.04990892
46215,0.07939697,0.01919757,0.13959637,0.12607591,0.90882635,1.0954974,0.27387434
46218,0.052826006,0.015902733,0.08974928,0.052948434,0.99904794,1.0721749,0.26804373
46221,0.034261268,0.014391646,0.054130886,0.051792163,0.84106654,1.0320073,0.25800183
46223,0.16185306,0.015718078,0.30798802,0.3004745,0.0,0.3004745,0.07511862
46226,0.027655596,0.018822314,0.03648888,0.034652703,0.90577364,0.8502161,0.21255402
46229,0.029362654,0.020473897,0.038251407,0.016888488,0.006995678,0.02298209,0.0057455227
46232,0.044373017,0.039870802,0.04887523,0.024166957,0.020049999,0.052995473,0.013248868
46235,0.03508536,0.03574443,0.034426298,0.0045520873,0.29068282,0.27323818,0.068309546
46238,0.029296517,0.021284558,0.037308473,0.042994183,0.75782156,0.8574219,0.21435547
46241,0.048986103,0.028506463,0.06946574,0.04972167,0.7344279,0.90547204,0.22636801
46243,0.02283304,0.026325285,0.019340795,0.015862176,0.1093634,0.18305306,0.045763265
46246,0.13309567,0.022659764,0.24353157,0.2010771,0.0,0.2010771,0.050269276
46249,0.13731988,0.01774797,0.25689176,0.206225,0.0,0.206225,0.05155625
46252,0.012861647,0.013071573,0.012651719,0.005436487,0.31692663,0.30000615,0.07500154
46255,0.032565475,0.0115045095,0.053626437,0.02618959,0.6701301,0.63476044,0.15869011
46258,0.18842882,0.024646835,0.3522108,0.21648683,0.0,0.21648683,0.054121707
46261,0.048059348,0.015340872,0.08077783,0.07601872,1.0178186,1.162341,0.29058525
46263,0.40813792,0.02286472,0.7934111,0.57877773,0.0,0.57877773,0.14469443
46266,0.06818842,0.019906173,0.11647067,0.1546517,0.0,0.1546517,0.038662925
46269,0.058199048,0.028829074,0.08756902,0.04608984,0.03797102,0.10297036,0.02574259
46272,0.66517425,0.02433598,1.3060125,1.0287739,0.0,1.0287739,0.25719348
46275,0.08741001,0.025006339,0.1498137,0.24179317,0.0,0.24179317,0.060448293
46278,0.0600021,0.025578877,0.09442532,0.026923822,0.14485507,0.26570812,0.06642703
46281,0.19154108,0.021426907,0.36165524,0.263887,0.0,0.263887,0.06597175
46283,0.0594101,0.011573183,0.10724702,0.08464516,1.5250725,1.7787943,0.44469857
46286,0.033766445,0.0075822263,0.059950665,0.041375354,0.008543531,0.066264145,0.016566036
46289,0.13234566,0.0071811047,0.25751022,0.29669148,0.0,0.29669148,0.07417287
46292,0.029518044,0.008821557,0.05021453,0.041552145,0.5984673,0.7619817,0.19049543
46295,0.18328214,0.0102021545,0.3563621,0.29173067,0.0,0.29173067,0.07293267
46298,0.23396128,0.01191048,0.4560121,0.36393106,0.0,0.36393106,0.090982765
46301,0.042738024,0.013809496,0.07166655,0.069178335,0.02352205,0.11161526,0.027903816
46303,0.075927444,0.013901216,0.13795368,0.10842898,0.0,0.10842898,0.027107244
46306,0.042538043,0.022616267,0.062459815,0.041161727,0.0,0.041161727,0.010290432
46309,0.0359135,0.02742917,0.04439783,0.044473663,0.5975397,0.765038,0.1912595
46312,0.069557615,0.027222535,0.1118927,0.0677497,0.07419125,0.08629957,0.021574892
46315,0.18561102,0.02723598,0.34398606,0.52208966,0.0,0.52208966,0.13052242
46318,0.050523967,0.027780935,0.07326699,0.034155052,0.08908316,0.13246311,0.033115778
46321,0.04130933,0.032416433,0.05020223,0.0061981655,0.14092255,0.117002405,0.029250601
46323,0.056322645,0.04340005,0.06924524,0.007547067,0.17151296,0.19577213,0.04894303
46326,0.09736269,0.06104205,0.13368332,0.04673956,0.0,0.04673956,0.01168489
46329,0.17573403,0.059988234,0.29147983,0.53572756,0.0,0.53572756,0.13393189
46332,0.046228934,0.050002187,0.042455684,0.0054322737,0.46624312,0.52534044,0.13133511
46335,0.19299607,0.03145852,0.35453358,0.22340357,0.0,0.22340357,0.055850893
46338,0.26184455,0.030541262,0.49314785,0.69312304,0.0,0.69312304,0.17328076
46341,0.02391377,0.028231777,0.019595766,0.0048744977,0.18458597,0.22252046,0.055630114
46343,0.19013222,0.012445909,0.3678185,0.35615078,0.0,0.35615078,0.089037694
46346,0.021744296,0.01898659,0.024502004,0.020729886,0.02837344,0.03382972,0.00845743
46349,0.051274065,0.020308279,0.08223986,0.05037609,0.101348795,0.1709702,0.04274255
46352,0.043695033,0.017189426,0.070200644,0.03513375,0.54392374,0.62813115,0.15703279
46355,0.2713196,0.019103868,0.5235353,0.50383025,0.0,0.50383025,0.12595756
46358,0.056687567,0.024825802,0.08854934,0.14127485,0.0,0.14127485,0.035318714
46361,0.43159708,0.017584011,0.84561014,0.73054457,0.0,0.73054457,0.18263614
46363,0.019453106,0.013292844,0.025613368,0.022874897,0.0,0.022874897,0.0057187243
46366,0.013655223,0.015663417,0.011647031,0.010038645,0.15918577,0.12576048,0.03144012
46369,0.030029124,0.014503245,0.045555,0.036726397,0.81130266,0.8270245,0.20675613
46372,0.047788206,0.012075998,0.083500415,0.057927717,0.0,0.057927717,0.014481929
46375,0.024869159,0.014223016,0.035515305,0.025588825,0.06529999,0.08995372,0.02248843
46378,0.27172175,0.0126213655,0.5308221,0.5173458,0.0,0.5173458,0.12933645
46381,0.091920234,0.013464081,0.1703764,0.138362,0.0,0.138362,0.0345905
46383,0.044755097,0.011762452,0.07774774,0.061918158,0.13578828,0.22694199,0.056735497
46386,0.052477915,0.011193628,0.0937622,0.1089409,0.0,0.1089409,0.027235225
46389,0.21058069,0.011804479,0.40935692,0.40958247,0.0,0.40958247,0.10239562
46392,0.12385249,0.013384566,0.23432042,0.2064141,0.0,0.2064141,0.051603526
46395,0.23936965,0.016244613,0.4624947,0.3505944,0.0,0.3505944,0.0876486
46398,0.052431986,0.024042105,0.080821864,0.06554677,1.1673955,1.3803371,0.34508428
46401,0.046655238,0.025116956,0.06819352,0.13557222,0.0,0.13557222,0.033893056
46403,0.04286791,0.03385649,0.051879328,0.0060688048,0.29031387,0.25964352,0.06491088
46406,0.4813966,0.037169266,0.9256239,1.1584753,0.0,1.1584753,0.28961882
46409,0.1486565,0.04626159,0.2510514,0.1612615,0.0,0.1612615,0.040315375
46412,0.228081,0.050084155,0.40607786,0.20669049,0.0,0.20669049,0.051672623
46415,0.07661611,0.057252992,0.09597922,0.04337774,0.020605803,0.06995946,0.017489865
46418,0.108488,0.08378113,0.13319488,0.017616056,0.22512199,0.17865382,0.044663455
46421,0.1140733,0.10883182,0.11931477,0.043411463,1.2832718,1.227223,0.30680576
46423,0.324926,0.12241256,0.5274394,0.15466036,0.0,0.15466036,0.03866509
46426,0.12871914,0.14519234,0.112245925,0.0049630846,0.18686609,0.23378368,0.05844592
46429,0.121561974,0.10158485,0.1415391,0.024008358,0.0175998,0.01848583,0.0046214573
46432,0.13343947,0.0792829,0.18759602,0.058572188,0.0,0.058572188,0.014643047
46435,0.19005518,0.12903447,0.2510759,0.05075973,0.3865105,0.5107514,0.12768786
46438,0.09375736,0.109167956,0.078346774,0.006275711,0.43691158,0.49416518,0.123541296
46441,0.1319512,0.09710368,0.16679871,0.4316493,0.0,0.4316493,0.107912324
46443,0.102975845,0.09773407,0.10821762,0.11668342,0.0,0.11668342,0.029170856
46446,0.6273332,0.075964406,1.178702,0.6934104,0.0,0.6934104,0.1733526
46449,0.33079746,0.062118646,0.5994763,0.97785664,0.0,0.97785664,0.24446416
46452,0.07700928,0.0772131,0.07680547,0.005461715,0.23414111,0.21855283,0.054638207
46455,0.06804427,0.03497598,0.10111257,0.12505619,0.0,0.12505619,0.031264048
46458,0.08943226,0.041863095,0.13700141,0.06193598,0.72921973,0.89754725,0.22438681
46461,0.42341053,0.04691333,0.79990774,0.49288425,0.0,0.49288425,0.12322106
46463,0.8777477,0.0571035,1.6983919,1.1794182,0.0,1.1794182,0.29485455
46466,0.07373055,0.06166944,0.085791655,0.031173015,0.018078128,0.054140553,0.013535138
46469,0.085021175,0.07468546,0.09535688,0.02907142,0.032306194,0.04168403,0.010421008
46472,0.5339106,0.06842428,0.9993968,0.5879521,0.0,0.5879521,0.14698802
46475,0.12013695,0.07688894,0.16338496,0.049412698,0.96624947,0.9496811,0.23742028
46478,0.10285428,0.09858342,0.10712514,0.0034119713,0.5186599,0.54291844,0.13572961
46481,0.091135286,0.10366136,0.078609206,0.26841676,0.0,0.26841676,0.06710419
46483,0.08030928,0.118110426,0.04250814,0.17780967,0.0,0.17780967,0.044452418
46486,0.1250665,0.093527,0.156606,0.04769371,0.12847821,0.17867208,0.04466802
46489,0.093634725,0.06694775,0.12032169,0.049137663,0.85154724,0.91065997,0.22766499
46492,0.2497478,0.063416384,0.43607917,0.17818278,0.0,0.17818278,0.044545695
46495,0.07512017,0.0623197,0.087920636,0.26536718,0.0,0.26536718,0.066341795
46498,0.7384913,0.054321054,1.4226614,1.7887859,0.0,1.7887859,0.44719648
46501,0.12483743,0.051983193,0.19769166,0.3843077,0.0,0.3843077,0.09607693
46503,0.114168994,0.053121176,0.17521681,0.11620968,0.0,0.11620968,0.02905242
46506,0.1631206,0.05708988,0.2691513,0.18153135,0.0,0.18153135,0.04538284
46509,0.3262695,0.066773616,0.5857654,0.28090787,0.0,0.28090787,0.07022697
46512,0.107684396,0.0781115,0.13725728,0.025898598,0.049346764,0.070388615,0.017597154
46515,0.42942524,0.10331901,0.7555315,0.37300476,0.0,0.37300476,0.09325119
46518,0.5971306,0.11040946,1.0838518,0.5536934,0.0,0.5536934,0.13842335
46521,0.10419192,0.110435076,0.09794876,0.029653853,0.50075775,0.44258597,0.110646494
46523,0.09395186,0.12535669,0.06254702,0.016381813,0.2752677,0.39911833,0.09977958
46526,0.2917183,0.10847206,0.47496453,0.8961918,0.0,0.8961918,0.22404794
46529,1.0716559,0.12578374,2.017528,1.2462624,0.0,1.2462624,0.3115656
46532,0.24950258,0.113773026,0.38523212,0.39293846,0.0,0.39293846,0.098234616
46535,0.1538186,0.15224327,0.15539394,0.060192853,0.014852484,0.09489712,0.02372428
46538,0.27424815,0.12714554,0.4213508,0.13591117,0.0,0.13591117,0.03397779
46541,0.13343096,0.11044726,0.15641467,0.15595472,0.0,0.15595472,0.03898868
46543,0.067831375,0.08877473,0.046888024,0.045910377,0.9110735,0.68900895,0.17225224
46546,0.09472082,0.08234537,0.10709628,0.02037224,0.317247,0.23327506,0.058318764
46549,0.10300798,0.04650485,0.1595111,0.11314692,0.0,0.11314692,0.02828673
46552,0.04706095,0.026596494,0.06752541,0.058457952,0.07813215,0.15025543,0.037563857
46555,0.08716474,0.02636802,0.14796145,0.08209075,0.0,0.08209075,0.020522688
46558,0.316063,0.023295319,0.60883063,0.5016815,0.0,0.5016815,0.12542038
46561,0.49973854,0.02759861,0.97187847,0.733022,0.0,0.733022,0.1832555
46563,0.13709374,0.029017067,0.2451704,0.28614,0.0,0.28614,0.071535
46566,0.02780514,0.019751355,0.035858925,0.023205886,0.016759714,0.042739928,0.010684982
46569,0.08161845,0.033174824,0.13006209,0.115796804,0.0,0.115796804,0.028949201
46572,0.07885193,0.048475947,0.10922792,0.11276608,0.0,0.11276608,0.02819152
46575,0.04289071,0.03867231,0.04710911,0.00617481,0.10792903,0.122003146,0.030500786
46578,0.036172133,0.017951721,0.054392546,0.03247683,0.6897219,0.5312271,0.13280678
46581,0.05086893,0.017595714,0.08414214,0.03937384,0.027680874,0.08031616,0.02007904
46583,0.2013744,0.01861377,0.384135,0.45566878,0.0,0.45566878,0.113917194
46586,0.050228447,0.03133109,0.0691258,0.040446535,0.9552152,0.94762343,0.23690586
46589,0.07644736,0.039025795,0.11386893,0.040235043,0.035813015,0.03264548,0.00816137
46592,0.09688238,0.041735027,0.15202974,0.121581934,0.0,0.121581934,0.030395484
46595,0.05324991,0.04278025,0.06371957,0.032741357,0.01889499,0.059381437,0.014845359
46598,0.037240073,0.042065263,0.032414883,0.0026509387,0.37926635,0.37609482,0.094023705
46601,0.04265377,0.04064263,0.04466491,0.0076071024,0.32920885,0.41819584,0.10454896
46603,0.04730459,0.024077728,0.07053145,0.058581263,1.1279815,1.2892426,0.32231066
46606,0.02072632,0.019005708,0.02244693,0.0024043543,0.36097956,0.34800327,0.08700082
46609,0.47897664,0.015795792,0.9421575,0.83760613,0.0,0.83760613,0.20940153
46612,0.029168239,0.030726744,0.027609734,0.0047051455,0.20897484,0.17546189,0.043865472
46615,0.093043625,0.057054967,0.12903227,0.26401755,0.0,0.26401755,0.06600439
46618,0.06995592,0.07925584,0.060656,0.030774405,0.021762013,0.08334843,0.020837108
46621,0.064845294,0.031693026,0.09799757,0.21196888,0.0,0.21196888,0.05299222
46623,0.06850473,0.03939234,0.09761711,0.13157964,0.0,0.13157964,0.03289491
46626,0.08694402,0.0714105,0.10247755,0.07720363,0.0,0.07720363,0.019300908
46629,0.1037088,0.099939205,0.10747839,0.0027141122,0.16319323,0.1765513,0.044137824
46632,0.060220003,0.058920156,0.06151985,0.060121577,0.081438385,0.062471423,0.015617856
46635,0.55840594,0.027804265,1.0890076,0.7987421,0.0,0.7987421,0.19968553
46638,0.9731782,0.023416573,1.9229399,1.6023268,0.0,1.6023268,0.4005817
46641,0.044048052,0.032867197,0.055228908,0.029075963,0.0293986,0.06515377,0.016288443
46643,0.07337805,0.03447387,0.11228222,0.09109768,1.1624469,1.3352572,0.3338143
46646,0.07240826,0.04248132,0.10233519,0.061765444,1.8494534,1.9512019,0.48780048
46649,0.077241875,0.03816843,0.11631533,0.05025965,0.010730267,0.07517945,0.018794863
46652,0.04724877,0.033166837,0.061330706,0.02257508,0.008280754,0.036262583,0.009065646
46655,0.05277586,0.020881834,0.08466989,0.07569266,1.355374,1.5425237,0.38563094
46658,0.061445236,0.019156402,0.10373407,0.062218737,0.73453,0.87053126,0.21763282
46661,0.100618176,0.023839101,0.17739725,0.11230501,0.0,0.11230501,0.028076252
46663,0.038579285,0.016804824,0.060353745,0.025416574,0.026058832,0.028557599,0.0071393996
46666,0.80256206,0.019510284,1.5856138,1.3401098,0.0,1.3401098,0.33502746
46669,0.11331218,0.014874077,0.21175027,0.17098252,0.0,0.17098252,0.04274563
46672,0.9210562,0.01972723,1.8223852,1.5454108,0.0,1.5454108,0.3863527
46675,0.027658386,0.021271616,0.034045156,0.035139967,0.043441456,0.052570987,0.013142747
46678,0.05507326,0.022158107,0.087988414,0.058515538,1.6404696,1.747324,0.436831
46681,0.053753305,0.02556497,0.08194164,0.07300821,0.7390609,0.837117,0.20927925
46683,0.12332887,0.025886292,0.22077145,0.15825295,0.0,0.15825295,0.03956324
46686,0.033363212,0.023685604,0.043040823,0.02295895,0.3705616,0.36137593,0.09034398
46689,0.052455965,0.016054848,0.088857085,0.093486406,1.4402374,1.7133279,0.42833197
46692,0.02437023,0.014944207,0.033796255,0.03272271,0.0,0.03272271,0.008180678
46695,0.035826925,0.012127072,0.059526775,0.043714896,0.5020387,0.49708366,0.124270916
46698,0.010418288,0.009933162,0.010903415,0.006253079,0.37899074,0.34360388,0.08590097
46701,0.038565658,0.008961016,0.0681703,0.07252569,0.99549466,1.1245463,0.28113657
46703,0.02001034,0.00864637,0.03137431,0.02345475,0.03991747,0.05834313,0.014585783
46706,0.063094676,0.011950714,0.11423864,0.10021875,0.0,0.10021875,0.025054688
46709,0.27616078,0.01240518,0.53991634,0.41577193,0.0,0.41577193,0.10394298
46712,0.8583067,0.021882134,1.6947314,1.9195598,0.0,1.9195598,0.47988996
46715,0.04376508,0.025122993,0.062407166,0.025089778,0.48448706,0.40664026,0.101660065
46718,0.059307013,0.038254067,0.08035996,0.049838543,0.0,0.049838543,0.012459636
46721,0.055161893,0.041836377,0.068487406,0.03692333,0.01719904,0.056176182,0.0140440455
46723,0.07074893,0.04767756,0.09382031,0.031227583,0.026042938,0.08061849,0.020154623
46726,0.11821119,0.059280947,0.17714143,0.07950267,1.247469,0.9096458,0.22741145
46729,0.6498218,0.069950245,1.2296934,1.7006181,0.0,1.7006181,0.42515454
46732,0.11411335,0.06671471,0.16151197,0.062199857,0.060045045,0.18009625,0.045024063
46735,0.2247992,0.078920536,0.37067786,0.6879323,0.0,0.6879323,0.17198308
46738,0.07452072,0.07313415,0.0759073,0.043690246,0.057730358,0.12765552,0.03191388
46741,0.09711913,0.07586878,0.1183695,0.056254495,0.06344652,0.13730095,0.03432524
46743,0.089304425,0.080211155,0.09839771,0.07362488,0.024442354,0.12830576,0.03207644
46746,0.49006763,0.09256325,0.88757205,1.4135555,0.0,1.4135555,0.35338888
46749,0.14622185,0.09748322,0.19496047,0.050655667,0.0,0.050655667,0.012663917
46752,0.79180604,0.10140201,1.4822102,0.87052184,0.0,0.87052184,0.21763046
46755,0.10521171,0.04528809,0.16513534,0.10376426,0.9884987,1.034872,0.258718
46758,0.23163803,0.04556037,0.4177157,0.25183907,0.0,0.25183907,0.06295977
46761,0.34675875,0.053779352,0.63973814,0.3847364,0.0,0.3847364,0.0961841
46763,0.6293518,0.055977967,1.2027255,1.6459368,0.0,1.6459368,0.4114842
46766,0.11781096,0.0556683,0.17995362,0.2548178,0.0,0.2548178,0.06370445
46769,0.0909166,0.051052842,0.13078034,0.06414429,1.1193061,1.2094139,0.30235347
46772,0.072015636,0.054962277,0.08906899,0.06482613,0.009328842,0.087575644,0.021893911
46775,0.103900485,0.060698774,0.14710219,0.04519018,0.62404996,0.6325957,0.15814893
46778,0.10267519,0.06321224,0.14213814,0.033287838,0.038183093,0.10595495,0.026488738
46781,0.16564097,0.07488064,0.2564013,0.06813809,0.0,0.06813809,0.017034523
46783,0.1008149,0.060520943,0.14110886,0.04455161,0.84798145,0.77232295,0.19308074
46786,0.7417491,0.0422284,1.4412699,1.2933917,0.0,1.2933917,0.32334793
46789,0.070796035,0.034083243,0.107508816,0.05581369,0.03967301,0.11409894,0.028524734
46792,0.06599481,0.03538767,0.09660194,0.05815725,1.0497748,1.1917585,0.29793963
46795,0.05018617,0.025795475,0.07457686,0.045215487,0.06438621,0.09549775,0.023874437
46798,0.25259188,0.030142302,0.47504148,0.52376866,0.0,0.52376866,0.13094217
46801,0.030653715,0.028207747,0.03309968,0.0028117897,0.47635844,0.48250577,0.12062644
46803,0.9807129,0.02637709,1.9350487,1.9460968,0.0,1.9460968,0.4865242
46806,0.049200308,0.046722665,0.051677953,0.057350885,0.9357746,0.80549335,0.20137334
46809,0.048187386,0.051273223,0.045101542,0.003355927,0.21922393,0.20108594,0.050271485
46812,0.034695238,0.024184346,0.04520613,0.043112922,0.0,0.043112922,0.010778231
46815,0.31218106,0.034395248,0.58996683,0.45558092,0.0,0.45558092,0.11389523
46818,0.33096337,0.045274023,0.6166527,0.42276523,0.0,0.42276523,0.10569131
46821,0.41342518,0.027002811,0.79984754,0.61055773,0.0,0.61055773,0.15263943
46823,0.015746588,0.02352503,0.007968147,0.007776301,0.4569275,0.4140474,0.10351185
46826,0.34827828,0.012787935,0.6837687,0.6024309,0.0,0.6024309,0.15060772
46829,0.016993674,0.012195927,0.021791419,0.025570935,0.7614665,0.66440874,0.16610219
46832,0.015111451,0.011039139,0.019183762,0.010308118,0.34129143,0.44311705,0.11077926
46835,0.07789092,0.012935043,0.1428468,0.1069087,0.9872486,0.9614785,0.24036962
46838,0.2087955,0.015448709,0.40214232,0.3329772,0.0,0.3329772,0.0832443
46841,0.12090578,0.011715886,0.23009567,0.24277525,0.0,0.24277525,0.06069381
46843,0.029260958,0.010312439,0.048209477,0.0318803,0.018629551,0.05769858,0.014424645
46846,0.32351825,0.009956248,0.63708025,0.5821831,0.0,0.5821831,0.14554578
46849,0.037164364,0.009432175,0.064896554,0.042052824,1.2233623,1.1720563,0.29301408
46852,0.31686434,0.008438441,0.6252902,0.5630333,0.0,0.5630333,0.14075832
46855,0.20021904,0.009922356,0.3905157,0.30388567,0.0,0.30388567,0.07597142
46858,0.030107027,0.012938112,0.04727594,0.014501385,0.24912341,0.36248302,0.090620756
46861,0.12698066,0.022351071,0.23161025,0.1303495,0.0,0.1303495,0.032587375
46863,0.033750515,0.014881681,0.05261935,0.08864679,0.046818096,0.16536897,0.041342244
46866,0.6719504,0.011042565,1.3328582,1.1584178,0.0,1.1584178,0.28960446
46869,0.19590253,0.010750174,0.38105488,0.30600724,0.0,0.30600724,0.07650181
46872,0.16892137,0.0075645843,0.33027816,0.2984061,0.0,0.2984061,0.07460152
46875,0.011387003,0.007400854,0.015373153,0.0077414997,0.42255655,0.42047778,0.105119444
46878,0.46600398,0.0064884233,0.9255195,0.95872563,0.0,0.95872563,0.23968141
46881,0.69486433,0.0055914856,1.3841372,1.4559298,0.0,1.4559298,0.36398244
46883,0.27438262,0.0069448366,0.54182035,0.491587,0.0,0.491587,0.12289675
46886,0.043609545,0.009550433,0.07766865,0.050526936,0.0,0.050526936,0.012631734
46889,0.014149378,0.015425213,0.012873544,0.0055660144,0.26109347,0.25724956,0.06431239
46892,0.057934344,0.007442678,0.10842601,0.10708159,0.0,0.10708159,0.026770398
46895,0.14321949,0.0063893697,0.2800496,0.25674608,0.0,0.25674608,0.06418652
46898,0.29867193,0.0101424875,0.58720136,0.5838658,0.0,0.5838658,0.14596646
46901,0.4724282,0.016189056,0.92866737,1.0500995,0.0,1.0500995,0.26252487
46903,0.24934565,0.022135267,0.47655603,0.30416268,0.0,0.30416268,0.07604067
46906,0.046789467,0.035160836,0.058418106,0.014084374,0.16335346,0.13403355,0.033508386
46909,0.044625524,0.029693117,0.059557933,0.05629171,0.09277781,0.18899035,0.04724759
46912,0.16751911,0.028261585,0.30677664,0.48099613,0.0,0.48099613,0.12024903
46915,0.039448697,0.02894411,0.049953282,0.026491826,0.020436088,0.047198474,0.011799619
46918,0.031274863,0.02225396,0.040295765,0.010146741,0.38055262,0.33302334,0.083255835
46921,0.46653438,0.020001054,0.91306776,0.6986892,0.0,0.6986892,0.1746723
46923,0.051256683,0.03249808,0.07001528,0.030917928,0.34175643,0.33213794,0.083034486
46926,0.041332286,0.036123905,0.046540663,0.024388498,0.008580565,0.041107822,0.010276956
46929,0.04861931,0.043269128,0.053969488,0.02391421,0.024317464,0.04953785,0.012384462
46932,0.087171376,0.053493652,0.120849095,0.059132036,0.7407963,0.8923609,0.22309023
46935,0.050001014,0.04994434,0.05005769,0.005872354,0.27982554,0.26067758,0.065169394
46938,0.32607707,0.04559623,0.6065579,0.858607,0.0,0.858607,0.21465175
46940,0.066870116,0.058552444,0.07518778,0.049158644,0.09008467,0.17695646,0.044239115
46943,1.0424709,0.056440074,2.0285017,1.4916817,0.0,1.4916817,0.37292042
46946,0.09282302,0.064290054,0.12135598,0.02867429,0.52886957,0.47583136,0.11895784
46949,0.13428916,0.07117618,0.19740216,0.48577523,0.0,0.48577523,0.12144381
46952,0.11056397,0.07537133,0.1457566,0.047302127,0.5018554,0.4376228,0.1094057
46955,0.34822467,0.06259651,0.6338529,0.30570814,0.0,0.30570814,0.076427035
46958,0.138887,0.098104976,0.17966902,0.08235644,1.8123316,1.8798078,0.46995196
46960,0.05727693,0.101767205,0.012786654,0.1605316,0.0,0.1605316,0.0401329
46963,0.09001505,0.08901334,0.09101675,0.0036942472,0.30555448,0.30265096,0.07566274
46966,0.06068921,0.10481795,0.01656047,0.124215774,0.0,0.124215774,0.031053944
46969,0.11713246,0.11112031,0.123144604,0.0047279405,0.42991194,0.45818385,0.11454596
46972,0.18182641,0.13031642,0.2333364,0.0736776,1.5269657,1.7184585,0.42961463
46975,0.15944822,0.15884568,0.16005078,0.001327745,0.22956784,0.23061593,0.057653982
46978,0.15585649,0.1891035,0.122609474,0.0101724705,0.23599567,0.32493627,0.08123407
46980,0.18881996,0.1859845,0.19165544,0.003954903,0.352288,0.3327506,0.08318765
46983,0.17572331,0.16935861,0.182088,0.024273401,0.49087083,0.4953928,0.1238482
46986,0.9390603,0.14300336,1.7351173,0.9181698,0.0,0.9181698,0.22954245
46989,0.15778884,0.15790208,0.15767561,0.023302292,0.33761033,0.32395795,0.08098949
46992,0.17258318,0.19879226,0.14637409,0.13185038,0.14151828,0.06376532,0.01594133
46995,0.77561146,0.18751259,1.3637104,0.5858448,0.0,0.5858448,0.1464612
46998,0.33308262,0.2895315,0.37663373,1.2498144,0.0,1.2498144,0.3124536
47000,0.15364261,0.24201636,0.06526888,0.23349516,0.0,0.23349516,0.05837379
47003,0.1774918,0.22889112,0.12609251,0.1864097,0.0,0.1864097,0.046602424
47006,0.12607026,0.17309268,0.07904785,0.022862403,0.14674224,0.26403174,0.066007935
47009,0.36565688,0.14763811,0.5836757,0.1936719,0.0,0.1936719,0.048417974
47012,0.9483428,0.14689435,1.7497913,0.9234657,0.0,0.9234657,0.23086643
47015,0.68311113,0.1329584,1.2332639,0.61103636,0.0,0.61103636,0.15275909
47018,0.41765055,0.09729805,0.738003,1.2760386,0.0,1.2760386,0.31900966
47020,0.34549698,0.09607351,0.59492046,1.0888594,0.0,1.0888594,0.27221486
47023,0.050959747,0.06406245,0.03785705,0.06698797,0.0,0.06698797,0.016746992
47026,0.08992737,0.05358966,0.12626506,0.029366156,0.34622264,0.23738259,0.059345648
47029,0.06800966,0.04581803,0.09020129,0.054112375,0.1961484,0.25910127,0.06477532
47032,0.049105007,0.040778656,0.05743136,0.045927722,0.8016314,0.8886058,0.22215144
47035,0.043727905,0.032953538,0.054502267,0.023147428,0.014332931,0.03238386,0.008095965
47038,0.065677576,0.031442415,0.09991273,0.035684317,0.0,0.035684317,0.008921079
47040,0.04201183,0.016087165,0.0679365,0.09016242,1.2778463,1.5611153,0.39027882
47043,0.25801158,0.015292411,0.50073075,0.44598612,0.0,0.44598612,0.11149653
47046,0.021393398,0.016988846,0.025797954,0.0068054944,0.63918847,0.61636925,0.15409231
47049,0.19349305,0.016810192,0.37017593,0.31241074,0.0,0.31241074,0.078102686
47052,0.053894807,0.014291269,0.09349835,0.07923389,0.0,0.07923389,0.019808473
47055,0.040100064,0.0156173445,0.06458279,0.045148462,0.051991146,0.11585042,0.028962605
47058,0.04209116,0.017630603,0.066551715,0.051523548,0.74736434,0.7267442,0.18168604
47060,0.058650196,0.022929134,0.09437126,0.08699777,0.0,0.08699777,0.021749442
47063,0.019592583,0.017966213,0.021218954,0.0022544374,0.25379887,0.2583448,0.0645862
47066,0.084733576,0.02548053,0.14398663,0.15511326,0.0,0.15511326,0.038778316
47069,0.1031963,0.037992746,0.16839986,0.07673165,0.0,0.07673165,0.019182913
47072,0.33246636,0.04302941,0.62190336,0.55318993,0.0,0.55318993,0.13829748
47075,0.15137716,0.054415043,0.24833925,0.24790652,0.0,0.24790652,0.06197663
47078,0.03580332,0.04714791,0.024458738,0.007277847,0.25290123,0.23177482,0.057943705
47080,0.04186788,0.04507321,0.03866254,0.004142779,0.39245224,0.37746644,0.09436661
47083,0.10556545,0.040823814,0.17030708,0.08353019,1.518529,1.714712,0.428678
47086,0.07504085,0.04478358,0.10529811,0.04781115,0.041597683,0.04572613,0.011431533
47089,0.037220415,0.04645415,0.027986674,0.007502668,0.2282459,0.20292409,0.050731022
47092,0.075307466,0.061768312,0.088846624,0.051618736,0.0726107,0.049092054,0.012273014
47095,0.08878992,0.07552593,0.1020539,0.1855826,0.0,0.1855826,0.04639565
47098,0.21818095,0.08110876,0.35525313,0.70248157,0.0,0.70248157,0.17562039
47100,0.0995112,0.051948708,0.14707369,0.10545155,0.0,0.10545155,0.026362887
47103,0.07311761,0.08963641,0.0565988,0.0063896365,0.2656497,0.32578072,0.08144518
47106,0.07817789,0.085131995,0.071223795,0.03041855,0.00818491,0.04907297,0.012268242
47109,0.08273213,0.089550905,0.07591336,0.026865736,0.022579988,0.07332312,0.01833078
47112,0.08305954,0.04531115,0.12080792,0.16513042,0.0,0.16513042,0.041282605
47115,0.05425406,0.056560665,0.051947456,0.0034040625,0.3630794,0.32946265,0.08236566
47118,0.08089013,0.044472396,0.117307864,0.19738095,0.0,0.19738095,0.049345236
47120,0.038213216,0.050812196,0.025614237,0.006689042,0.1760465,0.2237285,0.055932123
47123,0.06034283,0.05335785,0.067327805,0.097201936,0.0,0.097201936,0.024300484
47126,0.11103165,0.05252998,0.16953333,0.24265938,0.0,0.24265938,0.060664844
47129,0.047310073,0.048254263,0.046365883,0.0016330496,0.3996615,0.41807878,0.104519695
47132,0.03292119,0.026573258,0.039269123,0.029774629,0.43312088,0.4627351,0.11568377
47135,0.2119335,0.015758984,0.408108,0.52418345,0.0,0.52418345,0.13104586
47138,0.029286055,0.013309042,0.045263067,0.045815054,0.0,0.045815054,0.011453764
47140,0.17535615,0.014726706,0.33598557,0.25246808,0.0,0.25246808,0.06311702
47143,0.05185991,0.008407819,0.095312,0.07577392,0.0,0.07577392,0.01894348
47146,0.006429763,0.006990749,0.005868777,0.004838075,0.16931427,0.19532724,0.04883181
47149,0.08310488,0.0063405484,0.15986921,0.17650564,0.0,0.17650564,0.04412641
47152,0.06386877,0.0070988215,0.120638706,0.12932163,0.0,0.12932163,0.03233041
47155,0.035685103,0.007192176,0.06417803,0.06692846,1.1691731,1.2092376,0.3023094
47158,0.008259104,0.006803962,0.009714245,0.0028375227,0.36600175,0.3478837,0.086970925
47160,0.014544443,0.0066273585,0.022461528,0.020320565,0.098891854,0.19631934,0.049079835
47163,0.021061251,0.006572085,0.03555042,0.033327673,0.04020087,0.08185694,0.020464236
47166,0.014725956,0.009577598,0.019874314,0.005162667,0.35727134,0.4063826,0.10159565
47169,0.15154164,0.016154228,0.28692904,0.2943457,0.0,0.2943457,0.07358643
47172,0.17016776,0.017064996,0.32327053,0.2763237,0.0,0.2763237,0.06908093
47175,0.46227214,0.016460309,0.9080839,0.8315461,0.0,0.8315461,0.20788653
47178,0.037959214,0.020833597,0.055084836,0.029529924,0.47276545,0.35745612,0.08936403
47180,0.026063627,0.018118678,0.034008574,0.026210329,0.01967446,0.05157304,0.01289326
47183,0.081921786,0.02329667,0.1405469,0.103688926,0.04523309,0.20197637,0.050494093
47186,0.12948142,0.02466094,0.23430188,0.14813991,0.0,0.14813991,0.037034977
47189,0.047277402,0.017451243,0.07710356,0.06341198,1.0889586,1.3152553,0.32881382
47192,0.0360431,0.021310255,0.050775945,0.031785887,0.41909263,0.50479805,0.12619951
47195,0.07571959,0.021124108,0.13031507,0.09249741,1.2638122,1.3224672,0.3306168
47198,0.042848323,0.02153938,0.06415727,0.046551213,0.8815527,0.85759974,0.21439993
47200,0.17945741,0.023787538,0.33512726,0.39369097,0.0,0.39369097,0.09842274
47203,0.04292797,0.02548027,0.060375676,0.12215228,0.0,0.12215228,0.03053807
47206,0.76860255,0.02628789,1.5109172,1.4228836,0.0,1.4228836,0.3557209
47209,0.74361056,0.028863406,1.4583577,1.2757288,0.0,1.2757288,0.3189322
47212,0.7284567,0.036108952,1.4208044,1.1342913,0.0,1.1342913,0.28357282
47215,0.040782973,0.029402679,0.05216327,0.045467746,0.572247,0.6278649,0.15696622
47218,1.0242525,0.046092104,2.002413,1.5177692,0.0,1.5177692,0.3794423
47220,0.58588016,0.04612407,1.1256362,0.75508064,0.0,0.75508064,0.18877016
47223,0.2269349,0.04938877,0.40448102,0.27198264,0.0,0.27198264,0.06799566
47226,0.35611045,0.057067167,0.65515375,0.36059275,0.0,0.36059275,0.09014819
47229,0.114500426,0.068743385,0.16025747,0.35256135,0.0,0.35256135,0.08814034
47232,0.049196135,0.05451743,0.04387484,0.005205075,0.28267446,0.2604349,0.065108724
47235,0.1830637,0.069620125,0.29650727,0.13482012,0.12395859,0.094441354,0.023610339
47238,0.06678514,0.06111191,0.07245838,0.0342854,0.80060005,0.7896034,0.19740085
47240,0.44235983,0.059415977,0.82530373,0.5190792,0.0,0.5190792,0.1297698
47243,0.3220239,0.046752427,0.59729534,0.9244327,0.0,0.9244327,0.23110817
47246,0.050670877,0.052592784,0.04874897,0.12872116,0.0,0.12872116,0.03218029
47249,0.3984656,0.05450516,0.742426,1.1419936,0.0,1.1419936,0.2854984
47252,0.09827348,0.05398904,0.14255792,0.06728947,0.0,0.06728947,0.016822368
47255,0.079583414,0.04766956,0.11149726,0.07070811,1.0104363,1.1747061,0.29367653
47258,0.05915617,0.037951365,0.08036097,0.052041013,1.5306753,1.611404,0.402851
47260,0.36280715,0.049906015,0.6757083,0.46439853,0.0,0.46439853,0.11609963
47263,0.032044973,0.03227183,0.031818114,0.0012490606,0.3566022,0.37126568,0.09281642
47266,0.20395009,0.043376904,0.36452326,0.25139877,0.0,0.25139877,0.06284969
47269,0.07314508,0.04193156,0.10435859,0.09792284,0.0,0.09792284,0.02448071
47272,0.0563657,0.022626435,0.09010497,0.06445766,1.4119458,1.6105384,0.4026346
47275,0.2639617,0.009634656,0.5182888,0.5532768,0.0,0.5532768,0.1383192
47278,0.013435711,0.008537474,0.018333947,0.012104814,0.13463345,0.18107109,0.045267772
47280,0.3392668,0.00870733,0.66982627,0.66367686,0.0,0.66367686,0.16591921
47283,0.05074318,0.015696554,0.08578981,0.05582047,0.06583706,0.15619865,0.039049663
47286,0.023612669,0.022172013,0.025053324,0.004333215,0.3446611,0.3515605,0.087890126
47289,0.32901347,0.024998844,0.6330281,0.42540196,0.0,0.42540196,0.10635049
47292,0.035134595,0.02599971,0.044269476,0.02221796,0.017895738,0.05222245,0.013055612
47295,0.99630594,0.030239888,1.962372,1.5459944,0.0,1.5459944,0.3864986
47298,0.09249609,0.026039178,0.158953,0.07892024,0.0,0.07892024,0.01973006
47300,0.4367883,0.016439483,0.857137,1.0496403,0.0,1.0496403,0.26241007
47303,0.029632583,0.018996296,0.04026887,0.018935487,0.08599571,0.09562231,0.023905577
47306,0.27915958,0.010920085,0.54739904,0.6665165,0.0,0.6665165,0.16662912
47309,0.8879985,0.009914172,1.7660828,1.5992613,0.0,1.5992613,0.39981532
47312,0.019008258,0.017179264,0.020837253,0.001593809,0.3324581,0.33015072,0.08253768
47315,0.040927406,0.013608615,0.06824619,0.07079134,0.0,0.07079134,0.017697835
47318,0.119983256,0.00845568,0.23151083,0.173662,0.0,0.173662,0.0434155
47320,0.033870127,0.011457793,0.056282457,0.08167875,0.0904905,0.04872859,0.012182147
47323,0.009533007,0.011039375,0.008026638,0.008654561,0.4261771,0.53980035,0.13495009
47326,0.31356153,0.010566595,0.61655647,0.5071983,0.0,0.5071983,0.12679957
47329,0.07186526,0.0078005693,0.13592996,0.13169572,0.0,0.13169572,0.03292393
47332,0.031252168,0.0083393,0.054165035,0.035024513,0.60282,0.5517183,0.13792957
47335,0.016122654,0.005596509,0.026648799,0.02931667,0.04244407,0.055558357,0.013889589
47338,0.05066596,0.0046003107,0.09673161,0.07874378,1.607848,1.8872141,0.47180352
47340,0.13212104,0.006169596,0.25807247,0.25036442,0.0,0.25036442,0.062591106
47343,0.011295506,0.0058786324,0.01671238,0.021739764,0.012074232,0.042350095,0.010587524
47346,0.018501436,0.006027924,0.030974947,0.03763975,0.026377955,0.08974131,0.022435328
47349,0.03453971,0.004955322,0.0641241,0.087168515,1.431243,1.7392904,0.4348226
47352,0.13037397,0.005380037,0.2553679,0.2642893,0.0,0.2642893,0.06607232
47355,0.08864096,0.0063540875,0.17092782,0.15262958,0.0,0.15262958,0.038157396
47358,0.073501445,0.0047827377,0.14222015,0.15616426,0.0,0.15616426,0.039041065
47360,0.30486006,0.011976062,0.59774405,0.5059343,0.0,0.5059343,0.12648357
47363,0.092165686,0.006418787,0.1779126,0.19776364,0.0,0.19776364,0.04944091
47366,0.54678786,0.003296244,1.0902795,1.1256741,0.0,1.1256741,0.28141853
47369,0.07136275,0.0048983954,0.1378271,0.12027675,0.119391285,0.044950087,0.011237522
47372,0.19858176,0.005291932,0.39187157,0.42900538,0.0,0.42900538,0.107251346
47375,0.012547118,0.007173296,0.017920941,0.004818065,0.24335277,0.22360516,0.05590129
47378,0.6366243,0.009499591,1.263749,1.2857854,0.0,1.2857854,0.32144636
47380,0.6321388,0.010362896,1.2539147,1.3200681,0.0,1.3200681,0.33001703
47383,0.03373073,0.013413709,0.054047752,0.047632683,0.71649116,0.87801105,0.21950276
47386,0.43717542,0.014096911,0.860254,1.0435888,0.0,1.0435888,0.2608972
47389,0.041491505,0.015700059,0.067282945,0.07515953,0.9954586,1.2996439,0.32491097
47392,0.0368105,0.017462948,0.056158047,0.044446457,0.0,0.044446457,0.011111614
47395,0.039986365,0.031653058,0.04831967,0.053426426,0.045476437,0.14595911,0.036489777
47398,0.031476535,0.01787978,0.04507329,0.016224494,0.37607443,0.32052603,0.08013151
47400,0.010924538,0.016556777,0.005292298,0.019405661,0.21137877,0.29800755,0.07450189
47403,0.23813939,0.012429342,0.46384943,0.5999305,0.0,0.5999305,0.14998263
47406,0.022436744,0.01442398,0.030449508,0.025638036,0.41434106,0.47123602,0.117809005
47409,0.03324516,0.0202479,0.04624242,0.017737724,0.19862624,0.141921,0.03548025
47412,0.036645364,0.021479527,0.0518112,0.05731061,0.050100964,0.05922116,0.01480529
47415,0.05824642,0.012715213,0.103777625,0.12824973,0.0,0.12824973,0.032062434
47418,0.04190306,0.030989647,0.05281647,0.033182878,0.73685455,0.8090339,0.20225847
47420,0.33746803,0.024373397,0.65056264,0.45596448,0.0,0.45596448,0.11399112
47423,0.12463531,0.039352093,0.20991851,0.114665516,0.0,0.114665516,0.028666379
47426,0.24465059,0.03238355,0.4569176,0.64605755,0.0,0.64605755,0.16151439
47429,0.28802326,0.029176729,0.5468698,0.7231495,0.0,0.7231495,0.18078737
47432,0.07425463,0.03235412,0.11615515,0.05834863,0.0,0.05834863,0.014587157
47435,0.08616904,0.03374071,0.13859738,0.099284194,1.0303246,1.2181206,0.30453014
47438,0.07674608,0.0375754,0.11591675,0.25598422,0.0,0.25598422,0.063996054
47440,0.10347968,0.04877655,0.15818281,0.101313986,0.9496953,1.1030978,0.27577445
47443,0.03739168,0.03869548,0.036087885,0.0057827313,0.4279232,0.3837801,0.09594502
47446,0.04891484,0.04644331,0.051386375,0.0046759364,0.16239487,0.15645395,0.039113488
47449,0.06395539,0.061203748,0.06670704,0.0016146734,0.3763852,0.38670382,0.096675955
47452,0.0865195,0.056756407,0.116282605,0.06145157,0.0,0.06145157,0.015362892
47455,0.1806205,0.06880699,0.29243404,0.18964039,0.0,0.18964039,0.047410097
47458,0.1532555,0.1118699,0.19464111,0.51251405,0.0,0.51251405,0.12812851
47460,0.13979508,0.07147777,0.20811237,0.17829718,0.0,0.17829718,0.044574294
47463,0.35164985,0.06444645,0.6388532,0.30780604,0.0,0.30780604,0.07695151
47466,0.088361,0.07332984,0.10339216,0.015383746,0.0056703887,0.018597001,0.0046492503
47469,0.08851316,0.07229226,0.10473406,0.019574411,0.014950752,0.035509955,0.008877489
47472,0.107003815,0.0850426,0.12896504,0.009450039,0.4994583,0.44576666,0.111441664
47475,1.4207295,0.11569744,2.7257614,1.7641182,0.0,1.7641182,0.44102955
47478,0.2578744,0.13067406,0.38507473,0.8735066,0.0,0.8735066,0.21837665
47480,0.14404303,0.12983872,0.15824734,0.32315478,0.0,0.32315478,0.080788694
47483,0.087391414,0.11713252,0.057650298,0.013992958,0.3298163,0.44316396,0.11079099
47486,0.17132539,0.14422365,0.19842713,0.0204734,0.36706343,0.31109968,0.07777492
47489,0.20687808,0.14084078,0.2729154,0.060569722,0.05783081,0.14479248,0.03619812
47492,0.13890548,0.14112759,0.13668339,0.0027467737,0.20640118,0.20072679,0.050181698
47495,0.14269651,0.11395129,0.17144175,0.0325518,0.011427243,0.05290859,0.013227147
47498,0.46086597,0.08868965,0.8330423,1.0107652,0.0,1.0107652,0.2526913
47500,0.8659436,0.061851967,1.6700352,1.224797,0.0,1.224797,0.30619925
47503,0.21233897,0.05125362,0.3734243,0.29665446,0.0,0.29665446,0.074163616
47506,0.07615756,0.05077904,0.10153607,0.060078982,0.020738164,0.09256873,0.023142183
47509,0.08878706,0.050200254,0.12737387,0.054457303,0.72895986,0.7319069,0.18297672
47512,0.2520729,0.03448704,0.46965873,0.43976066,0.0,0.43976066,0.109940164
47515,0.034576703,0.030214814,0.038938593,0.048748612,0.79805374,0.9291537,0.23228842
47518,0.039753813,0.022365408,0.057142217,0.046139672,0.8194394,0.7892127,0.19730318
47520,0.0677607,0.02124445,0.114276946,0.062273636,0.0,0.062273636,0.015568409
47523,0.045060936,0.01752209,0.07259979,0.09047413,0.030422846,0.15384322,0.038460806
47526,0.25701436,0.018146249,0.4958825,0.4030184,0.0,0.4030184,0.1007546
47529,0.13618395,0.017718129,0.25464976,0.18724251,0.0,0.18724251,0.046810627
47532,0.15114136,0.024177855,0.27810487,0.15944,0.0,0.15944,0.03986
47535,0.038088735,0.02312204,0.053055424,0.023552896,0.5092775,0.5027726,0.12569316
47538,0.79018235,0.028817633,1.551547,1.2356743,0.0,1.2356743,0.30891857
47540,0.38009557,0.02665809,0.7335331,0.6020641,0.0,0.6020641,0.15051602
47543,0.12457994,0.04080943,0.20835046,0.10327884,0.0,0.10327884,0.02581971
47546,0.22266306,0.04787771,0.39744842,0.2300843,0.0,0.2300843,0.057521075
47549,0.08602347,0.062670805,0.10937613,0.017934022,0.0,0.017934022,0.0044835056
47552,0.09014525,0.055608075,0.12468243,0.032348122,0.040795486,0.101317786,0.025329446
47555,0.10016235,0.046155382,0.1541693,0.06561019,1.17247,0.8017285,0.20043212
47558,0.16725542,0.047057573,0.28745326,0.13320169,0.0,0.13320169,0.033300422
47560,0.029590832,0.034101624,0.025080042,0.016627014,0.33820185,0.34205517,0.08551379
47563,0.04920195,0.018714614,0.07968929,0.045926437,0.035231907,0.094355345,0.023588836
47566,0.03205256,0.01666134,0.04744378,0.03500348,0.027981123,0.07364113,0.018410282
47569,0.022679681,0.018691236,0.026668124,0.0047981157,0.56746626,0.5345039,0.13362597
47572,0.057915974,0.02017052,0.09566143,0.053799316,0.6599305,0.70208424,0.17552106
47575,0.052144814,0.048775744,0.05551389,0.020046553,0.012208541,0.042793542,0.010698386
47578,0.27658108,0.03325746,0.51990473,0.76126885,0.0,0.76126885,0.19031721
47580,0.04728059,0.041324373,0.053236812,0.031299338,0.016747793,0.06380812,0.01595203
47583,0.20026036,0.03262764,0.3678931,0.20721667,0.0,0.20721667,0.051804166
47586,0.053723272,0.046951752,0.06049479,0.0033770883,0.17018063,0.16735809,0.04183952
47589,0.06841931,0.053474188,0.08336443,0.029175697,0.02309076,0.049348596,0.012337149
47592,0.37448886,0.030750955,0.71822673,0.92129666,0.0,0.92129666,0.23032416
47595,0.038801175,0.040344544,0.0372578,0.015741656,0.009183248,0.020579802,0.0051449505
47598,0.06446771,0.016054505,0.11288092,0.10828504,0.0,0.10828504,0.02707126
47600,0.3539728,0.014233206,0.6937124,0.5731059,0.0,0.5731059,0.14327647
47603,0.5935338,0.016890842,1.1701767,1.0248499,0.0,1.0248499,0.25621247
47606,0.07023804,0.022200307,0.11827577,0.056315344,0.008546829,0.080757044,0.020189261
47609,0.19672029,0.02022419,0.3732164,0.2499621,0.0,0.2499621,0.062490527
47612,0.075646974,0.020801032,0.13049293,0.17822069,0.0,0.17822069,0.044555172
47615,0.039702114,0.019490607,0.05991362,0.03058908,0.7083826,0.73235387,0.18308847
47618,0.055113737,0.019688927,0.090538554,0.07346873,0.0,0.07346873,0.018367182
47620,0.023021912,0.020717787,0.025326036,0.0060780295,0.18605216,0.15937632,0.03984408
47623,0.42479706,0.025600582,0.8239935,1.0504495,0.0,1.0504495,0.26261237
47626,0.6735503,0.025260687,1.3218398,1.0563775,0.0,1.0563775,0.26409438
47629,0.18785961,0.035820305,0.3398989,0.17734112,0.0,0.17734112,0.04433528
47632,0.049672592,0.04828692,0.051058274,0.0018014647,0.18546565,0.16938694,0.042346735
47635,0.064993896,0.07502431,0.054963484,0.010421553,0.1871053,0.19402967,0.04850742
47638,0.68895745,0.06784377,1.3100711,0.8297172,0.0,0.8297172,0.2074293
47640,0.11098248,0.07676538,0.14519958,0.07748196,0.08056664,0.11763213,0.029408032
47643,0.103178024,0.09362825,0.11272781,0.0025513903,0.33089575,0.3790207,0.09475517
47646,0.119942494,0.08158053,0.15830447,0.23160298,0.0,0.23160298,0.057900745
47649,0.053120505,0.037677206,0.068563804,0.05259746,0.9381156,0.9213292,0.2303323
47652,0.61631167,0.03342138,1.199202,0.96109587,0.0,0.96109587,0.24027397
47655,0.043791577,0.038819563,0.04876359,0.0050836257,0.17675193,0.19653566,0.049133915
47658,0.80944824,0.042468946,1.5764275,1.1611375,0.0,1.1611375,0.29028437
47660,0.07327012,0.050018817,0.096521415,0.050298166,0.18624496,0.17921074,0.044802684
47663,0.19811077,0.06539365,0.33082792,0.15340818,0.0,0.15340818,0.038352046
47666,0.18860526,0.095766224,0.2814443,0.6288164,0.0,0.6288164,0.1572041
47669,0.12095495,0.08166486,0.16024503,0.4174126,0.0,0.4174126,0.10435315
47672,0.1193336,0.06547899,0.17318821,0.06694885,0.0,0.06694885,0.016737213
47675,0.29825217,0.0637925,0.5327118,0.2767186,0.0,0.2767186,0.06917965
47678,0.115918,0.06019212,0.17164387,0.07967692,0.0,0.07967692,0.01991923
47680,0.08173829,0.07190705,0.09156954,0.21055885,0.0,0.21055885,0.05263971
47683,0.09002015,0.07410509,0.105935216,0.023482382,0.017431736,0.041651674,0.010412918
47686,0.07853789,0.082792416,0.07428336,0.041948546,0.5471929,0.6715837,0.16789593
47689,0.09394302,0.08059579,0.107290246,0.046743084,0.5649719,0.5854063,0.14635158
47692,0.12552258,0.057609376,0.19343579,0.052494545,0.0,0.052494545,0.013123636
47695,0.036451545,0.056042906,0.016860181,0.04082347,0.7204426,0.48488215,0.12122054
47698,0.20862646,0.03548573,0.38176718,0.28027493,0.0,0.28027493,0.07006873
47700,0.09002054,0.042953443,0.13708763,0.19224505,0.0,0.19224505,0.048061263
47703,0.058825538,0.043008585,0.07464249,0.03688642,0.8309024,0.7682679,0.19206698
47706,0.060430303,0.044435263,0.076425344,0.026298678,0.32105574,0.23452587,0.05863147
47709,0.07747879,0.040833514,0.11412407,0.07795176,1.099871,1.3729368,0.3432342
47712,0.033626456,0.038312163,0.028940754,0.011236523,0.36514997,0.4792376,0.1198094
47715,0.124167435,0.019155968,0.2291789,0.12872243,0.0,0.12872243,0.032180607
47718,0.60424685,0.015187293,1.1933064,1.1039062,0.0,1.1039062,0.27597654
47720,0.09699813,0.026078051,0.16791822,0.08564807,1.7375084,1.9188458,0.47971144
47723,0.6764112,0.009623681,1.3431988,1.4174881,0.0,1.4174881,0.35437202
47726,0.0752844,0.0080116335,0.14255716,0.13416535,0.0,0.13416535,0.033541337
47729,0.03427949,0.010007884,0.058551103,0.041089743,0.019703547,0.0756924,0.0189231
47732,0.013520052,0.008594235,0.01844587,0.006044835,0.21497636,0.23172563,0.05793141
47735,0.012843683,0.010507024,0.015180342,0.006962704,0.2824429,0.29906717,0.07476679
47738,0.024657393,0.018441126,0.030873662,0.0039111287,0.24278887,0.26415396,0.06603849
47740,0.024280166,0.016746571,0.031813763,0.023289263,0.41552854,0.3794811,0.09487028
47743,0.03312291,0.0134507185,0.052795097,0.073373884,0.9477431,1.0321976,0.2580494
47746,0.018007452,0.017371662,0.01864324,0.008617154,0.44738042,0.40975758,0.102439396
47749,0.7155022,0.019163182,1.4118413,1.4537834,0.0,1.4537834,0.36344585
47752,0.08072448,0.013394303,0.14805464,0.10445997,1.0670952,1.149978,0.2874945
47755,0.037333902,0.012054223,0.06261358,0.04416421,0.0,0.04416421,0.011041053
47758,0.03998599,0.015067726,0.06490425,0.05305324,0.0,0.05305324,0.01326331
47760,0.010996184,0.012704767,0.0092876,0.0028584648,0.3323662,0.37355745,0.09338936
47763,0.038188595,0.014150764,0.06222643,0.07909079,1.6925116,1.7209488,0.4302372
47766,0.33241305,0.023188166,0.6416379,0.880457,0.0,0.880457,0.22011425
47769,0.06609548,0.022595895,0.10959506,0.07943681,0.10168457,0.17892139,0.044730347
47772,0.069305874,0.017796753,0.120815,0.07449362,0.0,0.07449362,0.018623404
47775,0.053311974,0.024858758,0.08176518,0.0644517,0.03825903,0.111709714,0.027927428
47778,0.04037631,0.02866014,0.05209248,0.04272115,0.9730217,0.87171894,0.21792974
47780,0.38418594,0.025612632,0.7427592,0.92254287,0.0,0.92254287,0.23063572
47783,0.014221657,0.016529305,0.01191401,0.0037074902,0.5127063,0.4878746,0.12196865
47786,0.30898824,0.016797367,0.6011791,0.6426466,0.0,0.6426466,0.16066165
47789,0.34176457,0.010182903,0.6733462,0.66817236,0.0,0.66817236,0.16704309
47792,0.034012716,0.0112923505,0.056733083,0.04002351,0.0,0.04002351,0.010005877
47795,0.1910503,0.017447509,0.3646531,0.4909326,0.0,0.4909326,0.12273315
47798,0.028552577,0.011563023,0.045542132,0.039555147,0.028316498,0.092648424,0.023162106
47800,0.013410139,0.010779752,0.016040524,0.003571823,0.3112097,0.36096764,0.09024191
47803,0.037130937,0.011064948,0.06319693,0.051201176,0.113722324,0.15470345,0.038675863
47806,0.024723157,0.010013552,0.039432764,0.04142395,0.76872057,0.8080171,0.20200427
47809,0.10973679,0.015691465,0.20378213,0.19680578,0.0,0.19680578,0.049201444
47812,0.055236995,0.015338152,0.09513584,0.090745814,0.0,0.090745814,0.022686454
47815,0.019593816,0.01745289,0.021734742,0.002105593,0.29996744,0.2963967,0.074099176
47818,0.12641375,0.025439525,0.22738798,0.38116026,0.0,0.38116026,0.095290065
47820,0.10970447,0.019862285,0.19954668,0.28454068,0.0,0.28454068,0.07113517
47823,0.23945795,0.021437615,0.45747828,0.598069,0.0,0.598069,0.14951725
47826,0.038740676,0.020186847,0.057294507,0.053934112,0.012046655,0.07837256,0.01959314
47829,0.03382392,0.024362257,0.04328558,0.038847405,0.046498615,0.07594157,0.018985393
47832,0.023985894,0.020260837,0.027710954,0.031293314,0.0,0.031293314,0.0078233285
47835,0.076945536,0.031871773,0.1220193,0.04607102,0.0,0.04607102,0.011517755
47838,0.6630677,0.03323787,1.2928976,0.9938019,0.0,0.9938019,0.24845047
47840,0.053477068,0.029712176,0.077241965,0.027976304,0.011971633,0.056244448,0.014061112
47843,0.07997743,0.03156729,0.12838757,0.071708165,0.030016104,0.13358535,0.033396337
47846,0.13285773,0.02752502,0.23819041,0.2860233,0.0,0.2860233,0.07150582
47849,0.07405287,0.036429837,0.111675896,0.040887434,0.0,0.040887434,0.0102218585
47852,0.23421861,0.04144685,0.4269904,0.29721507,0.0,0.29721507,0.07430377
47855,0.02522906,0.025690714,0.024767404,0.004775549,0.625954,0.6625034,0.16562586
47858,0.03115031,0.024754008,0.03754661,0.00816959,0.36361408,0.46392202,0.115980506
47860,0.057530846,0.018594941,0.09646675,0.06647134,0.0,0.06647134,0.016617835
47863,0.331207,0.013318994,0.64909506,0.58953935,0.0,0.58953935,0.14738484
47866,0.041216817,0.022477612,0.059956025,0.053141292,0.030344686,0.11637672,0.02909418
47869,0.03451902,0.012129991,0.056908052,0.068956666,0.0,0.068956666,0.017239166
47872,0.69666237,0.014549814,1.3787748,1.205496,0.0,1.205496,0.301374
47875,0.05249766,0.018067451,0.08692787,0.05803889,0.65790397,0.7174649,0.17936623
47878,0.03628513,0.014629118,0.05794114,0.025942316,0.2906815,0.21016598,0.052541494
47880,0.056705657,0.014683177,0.09872814,0.05110864,0.0,0.05110864,0.01277716
47883,0.22702424,0.012615058,0.44143343,0.39621606,0.0,0.39621606,0.099054016
47886,0.015073143,0.019611001,0.010535285,0.007330656,0.28888586,0.35886255,0.08971564
47889,0.016227117,0.01778864,0.014665593,0.0033237755,0.15559174,0.16622739,0.041556846
47892,0.070380054,0.025322318,0.1154378,0.05816635,0.7534805,0.71131635,0.17782909
47895,0.1572053,0.015246616,0.29916397,0.23267674,0.0,0.23267674,0.058169186
47897,0.048360184,0.016237749,0.08048262,0.09103098,0.0,0.09103098,0.022757744
47900,0.0333031,0.014952769,0.051653434,0.05285272,0.02242136,0.087145925,0.021786481
47903,0.016109694,0.012346086,0.0198733,0.021241901,0.022307396,0.053048972,0.013262243
47906,0.028738096,0.015039392,0.042436797,0.032580465,0.6413812,0.6253808,0.1563452
47909,0.07916106,0.018627934,0.1396942,0.103183866,0.9151986,1.121128,0.280282
47912,0.06739353,0.018222876,0.11656418,0.09491391,0.0,0.09491391,0.023728477
47915,0.028139926,0.014485051,0.041794803,0.023206884,0.39147124,0.4105049,0.10262623
47917,0.05306695,0.019750869,0.08638302,0.039086428,0.51057845,0.534203,0.13355075
47920,0.20681538,0.03498536,0.37864542,0.351495,0.0,0.351495,0.08787375
47923,0.07990625,0.04193026,0.11788223,0.080429934,0.0929234,0.10838544,0.02709636
47926,0.05262339,0.043408483,0.061838303,0.034865916,0.022295794,0.04760942,0.011902355
47929,0.2151062,0.027281223,0.4029312,0.58794534,0.0,0.58794534,0.14698634
47932,0.067670554,0.020451287,0.11488982,0.10806498,1.0344039,1.1429921,0.28574803
47935,0.075978525,0.029672818,0.122284226,0.22247224,0.0,0.22247224,0.05561806
47937,0.13030887,0.024546996,0.23607074,0.37114477,0.0,0.37114477,0.09278619
47940,0.28668877,0.038084827,0.5352927,0.3316042,0.0,0.3316042,0.08290105
47943,0.022585595,0.031809747,0.013361444,0.010672812,0.4082409,0.47368884,0.11842221
47946,1.0071367,0.039197896,1.9750754,1.5219036,0.0,1.5219036,0.3804759
47949,0.04953063,0.054251373,0.04480989,0.0065560937,0.4656075,0.4733959,0.11834898
47952,0.20953238,0.028061464,0.39100328,0.24346541,0.0,0.24346541,0.060866352
47955,0.028430277,0.026499802,0.030360753,0.03159626,0.44367802,0.5188888,0.1297222
47957,0.12550186,0.027575662,0.22342806,0.3493146,0.0,0.3493146,0.08732865
47960,0.039589237,0.027226225,0.051952254,0.023347253,0.0096719265,0.031383324,0.007845831
47963,0.23199713,0.026399998,0.43759426,0.28004315,0.0,0.28004315,0.07001079
47966,0.031797428,0.026774457,0.0368204,0.03418522,0.13758199,0.11984366,0.029960915
47969,0.039125897,0.011818126,0.06643367,0.060888678,0.8922992,1.0505852,0.2626463
47972,0.038646135,0.013591369,0.0637009,0.032587532,0.0,0.032587532,0.008146883
47975,0.10281682,0.035039105,0.17059453,0.10698984,0.114572234,0.19016004,0.04754001
47977,0.022613471,0.026696926,0.018530017,0.0054936185,0.42134476,0.40614104,0.10153526
47980,0.03796498,0.035648547,0.04028142,0.08180874,0.09201288,0.045076687,0.011269172
47983,0.031167207,0.03304277,0.029291645,0.0111942515,0.676287,0.5714235,0.14285587
47986,0.029145634,0.03202194,0.026269324,0.0041243657,0.27518559,0.25882515,0.06470629
47989,0.030548355,0.022240972,0.03885574,0.011835366,0.3003904,0.28434747,0.07108687
47992,0.035067577,0.030392686,0.039742466,0.027749186,0.7787325,0.68333393,0.17083348
47995,0.040219698,0.030746678,0.04969272,0.04032936,0.78475124,0.91175586,0.22793896
47997,0.50070673,0.014348015,0.9870655,1.071215,0.0,1.071215,0.26780376
48000,0.85627437,0.009485104,1.7030636,1.5376414,0.0,1.5376414,0.38441035
48003,0.013751554,0.004657814,0.022845292,0.017061874,0.17993987,0.25776306,0.064440764
48006,0.014012571,0.005062359,0.022962784,0.023161137,0.02115202,0.041992802,0.010498201
48009,0.005681224,0.0055301287,0.00583232,0.0043371646,0.38102022,0.4185365,0.10463413
48012,0.6888396,0.0037142804,1.3739649,1.4193457,0.0,1.4193457,0.35483643
48015,0.030258438,0.0046471036,0.055869773,0.05028543,0.7122175,0.7866254,0.19665635
48017,0.015409692,0.0063996073,0.024419777,0.026741201,0.06986412,0.09816458,0.024541145
48020,0.03981855,0.017969204,0.061667893,0.033955254,0.026671091,0.04137064,0.01034266
48023,0.05049388,0.0057629272,0.095224835,0.08165816,0.067186356,0.21174407,0.052936018
48026,0.0081059355,0.00437571,0.011836161,0.0049700495,0.35756382,0.36575642,0.091439106
48029,0.04984535,0.021688355,0.07800234,0.048268706,0.7050894,0.7065235,0.17663087
48032,0.078686334,0.004006364,0.1533663,0.14976962,0.0,0.14976962,0.037442405
48035,0.004477265,0.0042950897,0.00465944,0.0032442452,0.14887922,0.12698884,0.03174721
48037,0.042290438,0.0036741348,0.08090674,0.09071999,0.0,0.09071999,0.022679998
48040,0.018910153,0.007929271,0.029891035,0.031273235,0.44568443,0.46393323,0.11598331
48043,0.11600616,0.021948157,0.21006416,0.12526126,0.0,0.12526126,0.031315316
48046,0.024888493,0.0068133827,0.042963605,0.03032145,0.04520909,0.063967966,0.015991991
48049,0.02740057,0.007507052,0.04729409,0.039615702,1.0696598,0.98602515,0.24650629
48052,0.057151586,0.0060112625,0.1082919,0.11319604,0.0,0.11319604,0.02829901
48055,0.039014533,0.006963422,0.07106564,0.06064828,0.046026707,0.13202062,0.033005156
48057,0.043896932,0.008714599,0.07907926,0.0849008,0.10286624,0.17625165,0.044062912
48060,0.02765415,0.010341872,0.04496643,0.040727846,0.0,0.040727846,0.010181962
48063,0.043862328,0.026087185,0.061637472,0.03372644,0.59493226,0.65783376,0.16445844
48066,0.044618275,0.010190472,0.07904608,0.08165196,0.02758344,0.15643044,0.03910761
48069,0.04135512,0.005688727,0.07702151,0.06095041,0.74254847,0.84414846,0.21103711
48072,0.021157036,0.006309992,0.036004078,0.03028957,0.05366723,0.034228094,0.0085570235
48075,0.0130010815,0.006401909,0.019600254,0.010241453,0.6686285,0.61116534,0.15279134
48077,0.031985376,0.0053471304,0.058623623,0.06650779,0.0,0.06650779,0.016626947
48080,0.04060225,0.006802682,0.07440182,0.06303109,0.83132523,0.7913627,0.19784068
48083,0.028783051,0.010557159,0.047008943,0.051635947,0.0,0.051635947,0.012908987
48086,0.05807076,0.011486307,0.10465521,0.10789653,0.0,0.10789653,0.026974132
48089,0.051791977,0.008912322,0.09467163,0.06393627,0.009882927,0.08427858,0.021069646
48092,0.022955082,0.0068889614,0.039021205,0.03478087,0.2938212,0.3518331,0.087958276
48095,0.039445493,0.0123867765,0.06650421,0.057949033,0.80272484,0.8958543,0.22396357
48097,0.23154218,0.012561623,0.45052275,0.58247316,0.0,0.58247316,0.14561829
48100,0.026592515,0.022825023,0.030360008,0.0055865995,0.27869496,0.28301188,0.07075297
48103,0.4841715,0.025742376,0.94260067,0.6974798,0.0,0.6974798,0.17436995
48106,0.042115938,0.030988095,0.053243782,0.038011406,0.04476126,0.09421533,0.023553833
48109,0.1135812,0.031313643,0.19584876,0.13059099,0.0,0.13059099,0.032647748
48112,0.17126216,0.03479841,0.30772594,0.5162225,0.0,0.5162225,0.12905562
48115,0.053892065,0.045400087,0.062384043,0.032236814,0.83351356,0.87865347,0.21966337
48117,0.1830696,0.042649444,0.3234898,0.5802806,0.0,0.5802806,0.14507015
48120,0.20183717,0.0487549,0.35491943,0.64819,0.0,0.64819,0.1620475
48123,0.43630508,0.0485294,0.82408077,0.5176451,0.0,0.5176451,0.12941128
48126,0.07807212,0.05845259,0.097691655,0.04133368,0.5718541,0.5815733,0.14539333
48129,0.060317893,0.062448557,0.05818723,0.004131828,0.295784,0.27656257,0.06914064
48132,0.115614,0.05762099,0.17360699,0.09667943,0.0,0.09667943,0.024169857
48135,0.091204815,0.060534153,0.121875465,0.059188645,0.06950796,0.107226245,0.026806561
48137,0.12856926,0.058001727,0.19913681,0.14441445,0.0,0.14441445,0.036103614
48140,0.11486962,0.09226648,0.13747275,0.05350931,0.632055,0.75757694,0.18939424
48143,0.12857981,0.071448624,0.18571098,0.055478934,0.0,0.055478934,0.013869734
48146,0.16486849,0.08194933,0.24778764,0.073265426,0.0,0.073265426,0.018316356
48149,0.07424418,0.11104337,0.037444983,0.027191892,0.11910811,0.22864753,0.057161883
48152,0.11196961,0.1314997,0.09243953,0.0060378076,0.12488952,0.15585612,0.03896403
48155,0.07686299,0.11316368,0.040562302,0.22512664,0.0,0.22512664,0.05628166
48157,0.16644849,0.12338385,0.20951314,0.06705984,0.81875706,0.86066276,0.21516569
48160,0.20180728,0.13273664,0.27087793,0.052849125,0.011487166,0.07099087,0.017747717
48163,0.60258436,0.11322323,1.0919455,1.8678032,0.0,1.8678032,0.4669508
48166,0.14091586,0.14784242,0.13398926,0.029469097,0.008491278,0.05255261,0.013138153
48169,0.2649127,0.13773143,0.392094,0.124147676,0.0,0.124147676,0.031036919
48172,0.27994886,0.11624136,0.4436564,0.13323186,0.0,0.13323186,0.033307966
48175,0.14469098,0.130942,0.15843992,0.10520169,0.22250652,0.20509951,0.051274877
48177,0.635011,0.11537432,1.1546477,0.58902436,0.0,0.58902436,0.14725609
48180,0.42371833,0.09217145,0.75526524,1.2872037,0.0,1.2872037,0.32180092
48183,0.8573942,0.0613618,1.6534266,1.101842,0.0,1.101842,0.2754605
48186,0.13293198,0.07808604,0.18777792,0.09414076,0.9090076,0.9546725,0.23866813
48189,0.080931686,0.058422495,0.10344088,0.03202015,0.029452166,0.07173289,0.017933223
48192,0.07386712,0.038330458,0.10940379,0.16557568,0.0,0.16557568,0.04139392
48195,0.28351185,0.027359523,0.5396642,0.3446053,0.0,0.3446053,0.086151324
48197,0.09397706,0.03842096,0.14953315,0.12577236,1.2940259,1.40743,0.3518575
48200,0.06780941,0.033601288,0.102017544,0.15626563,0.0,0.15626563,0.039066408
48203,0.040245865,0.03143243,0.049059298,0.04159898,0.6847895,0.63968205,0.15992051
48206,0.0648176,0.031026324,0.098608874,0.037378967,0.062067986,0.115648426,0.028912107
48209,0.064975604,0.024853429,0.10509778,0.1617007,0.0,0.1617007,0.040425174
48212,0.027812846,0.02379992,0.03182577,0.003007967,0.3507813,0.35979,0.0899475
48215,0.39269042,0.015856454,0.7695244,0.5744729,0.0,0.5744729,0.14361823
48217,0.042631686,0.01562736,0.06963601,0.048821714,1.2289392,1.2571863,0.31429657
48220,0.1259944,0.010225224,0.24176358,0.31574106,0.0,0.31574106,0.078935266
48223,0.49761853,0.011290353,0.9839466,0.80919355,0.0,0.80919355,0.20229839
48226,0.042145047,0.011826929,0.07246317,0.045144748,0.0,0.045144748,0.011286187
48229,0.33690548,0.016052647,0.6577583,0.48956048,0.0,0.48956048,0.12239012
48232,0.17137374,0.01587086,0.32687664,0.21068694,0.0,0.21068694,0.052671734
48235,0.5029614,0.014902855,0.99101996,0.788976,0.0,0.788976,0.197244
48237,0.0378098,0.012198524,0.06342108,0.045747478,0.0,0.045747478,0.011436869
48240,0.038157627,0.016451918,0.05986334,0.06705776,0.9533585,0.84312874,0.21078219
48243,0.02556332,0.014985454,0.036141187,0.0485305,1.0007375,0.80771786,0.20192946
48246,0.017765408,0.01391536,0.021615455,0.010823384,0.3632207,0.36755612,0.09188903
48249,0.028393919,0.014087993,0.042699844,0.017175598,0.013745308,0.021077365,0.005269341
48252,0.28257784,0.008106374,0.5570493,0.47059715,0.0,0.47059715,0.11764929
48255,0.028305946,0.011435653,0.045176238,0.049277026,0.83694094,0.73227435,0.18306859
48257,0.09343847,0.008128334,0.17874861,0.14486684,0.0,0.14486684,0.03621671
48260,0.074389905,0.015340355,0.13343945,0.08596253,0.016181627,0.13058607,0.03264652
48263,0.02972958,0.018350922,0.041108236,0.049215585,1.2326056,1.043471,0.26086774
48266,0.021422422,0.016553931,0.02629091,0.0059206695,0.2439282,0.21607001,0.054017503
48269,0.025161343,0.020562662,0.029760024,0.004337994,0.5009144,0.5234866,0.13087165
48272,0.019369543,0.018160699,0.020578386,0.0028371082,0.22804673,0.21852486,0.054631215
48275,0.14598344,0.011268106,0.28069878,0.35114217,0.0,0.35114217,0.08778554
48277,0.12430272,0.0120941745,0.23651128,0.21240322,0.0,0.21240322,0.053100806
48280,0.5253395,0.017869608,1.0328094,1.1923152,0.0,1.1923152,0.2980788
48283,0.35410085,0.03003917,0.6781626,0.5233402,0.0,0.5233402,0.13083506
48286,0.072205104,0.050316136,0.094094075,0.047083367,0.050836563,0.08248613,0.020621533
48289,0.13767779,0.076407105,0.19894846,0.0932481,0.066276394,0.22161841,0.055404603
48292,0.08399253,0.09889569,0.069089375,0.0059884414,0.46219996,0.555677,0.13891925
48295,0.18132193,0.12161329,0.24103057,0.09021356,0.086807884,0.07584671,0.018961677
48297,0.12252659,0.13106692,0.113986276,0.0035101909,0.18408442,0.16652553,0.041631382
48300,0.12493518,0.14300983,0.10686054,0.012378552,0.3183384,0.4246379,0.10615948
48303,0.15380017,0.15983383,0.14776652,0.0034086024,0.18038766,0.19728188,0.04932047
48306,0.99598414,0.16640025,1.8255681,1.1500018,0.0,1.1500018,0.28750044
48309,0.5034961,0.18173403,0.82525826,0.2588959,0.0,0.2588959,0.064723976
48312,0.21463369,0.19898959,0.23027778,0.037644725,0.7739871,0.84514195,0.21128549
48315,0.32544887,0.20001961,0.45087814,0.11896017,0.0,0.11896017,0.029740043
48317,0.20983279,0.21050262,0.20916295,0.003598503,0.159568,0.1497537,0.037438426
48320,0.7924221,0.19879651,1.3860477,0.5961924,0.0,0.5961924,0.1490481
48323,1.4430008,0.1796869,2.7063148,1.7964382,0.0,1.7964382,0.44910955
48326,0.268401,0.26323316,0.27356887,0.05374624,1.0705528,1.2491778,0.31229445
48329,0.3081725,0.29785144,0.31849357,0.059254687,0.0,0.059254687,0.014813672
48332,0.24957795,0.34764197,0.15151395,0.38135433,0.0,0.38135433,0.09533858
48335,0.4721888,0.31087926,0.6334984,0.09425696,0.026895523,0.15332879,0.038332198
48337,0.37004825,0.21017712,0.5299194,1.0546223,0.0,1.0546223,0.26365557
48340,0.34602943,0.2919314,0.4001275,1.1932092,0.0,1.1932092,0.2983023
48343,0.27212456,0.25886843,0.28538066,0.043621797,0.7517387,0.8803582,0.22008955
48346,1.3600059,0.24437107,2.4756408,1.2517499,0.0,1.2517499,0.31293747
48349,0.31311038,0.31068727,0.3155335,0.036414072,0.050939243,0.115414225,0.028853556
48352,0.31325915,0.2761598,0.35035858,0.02095721,0.015441577,0.019008143,0.0047520357
48355,0.28121212,0.22787695,0.3345473,0.096858084,1.1579603,1.3045851,0.32614627
48357,0.90103966,0.17116232,1.6309171,0.8822802,0.0,0.8822802,0.22057004
48360,0.4608839,0.1965908,0.725177,0.20569892,0.0,0.20569892,0.05142473
48363,0.22746092,0.2563887,0.19853316,0.82399184,0.0,0.82399184,0.20599796
48366,1.5689317,0.27415177,2.8637116,1.435442,0.0,1.435442,0.3588605
48369,0.21913797,0.2731353,0.16514061,0.17355305,0.0,0.17355305,0.043388262
48372,0.33106175,0.3072106,0.35491288,0.017406134,0.4902962,0.43856034,0.109640084
48375,0.13978612,0.1308936,0.14867865,0.005579497,0.2579104,0.23863618,0.059659045
48377,0.06829999,0.060047474,0.0765525,0.095132016,0.0,0.095132016,0.023783004
48380,0.06281259,0.050917376,0.07470779,0.047762733,0.03215726,0.08164682,0.020411706
48383,0.5264645,0.019865932,1.033063,1.2226106,0.0,1.2226106,0.30565265
48386,0.046803534,0.021251738,0.07235533,0.054327328,0.06993564,0.1444438,0.03611095
48389,0.0829599,0.026421344,0.13949846,0.1330059,0.0,0.1330059,0.033251476
48392,0.07391623,0.029145813,0.11868664,0.079844974,0.0,0.079844974,0.019961243
48395,0.06425785,0.03303196,0.09548374,0.03657965,0.050749462,0.056384537,0.014096134
48397,1.1277382,0.026151394,2.229325,1.8899969,0.0,1.8899969,0.47249922
48400,0.06455718,0.021243738,0.107870616,0.07862396,0.98047894,1.1000754,0.27501884
48403,0.27044824,0.04616012,0.49473634,0.76434356,0.0,0.76434356,0.19108589
48406,0.10874728,0.032756608,0.18473797,0.083078526,0.08643675,0.0713331,0.017833276
48409,0.06791932,0.03546567,0.10037297,0.05132528,0.07245699,0.17176841,0.042942103
48412,0.032079462,0.027178526,0.0369804,0.0051697255,0.19478476,0.19041158,0.047602896
48415,0.05824439,0.027100185,0.08938859,0.049399238,0.0,0.049399238,0.0123498095
48417,0.83528113,0.023655571,1.6469067,1.3656155,0.0,1.3656155,0.34140387
48420,0.12704502,0.033906084,0.22018395,0.17778872,0.0,0.17778872,0.04444718
48423,0.10098028,0.048550475,0.15341009,0.08404655,0.0921003,0.10393373,0.025983432
48426,0.3600094,0.038679335,0.68133944,0.42425707,0.0,0.42425707,0.10606427
48429,0.08735985,0.05573407,0.118985645,0.09781315,0.0,0.09781315,0.024453288
48432,0.078796715,0.0699561,0.08763733,0.057997286,0.0,0.057997286,0.014499322
48435,0.094527036,0.084326394,0.10472768,0.01459745,0.18978055,0.18197477,0.045493692
48437,0.10896745,0.06970874,0.14822616,0.053843707,0.0073509216,0.07187447,0.017968617
48440,0.08167364,0.0791023,0.084244974,0.040886786,0.7223975,0.643988,0.160997
48443,0.051611543,0.040264707,0.06295838,0.054885495,0.0,0.054885495,0.013721374
48446,0.16158761,0.037149366,0.28602585,0.5014011,0.0,0.5014011,0.12535028
48449,0.7160792,0.055363517,1.3767948,0.90290016,0.0,0.90290016,0.22572504
48452,0.465613,0.04352872,0.8876973,0.5584343,0.0,0.5584343,0.13960858
48455,0.10924035,0.06875847,0.14972223,0.036932837,0.0,0.036932837,0.009233209
48457,0.06648796,0.0670715,0.065904416,0.052655105,0.0,0.052655105,0.013163776
48460,0.11102297,0.09243878,0.12960716,0.098989405,1.0894645,1.4159966,0.35399914
48463,0.12850477,0.0723334,0.18467613,0.18305339,0.0,0.18305339,0.045763347
48466,0.1053029,0.06408257,0.14652322,0.03618862,0.0,0.03618862,0.009047155
48469,0.14760087,0.07747273,0.21772903,0.106058896,0.0,0.106058896,0.026514724
48472,0.07315084,0.06252509,0.08377659,0.25954852,0.0,0.25954852,0.06488713
48475,0.1474296,0.075359024,0.21950018,0.057851363,0.0,0.057851363,0.014462841
48477,0.11942643,0.074356735,0.16449612,0.04302146,0.040652752,0.047550734,0.0118876835
48480,0.14855903,0.06544327,0.23167479,0.11958871,0.0,0.11958871,0.029897178
48483,0.1372919,0.05838303,0.21620077,0.070245,0.0,0.070245,0.01756125
48486,0.086933136,0.055134516,0.11873177,0.09782094,0.0,0.09782094,0.024455234
48489,0.102558605,0.06638635,0.13873087,0.03238563,0.03531011,0.10116738,0.025291845
48492,0.21823497,0.05810514,0.3783648,0.1587991,0.0,0.1587991,0.039699774
48495,0.101435274,0.05263865,0.1502319,0.070702516,1.2446913,1.4713669,0.36784172
48497,0.09019502,0.058968317,0.12142173,0.30032602,0.0,0.30032602,0.075081505
48500,0.06499914,0.056702983,0.0732953,0.030973062,0.4518844,0.5299083,0.13247707
48503,0.18978877,0.053738076,0.3258395,0.123227775,0.0,0.123227775,0.030806944
48506,0.07154245,0.043099005,0.09998589,0.034154158,0.03001674,0.04279238,0.010698095
48509,0.06538197,0.043092806,0.08767112,0.022508496,0.005350113,0.021036,0.005259
48512,0.071499534,0.047112238,0.09588683,0.07153099,0.7060197,0.6944461,0.17361152
48515,0.75775677,0.04463759,1.4708761,1.0654882,0.0,1.0654882,0.26637205
48517,0.099533916,0.043672968,0.15539487,0.10981455,0.0,0.10981455,0.027453637
48520,0.26599297,0.036349658,0.4956363,0.2752509,0.0,0.2752509,0.06881273
48523,0.06301287,0.045974087,0.080051646,0.010769117,0.19792934,0.16266467,0.040666167
48526,0.09755924,0.036717523,0.15840097,0.073895775,0.0053126016,0.08383744,0.02095936
48529,0.10624119,0.035507105,0.17697527,0.09635979,0.0,0.09635979,0.024089947
48532,0.06065132,0.035137776,0.08616487,0.0685131,0.05591504,0.10377038,0.025942596
48535,0.042228773,0.031359978,0.053097565,0.048757493,0.0,0.048757493,0.012189373
48537,0.059290934,0.03336638,0.08521549,0.07635123,0.062274296,0.12538208,0.03134552
48540,0.065837175,0.02887327,0.10280108,0.16120237,0.0,0.16120237,0.040300593
48543,0.1520261,0.03143835,0.27261385,0.41502336,0.0,0.41502336,0.10375584
48546,0.054693554,0.03251862,0.07686849,0.026433794,0.041258812,0.058579456,0.014644864
48549,0.047530565,0.03337312,0.06168801,0.041554887,0.0,0.041554887,0.010388722
48552,0.06954697,0.039235454,0.099858485,0.042266365,0.009722392,0.046081234,0.011520308
48555,0.057986367,0.03520135,0.08077139,0.031301074,0.007417043,0.04149738,0.010374345
48557,0.06684933,0.03229544,0.10140323,0.07725381,0.8346863,0.89005834,0.22251458
48560,0.069980375,0.031457353,0.1085034,0.10864133,0.084942974,0.19636333,0.049090832
48563,0.035140783,0.030884244,0.039397318,0.03092353,0.6311467,0.51967746,0.12991937
48566,0.026971558,0.02577428,0.02816884,0.006918358,0.19897716,0.18698947,0.046747368
48569,0.17970316,0.025013665,0.33439264,0.20603989,0.0,0.20603989,0.051509973
48572,0.0329876,0.028468845,0.037506357,0.003983284,0.2052183,0.19761641,0.049404103
48575,0.1713974,0.01790827,0.32488653,0.46464804,0.0,0.46464804,0.11616201
48577,0.05846204,0.01800198,0.098922096,0.069899,0.9139678,1.0244042,0.25610104
48580,0.6488565,0.0128309885,1.2848821,1.0917411,0.0,1.0917411,0.27293527
48583,0.07926929,0.02094011,0.13759847,0.1635051,0.0,0.1635051,0.040876277
48586,0.10287992,0.023180017,0.18257983,0.30936566,0.0,0.30936566,0.077341415
48589,0.25392154,0.015053724,0.49278936,0.35329404,0.0,0.35329404,0.08832351
48592,0.33823872,0.018209375,0.65826803,0.47943234,0.0,0.47943234,0.119858086
48595,0.019290911,0.018041346,0.020540474,0.014422749,0.21289317,0.20116723,0.050291806
48597,0.080159634,0.020547347,0.13977192,0.23148449,0.0,0.23148449,0.057871122
48600,0.016925603,0.020035522,0.013815683,0.002915578,0.14374034,0.1352673,0.033816826
48603,0.029054597,0.024173157,0.03393604,0.021647075,0.38393974,0.40747872,0.10186968
48606,0.12576045,0.029504865,0.22201604,0.14762937,0.0,0.14762937,0.03690734
48609,0.017857937,0.028565714,0.0071501597,0.011711985,0.29418495,0.39755777,0.09938944
48612,0.06231213,0.035626423,0.08899784,0.04296689,0.00951004,0.06327481,0.015818702
48615,0.041777443,0.029245079,0.0543098,0.043328006,0.5857777,0.6811134,0.17027836
48617,0.068588376,0.034110595,0.103066154,0.11344266,0.0,0.11344266,0.028360665
48620,0.25588566,0.038511064,0.47326025,0.6774981,0.0,0.6774981,0.16937453
48623,0.07607052,0.050725166,0.10141587,0.2497865,0.0,0.2497865,0.062446624
48626,0.09864194,0.05147555,0.14580834,0.13779497,0.0,0.13779497,0.034448743
48629,0.24921173,0.045611307,0.45281217,0.72527003,0.0,0.72527003,0.18131751
48632,0.18940312,0.06494766,0.31385857,0.15061152,0.0,0.15061152,0.03765288
48635,0.12005603,0.0658155,0.17429656,0.07162369,1.5030233,1.7815547,0.44538867
48637,0.10942882,0.04295918,0.17589848,0.08192291,0.0,0.08192291,0.020480728
48640,0.7504935,0.038758237,1.4622288,1.8490211,0.0,1.8490211,0.46225527
48643,0.0984864,0.0426404,0.15433241,0.09549228,0.0,0.09549228,0.02387307
48646,0.06263233,0.05371384,0.07155082,0.0878011,0.0,0.0878011,0.021950275
48649,0.09809256,0.04890296,0.14728217,0.08418634,1.0300007,1.1168056,0.2792014
48652,0.28640288,0.042299937,0.53050584,0.7682845,0.0,0.7682845,0.19207112
48655,0.065776296,0.033843633,0.09770896,0.050345495,0.0,0.050345495,0.012586374
48657,0.0677093,0.03507931,0.100339286,0.04118063,0.0,0.04118063,0.010295157
48660,0.09166344,0.040171515,0.14315537,0.3005481,0.0,0.3005481,0.07513703
48663,0.2778444,0.041120235,0.51456857,0.28442267,0.0,0.28442267,0.07110567
48666,0.11901197,0.044300836,0.1937231,0.091225676,0.034422558,0.17475069,0.04368767
48669,0.090588234,0.03371262,0.14746384,0.057433546,0.0,0.057433546,0.014358386
48672,0.06995562,0.039345663,0.100565575,0.054018218,0.0,0.054018218,0.0135045545
48675,0.042309355,0.03332631,0.051292393,0.06953251,0.063025795,0.06528222,0.016320555
48677,0.07329018,0.037974328,0.10860602,0.08324147,0.9271732,1.0641376,0.2660344
48680,0.1647084,0.03602883,0.29338798,0.4743313,0.0,0.4743313,0.11858282
48683,0.078406274,0.033958375,0.12285417,0.05756053,0.06421852,0.089070775,0.022267694
48686,0.06781642,0.032642465,0.10299038,0.052162964,0.041944187,0.066767834,0.016691959
48689,0.082324296,0.029892638,0.13475595,0.101674505,1.1437792,1.2887949,0.32219872
48692,0.030300392,0.028845727,0.031755056,0.0018175436,0.2537346,0.25567925,0.06391981
48695,0.027821926,0.018143706,0.037500147,0.0344227,0.50582504,0.45050696,0.11262674
48697,0.11187107,0.019937856,0.2038043,0.12090818,0.0,0.12090818,0.030227045
48700,0.1864937,0.014209325,0.3587781,0.24029422,0.0,0.24029422,0.060073555
48703,0.42042923,0.009635779,0.8312227,0.6792438,0.0,0.6792438,0.16981095
48706,0.005940845,0.009579626,0.0023020632,0.013561922,0.23973072,0.35128498,0.087821245
48709,0.09322822,0.00857285,0.17788358,0.13953745,0.0,0.13953745,0.034884363
48712,0.009077976,0.0075027407,0.010653212,0.004435792,0.3464265,0.3497028,0.0874257
48715,0.045434993,0.008521393,0.082348585,0.08110228,1.0883921,1.2530121,0.31325302
48717,0.00942198,0.008160188,0.010683772,0.0056231953,0.24740283,0.2502515,0.062562875
48720,0.05804505,0.010356547,0.10573355,0.104623996,0.07806587,0.17759241,0.044398103
48723,0.026149819,0.010888892,0.041410744,0.0436523,1.3121935,1.316699,0.32917476
48726,0.02277116,0.012519993,0.03302233,0.021189535,0.03121821,0.06225805,0.015564512
48729,0.07249031,0.011570609,0.13341002,0.1089437,0.0,0.1089437,0.027235925
48732,0.070722334,0.01163751,0.12980716,0.117704175,0.0,0.117704175,0.029426044
48735,0.012672849,0.010681634,0.014664064,0.009271734,0.36582056,0.39408708,0.09852177
48737,0.04883228,0.012123838,0.08554071,0.08333967,0.0,0.08333967,0.020834917
48740,0.0227297,0.012754999,0.0327044,0.009033114,0.3487947,0.31437486,0.078593716
48743,0.47385195,0.012523071,0.93518084,0.9674179,0.0,0.9674179,0.24185447
48746,0.011767238,0.011759217,0.011775262,0.007473624,0.20695622,0.20493066,0.051232666
48749,0.062082708,0.011556126,0.11260929,0.08110836,0.0,0.08110836,0.02027709
48752,0.2285433,0.010434029,0.44665256,0.3748192,0.0,0.3748192,0.0937048
48755,0.39351407,0.010663669,0.7763645,0.89047813,0.0,0.89047813,0.22261953
48757,0.025135947,0.011640915,0.038630977,0.011407095,0.22571719,0.18640257,0.046600644
48760,0.013568093,0.013580099,0.013556088,0.0030708425,0.3239573,0.32128385,0.08032096
48763,0.021059887,0.012236672,0.029883103,0.034939308,0.02891779,0.031938273,0.007984568
48766,0.3718444,0.011113681,0.7325752,0.8796688,0.0,0.8796688,0.2199172
48769,0.06713516,0.010304351,0.12396598,0.18460004,0.0,0.18460004,0.04615001
48772,0.05599973,0.012189973,0.09980949,0.08094638,0.0,0.08094638,0.020236595
48775,0.06069151,0.013623503,0.10775951,0.087539695,0.034216244,0.16917361,0.042293403
48777,0.045609016,0.014057609,0.077160425,0.07046566,1.1537833,1.3174666,0.32936665
48780,0.030062778,0.016450152,0.043675404,0.016785845,0.20818777,0.15313932,0.03828483
48783,0.03338615,0.019554237,0.04721806,0.033179637,0.02696403,0.023812756,0.005953189
48786,0.024621094,0.02366045,0.025581742,0.0042833574,0.12119532,0.10918236,0.02729559
48789,0.11123627,0.021402275,0.20107025,0.17956893,0.0,0.17956893,0.044892233
48792,0.030118907,0.026729664,0.03350815,0.008553212,0.36082354,0.35107234,0.087768085
48795,0.08144938,0.026903918,0.13599485,0.07231828,0.08120171,0.114205875,0.028551469
48797,0.017619887,0.027921967,0.00731781,0.012386631,0.29101977,0.3868947,0.096723676
48800,0.027402615,0.033071205,0.021734023,0.0155138625,0.13255012,0.21610482,0.054026205
48803,0.030353518,0.032931745,0.027775293,0.007314037,0.24631119,0.24648501,0.061621252
48806,0.5427313,0.039676085,1.0457865,1.2639157,0.0,1.2639157,0.3159789
48809,0.25595126,0.04262413,0.46927842,0.25041473,0.0,0.25041473,0.06260368
48812,0.34945264,0.04313313,0.6557722,0.39072165,0.0,0.39072165,0.09768041
48815,1.0850286,0.047760595,2.1222966,1.6257143,0.0,1.6257143,0.40642858
48817,0.07858679,0.045881435,0.11129213,0.058495343,0.92448074,0.9720125,0.24300313
48820,0.104568236,0.061009493,0.14812697,0.36842826,0.0,0.36842826,0.092107065
48823,0.70254177,0.05309413,1.3519894,0.89637595,0.0,0.89637595,0.22409399
48826,0.050250083,0.050895613,0.04960456,0.0042390726,0.28648505,0.29060623,0.07265156
48829,0.063901715,0.054811765,0.072991654,0.02720871,0.6099208,0.6813359,0.17033398
48832,0.085007034,0.068214305,0.10179975,0.047868837,0.8090782,0.90640324,0.22660081
48835,0.13259266,0.07077787,0.19440745,0.05914407,0.050988358,0.057715774,0.014428943
48837,0.053028736,0.050513934,0.055543542,0.07326879,0.057534378,0.034765866,0.008691466
48840,0.08582892,0.060912322,0.11074553,0.025712332,0.43629327,0.3987616,0.0996904
48843,0.036151275,0.039267078,0.033035472,0.03226273,0.55435514,0.44019154,0.110047884
48846,0.071994536,0.040800516,0.103188545,0.05526801,1.0125023,1.0562831,0.26407078
48849,0.09795055,0.034167696,0.1617334,0.09434438,0.87380666,0.8933172,0.2233293
48852,0.071266405,0.03793639,0.10459641,0.05290145,0.8654968,0.885653,0.22141325
48854,0.060628522,0.023845114,0.09741193,0.056908954,1.6433725,1.83708,0.45927
48857,0.57742447,0.022041865,1.1328071,1.4152254,0.0,1.4152254,0.35380635
48860,0.014245901,0.02402083,0.0044709714,0.013634786,0.16285457,0.24739814,0.061849535
48863,0.15801747,0.013158348,0.3028766,0.21431686,0.0,0.21431686,0.053579215
48866,0.024961049,0.020471662,0.029450433,0.003574117,0.47938395,0.49751422,0.124378555
48869,0.06073545,0.015512704,0.10595819,0.08916842,0.0105821295,0.11754621,0.029386552
48872,0.09581247,0.022318298,0.16930664,0.29232466,0.0,0.29232466,0.073081166
48874,0.035039544,0.012835081,0.057244007,0.05571573,1.1258539,1.0283151,0.25707877
48877,0.027340196,0.013834543,0.040845852,0.03720125,1.0906277,1.020578,0.2551445
48880,0.034892112,0.011058745,0.05872548,0.041178714,0.4707302,0.37884662,0.094711654
48883,0.041859258,0.017535321,0.0661832,0.064536154,0.0,0.064536154,0.016134039
48886,0.5177478,0.01834943,1.0171462,1.1934042,0.0,1.1934042,0.29835105
48889,0.164037,0.01340652,0.3146675,0.40357268,0.0,0.40357268,0.10089317
48892,0.03983366,0.017940765,0.06172656,0.03595842,0.0,0.03595842,0.008989605
48894,0.041191414,0.016760936,0.06562189,0.076458104,0.7677333,0.8048499,0.20121248
48897,0.08533027,0.02256762,0.14809293,0.15133582,0.0,0.15133582,0.037833955
48900,0.1336956,0.018689075,0.24870212,0.15073937,0.0,0.15073937,0.037684843
48903,0.026688522,0.018250754,0.035126287,0.026562585,0.43876126,0.4599017,0.11497542
48906,0.16640778,0.021172429,0.31164312,0.42086282,0.0,0.42086282,0.105215706
48909,0.061613295,0.02422446,0.09900213,0.07418933,0.8547943,0.8718254,0.21795635
48912,0.46828362,0.01972185,0.9168454,1.0308985,0.0,1.0308985,0.2577246
48914,0.45937085,0.02194482,0.8967969,0.78241396,0.0,0.78241396,0.19560349
48917,0.058194533,0.028508596,0.08788047,0.032586444,0.0058468184,0.043890197,0.010972549
48920,0.41186836,0.033333715,0.79040307,0.5303685,0.0,0.5303685,0.13259213
48923,0.036488485,0.03490707,0.038069904,0.004035291,0.21447499,0.19077624,0.04769406
48926,0.041165393,0.022690788,0.05964,0.022063667,0.020005384,0.02903293,0.0072582327
48929,0.1276537,0.020616772,0.23469062,0.3290598,0.0,0.3290598,0.08226495
48932,0.027328065,0.03052245,0.024133677,0.0034568438,0.18744718,0.20367944,0.05091986
48934,0.037481297,0.024390498,0.050572097,0.032500032,0.016748747,0.053008825,0.013252206
48937,0.056034226,0.022257322,0.089811124,0.07041002,0.05948289,0.11562243,0.028905608
48940,0.11011929,0.009930789,0.21030779,0.22768421,0.0,0.22768421,0.056921054
48943,0.049398527,0.009119029,0.08967802,0.0634359,0.0,0.0634359,0.015858974
48946,0.025319621,0.0097943945,0.040844847,0.051001552,0.048734188,0.12875615,0.032189038
48949,0.10750094,0.006318074,0.2086838,0.16862841,0.0,0.16862841,0.042157102
48952,0.02436263,0.008765754,0.0399595,0.019956997,0.28834656,0.22129034,0.055322584
48954,0.28389046,0.0064328206,0.5613481,0.5054567,0.0,0.5054567,0.12636417
48957,0.57151926,0.0057957186,1.1372428,1.2016557,0.0,1.2016557,0.30041394
48960,0.0069281347,0.004880195,0.008976075,0.0028969303,0.2772123,0.27439114,0.068597786
48963,0.020079268,0.0047939965,0.035364542,0.028164422,0.021610895,0.038610425,0.009652606
48966,0.008508767,0.0057589486,0.011258584,0.011086654,0.20469292,0.29373777,0.07343444
48969,0.049022947,0.0068158056,0.091230094,0.08118528,0.0,0.08118528,0.02029632
48972,0.0065128156,0.0067546107,0.0062710214,0.006168189,0.35129884,0.34607068,0.08651767
48974,0.032150004,0.0063264375,0.057973575,0.042149108,0.7300965,0.7735543,0.19338858
48977,0.24395907,0.0061701424,0.48174798,0.51571506,0.0,0.51571506,0.12892877
48980,0.5610741,0.008789144,1.113359,0.99044544,0.0,0.99044544,0.24761136
48983,0.013289995,0.010054648,0.016525341,0.0055301473,0.4257714,0.48945093,0.12236273
48986,0.066858254,0.01541843,0.11829808,0.16082032,0.0,0.16082032,0.04020508
48989,0.036722977,0.009371177,0.06407478,0.064533554,0.976989,1.0701574,0.26753935
48992,0.01306766,0.0120902015,0.014045119,0.006935096,0.2343293,0.29667488,0.07416872
48994,0.023477105,0.013192774,0.033761438,0.03474209,0.01599439,0.054218847,0.013554712
48997,0.031628843,0.016024413,0.047233272,0.046025664,0.65972745,0.7491624,0.1872906
49000,0.6731183,0.019448904,1.3267876,1.324313,0.0,1.324313,0.33107826
49003,0.011178073,0.014304206,0.00805194,0.006392833,0.2102936,0.20727044,0.05181761
49006,0.47179222,0.016624177,0.92696023,1.0024472,0.0,1.0024472,0.2506118
49009,0.06788769,0.01658654,0.119188845,0.07479941,0.024783611,0.13555439,0.033888597
49012,0.039360877,0.018044831,0.060676917,0.06328502,0.059062164,0.16967303,0.042418256
49014,0.05062099,0.024981892,0.07626009,0.059626058,1.4449812,1.4969307,0.37423268
49017,0.025536956,0.01716598,0.033907935,0.03367356,0.0,0.03367356,0.00841839
49020,0.19635636,0.019633966,0.37307873,0.26928207,0.0,0.26928207,0.06732052
49023,0.2991927,0.030545438,0.56784,0.8338354,0.0,0.8338354,0.20845886
49026,0.066713676,0.027798444,0.10562891,0.072290994,1.3692309,1.5298916,0.3824729
49029,0.029771173,0.025485879,0.034056474,0.0049542864,0.19545996,0.17380129,0.043450322
49032,0.07374332,0.009602404,0.13788423,0.13962483,0.0,0.13962483,0.03490621
49034,0.027531242,0.009039424,0.046023056,0.054421086,0.0,0.054421086,0.0136052715
49037,0.31834683,0.011195443,0.6254982,0.493674,0.0,0.493674,0.1234185
49040,0.085344076,0.011232662,0.1594555,0.12116601,0.0,0.12116601,0.030291503
49043,0.31013474,0.007349331,0.6129201,0.70664674,0.0,0.70664674,0.17666169
49046,0.06889679,0.00721024,0.13058335,0.10042557,0.0,0.10042557,0.025106393
49049,0.04754627,0.009476536,0.085616015,0.09154896,1.5589412,1.8719325,0.46798313
49052,0.2908962,0.007027132,0.57476526,0.4745632,0.0,0.4745632,0.1186408
49054,0.019411732,0.009977003,0.02884646,0.032425236,0.026250998,0.07466136,0.01866534
49057,0.101694785,0.005901344,0.19748823,0.16940832,0.0,0.16940832,0.04235208
49060,0.025618205,0.00884032,0.042396087,0.0386547,0.63035756,0.73276216,0.18319054
49063,0.0053671044,0.0067740157,0.0039601936,0.010292036,0.40633908,0.5291106,0.13227765
49066,0.20239936,0.0061132857,0.39868543,0.46806753,0.0,0.46806753,0.11701688
49069,0.015870355,0.0076179393,0.024122769,0.011822339,0.20480199,0.18034159,0.045085397
49072,0.0056917067,0.008910986,0.0024724277,0.004887564,0.360837,0.4343051,0.108576275
49074,0.04115657,0.006329356,0.075983785,0.06384959,0.0,0.06384959,0.015962398
49077,0.021647574,0.0070133004,0.03628185,0.030946374,0.42017603,0.41866097,0.10466524
49080,0.23918575,0.007857627,0.47051385,0.5678,0.0,0.5678,0.14195
49083,0.17134528,0.009965438,0.33272514,0.41519928,0.0,0.41519928,0.10379982
49086,0.045391828,0.011639421,0.07914423,0.06289103,0.062269848,0.1528107,0.038202673
49089,0.007941599,0.009464543,0.006418654,0.010406819,0.24330385,0.32932508,0.08233127
49092,0.023024125,0.011590149,0.0344581,0.029755563,0.35411295,0.32830185,0.08207546
49094,0.045957312,0.010599158,0.081315465,0.0575507,0.0,0.0575507,0.014387675
49097,0.014658292,0.009076531,0.020240054,0.0053972416,0.25226098,0.23049451,0.05762363
49100,0.6568214,0.010031574,1.3036113,1.1558989,0.0,1.1558989,0.28897473
49103,0.053370476,0.01139085,0.09535011,0.074183844,1.0988809,1.236127,0.30903175
49106,0.089809455,0.009387962,0.17023094,0.21931314,0.0,0.21931314,0.054828286
49109,0.06432437,0.01536499,0.11328375,0.09238601,0.9888344,1.0572389,0.26430973
49112,0.38500378,0.014906851,0.75510067,0.9099169,0.0,0.9099169,0.22747922
49114,0.0330819,0.019369612,0.04679419,0.034302607,0.017006079,0.056015294,0.0140038235
49117,0.04544172,0.021160431,0.06972302,0.05271511,1.4212419,1.4636666,0.36591664
49120,0.29451472,0.01894675,0.57008266,0.71432143,0.0,0.71432143,0.17858036
49123,0.0386328,0.023849165,0.05341643,0.042215187,0.021714052,0.061212912,0.015303228
49126,0.089358695,0.011718175,0.16699922,0.1862157,0.0,0.1862157,0.046553925
49129,0.7905843,0.010772939,1.5703958,1.66922,0.0,1.66922,0.417305
49132,0.013930003,0.013216141,0.014643867,0.0012105828,0.22368939,0.2207704,0.0551926
49134,0.11447049,0.0137929665,0.21514802,0.24872673,0.0,0.24872673,0.06218168
49137,0.036976136,0.016641442,0.05731083,0.045435343,0.67477256,0.6555414,0.16388535
49140,0.07573154,0.017626995,0.13383608,0.10291883,0.0,0.10291883,0.025729708
49143,0.04688796,0.021968713,0.071807206,0.05259843,0.6091249,0.70202845,0.17550711
49146,0.24657495,0.02549988,0.46765003,0.32567123,0.0,0.32567123,0.08141781
49149,0.071864635,0.027091822,0.116637446,0.1914103,0.0,0.1914103,0.047852576
49152,0.96350044,0.03828004,1.8887209,1.5775648,0.0,1.5775648,0.3943912
49154,0.08020765,0.040135834,0.12027947,0.09192117,0.0,0.09192117,0.022980293
49157,0.5591498,0.047951665,1.0703479,0.80004007,0.0,0.80004007,0.20001002
49160,0.05601251,0.05564138,0.05638364,0.0019696502,0.28239822,0.27617332,0.06904333
49163,0.39014164,0.06008787,0.7201955,0.45744026,0.0,0.45744026,0.114360064
49166,0.111632764,0.06524243,0.1580231,0.082521215,0.0,0.082521215,0.020630304
49169,0.0514029,0.08361075,0.019195052,0.1468677,0.0,0.1468677,0.036716927
49172,0.6195753,0.086629085,1.1525216,1.498518,0.0,1.498518,0.3746295
49174,0.108331226,0.08923953,0.12742293,0.0154333385,0.2608364,0.21260633,0.05315158
49177,0.094637476,0.10304322,0.086231716,0.31054485,0.0,0.31054485,0.07763621
49180,0.118082665,0.09715551,0.13900982,0.03250711,0.46234497,0.447875,0.11196875
49183,0.192302,0.12695463,0.2576494,0.072736256,0.11068189,0.17713948,0.04428487
49186,0.13591824,0.13949579,0.1323407,0.0015893808,0.20637162,0.1999725,0.049993124
49189,0.1787249,0.12728344,0.23016638,0.45494232,0.0,0.45494232,0.11373558
49192,0.15331994,0.1468255,0.15981437,0.08496169,0.04047966,0.14299814,0.035749536
49194,0.20755045,0.16175477,0.25334615,0.64640975,0.0,0.64640975,0.16160244
49197,0.14027958,0.14441799,0.13614115,0.44300926,0.0,0.44300926,0.110752314
49200,0.16223624,0.15108027,0.17339222,0.53861904,0.0,0.53861904,0.13465476
49203,0.2258565,0.18474448,0.26696852,0.048740502,0.5983599,0.66042167,0.16510542
49206,0.38349447,0.25107053,0.51591843,0.0963526,0.0,0.0963526,0.02408815
49209,0.3086296,0.32846078,0.28879836,0.07234392,1.3173639,1.6017805,0.40044513
49212,0.5456035,0.26609185,0.82511514,0.24345846,0.0,0.24345846,0.060864616
49214,0.1960329,0.25446224,0.13760357,0.21086103,0.0,0.21086103,0.052715257
49217,0.32168102,0.26841268,0.37494937,0.11042222,1.1988612,1.4046348,0.3511587
49220,0.34267628,0.24577047,0.4395821,0.06796846,0.025151253,0.12618835,0.03154709
49223,0.19026345,0.18383856,0.19668834,0.04224868,0.48385906,0.49109888,0.12277472
49226,0.32242063,0.103332795,0.54150844,0.21377283,0.0,0.21377283,0.05344321
49229,0.32507133,0.08326146,0.56688124,0.26240137,0.0,0.26240137,0.06560034
49232,0.11622224,0.062063742,0.17038076,0.2311589,0.0,0.2311589,0.057789724
49234,0.49589956,0.054252088,0.937547,1.3811164,0.0,1.3811164,0.3452791
49237,0.09209689,0.055574745,0.12861902,0.045479327,0.006828467,0.05720072,0.01430018
49240,0.2534987,0.04450916,0.46248826,0.6285761,0.0,0.6285761,0.15714402
49243,0.096995674,0.034749057,0.15924229,0.094351195,1.32397,1.6115279,0.40288198
49246,0.054204028,0.031708438,0.076699615,0.012306866,0.38271585,0.43640038,0.109100096
49249,0.036508806,0.015332724,0.057684887,0.04170729,0.66287357,0.5582286,0.13955715
49252,0.045395076,0.012021985,0.07876817,0.089315854,1.144373,1.4768165,0.36920413
49254,0.06911993,0.006216137,0.13202372,0.094292186,0.0,0.094292186,0.023573047
49257,0.0153409345,0.0038642653,0.026817603,0.021449724,0.48864236,0.41710111,0.10427528
49260,0.20161025,0.004372511,0.39884797,0.44950032,0.0,0.44950032,0.11237508
49263,0.04650983,0.006519227,0.08650043,0.059965238,0.8751996,0.6094043,0.15235108
49266,0.117588796,0.005985427,0.22919218,0.17920141,0.0,0.17920141,0.044800352
49269,0.011688165,0.007248444,0.016127888,0.007016171,0.09904007,0.11407369,0.028518422
49272,0.44457054,0.009656929,0.8794842,0.73785114,0.0,0.73785114,0.18446279
49274,0.01216526,0.010816666,0.013513853,0.010953858,0.11467171,0.104656436,0.026164109
49277,0.075345285,0.019184126,0.13150646,0.080310695,0.0,0.080310695,0.020077674
49280,0.022440238,0.027636066,0.017244408,0.015486802,0.14478557,0.13099597,0.032748993
49283,0.73001575,0.03622019,1.4238113,1.0331132,0.0,1.0331132,0.2582783
49286,0.09713829,0.04011784,0.15415876,0.0848374,1.0435396,1.1435165,0.28587914
49289,0.090850174,0.04694144,0.1347589,0.045687437,0.72215587,0.6564265,0.16410662
49292,0.048046637,0.048050255,0.048043016,0.028965188,0.0,0.028965188,0.007241297
49294,0.23221028,0.05404219,0.41037837,0.19751167,0.0,0.19751167,0.04937792
49297,0.10145193,0.05686904,0.14603482,0.25947654,0.0,0.25947654,0.064869136
49300,0.8869819,0.04050292,1.7334609,1.3442473,0.0,1.3442473,0.33606184
49303,0.04094239,0.0055755763,0.076309204,0.07569355,0.97682,1.119068,0.279767
49306,0.2551118,0.016518284,0.49370536,0.6052492,0.0,0.6052492,0.1513123
49309,0.022003233,0.009379939,0.03462653,0.03890617,0.057677586,0.078768134,0.019692034
49312,0.050145198,0.009135186,0.09115521,0.10499078,0.015083313,0.15156005,0.037890013
49314,0.7051967,0.019178528,1.3912148,1.1870296,0.0,1.1870296,0.2967574
49317,0.24188083,0.01067983,0.47308183,0.4986585,0.0,0.4986585,0.12466463
49320,0.241826,0.011700439,0.47195157,0.40917364,0.0,0.40917364,0.10229341
49323,0.06720316,0.0136344405,0.12077186,0.07811692,0.0,0.07811692,0.01952923
49326,0.033969715,0.015179188,0.052760243,0.07826986,0.0,0.07826986,0.019567465
49329,0.09905849,0.013311356,0.18480563,0.122430146,0.98250896,1.132548,0.283137
49332,0.015992427,0.010429104,0.02155575,0.013282607,0.30524242,0.25048944,0.06262236
49334,0.02849705,0.015570614,0.041423485,0.041278396,0.7831352,0.79895544,0.19973886
49337,0.18465628,0.019496797,0.34981576,0.34130058,0.0,0.34130058,0.085325144
49340,0.03092193,0.018704072,0.04313979,0.05214763,0.04550918,0.059055757,0.014763939
49343,0.3144978,0.017892523,0.61110306,0.68573815,0.0,0.68573815,0.17143454
49346,0.3844746,0.01693024,0.7520189,0.7763471,0.0,0.7763471,0.19408678
49349,0.23715372,0.008264617,0.46604285,0.41667557,0.0,0.41667557,0.10416889
49352,0.04484613,0.0073002144,0.082392044,0.06196383,0.02011601,0.10886579,0.027216448
49354,0.0528646,0.0072200703,0.09850913,0.09020704,1.0386916,1.1611006,0.29027516
49357,0.03471957,0.006886629,0.06255251,0.055856604,0.033884525,0.09395704,0.02348926
49360,0.018465867,0.00888278,0.028048953,0.017409602,0.0,0.017409602,0.0043524005
49363,0.04168957,0.01406654,0.0693126,0.06539383,1.1398054,1.3327075,0.33317688
49366,0.11602979,0.020889303,0.21117027,0.31562352,0.0,0.31562352,0.07890588
49369,0.058428824,0.026905185,0.08995247,0.078531854,0.0,0.078531854,0.019632963
49372,0.16115089,0.03232174,0.28998005,0.45411023,0.0,0.45411023,0.11352756
49374,0.078295,0.035667658,0.120922334,0.102076225,1.4357971,1.8050971,0.45127428
49377,0.07388155,0.040783513,0.106979586,0.055584833,1.0158987,1.1390533,0.28476334
49380,0.70776224,0.041085884,1.3744386,1.0660518,0.0,1.0660518,0.26651296
49383,0.04799423,0.046094432,0.04989403,0.0022881634,0.26548687,0.28258747,0.07064687
49386,0.050366867,0.05256809,0.048165645,0.13758516,0.0,0.13758516,0.03439629
49389,0.11608801,0.06173705,0.17043896,0.07826538,0.07572623,0.08630302,0.021575755
49392,0.27541628,0.064670675,0.48616192,0.21348841,0.0,0.21348841,0.053372104
49394,0.21194607,0.067812674,0.35607946,0.23362704,0.0,0.23362704,0.05840676
49397,0.10781727,0.07947338,0.13616116,0.08130675,1.3824161,1.6145324,0.4036331
49400,0.9109455,0.08942044,1.7324705,1.1307203,0.0,1.1307203,0.28268006
49403,0.112626374,0.10561809,0.11963466,0.041575957,0.88054323,0.84757185,0.21189296
49406,0.25166252,0.12130856,0.38201645,0.87486714,0.0,0.87486714,0.21871679
49409,0.15157253,0.15158269,0.15156236,0.046890397,0.030417124,0.11050248,0.02762562
49412,0.10900221,0.16520832,0.052796114,0.15321876,0.0,0.15321876,0.03830469
49414,0.38152078,0.1525885,0.61045307,1.2991424,0.0,1.2991424,0.3247856
49417,0.15694012,0.149666,0.16421424,0.02758731,0.013245265,0.043674786,0.010918696
49420,0.17850943,0.14366002,0.21335882,0.047627736,0.0,0.047627736,0.011906934
49423,0.1884957,0.16733134,0.20966005,0.056479678,1.1862568,1.2828783,0.32071957
49426,0.7151597,0.14353858,1.2867808,0.6164723,0.0,0.6164723,0.15411808
49429,0.5933824,0.14587954,1.0408853,0.42143974,0.0,0.42143974,0.105359934
49432,0.21660662,0.1642335,0.26897976,0.076227315,1.3806353,1.4477516,0.3619379
49434,0.20925386,0.1757242,0.24278355,0.024577893,0.0,0.024577893,0.0061444733
49437,0.11501155,0.16667135,0.06335174,0.23607685,0.0,0.23607685,0.05901921
49440,0.11467411,0.18539263,0.043955594,0.21340208,0.0,0.21340208,0.05335052
49443,0.17806429,0.19827397,0.1578546,0.03692819,0.054420233,0.12733127,0.031832818
49446,0.16189648,0.18118735,0.1426056,0.5228381,0.0,0.5228381,0.13070953
49449,0.16982234,0.2097193,0.12992539,0.13910516,0.0,0.13910516,0.03477629
49452,0.16179423,0.2271841,0.09640435,0.16875966,0.0,0.16875966,0.042189915
49454,0.12360587,0.19044973,0.05676201,0.13500844,0.0,0.13500844,0.03375211
49457,0.19932787,0.107378386,0.29127738,0.1052801,0.0,0.1052801,0.026320025
49460,0.1259491,0.114266776,0.13763143,0.035098195,0.4030272,0.41171464,0.10292866
49463,0.13447876,0.11920899,0.14974852,0.0052288026,0.32709885,0.3616941,0.090423524
49466,0.16484486,0.10601309,0.2236766,0.05218935,0.008021514,0.072029516,0.018007379
49469,0.28439596,0.112547755,0.45624414,0.124105714,0.0,0.124105714,0.031026429
49472,0.13156761,0.12407463,0.13906062,0.09956097,0.0,0.09956097,0.024890242
49474,0.54723924,0.123503156,0.9709754,0.4099755,0.0,0.4099755,0.102493875
49477,0.16944478,0.11081267,0.22807689,0.61052626,0.0,0.61052626,0.15263157
49480,0.12255049,0.10753388,0.13756709,0.011189144,0.41862425,0.46144435,0.11536109
49483,0.25290155,0.11002179,0.3957813,0.8342776,0.0,0.8342776,0.2085694
49486,0.14079109,0.0999557,0.18162648,0.50765884,0.0,0.50765884,0.12691471
49489,0.0783594,0.097996734,0.058722068,0.06864039,0.0,0.06864039,0.017160097
49492,0.18134291,0.084860384,0.27782544,0.101469494,0.014966965,0.14972119,0.037430298
49494,0.117586754,0.07940685,0.15576665,0.075692534,1.2107123,1.2483864,0.3120966
49497,0.5657285,0.08331702,1.0481399,0.5583008,0.0,0.5583008,0.1395752
49500,0.13643278,0.112766005,0.16009958,0.035520587,0.53687805,0.5284247,0.13210617
49503,0.17386495,0.092994295,0.2547356,0.065902464,0.06024027,0.032140505,0.008035126
49506,0.119257785,0.10554614,0.13296944,0.005489163,0.16952212,0.14514737,0.036286842
49509,0.09154514,0.07867246,0.10441783,0.18627125,0.0,0.18627125,0.046567813
49512,0.091523476,0.07218051,0.11086645,0.14092371,0.0,0.14092371,0.035230927
49514,0.12818734,0.07921472,0.17715995,0.05502175,0.09798256,0.1352704,0.0338176
49517,0.08331489,0.06481308,0.10181671,0.05712821,0.94372225,1.0111499,0.25278747
49520,0.091282725,0.06998091,0.11258455,0.02438496,0.04755656,0.08239857,0.020599643
49523,0.08136865,0.055004973,0.107732326,0.047705892,0.8792886,0.93054205,0.23263551
49526,0.08169061,0.04570516,0.11767606,0.24249162,0.0,0.24249162,0.060622904
49529,0.23069763,0.04843384,0.4129614,0.19595523,0.0,0.19595523,0.048988808
49532,0.06615772,0.05048278,0.081832655,0.040983725,0.053403378,0.10732976,0.02683244
49534,0.04403365,0.035021596,0.05304571,0.049790565,0.0,0.049790565,0.012447641
49537,0.13446827,0.04131452,0.22762203,0.13442896,0.0,0.13442896,0.03360724
49540,0.15855648,0.0393025,0.27781045,0.14916252,0.0,0.14916252,0.03729063
49543,0.08875366,0.048258115,0.1292492,0.043922145,0.053215187,0.065000564,0.016250141
49546,0.076343596,0.05609188,0.09659532,0.014862508,0.4789822,0.43496117,0.10874029
49549,0.34353468,0.033924967,0.6531444,0.40169668,0.0,0.40169668,0.10042417
49552,0.15363719,0.02381249,0.28346187,0.23923858,0.0,0.23923858,0.059809644
49554,0.7162714,0.03559755,1.3969454,1.0129893,0.0,1.0129893,0.25324732
49557,0.05064201,0.042627882,0.058656137,0.0124243125,0.44720945,0.44326302,0.110815756
49560,0.049925655,0.041951388,0.057899926,0.007041877,0.35714912,0.38516203,0.09629051
49563,0.07623485,0.03545396,0.11701573,0.049959626,0.0066051483,0.04845488,0.01211372
49566,0.06410769,0.043428097,0.08478728,0.023850769,0.040427048,0.055121507,0.013780377
49569,0.11517341,0.03888497,0.19146185,0.11064422,0.0,0.11064422,0.027661055
49572,0.27037102,0.03664152,0.5041005,0.27578726,0.0,0.27578726,0.068946816
49574,0.08008411,0.038023874,0.12214434,0.042685807,0.04497655,0.03606012,0.00901503
49577,0.07426939,0.04080517,0.10773361,0.14534517,0.0,0.14534517,0.03633629
49580,0.05880049,0.044794384,0.07280659,0.05392033,0.820734,0.9539024,0.2384756
49583,0.15490158,0.041780043,0.26802313,0.49553195,0.0,0.49553195,0.12388299
49586,0.35651264,0.03557601,0.6774492,0.42519143,0.0,0.42519143,0.10629786
49589,0.03977335,0.04145058,0.038096115,0.0038569097,0.2348156,0.22380896,0.05595224
49592,0.05797379,0.051691756,0.064255826,0.008690219,0.2789116,0.29742274,0.074355684
49594,0.071487196,0.058226097,0.0847483,0.0459875,0.6179988,0.5624924,0.1406231
49597,0.91939086,0.043837562,1.7949442,1.295072,0.0,1.295072,0.323768
49600,0.07793052,0.042798866,0.113062166,0.061594516,0.6801968,0.6472512,0.1618128
49603,0.14792812,0.039471332,0.2563849,0.42910478,0.0,0.42910478,0.107276194
49606,0.09209012,0.051970597,0.13220964,0.06290605,0.0,0.06290605,0.015726512
49609,0.06329334,0.048728507,0.07785817,0.027638823,0.0,0.027638823,0.0069097057
49612,0.05005918,0.03639489,0.06372347,0.031451423,0.032663345,0.0521287,0.013032175
49614,0.20523633,0.025530688,0.38494197,0.23792136,0.0,0.23792136,0.05948034
49617,0.02602219,0.03275907,0.019285312,0.004878735,0.29624954,0.3543955,0.08859888
49620,0.07150267,0.03780332,0.10520202,0.03850936,0.03743903,0.029840475,0.0074601187
49623,0.8147886,0.032287996,1.5972891,1.2132998,0.0,1.2132998,0.30332494
49626,0.17283867,0.031746764,0.31393057,0.17738782,0.0,0.17738782,0.044346955
49629,0.08715276,0.044326365,0.12997915,0.035474245,0.036483604,0.023713231,0.005928308
49632,0.074264266,0.035738934,0.11278959,0.2518452,0.0,0.2518452,0.0629613
49634,0.36524877,0.035203673,0.69529384,0.43468451,0.0,0.43468451,0.10867113
49637,0.07888043,0.028192146,0.12956871,0.055039506,0.0,0.055039506,0.013759877
49640,0.060901165,0.03617135,0.08563098,0.044242803,0.0,0.044242803,0.011060701
49643,0.12790146,0.036430612,0.21937232,0.42447457,0.0,0.42447457,0.10611864
49646,0.29434678,0.03302003,0.55567354,0.33513567,0.0,0.33513567,0.08378392
49649,0.025008813,0.03330567,0.016711952,0.0061512906,0.2809986,0.34931755,0.08732939
49652,0.24255103,0.030716607,0.45438543,0.25484768,0.0,0.25484768,0.06371192
49654,0.06324463,0.03260173,0.09388753,0.06778756,0.9750576,0.9983549,0.24958873
49657,0.29588136,0.043161947,0.54860073,0.2954506,0.0,0.2954506,0.07386265
49660,0.23769619,0.038587645,0.43680474,0.22122061,0.0,0.22122061,0.055305153
49663,0.048434764,0.03330027,0.06356926,0.04149522,0.0,0.04149522,0.010373805
49666,0.029703453,0.030381681,0.029025225,0.014478351,0.1714999,0.15379117,0.038447794
49669,0.05093369,0.030847406,0.07101997,0.17339025,0.0,0.17339025,0.043347564
49672,0.048321385,0.034719106,0.06192367,0.032325584,0.4058857,0.36009112,0.09002278
49674,0.04312116,0.03152934,0.054712977,0.039074156,0.52491546,0.5520612,0.1380153
49677,0.7815943,0.031704023,1.5314846,1.162903,0.0,1.162903,0.29072574
49680,0.1433967,0.035136167,0.25165725,0.18154663,0.0,0.18154663,0.045386657
49683,0.22503746,0.032080326,0.4179946,0.24971908,0.0,0.24971908,0.06242977
49686,0.12345332,0.032567192,0.21433945,0.14496022,0.0,0.14496022,0.036240056
49689,0.07228943,0.03402889,0.110549964,0.08482141,1.1042343,1.420961,0.35524026
49692,0.062567025,0.030523375,0.09461067,0.06594459,1.288159,1.4387354,0.35968384
49694,0.5356489,0.026783546,1.0445143,0.7820239,0.0,0.7820239,0.19550598
49697,0.07156924,0.026372274,0.11676621,0.06844444,0.082373776,0.10006312,0.02501578
49700,0.042545367,0.024896456,0.060194284,0.052669693,0.8155241,0.9153161,0.22882903
49703,0.22313441,0.022862151,0.4234067,0.32699668,0.0,0.32699668,0.08174917
49706,0.22329116,0.01786449,0.42871782,0.48796716,0.0,0.48796716,0.12199179
49709,1.089678,0.01923222,2.1601238,1.8444239,0.0,1.8444239,0.46110597
49712,0.030950889,0.021098569,0.040803205,0.007532636,0.19607966,0.16934566,0.042336415
49714,0.47506988,0.015597896,0.9345419,1.0890712,0.0,1.0890712,0.2722678
49717,0.0156232705,0.01217026,0.01907628,0.0038375035,0.25139427,0.24288529,0.060721323
49720,0.033668876,0.009491355,0.057846397,0.037932124,0.041989487,0.047381174,0.011845293
49723,0.18905808,0.0079253,0.37019086,0.41980806,0.0,0.41980806,0.104952015
49726,0.5804985,0.008737084,1.15226,1.2710987,0.0,1.2710987,0.31777468
49729,0.72275066,0.007169871,1.4383315,1.3783592,0.0,1.3783592,0.3445898
49732,0.016952215,0.008013762,0.025890665,0.016538374,0.18004878,0.13324279,0.033310696
49734,0.031082839,0.008622244,0.053543434,0.037440408,0.0,0.037440408,0.009360102
49737,0.0351844,0.008567586,0.06180121,0.05768144,0.86570424,0.9132797,0.22831993
49740,0.023824709,0.009967281,0.037682135,0.019179683,0.3637689,0.37754145,0.09438536
49743,0.013474661,0.012560684,0.014388639,0.010019974,0.12479464,0.102180384,0.025545096
49746,0.0124063045,0.015019126,0.009793482,0.009961749,0.12751448,0.19312365,0.048280913
49749,0.31202638,0.018825708,0.60522705,0.44807282,0.0,0.44807282,0.112018205
49752,0.055985417,0.022815378,0.08915546,0.057065964,0.0,0.057065964,0.014266491
49754,0.0502041,0.022827214,0.07758098,0.0595559,0.8764553,0.8763504,0.2190876
49757,0.02908601,0.02569093,0.032481093,0.0041791047,0.4582653,0.46416798,0.116041996
49760,0.059937682,0.02849128,0.09138408,0.03706467,0.514739,0.6204753,0.15511882
49763,0.62758815,0.03486455,1.2203118,1.3693701,0.0,1.3693701,0.34234253
49766,0.75750774,0.037150156,1.4778652,1.1704379,0.0,1.1704379,0.29260948
49769,0.15336555,0.038353454,0.26837763,0.17769681,0.0,0.17769681,0.044424202
49772,0.04596893,0.036020413,0.05591744,0.030078232,0.020062605,0.043747958,0.010936989
49774,0.105590604,0.038598333,0.17258286,0.11218,1.0375792,1.089116,0.272279
49777,0.15260465,0.043045726,0.2621636,0.22832032,0.0,0.22832032,0.05708008
49780,0.057947706,0.045441974,0.07045343,0.0068796263,0.28008652,0.25498226,0.063745566
49783,0.06482412,0.050658625,0.07898962,0.04199977,0.11074003,0.13983001,0.034957502
49786,0.22793438,0.0459568,0.40991196,0.6740319,0.0,0.6740319,0.16850798
49789,0.7910018,0.038067102,1.5439364,1.1391212,0.0,1.1391212,0.2847803
49792,0.6784084,0.0369499,1.3198668,0.95643646,0.0,0.95643646,0.23910911
49794,0.16354738,0.041170627,0.28592414,0.47200027,0.0,0.47200027,0.11800007
49797,0.075609975,0.037504073,0.11371588,0.032624338,0.00424703,0.038013548,0.009503387
49800,0.06584737,0.026431048,0.10526369,0.10161463,0.074829735,0.15799345,0.039498363
49803,0.9409933,0.021309549,1.8606771,1.548306,0.0,1.548306,0.3870765
49806,0.056568485,0.022655522,0.09048144,0.026591474,0.3214145,0.23253667,0.05813417
49809,0.35542405,0.014426202,0.69642186,0.54517186,0.0,0.54517186,0.13629296
49811,0.058209185,0.019548247,0.096870124,0.07439296,0.0,0.07439296,0.01859824
49814,0.017438753,0.017209843,0.017667664,0.0024289906,0.32741547,0.31209397,0.07802349
49817,0.043815885,0.017775485,0.06985629,0.029858038,0.0,0.029858038,0.0074645095
49820,0.08238142,0.016421048,0.14834179,0.22632593,0.0,0.22632593,0.056581482
49823,0.04614557,0.015917547,0.076373585,0.0701336,0.09609938,0.18677044,0.04669261
49826,0.07168055,0.018581627,0.124779485,0.15586811,0.0,0.15586811,0.03896703
49829,0.89369875,0.017603988,1.7697935,1.5058521,0.0,1.5058521,0.37646303
49831,0.07606774,0.018477017,0.13365845,0.14522958,0.0,0.14522958,0.036307395
49834,0.3966137,0.016430253,0.7767971,0.619659,0.0,0.619659,0.15491475
49837,0.7145934,0.020112032,1.4090748,1.6464281,0.0,1.6464281,0.41160703
49840,0.6272592,0.01772813,1.2367903,1.4329163,0.0,1.4329163,0.35822907
49843,0.020537257,0.017831681,0.023242831,0.0075606517,0.19450606,0.18877022,0.047192555
49846,0.121927194,0.021889945,0.22196443,0.199139,0.0,0.199139,0.04978475
49849,0.04406629,0.018935954,0.069196634,0.048270553,0.01614952,0.08968059,0.022420147
49851,0.06105156,0.01908114,0.10302198,0.07636713,0.06965923,0.06258061,0.015645152
49854,0.0624228,0.02131551,0.1035301,0.06495311,0.857769,0.8382778,0.20956945
49857,0.30029145,0.027082033,0.5735009,0.7622238,0.0,0.7622238,0.19055595
49860,0.45549348,0.026897728,0.88408923,1.0982562,0.0,1.0982562,0.27456406
49863,0.04926155,0.029072598,0.0694505,0.017749153,0.31458446,0.25514886,0.063787214
49866,0.064617865,0.03247718,0.096758544,0.07591271,0.09055742,0.20255494,0.050638735
49869,0.086550556,0.049473573,0.12362754,0.06330829,1.493539,1.694568,0.423642
49871,0.09719304,0.031992424,0.16239364,0.28532127,0.0,0.28532127,0.07133032
49874,0.23074174,0.037736733,0.42374673,0.22770862,0.0,0.22770862,0.056927156
49877,0.3559598,0.04956509,0.6623545,0.9484752,0.0,0.9484752,0.2371188
49880,0.069176614,0.05886698,0.07948624,0.0070492397,0.24041045,0.21644436,0.05411109
49883,0.068579294,0.05957693,0.07758165,0.008132092,0.4120094,0.45268035,0.11317009
49886,0.05862725,0.06936562,0.047888886,0.0036471803,0.2965571,0.34850827,0.08712707
49889,0.07675477,0.088745534,0.064764,0.003994346,0.17691119,0.2035995,0.050899874
49891,0.38104904,0.06525637,0.6968417,0.34911776,0.0,0.34911776,0.08727944
49894,0.06465608,0.053344596,0.07596756,0.2217782,0.0,0.2217782,0.05544455
49897,0.06738036,0.040703166,0.09405756,0.06547544,1.0522223,1.0858817,0.27147043
49900,0.3411684,0.048498124,0.63383865,0.34893906,0.0,0.34893906,0.087234765
49903,0.07645433,0.055920612,0.096988045,0.04221493,1.3990461,1.4425784,0.3606446
49906,0.30927607,0.047394086,0.5711581,0.30727878,0.0,0.30727878,0.076819696
49909,0.08055152,0.053480018,0.10762302,0.07152117,0.0,0.07152117,0.017880293
49911,0.8963347,0.06337131,1.7292981,1.1907142,0.0,1.1907142,0.29767856
49914,0.16813946,0.07841276,0.25786614,0.10941231,0.0,0.10941231,0.027353078
49917,0.057282776,0.053600993,0.06096456,0.0076475167,0.29236683,0.29115495,0.07278874
49920,0.07903942,0.05973358,0.09834526,0.020903826,0.0045809746,0.022218673,0.005554668
49923,0.14266644,0.059099447,0.22623342,0.4179372,0.0,0.4179372,0.1044843
49926,0.09057331,0.086441435,0.09470519,0.0065469868,0.1340537,0.12258089,0.030645223
49929,0.11087892,0.08965212,0.13210572,0.062018078,0.7497285,0.79035014,0.19758753
49931,0.4823312,0.105964065,0.85869837,0.3792369,0.0,0.3792369,0.09480923
49934,0.100580335,0.101295836,0.09986484,0.035456415,0.521601,0.48729292,0.12182323
49937,0.10625083,0.09872832,0.113773346,0.3518115,0.0,0.3518115,0.087952875
49940,0.5811819,0.11303625,1.0493275,1.6971534,0.0,1.6971534,0.42428836
49943,0.13871306,0.12779236,0.14963378,0.009840101,0.44428238,0.47421956,0.11855489
49946,0.16973607,0.15668304,0.18278909,0.032509524,0.6399436,0.6542053,0.16355133
49949,1.0480917,0.11492256,1.9812608,1.2291454,0.0,1.2291454,0.30728635
49951,0.12064906,0.103158765,0.13813935,0.006399997,0.37710634,0.43967676,0.10991919
49954,0.10632452,0.085936286,0.12671275,0.0908919,1.3649616,1.6335196,0.4083799
49957,0.59404,0.07424004,1.11384,0.6695617,0.0,0.6695617,0.16739042
49960,0.37293956,0.08205191,0.6638272,1.003653,0.0,1.003653,0.25091326
49963,0.49865067,0.10845653,0.8888448,0.39337125,0.0,0.39337125,0.09834281
49966,0.24440432,0.09714421,0.39166442,0.11735948,0.0,0.11735948,0.02933987
49969,0.1697228,0.09862729,0.2408183,0.051450852,0.0,0.051450852,0.012862713
49971,0.086095594,0.106112786,0.06607839,0.038029056,0.0,0.038029056,0.009507264
49974,0.12677817,0.12280658,0.13074976,0.0046432577,0.48001686,0.48473096,0.12118274
49977,0.15871622,0.11456615,0.20286627,0.4750978,0.0,0.4750978,0.11877445
49980,0.14779794,0.13016953,0.16542636,0.07028758,1.4047798,1.5621449,0.39053622
49983,0.1977787,0.1192807,0.27627668,0.62848717,0.0,0.62848717,0.15712179
49986,0.07657432,0.09059375,0.062554896,0.033650305,0.0,0.033650305,0.008412576
49989,0.11050554,0.09545507,0.125556,0.028259903,0.03755633,0.06174026,0.015435065
49991,0.102058016,0.10839137,0.095724665,0.045172006,0.057725113,0.14519094,0.036297735
49994,0.38876387,0.088965334,0.6885624,1.1416367,0.0,1.1416367,0.28540918
49997,0.21076667,0.091495775,0.3300376,0.1528996,1.0565548,1.0065854,0.25164634
50000,0.33741736,0.06830724,0.6065275,0.32419136,0.0,0.32419136,0.08104784
50003,0.10473681,0.09047719,0.11899644,0.0068473,0.2916099,0.25265095,0.06316274
50006,0.06020677,0.02943094,0.09098259,0.034640044,0.0,0.034640044,0.008660011
50009,0.21943684,0.031431504,0.40744218,0.23327617,0.0,0.23327617,0.058319043
50011,0.03369545,0.030008534,0.037382364,0.019942736,0.0,0.019942736,0.004985684
50014,0.030601345,0.025419196,0.035783496,0.005142737,0.12500954,0.12731707,0.031829268
50017,0.5144122,0.018498912,1.0103256,0.8258076,0.0,0.8258076,0.2064519
50020,0.6400829,0.02219998,1.2579658,1.0212048,0.0,1.0212048,0.2553012
50023,0.043004137,0.029971063,0.056037206,0.03371912,1.1067009,1.0529011,0.2632253
50026,0.046212092,0.037723694,0.05470049,0.0070732776,0.38399377,0.41256556,0.10314139
50029,0.2022713,0.042434555,0.36210808,0.16146651,0.0,0.16146651,0.040366627
50031,0.2294554,0.037480135,0.42143068,0.21706791,0.0,0.21706791,0.054266978
50034,0.060781997,0.036391143,0.085172854,0.021557242,0.006643931,0.019364316,0.004841079
50037,0.06529914,0.05400599,0.07659229,0.052525442,1.0984827,0.9623087,0.24057718
50040,0.10127607,0.04770087,0.15485127,0.06661559,0.070735134,0.12205268,0.03051317
50043,0.40082636,0.045512795,0.75613993,0.45021212,0.0,0.45021212,0.11255303
50046,0.10552428,0.04327513,0.16777344,0.075753756,0.0,0.075753756,0.018938439
50049,0.13384055,0.054988008,0.2126931,0.083918266,0.09865284,0.101347804,0.025336951
50051,0.06663834,0.052545708,0.080730975,0.0219748,0.062210083,0.101285435,0.025321359
50054,0.03367019,0.037587132,0.029753247,0.00330228,0.2819471,0.29714376,0.07428594
50057,0.08806327,0.046282906,0.12984364,0.05329773,0.0052547455,0.06825975,0.017064938
50060,0.35843384,0.06138404,0.65548366,0.3240039,0.0,0.3240039,0.081000976
50063,0.07725809,0.060469374,0.09404681,0.030810272,0.04060936,0.08561615,0.021404037
50066,0.0502746,0.054729294,0.04581991,0.04048564,0.9017537,0.7604423,0.19011058
50069,0.46924254,0.056261193,0.88222384,1.2921826,0.0,1.2921826,0.32304564
50071,0.05698566,0.056194544,0.05777678,0.0077332444,0.34036383,0.32011822,0.080029555
50074,0.07007191,0.051105827,0.08903799,0.020546997,0.0046863556,0.021124497,0.0052811243
50077,0.18747407,0.045454934,0.32949322,0.56548136,0.0,0.56548136,0.14137034
50080,0.067889296,0.06285314,0.07292544,0.0069924127,0.4305655,0.42443255,0.10610814
50083,0.06454599,0.048208296,0.08088369,0.039845575,0.68573695,0.7244253,0.18110633
50086,0.16117226,0.03418735,0.28815714,0.16465418,0.0,0.16465418,0.041163545
50089,0.05723079,0.0541012,0.060360387,0.0032951513,0.21513748,0.20842974,0.052107435
50091,0.25286338,0.045801636,0.4599251,0.26501337,0.0,0.26501337,0.06625334
50094,0.09884641,0.043526694,0.15416615,0.097675614,1.184803,1.3366389,0.33415973
50097,0.30278003,0.036347512,0.56921256,0.35183156,0.0,0.35183156,0.08795789
50100,0.054503035,0.039165694,0.06984037,0.03114137,0.5265631,0.5498732,0.1374683
50103,0.043378983,0.025651462,0.061106503,0.0418352,0.4468281,0.5129085,0.12822713
50106,0.3158802,0.020975659,0.6107847,0.82354146,0.0,0.82354146,0.20588537
50109,0.040119488,0.019585373,0.06065361,0.06356659,0.6058877,0.8076618,0.20191544
50111,0.36068633,0.023573985,0.6977987,0.49085057,0.0,0.49085057,0.12271264
50114,0.105290465,0.015376311,0.19520462,0.29687726,0.0,0.29687726,0.074219316
50117,0.4018152,0.009482159,0.79414827,0.668353,0.0,0.668353,0.16708826
50120,0.16807896,0.011526634,0.3246313,0.22896542,0.0,0.22896542,0.057241354
50123,0.046098556,0.016513817,0.07568329,0.048446506,0.5008401,0.48815966,0.122039914
50126,0.070671864,0.017546961,0.12379676,0.10930968,1.059967,1.226479,0.30661976
50129,0.07165712,0.015235518,0.12807871,0.2182555,0.0,0.2182555,0.054563876
50131,0.0643732,0.01537813,0.11336828,0.09797599,1.1037458,1.2931062,0.32327655
50134,0.01562176,0.013160754,0.018082766,0.0060331146,0.26970038,0.2791085,0.06977712
50137,0.608764,0.016301438,1.2012266,1.3592759,0.0,1.3592759,0.33981898
50140,0.70319074,0.016491981,1.3898894,1.1360283,0.0,1.1360283,0.28400707
50143,0.037466433,0.020433946,0.054498922,0.07633863,0.0,0.07633863,0.019084657
50146,0.110808104,0.015330148,0.20628606,0.29698518,0.0,0.29698518,0.074246295
50149,0.06704507,0.014554073,0.119536065,0.067988165,0.0,0.067988165,0.016997041
50151,0.041544024,0.016510598,0.06657746,0.06342242,0.5349591,0.50637144,0.12659286
50154,0.21968889,0.025542637,0.41383517,0.30038747,0.0,0.30038747,0.07509687
50157,0.07182968,0.020562721,0.12309664,0.07273172,0.080023766,0.06852592,0.01713148
50160,0.07559666,0.017121932,0.1340714,0.09088882,1.0507889,1.1606712,0.2901678
50163,0.31924328,0.019652696,0.61883384,0.48044002,0.0,0.48044002,0.120110005
50166,0.026361773,0.021881914,0.030841632,0.027385721,0.38749185,0.39092278,0.097730696
50169,0.066663705,0.021321746,0.11200566,0.06692227,0.0,0.06692227,0.016730567
50171,0.123865284,0.021303894,0.22642668,0.14920758,0.0,0.14920758,0.037301894
50174,0.025839856,0.029033935,0.022645777,0.003233059,0.3219864,0.35915542,0.089788854
50177,0.0606308,0.028436119,0.09282547,0.06798128,1.188733,1.2749639,0.31874096
50180,0.045211136,0.022375837,0.06804644,0.051701248,0.0,0.051701248,0.012925312
50183,0.5131487,0.02365776,1.0026397,0.73578525,0.0,0.73578525,0.18394631
50186,0.5060802,0.020500274,0.9916602,1.2220643,0.0,1.2220643,0.30551606
50189,0.07021276,0.026511133,0.11391439,0.07305176,1.3052484,1.4692014,0.36730036
50191,0.07697452,0.029640013,0.124309026,0.05740811,0.06976732,0.07889153,0.019722883
50194,0.1407397,0.027365921,0.25411347,0.41399536,0.0,0.41399536,0.10349884
50197,0.02874055,0.02710166,0.030379439,0.0062598493,0.2069416,0.19548984,0.04887246
50200,0.03615612,0.026163047,0.046149198,0.03517553,0.0,0.03517553,0.008793882
50203,0.045998275,0.02647397,0.06552258,0.049778122,0.0,0.049778122,0.012444531
50206,0.028779626,0.03860801,0.018951239,0.0066529014,0.30239868,0.37873745,0.09468436
50209,0.2119636,0.036683712,0.38724348,0.18852262,0.0,0.18852262,0.047130655
50211,0.10043272,0.034217764,0.16664767,0.14676048,0.0,0.14676048,0.03669012
50214,0.13750532,0.035754707,0.23925595,0.26166642,0.0,0.26166642,0.065416604
50217,0.9567089,0.045189336,1.8682284,1.4317799,0.0,1.4317799,0.35794497
50220,0.16864806,0.054575533,0.2827206,0.5410497,0.0,0.5410497,0.13526243
50223,0.58564633,0.05634314,1.1149496,0.71864146,0.0,0.71864146,0.17966036
50226,0.1511563,0.06554865,0.23676395,0.09936434,0.018615881,0.15373589,0.038433973
50229,0.9835711,0.073333286,1.893809,1.340662,0.0,1.340662,0.3351655
50231,0.23625684,0.09323016,0.37928352,0.7783146,0.0,0.7783146,0.19457865
50234,0.65915924,0.097453915,1.2208647,0.7092965,0.0,0.7092965,0.17732413
50237,0.10088247,0.10450245,0.0972625,0.0020024076,0.2351907,0.22200222,0.055500556
50240,0.12881355,0.117967494,0.1396596,0.005679801,0.29491806,0.3205043,0.08012608
50243,0.14106233,0.13533409,0.14679058,0.014600393,0.21827905,0.21501197,0.053752992
50246,0.21210891,0.15313645,0.2710814,0.0635226,0.0,0.0635226,0.01588065
50249,0.2780505,0.14065187,0.41544914,0.82963276,0.0,0.82963276,0.20740819
50251,0.58255416,0.14392538,1.021183,0.40808287,0.0,0.40808287,0.10202072
50254,0.1587881,0.13502814,0.18254805,0.02930189,0.0,0.02930189,0.0073254723
50257,0.2008435,0.16088633,0.24080066,0.07270121,0.059944153,0.14043476,0.03510869
50260,0.17359777,0.15574044,0.19145508,0.061524767,0.6360469,0.61926,0.154815
50263,0.16260915,0.14585373,0.17936456,0.5774407,0.0,0.5774407,0.14436017
50266,0.34491542,0.14052035,0.5493105,0.24331033,0.0,0.24331033,0.060827583
50269,0.17598812,0.15951936,0.1924569,0.059661653,1.0066916,1.0084654,0.25211635
50271,0.3789393,0.14706448,0.61081415,0.17513423,0.0,0.17513423,0.043783557
50274,0.16712798,0.15129541,0.18296057,0.02559706,0.038142044,0.06956489,0.017391222
50277,0.13573135,0.12791097,0.14355174,0.038960353,0.0,0.038960353,0.009740088
50280,0.12199807,0.14735967,0.096636474,0.012129526,0.3552616,0.47087517,0.11771879
50283,0.8685272,0.13269062,1.6043638,0.84153336,0.0,0.84153336,0.21038334
50286,0.1466371,0.12504579,0.1682284,0.35985234,0.0,0.35985234,0.089963086
50289,1.1646954,0.12256435,2.2068264,1.3546034,0.0,1.3546034,0.33865085
50291,0.19305521,0.11451134,0.27159908,0.061888337,0.014609019,0.105508335,0.026377084
50294,0.3363426,0.119941324,0.55274385,0.21014766,0.0,0.21014766,0.052536916
50297,0.65089196,0.11813846,1.1836454,0.65579075,0.0,0.65579075,0.16394769
50300,0.14717005,0.11584216,0.17849796,0.03313048,0.033670265,0.051351618,0.0128379045
50303,1.1117555,0.1044909,2.1190202,1.2942729,0.0,1.2942729,0.32356822
50306,0.08889103,0.07844409,0.09933797,0.047546208,1.2243481,1.1243453,0.28108633
50309,0.087014444,0.08557373,0.08845516,0.048087943,0.0,0.048087943,0.012021986
50311,0.12840474,0.10185057,0.15495889,0.03408751,0.012816112,0.058301028,0.014575257
50314,0.09776988,0.07564812,0.11989164,0.02539341,0.024501005,0.04696216,0.01174054
50317,0.062674195,0.057495516,0.06785287,0.050875872,0.0,0.050875872,0.012718968
50320,0.067085475,0.0604526,0.073718354,0.010077404,0.45651114,0.46092188,0.11523047
50323,0.048552465,0.028225424,0.06887951,0.028983764,0.012266795,0.055811808,0.013952952
50326,0.057024494,0.025677877,0.088371105,0.08370014,0.0,0.08370014,0.020925036
50329,0.0596502,0.02780076,0.09149965,0.11415806,1.1973447,1.3467468,0.3366867
50331,0.034256022,0.030734679,0.037777364,0.020189578,0.21974182,0.2248949,0.056223724
50334,0.050640825,0.03288148,0.06840017,0.075861804,0.061249416,0.09041494,0.022603735
50337,0.025656542,0.031544846,0.01976824,0.0033623157,0.1509827,0.18432145,0.046080362
50340,0.46789083,0.03637858,0.8994031,0.6815726,0.0,0.6815726,0.17039315
50343,0.026176432,0.03512313,0.017229734,0.005134117,0.22401445,0.27296594,0.068241484
50346,0.041089673,0.038936313,0.043243036,0.0134949675,0.38038826,0.3956224,0.0989056
50349,0.055131022,0.042197604,0.068064444,0.008071623,0.33265713,0.2984034,0.07460085
50351,0.06673346,0.03255888,0.10090803,0.10124719,0.0,0.10124719,0.025311798
50354,0.07749711,0.03351879,0.12147543,0.15369819,0.0,0.15369819,0.038424548
50357,0.07482666,0.05705583,0.092597485,0.051075548,0.95922756,1.0619174,0.26547936
50360,0.06175816,0.045570444,0.07794588,0.1268234,0.0,0.1268234,0.03170585
50363,0.30989227,0.036816034,0.58296853,0.8249591,0.0,0.8249591,0.20623977
50366,0.07256953,0.042321045,0.10281801,0.028318852,0.03810358,0.039042547,0.009760637
50369,0.06324977,0.0365833,0.08991623,0.017499305,0.5316086,0.48708907,0.12177227
50371,0.23416542,0.023355283,0.44497553,0.541259,0.0,0.541259,0.13531475
50374,0.022626406,0.026375169,0.018877642,0.0028327238,0.17638719,0.2097023,0.052425575
50377,0.059820816,0.018828306,0.10081333,0.08006757,0.0,0.08006757,0.020016892
50380,0.033856243,0.029727757,0.03798473,0.032398816,1.1360397,1.037344,0.259336
50383,0.08362543,0.023221938,0.14402892,0.07585132,0.08139721,0.067236096,0.016809024
50386,0.029925419,0.01377122,0.046079617,0.031204062,0.034697533,0.04184574,0.010461435
50389,0.04182161,0.013027519,0.070615694,0.03502017,0.038068455,0.027822817,0.006955704
50391,0.009697364,0.008638112,0.0107566165,0.0048317476,0.3177649,0.27721322,0.069303304
50394,0.25037888,0.011286549,0.4894712,0.38194928,0.0,0.38194928,0.09548732
50397,0.0724446,0.008534721,0.13635449,0.176269,0.0,0.176269,0.04406725
50400,0.68187046,0.0073734014,1.3563676,1.4641943,0.0,1.4641943,0.36604857
50403,0.022907102,0.010677707,0.035136495,0.014931264,0.39860854,0.41368154,0.103420384
50406,0.08227407,0.011605528,0.15294261,0.1431555,0.0,0.1431555,0.035788875
50409,0.04392357,0.02358984,0.0642573,0.0386769,0.5049719,0.61708754,0.15427189
50411,0.32184413,0.018256383,0.62543184,0.50968987,0.0,0.50968987,0.12742247
50414,0.031534877,0.021073388,0.04199636,0.023643782,0.29785386,0.2557439,0.06393597
50417,0.047816142,0.020651164,0.07498112,0.043501828,0.0,0.043501828,0.010875457
50420,0.054774497,0.03450283,0.07504617,0.1709267,0.0,0.1709267,0.042731676
50423,0.05823393,0.03122589,0.08524197,0.056646746,0.7485345,0.7302453,0.18256132
50426,0.03949754,0.03429803,0.04469705,0.12391914,0.0,0.12391914,0.030979784
50429,0.28185776,0.038539134,0.52517635,0.744214,0.0,0.744214,0.1860535
50431,0.023264566,0.035035595,0.0114935385,0.015485051,0.27335873,0.39280367,0.09820092
50434,0.046775103,0.04065672,0.052893486,0.026074776,0.34438702,0.41559973,0.10389993
50437,0.09801561,0.04593897,0.15009226,0.0767242,0.0,0.0767242,0.01918105
50440,0.1155322,0.048021656,0.18304275,0.075779766,0.10951265,0.14098631,0.035246577
50443,0.07767076,0.0515182,0.10382331,0.037843417,0.0,0.037843417,0.009460854
50446,0.48195973,0.05153279,0.91238666,0.56137305,0.0,0.56137305,0.14034326
50449,0.12771924,0.048121776,0.20731671,0.39029798,0.0,0.39029798,0.097574495
50451,0.0832823,0.05538414,0.11118046,0.06442404,0.056576252,0.11155188,0.02788797
50454,0.06117946,0.061535716,0.060823202,0.10832023,0.0,0.10832023,0.027080057
50457,0.086960144,0.089052856,0.08486744,0.012869838,0.4787221,0.49227074,0.123067684
50460,0.15899847,0.06431913,0.25367782,0.1062688,0.03732856,0.20333599,0.050833996
50463,0.17320757,0.06401507,0.28240004,0.11767936,0.14873727,0.14399302,0.035998255
50466,0.24380785,0.06596721,0.4216485,0.2489715,0.0,0.2489715,0.062242877
50469,0.08955983,0.06209148,0.1170282,0.12773353,0.0,0.12773353,0.031933382
50471,0.095258445,0.050400946,0.14011595,0.31676582,0.0,0.31676582,0.079191454
50474,0.079556495,0.05767445,0.101438545,0.056205988,0.16276567,0.26472008,0.06618002
50477,0.08858719,0.05413741,0.12303695,0.2539555,0.0,0.2539555,0.06348888
50480,0.121384345,0.04629029,0.19647841,0.09477503,0.085009255,0.27097726,0.067744315
50483,0.05781083,0.03933437,0.07628729,0.101399474,0.0,0.101399474,0.025349868
50486,0.0835737,0.049516518,0.11763088,0.03763457,0.039335728,0.04979978,0.012449945
50489,0.050546125,0.05234648,0.04874577,0.08780035,0.0,0.08780035,0.021950087
50491,0.12185452,0.05475248,0.18895657,0.10804757,1.2348377,1.4910449,0.37276122
50494,0.06907601,0.042941313,0.09521071,0.12519825,0.0,0.12519825,0.03129956
50497,0.12676421,0.03287098,0.22065742,0.119100876,0.0,0.119100876,0.029775219
50500,0.27615967,0.042157307,0.51016206,0.81175023,0.0,0.81175023,0.20293756
50503,0.44098464,0.031340547,0.8506288,1.1742415,0.0,1.1742415,0.2935604
50506,0.03731138,0.028663745,0.04595901,0.006340356,0.48159918,0.5459216,0.1364804
50509,0.56922174,0.03121755,1.1072259,0.7995532,0.0,0.7995532,0.1998883
50511,0.04903565,0.029508168,0.06856313,0.046421885,0.062193394,0.12466356,0.03116589
50514,0.059298962,0.032484088,0.08611384,0.08017851,0.05161492,0.15422025,0.038555063
50517,0.025659805,0.023466408,0.027853198,0.0035508887,0.2561156,0.26548886,0.066372216
50520,0.7605076,0.033626635,1.4873886,1.0906007,0.0,1.0906007,0.27265018
50523,0.6326142,0.018707858,1.2465205,1.0181465,0.0,1.0181465,0.25453663
50526,0.11449849,0.015559827,0.21343714,0.16287182,0.0,0.16287182,0.040717956
50529,0.03674004,0.020098735,0.053381342,0.048890587,0.6112031,0.71915954,0.17978989
50531,0.015128702,0.024332212,0.005925192,0.01418332,0.13344781,0.21975426,0.054938566
50534,0.022376478,0.015461616,0.029291337,0.005529856,0.22140694,0.1983136,0.0495784
50537,0.034006413,0.015424763,0.052588064,0.059817046,0.0,0.059817046,0.0149542615
50540,0.39193168,0.021837095,0.7620263,0.5732302,0.0,0.5732302,0.14330755
50543,0.018437685,0.009492123,0.027383247,0.036493156,0.9381663,0.7783235,0.19458087
50546,0.018511599,0.016923502,0.020099698,0.008344523,0.32165527,0.32626957,0.08156739
50549,0.12252302,0.014204924,0.23084112,0.28346524,0.0,0.28346524,0.07086631
50551,0.041035403,0.02646417,0.055606637,0.026005318,0.0072803497,0.03127631,0.007819078
50554,0.0295413,0.013564418,0.045518186,0.04961145,1.3500367,1.2968568,0.3242142
50557,0.029773952,0.008248251,0.051299658,0.046904553,0.0,0.046904553,0.011726138
50560,0.028116345,0.00918799,0.0470447,0.043581605,0.049311478,0.0770218,0.01925545
50563,0.0064277276,0.006924618,0.0059308372,0.0039995923,0.38137117,0.39075413,0.09768853
50566,0.50629956,0.0074232123,1.005176,0.9380498,0.0,0.9380498,0.23451245
50569,0.20912354,0.007305395,0.4109417,0.36363444,0.0,0.36363444,0.09090861
50571,0.01855427,0.008029248,0.029079294,0.023856426,0.025682608,0.053600054,0.013400014
50574,0.03451607,0.006784804,0.062247336,0.04717421,1.4003681,1.5831505,0.39578763
50577,0.43936852,0.0054721567,0.87326485,0.84333783,0.0,0.84333783,0.21083446
50580,0.09145972,0.006642005,0.17627744,0.14234121,0.0,0.14234121,0.035585303
50583,0.45928338,0.009293095,0.9092737,0.9353196,0.0,0.9353196,0.2338299
50586,0.04137532,0.00869476,0.07405589,0.059106324,0.5605635,0.4869798,0.12174495
50589,0.02321011,0.012091659,0.03432856,0.01805532,0.3048776,0.3083997,0.07709993
50591,0.057175577,0.013180063,0.101171084,0.103832066,0.03933716,0.20822777,0.052056942
50594,0.026105797,0.017027296,0.035184298,0.019204827,0.037024975,0.054310266,0.0135775665
50597,0.16476782,0.023045717,0.3064899,0.43965104,0.0,0.43965104,0.10991276
50600,0.01988906,0.025758008,0.014020112,0.011861387,0.116901755,0.1850677,0.046266925
50603,0.06341377,0.037200056,0.08962748,0.06111696,0.0,0.06111696,0.01527924
50606,0.44339812,0.049899045,0.8368972,0.6569419,0.0,0.6569419,0.16423547
50609,0.104307525,0.058400612,0.15021443,0.0812789,0.014249802,0.12599356,0.03149839
50611,0.26881447,0.07653765,0.46109128,0.16794996,0.0,0.16794996,0.04198749
50614,0.10113951,0.0956437,0.106635325,0.025652334,0.0,0.025652334,0.0064130835
50617,0.38364196,0.09796832,0.6693156,0.28144896,0.0,0.28144896,0.07036224
50620,0.1612047,0.10314554,0.21926385,0.07538409,0.9287732,1.0435177,0.26087943
50623,0.17560585,0.11997539,0.23123632,0.08312097,1.0931765,1.2686695,0.31716737
50626,0.15653002,0.15187553,0.1611845,0.034654144,0.53650206,0.4468607,0.111715175
50629,0.20759898,0.17763771,0.23756026,0.05319615,1.3827854,1.5050029,0.3762507
50631,0.29428518,0.18311031,0.40546003,0.10343031,0.0,0.10343031,0.025857577
50634,0.24876948,0.20824349,0.2892955,0.03325167,0.053502876,0.113653354,0.028413339
50637,0.26346263,0.23995246,0.28697276,0.021838903,0.0077404976,0.03480223,0.008700557
50640,0.3080164,0.22449283,0.39153996,0.07546101,0.008874734,0.09914855,0.024787137
50643,0.21824312,0.2269796,0.20950668,0.026145352,0.38340822,0.3780667,0.09451667
50646,0.8847513,0.29327503,1.4762276,0.50209516,0.0,0.50209516,0.12552379
50649,0.73232156,0.29212943,1.1725138,0.3388472,0.0,0.3388472,0.0847118
50651,0.2837511,0.27782562,0.28967655,0.001781051,0.3032383,0.2988621,0.074715525
50654,0.17888875,0.25521404,0.1025635,0.26676413,0.0,0.26676413,0.06669103
50657,0.19440717,0.24624567,0.14256866,0.058913782,0.0,0.058913782,0.014728446
50660,0.32811034,0.25442973,0.40179095,0.057216644,0.0,0.057216644,0.014304161
50663,0.22319442,0.24005692,0.20633192,0.111959934,0.0,0.111959934,0.027989984
50666,0.26404917,0.21441054,0.3136878,0.037493426,0.0,0.037493426,0.009373357
50669,0.49282873,0.22551163,0.76014584,0.18509877,0.0,0.18509877,0.04627469
50671,0.26328948,0.228682,0.297897,0.01108781,0.41668984,0.3989543,0.099738576
50674,0.6478307,0.21262725,1.0830342,0.40803012,0.0,0.40803012,0.10200753
50677,0.4875106,0.21156545,0.7634557,0.19950807,0.0,0.19950807,0.049877018
50680,0.21738617,0.25514722,0.17962511,0.012750834,0.22636048,0.32451287,0.08112822
50683,0.19934404,0.2295366,0.1691515,0.0082860105,0.37337795,0.47746876,0.11936719
50686,0.2322752,0.19517446,0.26937598,0.022440394,0.019248327,0.024850601,0.0062126503
50689,0.20598988,0.21032085,0.2016589,0.032974582,0.9063155,0.85608655,0.21402164
50691,0.73061323,0.1921438,1.2690827,0.5194557,0.0,0.5194557,0.12986392
50694,0.119206525,0.15468343,0.083729625,0.01674229,0.4131545,0.5793283,0.14483207
50697,0.10393923,0.11126568,0.096612774,0.003447335,0.17767942,0.19871224,0.04967806
50700,0.06832838,0.09226165,0.044395108,0.22538964,0.0,0.22538964,0.05634741
50703,0.39666954,0.09299304,0.70034605,0.29349682,0.0,0.29349682,0.073374204
50706,0.09888905,0.0782501,0.119527996,0.03600919,0.012767792,0.057133675,0.014283419
50709,0.099871874,0.07823632,0.12150743,0.016924081,0.3325036,0.29901448,0.07475362
50711,0.109934665,0.06957316,0.1502962,0.053792555,0.0780406,0.11975897,0.029939743
50714,0.07904043,0.059153978,0.09892687,0.05117324,0.62472814,0.6600389,0.16500972
50717,0.3667977,0.050260898,0.6833345,0.9761966,0.0,0.9761966,0.24404915
50720,0.04244853,0.047778267,0.037118796,0.041733745,0.9653956,0.8128288,0.2032072
50723,0.108414374,0.052832663,0.16399609,0.13370766,0.0,0.13370766,0.033426914
50726,0.1528145,0.051647265,0.2539817,0.114970185,0.12878783,0.060857195,0.015214299
50729,0.08649809,0.054810535,0.11818565,0.060232718,0.0,0.060232718,0.015058179
50731,0.1103456,0.055375803,0.1653154,0.08077652,0.0,0.08077652,0.02019413
50734,0.12760471,0.04841553,0.20679386,0.41503802,0.0,0.41503802,0.103759505
50737,0.120068885,0.058117658,0.18202011,0.08692479,0.8364954,0.67232746,0.16808186
50740,0.09457356,0.07727996,0.11186715,0.011173576,0.47434452,0.41729188,0.10432297
50743,0.1280728,0.10342798,0.1527176,0.03782203,0.058015186,0.12480321,0.031200802
50746,0.07045811,0.0788748,0.06204142,0.06392077,0.0,0.06392077,0.015980193
50748,0.061398726,0.07079241,0.05200504,0.16620162,0.0,0.16620162,0.041550405
50751,0.21187837,0.08487725,0.3388795,0.12954585,0.0,0.12954585,0.032386463
50754,0.12771213,0.0888668,0.16655748,0.0467772,0.0,0.0467772,0.0116943
50757,0.13568096,0.07757464,0.19378726,0.47987822,0.0,0.47987822,0.119969554
50760,0.14228009,0.11730025,0.16725992,0.049824238,1.0676996,1.1340345,0.28350863
50763,0.12457172,0.081677675,0.16746576,0.061132666,0.011331558,0.07229816,0.01807454
50766,0.108732976,0.08987933,0.12758662,0.029685924,0.3756752,0.39531466,0.098828666
50768,0.06820567,0.06534699,0.071064346,0.039405204,0.0,0.039405204,0.009851301
50771,0.107593276,0.08131421,0.13387235,0.010514011,0.23808928,0.18802029,0.047005072
50774,0.1605062,0.062141437,0.258871,0.12377614,0.0,0.12377614,0.030944034
50777,0.31161445,0.080630966,0.54259795,0.22630394,0.0,0.22630394,0.056575984
50780,0.14602487,0.11290765,0.17914207,0.014744796,0.22461689,0.17557465,0.04389366
50783,0.30344638,0.10223186,0.5046609,0.9372053,0.0,0.9372053,0.23430133
50786,0.09196952,0.12682706,0.05711198,0.3184875,0.0,0.3184875,0.079621874
50788,0.12978643,0.13010134,0.12947153,0.09133446,0.0,0.09133446,0.022833616
50791,0.26318714,0.15141037,0.3749639,0.09789336,0.0,0.09789336,0.02447334
50794,0.17277676,0.15794058,0.18761294,0.10651669,1.1531091,1.476738,0.3691845
50797,0.15099256,0.15348443,0.14850068,0.003263588,0.252875,0.23844652,0.05961163
50800,0.1826045,0.16416211,0.20104688,0.060692128,0.0,0.060692128,0.015173032
50803,0.17073898,0.18132448,0.16015346,0.076316416,0.7684,1.1104001,0.27760002
50806,0.18558364,0.19353597,0.17763127,0.008707943,0.24489097,0.2841028,0.0710257
50808,0.20993917,0.20342131,0.21645701,0.13170965,0.0,0.13170965,0.032927413
50811,0.14124288,0.18289284,0.09959292,0.015174844,0.24788432,0.37553382,0.093883455
50814,0.19430192,0.18688624,0.20171762,0.026451977,0.0,0.026451977,0.0066129942
50817,0.18240239,0.17460978,0.19019501,0.09621934,1.02854,1.2884308,0.3221077
50820,0.24041818,0.17769386,0.3031425,0.038089488,0.0,0.038089488,0.009522372
50823,0.16149758,0.1839457,0.13904946,0.006474854,0.28124878,0.34932068,0.08733017
50826,0.19982727,0.18464907,0.21500546,0.017394938,0.34616217,0.38010225,0.09502556
50828,0.26173437,0.17507218,0.34839654,0.056297395,0.0,0.056297395,0.014074349
50831,0.100540005,0.1657204,0.035359595,0.2661052,0.0,0.2661052,0.0665263
50834,0.1438654,0.1648489,0.12288193,0.48878297,0.0,0.48878297,0.12219574
50837,0.18309851,0.17490543,0.19129162,0.009375081,0.19744746,0.19770081,0.049425203
50840,0.26256892,0.17442746,0.3507104,0.10527775,1.0524706,1.2502955,0.31257388
50843,0.16760242,0.16863413,0.16657071,0.016935175,0.34778404,0.36220464,0.09055116
50846,0.718201,0.15763038,1.2787715,0.5516631,0.0,0.5516631,0.13791578
50848,0.9072713,0.16103612,1.6535064,0.84151596,0.0,0.84151596,0.21037899
50851,0.14842021,0.15815012,0.13869031,0.49666023,0.0,0.49666023,0.12416506
50854,0.1776494,0.17016923,0.18512957,0.0059024594,0.22104327,0.22116666,0.055291664
50857,0.19632864,0.17883837,0.21381891,0.043768197,0.041241486,0.07233826,0.018084565
50860,0.18089426,0.1863453,0.17544322,0.051968057,0.6422513,0.5936737,0.14841843
50863,0.24865551,0.19990732,0.29740372,0.07660672,0.85001516,0.95480424,0.23870106
50866,0.13502952,0.18827868,0.08178038,0.30746308,0.0,0.30746308,0.07686577
50868,0.3176683,0.17923342,0.45610318,0.09475673,0.0,0.09475673,0.023689182
50871,0.13924111,0.14742301,0.13105924,0.08870665,1.3564259,1.7585815,0.43964538
50874,0.5712641,0.075844795,1.0666834,0.60065025,0.0,0.60065025,0.15016256
50877,0.112276375,0.09011928,0.13443346,0.010180117,0.2748674,0.3065997,0.07664993
50880,0.14259036,0.073914014,0.21126671,0.42691898,0.0,0.42691898,0.106729746
50883,0.093028165,0.07898316,0.10707319,0.042347934,0.53001565,0.6236549,0.15591373
50886,0.071986854,0.06077307,0.08320063,0.0066497475,0.33125687,0.37071705,0.09267926
50888,0.20271802,0.062419128,0.3430169,0.13045107,0.0,0.13045107,0.032612767
50891,0.061385095,0.066882126,0.055888068,0.030560112,0.0,0.030560112,0.007640028
50894,0.06087069,0.060302664,0.06143871,0.13733052,0.0,0.13733052,0.03433263
50897,0.31303766,0.048083384,0.57799196,0.89906913,0.0,0.89906913,0.22476728
50900,0.05756111,0.053877413,0.061244804,0.13533962,0.0,0.13533962,0.033834904
50903,0.53746706,0.053510945,1.0214232,0.6317014,0.0,0.6317014,0.15792535
50906,0.09655875,0.038883064,0.15423442,0.058337282,0.06967131,0.061908294,0.015477073
50908,0.043049727,0.026624342,0.059475113,0.082039975,0.81917256,1.0769963,0.26924908
50911,0.032320466,0.029425608,0.035215322,0.034838673,0.41747734,0.52052855,0.13013214
50914,0.06464156,0.041220322,0.08806279,0.06658796,0.114289604,0.21556775,0.05389194
50917,0.09546102,0.043257866,0.14766417,0.051810723,0.05449422,0.05750966,0.014377415
50920,0.25921372,0.01981786,0.49860957,0.35962924,0.0,0.35962924,0.08990731
50923,0.023864932,0.030640423,0.017089441,0.008733751,0.23862068,0.31989142,0.079972856
50926,0.16259481,0.027833762,0.29735586,0.18617217,0.0,0.18617217,0.046543043
50928,0.5724822,0.028819771,1.1161447,0.8166248,0.0,0.8166248,0.2041562
50931,0.070026375,0.0324703,0.10758245,0.08365025,0.04023552,0.14852808,0.03713202
50934,0.03401896,0.018550737,0.049487185,0.053661395,0.0,0.053661395,0.013415349
50937,0.0354927,0.023293495,0.0476919,0.03873278,0.8349368,0.8474496,0.2118624
50940,0.26103377,0.027043262,0.4950243,0.30527735,0.0,0.30527735,0.07631934
50943,0.050785173,0.029481724,0.07208862,0.16637577,0.0,0.16637577,0.041593943
50946,0.04630519,0.027647689,0.06496269,0.056486208,0.0,0.056486208,0.014121552
50948,0.13812,0.025270132,0.25096986,0.3987681,0.0,0.3987681,0.099692024
50951,0.06958372,0.040687624,0.09847983,0.07171092,0.061190445,0.10647937,0.026619842
50954,0.10357898,0.03619675,0.1709612,0.11695547,0.0,0.11695547,0.029238867
50957,0.19132172,0.048800904,0.33384252,0.13585113,0.0,0.13585113,0.033962782
50960,0.08213418,0.056446012,0.107822336,0.09966894,1.1479794,1.5560175,0.38900438
50963,0.08800974,0.07268047,0.103338994,0.02834726,0.028981844,0.0506157,0.012653925
50966,0.89844877,0.06957084,1.7273268,1.1792127,0.0,1.1792127,0.29480317
50968,0.11667732,0.0760572,0.15729743,0.39105973,0.0,0.39105973,0.09776493
50971,0.36595026,0.08101269,0.65088785,0.27922884,0.0,0.27922884,0.06980721
50974,0.1737267,0.08918774,0.25826564,0.07842437,0.07378467,0.042353302,0.010588326
50977,0.078484036,0.10312972,0.053838354,0.23384094,0.0,0.23384094,0.058460236
50980,0.103369474,0.098052345,0.1086866,0.07145458,0.0,0.07145458,0.017863644
50983,0.13532704,0.10504595,0.16560814,0.45522627,0.0,0.45522627,0.11380657
50986,1.1525038,0.10165102,2.2033567,1.4378486,0.0,1.4378486,0.35946214
50988,0.09752196,0.108174674,0.08686926,0.35108078,0.0,0.35108078,0.087770194
50991,1.0240908,0.107137166,1.9410443,1.1573299,0.0,1.1573299,0.28933248
50994,0.09866766,0.091568075,0.10576725,0.032734,0.027632395,0.068014614,0.017003654
50997,0.09169225,0.09002677,0.09335772,0.0056764744,0.19286346,0.1905769,0.047644224
51000,0.15285634,0.08702854,0.21868412,0.091082014,0.1803484,0.30938208,0.07734552
51003,0.09013472,0.08510011,0.09516934,0.2163407,0.0,0.2163407,0.054085176
51006,0.11958001,0.10096681,0.13819322,0.10110714,1.1128539,1.4898643,0.3724661
51008,0.083505094,0.09323788,0.07377231,0.24452305,0.0,0.24452305,0.061130762
51011,0.10587428,0.10479196,0.1069566,0.039717816,0.0,0.039717816,0.009929454
51014,0.13562694,0.10548689,0.165767,0.012661128,0.13273168,0.1020375,0.025509374
51017,0.10449695,0.10459938,0.10439452,0.008349312,0.34181404,0.33625436,0.08406359
51020,0.19338505,0.09392505,0.29284504,0.6761513,0.0,0.6761513,0.16903782
51023,0.22638792,0.065551944,0.38722387,0.7373957,0.0,0.7373957,0.18434893
51026,0.060783107,0.06417125,0.05739497,0.0034014685,0.31992722,0.300482,0.0751205
51028,0.88020897,0.05460768,1.7058102,1.1726159,0.0,1.1726159,0.29315397
51031,0.08912758,0.068830974,0.109424174,0.0571676,0.0,0.0571676,0.0142919
51034,0.4031557,0.052838817,0.7534726,0.4249216,0.0,0.4249216,0.1062304
51037,0.08701474,0.04675899,0.1272705,0.08096907,0.8847993,0.92264444,0.23066111
51040,0.06631806,0.07128977,0.06134634,0.09275985,0.0,0.09275985,0.023189962
51043,0.2509311,0.06371444,0.4381478,0.8072009,0.0,0.8072009,0.20180023
51046,0.059053686,0.037071873,0.081035495,0.04058302,0.4589344,0.49475932,0.12368983
51048,0.05993436,0.04489318,0.07497554,0.07090592,0.91608185,1.1676704,0.2919176
51051,0.050116792,0.037380595,0.062852986,0.18048711,0.0,0.18048711,0.045121778
51054,0.07397058,0.053259432,0.09468172,0.037561215,0.025058746,0.051630795,0.012907699
51057,0.04351749,0.038490906,0.048544068,0.037920203,0.0,0.037920203,0.009480051
51060,0.14273079,0.031222874,0.2542387,0.2700378,0.0,0.2700378,0.06750945
51063,0.47747624,0.03632931,0.91862315,0.6037205,0.0,0.6037205,0.15093012
51066,0.061053496,0.03558524,0.08652175,0.085875094,0.0,0.085875094,0.021468773
51068,0.04765679,0.038226373,0.0570872,0.035731386,0.7124259,0.6641586,0.16603965
51071,0.0771843,0.044985116,0.109383486,0.073054485,0.0,0.073054485,0.018263621
51074,0.4715068,0.045604434,0.89740914,0.5446388,0.0,0.5446388,0.1361597
51077,0.8248501,0.037755545,1.6119447,1.1994022,0.0,1.1994022,0.29985055
51080,0.12843202,0.053574722,0.20328932,0.07707699,0.0059789023,0.092018105,0.023004526
51083,0.03578209,0.0506262,0.020937985,0.008451849,0.15154731,0.22088532,0.05522133
51086,0.061786156,0.042451035,0.08112127,0.045052156,0.58607686,0.6244478,0.15611196
51088,0.16387911,0.05532964,0.27242857,0.1402329,0.019040426,0.19505955,0.04876489
51091,0.24401093,0.06539083,0.42263103,0.16211861,0.0,0.16211861,0.040529653
51094,0.03906095,0.05678032,0.021341583,0.011419873,0.35158983,0.46862373,0.11715593
51097,0.32699963,0.053129792,0.6008695,0.30161163,0.0,0.30161163,0.07540291
51100,0.1314272,0.060222447,0.20263195,0.10262495,1.1290169,1.3465828,0.3366457
51103,0.12085665,0.06528909,0.17642422,0.20688176,0.0,0.20688176,0.05172044
51106,0.10098492,0.09324825,0.10872159,0.0108743245,0.37953696,0.3970157,0.09925392
51108,0.1199879,0.08395287,0.15602292,0.06986978,0.8075657,0.8274333,0.20685832
51111,0.14668572,0.1000154,0.19335604,0.054628175,0.0077578225,0.06085563,0.015213908
51114,0.31541562,0.08899679,0.5418345,0.19738305,0.0,0.19738305,0.04934576
51117,0.14232273,0.10938523,0.17526025,0.02975011,0.0,0.02975011,0.0074375276
51120,0.10676239,0.102493785,0.11103099,0.036539447,0.55586547,0.661112,0.165278
51123,0.08658725,0.08864028,0.08453423,0.0067233522,0.21813393,0.20851713,0.052129284
51126,0.12765397,0.086109914,0.16919804,0.037964683,0.005828222,0.042207364,0.010551841
51128,0.1327564,0.080793045,0.18471974,0.030890109,0.38387132,0.31324157,0.07831039
51131,0.10870687,0.07920576,0.13820797,0.05413099,1.369327,1.5599552,0.3899888
51134,0.22492684,0.066818394,0.3830353,0.18826757,0.0,0.18826757,0.047066893
51137,0.15003605,0.071534105,0.22853799,0.113827296,0.0,0.113827296,0.028456824
51140,0.084003925,0.06759039,0.10041746,0.049500633,0.0,0.049500633,0.012375158
51143,0.2996291,0.08246127,0.5167969,0.25127718,0.0,0.25127718,0.062819295
51146,0.11364195,0.066523634,0.16076025,0.080276646,0.8087597,0.8623142,0.21557856
51148,0.7460458,0.058867972,1.4332237,0.9448888,0.0,0.9448888,0.2362222
51151,0.23634984,0.06455005,0.40814963,0.7448635,0.0,0.7448635,0.18621588
51154,0.05522139,0.052461643,0.057981133,0.121843554,0.0,0.121843554,0.030460889
51157,0.059878696,0.060175877,0.05958152,0.023169124,0.035846073,0.07746694,0.019366736
51160,0.06778454,0.047928393,0.087640695,0.04872225,0.07711458,0.14568262,0.036420655
51163,0.049569428,0.044739593,0.054399263,0.034303654,0.062285263,0.12784086,0.031960215
51166,0.042609423,0.04652156,0.038697287,0.0035269167,0.14897354,0.17224683,0.043061707
51168,0.3523995,0.035616823,0.66918224,0.4192793,0.0,0.4192793,0.10481983
51171,0.08043651,0.042920996,0.11795203,0.07054385,0.039869945,0.14981683,0.037454206
51174,0.07464463,0.03874053,0.110548735,0.04909825,0.052937984,0.051424902,0.0128562255
51177,0.04990821,0.040707145,0.05910927,0.17358637,0.0,0.17358637,0.043396592
51180,0.5470222,0.034392312,1.0596522,0.7977058,0.0,0.7977058,0.19942646
51183,0.05598311,0.037331082,0.07463514,0.06554412,1.1264604,1.0505489,0.26263723
51186,0.21487121,0.036292452,0.39345,0.20051657,0.0,0.20051657,0.05012914
51188,0.07131513,0.036651213,0.10597905,0.086141884,1.0128973,1.3393036,0.3348259
51191,0.5882591,0.04118784,1.1353303,0.79112077,0.0,0.79112077,0.19778019
51194,0.05076238,0.042988867,0.058535893,0.040998235,0.0,0.040998235,0.010249559
51197,0.031891298,0.043785054,0.019997535,0.008203265,0.16502357,0.23422211,0.05855553
51200,0.036792126,0.042935777,0.030648476,0.0064446195,0.18463898,0.17896803,0.044742007
51203,0.49332908,0.054314762,0.9323434,0.6663018,0.0,0.6663018,0.16657545
51206,0.07639258,0.04927848,0.103506684,0.047521636,0.0066808066,0.057227615,0.014306904
51208,0.14006369,0.057690937,0.22243643,0.43938878,0.0,0.43938878,0.109847195
51211,0.60433394,0.07618592,1.1324819,0.6370583,0.0,0.6370583,0.15926458
51214,0.1103864,0.07107773,0.14969508,0.036537066,0.0434316,0.117468774,0.029367194
51217,0.1406251,0.056816638,0.22443359,0.19453807,0.0,0.19453807,0.048634518
51220,0.18318217,0.06889895,0.29746538,0.6099622,0.0,0.6099622,0.15249056
51223,0.113111846,0.10870878,0.11751491,0.006655713,0.35827637,0.36116982,0.090292454
51226,0.15210639,0.10219362,0.20201917,0.048101604,0.028264364,0.11546736,0.02886684
51228,0.12095016,0.070376486,0.17152385,0.05288862,0.0,0.05288862,0.013222155
51231,0.07644839,0.07716545,0.07573133,0.00888573,0.24365933,0.22663076,0.05665769
51234,0.05807486,0.063297115,0.052852612,0.059411447,0.0,0.059411447,0.014852862
51237,0.07449391,0.043347687,0.10564012,0.07585654,0.0,0.07585654,0.018964134
51240,0.049627203,0.043212533,0.056041878,0.007766792,0.28595033,0.28721425,0.07180356
51243,0.38049996,0.034346428,0.7266535,0.46379218,0.0,0.46379218,0.115948044
51246,0.12046396,0.03337051,0.2075574,0.36023578,0.0,0.36023578,0.090058945
51248,0.07634257,0.042046398,0.11063874,0.04310583,0.0075937905,0.06094485,0.015236213
51251,0.14076579,0.027076205,0.25445536,0.41602436,0.0,0.41602436,0.10400609
51254,0.08645373,0.025372542,0.1475349,0.07536676,0.0,0.07536676,0.01884169
51257,0.04553358,0.03070197,0.06036518,0.045034993,0.49617895,0.46649393,0.11662348
51260,0.046506763,0.03294909,0.060064435,0.021636203,0.012310028,0.04365449,0.010913623
51263,0.03267498,0.027905732,0.03744423,0.0069387876,0.16520564,0.15938309,0.039845772
51266,0.5172011,0.023824016,1.0105782,0.7427332,0.0,0.7427332,0.1856833
51268,0.035362113,0.02355092,0.047173306,0.018468915,0.0,0.018468915,0.0046172286
51271,0.021301327,0.027701696,0.014900959,0.009203338,0.25755692,0.34419537,0.08604884
51274,0.03199615,0.029183328,0.034808975,0.0037180595,0.19770877,0.1938308,0.0484577
51277,0.07549571,0.0205227,0.13046873,0.10739439,0.8145771,0.9234094,0.23085235
51280,0.039490588,0.02395679,0.055024385,0.055795614,0.0,0.055795614,0.013948903
51283,0.048906356,0.024116298,0.07369642,0.050495345,0.64699566,0.7807147,0.19517867
51286,0.4896277,0.039023586,0.9402318,0.6317302,0.0,0.6317302,0.15793255
51288,0.043448914,0.03551623,0.0513816,0.007863803,0.22708385,0.24186672,0.06046668
51291,0.1074791,0.04171294,0.17324527,0.0975391,0.0,0.0975391,0.024384774
51294,0.45935526,0.03371852,0.88499206,0.59109396,0.0,0.59109396,0.14777349
51297,0.71701807,0.035446998,1.3985891,1.0649015,0.0,1.0649015,0.26622537
51300,0.8614338,0.03051406,1.6923536,1.3622303,0.0,1.3622303,0.34055758
51303,0.13585706,0.026782215,0.24493189,0.34591126,0.0,0.34591126,0.086477816
51306,0.31506094,0.036755677,0.5933662,0.3839866,0.0,0.3839866,0.09599665
51308,0.08128124,0.042302784,0.120259695,0.0564888,0.0,0.0564888,0.0141222
51311,0.1786883,0.033481296,0.3238953,0.45620465,0.0,0.45620465,0.11405116
51314,0.09212723,0.036900908,0.14735354,0.22374295,0.0,0.22374295,0.055935737
51317,0.046793055,0.05099139,0.042594712,0.0063221958,0.20910518,0.20150085,0.050375212
51320,0.112066485,0.05952586,0.16460712,0.36938336,0.0,0.36938336,0.09234584
51323,0.0738956,0.06930502,0.07848618,0.036929104,0.498315,0.4298668,0.1074667
51326,0.16528358,0.051500794,0.27906635,0.10642988,0.0,0.10642988,0.02660747
51328,0.12078277,0.06942655,0.17213899,0.048150364,0.040862877,0.04323539,0.010808848
51331,0.11956412,0.05674694,0.18238132,0.13369574,1.1110883,1.1516514,0.28791285
51334,0.08185098,0.055924896,0.10777708,0.09179773,0.0829072,0.20438749,0.05109687
51337,0.068712205,0.04815741,0.08926699,0.051743448,0.7963061,0.86918956,0.21729739
51340,0.049360495,0.058272112,0.040448878,0.0037719633,0.28082004,0.32667077,0.08166769
51343,0.12274007,0.053297166,0.19218297,0.092033304,0.0,0.092033304,0.023008326
51346,0.044822436,0.04873995,0.040904917,0.032579098,0.0,0.032579098,0.0081447745
51348,0.052860636,0.06206292,0.043658357,0.007937995,0.28922996,0.35702562,0.089256406
51351,0.07240313,0.048962135,0.09584413,0.05007107,0.026800156,0.08306282,0.020765705
51354,0.072763115,0.067700684,0.077825546,0.041396827,0.024380842,0.06785687,0.016964218
51357,0.07136079,0.04501584,0.097705744,0.2063256,0.0,0.2063256,0.0515814
51360,0.115425326,0.05109297,0.1797577,0.072089456,0.021318436,0.13343342,0.033358354
51363,0.07802842,0.038748056,0.11730877,0.07516989,0.16307004,0.2963785,0.07409462
51366,0.076246485,0.038233884,0.11425909,0.09683722,0.06809028,0.1781329,0.044533227
51368,0.37160286,0.04056743,0.7026383,0.4267242,0.0,0.4267242,0.10668105
51371,0.08502286,0.050905153,0.119140565,0.16976835,0.0,0.16976835,0.042442087
51374,0.06683021,0.04996547,0.08369496,0.054780554,0.0,0.054780554,0.0136951385
51377,1.0791496,0.037677716,2.1206214,1.656868,0.0,1.656868,0.414217
51380,0.95214146,0.035292253,1.8689905,1.4349843,0.0,1.4349843,0.35874608
51383,0.5759941,0.038090706,1.1138974,0.80125445,0.0,0.80125445,0.20031361
51386,0.35742882,0.034346808,0.6805108,0.42707762,0.0,0.42707762,0.106769405
51388,0.5526398,0.032430373,1.0728492,0.7982753,0.0,0.7982753,0.19956882
51391,0.054046735,0.042143404,0.065950066,0.04215974,1.1856537,1.1810312,0.2952578
51394,0.30351627,0.04157306,0.5654595,0.31238315,0.0,0.31238315,0.078095786
51397,0.038933784,0.04289272,0.034974847,0.0359235,0.83690387,0.70793533,0.17698383
51400,0.05984944,0.03787009,0.08182879,0.20485972,0.0,0.20485972,0.05121493
51403,0.13530827,0.03414048,0.23647606,0.25977167,0.0,0.25977167,0.06494292
51406,0.15129973,0.03329504,0.26930442,0.21937734,0.0,0.21937734,0.054844335
51408,0.09783665,0.031420603,0.1642527,0.28691798,0.0,0.28691798,0.071729496
51411,0.80630404,0.032508105,1.5801,1.2421018,0.0,1.2421018,0.31052545
51414,0.08204692,0.03946351,0.12463033,0.04519835,0.0,0.04519835,0.011299588
51417,0.06501675,0.0498303,0.0802032,0.034261543,0.024696508,0.06326148,0.01581537
51420,0.2414187,0.039308656,0.44352874,0.22600801,0.0,0.22600801,0.056502003
51423,0.038886305,0.050595343,0.027177269,0.0057898764,0.15050991,0.20196433,0.050491083
51426,0.05843763,0.057342768,0.059532493,0.005586136,0.2185181,0.20636761,0.051591903
51428,0.071155645,0.060452837,0.081858456,0.05318673,0.706461,0.8645778,0.21614444
51431,0.048076376,0.04729487,0.048857883,0.0029624086,0.17777061,0.16333957,0.040834893
51434,0.123414755,0.033549752,0.21327977,0.3549175,0.0,0.3549175,0.088729374
51437,0.046151966,0.030624231,0.061679702,0.09153371,0.0,0.09153371,0.022883428
51440,0.11306251,0.027799739,0.19832528,0.3445361,0.0,0.3445361,0.086134024
51443,0.05140604,0.030066142,0.07274594,0.046699423,0.05219714,0.11783683,0.029459208
51446,0.07212093,0.026953429,0.11728843,0.21842594,0.0,0.21842594,0.054606486
51448,0.024821997,0.02784325,0.021800747,0.0342257,0.6320591,0.46255398,0.115638494
51451,0.11027042,0.038965132,0.18157572,0.08344833,0.01853625,0.1357411,0.033935275
51454,0.13866757,0.03154795,0.24578719,0.11773827,0.0,0.11773827,0.029434567
51457,0.16559835,0.024672886,0.30652383,0.47637987,0.0,0.47637987,0.11909497
51460,0.03300624,0.029937908,0.036074568,0.0051731323,0.34637895,0.35862124,0.08965531
51463,0.07903874,0.02493216,0.13314532,0.2544137,0.0,0.2544137,0.06360342
51466,0.28087074,0.02714253,0.53459895,0.3397297,0.0,0.3397297,0.084932424
51468,0.023544969,0.024255598,0.02283434,0.028443389,0.8916435,0.7473338,0.18683346
51471,0.057844285,0.023554534,0.092134036,0.08866272,0.0,0.08866272,0.02216568
51474,0.047402605,0.034769,0.060036212,0.078085236,0.056388855,0.045643937,0.011410984
51477,0.030044364,0.0336695,0.026419228,0.009073564,0.4082602,0.4875987,0.12189967
51480,0.058538917,0.03286759,0.08421025,0.06650078,0.972428,1.0052084,0.2513021
51483,0.04701518,0.032938305,0.06109206,0.036493957,0.050545692,0.0993039,0.024825975
51486,0.03736483,0.04280469,0.031924967,0.12782545,0.0,0.12782545,0.031956363
51488,0.080351055,0.03757946,0.123122655,0.26166344,0.0,0.26166344,0.06541586
51491,0.0652785,0.039817873,0.09073913,0.07129514,0.97504336,1.2285742,0.30714354
51494,0.10004637,0.02801993,0.17207281,0.31897327,0.0,0.31897327,0.07974332
51497,0.04327919,0.02763535,0.058923025,0.059693713,0.055444717,0.09592887,0.023982218
51500,0.02092651,0.031080524,0.010772499,0.011262615,0.38043365,0.49161196,0.12290299
51503,0.13210148,0.023351818,0.24085112,0.35442927,0.0,0.35442927,0.08860732
51506,0.31646955,0.023229333,0.6097098,0.45132104,0.0,0.45132104,0.11283026
51508,0.6873515,0.026689507,1.3480135,1.0984689,0.0,1.0984689,0.27461722
51511,0.06781674,0.033437446,0.10219604,0.041808218,0.05283944,0.06766053,0.016915133
51514,0.034354348,0.032897282,0.03581141,0.02839093,0.65602046,0.5163396,0.1290849
51517,0.23675281,0.021176374,0.45232925,0.5273511,0.0,0.5273511,0.13183777
51520,0.036817648,0.027619317,0.046015978,0.026446313,0.49466595,0.52254945,0.13063736
51523,0.039023273,0.027551258,0.050495286,0.035858575,0.36662355,0.3287737,0.08219343
51526,0.4777237,0.030847797,0.9245996,1.174899,0.0,1.174899,0.29372475
51528,0.44264093,0.020878902,0.864403,1.0020499,0.0,1.0020499,0.25051248
51531,0.04933983,0.025987035,0.07269263,0.03278457,0.06397915,0.12887494,0.032218736
51534,0.06344894,0.02635328,0.1005446,0.09914262,0.89527196,0.9380553,0.23451382
51537,0.5547337,0.021715723,1.0877516,0.9086768,0.0,0.9086768,0.2271692
51540,0.054430723,0.021318907,0.087542534,0.054034203,0.01602284,0.072562054,0.018140513
51543,0.16200045,0.014898285,0.30910262,0.25166535,0.0,0.25166535,0.06291634
51546,0.44492897,0.018934164,0.87092376,0.7153492,0.0,0.7153492,0.1788373
51548,0.32855698,0.022525132,0.6345888,0.77593184,0.0,0.77593184,0.19398296
51551,0.06012046,0.020646729,0.09959418,0.09672863,1.3140682,1.6423079,0.41057697
51554,0.39544952,0.020232284,0.7706668,0.6558881,0.0,0.6558881,0.16397202
51557,0.10411311,0.023198262,0.18502796,0.15705763,0.0,0.15705763,0.039264407
51560,0.03470346,0.022940889,0.046466034,0.037554115,0.75457126,0.5782176,0.1445544
51563,0.06430372,0.023227423,0.105380006,0.09574931,1.1873678,1.4111241,0.35278103
51566,0.4101769,0.025086751,0.7952671,0.8717224,0.0,0.8717224,0.2179306
51568,0.026105834,0.026392499,0.025819167,0.0036344111,0.15475337,0.13899875,0.034749687
51571,0.032148983,0.028952995,0.035344966,0.030351594,0.47638068,0.41647458,0.104118645
51574,0.15793446,0.039168734,0.27670017,0.12823264,0.0,0.12823264,0.03205816
51577,0.040885504,0.037690017,0.04408099,0.029966196,0.0,0.029966196,0.007491549
51580,0.049310476,0.03781912,0.06080183,0.04578053,0.77231723,0.7033803,0.17584507
51583,0.12549911,0.045923084,0.20507514,0.121666946,0.0,0.121666946,0.030416736
51586,0.73102325,0.052448463,1.409598,1.5715731,0.0,1.5715731,0.39289328
51588,0.06666853,0.047087032,0.08625004,0.0113796145,0.15489252,0.12884776,0.03221194
51591,0.05094893,0.046657667,0.055240195,0.020701045,0.43240058,0.42302,0.105755
51594,0.062119443,0.050709516,0.07352937,0.043228876,0.050929386,0.10871909,0.027179772
51597,0.100881815,0.052219898,0.14954375,0.2970703,0.0,0.2970703,0.07426757
51600,0.07636866,0.04339324,0.10934407,0.039662674,0.0,0.039662674,0.0099156685
51603,0.039965086,0.04254206,0.037388112,0.013089771,0.19171858,0.17858763,0.044646908
51606,0.07680493,0.075493,0.07811684,0.023545392,0.3926177,0.4374157,0.10935392
51608,0.11681517,0.08744928,0.14618106,0.03440651,0.036122482,0.05442049,0.013605122
51611,0.13842763,0.07211011,0.20474517,0.063919574,0.005484899,0.07376517,0.018441293
51614,0.058925193,0.06302816,0.054822225,0.0038580876,0.47297797,0.47504005,0.11876001
51617,0.081032194,0.067022115,0.095042266,0.0107845655,0.16922297,0.12925641,0.032314103
51620,0.06041919,0.056219894,0.06461848,0.030481374,1.0663217,0.9856234,0.24640585
51623,0.039526153,0.033634637,0.045417666,0.0031356232,0.16197713,0.14884505,0.03721126
51626,0.0407155,0.026371993,0.055059005,0.05174084,1.2228316,1.0154499,0.25386247
51628,0.025485093,0.022467306,0.02850288,0.021006003,0.41421732,0.40159377,0.10039844
51631,0.02614703,0.011000534,0.041293528,0.05010304,0.0,0.05010304,0.01252576
51634,0.054460455,0.010305685,0.09861523,0.071843006,0.010289033,0.10094938,0.025237344
51637,0.019161204,0.010288683,0.028033724,0.022832716,0.031997204,0.0686203,0.017155075
51640,0.021081133,0.010094075,0.03206819,0.021029847,0.010099093,0.02583968,0.00645992
51643,0.024358308,0.012275378,0.036441233,0.031528987,0.93706113,0.8652041,0.21630102
51646,0.13557014,0.012544498,0.2585958,0.30318826,0.0,0.30318826,0.075797066
51648,0.02104788,0.012035612,0.03006015,0.022192685,0.01980845,0.035651986,0.008912996
51651,0.42984894,0.013841362,0.8458565,0.89129955,0.0,0.89129955,0.22282489
51654,0.025612468,0.018627135,0.032597806,0.006315285,0.3312613,0.3261914,0.08154785
51657,0.04817775,0.021319443,0.07503605,0.06401631,0.10748371,0.2146917,0.053672925
51660,0.049983647,0.02064454,0.07932275,0.053299148,0.023292542,0.08437907,0.021094767
51663,0.15778884,0.023964377,0.2916133,0.18214814,0.0,0.18214814,0.045537036
51666,0.076530606,0.024703985,0.12835723,0.06828446,0.0072447457,0.079341084,0.019835271
51668,0.8014963,0.03560503,1.5673877,1.708373,0.0,1.708373,0.42709324
51671,0.066578135,0.03491031,0.098245956,0.07616208,0.07181549,0.06296259,0.015740648
51674,0.043514997,0.030423978,0.056606013,0.040031534,0.6146596,0.56099766,0.14024942
51677,0.076133676,0.03185475,0.12041261,0.057076488,0.0071082115,0.06885252,0.01721313
51680,0.119656324,0.04025184,0.1990608,0.16866346,0.0,0.16866346,0.042165864
51683,0.09109297,0.039118126,0.14306779,0.17869854,0.0,0.17869854,0.044674635
51686,0.0359852,0.03875735,0.033213053,0.0023147922,0.26690483,0.2616506,0.06541265
51688,0.035131652,0.043394785,0.026868522,0.01270279,0.4947367,0.51929545,0.12982386
51691,0.27114138,0.050783943,0.4914988,0.24688148,0.0,0.24688148,0.06172037
51694,0.053345095,0.053094964,0.05359523,0.044029187,0.037756126,0.11686924,0.02921731
51697,0.06678021,0.040570855,0.092989564,0.025049621,0.004647255,0.028691262,0.0071728155
51700,0.06301068,0.056790028,0.069231324,0.025498793,0.032303173,0.07558168,0.01889542
51703,0.3056588,0.069326885,0.5419907,0.9651802,0.0,0.9651802,0.24129505
51705,0.43513706,0.08203323,0.7882409,1.3036524,0.0,1.3036524,0.3259131
51708,0.1522938,0.05151084,0.25307676,0.44103804,0.0,0.44103804,0.11025951
51711,0.056628183,0.044963676,0.068292685,0.0759645,0.0,0.0759645,0.018991126
51714,0.14673674,0.04249689,0.2509766,0.123841554,0.0,0.123841554,0.030960388
51717,0.037232652,0.043681074,0.030784233,0.0030828353,0.300625,0.34728265,0.08682066
51720,0.16326943,0.020556303,0.30598256,0.20320529,0.0,0.20320529,0.050801322
51723,0.050507303,0.03614552,0.06486908,0.02828034,0.062232178,0.10436591,0.026091477
51725,0.27060512,0.025396511,0.51581377,0.34995273,0.0,0.34995273,0.08748818
51728,0.029257834,0.02544272,0.03307295,0.022036148,0.5546339,0.47941816,0.11985454
51731,0.029920211,0.026918145,0.03292228,0.0052041006,0.38093528,0.3940424,0.0985106
51734,0.044098645,0.023661971,0.06453532,0.042609584,0.8497688,0.8962262,0.22405656
51737,0.038078446,0.027893448,0.04826344,0.042073775,0.496075,0.5071615,0.12679037
51740,0.91559285,0.034650374,1.7965354,1.4024833,0.0,1.4024833,0.35062084
51743,0.04925097,0.03440944,0.064092495,0.039953176,0.958173,0.9963434,0.24908584
51745,0.09241887,0.036372393,0.14846535,0.11220547,1.0728256,1.1996063,0.29990157
51748,0.0753835,0.041652333,0.10911467,0.048763394,0.7269664,0.6869088,0.1717272
51751,0.21833082,0.04740568,0.38925597,0.17746566,0.0,0.17746566,0.044366416
51754,0.079829656,0.071225666,0.088433646,0.004183349,0.28658137,0.31538972,0.07884743
51757,0.082674414,0.059975583,0.10537324,0.05265205,0.77075166,0.9411529,0.23528822
51760,0.09258169,0.056250792,0.12891258,0.08547241,1.1832157,1.5022303,0.37555757
51763,0.085267186,0.07318458,0.097349785,0.040252496,0.43200588,0.38132456,0.09533114
51765,0.18266462,0.09286446,0.27246475,0.5377973,0.0,0.5377973,0.13444932
51768,0.17797786,0.10554195,0.25041375,0.09624002,0.8807171,1.0494572,0.2623643
51771,0.09379288,0.08419413,0.103391625,0.005486091,0.50128174,0.5508986,0.13772465
51774,0.46603608,0.08595678,0.84611535,0.41054448,0.0,0.41054448,0.10263612
51777,0.13799097,0.09099398,0.18498795,0.47463927,0.0,0.47463927,0.11865982
51780,0.13203485,0.102621526,0.1614482,0.022695407,0.020279884,0.022630824,0.005657706
51783,0.13261674,0.10444588,0.16078758,0.025252067,0.0,0.025252067,0.0063130166
51785,0.16578138,0.113559514,0.21800326,0.05829857,0.0,0.05829857,0.014574642
51788,0.15354882,0.14949517,0.15760247,0.0280348,0.025253296,0.06999108,0.01749777
51791,0.2991728,0.14551707,0.4528285,0.17973757,0.0,0.17973757,0.044934392
51794,0.3895677,0.17991038,0.59922504,1.3655977,0.0,1.3655977,0.34139943
51797,0.2327187,0.20902263,0.2564148,0.03852047,0.16174333,0.19969125,0.049922813
51800,0.765668,0.22713904,1.304197,0.4590021,0.0,0.4590021,0.11475053
51803,0.14337462,0.17206961,0.114679635,0.071285926,0.0,0.071285926,0.017821481
51805,0.19996476,0.16912864,0.23080087,0.033922464,0.0075187683,0.045508474,0.0113771185
51808,0.10871065,0.13533594,0.08208535,0.23852615,0.0,0.23852615,0.059631538
51811,0.11254534,0.16708724,0.058003444,0.2024175,0.0,0.2024175,0.050604373
51814,0.5313926,0.14415999,0.9186252,0.36472312,0.0,0.36472312,0.09118078
51817,0.41326538,0.13893943,0.6875914,0.2654989,0.0,0.2654989,0.06637473
51820,0.14770961,0.14259253,0.15282668,0.040594485,1.3037077,1.2639532,0.3159883
51823,0.14496641,0.12528284,0.16464996,0.41054428,0.0,0.41054428,0.10263607
51825,0.16451082,0.1356522,0.19336943,0.013465673,0.4757854,0.45119795,0.11279949
51828,0.115158476,0.11615509,0.11416186,0.036348205,0.018059095,0.044649642,0.0111624105
51831,0.063085295,0.07395783,0.052212764,0.17627424,0.0,0.17627424,0.04406856
51834,0.32088837,0.07282394,0.5689528,0.28171694,0.0,0.28171694,0.070429236
51837,0.103465945,0.0604135,0.1465184,0.060186166,0.01936531,0.1005848,0.0251462
51840,0.07183383,0.049071804,0.09459585,0.110857666,1.3387414,1.7665011,0.44162527
51843,0.04903007,0.03807504,0.0599851,0.0071965046,0.13555717,0.12535344,0.03133836
51845,0.062715024,0.04379067,0.08163938,0.07364795,0.09990183,0.14269294,0.035673235
51848,0.100204885,0.076421104,0.12398866,0.06668953,0.8350563,0.89610934,0.22402734
51851,0.07937121,0.05638045,0.102361955,0.010881244,0.37921333,0.4543898,0.11359745
51854,0.068261415,0.053646524,0.0828763,0.14075828,0.0,0.14075828,0.03518957
51857,0.05793044,0.057268173,0.058592703,0.039972622,0.6277663,0.5452725,0.13631813
51860,0.14595522,0.03987263,0.2520378,0.12767899,0.0,0.12767899,0.031919748
51863,0.043715026,0.015405796,0.07202425,0.12240338,0.0,0.12240338,0.030600846
51865,0.029830618,0.01247184,0.047189396,0.036426682,0.54648215,0.5497308,0.1374327
51868,0.074606,0.008126181,0.14108582,0.18866284,0.0,0.18866284,0.04716571
51871,0.020354634,0.0064292117,0.034280054,0.027804017,0.48791227,0.50661594,0.12665398
51874,0.33739677,0.008782787,0.6660108,0.6985205,0.0,0.6985205,0.17463012
51877,0.047005016,0.00948345,0.08452659,0.10832292,0.9717248,0.9213421,0.23033552
51880,0.14561725,0.014314716,0.27691978,0.24361663,0.0,0.24361663,0.060904156
51883,0.7338815,0.0068138074,1.4609491,1.5425304,0.0,1.5425304,0.3856326
51885,0.012317434,0.010896954,0.013737914,0.005701088,0.41768137,0.43049225,0.10762306
51888,0.036696978,0.0074970485,0.065896906,0.044079304,0.9836599,0.988533,0.24713326
51891,0.061574165,0.012789935,0.110358395,0.09795583,1.3975067,1.6230072,0.4057518
51894,0.061627347,0.007928749,0.11532595,0.12716614,0.0,0.12716614,0.031791534
51897,0.2207371,0.010791022,0.43068317,0.4353541,0.0,0.4353541,0.10883853
51900,0.111201674,0.016463267,0.20594008,0.121213496,0.0,0.121213496,0.030303374
51903,0.011314783,0.013995024,0.008634543,0.009028791,0.17189471,0.15307076,0.03826769
51905,0.20791112,0.012582612,0.4032396,0.38719562,0.0,0.38719562,0.096798904
51908,0.18889332,0.010555909,0.36723074,0.3177109,0.0,0.3177109,0.07942773
51911,0.019857919,0.008269285,0.031446554,0.03049841,0.031865437,0.06540683,0.016351707
51914,0.015827825,0.010754022,0.020901628,0.0078054736,0.4866365,0.50933474,0.12733369
51917,0.0404288,0.015012115,0.06584548,0.04832107,1.2255039,1.3220707,0.33051768
51920,0.029763186,0.015253582,0.04427279,0.023861343,0.39221552,0.37239853,0.09309963
51923,0.05150791,0.016648801,0.08636702,0.07210171,0.0,0.07210171,0.018025428
51925,0.04209605,0.011566761,0.07262534,0.046086032,0.063732624,0.1017623,0.025440576
51928,0.07746825,0.014373814,0.1405627,0.11699429,0.0,0.11699429,0.029248573
51931,0.57125604,0.018386945,1.1241251,0.9571405,0.0,0.9571405,0.23928513
51934,0.069845356,0.02635408,0.113336645,0.07170569,0.08983485,0.15853955,0.039634887
51937,0.049786404,0.022187741,0.07738507,0.04110841,0.04343462,0.06142799,0.015356998
51940,0.121132575,0.024499131,0.217766,0.1223051,0.0,0.1223051,0.030576276
51943,0.022694595,0.029284468,0.016104722,0.0063131656,0.1834559,0.24432383,0.06108096
51945,0.07238022,0.036200445,0.108559996,0.06449429,0.0,0.06449429,0.016123572
51948,0.06519451,0.04449035,0.085898675,0.039153747,0.040043514,0.074428655,0.018607164
51951,0.07367307,0.041999463,0.10534668,0.07261183,0.04977401,0.10714545,0.026786363
51954,0.0685032,0.044008214,0.092998184,0.04603997,0.0,0.04603997,0.011509992
51957,0.074319236,0.045511078,0.1031274,0.0475188,0.009444554,0.06256906,0.015642265
51960,0.06853607,0.0544371,0.082635045,0.022622498,0.0051320395,0.030600622,0.0076501556
51963,0.3351468,0.0607028,0.6095908,0.30033585,0.0,0.30033585,0.07508396
51965,0.051218998,0.049925808,0.052512184,0.004306408,0.22220485,0.23119883,0.057799708
51968,0.060032602,0.064470865,0.05559434,0.009307711,0.1260236,0.111440994,0.027860248
51971,0.1470022,0.06708835,0.22691607,0.48348084,0.0,0.48348084,0.12087021
51974,0.799709,0.061669935,1.537748,1.0290531,0.0,1.0290531,0.25726327
51977,0.07525503,0.0703285,0.08018157,0.0251515,0.42129716,0.46035305,0.11508826
51980,0.9537218,0.094546914,1.8128967,1.1061519,0.0,1.1061519,0.27653798
51983,0.11762074,0.0838205,0.15142097,0.02032131,0.41273198,0.3638413,0.090960324
51985,0.06877165,0.07182262,0.065720685,0.051389977,0.0,0.051389977,0.012847494
51988,0.08555973,0.08697125,0.08414822,0.02386449,0.3348031,0.3212426,0.08031065
51991,0.08924056,0.111472316,0.0670088,0.28392753,0.0,0.28392753,0.07098188
51994,0.12978221,0.101718426,0.15784602,0.06115667,0.101717114,0.19723682,0.049309205
51997,0.0531119,0.070840865,0.03538293,0.008404214,0.2811084,0.36568537,0.09142134
52000,0.14153731,0.07435154,0.20872307,0.06336412,0.060274284,0.06705518,0.016763795
52003,0.62060827,0.06842008,1.1727964,0.69188076,0.0,0.69188076,0.17297019
52005,0.099107124,0.060962617,0.13725163,0.02251199,0.42457327,0.3488772,0.0872193
52008,0.074753635,0.051998854,0.09750841,0.057575684,0.045285065,0.10127747,0.025319368
52011,0.07299479,0.048930813,0.09705877,0.08200071,1.2496616,1.542119,0.38552976
52014,0.11107141,0.043534964,0.17860787,0.06401594,0.0,0.06401594,0.016003985
52017,0.051269364,0.036500428,0.0660383,0.029827302,0.46068218,0.47174737,0.11793684
52020,0.06360192,0.03841586,0.08878797,0.04173996,0.008701961,0.05191498,0.012978745
52023,0.028383283,0.03789452,0.018872047,0.0075235353,0.41788745,0.5181723,0.12954308
52025,0.119958065,0.03976822,0.20014791,0.37691283,0.0,0.37691283,0.09422821
52028,0.035705905,0.03632401,0.035087805,0.013269956,0.45178676,0.54493004,0.13623251
52031,0.16222624,0.03155209,0.2929004,0.2058264,0.0,0.2058264,0.0514566
52034,0.0283934,0.034062754,0.022724047,0.003376391,0.1484385,0.17800796,0.04450199
52037,0.050143193,0.04804987,0.052236512,0.018351633,0.0,0.018351633,0.0045879083
52040,0.0802681,0.05527827,0.10525793,0.045009743,0.04115661,0.09976292,0.02494073
52043,0.42038456,0.048665855,0.7921033,0.47863626,0.0,0.47863626,0.119659066
52045,0.056902003,0.050109223,0.063694775,0.021734206,0.03366947,0.06902388,0.01725597
52048,0.05700195,0.05108131,0.06292259,0.004774952,0.2261842,0.23120677,0.057801694
52051,0.047795307,0.057994943,0.03759567,0.004729751,0.26161373,0.31032404,0.07758101
52054,0.52511925,0.06744427,0.9827942,0.5527013,0.0,0.5527013,0.13817532
52057,0.086667776,0.06252529,0.11081026,0.02627342,0.45656192,0.38567045,0.09641761
52060,0.34313676,0.06899414,0.61727935,0.8759548,0.0,0.8759548,0.2189887
52063,0.08959329,0.07701283,0.102173746,0.021390676,0.47621283,0.4970645,0.124266125
52065,0.14610904,0.08490335,0.20731473,0.06849243,0.07914273,0.1324104,0.0331026
52068,0.1380388,0.089572705,0.18650489,0.101883054,0.0,0.101883054,0.025470763
52071,0.12056259,0.08172379,0.1594014,0.072937004,0.0,0.072937004,0.018234251
52074,0.18755066,0.09433026,0.28077108,0.5708619,0.0,0.5708619,0.14271547
52077,0.14725606,0.1059997,0.1885124,0.08792194,0.0,0.08792194,0.021980485
52080,0.12871638,0.09778503,0.15964772,0.030205593,0.0,0.030205593,0.007551398
52083,0.12566726,0.11306212,0.13827239,0.08021296,1.1895565,1.3817962,0.34544906
52085,0.08547509,0.121699214,0.04925095,0.27482787,0.0,0.27482787,0.06870697
52088,0.25934836,0.16164084,0.3570559,0.112555586,1.2817373,1.528658,0.3821645
52091,0.17886436,0.15100938,0.20671935,0.008651565,0.19328125,0.15368934,0.038422335
52094,0.101113714,0.13127957,0.07094786,0.23984714,0.0,0.23984714,0.059961785
52097,0.14385931,0.14938085,0.13833779,0.028589016,0.0,0.028589016,0.007147254
52100,0.28714463,0.17595166,0.3983376,0.069579594,0.0,0.069579594,0.017394898
52103,0.49650478,0.17046033,0.8225493,0.2569377,0.0,0.2569377,0.06423443
52105,0.25832552,0.18846782,0.3281832,0.05673326,0.049853962,0.15656249,0.039140623
52108,0.21497606,0.176282,0.2536701,0.053657036,0.045087498,0.085901804,0.021475451
52111,0.3464047,0.15495296,0.5378565,1.2266302,0.0,1.2266302,0.30665755
52114,0.9869425,0.13235326,1.8415318,1.0013441,0.0,1.0013441,0.25033602
52117,0.530058,0.117751785,0.9423643,0.4123509,0.0,0.4123509,0.10308772
52120,0.24174857,0.097532175,0.38596496,0.14344014,0.0,0.14344014,0.035860036
52123,0.3906128,0.09548815,0.68573743,0.320286,0.0,0.320286,0.0800715
52125,0.18244527,0.093090214,0.2718003,0.07503133,0.0,0.07503133,0.018757833
52128,0.36273912,0.073296085,0.65218216,0.31177756,0.0,0.31177756,0.07794439
52131,0.08408662,0.06409445,0.10407879,0.08024458,0.0,0.08024458,0.020061145
52134,0.09155046,0.08397007,0.09913085,0.004908143,0.30640602,0.31490493,0.07872623
52137,0.07301099,0.06902515,0.076996826,0.028204838,0.35517755,0.3323436,0.0830859
52140,0.0441329,0.057637077,0.030628717,0.02058918,0.42446813,0.597626,0.1494065
52143,0.052502766,0.050883282,0.05412225,0.0037522453,0.16670291,0.1482924,0.0370731
52145,0.04671176,0.048259508,0.04516402,0.0077387416,0.41603935,0.49919167,0.12479792
52148,0.06264884,0.04115523,0.084142454,0.013251573,0.47179666,0.574784,0.143696
52151,0.1719451,0.024776524,0.31911367,0.49260747,0.0,0.49260747,0.12315187
52154,0.07416894,0.017830221,0.13050766,0.15993118,0.0,0.15993118,0.039982796
52157,0.04294524,0.01709002,0.068800464,0.055202935,0.7635034,0.7204628,0.1801157
52160,0.01827901,0.012603763,0.02395426,0.00484202,0.24609466,0.24951477,0.062378693
52163,0.017533146,0.01051806,0.02454823,0.010237583,0.28395653,0.29461092,0.07365273
52165,0.026611296,0.007967551,0.04525504,0.03704494,0.04728349,0.069911025,0.017477756
52168,0.21472293,0.006268446,0.4231774,0.37086663,0.0,0.37086663,0.09271666
52171,0.08900479,0.0072940527,0.17071553,0.13406982,0.030134201,0.2231335,0.055783376
52174,0.057805527,0.0057153297,0.10989573,0.08604006,0.103301525,0.09157189,0.022892972
52177,0.025321633,0.0038416947,0.04680157,0.0389304,0.07297993,0.11709184,0.02927296
52180,0.07604589,0.0041772323,0.14791454,0.14979124,0.0,0.14979124,0.03744781
52183,0.018025696,0.0041446295,0.031906765,0.032826006,0.32936606,0.34219846,0.085549615
52185,0.5635477,0.0061324514,1.120963,1.1601357,0.0,1.1601357,0.29003394
52188,0.028219208,0.005321281,0.051117137,0.04742894,0.45453206,0.30507967,0.07626992
52191,0.27789938,0.010085313,0.5457135,0.5776761,0.0,0.5776761,0.14441903
52194,0.16256364,0.009177378,0.3159499,0.30107152,0.0,0.30107152,0.07526788
52197,0.055754315,0.0074653975,0.10404322,0.12585127,1.1441228,1.2420326,0.31050816
52200,0.0074595287,0.0078422865,0.0070767715,0.0040255636,0.31043646,0.2900055,0.072501376
52203,0.29425502,0.010114863,0.5783952,0.5953695,0.0,0.5953695,0.14884238
52205,0.03350322,0.009282666,0.05772377,0.031600207,0.4627858,0.51650625,0.12912656
52208,0.044635966,0.010702119,0.07856981,0.078187294,0.057139713,0.06201503,0.015503758
52211,0.048686992,0.010229176,0.0871448,0.060445383,0.7211711,0.7066491,0.17666228
52214,0.04034857,0.01088189,0.06981525,0.044016022,0.0,0.044016022,0.011004006
52217,0.10044379,0.010596628,0.19029094,0.14471066,0.0,0.14471066,0.036177665
52220,0.018906271,0.011027238,0.026785305,0.010130144,0.28526613,0.26022574,0.065056436
52223,0.015573259,0.010725211,0.020421308,0.005928755,0.19602449,0.17473923,0.043684807
52225,0.037519716,0.009323723,0.06571571,0.09109848,0.08680662,0.11927626,0.029819066
52228,0.03248853,0.010993916,0.05398314,0.032678425,0.0,0.032678425,0.008169606
52231,0.052207682,0.0107164085,0.093698956,0.10089085,0.06725804,0.16524494,0.041311234
52234,0.029189266,0.011308636,0.047069896,0.030139321,0.3790516,0.33825883,0.08456471
52237,0.04146215,0.010504641,0.07241966,0.049024794,0.05188672,0.050434064,0.012608516
52240,0.85718656,0.0103948405,1.7039782,1.5186377,0.0,1.5186377,0.3796594
52243,0.02523555,0.009422318,0.041048784,0.034055915,0.9696681,0.90727234,0.22681808
52245,0.17272373,0.011681315,0.33376613,0.2390856,0.0,0.2390856,0.0597714
52248,0.014636586,0.009532985,0.019740187,0.0057850652,0.17570068,0.1614956,0.0403739
52251,0.00906061,0.0075916457,0.010529574,0.008411653,0.39110985,0.44505885,0.11126471
52254,1.0058918,0.008043372,2.00374,1.8387991,0.0,1.8387991,0.45969978
52257,0.07646324,0.0063110385,0.14661543,0.14490981,0.0,0.14490981,0.036227454
52260,0.09681847,0.006229114,0.1874078,0.2183373,0.0,0.2183373,0.054584324
52263,0.008938563,0.0051871105,0.012690015,0.009522055,0.46329942,0.5267946,0.13169865
52265,0.017155992,0.0063628443,0.027949141,0.031421095,0.0,0.031421095,0.007855274
52268,0.51641107,0.008977875,1.0238442,0.9959588,0.0,0.9959588,0.2489897
52271,0.7918368,0.009074364,1.5745993,1.5631762,0.0,1.5631762,0.39079404
52274,0.052760277,0.005844347,0.099676214,0.08813185,0.016533533,0.13819285,0.03454821
52277,0.074997045,0.0070935152,0.14290057,0.1169227,0.0,0.1169227,0.029230675
52280,0.029042756,0.0059955916,0.05208992,0.051874325,0.0,0.051874325,0.012968581
52283,0.037301835,0.0048872796,0.06971639,0.06165704,0.52211386,0.48108068,0.12027017
52285,0.030468173,0.005273633,0.05566271,0.051606122,0.09765768,0.16451178,0.041127946
52288,0.23225868,0.0056831143,0.45883426,0.5263991,0.0,0.5263991,0.13159977
52291,0.55467266,0.0052603246,1.104085,1.2018731,0.0,1.2018731,0.30046827
52294,0.42577627,0.004766178,0.84678644,0.9165082,0.0,0.9165082,0.22912705
52297,0.022054708,0.0035093501,0.04060006,0.0339766,0.055805046,0.09874711,0.024686778
52300,0.0066505023,0.004835101,0.008465905,0.005829911,0.31085786,0.31157342,0.077893354
52303,0.04639611,0.0088737095,0.08391851,0.060541075,0.6342551,0.6107206,0.15268014
52305,0.045454334,0.006960707,0.08394796,0.089053415,1.2273139,1.4967304,0.3741826
52308,0.043335676,0.008667137,0.07800422,0.06609295,0.09578323,0.15579082,0.038947705
52311,0.012709729,0.010367311,0.015052148,0.0073785274,0.3292831,0.31711695,0.07927924
52314,0.11765134,0.011000484,0.22430219,0.20404862,0.0,0.20404862,0.051012155
52317,0.030986369,0.011181049,0.050791685,0.04266132,0.045520145,0.04911813,0.012279533
52320,0.41981003,0.012840706,0.82677937,0.97924024,0.0,0.97924024,0.24481006
52323,0.03271103,0.0122798085,0.05314225,0.041590057,0.70366955,0.8090515,0.20226288
52325,0.03562363,0.012322671,0.058924586,0.04120674,0.010008971,0.05975449,0.014938623
52328,0.4616033,0.012561359,0.9106453,0.76310533,0.0,0.76310533,0.19077633
52331,0.019797983,0.013205099,0.026390865,0.029837122,0.6790516,0.61201626,0.15300407
52334,0.04091618,0.015482363,0.06634999,0.060607594,0.0,0.060607594,0.015151898
52337,0.48436508,0.02226243,0.9464677,1.137496,0.0,1.137496,0.284374
52340,0.0600926,0.031713072,0.08847212,0.040022984,0.0,0.040022984,0.010005746
52343,0.0972912,0.042429585,0.15215282,0.11012089,1.3960356,1.8026193,0.45065483
52345,0.05853502,0.048751086,0.068318956,0.02373977,0.049803257,0.077206895,0.019301724
52348,0.31643498,0.058872987,0.57399696,0.2872154,0.0,0.2872154,0.07180385
52351,0.07631251,0.069373995,0.08325102,0.02390196,0.35301065,0.3377808,0.0844452
52354,0.10277441,0.08194386,0.12360495,0.017890653,0.013451576,0.021904165,0.005476041
52357,0.41626796,0.08360943,0.74892646,0.3484598,0.0,0.3484598,0.08711495
52360,0.0778207,0.10207876,0.053562652,0.014054596,0.2396981,0.35201725,0.08800431
52363,0.11906594,0.12040592,0.117725946,0.027241886,0.5248434,0.48826674,0.122066684
52365,0.11819494,0.108384766,0.12800512,0.060440194,0.0,0.060440194,0.015110048
52368,0.13350818,0.09698508,0.17003126,0.045280028,0.049606163,0.09715084,0.02428771
52371,0.23525818,0.1030542,0.36746216,0.17008996,0.0,0.17008996,0.04252249
52374,0.15285574,0.13248925,0.1732222,0.08251259,0.08412286,0.22353561,0.055883903
52377,0.18878806,0.13618837,0.24138772,0.048316028,0.046872776,0.059948772,0.014987193
52380,0.16812818,0.14253217,0.19372416,0.061381016,1.5601406,1.6812035,0.42030087
52383,0.17314334,0.17100513,0.17528154,0.05231222,0.8424182,0.8173232,0.2043308
52385,0.24523914,0.17590165,0.31457666,0.054841906,0.008453528,0.07615679,0.019039197
52388,0.2670432,0.21176358,0.32232282,0.08384734,0.7231299,0.8288589,0.20721473
52391,1.0831158,0.1683501,1.9978815,1.0231222,0.0,1.0231222,0.25578055
52394,0.23429328,0.16095538,0.30763116,0.07697679,0.0,0.07697679,0.019244198
52397,0.2018943,0.16136329,0.24242532,0.031206494,0.027706623,0.031602968,0.007900742
52400,0.3186847,0.18831705,0.44905233,0.08832113,0.0,0.08832113,0.022080282
52403,0.18388617,0.16443755,0.20333476,0.055444118,0.6727066,0.7340931,0.18352328
52405,0.71328115,0.13822894,1.2883334,0.61894614,0.0,0.61894614,0.15473653
52408,1.0941529,0.15341179,2.034894,1.0926102,0.0,1.0926102,0.27315256
52411,0.16192192,0.14415853,0.17968531,0.06478181,0.7208603,0.7744951,0.19362378
52414,0.16881566,0.18871363,0.14891769,0.04548527,0.07967266,0.17256106,0.043140266
52417,0.47215143,0.17977165,0.7645312,0.25448838,0.0,0.25448838,0.063622095
52420,0.26552498,0.22720669,0.3038433,0.020096911,0.014283975,0.016298356,0.004074589
52423,0.6239474,0.2348057,1.0130891,0.37796736,0.0,0.37796736,0.09449184
52425,1.4953446,0.16763647,2.8230526,1.6612998,0.0,1.6612998,0.41532496
52428,0.6347623,0.118152976,1.1513716,0.574467,0.0,0.574467,0.14361675
52431,0.27023163,0.07492716,0.46553612,0.19519915,0.0,0.19519915,0.048799787
52434,0.053657938,0.07190847,0.035407405,0.008771534,0.2224303,0.28918824,0.07229706
52437,0.10536312,0.040659253,0.170067,0.06657285,0.031647366,0.1481779,0.037044477
52440,0.043551523,0.02944955,0.057653498,0.06599679,0.057633083,0.10354187,0.025885468
52443,0.59750026,0.03140307,1.1635975,1.5206839,0.0,1.5206839,0.38017097
52445,0.5180424,0.038442355,0.99764234,1.371112,0.0,1.371112,0.342778
52448,0.12549132,0.03233671,0.21864593,0.13271143,0.0,0.13271143,0.033177856
52451,0.14668249,0.03576504,0.25759992,0.15518133,0.0,0.15518133,0.038795333
52454,0.12000599,0.021696424,0.21831554,0.36317906,0.0,0.36317906,0.090794764
52457,0.043178696,0.02029494,0.06606246,0.037228696,0.0,0.037228696,0.009307174
52460,0.054334834,0.03243211,0.07623756,0.07352817,0.61523557,0.8295765,0.20739412
52463,0.08582753,0.01703812,0.15461694,0.14483072,0.0,0.14483072,0.03620768
52465,0.06116748,0.012429162,0.1099058,0.101293825,0.99426824,0.9693226,0.24233066
52468,0.012802304,0.013411482,0.012193126,0.010704164,0.14690082,0.14101435,0.035253588
52471,0.05125973,0.017153038,0.08536643,0.04039959,0.055461247,0.06999626,0.017499065
52474,0.15677944,0.015236676,0.2983222,0.4114759,0.0,0.4114759,0.102868974
52477,0.22672898,0.014580764,0.4388772,0.3325061,0.0,0.3325061,0.08312652
52480,0.049545363,0.030480899,0.068609826,0.036757972,0.05398448,0.10276827,0.025692068
52483,0.09826716,0.024317468,0.17221685,0.10287579,0.014862697,0.15628035,0.03907009
52485,0.050507467,0.023201883,0.077813044,0.16372062,0.0,0.16372062,0.040930156
52488,0.032381807,0.02691896,0.037844654,0.010309819,0.346145,0.35896394,0.089740984
52491,0.027203947,0.03086771,0.023540184,0.048962846,0.6265386,0.42053175,0.10513294
52494,0.06668191,0.026207773,0.10715604,0.047441196,0.007739385,0.040006932,0.010001733
52497,0.075812645,0.026000107,0.12562518,0.08002559,0.88792866,1.0139705,0.25349262
52500,0.8680542,0.015387032,1.7207214,1.513281,0.0,1.513281,0.37832025
52503,0.117922746,0.016188016,0.21965747,0.122200616,0.0,0.122200616,0.030550154
52505,0.28318986,0.017212281,0.54916745,0.38751975,0.0,0.38751975,0.09687994
52508,0.83415955,0.025408236,1.6429108,1.3011986,0.0,1.3011986,0.32529965
52511,0.04460315,0.039617024,0.049589276,0.0063927495,0.29676375,0.3161641,0.07904103
52514,0.052318092,0.03485091,0.069785275,0.010566421,0.1788367,0.13169593,0.03292398
52517,0.7749789,0.028078305,1.5218796,1.1782547,0.0,1.1782547,0.29456368
52520,0.065340646,0.042112302,0.08856899,0.07606329,1.0315447,1.2068914,0.30172285
52523,0.05456129,0.044619832,0.06450275,0.035619628,0.03171094,0.0705222,0.01763055
52525,0.053349674,0.044504438,0.06219491,0.011036963,0.3953762,0.43111125,0.10777781
52528,0.038150337,0.042267233,0.03403344,0.031181077,0.5718034,0.4486202,0.11215505
52531,0.05504887,0.039190274,0.07090747,0.02960855,0.4878629,0.54426956,0.13606739
52534,0.06463899,0.040754844,0.08852313,0.042835575,0.0,0.042835575,0.010708894
52537,0.057029624,0.04564944,0.06840981,0.045404077,0.03743108,0.08427093,0.021067733
52540,0.051769227,0.0425517,0.060986754,0.043004822,0.0,0.043004822,0.0107512055
52543,0.081873186,0.052224368,0.111522,0.099034645,0.13451195,0.20546459,0.051366147
52545,0.34608722,0.04230362,0.6498708,0.3735278,0.0,0.3735278,0.09338195
52548,0.17900433,0.058213297,0.29979536,0.57587475,0.0,0.57587475,0.14396869
52551,0.061691802,0.0578707,0.0655129,0.04022931,0.81531906,0.7297778,0.18244445
52554,0.10617935,0.062773824,0.14958487,0.12823766,0.0,0.12823766,0.032059416
52557,0.052523557,0.05984433,0.045202788,0.18838382,0.0,0.18838382,0.047095954
52560,0.07849588,0.062705345,0.09428642,0.026816115,0.5992555,0.60672647,0.15168162
52563,0.117815584,0.058409512,0.17722166,0.08668085,1.3395424,1.6181179,0.40452948
52565,0.051549178,0.05969088,0.04340747,0.03249002,0.71719295,0.5810345,0.14525862
52568,0.05968401,0.061170906,0.058197115,0.0069609876,0.17945862,0.16364114,0.040910285
52571,0.05791496,0.052699547,0.06313037,0.0053806677,0.1604023,0.15688282,0.039220706
52574,0.070492186,0.051836547,0.08914783,0.038016036,0.66507465,0.7581493,0.18953733
52577,0.045288306,0.050859284,0.039717328,0.0581049,0.9157054,0.71911883,0.17977971
52580,1.0093942,0.04836974,1.9704186,1.4750973,0.0,1.4750973,0.36877432
52583,0.2519626,0.05141367,0.45251155,0.71947265,0.0,0.71947265,0.17986816
52585,0.053177685,0.051911186,0.054444183,0.17937477,0.0,0.17937477,0.044843692
52588,0.14843374,0.052077007,0.24479048,0.48048607,0.0,0.48048607,0.12012152
52591,0.0639075,0.057242084,0.07057291,0.0055011534,0.47574425,0.5106142,0.12765355
52594,0.7779382,0.05422625,1.5016502,1.0089065,0.0,1.0089065,0.25222662
52597,0.06501225,0.060728204,0.06929629,0.0045260857,0.37052345,0.38317513,0.09579378
52600,0.12157325,0.05986398,0.18328251,0.43130517,0.0,0.43130517,0.10782629
52603,0.75267726,0.063609205,1.4417454,0.9472494,0.0,0.9472494,0.23681235
52605,0.17467654,0.06576789,0.2835852,0.17922147,0.0,0.17922147,0.044805367
52608,0.08827575,0.072445065,0.10410645,0.08041411,1.2910299,1.5278593,0.38196483
52611,0.088157214,0.0793115,0.09700292,0.10262462,0.0,0.10262462,0.025656154
52614,0.08366451,0.08165202,0.08567699,0.005375592,0.14170837,0.12623112,0.03155778
52617,0.59235156,0.0885357,1.0961674,0.5716729,0.0,0.5716729,0.14291823
52620,0.6799991,0.081652045,1.2783462,1.9040273,0.0,1.9040273,0.47600684
52623,0.1182932,0.07057606,0.16601036,0.041402023,0.0,0.041402023,0.010350506
52625,0.123200566,0.06925123,0.17714989,0.41887292,0.0,0.41887292,0.10471823
52628,0.06494321,0.069942616,0.059943806,0.011702853,0.44956255,0.5137408,0.1284352
52631,0.16220932,0.06588107,0.25853756,0.09758169,0.09670671,0.05830572,0.01457643
52634,0.06978708,0.0565643,0.08300985,0.24344228,0.0,0.24344228,0.06086057
52637,0.06095339,0.05615477,0.06575201,0.024969742,0.03767379,0.083834626,0.020958656
52640,0.069945455,0.052270845,0.08762006,0.025214812,0.028211594,0.04240592,0.01060148
52643,0.05005751,0.050407458,0.04970756,0.12928398,0.0,0.12928398,0.032320995
52645,0.09289187,0.052032143,0.13375162,0.027831286,0.41565618,0.35546365,0.08886591
52648,0.12647665,0.047500283,0.205453,0.07395921,0.0055274963,0.087840356,0.021960089
52651,0.21340668,0.050312903,0.37650046,0.6300619,0.0,0.6300619,0.15751548
52654,0.061015803,0.050463814,0.071567796,0.030196393,0.5826688,0.6189175,0.15472938
52657,0.11874848,0.049184863,0.1883121,0.100536056,0.8525223,0.8835092,0.2208773
52660,0.059502777,0.03865064,0.08035491,0.06470388,0.7211825,0.7196762,0.17991905
52662,0.04918323,0.042701825,0.05566464,0.0058904625,0.15734418,0.14652927,0.036632318
52665,0.06501108,0.052583087,0.077439055,0.04917242,0.08496157,0.1697821,0.042445526
52668,0.050824206,0.040084224,0.06156419,0.005888495,0.25654855,0.2365393,0.059134826
52671,0.081702024,0.030493503,0.13291055,0.07897539,1.148995,1.3179618,0.32949045
52674,0.069680184,0.027660534,0.11169984,0.06181318,0.07142401,0.10622416,0.02655604
52677,0.047975074,0.021038463,0.07491169,0.06354911,1.055956,1.209665,0.30241624
52680,0.04977791,0.012995613,0.08656021,0.06144773,0.09009552,0.18751931,0.046879828
52682,0.36817792,0.0096746525,0.72668123,0.6189895,0.0,0.6189895,0.15474738
52685,0.027558947,0.01027782,0.04484008,0.038549054,0.028929552,0.06242606,0.015606515
52688,0.1081673,0.0070816204,0.20925297,0.17528419,0.0,0.17528419,0.043821048
52691,0.26157308,0.00796412,0.515182,0.5600081,0.0,0.5600081,0.14000203
52694,0.05680144,0.00940987,0.10419301,0.0947087,1.0898014,1.4427067,0.36067668
52697,0.02610863,0.011246946,0.040970314,0.038530055,0.60641414,0.49931565,0.12482891
52700,0.71937585,0.017858058,1.4208937,1.3445606,0.0,1.3445606,0.33614016
52702,0.01477239,0.017216953,0.012327827,0.00234549,0.23044233,0.24896486,0.062241215
52705,0.17995577,0.024570882,0.33534065,0.39718446,0.0,0.39718446,0.099296115
52708,0.06435285,0.025393913,0.10331178,0.063000694,0.0,0.063000694,0.015750173
52711,0.02230336,0.030529076,0.014077644,0.01097568,0.39133367,0.51476145,0.12869036
52714,0.07302552,0.04586577,0.10018525,0.23207664,0.0,0.23207664,0.05801916
52717,0.1181964,0.05138121,0.18501158,0.10545989,0.0,0.10545989,0.026364973
52720,0.07884395,0.06306726,0.094620645,0.024758844,0.004445394,0.027259713,0.0068149283
52722,0.09851607,0.07296303,0.12406912,0.08484911,0.0,0.08484911,0.021212278
52725,0.5504833,0.0864219,1.0145447,1.3353246,0.0,1.3353246,0.33383116
52728,0.07756014,0.11099432,0.044125963,0.25472215,0.0,0.25472215,0.06368054
52731,0.1042873,0.11129352,0.097281076,0.0036296574,0.21459897,0.20005788,0.05001447
52734,0.14277242,0.1144706,0.17107423,0.10084262,0.0,0.10084262,0.025210654
52737,0.16849452,0.12367016,0.21331888,0.079417676,0.108012676,0.21662748,0.05415687
52740,0.14354104,0.1470576,0.14002448,0.0119294105,0.16493304,0.15025441,0.037563603
52742,0.24736972,0.1459931,0.3487464,0.107714415,0.0,0.107714415,0.026928604
52745,0.13832973,0.16904199,0.107617475,0.009406235,0.33886448,0.43802667,0.10950667
52748,0.17347924,0.19758767,0.1493708,0.031571407,0.7659238,0.6492938,0.16232345
52751,1.3262548,0.21471761,2.437792,1.2493685,0.0,1.2493685,0.31234214
52754,0.32282388,0.2460107,0.39963707,0.09106629,1.2355951,1.4788814,0.36972034
52757,0.26660228,0.23145027,0.30175427,0.038883388,0.0,0.038883388,0.009720847
52760,1.2709695,0.27389696,2.2680418,1.0156144,0.0,1.0156144,0.2539036
52762,0.40208605,0.27758488,0.52658725,0.086327724,0.0,0.086327724,0.021581931
52765,1.0485994,0.33990642,1.7572924,0.57747823,0.0,0.57747823,0.14436956
52768,0.72631294,0.37841144,1.0742143,0.17996104,0.0,0.17996104,0.04499026
52771,1.1675068,0.39544496,1.9395689,0.5897544,0.0,0.5897544,0.1474386
52774,0.45514318,0.4432292,0.46705714,0.066826425,1.270846,1.4501137,0.3625284
52777,0.41687068,0.40419766,0.42954373,0.033603232,0.55880433,0.61015654,0.15253913
52780,0.39037964,0.39308167,0.38767758,0.038305152,0.020760218,0.056151498,0.0140378745
52782,0.3743031,0.4165831,0.3320231,0.006559203,0.28912762,0.36733297,0.09183324
52785,0.7526431,0.42875728,1.0765289,0.15349148,0.0,0.15349148,0.03837287
52788,0.3974049,0.40579844,0.38901138,0.025184887,0.0,0.025184887,0.0062962216
52791,0.60806984,0.47251534,0.74362427,0.06589422,0.061086018,0.048003588,0.012000897
52794,0.43966663,0.5216982,0.3576351,1.5114851,0.0,1.5114851,0.37787127
52797,0.44420138,0.48297274,0.40543,0.0064054355,0.15320663,0.20813413,0.052033532
52800,0.44996917,0.49234772,0.40759063,0.0990501,1.0560868,1.4669617,0.36674044
52802,0.6247332,0.5233087,0.72615767,0.06201233,0.0,0.06201233,0.015503082
52805,0.62985134,0.48785603,0.7718466,0.06750121,0.0,0.06750121,0.016875302
52808,0.5784768,0.49864164,0.6583119,0.06279147,1.3072096,1.5589298,0.38973245
52811,0.44439316,0.44203565,0.44675073,0.09663487,0.0,0.09663487,0.024158718
52814,0.46502098,0.44733444,0.48270753,0.019275008,0.37356696,0.40758505,0.10189626
52817,0.4674004,0.3883237,0.5464771,0.07839918,0.023284277,0.13959394,0.034898486
52820,0.72020864,0.42414156,1.0162758,0.16029462,0.0,0.16029462,0.040073656
52822,1.5925474,0.42603493,2.75906,1.0431776,0.0,1.0431776,0.2607944
52825,0.4203303,0.48256746,0.35809314,0.05517569,0.0,0.05517569,0.013793923
52828,1.2411637,0.49917802,1.9831495,0.5218117,0.0,0.5218117,0.13045293
52831,0.27039298,0.47943816,0.061347842,0.57218117,0.0,0.57218117,0.14304529
52834,0.410278,0.41919684,0.4013592,0.09905404,0.0,0.09905404,0.02476351
52837,0.34383878,0.32396087,0.36371663,0.0095882565,0.28775024,0.30272937,0.07568234
52840,0.40870225,0.3450117,0.4723928,1.5421109,0.0,1.5421109,0.38552773
52842,0.56940615,0.36968365,0.7691286,0.1470615,0.015130997,0.18772443,0.046931107
52845,0.13920371,0.2585975,0.01980995,0.2698045,0.0,0.2698045,0.06745113
52848,0.4163361,0.2764949,0.5561773,0.15821655,1.3147385,1.2018003,0.3004501
52851,0.15145208,0.26600415,0.036900025,0.21618336,0.0,0.21618336,0.05404584
52854,0.38146615,0.24721853,0.51571375,0.06722733,0.072118126,0.03157332,0.00789333
52857,0.28499356,0.23437364,0.3356135,0.047897834,0.0,0.047897834,0.011974459
52860,0.25923464,0.24547572,0.27299356,0.04038557,0.7245674,0.74922085,0.18730521
52862,0.93840224,0.2340197,1.6427847,0.696431,0.0,0.696431,0.17410775
52865,0.32992294,0.22780739,0.43203855,0.06815478,0.0,0.06815478,0.017038696
52868,0.254899,0.19744806,0.31234995,0.051582325,0.12747447,0.16291289,0.040728223
52871,0.32886735,0.20142245,0.45631227,0.08387303,0.0,0.08387303,0.020968258
52874,0.16551779,0.20250066,0.1285349,0.55467975,0.0,0.55467975,0.13866994
52877,0.67692715,0.21621819,1.1376362,0.40131974,0.0,0.40131974,0.100329936
52880,0.26105592,0.20006578,0.32204607,0.9195997,0.0,0.9195997,0.22989993
52882,0.22978993,0.21450926,0.24507058,0.05790642,0.0,0.05790642,0.014476605
52885,0.3682089,0.18826275,0.548155,0.18450044,0.0,0.18450044,0.04612511
52888,0.22304736,0.24026912,0.20582558,0.06990749,0.0,0.06990749,0.017476872
52891,0.5729677,0.21473765,0.9311977,0.27524912,0.0,0.27524912,0.06881228
52894,0.12063062,0.20680706,0.034454193,0.18937862,0.0,0.18937862,0.047344655
52897,0.25354788,0.21923731,0.28785846,0.011007011,0.37802252,0.44952545,0.11238136
52900,0.29588145,0.18808477,0.40367815,1.0509471,0.0,1.0509471,0.26273677
52902,0.28534934,0.19015698,0.3805417,0.05720682,0.07654381,0.04756761,0.011891902
52905,0.2674558,0.19482976,0.34008178,0.05656292,0.0,0.05656292,0.01414073
52908,0.43172967,0.18613829,0.677321,0.18031462,0.0,0.18031462,0.045078654
52911,0.29744312,0.14900403,0.44588223,0.117727645,0.12844546,0.058992814,0.014748204
52914,0.33659947,0.14202166,0.5311773,0.15104218,0.0,0.15104218,0.037760545
52917,0.29871812,0.13605107,0.46138522,0.16014008,1.1339105,1.8266484,0.4566621
52920,0.1421464,0.1357751,0.14851765,0.055134594,0.5985346,0.7255122,0.18137805
52922,0.10347897,0.11594242,0.09101551,0.05196591,0.36734948,0.55920744,0.13980186
52925,0.23778391,0.12874533,0.3468225,0.065147445,0.07635244,0.019643476,0.004910869
52928,0.5313577,0.13407002,0.92864543,0.40720257,0.0,0.40720257,0.10180064
52931,0.1385268,0.12735583,0.14969775,0.02395379,0.0067017875,0.029749364,0.007437341
52934,0.15222189,0.12360855,0.18083523,0.08414603,0.78945065,0.95006585,0.23751646
52937,0.3373849,0.12450981,0.55026,0.21490455,0.0,0.21490455,0.053726137
52940,0.17169757,0.12054092,0.22285426,0.028790744,0.31060967,0.2644556,0.0661139
52942,0.5447125,0.12090937,0.9685156,0.46232292,0.0,0.46232292,0.11558073
52945,0.16479193,0.12188371,0.20770013,0.09579352,0.7187144,0.8806238,0.22015595
52948,0.18556565,0.1159031,0.2552282,0.043472465,0.05598132,0.03435606,0.008589015
52951,0.12106484,0.11544851,0.12668116,0.0043155723,0.2483902,0.25575313,0.06393828
52954,0.14360498,0.109413184,0.17779677,0.023621023,0.31441176,0.31291416,0.07822854
52957,0.14575331,0.101057835,0.19044876,0.0396999,0.05275218,0.054110914,0.013527729
52960,0.15932219,0.10262755,0.21601681,0.033930253,0.22359116,0.18041444,0.04510361
52962,0.08255112,0.090470165,0.074632086,0.10423311,0.5771753,0.98327994,0.24581999
52965,0.32855332,0.09394989,0.5631568,0.2268986,0.0,0.2268986,0.05672465
52968,0.10076199,0.0748656,0.1266584,0.051527917,0.48576227,0.5288953,0.13222383
52971,0.06841501,0.06846931,0.06836071,0.0054963953,0.18200684,0.18565798,0.046414495
52974,0.15801938,0.05738159,0.2586572,0.12016586,0.1542886,0.18776971,0.046942428
52977,0.053608388,0.05347846,0.053738315,0.03912474,0.38417062,0.5482833,0.13707082
52980,0.07487855,0.055744145,0.09401295,0.033101413,0.060385387,0.09989647,0.024974117
52982,0.097926416,0.05240575,0.14344709,0.100355946,0.092980705,0.19602342,0.049005855
52985,0.7401859,0.058328062,1.4220438,0.92810005,0.0,0.92810005,0.23202501
52988,0.6023618,0.057500824,1.1472228,1.6682949,0.0,1.6682949,0.41707373
52991,0.19003314,0.059776466,0.32028982,0.14226282,0.0,0.14226282,0.035565704
52994,0.105244555,0.07033953,0.1401496,0.035674646,0.0,0.035674646,0.008918662
52997,0.091777146,0.06913412,0.114420176,0.25863132,0.0,0.25863132,0.06465783
53000,0.11363926,0.07157374,0.15570478,0.064103104,0.1057477,0.1633646,0.04084115
53002,0.086822994,0.060376212,0.11326978,0.039827894,0.6337407,0.7254071,0.18135178
53005,0.10405726,0.06375379,0.14436074,0.056137722,0.0,0.056137722,0.0140344305
53008,0.07073957,0.061944753,0.079534374,0.021608852,0.52753514,0.5503066,0.13757665
53011,0.056320336,0.058664966,0.0539757,0.021595731,0.007926305,0.020205704,0.005051426
53014,0.42046762,0.057250146,0.783685,0.43000266,0.0,0.43000266,0.107500665
53017,0.07297685,0.062410638,0.083543055,0.006017895,0.3914903,0.4259664,0.1064916
53020,0.07061013,0.068926096,0.07229417,0.031017264,0.54200363,0.568652,0.142163
53022,0.11794708,0.06788265,0.16801153,0.039478898,0.058633167,0.057965945,0.014491486
53025,0.11090622,0.07977795,0.14203449,0.02787563,0.05002594,0.07003921,0.017509803
53028,0.19163127,0.10325599,0.28000656,0.10720382,1.1661733,1.544694,0.3861735
53031,0.48238388,0.1114432,0.8533246,0.3757554,0.0,0.3757554,0.09393885
53034,0.08063032,0.12720318,0.03405745,0.27159837,0.0,0.27159837,0.06789959
53037,0.21626186,0.11764294,0.3148808,0.099924445,0.0,0.099924445,0.024981111
53040,0.10392133,0.13017616,0.07766652,0.057020772,0.04386266,0.05680332,0.01420083
53042,0.4640768,0.14994168,0.7782119,0.2521588,0.0,0.2521588,0.0630397
53045,0.61527395,0.16265722,1.0678908,0.41751897,0.0,0.41751897,0.10437974
53048,0.18842255,0.19452329,0.18232179,0.0849269,1.1147662,1.5303812,0.3825953
53051,0.26576132,0.22314377,0.30837885,0.022796335,0.23709111,0.21278746,0.053196866
53054,0.16794626,0.20320542,0.13268708,0.05059534,0.055003483,0.060483873,0.015120968
53057,1.3925823,0.21541916,2.5697453,1.3914903,0.0,1.3914903,0.34787259
53060,0.15393646,0.22271244,0.08516047,0.5089449,0.0,0.5089449,0.12723623
53062,0.24901366,0.22907877,0.26894853,0.053298455,0.02094841,0.06705761,0.016764402
53065,0.5246406,0.24269986,0.80658144,0.17562537,0.0,0.17562537,0.043906342
53068,0.25583032,0.25502658,0.2566341,0.034783654,0.544234,0.5189255,0.12973137
53071,0.18729782,0.26608005,0.10851558,0.6017621,0.0,0.6017621,0.15044053
53074,0.49724874,0.26482323,0.72967416,1.6785017,0.0,1.6785017,0.41962543
53077,0.2600766,0.24336724,0.27678594,0.009137817,0.47353745,0.5207985,0.13019963
53080,0.25497985,0.26377985,0.24617986,0.0034515036,0.12445108,0.14658278,0.036645696
53082,0.2603318,0.27162385,0.24903977,0.026379496,0.7764657,0.7522106,0.18805265
53085,0.2627459,0.25240156,0.27309024,0.02371583,0.02539126,0.045966193,0.011491548
53088,0.2210139,0.25329652,0.18873131,0.008349263,0.13193993,0.19004111,0.047510277
53091,0.22985877,0.24740915,0.2123084,0.016548647,0.28544363,0.25306663,0.06326666
53094,0.39520195,0.26048836,0.5299155,0.11813819,0.0,0.11813819,0.029534547
53097,0.6294923,0.26258096,0.99640363,0.28413513,0.0,0.28413513,0.07103378
53100,0.38297737,0.26826206,0.49769267,0.071526416,0.06980149,0.052704263,0.013176066
53102,0.3252863,0.267449,0.38312364,0.057218414,0.051321823,0.084745586,0.021186396
53105,0.25809675,0.24474649,0.27144703,0.00826568,0.15876321,0.16860898,0.042152245
53108,0.2468201,0.24935083,0.2442894,0.042638924,0.021084785,0.05655867,0.014139667
53111,0.25152603,0.23099895,0.27205312,0.05134057,0.07523552,0.16232371,0.04058093
53114,0.5147761,0.1816451,0.8479071,1.6588553,0.0,1.6588553,0.41471383
53117,0.17838936,0.16689847,0.1898802,0.34438053,0.0,0.34438053,0.08609513
53120,0.13239305,0.1860795,0.078706585,0.18634945,0.0,0.18634945,0.046587363
53122,0.19632642,0.1578456,0.23480721,0.018103892,0.3154038,0.3059659,0.076491475
53125,0.11034751,0.14190908,0.07878593,0.023876803,0.3848411,0.573134,0.1432835
53128,0.3874335,0.15514015,0.61972684,1.3342482,0.0,1.3342482,0.33356205
53131,0.17900042,0.16364257,0.19435824,0.0052228854,0.2706801,0.2884958,0.07212395
53134,0.17194958,0.16299194,0.18090725,0.05953933,0.08753681,0.18893659,0.047234148
53137,0.09255586,0.13562928,0.04948244,0.13556476,0.0,0.13556476,0.03389119
53140,0.28347024,0.1422054,0.42473507,0.12718451,0.0,0.12718451,0.031796128
53142,0.13823132,0.14228517,0.13417746,0.041185144,0.0,0.041185144,0.010296286
53145,0.12461817,0.13225417,0.11698219,0.11369563,0.0,0.11369563,0.028423907
53148,0.17028566,0.13792759,0.20264375,0.013602466,0.45323563,0.5292631,0.13231577
53151,0.21512718,0.13609217,0.29416224,0.05797702,0.058143616,0.027140424,0.006785106
53154,0.18675381,0.12182685,0.25168076,0.074467696,0.1245718,0.1606052,0.0401513
53157,0.31663877,0.10052264,0.5327549,0.17916445,0.0,0.17916445,0.044791114
53160,0.1457081,0.109883584,0.18153262,0.07969778,0.0,0.07969778,0.019924445
53162,0.08980861,0.09949323,0.080124,0.025643617,0.5697753,0.620946,0.1552365
53165,0.13433753,0.11541375,0.1532613,0.040831804,0.0,0.040831804,0.010207951
53168,0.1604783,0.11947019,0.2014864,0.024295265,0.2020884,0.14222099,0.035555247
53171,0.1895845,0.13028468,0.2488843,0.07846064,0.0,0.07846064,0.01961516
53174,1.028927,0.12392485,1.933929,1.2564474,0.0,1.2564474,0.31411186
53177,0.3837417,0.12464696,0.6428364,0.23410487,0.0,0.23410487,0.058526218
53180,0.37295106,0.13568307,0.61021906,0.19469585,0.0,0.19469585,0.04867396
53182,0.2556149,0.15457541,0.35665444,0.07310665,0.0,0.07310665,0.018276662
53185,0.53181124,0.16416742,0.8994551,0.3181099,0.0,0.3181099,0.079527475
53188,0.40177724,0.16579986,0.6377546,1.2450461,0.0,1.2450461,0.31126153
53191,0.27058804,0.16473125,0.37644482,0.97166866,0.0,0.97166866,0.24291717
53194,0.25551116,0.21348922,0.29753312,0.9331012,0.0,0.9331012,0.2332753
53197,0.3058953,0.22786348,0.3839271,0.05603357,0.0065053306,0.067969315,0.016992329
53200,0.29107738,0.20840013,0.37375462,0.10581467,1.033523,1.3109672,0.3277418
53202,0.3027735,0.2205259,0.3850211,0.07711626,0.08015744,0.10947921,0.027369803
53205,0.30232704,0.27221647,0.3324376,0.09860972,0.8979575,0.9925604,0.2481401
53208,0.34312913,0.27956548,0.40669274,0.039916277,0.04271714,0.040973518,0.0102433795
53211,1.4957824,0.24134,2.7502248,1.4335293,0.0,1.4335293,0.3583823
53214,0.18841486,0.15736605,0.21946366,0.010125552,0.18335001,0.14670826,0.036677066
53217,0.16160534,0.15937652,0.16383414,0.58094126,0.0,0.58094126,0.14523531
53220,0.18136196,0.16758525,0.19513865,0.10512633,0.0,0.10512633,0.026281582
53222,0.18693376,0.16378714,0.21008037,0.0090816,0.29958662,0.33187506,0.082968764
53225,1.3792125,0.13536976,2.6230552,1.6488448,0.0,1.6488448,0.4122112
53228,0.38273415,0.1538076,0.6116607,1.2806603,0.0,1.2806603,0.32016507
53231,0.24114752,0.14468354,0.33761153,0.10780418,0.9586436,1.2467166,0.31167915
53234,0.2716098,0.14418809,0.39903155,0.10531279,0.0,0.10531279,0.026328197
53237,0.14878719,0.1601182,0.13745616,0.050713282,0.0,0.050713282,0.0126783205
53240,1.2246066,0.16189827,2.287315,1.2845258,0.0,1.2845258,0.32113144
53242,0.26738977,0.18547441,0.34930515,0.05543525,0.0,0.05543525,0.013858813
53245,0.80803317,0.18595083,1.4301153,0.6029561,0.0,0.6029561,0.15073903
53248,0.18549709,0.21444649,0.15654767,0.07192822,0.0,0.07192822,0.017982055
53251,0.14583237,0.16489883,0.1267659,0.09525063,0.96703523,1.4023104,0.3505776
53254,0.20913853,0.18036683,0.23791023,0.05870719,0.05015421,0.10074079,0.025185198
53257,0.2775354,0.22706293,0.3280079,0.09561809,0.7897816,0.88978416,0.22244604
53260,0.22495528,0.22862029,0.22129029,0.022608327,0.24304962,0.22794831,0.056987077
53262,0.3621273,0.22388406,0.5003705,0.13226223,1.2271252,1.7081323,0.42703307
53265,0.1398152,0.2252871,0.054343294,0.13282645,0.0,0.13282645,0.033206612
53268,0.23761864,0.20913883,0.26609847,0.03028834,0.054028828,0.095092446,0.023773111
53271,0.15726465,0.1877224,0.1268069,0.011995374,0.16651364,0.24217594,0.060543984
53274,0.18162155,0.15325981,0.20998327,0.09393277,0.85432345,1.0049063,0.25122657
53277,0.3540678,0.1284134,0.5797222,0.16977803,0.0,0.16977803,0.04244451
53280,0.79900855,0.13099927,1.4670178,0.74592805,0.0,0.74592805,0.18648201
53282,0.14071684,0.14825499,0.13317867,0.004220109,0.19473267,0.17167222,0.042918056
53285,0.18082748,0.16916414,0.19249082,0.0141771585,0.17171542,0.16672646,0.041681614
53288,0.1570217,0.15638912,0.15765429,0.10853242,0.106126785,0.17155679,0.042889196
53291,0.2027389,0.15396535,0.25151244,0.019892348,0.19364731,0.13791186,0.034477964
53294,0.29502907,0.16212521,0.42793298,0.14370416,0.0,0.14370416,0.03592604
53297,0.16490114,0.15779607,0.17200619,0.02380831,0.36128172,0.3751185,0.09377962
53300,0.17077364,0.13582946,0.20571782,0.083355285,0.08983103,0.23103325,0.057758313
53302,1.2057875,0.15056483,2.2610102,1.274745,0.0,1.274745,0.31868625
53305,0.13418607,0.14206715,0.126305,0.020253515,0.33416238,0.34298337,0.08574584
53308,0.24138792,0.13450517,0.34827065,0.8276291,0.0,0.8276291,0.20690727
53311,0.09324533,0.11328929,0.07320137,0.08985851,0.0,0.08985851,0.022464627
53314,0.97746974,0.17718172,1.7777578,0.86122257,0.0,0.86122257,0.21530564
53317,0.21580662,0.13994981,0.29166344,0.044633273,0.0474693,0.028985599,0.0072463998
53320,0.21308447,0.12211164,0.30405733,0.0642159,0.0,0.0642159,0.016053975
53322,0.12234304,0.12847538,0.11621072,0.033781484,0.0,0.033781484,0.008445371
53325,0.15046337,0.14690666,0.15402009,0.04145642,0.025302252,0.05547451,0.013868627
53328,0.14860563,0.1367148,0.16049646,0.034324747,0.34385172,0.35949674,0.089874186
53331,0.47097656,0.095770545,0.8461826,0.45464563,0.0,0.45464563,0.11366141
53334,0.07425226,0.07543993,0.073064595,0.12957615,0.0,0.12957615,0.032394037
53337,0.120443724,0.06891051,0.17197694,0.05540958,0.010391871,0.0812782,0.02031955
53340,0.057608183,0.054894727,0.06032164,0.0043411613,0.23536746,0.23252456,0.05813114
53342,0.09927931,0.047505032,0.1510536,0.27332506,0.0,0.27332506,0.068331264
53345,0.10080695,0.058342073,0.14327182,0.22589833,0.0,0.22589833,0.05647458
53348,0.09887054,0.046527755,0.15121332,0.3094245,0.0,0.3094245,0.07735612
53351,0.0472189,0.03589613,0.058541667,0.011613797,0.20993869,0.22965221,0.057413053
53354,0.05460449,0.0353715,0.073837474,0.06274954,0.61917907,0.7706879,0.19267197
53357,0.044006974,0.020097574,0.06791637,0.06520655,0.6809755,0.7757127,0.19392818
53360,0.037438814,0.025031293,0.049846333,0.06075734,0.0,0.06075734,0.015189335
53362,0.7438242,0.022224477,1.465424,1.2109371,0.0,1.2109371,0.3027343
53365,0.49956247,0.026992157,0.97213274,0.7131309,0.0,0.7131309,0.17828272
53368,0.10048866,0.016086498,0.18489082,0.12192178,0.99457675,1.2287084,0.3071771
53371,0.028922165,0.019863801,0.03798053,0.012567677,0.20246685,0.20177066,0.050442666
53374,0.042177957,0.021664599,0.06269131,0.04288138,0.0,0.04288138,0.010720345
53377,0.08746589,0.025681376,0.1492504,0.08458639,0.0,0.08458639,0.021146597
53380,0.35079014,0.023919404,0.6776609,0.4879321,0.0,0.4879321,0.12198302
53382,0.3385593,0.035873275,0.64124537,0.90949184,0.0,0.90949184,0.22737296
53385,0.05218779,0.039612453,0.06476313,0.050041616,0.45734155,0.6560865,0.16402163
53388,0.050661314,0.04678337,0.054539263,0.07575368,0.061149597,0.07676508,0.01919127
53391,0.13816512,0.0568843,0.21944594,0.10317295,0.17002852,0.23535009,0.05883752
53394,0.08603386,0.06248193,0.109585784,0.019386614,0.15417163,0.11133024,0.02783256
53397,0.08565227,0.05945025,0.11185431,0.059661046,0.7262396,0.84108657,0.21027164
53400,0.1088531,0.07263532,0.14507087,0.042010386,0.048655827,0.04744539,0.011861348
53402,0.123227455,0.07896852,0.16748641,0.093208395,0.8252309,0.8451781,0.21129453
53405,0.16372879,0.07367801,0.25377956,0.09092576,0.122611046,0.10877334,0.027193336
53408,0.112914294,0.081442274,0.1443863,0.039713953,0.0071086884,0.06116408,0.01529102
53411,0.21749718,0.09888651,0.33610788,0.1700093,0.0,0.1700093,0.042502325
53414,0.1391614,0.08267968,0.19564311,0.053557787,0.09007851,0.09508263,0.023770658
53417,0.113168836,0.09663243,0.12970524,0.019091044,0.041457653,0.063405305,0.015851326
53420,0.15277694,0.099904455,0.20564942,0.1448716,0.0,0.1448716,0.0362179
53422,0.16178487,0.09601069,0.22755904,0.5423928,0.0,0.5423928,0.1355982
53425,0.4452783,0.09288756,0.797669,0.38701618,0.0,0.38701618,0.096754044
53428,0.15274613,0.116274625,0.18921761,0.06744792,1.005003,1.1308103,0.28270257
53431,0.17667864,0.14320676,0.21015052,0.051658016,0.018360138,0.07413253,0.018533133
53434,0.30185243,0.14114474,0.4625601,0.12880576,0.0,0.12880576,0.03220144
53437,0.16245197,0.13286215,0.1920418,0.05205044,0.0,0.05205044,0.01301261
53440,0.33925298,0.14927088,0.52923506,1.1856357,0.0,1.1856357,0.29640892
53442,0.21328409,0.15130968,0.2752585,0.05718143,0.08414873,0.13209404,0.03302351
53445,0.17417288,0.18629277,0.16205297,0.07196095,0.0,0.07196095,0.017990237
53448,0.18130125,0.17528696,0.18731554,0.010841202,0.28717884,0.3305292,0.0826323
53451,0.12788886,0.18273348,0.07304425,0.18896484,0.0,0.18896484,0.04724121
53454,0.18336852,0.15470959,0.21202743,0.023362124,0.011983235,0.048432928,0.012108232
53457,1.0261909,0.1985475,1.8538342,0.8635078,0.0,0.8635078,0.21587695
53460,0.15510245,0.16794765,0.14225726,0.45373762,0.0,0.45373762,0.113434404
53462,0.17769824,0.1459226,0.20947386,0.07885138,0.046902973,0.12093312,0.03023328
53465,0.14804225,0.17619114,0.119893365,0.07794807,0.0,0.07794807,0.019487018
53468,0.19077575,0.13020308,0.2513484,0.0593491,0.04773426,0.075631104,0.018907776
53471,0.39319816,0.102593064,0.6838033,0.28695393,0.0,0.28695393,0.07173848
53474,0.18150628,0.08339613,0.27961642,0.10322708,0.012355168,0.1406484,0.0351621
53477,0.27164057,0.062006146,0.481275,0.85591465,0.0,0.85591465,0.21397866
53480,0.094435215,0.06857615,0.12029427,0.020285467,0.34898624,0.32457557,0.08114389
53482,0.077267386,0.07023665,0.08429813,0.0074196123,0.220747,0.22518563,0.05629641
53485,0.05974781,0.06453311,0.054962516,0.003391002,0.15233839,0.17773277,0.04443319
53488,0.08475488,0.058108646,0.1114011,0.023789324,0.024585882,0.023535898,0.0058839745
53491,0.08238936,0.059885263,0.10489347,0.020998372,0.006149292,0.018288968,0.004572242
53494,0.12614428,0.073833026,0.17845552,0.05905211,0.013656616,0.09700104,0.02425026
53497,0.110311665,0.072950415,0.1476729,0.030785114,0.005004247,0.033022966,0.008255742
53500,0.08001865,0.05766089,0.10237641,0.043767404,0.63707924,0.65498096,0.16374524
53502,0.21604234,0.0583252,0.37375948,0.69986945,0.0,0.69986945,0.17496736
53505,0.07320666,0.06369089,0.08272243,0.13026614,0.0,0.13026614,0.032566536
53508,0.080649376,0.04246157,0.11883718,0.23297863,0.0,0.23297863,0.058244657
53511,0.10789492,0.04888204,0.16690779,0.062191952,0.08025106,0.08755026,0.021887565
53514,0.15991685,0.057504673,0.262329,0.523626,0.0,0.523626,0.1309065
53517,1.4340907,0.08803526,2.7801464,1.9021047,0.0,1.9021047,0.47552618
53520,0.060831264,0.054155827,0.0675067,0.04670838,0.686444,0.63729,0.1593225
53522,0.05388249,0.044000518,0.06376446,0.03173793,0.027784983,0.06489789,0.016224472
53525,0.4042059,0.0373214,0.7710903,0.48811683,0.0,0.48811683,0.12202921
53528,0.039830755,0.037534643,0.042126868,0.06293852,0.0,0.06293852,0.01573463
53531,0.696779,0.02359654,1.3699614,1.0896541,0.0,1.0896541,0.27241352
53534,0.05419916,0.02182207,0.086576246,0.035512798,0.03891627,0.018843787,0.0047109467
53537,0.053421717,0.025729874,0.081113555,0.06392557,0.7716058,0.7170066,0.17925166
53540,0.041942906,0.022278765,0.061607037,0.040074915,0.63167447,0.63913864,0.15978466
53542,0.6922574,0.017029231,1.3674855,1.4930214,0.0,1.4930214,0.37325534
53545,0.289839,0.021158904,0.5585191,0.38973084,0.0,0.38973084,0.09743271
53548,0.03053545,0.027638672,0.033432227,0.005508673,0.39622688,0.39825264,0.09956316
53551,0.043038618,0.037651807,0.048425432,0.034383576,0.016803106,0.03209133,0.008022833
53554,0.05683027,0.046403497,0.06725704,0.028985932,0.050810974,0.099387966,0.024846992
53557,0.07432247,0.04443715,0.104207784,0.25858045,0.0,0.25858045,0.06464511
53560,0.17845899,0.04722515,0.30969283,0.5756109,0.0,0.5756109,0.14390272
53562,0.6175902,0.06136449,1.1738158,1.6442622,0.0,1.6442622,0.41106555
53565,0.39066067,0.07383142,0.70748997,0.33160824,0.0,0.33160824,0.08290206
53568,0.095883906,0.070383616,0.12138418,0.048947528,0.034136456,0.06780345,0.016950862
53571,0.5777521,0.06591121,1.089593,1.4960934,0.0,1.4960934,0.37402335
53574,0.119125865,0.07807914,0.16017258,0.110199176,0.07347393,0.18318649,0.04579662
53577,0.6137294,0.08246499,1.1449938,0.6343836,0.0,0.6343836,0.1585959
53580,0.0985713,0.08971137,0.10743124,0.047893386,0.04116122,0.04878659,0.012196648
53582,0.1129086,0.09490281,0.13091439,0.022486985,0.0,0.022486985,0.005621746
53585,0.095743336,0.08677474,0.10471195,0.0235982,0.0364178,0.07564751,0.018911878
53588,0.13312942,0.102122694,0.16413614,0.49579176,0.0,0.49579176,0.12394794
53591,0.13870908,0.0888534,0.18856478,0.14338158,0.0,0.14338158,0.035845395
53594,1.2020237,0.10265478,2.3013928,1.5736183,0.0,1.5736183,0.39340457
53597,0.11731624,0.10173444,0.13289803,0.008808483,0.532767,0.610144,0.152536
53600,0.22527736,0.09963151,0.3509232,0.124367125,0.0,0.124367125,0.031091781
53602,0.09591699,0.113892734,0.07794125,0.34460902,0.0,0.34460902,0.086152256
53605,0.10632681,0.109094225,0.1035594,0.0032583785,0.2586051,0.28283438,0.070708595
53608,0.16171564,0.12765555,0.19577575,0.043081578,0.07486296,0.12666889,0.03166722
53611,0.100573115,0.12549715,0.07564908,0.01032072,0.11550808,0.17476659,0.043691646
53614,0.14658813,0.16713047,0.12604578,0.037762567,0.75751334,0.6400164,0.1600041
53617,0.13145547,0.12724175,0.13566919,0.025803907,0.024566809,0.050930858,0.012732714
53619,0.123390235,0.09557474,0.15120573,0.17979313,0.0,0.17979313,0.044948284
53622,0.19259362,0.12742485,0.2577624,0.050104428,0.0,0.050104428,0.012526107
53625,0.5670685,0.12086276,1.0132742,0.47447243,0.0,0.47447243,0.11861811
53628,0.12394697,0.096913695,0.15098025,0.07989436,0.049473446,0.12197109,0.030492773
53631,0.10257741,0.06491213,0.14024268,0.03905398,0.0047372184,0.047732756,0.011933189
53634,0.44158795,0.09537098,0.7878049,1.329071,0.0,1.329071,0.33226776
53637,0.30264702,0.077325724,0.52796835,0.22974372,0.0,0.22974372,0.05743593
53639,0.14600389,0.08496953,0.20703822,0.09342118,0.7967475,0.84099764,0.21024941
53642,0.6168544,0.06587347,1.1678354,0.71012706,0.0,0.71012706,0.17753176
53645,0.07109168,0.052458327,0.08972504,0.013338466,0.45877275,0.46353802,0.115884505
53648,0.0712725,0.069739215,0.072805785,0.029618481,0.023379007,0.040552124,0.010138031
53651,0.17189382,0.03642572,0.30736193,0.5051958,0.0,0.5051958,0.12629895
53654,0.052356478,0.050776225,0.05393673,0.09527385,0.0,0.09527385,0.023818463
53657,0.0825766,0.047657046,0.117496155,0.05167635,0.045764923,0.14332299,0.035830747
53659,0.07932673,0.045672525,0.112980925,0.2697802,0.0,0.2697802,0.06744505
53662,0.45726013,0.05163841,0.86288184,1.2473844,0.0,1.2473844,0.3118461
53665,0.05810522,0.05411011,0.062100325,0.050897356,0.6026724,0.79935724,0.19983931
53668,0.066458516,0.05883177,0.07408526,0.0065349326,0.2691269,0.2660929,0.066523224
53671,0.056165036,0.06444439,0.047885675,0.20307726,0.0,0.20307726,0.050769314
53674,0.09577308,0.07230199,0.119244166,0.044809967,0.6364351,0.7151039,0.17877598
53677,0.14826119,0.07173919,0.22478318,0.07491703,0.06890631,0.057708487,0.014427122
53679,0.09133234,0.07420394,0.10846073,0.10167166,1.4459229,1.8695073,0.46737683
53682,0.0747545,0.056738004,0.092770986,0.03899948,0.5269312,0.5326162,0.13315405
53685,0.22230053,0.07673517,0.3678659,0.18229724,0.0,0.18229724,0.04557431
53688,0.10719708,0.07944262,0.13495156,0.06580396,0.0,0.06580396,0.01645099
53691,0.15269856,0.07178164,0.23361547,0.084270336,0.08836651,0.06976121,0.017440302
53694,0.07737595,0.07167219,0.08307971,0.027918875,0.2704595,0.28242517,0.07060629
53697,0.45146826,0.07971875,0.8232178,0.4164755,0.0,0.4164755,0.104118876
53699,0.110480376,0.09156642,0.12939434,0.07112155,0.7016938,0.6971453,0.17428632
53702,0.117180325,0.103595294,0.13076535,0.03285566,0.052732784,0.08821597,0.022053992
53705,0.081832506,0.0890824,0.074582614,0.0022994608,0.18527906,0.20213056,0.05053264
53708,0.15995291,0.12430304,0.19560277,0.06878079,0.0,0.06878079,0.017195197
53711,0.21271527,0.13371453,0.291716,0.11246487,1.1091086,1.3099514,0.32748786
53714,0.5241925,0.12831418,0.9200709,0.3862466,0.0,0.3862466,0.09656165
53717,0.9695038,0.12860286,1.8104048,1.0565499,0.0,1.0565499,0.26413748
53719,0.19232912,0.17258964,0.2120686,0.08244172,0.0,0.08244172,0.02061043
53722,0.18702598,0.17688973,0.19716221,0.026121637,0.46398345,0.50314397,0.12578599
53725,0.15519087,0.13444205,0.1759397,0.078992195,1.1303093,1.3573979,0.33934948
53728,0.511913,0.1651246,0.8587014,1.6509188,0.0,1.6509188,0.4127297
53731,0.7997022,0.16710746,1.4322971,0.6351752,0.0,0.6351752,0.1587938
53734,0.18703027,0.1591003,0.21496026,0.01022748,0.4795443,0.558737,0.13968424
53737,0.17946668,0.14975818,0.20917518,0.07836127,0.9125722,0.94830424,0.23707606
53739,0.10342911,0.15199828,0.054859936,0.16404447,0.0,0.16404447,0.041011117
53742,0.36132276,0.13661467,0.5860309,0.16384484,0.0,0.16384484,0.04096121
53745,0.17671593,0.14005291,0.21337892,0.037065163,0.38585007,0.3654311,0.091357775
53748,0.16640954,0.12005804,0.21276104,0.057477653,1.330712,1.5374621,0.38436553
53751,0.098534666,0.09886151,0.09820783,0.17678368,0.0,0.17678368,0.04419592
53754,0.22019772,0.12116625,0.31922922,0.76354885,0.0,0.76354885,0.19088721
53757,0.08625933,0.11306753,0.05945113,0.0140753975,0.17820819,0.27416316,0.06854079
53759,0.2612492,0.113309346,0.4091891,0.9013608,0.0,0.9013608,0.2253402
53762,0.2082995,0.09653034,0.32006866,0.09661394,0.08843645,0.05467646,0.013669115
53765,0.26178375,0.09050465,0.43306288,0.14372504,0.0,0.14372504,0.03593126
53768,0.30585873,0.09952911,0.5121884,1.0263624,0.0,1.0263624,0.2565906
53771,0.18490525,0.11593717,0.25387332,0.091583885,0.13288355,0.22761516,0.05690379
53774,0.443969,0.09821832,0.78971964,0.3551565,0.0,0.3551565,0.08878913
53777,0.20298098,0.098384164,0.3075778,0.6764307,0.0,0.6764307,0.16910768
53779,0.4826719,0.0950236,0.87032014,0.42500553,0.0,0.42500553,0.10625138
53782,0.33564067,0.101912834,0.5693685,0.1974463,0.0,0.1974463,0.049361575
53785,0.10313809,0.08613361,0.12014256,0.056924358,0.0,0.056924358,0.0142310895
53788,0.084210224,0.06231759,0.10610286,0.08936723,0.0,0.08936723,0.022341808
53791,0.14557612,0.05978017,0.23137207,0.152175,0.9795216,1.077263,0.26931575
53794,1.1409078,0.05162425,2.2301912,1.652278,0.0,1.652278,0.4130695
53797,0.05530988,0.045855407,0.06476435,0.10932215,0.0,0.10932215,0.027330538
53799,0.065677315,0.03830095,0.093053676,0.062386576,0.017723719,0.07719191,0.019297978
53802,0.07971909,0.027501484,0.1319367,0.16187187,0.0,0.16187187,0.040467966
53805,0.095250666,0.030225351,0.16027598,0.06740681,0.0062688193,0.058657855,0.014664464
53808,0.05842213,0.03507834,0.08176592,0.05642436,0.83382386,1.0127338,0.25318345
53811,0.029820973,0.021225875,0.038416073,0.012649356,0.2773819,0.29154944,0.07288736
53814,0.059534848,0.021914074,0.09715562,0.061702073,0.017451605,0.110362805,0.027590701
53817,0.69634706,0.021703267,1.3709909,1.1366879,0.0,1.1366879,0.28417197
53819,0.33792916,0.023218406,0.6526399,0.5121381,0.0,0.5121381,0.12803453
53822,0.044554967,0.019374123,0.06973582,0.07781928,0.0,0.07781928,0.01945482
53825,0.03879799,0.019544458,0.058051523,0.053437766,0.7849795,0.88242465,0.22060616
53828,0.06703382,0.018396338,0.11567131,0.063948266,0.018998465,0.12193892,0.03048473
53831,0.028697887,0.020338116,0.03705766,0.009467752,0.2535394,0.26347265,0.06586816
53834,0.03958834,0.015889397,0.06328728,0.07156923,0.0768679,0.13578905,0.033947263
53837,0.03249446,0.01413247,0.050856452,0.03649775,0.04481824,0.03652977,0.009132442
53839,0.278956,0.013766889,0.5441451,0.5918122,0.0,0.5918122,0.14795305
53842,0.4127345,0.0121273175,0.8133417,0.8409168,0.0,0.8409168,0.2102292
53845,0.22241597,0.0102991415,0.4345328,0.40089175,0.0,0.40089175,0.10022294
53848,0.037248563,0.009123816,0.06537331,0.05676986,0.76031655,0.9729094,0.24322735
53851,0.070938,0.008165407,0.13371058,0.14783858,0.0,0.14783858,0.036959644
53854,0.032986227,0.006859245,0.059113216,0.05333184,0.0,0.05333184,0.01333296
53857,0.011109776,0.0074423444,0.014777206,0.005300829,0.47456613,0.50361186,0.12590297
53859,0.018501448,0.007469628,0.029533267,0.024838947,0.031424206,0.05821387,0.014553468
53862,0.0591227,0.0073141423,0.110931255,0.0983426,0.0,0.0983426,0.02458565
53865,0.05536616,0.0102323815,0.100499935,0.07948111,0.0,0.07948111,0.019870277
53868,0.07139668,0.00997951,0.13281386,0.1730603,0.0,0.1730603,0.043265074
53871,0.13537319,0.011988361,0.25875804,0.2386291,0.0,0.2386291,0.059657276
53874,0.07797098,0.012901999,0.14303996,0.10622116,0.995444,1.202622,0.3006555
53877,0.03617016,0.015521963,0.056818355,0.038538925,0.5211468,0.45630392,0.11407598
53879,0.55155337,0.022701949,1.0804048,1.0899287,0.0,1.0899287,0.2724822
53882,0.09061336,0.021146484,0.16008022,0.095763266,1.3389845,1.7718881,0.44297203
53885,0.12799157,0.03266138,0.22332178,0.10750184,0.0,0.10750184,0.02687546
53888,0.041327607,0.03858353,0.04407169,0.0734857,0.0,0.0734857,0.018371426
53891,0.06608503,0.040392783,0.09177729,0.13318913,0.90772325,0.998786,0.2496965
53894,0.12560248,0.05274332,0.19846165,0.13494748,0.0,0.13494748,0.03373687
53897,0.10751057,0.04617024,0.1688509,0.058221165,0.0,0.058221165,0.014555291
53899,0.03259904,0.036628127,0.028569952,0.0048983595,0.26228395,0.2946624,0.0736656
53902,0.033417106,0.037283126,0.029551089,0.002572633,0.22084801,0.24835564,0.06208891
53905,0.052284654,0.036205247,0.06836406,0.022749955,0.025309721,0.025028506,0.0062571266
53908,0.038324915,0.038105283,0.038544547,0.003637782,0.42406797,0.41451073,0.10362768
53911,0.1438305,0.045536604,0.24212438,0.1295989,0.0,0.1295989,0.032399725
53914,0.035160873,0.043842953,0.026478792,0.018636845,0.51471037,0.61446935,0.15361734
53917,0.1280654,0.043378323,0.2127525,0.10959659,0.12654321,0.096872,0.024218
53919,0.14308833,0.041812476,0.24436419,0.42556322,0.0,0.42556322,0.106390804
53922,0.07156759,0.05466345,0.08847173,0.047882408,0.11363268,0.15679811,0.039199527
53925,0.08121166,0.060937207,0.10148611,0.025576109,0.0,0.025576109,0.0063940273
53928,0.7286628,0.03887685,1.4184488,1.0310341,0.0,1.0310341,0.25775853
53931,0.16322745,0.038848847,0.2876061,0.5154078,0.0,0.5154078,0.12885195
53934,0.36130306,0.037604537,0.68500155,0.4287006,0.0,0.4287006,0.10717515
53937,0.03250787,0.031517476,0.03349826,0.035860267,0.03276062,0.053916883,0.013479221
53939,0.039419323,0.027341763,0.051496882,0.021778107,0.42984188,0.39003336,0.09750834
53942,0.05628513,0.034118325,0.07845194,0.071193494,0.6015232,0.5836766,0.14591914
53945,0.3417642,0.038441878,0.6450865,0.39688697,0.0,0.39688697,0.09922174
53948,0.044698957,0.034351613,0.055046305,0.036247537,0.62732804,0.689897,0.17247425
53951,0.57030475,0.034588758,1.1060208,0.78379846,0.0,0.78379846,0.19594961
53954,0.032744106,0.03454882,0.030939387,0.006820118,0.16029914,0.13182323,0.032955807
53957,0.026317172,0.037453283,0.015181061,0.010385918,0.21966422,0.31312072,0.07828018
53959,0.058069464,0.032924145,0.08321478,0.029346684,0.026453018,0.02996328,0.00749082
53962,0.1537927,0.038111325,0.26947406,0.1500246,0.0,0.1500246,0.03750615
53965,0.041725468,0.034223422,0.049227506,0.025581248,0.497605,0.45611635,0.11402909
53968,0.08831408,0.028642908,0.14798523,0.12347292,1.0470481,1.2035203,0.30088007
53971,0.094618976,0.025554297,0.16368365,0.09621649,0.0,0.09621649,0.024054123
53974,0.4166039,0.020513287,0.8126945,1.0175749,0.0,1.0175749,0.25439373
53977,0.020092892,0.013751608,0.026434174,0.009307675,0.40420088,0.44207597,0.11051899
53979,0.22747217,0.013424766,0.4415196,0.346387,0.0,0.346387,0.08659675
53982,0.08900639,0.01247405,0.16553873,0.19167805,0.0,0.19167805,0.04791951
53985,0.35626575,0.014351497,0.69817996,0.7519858,0.0,0.7519858,0.18799645
53988,0.034275264,0.016765624,0.051784903,0.037801024,0.0,0.037801024,0.009450256
53991,0.4024885,0.019159077,0.7858179,0.70061153,0.0,0.70061153,0.17515288
53994,0.0943123,0.02667821,0.1619464,0.103285395,0.0,0.103285395,0.025821349
53997,0.0632324,0.025117569,0.10134724,0.06121276,0.08951601,0.15478042,0.038695104
53999,0.060649395,0.025705138,0.09559365,0.046965256,0.029898802,0.108666025,0.027166506
54002,0.068834074,0.025186768,0.11248138,0.0977577,0.0,0.0977577,0.024439424
54005,0.043553144,0.03379966,0.053306635,0.12889637,0.0,0.12889637,0.032224093
54008,0.07755355,0.065895416,0.08921168,0.016517706,0.18945932,0.16609734,0.041524336
54011,0.11857698,0.061019104,0.17613487,0.1438074,0.0,0.1438074,0.03595185
54014,0.08851358,0.060045272,0.116981894,0.048959896,0.0,0.048959896,0.012239974
54017,0.12178422,0.07716075,0.16640769,0.09618306,0.0,0.09618306,0.024045765
54019,0.15654661,0.095083095,0.21801011,0.11022035,1.1416656,1.2617478,0.31543696
54022,0.105113976,0.093732364,0.11649558,0.028693184,0.0,0.028693184,0.007173296
54025,0.16160543,0.101304136,0.22190672,0.05003391,0.0045744576,0.05643761,0.014109403
54028,0.15458314,0.11612461,0.19304168,0.07583767,1.3540859,1.568875,0.39221874
54031,0.14892946,0.11939504,0.17846389,0.078065015,1.3439932,1.6415443,0.4103861
54034,0.19864528,0.09073163,0.3065589,0.55430007,0.0,0.55430007,0.13857502
54037,0.14128004,0.09013912,0.19242096,0.086575724,1.07028,1.3646728,0.3411682
54039,0.68862754,0.0879895,1.2892656,0.9129345,0.0,0.9129345,0.22823362
54042,0.097904466,0.10861558,0.08719334,0.0098732365,0.30977932,0.29792938,0.074482344
54045,0.27827677,0.09612069,0.46043286,0.16310786,0.0,0.16310786,0.040776964
54048,0.11147436,0.11130858,0.111640126,0.0029562775,0.2999474,0.29792297,0.07448074
54051,0.12247858,0.1303995,0.11455768,0.0030039668,0.26829466,0.23729718,0.059324294
54054,0.14911745,0.15035681,0.1478781,0.0041718762,0.3822702,0.39272007,0.09818002
54057,0.119481534,0.1590474,0.07991567,0.11435091,0.0,0.11435091,0.028587727
54059,0.23819923,0.21037574,0.2660227,0.086113,1.182343,1.4045849,0.35114622
54062,0.21462567,0.20571339,0.22353798,0.04698093,0.113974094,0.15989517,0.03997379
54065,0.6512905,0.18711562,1.1154653,0.4255484,0.0,0.4255484,0.1063871
54068,0.2054611,0.20575899,0.20516324,0.10179934,0.0,0.10179934,0.025449835
54071,0.42428818,0.14575142,0.702825,0.25082636,0.0,0.25082636,0.06270659
54074,0.10479482,0.09493065,0.11465899,0.0068648495,0.15369697,0.13134255,0.032835636
54077,0.1466207,0.0918608,0.20138061,0.044420023,0.012056987,0.07267604,0.01816901
54079,0.11638609,0.08934647,0.14342573,0.24616472,0.0,0.24616472,0.06154118
54082,0.31984156,0.057278607,0.58240455,0.33998773,0.0,0.33998773,0.08499693
54085,0.05656824,0.05650353,0.05663295,0.0050217044,0.4479526,0.50226694,0.12556674
54088,0.051694393,0.02921834,0.07417045,0.07036612,0.0,0.07036612,0.01759153
54091,0.49905124,0.041639272,0.9564633,0.6660605,0.0,0.6660605,0.16651513
54094,0.097463526,0.06091571,0.13401134,0.057676435,1.5351113,1.7113272,0.4278318
54097,0.030641476,0.027289972,0.03399298,0.002409503,0.17845969,0.17185266,0.042963166
54099,0.11963346,0.029142017,0.2101249,0.0963387,0.0,0.0963387,0.024084674
54102,0.020251429,0.016627334,0.023875525,0.023047363,0.0,0.023047363,0.005761841
54105,0.51233166,0.01992123,1.004742,1.0427197,0.0,1.0427197,0.26067993
54108,0.01580465,0.012822569,0.018786734,0.01487501,0.119693756,0.11053688,0.02763422
54111,0.014814638,0.011268594,0.018360682,0.0059015644,0.20109685,0.18762417,0.046906043
54114,0.050830718,0.01145639,0.09020504,0.08892328,1.0395788,1.0769789,0.26924473
54117,0.021932209,0.010467977,0.03339644,0.032825604,0.51847965,0.4316114,0.10790285
54119,0.03874917,0.010929845,0.066568494,0.08839371,0.0,0.08839371,0.022098428
54122,0.10701037,0.008569558,0.20545119,0.22272027,0.0,0.22272027,0.055680066
54125,0.10191072,0.019560575,0.18426086,0.26027086,0.0,0.26027086,0.065067716
54128,0.028009364,0.025021896,0.030996837,0.0041472786,0.36323866,0.35488525,0.08872131
54131,0.020956345,0.026307762,0.015604928,0.0096962005,0.15966022,0.23649399,0.059123497
54134,0.078230955,0.014403638,0.14205827,0.116600536,0.021055222,0.1817239,0.045430973
54137,0.5044196,0.013622378,0.9952169,0.9143999,0.0,0.9143999,0.22859998
54139,0.049857363,0.012850575,0.08686415,0.059178736,0.0,0.059178736,0.014794684
54142,0.025874814,0.027838757,0.02391087,0.018510701,0.3796908,0.4241639,0.10604098
54145,0.2488153,0.053417284,0.4442133,0.38062415,0.0,0.38062415,0.09515604
54148,0.554244,0.036266044,1.0722219,1.1002735,0.0,1.1002735,0.27506837
54151,0.1463573,0.05008878,0.24262582,0.17730235,0.0,0.17730235,0.044325586
54154,0.07020891,0.040251065,0.100166745,0.0468978,0.66219586,0.5423586,0.13558964
54157,0.11421054,0.04059014,0.18783092,0.29399654,0.0,0.29399654,0.073499136
54159,0.08751181,0.043445345,0.13157827,0.079113126,0.10801426,0.20538779,0.051346947
54162,0.9009149,0.038213287,1.7636166,1.375864,0.0,1.375864,0.343966
54165,0.22518335,0.038102616,0.41226408,0.21229172,0.0,0.21229172,0.05307293
54168,0.6665387,0.049438108,1.2836393,0.9063289,0.0,0.9063289,0.22658223
54171,0.3021077,0.04883355,0.55538183,0.8259637,0.0,0.8259637,0.20649092
54174,0.4983572,0.0702313,0.92648315,0.5143136,0.0,0.5143136,0.1285784
54177,0.08009488,0.057799358,0.10239041,0.079184055,1.435227,1.638114,0.4095285
54179,0.09139518,0.070838355,0.11195201,0.062029857,1.147071,1.1886135,0.29715338
54182,0.6363968,0.07345285,1.1993408,0.73524785,0.0,0.73524785,0.18381196
54185,0.2795349,0.087620854,0.47144893,0.90194553,0.0,0.90194553,0.22548638
54188,0.113150775,0.11982879,0.10647275,0.0030189485,0.18615644,0.16318947,0.040797368
54191,0.12253795,0.10477341,0.14030248,0.005752863,0.5109865,0.5766636,0.1441659
54194,0.10415236,0.08865711,0.11964762,0.049060125,0.027017912,0.07651804,0.01912951
54197,0.07831312,0.0741421,0.08248415,0.009744245,0.39138952,0.42352495,0.10588124
54199,0.113540374,0.08786595,0.1392148,0.10379908,0.0,0.10379908,0.02594977
54202,0.16194297,0.074968114,0.24891782,0.10522539,0.0,0.10522539,0.026306348
54205,0.11775746,0.07896491,0.15655,0.11927241,0.0,0.11927241,0.029818103
54208,0.5065569,0.08219746,0.9309165,0.49944744,0.0,0.49944744,0.12486186
54211,0.6443309,0.08927672,1.199385,0.64938873,0.0,0.64938873,0.16234718
54214,0.11411575,0.08993272,0.1382988,0.04523926,0.8134944,0.9059412,0.2264853
54217,0.09486902,0.084114045,0.105624,0.043524977,0.07501205,0.11995885,0.029989712
54219,0.09140616,0.077775605,0.10503671,0.28729418,0.0,0.28729418,0.071823545
54222,0.33731398,0.083338104,0.5912898,1.0830363,0.0,1.0830363,0.27075908
54225,0.08543357,0.08852712,0.082340024,0.0020382644,0.29248905,0.27813122,0.069532804
54228,0.14358509,0.10264506,0.18452512,0.07701719,1.0897918,1.1739231,0.29348078
54231,0.085544,0.10525765,0.06583035,0.0073904116,0.25879726,0.3381628,0.0845407
54234,0.43753636,0.09306532,0.7820074,1.3829427,0.0,1.3829427,0.34573567
54237,0.12997697,0.088522874,0.17143108,0.02753065,0.39133182,0.33401325,0.08350331
54239,0.11114373,0.08311176,0.13917568,0.010618314,0.481884,0.5817682,0.14544205
54242,0.064906165,0.06765205,0.062160283,0.050201636,0.0,0.050201636,0.012550409
54245,0.07820699,0.06558507,0.090828925,0.009202275,0.25020757,0.2360848,0.0590212
54248,0.17951876,0.058517214,0.3005203,0.11702583,0.0,0.11702583,0.029256457
54251,0.095009916,0.054171264,0.13584857,0.29884624,0.0,0.29884624,0.07471156
54254,0.09081284,0.029268526,0.15235716,0.28435114,0.0,0.28435114,0.071087785
54257,0.08098742,0.02762647,0.13434838,0.07307861,0.0,0.07307861,0.018269653
54259,0.04556587,0.021746425,0.06938531,0.08085676,0.0,0.08085676,0.02021419
54262,0.05570786,0.032345787,0.07906994,0.04145192,0.6392862,0.63764226,0.15941057
54265,0.075181045,0.01825477,0.13210733,0.08174854,0.0,0.08174854,0.020437134
54268,0.05450985,0.02170226,0.08731744,0.1203678,0.0,0.1203678,0.03009195
54271,0.028103853,0.025208093,0.030999616,0.0037755799,0.18195088,0.17348008,0.04337002
54274,0.08378494,0.020245329,0.14732455,0.09973651,1.2971439,1.6328329,0.40820822
54277,0.045749545,0.016981358,0.074517734,0.118766524,0.0,0.118766524,0.029691631
54279,0.035445865,0.015466604,0.055425126,0.04100482,0.046628635,0.075645484,0.018911371
54282,0.01629062,0.016862413,0.015718827,0.0030973793,0.19508488,0.17930786,0.044826966
54285,0.03376622,0.014475058,0.053057384,0.027298205,0.028918585,0.026116071,0.006529018
54288,0.018116413,0.0112965405,0.024936283,0.021895954,0.0,0.021895954,0.0054739886
54291,0.036155786,0.011185081,0.06112649,0.050406475,0.6065145,0.75157505,0.18789376
54294,0.08430106,0.010693456,0.15790868,0.11057934,0.009748459,0.14293945,0.035734862
54297,0.22656138,0.008716679,0.44440612,0.34885016,0.0,0.34885016,0.08721254
54299,0.038236197,0.010472946,0.06599944,0.041994452,0.05785672,0.08526979,0.021317447
54302,0.026117316,0.007758646,0.044475984,0.04259433,1.0178443,1.0582486,0.26456216
54305,0.077470645,0.0085859625,0.14635533,0.11252401,0.01708285,0.16661209,0.041653022
54308,0.007825836,0.0070149587,0.008636712,0.003855735,0.30708402,0.33309945,0.08327486
54311,0.02882952,0.006758757,0.050900284,0.05087098,0.5690937,0.50792146,0.12698036
54314,0.016494168,0.0049264804,0.028061857,0.025195008,0.013895671,0.03243016,0.00810754
54317,0.29531214,0.0067160707,0.5839082,0.603821,0.0,0.603821,0.15095524
54319,0.050135937,0.006485399,0.09378647,0.08461403,1.3275973,1.6228825,0.40572062
54322,0.08963115,0.013264532,0.16599777,0.10361305,0.0,0.10361305,0.025903262
54325,0.03732618,0.008066061,0.06658629,0.04885745,0.5240924,0.47740832,0.11935208
54328,0.029592251,0.006916472,0.05226803,0.04784249,1.2959524,1.3754454,0.34386134
54331,0.04456676,0.006603956,0.08252957,0.06485782,0.094721474,0.12799852,0.03199963
54334,0.038837712,0.0069500655,0.07072536,0.05997017,0.080980934,0.21119791,0.05279948
54337,0.013799645,0.006970571,0.020628719,0.007858318,0.16085152,0.1423215,0.035580374
54339,0.104818165,0.0072799674,0.20235635,0.15537256,0.0,0.15537256,0.03884314
54342,0.06572286,0.007203737,0.124241985,0.098781765,1.3052202,1.5845051,0.39612627
54345,0.024946876,0.009925212,0.03996854,0.03265512,0.5318292,0.60057324,0.15014331
54348,0.03065023,0.009366196,0.05193427,0.036076132,0.014136155,0.0706371,0.017659275
54351,0.053285148,0.010458238,0.09611205,0.06619651,0.07159996,0.08852645,0.022131613
54354,0.11503727,0.01227428,0.21780026,0.20460634,0.0,0.20460634,0.051151585
54357,0.04176387,0.01305565,0.070472084,0.041647162,0.041331768,0.05471909,0.013679773
54359,0.008783425,0.013615268,0.0039515826,0.010884668,0.30576813,0.41464052,0.10366013
54362,0.17947923,0.014055523,0.3449029,0.23683298,0.0,0.23683298,0.059208244
54365,0.014446862,0.018744038,0.010149684,0.0033357085,0.12077006,0.15116791,0.03779198
54368,0.09480014,0.01859164,0.17100863,0.27997336,0.0,0.27997336,0.06999334
54371,0.51006526,0.019449653,1.0006809,0.775373,0.0,0.775373,0.19384325
54374,0.37401298,0.02308544,0.72494054,0.56913495,0.0,0.56913495,0.14228374
54377,0.04098351,0.024195833,0.05777118,0.024380175,0.46164802,0.40289387,0.10072347
54379,0.0622215,0.027427943,0.09701506,0.060144346,0.12797801,0.24600422,0.061501056
54382,0.04975602,0.028670216,0.07084182,0.030749977,0.025582949,0.029271355,0.0073178387
54385,0.5719928,0.03829559,1.10569,0.79882807,0.0,0.79882807,0.19970702
54388,0.05597642,0.038805634,0.073147215,0.022516122,0.0048828125,0.028244577,0.0070611443
54391,0.053372204,0.04683287,0.059911538,0.004669675,0.48499408,0.516541,0.12913525
54394,0.064873174,0.044568896,0.08517745,0.03081654,0.03195874,0.06397875,0.015994687
54397,0.049137633,0.045040097,0.05323517,0.02813139,0.03167518,0.08128734,0.020321835
54399,0.12890111,0.053472657,0.20432957,0.41913828,0.0,0.41913828,0.10478457
54402,0.055696424,0.059910376,0.05148247,0.19754755,0.0,0.19754755,0.04938689
54405,0.44686297,0.06962449,0.82410145,0.42017153,0.0,0.42017153,0.10504288
54408,0.03945187,0.055219125,0.023684615,0.012922491,0.15538494,0.23472504,0.05868126
54411,0.21617134,0.045627136,0.38671553,0.17879629,0.0,0.17879629,0.044699073
54414,0.13333367,0.052919284,0.21374805,0.09791392,0.0,0.09791392,0.02447848
54417,0.5453637,0.05620575,1.0345217,0.6233477,0.0,0.6233477,0.15583692
54419,0.365454,0.05203244,0.6788755,1.0099267,0.0,1.0099267,0.25248167
54422,0.04007194,0.058581457,0.02156242,0.012932868,0.4470211,0.5968482,0.14921205
54425,0.04698099,0.054571956,0.039390024,0.047882214,1.2028161,1.0064301,0.25160754
54428,0.07691892,0.047855195,0.10598264,0.017587172,0.33082068,0.28039762,0.070099406
54431,0.059580196,0.0518515,0.06730889,0.059133083,0.09133593,0.117033355,0.029258339
54434,0.10091285,0.04368631,0.1581394,0.064750016,0.0,0.064750016,0.016187504
54437,0.13791779,0.057375297,0.21846028,0.11847234,1.0178504,1.023674,0.2559185
54439,0.07250225,0.052280962,0.092723526,0.056095812,0.078625835,0.1494674,0.03736685
54442,0.053028207,0.045889977,0.06016643,0.004215834,0.42634693,0.46197006,0.115492515
54445,0.05986078,0.044418823,0.07530274,0.20579058,0.0,0.20579058,0.051447645
54448,0.028174764,0.03813385,0.018215679,0.005882514,0.14933407,0.19454964,0.04863741
54451,0.062021703,0.04766977,0.07637363,0.0062496387,0.38741493,0.44129542,0.110323854
54454,0.13738632,0.0499822,0.22479045,0.11567565,0.047288258,0.22189547,0.055473868
54457,0.14965604,0.043832034,0.25548002,0.48658505,0.0,0.48658505,0.12164626
54459,0.06574782,0.046523023,0.08497261,0.018993422,0.0,0.018993422,0.0047483556
54462,0.03374281,0.039089955,0.028395666,0.004970947,0.37095734,0.43365145,0.10841286
54465,0.5252441,0.033863295,1.0166249,1.3660475,0.0,1.3660475,0.34151188
54468,0.1898325,0.033784486,0.3458805,0.5857618,0.0,0.5857618,0.14644045
54471,0.08088247,0.03032136,0.13144358,0.067122996,0.0,0.067122996,0.016780749
54474,0.24927795,0.021980615,0.4765753,0.3009729,0.0,0.3009729,0.07524323
54477,0.12684247,0.027694404,0.22599053,0.15514557,0.0,0.15514557,0.038786393
54479,0.33441743,0.027858878,0.640976,0.868095,0.0,0.868095,0.21702375
54482,0.6042315,0.028618922,1.179844,0.9262653,0.0,0.9262653,0.23156632
54485,0.05165573,0.029679002,0.07363246,0.048113942,0.0,0.048113942,0.012028486
54488,0.043870028,0.030498197,0.057241857,0.03974701,0.4584395,0.3903848,0.0975962
54491,0.088866256,0.039583977,0.13814853,0.11383059,1.4698659,1.8829187,0.47072968
54494,0.06914986,0.032599542,0.10570017,0.055420857,0.0,0.055420857,0.013855214
54497,0.07412481,0.03691083,0.111338794,0.24836187,0.0,0.24836187,0.062090468
54499,0.16351177,0.05024611,0.27677742,0.50914305,0.0,0.50914305,0.12728576
54502,0.6230791,0.051051725,1.1951065,1.5615956,0.0,1.5615956,0.3903989
54505,0.071805716,0.06499828,0.07861315,0.056918453,1.3411402,1.3320307,0.33300766
54508,0.103075005,0.06840298,0.13774703,0.36841723,0.0,0.36841723,0.09210431
54511,0.08332839,0.0833117,0.08334506,0.0047957427,0.3887221,0.3792993,0.09482483
54514,0.11991876,0.092561655,0.14727587,0.086558305,1.1821524,1.3657471,0.34143677
54517,0.26372164,0.094076194,0.4333671,0.85380346,0.0,0.85380346,0.21345086
54519,0.89659816,0.09286332,1.7003331,1.0328244,0.0,1.0328244,0.2582061
54522,0.11081865,0.08738357,0.13425373,0.3874291,0.0,0.3874291,0.09685727
54525,0.32474902,0.07595003,0.573548,0.24345148,0.0,0.24345148,0.06086287
54528,0.13563226,0.08026428,0.19100027,0.08234616,0.06399059,0.12316081,0.030790202
54531,0.07944217,0.080705084,0.07817927,0.025297808,0.35687065,0.34661293,0.08665323
54534,0.09675778,0.088434756,0.105080806,0.006033952,0.24129121,0.2383924,0.0595981
54537,0.11294821,0.082783125,0.1431133,0.08846282,1.5442656,1.797336,0.449334
54539,0.07722858,0.080040336,0.07441682,0.16959427,0.0,0.16959427,0.04239857
54542,0.2734055,0.06504101,0.48176995,0.24101341,0.0,0.24101341,0.060253352
54545,0.12377616,0.05918448,0.18836784,0.35890594,0.0,0.35890594,0.089726485
54548,0.058996756,0.065218024,0.05277549,0.09077022,0.0,0.09077022,0.022692556
54551,0.14069113,0.050696313,0.23068595,0.35440674,0.0,0.35440674,0.088601686
54554,0.15106215,0.06237568,0.23974861,0.12480252,0.99762964,1.0023707,0.25059268
54556,0.083922625,0.04982621,0.11801904,0.19906397,0.0,0.19906397,0.049765993
54559,0.056454416,0.051321167,0.06158766,0.030904932,0.6187903,0.5186413,0.12966032
54562,0.2488219,0.050232794,0.44741097,0.24396098,0.0,0.24396098,0.060990244
54565,0.113156475,0.06252017,0.16379279,0.07798091,0.9780728,1.0241188,0.2560297
54568,0.17094685,0.048852965,0.29304075,0.12912486,0.0,0.12912486,0.032281216
54571,0.37260175,0.042793334,0.70241016,1.0439876,0.0,1.0439876,0.2609969
54574,0.08368075,0.0513453,0.11601619,0.027860338,0.4183661,0.39615008,0.09903752
54576,0.11758655,0.046687324,0.18848579,0.113625914,0.92931247,0.9971898,0.24929745
54579,0.09115503,0.04945743,0.13285263,0.061083015,0.049319584,0.11977289,0.029943222
54582,0.053579744,0.05258785,0.05457164,0.0068237404,0.36627504,0.42213634,0.105534084
54585,0.058882594,0.027525162,0.090240024,0.15302221,0.0,0.15302221,0.038255554
54588,0.059570957,0.027403632,0.09173828,0.11656401,0.0,0.11656401,0.029141003
54591,0.06356688,0.019050717,0.10808304,0.08893702,0.0,0.08893702,0.022234255
54594,0.13155065,0.018544827,0.24455647,0.15554659,0.0,0.15554659,0.038886648
54596,0.17119642,0.01750786,0.32488498,0.2652024,0.0,0.2652024,0.0663006
54599,0.30254894,0.02409763,0.58100027,0.61156034,0.0,0.61156034,0.15289009
54602,0.3114096,0.026077012,0.5967422,0.61035734,0.0,0.61035734,0.15258934
54605,0.06327111,0.031238923,0.095303304,0.078338645,0.0,0.078338645,0.019584661
54608,0.023128832,0.024024514,0.02223315,0.012722353,0.4948101,0.57215863,0.14303966
54611,0.59937555,0.018809369,1.1799418,1.2892444,0.0,1.2892444,0.3223111
54614,0.4552019,0.018324638,0.8920792,1.0719739,0.0,1.0719739,0.26799348
54616,0.39697847,0.017171944,0.77678496,0.632981,0.0,0.632981,0.15824525
54619,0.036306623,0.021811174,0.05080207,0.038912117,0.98563004,0.9093105,0.22732763
54622,0.06553119,0.02583573,0.105226636,0.18734348,0.0,0.18734348,0.04683587
54625,0.053987887,0.025843956,0.08213182,0.0916604,0.0,0.0916604,0.0229151
54628,0.39683017,0.027461702,0.76619864,0.53183675,0.0,0.53183675,0.13295919
54631,0.025643623,0.036132265,0.0151549755,0.008585896,0.33733678,0.43067285,0.10766821
54634,0.050229803,0.040488224,0.05997138,0.029781418,0.022222042,0.058294192,0.014573548
54636,0.061914165,0.02394022,0.099888116,0.081452526,0.0,0.081452526,0.020363132
54639,0.06921044,0.03292112,0.10549975,0.0516478,0.04851834,0.06539534,0.016348835
54642,0.07222366,0.04431683,0.1001305,0.039105885,0.028622786,0.048148666,0.012037166
54645,0.08441643,0.053223994,0.11560887,0.06178688,0.09962479,0.17593314,0.043983284
54648,0.04658277,0.043001782,0.050163757,0.024147214,0.0,0.024147214,0.0060368036
54651,0.08640939,0.0594591,0.11335967,0.04974244,0.0066375732,0.06354881,0.015887203
54654,0.20625705,0.063376874,0.34913722,0.5865318,0.0,0.5865318,0.14663295
54656,0.09828382,0.07619458,0.12037306,0.031486902,0.039399464,0.059002966,0.014750741
54659,0.0727875,0.073604204,0.0719708,0.0058901333,0.25184503,0.25241715,0.06310429
54662,0.12904502,0.08740988,0.17068017,0.06700994,0.7713254,0.80017966,0.20004492
54665,0.12705918,0.09708446,0.1570339,0.03340729,0.0,0.03340729,0.008351822
54668,0.12836684,0.11478194,0.14195175,0.0789141,1.0892802,1.33137,0.3328425
54671,0.21667127,0.1414143,0.29192826,0.7735531,0.0,0.7735531,0.19338827
54674,0.99027437,0.13210241,1.8484462,1.0307302,0.0,1.0307302,0.25768256
54676,0.15281717,0.13490798,0.17072637,0.018510265,0.017172972,0.02884576,0.00721144
54679,0.09734774,0.1353855,0.059309978,0.329614,0.0,0.329614,0.0824035
54682,0.11339947,0.15863861,0.068160325,0.27714872,0.0,0.27714872,0.06928718
54685,0.74194646,0.15165989,1.3322331,0.6004632,0.0,0.6004632,0.1501158
54688,0.08945001,0.16318333,0.015716694,0.16742878,0.0,0.16742878,0.041857194
54691,0.1900938,0.1904232,0.18976438,0.090742685,0.70206124,1.0073575,0.25183937
54694,0.19368339,0.1829992,0.20436758,0.046887327,0.916657,0.92626065,0.23156516
54696,0.2249129,0.19096933,0.25885648,0.016334167,0.29424772,0.27324322,0.068310805
54699,0.30283558,0.14904784,0.45662332,0.16398056,0.0,0.16398056,0.04099514
54702,0.7032457,0.16283123,1.2436601,0.5322018,0.0,0.5322018,0.13305046
54705,0.3111207,0.14456244,0.47767892,0.11789986,0.0,0.11789986,0.029474964
54708,0.10439309,0.1683523,0.040433872,0.14348017,0.0,0.14348017,0.03587004
54711,0.20492059,0.13961054,0.27023065,0.07202381,0.7350351,0.6982367,0.17455918
54714,0.22253554,0.13285266,0.3122184,0.07775306,0.0,0.07775306,0.019438265
54716,0.122704685,0.13998272,0.10542665,0.07897053,0.0,0.07897053,0.019742632
54719,0.18397796,0.1751305,0.19282542,0.22846656,0.0,0.22846656,0.05711664
54722,0.17449076,0.16507326,0.1839083,0.015406884,0.1954778,0.18069415,0.045173537
54725,0.09419326,0.17355646,0.014830063,0.16618472,0.0,0.16618472,0.04154618
54728,0.18877994,0.2012465,0.17631336,0.0035313498,0.24611169,0.27881953,0.06970488
54731,1.2349973,0.179731,2.2902634,1.2411898,0.0,1.2411898,0.31029746
54734,0.3062928,0.15347338,0.45911226,1.0202396,0.0,1.0202396,0.2550599
54736,0.21336238,0.18220109,0.24452364,0.01719595,0.44628093,0.41199312,0.10299828
54739,0.30741218,0.15105926,0.46376514,0.2075274,0.0,0.2075274,0.05188185
54742,0.14741723,0.12126001,0.17357445,0.011741799,0.18159075,0.14800131,0.03700033
54745,0.12281257,0.116146885,0.12947826,0.06625268,0.8053867,1.063301,0.26582524
54748,0.11834884,0.11877617,0.117921494,0.0047990796,0.18012492,0.17280994,0.043202486
54751,0.097726606,0.16128458,0.034168627,0.2964957,0.0,0.2964957,0.07412393
54754,0.20091623,0.18736328,0.21446918,0.24621563,0.0,0.24621563,0.061553907
54756,0.0869023,0.14827596,0.02552864,0.16159634,0.0,0.16159634,0.040399086
54759,0.2729111,0.13570699,0.41011524,0.14815874,0.0,0.14815874,0.037039686
54762,0.2313001,0.16294987,0.2996503,0.047256995,0.005382538,0.05893217,0.014733043
54765,0.23578493,0.16132946,0.31024042,0.053204406,0.061942577,0.060177367,0.015044342
54768,0.084364615,0.16166845,0.0070607774,0.17958486,0.0,0.17958486,0.044896215
54771,0.15019229,0.18095641,0.11942818,0.0667105,0.0,0.0667105,0.016677625
54774,0.44688782,0.18035026,0.71342534,1.5262117,0.0,1.5262117,0.38155293
54776,0.20898223,0.17973524,0.23822923,0.028303295,0.2585627,0.2837368,0.0709342
54779,0.17548144,0.167477,0.18348587,0.14185487,0.0,0.14185487,0.035463717
54782,0.1917498,0.19431765,0.18918192,0.0037109398,0.30402252,0.3217636,0.0804409
54785,0.24709594,0.22153284,0.27265903,0.1132374,0.0,0.1132374,0.02830935
54788,0.2867541,0.24199246,0.3315157,0.016463978,0.34139696,0.40624627,0.10156157
54791,0.6267731,0.20325275,1.0502934,0.33977255,0.0,0.33977255,0.08494314
54794,0.25290507,0.19131865,0.31449148,0.87378764,0.0,0.87378764,0.21844691
54796,0.1965555,0.1623074,0.23080356,0.053677518,0.0,0.053677518,0.0134193795
54799,0.25026193,0.22531264,0.27521127,0.009919841,0.43811035,0.5026531,0.12566328
54802,0.5824252,0.19796383,0.9668866,0.2957301,0.0,0.2957301,0.07393253
54805,0.2087733,0.2269696,0.19057699,0.043283198,0.0,0.043283198,0.0108207995
54808,0.26676974,0.24202698,0.29151246,0.032819685,0.7263703,0.7454311,0.18635778
54811,0.36189628,0.24231799,0.48147455,0.09845797,0.0,0.09845797,0.024614492
54814,0.3028774,0.2923077,0.31344712,0.0075622885,0.214962,0.21101598,0.052753996
54816,0.26954064,0.28581357,0.25326768,0.03505315,0.0,0.03505315,0.008763287
54819,0.5362267,0.28766003,0.7847934,1.8248304,0.0,1.8248304,0.4562076
54822,0.3742201,0.292442,0.45599818,0.0775176,1.1529922,1.4549001,0.36372504
54825,0.2809319,0.29547012,0.26639366,0.069816984,0.0,0.069816984,0.017454246
54828,0.36595416,0.3159445,0.4159638,0.042843256,0.040111702,0.04685868,0.01171467
54831,1.2293099,0.3331927,2.125427,0.8028943,0.0,0.8028943,0.20072357
54834,0.38766232,0.33619747,0.4391272,0.02178982,0.33642402,0.30714694,0.076786734
54836,0.4196875,0.34743786,0.49193716,0.025367985,0.25185272,0.19956891,0.049892228
54839,0.38583246,0.34957322,0.42209172,0.010898103,0.3542665,0.3978822,0.09947055
54842,0.3383967,0.31631795,0.36047545,0.058070082,0.99618787,1.0753709,0.26884273
54845,0.39541078,0.29104906,0.49977246,0.065773405,0.0,0.065773405,0.016443351
54848,0.7558672,0.3107566,1.2009778,0.30938053,0.0,0.30938053,0.07734513
54851,1.429119,0.31822988,2.5400078,1.1007813,0.0,1.1007813,0.27519533
54854,0.3939936,0.30689898,0.48108816,0.062348917,0.018742243,0.12071034,0.030177586
54856,0.44031075,0.30939758,0.5712239,0.097026624,0.105448246,0.109619856,0.027404964
54859,0.35375127,0.31341505,0.39408746,0.04843211,0.027553558,0.108445056,0.027111264
54862,0.29863355,0.3210555,0.2762116,0.041528217,0.02572886,0.042075742,0.0105189355
54865,0.38127556,0.3152651,0.44728604,0.061710875,0.0,0.061710875,0.015427719
54868,0.36314496,0.33133495,0.39495495,0.011501047,0.2798767,0.30516255,0.07629064
54871,0.42910528,0.33327293,0.5249376,0.038951974,0.3305374,0.24683674,0.061709184
54874,0.1917103,0.32596186,0.05745873,0.2135883,0.0,0.2135883,0.053397074
54876,0.43264648,0.33368576,0.5316072,0.047881987,0.49907222,0.41089287,0.10272322
54879,0.38516232,0.31512365,0.455201,0.030878514,0.39187804,0.33352384,0.08338096
54882,0.23875338,0.29287425,0.1846325,0.11003011,0.071256004,0.07623709,0.019059272
54885,0.31729892,0.30535445,0.32924345,0.023959195,0.014639537,0.045277197,0.011319299
54888,0.32368773,0.3176186,0.32975686,0.038967162,0.67462665,0.67985487,0.16996372
54891,0.3289143,0.34478822,0.31304038,0.03625073,0.52335614,0.47494784,0.11873696
54894,0.33926854,0.36108288,0.3174542,0.045268316,0.0,0.045268316,0.011317079
54896,0.214763,0.37334013,0.05618586,0.39145836,0.0,0.39145836,0.09786459
54899,0.36789238,0.349166,0.38661876,0.011143792,0.32054392,0.34530354,0.086325884
54902,0.35412312,0.3081692,0.40007707,0.06770607,0.66236496,0.75382406,0.18845601
54905,0.29770252,0.29359207,0.30181298,0.051874936,0.5659071,0.6672862,0.16682155
54908,0.35917756,0.29694203,0.4214131,0.035113852,0.0049012504,0.037258714,0.009314679
54911,0.20213325,0.30548528,0.098781236,0.44328627,0.0,0.44328627,0.11082157
54914,0.683712,0.30654982,1.0608742,0.24501838,0.0,0.24501838,0.061254594
54916,0.4167739,0.29629728,0.53725046,0.114339866,0.12382539,0.13088521,0.032721303
54919,0.7761884,0.30288896,1.2494878,0.39605036,0.0,0.39605036,0.09901259
54922,0.33727756,0.29601657,0.3785386,0.06903344,0.09213003,0.13706763,0.034266908
54925,0.16954428,0.2971747,0.041913882,0.20162809,0.0,0.20162809,0.050407022
54928,0.16977642,0.2926733,0.046879545,0.18724912,0.0,0.18724912,0.04681228
54931,0.17489588,0.3125439,0.037247855,0.40633798,0.0,0.40633798,0.101584494
54934,0.31374183,0.30661675,0.32086694,0.07953969,0.6015301,0.62605375,0.15651344
54936,0.3238343,0.27337107,0.37429753,0.019373078,0.24050224,0.21484907,0.053712267
54939,0.29620752,0.26701176,0.32540324,0.007632733,0.2843647,0.33022067,0.08255517
54942,0.3703011,0.2573799,0.48322228,0.07694037,0.0,0.07694037,0.019235093
54945,0.2564141,0.2580144,0.2548138,0.03231851,0.56659746,0.67191625,0.16797906
54948,0.30279943,0.27052,0.33507887,0.08084554,0.672013,0.7951477,0.19878693
54951,0.35353637,0.2446395,0.46243325,0.05758078,0.36373296,0.27295622,0.068239056
54954,0.21258545,0.2538193,0.1713516,0.06616585,0.4923104,0.76713544,0.19178386
54956,0.3062198,0.23505504,0.3773845,0.057781845,0.0088710785,0.07234297,0.018085742
54959,0.71935225,0.22257797,1.2161266,0.43702564,0.0,0.43702564,0.10925641
54962,1.1012267,0.21859777,1.9838557,0.9365422,0.0,0.9365422,0.23413555
54965,0.42001268,0.21676399,0.6232614,0.12430129,0.0,0.12430129,0.031075323
54968,0.7416963,0.22177309,1.2616194,0.46934775,0.0,0.46934775,0.11733694
54971,0.6985755,0.23351212,1.163639,0.3939667,0.0,0.3939667,0.098491676
54974,0.20729893,0.22731356,0.1872843,0.056307387,0.0,0.056307387,0.014076847
54976,0.19638509,0.18112719,0.21164298,0.02221752,0.3051627,0.3351027,0.08377568
54979,0.15372552,0.1966945,0.11075655,0.11875019,0.0,0.11875019,0.029687548
54982,0.21997671,0.1783669,0.26158652,0.051607292,0.058205288,0.06887371,0.017218428
54985,0.22195344,0.1694807,0.27442613,0.052756548,0.0,0.052756548,0.013189137
54988,0.1506443,0.15007307,0.15121552,0.004165516,0.27542242,0.2802435,0.07006087
54991,0.16288614,0.16459005,0.16118224,0.04356165,0.0,0.04356165,0.010890412
54994,0.93756527,0.17177916,1.7033514,0.8168656,0.0,0.8168656,0.2042164
54996,0.17801505,0.19600666,0.16002344,0.36297694,0.0,0.36297694,0.090744235
54999,0.2861663,0.17678857,0.39554405,0.09993484,0.0,0.09993484,0.02498371
55002,0.2960248,0.1924137,0.39963588,0.07925019,0.0,0.07925019,0.019812547
55005,0.20132919,0.18875296,0.21390541,0.0473593,0.026234945,0.070705615,0.017676404
55008,0.16252917,0.20628329,0.11877506,0.49338636,0.0,0.49338636,0.12334659
55011,0.2521979,0.18446372,0.31993207,0.065062635,0.0,0.065062635,0.016265659
55014,0.15076363,0.16397442,0.13755286,0.090422265,0.8003691,1.1661327,0.29153317
55016,0.2068244,0.16657694,0.24707186,0.04647639,0.62313396,0.75599986,0.18899997
55019,0.16180897,0.15295221,0.17066574,0.013104234,0.17213376,0.17971742,0.044929355
55022,0.14555126,0.160349,0.13075353,0.04716921,0.4622667,0.6575039,0.16437598
55025,0.14788753,0.14316638,0.15260868,0.004810019,0.22100258,0.2266704,0.0566676
55028,0.32235056,0.1738712,0.47082993,0.13981776,1.1764927,1.7831097,0.44577742
55031,0.11889269,0.19298221,0.044803154,0.33145,0.0,0.33145,0.0828625
55034,0.10810096,0.19671081,0.019491112,0.2689847,0.0,0.2689847,0.06724618
55036,0.19316459,0.21635215,0.16997702,0.013428252,0.21286686,0.28225344,0.07056336
55039,0.7886055,0.21001439,1.3671967,0.5172499,0.0,0.5172499,0.12931247
55042,0.2860549,0.22774792,0.3443619,0.05603212,0.8108737,1.0578346,0.26445866
55045,0.16660686,0.2496413,0.08357244,0.58249825,0.0,0.58249825,0.14562456
55048,0.41447616,0.27383354,0.5551188,0.07398535,0.08086427,0.03888056,0.00972014
55051,0.32805082,0.28610596,0.36999568,0.031601604,0.2927759,0.2681918,0.06704795
55054,0.5140271,0.31169876,0.7163555,0.18317814,0.0,0.18317814,0.045794535
55056,0.36931816,0.33797443,0.40066195,0.026426626,0.0,0.026426626,0.0066066566
55059,0.89500046,0.41085663,1.3791443,0.30535346,0.0,0.30535346,0.076338366
55062,1.4993418,0.41299343,2.5856903,0.9804142,0.0,0.9804142,0.24510355
55065,0.45290628,0.42599022,0.4798223,0.06568765,0.52574474,0.57385814,0.14346454
55068,0.41710076,0.4421027,0.39209875,0.016321931,0.24399404,0.30355522,0.075888805
55071,0.38982138,0.43080458,0.34883818,0.061070073,0.616728,0.9015425,0.22538562
55074,0.5119978,0.45328012,0.5707155,0.070186906,0.032288868,0.12663548,0.03165887
55076,0.5427971,0.46104553,0.6245487,0.045685966,0.0,0.045685966,0.011421491
55079,0.51328045,0.4456254,0.5809355,0.07006975,0.0,0.07006975,0.017517438
55082,0.46769372,0.48094758,0.45443985,0.06364465,0.0,0.06364465,0.015911162
55085,0.45581532,0.45885098,0.45277965,0.022027845,0.39537176,0.421837,0.10545925
55088,0.5134626,0.42395052,0.6029747,0.066589765,0.0,0.066589765,0.016647441
55091,0.3389616,0.43133864,0.24658461,0.08561363,0.0,0.08561363,0.021403408
55094,0.4065924,0.41807327,0.39511156,0.003302956,0.24370639,0.22890258,0.057225645
55096,0.24376398,0.43760666,0.049921315,0.61646014,0.0,0.61646014,0.15411504
55099,0.40147498,0.4149096,0.3880404,0.023142159,0.40720358,0.5258212,0.1314553
55102,0.31959903,0.417727,0.22147106,0.32102537,0.0,0.32102537,0.08025634
55105,0.3084319,0.40311527,0.21374851,0.2775525,0.0,0.2775525,0.06938812
55108,0.41412166,0.3968822,0.4313611,0.046835493,0.07884312,0.15171827,0.03792957
55111,0.41584563,0.4125121,0.4191791,0.018668003,0.52349854,0.53227097,0.13306774
55114,0.40542936,0.39484283,0.41601586,0.027097678,0.5948766,0.6094442,0.15236105
55116,0.4132686,0.40998816,0.41654906,0.009544521,0.24188931,0.24711533,0.061778832
55119,0.52596456,0.36846313,0.683466,0.09242413,1.1436945,1.5944799,0.39861998
55122,0.44680664,0.3688375,0.52477574,0.05581556,0.016472498,0.093918145,0.023479536
55125,0.23776613,0.36354074,0.11199152,0.15477252,0.0,0.15477252,0.03869313
55128,0.4234921,0.31855747,0.5284268,0.14459099,1.0539011,1.4345284,0.3586321
55131,0.27977732,0.28958496,0.26996967,0.09082439,0.07688268,0.10302186,0.025755465
55134,0.5561586,0.2608527,0.85146457,0.18564175,0.0,0.18564175,0.046410438
55136,0.18626638,0.26181266,0.110720076,0.32538053,0.0,0.32538053,0.08134513
55139,0.23234253,0.21183737,0.25284767,0.14877011,0.93509436,1.3973044,0.3493261
55142,0.21362309,0.20996054,0.21728563,0.04331466,0.31647745,0.33055922,0.082639806
55145,0.21592337,0.1923284,0.23951834,0.009356783,0.20793088,0.23769593,0.059423983
55148,0.20502602,0.17800765,0.23204438,0.08165062,0.043568294,0.13582458,0.033956144
55151,0.23341548,0.17425913,0.29257184,0.046185434,0.0077381134,0.06739235,0.016848087
55154,0.16627114,0.1559198,0.17662245,0.041380797,0.31183943,0.29984865,0.07496216
55156,0.26555365,0.15857281,0.3725345,0.0665616,0.068722405,0.027966486,0.0069916216
55159,0.33085027,0.18537976,0.47632077,0.123024665,0.0,0.123024665,0.030756166
55162,0.13771829,0.19938944,0.076047145,0.29244778,0.0,0.29244778,0.073111944
55165,0.15869509,0.18171676,0.13567342,0.010269751,0.19916534,0.26617357,0.06654339
55168,0.20784701,0.17417371,0.24152033,0.05293419,0.056792576,0.07419498,0.018548746
55171,0.7659828,0.19139157,1.3405739,0.53821844,0.0,0.53821844,0.13455461
55174,0.39119458,0.18982993,0.5925592,1.3359438,0.0,1.3359438,0.33398595
55176,0.24419904,0.18791588,0.30048218,0.08080882,0.0,0.08080882,0.020202205
55179,0.43477175,0.17538191,0.6941616,0.18018703,0.0,0.18018703,0.045046758
55182,1.4032893,0.21242557,2.594153,1.3676481,0.0,1.3676481,0.34191203
55185,0.16452964,0.1968654,0.13219388,0.48842135,0.0,0.48842135,0.12210534
55188,0.14546905,0.20265155,0.08828656,0.24655525,0.0,0.24655525,0.061638813
55191,1.3381686,0.16307887,2.5132582,1.4488693,0.0,1.4488693,0.36221734
55194,0.26262453,0.18743427,0.33781478,0.047264773,0.00484848,0.05900504,0.01475126
55196,0.31692395,0.18203944,0.45180845,0.11047959,0.0,0.11047959,0.027619898
55199,0.19757472,0.18293051,0.21221893,0.27695826,0.0,0.27695826,0.069239564
55202,0.2132221,0.15794922,0.268495,0.033616066,0.48695993,0.42429057,0.10607264
55205,0.20021479,0.1576988,0.2427308,0.02527515,0.4100741,0.37160325,0.09290081
55208,0.71489114,0.1620705,1.2677118,0.54577297,0.0,0.54577297,0.13644324
55211,0.14260145,0.1696819,0.115520984,0.50310373,0.0,0.50310373,0.12577593
55214,0.23025613,0.17537494,0.28513727,0.7998276,0.0,0.7998276,0.1999569
55216,0.20600708,0.17715234,0.23486185,0.03609581,0.0432415,0.057456005,0.014364001
55219,0.22105883,0.17837183,0.2637458,0.80474186,0.0,0.80474186,0.20118546
55222,0.29352126,0.19230972,0.3947328,0.11838346,0.88309604,1.178183,0.29454574
55225,0.15568013,0.21805274,0.09330752,0.31973732,0.0,0.31973732,0.07993433
55228,0.17847432,0.20534019,0.15160847,0.012782897,0.11045805,0.17935653,0.044839133
55231,0.19275582,0.21422583,0.17128581,0.07139615,0.061392467,0.08746743,0.021866858
55234,0.186697,0.21585763,0.1575364,0.05018845,0.4566932,0.68538046,0.17134511
55236,0.1804548,0.20399179,0.15691784,0.058230776,0.46997964,0.71613187,0.17903297
55239,0.3340298,0.19514404,0.47291556,0.13032542,0.0,0.13032542,0.032581355
55242,0.1524026,0.20089369,0.1039115,0.34129962,0.0,0.34129962,0.085324906
55245,0.4019339,0.21670507,0.58716273,0.1666979,0.0,0.1666979,0.041674476
55248,0.16235596,0.17456317,0.15014873,0.11800606,0.12917836,0.18944329,0.047360823
55251,0.4723215,0.16434161,0.7803014,0.23809163,0.0,0.23809163,0.05952291
55254,0.33721003,0.19829302,0.47612706,1.1704859,0.0,1.1704859,0.29262146
55256,0.14200516,0.14804979,0.13596056,0.031353936,0.41694474,0.5361238,0.13403095
55259,0.23728092,0.14228119,0.33228064,0.8552725,0.0,0.8552725,0.21381812
55262,0.13761896,0.13762982,0.1376081,0.10811722,0.9704895,1.3381516,0.3345379
55265,0.16003722,0.13614404,0.1839304,0.041314583,0.6750081,0.7340314,0.18350784
55268,0.1338354,0.1279531,0.13971771,0.009998135,0.1820399,0.18626733,0.046566833
55271,0.36310932,0.116127856,0.61009073,1.1756736,0.0,1.1756736,0.2939184
55274,0.17048573,0.1494214,0.19155006,0.03951479,0.07918199,0.13246696,0.03311674
55276,0.12318031,0.1350541,0.111306526,0.035573017,0.018505096,0.033722382,0.0084305955
55279,0.22267838,0.112169385,0.3331874,0.12551033,0.0,0.12551033,0.031377584
55282,0.37117386,0.09113363,0.6512141,1.1859823,0.0,1.1859823,0.2964956
55285,0.19823886,0.10342214,0.2930556,0.6502115,0.0,0.6502115,0.16255288
55288,0.23436864,0.09114599,0.37759128,0.112970255,0.0,0.112970255,0.028242564
55291,0.5684462,0.09978047,1.037112,0.5352575,0.0,0.5352575,0.13381438
55294,0.8486708,0.10832,1.5890217,0.8835478,0.0,0.8835478,0.22088695
55296,0.7932734,0.09496635,1.4915804,0.85142297,0.0,0.85142297,0.21285574
55299,0.13236006,0.108898096,0.15582204,0.048079547,0.049651623,0.07926727,0.019816818
55302,0.1467147,0.10770729,0.18572211,0.05648963,0.4585683,0.4851081,0.12127703
55305,0.12740798,0.12544005,0.12937592,0.021748826,0.572272,0.5797934,0.14494835
55308,0.13124247,0.13510036,0.12738456,0.48580387,0.0,0.48580387,0.12145097
55311,0.1379618,0.14343505,0.13248856,0.0036916407,0.17364757,0.15647493,0.039118733
55314,0.14542647,0.124948956,0.16590399,0.049092438,0.07989565,0.16257642,0.040644106
55316,0.18148184,0.13774534,0.22521836,0.08448013,0.7913335,0.90501815,0.22625454
55319,0.17334668,0.14861675,0.19807659,0.60473484,0.0,0.60473484,0.15118371
55322,0.22012673,0.15317953,0.28707394,0.12706615,0.84741336,1.0231797,0.2557949
55325,0.21337874,0.14319144,0.2835661,0.059503715,0.07553228,0.088834025,0.022208506
55328,0.13804276,0.1283779,0.14770763,0.039296653,0.02530543,0.049129825,0.012282456
55331,0.29968283,0.15587364,0.44349197,1.0182781,0.0,1.0182781,0.25456953
55334,0.2012387,0.15598755,0.24648988,0.09295708,0.8254585,0.90094995,0.22523749
55336,0.15840247,0.14001071,0.17679423,0.030449472,0.033969242,0.066157125,0.016539281
55339,0.28157872,0.13550112,0.42765632,0.14908214,0.0,0.14908214,0.037270535
55342,0.1742094,0.13157666,0.21684213,0.09999516,0.0,0.09999516,0.02499879
55345,0.13152586,0.11170746,0.15134425,0.11542084,0.0,0.11542084,0.02885521
55348,0.12658608,0.114094816,0.13907734,0.42912194,0.0,0.42912194,0.107280485
55351,0.13481756,0.107064426,0.16257067,0.058801282,0.6191559,0.63793796,0.15948449
55354,0.10472673,0.11003234,0.099421136,0.0034668904,0.27064577,0.25987306,0.064968266
55356,0.16889118,0.12338098,0.21440136,0.043311547,0.053822834,0.07593116,0.01898279
55359,0.2034808,0.10405513,0.30290648,0.091271006,0.0,0.091271006,0.022817751
55362,0.29650876,0.0856212,0.5073963,0.9176077,0.0,0.9176077,0.22940193
55365,0.101355255,0.09681744,0.10589305,0.02996259,0.4024569,0.3735142,0.09337855
55368,0.30802128,0.111329935,0.50471264,0.22708565,0.0,0.22708565,0.056771412
55371,0.16416763,0.105065644,0.2232696,0.57417315,0.0,0.57417315,0.14354329
55374,0.1030764,0.09596717,0.11018563,0.027611801,0.552463,0.6129029,0.15322572
55376,0.1522859,0.10160301,0.20296879,0.06287268,0.0,0.06287268,0.01571817
55379,0.19293256,0.09610055,0.2897646,0.090118825,0.0,0.090118825,0.022529706
55382,0.11999162,0.08817452,0.15180872,0.03584591,0.36245048,0.36826804,0.09206701
55385,0.81887716,0.07899038,1.558764,0.9565029,0.0,0.9565029,0.23912573
55388,0.12098607,0.07842973,0.1635424,0.41117486,0.0,0.41117486,0.102793716
55391,0.3368058,0.068600975,0.60501057,0.29471636,0.0,0.29471636,0.07367909
55394,0.08260661,0.06884887,0.09636436,0.024127884,0.4474382,0.49057522,0.122643806
55396,0.07950366,0.068342514,0.090664804,0.024267728,0.36922327,0.3576099,0.089402474
55399,0.07347613,0.07169837,0.07525389,0.0037045174,0.20565796,0.19240284,0.04810071
55402,0.1115521,0.07688656,0.14621766,0.084969856,0.06688944,0.2011323,0.050283074
55405,0.09963503,0.05617972,0.14309032,0.17231917,0.0,0.17231917,0.043079793
55408,0.12090725,0.06829702,0.17351747,0.048383545,0.056774933,0.06681118,0.016702795
55411,0.07984762,0.07437226,0.085322976,0.017208008,0.3873346,0.40074646,0.100186616
55414,0.109225504,0.08559734,0.13285367,0.01617753,0.13974293,0.11216271,0.028040677
55416,0.5169882,0.086196624,0.9477797,0.47122875,0.0,0.47122875,0.11780719
55419,0.075445056,0.087371565,0.06351855,0.005232544,0.163166,0.20148341,0.050370853
55422,0.07800932,0.08110192,0.07491673,0.031107314,0.029116949,0.06172668,0.01543167
55425,0.11592712,0.090744294,0.14110996,0.033797204,0.027678967,0.035230596,0.008807649
55428,0.09466978,0.09941107,0.089928485,0.019290885,0.42048693,0.49516782,0.123791955
55431,0.13705936,0.10808829,0.16603042,0.06800076,0.104597725,0.24826074,0.062065184
55434,0.1494087,0.11487979,0.18393761,0.13987213,1.0536214,1.290924,0.322731
55436,0.11158327,0.11754242,0.10562413,0.0066348626,0.15949886,0.14504467,0.036261167
55439,0.1574589,0.124102764,0.19081505,0.03268644,0.030602137,0.09425819,0.023564547
55442,0.14123315,0.124701016,0.15776527,0.028906763,0.04151837,0.08004076,0.02001019
55445,0.13203506,0.12597784,0.13809226,0.006162775,0.33580145,0.3497939,0.08744848
55448,0.16262996,0.14652638,0.17873354,0.117309,0.0,0.117309,0.02932725
55451,0.1737709,0.16491878,0.18262301,0.020114666,0.39512125,0.4045953,0.10114882
55454,0.15779762,0.14493772,0.1706575,0.048898447,0.0,0.048898447,0.012224612
55456,0.16067089,0.14900456,0.17233722,0.0057476647,0.32560983,0.33921584,0.08480396
55459,0.35493138,0.1335177,0.5763451,1.1373565,0.0,1.1373565,0.28433913
55462,0.075662024,0.12823178,0.02309227,0.22981896,0.0,0.22981896,0.05745474
55465,0.21208996,0.11867759,0.30550233,0.12656072,0.0,0.12656072,0.03164018
55468,0.1377402,0.12197065,0.15350975,0.046764534,1.170084,1.2535552,0.3133888
55471,1.2839738,0.1280309,2.4399166,1.4892263,0.0,1.4892263,0.3723066
55474,1.098713,0.12972723,2.0676987,1.2091385,0.0,1.2091385,0.30228463
55476,0.21545781,0.13746421,0.2934514,0.055707518,0.06615194,0.06072503,0.015181257
55479,1.0086864,0.1357196,1.8816532,1.0293065,0.0,1.0293065,0.25732663
55482,0.2875626,0.14126748,0.43385777,0.1439284,0.0,0.1439284,0.0359821
55485,0.14207202,0.15759102,0.12655304,0.47689,0.0,0.47689,0.1192225
55488,0.15906192,0.13378133,0.1843425,0.030404711,0.04174741,0.072706364,0.018176591
55491,0.17973213,0.13776039,0.22170384,0.0666168,0.0,0.0666168,0.0166542
55494,0.50243515,0.13344257,0.8714277,0.34247378,0.0,0.34247378,0.085618444
55496,0.16552536,0.13472325,0.1963275,0.025161512,0.006128947,0.038914103,0.009728526
55499,0.96776456,0.12523396,1.8102951,1.0202221,0.0,1.0202221,0.25505552
55502,0.2188619,0.11831564,0.31940818,0.082753815,0.09453408,0.08711799,0.021779498
55505,0.116975725,0.11712626,0.11682517,0.043987002,0.4884332,0.43209934,0.108024836
55508,0.1214872,0.12552086,0.117453545,0.0040382105,0.10035578,0.12300349,0.030750873
55511,0.16772866,0.11928456,0.21617277,0.04199372,0.042822838,0.05888812,0.01472203
55513,0.1049425,0.110716425,0.09916858,0.036332816,0.48102936,0.6349923,0.15874808
55516,0.15420538,0.09982771,0.20858306,0.036667425,0.0041980743,0.045591917,0.011397979
55519,0.1433487,0.094007425,0.19268997,0.48196852,0.0,0.48196852,0.12049213
55522,0.10699638,0.079390116,0.13460265,0.3608888,0.0,0.3608888,0.0902222
55525,0.08104496,0.064218014,0.0978719,0.029143339,0.38226637,0.41789356,0.10447339
55528,0.06824891,0.055317473,0.08118036,0.042175423,0.0,0.042175423,0.010543856
55531,0.064498715,0.05642961,0.07256781,0.011552756,0.20829327,0.20784788,0.05196197
55533,0.06781592,0.055134058,0.08049778,0.048857372,0.9838851,1.1464245,0.28660613
55536,0.056452278,0.04516751,0.06773705,0.05930582,0.7530074,0.9432306,0.23580766
55539,0.051738918,0.038306583,0.06517125,0.040686924,0.057771683,0.10829532,0.02707383
55542,0.32404333,0.031107688,0.61697894,0.39230356,0.0,0.39230356,0.09807589
55545,0.18369015,0.029332245,0.33804807,0.52807266,0.0,0.52807266,0.13201816
55548,0.09441506,0.03351112,0.15531899,0.071856,0.095712185,0.087950855,0.021987714
55551,0.043186817,0.027300635,0.059073,0.026831828,0.007568995,0.040585313,0.010146328
55553,0.064702004,0.030678323,0.098725684,0.051356565,1.193503,1.3803533,0.34508833
55556,0.958316,0.024516994,1.892115,1.5553242,0.0,1.5553242,0.38883105
55559,0.6814596,0.027465781,1.3354534,1.0451459,0.0,1.0451459,0.26128647
55562,0.03176469,0.026585346,0.036944035,0.008001351,0.30358505,0.3179358,0.07948395
55565,0.29825577,0.02294176,0.57356983,0.39638755,0.0,0.39638755,0.09909689
55568,0.046196837,0.024709469,0.0676842,0.06852755,0.872153,1.0958132,0.2739533
55571,0.06544152,0.024620915,0.106262125,0.044092912,0.06526661,0.08250833,0.020627083
55573,0.13452931,0.024829758,0.24422884,0.38612154,0.0,0.38612154,0.096530385
55576,0.037691463,0.024273986,0.051108938,0.054946672,0.0,0.054946672,0.013736668
55579,0.366377,0.02625773,0.70649624,0.9098015,0.0,0.9098015,0.22745037
55582,0.2862389,0.02445078,0.54802704,0.73587435,0.0,0.73587435,0.18396859
55585,0.024200276,0.030480793,0.017919762,0.0040832856,0.1707592,0.2148041,0.053701025
55588,0.06571596,0.038209006,0.093222916,0.0716221,0.0,0.0716221,0.017905526
55591,0.053945947,0.03481933,0.07307257,0.03165083,0.037978332,0.055943612,0.013985903
55593,0.07815707,0.0354991,0.12081504,0.09232858,0.83920956,0.91297007,0.22824252
55596,0.057444464,0.038528476,0.07636046,0.05526815,0.0,0.05526815,0.013817037
55599,0.097986214,0.033532437,0.16243999,0.15973288,0.0,0.15973288,0.03993322
55602,0.3294099,0.030492991,0.62832683,0.41058144,0.0,0.41058144,0.10264536
55605,0.030527288,0.03279797,0.02825661,0.0049842806,0.19260216,0.18087684,0.04521921
55608,0.59873784,0.03237894,1.1650968,1.381135,0.0,1.381135,0.34528375
55611,0.405228,0.03298107,0.7774749,0.97525376,0.0,0.97525376,0.24381344
55613,0.47020173,0.034686018,0.90571743,0.6751129,0.0,0.6751129,0.16877823
55616,0.13554294,0.037827242,0.23325865,0.38408422,0.0,0.38408422,0.096021056
55619,0.040922064,0.03953742,0.04230671,0.004831822,0.36200523,0.37906405,0.09476601
55622,0.09648031,0.043896843,0.14906377,0.07788867,0.10823854,0.14140163,0.03535041
55625,0.06724501,0.04943462,0.08505539,0.052573875,0.101402916,0.20287454,0.050718635
55628,0.09156618,0.062253967,0.1208784,0.050627124,0.0,0.050627124,0.012656781
55631,0.32451788,0.05557038,0.5934654,0.30467373,0.0,0.30467373,0.07616843
55633,0.16319846,0.062148646,0.26424828,0.12031883,0.0,0.12031883,0.030079708
55636,0.6283944,0.06392779,1.1928611,0.7441402,0.0,0.7441402,0.18603505
55639,0.6732223,0.0740903,1.2723542,0.76396203,0.0,0.76396203,0.19099051
55642,0.09229469,0.1029813,0.08160808,0.020154567,0.57478476,0.48288903,0.12072226
55645,0.06462843,0.06499762,0.064259246,0.0023151126,0.14824252,0.15031098,0.037577745
55648,0.12806393,0.060689587,0.19543828,0.07100895,0.06613954,0.062187403,0.015546851
55651,0.09531798,0.06448474,0.12615122,0.037334174,0.041339874,0.1183131,0.029578274
55653,0.07082815,0.06427616,0.07738014,0.0061512864,0.33573595,0.35501733,0.08875433
55656,0.09056679,0.06600859,0.11512499,0.024809847,0.030402184,0.03413746,0.008534365
55659,0.56403774,0.07370289,1.0543725,0.5860618,0.0,0.5860618,0.14651544
55662,0.13660598,0.08397799,0.18923396,0.08917334,1.0854772,1.143591,0.28589776
55665,0.83728766,0.082329296,1.592246,1.013151,0.0,1.013151,0.25328776
55668,0.12760723,0.08663612,0.16857834,0.47795084,0.0,0.47795084,0.11948771
55671,0.11553826,0.09533229,0.13574424,0.04065125,0.0,0.04065125,0.010162813
55673,0.2766719,0.1121146,0.4412292,0.120328404,0.0,0.120328404,0.030082101
55676,0.11265392,0.10981331,0.11549453,0.019926462,0.012568156,0.028301477,0.0070753694
55679,0.17302513,0.10414526,0.24190502,0.060610417,0.006872177,0.08113709,0.020284273
55682,0.060521025,0.11154177,0.009500286,0.15844865,0.0,0.15844865,0.039612163
55685,0.31184262,0.11825613,0.5054291,0.25347784,0.0,0.25347784,0.06336946
55688,0.17707898,0.16659574,0.18756223,0.052985687,0.0,0.052985687,0.013246422
55691,0.34783843,0.18329184,0.5123851,0.1561166,0.0,0.1561166,0.03902915
55693,0.32031295,0.1824435,0.45818242,0.14339192,0.0,0.14339192,0.03584798
55696,0.18161125,0.17940366,0.18381883,0.0037882144,0.21279907,0.21069331,0.05267333
55699,0.20196636,0.1734125,0.23052025,0.025955155,0.0,0.025955155,0.006488789
55702,0.2133285,0.20275898,0.22389801,0.055436064,0.6285693,0.6178601,0.15446502
55705,0.2173058,0.20773502,0.22687657,0.0062855273,0.49238142,0.5190422,0.12976055
55708,0.24789517,0.19477499,0.30101535,0.030369231,0.0042349496,0.034658216,0.008664554
55711,0.46392742,0.17693259,0.75092226,0.20440006,0.0,0.20440006,0.051100016
55713,0.35768327,0.17981179,0.5355547,0.2208546,0.0,0.2208546,0.05521365
55716,0.26187065,0.2025827,0.32115865,0.05438149,0.07547617,0.11122915,0.027807288
55719,0.20265967,0.20109482,0.20422451,0.003739259,0.25381216,0.24950619,0.062376548
55722,0.22541428,0.1827293,0.26809928,0.82054377,0.0,0.82054377,0.20513594
55725,0.70687103,0.20714235,1.2065997,0.44211546,0.0,0.44211546,0.110528864
55728,0.17620088,0.20390725,0.14849453,0.007598797,0.39343286,0.4890646,0.12226615
55731,0.21232812,0.19559836,0.22905786,0.05532652,0.036441166,0.10263517,0.025658792
55733,0.19974308,0.1978076,0.20167856,0.025296403,0.31744257,0.32270283,0.080675706
55736,0.32818934,0.19981098,0.45656767,0.14207308,0.0,0.14207308,0.03551827
55739,0.29775128,0.23196512,0.3635374,0.071610965,1.342074,1.5917467,0.39793667
55742,0.23442136,0.21440458,0.25443813,0.042495638,1.201346,1.2683632,0.3170908
55745,0.17757833,0.19365126,0.16150539,0.003257328,0.1767749,0.21406238,0.053515594
55748,0.2778022,0.19463687,0.36096755,0.093964614,1.1455683,1.3647938,0.34119844
55751,0.18275464,0.19473952,0.17076974,0.029470777,0.46667862,0.40880993,0.10220248
55753,0.15057106,0.1474011,0.15374103,0.040897947,0.0,0.040897947,0.010224487
55756,0.43436834,0.121928565,0.7468081,1.4161705,0.0,1.4161705,0.35404262
55759,0.14705272,0.109473616,0.18463182,0.032471523,0.0,0.032471523,0.008117881
55762,0.105665304,0.114250265,0.09708034,0.039134435,0.61526936,0.48671198,0.121677995
55765,0.18669164,0.13160296,0.24178034,0.075180195,1.3428593,1.5083154,0.37707886
55768,0.07372191,0.099340774,0.04810303,0.14534944,0.0,0.14534944,0.03633736
55771,0.36410448,0.1068798,0.6213291,1.0586969,0.0,1.0586969,0.26467422
55773,0.122562505,0.092307694,0.15281732,0.41557837,0.0,0.41557837,0.10389459
55776,0.13326909,0.09482103,0.17171717,0.026846856,0.48683086,0.43858036,0.10964509
55779,0.09565565,0.097644426,0.093666874,0.0067211664,0.3796552,0.42914352,0.10728588
55782,0.06551674,0.04863577,0.08239771,0.08709579,0.0,0.08709579,0.021773947
55785,0.063784204,0.05351649,0.07405192,0.22060768,0.0,0.22060768,0.05515192
55788,0.059511263,0.044249937,0.0747726,0.04653253,0.55250746,0.69319534,0.17329884
55791,0.07881326,0.06267492,0.09495161,0.07063312,0.60153615,0.82906604,0.20726651
55793,0.07895926,0.055090893,0.102827616,0.08853186,0.0,0.08853186,0.022132965
55796,0.34687582,0.05323583,0.6405158,0.33924213,0.0,0.33924213,0.08481053
55799,0.109293364,0.05494106,0.16364567,0.059073817,0.072826385,0.07657367,0.019143417
55802,0.09727333,0.055810492,0.13873616,0.036417574,0.044633865,0.02583468,0.00645867
55805,0.104658104,0.05252099,0.15679522,0.07591262,0.093883514,0.12282634,0.030706584
55808,0.043679312,0.044898737,0.042459887,0.01348604,0.14083989,0.14027698,0.035069246
55811,0.06287701,0.058252174,0.067501836,0.035156056,0.46492895,0.534731,0.13368274
55813,0.06126659,0.059208587,0.0633246,0.014750241,0.33008894,0.35074067,0.08768517
55816,0.07503144,0.054621685,0.095441185,0.041743528,0.50612324,0.4331822,0.10829555
55819,0.36696854,0.05371225,0.6802249,1.0303184,0.0,1.0303184,0.2575796
55822,0.10766113,0.053623933,0.16169833,0.12978478,1.1105042,1.1846825,0.29617062
55825,0.16630347,0.060922075,0.27168486,0.12753798,0.0,0.12753798,0.031884495
55828,0.3959912,0.05284104,0.7391414,1.0177671,0.0,1.0177671,0.25444177
55831,0.16955781,0.08331477,0.25580084,0.0859228,1.3117886,1.7459574,0.43648934
55833,0.23008491,0.075213,0.38495684,0.17303395,0.0,0.17303395,0.04325849
55836,0.44620237,0.06953207,0.82287264,0.4415306,0.0,0.4415306,0.11038265
55839,0.07792548,0.07665508,0.07919588,0.006024621,0.41417566,0.41412142,0.103530355
55842,0.09067899,0.08829711,0.09306088,0.017532865,0.25410524,0.23365645,0.058414113
55845,0.1781162,0.06280408,0.29342833,0.12564398,0.0,0.12564398,0.031410996
55848,0.08125385,0.06259645,0.09991125,0.021696776,0.04132207,0.05929615,0.014824037
55851,0.075642414,0.045748416,0.10553641,0.17827423,0.0,0.17827423,0.044568557
55853,0.1211411,0.062215667,0.18006653,0.078308456,0.6704357,0.63015765,0.15753941
55856,0.085309565,0.040446352,0.13017277,0.24863327,0.0,0.24863327,0.062158316
55859,0.1775148,0.034988094,0.3200415,0.15299754,0.0,0.15299754,0.038249385
55862,0.072851785,0.030639634,0.11506394,0.15771605,0.0,0.15771605,0.039429013
55865,0.04875262,0.04608537,0.051419873,0.008819246,0.41598892,0.41565633,0.10391408
55868,0.10131586,0.039347824,0.16328391,0.08970606,0.017323812,0.13276587,0.03319147
55871,0.43496057,0.036198404,0.8337228,0.54819363,0.0,0.54819363,0.13704841
55873,0.084898956,0.05487269,0.11492523,0.042899262,0.38958502,0.3825178,0.09562945
55876,0.18844853,0.052907873,0.32398918,0.5945959,0.0,0.5945959,0.14864898
55879,0.69966334,0.06220969,1.3371168,0.866841,0.0,0.866841,0.21671025
55882,0.08288522,0.052395374,0.11337507,0.037654296,0.066578545,0.14943103,0.03735776
55885,0.10683552,0.05039091,0.16328014,0.07049282,0.0,0.07049282,0.017623205
55888,0.06390497,0.058246125,0.06956381,0.034126956,0.0,0.034126956,0.008531739
55891,0.27431545,0.05559331,0.49303755,0.8224554,0.0,0.8224554,0.20561385
55893,0.33996725,0.06275881,0.61717564,0.30154213,0.0,0.30154213,0.07538553
55896,0.06719995,0.05983296,0.07456694,0.010157033,0.14946122,0.15833797,0.03958449
55899,0.06829336,0.056118533,0.0804682,0.056428816,0.8158671,1.0911628,0.2727907
55902,0.48403656,0.048715934,0.91935724,0.5826173,0.0,0.5826173,0.14565432
55905,0.11193687,0.044308156,0.1795656,0.09466157,0.9698334,1.0928859,0.27322146
55908,0.19054615,0.048754513,0.33233783,0.60260344,0.0,0.60260344,0.15065086
55911,0.1224523,0.04871054,0.19619405,0.13067801,0.0,0.13067801,0.032669503
55913,0.03702477,0.05004329,0.02400625,0.012967567,0.2686559,0.3511789,0.08779473
55916,0.14120893,0.05625263,0.22616522,0.12506099,0.0,0.12506099,0.031265248
55919,0.070429526,0.05351634,0.08734272,0.081644796,1.0502996,1.3632654,0.34081635
55922,0.033990126,0.037428234,0.030552017,0.03336556,0.685023,0.5740199,0.14350498
55925,0.18444298,0.043784875,0.32510108,0.5346045,0.0,0.5346045,0.13365112
55928,0.12278166,0.07619809,0.16936521,0.086197555,1.3926054,1.5972809,0.39932021
55931,0.07877497,0.058312207,0.09923773,0.03178279,0.0,0.03178279,0.007945698
55933,0.081082575,0.06717375,0.09499141,0.00871626,0.32882306,0.3017116,0.0754279
55936,0.06893485,0.06760987,0.07025984,0.0089049125,0.43610063,0.46873784,0.11718446
55939,0.2748456,0.05948693,0.49020424,0.22304563,0.0,0.22304563,0.055761408
55942,0.17343362,0.065930344,0.28093693,0.10106591,0.0,0.10106591,0.025266478
55945,0.071051925,0.057111233,0.08499262,0.046108723,0.69102985,0.6485243,0.16213107
55948,0.053308208,0.052784193,0.05383222,0.06628029,0.05872218,0.08339844,0.02084961
55951,0.30730188,0.048967913,0.56563586,0.31782398,0.0,0.31782398,0.079455994
55953,0.048802447,0.047509924,0.050094973,0.004526165,0.19116275,0.18766928,0.04691732
55956,0.076430984,0.04511008,0.10775188,0.025608217,0.30571344,0.27062845,0.06765711
55959,0.06251852,0.058066506,0.066970535,0.0667161,0.07913399,0.12574166,0.031435415
55962,0.06470019,0.06870249,0.060697895,0.014608665,0.21051152,0.183357,0.04583925
55965,0.046295833,0.05581911,0.036772553,0.0067861066,0.2504309,0.32093355,0.08023339
55968,0.11233161,0.06916863,0.1554946,0.030284667,0.31759992,0.26398745,0.06599686
55971,1.1600549,0.049672615,2.2704372,1.709535,0.0,1.709535,0.42738375
55973,0.053357888,0.052385703,0.05433007,0.07306341,0.0,0.07306341,0.018265853
55976,0.06459258,0.047955185,0.08122998,0.037397955,0.057699043,0.11426538,0.028566346
55979,0.08736944,0.057957184,0.11678169,0.066310465,0.12936957,0.24356897,0.060892243
55982,0.07575524,0.062695794,0.088814676,0.12396587,0.0,0.12396587,0.030991467
55985,0.46626958,0.03523385,0.8973053,1.2290317,0.0,1.2290317,0.30725792
55988,0.09244025,0.05423692,0.13064356,0.041367926,0.015514374,0.08120757,0.020301893
55991,0.45969847,0.049444094,0.86995286,0.5132436,0.0,0.5132436,0.1283109
55993,0.045350242,0.04931541,0.04138507,0.004847041,0.21535312,0.24865322,0.062163305
55996,0.18358266,0.041656077,0.32550928,0.14682093,0.0,0.14682093,0.036705233
55999,0.19836825,0.052215923,0.34452057,0.13642861,0.0,0.13642861,0.034107152
56002,0.108869255,0.05918692,0.15855159,0.12849942,0.0,0.12849942,0.032124855
56005,0.16736262,0.06977933,0.2649459,0.57588553,0.0,0.57588553,0.14397138
56008,0.40465888,0.064893894,0.74442387,1.1559602,0.0,1.1559602,0.28899005
56011,0.17768152,0.061351936,0.29401112,0.15006955,0.15519111,0.1125719,0.028142976
56013,0.08959401,0.08422423,0.09496377,0.05753051,0.0,0.05753051,0.014382628
56016,0.25354108,0.07099368,0.43608847,0.16376305,0.0,0.16376305,0.04094076
56019,0.095122755,0.07801932,0.11222619,0.035423543,0.0059407554,0.04051513,0.010128782
56022,1.3400239,0.09817254,2.581875,1.8661885,0.0,1.8661885,0.46654713
56025,1.2919005,0.11288091,2.4709203,1.6965252,0.0,1.6965252,0.4241313
56028,0.17977138,0.10984266,0.24970011,0.10372928,0.0,0.10372928,0.02593232
56031,0.516645,0.10965397,0.92363614,0.41490594,0.0,0.41490594,0.103726484
56033,0.17332113,0.109348975,0.23729326,0.10079104,0.0,0.10079104,0.02519776
56036,0.24016702,0.14227532,0.3380587,0.08545452,0.0,0.08545452,0.02136363
56039,0.16478854,0.14983712,0.17973995,0.05807978,0.07777134,0.1806315,0.045157876
56042,0.15252295,0.12853499,0.17651092,0.059544295,0.8968506,0.9159889,0.22899723
56045,0.37696302,0.11950112,0.63442487,0.24011064,0.0,0.24011064,0.06002766
56048,0.11309179,0.114213884,0.11196969,0.040356226,1.1253,1.1154442,0.27886105
56051,0.71374136,0.105365425,1.3221174,1.9185538,0.0,1.9185538,0.47963846
56053,0.19334161,0.12900086,0.25768235,0.064893,0.06298574,0.061565608,0.015391402
56056,0.16117737,0.111642994,0.21071173,0.05212308,0.0,0.05212308,0.01303077
56059,0.13591695,0.13324921,0.13858467,0.0034226936,0.19778888,0.18991303,0.04747826
56062,0.12541729,0.13727279,0.11356178,0.042549867,0.023802439,0.044126004,0.011031501
56065,0.18806456,0.13269709,0.24343203,0.037479106,0.03465541,0.033650447,0.008412612
56068,0.22117507,0.15499069,0.28735945,0.05692933,0.54779357,0.51854473,0.12963618
56071,0.12664606,0.14610839,0.10718372,0.00679674,0.1775033,0.23623206,0.059058014
56073,0.09710614,0.13204704,0.06216523,0.22716177,0.0,0.22716177,0.05679044
56076,0.92376095,0.14413917,1.7033828,0.9184573,0.0,0.9184573,0.22961433
56079,0.15531974,0.13713229,0.17350717,0.057695437,0.098832764,0.1956578,0.04891445
56082,0.16872966,0.14495458,0.19250476,0.014490175,0.3175142,0.28840587,0.07210147
56085,0.14206025,0.15919204,0.12492845,0.041606423,0.7195339,0.6429303,0.16073258
56088,0.17730103,0.1604852,0.19411688,0.008811236,0.4106134,0.4396282,0.10990705
56091,0.5648802,0.13289267,0.9968677,0.43495592,0.0,0.43495592,0.10873898
56093,0.11341596,0.098531656,0.12830025,0.007390085,0.39959526,0.44086432,0.11021608
56096,0.080523126,0.07067801,0.09036823,0.07158906,0.8151169,0.985853,0.24646325
56099,0.07185179,0.08588282,0.057820752,0.035534,0.80564433,0.7287693,0.18219233
56102,0.052235994,0.072919406,0.031552587,0.011847485,0.32846197,0.44314042,0.110785104
56105,0.10627976,0.06894597,0.14361356,0.06651434,0.017360687,0.09521688,0.02380422
56108,0.0811755,0.064944014,0.097406976,0.033329945,0.0,0.033329945,0.008332486
56111,0.709158,0.057031702,1.3612844,0.90688825,0.0,0.90688825,0.22672206
56113,0.09966817,0.056164462,0.14317186,0.038566068,0.004301707,0.050107587,0.012526897
56116,0.38140026,0.059806626,0.70299387,0.39205828,0.0,0.39205828,0.09801457
56119,0.19845258,0.09134691,0.30555823,0.12600708,0.17455626,0.21883456,0.05470864
56122,0.1562999,0.10075775,0.21184206,0.044088542,0.006905874,0.046471607,0.011617902
56125,0.13426284,0.08300384,0.18552184,0.07730198,0.107010365,0.17853032,0.04463258
56128,0.09641177,0.04532276,0.14750078,0.26578045,0.0,0.26578045,0.06644511
56131,0.07541571,0.034371015,0.11646041,0.097554944,0.095020615,0.1760963,0.044024076
56133,0.27401227,0.02989313,0.51813143,0.7681975,0.0,0.7681975,0.19204937
56136,0.08840831,0.035037845,0.14177878,0.049806017,0.0053888955,0.062023576,0.015505894
56139,0.046008494,0.035635453,0.056381535,0.0050514843,0.3419759,0.32306552,0.08076638
56142,0.07410538,0.023055071,0.12515569,0.060112387,0.0362854,0.15084647,0.037711617
56145,0.0907599,0.014345284,0.16717452,0.104103744,0.0,0.104103744,0.026025936
56148,0.14572938,0.011098477,0.28036025,0.34860042,0.0,0.34860042,0.087150104
56151,0.2367175,0.011564035,0.461871,0.57292354,0.0,0.57292354,0.14323089
56153,0.20354857,0.008785617,0.39831153,0.4890426,0.0,0.4890426,0.12226065
56156,0.034734108,0.007875966,0.06159225,0.05992441,0.9586099,0.8818955,0.22047387
56159,0.03652122,0.0072779693,0.065764464,0.05617169,0.0,0.05617169,0.014042922
56162,0.063156806,0.010014887,0.11629871,0.15498191,0.0,0.15498191,0.038745478
56165,0.041262016,0.01716093,0.0653631,0.058025535,0.8178361,0.88439995,0.22109999
56168,0.028046876,0.021905122,0.034188632,0.0076511074,0.3306211,0.34090558,0.085226394
56171,0.058102638,0.024928456,0.091276824,0.061145037,0.06906017,0.11532593,0.028831482
56173,0.056389783,0.02767404,0.08510553,0.06425648,0.10094643,0.1875968,0.0468992
56176,0.25664428,0.029553255,0.48373532,0.301549,0.0,0.301549,0.07538725
56179,0.07190622,0.033236016,0.11057642,0.070164345,0.0,0.070164345,0.017541086
56182,0.072107814,0.039930865,0.10428476,0.057409585,0.071938835,0.14340322,0.035850804
56185,0.07096631,0.047476936,0.09445568,0.06844731,0.7371579,1.031288,0.257822
56188,0.67371005,0.05807629,1.2893438,0.9221926,0.0,0.9221926,0.23054814
56191,0.07168067,0.047308892,0.096052445,0.24102373,0.0,0.24102373,0.060255934
56193,0.67965,0.04722324,1.3120767,1.6261168,0.0,1.6261168,0.4065292
56196,0.10130159,0.06281287,0.13979031,0.04974161,0.06702725,0.105593346,0.026398337
56199,0.29591033,0.06852902,0.52329165,0.75444835,0.0,0.75444835,0.18861209
56202,0.84808105,0.07976923,1.6163927,1.066154,0.0,1.066154,0.2665385
56205,0.11938259,0.080788784,0.1579764,0.03628003,0.036511898,0.04494877,0.011237193
56208,0.08278638,0.07657379,0.08899897,0.083061375,0.11739095,0.1677534,0.04193835
56211,0.6226238,0.07287342,1.1723741,1.6515263,0.0,1.6515263,0.41288158
56213,0.17688267,0.089455344,0.26431,0.08212934,0.09145912,0.077263564,0.019315891
56216,0.61104035,0.09460559,1.1274751,0.5899571,0.0,0.5899571,0.14748928
56219,0.40146878,0.09037974,0.71255785,0.32712087,0.0,0.32712087,0.08178022
56222,0.11812691,0.102715425,0.13353838,0.060029864,1.1018859,1.2453247,0.31133118
56225,0.49380794,0.09524131,0.8923746,0.4221015,0.0,0.4221015,0.105525374
56228,0.10506821,0.10888755,0.10124887,0.003311313,0.35840225,0.342636,0.085659
56231,0.81267834,0.10887575,1.5164809,0.84670705,0.0,0.84670705,0.21167676
56233,0.12327661,0.1141193,0.13243394,0.021309106,0.023553213,0.04887716,0.01221929
56236,0.23296863,0.118955255,0.346982,0.09276196,0.0,0.09276196,0.02319049
56239,0.1302176,0.12921596,0.13121925,0.0035020101,0.34821,0.34190914,0.085477285
56242,0.23652011,0.13367368,0.33936656,0.80939245,0.0,0.80939245,0.20234811
56245,0.4126854,0.10560187,0.71976894,0.2883818,0.0,0.2883818,0.07209545
56248,1.0425812,0.1209658,1.9641966,1.1697378,0.0,1.1697378,0.29243445
56251,0.15084475,0.1314619,0.1702276,0.066688865,1.2259625,1.3976465,0.34941164
56253,0.119807094,0.11126097,0.12835322,0.105113715,1.1047755,1.5015377,0.37538442
56256,0.08954537,0.07809187,0.10099888,0.034746695,0.0,0.034746695,0.008686674
56259,0.07527796,0.07677143,0.07378449,0.002938139,0.18871498,0.18396254,0.045990635
56262,0.10698677,0.08941046,0.124563076,0.0446119,0.04882765,0.0922528,0.0230632
56265,0.11801375,0.121293224,0.11473427,0.031594116,0.5133991,0.43382815,0.10845704
56268,0.10160986,0.12692355,0.0762962,0.057133604,0.0,0.057133604,0.014283401
56271,0.17130403,0.10911884,0.2334892,0.06608827,0.10928599,0.2590872,0.0647718
56273,0.12980306,0.12154349,0.13806264,0.108955294,1.0491331,1.4792684,0.3698171
56276,0.11234499,0.109262265,0.11542771,0.0036505654,0.3466479,0.35160866,0.087902166
56279,0.5068663,0.10853114,0.90520144,0.42780685,0.0,0.42780685,0.10695171
56282,0.10003475,0.10259518,0.09747434,0.040040173,0.0,0.040040173,0.010010043
56285,0.057997197,0.083259806,0.032734588,0.12716891,0.0,0.12716891,0.031792227
56288,0.05727693,0.0820043,0.03254956,0.014864554,0.23283653,0.34762836,0.08690709
56291,0.06251497,0.05739669,0.06763326,0.005182135,0.292874,0.3145881,0.078647025
56293,0.048154056,0.041552614,0.054755498,0.032486003,0.4201152,0.5256021,0.13140053
56296,0.14060034,0.05129562,0.22990505,0.45795193,0.0,0.45795193,0.11448798
56299,0.067407735,0.06671559,0.06809988,0.0036813847,0.3471025,0.34887913,0.08721978
56302,0.60947424,0.061785217,1.1571633,1.6841718,0.0,1.6841718,0.42104295
56305,0.06362187,0.05755709,0.06968665,0.006198996,0.19321696,0.18156789,0.045391973
56308,0.053652126,0.041264925,0.06603933,0.023997694,0.36529875,0.37427577,0.09356894
56311,0.10189731,0.04746068,0.15633394,0.100957334,0.86497694,0.9659659,0.24149148
56313,0.06385339,0.050382864,0.07732391,0.04237562,0.021633148,0.06580871,0.016452178
56316,0.08174599,0.036511272,0.1269807,0.21135855,0.0,0.21135855,0.052839637
56319,0.044861775,0.021272039,0.0684515,0.08331651,0.0,0.08331651,0.020829128
56322,0.031296995,0.02560039,0.036993593,0.010431896,0.57453495,0.62395525,0.15598881
56325,0.07703619,0.027359067,0.1267133,0.08621042,0.15646394,0.2511697,0.06279243
56328,0.04113531,0.018848915,0.063421704,0.03383938,0.0,0.03383938,0.008459845
56331,0.06570595,0.01787124,0.11354065,0.09640158,0.89476585,1.0066768,0.2516692
56333,0.16915025,0.010116472,0.32818404,0.39542925,0.0,0.39542925,0.09885731
56336,0.35071036,0.010400687,0.69102,0.82116824,0.0,0.82116824,0.20529206
56339,0.027868306,0.011418808,0.0443178,0.034043465,0.050334454,0.08953225,0.022383062
56342,0.18757908,0.007981843,0.3671763,0.29876375,0.0,0.29876375,0.07469094
56345,0.018222991,0.0069163423,0.02952964,0.014599197,0.4748343,0.4840591,0.121014774
56348,0.24090827,0.00805618,0.47376037,0.5665355,0.0,0.5665355,0.14163387
56351,0.020221105,0.0055881366,0.034854073,0.022438219,0.4819142,0.5043795,0.12609488
56353,0.09844946,0.0027266655,0.19417225,0.18079191,0.0,0.18079191,0.04519798
56356,0.019995566,0.0020367175,0.037954416,0.038901195,0.5062618,0.41060698,0.102651745
56359,0.065125115,0.002913385,0.12733684,0.1262411,1.0747477,1.2814646,0.32036614
56362,0.009080312,0.004729275,0.013431348,0.010172999,0.14694393,0.12231066,0.030577665
56365,0.29229808,0.0059777102,0.57861847,0.5555182,0.0,0.5555182,0.13887955
56368,0.025165098,0.0048691616,0.045461033,0.0557217,0.020011267,0.11008048,0.02752012
56371,0.4387131,0.00730109,0.8701251,0.88645744,0.0,0.88645744,0.22161436
56373,0.69893366,0.008255222,1.3896122,1.3961064,0.0,1.3961064,0.3490266
56376,0.04912457,0.01721395,0.08103519,0.06920093,0.0,0.06920093,0.017300233
56379,0.25164708,0.022300623,0.4809935,0.35739776,0.0,0.35739776,0.08934944
56382,0.10663959,0.028474301,0.18480487,0.21681952,0.0,0.21681952,0.05420488
56385,0.16686201,0.03180397,0.30192006,0.38612363,0.0,0.38612363,0.09653091
56388,0.03507965,0.038495954,0.031663347,0.0034186644,0.23859978,0.22784935,0.056962337
56391,0.15050508,0.050469775,0.25054038,0.2098331,0.0,0.2098331,0.052458275
56393,0.09413921,0.05023007,0.13804834,0.05603465,0.08235534,0.118311144,0.029577786
56396,0.20516324,0.062057715,0.34826875,0.53163,0.0,0.53163,0.1329075
56399,0.061289083,0.0702192,0.05235896,0.038798053,0.85719556,0.71160966,0.17790242
56402,0.100620665,0.08222969,0.11901164,0.3723019,0.0,0.3723019,0.09307548
56405,0.5412813,0.08614334,0.99641925,0.5512697,0.0,0.5512697,0.13781743
56408,0.14684254,0.10222157,0.19146352,0.06818421,0.59051114,0.5265675,0.13164188
56411,0.11302384,0.098596096,0.12745158,0.03320867,0.06231451,0.122053035,0.030513259
56413,0.15356219,0.10046318,0.20666121,0.07316906,0.0,0.07316906,0.018292265
56416,0.13601513,0.10931096,0.1627193,0.07049947,1.2138265,1.2914735,0.32286838
56419,0.17023318,0.11525583,0.22521049,0.12062188,0.0,0.12062188,0.03015547
56422,0.23263593,0.1252802,0.33999166,0.120462395,0.0,0.120462395,0.030115599
56425,0.16172929,0.12828802,0.19517057,0.071312435,1.6534959,1.8577083,0.46442708
56428,0.41655207,0.12616746,0.70693666,0.2757105,0.0,0.2757105,0.06892762
56431,0.1741059,0.13520391,0.21300788,0.06818167,1.2601839,1.4061896,0.3515474
56433,0.13678958,0.14364643,0.1299327,0.0017155809,0.1776061,0.16371478,0.040928695
56436,0.30864912,0.13972318,0.47757506,1.0400757,0.0,1.0400757,0.26001891
56439,0.11250243,0.13892128,0.08608361,0.05974992,0.046294373,0.050030623,0.012507656
56442,0.58770794,0.14695245,1.0284634,0.4487249,0.0,0.4487249,0.112181224
56445,0.48491442,0.14004411,0.8297847,0.34408787,0.0,0.34408787,0.08602197
56448,0.2528934,0.17470737,0.3310794,0.06628469,0.041606743,0.1560241,0.039006025
56451,0.6009659,0.17566611,1.0262657,0.3735979,0.0,0.3735979,0.09339947
56453,0.28424117,0.18624686,0.38223544,0.07594808,0.0,0.07594808,0.01898702
56456,0.10843847,0.18524218,0.031634763,0.18645406,0.0,0.18645406,0.046613514
56459,0.1785175,0.18780936,0.16922563,0.0077758953,0.45768285,0.5413,0.135325
56462,0.27228472,0.17721231,0.3673571,0.10513545,0.054287273,0.22595501,0.056488752
56465,0.33019567,0.15249999,0.50789136,0.13564329,0.0,0.13564329,0.033910822
56468,0.16187465,0.1467705,0.17697878,0.011142015,0.14465393,0.121874064,0.030468516
56470,0.16871315,0.11654157,0.22088473,0.073980354,0.741391,0.7764414,0.19411035
56473,0.07861627,0.08005778,0.07717476,0.004313353,0.20818888,0.22288938,0.055722345
56476,0.1086019,0.060545888,0.1566579,0.042001497,0.005300522,0.046360597,0.011590149
56479,0.10689645,0.07253391,0.14125898,0.11695963,0.0,0.11695963,0.029239908
56482,0.120028555,0.07658595,0.16347118,0.06796857,1.5314922,1.7843672,0.4460918
56485,0.07501972,0.056673408,0.09336603,0.044139612,0.6018359,0.579459,0.14486475
56488,0.08006675,0.048245337,0.11188817,0.07316052,0.9836721,1.2564415,0.31411037
56490,0.1778733,0.038193513,0.31755307,0.16234785,0.0,0.16234785,0.040586963
56493,0.043507263,0.04454714,0.042467386,0.018697869,0.20573743,0.19044621,0.047611553
56496,0.08002169,0.053159583,0.10688379,0.043213144,0.0,0.043213144,0.010803286
56499,0.049009617,0.05089453,0.047124702,0.0048317867,0.3751742,0.3640491,0.09101228
56502,0.03861824,0.051559765,0.02567672,0.00817019,0.1304032,0.1904031,0.047600776
56505,0.31317657,0.06383463,0.56251854,0.26615188,0.0,0.26615188,0.06653797
56508,0.1928515,0.049929023,0.33577397,0.57312465,0.0,0.57312465,0.14328116
56510,0.29443252,0.045574088,0.543291,0.8120759,0.0,0.8120759,0.20301898
56513,0.069725044,0.06086154,0.07858855,0.011136414,0.17753918,0.16769727,0.041924316
56516,0.43243396,0.07409116,0.7907767,1.259538,0.0,1.259538,0.3148845
56519,0.067187764,0.07604127,0.05833426,0.010625285,0.41609392,0.49670902,0.124177255
56522,0.06410635,0.07756389,0.05064882,0.0490704,0.7947343,0.53590035,0.13397509
56525,0.11087624,0.05926765,0.16248482,0.050704986,0.0,0.050704986,0.012676246
56528,0.11969992,0.06470737,0.17469245,0.061644286,0.0062376657,0.07958749,0.019896872
56530,0.12118858,0.07846678,0.16391039,0.038613383,0.015801111,0.07898508,0.01974627
56533,0.08646164,0.066733815,0.10618947,0.01632175,0.32405534,0.35149935,0.08787484
56536,0.12363563,0.058628958,0.18864231,0.439955,0.0,0.439955,0.10998875
56539,0.12272898,0.03444585,0.21101213,0.35001495,0.0,0.35001495,0.08750374
56542,0.2771629,0.043961465,0.51036435,0.29091594,0.0,0.29091594,0.072728984
56545,0.12885752,0.06497131,0.19274373,0.0680102,0.082278095,0.06336527,0.015841318
56548,0.15801334,0.059106093,0.2569206,0.11771267,0.016146978,0.17542548,0.04385637
56550,0.07742279,0.06319146,0.09165412,0.07933924,0.0,0.07933924,0.01983481
56553,0.091725856,0.096956216,0.0864955,0.03540911,1.012132,0.90304947,0.22576237
56556,0.10672891,0.090244435,0.12321338,0.37721157,0.0,0.37721157,0.09430289
56559,0.07389276,0.09218719,0.05559833,0.022118023,0.37638375,0.5005289,0.12513222
56562,0.2875328,0.10596792,0.4690977,0.9603725,0.0,0.9603725,0.24009313
56565,1.0616394,0.101454556,2.0218241,1.24125,0.0,1.24125,0.3103125
56568,0.16896312,0.094141744,0.2437845,0.09607781,0.0,0.09607781,0.024019452
56570,0.08482671,0.08270824,0.086945176,0.004336664,0.173563,0.16479228,0.04119807
56573,0.4332944,0.081720054,0.7848687,0.37043414,0.0,0.37043414,0.092608534
56576,0.3313041,0.107681595,0.55492663,1.088223,0.0,1.088223,0.27205575
56579,0.14167547,0.13010989,0.15324104,0.53607327,0.0,0.53607327,0.13401832
56582,0.11993409,0.12368348,0.116184704,0.06921532,0.8676861,1.1751024,0.2937756
56585,0.14380981,0.11824765,0.16937196,0.025996977,0.050121307,0.105947696,0.026486924
56588,0.48079607,0.10238006,0.8592121,0.3828806,0.0,0.3828806,0.09572015
56590,0.1363736,0.11140254,0.16134466,0.02810579,0.057711285,0.11094209,0.027735522
56593,0.30381313,0.101819,0.5058072,0.99010104,0.0,0.99010104,0.24752526
56596,0.088026434,0.103973694,0.072079174,0.004305424,0.1430939,0.18639164,0.04659791
56599,0.3773414,0.10511145,0.6495713,1.1226168,0.0,1.1226168,0.2806542
56602,0.17625253,0.11608189,0.23642318,0.037148494,0.3734713,0.2753809,0.06884523
56605,0.16138704,0.10173652,0.22103755,0.058615938,0.00679334,0.08134,0.020335
56608,0.5355581,0.09609499,0.9750212,0.504524,0.0,0.504524,0.126131
56610,0.10845276,0.10747687,0.109428644,0.0499294,0.64994365,0.5401637,0.13504092
56613,0.11974296,0.11694894,0.12253698,0.34469786,0.0,0.34469786,0.086174466
56616,0.58018607,0.09376531,1.0666068,1.6331621,0.0,1.6331621,0.40829054
56619,0.3972033,0.10355028,0.6908563,0.29931936,0.0,0.29931936,0.07482984
56622,0.12263602,0.11265749,0.13261457,0.07957167,0.76803476,1.0618011,0.26545027
56625,0.11194,0.08747008,0.13640992,0.09647632,0.0,0.09647632,0.02411908
56628,0.11743688,0.11299565,0.12187811,0.05262771,0.05631447,0.11769453,0.029423632
56630,0.21483546,0.10930437,0.32036656,0.76658344,0.0,0.76658344,0.19164586
56633,0.100990616,0.118552625,0.08342859,0.004720474,0.1273158,0.17159085,0.042897712
56636,0.091016196,0.11275103,0.06928136,0.03158437,0.6333707,0.4875835,0.12189587
56639,0.4894011,0.09467568,0.8841265,0.4367039,0.0,0.4367039,0.10917597
56642,0.1087119,0.08187937,0.13554442,0.306201,0.0,0.306201,0.07655025
56645,0.12710828,0.07148738,0.18272917,0.06200074,0.013010025,0.09568793,0.023921983
56648,0.38572618,0.051557284,0.71989506,1.083412,0.0,1.083412,0.270853
56650,0.047588617,0.060900018,0.03427722,0.0060000657,0.22682409,0.29294264,0.07323566
56653,0.08529982,0.052310947,0.118288696,0.17546517,0.0,0.17546517,0.04386629
56656,0.45130995,0.056284208,0.8463357,0.49834275,0.0,0.49834275,0.12458569
56659,0.09904698,0.064022146,0.13407184,0.05071084,0.051973343,0.09608966,0.024022415
56662,0.5562252,0.051438864,1.0610114,1.493638,0.0,1.493638,0.3734095
56665,0.056933194,0.044304892,0.069561504,0.10723442,0.0,0.10723442,0.026808605
56668,0.16929537,0.039404582,0.29918614,0.13629574,0.0,0.13629574,0.034073934
56670,0.07876543,0.04219768,0.11533318,0.04671957,0.0578111,0.15693538,0.039233845
56673,0.06649805,0.026886031,0.106110066,0.069172874,0.11107572,0.1935295,0.048382375
56676,0.6435576,0.019733408,1.2673818,1.4873437,0.0,1.4873437,0.37183592
56679,0.037925147,0.018206337,0.057643954,0.048927713,0.0,0.048927713,0.012231928
56682,0.02474548,0.01940945,0.030081509,0.011220994,0.3270187,0.32602558,0.081506394
56685,0.030817226,0.023165524,0.03846893,0.025628066,0.2943109,0.29331428,0.07332857
56688,0.06107751,0.016730921,0.1054241,0.07761736,0.15724993,0.26072094,0.065180235
56690,0.26725972,0.017007267,0.51751214,0.37648717,0.0,0.37648717,0.09412179
56693,0.032172218,0.015534203,0.048810232,0.026566684,0.004676819,0.027399039,0.0068497597
56696,0.8572925,0.03011767,1.6844673,2.0260327,0.0,2.0260327,0.5065082
56699,0.03291107,0.022792563,0.043029577,0.03977165,0.5237878,0.41872618,0.104681544
56702,0.52410483,0.020407163,1.0278025,1.2682457,0.0,1.2682457,0.31706142
56705,0.1988817,0.01795286,0.37981057,0.50316805,0.0,0.50316805,0.12579201
56708,0.059998337,0.015321142,0.10467553,0.08788865,0.66102874,0.6792588,0.1698147
56710,0.058214594,0.014406197,0.102023,0.055214737,0.0,0.055214737,0.013803684
56713,0.013978203,0.012519564,0.015436844,0.016240593,0.47752678,0.6270396,0.1567599
56716,0.033146203,0.013102216,0.05319019,0.016915878,0.2260909,0.17816736,0.04454184
56719,0.042354222,0.010247599,0.07446084,0.05425192,1.1052767,1.2461128,0.3115282
56722,0.24578871,0.008092346,0.48348507,0.54371196,0.0,0.54371196,0.13592799
56725,0.06864136,0.009289251,0.12799346,0.08575008,0.08979098,0.048335854,0.0120839635
56728,0.022649812,0.007544136,0.037755486,0.03724001,0.37317657,0.35238948,0.08809737
56730,0.10979355,0.005172786,0.21441431,0.18525362,0.0,0.18525362,0.046313405
56733,0.084468305,0.0056288517,0.16330776,0.18750894,0.0,0.18750894,0.046877235
56736,0.031202855,0.005157882,0.05724783,0.06377872,0.7375037,0.75727946,0.18931986
56739,0.020956382,0.0037964813,0.03811628,0.02892313,0.033152897,0.07394385,0.018485963
56742,0.007364668,0.004342448,0.010386889,0.0061959433,0.24562581,0.22099788,0.05524947
56745,0.43872774,0.0050569056,0.87239856,0.82119733,0.0,0.82119733,0.20529933
56748,0.010672513,0.004897484,0.016447542,0.017022217,0.21300888,0.16508739,0.041271847
56750,0.01237734,0.0061738607,0.018580819,0.008594184,0.38314882,0.39167896,0.09791974
56753,0.05307955,0.0069249887,0.09923411,0.08981755,0.089012146,0.11649706,0.029124266
56756,0.022174811,0.009992453,0.034357164,0.03094094,0.014790853,0.03193535,0.007983837
56759,0.032030385,0.014164519,0.04989625,0.057090104,0.0,0.057090104,0.014272526
56762,0.0506677,0.014711608,0.08662379,0.106241606,0.0,0.106241606,0.026560402
56765,0.5381669,0.016317824,1.0600159,1.0942874,0.0,1.0942874,0.27357185
56768,0.08782798,0.021122873,0.15453309,0.18649937,0.0,0.18649937,0.046624843
56770,0.014708646,0.016984625,0.012432668,0.003250887,0.2917525,0.2718866,0.06797165
56773,0.041657474,0.016952667,0.066362284,0.077325456,0.13977368,0.30709878,0.076774694
56776,0.03840126,0.014150314,0.06265221,0.03712562,0.051615555,0.10532256,0.02633064
56779,0.017391352,0.015193793,0.019588912,0.035984885,0.6914279,0.577077,0.14426924
56782,0.3015011,0.018126514,0.58487564,0.41587436,0.0,0.41587436,0.10396859
56785,0.04611923,0.0127712,0.07946727,0.055909824,0.7982872,0.88741875,0.22185469
56788,0.31768885,0.01463066,0.620747,0.48911074,0.0,0.48911074,0.122277685
56790,0.35360193,0.017102284,0.69010156,0.5460884,0.0,0.5460884,0.1365221
56793,0.023839364,0.018667767,0.029010959,0.023416745,0.019315084,0.038583677,0.009645919
56796,0.038201876,0.01727969,0.059124064,0.07217992,0.0,0.07217992,0.01804498
56799,0.020529658,0.01817586,0.022883454,0.0031099033,0.3502976,0.38078344,0.09519586
56802,0.5811532,0.013965846,1.1483406,0.95931035,0.0,0.95931035,0.23982759
56805,0.4095088,0.009942498,0.80907506,0.6852214,0.0,0.6852214,0.17130534
56808,0.20535098,0.010083765,0.4006182,0.48208618,0.0,0.48208618,0.120521545
56810,0.62266725,0.010336,1.2349985,1.3982984,0.0,1.3982984,0.3495746
56813,0.19873504,0.008407046,0.38906303,0.33317092,0.0,0.33317092,0.08329273
56816,0.05030039,0.008853932,0.091746844,0.06844289,0.019364199,0.102806695,0.025701674
56819,0.02810496,0.00767622,0.048533704,0.034703225,0.004219373,0.03663352,0.00915838
56822,0.029245125,0.0079383,0.05055195,0.043258715,0.02770567,0.06931368,0.01732842
56825,0.009019518,0.0066901594,0.011348877,0.0036522995,0.26220635,0.2608186,0.06520465
56828,0.24493897,0.006218894,0.48365903,0.41503954,0.0,0.41503954,0.103759885
56830,0.016413525,0.008448664,0.024378384,0.017952668,0.0,0.017952668,0.004488167
56833,0.024341695,0.007364067,0.04131932,0.02569457,0.0,0.02569457,0.0064236424
56836,0.03287769,0.007153426,0.058601957,0.049398106,0.9094537,0.97472113,0.24368028
56839,0.1267787,0.012252954,0.24130447,0.33501932,0.0,0.33501932,0.08375483
56842,0.010036125,0.01238549,0.0076867603,0.013886415,0.44421268,0.58137816,0.14534454
56845,0.02440315,0.024206689,0.024599612,0.0031847034,0.1265262,0.12527901,0.031319752
56848,0.02425214,0.030745229,0.017759053,0.0108196465,0.11519901,0.18349703,0.045874257
56850,0.058761645,0.030390048,0.08713325,0.05373915,0.8373046,1.008915,0.25222874
56853,0.071245305,0.03679048,0.105700135,0.049081128,0.0,0.049081128,0.012270282
56856,0.08930235,0.045312207,0.1332925,0.07536263,0.06666104,0.14824153,0.037060384
56859,0.065399,0.04967166,0.08112634,0.0064245593,0.5034728,0.5748684,0.1437171
56862,0.10821754,0.05783999,0.15859509,0.097115226,0.0,0.097115226,0.024278807
56865,0.14089112,0.071608625,0.2101736,0.10689169,0.0,0.10689169,0.026722923
56868,0.08038645,0.07966532,0.08110759,0.0030198295,0.26333904,0.26911744,0.06727936
56870,0.11144205,0.09350699,0.12937711,0.039865788,0.05812359,0.117010765,0.029252691
56873,0.15125011,0.10217909,0.20032112,0.16279984,0.0,0.16279984,0.04069996
56876,0.6310793,0.11772156,1.1444371,0.5409361,0.0,0.5409361,0.13523403
56879,0.12084868,0.1144549,0.12724245,0.006624689,0.30735078,0.2951685,0.07379212
56882,0.18551905,0.1275451,0.24349302,0.07121924,0.09126365,0.18527515,0.046318788
56885,0.19998117,0.16686171,0.23310065,0.035055622,0.034246285,0.045257602,0.0113144005
56888,0.21896751,0.17235792,0.2655771,0.020253358,0.3157247,0.23757434,0.059393585
56890,0.20170645,0.17570989,0.22770302,0.01795488,0.03741312,0.06578695,0.016446738
56893,0.9204814,0.17948282,1.66148,0.7564227,0.0,0.7564227,0.18910567
56896,0.3966166,0.18523498,0.6079983,0.18579794,0.0,0.18579794,0.046449486
56899,0.10883471,0.18184894,0.035820484,0.22608614,0.0,0.22608614,0.056521535
56902,0.23729177,0.18916492,0.28541866,0.036937606,0.4254187,0.3770958,0.09427395
56905,0.21088211,0.17371,0.24805422,0.02635567,0.61685306,0.53617287,0.13404322
56908,0.40962097,0.1936485,0.6255934,0.14808542,0.0,0.14808542,0.037021354
56910,0.1384985,0.21439123,0.062605776,0.41189063,0.0,0.41189063,0.10297266
56913,0.41948375,0.22024941,0.618718,0.15107591,0.0,0.15107591,0.03776898
56916,0.3756921,0.22707342,0.52431077,0.11076426,0.0,0.11076426,0.027691064
56919,0.25962842,0.2484659,0.27079093,0.063444786,1.0083767,1.1352214,0.28380534
56922,0.3595777,0.26094142,0.45821396,0.10123492,1.0361251,1.0320364,0.2580091
56925,0.20394063,0.21087836,0.19700289,0.17771195,0.0,0.17771195,0.044427987
56928,0.27907303,0.23975627,0.3183898,0.022798317,0.021315893,0.02858305,0.0071457624
56930,0.20436518,0.24810247,0.16062789,0.18860532,0.0,0.18860532,0.04715133
56933,0.9695681,0.18731149,1.7518247,0.8251079,0.0,0.8251079,0.20627697
56936,0.29702657,0.1304425,0.46361065,0.13350083,0.0,0.13350083,0.033375207
56939,0.14776354,0.105188616,0.19033843,0.08638541,0.9056657,0.99590826,0.24897707
56942,0.11084957,0.09391562,0.12778352,0.010306603,0.38464355,0.44491234,0.111228086
56945,0.15342622,0.07886463,0.22798778,0.533559,0.0,0.533559,0.13338976
56948,0.11352419,0.09725351,0.12979487,0.007898256,0.2177639,0.22813363,0.05703341
56950,0.112913646,0.0842698,0.1415575,0.08347866,0.7936757,0.7964217,0.19910543
56953,0.12379954,0.08391235,0.16368674,0.06845655,0.87855023,0.99320656,0.24830164
56956,0.09734634,0.0612382,0.13345449,0.061750393,1.1485233,1.2501594,0.31253985
56959,0.5873031,0.05970368,1.1149025,0.67142344,0.0,0.67142344,0.16785586
56962,0.5975786,0.04288259,1.1522746,0.75992274,0.0,0.75992274,0.18998069
56965,0.028110245,0.035133928,0.02108656,0.0036068584,0.24701607,0.29047713,0.07261928
56968,0.06924776,0.035044212,0.103451304,0.0517887,0.0,0.0517887,0.012947175
56970,0.038228553,0.036924776,0.039532334,0.029137453,0.0,0.029137453,0.0072843633
56973,0.31318998,0.023430252,0.6029497,0.410239,0.0,0.410239,0.10255975
56976,0.045490533,0.023874646,0.067106426,0.018902084,0.46152365,0.39134827,0.09783707
56979,0.27552965,0.019440249,0.5316191,0.36562705,0.0,0.36562705,0.09140676
56982,0.08007804,0.023303429,0.13685267,0.07698678,0.028805414,0.15369926,0.038424816
56985,0.016964497,0.021627834,0.012301159,0.0031387534,0.29371348,0.33641824,0.08410456
56988,0.04455586,0.021618903,0.06749283,0.05575161,0.9156789,1.0096196,0.2524049
56990,0.03737861,0.019593604,0.05516361,0.047810685,0.78155446,0.9099881,0.22749703
56993,0.08075453,0.018077543,0.14343153,0.08611041,0.012070338,0.12739359,0.031848397
56996,0.04374205,0.010370307,0.07711379,0.06742314,0.0,0.06742314,0.016855786
56999,0.020417238,0.005952777,0.0348817,0.036476348,0.048799515,0.048691984,0.012172996
57002,0.32750383,0.010364313,0.64464337,0.71090794,0.0,0.71090794,0.17772698
57005,0.057482228,0.009859855,0.105104595,0.09218091,1.3006164,1.5515556,0.3878889
57008,0.4299461,0.009550154,0.85034204,0.8915151,0.0,0.8915151,0.22287877
57010,0.47045887,0.009813565,0.9311042,0.9378874,0.0,0.9378874,0.23447184
57013,0.095275186,0.006519439,0.18403094,0.16349326,0.0,0.16349326,0.040873315
57016,0.0719951,0.0071346685,0.13685554,0.107750095,0.0,0.107750095,0.026937524
57019,0.032998767,0.0076666214,0.058330912,0.04958269,0.84098625,0.84147614,0.21036904
57022,0.26082373,0.006952442,0.514695,0.4500158,0.0,0.4500158,0.11250395
57025,0.0093860775,0.008340625,0.010431531,0.004502742,0.36069167,0.36094067,0.090235166
57028,0.029911889,0.01358604,0.046237737,0.036411375,0.5695492,0.65893334,0.16473334
57030,0.31441063,0.012214258,0.616607,0.47978076,0.0,0.47978076,0.11994519
57033,0.04157802,0.01418246,0.06897358,0.062215347,0.5774911,0.7601242,0.19003105
57036,0.19336343,0.013892082,0.37283477,0.26026782,0.0,0.26026782,0.065066956
57039,0.011699741,0.015720027,0.0076794536,0.0090573495,0.1460542,0.21695073,0.054237682
57042,0.053289037,0.018235758,0.08834231,0.06807167,0.011567433,0.09727643,0.024319107
57045,0.10244224,0.021340242,0.18354423,0.13406639,0.0,0.13406639,0.033516597
57048,0.37676907,0.026187746,0.7273504,0.51708394,0.0,0.51708394,0.12927099
57050,0.04259217,0.029657776,0.05552657,0.05325723,0.028148333,0.07914634,0.019786585
57053,0.033800617,0.037046928,0.030554304,0.0029769253,0.18129368,0.19849671,0.04962418
57056,0.4841112,0.040818475,0.9274039,1.1667037,0.0,1.1667037,0.29167593
57059,0.090749584,0.053314876,0.12818429,0.048179757,0.61537075,0.7262412,0.1815603
57062,0.060676944,0.055708062,0.06564582,0.051128667,0.06815338,0.14440458,0.036101144
57065,0.0646776,0.059902538,0.06945268,0.020370292,0.4829196,0.45661423,0.11415356
57068,0.08001765,0.074940726,0.08509457,0.029842263,0.38022932,0.32613906,0.081534766
57070,0.092746295,0.08342894,0.10206366,0.32977763,0.0,0.32977763,0.08244441
57073,0.13839306,0.09477317,0.18201293,0.049645405,0.07072798,0.108661115,0.027165279
57076,0.14302008,0.1070139,0.17902625,0.049491186,0.040317852,0.07607025,0.019017562
57079,0.12969072,0.11663798,0.14274348,0.044457555,1.253017,1.272528,0.318132
57082,0.12422016,0.12038653,0.1280538,0.0438918,0.023555914,0.065915674,0.016478918
57085,0.15300627,0.13077801,0.17523451,0.05085129,0.9120445,0.9660964,0.2415241
57088,0.5948104,0.11370381,1.075917,1.6771231,0.0,1.6771231,0.41928077
57090,0.21390045,0.12799248,0.2998084,0.07530614,0.013694127,0.119109005,0.029777251
57093,0.15938377,0.11563904,0.20312852,0.56642014,0.0,0.56642014,0.14160503
57096,0.12234285,0.120879196,0.1238065,0.041178778,0.06480026,0.096447855,0.024111964
57099,0.22368146,0.12758073,0.3197822,0.077815235,0.013026078,0.119338594,0.029834649
57102,0.5133341,0.116028346,0.9106398,0.39627042,0.0,0.39627042,0.099067606
57105,0.11864394,0.13314623,0.104141645,0.012747072,0.33016548,0.40134034,0.100335084
57108,0.3123972,0.12088146,0.5039129,0.15375794,0.0,0.15375794,0.038439486
57110,0.1926015,0.14168707,0.24351592,0.0424313,0.0,0.0424313,0.010607825
57113,0.30008152,0.1339239,0.46623912,0.14167881,0.0,0.14167881,0.035419703
57116,0.15084416,0.14692535,0.15476297,0.06993691,1.0665387,1.2670407,0.31676018
57119,0.08464982,0.13237666,0.036922995,0.20172743,0.0,0.20172743,0.05043186
57122,0.16682597,0.1425548,0.19109716,0.024620166,0.43072435,0.424011,0.10600275
57125,0.12917838,0.12430499,0.13405176,0.042404015,0.5563138,0.54950815,0.13737704
57128,0.1435507,0.13362385,0.15347753,0.03293394,1.0437227,1.0113856,0.2528464
57130,0.13375764,0.13613538,0.1313799,0.078402616,0.0,0.078402616,0.019600654
57133,0.17927183,0.17382479,0.18471889,0.05187027,0.0,0.05187027,0.012967568
57136,0.14074655,0.17260428,0.10888883,0.43223676,0.0,0.43223676,0.10805919
57139,0.19495748,0.1490254,0.24088955,0.06349669,0.08150482,0.20221932,0.05055483
57142,0.15542945,0.14256178,0.16829713,0.14738843,0.0,0.14738843,0.036847107
57145,0.6083947,0.10952281,1.1072665,0.5356025,0.0,0.5356025,0.13390063
57148,0.120633714,0.08822367,0.15304375,0.042513356,0.021072388,0.09544453,0.023861133
57150,0.09831367,0.08002893,0.1165984,0.09565917,0.0,0.09565917,0.023914792
57153,0.086831205,0.071999915,0.10166249,0.009076487,0.42942047,0.5037877,0.12594692
57156,0.059762564,0.057975937,0.061549187,0.127621,0.0,0.127621,0.03190525
57159,0.07613016,0.05598752,0.0962728,0.041829124,0.47723246,0.49457255,0.12364314
57162,0.7399071,0.052734017,1.4270802,1.809369,0.0,1.809369,0.45234224
57165,0.20533748,0.052456677,0.35821828,0.17643549,0.0,0.17643549,0.04410887
57168,0.116721995,0.04695223,0.18649177,0.09292606,1.178325,1.391902,0.3479755
57170,0.048962343,0.04677822,0.051146466,0.0059542083,0.18663852,0.16599327,0.04149832
57173,0.15115201,0.047955718,0.2543483,0.14420187,0.0,0.14420187,0.03605047
57176,0.11969959,0.063878,0.17552118,0.08540294,0.99226016,1.0545774,0.26364434
57179,0.09213579,0.06983712,0.11443446,0.09444361,1.2798791,1.5951023,0.39877558
57182,0.0709896,0.066086575,0.07589262,0.0050648157,0.47585368,0.50293857,0.12573464
57185,0.07978093,0.06992099,0.08964086,0.008520479,0.41168913,0.43611565,0.10902891
57188,0.08754172,0.06099632,0.11408713,0.017862609,0.20089836,0.1395437,0.034885924
57190,0.043755192,0.053527933,0.033982456,0.004579131,0.21308267,0.26643786,0.066609465
57193,0.046358738,0.04866749,0.04404999,0.0074400962,0.34562027,0.38422775,0.09605694
57196,0.26361504,0.0458768,0.4813533,0.6986218,0.0,0.6986218,0.17465545
57199,0.09453469,0.049264852,0.13980453,0.06759574,0.00682958,0.06961659,0.017404148
57202,0.069235645,0.050285354,0.088185936,0.05717544,0.04475339,0.066692114,0.016673028
57205,0.08825764,0.051643804,0.124871485,0.053570867,0.48668683,0.43667105,0.10916776
57208,0.08732449,0.050756987,0.123892,0.077793606,0.0,0.077793606,0.019448401
57210,0.5404431,0.056700777,1.0241855,0.7279156,0.0,0.7279156,0.1819789
57213,0.28837913,0.062061682,0.5146966,0.68560165,0.0,0.68560165,0.17140041
57216,0.058478575,0.064777285,0.05217987,0.18497114,0.0,0.18497114,0.046242785
57219,0.10095308,0.06978078,0.1321254,0.033815954,0.04270299,0.05771023,0.014427558
57222,0.13746794,0.07761783,0.19731806,0.10620322,1.3526338,1.8509096,0.4627274
57225,0.10303631,0.07885777,0.12721483,0.08388109,1.2337328,1.4919934,0.37299836
57228,1.1006325,0.08986562,2.1113994,1.533867,0.0,1.533867,0.38346675
57230,0.077406414,0.09083369,0.06397914,0.0046330146,0.24916853,0.29809177,0.07452294
57233,0.09935852,0.10187199,0.09684504,0.021015009,0.39643478,0.4193971,0.10484927
57236,1.0217496,0.13496408,1.9085351,1.1259226,0.0,1.1259226,0.28148064
57239,0.10496181,0.12743236,0.082491264,0.07077735,0.06262144,0.08544155,0.021360388
57242,1.0300692,0.11042917,1.9497093,1.2152134,0.0,1.2152134,0.30380335
57245,0.3714064,0.14416791,0.59864485,0.20986561,0.0,0.20986561,0.052466404
57248,0.15035455,0.15133955,0.14936957,0.043225218,0.07595762,0.12478449,0.031196123
57250,0.13794637,0.13997363,0.13591911,0.044544876,0.62908816,0.77160484,0.19290121
57253,0.32451853,0.13953455,0.5095025,1.0551671,0.0,1.0551671,0.26379177
57256,0.20313466,0.16006851,0.2462008,0.03887361,0.63968116,0.6118904,0.1529726
57259,0.17497253,0.15962362,0.19032143,0.04627326,0.8855634,0.9764791,0.24411978
57262,0.13477947,0.15927964,0.11027929,0.009717606,0.3508536,0.4567279,0.11418197
57265,1.2155842,0.1448751,2.2862933,1.354966,0.0,1.354966,0.3387415
57268,0.19475615,0.15374635,0.23576593,0.058722984,0.06839689,0.17801736,0.04450434
57270,0.1848502,0.1637502,0.20595019,0.007086393,0.47331747,0.5089772,0.1272443
57273,1.2768363,0.08804,2.4656327,1.7251697,0.0,1.7251697,0.4312924
57276,0.05429989,0.07354408,0.035055712,0.17242284,0.0,0.17242284,0.04310571
57279,0.4953256,0.08827723,0.90237397,0.4432553,0.0,0.4432553,0.11081383
57282,0.26077768,0.09497419,0.42658114,0.23393488,0.0,0.23393488,0.05848372
57285,0.9478307,0.09448725,1.8011742,1.108101,0.0,1.108101,0.27702525
57288,1.0975994,0.1074544,2.0877445,1.3010035,0.0,1.3010035,0.32525086
57290,0.12547843,0.10749298,0.1434639,0.053537097,0.69902927,0.70868474,0.17717119
57293,0.9916756,0.11879238,1.8645588,1.0768391,0.0,1.0768391,0.26920977
57296,0.15792549,0.11063842,0.20521255,0.48705363,0.0,0.48705363,0.12176341
57299,0.106150955,0.10100774,0.11129417,0.06258096,0.67583656,0.8185527,0.20463817
57302,0.20198739,0.11267825,0.2912965,0.08907414,0.0,0.08907414,0.022268536
57305,0.65516526,0.0855147,1.2248158,0.6913619,0.0,0.6913619,0.17284048
57308,0.06941285,0.07308535,0.065740354,0.0055337935,0.1340332,0.12897377,0.03224344
57310,0.07855839,0.07142142,0.08569536,0.009172508,0.24355824,0.2826248,0.0706562
57313,0.07884585,0.080862045,0.07682966,0.02799801,0.3827329,0.44214964,0.11053741
57316,0.09047259,0.08497607,0.09596911,0.045952912,0.02033472,0.06592045,0.016480112
57319,0.11958784,0.07589189,0.16328378,0.31321144,0.0,0.31321144,0.07830286
57322,0.09387144,0.09002932,0.09771354,0.14441882,0.0,0.14441882,0.036104705
57325,0.8154661,0.09993097,1.5310012,0.92386657,0.0,0.92386657,0.23096664
57328,0.118541814,0.0979068,0.13917683,0.086222626,1.2434897,1.5116315,0.37790787
57330,0.07446653,0.0584262,0.09050685,0.081719644,0.0,0.081719644,0.020429911
57333,0.099373035,0.053301673,0.1454444,0.06389675,1.1120586,1.2858167,0.32145417
57336,0.39077926,0.036199287,0.74535924,0.496089,0.0,0.496089,0.12402225
57339,0.0936143,0.025390372,0.16183822,0.09449241,0.0,0.09449241,0.023623103
57342,0.08585263,0.03858207,0.1331232,0.076727934,1.3651117,1.6795458,0.41988644
57345,0.11280394,0.029005028,0.19660287,0.3593928,0.0,0.3593928,0.0898482
57348,0.06247483,0.029789044,0.09516061,0.055680674,0.060795467,0.08836613,0.022091532
57350,0.09843889,0.026536688,0.17034109,0.14615677,0.0,0.14615677,0.036539193
57353,0.062193498,0.0327896,0.0915974,0.065978244,0.0,0.065978244,0.016494561
57356,0.065220445,0.04239211,0.08804878,0.043056805,0.08887625,0.15491095,0.038727738
57359,0.07137833,0.06375266,0.079004,0.026388697,0.0,0.026388697,0.0065971743
57362,0.09199076,0.07367523,0.11030629,0.037914753,0.010973613,0.06665335,0.016663337
57365,0.06493055,0.08385616,0.04600494,0.015589632,0.47445312,0.56960994,0.14240249
57368,0.32030237,0.09897416,0.54163057,0.86179924,0.0,0.86179924,0.21544981
57370,0.1345179,0.13019706,0.13883872,0.020768017,0.013418198,0.035787754,0.008946938
57373,0.8191464,0.14635958,1.4919332,0.73732567,0.0,0.73732567,0.18433142
57376,0.43703982,0.14836748,0.7257121,0.2211868,0.0,0.2211868,0.0552967
57379,0.18957579,0.16400902,0.21514256,0.055354863,1.019626,1.1597675,0.28994188
57382,0.7384501,0.17635258,1.3005477,0.52618027,0.0,0.52618027,0.13154507
57385,0.2248712,0.18692398,0.2628184,0.0740959,0.07010412,0.16013439,0.040033597
57388,0.31422994,0.2056183,0.42284155,0.08063258,0.09231838,0.0778859,0.019471476
57390,0.23503743,0.22189677,0.24817808,0.85503167,0.0,0.85503167,0.21375792
57393,0.22017777,0.21870951,0.22164606,0.032518733,0.4141132,0.5305871,0.13264677
57396,0.27473697,0.2676406,0.28183332,0.055206794,0.52761143,0.69599277,0.17399819
57399,1.2049142,0.24935992,2.1604683,0.9691858,0.0,0.9691858,0.24229646
57402,0.2272063,0.23904265,0.21536994,0.052232165,0.63297516,0.8213835,0.20534587
57405,0.25642824,0.25456205,0.25829443,0.024433246,0.3712944,0.42495903,0.10623976
57408,0.2357945,0.24447511,0.22711392,0.011528085,0.24459457,0.22931683,0.057329208
