base_start,pair_mse,none_mse,event_mse,separation_mse,predicted_separation_energy,true_separation_energy,ambiguity_floor
42061,0.5739105,0.0015930912,1.1462278,1.1883227,0.0,1.1883227,0.29708067
42063,0.23036607,0.0016005464,0.4591316,0.48071012,0.0,0.48071012,0.12017753
42066,0.1699493,0.0014997185,0.33839884,0.35352373,0.0,0.35352373,0.08838093
42068,0.0458269,0.001407425,0.09024638,0.0854068,0.0,0.0854068,0.0213517
42071,0.20355777,0.0014748772,0.4056407,0.3897539,0.0,0.3897539,0.09743848
42074,0.57237625,0.0016528141,1.1430997,1.1683743,0.0,1.1683743,0.29209358
42076,0.23864205,0.0019207066,0.4753634,0.45423254,0.0,0.45423254,0.113558136
42079,0.033417344,0.0017633269,0.06507136,0.06588754,0.0,0.06588754,0.016471885
42081,0.0704542,0.0019662401,0.13894217,0.14976744,0.0,0.14976744,0.03744186
42084,0.65202016,0.0020857642,1.3019546,1.2641,0.0,1.2641,0.316025
42087,0.12717624,0.0018986972,0.25245377,0.270824,0.0,0.270824,0.067706
42089,0.09223428,0.0021189575,0.1823496,0.19809334,0.0,0.19809334,0.049523335
42092,0.26427013,0.0020495907,0.5264906,0.55999136,0.0,0.55999136,0.13999784
42094,0.7193267,0.0022901017,1.4363632,1.3679619,0.0,1.3679619,0.34199047
42097,0.063889466,0.0025277913,0.12525113,0.13975433,0.0,0.13975433,0.03493858
42100,0.12639613,0.002248776,0.25054348,0.27819547,0.0,0.27819547,0.06954887
42102,0.31514317,0.002456399,0.62782997,0.68420106,0.0,0.68420106,0.17105027
42105,0.366092,0.0021860956,0.72999793,0.67010707,0.0,0.67010707,0.16752677
42108,0.12077082,0.0024822413,0.2390594,0.20355952,0.0,0.20355952,0.05088988
42110,0.27507266,0.002524625,0.5476207,0.4961765,0.0,0.4961765,0.12404413
42113,0.23639376,0.0027834475,0.47000408,0.42313445,0.0,0.42313445,0.10578361
42115,0.046528745,0.0025361376,0.09052136,0.07541796,0.0,0.07541796,0.01885449
42118,0.37423143,0.002693021,0.7457698,0.67473596,0.0,0.67473596,0.16868399
42121,0.19696857,0.0031184747,0.3908187,0.34660006,0.0,0.34660006,0.086650014
42123,0.44794312,0.0026924033,0.8931939,0.8276593,0.0,0.8276593,0.20691483
42126,0.022959642,0.0024113345,0.04350795,0.03763343,0.0,0.03763343,0.009408358
42128,0.24240662,0.0019690616,0.4828442,0.43490314,0.0,0.43490314,0.108725786
42131,0.21169102,0.002439552,0.42094252,0.37561592,0.0,0.37561592,0.09390398
42134,0.19497532,0.0024852694,0.38746536,0.34497687,0.0,0.34497687,0.08624422
42136,0.5276937,0.0024299712,1.0529574,1.126213,0.0,1.126213,0.28155324
42139,0.13501722,0.0031778757,0.26685655,0.22950774,0.0,0.22950774,0.057376936
42141,0.2320046,0.0043149088,0.4596943,0.40385243,0.0,0.40385243,0.10096311
42144,0.13373151,0.0034188938,0.26404414,0.2979898,0.0,0.2979898,0.07449745
42147,0.186639,0.0019908089,0.3712872,0.33481956,0.0,0.33481956,0.08370489
42149,0.034583252,0.0020910783,0.067075424,0.07103256,0.0,0.07103256,0.01775814
42152,0.19424994,0.0020728875,0.38642702,0.3425916,0.0,0.3425916,0.0856479
42155,0.054003,0.0020518547,0.10595415,0.11748523,0.0,0.11748523,0.029371308
42157,0.41152838,0.0013742655,0.8216825,0.872658,0.0,0.872658,0.2181645
42160,0.029468013,0.0015245522,0.057411473,0.047234077,0.0,0.047234077,0.011808519
42162,0.43292725,0.00128207,0.86457247,0.91689533,0.0,0.91689533,0.22922383
42165,0.03002035,0.0013175845,0.05872312,0.05815977,0.0,0.05815977,0.014539942
42168,0.044184018,0.0011643774,0.08720366,0.09122616,0.0,0.09122616,0.02280654
42170,0.09089571,0.0012702342,0.18052119,0.2000432,0.0,0.2000432,0.0500108
42173,0.22631253,0.0015429397,0.45108214,0.4857764,0.0,0.4857764,0.1214441
42175,0.27706873,0.0016911762,0.5524463,0.510958,0.0,0.510958,0.1277395
42178,0.03874748,0.0018609083,0.075634055,0.0864774,0.0,0.0864774,0.02161935
42181,0.7161911,0.0017560449,1.4306263,1.3533989,0.0,1.3533989,0.33834973
42183,0.022425773,0.0017382734,0.043113273,0.043443646,0.0,0.043443646,0.010860912
42186,0.3780253,0.0018057817,0.7542448,0.8096137,0.0,0.8096137,0.20240343
42188,0.016323285,0.0025475246,0.030099047,0.027368004,0.0,0.027368004,0.006842001
42191,0.25884452,0.0022753107,0.51541376,0.4637936,0.0,0.4637936,0.1159484
42194,0.16820897,0.0024449832,0.33397296,0.3793515,0.0,0.3793515,0.094837874
42196,0.492596,0.0024959417,0.98269606,1.0540525,0.0,1.0540525,0.26351312
42199,0.38091162,0.0028936502,0.75892955,0.690152,0.0,0.690152,0.172538
42202,0.51824313,0.0027750737,1.0337111,0.9512331,0.0,0.9512331,0.23780827
42204,0.15633284,0.0030848507,0.30958083,0.2635609,0.0,0.2635609,0.06589022
42207,0.12370963,0.002691881,0.24472737,0.27953616,0.0,0.27953616,0.06988404
42209,0.56942946,0.0027184135,1.1361405,1.055854,0.0,1.055854,0.2639635
42212,0.29538766,0.0028394666,0.58793586,0.6464371,0.0,0.6464371,0.16160928
42215,0.033942375,0.0026370427,0.06524771,0.068377,0.0,0.068377,0.01709425
42217,0.069863446,0.0025650987,0.1371618,0.11339215,0.0,0.11339215,0.028348038
42220,0.17529194,0.002865113,0.34771875,0.30164114,0.0,0.30164114,0.075410284
42222,0.1319579,0.0027126546,0.26120317,0.22823985,0.0,0.22823985,0.057059962
42225,0.2336127,0.0025118103,0.46471357,0.42173657,0.0,0.42173657,0.10543414
42228,0.030328145,0.0019360393,0.05872025,0.070893094,0.0,0.070893094,0.017723273
42230,0.19690728,0.0021822634,0.39163232,0.36186624,0.0,0.36186624,0.09046656
42233,0.46042678,0.0023510994,0.9185024,0.98298615,0.0,0.98298615,0.24574654
42235,0.10599217,0.002529754,0.20945458,0.23610578,0.0,0.23610578,0.059026446
42238,0.30152553,0.0029134564,0.6001376,0.6503604,0.0,0.6503604,0.1625901
42241,0.18433666,0.0028889682,0.36578438,0.32011914,0.0,0.32011914,0.080029786
42243,0.04021674,0.0028746733,0.07755881,0.0978429,0.0,0.0978429,0.024460725
42246,0.027391963,0.0029790571,0.05180487,0.044268887,0.0,0.044268887,0.011067222
42249,0.5441997,0.0030585586,1.0853409,1.0101124,0.0,1.0101124,0.2525281
42251,0.22192495,0.0032118454,0.44063804,0.48294997,0.0,0.48294997,0.12073749
42254,0.8899991,0.0028232087,1.777175,1.666942,0.0,1.666942,0.4167355
42256,0.27513465,0.002835907,0.54743344,0.48843682,0.0,0.48843682,0.122109205
42259,0.04787263,0.002487706,0.09325755,0.0788524,0.0,0.0788524,0.0197131
42262,0.6539601,0.0024447304,1.3054755,1.2251726,0.0,1.2251726,0.30629316
42264,0.7292747,0.002182366,1.456367,1.5365387,0.0,1.5365387,0.38413468
42267,0.070069,0.0024030895,0.1377349,0.15227354,0.0,0.15227354,0.038068384
42269,0.28061515,0.0021621103,0.5590682,0.5129686,0.0,0.5129686,0.12824215
42272,0.23830663,0.0024977885,0.47411546,0.51624894,0.0,0.51624894,0.12906224
42275,0.46290985,0.0023478211,0.9234719,0.9776816,0.0,0.9776816,0.2444204
42277,0.05421224,0.002332585,0.10609189,0.105897695,0.0,0.105897695,0.026474424
42280,0.8670563,0.0019623453,1.7321502,1.666808,0.0,1.666808,0.416702
42282,0.3536665,0.0019632515,0.7053698,0.75584024,0.0,0.75584024,0.18896006
42285,0.278799,0.0017094197,0.5558886,0.5128953,0.0,0.5128953,0.12822382
42288,0.02200921,0.0011701888,0.042848233,0.03824609,0.0,0.03824609,0.009561523
42290,0.024446504,0.0011715143,0.047721494,0.048244074,0.0,0.048244074,0.0120610185
42293,0.053381655,0.0010786011,0.105684705,0.11719048,0.0,0.11719048,0.02929762
42296,0.06936362,0.0013313261,0.1373959,0.15829842,0.0,0.15829842,0.039574604
42298,0.8199678,0.001078574,1.638857,1.6993092,0.0,1.6993092,0.4248273
42301,0.05915934,0.0011396346,0.11717904,0.105671905,0.0,0.105671905,0.026417976
42303,0.07902787,0.001067259,0.15698849,0.17386031,0.0,0.17386031,0.043465078
42306,0.055720422,0.0015222427,0.1099186,0.12345407,0.0,0.12345407,0.030863518
42309,0.49549094,0.0014084546,0.9895735,1.0465673,0.0,1.0465673,0.26164183
42311,0.67811745,0.0014107263,1.3548241,1.4203037,0.0,1.4203037,0.35507593
42314,0.49199298,0.001233961,0.982752,0.934473,0.0,0.934473,0.23361824
42316,0.09592701,0.0012600621,0.19059396,0.21206528,0.0,0.21206528,0.05301632
42319,0.025963077,0.0013626241,0.050563533,0.06051056,0.0,0.06051056,0.01512764
42322,0.29379213,0.0012035669,0.58638066,0.54673225,0.0,0.54673225,0.13668306
42324,0.15888345,0.0011522531,0.31661466,0.3410647,0.0,0.3410647,0.08526617
42327,0.19544993,0.0011469282,0.38975295,0.36689082,0.0,0.36689082,0.091722704
42329,0.13668855,0.0011966728,0.2721804,0.24924652,0.0,0.24924652,0.06231163
42332,0.46607718,0.001291986,0.93086237,0.8885258,0.0,0.8885258,0.22213145
42335,0.1677147,0.0014615947,0.3339678,0.36099756,0.0,0.36099756,0.09024939
42337,0.24510442,0.0016273492,0.48858145,0.52189106,0.0,0.52189106,0.13047276
42340,0.14312859,0.0013113056,0.28494588,0.26001644,0.0,0.26001644,0.06500411
42343,0.034670193,0.0017619384,0.06757844,0.057863027,0.0,0.057863027,0.014465757
42345,0.14707755,0.0016257629,0.29252934,0.26800182,0.0,0.26800182,0.067000456
42348,0.09903606,0.0013590226,0.19671309,0.19407398,0.0,0.19407398,0.048518494
42350,0.054253817,0.001173552,0.10733408,0.115638115,0.0,0.115638115,0.028909529
42353,0.51144403,0.001268515,1.0216194,0.9749942,0.0,0.9749942,0.24374855
42356,0.23006743,0.0012925464,0.4588423,0.48216143,0.0,0.48216143,0.12054036
42358,0.69401854,0.0014541029,1.386583,1.3600441,0.0,1.3600441,0.34001103
42361,0.3479997,0.0014130799,0.6945863,0.6633012,0.0,0.6633012,0.1658253
42363,0.024956917,0.0014279691,0.048485864,0.04865569,0.0,0.04865569,0.012163922
42366,0.184044,0.0013439561,0.36674404,0.33948937,0.0,0.33948937,0.08487234
42369,0.116759084,0.0013750821,0.23214309,0.25127324,0.0,0.25127324,0.06281831
42371,0.1741686,0.0013450888,0.34699214,0.3706305,0.0,0.3706305,0.092657626
42374,0.38389575,0.0012808099,0.7665107,0.7259713,0.0,0.7259713,0.18149282
42376,0.1520208,0.0012772178,0.3027644,0.2853798,0.0,0.2853798,0.07134495
42379,0.030368134,0.0014296807,0.059306588,0.057938263,0.0,0.057938263,0.014484566
42382,0.14511375,0.0016323454,0.28859517,0.31514266,0.0,0.31514266,0.078785665
42384,0.07460398,0.0014860049,0.14772196,0.13140862,0.0,0.13140862,0.032852154
42387,0.23615958,0.001268099,0.47105107,0.50148404,0.0,0.50148404,0.12537101
42390,0.13058408,0.0015775651,0.2595906,0.28552985,0.0,0.28552985,0.07138246
42392,0.022229267,0.0015111914,0.04294734,0.034898497,0.0,0.034898497,0.008724624
42395,0.11829699,0.0016094819,0.2349845,0.21255691,0.0,0.21255691,0.05313923
42397,0.11250169,0.001811518,0.22319186,0.20511763,0.0,0.20511763,0.051279407
42400,0.13080643,0.001580155,0.2600327,0.23138984,0.0,0.23138984,0.05784746
42403,0.029684747,0.0017815336,0.057587963,0.062210035,0.0,0.062210035,0.015552509
42405,0.06281855,0.0019238386,0.12371326,0.13429923,0.0,0.13429923,0.03357481
42408,0.18264556,0.0019514466,0.36333966,0.3235614,0.0,0.3235614,0.08089035
42410,0.017782154,0.0022100087,0.0333543,0.036071178,0.0,0.036071178,0.009017794
42413,0.12249879,0.0020626143,0.24293496,0.22059876,0.0,0.22059876,0.05514969
42416,0.14736302,0.0021447903,0.29258123,0.33012086,0.0,0.33012086,0.082530215
42418,0.13927767,0.0021028405,0.2764525,0.24203104,0.0,0.24203104,0.06050776
42421,0.20269345,0.0021614518,0.40322542,0.36315095,0.0,0.36315095,0.09078774
42423,0.047436062,0.0024154726,0.09245666,0.08692912,0.0,0.08692912,0.02173228
42426,0.044809714,0.0021301268,0.0874893,0.089208245,0.0,0.089208245,0.022302061
42429,0.31572095,0.0019018175,0.62954,0.58188385,0.0,0.58188385,0.14547096
42431,0.13124192,0.0017832132,0.2607006,0.29196045,0.0,0.29196045,0.07299011
42434,0.054720405,0.0019001443,0.10754067,0.12575512,0.0,0.12575512,0.03143878
42437,0.1315688,0.0017803252,0.26135728,0.23206098,0.0,0.23206098,0.058015246
42439,0.97672457,0.0017746176,1.9516745,2.009631,0.0,2.009631,0.5024077
42442,0.1683618,0.0015184879,0.3352051,0.36760965,0.0,0.36760965,0.09190241
42444,0.045003176,0.0014608259,0.08854552,0.08145904,0.0,0.08145904,0.02036476
42447,0.21264178,0.0013486253,0.42393494,0.45669198,0.0,0.45669198,0.114172995
42450,0.04978156,0.001343137,0.09821998,0.08530865,0.0,0.08530865,0.021327162
42452,0.7778725,0.0014043284,1.5543407,1.4813436,0.0,1.4813436,0.3703359
42455,0.3176568,0.0014662739,0.6338473,0.67943984,0.0,0.67943984,0.16985996
42457,0.71068716,0.001574502,1.4197998,1.4883604,0.0,1.4883604,0.3720901
42460,0.20645994,0.0016926732,0.4112272,0.37539992,0.0,0.37539992,0.09384998
42463,0.037977546,0.0014609384,0.07449415,0.08360847,0.0,0.08360847,0.020902118
42465,0.6608207,0.0015222225,1.3201193,1.2465796,0.0,1.2465796,0.3116449
42468,0.14497052,0.0015245858,0.28841648,0.31657764,0.0,0.31657764,0.07914441
42470,0.17841361,0.0016262737,0.35520092,0.3919033,0.0,0.3919033,0.09797583
42473,0.07021551,0.0016596806,0.13877134,0.16189057,0.0,0.16189057,0.04047264
42476,0.29270816,0.0019844526,0.5834319,0.63944745,0.0,0.63944745,0.15986186
42478,0.3183925,0.0021345026,0.63465047,0.5740127,0.0,0.5740127,0.14350317
42481,0.6461454,0.0024834133,1.2898074,1.3650246,0.0,1.3650246,0.34125614
42484,0.46523336,0.002394898,0.9280718,1.0061172,0.0,1.0061172,0.2515293
42486,0.049361765,0.002610446,0.096113086,0.086051494,0.0,0.086051494,0.021512873
42489,0.11556571,0.0026335604,0.22849786,0.1882786,0.0,0.1882786,0.04706965
42491,0.03653958,0.0028889345,0.07019023,0.067605816,0.0,0.067605816,0.016901454
42494,0.4133822,0.0036274672,0.823137,0.7542444,0.0,0.7542444,0.1885611
42497,0.06755789,0.0030637796,0.132052,0.11772869,0.0,0.11772869,0.029432172
42499,0.1166758,0.0034971805,0.22985442,0.18746372,0.0,0.18746372,0.04686593
42502,0.077156395,0.0038714323,0.15044136,0.18398155,0.0,0.18398155,0.04599539
42504,0.54972667,0.0036702454,1.0957831,1.0025624,0.0,1.0025624,0.2506406
42507,0.1340194,0.0028671175,0.26517168,0.2295015,0.0,0.2295015,0.057375375
42510,0.051480442,0.002805898,0.10015499,0.08548955,0.0,0.08548955,0.021372387
42512,0.6834639,0.00285309,1.3640747,1.4640149,0.0,1.4640149,0.36600372
42515,0.6459699,0.0025276674,1.2894121,1.3870049,0.0,1.3870049,0.3467512
42517,0.10161436,0.0025624875,0.20066625,0.23260595,0.0,0.23260595,0.058151487
42520,0.1504805,0.0029574272,0.29800355,0.3474977,0.0,0.3474977,0.086874425
42523,0.0778989,0.0027826137,0.15301518,0.18311,0.0,0.18311,0.0457775
42525,0.8459592,0.0029337096,1.6889848,1.568148,0.0,1.568148,0.392037
42528,0.034261383,0.0031213898,0.065401375,0.05830114,0.0,0.05830114,0.014575285
42531,0.3647108,0.0031303186,0.72629124,0.6447315,0.0,0.6447315,0.16118288
42533,0.36123785,0.0036217172,0.71885395,0.80683154,0.0,0.80683154,0.20170788
42536,0.19711244,0.003891581,0.3903333,0.34809577,0.0,0.34809577,0.08702394
42538,0.3265874,0.0038967822,0.649278,0.58430535,0.0,0.58430535,0.14607634
42541,0.038176574,0.0043789204,0.071974225,0.09578038,0.0,0.09578038,0.023945095
42544,0.36331162,0.0036997844,0.72292346,0.8060257,0.0,0.8060257,0.20150642
42546,0.14602946,0.0037847336,0.28827417,0.24891113,0.0,0.24891113,0.06222778
42549,0.069793195,0.003680955,0.13590543,0.11768242,0.0,0.11768242,0.029420605
42551,0.02508769,0.0037385952,0.046436783,0.051178608,0.0,0.051178608,0.012794652
42554,0.2951726,0.0029278046,0.58741736,0.52261496,0.0,0.52261496,0.13065374
42557,0.1676531,0.002727107,0.3325791,0.38081264,0.0,0.38081264,0.09520316
42559,0.21192068,0.0025678768,0.42127347,0.3716135,0.0,0.3716135,0.092903376
42562,0.627576,0.0030566326,1.2520953,1.3479613,0.0,1.3479613,0.33699033
42565,0.567161,0.0032080782,1.131114,1.0485482,0.0,1.0485482,0.26213706
42567,0.081350915,0.0026941618,0.16000767,0.16210908,0.0,0.16210908,0.04052727
42570,0.17277344,0.003392145,0.34215474,0.29135793,0.0,0.29135793,0.07283948
42572,0.28023767,0.003368843,0.5571065,0.49144128,0.0,0.49144128,0.12286032
42575,0.23821723,0.0037085458,0.4727259,0.41318727,0.0,0.41318727,0.10329682
42578,0.15184788,0.003131489,0.3005643,0.2546442,0.0,0.2546442,0.06366105
42580,0.08667465,0.0025668137,0.17078249,0.20254298,0.0,0.20254298,0.050635744
42583,0.33314744,0.0029062426,0.66338867,0.73961943,0.0,0.73961943,0.18490486
42585,0.27246943,0.0026450686,0.54229385,0.48009607,0.0,0.48009607,0.12002402
42588,0.15732317,0.0025913136,0.31205502,0.35544896,0.0,0.35544896,0.08886224
42591,0.21901357,0.0019481299,0.43607903,0.48646665,0.0,0.48646665,0.12161666
42593,0.06984449,0.0019919397,0.13769704,0.1163662,0.0,0.1163662,0.02909155
42596,0.5839083,0.0020575451,1.1657591,1.0828394,0.0,1.0828394,0.27070984
42598,0.53781456,0.0024452838,1.0731839,1.1525046,0.0,1.1525046,0.28812614
42601,0.46635902,0.0020637852,0.9306543,1.0072788,0.0,1.0072788,0.2518197
42604,0.04749884,0.0025614228,0.09243626,0.07702304,0.0,0.07702304,0.01925576
42606,0.11198714,0.0028535214,0.22112076,0.25691915,0.0,0.25691915,0.06422979
42609,0.35984424,0.003320584,0.7163679,0.8015227,0.0,0.8015227,0.20038067
42612,0.54978,0.0041801827,1.0953798,1.1977409,0.0,1.1977409,0.29943523
42614,0.10230681,0.003751144,0.20086248,0.1701686,0.0,0.1701686,0.04254215
42617,0.1648335,0.003911651,0.32575536,0.27079472,0.0,0.27079472,0.06769868
42619,0.6471248,0.0040218066,1.2902279,1.4002504,0.0,1.4002504,0.3500626
42622,0.014384024,0.004499268,0.024268782,0.021374518,0.0,0.021374518,0.0053436295
42625,0.6968801,0.0043091476,1.389451,1.5065907,0.0,1.5065907,0.37664768
42627,0.31334588,0.0041272826,0.6225645,0.70423955,0.0,0.70423955,0.17605989
42630,0.04906705,0.0042807623,0.09385333,0.10417628,0.0,0.10417628,0.02604407
42632,0.124774605,0.0036871259,0.24586208,0.19834514,0.0,0.19834514,0.049586285
42635,0.060900737,0.003972693,0.11782879,0.109279685,0.0,0.109279685,0.027319921
42638,0.12961589,0.0031604276,0.25607133,0.22245534,0.0,0.22245534,0.055613834
42640,0.15663135,0.0035932753,0.30966944,0.269109,0.0,0.269109,0.06727725
42643,0.14756237,0.0032273263,0.2918974,0.33462414,0.0,0.33462414,0.083656035
42645,0.2010095,0.00344152,0.39857745,0.3586429,0.0,0.3586429,0.08966073
42648,0.26723343,0.0031332348,0.5313336,0.48401594,0.0,0.48401594,0.121003985
42651,0.5574246,0.0034855467,1.1113636,1.0241755,0.0,1.0241755,0.25604388
42653,0.10610506,0.0034444558,0.20876567,0.17735422,0.0,0.17735422,0.044338554
42656,0.28216457,0.0032729108,0.5610562,0.509537,0.0,0.509537,0.12738425
42659,0.16938548,0.0029944775,0.33577648,0.36581397,0.0,0.36581397,0.09145349
42661,0.22396673,0.00313144,0.44480205,0.41011366,0.0,0.41011366,0.102528416
42664,0.066205,0.0032653722,0.12914462,0.1563663,0.0,0.1563663,0.039091576
42666,0.088790655,0.0030301474,0.17455117,0.15465651,0.0,0.15465651,0.03866413
42669,0.29239646,0.0032672181,0.58152574,0.6241009,0.0,0.6241009,0.15602523
42672,0.069072865,0.003353534,0.1347922,0.1075841,0.0,0.1075841,0.026896024
42674,0.2894397,0.0032087176,0.5756707,0.6375112,0.0,0.6375112,0.1593778
42677,0.06597312,0.0030529753,0.12889326,0.11473014,0.0,0.11473014,0.028682536
42679,0.09748453,0.0033025574,0.1916665,0.1657457,0.0,0.1657457,0.041436426
42682,0.61294025,0.0034426257,1.2224379,1.3251798,0.0,1.3251798,0.33129495
42685,0.78896165,0.0034216589,1.5745016,1.689826,0.0,1.689826,0.4224565
42687,0.41584447,0.0036939394,0.827995,0.9055546,0.0,0.9055546,0.22638865
42690,0.17740393,0.0029960566,0.3518118,0.3217282,0.0,0.3217282,0.08043205
42692,0.1535169,0.0027178656,0.30431592,0.27231848,0.0,0.27231848,0.06807962
42695,0.25149018,0.0024047184,0.5005756,0.5285732,0.0,0.5285732,0.1321433
42698,0.41015366,0.0019327049,0.81837463,0.75814056,0.0,0.75814056,0.18953514
42700,0.030803544,0.0023909376,0.059216153,0.05204372,0.0,0.05204372,0.01301093
42703,0.22792695,0.0026046168,0.4532493,0.48237815,0.0,0.48237815,0.12059454
42706,0.12134236,0.0024141446,0.24027057,0.2325209,0.0,0.2325209,0.058130223
42708,0.6657964,0.0029713977,1.3286214,1.3604947,0.0,1.3604947,0.34012368
42711,0.18309759,0.0026632093,0.36353195,0.33507815,0.0,0.33507815,0.08376954
42713,0.036342613,0.0030171173,0.06966811,0.0734104,0.0,0.0734104,0.0183526
42716,0.13717924,0.0025789712,0.2717795,0.29372427,0.0,0.29372427,0.07343107
42719,0.01913044,0.0021526844,0.036108196,0.03854154,0.0,0.03854154,0.009635385
42721,0.034852225,0.002201577,0.06750287,0.061519634,0.0,0.061519634,0.0153799085
42724,0.03580482,0.0008131301,0.07079651,0.0694368,0.0,0.0694368,0.0173592
42726,0.043807957,0.00089781446,0.086718105,0.09110883,0.0,0.09110883,0.022777207
42729,0.7226744,0.0010229456,1.4443259,1.3857361,0.0,1.3857361,0.34643403
42732,0.120699756,0.0012763289,0.24012317,0.22290139,0.0,0.22290139,0.055725347
42734,0.14349245,0.0017379774,0.2852469,0.27022433,0.0,0.27022433,0.06755608
42737,0.066651694,0.0015495433,0.13175385,0.11641321,0.0,0.11641321,0.029103303
42739,0.53882223,0.0012973952,1.076347,1.1017885,0.0,1.1017885,0.27544713
42742,0.23991805,0.0013657802,0.47847033,0.46512732,0.0,0.46512732,0.11628183
42745,0.40445152,0.0010751083,0.80782795,0.78561276,0.0,0.78561276,0.19640319
42747,0.39962336,0.0010013271,0.7982454,0.8313849,0.0,0.8313849,0.20784622
42750,0.13401552,0.0013091419,0.26672187,0.25072178,0.0,0.25072178,0.062680446
42753,0.10212856,0.0011366841,0.20312043,0.19437857,0.0,0.19437857,0.048594642
42755,0.08404081,0.00181837,0.16626325,0.1727949,0.0,0.1727949,0.043198723
42758,0.7278301,0.0013964223,1.4542637,1.424355,0.0,1.424355,0.35608876
42760,0.08809779,0.0015738491,0.17462175,0.16519342,0.0,0.16519342,0.041298356
42763,0.16297443,0.0011966779,0.32475218,0.31683958,0.0,0.31683958,0.079209894
42766,0.06938497,0.0021536401,0.13661629,0.1354015,0.0,0.1354015,0.033850376
42768,0.28271648,0.0011342847,0.5642987,0.5555896,0.0,0.5555896,0.1388974
42771,0.38994086,0.001611618,0.77827007,0.7821848,0.0,0.7821848,0.1955462
42773,0.60002524,0.0011327129,1.1989177,1.2017404,0.0,1.2017404,0.3004351
42776,0.10830033,0.0011076058,0.21549304,0.21095936,0.0,0.21095936,0.05273984
42779,0.21139531,0.0011550706,0.42163554,0.41261217,0.0,0.41261217,0.10315304
42781,0.3327213,0.00095547223,0.6644871,0.66169816,0.0,0.66169816,0.16542454
42784,0.04398236,0.0015135473,0.08645117,0.08175777,0.0,0.08175777,0.020439442
42786,0.24741666,0.0013786854,0.4934546,0.48733997,0.0,0.48733997,0.12183499
42789,0.054834723,0.0015421758,0.10812727,0.10801768,0.0,0.10801768,0.02700442
42792,0.22007208,0.0015110603,0.43863308,0.43519512,0.0,0.43519512,0.10879878
42794,0.21526296,0.001649385,0.42887655,0.43647352,0.0,0.43647352,0.10911838
42797,0.109766714,0.0012758373,0.21825759,0.21932046,0.0,0.21932046,0.054830115
42800,0.2963242,0.0012305793,0.5914178,0.5875264,0.0,0.5875264,0.1468816
42802,0.03941528,0.0011345004,0.07769606,0.07577771,0.0,0.07577771,0.018944427
42805,0.1986199,0.0010904134,0.3961494,0.38692847,0.0,0.38692847,0.09673212
42807,0.056485515,0.001245207,0.111725815,0.112537,0.0,0.112537,0.02813425
42810,0.03741854,0.0011032502,0.07373383,0.07271953,0.0,0.07271953,0.018179882
42813,0.17920478,0.001114325,0.35729524,0.33136743,0.0,0.33136743,0.08284186
42815,0.09375485,0.0009975826,0.18651211,0.16713287,0.0,0.16713287,0.041783217
42818,0.6985174,0.0013750006,1.3956598,1.4611868,0.0,1.4611868,0.3652967
42820,0.5502045,0.0013345691,1.0990745,1.1569225,0.0,1.1569225,0.2892306
42823,0.022431428,0.0011889469,0.043673906,0.041402634,0.0,0.041402634,0.010350659
42826,0.21525235,0.00111875,0.429386,0.39733124,0.0,0.39733124,0.09933281
42828,0.2911537,0.0012758885,0.5810315,0.5437221,0.0,0.5437221,0.13593052
42831,0.2039646,0.0013904864,0.40653872,0.37210724,0.0,0.37210724,0.09302681
42833,0.09404824,0.0017019723,0.18639451,0.16140507,0.0,0.16140507,0.040351268
42836,0.09151777,0.0016840628,0.18135147,0.18415423,0.0,0.18415423,0.046038557
42839,0.038577937,0.0017395761,0.0754163,0.07956234,0.0,0.07956234,0.019890586
42841,0.23123819,0.002241878,0.4602345,0.41331282,0.0,0.41331282,0.103328206
42844,0.026686883,0.0023412397,0.051032525,0.052137345,0.0,0.052137345,0.013034336
42847,0.11466464,0.00209717,0.2272321,0.19334598,0.0,0.19334598,0.048336495
42849,0.865479,0.0020522205,1.7289058,1.6623424,0.0,1.6623424,0.4155856
42852,0.45572332,0.002161568,0.90928507,0.95458174,0.0,0.95458174,0.23864543
42854,0.03249334,0.002168193,0.06281849,0.06418695,0.0,0.06418695,0.016046738
42857,0.50478077,0.0027361643,1.0068253,1.0502077,0.0,1.0502077,0.26255193
42860,0.13146244,0.002386514,0.26053837,0.22164917,0.0,0.22164917,0.055412292
42862,0.08901703,0.0026049565,0.1754291,0.20809388,0.0,0.20809388,0.05202347
42865,0.072809234,0.0024040688,0.1432144,0.14582105,0.0,0.14582105,0.036455262
42867,0.08313952,0.0023640993,0.16391493,0.17867522,0.0,0.17867522,0.044668805
42870,0.63223016,0.0024079808,1.2620524,1.1828064,0.0,1.1828064,0.2957016
42873,0.017295765,0.0022327888,0.03235874,0.02993124,0.0,0.02993124,0.00748281
42875,0.07161756,0.0024941445,0.14074098,0.15848686,0.0,0.15848686,0.039621715
42878,0.17194372,0.0024154636,0.341472,0.29147592,0.0,0.29147592,0.07286898
42880,0.5882236,0.002628645,1.1738185,1.07874,0.0,1.07874,0.269685
42883,0.46131292,0.0028605377,0.9197653,1.013357,0.0,1.013357,0.25333926
42886,0.42179608,0.0031846354,0.84040755,0.928185,0.0,0.928185,0.23204625
42888,0.025250597,0.0032678992,0.047233295,0.041473553,0.0,0.041473553,0.010368388
42891,0.2957295,0.003525177,0.5879338,0.6716516,0.0,0.6716516,0.1679129
42894,0.84122473,0.0033972503,1.6790522,1.5603374,0.0,1.5603374,0.39008436
42896,0.19993256,0.0037051635,0.39615998,0.33378556,0.0,0.33378556,0.08344639
42899,0.06851591,0.0039689266,0.1330629,0.1535175,0.0,0.1535175,0.038379375
42901,0.17740981,0.0045170994,0.3503025,0.42863992,0.0,0.42863992,0.10715998
42904,0.39736927,0.00520716,0.7895314,0.6849192,0.0,0.6849192,0.1712298
42907,0.32978046,0.005584862,0.653976,0.7626311,0.0,0.7626311,0.19065778
42909,0.07375721,0.006142581,0.14137185,0.15547182,0.0,0.15547182,0.038867954
42912,0.22753702,0.007260243,0.44781378,0.34527788,0.0,0.34527788,0.08631947
42914,0.01716434,0.008022883,0.026305797,0.018110976,0.0,0.018110976,0.004527744
42917,0.24278802,0.008577305,0.47699872,0.36181808,0.0,0.36181808,0.09045452
42920,0.12492781,0.009423082,0.24043255,0.20573859,0.0,0.20573859,0.051434647
42922,0.61261123,0.010354929,1.2148675,1.036818,0.0,1.036818,0.2592045
42925,0.15640344,0.011351994,0.30145487,0.20205517,0.0,0.20205517,0.050513793
42927,1.0393587,0.011721641,2.0669959,1.843202,0.0,1.843202,0.4608005
42930,0.20160444,0.01193579,0.3912731,0.27346715,0.0,0.27346715,0.06836679
42933,0.04088496,0.012312795,0.06945712,0.069138564,0.0,0.069138564,0.017284641
42935,0.38923153,0.012843433,0.7656196,0.59631866,0.0,0.59631866,0.14907967
42938,0.044760052,0.013098064,0.07642204,0.049945924,0.0,0.049945924,0.012486481
42941,0.55226964,0.01270803,1.0918313,0.892396,0.0,0.892396,0.223099
42943,0.07032088,0.012416065,0.1282257,0.15090393,0.0,0.15090393,0.03772598
42946,0.04478438,0.012202766,0.07736599,0.050583433,0.0,0.050583433,0.012645858
42948,0.04653037,0.012466028,0.08059471,0.057623312,0.0,0.057623312,0.014405828
42951,0.3291227,0.0123881325,0.6458572,0.8067394,0.0,0.8067394,0.20168485
42954,0.04455793,0.01278915,0.076326706,0.0376436,0.0,0.0376436,0.0094109
42956,0.19213001,0.013004772,0.37125525,0.29226992,0.0,0.29226992,0.07306748
42959,0.11046657,0.0134028485,0.2075303,0.27839905,0.0,0.27839905,0.06959976
42961,0.1309477,0.013388435,0.24850695,0.3209224,0.0,0.3209224,0.0802306
42964,0.054410014,0.01337007,0.09544996,0.11434177,0.0,0.11434177,0.028585443
42967,0.20181768,0.013169778,0.3904656,0.48063293,0.0,0.48063293,0.12015823
42969,0.61732733,0.013309921,1.2213447,1.0522453,0.0,1.0522453,0.2630613
42972,0.07985789,0.012461069,0.14725472,0.17663081,0.0,0.17663081,0.044157702
42974,0.16268869,0.011966895,0.31341046,0.22174466,0.0,0.22174466,0.055436164
42977,0.24142413,0.011055857,0.47179237,0.39067993,0.0,0.39067993,0.09766998
42980,0.027213005,0.010605971,0.04382004,0.050231427,0.0,0.050231427,0.012557857
42982,0.43585882,0.009639386,0.8620782,0.76328915,0.0,0.76328915,0.19082229
42985,0.48251784,0.008875492,0.9561601,0.80796117,0.0,0.80796117,0.20199029
42988,0.081501335,0.008219461,0.1547832,0.17839265,0.0,0.17839265,0.044598162
42990,0.2387277,0.008386903,0.46906853,0.40751705,0.0,0.40751705,0.10187926
42993,0.21033001,0.007199044,0.41346097,0.47103843,0.0,0.47103843,0.11775961
42995,0.5287081,0.006913913,1.0505023,1.137884,0.0,1.137884,0.284471
42998,0.81195164,0.0063635446,1.6175398,1.4662079,0.0,1.4662079,0.36655197
43001,0.26710966,0.0053638597,0.5288555,0.5821366,0.0,0.5821366,0.14553414
43003,0.09708465,0.005443949,0.18872535,0.22024797,0.0,0.22024797,0.055061992
43006,0.09793788,0.0045199106,0.19135584,0.21348155,0.0,0.21348155,0.053370386
43008,0.12593774,0.004259704,0.24761577,0.21208112,0.0,0.21208112,0.05302028
43011,0.21300022,0.0035600292,0.4224404,0.46213332,0.0,0.46213332,0.11553333
43014,0.44626343,0.0031625936,0.88936424,0.83081514,0.0,0.83081514,0.20770378
43016,0.5989911,0.0028583948,1.1951238,1.1265625,0.0,1.1265625,0.28164062
43019,0.32973877,0.0021600137,0.65731746,0.61288387,0.0,0.61288387,0.15322097
43021,0.07733134,0.0021146417,0.15254803,0.14556582,0.0,0.14556582,0.036391456
43024,0.5002374,0.001670374,0.9988044,1.0466448,0.0,1.0466448,0.2616612
43027,0.6719901,0.0018540047,1.3421263,1.399685,0.0,1.399685,0.34992126
43029,0.4529692,0.0014331164,0.90450525,0.8529599,0.0,0.8529599,0.21323997
43032,0.17127497,0.0015359159,0.34101403,0.35933962,0.0,0.35933962,0.089834906
43035,0.6787208,0.0017534433,1.3556881,1.410215,0.0,1.410215,0.35255376
43037,0.8283815,0.0016307753,1.6551322,1.5887251,0.0,1.5887251,0.39718127
43040,0.11659071,0.0016162293,0.23156519,0.22630273,0.0,0.22630273,0.056575682
43042,0.10380497,0.0014260471,0.2061839,0.21867721,0.0,0.21867721,0.054669302
43045,0.08238693,0.0017647451,0.16300912,0.15789776,0.0,0.15789776,0.03947444
43048,0.055994168,0.001795115,0.11019322,0.095853545,0.0,0.095853545,0.023963386
43050,0.408824,0.0020039182,0.8156441,0.83863544,0.0,0.83863544,0.20965886
43053,0.04124019,0.0015239859,0.08095639,0.094023086,0.0,0.094023086,0.023505772
43055,0.5197056,0.0015381338,1.0378731,1.0289527,0.0,1.0289527,0.25723818
43058,0.03347108,0.0017412403,0.06520092,0.05970289,0.0,0.05970289,0.014925723
43061,0.6579146,0.0012501966,1.314579,1.3115945,0.0,1.3115945,0.32789862
43063,0.06883957,0.0016079579,0.13607119,0.13859855,0.0,0.13859855,0.034649637
43066,0.028879972,0.0018929796,0.055866968,0.05610026,0.0,0.05610026,0.014025065
43069,0.3115417,0.0018511262,0.6212323,0.6280174,0.0,0.6280174,0.15700436
43071,0.15881224,0.0015722387,0.31605226,0.32673666,0.0,0.32673666,0.081684165
43074,0.040359925,0.0016033427,0.0791165,0.07126824,0.0,0.07126824,0.01781706
43076,0.047020014,0.0016658627,0.09237417,0.09488312,0.0,0.09488312,0.02372078
43079,0.4852456,0.0020627473,0.96842843,0.9349615,0.0,0.9349615,0.23374037
43082,0.06238094,0.002641002,0.12212088,0.13115072,0.0,0.13115072,0.03278768
43084,0.18491612,0.0017642184,0.368068,0.34673962,0.0,0.34673962,0.086684905
43087,0.49212036,0.0021101304,0.9821305,1.0211655,0.0,1.0211655,0.25529137
43089,0.08720758,0.002051614,0.17236353,0.15858684,0.0,0.15858684,0.03964671
43092,0.65836614,0.0020978276,1.3146344,1.258948,0.0,1.258948,0.314737
43095,0.029979186,0.0022402888,0.057718083,0.047432527,0.0,0.047432527,0.011858132
43097,0.07532842,0.001742872,0.14891396,0.15443318,0.0,0.15443318,0.038608294
43100,0.107612036,0.0017210981,0.21350296,0.2236179,0.0,0.2236179,0.055904474
43102,0.15471987,0.0019389512,0.30750078,0.3174686,0.0,0.3174686,0.07936715
43105,0.040642362,0.0012660575,0.08001867,0.08771646,0.0,0.08771646,0.021929115
43108,0.87448436,0.0014997842,1.747469,1.7847422,0.0,1.7847422,0.44618556
43110,0.13817264,0.0010532822,0.275292,0.2684401,0.0,0.2684401,0.067110024
43113,0.37559995,0.00085316505,0.7503467,0.7361596,0.0,0.7361596,0.1840399
43116,0.026498256,0.0007578701,0.052238643,0.0493577,0.0,0.0493577,0.012339425
43118,0.19066846,0.000831007,0.38050592,0.37586978,0.0,0.37586978,0.093967445
43121,0.11246414,0.0008204393,0.22410785,0.22988175,0.0,0.22988175,0.057470437
43123,0.038004316,0.00072248303,0.07528615,0.07368321,0.0,0.07368321,0.018420802
43126,0.123925745,0.0010508726,0.24680062,0.2392614,0.0,0.2392614,0.05981535
43129,0.05388209,0.0008867946,0.10687738,0.11917269,0.0,0.11917269,0.029793173
43131,0.86307335,0.00095359545,1.725193,1.7526416,0.0,1.7526416,0.4381604
43134,0.5935269,0.0013384894,1.1857153,1.1396303,0.0,1.1396303,0.28490758
43136,0.36115864,0.0018481333,0.7204692,0.7563941,0.0,0.7563941,0.18909852
43139,0.48739922,0.0013934495,0.97340494,0.95120794,0.0,0.95120794,0.23780198
43142,0.21004848,0.0014018151,0.41869512,0.44898066,0.0,0.44898066,0.112245165
43144,0.07736895,0.0011975263,0.15354037,0.15735517,0.0,0.15735517,0.039338794
43147,0.032670353,0.0012782566,0.064062454,0.061319213,0.0,0.061319213,0.015329803
43149,0.053988833,0.001175164,0.1068025,0.09928399,0.0,0.09928399,0.024820998
43152,0.25414357,0.0009582956,0.5073288,0.4763403,0.0,0.4763403,0.11908507
43155,0.21894448,0.00095880684,0.43693015,0.46526113,0.0,0.46526113,0.11631528
43157,0.047615353,0.0010172817,0.094213426,0.08608326,0.0,0.08608326,0.021520816
43160,0.37077343,0.0010203441,0.7405265,0.70877284,0.0,0.70877284,0.17719321
43163,0.45170358,0.0009903051,0.9024169,0.94895333,0.0,0.94895333,0.23723833
43165,0.7415454,0.0010313084,1.4820595,1.4290477,0.0,1.4290477,0.35726193
43168,0.22626202,0.0008725434,0.45165148,0.42438278,0.0,0.42438278,0.106095694
43170,0.51336336,0.0010694506,1.0256573,1.0752751,0.0,1.0752751,0.26881877
43173,0.12262995,0.0013338802,0.24392603,0.26748323,0.0,0.26748323,0.06687081
43176,0.06675858,0.0013074934,0.13220966,0.121322356,0.0,0.121322356,0.030330589
43178,0.07153065,0.0013323369,0.14172897,0.12512362,0.0,0.12512362,0.031280905
43181,0.21142839,0.0013929345,0.42146385,0.39090633,0.0,0.39090633,0.09772658
43183,0.019866148,0.0012105247,0.03852177,0.03219289,0.0,0.03219289,0.008048222
43186,0.24917574,0.0010183491,0.49733314,0.47045317,0.0,0.47045317,0.11761329
43189,0.19364177,0.0009879642,0.38629556,0.4085358,0.0,0.4085358,0.10213395
43191,0.7126963,0.0008976685,1.4244949,1.3719053,0.0,1.3719053,0.34297633
43194,0.09015068,0.0009652397,0.17933612,0.19691308,0.0,0.19691308,0.04922827
43196,0.07535038,0.000977985,0.14972277,0.16610588,0.0,0.16610588,0.04152647
43199,0.35660195,0.0011622137,0.7120417,0.67350054,0.0,0.67350054,0.16837513
43202,0.27190942,0.0012472138,0.5425716,0.57605255,0.0,0.57605255,0.14401314
43204,0.54631686,0.0011870296,1.0914468,1.0419225,0.0,1.0419225,0.2604806
43207,0.40712038,0.0011882479,0.8130525,0.85536456,0.0,0.85536456,0.21384114
43210,0.012419556,0.0011231616,0.02371595,0.020358412,0.0,0.020358412,0.005089603
43212,0.072968595,0.0015027776,0.1444344,0.1326412,0.0,0.1326412,0.0331603
43215,0.76468307,0.0019199861,1.5274462,1.4901446,0.0,1.4901446,0.37253615
43217,0.18800835,0.0019416636,0.37407503,0.3425394,0.0,0.3425394,0.08563485
43220,0.12324569,0.0016006095,0.24489076,0.23901989,0.0,0.23901989,0.05975497
43223,0.8062985,0.001498205,1.6110988,1.5777181,0.0,1.5777181,0.39442953
43225,0.14582469,0.0013714839,0.29027787,0.2656633,0.0,0.2656633,0.066415824
43228,0.22028144,0.001577601,0.43898526,0.46529868,0.0,0.46529868,0.11632467
43230,0.11619392,0.001215837,0.23117201,0.2531207,0.0,0.2531207,0.06328017
43233,0.315911,0.0011173018,0.6307047,0.59220576,0.0,0.59220576,0.14805144
43236,0.042328894,0.0011569908,0.0835008,0.074550964,0.0,0.074550964,0.018637741
43238,0.105269186,0.0012830993,0.20925526,0.20096238,0.0,0.20096238,0.050240595
43241,0.1018576,0.0014067693,0.20230843,0.17687161,0.0,0.17687161,0.044217903
43243,0.745807,0.001364539,1.4902495,1.4372568,0.0,1.4372568,0.3593142
43246,0.01778087,0.0013305846,0.034231156,0.034939867,0.0,0.034939867,0.008734967
43249,0.34304062,0.001636982,0.68444425,0.73925525,0.0,0.73925525,0.18481381
43251,0.8229029,0.0016172966,1.6441885,1.7152443,0.0,1.7152443,0.42881107
43254,0.038837995,0.001958947,0.07571705,0.06968322,0.0,0.06968322,0.017420804
43257,0.05199635,0.0018573827,0.10213532,0.095412046,0.0,0.095412046,0.023853011
43259,0.25682965,0.0017030727,0.5119563,0.46564758,0.0,0.46564758,0.116411895
43262,0.20327114,0.0018128324,0.40472946,0.4464383,0.0,0.4464383,0.11160958
43264,0.04494899,0.001727853,0.08817013,0.08807782,0.0,0.08807782,0.022019455
43267,0.018581647,0.0015086563,0.035654638,0.037922334,0.0,0.037922334,0.0094805835
43270,0.3180517,0.001440857,0.63466257,0.58691424,0.0,0.58691424,0.14672856
43272,0.05173182,0.001650684,0.10181296,0.0912202,0.0,0.0912202,0.02280505
43275,0.7783525,0.0017842045,1.5549208,1.6283649,0.0,1.6283649,0.40709123
43277,0.51244766,0.0018095514,1.0230857,0.9640747,0.0,0.9640747,0.24101867
43280,0.019529333,0.0021628903,0.036895774,0.036774803,0.0,0.036774803,0.009193701
43283,0.10744032,0.0020054802,0.21287517,0.18528374,0.0,0.18528374,0.046320934
43285,0.13693891,0.0023263555,0.2715515,0.29663563,0.0,0.29663563,0.07415891
43288,0.6582903,0.0018724119,1.3147082,1.2466083,0.0,1.2466083,0.31165206
43290,0.08303351,0.0021301,0.16393693,0.14001164,0.0,0.14001164,0.03500291
43293,0.070326574,0.0019199926,0.13873315,0.11886675,0.0,0.11886675,0.029716687
43296,0.5458165,0.0016447529,1.0899882,1.0345432,0.0,1.0345432,0.2586358
43298,0.9743553,0.0014697528,1.9472408,1.8902286,0.0,1.8902286,0.47255716
43301,0.08142233,0.0010964862,0.16174817,0.17134993,0.0,0.17134993,0.042837482
43304,0.2972583,0.001045239,0.59347135,0.63057995,0.0,0.63057995,0.15764499
43306,0.06482964,0.0009831627,0.12867612,0.11894382,0.0,0.11894382,0.029735954
43309,0.017896252,0.0009518449,0.03484066,0.037139554,0.0,0.037139554,0.009284888
43311,0.06719846,0.0010123089,0.13338463,0.14817268,0.0,0.14817268,0.03704317
43314,0.27367914,0.00088618835,0.5464721,0.5130668,0.0,0.5130668,0.1282667
43317,0.19172722,0.0009534775,0.38250098,0.40956596,0.0,0.40956596,0.10239149
43319,0.05723415,0.00097285706,0.11349544,0.109264255,0.0,0.109264255,0.027316064
43322,0.52955896,0.0008947581,1.0582231,1.1038331,0.0,1.1038331,0.27595827
43324,0.06701083,0.0009821994,0.13303946,0.11853603,0.0,0.11853603,0.029634008
43327,0.028943472,0.0010717046,0.056815237,0.05547167,0.0,0.05547167,0.0138679175
43330,0.06237082,0.0010955605,0.12364608,0.13724487,0.0,0.13724487,0.034311216
43332,0.04378585,0.0010418898,0.08652981,0.085660584,0.0,0.085660584,0.021415146
43335,0.045974527,0.0011217729,0.090827286,0.09986959,0.0,0.09986959,0.024967397
43337,0.079294406,0.001280916,0.15730791,0.17259748,0.0,0.17259748,0.04314937
43340,0.109149985,0.0013274802,0.21697249,0.1980056,0.0,0.1980056,0.0495014
43343,0.028496847,0.0016284267,0.055365264,0.048271116,0.0,0.048271116,0.012067779
43345,0.022266448,0.0017304659,0.042802427,0.041703135,0.0,0.041703135,0.010425784
43348,0.16345777,0.0017323863,0.32518315,0.34607568,0.0,0.34607568,0.08651892
43351,0.14298011,0.001092424,0.2848678,0.2764184,0.0,0.2764184,0.0691046
43353,0.043625046,0.00072028517,0.08652981,0.085960604,0.0,0.085960604,0.021490151
43356,0.025578992,0.0007309287,0.05042706,0.054467887,0.0,0.054467887,0.013616972
43358,0.22451162,0.0009812522,0.448042,0.46993577,0.0,0.46993577,0.11748394
43361,0.3765559,0.00064447353,0.75246733,0.7777262,0.0,0.7777262,0.19443154
43364,0.098284416,0.0004983708,0.19607045,0.18419217,0.0,0.18419217,0.04604804
43366,0.4283091,0.0005296205,0.85608864,0.8793176,0.0,0.8793176,0.2198294
43369,0.21616149,0.00076840614,0.43155456,0.45014465,0.0,0.45014465,0.11253616
43371,0.51547426,0.0009152706,1.0300332,1.0602778,0.0,1.0602778,0.26506945
43374,0.05133152,0.0010566063,0.101606436,0.108655274,0.0,0.108655274,0.027163818
43377,0.4855031,0.0006639862,0.9703422,0.9440808,0.0,0.9440808,0.2360202
43379,0.06986457,0.0006283885,0.13910075,0.13153696,0.0,0.13153696,0.03288424
43382,0.15979685,0.00071964023,0.31887403,0.33306184,0.0,0.33306184,0.08326546
43384,0.16481881,0.00062665367,0.32901096,0.31317604,0.0,0.31317604,0.07829401
43387,0.16524534,0.00060285354,0.3298878,0.34375867,0.0,0.34375867,0.08593967
43390,0.18326695,0.000655585,0.36587834,0.34982705,0.0,0.34982705,0.08745676
43392,0.38391587,0.0006230862,0.76720864,0.7407647,0.0,0.7407647,0.18519117
43395,0.34677568,0.0011075231,0.69244385,0.717604,0.0,0.717604,0.179401
43398,0.1000712,0.00093581184,0.19920659,0.20819509,0.0,0.20819509,0.052048773
43400,0.031194909,0.00088751054,0.061502308,0.05698222,0.0,0.05698222,0.014245555
43403,0.024246087,0.0010110583,0.047481116,0.046663713,0.0,0.046663713,0.011665928
43405,0.21789806,0.0012822112,0.4345139,0.4560727,0.0,0.4560727,0.11401817
43408,0.4836875,0.00078502443,0.9665899,0.9388736,0.0,0.9388736,0.2347184
43411,0.0700336,0.0010248395,0.13904236,0.14171895,0.0,0.14171895,0.03542974
43413,0.3477036,0.0007497633,0.6946575,0.70689803,0.0,0.70689803,0.17672451
43416,0.102324896,0.0008621893,0.20378761,0.18864886,0.0,0.18864886,0.047162216
43418,0.47370985,0.00082811137,0.9465916,0.96428084,0.0,0.96428084,0.24107021
43421,0.039553367,0.0011491195,0.077957615,0.07381742,0.0,0.07381742,0.018454354
43424,0.12247392,0.0007642815,0.24418354,0.22867675,0.0,0.22867675,0.057169188
43426,0.0608184,0.0010147127,0.12062209,0.116028786,0.0,0.116028786,0.029007196
43429,0.40240514,0.0012209467,0.80358934,0.8094867,0.0,0.8094867,0.20237167
43431,0.38222775,0.0011084824,0.76334697,0.7795984,0.0,0.7795984,0.1948996
43434,0.020510346,0.001544762,0.03947593,0.03291932,0.0,0.03291932,0.00822983
43437,0.07980701,0.001572053,0.15804197,0.13739036,0.0,0.13739036,0.03434759
43439,0.20069756,0.0014702209,0.3999249,0.4320391,0.0,0.4320391,0.10800978
43442,0.096207015,0.0013718237,0.1910422,0.19090362,0.0,0.19090362,0.047725905
43445,0.050672438,0.0015908486,0.09975403,0.1174855,0.0,0.1174855,0.029371375
43447,0.13857715,0.0013315044,0.2758228,0.30399802,0.0,0.30399802,0.075999506
43450,0.31416738,0.001347159,0.62698764,0.5853426,0.0,0.5853426,0.14633565
43452,0.3652033,0.0012658047,0.72914076,0.7729133,0.0,0.7729133,0.19322832
43455,0.58171237,0.0015989393,1.1618258,1.210112,0.0,1.210112,0.302528
43458,0.18574281,0.0016690707,0.36981654,0.40365854,0.0,0.40365854,0.100914635
43460,0.07148788,0.0015460057,0.14142977,0.13212025,0.0,0.13212025,0.033030063
43463,0.12329858,0.0015546718,0.24504249,0.21813546,0.0,0.21813546,0.054533865
43465,0.091761105,0.0015479132,0.18197429,0.15713267,0.0,0.15713267,0.039283168
43468,0.019983219,0.0015573056,0.038409133,0.03777175,0.0,0.03777175,0.009442938
43471,0.62249666,0.0016203816,1.2433729,1.1762404,0.0,1.1762404,0.2940601
43473,0.14138347,0.0017000698,0.28106686,0.31420383,0.0,0.31420383,0.07855096
43476,0.15323402,0.0016024878,0.30486557,0.34171176,0.0,0.34171176,0.08542794
43478,0.01978276,0.0016862847,0.037879232,0.047319174,0.0,0.047319174,0.011829793
43481,0.07511394,0.0017142803,0.1485136,0.14631647,0.0,0.14631647,0.036579117
43484,0.56160814,0.0024257042,1.1207906,1.1966203,0.0,1.1966203,0.2991551
43486,0.2620855,0.001972137,0.52219886,0.47686115,0.0,0.47686115,0.11921529
43489,0.08530596,0.0020454945,0.16856642,0.14492886,0.0,0.14492886,0.036232214
43492,0.22004628,0.0022713298,0.43782124,0.3969685,0.0,0.3969685,0.09924213
43494,0.019577058,0.0024209016,0.036733214,0.035375807,0.0,0.035375807,0.008843952
43497,0.017413484,0.0023859467,0.032441024,0.036692854,0.0,0.036692854,0.0091732135
43499,0.012518864,0.0020561055,0.022981623,0.024521505,0.0,0.024521505,0.0061303764
43502,0.03228295,0.0018540503,0.06271184,0.06536543,0.0,0.06536543,0.016341358
43505,0.5738221,0.0019016593,1.1457425,1.0806686,0.0,1.0806686,0.27016714
43507,0.097248115,0.0016382126,0.19285803,0.16725343,0.0,0.16725343,0.04181336
43510,0.051476672,0.001543974,0.10140937,0.09780878,0.0,0.09780878,0.024452195
43512,0.1860479,0.0017086229,0.37038717,0.3336308,0.0,0.3336308,0.0834077
43515,0.33324364,0.001316444,0.66517085,0.71332437,0.0,0.71332437,0.17833109
43518,0.0773479,0.0014004757,0.15329532,0.17179815,0.0,0.17179815,0.04294954
43520,0.28054354,0.0013505295,0.55973655,0.6018892,0.0,0.6018892,0.1504723
43523,0.23655103,0.001332337,0.47176972,0.5099245,0.0,0.5099245,0.12748112
43525,0.23727776,0.0014364204,0.4731191,0.51474565,0.0,0.51474565,0.12868641
43528,0.06780435,0.0021406377,0.13346806,0.1513605,0.0,0.1513605,0.037840124
43531,0.40363124,0.002734572,0.80452794,0.7500229,0.0,0.7500229,0.18750572
43533,0.4388901,0.0025640705,0.8752162,0.927018,0.0,0.927018,0.2317545
43536,0.034477934,0.0021536844,0.06680218,0.05842905,0.0,0.05842905,0.014607263
43539,0.18982844,0.0019237293,0.37773314,0.4136038,0.0,0.4136038,0.10340095
43541,0.10851172,0.0021625028,0.21486096,0.2419854,0.0,0.2419854,0.06049635
43544,0.116805814,0.0016601923,0.23195143,0.20553215,0.0,0.20553215,0.051383037
43546,0.13698296,0.0016620923,0.27230382,0.24217093,0.0,0.24217093,0.060542732
43549,0.20022,0.0014239898,0.39901602,0.3670386,0.0,0.3670386,0.09175965
43552,0.7376624,0.001218015,1.4741068,1.5356795,0.0,1.5356795,0.38391986
43554,0.13081597,0.0012376605,0.2603943,0.28610757,0.0,0.28610757,0.07152689
43557,0.0851357,0.001043479,0.16922791,0.18159191,0.0,0.18159191,0.04539798
43559,0.2472106,0.0009831367,0.4934381,0.5266107,0.0,0.5266107,0.13165267
43562,0.1800421,0.0010223385,0.35906187,0.33078545,0.0,0.33078545,0.08269636
43565,0.021916049,0.0012930235,0.042539075,0.044810653,0.0,0.044810653,0.011202663
43567,0.18419927,0.0015512862,0.36684728,0.39036012,0.0,0.39036012,0.09759003
43570,0.038355347,0.0023346196,0.07437608,0.07305776,0.0,0.07305776,0.01826444
43573,0.85240936,0.0019851385,1.7028337,1.6566778,0.0,1.6566778,0.41416946
43575,0.18743515,0.001419366,0.3734509,0.34720194,0.0,0.34720194,0.086800486
43578,0.22150272,0.0012651741,0.44174027,0.46310404,0.0,0.46310404,0.11577601
43580,0.64664626,0.0010776367,1.2922149,1.3295263,0.0,1.3295263,0.33238158
43583,0.087804265,0.0012296058,0.17437893,0.16157706,0.0,0.16157706,0.040394265
43586,0.018977778,0.0008650855,0.03709047,0.039667934,0.0,0.039667934,0.009916984
43588,0.050533846,0.00066173467,0.10040596,0.09178574,0.0,0.09178574,0.022946434
43591,0.8187391,0.00079783704,1.6366802,1.6684643,0.0,1.6684643,0.41711608
43593,0.20253767,0.0009970161,0.40407833,0.42142752,0.0,0.42142752,0.10535688
43596,0.03287146,0.00091147673,0.06483144,0.06929964,0.0,0.06929964,0.01732491
43599,0.027844781,0.0008478952,0.054841667,0.058287356,0.0,0.058287356,0.014571839
43601,0.09246862,0.00056138675,0.18437584,0.17634809,0.0,0.17634809,0.044087023
43604,0.4756664,0.00069031975,0.9506425,0.92254686,0.0,0.92254686,0.23063672
43606,0.27733243,0.0007588432,0.553906,0.5320197,0.0,0.5320197,0.13300492
43609,0.034260333,0.00082795694,0.067692704,0.06301701,0.0,0.06301701,0.015754253
43612,0.01364383,0.0007497988,0.02653786,0.02573386,0.0,0.02573386,0.006433465
43614,0.5576759,0.0005887949,1.1147629,1.0899546,0.0,1.0899546,0.27248865
43617,0.13303323,0.00082851434,0.26523796,0.2776929,0.0,0.2776929,0.06942323
43620,0.052744895,0.000904849,0.10458494,0.10693938,0.0,0.10693938,0.026734846
43622,0.22769208,0.0008388872,0.4545453,0.4358437,0.0,0.4358437,0.10896093
43625,0.17141522,0.0009488763,0.3418816,0.32012543,0.0,0.32012543,0.08003136
43627,0.047057573,0.0010725232,0.09304262,0.090088814,0.0,0.090088814,0.022522204
43630,0.5994238,0.001314877,1.1975328,1.1821805,0.0,1.1821805,0.29554513
43633,0.019515118,0.0013849797,0.037645254,0.041295547,0.0,0.041295547,0.010323887
43635,0.1211915,0.0017751729,0.24060784,0.21607275,0.0,0.21607275,0.05401819
43638,0.8157878,0.0012540374,1.6303215,1.5929824,0.0,1.5929824,0.3982456
43640,0.055431206,0.0017442778,0.109118134,0.102988414,0.0,0.102988414,0.025747104
43643,0.03260208,0.0014089771,0.06379518,0.060438793,0.0,0.060438793,0.015109698
43646,0.1754091,0.0014250438,0.34939316,0.3798639,0.0,0.3798639,0.09496597
43648,0.75220466,0.001427516,1.5029818,1.4457666,0.0,1.4457666,0.36144164
43651,0.14176075,0.001577047,0.28194448,0.250887,0.0,0.250887,0.06272175
43653,0.29581964,0.001495211,0.5901441,0.6325303,0.0,0.6325303,0.15813257
43656,0.18312107,0.0013583899,0.36488375,0.39485845,0.0,0.39485845,0.09871461
43659,0.062605806,0.0014095893,0.12380203,0.12346059,0.0,0.12346059,0.030865148
43661,0.30245107,0.0014217607,0.6034804,0.6327847,0.0,0.6327847,0.15819618
43664,0.039841555,0.0012661774,0.078416936,0.081574954,0.0,0.081574954,0.020393739
43667,0.1217676,0.0014043683,0.24213083,0.26691636,0.0,0.26691636,0.06672909
43669,0.45165345,0.0014165323,0.90189034,0.8472197,0.0,0.8472197,0.21180493
43672,0.12962313,0.0014337277,0.25781253,0.22961056,0.0,0.22961056,0.05740264
43674,0.09589851,0.0015581126,0.19023891,0.16598889,0.0,0.16598889,0.041497223
43677,0.05234756,0.0016923895,0.10300273,0.118030965,0.0,0.118030965,0.029507741
43680,0.19702895,0.0017182707,0.39233962,0.3558899,0.0,0.3558899,0.08897247
43682,0.074227445,0.0017323339,0.14672256,0.13799411,0.0,0.13799411,0.034498528
43685,0.12875076,0.0016909017,0.25581062,0.24397187,0.0,0.24397187,0.060992967
43687,0.52080476,0.0016117719,1.0399977,1.1011605,0.0,1.1011605,0.27529013
43690,0.1406043,0.0015856655,0.27962294,0.309083,0.0,0.309083,0.07727075
43693,0.020114219,0.0015546471,0.03867379,0.03153947,0.0,0.03153947,0.0078848675
43695,0.15744166,0.0015959322,0.3132874,0.28319976,0.0,0.28319976,0.07079994
43698,0.081384994,0.0015759757,0.16119401,0.1391663,0.0,0.1391663,0.034791574
43700,0.07725244,0.0015135674,0.15299131,0.16553026,0.0,0.16553026,0.041382566
43703,0.022816008,0.0015601903,0.044071823,0.048811015,0.0,0.048811015,0.012202754
43706,0.7947282,0.0016105901,1.5878458,1.514067,0.0,1.514067,0.37851676
43708,0.17255186,0.0015830552,0.34352064,0.37730184,0.0,0.37730184,0.09432546
43711,0.4173825,0.0017802786,0.83298475,0.78838617,0.0,0.78838617,0.19709654
43714,0.23140389,0.0018299908,0.4609778,0.41752875,0.0,0.41752875,0.10438219
43716,0.2678487,0.0019109385,0.5337865,0.58070874,0.0,0.58070874,0.14517719
43719,0.28797695,0.0021384447,0.57381546,0.6074138,0.0,0.6074138,0.15185346
43721,0.1844759,0.0021969592,0.36675486,0.3234863,0.0,0.3234863,0.080871575
43724,0.57561016,0.0022732539,1.1489471,1.0747294,0.0,1.0747294,0.26868236
43727,0.2679869,0.0021984435,0.5337753,0.58818865,0.0,0.58818865,0.14704716
43729,0.03801422,0.0021845205,0.07384392,0.06607643,0.0,0.06607643,0.016519107
43732,0.07453718,0.0021115048,0.14696285,0.11859081,0.0,0.11859081,0.029647702
43734,0.07087757,0.0020818373,0.1396733,0.14211057,0.0,0.14211057,0.035527643
43737,0.7936024,0.0020277898,1.585177,1.4893745,0.0,1.4893745,0.37234363
43740,0.057337746,0.0021279163,0.11254758,0.112731166,0.0,0.112731166,0.028182792
43742,0.13299587,0.00249404,0.2634977,0.22201109,0.0,0.22201109,0.055502772
43745,0.02808169,0.002505354,0.053658027,0.06133656,0.0,0.06133656,0.01533414
43747,0.097825445,0.0024344479,0.19321644,0.19893791,0.0,0.19893791,0.049734477
43750,0.27257958,0.0025099928,0.5426492,0.59114087,0.0,0.59114087,0.14778522
43753,0.12810822,0.0024635142,0.25375292,0.21285951,0.0,0.21285951,0.053214878
43755,0.1322015,0.0026594102,0.26174358,0.30663693,0.0,0.30663693,0.07665923
43758,0.026576033,0.0023360525,0.05081601,0.039238494,0.0,0.039238494,0.0098096235
43761,0.041594256,0.0023891644,0.08079935,0.09106377,0.0,0.09106377,0.022765942
43763,0.5704436,0.002508646,1.1383785,1.047335,0.0,1.047335,0.26183376
43766,0.054908812,0.0027082071,0.10710942,0.13432068,0.0,0.13432068,0.03358017
43768,0.02910448,0.0025570597,0.055651903,0.06555405,0.0,0.06555405,0.016388513
43771,0.5208539,0.0026434027,1.0390643,1.1304728,0.0,1.1304728,0.2826182
43774,0.2712472,0.0026567262,0.53983766,0.60515124,0.0,0.60515124,0.15128781
43776,0.101846606,0.0025391786,0.20115404,0.16660802,0.0,0.16660802,0.041652005
43779,0.2842516,0.0027329072,0.56577027,0.5004248,0.0,0.5004248,0.1251062
43781,0.5144944,0.002553324,1.0264355,1.1087773,0.0,1.1087773,0.27719432
43784,0.07749735,0.0025032468,0.15249145,0.121521294,0.0,0.121521294,0.030380324
43787,0.3424499,0.0027756838,0.68212414,0.60734504,0.0,0.60734504,0.15183626
43789,0.18387981,0.003102228,0.3646574,0.42079923,0.0,0.42079923,0.10519981
43792,0.01189591,0.002854279,0.02093754,0.02237986,0.0,0.02237986,0.005594965
43794,0.48083076,0.003022284,0.9586392,1.0377257,0.0,1.0377257,0.25943142
43797,0.02300994,0.0028332912,0.043186586,0.04525654,0.0,0.04525654,0.011314135
43800,0.20763308,0.0026708664,0.41259527,0.46899417,0.0,0.46899417,0.11724854
43802,0.35107267,0.0026579748,0.6994874,0.7778694,0.0,0.7778694,0.19446735
43805,0.14242987,0.0026777491,0.28218198,0.2949928,0.0,0.2949928,0.0737482
43808,0.16009536,0.0027851854,0.31740555,0.37047103,0.0,0.37047103,0.09261776
43810,0.08952412,0.0029133211,0.17613493,0.21374725,0.0,0.21374725,0.053436812
43813,0.13351229,0.0028993438,0.26412523,0.3136721,0.0,0.3136721,0.078418024
43815,0.03026249,0.0028651145,0.057659864,0.07300872,0.0,0.07300872,0.01825218
43818,0.05693886,0.0029043006,0.110973425,0.10903853,0.0,0.10903853,0.027259633
43821,0.27382228,0.0030758076,0.5445688,0.47044015,0.0,0.47044015,0.11761004
43823,0.10456327,0.0034255963,0.20570095,0.23083197,0.0,0.23083197,0.05770799
43826,0.029163761,0.0036791814,0.05464834,0.059541497,0.0,0.059541497,0.014885374
43828,0.014216791,0.0037127684,0.024720812,0.030596888,0.0,0.030596888,0.007649222
43831,0.17538281,0.0036493212,0.34711632,0.39805636,0.0,0.39805636,0.09951409
43834,0.09083987,0.003270397,0.17840935,0.14015657,0.0,0.14015657,0.03503914
43836,0.025161522,0.00332684,0.046996206,0.03561276,0.0,0.03561276,0.00890319
43839,0.0614332,0.003094279,0.11977213,0.14391963,0.0,0.14391963,0.035979908
43841,0.17132473,0.0032754021,0.33937407,0.39443207,0.0,0.39443207,0.09860802
43844,0.034571905,0.0031312567,0.066012554,0.04803455,0.0,0.04803455,0.012008637
43847,0.06604073,0.003000696,0.12908076,0.10581243,0.0,0.10581243,0.026453108
43849,0.64723754,0.0032161083,1.2912589,1.1826509,0.0,1.1826509,0.29566273
43852,0.104409,0.0029916374,0.20582636,0.23460639,0.0,0.23460639,0.058651596
43855,0.092547186,0.0029042352,0.18219014,0.15061246,0.0,0.15061246,0.037653115
43857,0.38448036,0.0030136919,0.76594704,0.8427898,0.0,0.8427898,0.21069746
43860,0.089713044,0.002926521,0.17649956,0.14721374,0.0,0.14721374,0.036803436
43862,0.13967569,0.0030158137,0.27633557,0.31547436,0.0,0.31547436,0.07886859
43865,0.20671476,0.0028513714,0.41057816,0.36165228,0.0,0.36165228,0.09041307
43868,0.18328364,0.002373919,0.36419335,0.3230461,0.0,0.3230461,0.08076152
43870,0.18693309,0.0025432154,0.37132296,0.41028118,0.0,0.41028118,0.102570295
43873,0.02402325,0.0024687452,0.045577753,0.052211326,0.0,0.052211326,0.013052831
43875,0.3132414,0.002208899,0.62427384,0.6811264,0.0,0.6811264,0.1702816
43878,0.6426848,0.0018777173,1.283492,1.2130042,0.0,1.2130042,0.30325106
43881,0.08512478,0.0014222598,0.1688273,0.18901803,0.0,0.18901803,0.047254506
43883,0.03066284,0.0014217704,0.05990391,0.0687882,0.0,0.0687882,0.01719705
43886,0.3202369,0.0013797818,0.639094,0.6864176,0.0,0.6864176,0.1716044
43888,0.07291733,0.001236091,0.14459856,0.16481668,0.0,0.16481668,0.04120417
43891,0.59806865,0.0011419362,1.1949954,1.256801,0.0,1.256801,0.31420025
43894,0.7067129,0.0012612586,1.4121646,1.3558058,0.0,1.3558058,0.33895144
43896,0.15247554,0.0012474513,0.30370364,0.2823817,0.0,0.2823817,0.07059543
43899,0.21177508,0.00098472,0.42256546,0.4431579,0.0,0.4431579,0.11078948
43902,0.049915317,0.000893386,0.09893725,0.106465496,0.0,0.106465496,0.026616374
43904,0.15376882,0.00080094207,0.3067367,0.32443064,0.0,0.32443064,0.08110766
43907,0.039843585,0.00086162315,0.07882554,0.08075643,0.0,0.08075643,0.020189108
43909,0.012063139,0.000752391,0.023373887,0.020654831,0.0,0.020654831,0.005163708
43912,0.070548244,0.00082901755,0.14026748,0.14933698,0.0,0.14933698,0.037334245
43915,0.15336595,0.0007781488,0.30595374,0.3162924,0.0,0.3162924,0.0790731
43917,0.020105788,0.00085499906,0.03935658,0.03458537,0.0,0.03458537,0.008646343
43920,0.5705552,0.0009221603,1.1401883,1.1718212,0.0,1.1718212,0.2929553
43922,0.17426854,0.0007152194,0.34782186,0.3566676,0.0,0.3566676,0.0891669
43925,0.19909574,0.0007950878,0.39739642,0.3848827,0.0,0.3848827,0.09622067
43928,0.04796028,0.00073743024,0.095183134,0.098302044,0.0,0.098302044,0.024575511
43930,0.05112934,0.00052575767,0.10173293,0.10300469,0.0,0.10300469,0.025751172
43933,0.02735372,0.00052633596,0.05418111,0.049641132,0.0,0.049641132,0.012410283
43935,0.12351703,0.00041491585,0.24661915,0.2414494,0.0,0.2414494,0.06036235
43938,0.026831709,0.00040281573,0.0532606,0.050568815,0.0,0.050568815,0.012642204
43941,0.13409495,0.00046360065,0.2677263,0.26113927,0.0,0.26113927,0.06528482
43943,0.044684883,0.00036685742,0.08900291,0.088158615,0.0,0.088158615,0.022039654
43946,0.5675804,0.00049201737,1.1346688,1.1266608,0.0,1.1266608,0.2816652
43949,0.25076443,0.00044228704,0.50108653,0.4956356,0.0,0.4956356,0.1239089
43951,0.18971877,0.00051165954,0.3789259,0.37447032,0.0,0.37447032,0.09361758
43954,0.11666753,0.00038068436,0.23295438,0.22804125,0.0,0.22804125,0.05701031
43956,0.022605477,0.00040840893,0.044802543,0.045724098,0.0,0.045724098,0.011431024
43959,0.26116404,0.00039444756,0.5219336,0.51640916,0.0,0.51640916,0.12910229
43962,0.10494802,0.00053004036,0.20936601,0.21609478,0.0,0.21609478,0.054023694
43964,0.046468247,0.00058920175,0.092347294,0.08856222,0.0,0.08856222,0.022140555
43967,0.12148879,0.0006343876,0.24234319,0.2445509,0.0,0.2445509,0.061137725
43969,0.054326966,0.00064778427,0.10800615,0.10945483,0.0,0.10945483,0.027363708
43972,0.034773324,0.00052129006,0.06902536,0.06656174,0.0,0.06656174,0.016640436
43975,0.12645553,0.0005622025,0.25234887,0.24732624,0.0,0.24732624,0.06183156
43977,0.3723966,0.00057786785,0.7442153,0.7512911,0.0,0.7512911,0.18782277
43980,0.07852,0.00053038547,0.15650962,0.15454298,0.0,0.15454298,0.038635746
43982,0.044927265,0.00056588114,0.08928865,0.090456165,0.0,0.090456165,0.022614041
43985,0.80919796,0.00045908193,1.617937,1.6252851,0.0,1.6252851,0.4063213
43988,0.18373097,0.00050778326,0.36695418,0.37506595,0.0,0.37506595,0.09376649
43990,0.587062,0.00050282985,1.1736212,1.1634446,0.0,1.1634446,0.29086116
43993,0.328458,0.00061095395,0.6563051,0.6672961,0.0,0.6672961,0.16682403
43996,0.034538984,0.00056497636,0.06851299,0.073300086,0.0,0.073300086,0.018325021
43998,0.026568271,0.0005761743,0.05256037,0.054352764,0.0,0.054352764,0.013588191
44001,0.03562169,0.0007039639,0.07053942,0.07143048,0.0,0.07143048,0.01785762
44003,0.2673012,0.000802204,0.5338002,0.53197783,0.0,0.53197783,0.13299446
44006,0.2737693,0.0007812236,0.5467574,0.5518722,0.0,0.5518722,0.13796805
44009,0.31177709,0.00093176664,0.62262243,0.6405944,0.0,0.6405944,0.1601486
44011,0.11484125,0.00089444005,0.22878806,0.24200869,0.0,0.24200869,0.06050217
44014,0.39082122,0.0010025088,0.78063995,0.77759165,0.0,0.77759165,0.19439791
44016,0.6973091,0.00097194844,1.3936462,1.396944,0.0,1.396944,0.349236
44019,0.3727251,0.00080546626,0.7446447,0.7696829,0.0,0.7696829,0.19242072
44022,0.49534464,0.0008730809,0.9898162,1.0149959,0.0,1.0149959,0.25374898
44024,0.094370596,0.0008059526,0.18793523,0.17427401,0.0,0.17427401,0.043568503
44027,0.08361701,0.000986677,0.16624735,0.15239136,0.0,0.15239136,0.03809784
44029,0.39340246,0.00095538073,0.7858496,0.8150358,0.0,0.8150358,0.20375896
44032,0.5930373,0.0009403595,1.1851343,1.1485099,0.0,1.1485099,0.28712747
44035,0.2110293,0.0010534383,0.42100516,0.44309998,0.0,0.44309998,0.110774994
44037,0.043885604,0.0009570475,0.08681416,0.08152062,0.0,0.08152062,0.020380154
44040,0.26572254,0.00094142946,0.5305037,0.5131836,0.0,0.5131836,0.1282959
44043,0.27556545,0.0009905836,0.5501403,0.578326,0.0,0.578326,0.1445815
44045,0.08828697,0.00094870524,0.17562525,0.17511122,0.0,0.17511122,0.043777805
44048,0.08947146,0.00092037156,0.17802255,0.17725019,0.0,0.17725019,0.044312548
44050,0.16005653,0.00096349436,0.31914958,0.3398039,0.0,0.3398039,0.084950976
44053,0.25841603,0.0008884087,0.5159436,0.53899527,0.0,0.53899527,0.13474882
44056,0.017069822,0.00093193306,0.03320771,0.035948846,0.0,0.035948846,0.008987212
44058,0.032117028,0.00095572043,0.06327834,0.05998313,0.0,0.05998313,0.014995783
44061,0.20287079,0.0011062844,0.40463528,0.3756453,0.0,0.3756453,0.09391133
44063,0.15146506,0.0012335054,0.30169663,0.32794365,0.0,0.32794365,0.08198591
44066,0.6473596,0.001531067,1.2931882,1.2504904,0.0,1.2504904,0.3126226
44069,0.06452531,0.0016023923,0.12744823,0.14573108,0.0,0.14573108,0.03643277
44071,0.11812842,0.0016333169,0.2346235,0.22047634,0.0,0.22047634,0.055119086
44074,0.666862,0.001500415,1.3322235,1.2728181,0.0,1.2728181,0.31820452
44077,0.6145442,0.0015631536,1.2275252,1.1694916,0.0,1.1694916,0.2923729
44079,0.055376742,0.0014447061,0.10930878,0.09912772,0.0,0.09912772,0.02478193
44082,0.09750464,0.0013699615,0.19363932,0.2160505,0.0,0.2160505,0.054012626
44084,0.02103029,0.0013974808,0.040663097,0.042557437,0.0,0.042557437,0.010639359
44087,0.1745554,0.001430008,0.3476808,0.3179045,0.0,0.3179045,0.079476126
44090,0.07261682,0.0015905943,0.14364305,0.12921591,0.0,0.12921591,0.032303978
44092,0.056753684,0.001621148,0.111886226,0.10784621,0.0,0.10784621,0.026961552
44095,0.052249234,0.0014815476,0.10301692,0.09667642,0.0,0.09667642,0.024169104
44097,0.8567441,0.0015370467,1.7119513,1.65916,0.0,1.65916,0.41479
44100,0.02848799,0.001433361,0.055542618,0.055181514,0.0,0.055181514,0.013795379
44103,0.48028037,0.0015309158,0.95902985,0.9224677,0.0,0.9224677,0.23061693
44105,0.0459467,0.0016712775,0.09022212,0.09548912,0.0,0.09548912,0.02387228
44108,0.3829342,0.0014838245,0.76438457,0.806376,0.0,0.806376,0.201594
44110,0.016790526,0.0012361998,0.03234485,0.027297132,0.0,0.027297132,0.006824283
44113,0.6511418,0.0011779644,1.3011056,1.2507182,0.0,1.2507182,0.31267956
44116,0.024074866,0.0011098572,0.04703987,0.050014425,0.0,0.050014425,0.012503606
44118,0.013905462,0.0012536518,0.026557272,0.029180223,0.0,0.029180223,0.007295056
44121,0.28933248,0.0012476038,0.5774174,0.5421011,0.0,0.5421011,0.13552527
44124,0.19439751,0.0011795601,0.38761544,0.41794065,0.0,0.41794065,0.10448516
44126,0.04462577,0.0012537778,0.087997764,0.08448254,0.0,0.08448254,0.021120636
44129,0.34604183,0.0015131651,0.69057053,0.7354247,0.0,0.7354247,0.18385617
44131,0.10430786,0.0015193823,0.20709634,0.21890791,0.0,0.21890791,0.054726977
44134,0.19850527,0.0017104571,0.39530006,0.43331417,0.0,0.43331417,0.10832854
44137,0.2257541,0.001559419,0.4499488,0.48302743,0.0,0.48302743,0.12075686
44139,0.059637234,0.0018909642,0.1173835,0.12219169,0.0,0.12219169,0.030547922
44142,0.042903107,0.0021425523,0.083663665,0.086650334,0.0,0.086650334,0.021662584
44144,0.029577421,0.002274222,0.056880623,0.060329307,0.0,0.060329307,0.015082327
44147,0.6416581,0.002390609,1.2809256,1.2042135,0.0,1.2042135,0.30105338
44150,0.29966936,0.0022683884,0.5970703,0.6363445,0.0,0.6363445,0.15908612
44152,0.06263618,0.0023613444,0.12291101,0.12241874,0.0,0.12241874,0.030604685
44155,0.018281529,0.002487919,0.034075137,0.029465675,0.0,0.029465675,0.007366419
44157,0.10081866,0.0022689924,0.19936831,0.20638426,0.0,0.20638426,0.051596064
44160,0.42159545,0.002212757,0.84097815,0.7788585,0.0,0.7788585,0.19471462
44163,0.17248595,0.002169757,0.34280214,0.30104518,0.0,0.30104518,0.075261295
44165,0.06575633,0.0020709333,0.12944172,0.12600492,0.0,0.12600492,0.03150123
44168,0.79815,0.002066612,1.5942334,1.6721745,0.0,1.6721745,0.4180436
44171,0.29492256,0.0019091483,0.587936,0.5392098,0.0,0.5392098,0.13480245
44173,0.09405435,0.0018671864,0.18624151,0.21566512,0.0,0.21566512,0.05391628
44176,0.20411241,0.0018572067,0.40636763,0.4481475,0.0,0.4481475,0.11203688
44178,0.0449589,0.0016528815,0.08826491,0.08182233,0.0,0.08182233,0.020455582
44181,0.17545098,0.0016392573,0.3492627,0.38372895,0.0,0.38372895,0.09593224
44184,0.107412696,0.0017220589,0.21310334,0.18424238,0.0,0.18424238,0.046060596
44186,0.051576916,0.001807982,0.10134586,0.085093,0.0,0.085093,0.02127325
44189,0.08704726,0.0019520152,0.1721425,0.15116663,0.0,0.15116663,0.03779166
44191,0.0948968,0.0017000247,0.18809359,0.21465822,0.0,0.21465822,0.053664554
44194,0.04567066,0.0016417798,0.08969954,0.09497235,0.0,0.09497235,0.023743087
44197,0.24183194,0.001735224,0.48192868,0.5252952,0.0,0.5252952,0.1313238
44199,0.15094005,0.0017091553,0.30017093,0.26736256,0.0,0.26736256,0.06684064
44202,0.43669808,0.0017397366,0.8716564,0.9301018,0.0,0.9301018,0.23252545
44204,0.02000226,0.001735541,0.03826898,0.030898416,0.0,0.030898416,0.007724604
44207,0.1831293,0.0016027949,0.36465576,0.4037056,0.0,0.4037056,0.1009264
44210,0.072368965,0.0016964985,0.14304143,0.121895276,0.0,0.121895276,0.030473819
44212,0.075940475,0.0017789862,0.15010196,0.16380197,0.0,0.16380197,0.040950492
44215,0.20585097,0.0018871195,0.40981483,0.37119272,0.0,0.37119272,0.09279818
44218,0.2193443,0.0017725826,0.436916,0.47492352,0.0,0.47492352,0.11873088
44220,0.19141667,0.0018385242,0.3809948,0.4130837,0.0,0.4130837,0.103270926
44223,0.18320744,0.0017442043,0.36467066,0.32991472,0.0,0.32991472,0.08247868
44225,0.0115538165,0.0018268911,0.021280743,0.016970836,0.0,0.016970836,0.004242709
44228,0.78700525,0.001495378,1.5725151,1.5225302,0.0,1.5225302,0.38063255
44231,0.13578227,0.0014376572,0.27012688,0.24208945,0.0,0.24208945,0.060522363
44233,0.065683685,0.0015307026,0.12983666,0.1327357,0.0,0.1327357,0.033183925
44236,0.1188828,0.0015546717,0.23621093,0.26171473,0.0,0.26171473,0.06542868
44238,0.24372305,0.0014739884,0.48597214,0.523248,0.0,0.523248,0.130812
44241,0.026189843,0.0016018789,0.050777808,0.044764172,0.0,0.044764172,0.011191043
44244,0.054203544,0.0013853005,0.107021786,0.12120674,0.0,0.12120674,0.030301685
44246,0.01899252,0.0015724668,0.036412574,0.039085794,0.0,0.039085794,0.009771449
44249,0.27535734,0.0014805341,0.54923415,0.5917781,0.0,0.5917781,0.14794452
44251,0.028570704,0.0012124581,0.05592895,0.053437904,0.0,0.053437904,0.013359476
44254,0.18988462,0.001201143,0.37856808,0.34735718,0.0,0.34735718,0.086839296
44257,0.22036536,0.0012404852,0.43949023,0.47038355,0.0,0.47038355,0.11759589
44259,0.40129724,0.0011815955,0.8014129,0.75737554,0.0,0.75737554,0.18934388
44262,0.5358667,0.0013163941,1.070417,1.0176451,0.0,1.0176451,0.25441128
44265,0.08323069,0.0012869596,0.16517441,0.18309732,0.0,0.18309732,0.04577433
44267,0.08205811,0.0013650466,0.16275118,0.18086796,0.0,0.18086796,0.04521699
44270,0.44907817,0.0015420616,0.89661425,0.94800276,0.0,0.94800276,0.23700069
44272,0.1596282,0.0015553666,0.317701,0.28953516,0.0,0.28953516,0.07238379
44275,0.6314892,0.0016962158,1.2612823,1.3229312,0.0,1.3229312,0.3307328
44278,0.5522992,0.0021044586,1.1024939,1.1691818,0.0,1.1691818,0.29229546
44280,0.046643797,0.002087044,0.09120055,0.091664314,0.0,0.091664314,0.022916079
44283,0.24440186,0.0025364382,0.48626724,0.4356331,0.0,0.4356331,0.10890827
44285,0.112124324,0.0026420224,0.22160663,0.2575889,0.0,0.2575889,0.06439722
44288,0.19417135,0.0024619026,0.3858808,0.33760116,0.0,0.33760116,0.08440029
44291,0.0945957,0.0026394643,0.18655193,0.15064932,0.0,0.15064932,0.03766233
44293,0.030869327,0.0028216888,0.058916967,0.050375283,0.0,0.050375283,0.012593821
44296,0.17499466,0.003388177,0.34660116,0.29098058,0.0,0.29098058,0.072745144
44298,0.19094391,0.0033839587,0.3785039,0.4365728,0.0,0.4365728,0.1091432
44301,0.5658323,0.0035479025,1.1281167,1.0419368,0.0,1.0419368,0.2604842
44304,0.1877947,0.0037861106,0.37180328,0.31009817,0.0,0.31009817,0.07752454
44306,0.6369802,0.0036685064,1.2702919,1.1637483,0.0,1.1637483,0.29093707
44309,0.024751209,0.0038986846,0.045603734,0.038026735,0.0,0.038026735,0.009506684
44312,0.108871676,0.003920031,0.21382332,0.2121997,0.0,0.2121997,0.053049926
44314,0.060273737,0.004112,0.11643547,0.12455844,0.0,0.12455844,0.03113961
44317,0.15708566,0.004469914,0.3097014,0.24363415,0.0,0.24363415,0.060908537
44319,0.14132963,0.0047031636,0.2779561,0.34565982,0.0,0.34565982,0.086414956
44322,0.18736608,0.004999611,0.3697326,0.29266986,0.0,0.29266986,0.073167466
44325,0.6331706,0.005537571,1.2608036,1.3908142,0.0,1.3908142,0.34770355
44327,0.076630205,0.005574718,0.14768569,0.1429441,0.0,0.1429441,0.035736024
44330,0.061043095,0.0060158037,0.11607038,0.089681506,0.0,0.089681506,0.022420377
44332,0.07539161,0.0061523,0.14463092,0.20534678,0.0,0.20534678,0.051336695
44335,0.8154056,0.006457727,1.6243534,1.4536988,0.0,1.4536988,0.3634247
44338,0.15374832,0.00691773,0.30057892,0.22917797,0.0,0.22917797,0.05729449
44340,0.12521732,0.007297168,0.24313748,0.19130152,0.0,0.19130152,0.04782538
44343,0.13366456,0.007622057,0.25970706,0.3455015,0.0,0.3455015,0.08637538
44345,0.07155318,0.008097253,0.1350091,0.19787347,0.0,0.19787347,0.04946837
44348,0.3471912,0.008311464,0.686071,0.55069345,0.0,0.55069345,0.13767336
44351,0.04140786,0.008587863,0.07422786,0.09038502,0.0,0.09038502,0.022596255
44353,0.015122308,0.008592136,0.02165248,0.020595083,0.0,0.020595083,0.0051487708
44356,0.047545865,0.009240117,0.08585161,0.07119753,0.0,0.07119753,0.017799383
44359,0.1326323,0.009931681,0.25533292,0.35360852,0.0,0.35360852,0.08840213
44361,0.41243637,0.010271445,0.81460124,0.99055463,0.0,0.99055463,0.24763866
44364,0.18637799,0.010407089,0.36234888,0.26049605,0.0,0.26049605,0.06512401
44366,0.1986336,0.010676075,0.3865911,0.27877387,0.0,0.27877387,0.06969347
44369,0.20904255,0.010434762,0.40765035,0.5301259,0.0,0.5301259,0.13253148
44372,0.05321065,0.010545009,0.0958763,0.1473332,0.0,0.1473332,0.0368333
44374,0.08539937,0.01061781,0.16018094,0.13240595,0.0,0.13240595,0.033101488
44377,0.03877191,0.010111387,0.06743243,0.04875907,0.0,0.04875907,0.012189767
44379,0.1258574,0.010430955,0.24128385,0.1679465,0.0,0.1679465,0.041986626
44382,0.34634316,0.010040433,0.68264586,0.5492371,0.0,0.5492371,0.13730927
44385,0.29220465,0.009803408,0.5746059,0.45918262,0.0,0.45918262,0.114795655
44387,0.09245307,0.009760301,0.17514585,0.21694879,0.0,0.21694879,0.054237198
44390,0.18901797,0.009125982,0.36890996,0.2938961,0.0,0.2938961,0.07347403
44392,0.27448738,0.00938501,0.5395897,0.43455252,0.0,0.43455252,0.10863813
44395,0.41976014,0.009056059,0.8304642,0.701438,0.0,0.701438,0.1753595
44398,0.3871673,0.009144969,0.76518965,0.8787108,0.0,0.8787108,0.2196777
44400,0.15557875,0.009562801,0.3015947,0.24572475,0.0,0.24572475,0.061431188
44403,0.74517256,0.009193315,1.4811519,1.2956158,0.0,1.2956158,0.32390395
44406,0.5250677,0.008973554,1.0411619,1.2036091,0.0,1.2036091,0.30090228
44408,0.30210263,0.008715513,0.59548974,0.6699564,0.0,0.6699564,0.1674891
44411,0.21932207,0.008006099,0.43063805,0.47915617,0.0,0.47915617,0.11978904
44413,0.085262485,0.008178259,0.16234672,0.19961365,0.0,0.19961365,0.04990341
44416,0.06811848,0.007818131,0.12841883,0.084139444,0.0,0.084139444,0.021034861
44419,0.11819786,0.007211601,0.2291841,0.18571877,0.0,0.18571877,0.046429694
44421,0.11832864,0.0071098846,0.2295474,0.18429315,0.0,0.18429315,0.046073288
44424,0.1957221,0.0067673675,0.38467684,0.44634938,0.0,0.44634938,0.111587346
44426,0.7980965,0.0067572515,1.5894357,1.434446,0.0,1.434446,0.3586115
44429,0.22784968,0.0064126025,0.4492868,0.5090401,0.0,0.5090401,0.12726003
44432,0.1678031,0.005738909,0.32986727,0.27557868,0.0,0.27557868,0.06889467
44434,0.25427285,0.005274674,0.50327104,0.43283066,0.0,0.43283066,0.108207665
44437,0.8459595,0.0048391167,1.6870799,1.5477883,0.0,1.5477883,0.38694707
44439,0.37092674,0.0048558824,0.7369976,0.8183357,0.0,0.8183357,0.20458393
44442,0.034955155,0.0047895154,0.065120794,0.06416131,0.0,0.06416131,0.016040327
44445,0.2103494,0.0046550557,0.41604376,0.3468744,0.0,0.3468744,0.0867186
44447,0.04976392,0.0043297927,0.09519806,0.075944476,0.0,0.075944476,0.018986119
44450,0.54534125,0.004594584,1.086088,0.9762318,0.0,0.9762318,0.24405795
44453,0.06804611,0.004843473,0.13124874,0.111535005,0.0,0.111535005,0.027883751
44455,0.31038037,0.004818039,0.6159427,0.5257117,0.0,0.5257117,0.13142793
44458,0.6347424,0.0049090832,1.2645756,1.1394664,0.0,1.1394664,0.2848666
44460,0.15882345,0.004929594,0.3127173,0.38307026,0.0,0.38307026,0.095767565
44463,0.22175,0.0049390476,0.43856096,0.36004686,0.0,0.36004686,0.090011716
44466,0.9497175,0.0053812764,1.8940538,1.7539686,0.0,1.7539686,0.43849215
44468,0.0715699,0.0050148866,0.1381249,0.18632007,0.0,0.18632007,0.046580017
44471,0.8135988,0.004980584,1.622217,1.7669991,0.0,1.7669991,0.44174978
44473,0.15157363,0.004675496,0.29847178,0.36420345,0.0,0.36420345,0.09105086
44476,0.06760726,0.004434398,0.13078012,0.17018051,0.0,0.17018051,0.04254513
44479,0.167129,0.0052154125,0.32904258,0.3935884,0.0,0.3935884,0.0983971
44481,0.45855632,0.0057896734,0.911323,1.0382634,0.0,1.0382634,0.25956586
44484,0.045651972,0.0064366744,0.08486727,0.10964519,0.0,0.10964519,0.027411297
44486,0.02886306,0.0063030184,0.051423103,0.056376457,0.0,0.056376457,0.014094114
44489,0.1360445,0.00608155,0.26600745,0.21020691,0.0,0.21020691,0.052551728
44492,0.11144177,0.0061380113,0.21674554,0.27751875,0.0,0.27751875,0.06937969
44494,1.0166825,0.0061315945,2.0272334,1.826492,0.0,1.826492,0.456623
44497,0.33006403,0.0061635054,0.6539645,0.54499215,0.0,0.54499215,0.13624804
44500,0.15366709,0.0063640825,0.3009701,0.23429383,0.0,0.23429383,0.05857346
44502,0.10394406,0.006541947,0.20134617,0.2590438,0.0,0.2590438,0.06476095
44505,0.10804057,0.0062669404,0.2098142,0.246,0.0,0.246,0.0615
44507,0.050768536,0.0067116455,0.094825424,0.105913974,0.0,0.105913974,0.026478494
44510,0.042696524,0.007038938,0.07835411,0.055965465,0.0,0.055965465,0.013991366
44513,0.2533768,0.0069902185,0.4997634,0.40548,0.0,0.40548,0.10137
44515,0.12365612,0.006830404,0.24048181,0.21181434,0.0,0.21181434,0.052953586
44518,0.26378253,0.006597158,0.5209679,0.4267155,0.0,0.4267155,0.10667887
44520,0.03256675,0.006600393,0.058533102,0.040341754,0.0,0.040341754,0.010085438
44523,0.17737162,0.0067745843,0.34796867,0.42517063,0.0,0.42517063,0.10629266
44526,0.5967774,0.0067256503,1.1868291,1.056742,0.0,1.056742,0.2641855
44528,0.06687207,0.006518042,0.12722608,0.16112813,0.0,0.16112813,0.040282033
44531,0.10087813,0.0059725284,0.19578373,0.15234354,0.0,0.15234354,0.038085885
44533,0.05447048,0.0061132885,0.10282767,0.077053465,0.0,0.077053465,0.019263366
44536,0.32189456,0.0061413827,0.63764775,0.5437143,0.0,0.5437143,0.13592857
44539,0.073226504,0.0061757937,0.1402772,0.1092836,0.0,0.1092836,0.0273209
44541,0.14791973,0.0067809825,0.28905848,0.3353642,0.0,0.3353642,0.08384105
44544,0.104313225,0.007035967,0.20159048,0.24709459,0.0,0.24709459,0.061773647
44547,0.0539992,0.007340482,0.10065792,0.1269411,0.0,0.1269411,0.031735275
44549,0.03279263,0.0072530196,0.05833224,0.06347146,0.0,0.06347146,0.015867865
44552,0.24699062,0.0076409653,0.48634028,0.4187452,0.0,0.4187452,0.1046863
44554,0.2058239,0.007874836,0.40377295,0.46053067,0.0,0.46053067,0.11513267
44557,0.44711614,0.0088285655,0.8854037,0.7398849,0.0,0.7398849,0.18497123
44560,0.11928446,0.0089742895,0.22959463,0.17561042,0.0,0.17561042,0.043902606
44562,0.0500899,0.008868887,0.09131092,0.05474244,0.0,0.05474244,0.01368561
44565,0.66410965,0.009759133,1.3184601,1.1296139,0.0,1.1296139,0.28240347
44567,0.053666085,0.009236393,0.098095775,0.12082406,0.0,0.12082406,0.030206015
44570,0.077433325,0.008520229,0.14634642,0.11574181,0.0,0.11574181,0.028935453
44573,0.016613564,0.007813987,0.02541314,0.037212074,0.0,0.037212074,0.009303018
44575,0.38868928,0.007534681,0.7698439,0.85976857,0.0,0.85976857,0.21494214
44578,0.047155898,0.007056328,0.08725547,0.06303453,0.0,0.06303453,0.015758632
44581,0.038713936,0.006883485,0.07054439,0.053966492,0.0,0.053966492,0.013491623
44583,0.34714806,0.0074098264,0.6868863,0.79318506,0.0,0.79318506,0.19829626
44586,0.3911427,0.00689406,0.77539134,0.6562833,0.0,0.6562833,0.16407083
44588,0.09598302,0.007019823,0.18494622,0.20906723,0.0,0.20906723,0.052266806
44591,0.033519782,0.0059589394,0.061080623,0.06740412,0.0,0.06740412,0.01685103
44594,0.36892042,0.0056929565,0.7321479,0.6334087,0.0,0.6334087,0.15835218
44596,0.22412314,0.0057312883,0.442515,0.35802087,0.0,0.35802087,0.08950522
44599,0.02610819,0.0059031914,0.046313193,0.037859578,0.0,0.037859578,0.009464894
44601,0.17905827,0.0058323927,0.35228416,0.42713583,0.0,0.42713583,0.10678396
44604,0.20027934,0.006143114,0.39441553,0.48042628,0.0,0.48042628,0.12010657
44607,0.48065737,0.005509047,0.9558057,0.8349255,0.0,0.8349255,0.20873137
44609,0.15659271,0.0056036445,0.30758175,0.36876893,0.0,0.36876893,0.09219223
44612,0.27737537,0.005292952,0.54945785,0.45471025,0.0,0.45471025,0.11367756
44614,0.29295772,0.005035496,0.58088,0.48383322,0.0,0.48383322,0.120958306
44617,0.12745582,0.0053289626,0.2495827,0.20451881,0.0,0.20451881,0.051129702
44620,0.070085354,0.0054624267,0.13470829,0.17577004,0.0,0.17577004,0.04394251
44622,0.29838938,0.005906895,0.5908719,0.5073347,0.0,0.5073347,0.12683368
44625,0.28878576,0.0064052157,0.5711663,0.66351604,0.0,0.66351604,0.16587901
44628,0.23221208,0.0065505467,0.4578736,0.38459274,0.0,0.38459274,0.096148185
44630,0.095653914,0.006515183,0.18479264,0.2238955,0.0,0.2238955,0.055973876
44633,0.24582322,0.0064146915,0.48523176,0.41385737,0.0,0.41385737,0.10346434
44635,0.7809965,0.0062821857,1.5557108,1.3867408,0.0,1.3867408,0.3466852
44638,0.1455916,0.0063892617,0.28479394,0.22990985,0.0,0.22990985,0.057477463
44641,0.015699605,0.0065828115,0.024816396,0.019372473,0.0,0.019372473,0.004843118
44643,0.040780324,0.006845804,0.07471485,0.10225084,0.0,0.10225084,0.02556271
44646,0.1911143,0.007073769,0.37515485,0.29498854,0.0,0.29498854,0.073747136
44648,0.58860373,0.0070840814,1.1701235,1.0281918,0.0,1.0281918,0.25704795
44651,0.120500505,0.006677302,0.2343237,0.29599547,0.0,0.29599547,0.07399887
44654,0.03977562,0.0067390464,0.0728122,0.078171544,0.0,0.078171544,0.019542886
44656,0.41052604,0.0064784824,0.8145736,0.93925095,0.0,0.93925095,0.23481274
44659,0.2907876,0.0059207217,0.5756545,0.6657043,0.0,0.6657043,0.16642608
44661,0.30000183,0.005991759,0.59401184,0.50243986,0.0,0.50243986,0.12560996
44664,0.06687727,0.006063485,0.12769105,0.15173449,0.0,0.15173449,0.03793362
44667,0.21655458,0.006060148,0.427049,0.49671742,0.0,0.49671742,0.124179356
44669,0.03155075,0.0062918183,0.056809682,0.040247772,0.0,0.040247772,0.010061943
44672,0.033603013,0.006019432,0.061186593,0.06925259,0.0,0.06925259,0.017313147
44675,0.6238191,0.005860526,1.2417778,1.3653374,0.0,1.3653374,0.34133434
44677,0.07722878,0.0058834604,0.14857408,0.115830444,0.0,0.115830444,0.028957611
44680,0.046542425,0.0059728646,0.08711199,0.10996344,0.0,0.10996344,0.02749086
44682,0.5628941,0.0062498297,1.1195384,0.9950399,0.0,0.9950399,0.24875997
44685,0.12019056,0.006462965,0.23391815,0.25522134,0.0,0.25522134,0.063805334
44688,0.73022175,0.0067969486,1.4536465,1.3083609,0.0,1.3083609,0.32709023
44690,0.27831286,0.006810609,0.5498151,0.47961855,0.0,0.47961855,0.11990464
44693,0.044420153,0.006437753,0.08240255,0.06233726,0.0,0.06233726,0.015584315
44695,0.088925205,0.00615732,0.17169309,0.19410916,0.0,0.19410916,0.04852729
44698,0.08556541,0.0065254928,0.16460532,0.11931609,0.0,0.11931609,0.029829023
44701,0.15463041,0.0069774333,0.30228338,0.25417578,0.0,0.25417578,0.063543946
44703,0.34837624,0.00702278,0.6897297,0.7568776,0.0,0.7568776,0.1892194
44706,0.20364918,0.0077186762,0.39957967,0.4576168,0.0,0.4576168,0.1144042
44708,0.0359569,0.0075646024,0.0643492,0.036315024,0.0,0.036315024,0.009078756
44711,0.25186235,0.0069373418,0.49678734,0.5611575,0.0,0.5611575,0.14028938
44714,0.32143846,0.0068063145,0.63607055,0.528817,0.0,0.528817,0.13220425
44716,0.08145603,0.0062214825,0.15669058,0.11952931,0.0,0.11952931,0.029882327
44719,0.15224852,0.0059836735,0.29851338,0.35227394,0.0,0.35227394,0.088068485
44722,0.12865677,0.0053892303,0.2519243,0.21213277,0.0,0.21213277,0.05303319
44724,0.8766437,0.0055304877,1.747757,1.6034676,0.0,1.6034676,0.4008669
44727,0.048120413,0.0046915016,0.09154933,0.098790884,0.0,0.098790884,0.024697721
44729,0.036143713,0.004652096,0.06763533,0.054205954,0.0,0.054205954,0.0135514885
44732,0.17315559,0.0041157748,0.3421954,0.39603844,0.0,0.39603844,0.09900961
44735,0.023193292,0.00394837,0.042438213,0.047279228,0.0,0.047279228,0.011819807
44737,0.036857743,0.0041231373,0.06959235,0.05731162,0.0,0.05731162,0.014327905
44740,0.46226576,0.004137286,0.92039424,1.0183856,0.0,1.0183856,0.2545964
44742,0.18307017,0.0042881793,0.36185214,0.30070642,0.0,0.30070642,0.075176604
44745,0.5252465,0.0038616506,1.0466313,0.950422,0.0,0.950422,0.2376055
44748,0.20688073,0.0042036446,0.40955782,0.34103572,0.0,0.34103572,0.08525893
44750,0.8885096,0.004180632,1.7728386,1.6359482,0.0,1.6359482,0.40898705
44753,0.25538334,0.0038731622,0.5068936,0.58072,0.0,0.58072,0.14518
44755,0.7080231,0.0033855152,1.4126606,1.2968599,0.0,1.2968599,0.32421497
44758,0.26122162,0.003437151,0.5190061,0.4491929,0.0,0.4491929,0.11229823
44761,0.02720978,0.0037469624,0.050672594,0.05956623,0.0,0.05956623,0.014891557
44763,0.054283638,0.0039181584,0.10464912,0.08483783,0.0,0.08483783,0.021209458
44766,0.1514424,0.0039829747,0.29890183,0.25075963,0.0,0.25075963,0.06268991
44769,0.025620863,0.0046798685,0.046561856,0.051952604,0.0,0.051952604,0.012988151
44771,0.14456704,0.004742797,0.28439128,0.23079367,0.0,0.23079367,0.057698417
44774,0.90222806,0.0052896477,1.7991663,1.6478611,0.0,1.6478611,0.41196528
44776,0.36757413,0.0051848455,0.7299635,0.65263134,0.0,0.65263134,0.16315784
44779,0.07535511,0.0052451934,0.14546503,0.18729234,0.0,0.18729234,0.046823084
44782,0.034404222,0.0053833784,0.063425064,0.07504276,0.0,0.07504276,0.01876069
44784,0.3132917,0.006557861,0.6200256,0.5232544,0.0,0.5232544,0.1308136
44787,0.62139344,0.005760142,1.2370268,1.099714,0.0,1.099714,0.2749285
44789,0.25929192,0.0061301584,0.5124537,0.59817576,0.0,0.59817576,0.14954394
44792,0.1683072,0.0059190965,0.3306953,0.39099562,0.0,0.39099562,0.097748905
44795,0.21107678,0.0056924694,0.41646108,0.33910108,0.0,0.33910108,0.08477527
44797,0.14748998,0.005334987,0.28964496,0.23522352,0.0,0.23522352,0.05880588
44800,0.10909,0.0054956744,0.21268433,0.17871134,0.0,0.17871134,0.044677835
44802,0.70794535,0.0056143464,1.4102764,1.2700266,0.0,1.2700266,0.31750664
44805,0.6286672,0.005434817,1.2518996,1.1214744,0.0,1.1214744,0.2803686
44808,0.14391647,0.0054977387,0.28233522,0.22926037,0.0,0.22926037,0.057315093
44810,0.18098097,0.0059374,0.3560245,0.43139836,0.0,0.43139836,0.10784959
44813,0.16935003,0.0053539313,0.33334613,0.3942492,0.0,0.3942492,0.0985623
44816,0.060539126,0.0058412054,0.11523705,0.090206295,0.0,0.090206295,0.022551574
44818,0.26030093,0.0060067507,0.5145951,0.5997756,0.0,0.5997756,0.1499439
44821,0.06935854,0.0058901836,0.13282691,0.15656248,0.0,0.15656248,0.03914062
44823,0.062396303,0.006128838,0.118663765,0.090288915,0.0,0.090288915,0.022572229
44826,0.32253313,0.006175384,0.63889086,0.72615004,0.0,0.72615004,0.18153751
44829,0.35131297,0.0063527166,0.69627315,0.5985291,0.0,0.5985291,0.14963228
44831,0.13571288,0.006364329,0.2650614,0.30794656,0.0,0.30794656,0.07698664
44834,0.124922805,0.006378139,0.24346747,0.18598728,0.0,0.18598728,0.04649682
44836,0.05073015,0.007036718,0.094423585,0.11903223,0.0,0.11903223,0.029758057
44839,0.0518052,0.0065312404,0.09707916,0.11125189,0.0,0.11125189,0.027812973
44842,0.14567064,0.008287331,0.28305396,0.33031464,0.0,0.33031464,0.08257866
44844,0.31822443,0.008202008,0.62824684,0.52573776,0.0,0.52573776,0.13143444
44847,0.17892337,0.009395201,0.34845152,0.263739,0.0,0.263739,0.06593475
44849,0.18191044,0.010137032,0.35368383,0.2849675,0.0,0.2849675,0.07124188
44852,0.079859965,0.00889681,0.15082312,0.19867802,0.0,0.19867802,0.049669504
44855,0.04157021,0.008822576,0.07431784,0.10470309,0.0,0.10470309,0.026175773
44857,0.7393603,0.008652408,1.4700681,1.6597201,0.0,1.6597201,0.41493002
44860,0.049245354,0.009594849,0.08889586,0.060108464,0.0,0.060108464,0.015027116
44863,0.14330088,0.008725402,0.27787635,0.35114154,0.0,0.35114154,0.087785386
44865,0.30799052,0.008856014,0.60712504,0.73164195,0.0,0.73164195,0.18291049
44868,0.06709819,0.00820288,0.1259935,0.17819794,0.0,0.17819794,0.044549484
44870,0.32174554,0.00713722,0.6363539,0.74976414,0.0,0.74976414,0.18744104
44873,0.6765435,0.007966394,1.3451205,1.5208759,0.0,1.5208759,0.38021898
44876,0.11834782,0.007302141,0.2293935,0.29568076,0.0,0.29568076,0.07392019
44878,0.47870758,0.008193559,0.9492216,1.0998263,0.0,1.0998263,0.27495658
44881,0.28215027,0.007962243,0.5563383,0.67173594,0.0,0.67173594,0.16793399
44883,0.42279753,0.0076365597,0.8379585,0.9815163,0.0,0.9815163,0.24537908
44886,0.23327883,0.007922579,0.4586351,0.3595172,0.0,0.3595172,0.0898793
44889,0.0328654,0.008741919,0.056988884,0.03657536,0.0,0.03657536,0.00914384
44891,0.3976632,0.008651078,0.7866753,0.93060654,0.0,0.93060654,0.23265164
44894,0.10606513,0.008968701,0.20316155,0.17536272,0.0,0.17536272,0.04384068
44896,0.49974537,0.007776384,0.9917143,0.84156924,0.0,0.84156924,0.21039231
44899,0.2542614,0.007443719,0.5010791,0.3961474,0.0,0.3961474,0.09903685
44902,0.058498744,0.0077981916,0.10919929,0.08129146,0.0,0.08129146,0.020322865
44904,0.78198767,0.008218193,1.5557572,1.7728316,0.0,1.7728316,0.4432079
44907,0.060779363,0.00875356,0.112805165,0.08658246,0.0,0.08658246,0.021645615
44910,0.19021076,0.008684724,0.3717368,0.29207698,0.0,0.29207698,0.073019244
44912,0.02295366,0.0093562575,0.036551062,0.037321944,0.0,0.037321944,0.009330486
44915,0.06221078,0.010071955,0.1143496,0.07139828,0.0,0.07139828,0.01784957
44917,0.32800773,0.010314534,0.64570093,0.5073717,0.0,0.5073717,0.12684293
44920,0.08394269,0.010312732,0.15757266,0.22418106,0.0,0.22418106,0.056045264
44923,0.39182696,0.010767949,0.772886,0.93733424,0.0,0.93733424,0.23433356
44925,0.28673232,0.011315416,0.5621492,0.43941998,0.0,0.43941998,0.109854996
44928,0.17820047,0.011777368,0.34462357,0.24866325,0.0,0.24866325,0.06216581
44930,0.23226415,0.012579505,0.45194876,0.3293639,0.0,0.3293639,0.08234098
44933,0.07060964,0.011770095,0.12944919,0.15127607,0.0,0.15127607,0.037819017
44936,0.18786347,0.012191539,0.3635354,0.4872873,0.0,0.4872873,0.12182183
44938,0.04021937,0.012133665,0.06830508,0.09445771,0.0,0.09445771,0.023614427
44941,0.7174539,0.013103458,1.4218043,1.1861311,0.0,1.1861311,0.29653278
44943,0.31416866,0.013369947,0.61496735,0.7841757,0.0,0.7841757,0.19604392
44946,0.068062305,0.012750618,0.12337399,0.151267,0.0,0.151267,0.03781675
44949,0.043563183,0.014802589,0.07232378,0.09549663,0.0,0.09549663,0.023874158
44951,0.30688205,0.014833361,0.5989308,0.44072413,0.0,0.44072413,0.11018103
44954,0.026850559,0.015547114,0.038154002,0.026216632,0.0,0.026216632,0.006554158
44957,0.16207257,0.01526282,0.30888233,0.20224352,0.0,0.20224352,0.05056088
44959,0.21798293,0.01562303,0.42034283,0.28489152,0.0,0.28489152,0.07122288
44962,0.13567872,0.017215118,0.2541423,0.17917466,0.0,0.17917466,0.044793665
44964,0.36377108,0.017846966,0.70969516,0.9210971,0.0,0.9210971,0.23027427
44967,0.2723008,0.017501986,0.5270996,0.37149262,0.0,0.37149262,0.092873156
44970,0.3117095,0.019050691,0.60436827,0.42793837,0.0,0.42793837,0.10698459
44972,0.048108727,0.019936964,0.0762805,0.10700402,0.0,0.10700402,0.026751004
44975,0.18462104,0.021615371,0.3476267,0.51965356,0.0,0.51965356,0.12991339
44977,0.0917199,0.021895558,0.16154425,0.088916965,0.0,0.088916965,0.022229241
44980,0.6391701,0.022205194,1.256135,0.9907332,0.0,0.9907332,0.2476833
44983,0.6612685,0.023903057,1.2986339,1.6471437,0.0,1.6471437,0.41178593
44985,0.36049318,0.026686406,0.69429994,0.45964566,0.0,0.45964566,0.114911415
44988,0.16321449,0.025565878,0.30086312,0.16415812,0.0,0.16415812,0.04103953
44990,0.09301171,0.026926776,0.15909664,0.2369597,0.0,0.2369597,0.059239924
44993,0.4634461,0.026691591,0.9002006,1.1741356,0.0,1.1741356,0.2935339
44996,0.2731232,0.027984092,0.5182623,0.33510303,0.0,0.33510303,0.08377576
44998,0.14821993,0.027794277,0.26864555,0.14150552,0.0,0.14150552,0.03537638
45001,0.28895786,0.028477648,0.54943806,0.81105727,0.0,0.81105727,0.20276432
45004,0.1163171,0.028609367,0.20402484,0.10760897,0.0,0.10760897,0.026902242
45006,0.5193667,0.0316197,1.0071137,0.6963499,0.0,0.6963499,0.17408748
45009,0.089007676,0.030389166,0.14762618,0.22163825,0.0,0.22163825,0.05540956
45011,0.06039207,0.030412475,0.09037167,0.031284243,0.0,0.031284243,0.007821061
45014,0.7711582,0.027069906,1.5152465,1.1565957,0.0,1.1565957,0.28914893
45017,0.064832434,0.02743104,0.10223383,0.15956287,0.0,0.15956287,0.039890718
45019,0.38548756,0.027984105,0.742991,0.5064917,0.0,0.5064917,0.12662293
45022,0.060352113,0.028849771,0.09185445,0.033933632,0.0,0.033933632,0.008483408
45024,0.17294037,0.02868097,0.31719977,0.19949795,0.0,0.19949795,0.04987449
45027,0.032727145,0.028122881,0.037331406,0.05686594,0.0,0.05686594,0.014216485
45030,0.12725566,0.026416278,0.22809505,0.3684423,0.0,0.3684423,0.092110574
45032,0.110355236,0.026837328,0.19387315,0.32511306,0.0,0.32511306,0.081278265
45035,0.33734086,0.026601737,0.64808,0.46503997,0.0,0.46503997,0.11625999
45037,0.689683,0.027072735,1.3522934,1.0237168,0.0,1.0237168,0.2559292
45040,0.03839035,0.0265384,0.050242294,0.064137034,0.0,0.064137034,0.016034259
45043,0.09695033,0.027096046,0.16680461,0.08418191,0.0,0.08418191,0.021045478
45045,0.10033607,0.025091259,0.17558087,0.086191736,0.0,0.086191736,0.021547934
45048,0.30431756,0.025390962,0.58324414,0.3957088,0.0,0.3957088,0.0989272
45051,0.057405215,0.025067905,0.08974252,0.1549862,0.0,0.1549862,0.03874655
45053,0.09613007,0.024894074,0.16736607,0.24555875,0.0,0.24555875,0.06138969
45056,0.057703704,0.024265522,0.09114189,0.13675137,0.0,0.13675137,0.034187842
45058,0.71564716,0.02413866,1.4071556,1.7673283,0.0,1.7673283,0.44183207
45061,0.64933544,0.023308622,1.2753623,1.034972,0.0,1.034972,0.258743
45064,0.33571282,0.024850957,0.6465747,0.8749151,0.0,0.8749151,0.21872878
45066,0.07453884,0.023700826,0.12537687,0.17563735,0.0,0.17563735,0.043909337
45069,0.039059017,0.022080094,0.056037944,0.058814358,0.0,0.058814358,0.0147035895
45071,0.15031174,0.021587782,0.2790357,0.17156892,0.0,0.17156892,0.04289223
45074,0.1441667,0.02120988,0.2671235,0.38566983,0.0,0.38566983,0.09641746
45077,0.18057537,0.019885646,0.34126508,0.48369887,0.0,0.48369887,0.12092472
45079,0.2258233,0.020514926,0.4311317,0.556216,0.0,0.556216,0.139054
45082,0.054502,0.019474696,0.089529306,0.148911,0.0,0.148911,0.03722775
45085,0.19891556,0.020016132,0.377815,0.26285666,0.0,0.26285666,0.065714166
45087,0.2302177,0.019355638,0.44107974,0.5905717,0.0,0.5905717,0.14764293
45090,0.52005035,0.01745219,1.0226485,0.80483437,0.0,0.80483437,0.20120859
45092,0.31933716,0.016687607,0.6219867,0.47986403,0.0,0.47986403,0.11996601
45095,0.2093818,0.01579426,0.40296933,0.29362282,0.0,0.29362282,0.073405705
45098,0.93193394,0.01570557,1.8481623,1.5897375,0.0,1.5897375,0.39743438
45100,0.0935958,0.015543543,0.17164807,0.11625833,0.0,0.11625833,0.029064583
45103,0.12253487,0.013838646,0.2312311,0.29948753,0.0,0.29948753,0.07487188
45105,0.16852963,0.013245066,0.3238142,0.37175128,0.0,0.37175128,0.09293782
45108,0.02470678,0.013161816,0.036251742,0.050884247,0.0,0.050884247,0.012721062
45111,0.7821837,0.011933468,1.552434,1.365817,0.0,1.365817,0.34145424
45113,0.026590772,0.012622404,0.04055914,0.055375304,0.0,0.055375304,0.013843826
45116,0.07404876,0.011412679,0.13668483,0.08553374,0.0,0.08553374,0.021383435
45118,0.12062798,0.011267408,0.22998856,0.17507653,0.0,0.17507653,0.043769132
45121,0.53120214,0.011402704,1.0510015,1.2079377,0.0,1.2079377,0.30198443
45124,0.19282512,0.01050926,0.375141,0.43268824,0.0,0.43268824,0.10817206
45126,0.257166,0.009787046,0.504545,0.4261602,0.0,0.4261602,0.10654005
45129,0.12518938,0.009791155,0.24058759,0.2831734,0.0,0.2831734,0.07079335
45132,0.3282566,0.00975566,0.64675754,0.5564592,0.0,0.5564592,0.1391148
45134,0.14031985,0.009606026,0.27103367,0.20879316,0.0,0.20879316,0.05219829
45137,0.515105,0.009436152,1.0207739,1.1769907,0.0,1.1769907,0.2942477
45139,0.06546114,0.009382859,0.121539414,0.15237164,0.0,0.15237164,0.03809291
45142,0.02928266,0.009107601,0.049457718,0.0483048,0.0,0.0483048,0.0120762
45145,0.47062898,0.008088446,0.93316954,1.0334765,0.0,1.0334765,0.25836912
45147,0.9983418,0.008544867,1.9881387,1.8028135,0.0,1.8028135,0.45070338
45150,0.16154638,0.009039289,0.31405348,0.37907967,0.0,0.37907967,0.09476992
45152,0.81155086,0.008823165,1.6142784,1.4728847,0.0,1.4728847,0.36822116
45155,0.057467673,0.0082812235,0.10665413,0.09049671,0.0,0.09049671,0.022624178
45158,0.23234642,0.007545565,0.45714727,0.37174353,0.0,0.37174353,0.09293588
45160,0.3033066,0.007963975,0.59864926,0.49615836,0.0,0.49615836,0.12403959
45163,0.3490127,0.007910616,0.69011474,0.7960665,0.0,0.7960665,0.19901663
45165,0.03575703,0.0085790185,0.06293504,0.0667318,0.0,0.0667318,0.01668295
45168,0.116001956,0.007853456,0.22415046,0.28702408,0.0,0.28702408,0.07175602
45171,0.15064354,0.008029175,0.29325792,0.36109364,0.0,0.36109364,0.09027341
45173,0.49139902,0.008078025,0.97472,0.8427873,0.0,0.8427873,0.21069683
45176,0.03062386,0.0076626088,0.053585112,0.06646825,0.0,0.06646825,0.016617062
45179,0.5309855,0.008512858,1.0534581,1.1944937,0.0,1.1944937,0.2986234
45181,0.05076791,0.008427904,0.09310791,0.07052359,0.0,0.07052359,0.017630897
45184,0.8597174,0.008181975,1.7112528,1.5225791,0.0,1.5225791,0.38064477
45186,0.07213653,0.008481043,0.13579202,0.17578597,0.0,0.17578597,0.043946493
45189,0.029944489,0.009255054,0.050633926,0.03014121,0.0,0.03014121,0.0075353025
45192,0.020752309,0.008984483,0.032520134,0.035866268,0.0,0.035866268,0.008966567
45194,0.11650253,0.010182218,0.22282284,0.2784541,0.0,0.2784541,0.069613524
45197,0.21269174,0.01108537,0.41429815,0.4989977,0.0,0.4989977,0.12474942
45199,0.0808115,0.011698405,0.14992459,0.10701239,0.0,0.10701239,0.026753098
45202,0.3877822,0.01330898,0.7622554,0.590355,0.0,0.590355,0.14758874
45205,0.5016669,0.011073078,0.9922607,0.81842,0.0,0.81842,0.204605
45207,0.4715387,0.011496159,0.93158126,1.0954098,0.0,1.0954098,0.27385244
45210,0.089395665,0.010983634,0.1678077,0.22890465,0.0,0.22890465,0.057226162
45212,0.48620847,0.011355954,0.961061,1.1466538,0.0,1.1466538,0.28666344
45215,0.08140863,0.012797423,0.15001982,0.10603941,0.0,0.10603941,0.026509853
45218,0.26931655,0.012936167,0.52569693,0.3981894,0.0,0.3981894,0.09954735
45220,0.15482567,0.012941014,0.2967103,0.39722586,0.0,0.39722586,0.099306464
45223,0.12682025,0.013622821,0.24001767,0.17944746,0.0,0.17944746,0.044861864
45226,0.026803888,0.014007767,0.03960001,0.018520266,0.0,0.018520266,0.0046300665
45228,0.4254022,0.014751692,0.8360527,0.65275043,0.0,0.65275043,0.16318761
45231,0.031981062,0.015453207,0.048508916,0.021562574,0.0,0.021562574,0.0053906436
45233,0.61839515,0.01588735,1.220903,1.4669536,0.0,1.4669536,0.3667384
45236,0.024630437,0.015656522,0.033604354,0.02970733,0.0,0.02970733,0.0074268323
45239,0.14296319,0.016444026,0.26948234,0.16755395,0.0,0.16755395,0.041888487
45241,0.0842351,0.016879987,0.15159021,0.10308804,0.0,0.10308804,0.02577201
45244,0.13863136,0.017047714,0.260215,0.3868877,0.0,0.3868877,0.096721925
45246,0.14798956,0.017387515,0.2785916,0.16857149,0.0,0.16857149,0.04214287
45249,0.63872236,0.017235471,1.2602092,1.0342199,0.0,1.0342199,0.25855497
45252,0.40543786,0.018217718,0.79265803,0.5854936,0.0,0.5854936,0.1463734
45254,0.12824903,0.017737187,0.23876089,0.32249114,0.0,0.32249114,0.080622785
45257,0.47722292,0.018459799,0.93598604,0.7283266,0.0,0.7283266,0.18208165
45259,0.043995637,0.019623252,0.068368025,0.07786799,0.0,0.07786799,0.019466998
45262,0.46740112,0.018313268,0.91648895,1.150544,0.0,1.150544,0.287636
45265,0.021451436,0.019049928,0.023852944,0.020087587,0.0,0.020087587,0.0050218967
45267,0.27357563,0.01815672,0.52899456,0.38668022,0.0,0.38668022,0.096670054
45270,0.04028024,0.017723093,0.062837385,0.101492226,0.0,0.101492226,0.025373057
45273,0.111911535,0.02111541,0.20270766,0.11920155,0.0,0.11920155,0.029800387
45275,0.43228614,0.020440185,0.8441321,0.6492476,0.0,0.6492476,0.1623119
45278,0.055545866,0.018082822,0.093008906,0.13210602,0.0,0.13210602,0.033026505
45280,0.060426604,0.019791992,0.10106122,0.05885501,0.0,0.05885501,0.014713752
45283,0.06967625,0.018832127,0.120520376,0.07146391,0.0,0.07146391,0.017865978
45286,0.75194764,0.019731583,1.4841638,1.2313318,0.0,1.2313318,0.30783296
45288,0.15041061,0.021951007,0.27887022,0.4030788,0.0,0.4030788,0.1007697
45291,0.09369501,0.018772403,0.1686176,0.10103289,0.0,0.10103289,0.025258223
45293,0.088247724,0.018185647,0.1583098,0.09574869,0.0,0.09574869,0.023937173
45296,0.5596865,0.018482618,1.1008903,1.3132366,0.0,1.3132366,0.32830915
45299,0.086393,0.018312192,0.1544738,0.21217377,0.0,0.21217377,0.053043444
45301,0.34454808,0.018365098,0.67073107,0.883825,0.0,0.883825,0.22095625
45304,0.38294795,0.018389449,0.74750644,0.9544776,0.0,0.9544776,0.2386194
45306,0.20694721,0.017319856,0.3965746,0.28089723,0.0,0.28089723,0.07022431
45309,0.08836197,0.018340603,0.15838334,0.25592864,0.0,0.25592864,0.06398216
45312,0.025107361,0.017375514,0.03283921,0.024494842,0.0,0.024494842,0.0061237104
45314,0.043325763,0.017875427,0.06877609,0.07713813,0.0,0.07713813,0.019284533
45317,0.7846878,0.016423905,1.5529518,1.8426094,0.0,1.8426094,0.46065235
45320,0.39195538,0.015685536,0.7682252,0.5891096,0.0,0.5891096,0.1472774
45322,0.5284521,0.016518092,1.0403861,0.8260884,0.0,0.8260884,0.2065221
45325,0.06949154,0.016078522,0.12290456,0.18596713,0.0,0.18596713,0.046491783
45327,0.057504278,0.014200465,0.100808084,0.12352594,0.0,0.12352594,0.030881485
45330,0.59210926,0.01558838,1.1686301,1.4114214,0.0,1.4114214,0.35285535
45333,0.3312524,0.015250824,0.64725393,0.51354426,0.0,0.51354426,0.12838607
45335,0.26023796,0.013645589,0.5068304,0.6466356,0.0,0.6466356,0.1616589
45338,0.25300014,0.013126451,0.49287382,0.3794321,0.0,0.3794321,0.09485803
45340,0.034220804,0.012640864,0.055800747,0.070001245,0.0,0.070001245,0.017500311
45343,0.09637529,0.013684832,0.17906575,0.25199583,0.0,0.25199583,0.06299896
45346,0.019101301,0.014806558,0.023396043,0.028268978,0.0,0.028268978,0.0070672445
45348,0.35615942,0.013655561,0.69866323,0.859281,0.0,0.859281,0.21482025
45351,0.31992602,0.013315686,0.62653637,0.78074056,0.0,0.78074056,0.19518514
45353,0.6403823,0.011993884,1.2687707,1.0725176,0.0,1.0725176,0.2681294
45356,0.071863,0.0123838885,0.13134211,0.084213294,0.0,0.084213294,0.021053324
45359,0.25889358,0.011641796,0.5061454,0.6200747,0.0,0.6200747,0.15501867
45361,0.9001277,0.011561737,1.7886938,1.5823003,0.0,1.5823003,0.39557508
45364,0.2120062,0.010806809,0.4132056,0.43534327,0.0,0.43534327,0.10883582
45367,0.5647988,0.009545528,1.120052,1.0037518,0.0,1.0037518,0.25093794
45369,0.87332815,0.009539186,1.7371172,1.5770946,0.0,1.5770946,0.39427364
45372,0.23661083,0.008541453,0.4646802,0.4162706,0.0,0.4162706,0.10406765
45374,0.53629166,0.00763955,1.0649438,1.1715403,0.0,1.1715403,0.29288507
45377,0.65479475,0.0072913864,1.3022981,1.24273,0.0,1.24273,0.3106825
45380,0.0658185,0.0064275074,0.1252095,0.14046347,0.0,0.14046347,0.035115868
45382,0.18631335,0.0059555504,0.36667117,0.37641343,0.0,0.37641343,0.09410336
45385,0.7127959,0.005743352,1.4198484,1.4715486,0.0,1.4715486,0.36788714
45387,0.37955454,0.005805915,0.75330323,0.6839955,0.0,0.6839955,0.17099887
45390,0.033601653,0.0050079804,0.06219532,0.060870532,0.0,0.060870532,0.015217633
45393,0.6339805,0.004774871,1.2631861,1.224811,0.0,1.224811,0.30620274
45395,0.020670174,0.0045326767,0.03680767,0.030412473,0.0,0.030412473,0.007603118
45398,0.26414835,0.0044216444,0.52387506,0.48904502,0.0,0.48904502,0.122261256
45400,0.026409132,0.003865825,0.04895244,0.05342649,0.0,0.05342649,0.013356622
45403,0.21138893,0.0032481933,0.41952968,0.39898598,0.0,0.39898598,0.099746495
45406,0.32902154,0.0028350092,0.65520805,0.617713,0.0,0.617713,0.15442824
45408,0.4137328,0.002509826,0.82495576,0.8605771,0.0,0.8605771,0.21514428
45411,0.019282416,0.0025442631,0.036020566,0.030382672,0.0,0.030382672,0.007595668
45414,0.027940772,0.0024411932,0.05344035,0.044935435,0.0,0.044935435,0.011233859
45416,0.0256899,0.002404404,0.048975393,0.049169164,0.0,0.049169164,0.012292291
45419,0.10682609,0.0022322233,0.21141995,0.22780712,0.0,0.22780712,0.05695178
45421,0.1740397,0.0024442135,0.34563518,0.36730388,0.0,0.36730388,0.09182597
45424,0.0583885,0.0024638248,0.11431318,0.12690182,0.0,0.12690182,0.031725455
45427,0.47699687,0.0021555352,0.9518382,0.9033392,0.0,0.9033392,0.2258348
45429,0.7397492,0.0022453796,1.477253,1.5563842,0.0,1.5563842,0.38909605
45432,0.38013467,0.0023050478,0.7579643,0.69838095,0.0,0.69838095,0.17459524
45434,0.18975069,0.0022902053,0.37721118,0.33880663,0.0,0.33880663,0.08470166
45437,0.024809554,0.0025588463,0.047060262,0.05037917,0.0,0.05037917,0.012594792
45440,0.09666836,0.0025867324,0.19075,0.21809582,0.0,0.21809582,0.054523956
45442,0.7464762,0.0029774236,1.489975,1.5716511,0.0,1.5716511,0.39291278
45445,0.013274561,0.0026782975,0.023870824,0.021921294,0.0,0.021921294,0.0054803235
45447,0.1632282,0.0032447204,0.32321167,0.36717248,0.0,0.36717248,0.09179312
45450,0.06407883,0.002987829,0.12516983,0.11172032,0.0,0.11172032,0.02793008
45453,0.385788,0.0027861623,0.7687898,0.82861835,0.0,0.82861835,0.20715459
45455,0.269967,0.002876452,0.5370576,0.58734727,0.0,0.58734727,0.14683682
45458,0.2604036,0.0031781176,0.5176291,0.5775779,0.0,0.5775779,0.14439447
45461,0.016068093,0.0033886426,0.028747544,0.031647522,0.0,0.031647522,0.0079118805
45463,0.31050768,0.0035245654,0.61749077,0.68157357,0.0,0.68157357,0.17039339
45466,0.06261964,0.0033793754,0.12185991,0.13225216,0.0,0.13225216,0.03306304
45468,0.29560426,0.0033954969,0.587813,0.5318114,0.0,0.5318114,0.13295285
45471,0.13562335,0.003654809,0.2675919,0.31480724,0.0,0.31480724,0.07870181
45474,0.91157883,0.0038159492,1.8193417,1.7036337,0.0,1.7036337,0.42590842
45476,0.20395811,0.0038496514,0.40406656,0.46040097,0.0,0.46040097,0.11510024
45479,0.12658818,0.004101191,0.24907517,0.29445654,0.0,0.29445654,0.073614135
45481,0.15791003,0.0041627586,0.3116573,0.26148245,0.0,0.26148245,0.06537061
45484,0.055330753,0.0044274186,0.10623408,0.086185895,0.0,0.086185895,0.021546474
45487,0.047521546,0.00493309,0.090110004,0.099126875,0.0,0.099126875,0.024781719
45489,0.03970004,0.0051651807,0.074234895,0.056058478,0.0,0.056058478,0.014014619
45492,0.13207555,0.005695192,0.2584559,0.19821298,0.0,0.19821298,0.049553245
45494,0.1477016,0.006194958,0.28920826,0.22268903,0.0,0.22268903,0.05567226
45497,0.26484308,0.0066482094,0.5230379,0.42176917,0.0,0.42176917,0.10544229
45500,0.070670314,0.0073269415,0.1340137,0.1454045,0.0,0.1454045,0.036351126
45502,0.34411514,0.007849459,0.6803808,0.55446786,0.0,0.55446786,0.13861696
45505,0.27487287,0.008762419,0.54098326,0.42262658,0.0,0.42262658,0.105656646
45508,0.032870244,0.009045351,0.056695133,0.037318636,0.0,0.037318636,0.009329659
45510,0.036227167,0.009396498,0.06305783,0.040730204,0.0,0.040730204,0.010182551
45513,0.36477205,0.00957483,0.7199693,0.8650009,0.0,0.8650009,0.21625023
45515,0.049808532,0.010097328,0.08951974,0.11865103,0.0,0.11865103,0.029662758
45518,0.07398598,0.0105583565,0.1374136,0.09832958,0.0,0.09832958,0.024582395
45521,0.13369201,0.010598783,0.25678524,0.34307733,0.0,0.34307733,0.08576933
45523,0.15985471,0.010573722,0.3091357,0.38751802,0.0,0.38751802,0.096879505
45526,0.6197235,0.010489207,1.2289578,1.0307286,0.0,1.0307286,0.25768214
45528,0.08308533,0.010390299,0.15578036,0.20781647,0.0,0.20781647,0.051954117
45531,0.24516945,0.010246412,0.4800925,0.38976994,0.0,0.38976994,0.097442485
45534,0.07526655,0.010174543,0.14035855,0.104817115,0.0,0.104817115,0.026204279
45536,0.2222225,0.01015195,0.43429306,0.34358856,0.0,0.34358856,0.08589714
45539,0.14144334,0.01049352,0.27239317,0.3106356,0.0,0.3106356,0.0776589
45542,0.20070665,0.010656748,0.39075652,0.49252924,0.0,0.49252924,0.12313231
45544,0.06390755,0.010479592,0.117335506,0.14264269,0.0,0.14264269,0.035660673
45547,0.07378639,0.009823532,0.13774925,0.09530603,0.0,0.09530603,0.023826508
45549,0.017172165,0.009688922,0.02465541,0.037503216,0.0,0.037503216,0.009375804
45552,0.061488044,0.009399791,0.11357629,0.16128905,0.0,0.16128905,0.040322263
45555,0.6808038,0.008987837,1.3526196,1.1738611,0.0,1.1738611,0.2934653
45557,0.40619805,0.00927264,0.8031235,0.9386155,0.0,0.9386155,0.23465388
45560,0.37829825,0.008699644,0.74789685,0.6210286,0.0,0.6210286,0.15525715
45562,0.08946076,0.008453665,0.17046785,0.19176368,0.0,0.19176368,0.04794092
45565,0.41666818,0.007917385,0.82541895,0.95783263,0.0,0.95783263,0.23945816
45568,0.28307915,0.0075108334,0.55864745,0.6597333,0.0,0.6597333,0.16493332
45570,0.2977505,0.0066887527,0.5888123,0.65148634,0.0,0.65148634,0.16287158
45573,0.4381298,0.0062122173,0.8700474,0.7708884,0.0,0.7708884,0.1927221
45575,0.15834768,0.0057302783,0.3109651,0.27141505,0.0,0.27141505,0.06785376
45578,0.22542596,0.0051978966,0.44565403,0.40218362,0.0,0.40218362,0.100545906
45581,0.1898367,0.0046303975,0.375043,0.40907028,0.0,0.40907028,0.10226757
45583,0.026190495,0.0042207763,0.04816021,0.056718823,0.0,0.056718823,0.014179706
45586,0.46073452,0.0036199063,0.9178491,0.85356826,0.0,0.85356826,0.21339206
45589,0.013740614,0.0035986349,0.023882592,0.02183064,0.0,0.02183064,0.00545766
45591,0.13903685,0.0035163052,0.27455738,0.23977296,0.0,0.23977296,0.05994324
45594,0.18417454,0.0030023723,0.3653467,0.40590653,0.0,0.40590653,0.10147663
45596,0.04120438,0.0028353035,0.07957346,0.068901874,0.0,0.068901874,0.017225469
45599,0.08154362,0.0029447183,0.16014253,0.14823875,0.0,0.14823875,0.037059687
45602,0.103431195,0.0025819645,0.20428042,0.1831327,0.0,0.1831327,0.045783173
45604,0.04566491,0.0028430943,0.08848673,0.08358576,0.0,0.08358576,0.02089644
45607,0.3886193,0.0024986134,0.77474,0.8393333,0.0,0.8393333,0.20983332
45609,0.08138149,0.0023288897,0.1604341,0.1329729,0.0,0.1329729,0.033243224
45612,0.0329453,0.0022157102,0.0636749,0.06941525,0.0,0.06941525,0.017353812
45615,0.02251977,0.0023995326,0.042640004,0.047590565,0.0,0.047590565,0.011897641
45617,0.26019576,0.0018286081,0.518563,0.56489563,0.0,0.56489563,0.14122391
45620,0.18109657,0.0019104999,0.36028266,0.39143458,0.0,0.39143458,0.097858645
45622,0.09603056,0.0021501093,0.18991101,0.21286178,0.0,0.21286178,0.053215444
45625,0.048003346,0.00248201,0.09352469,0.11325695,0.0,0.11325695,0.028314238
45628,0.14072166,0.0027661242,0.2786772,0.25799662,0.0,0.25799662,0.064499155
45630,0.10371887,0.0030130744,0.20442466,0.22052862,0.0,0.22052862,0.055132154
45633,0.06350923,0.0029801421,0.12403833,0.10525012,0.0,0.10525012,0.02631253
45636,0.053769406,0.0025075164,0.10503129,0.124414034,0.0,0.124414034,0.031103509
45638,0.5535479,0.0026849217,1.104411,1.1850406,0.0,1.1850406,0.29626015
45641,0.095981695,0.0025778303,0.18938558,0.20544083,0.0,0.20544083,0.05136021
45643,0.091023296,0.0025655956,0.17948098,0.20227826,0.0,0.20227826,0.050569564
45646,0.024003698,0.0028527658,0.045154627,0.052116986,0.0,0.052116986,0.013029247
45649,0.6273164,0.0028052544,1.2518276,1.3280381,0.0,1.3280381,0.33200952
45651,0.26922908,0.0030765198,0.5353816,0.5837923,0.0,0.5837923,0.14594808
45654,0.15569554,0.00277205,0.30861905,0.33994755,0.0,0.33994755,0.08498689
45656,0.45494115,0.0028644025,0.9070179,0.96106714,0.0,0.96106714,0.24026679
45659,0.048991457,0.0024199977,0.09556291,0.08516299,0.0,0.08516299,0.021290747
45662,0.73471445,0.0027916543,1.4666371,1.39435,0.0,1.39435,0.3485875
45664,0.014511704,0.0027270701,0.026296338,0.026687862,0.0,0.026687862,0.0066719656
45667,0.11320335,0.0027328276,0.22367387,0.24864684,0.0,0.24864684,0.06216171
45669,0.19003713,0.002828508,0.37724575,0.34832576,0.0,0.34832576,0.08708144
45672,0.011089578,0.0023107065,0.01986845,0.018678203,0.0,0.018678203,0.004669551
45675,0.09349785,0.0022553143,0.18474038,0.16859937,0.0,0.16859937,0.04214984
45677,0.21154787,0.0021608218,0.42093492,0.44590974,0.0,0.44590974,0.111477435
45680,0.03604737,0.0021621312,0.06993261,0.07456802,0.0,0.07456802,0.018642005
45683,0.033024516,0.0020180997,0.06403094,0.05838279,0.0,0.05838279,0.014595698
45685,0.2433583,0.0020516673,0.48466492,0.44932213,0.0,0.44932213,0.11233053
45688,0.048723746,0.0018554595,0.09559203,0.10101724,0.0,0.10101724,0.02525431
45690,0.060419675,0.0019605232,0.11887882,0.1281553,0.0,0.1281553,0.032038826
45693,0.15637483,0.0019805466,0.3107691,0.33184645,0.0,0.33184645,0.08296161
45696,0.20957148,0.0022552067,0.41688776,0.4495635,0.0,0.4495635,0.112390876
45698,0.0643263,0.0022657888,0.1263868,0.111248195,0.0,0.111248195,0.027812049
45701,0.039230026,0.0023304187,0.07612964,0.089332245,0.0,0.089332245,0.022333061
45703,0.682277,0.0025518124,1.3620023,1.4566064,0.0,1.4566064,0.3641516
45706,0.8510728,0.0028781753,1.6992674,1.5806397,0.0,1.5806397,0.39515993
45709,0.19839744,0.00329074,0.39350414,0.43320957,0.0,0.43320957,0.10830239
45711,0.41449443,0.0034680062,0.8255208,0.9185242,0.0,0.9185242,0.22963105
45714,0.13714412,0.0032904462,0.2709978,0.2366103,0.0,0.2366103,0.059152573
45716,0.02040086,0.003281992,0.037519727,0.044155706,0.0,0.044155706,0.011038926
45719,0.036326617,0.0031370006,0.069516234,0.08049805,0.0,0.08049805,0.020124512
45722,0.16835774,0.003261692,0.3334538,0.29966065,0.0,0.29966065,0.07491516
45724,0.21666473,0.0029548507,0.43037462,0.37926626,0.0,0.37926626,0.094816566
45727,0.106588475,0.003584034,0.20959292,0.23074026,0.0,0.23074026,0.057685066
45730,0.1841629,0.0037092178,0.36461654,0.42286038,0.0,0.42286038,0.105715096
45732,0.03143068,0.0036194834,0.059241876,0.06372162,0.0,0.06372162,0.015930405
45735,0.106740505,0.003260631,0.21022038,0.19902699,0.0,0.19902699,0.049756747
45737,0.430997,0.002950419,0.8590436,0.78971547,0.0,0.78971547,0.19742887
45740,0.25873694,0.0034061198,0.5140677,0.5795232,0.0,0.5795232,0.1448808
45743,0.03105474,0.0038108404,0.058298644,0.06264026,0.0,0.06264026,0.015660064
45745,0.6327033,0.0038673065,1.2615393,1.3713421,0.0,1.3713421,0.34283552
45748,0.686729,0.0033709838,1.3700871,1.258238,0.0,1.258238,0.3145595
45750,0.4038678,0.0032795735,0.804456,0.7365179,0.0,0.7365179,0.18412948
45753,0.26370946,0.0027014613,0.5247175,0.4598805,0.0,0.4598805,0.114970125
45756,0.083011426,0.0024446507,0.1635782,0.19554861,0.0,0.19554861,0.048887152
45758,0.03575512,0.002375358,0.06913488,0.06936475,0.0,0.06936475,0.017341187
45761,0.21089923,0.0026280663,0.4191704,0.3682364,0.0,0.3682364,0.0920591
45763,0.034158755,0.0027897637,0.065527745,0.076717295,0.0,0.076717295,0.019179324
45766,0.4156884,0.0029947816,0.828382,0.9056006,0.0,0.9056006,0.22640015
45769,0.3977094,0.0030416881,0.7923772,0.8645176,0.0,0.8645176,0.2161294
45771,0.009371188,0.0028226443,0.01591973,0.021243056,0.0,0.021243056,0.005310764
45774,0.1113421,0.0028700624,0.21981414,0.2505348,0.0,0.2505348,0.0626337
45777,0.09282506,0.0028661874,0.18278395,0.15560776,0.0,0.15560776,0.03890194
45779,0.0180958,0.0028248273,0.033366773,0.04286028,0.0,0.04286028,0.01071507
45782,0.72617453,0.002975851,1.4493732,1.3454943,0.0,1.3454943,0.33637357
45784,0.12278079,0.00293182,0.24262977,0.27250195,0.0,0.27250195,0.06812549
45787,0.60320574,0.0030883327,1.2033232,1.2996539,0.0,1.2996539,0.32491347
45790,0.58797544,0.002903049,1.1730479,1.2595001,0.0,1.2595001,0.31487504
45792,0.33753327,0.0026975758,0.672369,0.6087148,0.0,0.6087148,0.1521787
45795,0.5939157,0.0022591967,1.1855723,1.112245,0.0,1.112245,0.27806124
45797,0.10502387,0.0024030504,0.2076447,0.18347318,0.0,0.18347318,0.045868296
45800,0.6790025,0.0020791243,1.3559259,1.2753862,0.0,1.2753862,0.31884655
45803,0.06050743,0.0021840038,0.11883086,0.13531743,0.0,0.13531743,0.033829357
45805,0.40612566,0.0022404618,0.81001085,0.7528643,0.0,0.7528643,0.18821608
45808,0.27877793,0.002190682,0.55536515,0.51015437,0.0,0.51015437,0.12753859
45810,0.69912195,0.002126878,1.3961171,1.3249985,0.0,1.3249985,0.33124962
45813,0.16945241,0.0020170351,0.3368878,0.3058507,0.0,0.3058507,0.07646268
45816,0.06596894,0.0019320333,0.13000584,0.13418558,0.0,0.13418558,0.033546396
45818,0.4072707,0.00190358,0.8126378,0.76912403,0.0,0.76912403,0.19228101
45821,0.21686845,0.0019351561,0.4318017,0.40094933,0.0,0.40094933,0.10023733
45824,0.7788157,0.002086764,1.5555445,1.4805012,0.0,1.4805012,0.3701253
45826,0.30848682,0.0021171945,0.6148564,0.5687024,0.0,0.5687024,0.1421756
45829,0.038791563,0.0019171593,0.07566597,0.06792935,0.0,0.06792935,0.016982337
45831,0.17313306,0.0017155837,0.34455052,0.36949325,0.0,0.36949325,0.09237331
45834,0.22695471,0.0015584935,0.45235094,0.41928825,0.0,0.41928825,0.10482206
45837,0.7546189,0.0017250013,1.5075127,1.5857812,0.0,1.5857812,0.3964453
45839,0.031419855,0.0019383758,0.06090133,0.052618463,0.0,0.052618463,0.013154616
45842,0.80409056,0.0022095505,1.6059717,1.5028063,0.0,1.5028063,0.37570158
45844,0.23590446,0.0027146349,0.46909428,0.41276392,0.0,0.41276392,0.10319098
45847,0.38689435,0.0024107788,0.77137786,0.8471516,0.0,0.8471516,0.2117879
45850,0.41562137,0.0024239377,0.8288188,0.75388193,0.0,0.75388193,0.18847048
45852,0.037018303,0.002283945,0.07175266,0.07816254,0.0,0.07816254,0.019540636
45855,0.60997945,0.0021369206,1.217822,1.2974385,0.0,1.2974385,0.32435963
45857,0.04545028,0.0023996334,0.088500924,0.09917977,0.0,0.09917977,0.024794942
45860,0.023149272,0.002664653,0.043633893,0.053206217,0.0,0.053206217,0.013301554
45863,0.12131392,0.0025512932,0.24007654,0.26510638,0.0,0.26510638,0.066276595
45865,0.11167526,0.0021399653,0.22121055,0.24318707,0.0,0.24318707,0.060796767
45868,0.30484197,0.0018607393,0.6078232,0.5655177,0.0,0.5655177,0.14137943
45871,0.25579864,0.0016751493,0.5099221,0.5482157,0.0,0.5482157,0.13705392
45873,0.037693586,0.0016900273,0.07369715,0.06392651,0.0,0.06392651,0.015981628
45876,0.039886467,0.0019877425,0.077785194,0.06686154,0.0,0.06686154,0.016715385
45878,0.32630304,0.0020449548,0.65056115,0.60720485,0.0,0.60720485,0.15180121
45881,0.29577184,0.002000726,0.5895429,0.5506856,0.0,0.5506856,0.1376714
45884,0.022971146,0.0017684143,0.044173878,0.043860197,0.0,0.043860197,0.010965049
45886,0.14116828,0.0017662361,0.2805703,0.25742838,0.0,0.25742838,0.064357094
45889,0.030561974,0.0011969722,0.059926976,0.061507493,0.0,0.061507493,0.015376873
45891,0.2690462,0.001088866,0.5370035,0.5072139,0.0,0.5072139,0.12680347
45894,0.1040242,0.00096910866,0.20707929,0.187105,0.0,0.187105,0.04677625
45897,0.017248614,0.001026183,0.033471044,0.034679975,0.0,0.034679975,0.008669994
45899,0.49939978,0.0011522803,0.9976473,0.95913666,0.0,0.95913666,0.23978417
45902,0.20144826,0.0010980506,0.4017985,0.4278911,0.0,0.4278911,0.10697278
45904,0.08160324,0.00097160804,0.16223486,0.14662704,0.0,0.14662704,0.03665676
45907,0.1518317,0.00091405166,0.30274934,0.32360747,0.0,0.32360747,0.08090187
45910,0.06525663,0.00092306733,0.1295902,0.14285159,0.0,0.14285159,0.035712898
45912,0.27198106,0.0009564318,0.5430057,0.50993395,0.0,0.50993395,0.12748349
45915,0.1620587,0.0009808826,0.32313654,0.3012387,0.0,0.3012387,0.07530967
45918,0.06470939,0.0010336571,0.12838511,0.11570487,0.0,0.11570487,0.028926218
45920,0.11890902,0.0010386355,0.2367794,0.25878155,0.0,0.25878155,0.06469539
45923,0.37529466,0.0010546573,0.7495346,0.70579386,0.0,0.70579386,0.17644846
45925,0.16515397,0.0011149707,0.32919297,0.30359474,0.0,0.30359474,0.075898685
45928,0.095149755,0.0011508932,0.18914862,0.17039317,0.0,0.17039317,0.042598292
45931,0.08849478,0.0012171698,0.17577238,0.16200249,0.0,0.16200249,0.040500622
45933,0.07670498,0.0011733162,0.15223664,0.14829074,0.0,0.14829074,0.037072685
45936,0.018827433,0.0015564008,0.03609846,0.029496968,0.0,0.029496968,0.007374242
45938,0.11770019,0.0014665612,0.23393382,0.24093497,0.0,0.24093497,0.060233742
45941,0.06924541,0.0017295672,0.13676126,0.15034097,0.0,0.15034097,0.037585244
45944,0.094560094,0.0017228238,0.18739736,0.20302992,0.0,0.20302992,0.05075748
45946,0.593552,0.0015452119,1.1855588,1.2293983,0.0,1.2293983,0.30734956
45949,0.07764001,0.0014731997,0.15380682,0.14979552,0.0,0.14979552,0.03744888
45951,0.2573048,0.0014787557,0.51313084,0.48938537,0.0,0.48938537,0.12234634
45954,0.02472543,0.0009310472,0.04851981,0.043757003,0.0,0.043757003,0.010939251
45957,0.1947221,0.0008439937,0.3886002,0.36710143,0.0,0.36710143,0.09177536
45959,0.15707585,0.0008052297,0.31334648,0.32276976,0.0,0.32276976,0.08069244
45962,0.28980452,0.0007042656,0.5789048,0.5578305,0.0,0.5578305,0.13945763
45965,0.037929315,0.00066839467,0.07519024,0.07066193,0.0,0.07066193,0.017665483
45967,0.20268996,0.00061285467,0.40476707,0.41868845,0.0,0.41868845,0.10467211
45970,0.23585309,0.0006212645,0.47108492,0.49073815,0.0,0.49073815,0.12268454
45972,0.03823759,0.0006265953,0.07584859,0.06855564,0.0,0.06855564,0.01713891
45975,0.14375623,0.0006649857,0.28684744,0.26891387,0.0,0.26891387,0.067228466
45978,0.12474385,0.0006841693,0.24880354,0.23251222,0.0,0.23251222,0.058128055
45980,0.086399324,0.0007584588,0.17204021,0.18734877,0.0,0.18734877,0.046837192
45983,0.21435241,0.00091537624,0.42778945,0.40280738,0.0,0.40280738,0.100701846
45985,0.04685052,0.00091894576,0.0927821,0.09994876,0.0,0.09994876,0.02498719
45988,0.12892574,0.001004346,0.25684714,0.27680784,0.0,0.27680784,0.06920196
45991,0.10688204,0.0010284744,0.21273561,0.22068012,0.0,0.22068012,0.05517003
45993,0.6044681,0.001144709,1.2077914,1.258289,0.0,1.258289,0.31457224
45996,0.0475578,0.0012238014,0.0938918,0.08679422,0.0,0.08679422,0.021698555
45998,0.33971977,0.0013068743,0.6781327,0.71662444,0.0,0.71662444,0.17915611
46001,0.63425654,0.00140154,1.2671115,1.2136946,0.0,1.2136946,0.30342364
46004,0.024462188,0.0015711663,0.047353208,0.053101737,0.0,0.053101737,0.013275434
46006,0.10125214,0.0017033961,0.20080088,0.1761447,0.0,0.1761447,0.044036176
46009,0.10975319,0.0013602196,0.21814616,0.24060367,0.0,0.24060367,0.060150918
46012,0.47631678,0.001431153,0.9512024,0.99939275,0.0,0.99939275,0.24984819
46014,0.23457856,0.0016805244,0.4674766,0.5022099,0.0,0.5022099,0.12555248
46017,0.019999823,0.0013523595,0.038647287,0.040335443,0.0,0.040335443,0.010083861
46019,0.15079027,0.0009185408,0.300662,0.30212167,0.0,0.30212167,0.07553042
46022,0.06387726,0.0008660201,0.1268885,0.11569363,0.0,0.11569363,0.028923407
46025,0.1627653,0.0007713355,0.32475924,0.3438528,0.0,0.3438528,0.0859632
46027,0.21282218,0.00094196666,0.4247024,0.40227714,0.0,0.40227714,0.100569285
46030,0.2806486,0.000768903,0.5605283,0.58972967,0.0,0.58972967,0.14743242
46032,0.31346786,0.00067923736,0.62625647,0.59571534,0.0,0.59571534,0.14892884
46035,0.054250028,0.0008479217,0.10765213,0.09836566,0.0,0.09836566,0.024591414
46038,0.23370649,0.0008153574,0.46659765,0.44631633,0.0,0.44631633,0.11157908
46040,0.21926749,0.00080081914,0.43773416,0.45725903,0.0,0.45725903,0.11431476
46043,0.33664858,0.00069257786,0.67260456,0.6461846,0.0,0.6461846,0.16154616
46046,1.0199268,0.0007289429,2.0391247,1.9969724,0.0,1.9969724,0.4992431
46048,0.12441978,0.0008624645,0.2479771,0.26082027,0.0,0.26082027,0.06520507
46051,0.23192018,0.0009249097,0.46291545,0.48266497,0.0,0.48266497,0.12066624
46053,0.23400386,0.0009877784,0.46701995,0.44352183,0.0,0.44352183,0.11088046
46056,0.6012088,0.00080037495,1.2016172,1.2302957,0.0,1.2302957,0.3075739
46059,0.0378935,0.0008267068,0.07496029,0.06755414,0.0,0.06755414,0.016888535
46061,0.09516085,0.00093189225,0.18938981,0.1836377,0.0,0.1836377,0.045909423
46064,0.008186647,0.0008654766,0.015507817,0.017195107,0.0,0.017195107,0.004298777
46066,0.11670294,0.0007509361,0.23265493,0.22173364,0.0,0.22173364,0.05543341
46069,0.023905652,0.00080846465,0.04700284,0.04993068,0.0,0.04993068,0.01248267
46072,0.027236387,0.0007958592,0.053676914,0.049829394,0.0,0.049829394,0.012457348
46074,0.29497182,0.00092342444,0.5890202,0.5659583,0.0,0.5659583,0.14148958
46077,0.1693017,0.000940141,0.3376633,0.31938493,0.0,0.31938493,0.07984623
46079,0.025847353,0.0010471052,0.0506476,0.05199774,0.0,0.05199774,0.012999435
46082,0.6087851,0.001109397,1.2164608,1.231017,0.0,1.231017,0.30775425
46085,0.009879881,0.0012617746,0.018497987,0.016939491,0.0,0.016939491,0.0042348728
46087,0.02311449,0.0011395046,0.045089472,0.04878244,0.0,0.04878244,0.01219561
46090,0.020596283,0.0010567999,0.040135767,0.04169464,0.0,0.04169464,0.01042366
46093,0.10926638,0.0011378073,0.21739495,0.20768844,0.0,0.20768844,0.05192211
46095,0.4758747,0.0011213172,0.9506281,0.91117185,0.0,0.91117185,0.22779296
46098,0.973104,0.0011371168,1.9450709,1.9108547,0.0,1.9108547,0.47771367
46100,0.19046958,0.001028891,0.37991026,0.35307977,0.0,0.35307977,0.08826994
46103,0.24184017,0.0011273351,0.482553,0.44852042,0.0,0.44852042,0.112130105
46106,0.09365306,0.0013012807,0.18600483,0.21037136,0.0,0.21037136,0.05259284
46108,0.03536376,0.0013596043,0.069367915,0.067821525,0.0,0.067821525,0.016955381
46111,0.4173238,0.0013935324,0.83325404,0.8827801,0.0,0.8827801,0.22069502
46113,0.09109356,0.0014604958,0.18072663,0.20307995,0.0,0.20307995,0.05076999
46116,0.12336149,0.0015000831,0.24522288,0.21640305,0.0,0.21640305,0.054100763
46119,0.18803984,0.0016634829,0.3744162,0.41358867,0.0,0.41358867,0.10339717
46121,0.1542489,0.0015073341,0.30699044,0.33881417,0.0,0.33881417,0.08470354
46124,0.02945702,0.0015595517,0.05735449,0.046885256,0.0,0.046885256,0.011721314
46126,0.053269107,0.0015505925,0.10498762,0.10631899,0.0,0.10631899,0.026579747
46129,0.08164786,0.0016550282,0.16164069,0.18603015,0.0,0.18603015,0.046507537
46132,0.7753746,0.0016435158,1.5491056,1.4806904,0.0,1.4806904,0.3701726
46134,0.044989914,0.0015720342,0.08840779,0.08089923,0.0,0.08089923,0.020224808
46137,0.09627468,0.001543294,0.19100606,0.2125206,0.0,0.2125206,0.05313015
46140,0.13040936,0.0013952708,0.25942346,0.23229663,0.0,0.23229663,0.058074158
46142,0.4531282,0.0013644979,0.9048919,0.94885844,0.0,0.94885844,0.23721461
46145,0.026772672,0.0012785248,0.05226682,0.050369978,0.0,0.050369978,0.0125924945
46147,0.6424249,0.0014766607,1.283373,1.3452762,0.0,1.3452762,0.33631906
46150,0.049972087,0.0015602518,0.098383926,0.08792526,0.0,0.08792526,0.021981316
46153,0.028249077,0.0013928832,0.055105273,0.050333604,0.0,0.050333604,0.012583401
46155,0.4814786,0.0013853485,0.9615719,1.0090961,0.0,1.0090961,0.25227404
46158,0.5130288,0.0013467312,1.0247108,1.0676391,0.0,1.0676391,0.26690978
46160,0.13832198,0.0012231852,0.27542076,0.29823074,0.0,0.29823074,0.074557684
46163,0.21147381,0.0014177706,0.42152986,0.45375857,0.0,0.45375857,0.11343964
46166,0.25606844,0.0013187224,0.5108181,0.47572455,0.0,0.47572455,0.11893114
46168,0.62788194,0.0013473212,1.2544166,1.3103529,0.0,1.3103529,0.32758823
46171,0.13110887,0.0014526997,0.26076505,0.2840943,0.0,0.2840943,0.071023576
46173,0.085401125,0.0014263404,0.16937591,0.18967398,0.0,0.18967398,0.047418494
46176,0.35985038,0.00132091,0.7183798,0.68794113,0.0,0.68794113,0.17198528
46179,0.1030597,0.0012060424,0.20491336,0.1817411,0.0,0.1817411,0.045435276
46181,0.019905197,0.0011199886,0.038690407,0.035541672,0.0,0.035541672,0.008885418
46184,0.04728346,0.0011870712,0.093379855,0.086514235,0.0,0.086514235,0.021628559
46187,0.027111253,0.0012258274,0.052996676,0.055944216,0.0,0.055944216,0.013986054
46189,0.49622968,0.0012206194,0.9912388,1.0409015,0.0,1.0409015,0.2602254
46192,0.84587866,0.0012316094,1.6905257,1.7461036,0.0,1.7461036,0.4365259
46194,0.101543956,0.0012634089,0.2018245,0.22720723,0.0,0.22720723,0.056801807
46197,0.11131414,0.0012900489,0.22133823,0.24833775,0.0,0.24833775,0.062084436
46200,0.36629984,0.0015771155,0.73102254,0.6915736,0.0,0.6915736,0.1728934
46202,0.21644837,0.001398306,0.4314984,0.3939159,0.0,0.3939159,0.09847897
46205,0.4783796,0.0015195623,0.9552396,0.89995795,0.0,0.89995795,0.22498949
46207,0.040928025,0.00152764,0.080328405,0.07349537,0.0,0.07349537,0.018373843
46210,0.039800476,0.0016608951,0.077940054,0.07736997,0.0,0.07736997,0.019342493
46213,0.53128606,0.0016005089,1.0609716,1.1270853,0.0,1.1270853,0.28177133
46215,0.09436497,0.0017361675,0.18699378,0.21612366,0.0,0.21612366,0.054030914
46218,0.0780616,0.001698929,0.15442428,0.1786552,0.0,0.1786552,0.0446638
46220,0.55935335,0.001891017,1.1168157,1.1751595,0.0,1.1751595,0.29378986
46223,0.33469877,0.0017989309,0.66759855,0.6103397,0.0,0.6103397,0.15258493
46226,0.3385736,0.0021348782,0.67501235,0.7385893,0.0,0.7385893,0.18464732
46228,0.03675207,0.00219934,0.071304806,0.07476539,0.0,0.07476539,0.018691348
46231,0.069417626,0.0022169736,0.13661827,0.13027376,0.0,0.13027376,0.03256844
46234,0.21268924,0.0022269473,0.42315152,0.47022542,0.0,0.47022542,0.117556356
46236,0.012136009,0.002123098,0.02214892,0.023610612,0.0,0.023610612,0.005902653
46239,0.5658636,0.001969705,1.1297575,1.2049389,0.0,1.2049389,0.30123472
46241,0.2605319,0.0018197546,0.519244,0.5683131,0.0,0.5683131,0.14207828
46244,0.02045503,0.0017790743,0.039130986,0.048531387,0.0,0.048531387,0.012132847
46247,0.89356786,0.0018262634,1.7853094,1.856182,0.0,1.856182,0.4640455
46249,0.25620922,0.0017622871,0.5106562,0.46641693,0.0,0.46641693,0.11660423
46252,0.029914608,0.0015885591,0.058240656,0.069130816,0.0,0.069130816,0.017282704
46254,0.3461392,0.0016339022,0.6906445,0.64362365,0.0,0.64362365,0.16090591
46257,0.30108526,0.0015985448,0.600572,0.5563075,0.0,0.5563075,0.13907687
46260,0.042243022,0.0017553678,0.08273068,0.071369134,0.0,0.071369134,0.017842283
46262,0.17374666,0.0016685376,0.3458248,0.3680992,0.0,0.3680992,0.0920248
46265,0.4773804,0.0015761644,0.9531846,1.0107428,0.0,1.0107428,0.2526857
46267,0.32487532,0.0015559479,0.6481947,0.6976549,0.0,0.6976549,0.17441373
46270,0.28045288,0.0015389035,0.5593669,0.51754767,0.0,0.51754767,0.12938692
46273,0.25090706,0.0015775225,0.5002366,0.54200274,0.0,0.54200274,0.13550068
46275,0.20301028,0.0015058782,0.40451467,0.37219855,0.0,0.37219855,0.09304964
46278,0.11426202,0.0015963921,0.22692765,0.20126437,0.0,0.20126437,0.05031609
46281,0.08002296,0.0015449574,0.15850097,0.17741573,0.0,0.17741573,0.044353932
46283,0.5373657,0.0015843483,1.0731469,1.0115056,0.0,1.0115056,0.2528764
46286,0.026419492,0.0013423726,0.051496614,0.0504197,0.0,0.0504197,0.012604925
46288,0.47186434,0.0015577605,0.9421709,0.8860674,0.0,0.8860674,0.22151685
46291,0.671762,0.0016584253,1.3418655,1.269864,0.0,1.269864,0.317466
46294,0.4241637,0.001821143,0.8465063,0.904545,0.0,0.904545,0.22613625
46296,0.017595097,0.002013773,0.033176422,0.032213226,0.0,0.032213226,0.0080533065
46299,0.09631463,0.0020019193,0.19062734,0.22335859,0.0,0.22335859,0.055839647
46301,0.26827505,0.0019328073,0.5346173,0.5902011,0.0,0.5902011,0.14755027
46304,0.11771583,0.0019368498,0.2334948,0.19803219,0.0,0.19803219,0.049508046
46307,0.15919219,0.0021711395,0.31621325,0.30841935,0.0,0.30841935,0.07710484
46309,0.07222986,0.0023881837,0.14207155,0.1375855,0.0,0.1375855,0.034396376
46312,0.06921969,0.002601936,0.13583745,0.11786997,0.0,0.11786997,0.029467493
46314,0.25816184,0.0027188866,0.5136048,0.45503032,0.0,0.45503032,0.11375758
46317,0.79739714,0.0028098328,1.5919844,1.6706266,0.0,1.6706266,0.41765666
46320,0.042140316,0.0030347675,0.08124586,0.08741161,0.0,0.08741161,0.021852903
46322,0.18299098,0.0032197565,0.3627622,0.31000856,0.0,0.31000856,0.07750214
46325,0.07992978,0.0028672412,0.1569923,0.19150655,0.0,0.19150655,0.047876637
46328,0.4491239,0.0026465645,0.8956013,0.8114639,0.0,0.8114639,0.20286597
46330,0.05963227,0.002544657,0.11671988,0.102428295,0.0,0.102428295,0.025607074
46333,0.033428665,0.0027766414,0.064080685,0.07160639,0.0,0.07160639,0.017901598
46335,0.011951906,0.0029174748,0.02098634,0.021826154,0.0,0.021826154,0.0054565384
46338,0.6447236,0.0026199492,1.2868272,1.395739,0.0,1.395739,0.34893474
46341,0.44016194,0.0023098737,0.878014,0.7966451,0.0,0.7966451,0.19916128
46343,0.035112966,0.0026363817,0.06758955,0.0653569,0.0,0.0653569,0.016339226
46346,0.15009436,0.0025651937,0.29762354,0.34694386,0.0,0.34694386,0.086735964
46348,0.18926352,0.0026058557,0.37592116,0.32692227,0.0,0.32692227,0.08173057
46351,0.073929824,0.0025249096,0.14533474,0.17396973,0.0,0.17396973,0.043492433
46354,0.10399952,0.0026184784,0.20538056,0.17178535,0.0,0.17178535,0.04294634
46356,0.8332619,0.0027666094,1.6637572,1.7835783,0.0,1.7835783,0.44589457
46359,0.32433835,0.0032861575,0.64539057,0.72135466,0.0,0.72135466,0.18033867
46361,0.2436871,0.002814098,0.4845601,0.43017337,0.0,0.43017337,0.10754334
46364,0.47104225,0.002876254,0.9392082,0.85470134,0.0,0.85470134,0.21367534
46367,0.1339571,0.0024816792,0.2654325,0.22397013,0.0,0.22397013,0.055992533
46369,0.45072198,0.0026439268,0.8988001,0.8173511,0.0,0.8173511,0.20433778
46372,0.13883637,0.0025431279,0.2751296,0.32048377,0.0,0.32048377,0.08012094
46375,0.098956734,0.0029455284,0.19496794,0.15840907,0.0,0.15840907,0.03960227
46377,0.14767121,0.002956181,0.29238626,0.2702506,0.0,0.2702506,0.06756265
46380,0.08230788,0.0031491555,0.16146661,0.1865291,0.0,0.1865291,0.046632275
46382,0.37622607,0.0027218815,0.7497303,0.67789394,0.0,0.67789394,0.16947348
46385,0.07982073,0.0027268727,0.15691459,0.18080626,0.0,0.18080626,0.045201566
46388,0.08103703,0.0026127615,0.1594613,0.17935999,0.0,0.17935999,0.044839997
46390,0.06315306,0.0026522882,0.12365383,0.13741459,0.0,0.13741459,0.034353647
46393,0.39260638,0.0025731486,0.78263956,0.7154562,0.0,0.7154562,0.17886405
46395,0.06949755,0.0024257067,0.13656938,0.16301246,0.0,0.16301246,0.040753115
46398,0.0838761,0.0021192683,0.16563295,0.1483929,0.0,0.1483929,0.037098225
46401,0.30856374,0.0019456884,0.6151818,0.56349826,0.0,0.56349826,0.14087456
46403,0.7662365,0.0018273517,1.5306455,1.4416122,0.0,1.4416122,0.36040306
46406,0.47466084,0.0019268264,0.94739485,1.0209453,0.0,1.0209453,0.25523633
46408,0.021126583,0.0018472532,0.040405914,0.048012894,0.0,0.048012894,0.012003223
46411,0.6932111,0.0020075706,1.3844146,1.474912,0.0,1.474912,0.368728
46414,0.107854046,0.0020731715,0.21363492,0.23367815,0.0,0.23367815,0.058419537
46416,0.17635326,0.0021862278,0.35052028,0.38981044,0.0,0.38981044,0.09745261
46419,0.18444721,0.0023457895,0.36654863,0.3949829,0.0,0.3949829,0.098745726
46422,0.22166748,0.0026683584,0.44066665,0.48125863,0.0,0.48125863,0.12031466
46424,0.029475464,0.0025668098,0.056384116,0.05631392,0.0,0.05631392,0.01407848
46427,0.06001691,0.0025965709,0.11743725,0.09952506,0.0,0.09952506,0.024881264
46429,0.27458116,0.002443051,0.5467193,0.592809,0.0,0.592809,0.14820226
46432,0.9393758,0.0023264925,1.8764251,1.7855597,0.0,1.7855597,0.4463899
46435,0.06736033,0.00224174,0.13247891,0.14758201,0.0,0.14758201,0.036895502
46437,0.03016913,0.0019948862,0.05834337,0.053488243,0.0,0.053488243,0.013372061
46440,0.2518087,0.001610251,0.5020072,0.5424362,0.0,0.5424362,0.13560905
46442,0.56551784,0.0015633075,1.1294724,1.1858559,0.0,1.1858559,0.29646397
46445,0.07772664,0.0014043214,0.15404896,0.1403146,0.0,0.1403146,0.03507865
46448,0.39935824,0.0013282051,0.79738826,0.8325018,0.0,0.8325018,0.20812546
46450,0.05894519,0.0009906217,0.11689976,0.11329913,0.0,0.11329913,0.028324783
46453,0.4765639,0.0008717342,0.952256,0.9908932,0.0,0.9908932,0.2477233
46455,0.666308,0.0008185276,1.3317975,1.2848831,0.0,1.2848831,0.3212208
46458,0.09486869,0.00081984187,0.18891753,0.20220347,0.0,0.20220347,0.050550867
46461,0.35752937,0.0007535019,0.7143052,0.68460894,0.0,0.68460894,0.17115223
46463,0.74951226,0.0009037683,1.4981208,1.4625522,0.0,1.4625522,0.36563805
46466,0.053920228,0.0011748833,0.106665574,0.11484019,0.0,0.11484019,0.028710047
46469,0.4010742,0.0012857812,0.8008626,0.82708246,0.0,0.82708246,0.20677061
46471,0.024752686,0.0014317053,0.048073668,0.043583125,0.0,0.043583125,0.010895781
46474,0.627376,0.000657463,1.2540946,1.2308736,0.0,1.2308736,0.3077184
46476,0.1283593,0.000684119,0.2560345,0.24660607,0.0,0.24660607,0.061651517
46479,0.025071943,0.0005675345,0.049576353,0.045912366,0.0,0.045912366,0.011478092
46482,0.18182772,0.00042890618,0.36322653,0.3676981,0.0,0.3676981,0.091924526
46484,0.14104478,0.00055450393,0.28153506,0.2876109,0.0,0.2876109,0.07190272
46487,0.19821115,0.00040716762,0.39601514,0.4028379,0.0,0.4028379,0.100709476
46489,0.2636429,0.0004364216,0.5268494,0.51764256,0.0,0.51764256,0.12941064
46492,0.3991184,0.000533812,0.79770297,0.81291467,0.0,0.81291467,0.20322867
46495,0.03180665,0.00046232683,0.06315098,0.06009297,0.0,0.06009297,0.015023243
46497,0.04382633,0.00038749818,0.08726516,0.09041273,0.0,0.09041273,0.022603182
46500,0.13608514,0.0005731845,0.2715971,0.26517245,0.0,0.26517245,0.06629311
46502,0.04014599,0.00059969473,0.07969228,0.08141611,0.0,0.08141611,0.020354027
46505,0.21255533,0.00067763805,0.42443302,0.43392456,0.0,0.43392456,0.10848114
46508,0.22523306,0.00096642476,0.4494997,0.45813203,0.0,0.45813203,0.11453301
46510,0.12062749,0.00073668314,0.24051832,0.23325644,0.0,0.23325644,0.05831411
46513,0.40021527,0.0010029606,0.79942757,0.7895813,0.0,0.7895813,0.19739532
46516,0.4134493,0.0011245628,0.825774,0.80694515,0.0,0.80694515,0.20173629
46518,0.397259,0.0011473014,0.7933707,0.7940014,0.0,0.7940014,0.19850035
46521,0.33913633,0.0009909248,0.6772817,0.6838611,0.0,0.6838611,0.17096527
46523,0.04917581,0.0012740205,0.0970776,0.104752064,0.0,0.104752064,0.026188016
46526,0.1430888,0.0012135488,0.28496405,0.298355,0.0,0.298355,0.07458875
46529,0.07673054,0.0011464156,0.15231466,0.14889611,0.0,0.14889611,0.03722403
46531,0.34000155,0.0010126998,0.67899036,0.6762654,0.0,0.6762654,0.16906635
46534,0.15576689,0.001049033,0.31048474,0.2995012,0.0,0.2995012,0.0748753
46536,0.09036663,0.0010051887,0.17972808,0.18370211,0.0,0.18370211,0.045925528
46539,0.06737003,0.0008795134,0.13386054,0.13687764,0.0,0.13687764,0.03421941
46542,0.4733877,0.0008574364,0.9459179,0.91419524,0.0,0.91419524,0.22854881
46544,0.059382644,0.0007985921,0.11796669,0.10659608,0.0,0.10659608,0.02664902
46547,0.81381565,0.0010323022,1.626599,1.6576132,0.0,1.6576132,0.4144033
46550,0.033359844,0.0009099652,0.06580973,0.06330952,0.0,0.06330952,0.01582738
46552,0.14584458,0.0010399119,0.29064927,0.31404904,0.0,0.31404904,0.07851226
46555,0.11237123,0.0010192302,0.22372322,0.24330743,0.0,0.24330743,0.060826857
46557,0.2335028,0.0011871374,0.4658185,0.4345461,0.0,0.4345461,0.10863653
46560,0.07349343,0.0012878659,0.14569898,0.13923967,0.0,0.13923967,0.034809917
46563,0.3519416,0.0013593218,0.7025239,0.7480726,0.0,0.7480726,0.18701816
46565,0.29126915,0.0015328248,0.58100545,0.53565603,0.0,0.53565603,0.13391401
46568,0.44379017,0.0017611872,0.88581914,0.9456145,0.0,0.9456145,0.23640363
46570,0.0711365,0.0016908088,0.14058219,0.15435256,0.0,0.15435256,0.03858814
46573,0.22764872,0.0018655177,0.45343193,0.40866065,0.0,0.40866065,0.10216516
46576,0.031064795,0.0019431781,0.060186416,0.06128125,0.0,0.06128125,0.015320312
46578,0.06904102,0.0020060884,0.13607596,0.14796041,0.0,0.14796041,0.036990102
46581,0.53314024,0.0019697507,1.0643107,1.1242999,0.0,1.1242999,0.28107497
46583,0.016190208,0.0020646583,0.030315759,0.028663358,0.0,0.028663358,0.0071658394
46586,0.063425936,0.002044949,0.12480692,0.13842767,0.0,0.13842767,0.03460692
46589,0.015990306,0.0022035816,0.02977703,0.028985927,0.0,0.028985927,0.0072464817
46591,0.37484625,0.0022737994,0.7474187,0.6788675,0.0,0.6788675,0.16971688
46594,0.033930417,0.002407571,0.06545326,0.074674316,0.0,0.074674316,0.018668579
46597,0.030998645,0.0026783915,0.0593189,0.051429566,0.0,0.051429566,0.0128573915
46599,0.2747741,0.0027616557,0.5467866,0.4812244,0.0,0.4812244,0.1203061
46602,0.41717246,0.00304615,0.8312988,0.91601163,0.0,0.91601163,0.22900291
46604,0.17642446,0.0033839468,0.34946498,0.4051416,0.0,0.4051416,0.1012854
46607,0.07278344,0.0034641258,0.14210276,0.1351853,0.0,0.1351853,0.033796325
46610,0.3324955,0.0038543374,0.6611367,0.7265751,0.0,0.7265751,0.18164377
46612,0.03930274,0.00404699,0.07455849,0.06590564,0.0,0.06590564,0.01647641
46615,0.11679999,0.0035879584,0.23001201,0.25287017,0.0,0.25287017,0.06321754
46617,0.116021544,0.00388524,0.22815783,0.2360058,0.0,0.2360058,0.05900145
46620,0.048250582,0.0035512152,0.09294995,0.07097118,0.0,0.07097118,0.017742796
46623,0.21620125,0.0039968574,0.42840564,0.5088782,0.0,0.5088782,0.12721954
46625,0.039786037,0.003996424,0.07557565,0.06317612,0.0,0.06317612,0.01579403
46628,0.027282894,0.004062616,0.05050317,0.044079393,0.0,0.044079393,0.011019848
46630,0.26229304,0.0042200545,0.520366,0.6015814,0.0,0.6015814,0.15039535
46633,0.30942038,0.004638612,0.61420214,0.5200896,0.0,0.5200896,0.1300224
46636,0.3902752,0.004365455,0.776185,0.8873653,0.0,0.8873653,0.22184132
46638,0.04192288,0.004840501,0.07900525,0.08446065,0.0,0.08446065,0.021115163
46641,0.036155082,0.0045826263,0.067727536,0.06546753,0.0,0.06546753,0.016366882
46644,0.2106787,0.0049113254,0.41644606,0.34696034,0.0,0.34696034,0.086740084
46646,0.07683731,0.005229693,0.14844492,0.16142422,0.0,0.16142422,0.040356055
46649,0.093118854,0.0052589052,0.18097882,0.23481111,0.0,0.23481111,0.058702778
46651,0.06104357,0.005170341,0.1169168,0.11394999,0.0,0.11394999,0.028487498
46654,0.13941027,0.0051786187,0.27364194,0.21581125,0.0,0.21581125,0.053952813
46657,0.017366612,0.005272101,0.029461125,0.036055125,0.0,0.036055125,0.009013781
46659,0.41175196,0.005141012,0.8183629,0.9382294,0.0,0.9382294,0.23455735
46662,0.11611598,0.004976653,0.2272553,0.19032602,0.0,0.19032602,0.047581505
46664,0.17910749,0.0053682737,0.3528467,0.42607263,0.0,0.42607263,0.10651816
46667,0.09593306,0.0053988188,0.1864673,0.16035636,0.0,0.16035636,0.04008909
46670,0.2186182,0.0053504463,0.43188596,0.52172804,0.0,0.52172804,0.13043201
46672,0.06360521,0.0054652095,0.12174521,0.15801796,0.0,0.15801796,0.03950449
46675,0.06657976,0.0051711504,0.12798837,0.16201393,0.0,0.16201393,0.040503483
46677,0.11535547,0.004604492,0.22610645,0.18323089,0.0,0.18323089,0.045807723
46680,0.051746488,0.004690725,0.098802246,0.12297949,0.0,0.12297949,0.030744873
46683,0.06874881,0.004252428,0.13324519,0.16460375,0.0,0.16460375,0.04115094
46685,0.17937976,0.004688053,0.35407147,0.41392007,0.0,0.41392007,0.10348002
46688,0.13755944,0.0044098473,0.27070904,0.23166747,0.0,0.23166747,0.05791687
46691,0.45160365,0.0043395176,0.8988678,1.0051895,0.0,1.0051895,0.25129738
46693,0.06444068,0.0041176984,0.12476367,0.15635808,0.0,0.15635808,0.03908952
46696,0.1726318,0.004249374,0.34101424,0.2971379,0.0,0.2971379,0.07428447
46698,0.040776465,0.0035318353,0.0780211,0.057058785,0.0,0.057058785,0.014264696
46701,0.5004417,0.0039281547,0.99695516,1.0794162,0.0,1.0794162,0.26985404
46704,0.082463406,0.004229676,0.16069713,0.18433888,0.0,0.18433888,0.04608472
46706,0.064967446,0.0039274953,0.1260074,0.13778883,0.0,0.13778883,0.034447208
46709,0.34714052,0.0039496846,0.6903313,0.77365875,0.0,0.77365875,0.19341469
46711,0.16021718,0.0035383254,0.31689602,0.27593073,0.0,0.27593073,0.06898268
46714,0.48443338,0.0035307629,0.965336,0.87001306,0.0,0.87001306,0.21750326
46717,0.3257033,0.0033424,0.6480642,0.6931552,0.0,0.6931552,0.1732888
46719,0.07056712,0.003059078,0.13807517,0.15420829,0.0,0.15420829,0.038552072
46722,0.04724021,0.0026942175,0.0917862,0.07604646,0.0,0.07604646,0.019011615
46724,0.054334816,0.0027901903,0.10587943,0.08235798,0.0,0.08235798,0.020589495
46727,0.40500093,0.0029404692,0.8070614,0.7378157,0.0,0.7378157,0.18445392
46730,0.14694373,0.0027918797,0.29109558,0.25895187,0.0,0.25895187,0.06473797
46732,0.05656505,0.002272102,0.110858,0.091036946,0.0,0.091036946,0.022759236
46735,0.07111096,0.0020971287,0.14012478,0.124860704,0.0,0.124860704,0.031215176
46738,0.11797061,0.0019035825,0.23403764,0.20784728,0.0,0.20784728,0.05196182
46740,0.08133999,0.0019438254,0.16073616,0.17163779,0.0,0.17163779,0.042909447
46743,0.07586748,0.0018468526,0.14988811,0.17085595,0.0,0.17085595,0.04271399
46745,0.7616058,0.0014758678,1.5217358,1.4552809,0.0,1.4552809,0.36382023
46748,0.16977781,0.0019171471,0.33763847,0.36965713,0.0,0.36965713,0.09241428
46751,0.39342913,0.0015983972,0.7852599,0.74541897,0.0,0.74541897,0.18635474
46753,0.14527258,0.0016041013,0.28894106,0.31152624,0.0,0.31152624,0.07788156
46756,0.040869597,0.0016728995,0.0800663,0.07327652,0.0,0.07327652,0.01831913
46758,0.14873238,0.0014957603,0.295969,0.28629932,0.0,0.28629932,0.07157483
46761,0.08541729,0.001979989,0.1688546,0.15793653,0.0,0.15793653,0.039484132
46764,0.10395209,0.0013285334,0.20657565,0.22284608,0.0,0.22284608,0.05571152
46766,0.4980624,0.0012328931,0.99489194,1.0429529,0.0,1.0429529,0.26073822
46769,0.08243151,0.00084687414,0.16401614,0.14869931,0.0,0.14869931,0.03717483
46771,0.057599332,0.0009899881,0.114208676,0.12838773,0.0,0.12838773,0.032096934
46774,0.1725262,0.000861411,0.34419098,0.36080715,0.0,0.36080715,0.09020179
46777,0.045853425,0.00082023646,0.090886615,0.08321145,0.0,0.08321145,0.020802863
46779,0.06640023,0.00092540233,0.13187505,0.14376394,0.0,0.14376394,0.035940986
46782,0.09211757,0.0008087244,0.18342642,0.19494076,0.0,0.19494076,0.04873519
46785,0.055571157,0.0009518492,0.11019047,0.098543584,0.0,0.098543584,0.024635896
46787,0.21480334,0.0009875441,0.42861915,0.4098843,0.0,0.4098843,0.102471076
46790,0.65014976,0.00084656134,1.2994529,1.3287328,0.0,1.3287328,0.3321832
46792,0.7310446,0.0008500074,1.4612392,1.4290482,0.0,1.4290482,0.35726205
46795,0.24331875,0.0008806512,0.48575687,0.47013247,0.0,0.47013247,0.11753312
46798,0.045122903,0.0009846516,0.08926115,0.08557314,0.0,0.08557314,0.021393284
46800,0.25165948,0.001026143,0.5022928,0.5180507,0.0,0.5180507,0.12951267
46803,0.24898301,0.00095452665,0.4970115,0.5121719,0.0,0.5121719,0.12804298
46805,0.024948804,0.0009766266,0.048920978,0.04792063,0.0,0.04792063,0.011980157
46808,0.30453438,0.0010572238,0.60801154,0.589936,0.0,0.589936,0.147484
46811,0.02203452,0.0011406356,0.04292841,0.039502878,0.0,0.039502878,0.009875719
46813,0.0933024,0.0013415167,0.18526328,0.18035693,0.0,0.18035693,0.045089234
46816,0.051181506,0.0012679744,0.10109504,0.0958753,0.0,0.0958753,0.023968825
46818,0.2115855,0.0013668056,0.4218042,0.4040121,0.0,0.4040121,0.10100303
46821,0.037885364,0.001244817,0.074525915,0.07671179,0.0,0.07671179,0.019177947
46824,0.23226267,0.0011375332,0.46338782,0.44346836,0.0,0.44346836,0.11086709
46826,0.02862408,0.0010863086,0.05616185,0.052552614,0.0,0.052552614,0.013138154
46829,0.04113108,0.0009213665,0.08134079,0.07816258,0.0,0.07816258,0.019540645
46832,0.09259069,0.00084373634,0.18433763,0.17192526,0.0,0.17192526,0.042981315
46834,0.08913362,0.0008051203,0.17746212,0.16436805,0.0,0.16436805,0.041092012
46837,0.08045734,0.0007255113,0.16018917,0.15551068,0.0,0.15551068,0.03887767
46839,0.45751345,0.000769024,0.9142578,0.94788116,0.0,0.94788116,0.23697029
46842,0.018623333,0.0008223934,0.036424275,0.03508762,0.0,0.03508762,0.008771905
46845,0.21514988,0.0008175268,0.42948222,0.40485826,0.0,0.40485826,0.101214565
46847,0.04618382,0.0008191254,0.09154851,0.103102766,0.0,0.103102766,0.025775691
46850,0.11790762,0.001112455,0.23470278,0.21048105,0.0,0.21048105,0.052620262
46852,0.021960303,0.0012242502,0.042696357,0.042428408,0.0,0.042428408,0.010607102
46855,0.20793915,0.001545892,0.4143324,0.37375912,0.0,0.37375912,0.09343978
46858,0.19339313,0.00180408,0.3849822,0.42703483,0.0,0.42703483,0.106758706
46860,0.114201315,0.0020774992,0.22632514,0.1906774,0.0,0.1906774,0.04766935
46863,0.36731327,0.0024718244,0.73215467,0.6665604,0.0,0.6665604,0.1666401
46865,0.31154203,0.0024498536,0.6206342,0.56334907,0.0,0.56334907,0.14083727
46868,0.1069882,0.0024199688,0.21155643,0.25092438,0.0,0.25092438,0.062731095
46871,0.52405214,0.0025709507,1.0455333,1.1179258,0.0,1.1179258,0.27948144
46873,0.141239,0.00265621,0.2798218,0.32447243,0.0,0.32447243,0.08111811
46876,0.93928385,0.0028704712,1.8756973,1.9763798,0.0,1.9763798,0.49409494
46879,0.055447087,0.0028456913,0.10804848,0.12374147,0.0,0.12374147,0.030935368
46881,0.27337363,0.0028428826,0.54390436,0.47839972,0.0,0.47839972,0.11959993
46884,0.07926581,0.00290256,0.15562907,0.19487013,0.0,0.19487013,0.048717532
46886,0.905175,0.0029594619,1.8073906,1.6932144,0.0,1.6932144,0.4233036
46889,0.28967974,0.00297142,0.57638806,0.50554466,0.0,0.50554466,0.12638617
46892,0.102800734,0.0034395065,0.20216197,0.24922204,0.0,0.24922204,0.06230551
46894,0.10105791,0.0031671142,0.1989487,0.2433808,0.0,0.2433808,0.0608452
46897,0.06830374,0.003476346,0.13313113,0.14195354,0.0,0.14195354,0.035488386
46899,0.31564793,0.0032013191,0.6280945,0.70988035,0.0,0.70988035,0.17747009
46902,0.5790898,0.0032721015,1.1549076,1.2427797,0.0,1.2427797,0.31069493
46905,0.07317753,0.0031285195,0.14322655,0.12126515,0.0,0.12126515,0.030316288
46907,0.20454733,0.0032882865,0.4058064,0.47169837,0.0,0.47169837,0.11792459
46910,0.29250684,0.0031274583,0.58188623,0.505743,0.0,0.505743,0.12643576
46912,0.43444732,0.0033181866,0.8655765,0.76939696,0.0,0.76939696,0.19234924
46915,0.10714813,0.00353753,0.21075873,0.18408601,0.0,0.18408601,0.046021502
46918,0.38585556,0.0038499075,0.7678612,0.8598249,0.0,0.8598249,0.21495622
46920,0.36221898,0.003949396,0.72048855,0.62753093,0.0,0.62753093,0.15688273
46923,0.40804982,0.003632975,0.8124667,0.7123434,0.0,0.7123434,0.17808585
46926,0.08728876,0.003940191,0.17063732,0.14490995,0.0,0.14490995,0.036227487
46928,0.0547818,0.00414752,0.10541608,0.07763372,0.0,0.07763372,0.01940843
46931,0.19448878,0.0042725126,0.38470507,0.45800617,0.0,0.45800617,0.11450154
46933,0.05850251,0.0044277627,0.11257726,0.09177592,0.0,0.09177592,0.02294398
46936,0.030538486,0.0039883596,0.057088614,0.06544668,0.0,0.06544668,0.01636167
46939,0.31421223,0.0039995746,0.6244249,0.7113085,0.0,0.7113085,0.17782712
46941,0.09503511,0.003923385,0.18614686,0.2263005,0.0,0.2263005,0.056575123
46944,0.036125805,0.0038688371,0.06838277,0.07923306,0.0,0.07923306,0.019808264
46946,0.7141966,0.0035891107,1.4248041,1.2999126,0.0,1.2999126,0.32497814
46949,0.34212026,0.0038059077,0.68043464,0.59363174,0.0,0.59363174,0.14840794
46952,0.053639855,0.0035650488,0.10371465,0.07854257,0.0,0.07854257,0.019635642
46954,0.08777168,0.003546518,0.17199683,0.13936538,0.0,0.13936538,0.034841344
46957,0.12404382,0.0035050928,0.24458255,0.2925585,0.0,0.2925585,0.07313962
46959,0.20510417,0.0036687178,0.40653965,0.3540155,0.0,0.3540155,0.088503875
46962,0.48630545,0.0035125047,0.9690983,0.8751827,0.0,0.8751827,0.21879567
46965,0.053178743,0.0032061161,0.10315137,0.12878896,0.0,0.12878896,0.03219724
46967,0.09187269,0.0031143576,0.18063103,0.20752712,0.0,0.20752712,0.05188178
46970,0.07122239,0.0033004966,0.13914427,0.1126163,0.0,0.1126163,0.028154075
46973,0.07850198,0.0031929694,0.15381098,0.17976344,0.0,0.17976344,0.04494086
46975,0.16246678,0.00310208,0.32183146,0.3615251,0.0,0.3615251,0.09038127
46978,0.11124819,0.0028380014,0.21965837,0.19101481,0.0,0.19101481,0.047753703
46980,0.033022214,0.002650353,0.06339408,0.08189561,0.0,0.08189561,0.020473903
46983,0.2090599,0.002522923,0.41559687,0.3711097,0.0,0.3711097,0.09277742
46986,0.033527326,0.002672319,0.06438233,0.047516357,0.0,0.047516357,0.011879089
46988,0.08558748,0.0026381898,0.16853678,0.204257,0.0,0.204257,0.05106425
46991,0.03474215,0.0027932795,0.06669102,0.085184015,0.0,0.085184015,0.021296004
46993,0.74834865,0.0025996824,1.4940976,1.3958133,0.0,1.3958133,0.34895334
46996,0.3939707,0.002526459,0.78541493,0.8556605,0.0,0.8556605,0.21391512
46999,0.5831196,0.0024414696,1.1637977,1.2424906,0.0,1.2424906,0.31062266
47001,0.85034925,0.0021726515,1.6985259,1.602738,0.0,1.602738,0.4006845
47004,0.118959375,0.0022592747,0.23565948,0.20767081,0.0,0.20767081,0.051917702
47006,0.29883614,0.0022348056,0.59543747,0.64510375,0.0,0.64510375,0.16127594
47009,0.47543344,0.0023278163,0.948539,0.8802449,0.0,0.8802449,0.22006123
47012,0.1334046,0.0022586437,0.26455057,0.23231782,0.0,0.23231782,0.058079455
47014,0.042152647,0.002282816,0.08202248,0.07351469,0.0,0.07351469,0.018378673
47017,0.61086196,0.0024181495,1.2193058,1.151147,0.0,1.151147,0.28778675
47020,0.5317533,0.002477492,1.0610291,0.99357957,0.0,0.99357957,0.24839489
47022,0.106333174,0.0025814904,0.21008486,0.24474752,0.0,0.24474752,0.06118688
47025,0.6653088,0.0024243346,1.3281933,1.2557968,0.0,1.2557968,0.3139492
47027,0.5103625,0.0028933596,1.0178317,1.0960099,0.0,1.0960099,0.27400246
47030,0.24810873,0.0024368232,0.4937806,0.54798406,0.0,0.54798406,0.13699602
47033,0.064968385,0.0019867492,0.12795001,0.112380296,0.0,0.112380296,0.028095074
47035,0.036918897,0.0018306753,0.07200711,0.08067743,0.0,0.08067743,0.020169357
47038,0.19281526,0.0018541841,0.38377634,0.43511596,0.0,0.43511596,0.10877899
47040,0.07103531,0.0020261693,0.14004445,0.112257876,0.0,0.112257876,0.028064469
47043,0.2698685,0.0019649838,0.537772,0.48321474,0.0,0.48321474,0.120803684
47046,0.06628584,0.0020411327,0.13053055,0.16074423,0.0,0.16074423,0.04018606
47048,0.08637457,0.0021105728,0.17063856,0.1394353,0.0,0.1394353,0.034858827
47051,0.3846623,0.0025763877,0.76674825,0.692385,0.0,0.692385,0.17309625
47054,0.04141658,0.0023833301,0.08044983,0.068127505,0.0,0.068127505,0.017031876
47056,0.023516178,0.0023442414,0.044688117,0.038656667,0.0,0.038656667,0.009664167
47059,0.60407716,0.0023049868,1.2058493,1.3000742,0.0,1.3000742,0.32501855
47061,0.112050496,0.0026887187,0.22141226,0.23969759,0.0,0.23969759,0.059924398
47064,0.09962896,0.0030204754,0.19623744,0.15929246,0.0,0.15929246,0.039823115
47067,0.5589374,0.0030981933,1.1147766,1.0207471,0.0,1.0207471,0.25518677
47069,0.020731298,0.003073267,0.03838933,0.044059943,0.0,0.044059943,0.011014986
47072,0.14672314,0.0031640597,0.29028222,0.34092453,0.0,0.34092453,0.08523113
47074,0.07152017,0.0033495855,0.13969076,0.11755612,0.0,0.11755612,0.02938903
47077,0.11065786,0.0034675568,0.21784817,0.2664547,0.0,0.2664547,0.066613674
47080,0.07762341,0.0037354769,0.15151136,0.19088018,0.0,0.19088018,0.047720045
47082,0.6431068,0.0039619505,1.2822517,1.1634902,0.0,1.1634902,0.29087254
47085,0.04279941,0.0042695706,0.08132924,0.089025296,0.0,0.089025296,0.022256324
47087,0.20938683,0.0043942165,0.41437945,0.34679022,0.0,0.34679022,0.086697556
47090,0.0326391,0.0046248524,0.060653348,0.07590958,0.0,0.07590958,0.018977394
47093,0.017056676,0.0047616363,0.029351717,0.031643957,0.0,0.031643957,0.007910989
47095,0.050765168,0.0046689925,0.09686134,0.10074935,0.0,0.10074935,0.025187338
47098,0.10160434,0.0050190655,0.19818962,0.25868332,0.0,0.25868332,0.06467083
47101,0.014898987,0.0049698353,0.024828138,0.023952879,0.0,0.023952879,0.0059882198
47103,0.026621088,0.005665845,0.047576334,0.047070622,0.0,0.047070622,0.011767656
47106,0.046785105,0.0060009607,0.087569244,0.07657692,0.0,0.07657692,0.01914423
47108,0.17983092,0.006332044,0.3533298,0.28307116,0.0,0.28307116,0.07076779
47111,0.3625424,0.0061580692,0.7189267,0.8289253,0.0,0.8289253,0.20723133
47114,0.15605019,0.00591608,0.3061843,0.2391383,0.0,0.2391383,0.059784576
47116,0.039998587,0.0061264373,0.07387073,0.07744813,0.0,0.07744813,0.019362032
47119,0.02177647,0.006973839,0.0365791,0.056116447,0.0,0.056116447,0.014029112
47121,0.050383747,0.006898865,0.093868636,0.13276906,0.0,0.13276906,0.033192266
47124,0.045841437,0.007719196,0.08396367,0.10697689,0.0,0.10697689,0.026744222
47127,0.12329903,0.007312868,0.23928519,0.17606236,0.0,0.17606236,0.04401559
47129,0.106355466,0.007394748,0.20531619,0.25670204,0.0,0.25670204,0.06417551
47132,0.8276481,0.007357355,1.6479388,1.4516109,0.0,1.4516109,0.36290273
47134,0.7498648,0.0070891543,1.4926405,1.3128693,0.0,1.3128693,0.32821733
47137,0.19675499,0.007648725,0.38586128,0.31274608,0.0,0.31274608,0.07818652
47140,0.09752169,0.0075015854,0.1875418,0.22624707,0.0,0.22624707,0.056561768
47142,0.048218057,0.007867401,0.08856872,0.05199306,0.0,0.05199306,0.012998265
47145,0.026251204,0.0074029784,0.045099434,0.023123458,0.0,0.023123458,0.0057808645
47148,0.02643075,0.007375702,0.0454858,0.06326132,0.0,0.06326132,0.01581533
47150,0.02465106,0.0071395026,0.042162616,0.06439746,0.0,0.06439746,0.016099365
47153,0.10657665,0.0067192386,0.20643407,0.25623503,0.0,0.25623503,0.06405876
47155,0.19783808,0.006555797,0.38912037,0.3182258,0.0,0.3182258,0.07955645
47158,0.39290324,0.006470688,0.7793358,0.88538885,0.0,0.88538885,0.22134721
47161,0.15983386,0.0061003664,0.31356737,0.373184,0.0,0.373184,0.093296
47163,0.26813373,0.0054254388,0.530842,0.6059203,0.0,0.6059203,0.15148008
47166,0.22509189,0.004925717,0.44525805,0.3770958,0.0,0.3770958,0.09427395
47168,0.2342583,0.004715349,0.46380123,0.39828897,0.0,0.39828897,0.09957224
47171,0.027363367,0.0047427597,0.049983975,0.05730019,0.0,0.05730019,0.014325048
47174,0.36039838,0.004549062,0.71624774,0.6312105,0.0,0.6312105,0.15780263
47176,0.38533854,0.004073297,0.76660377,0.8526167,0.0,0.8526167,0.21315418
47179,0.021723054,0.0039366917,0.039509416,0.027250653,0.0,0.027250653,0.0068126633
47181,0.012008625,0.0035764687,0.02044078,0.018652132,0.0,0.018652132,0.004663033
47184,0.04155804,0.0032957161,0.079820365,0.0804797,0.0,0.0804797,0.020119924
47187,0.70303035,0.0028379925,1.4032227,1.3095449,0.0,1.3095449,0.32738623
47189,0.757422,0.002606427,1.5122375,1.4087915,0.0,1.4087915,0.3521979
47192,0.6374477,0.0020471541,1.2728482,1.1864308,0.0,1.1864308,0.2966077
47195,0.58886474,0.0021805225,1.175549,1.2564436,0.0,1.2564436,0.3141109
47197,0.2705263,0.0017465766,0.539306,0.5948593,0.0,0.5948593,0.14871483
47200,0.51693976,0.0019963814,1.0318831,0.95699763,0.0,0.95699763,0.23924941
47202,0.78957915,0.0018169204,1.5773414,1.487442,0.0,1.487442,0.3718605
47205,0.25111073,0.0017989101,0.50042254,0.45045614,0.0,0.45045614,0.112614036
47208,0.019571736,0.0019174559,0.037226018,0.03826839,0.0,0.03826839,0.009567098
47210,0.091907114,0.0017592843,0.18205494,0.16524202,0.0,0.16524202,0.041310504
47213,0.066082366,0.0018874529,0.13027729,0.15588431,0.0,0.15588431,0.038971078
47215,0.92754906,0.0017416911,1.8533564,1.9399332,0.0,1.9399332,0.4849833
47218,0.12918413,0.0018805219,0.25648773,0.23575465,0.0,0.23575465,0.058938663
47221,0.06791729,0.0021396365,0.13369493,0.11471727,0.0,0.11471727,0.028679317
47223,0.094073184,0.0021219125,0.18602447,0.20656921,0.0,0.20656921,0.051642302
47226,0.07270104,0.0021552613,0.14324681,0.12787919,0.0,0.12787919,0.031969797
47228,0.20710838,0.0017631763,0.41245356,0.38679647,0.0,0.38679647,0.09669912
47231,0.1235797,0.0016692649,0.24549013,0.2207437,0.0,0.2207437,0.055185925
47234,0.03540135,0.001737867,0.06906483,0.074638285,0.0,0.074638285,0.018659571
47236,0.1102122,0.0020623084,0.2183621,0.2074758,0.0,0.2074758,0.05186895
47239,0.11519126,0.0020623233,0.2283202,0.25671718,0.0,0.25671718,0.064179294
47242,0.08807743,0.0021358936,0.17401898,0.17315036,0.0,0.17315036,0.04328759
47244,0.7557077,0.0022560782,1.5091592,1.5721602,0.0,1.5721602,0.39304006
47247,0.041807372,0.0022647455,0.08135,0.07237246,0.0,0.07237246,0.018093115
47249,0.12809221,0.0024360751,0.25374833,0.22550277,0.0,0.22550277,0.056375694
47252,0.6359369,0.0018833767,1.2699904,1.3308265,0.0,1.3308265,0.33270663
47255,0.10581255,0.0017813118,0.2098438,0.18296409,0.0,0.18296409,0.04574102
47257,0.056916296,0.0017125541,0.11212004,0.1297721,0.0,0.1297721,0.032443024
47260,0.20039688,0.0016206432,0.3991731,0.37207142,0.0,0.37207142,0.093017854
47262,0.21522218,0.0015131123,0.42893124,0.45635232,0.0,0.45635232,0.11408808
47265,0.50586575,0.0015098919,1.0102216,0.95728713,0.0,0.95728713,0.23932178
47268,0.074410334,0.0015017604,0.14731891,0.1343461,0.0,0.1343461,0.033586524
47270,0.21564145,0.0015247477,0.42975816,0.46422568,0.0,0.46422568,0.11605642
47273,0.9451206,0.0014897165,1.8887515,1.8118252,0.0,1.8118252,0.4529563
47275,0.1593994,0.0016735051,0.31712532,0.34971198,0.0,0.34971198,0.087427996
47278,0.028957017,0.0017931579,0.056120876,0.06498273,0.0,0.06498273,0.016245682
47281,0.7156121,0.0019550608,1.4292692,1.510754,0.0,1.510754,0.3776885
47283,0.55236524,0.0021252492,1.1026052,1.1788548,0.0,1.1788548,0.2947137
47286,0.3270986,0.0022360939,0.65196115,0.59043306,0.0,0.59043306,0.14760827
47289,0.023459136,0.0023895588,0.04452871,0.059164006,0.0,0.059164006,0.014791002
47291,0.17906938,0.002491828,0.35564694,0.40199837,0.0,0.40199837,0.10049959
47294,0.6311138,0.0026197366,1.2596079,1.169853,0.0,1.169853,0.29246324
47296,0.04811274,0.0026067935,0.09361869,0.11524693,0.0,0.11524693,0.028811732
47299,0.19716807,0.0025632307,0.3917729,0.34869322,0.0,0.34869322,0.087173305
47302,0.12643208,0.0024402323,0.2504239,0.28958842,0.0,0.28958842,0.072397105
47304,0.07570348,0.0022234684,0.14918348,0.17918605,0.0,0.17918605,0.04479651
47307,0.39979196,0.0022606489,0.7973232,0.73092383,0.0,0.73092383,0.18273096
47309,0.4643791,0.0020786051,0.9266796,1.0008388,0.0,1.0008388,0.2502097
47312,0.02855678,0.0026915486,0.054422017,0.06212188,0.0,0.06212188,0.01553047
47315,0.18816803,0.0027564692,0.3735796,0.4238665,0.0,0.4238665,0.10596663
47317,0.09592045,0.0027661163,0.1890748,0.22463995,0.0,0.22463995,0.056159988
47320,0.30709997,0.002691457,0.6115084,0.5460393,0.0,0.5460393,0.13650982
47322,0.7955974,0.0030520856,1.5881428,1.6792129,0.0,1.6792129,0.41980323
47325,0.016178159,0.00338574,0.028970579,0.023166656,0.0,0.023166656,0.005791664
47328,0.0757299,0.003370547,0.14808926,0.1339391,0.0,0.1339391,0.033484776
47330,0.012739851,0.0032439262,0.022235775,0.020866541,0.0,0.020866541,0.0052166353
47333,0.25874814,0.0029996047,0.5144966,0.4469007,0.0,0.4469007,0.111725174
47336,0.08071234,0.0028998926,0.1585248,0.17108442,0.0,0.17108442,0.042771105
47338,0.10920567,0.0030039542,0.21540739,0.2614037,0.0,0.2614037,0.06535093
47341,0.09299741,0.0030055542,0.18298928,0.14164205,0.0,0.14164205,0.035410512
47343,0.5591837,0.003109467,1.115258,1.2309903,0.0,1.2309903,0.30774757
47346,0.039520554,0.0034354262,0.07560568,0.102349676,0.0,0.102349676,0.025587419
47349,0.024433939,0.0037232693,0.045144606,0.056195915,0.0,0.056195915,0.014048979
47351,0.07927704,0.0038981454,0.15465593,0.20121133,0.0,0.20121133,0.050302833
47354,0.018446617,0.003950004,0.03294323,0.037426572,0.0,0.037426572,0.009356643
47356,0.11566613,0.004277935,0.22705431,0.17449416,0.0,0.17449416,0.04362354
47359,0.053592663,0.004500245,0.10268507,0.08992059,0.0,0.08992059,0.022480147
47362,0.23884313,0.004758684,0.47292757,0.5598909,0.0,0.5598909,0.13997273
47364,0.06365729,0.005199902,0.12211468,0.091744505,0.0,0.091744505,0.022936126
47367,0.027585827,0.0050534657,0.05011819,0.039174635,0.0,0.039174635,0.009793659
47369,0.3974638,0.005176269,0.7897513,0.6790228,0.0,0.6790228,0.1697557
47372,0.071932115,0.005578631,0.13828559,0.123874865,0.0,0.123874865,0.030968716
47375,0.24784428,0.005887199,0.48980138,0.40627003,0.0,0.40627003,0.10156751
47377,0.08869797,0.0061889016,0.17120703,0.13852416,0.0,0.13852416,0.03463104
47380,0.04562634,0.00611485,0.08513782,0.062191527,0.0,0.062191527,0.015547882
47383,0.06858013,0.0063911774,0.13076909,0.10420344,0.0,0.10420344,0.02605086
47385,0.22206813,0.006169449,0.43796682,0.3498421,0.0,0.3498421,0.087460525
47388,0.047121182,0.00650857,0.0877338,0.12758568,0.0,0.12758568,0.03189642
47390,0.45258057,0.006209744,0.89895135,1.0387893,0.0,1.0387893,0.25969732
47393,0.2901182,0.0062789232,0.5739575,0.47615552,0.0,0.47615552,0.11903888
47396,0.1623997,0.006079305,0.3187201,0.40115166,0.0,0.40115166,0.100287914
47398,0.0974806,0.005826215,0.189135,0.24532641,0.0,0.24532641,0.061331604
47401,0.33414912,0.005499896,0.66279835,0.5608191,0.0,0.5608191,0.14020477
47403,0.10376843,0.005360093,0.20217676,0.22164057,0.0,0.22164057,0.055410143
47406,0.025414655,0.0052849352,0.045544375,0.06331784,0.0,0.06331784,0.01582946
47409,0.36910376,0.005351895,0.7328556,0.6252963,0.0,0.6252963,0.15632407
47411,0.071085356,0.0053857886,0.13678493,0.15926597,0.0,0.15926597,0.03981649
47414,0.25598055,0.005566307,0.5063948,0.41637683,0.0,0.41637683,0.10409421
47416,0.051027555,0.005772947,0.09628216,0.12880231,0.0,0.12880231,0.03220058
47419,0.30218711,0.005989472,0.5983848,0.6947314,0.0,0.6947314,0.17368285
47422,0.26420173,0.0064366143,0.5219668,0.6197594,0.0,0.6197594,0.15493985
47424,0.44361183,0.006703125,0.8805205,0.7583086,0.0,0.7583086,0.18957715
47427,0.19452707,0.00701231,0.3820418,0.45526084,0.0,0.45526084,0.11381521
47430,0.5801992,0.007165929,1.1532325,0.98940986,0.0,0.98940986,0.24735247
47432,0.49595645,0.0073451553,0.9845678,1.1083437,0.0,1.1083437,0.27708593
47435,0.82562304,0.0075870105,1.6436591,1.8558785,0.0,1.8558785,0.46396962
47437,0.66294354,0.0075298827,1.3183571,1.140689,0.0,1.140689,0.28517225
47440,0.37557426,0.0077037965,0.74344474,0.8543272,0.0,0.8543272,0.2135818
47443,0.049642872,0.0076520257,0.091633715,0.06455801,0.0,0.06455801,0.016139502
47445,0.23466413,0.0073925382,0.46193573,0.56844234,0.0,0.56844234,0.14211059
47448,0.06952583,0.0068784463,0.13217323,0.096945055,0.0,0.096945055,0.024236264
47450,0.12238424,0.0066058408,0.23816264,0.18004346,0.0,0.18004346,0.045010865
47453,0.08102228,0.006726963,0.15531759,0.21079165,0.0,0.21079165,0.05269791
47456,0.57573897,0.0068867654,1.1445912,0.99196464,0.0,0.99196464,0.24799116
47458,0.33678627,0.007112131,0.66646045,0.550671,0.0,0.550671,0.13766775
47461,0.020615347,0.0066863,0.034544393,0.039381396,0.0,0.039381396,0.009845349
47463,0.1428402,0.006444299,0.2792361,0.21395572,0.0,0.21395572,0.05348893
47466,0.06365804,0.006338455,0.12097762,0.16493027,0.0,0.16493027,0.041232567
47469,0.053472485,0.0062086056,0.10073636,0.14023726,0.0,0.14023726,0.035059314
47471,0.07994162,0.0061756074,0.15370764,0.1890995,0.0,0.1890995,0.047274876
47474,0.8414193,0.0061609535,1.6766777,1.8607521,0.0,1.8607521,0.46518803
47477,0.15171142,0.006358108,0.29706475,0.247648,0.0,0.247648,0.061912
47479,0.1212219,0.006262336,0.23618145,0.29530123,0.0,0.29530123,0.07382531
47482,0.1923774,0.006440848,0.378314,0.29229173,0.0,0.29229173,0.07307293
47484,0.26609924,0.006616149,0.5255823,0.6372952,0.0,0.6372952,0.1593238
47487,0.2170391,0.006630747,0.42744744,0.3408059,0.0,0.3408059,0.08520147
47490,0.75804967,0.006948523,1.5091509,1.3224968,0.0,1.3224968,0.3306242
47492,0.8873517,0.00676037,1.7679429,1.5669817,0.0,1.5669817,0.39174542
47495,0.18902756,0.007393298,0.37066185,0.29273438,0.0,0.29273438,0.073183596
47497,0.22995786,0.007799091,0.4521166,0.36311707,0.0,0.36311707,0.09077927
47500,0.017140986,0.0077806823,0.02650129,0.025807003,0.0,0.025807003,0.0064517506
47503,0.23879774,0.008059659,0.46953583,0.36430922,0.0,0.36430922,0.091077305
47505,0.15908936,0.008322767,0.30985594,0.39516822,0.0,0.39516822,0.098792054
47508,0.047392365,0.008103021,0.0866817,0.1101344,0.0,0.1101344,0.0275336
47510,0.20355505,0.00831787,0.39879224,0.3112897,0.0,0.3112897,0.077822424
47513,0.15445334,0.008390389,0.30051628,0.38944697,0.0,0.38944697,0.09736174
47516,0.11849356,0.008540793,0.22844632,0.18864906,0.0,0.18864906,0.047162265
47518,0.06146571,0.00903134,0.11390009,0.07642493,0.0,0.07642493,0.019106232
47521,0.35585538,0.009329126,0.7023816,0.5624712,0.0,0.5624712,0.1406178
47524,0.081978835,0.009657207,0.15430047,0.18875806,0.0,0.18875806,0.047189515
47526,0.08929422,0.009210986,0.16937745,0.12818576,0.0,0.12818576,0.03204644
47529,0.09316223,0.009820226,0.17650424,0.13990356,0.0,0.13990356,0.03497589
47531,0.5707785,0.009492791,1.1320642,1.3279325,0.0,1.3279325,0.33198312
47534,1.0360893,0.009619026,2.0625596,1.8148514,0.0,1.8148514,0.45371285
47537,0.023669928,0.009916406,0.03742345,0.03633663,0.0,0.03633663,0.009084158
47539,0.2097966,0.009949818,0.40964338,0.3137618,0.0,0.3137618,0.07844045
47542,0.068794675,0.010474987,0.12711436,0.19822456,0.0,0.19822456,0.04955614
47544,0.059738174,0.010422141,0.10905421,0.08334267,0.0,0.08334267,0.020835668
47547,0.20150681,0.010152531,0.3928611,0.30435318,0.0,0.30435318,0.076088294
47550,0.027125897,0.010020419,0.044231374,0.058727425,0.0,0.058727425,0.014681856
47552,0.051970392,0.010284486,0.0936563,0.12840147,0.0,0.12840147,0.03210037
47555,0.056261186,0.010448587,0.10207379,0.06993882,0.0,0.06993882,0.017484706
47558,0.09034289,0.010149618,0.17053616,0.23963426,0.0,0.23963426,0.059908565
47560,0.121109985,0.010504961,0.23171501,0.3022516,0.0,0.3022516,0.0755629
47563,0.4824122,0.010604226,0.9542201,0.78303033,0.0,0.78303033,0.19575758
47565,0.2955638,0.0109927505,0.5801348,0.46936098,0.0,0.46936098,0.117340244
47568,0.7068141,0.01135308,1.4022752,1.1751431,0.0,1.1751431,0.29378578
47571,0.02447245,0.011482512,0.037462387,0.04128092,0.0,0.04128092,0.01032023
47573,0.31430402,0.011442448,0.61716557,0.4793835,0.0,0.4793835,0.119845875
47576,0.09085715,0.012028142,0.16968615,0.11638656,0.0,0.11638656,0.02909664
47578,0.39022133,0.01189192,0.7685507,0.9196048,0.0,0.9196048,0.2299012
47581,0.07477764,0.012352427,0.13720286,0.09170691,0.0,0.09170691,0.022926727
47584,0.55832094,0.012292366,1.1043495,0.91645885,0.0,0.91645885,0.22911471
47586,0.064162634,0.012486075,0.11583919,0.16378547,0.0,0.16378547,0.040946368
47589,0.66092175,0.0131673515,1.3086761,1.0813595,0.0,1.0813595,0.27033988
47591,0.05928928,0.013209552,0.10536901,0.16523992,0.0,0.16523992,0.04130998
47594,0.027346298,0.012833777,0.041858822,0.06614377,0.0,0.06614377,0.016535943
47597,0.09731499,0.013578653,0.18105133,0.26401344,0.0,0.26401344,0.06600336
47599,0.044704396,0.013652611,0.075756185,0.04404511,0.0,0.04404511,0.011011277
47602,0.1140294,0.014118873,0.21393992,0.30569726,0.0,0.30569726,0.076424316
47605,0.61615855,0.014520765,1.2177963,0.9846943,0.0,0.9846943,0.24617358
47607,0.2953163,0.014322255,0.5763104,0.7253726,0.0,0.7253726,0.18134315
47610,0.52773225,0.0150945755,1.0403699,1.2736467,0.0,1.2736467,0.31841168
47612,0.04242895,0.015386115,0.06947179,0.068577565,0.0,0.068577565,0.017144391
47615,0.045757744,0.015421748,0.07609374,0.09755228,0.0,0.09755228,0.02438807
47618,0.13861768,0.01678211,0.26045325,0.37985298,0.0,0.37985298,0.094963245
47620,0.42670783,0.017185114,0.8362305,0.6267413,0.0,0.6267413,0.15668532
47623,0.052837517,0.017299097,0.08837593,0.1632076,0.0,0.1632076,0.0408019
47625,0.15274024,0.017503073,0.28797743,0.4310224,0.0,0.4310224,0.1077556
47628,0.35869634,0.016215473,0.7011772,0.521003,0.0,0.521003,0.13025075
47631,0.9329438,0.016955353,1.8489323,1.5406213,0.0,1.5406213,0.38515532
47633,0.32927576,0.015803212,0.6427483,0.48324957,0.0,0.48324957,0.12081239
47636,0.6916668,0.016118059,1.3672155,1.6454135,0.0,1.6454135,0.41135338
47638,0.2597145,0.01652163,0.50290745,0.68597573,0.0,0.68597573,0.17149393
47641,0.17948629,0.015983768,0.34298882,0.47025833,0.0,0.47025833,0.11756458
47644,0.6596865,0.016923696,1.3024493,1.0457045,0.0,1.0457045,0.26142612
47646,0.9129889,0.017181247,1.8087965,1.4915603,0.0,1.4915603,0.37289008
47649,0.16725458,0.015786983,0.31872222,0.21908832,0.0,0.21908832,0.05477208
47652,0.4581913,0.016474599,0.89990807,1.1381956,0.0,1.1381956,0.2845489
47654,0.19439541,0.016026797,0.372764,0.47936192,0.0,0.47936192,0.11984048
47657,0.33533838,0.015943257,0.65473354,0.5114687,0.0,0.5114687,0.12786718
47659,0.123149134,0.016500402,0.22979788,0.2916234,0.0,0.2916234,0.07290585
47662,0.584763,0.015857385,1.1536685,0.91991144,0.0,0.91991144,0.22997786
47665,0.568711,0.015642354,1.1217796,0.9200897,0.0,0.9200897,0.23002243
47667,0.26574212,0.015221494,0.51626277,0.40120077,0.0,0.40120077,0.10030019
47670,0.1025843,0.013972923,0.19119568,0.25616845,0.0,0.25616845,0.06404211
47672,0.1950249,0.014485923,0.37556386,0.46884727,0.0,0.46884727,0.11721182
47675,0.046989024,0.014574432,0.07940362,0.12334094,0.0,0.12334094,0.030835235
47678,0.18952803,0.01419131,0.36486474,0.4729501,0.0,0.4729501,0.118237525
47680,0.14701428,0.014407483,0.2796211,0.19515269,0.0,0.19515269,0.04878817
47683,0.21043412,0.01345253,0.40741572,0.3103435,0.0,0.3103435,0.077585876
47685,0.43132213,0.013566847,0.84907746,0.6776941,0.0,0.6776941,0.16942352
47688,0.3219419,0.013825442,0.63005835,0.50272757,0.0,0.50272757,0.12568189
47691,0.2637317,0.012535613,0.5149278,0.40534532,0.0,0.40534532,0.10133633
47693,0.06344301,0.01235618,0.11452985,0.0794652,0.0,0.0794652,0.0198663
47696,0.0408405,0.012278999,0.069402,0.10260003,0.0,0.10260003,0.025650008
47699,0.6276165,0.011782524,1.2434505,1.4217811,0.0,1.4217811,0.35544527
47701,0.07091663,0.012234139,0.12959912,0.088896334,0.0,0.088896334,0.022224084
47704,0.046750475,0.010848508,0.08265244,0.05813721,0.0,0.05813721,0.014534302
47706,0.2835889,0.010950599,0.55622715,0.44848338,0.0,0.44848338,0.112120844
47709,0.06946988,0.0102424165,0.12869735,0.17642021,0.0,0.17642021,0.044105053
47712,0.45135424,0.0094576925,0.89325076,1.0180926,0.0,1.0180926,0.25452316
47714,0.033461187,0.009414882,0.057507496,0.0341832,0.0,0.0341832,0.0085458
47717,0.07508848,0.00946222,0.14071475,0.0982191,0.0,0.0982191,0.024554774
47719,0.5812494,0.009619818,1.1528791,1.3279426,0.0,1.3279426,0.33198565
47722,0.42375013,0.009267963,0.8382323,0.74452305,0.0,0.74452305,0.18613076
47725,0.07141648,0.008942205,0.13389076,0.16192442,0.0,0.16192442,0.040481105
47727,0.03943951,0.008646612,0.07023241,0.09168468,0.0,0.09168468,0.02292117
47730,0.21579844,0.008486462,0.4231104,0.47504878,0.0,0.47504878,0.118762195
47732,0.44214144,0.008073326,0.87620956,0.74445933,0.0,0.74445933,0.18611483
47735,0.26099226,0.0076675266,0.514317,0.46549162,0.0,0.46549162,0.116372906
47738,0.5004729,0.0070262807,0.99391955,1.1237566,0.0,1.1237566,0.28093916
47740,0.09717917,0.00679296,0.18756537,0.20316388,0.0,0.20316388,0.05079097
47743,0.35484037,0.006245786,0.70343494,0.62624997,0.0,0.62624997,0.15656249
47746,0.46505877,0.0056130644,0.92450446,0.99375457,0.0,0.99375457,0.24843864
47748,0.080918096,0.0053623873,0.1564738,0.15895087,0.0,0.15895087,0.039737716
47751,0.017133983,0.004319948,0.029948017,0.041582476,0.0,0.041582476,0.010395619
47753,0.15153573,0.003985139,0.2990863,0.29238883,0.0,0.29238883,0.07309721
47756,0.6613748,0.0035626516,1.3191869,1.3651861,0.0,1.3651861,0.34129652
47759,0.043398533,0.003008359,0.083788715,0.0694429,0.0,0.0694429,0.017360725
47761,0.51427513,0.0029391048,1.0256113,1.0224261,0.0,1.0224261,0.25560653
47764,0.22155084,0.002925519,0.44017616,0.4295756,0.0,0.4295756,0.1073939
47766,0.068261296,0.0026014128,0.13392118,0.12964863,0.0,0.12964863,0.032412156
47769,0.29019374,0.0022481082,0.57813936,0.56565744,0.0,0.56565744,0.14141436
47772,0.29976854,0.0023456,0.59719145,0.60080737,0.0,0.60080737,0.15020184
47774,0.068943195,0.0019197228,0.13596666,0.13540334,0.0,0.13540334,0.033850834
47777,0.039983973,0.001623143,0.0783448,0.074705176,0.0,0.074705176,0.018676294
47779,0.3104438,0.0016793568,0.6192083,0.610811,0.0,0.610811,0.15270275
47782,0.2074825,0.002058598,0.4129064,0.4049828,0.0,0.4049828,0.1012457
47785,0.14775428,0.0021060435,0.29340252,0.2880851,0.0,0.2880851,0.072021276
47787,0.09569701,0.0020703876,0.18932362,0.18879439,0.0,0.18879439,0.047198597
47790,0.15265125,0.0020015452,0.30330095,0.29881153,0.0,0.29881153,0.07470288
47793,0.13347754,0.0015910339,0.26536405,0.26101205,0.0,0.26101205,0.06525301
47795,0.096304156,0.0017673848,0.19084094,0.18877007,0.0,0.18877007,0.047192518
47798,0.086403646,0.0017019557,0.17110534,0.1712708,0.0,0.1712708,0.0428177
47800,0.26638514,0.001605081,0.5311652,0.5373257,0.0,0.5373257,0.13433142
47803,0.11061556,0.0015310388,0.21970008,0.20789886,0.0,0.20789886,0.051974714
47806,0.58868486,0.0014579311,1.1759118,1.1955436,0.0,1.1955436,0.2988859
47808,0.07093673,0.001521516,0.14035195,0.13440849,0.0,0.13440849,0.033602122
47811,0.11246592,0.0015417772,0.22339006,0.20471871,0.0,0.20471871,0.051179677
47813,0.4396062,0.0015471395,0.8776652,0.91363424,0.0,0.91363424,0.22840856
47816,0.1346683,0.001600908,0.2677357,0.28869775,0.0,0.28869775,0.07217444
47819,0.2971919,0.0015568072,0.592827,0.62192637,0.0,0.62192637,0.15548159
47821,0.027020916,0.0016128141,0.05242902,0.052122843,0.0,0.052122843,0.013030711
47824,0.042164683,0.0016675856,0.08266178,0.086223684,0.0,0.086223684,0.021555921
47826,0.46565577,0.0014720466,0.92983943,0.90165854,0.0,0.90165854,0.22541463
47829,0.058314666,0.0013153538,0.11531398,0.108089,0.0,0.108089,0.02702225
47832,0.40700284,0.0013405639,0.81266516,0.7797491,0.0,0.7797491,0.19493727
47834,0.17182273,0.00143424,0.34221122,0.32321987,0.0,0.32321987,0.08080497
47837,0.54486436,0.0014819955,1.0882467,1.0535377,0.0,1.0535377,0.26338443
47840,0.1916669,0.0014615589,0.38187227,0.38673937,0.0,0.38673937,0.09668484
47842,0.033076223,0.0013796653,0.06477278,0.06968138,0.0,0.06968138,0.017420346
47845,0.19816728,0.0014806598,0.39485392,0.38322592,0.0,0.38322592,0.09580648
47847,0.7650791,0.0015172372,1.5286409,1.4948632,0.0,1.4948632,0.3737158
47850,0.055572644,0.0014341084,0.10971118,0.120535076,0.0,0.120535076,0.030133769
47853,0.12336544,0.00148897,0.24524193,0.24555834,0.0,0.24555834,0.061389584
47855,0.040765047,0.0015197434,0.08001035,0.07093146,0.0,0.07093146,0.017732864
47858,0.23446448,0.0015225811,0.4674064,0.4489958,0.0,0.4489958,0.11224895
47860,0.011524346,0.0016080184,0.021440672,0.023417095,0.0,0.023417095,0.0058542737
47863,0.22066587,0.0015512543,0.43978047,0.45334992,0.0,0.45334992,0.11333748
47866,0.25337392,0.0015312508,0.5052166,0.4814104,0.0,0.4814104,0.1203526
47868,0.09788951,0.0014821677,0.19429685,0.18090935,0.0,0.18090935,0.045227338
47871,0.05106698,0.0015659765,0.10056799,0.09351179,0.0,0.09351179,0.023377948
47873,0.30888975,0.0015007771,0.6162787,0.6543358,0.0,0.6543358,0.16358395
47876,0.05144726,0.001556082,0.101338446,0.11254815,0.0,0.11254815,0.028137038
47879,0.5708454,0.0016061189,1.1400847,1.0818781,0.0,1.0818781,0.27046952
47881,0.07453617,0.0018389247,0.14723341,0.13377507,0.0,0.13377507,0.033443768
47884,0.10556531,0.0022459284,0.2088847,0.21917798,0.0,0.21917798,0.054794494
47887,0.3078933,0.0022737961,0.6135128,0.5673063,0.0,0.5673063,0.14182657
47889,0.15651195,0.0023070816,0.31071684,0.35234812,0.0,0.35234812,0.08808703
47892,0.06861562,0.0026117116,0.13461953,0.145191,0.0,0.145191,0.03629775
47894,0.042451445,0.0028305538,0.08207234,0.07547229,0.0,0.07547229,0.018868072
47897,0.29710785,0.003007027,0.5912087,0.5300279,0.0,0.5300279,0.13250698
47900,0.07729142,0.0031792584,0.15140359,0.18907048,0.0,0.18907048,0.04726762
47902,0.7344258,0.0031177422,1.4657339,1.3701457,0.0,1.3701457,0.34253642
47905,0.644094,0.0032757425,1.2849122,1.1749072,0.0,1.1749072,0.2937268
47907,0.1686018,0.0032491535,0.33395442,0.39165488,0.0,0.39165488,0.09791372
47910,0.64476997,0.0034762267,1.2860637,1.1680912,0.0,1.1680912,0.2920228
47913,0.103987165,0.003855617,0.20411871,0.1589576,0.0,0.1589576,0.0397394
47915,0.13816363,0.0039182287,0.27240902,0.33055976,0.0,0.33055976,0.08263994
47918,0.0460415,0.004361803,0.08772119,0.09466368,0.0,0.09466368,0.02366592
47920,0.11661652,0.0046473113,0.22858572,0.17250435,0.0,0.17250435,0.043126088
47923,0.03412525,0.0044100895,0.06384041,0.049126532,0.0,0.049126532,0.012281633
47926,0.045442373,0.0047060843,0.08617866,0.103541076,0.0,0.103541076,0.025885269
47928,0.65007406,0.004688186,1.2954599,1.4408635,0.0,1.4408635,0.36021587
47931,0.025645612,0.004810467,0.046480756,0.030620748,0.0,0.030620748,0.007655187
47934,0.11924223,0.004768688,0.23371577,0.26881397,0.0,0.26881397,0.06720349
47936,0.09481814,0.005040623,0.18459564,0.23589021,0.0,0.23589021,0.058972552
47939,0.10061064,0.0053380006,0.19588329,0.15851188,0.0,0.15851188,0.03962797
47941,0.22308625,0.0053954623,0.44077706,0.37372434,0.0,0.37372434,0.093431085
47944,0.07662716,0.0044830074,0.1487713,0.11420139,0.0,0.11420139,0.028550347
47947,0.025483124,0.0045510936,0.046415154,0.040082023,0.0,0.040082023,0.010020506
47949,0.2682604,0.0045624184,0.5319584,0.609086,0.0,0.609086,0.1522715
47952,0.4524175,0.005279524,0.89955544,1.0203599,0.0,1.0203599,0.25508997
47954,0.3545731,0.0055136494,0.70363253,0.60652375,0.0,0.60652375,0.15163094
47957,0.4887664,0.0057499465,0.97178286,0.85378534,0.0,0.85378534,0.21344633
47960,0.18441819,0.0054154037,0.36342096,0.29295844,0.0,0.29295844,0.07323961
47962,0.53420657,0.00505433,1.0633588,0.9416089,0.0,0.9416089,0.23540223
47965,0.6441594,0.004686907,1.2836318,1.1575648,0.0,1.1575648,0.2893912
47967,0.12096354,0.0044957646,0.23743133,0.2880143,0.0,0.2880143,0.07200357
47970,0.51619816,0.0045516915,1.0278445,0.922373,0.0,0.922373,0.23059325
47973,0.0309876,0.0042375796,0.05773762,0.05101089,0.0,0.05101089,0.012752723
47975,0.16410212,0.004022247,0.324182,0.26753435,0.0,0.26753435,0.06688359
47978,0.2734505,0.004390005,0.542511,0.46199378,0.0,0.46199378,0.115498446
47981,0.31482282,0.0037773605,0.6258683,0.5564287,0.0,0.5564287,0.13910717
47983,0.30352312,0.0041266656,0.6029196,0.5218883,0.0,0.5218883,0.13047208
47986,0.059286695,0.0042285305,0.11434486,0.08910084,0.0,0.08910084,0.02227521
47988,0.12311507,0.0037945837,0.24243556,0.28202996,0.0,0.28202996,0.07050749
47991,0.23326737,0.0039612344,0.4625735,0.5372431,0.0,0.5372431,0.13431078
47994,0.018992288,0.0038727038,0.034111872,0.045247097,0.0,0.045247097,0.011311774
47996,0.102166235,0.004264192,0.20006828,0.23884165,0.0,0.23884165,0.059710413
47999,0.037143815,0.00439682,0.069890805,0.09434985,0.0,0.09434985,0.023587463
48001,0.40739223,0.004033012,0.81075144,0.7153845,0.0,0.7153845,0.17884612
48004,0.26123667,0.0040533305,0.51842004,0.45005956,0.0,0.45005956,0.11251489
48007,0.028937908,0.0040914565,0.05378436,0.074471235,0.0,0.074471235,0.018617809
48009,0.021032238,0.0038196917,0.038244788,0.04989643,0.0,0.04989643,0.012474108
48012,0.15913115,0.00481176,0.31345055,0.3615968,0.0,0.3615968,0.0903992
48014,0.1968366,0.004717042,0.3889562,0.33039203,0.0,0.33039203,0.08259801
48017,0.7698908,0.0050788815,1.5347027,1.672699,0.0,1.672699,0.41817474
48020,0.08698574,0.0045696762,0.16940181,0.20334816,0.0,0.20334816,0.05083704
48022,0.108352125,0.004366093,0.21233815,0.16967161,0.0,0.16967161,0.042417902
48025,0.13492046,0.004231455,0.26560947,0.22117372,0.0,0.22117372,0.05529343
48028,0.24266024,0.0045505506,0.48076996,0.4217352,0.0,0.4217352,0.1054338
48030,0.20244573,0.0039799693,0.40091148,0.34669366,0.0,0.34669366,0.086673416
48033,0.22681732,0.00349142,0.45014325,0.50585806,0.0,0.50585806,0.12646452
48035,0.08164442,0.0031663745,0.16012247,0.18676923,0.0,0.18676923,0.046692308
48038,0.48141158,0.0033377015,0.9594855,0.86262065,0.0,0.86262065,0.21565516
48041,0.12980889,0.0030628263,0.25655496,0.29970276,0.0,0.29970276,0.07492569
48043,0.12920915,0.0024060623,0.25601223,0.21862496,0.0,0.21862496,0.05465624
48046,0.1378284,0.0023131398,0.27334365,0.31273407,0.0,0.31273407,0.07818352
48048,0.2902756,0.0024396388,0.5781116,0.63576406,0.0,0.63576406,0.15894102
48051,0.08339068,0.0031780768,0.16360329,0.15765256,0.0,0.15765256,0.03941314
48054,0.30346537,0.00394504,0.6029857,0.5285801,0.0,0.5285801,0.13214503
48056,0.44079223,0.0037324612,0.877852,0.96789306,0.0,0.96789306,0.24197327
48059,0.1115056,0.0034094248,0.21960177,0.23441608,0.0,0.23441608,0.05860402
48062,0.24074237,0.0025153013,0.47896942,0.42432144,0.0,0.42432144,0.10608036
48064,0.45955816,0.0020427397,0.91707355,0.8430457,0.0,0.8430457,0.21076143
48067,0.06140466,0.0024253854,0.12038394,0.10480695,0.0,0.10480695,0.026201738
48069,0.16033806,0.0025101162,0.31816602,0.36570892,0.0,0.36570892,0.09142723
48072,0.196117,0.0026085041,0.38962552,0.34622145,0.0,0.34622145,0.08655536
48075,0.19900386,0.0025689334,0.3954388,0.35487473,0.0,0.35487473,0.08871868
48077,0.049268022,0.0018002292,0.09673581,0.11333857,0.0,0.11333857,0.028334642
48080,0.19088411,0.0022199915,0.37954822,0.3453803,0.0,0.3453803,0.08634508
48082,0.040760778,0.00245157,0.07906999,0.06300049,0.0,0.06300049,0.015750123
48085,0.43006083,0.0027688865,0.85735273,0.7843531,0.0,0.7843531,0.19608827
48088,0.15855211,0.0029918726,0.31411234,0.355386,0.0,0.355386,0.0888465
48090,0.08260343,0.0026286785,0.1625782,0.17964661,0.0,0.17964661,0.044911653
48093,0.31877688,0.0028719672,0.63468176,0.57127196,0.0,0.57127196,0.14281799
48095,0.2962184,0.0030560382,0.58938074,0.52256,0.0,0.52256,0.13064
48098,0.016706979,0.0028146163,0.030599343,0.03105495,0.0,0.03105495,0.0077637373
48101,0.047149863,0.0024075573,0.09189216,0.07795117,0.0,0.07795117,0.019487793
48103,0.048145745,0.0024965878,0.093794905,0.09735533,0.0,0.09735533,0.024338832
48106,0.08246416,0.002727126,0.16220118,0.19260715,0.0,0.19260715,0.048151787
48109,0.10579339,0.0029918589,0.20859492,0.19451499,0.0,0.19451499,0.048628747
48111,0.03545158,0.002917851,0.06798531,0.06379711,0.0,0.06379711,0.015949277
48114,0.10537528,0.0027248806,0.20802568,0.17205186,0.0,0.17205186,0.043012965
48116,0.123998694,0.002864113,0.24513327,0.20548566,0.0,0.20548566,0.051371414
48119,0.033024058,0.0030349914,0.06301313,0.0739818,0.0,0.0739818,0.01849545
48122,0.10793955,0.0032712836,0.21260782,0.22077292,0.0,0.22077292,0.05519323
48124,0.08687305,0.0031612131,0.17058487,0.20413874,0.0,0.20413874,0.051034685
48127,0.2673407,0.003264833,0.53141654,0.6023721,0.0,0.6023721,0.15059303
48129,0.27236322,0.0032034318,0.541523,0.4742787,0.0,0.4742787,0.11856967
48132,0.05819905,0.0031551986,0.1132429,0.089425236,0.0,0.089425236,0.022356309
48135,0.16100518,0.0026585218,0.31935185,0.2813872,0.0,0.2813872,0.0703468
48137,0.058336426,0.0031686584,0.11350419,0.13869144,0.0,0.13869144,0.03467286
48140,0.2567543,0.003222481,0.51028615,0.5780728,0.0,0.5780728,0.1445182
48142,0.68018943,0.0033792548,1.3569998,1.2403612,0.0,1.2403612,0.3100903
48145,0.015453852,0.0034598166,0.027447887,0.036904145,0.0,0.036904145,0.009226036
48148,0.17270803,0.003641193,0.34177485,0.4020749,0.0,0.4020749,0.100518726
48150,0.1333972,0.0040180073,0.2627764,0.21160336,0.0,0.21160336,0.05290084
48153,0.18672825,0.0049837944,0.36847273,0.29897046,0.0,0.29897046,0.074742615
48156,0.065289475,0.005430008,0.12514895,0.16173835,0.0,0.16173835,0.040434588
48158,0.17256804,0.005523275,0.3396128,0.40568915,0.0,0.40568915,0.10142229
48161,0.046231583,0.0058118184,0.08665135,0.06401368,0.0,0.06401368,0.01600342
48163,0.083164595,0.0056102443,0.16071893,0.19797474,0.0,0.19797474,0.049493685
48166,0.32512337,0.005372766,0.644874,0.54944456,0.0,0.54944456,0.13736114
48169,0.7450258,0.00527754,1.4847741,1.6489662,0.0,1.6489662,0.41224155
48171,0.04599245,0.0052425344,0.086742364,0.062105957,0.0,0.062105957,0.015526489
48174,0.12811108,0.0050935796,0.25112858,0.30867335,0.0,0.30867335,0.07716834
48176,0.3905183,0.0052530817,0.77578354,0.87795085,0.0,0.87795085,0.21948771
48179,0.12940311,0.0049877297,0.25381848,0.20220028,0.0,0.20220028,0.05055007
48182,0.023223413,0.005509526,0.040937297,0.049108997,0.0,0.049108997,0.012277249
48184,0.11776444,0.005526046,0.23000284,0.2828413,0.0,0.2828413,0.070710324
48187,0.363911,0.0055250623,0.72229695,0.6122831,0.0,0.6122831,0.15307078
48189,0.14664994,0.005540403,0.28775945,0.22213054,0.0,0.22213054,0.055532634
48192,0.3965937,0.005656933,0.7875304,0.9105213,0.0,0.9105213,0.22763033
48195,0.0865449,0.005500516,0.16758929,0.1854705,0.0,0.1854705,0.046367627
48197,0.016474815,0.0057319314,0.027217701,0.028493434,0.0,0.028493434,0.0071233585
48200,0.25978884,0.005687935,0.51388973,0.42568383,0.0,0.42568383,0.10642096
48203,0.06409863,0.0054485654,0.12274868,0.1475022,0.0,0.1475022,0.03687555
48205,0.26195228,0.0054295906,0.518475,0.42610583,0.0,0.42610583,0.10652646
48208,0.42795038,0.00537881,0.850522,0.98480445,0.0,0.98480445,0.24620111
48210,0.23945521,0.00542598,0.47348443,0.56681216,0.0,0.56681216,0.14170304
48213,0.25702155,0.005820656,0.5082224,0.41490683,0.0,0.41490683,0.10372671
48216,0.083435975,0.0058934973,0.16097845,0.20736437,0.0,0.20736437,0.05184109
48218,0.2484916,0.0059971996,0.49098602,0.4011834,0.0,0.4011834,0.10029585
48221,0.19163926,0.006227354,0.3770512,0.306436,0.0,0.306436,0.076609
48223,0.58996296,0.00636654,1.1735593,1.01813,0.0,1.01813,0.2545325
48226,0.09165517,0.0067366674,0.17657368,0.20532487,0.0,0.20532487,0.05133122
48229,0.4249411,0.006734627,0.8431476,0.97437525,0.0,0.97437525,0.24359381
48231,0.05695237,0.0067065675,0.10719817,0.07489007,0.0,0.07489007,0.018722517
48234,0.18114556,0.006841352,0.3554498,0.43516815,0.0,0.43516815,0.10879204
48236,0.13518499,0.0070242784,0.2633457,0.2009949,0.0,0.2009949,0.050248723
48239,0.05679818,0.0077713933,0.10582497,0.08116007,0.0,0.08116007,0.020290017
48242,0.18387711,0.008122704,0.3596315,0.26945466,0.0,0.26945466,0.067363665
48244,0.058470804,0.008289571,0.10865203,0.0704784,0.0,0.0704784,0.0176196
48247,0.13829346,0.008390516,0.26819643,0.3556385,0.0,0.3556385,0.088909626
48250,0.70703036,0.008801681,1.4052591,1.2099794,0.0,1.2099794,0.30249485
48252,0.42629585,0.008956134,0.84363556,0.69595766,0.0,0.69595766,0.17398942
48255,0.02299974,0.009156408,0.036843073,0.04831153,0.0,0.04831153,0.012077883
48257,0.05079748,0.0095283035,0.09206667,0.060986023,0.0,0.060986023,0.015246506
48260,0.03850865,0.010014466,0.06700284,0.073222734,0.0,0.073222734,0.018305684
48263,0.0326479,0.010287735,0.055008065,0.040093962,0.0,0.040093962,0.0100234905
48265,0.6464763,0.010239057,1.2827135,1.4993674,0.0,1.4993674,0.37484184
48268,0.09269792,0.010622532,0.17477329,0.21475029,0.0,0.21475029,0.053687572
48270,0.85969955,0.010697197,1.708702,1.4690895,0.0,1.4690895,0.36727238
48273,0.24127483,0.011139333,0.47141036,0.60779375,0.0,0.60779375,0.15194844
48276,0.045976937,0.011464189,0.08048969,0.051780373,0.0,0.051780373,0.012945093
48278,0.28750536,0.01169916,0.5633116,0.7241168,0.0,0.7241168,0.1810292
48281,0.0665544,0.012128398,0.120980404,0.18028529,0.0,0.18028529,0.045071322
48283,0.29428938,0.01265984,0.5759189,0.7426979,0.0,0.7426979,0.18567447
48286,0.049083035,0.013307494,0.084858574,0.11840451,0.0,0.11840451,0.029601127
48289,0.5102749,0.014027757,1.006522,0.8103738,0.0,0.8103738,0.20259345
48291,0.39900255,0.014595069,0.7834101,0.5945074,0.0,0.5945074,0.14862685
48294,0.45529032,0.014725223,0.8958554,0.6929259,0.0,0.6929259,0.17323147
48297,0.07646469,0.01448054,0.13844883,0.18817025,0.0,0.18817025,0.047042564
48299,0.1224075,0.01430368,0.23051132,0.3339913,0.0,0.3339913,0.08349782
48302,0.17845406,0.014283736,0.3426244,0.23842324,0.0,0.23842324,0.05960581
48304,0.06602648,0.014209486,0.11784347,0.06095107,0.0,0.06095107,0.015237767
48307,0.29646048,0.01381876,0.5791022,0.45420846,0.0,0.45420846,0.113552116
48310,0.08043618,0.013696891,0.14717546,0.19545007,0.0,0.19545007,0.048862517
48312,0.09797603,0.013009191,0.18294287,0.2533316,0.0,0.2533316,0.0633329
48315,0.04882643,0.012756986,0.08489588,0.1193778,0.0,0.1193778,0.02984445
48317,0.041009277,0.012524585,0.06949397,0.090216994,0.0,0.090216994,0.022554249
48320,0.021471916,0.012246679,0.030697152,0.03116224,0.0,0.03116224,0.00779056
48323,0.10484422,0.01128077,0.19840766,0.14557794,0.0,0.14557794,0.036394484
48325,0.049699467,0.010890867,0.08850807,0.12158829,0.0,0.12158829,0.030397072
48328,0.06989873,0.010446078,0.12935138,0.16239291,0.0,0.16239291,0.04059823
48330,0.31538007,0.010157856,0.62060225,0.5280502,0.0,0.5280502,0.13201255
48333,0.104955114,0.009183497,0.20072673,0.24519126,0.0,0.24519126,0.061297815
48336,0.053588793,0.009265044,0.09791254,0.06539509,0.0,0.06539509,0.016348772
48338,0.028403731,0.008353048,0.048454415,0.05914566,0.0,0.05914566,0.014786415
48341,0.09545379,0.0075924937,0.18331508,0.22211643,0.0,0.22211643,0.055529106
48344,0.20632255,0.0075086453,0.40513647,0.44648257,0.0,0.44648257,0.11162064
48346,0.037321687,0.006963206,0.06768017,0.051573664,0.0,0.051573664,0.012893416
48349,0.79274416,0.0067480616,1.5787402,1.4285097,0.0,1.4285097,0.35712743
48351,0.59843254,0.006139794,1.1907253,1.0736905,0.0,1.0736905,0.26842263
48354,0.039296918,0.0055004745,0.07309336,0.058061525,0.0,0.058061525,0.014515381
48357,0.2828163,0.0051374906,0.5604951,0.49948516,0.0,0.49948516,0.12487129
48359,0.22744967,0.004765719,0.45013365,0.40725055,0.0,0.40725055,0.10181264
48362,0.25822696,0.0043343403,0.5121196,0.55460304,0.0,0.55460304,0.13865076
48364,0.06799594,0.003951587,0.13204029,0.10970652,0.0,0.10970652,0.02742663
48367,0.29365176,0.0034297083,0.5838738,0.62767315,0.0,0.62767315,0.15691829
48370,0.18320198,0.0032802578,0.36312374,0.32422736,0.0,0.32422736,0.08105684
48372,0.08073603,0.0027694416,0.15870263,0.17736597,0.0,0.17736597,0.044341493
48375,0.071208544,0.00264558,0.1397715,0.12126795,0.0,0.12126795,0.030316988
48377,0.051415604,0.002566282,0.10026493,0.116865575,0.0,0.116865575,0.029216394
48380,0.027658477,0.0023817166,0.05293524,0.05612119,0.0,0.05612119,0.014030297
48383,0.08358502,0.0023358532,0.16483419,0.14563592,0.0,0.14563592,0.03640898
48385,0.08142763,0.002498938,0.16035633,0.14178337,0.0,0.14178337,0.035445843
48388,0.15049821,0.0019809718,0.29901543,0.31980518,0.0,0.31980518,0.079951294
48391,0.039447937,0.0016569659,0.07723891,0.08591781,0.0,0.08591781,0.021479452
48393,0.3555871,0.0015579024,0.70961624,0.6628485,0.0,0.6628485,0.16571212
48396,0.12755796,0.0014457367,0.2536702,0.26987913,0.0,0.26987913,0.06746978
48398,0.17398025,0.0015091668,0.34645137,0.35944536,0.0,0.35944536,0.08986134
48401,0.456046,0.0015981467,0.91049385,0.93456584,0.0,0.93456584,0.23364146
48404,0.122297816,0.0016454529,0.24295019,0.23199289,0.0,0.23199289,0.05799822
48406,0.025638567,0.0014368125,0.04984032,0.055372756,0.0,0.055372756,0.013843189
48409,0.3558531,0.001444921,0.71026134,0.67976594,0.0,0.67976594,0.16994148
48411,0.28025994,0.0015382012,0.5589817,0.5294056,0.0,0.5294056,0.1323514
48414,0.03708839,0.0014651498,0.072711624,0.062684685,0.0,0.062684685,0.015671171
48417,0.15013674,0.0014904399,0.29878303,0.30976775,0.0,0.30976775,0.07744194
48419,0.06796508,0.0015706726,0.1343595,0.12644418,0.0,0.12644418,0.031611044
48422,0.2812154,0.0015623341,0.56086844,0.5429159,0.0,0.5429159,0.13572897
48424,0.697207,0.0016355332,1.3927784,1.411625,0.0,1.411625,0.35290626
48427,0.687404,0.0015077345,1.3733002,1.3463454,0.0,1.3463454,0.33658636
48430,0.1837526,0.0015402326,0.36596498,0.3524674,0.0,0.3524674,0.08811685
48432,0.3441136,0.0016198825,0.6866073,0.6673443,0.0,0.6673443,0.16683607
48435,0.11556997,0.0018376793,0.22930227,0.23976214,0.0,0.23976214,0.059940536
48438,0.14346005,0.0016099497,0.28531015,0.2708452,0.0,0.2708452,0.0677113
48440,0.2736592,0.0017173114,0.54560107,0.52477974,0.0,0.52477974,0.13119493
48443,0.120056204,0.0017299453,0.23838246,0.2543045,0.0,0.2543045,0.063576125
48445,0.13407657,0.0016191966,0.26653394,0.28698874,0.0,0.28698874,0.071747184
48448,0.06516449,0.0016409165,0.12868807,0.14308597,0.0,0.14308597,0.035771493
48451,0.30806097,0.0016075332,0.6145144,0.6460237,0.0,0.6460237,0.16150592
48453,0.037306685,0.0015440924,0.073069274,0.07192985,0.0,0.07192985,0.017982462
48456,0.17294626,0.0015638307,0.34432867,0.3176197,0.0,0.3176197,0.07940493
48458,0.16764624,0.0015722491,0.33372024,0.3073608,0.0,0.3073608,0.0768402
48461,0.5924263,0.0015669105,1.1832857,1.2272034,0.0,1.2272034,0.30680084
48464,0.84105134,0.0016421349,1.6804606,1.6118721,0.0,1.6118721,0.40296802
48466,0.36749375,0.0017181583,0.7332694,0.78360677,0.0,0.78360677,0.19590169
48469,0.4567828,0.0016704304,0.9118951,0.963921,0.0,0.963921,0.24098025
48471,0.03470046,0.0017369637,0.06766396,0.059481665,0.0,0.059481665,0.014870416
48474,0.6140495,0.0019504662,1.2261485,1.1599631,0.0,1.1599631,0.28999078
48477,0.18411891,0.0021460985,0.36609173,0.4111371,0.0,0.4111371,0.102784276
48479,0.042688217,0.0022972599,0.08307917,0.09597073,0.0,0.09597073,0.023992682
48482,0.27804145,0.0025056787,0.55357724,0.4866806,0.0,0.4866806,0.12167015
48485,1.0396848,0.0026874884,2.076682,1.9490427,0.0,1.9490427,0.48726067
48487,0.22554739,0.00278958,0.44830522,0.50871825,0.0,0.50871825,0.12717956
48490,0.18965591,0.0028283887,0.37648344,0.43623304,0.0,0.43623304,0.10905826
48492,0.20905805,0.002991952,0.41512415,0.35993207,0.0,0.35993207,0.089983016
48495,0.030672843,0.0030568615,0.058288824,0.045296732,0.0,0.045296732,0.011324183
48498,0.1373318,0.0031658846,0.27149773,0.31472433,0.0,0.31472433,0.07868108
48500,0.06963063,0.0031404558,0.1361208,0.11456493,0.0,0.11456493,0.028641233
48503,0.29030323,0.0032353618,0.57737106,0.5016739,0.0,0.5016739,0.12541847
48505,0.1298535,0.003202172,0.2565048,0.3023702,0.0,0.3023702,0.07559255
48508,0.04648319,0.0032875054,0.089678876,0.11073223,0.0,0.11073223,0.027683057
48511,0.04736638,0.0032864183,0.09144634,0.10555166,0.0,0.10555166,0.026387915
48513,0.33167866,0.0034268268,0.6599305,0.5778586,0.0,0.5778586,0.14446466
48516,0.3589218,0.0034278892,0.7144157,0.63310647,0.0,0.63310647,0.15827662
48518,0.13419305,0.003514196,0.26487193,0.21597011,0.0,0.21597011,0.05399253
48521,0.13701846,0.0036180385,0.27041888,0.23812608,0.0,0.23812608,0.05953152
48524,0.018202873,0.0036586497,0.032747094,0.040448584,0.0,0.040448584,0.010112146
48526,0.52946764,0.0036782634,1.055257,0.9459812,0.0,0.9459812,0.2364953
48529,0.091830604,0.003672263,0.17998894,0.21656354,0.0,0.21656354,0.054140884
48532,0.024621487,0.0035871898,0.045655783,0.058915425,0.0,0.058915425,0.014728856
48534,0.22359246,0.0036303475,0.44355455,0.51747847,0.0,0.51747847,0.12936962
48537,0.06497354,0.0037013397,0.12624575,0.15122055,0.0,0.15122055,0.037805136
48539,0.030124841,0.0038393298,0.056410354,0.07349538,0.0,0.07349538,0.018373845
48542,0.15174417,0.0037921593,0.29969618,0.36022353,0.0,0.36022353,0.09005588
48545,0.06942536,0.0036667045,0.135184,0.1477204,0.0,0.1477204,0.0369301
48547,0.18666808,0.0036629748,0.36967316,0.31041157,0.0,0.31041157,0.07760289
48550,0.08794298,0.0037189685,0.17216699,0.21718663,0.0,0.21718663,0.054296657
48552,0.31577575,0.0038290704,0.62772244,0.54621774,0.0,0.54621774,0.13655443
48555,0.17177044,0.0036558013,0.3398851,0.38471827,0.0,0.38471827,0.09617957
48558,0.089526094,0.0036532555,0.17539895,0.21985418,0.0,0.21985418,0.054963544
48560,0.08317734,0.0035804675,0.16277422,0.175498,0.0,0.175498,0.0438745
48563,0.065917164,0.0036494744,0.12818485,0.10377651,0.0,0.10377651,0.025944127
48566,0.15597558,0.0034625174,0.30848864,0.26386365,0.0,0.26386365,0.06596591
48568,0.056117445,0.0034225953,0.108812295,0.118834555,0.0,0.118834555,0.029708639
48571,0.114358984,0.0033560274,0.22536194,0.18215616,0.0,0.18215616,0.04553904
48573,0.12879114,0.003484105,0.25409815,0.28864422,0.0,0.28864422,0.072161056
48576,0.3231047,0.003441342,0.6427681,0.5670927,0.0,0.5670927,0.14177318
48579,0.043412622,0.0033811245,0.08344412,0.08875411,0.0,0.08875411,0.022188528
48581,0.068105176,0.0033318494,0.1328785,0.104660034,0.0,0.104660034,0.026165009
48584,0.21204263,0.0033554118,0.42072985,0.47906843,0.0,0.47906843,0.11976711
48586,0.39518186,0.003386541,0.7869771,0.8798902,0.0,0.8798902,0.21997255
48589,0.11118203,0.003284201,0.21907985,0.18363605,0.0,0.18363605,0.045909014
48592,0.24285877,0.0031510938,0.48256645,0.42721322,0.0,0.42721322,0.106803305
48594,0.2596635,0.0031342248,0.51619273,0.44898152,0.0,0.44898152,0.11224538
48597,0.10369668,0.0030545164,0.20433885,0.17002678,0.0,0.17002678,0.042506695
48599,0.0354163,0.0029471498,0.06788545,0.070993006,0.0,0.070993006,0.017748252
48602,0.034726497,0.0029803382,0.06647266,0.06951392,0.0,0.06951392,0.01737848
48605,0.25871372,0.003154316,0.5142731,0.4480193,0.0,0.4480193,0.112004824
48607,0.08301895,0.0033508807,0.16268702,0.2015763,0.0,0.2015763,0.050394077
48610,0.03838023,0.0034687982,0.07329167,0.05758738,0.0,0.05758738,0.014396845
48613,0.20669259,0.0035961203,0.4097891,0.47777924,0.0,0.47777924,0.11944481
48615,0.30210552,0.0039598434,0.6002512,0.5177171,0.0,0.5177171,0.12942928
48618,0.37474298,0.004532372,0.74495363,0.6460128,0.0,0.6460128,0.1615032
48620,0.41009423,0.004997482,0.815191,0.7062259,0.0,0.7062259,0.17655647
48623,0.7467959,0.005245166,1.4883466,1.335692,0.0,1.335692,0.333923
48626,0.85811955,0.0053398064,1.7108994,1.5444432,0.0,1.5444432,0.3861108
48628,0.057868887,0.0054018605,0.11033592,0.1591224,0.0,0.1591224,0.0397806
48631,0.63470834,0.005935608,1.2634811,1.4108578,0.0,1.4108578,0.35271445
48633,0.10545527,0.006053112,0.20485742,0.22803712,0.0,0.22803712,0.05700928
48636,0.08881682,0.0065930765,0.17104058,0.14883216,0.0,0.14883216,0.03720804
48639,0.0668177,0.006782251,0.12685315,0.1798686,0.0,0.1798686,0.04496715
48641,0.03762001,0.007004713,0.068235315,0.054824945,0.0,0.054824945,0.013706236
48644,0.43673077,0.0069714845,0.86649007,0.72935754,0.0,0.72935754,0.18233939
48646,0.31016013,0.0069923126,0.613328,0.73781633,0.0,0.73781633,0.18445408
48649,0.02132713,0.007106899,0.03554736,0.023952797,0.0,0.023952797,0.0059881993
48652,0.29757553,0.0071511404,0.58799994,0.47552022,0.0,0.47552022,0.118880056
48654,0.03713822,0.007503361,0.06677308,0.038025487,0.0,0.038025487,0.009506372
48657,0.03957234,0.007557053,0.07158762,0.10232246,0.0,0.10232246,0.025580615
48660,0.14034754,0.007951018,0.27274406,0.20468529,0.0,0.20468529,0.05117132
48662,0.039996076,0.008211489,0.07178066,0.05425908,0.0,0.05425908,0.01356477
48665,0.20223248,0.008421429,0.39604354,0.49302348,0.0,0.49302348,0.12325587
48667,0.13509142,0.0084934635,0.2616894,0.20983927,0.0,0.20983927,0.052459817
48670,0.23640047,0.008561089,0.46423984,0.5751343,0.0,0.5751343,0.14378357
48673,0.19672517,0.008386242,0.3850641,0.29736027,0.0,0.29736027,0.07434007
48675,0.22393966,0.008365531,0.4395138,0.34682322,0.0,0.34682322,0.086705804
48678,0.38176334,0.008447579,0.7550791,0.61303943,0.0,0.61303943,0.15325986
48680,0.36633632,0.00826876,0.72440386,0.87474966,0.0,0.87474966,0.21868742
48683,0.08578505,0.008676999,0.1628931,0.21948381,0.0,0.21948381,0.054870952
48686,0.06422938,0.008313212,0.12014555,0.08763216,0.0,0.08763216,0.02190804
48688,0.27726313,0.008022736,0.54650354,0.43543017,0.0,0.43543017,0.10885754
48691,0.047106266,0.007822876,0.08638965,0.060817253,0.0,0.060817253,0.015204313
48693,0.24272685,0.0074656955,0.477988,0.5868357,0.0,0.5868357,0.14670892
48696,0.028042167,0.007644693,0.04843964,0.052882314,0.0,0.052882314,0.013220578
48699,0.019694353,0.007365952,0.032022756,0.01709318,0.0,0.01709318,0.004273295
48701,0.19068104,0.0074754246,0.37388667,0.4523715,0.0,0.4523715,0.11309288
48704,0.43099293,0.0069887526,0.8549971,0.73789185,0.0,0.73789185,0.18447296
48707,0.07361894,0.0070917434,0.14014615,0.1786098,0.0,0.1786098,0.04465245
48709,0.13990833,0.0071256435,0.272691,0.3343401,0.0,0.3343401,0.083585024
48712,0.15935375,0.0071395165,0.311568,0.38294145,0.0,0.38294145,0.09573536
48714,0.06862786,0.0070479214,0.13020779,0.09338408,0.0,0.09338408,0.02334602
48717,0.2517775,0.006822275,0.4967327,0.42083248,0.0,0.42083248,0.10520812
48720,0.23168986,0.0066045276,0.4567752,0.5377402,0.0,0.5377402,0.13443504
48722,0.03421341,0.006759239,0.06166758,0.080004744,0.0,0.080004744,0.020001186
48725,0.29912075,0.006501188,0.5917403,0.70319575,0.0,0.70319575,0.17579894
48727,0.21842994,0.006173408,0.43068647,0.5053399,0.0,0.5053399,0.12633498
48730,0.54218614,0.0059750215,1.0783973,1.2188511,0.0,1.2188511,0.30471277
48733,0.038966704,0.0057178247,0.07221559,0.084190965,0.0,0.084190965,0.021047741
48735,0.19623645,0.005516812,0.3869561,0.3144602,0.0,0.3144602,0.07861505
48738,0.32109287,0.005669732,0.63651603,0.53434104,0.0,0.53434104,0.13358526
48740,0.037827905,0.0057840613,0.069871746,0.097285904,0.0,0.097285904,0.024321476
48743,0.3117558,0.005693953,0.61781764,0.5255707,0.0,0.5255707,0.13139267
48746,0.89001065,0.0052841287,1.7747372,1.9501649,0.0,1.9501649,0.48754123
48748,0.052743625,0.0052603893,0.10022686,0.12519832,0.0,0.12519832,0.03129958
48751,0.056372806,0.0054745763,0.10727104,0.12632088,0.0,0.12632088,0.03158022
48754,0.2502499,0.00550149,0.49499825,0.59020144,0.0,0.59020144,0.14755036
48756,0.119692825,0.0056366213,0.23374903,0.1878676,0.0,0.1878676,0.0469669
48759,0.057624906,0.0045608343,0.11068898,0.14036673,0.0,0.14036673,0.035091683
48761,0.53946453,0.004622088,1.074307,0.9608633,0.0,0.9608633,0.24021582
48764,0.05278861,0.0050682123,0.10050901,0.079869956,0.0,0.079869956,0.019967489
48767,0.12578237,0.004423106,0.24714164,0.28134453,0.0,0.28134453,0.07033613
48769,0.54022354,0.005059618,1.0753875,0.9533898,0.0,0.9533898,0.23834746
48772,0.09890529,0.0045571714,0.1932534,0.21697086,0.0,0.21697086,0.054242715
48774,0.093803294,0.004007875,0.18359871,0.22552796,0.0,0.22552796,0.05638199
48777,0.041289136,0.0047770347,0.077801235,0.09938199,0.0,0.09938199,0.024845498
48780,0.40718177,0.004365169,0.80999833,0.90752417,0.0,0.90752417,0.22688104
48782,0.04985245,0.0045203236,0.09518457,0.12704593,0.0,0.12704593,0.031761482
48785,0.24921663,0.0045203785,0.4939129,0.57393056,0.0,0.57393056,0.14348264
48787,0.14999159,0.0039649648,0.2960182,0.24279432,0.0,0.24279432,0.06069858
48790,0.050626736,0.0044475845,0.09680589,0.12322108,0.0,0.12322108,0.03080527
48793,0.104922175,0.004726064,0.20511828,0.25411746,0.0,0.25411746,0.063529365
48795,0.29006314,0.004327852,0.57579845,0.50051665,0.0,0.50051665,0.12512916
48798,0.05841398,0.0048271175,0.11200083,0.086668216,0.0,0.086668216,0.021667054
48801,0.13921678,0.004222984,0.27421057,0.3031161,0.0,0.3031161,0.07577903
48803,0.86829287,0.0047287475,1.731857,1.578441,0.0,1.578441,0.39461026
48806,0.24861993,0.00486559,0.49237427,0.5776152,0.0,0.5776152,0.1444038
48808,0.20259745,0.0049967044,0.40019822,0.4730657,0.0,0.4730657,0.118266426
48811,0.039928686,0.0055520297,0.07430535,0.054206114,0.0,0.054206114,0.013551529
48814,0.35207286,0.0061652013,0.6979806,0.80897635,0.0,0.80897635,0.20224409
48816,0.07254695,0.0063163526,0.13877754,0.116564214,0.0,0.116564214,0.029141054
48819,0.43596122,0.006902276,0.8650201,0.7335248,0.0,0.7335248,0.1833812
48821,0.4498717,0.007910591,0.8918328,0.75016993,0.0,0.75016993,0.18754248
48824,0.3316085,0.008550927,0.6546661,0.5298741,0.0,0.5298741,0.13246852
48827,0.16543196,0.009013792,0.32185015,0.42242837,0.0,0.42242837,0.10560709
48829,0.3353146,0.008854814,0.66177434,0.5282443,0.0,0.5282443,0.13206108
48832,0.03541114,0.009541995,0.06128029,0.07201196,0.0,0.07201196,0.01800299
48834,0.042035934,0.010478683,0.07359318,0.051334288,0.0,0.051334288,0.012833572
48837,0.257716,0.01034375,0.50508827,0.64131033,0.0,0.64131033,0.16032758
48840,0.33396712,0.0107346475,0.65719956,0.5142557,0.0,0.5142557,0.12856393
48842,0.6084109,0.011235368,1.2055864,1.4209032,0.0,1.4209032,0.3552258
48845,0.38964522,0.011100214,0.7681902,0.6100402,0.0,0.6100402,0.15251005
48848,0.65293443,0.0120844245,1.2937845,1.0837071,0.0,1.0837071,0.27092677
48850,0.20871079,0.01188865,0.40553293,0.29936373,0.0,0.29936373,0.07484093
48853,0.21475525,0.01213713,0.4173734,0.5576663,0.0,0.5576663,0.13941658
48855,0.23552878,0.012646765,0.45841083,0.33894828,0.0,0.33894828,0.08473707
48858,0.11763214,0.013015243,0.22224903,0.14787126,0.0,0.14787126,0.036967814
48861,0.11642892,0.013221952,0.21963589,0.14771713,0.0,0.14771713,0.036929283
48863,0.047614183,0.012941062,0.082287304,0.112652995,0.0,0.112652995,0.028163249
48866,1.0181086,0.013049942,2.0231674,1.7287197,0.0,1.7287197,0.43217993
48868,0.5251531,0.013754133,1.0365521,1.2694803,0.0,1.2694803,0.3173701
48871,0.35588655,0.013666458,0.6981066,0.5414799,0.0,0.5414799,0.13536997
48874,0.034813248,0.014551871,0.05507462,0.07739159,0.0,0.07739159,0.019347897
48876,0.07000601,0.014401935,0.1256101,0.1572682,0.0,0.1572682,0.03931705
48879,0.09268376,0.015624858,0.16974266,0.10544632,0.0,0.10544632,0.02636158
48881,0.1662781,0.014984262,0.3175719,0.42438808,0.0,0.42438808,0.10609702
48884,0.61717707,0.015558127,1.2187959,0.991906,0.0,0.991906,0.2479765
48887,0.12339795,0.015767803,0.23102808,0.15234639,0.0,0.15234639,0.038086597
48889,0.34916493,0.015508552,0.6828213,0.88544995,0.0,0.88544995,0.22136249
48892,0.24142712,0.016719861,0.4661344,0.33386555,0.0,0.33386555,0.08346639
48895,0.36672905,0.016144292,0.7173138,0.5415217,0.0,0.5415217,0.13538043
48897,0.12411702,0.01637653,0.2318575,0.33951226,0.0,0.33951226,0.084878065
48900,0.12779416,0.016685002,0.23890333,0.33072433,0.0,0.33072433,0.08268108
48902,0.40935436,0.016365623,0.80234313,0.621645,0.0,0.621645,0.15541124
48905,0.03615449,0.017192392,0.055116583,0.025270926,0.0,0.025270926,0.0063177315
48908,0.04810372,0.017551418,0.078656025,0.09702877,0.0,0.09702877,0.024257192
48910,0.56983906,0.01791717,1.121761,1.3813325,0.0,1.3813325,0.34533313
48913,0.062418107,0.018427895,0.10640832,0.13251126,0.0,0.13251126,0.033127815
48915,0.69794947,0.018752629,1.3771464,1.6766578,0.0,1.6766578,0.41916445
48918,0.1036975,0.019227535,0.18816747,0.30288506,0.0,0.30288506,0.075721264
48921,0.059325382,0.019703655,0.09894711,0.18521293,0.0,0.18521293,0.04630323
48923,0.6700242,0.019371882,1.3206767,1.0579196,0.0,1.0579196,0.2644799
48926,0.086965956,0.019921474,0.15401044,0.24836706,0.0,0.24836706,0.062091764
48928,1.1300243,0.019521834,2.240527,1.8727013,0.0,1.8727013,0.46817532
48931,0.52076215,0.019534739,1.0219895,1.2939534,0.0,1.2939534,0.32348835
48934,0.18646032,0.019799804,0.35312083,0.5213609,0.0,0.5213609,0.13034022
48936,0.3533622,0.020039296,0.6866851,0.9191225,0.0,0.9191225,0.22978063
48939,0.087819576,0.02089867,0.15474047,0.26762733,0.0,0.26762733,0.06690683
48942,0.35492718,0.020780483,0.68907386,0.4986876,0.0,0.4986876,0.1246719
48944,0.1603599,0.02047845,0.30024135,0.19864953,0.0,0.19864953,0.04966238
48947,0.2243879,0.020582872,0.42819294,0.2962385,0.0,0.2962385,0.07405963
48949,0.027936658,0.020415423,0.03545789,0.0368603,0.0,0.0368603,0.009215075
48952,0.2150829,0.020489587,0.40967622,0.2668004,0.0,0.2668004,0.0667001
48955,0.6445094,0.020144632,1.2688742,1.0123254,0.0,1.0123254,0.25308135
48957,0.22179432,0.02036394,0.42322472,0.28939086,0.0,0.28939086,0.072347715
48960,0.1486159,0.019174486,0.2780573,0.3843508,0.0,0.3843508,0.0960877
48962,0.04859327,0.018750664,0.07843588,0.09135964,0.0,0.09135964,0.02283991
48965,0.058730368,0.017615689,0.09984505,0.14793335,0.0,0.14793335,0.036983337
48968,0.020845661,0.017342012,0.024349311,0.023412311,0.0,0.023412311,0.005853078
48970,0.2487144,0.017135365,0.48029342,0.6250982,0.0,0.6250982,0.15627456
48973,0.11931246,0.016420826,0.22220409,0.29932845,0.0,0.29932845,0.07483211
48975,0.5212968,0.01661178,1.0259818,0.86517495,0.0,0.86517495,0.21629374
48978,0.11133248,0.014393609,0.20827137,0.25805822,0.0,0.25805822,0.064514555
48981,0.45866826,0.014147487,0.903189,0.71874636,0.0,0.71874636,0.17968659
48983,0.48954913,0.013385502,0.9657127,0.84084636,0.0,0.84084636,0.21021159
48986,0.1503698,0.012672287,0.2880673,0.22487043,0.0,0.22487043,0.056217607
48989,0.053371895,0.0124016,0.094342194,0.1411113,0.0,0.1411113,0.035277825
48991,0.45081124,0.012052973,0.88956946,1.0109128,0.0,1.0109128,0.2527282
48994,0.16850571,0.011429713,0.3255817,0.26865253,0.0,0.26865253,0.06716313
48996,0.19162565,0.011398477,0.37185284,0.40893945,0.0,0.40893945,0.10223486
48999,0.5017794,0.009735286,0.9938235,0.88202816,0.0,0.88202816,0.22050704
49002,0.20724876,0.00954108,0.40495646,0.48015848,0.0,0.48015848,0.12003962
49004,0.14352815,0.00861494,0.27844134,0.21219476,0.0,0.21219476,0.05304869
49007,0.2673377,0.007954999,0.52672046,0.469215,0.0,0.469215,0.11730375
49009,0.03827622,0.007965727,0.068586715,0.07898694,0.0,0.07898694,0.019746736
49012,0.25471196,0.0073359744,0.5020879,0.5371513,0.0,0.5371513,0.13428782
49015,0.057687744,0.0070145484,0.10836094,0.08649299,0.0,0.08649299,0.021623248
49017,0.3816949,0.0066745686,0.75671524,0.82448083,0.0,0.82448083,0.20612021
49020,0.28613022,0.006249128,0.56601137,0.5180848,0.0,0.5180848,0.1295212
49023,0.42073157,0.0050606616,0.8364025,0.776732,0.0,0.776732,0.194183
49025,0.079822466,0.004994621,0.15465032,0.12108904,0.0,0.12108904,0.03027226
49028,0.0261148,0.0043203435,0.047909256,0.05465411,0.0,0.05465411,0.013663528
49030,0.0364742,0.0041870945,0.06876131,0.085543744,0.0,0.085543744,0.021385936
49033,0.02604173,0.0035579484,0.04852551,0.057280462,0.0,0.057280462,0.014320116
49036,0.043584093,0.003331573,0.083836615,0.061222475,0.0,0.061222475,0.015305619
49038,0.6507037,0.0030801855,1.2983273,1.2496004,0.0,1.2496004,0.3124001
49041,0.6408422,0.002656502,1.2790278,1.3433009,0.0,1.3433009,0.33582523
49043,0.16473292,0.0024688586,0.32699698,0.3276582,0.0,0.3276582,0.08191455
49046,0.06664955,0.0023368837,0.13096222,0.12726913,0.0,0.12726913,0.031817283
49049,0.09898936,0.0021894262,0.19578929,0.22095986,0.0,0.22095986,0.055239964
49051,0.29713753,0.0021961161,0.5920789,0.5624807,0.0,0.5624807,0.14062017
49054,0.15523627,0.0022617837,0.30821076,0.30420732,0.0,0.30420732,0.07605183
49056,0.2394257,0.0018496442,0.47700176,0.4826186,0.0,0.4826186,0.12065465
49059,0.07882618,0.00198349,0.15566887,0.1514498,0.0,0.1514498,0.03786245
49062,0.054411653,0.0020744742,0.10674884,0.10617158,0.0,0.10617158,0.026542895
49064,0.052651223,0.0019283626,0.10337409,0.09685429,0.0,0.09685429,0.024213573
49067,0.709466,0.0017888458,1.4171432,1.4182372,0.0,1.4182372,0.3545593
49070,0.03785708,0.0016977208,0.074016444,0.07382763,0.0,0.07382763,0.018456908
49072,0.2293695,0.0016901776,0.4570488,0.45847926,0.0,0.45847926,0.114619814
49075,0.3120095,0.0017657811,0.62225324,0.61981434,0.0,0.61981434,0.15495358
49077,0.022371644,0.0019631728,0.042780116,0.043656122,0.0,0.043656122,0.0109140305
49080,0.040460184,0.0019196802,0.07900069,0.078869276,0.0,0.078869276,0.019717319
49083,0.03270439,0.0021774045,0.06323138,0.057580937,0.0,0.057580937,0.014395234
49085,0.24988194,0.0020853365,0.49767855,0.49503255,0.0,0.49503255,0.12375814
49088,0.01791428,0.0020171155,0.033811446,0.029232442,0.0,0.029232442,0.0073081106
49090,0.5876309,0.0019318553,1.1733301,1.1706723,0.0,1.1706723,0.29266807
49093,0.2283914,0.0020731986,0.45470956,0.44436362,0.0,0.44436362,0.111090906
49096,0.43809494,0.0019780647,0.8742118,0.88147384,0.0,0.88147384,0.22036846
49098,0.43432578,0.0020616462,0.86658984,0.85524267,0.0,0.85524267,0.21381067
49101,0.0461413,0.0021257128,0.09015689,0.081747286,0.0,0.081747286,0.020436822
49103,0.59140307,0.0022292868,1.1805769,1.2037934,0.0,1.2037934,0.30094835
49106,0.02807079,0.0023130027,0.05382858,0.053078245,0.0,0.053078245,0.013269561
49109,0.028361948,0.0023877437,0.054336157,0.05160633,0.0,0.05160633,0.012901583
49111,0.4685152,0.0024966064,0.9345338,0.97459745,0.0,0.97459745,0.24364936
49114,0.36660996,0.0026749251,0.73054504,0.7715761,0.0,0.7715761,0.19289403
49117,0.023222087,0.003011668,0.043432504,0.040637042,0.0,0.040637042,0.010159261
49119,0.034351956,0.003072638,0.06563127,0.06727031,0.0,0.06727031,0.016817577
49122,0.32575473,0.0030642536,0.6484452,0.5931587,0.0,0.5931587,0.14828968
49124,0.31809756,0.0032189947,0.6329761,0.57391924,0.0,0.57391924,0.14347981
49127,0.064086884,0.0031160433,0.12505773,0.13677098,0.0,0.13677098,0.034192745
49130,0.4517993,0.0031377308,0.9004609,0.9855523,0.0,0.9855523,0.24638808
49132,0.69391537,0.0030393656,1.3847914,1.4788831,0.0,1.4788831,0.3697208
49135,0.56722414,0.0030864335,1.1313618,1.2293653,0.0,1.2293653,0.30734134
49137,0.033161912,0.002999644,0.06332418,0.055923264,0.0,0.055923264,0.013980816
49140,0.028716661,0.003175135,0.054258186,0.047651574,0.0,0.047651574,0.0119128935
49143,0.18941484,0.0032702175,0.37555945,0.32207736,0.0,0.32207736,0.08051934
49145,0.8451553,0.003444978,1.6868657,1.8049692,0.0,1.8049692,0.4512423
49148,0.5072835,0.003506162,1.0110608,0.90861386,0.0,0.90861386,0.22715347
49150,0.24186707,0.0037210502,0.4800131,0.41216263,0.0,0.41216263,0.10304066
49153,0.010305433,0.0040061283,0.016604736,0.021858633,0.0,0.021858633,0.005464658
49156,0.1072743,0.004512981,0.21003562,0.16434647,0.0,0.16434647,0.041086618
49158,0.020403301,0.004312536,0.036494065,0.044532906,0.0,0.044532906,0.011133227
49161,0.042058628,0.004845084,0.07927217,0.09348843,0.0,0.09348843,0.023372108
49164,0.13864481,0.0053625074,0.27192712,0.33226392,0.0,0.33226392,0.08306598
49166,0.036755327,0.005554126,0.06795653,0.05107482,0.0,0.05107482,0.012768705
49169,0.2083872,0.0060931663,0.41068122,0.33668196,0.0,0.33668196,0.08417049
49171,0.31981975,0.0061570928,0.6334824,0.52894,0.0,0.52894,0.132235
49174,0.17857148,0.006912114,0.35023084,0.44162408,0.0,0.44162408,0.11040602
49177,0.3851178,0.007350367,0.7628853,0.63461906,0.0,0.63461906,0.15865476
49179,0.07212331,0.00783663,0.13641,0.16672432,0.0,0.16672432,0.04168108
49182,0.4845452,0.008854185,0.96023625,0.80949956,0.0,0.80949956,0.20237489
49184,0.096373804,0.00955443,0.18319319,0.2622898,0.0,0.2622898,0.06557245
49187,0.09263643,0.010597316,0.17467554,0.10719717,0.0,0.10719717,0.026799293
49190,0.11194068,0.011637603,0.21224375,0.13075905,0.0,0.13075905,0.03268976
49192,0.026242442,0.012461255,0.04002363,0.034890953,0.0,0.034890953,0.008722738
49195,0.082563706,0.012974118,0.1521533,0.105475664,0.0,0.105475664,0.026368916
49197,0.029586315,0.0136823915,0.04549024,0.053607907,0.0,0.053607907,0.013401977
49200,0.055251982,0.014776799,0.09572717,0.054621477,0.0,0.054621477,0.013655369
49203,0.12590513,0.016269967,0.23554029,0.3520325,0.0,0.3520325,0.08800813
49205,0.123189054,0.016663399,0.2297147,0.24922623,0.0,0.24922623,0.062306557
49208,0.09359831,0.017678358,0.16951828,0.11924363,0.0,0.11924363,0.029810907
49211,0.0462244,0.018039115,0.074409686,0.08081338,0.0,0.08081338,0.020203345
49213,0.8058343,0.018176565,1.593492,1.8952526,0.0,1.8952526,0.47381315
49216,0.34486628,0.018136684,0.6715959,0.47841525,0.0,0.47841525,0.11960381
49218,0.18264516,0.018421883,0.34686843,0.5182583,0.0,0.5182583,0.12956457
49221,0.46010956,0.019177092,0.901042,1.1577803,0.0,1.1577803,0.28944507
49224,0.15694013,0.019989097,0.29389116,0.17006828,0.0,0.17006828,0.04251707
49226,0.057122946,0.019399842,0.09484605,0.16393556,0.0,0.16393556,0.04098389
49229,0.18120116,0.019065939,0.34333637,0.2183487,0.0,0.2183487,0.054587174
49231,0.13450016,0.019202888,0.24979742,0.3892441,0.0,0.3892441,0.09731103
49234,0.41827333,0.019713191,0.8168335,0.6100783,0.0,0.6100783,0.15251957
49237,0.6414235,0.01967451,1.2631725,0.98114467,0.0,0.98114467,0.24528617
49239,0.023308283,0.020557536,0.026059026,0.041760597,0.0,0.041760597,0.010440149
49242,0.33859172,0.01986775,0.65731573,0.46161854,0.0,0.46161854,0.115404636
49244,0.19188917,0.020552335,0.36322603,0.521903,0.0,0.521903,0.13047574
49247,0.11505443,0.02127122,0.20883763,0.12231746,0.0,0.12231746,0.030579366
49250,0.3076221,0.021095678,0.5941485,0.82055575,0.0,0.82055575,0.20513894
49252,0.978039,0.021048449,1.9350296,1.5674895,0.0,1.5674895,0.39187238
49255,0.1382575,0.021702856,0.25481215,0.39161158,0.0,0.39161158,0.097902894
49258,0.059839267,0.02117511,0.09850343,0.06344817,0.0,0.06344817,0.015862042
49260,0.25592712,0.02069586,0.4911584,0.6936827,0.0,0.6936827,0.17342067
49263,0.06450838,0.020524323,0.108492434,0.05603881,0.0,0.05603881,0.014009703
49265,0.16779192,0.020365292,0.31521857,0.47874823,0.0,0.47874823,0.11968706
49268,0.11222461,0.020457206,0.20399201,0.12577082,0.0,0.12577082,0.031442706
49271,0.026237907,0.019780587,0.03269523,0.03803785,0.0,0.03803785,0.009509463
49273,0.19452842,0.019713491,0.36934337,0.51250154,0.0,0.51250154,0.12812538
49276,0.40462756,0.019643532,0.7896116,0.5789703,0.0,0.5789703,0.14474258
49278,0.277238,0.01946812,0.5350079,0.7122496,0.0,0.7122496,0.1780624
49281,0.15528043,0.018898832,0.29166204,0.18177156,0.0,0.18177156,0.04544289
49284,0.10780564,0.018974196,0.19663708,0.11988425,0.0,0.11988425,0.029971063
49286,0.11615148,0.019391468,0.21291149,0.30817476,0.0,0.30817476,0.07704369
49289,0.26980224,0.019634567,0.51996994,0.6903786,0.0,0.6903786,0.17259465
49291,0.31762555,0.019454593,0.6157965,0.4750298,0.0,0.4750298,0.11875745
49294,0.04964641,0.019260326,0.0800325,0.036277663,0.0,0.036277663,0.009069416
49297,0.11855928,0.018074505,0.21904404,0.13762261,0.0,0.13762261,0.034405652
49299,0.29334345,0.017244799,0.5694421,0.4401714,0.0,0.4401714,0.11004285
49302,0.13538206,0.017629772,0.25313434,0.16923435,0.0,0.16923435,0.042308588
49305,0.38722587,0.01711307,0.7573387,0.5921407,0.0,0.5921407,0.14803517
49307,0.079133816,0.017897926,0.1403697,0.20243932,0.0,0.20243932,0.05060983
49310,0.081651196,0.018440166,0.14486222,0.18745197,0.0,0.18745197,0.046862993
49312,0.42946526,0.017635865,0.8412946,0.64696777,0.0,0.64696777,0.16174194
49315,0.019102259,0.017180597,0.02102392,0.01909445,0.0,0.01909445,0.0047736126
49318,0.048735645,0.01607728,0.08139401,0.041978266,0.0,0.041978266,0.0104945665
49320,0.31782442,0.015655562,0.61999327,0.49275157,0.0,0.49275157,0.12318789
49323,0.081924565,0.01586627,0.14798285,0.20820999,0.0,0.20820999,0.052052498
49325,0.12617019,0.014540608,0.23779976,0.16608597,0.0,0.16608597,0.041521493
49328,0.09253646,0.0129484525,0.17212446,0.11122089,0.0,0.11122089,0.027805222
49331,0.07054766,0.011952315,0.129143,0.07283598,0.0,0.07283598,0.018208995
49333,0.42341647,0.0113444105,0.8354885,0.70325357,0.0,0.70325357,0.17581339
49336,0.5961851,0.010692953,1.1816772,1.0448939,0.0,1.0448939,0.26122347
49338,0.11960479,0.010298254,0.22891133,0.18030007,0.0,0.18030007,0.045075018
49341,0.054999143,0.008662261,0.101336025,0.121276475,0.0,0.121276475,0.030319119
49344,0.69227546,0.007861702,1.3766891,1.5224241,0.0,1.5224241,0.38060603
49346,0.034923512,0.007283255,0.06256377,0.06997258,0.0,0.06997258,0.017493146
49349,0.19282974,0.006823586,0.37883592,0.3105425,0.0,0.3105425,0.07763562
49352,0.041074473,0.006213861,0.07593509,0.08943868,0.0,0.08943868,0.02235967
49354,0.06552818,0.0061087464,0.1249476,0.15402602,0.0,0.15402602,0.038506504
49357,0.066581614,0.00554225,0.12762098,0.14732407,0.0,0.14732407,0.036831018
49359,0.030264184,0.0050912867,0.055437084,0.07112845,0.0,0.07112845,0.017782113
49362,0.8770397,0.004542127,1.7495371,1.8909861,0.0,1.8909861,0.47274652
49365,0.102004796,0.0044833687,0.19952624,0.23792247,0.0,0.23792247,0.05948062
49367,0.10092974,0.0044578244,0.19740164,0.23799591,0.0,0.23799591,0.059498977
49370,0.14389694,0.0044134543,0.28338042,0.23761512,0.0,0.23761512,0.05940378
49372,0.51718956,0.0041066026,1.0302726,1.1065985,0.0,1.1065985,0.27664962
49375,0.54373884,0.004624085,1.0828537,1.169074,0.0,1.169074,0.2922685
49378,0.041219775,0.0045541446,0.07788541,0.061474312,0.0,0.061474312,0.015368578
49380,0.06514815,0.0047534085,0.1255429,0.10529772,0.0,0.10529772,0.02632443
49383,0.23117669,0.004514645,0.45783874,0.39747524,0.0,0.39747524,0.09936881
49385,0.46866632,0.004412665,0.93292,1.0330392,0.0,1.0330392,0.2582598
49388,0.6302493,0.0044391863,1.2560595,1.153089,0.0,1.153089,0.28827226
49391,0.6186345,0.0046761543,1.2325929,1.3547627,0.0,1.3547627,0.33869067
49393,0.87935215,0.004667171,1.7540373,1.6093563,0.0,1.6093563,0.40233907
49396,0.029326295,0.004765721,0.05388687,0.04159045,0.0,0.04159045,0.010397612
49399,0.24465628,0.004886502,0.48442605,0.41560504,0.0,0.41560504,0.10390126
49401,0.10627995,0.004763165,0.20779674,0.24498852,0.0,0.24498852,0.06124713
49404,0.606018,0.005056049,1.2069799,1.3304194,0.0,1.3304194,0.33260486
49406,0.19970512,0.00502619,0.39438406,0.46419773,0.0,0.46419773,0.11604943
49409,0.100031435,0.004865479,0.19519739,0.24320419,0.0,0.24320419,0.060801048
49412,0.13737206,0.0050424277,0.2697017,0.23353188,0.0,0.23353188,0.05838297
49414,0.01918583,0.0049431617,0.033428498,0.033412486,0.0,0.033412486,0.008353122
49417,0.1986875,0.005098921,0.39227605,0.32411692,0.0,0.32411692,0.08102923
49419,0.19985186,0.0049677803,0.39473593,0.32755962,0.0,0.32755962,0.081889905
49422,0.3953246,0.0048369733,0.7858122,0.8745761,0.0,0.8745761,0.21864402
49425,0.033851925,0.0047362256,0.06296762,0.052456837,0.0,0.052456837,0.013114209
49427,0.058305543,0.004813792,0.111797296,0.08557036,0.0,0.08557036,0.02139259
49430,0.18343055,0.004926134,0.361935,0.42020965,0.0,0.42020965,0.10505241
49432,0.58900994,0.004915479,1.1731044,1.072101,0.0,1.072101,0.26802525
49435,0.1239106,0.0049946145,0.24282658,0.20147891,0.0,0.20147891,0.05036973
49438,0.3592105,0.0051395623,0.7132814,0.61793154,0.0,0.61793154,0.15448289
49440,0.1132938,0.0052984185,0.22128917,0.2609333,0.0,0.2609333,0.06523333
49443,0.12639724,0.0054086354,0.24738584,0.28988308,0.0,0.28988308,0.07247077
49446,0.6507622,0.0055477917,1.2959766,1.1771952,0.0,1.1771952,0.2942988
49448,0.055666763,0.005800242,0.10553328,0.07609927,0.0,0.07609927,0.019024817
49451,0.023527406,0.0060985344,0.040956277,0.049529333,0.0,0.049529333,0.012382333
49453,0.28218505,0.006269574,0.5581005,0.475402,0.0,0.475402,0.1188505
49456,0.053283308,0.006367224,0.100199394,0.123090126,0.0,0.123090126,0.030772531
49459,0.32165834,0.00657819,0.6367385,0.5353403,0.0,0.5353403,0.13383508
49461,0.04827547,0.0067551085,0.08979583,0.067356646,0.0,0.067356646,0.016839162
49464,0.087820746,0.0072642937,0.1683772,0.1283564,0.0,0.1283564,0.0320891
49466,0.026209308,0.007620311,0.044798303,0.05601861,0.0,0.05601861,0.014004652
49469,0.14112382,0.0076520233,0.2745956,0.205743,0.0,0.205743,0.05143575
49472,0.13557176,0.0074644745,0.26367906,0.32704213,0.0,0.32704213,0.08176053
49474,0.08547791,0.0074873734,0.16346845,0.22420494,0.0,0.22420494,0.056051236
49477,0.41242388,0.007662413,0.8171854,0.94953537,0.0,0.94953537,0.23738384
49479,0.26559195,0.00795345,0.5232305,0.4186784,0.0,0.4186784,0.1046696
49482,0.23263927,0.008053412,0.4572251,0.56725144,0.0,0.56725144,0.14181286
49485,0.05619687,0.008223317,0.10417042,0.14920938,0.0,0.14920938,0.037302345
49487,0.047582727,0.008144947,0.08702051,0.063182235,0.0,0.063182235,0.015795559
49490,0.2919739,0.008278474,0.5756693,0.4671967,0.0,0.4671967,0.116799176
49493,0.05336784,0.008493814,0.098241866,0.10303422,0.0,0.10303422,0.025758555
49495,0.06672829,0.00852375,0.12493282,0.18520789,0.0,0.18520789,0.046301972
49498,1.0786375,0.008769784,2.148505,1.9015923,0.0,1.9015923,0.47539806
49500,0.32401505,0.008934184,0.63909596,0.78268003,0.0,0.78268003,0.19567001
49503,0.7714197,0.009375126,1.5334643,1.3196214,0.0,1.3196214,0.32990536
49506,0.09774586,0.009269387,0.18622231,0.21800403,0.0,0.21800403,0.05450101
49508,0.16964681,0.009581805,0.32971182,0.24083991,0.0,0.24083991,0.06020998
49511,0.13395463,0.009462276,0.25844696,0.342723,0.0,0.342723,0.08568075
49513,0.052049402,0.009857145,0.09424166,0.12540981,0.0,0.12540981,0.031352453
49516,0.07216289,0.009775972,0.1345498,0.20227925,0.0,0.20227925,0.050569814
49519,0.04767664,0.010104737,0.08524855,0.12362019,0.0,0.12362019,0.030905047
49521,0.29153645,0.010174573,0.5728983,0.4405162,0.0,0.4405162,0.11012905
49524,0.30713955,0.010264986,0.6040141,0.47480536,0.0,0.47480536,0.11870134
49527,0.35405555,0.010495626,0.69761544,0.56144816,0.0,0.56144816,0.14036204
49529,0.06370135,0.010370679,0.117032014,0.08049923,0.0,0.08049923,0.020124808
49532,0.09306067,0.010357179,0.17576416,0.24233977,0.0,0.24233977,0.060584944
49534,0.08711722,0.010226145,0.16400827,0.11091518,0.0,0.11091518,0.027728794
49537,0.8535456,0.010117347,1.6969738,1.4587959,0.0,1.4587959,0.36469898
49540,0.42855456,0.009972326,0.8471368,1.0179998,0.0,1.0179998,0.25449994
49542,0.78452295,0.009812358,1.5592335,1.342673,0.0,1.342673,0.33566824
49545,0.036808606,0.009518838,0.06409837,0.07273654,0.0,0.07273654,0.018184135
49547,0.13782884,0.00943524,0.26622245,0.2004463,0.0,0.2004463,0.050111573
49550,0.6703162,0.009415618,1.3312168,1.15863,0.0,1.15863,0.2896575
49553,0.096868716,0.00879907,0.18493836,0.13436559,0.0,0.13436559,0.033591397
49555,0.04224891,0.008780866,0.07571695,0.10706594,0.0,0.10706594,0.026766485
49558,0.74731344,0.008351998,1.4862748,1.3081719,0.0,1.3081719,0.32704297
49560,0.079422414,0.008318958,0.15052587,0.19968943,0.0,0.19968943,0.04992236
49563,0.21387057,0.00831003,0.4194311,0.3553389,0.0,0.3553389,0.088834725
49566,0.08820147,0.008241481,0.16816147,0.12656316,0.0,0.12656316,0.03164079
49568,0.19085085,0.007954022,0.37374768,0.4682012,0.0,0.4682012,0.1170503
49571,0.041534223,0.007993258,0.07507519,0.050857123,0.0,0.050857123,0.012714281
49574,0.37953892,0.0077176467,0.75136024,0.65527207,0.0,0.65527207,0.16381802
49576,0.06882479,0.00771527,0.12993431,0.17157769,0.0,0.17157769,0.042894423
49579,0.19189529,0.0073952354,0.37639534,0.3038167,0.0,0.3038167,0.07595418
49581,0.07076926,0.007373949,0.13416456,0.17716385,0.0,0.17716385,0.044290964
49584,0.09276727,0.0074647553,0.17806979,0.13241854,0.0,0.13241854,0.033104636
49587,0.16138956,0.007215526,0.3155636,0.25960746,0.0,0.25960746,0.064901866
49589,0.06858321,0.006975965,0.13019045,0.09417343,0.0,0.09417343,0.023543358
49592,0.21566196,0.00665699,0.4246669,0.35382423,0.0,0.35382423,0.08845606
49594,0.23130281,0.0066384827,0.45596716,0.52764165,0.0,0.52764165,0.13191041
49597,0.17255759,0.0066183642,0.3384968,0.39230788,0.0,0.39230788,0.09807697
49600,0.06432443,0.006470725,0.12217814,0.08591956,0.0,0.08591956,0.02147989
49602,0.25105673,0.0062907175,0.49582276,0.4178525,0.0,0.4178525,0.10446312
49605,0.06986471,0.0061582304,0.1335712,0.16660032,0.0,0.16660032,0.04165008
49607,0.036817912,0.006120646,0.06751518,0.047659386,0.0,0.047659386,0.0119148465
49610,0.070332095,0.005937507,0.13472669,0.10006428,0.0,0.10006428,0.02501607
49613,0.06170134,0.0056012035,0.117801465,0.14651336,0.0,0.14651336,0.03662834
49615,0.042317558,0.005392684,0.07924244,0.061627228,0.0,0.061627228,0.015406807
49618,0.59048766,0.005199952,1.1757754,1.0649786,0.0,1.0649786,0.26624465
49621,0.1246336,0.0052082115,0.24405898,0.1955216,0.0,0.1955216,0.0488804
49623,0.024325019,0.0050074314,0.043642607,0.029001318,0.0,0.029001318,0.0072503295
49626,0.034465786,0.0048574884,0.06407408,0.08315587,0.0,0.08315587,0.020788968
49628,0.3743994,0.0047890963,0.7440097,0.64338964,0.0,0.64338964,0.16084741
49631,0.58575314,0.004766452,1.1667398,1.2863595,0.0,1.2863595,0.3215899
49634,0.48672628,0.004336859,0.96911573,0.8589034,0.0,0.8589034,0.21472585
49636,0.16526568,0.0042954176,0.32623595,0.3857906,0.0,0.3857906,0.09644765
49639,0.46915388,0.0040852465,0.9342225,1.0399786,0.0,1.0399786,0.25999466
49641,0.07170856,0.004191344,0.13922578,0.17123102,0.0,0.17123102,0.042807754
49644,0.51456565,0.003998053,1.0251333,1.1333193,0.0,1.1333193,0.2833298
49647,0.23582785,0.0038102523,0.46784544,0.5413862,0.0,0.5413862,0.13534655
49649,0.64121485,0.00378321,1.2786465,1.3795439,0.0,1.3795439,0.34488598
49652,0.080993734,0.0037261767,0.1582613,0.12350085,0.0,0.12350085,0.030875212
49654,0.21252722,0.0037178379,0.42133662,0.48807287,0.0,0.48807287,0.12201822
49657,0.07389873,0.0036619548,0.14413552,0.16338076,0.0,0.16338076,0.04084519
49660,0.14552249,0.0035774761,0.2874675,0.25370765,0.0,0.25370765,0.06342691
49662,0.83048445,0.0035073448,1.6574616,1.7792062,0.0,1.7792062,0.44480154
49665,0.5339251,0.003459878,1.0643904,0.969876,0.0,0.969876,0.242469
49668,0.03311965,0.0033194416,0.062919855,0.07961266,0.0,0.07961266,0.019903164
49670,0.34479347,0.0032601573,0.6863268,0.62770814,0.0,0.62770814,0.15692703
49673,0.034389127,0.0032130533,0.065565206,0.07201224,0.0,0.07201224,0.01800306
49675,0.12488383,0.0031167623,0.24665089,0.22164007,0.0,0.22164007,0.055410016
49678,0.17148711,0.002983531,0.3399907,0.36669612,0.0,0.36669612,0.09167403
49681,0.60838825,0.0028013277,1.2139751,1.295781,0.0,1.295781,0.32394525
49683,0.8181066,0.0028061802,1.633407,1.5432863,0.0,1.5432863,0.38582158
49686,0.064653896,0.0027934865,0.1265143,0.10643691,0.0,0.10643691,0.026609227
49688,0.041814398,0.0027035978,0.08092519,0.067016445,0.0,0.067016445,0.016754111
49691,0.21669155,0.0026730641,0.43071005,0.38726124,0.0,0.38726124,0.09681531
49694,0.05851799,0.0026258498,0.114410125,0.12958005,0.0,0.12958005,0.032395013
49696,0.05655478,0.0026210956,0.11048847,0.12313128,0.0,0.12313128,0.03078282
49699,0.21650016,0.0026161699,0.43038416,0.38558388,0.0,0.38558388,0.09639597
49701,0.28453794,0.0025982363,0.5664776,0.621182,0.0,0.621182,0.1552955
49704,0.05003647,0.0025524516,0.09752049,0.081962176,0.0,0.081962176,0.020490544
49707,0.38916948,0.0025818117,0.77575713,0.71480685,0.0,0.71480685,0.17870171
49709,0.22962527,0.0026147107,0.45663583,0.50442857,0.0,0.50442857,0.12610714
49712,0.046749175,0.0026056524,0.090892695,0.07703545,0.0,0.07703545,0.019258862
49715,0.15964703,0.0024363475,0.31685773,0.28331736,0.0,0.28331736,0.07082934
49717,0.31279725,0.0023695817,0.6232249,0.56905,0.0,0.56905,0.1422625
49720,0.16167618,0.0023543413,0.32099804,0.36139742,0.0,0.36139742,0.090349354
49722,0.14108117,0.0025181924,0.27964413,0.24717605,0.0,0.24717605,0.061794013
49725,0.042261858,0.0025623024,0.081961416,0.09582379,0.0,0.09582379,0.023955947
49728,0.14665861,0.0027226247,0.2905946,0.32659107,0.0,0.32659107,0.08164777
49730,0.42389464,0.0027378064,0.84505147,0.778155,0.0,0.778155,0.19453876
49733,0.41481784,0.0028237086,0.826812,0.7616086,0.0,0.7616086,0.19040215
49735,0.09680501,0.002895028,0.190715,0.22543484,0.0,0.22543484,0.05635871
49738,0.52309096,0.0029344128,1.0432476,1.1402917,0.0,1.1402917,0.28507292
49741,0.009251439,0.0030284289,0.015474449,0.016724536,0.0,0.016724536,0.004181134
49743,0.08975042,0.0030828083,0.17641802,0.14258306,0.0,0.14258306,0.035645764
49746,0.074687764,0.0031433546,0.14623217,0.11984224,0.0,0.11984224,0.02996056
49748,0.1542529,0.0031863216,0.30531946,0.25924745,0.0,0.25924745,0.06481186
49751,0.17469203,0.0032003883,0.3461837,0.301573,0.0,0.301573,0.07539325
49754,0.35508165,0.0032091483,0.7069542,0.62566704,0.0,0.62566704,0.15641676
49756,0.29835084,0.0032132391,0.59348845,0.52170926,0.0,0.52170926,0.13042732
49759,0.3019928,0.0032259303,0.6007597,0.5278712,0.0,0.5278712,0.1319678
49762,0.6037835,0.0032397632,1.2043272,1.1076065,0.0,1.1076065,0.27690163
49764,0.044045273,0.0032301387,0.084860414,0.06471926,0.0,0.06471926,0.016179815
49767,0.2468896,0.003269308,0.4905099,0.56033635,0.0,0.56033635,0.14008409
49769,0.21262808,0.0033424136,0.42191374,0.48696733,0.0,0.48696733,0.12174183
49772,0.43646932,0.0034750097,0.8694636,0.96151495,0.0,0.96151495,0.24037874
49775,0.059393954,0.0035417087,0.1152462,0.101774275,0.0,0.101774275,0.025443569
49777,0.19491695,0.0037363463,0.38609755,0.45412123,0.0,0.45412123,0.11353031
49780,0.3123347,0.003952077,0.6207173,0.53618544,0.0,0.53618544,0.13404636
49782,0.10248696,0.003959782,0.20101415,0.2538089,0.0,0.2538089,0.06345222
49785,0.14345185,0.004091563,0.28281215,0.3428754,0.0,0.3428754,0.08571885
49788,0.6319384,0.004162586,1.2597142,1.1327847,0.0,1.1327847,0.28319618
49790,0.84817654,0.0042784587,1.6920747,1.5428257,0.0,1.5428257,0.38570642
49793,0.013423844,0.0045246133,0.022323074,0.026812375,0.0,0.026812375,0.0067030936
49795,0.27150774,0.004577246,0.53843826,0.4501394,0.0,0.4501394,0.11253485
49798,0.33867368,0.0048713293,0.672476,0.77091026,0.0,0.77091026,0.19272757
49801,0.5992216,0.0050952137,1.1933479,1.0514189,0.0,1.0514189,0.26285473
49803,0.041802958,0.0053265304,0.07827938,0.095791005,0.0,0.095791005,0.023947751
49806,0.045730356,0.0056996425,0.08576107,0.07211805,0.0,0.07211805,0.018029513
49809,0.024557633,0.005888369,0.043226898,0.031365294,0.0,0.031365294,0.0078413235
49811,0.6139489,0.0060537704,1.221844,1.0668893,0.0,1.0668893,0.26672232
49814,0.055377513,0.0063939504,0.10436108,0.083078265,0.0,0.083078265,0.020769566
49816,0.19269788,0.0065946486,0.3788011,0.2954173,0.0,0.2954173,0.07385433
49819,0.16993512,0.0070526986,0.33281758,0.25776523,0.0,0.25776523,0.06444131
49822,0.14754637,0.0073276623,0.2877651,0.35711145,0.0,0.35711145,0.08927786
49824,0.47686565,0.007487522,0.94624376,0.8011306,0.0,0.8011306,0.20028265
49827,0.19205946,0.007801262,0.37631765,0.28798506,0.0,0.28798506,0.071996264
49829,0.06632321,0.007803933,0.124842495,0.17388533,0.0,0.17388533,0.043471333
49832,0.41665053,0.007941862,0.82535917,0.6804797,0.0,0.6804797,0.17011993
49835,0.025593704,0.008321761,0.042865645,0.041869372,0.0,0.041869372,0.010467343
49837,0.0574908,0.008200753,0.10678085,0.07968859,0.0,0.07968859,0.019922147
49840,0.076914944,0.0082912445,0.14553864,0.17987378,0.0,0.17987378,0.044968445
49842,0.1615368,0.008362516,0.31471106,0.40199813,0.0,0.40199813,0.10049953
49845,0.054116342,0.008531225,0.099701464,0.11596197,0.0,0.11596197,0.028990492
49848,0.19695945,0.008652547,0.3852664,0.47976208,0.0,0.47976208,0.11994052
49850,0.14872025,0.008506562,0.28893393,0.35953608,0.0,0.35953608,0.08988402
49853,0.41416988,0.008562711,0.819777,0.9672294,0.0,0.9672294,0.24180736
49856,0.14617719,0.008622863,0.2837315,0.2042452,0.0,0.2042452,0.0510613
49858,0.045644958,0.008557198,0.082732715,0.11674398,0.0,0.11674398,0.029185995
49861,0.6955635,0.008483983,1.3826429,1.5929909,0.0,1.5929909,0.39824772
49863,0.029998178,0.0085364105,0.05145995,0.07780347,0.0,0.07780347,0.019450868
49866,0.11028183,0.008524203,0.21203947,0.27104345,0.0,0.27104345,0.06776086
49869,0.04037433,0.00871321,0.072035454,0.10760263,0.0,0.10760263,0.026900658
49871,0.30625364,0.008754551,0.6037527,0.48919502,0.0,0.48919502,0.122298755
49874,0.13551076,0.008706396,0.26231512,0.18935652,0.0,0.18935652,0.04733913
49876,0.034246,0.008637083,0.059854925,0.09018344,0.0,0.09018344,0.02254586
49879,0.074505515,0.008823243,0.14018779,0.09507567,0.0,0.09507567,0.023768917
49882,0.6492296,0.008616421,1.2898427,1.4899086,0.0,1.4899086,0.37247714
49884,0.17416131,0.008683054,0.33963957,0.4252715,0.0,0.4252715,0.10631788
49887,0.03901308,0.008817642,0.06920852,0.050264295,0.0,0.050264295,0.012566074
49889,0.033104733,0.008817167,0.0573923,0.0709657,0.0,0.0709657,0.017741425
49892,0.68477887,0.008677141,1.3608805,1.5553976,0.0,1.5553976,0.3888494
49895,0.07619116,0.008516766,0.14386554,0.0984812,0.0,0.0984812,0.0246203
49897,0.6618405,0.008187556,1.3154935,1.1365942,0.0,1.1365942,0.28414854
49900,0.11137866,0.008143726,0.2146136,0.15185295,0.0,0.15185295,0.037963238
49903,0.13247085,0.008074798,0.2568669,0.18440093,0.0,0.18440093,0.046100233
49905,0.057753053,0.008024064,0.10748204,0.14986946,0.0,0.14986946,0.037467364
49908,0.10776317,0.008098482,0.20742786,0.15505888,0.0,0.15505888,0.03876472
49910,0.21777128,0.008145862,0.42739668,0.52161276,0.0,0.52161276,0.13040319
49913,0.3919228,0.008190311,0.77565527,0.64074486,0.0,0.64074486,0.16018622
49916,0.030547315,0.00821675,0.052877884,0.035134885,0.0,0.035134885,0.008783721
49918,0.057053328,0.008230801,0.10587585,0.076386265,0.0,0.076386265,0.019096566
49921,0.35940698,0.008359813,0.71045417,0.58311415,0.0,0.58311415,0.14577854
49923,0.8693208,0.008338179,1.7303034,1.9501747,0.0,1.9501747,0.48754367
49926,0.07925043,0.00860178,0.14989908,0.18729039,0.0,0.18729039,0.046822596
49929,0.2162279,0.008585617,0.4238702,0.32813475,0.0,0.32813475,0.08203369
49931,0.050830457,0.00852079,0.093140125,0.10046846,0.0,0.10046846,0.025117114
49934,0.050476816,0.008421321,0.09253231,0.14129479,0.0,0.14129479,0.035323698
49936,0.2208891,0.008268802,0.43350944,0.3319405,0.0,0.3319405,0.082985125
49939,0.2975711,0.008344718,0.5867975,0.4665996,0.0,0.4665996,0.1166499
49942,0.024440616,0.008281666,0.040599566,0.04404846,0.0,0.04404846,0.011012115
49944,0.108947076,0.008325099,0.20956905,0.27371493,0.0,0.27371493,0.06842873
49947,0.03263594,0.008549153,0.05672272,0.06501884,0.0,0.06501884,0.01625471
49950,0.03151622,0.008447565,0.054584872,0.06107198,0.0,0.06107198,0.015267995
49952,0.02663742,0.008511373,0.044763464,0.0496538,0.0,0.0496538,0.01241345
49955,0.27387437,0.008380628,0.53936815,0.44256306,0.0,0.44256306,0.110640764
49957,0.59549636,0.008317863,1.1826749,1.3655859,0.0,1.3655859,0.34139648
49960,0.035441652,0.008518074,0.06236523,0.08084102,0.0,0.08084102,0.020210255
49963,0.18000619,0.008336146,0.35167623,0.42585793,0.0,0.42585793,0.10646448
49965,0.04837902,0.00831806,0.08843998,0.060863823,0.0,0.060863823,0.015215956
49968,0.16796674,0.008176398,0.3277571,0.2658051,0.0,0.2658051,0.066451274
49970,0.089987,0.0078874985,0.17208649,0.13003422,0.0,0.13003422,0.032508556
49973,0.028317772,0.0074593932,0.049176153,0.0293322,0.0,0.0293322,0.00733305
49976,0.14428778,0.007022591,0.28155294,0.3264968,0.0,0.3264968,0.0816242
49978,0.107407875,0.0069174413,0.20789832,0.15166606,0.0,0.15166606,0.037916515
49981,0.20840693,0.0064287893,0.41038504,0.47067022,0.0,0.47067022,0.117667556
49983,0.52135116,0.0062522837,1.03645,0.9285776,0.0,0.9285776,0.2321444
49986,0.15943082,0.0058278027,0.31303385,0.36178312,0.0,0.36178312,0.09044578
49989,0.070567,0.0058680507,0.13526595,0.11395645,0.0,0.11395645,0.028489113
49991,0.08628065,0.0057313466,0.16682996,0.19197935,0.0,0.19197935,0.047994837
49994,0.24486803,0.0053877123,0.48434833,0.5533127,0.0,0.5533127,0.13832818
49997,0.13808714,0.005078859,0.27109542,0.22395766,0.0,0.22395766,0.055989414
49999,0.11040472,0.0049465448,0.21586289,0.19414397,0.0,0.19414397,0.04853599
50002,0.030345874,0.0048105232,0.05588123,0.07317432,0.0,0.07317432,0.01829358
50004,0.026681269,0.0045472854,0.048815254,0.0344837,0.0,0.0344837,0.008620925
50007,0.030093214,0.0042986185,0.055887807,0.0675487,0.0,0.0675487,0.016887175
50010,0.09877482,0.004083933,0.19346571,0.16065155,0.0,0.16065155,0.040162887
50012,0.07782393,0.004041787,0.15160607,0.17883997,0.0,0.17883997,0.04470999
50015,0.38955745,0.0036973879,0.7754175,0.81909317,0.0,0.81909317,0.20477329
50017,0.3383064,0.0034432716,0.67316955,0.6060097,0.0,0.6060097,0.15150243
50020,0.03974704,0.0031015116,0.07639257,0.09188291,0.0,0.09188291,0.022970727
50023,0.0394939,0.0030425203,0.07594528,0.065552555,0.0,0.065552555,0.016388139
50025,0.8492391,0.0029267846,1.6955514,1.5883332,0.0,1.5883332,0.3970833
50028,0.08656014,0.0026840388,0.17043625,0.19146895,0.0,0.19146895,0.04786724
50031,0.36106455,0.002341349,0.7197878,0.7632579,0.0,0.7632579,0.19081448
50033,0.04261589,0.002325136,0.08290664,0.09340676,0.0,0.09340676,0.02335169
50036,0.66430396,0.0022744674,1.3263334,1.2619661,0.0,1.2619661,0.31549153
50038,0.06236306,0.0020424877,0.12268362,0.105233215,0.0,0.105233215,0.026308304
50041,0.6887736,0.0018727802,1.3756742,1.4488167,0.0,1.4488167,0.36220416
50044,0.23054482,0.0019890426,0.4591006,0.50223106,0.0,0.50223106,0.12555777
50046,0.074027486,0.0019614168,0.14609355,0.12727201,0.0,0.12727201,0.031818002
50049,0.20616591,0.0019116886,0.41042015,0.38103238,0.0,0.38103238,0.095258094
50051,0.04778346,0.0015339162,0.094033,0.08067418,0.0,0.08067418,0.020168545
50054,0.08731551,0.0015890334,0.17304198,0.15077628,0.0,0.15077628,0.03769407
50057,0.077700585,0.0017755823,0.1536256,0.17287898,0.0,0.17287898,0.043219745
50059,0.26574424,0.0018140884,0.5296744,0.5700116,0.0,0.5700116,0.1425029
50062,0.100084394,0.0018146244,0.19835417,0.17889343,0.0,0.17889343,0.044723358
50064,0.031732418,0.0014328562,0.06203198,0.055384796,0.0,0.055384796,0.013846199
50067,0.5919993,0.0016686767,1.1823299,1.1297723,0.0,1.1297723,0.28244308
50070,0.5285791,0.001467119,1.0556911,1.0154938,0.0,1.0154938,0.25387344
50072,0.12830058,0.0013991245,0.25520203,0.27327716,0.0,0.27327716,0.06831929
50075,0.45151976,0.0013745521,0.901665,0.9471285,0.0,0.9471285,0.23678212
50078,0.15649559,0.0013355142,0.31165564,0.3298261,0.0,0.3298261,0.08245652
50080,0.4770223,0.0014488008,0.9525958,0.9934805,0.0,0.9934805,0.24837013
50083,0.16423023,0.0014349027,0.32702556,0.3094069,0.0,0.3094069,0.07735173
50085,0.054710507,0.001557185,0.107863836,0.11194112,0.0,0.11194112,0.02798528
50088,0.04537821,0.0014802428,0.08927617,0.09389781,0.0,0.09389781,0.023474453
50091,0.09969085,0.0016464624,0.19773524,0.20519805,0.0,0.20519805,0.051299512
50093,0.6992888,0.0014922166,1.3970853,1.3517662,0.0,1.3517662,0.33794156
50096,0.018783467,0.0015072493,0.03605968,0.037989654,0.0,0.037989654,0.009497413
50098,0.019421805,0.0015713546,0.037272256,0.038952786,0.0,0.038952786,0.009738197
50101,0.09563615,0.001667345,0.18960495,0.18034196,0.0,0.18034196,0.04508549
50104,0.03400902,0.001737907,0.066280134,0.058999587,0.0,0.058999587,0.014749897
50106,0.12337458,0.0017593916,0.24498977,0.26960897,0.0,0.26960897,0.06740224
50109,0.0755086,0.0018374628,0.14917974,0.14283766,0.0,0.14283766,0.035709415
50111,0.040732436,0.0019646552,0.07950022,0.07288595,0.0,0.07288595,0.018221488
50114,0.060756367,0.0020489953,0.119463734,0.12828575,0.0,0.12828575,0.032071438
50117,0.6117231,0.0019934794,1.2214527,1.1528935,0.0,1.1528935,0.2882234
50119,0.08074979,0.0019596873,0.15953988,0.18445587,0.0,0.18445587,0.046113968
50122,0.030144988,0.0021780848,0.05811189,0.050659645,0.0,0.050659645,0.012664911
50125,0.031117238,0.0022127456,0.06002173,0.061482936,0.0,0.061482936,0.015370734
50127,0.14126457,0.002278689,0.28025046,0.24246502,0.0,0.24246502,0.060616255
50130,0.1129396,0.002234483,0.22364473,0.25705165,0.0,0.25705165,0.06426291
50132,0.09218443,0.0023809143,0.18198796,0.1514967,0.0,0.1514967,0.037874173
50135,0.3695598,0.002455186,0.7366645,0.66481453,0.0,0.66481453,0.16620363
50138,0.42969716,0.0026578435,0.8567365,0.78039074,0.0,0.78039074,0.19509768
50140,0.016402971,0.0025767346,0.030229209,0.033450376,0.0,0.033450376,0.008362594
50143,0.12754883,0.0026443247,0.25245336,0.22764957,0.0,0.22764957,0.056912392
50145,0.113058984,0.002648115,0.22346985,0.18562643,0.0,0.18562643,0.046406608
50148,0.12698515,0.0028421925,0.2511281,0.22430266,0.0,0.22430266,0.056075666
50151,0.016616665,0.0030974094,0.03013592,0.02000642,0.0,0.02000642,0.005001605
50153,0.17638272,0.0032459516,0.3495195,0.30564004,0.0,0.30564004,0.07641001
50156,0.23876376,0.0034721077,0.47405544,0.40831128,0.0,0.40831128,0.10207782
50158,0.47734416,0.0037030252,0.95098525,0.8519799,0.0,0.8519799,0.21299498
50161,0.019440634,0.003795824,0.035085443,0.023368098,0.0,0.023368098,0.0058420245
50164,0.021957954,0.0038427468,0.04007316,0.048606515,0.0,0.048606515,0.012151629
50166,0.19860967,0.0038236526,0.3933957,0.33447048,0.0,0.33447048,0.08361762
50169,0.26001588,0.0037937847,0.516238,0.5918837,0.0,0.5918837,0.14797093
50172,0.7713143,0.0039129425,1.5387157,1.4008061,0.0,1.4008061,0.35020152
50174,0.5085283,0.0038584818,1.013198,0.90470773,0.0,0.90470773,0.22617693
50177,0.10279339,0.0037987882,0.201788,0.23456402,0.0,0.23456402,0.058641005
50179,0.103900574,0.0037933371,0.2040078,0.24514149,0.0,0.24514149,0.061285373
50182,0.14051506,0.0035793663,0.27745077,0.23356308,0.0,0.23356308,0.05839077
50185,0.30820215,0.0037328284,0.61267143,0.70003396,0.0,0.70003396,0.17500849
50187,0.09550732,0.0037655577,0.18724906,0.21186738,0.0,0.21186738,0.052966844
50190,0.21475707,0.003701086,0.42581305,0.49415898,0.0,0.49415898,0.123539746
50192,0.5781141,0.0035940215,1.1526341,1.0470963,0.0,1.0470963,0.26177406
50195,0.29559937,0.0032305198,0.5879682,0.5116662,0.0,0.5116662,0.12791654
50198,0.083992094,0.0033350813,0.1646491,0.12946674,0.0,0.12946674,0.032366686
50200,0.21262448,0.0036000926,0.42164886,0.48767695,0.0,0.48767695,0.12191924
50203,0.14646766,0.0035691324,0.2893662,0.34065953,0.0,0.34065953,0.08516488
50205,0.540981,0.00351966,1.0784423,0.9731019,0.0,0.9731019,0.24327548
50208,0.70035654,0.0034694716,1.3972436,1.2735873,0.0,1.2735873,0.31839684
50211,0.24135298,0.0035934926,0.47911248,0.5560275,0.0,0.5560275,0.13900687
50213,0.30561566,0.0037576638,0.6074737,0.5257818,0.0,0.5257818,0.13144545
50216,0.9739148,0.0036471866,1.9441824,1.8029861,0.0,1.8029861,0.45074654
50219,0.33032274,0.0035737,0.65707177,0.7436448,0.0,0.7436448,0.1859112
50221,0.02424033,0.0036416966,0.044838965,0.03698902,0.0,0.03698902,0.009247255
50224,0.44577456,0.0038350683,0.8877141,0.7837322,0.0,0.7837322,0.19593304
50226,0.587182,0.0038953975,1.1704687,1.0490646,0.0,1.0490646,0.26226616
50229,0.25974193,0.0039470377,0.51553684,0.6015975,0.0,0.6015975,0.15039937
50232,0.1744533,0.0037945218,0.3451121,0.28520682,0.0,0.28520682,0.071301706
50234,0.24998687,0.0040055434,0.4959682,0.5809873,0.0,0.5809873,0.14524682
50237,0.12102533,0.003972048,0.23807861,0.18711884,0.0,0.18711884,0.04677971
50239,0.098007925,0.0040208567,0.19199501,0.22483282,0.0,0.22483282,0.056208204
50242,0.043428782,0.00417795,0.082679614,0.06248802,0.0,0.06248802,0.015622005
50245,0.06204416,0.0044690003,0.11961932,0.08926129,0.0,0.08926129,0.022315323
50247,0.09931946,0.00448117,0.19415773,0.23478232,0.0,0.23478232,0.05869558
50250,0.24060707,0.004625875,0.47658825,0.3959979,0.0,0.3959979,0.09899948
50252,0.11728255,0.004842048,0.22972305,0.28416365,0.0,0.28416365,0.07104091
50255,0.39814934,0.0051057814,0.7911928,0.9049594,0.0,0.9049594,0.22623985
50258,0.60617036,0.004959532,1.2073812,1.0693828,0.0,1.0693828,0.2673457
50260,0.4872454,0.005184266,0.9693065,1.0998923,0.0,1.0998923,0.27497306
50263,0.17195375,0.005386108,0.3385214,0.40938398,0.0,0.40938398,0.102345996
50266,0.06615835,0.005607207,0.12670948,0.17914681,0.0,0.17914681,0.044786703
50268,0.058761057,0.006053096,0.11146901,0.12142116,0.0,0.12142116,0.03035529
50271,0.18139344,0.0059266794,0.3568602,0.2824165,0.0,0.2824165,0.07060412
50273,0.30484053,0.0060330494,0.603648,0.500886,0.0,0.500886,0.1252215
50276,1.0137271,0.006218497,2.0212357,1.8342994,0.0,1.8342994,0.45857486
50279,0.8774504,0.006229608,1.7486712,1.5621716,0.0,1.5621716,0.3905429
50281,0.059752434,0.0065067005,0.112998165,0.13663816,0.0,0.13663816,0.03415954
50284,0.25323546,0.0061313487,0.50033957,0.4058013,0.0,0.4058013,0.101450324
50286,0.15557744,0.0063120723,0.3048428,0.3713093,0.0,0.3713093,0.09282733
50289,0.116607636,0.0059696794,0.22724558,0.29059842,0.0,0.29059842,0.072649606
50292,0.04041927,0.0058351136,0.07500342,0.055547047,0.0,0.055547047,0.013886762
50294,0.1435376,0.006032482,0.2810427,0.22685285,0.0,0.22685285,0.056713212
50297,0.059202716,0.00608978,0.112315655,0.14955696,0.0,0.14955696,0.03738924
50299,0.02080843,0.005888009,0.035728853,0.050569683,0.0,0.050569683,0.012642421
50302,0.77242833,0.006140977,1.5387157,1.3665355,0.0,1.3665355,0.3416339
50305,0.13384302,0.0060950182,0.26159105,0.30708894,0.0,0.30708894,0.076772235
50307,0.03915251,0.0064404737,0.071864545,0.047188263,0.0,0.047188263,0.011797066
50310,0.2365256,0.006636303,0.4664149,0.5561548,0.0,0.5561548,0.1390387
50313,0.04303528,0.0063512805,0.079719275,0.112696655,0.0,0.112696655,0.028174164
50315,0.19461937,0.0066944747,0.38254428,0.32943043,0.0,0.32943043,0.08235761
50318,0.05843788,0.0063786022,0.110497154,0.14069282,0.0,0.14069282,0.035173204
50320,0.25949073,0.006360894,0.51262057,0.44106126,0.0,0.44106126,0.110265315
50323,0.24316365,0.0063545373,0.47997275,0.4143987,0.0,0.4143987,0.103599675
50326,0.2750064,0.006112429,0.54390043,0.46288633,0.0,0.46288633,0.11572158
50328,0.33173594,0.006021693,0.6574502,0.5495878,0.0,0.5495878,0.13739695
50331,0.53947955,0.0060081366,1.072951,0.9382481,0.0,0.9382481,0.23456202
50333,0.079493195,0.0057505886,0.15323581,0.18500245,0.0,0.18500245,0.04625061
50336,0.25140497,0.005325794,0.49748412,0.42711845,0.0,0.42711845,0.10677961
50339,0.1542693,0.005057217,0.30348137,0.36024413,0.0,0.36024413,0.09006103
50341,0.7585345,0.0049379054,1.5121311,1.660325,0.0,1.660325,0.41508126
50344,0.16415618,0.005067703,0.32324466,0.266253,0.0,0.266253,0.06656325
50346,0.30230767,0.0049896454,0.59962565,0.69535255,0.0,0.69535255,0.17383814
50349,0.09212756,0.0044971495,0.17975797,0.14705391,0.0,0.14705391,0.036763478
50352,0.16609757,0.004524854,0.3276703,0.3909017,0.0,0.3909017,0.09772543
50354,0.07732896,0.004539992,0.15011792,0.12342206,0.0,0.12342206,0.030855514
50357,0.026325503,0.0043508415,0.048300166,0.050095618,0.0,0.050095618,0.012523904
50360,0.072670706,0.004187673,0.14115374,0.1818581,0.0,0.1818581,0.045464527
50362,0.014612759,0.004075129,0.025150388,0.028073175,0.0,0.028073175,0.0070182937
50365,0.05973746,0.0040469286,0.11542799,0.10220796,0.0,0.10220796,0.02555199
50367,0.09633195,0.003897968,0.18876593,0.15023315,0.0,0.15023315,0.037558287
50370,0.6264586,0.0038206205,1.2490965,1.374823,0.0,1.374823,0.34370574
50373,0.67388177,0.0034483206,1.3443152,1.4719863,0.0,1.4719863,0.36799657
50375,0.020662183,0.0035343077,0.037790056,0.0488524,0.0,0.0488524,0.0122131
50378,0.05698965,0.0034744851,0.11050481,0.08298016,0.0,0.08298016,0.02074504
50380,0.040913507,0.003497156,0.07832985,0.09621749,0.0,0.09621749,0.024054373
50383,0.1198967,0.0036694377,0.23612396,0.19302523,0.0,0.19302523,0.048256308
50386,0.75185627,0.0035615389,1.500151,1.3764749,0.0,1.3764749,0.3441187
50388,0.09798369,0.0034660914,0.19250129,0.15916021,0.0,0.15916021,0.039790053
50391,0.8197625,0.0033762313,1.6361489,1.5103855,0.0,1.5103855,0.37759638
50393,0.10254493,0.0032426843,0.20184718,0.17152916,0.0,0.17152916,0.04288229
50396,0.070819,0.0032942563,0.13834374,0.16285686,0.0,0.16285686,0.040714215
50399,0.25033218,0.0034389365,0.4972254,0.44832698,0.0,0.44832698,0.112081744
50401,0.043883834,0.003231933,0.08453574,0.10475594,0.0,0.10475594,0.026188985
50404,0.59978503,0.0031860538,1.1963841,1.2938133,0.0,1.2938133,0.32345334
50407,0.3144386,0.0029218867,0.6259553,0.5661488,0.0,0.5661488,0.1415372
50409,0.36629692,0.0028651499,0.7297287,0.66230834,0.0,0.66230834,0.16557708
50412,0.26920268,0.0027122525,0.5356931,0.48952398,0.0,0.48952398,0.122380994
50414,0.15466325,0.0023312964,0.30699518,0.2777628,0.0,0.2777628,0.0694407
50417,0.32809356,0.0022127377,0.6539744,0.6074791,0.0,0.6074791,0.15186977
50420,0.12152508,0.0021023806,0.24094778,0.26006004,0.0,0.26006004,0.06501501
50422,0.7025443,0.002146595,1.4029421,1.3356804,0.0,1.3356804,0.3339201
50425,0.10785135,0.0019044429,0.21379824,0.19273181,0.0,0.19273181,0.048182953
50427,0.033924874,0.0019596252,0.065890126,0.06989167,0.0,0.06989167,0.017472917
50430,0.92947584,0.001688472,1.8572632,1.9281049,0.0,1.9281049,0.48202622
50433,0.074359216,0.0017121081,0.14700633,0.13363631,0.0,0.13363631,0.033409078
50435,0.10398316,0.0017535245,0.20621277,0.188438,0.0,0.188438,0.0471095
50438,0.019490099,0.0019097072,0.037070487,0.029358799,0.0,0.029358799,0.0073396997
50440,0.3314152,0.00212182,0.6607086,0.6030535,0.0,0.6030535,0.15076338
50443,0.13690662,0.0021220502,0.2716912,0.23681505,0.0,0.23681505,0.059203763
50446,0.27054667,0.0020673003,0.5390261,0.49647817,0.0,0.49647817,0.12411954
50448,0.15053275,0.0020166927,0.2990488,0.265991,0.0,0.265991,0.06649775
50451,0.06186518,0.0021232043,0.121607155,0.10746998,0.0,0.10746998,0.026867496
50454,0.14059547,0.0024675264,0.2787234,0.32162592,0.0,0.32162592,0.08040648
50456,0.19746101,0.0024905235,0.3924315,0.33921906,0.0,0.33921906,0.084804766
50459,0.08480755,0.0026384017,0.1669767,0.20174742,0.0,0.20174742,0.050436854
50461,0.44395474,0.0026644727,0.885245,0.96957517,0.0,0.96957517,0.24239379
50464,0.23779017,0.0028026972,0.47277763,0.4099766,0.0,0.4099766,0.10249415
50467,0.035782423,0.0032310628,0.06833378,0.08438086,0.0,0.08438086,0.021095214
50469,0.6262798,0.0033614098,1.2491982,1.1328158,0.0,1.1328158,0.28320396
50472,0.05557322,0.003549014,0.10759743,0.089603186,0.0,0.089603186,0.022400796
50474,0.19764154,0.003781899,0.39150116,0.33547482,0.0,0.33547482,0.083868705
50477,0.061684866,0.0039003193,0.11946941,0.15670763,0.0,0.15670763,0.039176907
50480,0.076294355,0.003862037,0.14872667,0.16664226,0.0,0.16664226,0.041660566
50482,0.7353749,0.0040394864,1.4667104,1.3274403,0.0,1.3274403,0.33186007
50485,0.19704193,0.004197897,0.38988593,0.46544886,0.0,0.46544886,0.116362214
50487,0.034090802,0.004470977,0.06371062,0.043941874,0.0,0.043941874,0.0109854685
50490,0.19142483,0.004626883,0.3782228,0.45504093,0.0,0.45504093,0.11376023
50493,0.14278445,0.0047268034,0.2808421,0.34770918,0.0,0.34770918,0.086927295
50495,0.022894094,0.004714265,0.041073922,0.052914787,0.0,0.052914787,0.013228697
50498,0.51370555,0.0046354514,1.0227757,0.9016908,0.0,0.9016908,0.2254227
50501,0.06720765,0.0047604744,0.12965482,0.17839968,0.0,0.17839968,0.04459992
50503,0.73517513,0.0049042497,1.465446,1.6238018,0.0,1.6238018,0.40595046
50506,0.01674266,0.004959846,0.028525472,0.017010542,0.0,0.017010542,0.0042526354
50508,0.11431307,0.005018841,0.2236073,0.27911267,0.0,0.27911267,0.06977817
50511,0.016697817,0.005108191,0.028287442,0.0280803,0.0,0.0280803,0.007020075
50514,0.21437126,0.00516057,0.42358196,0.5066758,0.0,0.5066758,0.12666894
50516,0.10763725,0.0051854816,0.21008901,0.17538352,0.0,0.17538352,0.04384588
50519,0.5839015,0.005527099,1.1622759,1.3151962,0.0,1.3151962,0.32879904
50521,0.14529698,0.0057259104,0.28486803,0.21692832,0.0,0.21692832,0.05423208
50524,0.6486012,0.005962484,1.2912399,1.133297,0.0,1.133297,0.28332424
50527,0.43244454,0.006271916,0.8586171,0.73648196,0.0,0.73648196,0.18412049
50529,0.06908128,0.0063791783,0.13178338,0.17599972,0.0,0.17599972,0.04399993
50532,0.020448262,0.0064859414,0.034410585,0.04110172,0.0,0.04110172,0.01027543
50535,0.039136957,0.0068972856,0.07137663,0.090886585,0.0,0.090886585,0.022721646
50537,0.06086063,0.0068166987,0.11490456,0.13599075,0.0,0.13599075,0.03399769
50540,0.20392485,0.0072981864,0.40055153,0.49562526,0.0,0.49562526,0.123906314
50542,0.06499178,0.0075704497,0.12241312,0.17849767,0.0,0.17849767,0.044624418
50545,0.5360355,0.007962865,1.064108,1.2412087,0.0,1.2412087,0.31030217
50548,0.2422374,0.0085315285,0.4759433,0.6001529,0.0,0.6001529,0.15003823
50550,0.2000814,0.008665753,0.39149702,0.29583353,0.0,0.29583353,0.07395838
50553,0.264833,0.00917651,0.5204895,0.6555376,0.0,0.6555376,0.1638844
50555,0.057078227,0.009376242,0.10478022,0.075400464,0.0,0.075400464,0.018850116
50558,0.06174871,0.009521545,0.113975875,0.14767116,0.0,0.14767116,0.03691779
50561,0.16214031,0.009932034,0.31434858,0.21940176,0.0,0.21940176,0.05485044
50563,0.21183924,0.01004686,0.4136316,0.5257988,0.0,0.5257988,0.1314497
50566,0.059625164,0.00978769,0.10946264,0.13829446,0.0,0.13829446,0.034573615
50568,0.03277119,0.00982293,0.055719446,0.0617962,0.0,0.0617962,0.01544905
50571,0.036715716,0.009835514,0.06359592,0.094921745,0.0,0.094921745,0.023730436
50574,0.03633583,0.009572,0.06309966,0.08422911,0.0,0.08422911,0.021057278
50576,0.09813341,0.009303286,0.18696351,0.24820429,0.0,0.24820429,0.062051073
50579,0.54552597,0.009171712,1.0818802,0.93496853,0.0,0.93496853,0.23374213
50582,0.052652452,0.009100922,0.09620398,0.1268893,0.0,0.1268893,0.031722326
50584,0.6327451,0.008819516,1.2566706,1.0958059,0.0,1.0958059,0.27395147
50587,0.07090205,0.008794814,0.13300928,0.1857208,0.0,0.1857208,0.0464302
50589,0.3222541,0.00863014,0.635878,0.7575898,0.0,0.7575898,0.18939745
50592,0.19039571,0.008312562,0.37247887,0.2968595,0.0,0.2968595,0.074214876
50595,0.043561187,0.008244018,0.07887835,0.047353033,0.0,0.047353033,0.011838258
50597,0.08041232,0.008177364,0.15264727,0.11595673,0.0,0.11595673,0.028989183
50600,0.27895787,0.007488487,0.55042726,0.45128703,0.0,0.45128703,0.11282176
50602,0.094923,0.007532274,0.18231373,0.2226936,0.0,0.2226936,0.0556734
50605,0.11523082,0.0071439166,0.22331773,0.26273084,0.0,0.26273084,0.06568271
50608,0.028432177,0.0067483583,0.050116,0.029486714,0.0,0.029486714,0.0073716785
50610,0.02421797,0.0065422733,0.041893665,0.05472142,0.0,0.05472142,0.013680355
50613,0.1995182,0.005957689,0.3930787,0.3518995,0.0,0.3518995,0.087974876
50615,0.10945148,0.005804637,0.21309833,0.16147606,0.0,0.16147606,0.040369015
50618,0.04003368,0.0053941836,0.074673176,0.08782127,0.0,0.08782127,0.021955317
50621,0.33720973,0.0049724435,0.669447,0.59945035,0.0,0.59945035,0.14986259
50623,0.1058222,0.0047692726,0.20687513,0.24109297,0.0,0.24109297,0.06027324
50626,0.26111805,0.0043678214,0.5178683,0.5761135,0.0,0.5761135,0.14402838
50629,0.11688884,0.0040418864,0.22973579,0.2675065,0.0,0.2675065,0.06687663
50631,0.1058231,0.0037297395,0.20791645,0.24267046,0.0,0.24267046,0.060667615
50634,0.24482267,0.003348047,0.48629728,0.53537637,0.0,0.53537637,0.13384409
50636,0.09258043,0.0032338228,0.18192703,0.15471743,0.0,0.15471743,0.038679358
50639,0.19049494,0.003026379,0.3779635,0.4171199,0.0,0.4171199,0.10427997
50642,0.097660296,0.0029576023,0.19236298,0.22076084,0.0,0.22076084,0.05519021
50644,0.021704266,0.0029578905,0.040450644,0.040756956,0.0,0.040756956,0.010189239
50647,0.034925316,0.0028257587,0.06702487,0.078326344,0.0,0.078326344,0.019581586
50649,0.29434648,0.0029857338,0.58570725,0.52719885,0.0,0.52719885,0.13179971
50652,0.5642104,0.0024358043,1.125985,1.0476657,0.0,1.0476657,0.26191643
50655,0.4895052,0.002109263,0.9769011,0.90858793,0.0,0.90858793,0.22714698
50657,0.1438099,0.0019451603,0.28567463,0.25186756,0.0,0.25186756,0.06296689
50660,0.26591673,0.0018332334,0.5300002,0.486734,0.0,0.486734,0.1216835
50662,0.17029792,0.0019408315,0.338655,0.37441722,0.0,0.37441722,0.093604304
50665,0.14441982,0.0019321078,0.28690752,0.2522873,0.0,0.2522873,0.063071825
50668,0.01524527,0.0019334228,0.028557116,0.03064359,0.0,0.03064359,0.0076608974
50670,0.10216596,0.0019460103,0.2023859,0.18444546,0.0,0.18444546,0.046111364
50673,0.17055883,0.0019386817,0.33917895,0.31786007,0.0,0.31786007,0.07946502
50676,0.3149109,0.0021147886,0.627707,0.57072425,0.0,0.57072425,0.14268106
50678,0.014467861,0.0022581618,0.026677558,0.019673767,0.0,0.019673767,0.0049184416
50681,0.43999377,0.0022707235,0.87771684,0.93657523,0.0,0.93657523,0.23414381
50683,0.08385917,0.0022541026,0.16546424,0.17863967,0.0,0.17863967,0.044659916
50686,0.044590145,0.002143938,0.08703635,0.10078689,0.0,0.10078689,0.025196722
50689,0.2705724,0.0021136713,0.5390311,0.5815186,0.0,0.5815186,0.14537965
50691,0.14458069,0.002161328,0.28700006,0.31017363,0.0,0.31017363,0.07754341
50694,0.18686683,0.0021500448,0.3715836,0.4014349,0.0,0.4014349,0.100358725
50696,0.81949836,0.002086349,1.6369104,1.5635568,0.0,1.5635568,0.3908892
50699,0.04588261,0.002071524,0.089693695,0.08057499,0.0,0.08057499,0.020143747
50702,0.1977908,0.0024382158,0.3931434,0.42626595,0.0,0.42626595,0.10656649
50704,0.025831744,0.0023580666,0.04930542,0.043858305,0.0,0.043858305,0.010964576
50707,0.019820495,0.0022367183,0.037404273,0.034381587,0.0,0.034381587,0.008595397
50709,0.02543594,0.0019744735,0.048897404,0.045877304,0.0,0.045877304,0.011469326
50712,0.050689206,0.0019056926,0.099472724,0.10035332,0.0,0.10035332,0.02508833
50715,0.17871068,0.0017769433,0.35564443,0.3857162,0.0,0.3857162,0.09642905
50717,0.20533381,0.0018090488,0.40885857,0.37540188,0.0,0.37540188,0.09385047
50720,0.68164533,0.001700298,1.3615904,1.4149623,0.0,1.4149623,0.35374057
50723,0.19511437,0.0016199695,0.38860878,0.40972853,0.0,0.40972853,0.10243213
50725,0.27820888,0.0016911178,0.55472666,0.584037,0.0,0.584037,0.14600925
50728,0.48856983,0.0015414957,0.9755981,1.015541,0.0,1.015541,0.25388524
50730,0.05982941,0.0015006596,0.11815816,0.1051191,0.0,0.1051191,0.026279775
50733,0.17022283,0.0015282454,0.3389174,0.31557903,0.0,0.31557903,0.07889476
50736,0.030477492,0.0015989427,0.059356038,0.06252361,0.0,0.06252361,0.015630903
50738,0.6544128,0.0016063955,1.3072191,1.2442117,0.0,1.2442117,0.31105292
50741,0.62484235,0.0016354272,1.2480493,1.316676,0.0,1.316676,0.329169
50743,0.22550279,0.0017440001,0.44926158,0.49314448,0.0,0.49314448,0.12328612
50746,0.039133,0.0019197651,0.07634623,0.065181024,0.0,0.065181024,0.016295256
50749,0.08894891,0.0021273894,0.17577045,0.15154544,0.0,0.15154544,0.03788636
50751,0.30538192,0.0024084074,0.60835546,0.67798096,0.0,0.67798096,0.16949524
50754,0.09637012,0.00248314,0.19025709,0.21608962,0.0,0.21608962,0.054022405
50756,0.13527496,0.0025798092,0.26797011,0.22854768,0.0,0.22854768,0.05713692
50759,0.45812026,0.0025522264,0.91368836,0.9996712,0.0,0.9996712,0.2499178
50762,0.103441775,0.0023994546,0.2044841,0.1751355,0.0,0.1751355,0.043783873
50764,0.3416398,0.002327415,0.68095213,0.6173029,0.0,0.6173029,0.15432572
50767,0.038201008,0.0026173156,0.0737847,0.06280304,0.0,0.06280304,0.01570076
50770,0.23399639,0.0026079721,0.4653848,0.41150388,0.0,0.41150388,0.10287597
50772,0.14306949,0.0027920317,0.28334692,0.3190454,0.0,0.3190454,0.07976135
50775,0.22061907,0.0022527801,0.43898535,0.39637446,0.0,0.39637446,0.099093616
50777,0.03279602,0.0023865176,0.06320553,0.05280445,0.0,0.05280445,0.013201113
50780,0.8768389,0.0023121175,1.7513657,1.6531601,0.0,1.6531601,0.41329002
50783,0.050280437,0.0022549888,0.09830588,0.1196086,0.0,0.1196086,0.02990215
50785,0.08773153,0.0023079691,0.17315508,0.20446819,0.0,0.20446819,0.051117048
50788,0.17045051,0.002373379,0.33852765,0.2951554,0.0,0.2951554,0.07378885
50790,0.5526207,0.0024566473,1.1027848,1.0261389,0.0,1.0261389,0.25653473
50793,0.06302371,0.0025161773,0.123531245,0.12087232,0.0,0.12087232,0.03021808
50796,0.3832195,0.002173993,0.76426506,0.7005017,0.0,0.7005017,0.17512542
50798,0.03805689,0.002323398,0.07379038,0.0636869,0.0,0.0636869,0.015921725
50801,0.22383858,0.002065216,0.44561195,0.49596274,0.0,0.49596274,0.123990685
50803,0.03205852,0.001966866,0.06215017,0.05017064,0.0,0.05017064,0.01254266
50806,0.17205228,0.0021219812,0.3419826,0.29856044,0.0,0.29856044,0.07464011
50809,0.017706405,0.0021055962,0.033307213,0.039536398,0.0,0.039536398,0.0098840995
50811,0.27926722,0.0021897247,0.55634475,0.4987665,0.0,0.4987665,0.12469163
50814,0.6670618,0.0023066688,1.331817,1.435535,0.0,1.435535,0.35888374
50817,0.28687352,0.002272305,0.57147473,0.5135558,0.0,0.5135558,0.12838896
50819,0.7697348,0.0023486654,1.5371208,1.6489578,0.0,1.6489578,0.41223946
50822,0.042145986,0.0025005296,0.08179144,0.09608093,0.0,0.09608093,0.024020232
50824,0.071469925,0.0025436077,0.14039625,0.1139341,0.0,0.1139341,0.028483525
50827,0.67873424,0.0027125692,1.3547559,1.2487088,0.0,1.2487088,0.3121772
50830,0.11181756,0.0028111886,0.22082393,0.187477,0.0,0.187477,0.04686925
50832,0.10653085,0.0029223885,0.21013932,0.24930675,0.0,0.24930675,0.06232669
50835,0.18777822,0.0031087336,0.3724477,0.31817695,0.0,0.31817695,0.07954424
50837,0.035023324,0.003117766,0.066928886,0.059197772,0.0,0.059197772,0.014799443
50840,0.30412492,0.0031485436,0.6051013,0.5383102,0.0,0.5383102,0.13457756
50843,0.02505075,0.0029687497,0.04713275,0.043328106,0.0,0.043328106,0.010832027
50845,0.049784046,0.0029109342,0.09665716,0.10683016,0.0,0.10683016,0.02670754
50848,0.116209805,0.003049032,0.22937058,0.18577133,0.0,0.18577133,0.046442833
50850,0.05517025,0.0030744362,0.10726606,0.121081054,0.0,0.121081054,0.030270264
50853,0.30485904,0.002985092,0.606733,0.5371562,0.0,0.5371562,0.13428906
50856,0.033412233,0.0028897293,0.063934736,0.051405966,0.0,0.051405966,0.012851492
50858,0.067669846,0.0026978694,0.13264184,0.13996924,0.0,0.13996924,0.03499231
50861,0.53761035,0.002564976,1.0726557,1.1623672,0.0,1.1623672,0.2905918
50864,0.17410426,0.0026539986,0.3455545,0.39400056,0.0,0.39400056,0.09850014
50866,0.30179608,0.0027388863,0.60085326,0.53175193,0.0,0.53175193,0.13293798
50869,0.22994131,0.0028566222,0.457026,0.5223837,0.0,0.5223837,0.13059592
50871,0.37095407,0.002908002,0.73900014,0.8235076,0.0,0.8235076,0.2058769
50874,0.38426003,0.00304533,0.76547474,0.68678266,0.0,0.68678266,0.17169566
50877,0.11532512,0.002979058,0.22767119,0.18447937,0.0,0.18447937,0.046119843
50879,0.4303728,0.0029225743,0.8578231,0.9491256,0.0,0.9491256,0.2372814
50882,0.13639101,0.0031527018,0.26962933,0.22217433,0.0,0.22217433,0.055543583
50884,0.03277468,0.003375507,0.062173855,0.081980936,0.0,0.081980936,0.020495234
50887,0.24132758,0.0036579743,0.4789972,0.4055879,0.0,0.4055879,0.10139698
50890,0.17462714,0.0038910627,0.34536323,0.40374288,0.0,0.40374288,0.10093572
50892,0.057468053,0.0040734666,0.110862635,0.14739347,0.0,0.14739347,0.036848366
50895,0.6854351,0.004193365,1.3666769,1.5053922,0.0,1.5053922,0.37634805
50897,0.17242332,0.004309507,0.34053716,0.39453435,0.0,0.39453435,0.09863359
50900,0.8303585,0.0044475244,1.6562696,1.5039917,0.0,1.5039917,0.37599793
50903,0.52472955,0.004391886,1.0450672,0.9238658,0.0,0.9238658,0.23096645
50905,0.06924664,0.0045572664,0.13393603,0.16612308,0.0,0.16612308,0.04153077
50908,0.056414064,0.0043997043,0.10842842,0.13572262,0.0,0.13572262,0.033930656
50911,0.024365192,0.0043023233,0.04442806,0.05724606,0.0,0.05724606,0.014311515
50913,0.19863628,0.0041544056,0.39311814,0.45839056,0.0,0.45839056,0.11459764
50916,0.015244026,0.0040899995,0.026398053,0.030564368,0.0,0.030564368,0.007641092
50918,0.43367827,0.0040237843,0.86333275,0.7646143,0.0,0.7646143,0.19115357
50921,0.09363096,0.004011895,0.18325002,0.21394913,0.0,0.21394913,0.053487282
50924,0.17851575,0.0038527453,0.35317874,0.4189675,0.0,0.4189675,0.10474187
50926,0.050452475,0.0039485334,0.096956424,0.0746887,0.0,0.0746887,0.018672176
50929,0.37050173,0.00406446,0.73693895,0.64171433,0.0,0.64171433,0.16042858
50931,0.12873627,0.0040057,0.25346687,0.227917,0.0,0.227917,0.05697925
50934,0.138034,0.004154402,0.27191362,0.33286425,0.0,0.33286425,0.08321606
50937,0.532674,0.0040697274,1.0612783,1.1813904,0.0,1.1813904,0.2953476
50939,0.16147733,0.0040582404,0.3188964,0.38394666,0.0,0.38394666,0.095986664
50942,0.07090231,0.004372347,0.13743228,0.17234825,0.0,0.17234825,0.04308706
50944,0.4188721,0.004330555,0.8334136,0.9325049,0.0,0.9325049,0.23312622
50947,0.42011583,0.004285411,0.83594626,0.7276104,0.0,0.7276104,0.1819026
50950,0.07881244,0.0041248514,0.15350004,0.19141571,0.0,0.19141571,0.047853928
50952,0.09206671,0.0041236193,0.1800098,0.14516956,0.0,0.14516956,0.03629239
50955,0.14218797,0.004127097,0.28024885,0.33396825,0.0,0.33396825,0.08349206
50958,0.1351733,0.0041991207,0.26614746,0.21243714,0.0,0.21243714,0.053109284
50960,0.66051894,0.0042191725,1.3168187,1.1806879,0.0,1.1806879,0.29517198
50963,0.40387142,0.0043178108,0.803425,0.7062883,0.0,0.7062883,0.17657207
50965,0.37927517,0.0044053327,0.75414497,0.86461955,0.0,0.86461955,0.21615489
50968,0.059856936,0.004634828,0.115079045,0.15358818,0.0,0.15358818,0.038397044
50971,0.23206533,0.0046482035,0.45948246,0.5477833,0.0,0.5477833,0.13694583
50973,0.7714284,0.0047246995,1.5381322,1.3871413,0.0,1.3871413,0.34678534
50976,0.017754437,0.00485634,0.030652532,0.018491482,0.0,0.018491482,0.0046228706
50978,0.35074475,0.0049918946,0.6964976,0.60020643,0.0,0.60020643,0.15005161
50981,0.12149026,0.005318325,0.2376622,0.297726,0.0,0.297726,0.0744315
50984,0.1930173,0.005357772,0.38067684,0.46389306,0.0,0.46389306,0.115973264
50986,0.07202188,0.0055115707,0.13853218,0.104459554,0.0,0.104459554,0.026114888
50989,0.10285773,0.0055311485,0.2001843,0.16185227,0.0,0.16185227,0.040463068
50991,0.2437103,0.0054922574,0.48192835,0.39379564,0.0,0.39379564,0.09844891
50994,0.106288455,0.005210115,0.20736678,0.1567242,0.0,0.1567242,0.03918105
50997,0.24879569,0.0051063127,0.49248505,0.4121233,0.0,0.4121233,0.10303082
50999,0.45399404,0.005109181,0.90287894,1.029678,0.0,1.029678,0.2574195
51002,0.046184834,0.0051822294,0.08718744,0.05875731,0.0,0.05875731,0.014689327
51005,0.23569906,0.005014029,0.46638408,0.5495519,0.0,0.5495519,0.13738798
51007,0.098668136,0.004890526,0.19244576,0.24229284,0.0,0.24229284,0.06057321
51010,0.20036383,0.004882483,0.39584517,0.33040577,0.0,0.33040577,0.08260144
51012,0.72732395,0.0047990857,1.4498488,1.6014894,0.0,1.6014894,0.40037236
51015,0.6602859,0.0048280708,1.3157438,1.4602894,0.0,1.4602894,0.36507234
51018,0.05212832,0.004702701,0.09955394,0.12679057,0.0,0.12679057,0.031697642
51020,0.019091845,0.0046419795,0.03354171,0.034214918,0.0,0.034214918,0.008553729
51023,0.10075597,0.0047783856,0.19673355,0.16276218,0.0,0.16276218,0.040690545
51025,0.6223695,0.004806981,1.2399321,1.1348841,0.0,1.1348841,0.28372103
51028,1.0433296,0.004577071,2.082082,1.9150916,0.0,1.9150916,0.4787729
51031,0.057303507,0.0045695407,0.110037476,0.12903495,0.0,0.12903495,0.032258738
51033,0.24884641,0.0045666546,0.49312615,0.5743944,0.0,0.5743944,0.1435986
51036,0.13466138,0.004601562,0.26472118,0.21578383,0.0,0.21578383,0.05394596
51039,0.58355016,0.0045129457,1.1625873,1.2948767,0.0,1.2948767,0.32371917
51041,0.21703477,0.0043823193,0.42968723,0.503259,0.0,0.503259,0.12581475
51044,0.14587902,0.004330746,0.28742728,0.24464822,0.0,0.24464822,0.061162055
51046,0.7666695,0.004215015,1.5291239,1.6712627,0.0,1.6712627,0.4178157
51049,0.11061877,0.0040524974,0.21718504,0.18071158,0.0,0.18071158,0.045177896
51052,0.3129972,0.003916511,0.6220779,0.5485212,0.0,0.5485212,0.1371303
51054,0.2938505,0.0038523048,0.5838487,0.64805657,0.0,0.64805657,0.16201414
51057,0.10640857,0.003667169,0.20914997,0.24904244,0.0,0.24904244,0.06226061
51059,0.10109499,0.003524766,0.19866522,0.16118638,0.0,0.16118638,0.040296596
51062,0.98249555,0.0033531568,1.961638,1.8267158,0.0,1.8267158,0.45667896
51065,0.022139797,0.003129122,0.041150477,0.043328628,0.0,0.043328628,0.010832157
51067,0.46135136,0.0030996825,0.91960305,0.83654064,0.0,0.83654064,0.20913516
51070,0.88767534,0.003048077,1.7723026,1.8867478,0.0,1.8867478,0.47168696
51072,0.46128833,0.0029653125,0.9196114,1.0051908,0.0,1.0051908,0.2512977
51075,0.038421683,0.0029262465,0.07391712,0.060319018,0.0,0.060319018,0.015079754
51078,0.020371592,0.0028659718,0.037877213,0.046647873,0.0,0.046647873,0.011661968
51080,0.19938709,0.002932897,0.39584127,0.35257912,0.0,0.35257912,0.08814478
51083,0.077793956,0.002694403,0.15289351,0.18454929,0.0,0.18454929,0.04613732
51086,0.043632623,0.002377834,0.08488741,0.10049105,0.0,0.10049105,0.025122762
51088,0.25562036,0.0023190835,0.5089216,0.5627183,0.0,0.5627183,0.14067957
51091,0.7260492,0.0022627616,1.4498357,1.5534434,0.0,1.5534434,0.38836086
51093,0.696179,0.0022335665,1.3901244,1.488166,0.0,1.488166,0.3720415
51096,0.6730442,0.0022905543,1.3437978,1.4404583,0.0,1.4404583,0.36011457
51099,0.22963144,0.0022181363,0.45704475,0.41747573,0.0,0.41747573,0.10436893
51101,0.4630392,0.002174155,0.92390424,0.9998574,0.0,0.9998574,0.24996436
51104,0.067134954,0.0021982433,0.13207167,0.15772305,0.0,0.15772305,0.039430764
51106,0.1405233,0.0022394091,0.2788072,0.24942024,0.0,0.24942024,0.06235506
51109,0.024117015,0.0020425247,0.046191502,0.05388117,0.0,0.05388117,0.013470292
51112,0.06456316,0.0019120034,0.12721431,0.10905292,0.0,0.10905292,0.02726323
51114,0.29038486,0.0017348147,0.5790349,0.6243982,0.0,0.6243982,0.15609954
51117,0.11305801,0.0017385402,0.22437747,0.20949738,0.0,0.20949738,0.052374344
51119,0.02458241,0.0017502696,0.047414552,0.056561854,0.0,0.056561854,0.014140463
51122,0.13096222,0.0017186071,0.26020584,0.26355025,0.0,0.26355025,0.06588756
51125,0.023980938,0.0015407779,0.046421096,0.05153201,0.0,0.05153201,0.012883003
51127,0.40999904,0.001380415,0.81861764,0.800783,0.0,0.800783,0.20019574
51130,0.17308868,0.0014466891,0.3447307,0.33479404,0.0,0.33479404,0.08369851
51133,0.04290685,0.0013615964,0.0844521,0.094075955,0.0,0.094075955,0.023518989
51135,0.22064786,0.0012459785,0.44004974,0.4532058,0.0,0.4532058,0.11330145
51138,0.18726493,0.0011006653,0.3734292,0.36652112,0.0,0.36652112,0.09163028
51140,0.08318571,0.0009800378,0.16539139,0.17486668,0.0,0.17486668,0.04371667
51143,0.046270434,0.0009983294,0.09154254,0.0895705,0.0,0.0895705,0.022392625
51146,0.021896569,0.0008261151,0.04296702,0.043533254,0.0,0.043533254,0.010883314
51148,0.50208205,0.0007740206,1.0033902,1.0109756,0.0,1.0109756,0.2527439
51151,0.5201815,0.000588587,1.0397743,1.0377363,0.0,1.0377363,0.25943407
51153,0.07923069,0.00057183485,0.15788954,0.15756424,0.0,0.15756424,0.03939106
51156,0.04584184,0.0005517765,0.091131896,0.09150416,0.0,0.09150416,0.02287604
51159,0.14766374,0.00048270597,0.29484478,0.29391858,0.0,0.29391858,0.073479645
51161,0.11048853,0.0004743034,0.22050275,0.22212599,0.0,0.22212599,0.055531498
51164,0.049346592,0.00046148084,0.0982317,0.100091636,0.0,0.100091636,0.025022909
51166,0.09419251,0.00041407393,0.18797095,0.18739855,0.0,0.18739855,0.04684964
51169,0.16587888,0.00043922698,0.33131853,0.33387733,0.0,0.33387733,0.08346933
51172,0.1265515,0.00045381323,0.25264916,0.25658056,0.0,0.25658056,0.06414514
51174,0.15485899,0.0004252669,0.3092927,0.30165187,0.0,0.30165187,0.07541297
51177,0.08203454,0.000449589,0.1636195,0.16519721,0.0,0.16519721,0.041299302
51180,0.034634892,0.0006276656,0.06864212,0.06360304,0.0,0.06360304,0.01590076
51182,0.13734013,0.00068963954,0.2739906,0.2820709,0.0,0.2820709,0.070517726
51185,0.1385489,0.00070056366,0.27639723,0.26425144,0.0,0.26425144,0.06606286
51187,0.02063822,0.00058520393,0.040691238,0.042981554,0.0,0.042981554,0.010745388
51190,0.044660274,0.0006004606,0.08872009,0.09183403,0.0,0.09183403,0.022958508
51193,0.18178809,0.0005883729,0.3629878,0.35127735,0.0,0.35127735,0.08781934
51195,0.036564656,0.0006068601,0.072522454,0.07036283,0.0,0.07036283,0.017590707
51198,0.08946207,0.0005213547,0.17840278,0.18657808,0.0,0.18657808,0.04664452
51200,0.37690914,0.00056863547,0.75324965,0.76697856,0.0,0.76697856,0.19174464
51203,0.49678442,0.0007366016,0.9928322,0.9649408,0.0,0.9649408,0.2412352
51206,0.4339539,0.00088956114,0.8670183,0.8488051,0.0,0.8488051,0.21220128
51208,0.01846748,0.0008215811,0.036113378,0.038060613,0.0,0.038060613,0.009515153
51211,0.35607752,0.0007376382,0.7114174,0.72480774,0.0,0.72480774,0.18120193
51213,0.05980995,0.0008965362,0.11872336,0.11634451,0.0,0.11634451,0.029086128
51216,0.26991212,0.0008792051,0.538945,0.56101894,0.0,0.56101894,0.14025474
51219,0.04423136,0.00096650794,0.08749621,0.08680261,0.0,0.08680261,0.021700652
51221,0.32572028,0.0010153063,0.65042526,0.6223139,0.0,0.6223139,0.15557848
51224,0.36464894,0.0011147633,0.7281831,0.7528606,0.0,0.7528606,0.18821515
51227,0.14513981,0.0012609543,0.28901866,0.31539914,0.0,0.31539914,0.078849785
51229,0.10130454,0.0012872429,0.20132184,0.17908412,0.0,0.17908412,0.04477103
51232,0.66259295,0.001423276,1.3237625,1.2703228,0.0,1.2703228,0.3175807
51234,0.027508818,0.0014756205,0.053542014,0.055544224,0.0,0.055544224,0.013886056
51237,0.06425349,0.0016135527,0.12689342,0.13635157,0.0,0.13635157,0.034087893
51240,0.6432832,0.0017545238,1.2848119,1.2224947,0.0,1.2224947,0.30562368
51242,0.38827655,0.0017932714,0.77475977,0.7157464,0.0,0.7157464,0.1789366
51245,0.68276876,0.0019743002,1.3635632,1.4346434,0.0,1.4346434,0.35866085
51247,0.4928689,0.0020945955,0.98364323,1.0571829,0.0,1.0571829,0.26429573
51250,0.03667919,0.0021520369,0.071206346,0.078696735,0.0,0.078696735,0.019674184
51253,0.2567176,0.0021386493,0.5112965,0.56968504,0.0,0.56968504,0.14242126
51255,0.03146214,0.0022397165,0.060684565,0.05885895,0.0,0.05885895,0.014714737
51258,0.107653975,0.0025155635,0.2127924,0.2537841,0.0,0.2537841,0.06344602
51260,0.23147015,0.0027759438,0.46016434,0.5252536,0.0,0.5252536,0.1313134
51263,0.44428745,0.0029822623,0.88559264,0.9588073,0.0,0.9588073,0.23970182
51266,0.11486102,0.0034178311,0.22630422,0.21342337,0.0,0.21342337,0.053355843
51268,0.4733416,0.0036212504,0.943062,1.0411814,0.0,1.0411814,0.26029536
51271,0.042727605,0.0038069214,0.08164828,0.09439828,0.0,0.09439828,0.02359957
51274,0.41807774,0.0039779167,0.8321776,0.9342541,0.0,0.9342541,0.23356353
51276,0.03578599,0.004002513,0.06756947,0.051294982,0.0,0.051294982,0.012823746
51279,0.27318177,0.004523091,0.54184043,0.46055233,0.0,0.46055233,0.11513808
51281,0.2746121,0.0045587914,0.5446654,0.45804453,0.0,0.45804453,0.11451113
51284,0.081058614,0.004397324,0.15771991,0.12922145,0.0,0.12922145,0.032305364
51287,0.15150195,0.00462054,0.29838338,0.23415613,0.0,0.23415613,0.058539033
51289,0.3329027,0.0046150982,0.66119033,0.76731807,0.0,0.76731807,0.19182952
51292,0.33324096,0.0048637134,0.66161823,0.5630811,0.0,0.5630811,0.14077027
51294,0.27068648,0.0048770015,0.536496,0.44784567,0.0,0.44784567,0.11196142
51297,0.17432599,0.0053630606,0.3432889,0.42423415,0.0,0.42423415,0.10605854
51300,0.5036118,0.0054066726,1.0018169,0.8718943,0.0,0.8718943,0.21797357
51302,0.26113477,0.005512496,0.5167571,0.42445663,0.0,0.42445663,0.10611416
51305,0.1780665,0.005904823,0.3502282,0.28205267,0.0,0.28205267,0.07051317
51307,0.03316005,0.006255241,0.060064856,0.06678214,0.0,0.06678214,0.016695535
51310,0.37410673,0.0057802326,0.74243325,0.85911244,0.0,0.85911244,0.21477811
51313,0.4813893,0.005900054,0.9568786,0.8338222,0.0,0.8338222,0.20845555
51315,0.36202952,0.005538343,0.7185207,0.83487225,0.0,0.83487225,0.20871806
51318,0.2948862,0.0061533763,0.58361906,0.48042226,0.0,0.48042226,0.120105565
51321,0.2829544,0.0057715327,0.5601373,0.657383,0.0,0.657383,0.16434576
51323,0.59782773,0.005357085,1.1902984,1.066639,0.0,1.066639,0.26665974
51326,0.8326009,0.0055289064,1.6596729,1.4875485,0.0,1.4875485,0.37188712
51328,0.5263564,0.0054544,1.0472584,1.1711816,0.0,1.1711816,0.2927954
51331,0.0863123,0.0059584235,0.1666662,0.12576933,0.0,0.12576933,0.031442333
51334,0.2644157,0.0048307255,0.5240007,0.5998412,0.0,0.5998412,0.1499603
51336,0.015934361,0.0046882494,0.02718047,0.037246857,0.0,0.037246857,0.009311714
51339,0.05565683,0.005015812,0.10629785,0.13891307,0.0,0.13891307,0.034728266
51341,0.6179115,0.0050046407,1.2308184,1.3562618,0.0,1.3562618,0.33906546
51344,0.10112878,0.0051238853,0.19713366,0.23591642,0.0,0.23591642,0.058979105
51347,0.08619115,0.0037434213,0.16863887,0.19452237,0.0,0.19452237,0.04863059
51349,0.20670556,0.004120675,0.40929043,0.35257104,0.0,0.35257104,0.08814276
51352,0.05263028,0.0035432463,0.101717316,0.124041505,0.0,0.124041505,0.031010376
51354,0.46465042,0.0036120873,0.92568874,1.0114294,0.0,1.0114294,0.25285736
51357,0.14452925,0.003526494,0.28553203,0.24342221,0.0,0.24342221,0.060855553
51360,0.033177204,0.0033658734,0.062988535,0.07756357,0.0,0.07756357,0.019390892
51362,0.5154628,0.00263967,1.028286,1.089832,0.0,1.089832,0.272458
51365,0.30938154,0.0024904823,0.6162726,0.6805641,0.0,0.6805641,0.17014103
51368,0.5931218,0.0019767869,1.1842668,1.114041,0.0,1.114041,0.27851024
51370,0.1874045,0.0021022868,0.37270668,0.40344357,0.0,0.40344357,0.100860894
51373,0.11705572,0.0020500494,0.2320614,0.21409257,0.0,0.21409257,0.053523142
51375,0.102922074,0.0018351196,0.20400901,0.21972275,0.0,0.21972275,0.054930687
51378,0.08377728,0.0021914213,0.16536313,0.1798873,0.0,0.1798873,0.044971824
51381,0.045206,0.0017453436,0.088666655,0.09801737,0.0,0.09801737,0.024504343
51383,0.29393288,0.0019946622,0.58587116,0.61217993,0.0,0.61217993,0.15304498
51386,0.032961596,0.001189799,0.06473339,0.05426832,0.0,0.05426832,0.01356708
51388,0.13472274,0.0010425356,0.26840293,0.2527174,0.0,0.2527174,0.06317935
51391,0.8135485,0.0012053316,1.6258917,1.5724319,0.0,1.5724319,0.39310798
51394,0.010487021,0.001227084,0.019746957,0.02261369,0.0,0.02261369,0.0056534223
51396,0.33482948,0.0012126697,0.6684463,0.64302,0.0,0.64302,0.160755
51399,0.13080576,0.0006719469,0.26093957,0.25215095,0.0,0.25215095,0.06303774
51401,0.36742494,0.00074490445,0.73410493,0.7166066,0.0,0.7166066,0.17915165
51404,0.059367042,0.00046195913,0.118272126,0.11388651,0.0,0.11388651,0.028471628
51407,0.10990132,0.0006596641,0.21914297,0.22537737,0.0,0.22537737,0.05634434
51409,0.28407744,0.00084655103,0.56730837,0.58157444,0.0,0.58157444,0.14539361
51412,0.043292757,0.00079750834,0.085788004,0.079640105,0.0,0.079640105,0.019910026
51415,0.037650496,0.0012522625,0.07404873,0.06695639,0.0,0.06695639,0.016739098
51417,0.0209627,0.0010826809,0.040842723,0.04104303,0.0,0.04104303,0.010260757
51420,0.080910705,0.0010192636,0.16080214,0.1517564,0.0,0.1517564,0.0379391
51422,0.7918375,0.0011199053,1.5825552,1.5664543,0.0,1.5664543,0.39161357
51425,0.08670038,0.0006219043,0.17277886,0.17238528,0.0,0.17238528,0.04309632
51428,0.032878883,0.00049988297,0.065257885,0.061650485,0.0,0.061650485,0.015412621
51430,0.28077802,0.00057216996,0.5609839,0.55629784,0.0,0.55629784,0.13907446
51433,0.14573537,0.0005717266,0.290899,0.29093686,0.0,0.29093686,0.072734214
51435,0.07801442,0.00057545846,0.15545337,0.15983291,0.0,0.15983291,0.039958227
51438,0.32694134,0.0004862229,0.6533965,0.6472793,0.0,0.6472793,0.16181983
51441,0.6769879,0.00064544874,1.3533303,1.3562266,0.0,1.3562266,0.33905664
51443,0.044738065,0.0006344291,0.0888417,0.09115427,0.0,0.09115427,0.022788567
51446,0.071390055,0.00091123465,0.14186887,0.14144045,0.0,0.14144045,0.035360113
51448,0.75124115,0.0006861131,1.5017961,1.4890496,0.0,1.4890496,0.3722624
51451,0.105127625,0.00043907118,0.20981617,0.20658283,0.0,0.20658283,0.051645707
51454,0.84493333,0.00046370123,1.689403,1.6849724,0.0,1.6849724,0.4212431
51456,0.038134966,0.0004207288,0.075849205,0.07635669,0.0,0.07635669,0.019089172
51459,0.03724556,0.00077395485,0.07371717,0.074788734,0.0,0.074788734,0.018697184
51462,0.24057591,0.0004982092,0.4806536,0.47246432,0.0,0.47246432,0.11811608
51464,0.05609439,0.00069090206,0.11149788,0.1140328,0.0,0.1140328,0.0285082
51467,0.22308755,0.000599463,0.44557562,0.4497554,0.0,0.4497554,0.11243885
51469,0.07872776,0.00067598367,0.15677953,0.15942414,0.0,0.15942414,0.039856035
51472,0.81982094,0.00064173056,1.6390003,1.6539346,0.0,1.6539346,0.41348365
51475,0.8893121,0.00076421816,1.77786,1.7572079,0.0,1.7572079,0.43930197
51477,0.029589497,0.0007955078,0.058383483,0.054943275,0.0,0.054943275,0.013735819
51480,0.094578676,0.0007975185,0.18835984,0.1998126,0.0,0.1998126,0.04995315
51482,0.10365868,0.00070232525,0.20661505,0.19351637,0.0,0.19351637,0.048379093
51485,0.23140506,0.00069136993,0.46211874,0.48190165,0.0,0.48190165,0.12047541
51488,0.51888216,0.00065511063,1.0371093,1.0071563,0.0,1.0071563,0.25178906
51490,0.1328081,0.0007191429,0.26489705,0.28589845,0.0,0.28589845,0.07147461
51493,0.16556615,0.0007542283,0.33037806,0.30814442,0.0,0.30814442,0.077036105
51495,0.13055511,0.0007898255,0.2603204,0.26078582,0.0,0.26078582,0.065196455
51498,0.49335828,0.0011391443,0.9855774,1.0131654,0.0,1.0131654,0.25329134
51501,0.07202054,0.0012894993,0.14275157,0.16000305,0.0,0.16000305,0.040000763
51503,0.028737655,0.0012533171,0.05622199,0.0511959,0.0,0.0511959,0.012798975
51506,0.044396624,0.001198938,0.08759431,0.087469995,0.0,0.087469995,0.021867499
51509,0.04210412,0.0011806882,0.08302755,0.079973556,0.0,0.079973556,0.019993389
51511,0.14502726,0.0012993283,0.2887552,0.25944743,0.0,0.25944743,0.06486186
51514,0.7944873,0.0014046353,1.5875701,1.6557293,0.0,1.6557293,0.41393232
51516,0.018399881,0.0014514421,0.035348322,0.037522133,0.0,0.037522133,0.009380533
51519,0.08994744,0.0014673505,0.17842753,0.17999184,0.0,0.17999184,0.04499796
51522,0.032895796,0.0015528062,0.06423879,0.054660965,0.0,0.054660965,0.013665241
51524,0.09623358,0.0015967977,0.19087036,0.21968417,0.0,0.21968417,0.054921042
51527,0.09347787,0.001681095,0.18527465,0.1670956,0.0,0.1670956,0.0417739
51529,0.112424225,0.0016284244,0.22322004,0.19477475,0.0,0.19477475,0.048693687
51532,0.33876848,0.0016682198,0.67586875,0.62127,0.0,0.62127,0.1553175
51535,0.7958863,0.0016242327,1.5901483,1.6567497,0.0,1.6567497,0.41418743
51537,0.03252317,0.001654708,0.06339163,0.052499134,0.0,0.052499134,0.0131247835
51540,0.1331654,0.0017559809,0.26457483,0.22983682,0.0,0.22983682,0.057459205
51543,0.018395515,0.0018023147,0.034988713,0.031363696,0.0,0.031363696,0.007840924
51545,0.24019717,0.0018346816,0.47855964,0.52446085,0.0,0.52446085,0.13111521
51548,0.6227555,0.0018245414,1.2436866,1.173647,0.0,1.173647,0.29341176
51550,0.13026568,0.001745848,0.25878552,0.22874562,0.0,0.22874562,0.057186406
51553,0.04019926,0.00182413,0.07857439,0.06670437,0.0,0.06670437,0.016676093
51556,0.29976252,0.001685185,0.5978399,0.64201146,0.0,0.64201146,0.16050287
51558,0.09711968,0.001678838,0.19256051,0.18455108,0.0,0.18455108,0.04613777
51561,0.6668182,0.001670707,1.3319657,1.4055017,0.0,1.4055017,0.35137543
51563,0.04620035,0.0016498173,0.09075088,0.080115646,0.0,0.080115646,0.020028912
51566,0.09666535,0.0016757384,0.19165497,0.20718057,0.0,0.20718057,0.051795144
51569,0.17965716,0.0016788874,0.3576354,0.3933971,0.0,0.3933971,0.09834927
51571,0.0926803,0.0015528252,0.18380778,0.17493136,0.0,0.17493136,0.04373284
51574,0.041023903,0.001751476,0.08029633,0.079381295,0.0,0.079381295,0.019845324
51576,0.83637494,0.0015822971,1.6711675,1.742392,0.0,1.742392,0.435598
51579,0.08509606,0.0018050345,0.1683871,0.19369192,0.0,0.19369192,0.04842298
51582,0.046709165,0.0015511395,0.091867186,0.095900916,0.0,0.095900916,0.023975229
51584,0.030176364,0.0014695367,0.05888319,0.05848473,0.0,0.05848473,0.014621182
51587,0.35651717,0.0015134523,0.71152085,0.75460404,0.0,0.75460404,0.18865101
51590,0.025115244,0.0014925812,0.04873791,0.051506292,0.0,0.051506292,0.012876573
51592,0.09467346,0.0015268835,0.18782003,0.21294872,0.0,0.21294872,0.05323718
51595,0.49586082,0.0014290186,0.9902926,1.0402216,0.0,1.0402216,0.2600554
51597,0.20835333,0.0014463969,0.41526023,0.45533192,0.0,0.45533192,0.11383298
51600,0.43608975,0.0013654889,0.870814,0.8138094,0.0,0.8138094,0.20345235
51603,0.33145532,0.0014105107,0.6615001,0.70907813,0.0,0.70907813,0.17726953
51605,0.21302146,0.0013336729,0.42470923,0.3866774,0.0,0.3866774,0.09666935
51608,0.54115087,0.0014590299,1.0808426,1.020303,0.0,1.020303,0.25507575
51610,0.11266226,0.0014306414,0.22389388,0.2518444,0.0,0.2518444,0.0629611
51613,0.016290689,0.0015398302,0.031041548,0.028562052,0.0,0.028562052,0.007140513
51616,0.6045569,0.001534003,1.2075799,1.1530479,0.0,1.1530479,0.28826198
51618,0.13046114,0.0014039451,0.25951833,0.2865083,0.0,0.2865083,0.07162707
51621,0.21135493,0.0015943013,0.42111555,0.45963812,0.0,0.45963812,0.11490953
51623,0.9050033,0.0016046907,1.808402,1.7448397,0.0,1.7448397,0.43620992
51626,0.04502772,0.0016222885,0.088433154,0.09735492,0.0,0.09735492,0.02433873
51629,0.29381078,0.0014920292,0.58612955,0.54253024,0.0,0.54253024,0.13563256
51631,0.33905402,0.001432578,0.6766755,0.72651625,0.0,0.72651625,0.18162906
51634,0.114924155,0.0013812915,0.228467,0.2551105,0.0,0.2551105,0.063777626
51637,0.15122803,0.0012746399,0.3011814,0.32625744,0.0,0.32625744,0.08156436
51639,0.1155485,0.0012833505,0.22981365,0.25404778,0.0,0.25404778,0.063511945
51642,0.044008065,0.0011740699,0.08684206,0.09398109,0.0,0.09398109,0.023495272
51644,0.10833243,0.0012740378,0.21539085,0.20437928,0.0,0.20437928,0.05109482
51647,0.041590493,0.001121194,0.08205979,0.08199123,0.0,0.08199123,0.020497808
51650,0.2886093,0.0012540487,0.5759645,0.5369006,0.0,0.5369006,0.13422514
51652,0.026398972,0.001111997,0.051685944,0.052652,0.0,0.052652,0.013163
51655,0.60530514,0.0012602851,1.20935,1.1490738,0.0,1.1490738,0.28726846
51657,0.14986818,0.0012430492,0.2984933,0.32751784,0.0,0.32751784,0.08187946
51660,0.023247378,0.0012399103,0.045254845,0.049337547,0.0,0.049337547,0.012334387
51663,0.20569055,0.0013053124,0.41007578,0.3762213,0.0,0.3762213,0.094055325
51665,0.03178716,0.0013834188,0.0621909,0.07051897,0.0,0.07051897,0.017629743
51668,0.046062548,0.0014592959,0.090665795,0.09109556,0.0,0.09109556,0.02277389
51670,0.054486442,0.0015108585,0.107462026,0.12536405,0.0,0.12536405,0.031341013
51673,0.17399709,0.0015092046,0.346485,0.38187754,0.0,0.38187754,0.095469385
51676,0.09436869,0.0016336162,0.18710375,0.21469712,0.0,0.21469712,0.05367428
51678,0.28617236,0.0017237704,0.57062095,0.5211586,0.0,0.5211586,0.13028964
51681,0.26455224,0.0017235709,0.5273809,0.56224877,0.0,0.56224877,0.14056219
51684,0.22716896,0.0017744023,0.45256352,0.49836305,0.0,0.49836305,0.12459076
51686,0.057802573,0.0018484021,0.113756746,0.13745357,0.0,0.13745357,0.034363393
51689,0.026027342,0.001936764,0.05011792,0.050877776,0.0,0.050877776,0.012719444
51691,0.08816651,0.001972826,0.1743602,0.208053,0.0,0.208053,0.05201325
51694,0.030954616,0.002027147,0.059882086,0.06186533,0.0,0.06186533,0.015466332
51697,0.044880092,0.002051094,0.08770909,0.07551256,0.0,0.07551256,0.01887814
51699,0.05517495,0.0021354638,0.10821444,0.09343892,0.0,0.09343892,0.02335973
51702,0.5943644,0.002308538,1.1864203,1.0966274,0.0,1.0966274,0.27415684
51704,0.012648108,0.002402345,0.02289387,0.019368596,0.0,0.019368596,0.004842149
51707,0.50885975,0.0024515965,1.015268,0.92838717,0.0,0.92838717,0.23209679
51710,0.3869821,0.002558734,0.7714055,0.8524723,0.0,0.8524723,0.21311808
51712,0.04690267,0.002652934,0.09115241,0.10543027,0.0,0.10543027,0.026357567
51715,0.15904519,0.0026904496,0.31539991,0.36722717,0.0,0.36722717,0.09180679
51717,0.015220572,0.0026608745,0.02778027,0.025748705,0.0,0.025748705,0.0064371764
51720,0.12546852,0.002731223,0.24820583,0.29300216,0.0,0.29300216,0.07325054
51723,0.07317174,0.0027251716,0.1436183,0.15754955,0.0,0.15754955,0.039387386
51725,0.2917194,0.0027992558,0.58063954,0.5107594,0.0,0.5107594,0.12768985
51728,0.25149187,0.0028261151,0.5001576,0.4405986,0.0,0.4405986,0.11014965
51731,0.10458771,0.0027265747,0.20644885,0.19655333,0.0,0.19655333,0.049138334
51733,0.5230579,0.002671403,1.0434443,1.138473,0.0,1.138473,0.28461826
51736,0.04219231,0.0026440956,0.08174053,0.087725945,0.0,0.087725945,0.021931486
51738,0.2909102,0.0025682922,0.5792522,0.52424484,0.0,0.52424484,0.13106121
51741,0.28977004,0.0024319047,0.5771082,0.5193436,0.0,0.5193436,0.1298359
51744,0.12037022,0.0023992334,0.23834121,0.26803455,0.0,0.26803455,0.06700864
51746,0.042347133,0.0023539083,0.08234035,0.08564154,0.0,0.08564154,0.021410385
51749,0.13871616,0.0024098621,0.27502248,0.24229062,0.0,0.24229062,0.060572654
51751,0.08591775,0.002269128,0.16956638,0.14462526,0.0,0.14462526,0.036156315
51754,0.47349024,0.002133929,0.9448466,0.87018234,0.0,0.87018234,0.21754558
51757,0.12430826,0.0021896025,0.24642693,0.20879698,0.0,0.20879698,0.052199244
51759,0.22348982,0.0024410302,0.4445386,0.39410576,0.0,0.39410576,0.09852644
51762,0.07442004,0.0023365035,0.14650358,0.12293184,0.0,0.12293184,0.03073296
51764,0.16252466,0.002480549,0.32256877,0.36771736,0.0,0.36771736,0.09192934
51767,0.13870157,0.0022824593,0.2751207,0.3121186,0.0,0.3121186,0.07802965
51770,0.18583663,0.002458451,0.3692148,0.3216331,0.0,0.3216331,0.080408275
51772,0.11437891,0.002364828,0.22639298,0.19023181,0.0,0.19023181,0.047557954
51775,0.2678824,0.0021263703,0.5336384,0.47913477,0.0,0.47913477,0.11978369
51778,0.026118284,0.0021229377,0.05011363,0.03909326,0.0,0.03909326,0.009773315
51780,0.4532324,0.0021499677,0.9043148,0.97154444,0.0,0.97154444,0.24288611
51783,0.40487793,0.00215281,0.80760306,0.7463719,0.0,0.7463719,0.18659298
51785,0.21533401,0.0020897202,0.4285783,0.3859787,0.0,0.3859787,0.096494675
51788,0.5713368,0.0019421992,1.1407315,1.0604465,0.0,1.0604465,0.26511163
51791,0.15847242,0.0021565566,0.31478828,0.35003236,0.0,0.35003236,0.08750809
51793,0.17709689,0.0019414217,0.35225236,0.38765565,0.0,0.38765565,0.09691391
51796,0.0639337,0.00223149,0.1256359,0.11437384,0.0,0.11437384,0.02859346
51798,0.27392733,0.0020350826,0.5458196,0.49551633,0.0,0.49551633,0.12387908
51801,0.02229292,0.0020121068,0.04257373,0.054204423,0.0,0.054204423,0.013551106
51804,0.3257493,0.0019880868,0.6495105,0.5919325,0.0,0.5919325,0.14798312
51806,0.083195366,0.0021033173,0.16428742,0.14330147,0.0,0.14330147,0.035825368
51809,0.42562377,0.00160192,0.8496456,0.9032696,0.0,0.9032696,0.2258174
51811,0.18564345,0.0015676046,0.3697193,0.34271154,0.0,0.34271154,0.085677885
51814,0.02841933,0.0014609707,0.055377692,0.062329143,0.0,0.062329143,0.015582286
51817,0.049404595,0.0015507523,0.09725844,0.085207246,0.0,0.085207246,0.021301812
51819,0.18799041,0.0013975017,0.37458333,0.40428698,0.0,0.40428698,0.101071745
51822,0.080589816,0.0013284952,0.15985113,0.17772861,0.0,0.17772861,0.044432152
51825,0.015883582,0.0012711467,0.030496016,0.035393894,0.0,0.035393894,0.008848473
51827,0.3938659,0.0013447773,0.786387,0.825898,0.0,0.825898,0.2064745
51830,0.246258,0.0013544991,0.4911615,0.46000823,0.0,0.46000823,0.11500206
51832,0.09084522,0.0012034358,0.18048699,0.1697877,0.0,0.1697877,0.042446926
51835,0.36531016,0.0012229868,0.7293973,0.76677924,0.0,0.76677924,0.19169481
51838,0.13812892,0.0011896923,0.27506813,0.26570174,0.0,0.26570174,0.066425435
51840,0.14004044,0.0013705011,0.27871037,0.29553577,0.0,0.29553577,0.07388394
51843,0.018962828,0.001186468,0.03673919,0.034686297,0.0,0.034686297,0.008671574
51845,0.057409525,0.0012518744,0.11356717,0.12115282,0.0,0.12115282,0.030288205
51848,0.21293803,0.0013004773,0.42457557,0.4461328,0.0,0.4461328,0.1115332
51851,0.057893384,0.0011611934,0.11462557,0.1070135,0.0,0.1070135,0.026753375
51853,0.17790878,0.0010990184,0.35471854,0.37592682,0.0,0.37592682,0.093981706
51856,0.25022855,0.00094597257,0.49951112,0.5255063,0.0,0.5255063,0.13137658
51858,0.13900231,0.00091528613,0.27708933,0.25593618,0.0,0.25593618,0.063984044
51861,0.07612006,0.0010323437,0.15120779,0.13503249,0.0,0.13503249,0.033758122
51864,0.065127015,0.0008899328,0.12936409,0.13850528,0.0,0.13850528,0.03462632
51866,0.033989202,0.000951657,0.06702674,0.06807772,0.0,0.06807772,0.01701943
51869,0.040401924,0.0009066846,0.079897165,0.08419493,0.0,0.08419493,0.021048732
51872,0.054864958,0.0009680909,0.108761825,0.1011414,0.0,0.1011414,0.02528535
51874,0.19434716,0.00096863677,0.38772568,0.35745096,0.0,0.35745096,0.08936274
51877,0.24740799,0.0009845716,0.4938314,0.45841956,0.0,0.45841956,0.11460489
51879,0.4538287,0.0009106459,0.9067467,0.8606904,0.0,0.8606904,0.2151726
51882,0.33930787,0.0010622566,0.6775535,0.6355338,0.0,0.6355338,0.15888345
51885,0.22142518,0.0010885795,0.44176176,0.4058524,0.0,0.4058524,0.1014631
51887,0.05094939,0.0011420537,0.10075673,0.09861205,0.0,0.09861205,0.024653012
51890,0.026896136,0.0010425752,0.052749697,0.053564776,0.0,0.053564776,0.013391194
51892,0.45168746,0.0011055082,0.90226936,0.8580647,0.0,0.8580647,0.21451618
51895,0.027971275,0.0012357873,0.054706763,0.05214415,0.0,0.05214415,0.013036038
51898,0.081432894,0.0014814284,0.16138436,0.15334968,0.0,0.15334968,0.03833742
51900,0.23243795,0.0015311105,0.46334478,0.50108886,0.0,0.50108886,0.12527221
51903,0.0747397,0.001735618,0.14774379,0.16467668,0.0,0.16467668,0.04116917
51905,0.6520005,0.0018873642,1.3021137,1.2247056,0.0,1.2247056,0.3061764
51908,0.22483695,0.0019027946,0.4477711,0.4102488,0.0,0.4102488,0.1025622
51911,0.013258406,0.0018188633,0.02469795,0.026130179,0.0,0.026130179,0.0065325447
51913,0.27562663,0.0018150668,0.5494382,0.59705234,0.0,0.59705234,0.14926308
51916,0.24385226,0.0016022237,0.4861023,0.5298686,0.0,0.5298686,0.13246715
51919,0.06096065,0.0015270704,0.12039423,0.13285254,0.0,0.13285254,0.033213135
51921,0.38612446,0.001185596,0.7710633,0.8197472,0.0,0.8197472,0.2049368
51924,0.1142992,0.00113864,0.22745974,0.25267497,0.0,0.25267497,0.06316874
51926,0.15734406,0.0011758591,0.31351224,0.285539,0.0,0.285539,0.07138475
51929,0.3509982,0.0012169163,0.7007795,0.658419,0.0,0.658419,0.16460475
51932,0.12556805,0.0011184762,0.2500176,0.2726405,0.0,0.2726405,0.068160124
51934,0.18761717,0.0010653447,0.374169,0.40383306,0.0,0.40383306,0.100958265
51937,0.04106069,0.0011499982,0.08097138,0.07885485,0.0,0.07885485,0.019713713
51939,0.07992967,0.0012560892,0.15860327,0.14384402,0.0,0.14384402,0.035961006
51942,0.4112313,0.0014126549,0.82105,0.77097887,0.0,0.77097887,0.19274472
51945,0.112781726,0.0014497921,0.22411366,0.19546811,0.0,0.19546811,0.04886703
51947,0.49023795,0.0014169348,0.979059,1.0390857,0.0,1.0390857,0.25977144
51950,0.17136532,0.0013772541,0.3413534,0.37551883,0.0,0.37551883,0.09387971
51952,0.37871528,0.001535188,0.7558954,0.8105028,0.0,0.8105028,0.2026257
51955,0.31705675,0.0016635457,0.6324499,0.5798996,0.0,0.5798996,0.1449749
51958,0.07405979,0.0016724354,0.14644714,0.17287593,0.0,0.17287593,0.04321898
51960,0.25128958,0.0016572919,0.5009219,0.45438662,0.0,0.45438662,0.113596655
51963,0.03789737,0.0017006038,0.07409414,0.06117778,0.0,0.06117778,0.015294445
51966,0.08405199,0.0018226906,0.16628127,0.13789803,0.0,0.13789803,0.034474507
51968,0.055163097,0.0018020893,0.10852411,0.106571674,0.0,0.106571674,0.026642919
51971,0.2698228,0.0018760351,0.5377696,0.48377535,0.0,0.48377535,0.12094384
51973,0.034823418,0.0019856824,0.06766115,0.056058336,0.0,0.056058336,0.014014584
51976,0.12679982,0.0021407406,0.2514589,0.27031115,0.0,0.27031115,0.06757779
51979,0.016798062,0.0021311704,0.031464953,0.028959943,0.0,0.028959943,0.0072399857
51981,0.055748016,0.0021297701,0.10936626,0.10639289,0.0,0.10639289,0.026598223
51984,0.099912934,0.0021167838,0.19770908,0.22958392,0.0,0.22958392,0.05739598
51986,0.31995723,0.00204197,0.6378725,0.5791817,0.0,0.5791817,0.14479542
51989,0.26581076,0.0020750978,0.52954644,0.5877697,0.0,0.5877697,0.14694242
51992,0.08811312,0.0020051373,0.1742211,0.20750749,0.0,0.20750749,0.051876873
51994,0.09172615,0.0020300231,0.18142228,0.15305084,0.0,0.15305084,0.03826271
51997,0.03163831,0.0019860964,0.06129052,0.04888175,0.0,0.04888175,0.012220438
51999,0.11565549,0.001928159,0.22938283,0.20316847,0.0,0.20316847,0.050792117
52002,0.19275941,0.0020415403,0.3834773,0.4333382,0.0,0.4333382,0.10833455
52005,0.6345517,0.0021145777,1.2669888,1.3581151,0.0,1.3581151,0.33952877
52007,0.49103293,0.0020989038,0.97996694,1.0532776,0.0,1.0532776,0.2633194
52010,0.044615954,0.00212894,0.08710297,0.081155665,0.0,0.081155665,0.020288916
52013,0.04080927,0.0021037513,0.079514794,0.0950526,0.0,0.0950526,0.02376315
52015,0.043307807,0.0021072852,0.08450833,0.07046745,0.0,0.07046745,0.017616862
52018,0.22569029,0.0020674902,0.44931307,0.4062551,0.0,0.4062551,0.101563774
52020,0.35873678,0.002128818,0.7153447,0.6535005,0.0,0.6535005,0.16337512
52023,0.45658386,0.0021428333,0.91102487,0.84542626,0.0,0.84542626,0.21135657
52026,0.08529893,0.0021464108,0.16845147,0.19688644,0.0,0.19688644,0.04922161
52028,0.029417885,0.0020232631,0.056812506,0.048812646,0.0,0.048812646,0.012203162
52031,0.024963446,0.0019149523,0.04801194,0.057909876,0.0,0.057909876,0.014477469
52033,0.023199478,0.0018513324,0.04454763,0.048985656,0.0,0.048985656,0.012246414
52036,0.65466976,0.0019374067,1.3074021,1.3891426,0.0,1.3891426,0.34728566
52039,0.8900197,0.0020035987,1.7780358,1.6823918,0.0,1.6823918,0.42059794
52041,0.037900146,0.0019669153,0.073833376,0.079701915,0.0,0.079701915,0.019925479
52044,0.6074767,0.0019301204,1.2130233,1.1423855,0.0,1.1423855,0.28559637
52047,0.09606815,0.0018419692,0.19029434,0.21896142,0.0,0.21896142,0.054740354
52049,0.18525438,0.0018711261,0.36863765,0.41060925,0.0,0.41060925,0.10265231
52052,0.09011808,0.0019760993,0.17826007,0.20775472,0.0,0.20775472,0.05193868
52054,0.02648589,0.002029161,0.05094262,0.055616617,0.0,0.055616617,0.013904154
52057,0.058939178,0.0021637867,0.11571457,0.10793207,0.0,0.10793207,0.026983017
52060,0.2468006,0.00230459,0.49129662,0.43572727,0.0,0.43572727,0.10893182
52062,0.16906093,0.002370153,0.33575168,0.38635552,0.0,0.38635552,0.09658888
52065,0.023707306,0.0024404898,0.04497412,0.048134,0.0,0.048134,0.0120335
52067,0.16903435,0.0025104387,0.33555827,0.3886607,0.0,0.3886607,0.097165175
52070,0.05120421,0.0026379153,0.09977051,0.08585831,0.0,0.08585831,0.021464577
52073,0.06751197,0.0027552221,0.13226871,0.16736734,0.0,0.16736734,0.041841835
52075,0.03607237,0.0028450165,0.06929972,0.08231534,0.0,0.08231534,0.020578835
52078,0.59416044,0.003023738,1.1852971,1.2798222,0.0,1.2798222,0.31995556
52080,0.3522594,0.003157406,0.7013614,0.7784302,0.0,0.7784302,0.19460756
52083,0.19429654,0.0034693077,0.38512376,0.44853637,0.0,0.44853637,0.11213409
52086,0.12869297,0.0038305887,0.25355533,0.3078359,0.0,0.3078359,0.07695898
52088,0.1582082,0.003844592,0.3125718,0.37504092,0.0,0.37504092,0.09376023
52091,0.049932662,0.003826455,0.09603887,0.07412936,0.0,0.07412936,0.01853234
52094,0.058291856,0.0037064198,0.1128773,0.13180499,0.0,0.13180499,0.032951247
52096,0.05478413,0.003701076,0.105867185,0.12608568,0.0,0.12608568,0.03152142
52099,0.116621904,0.0037407912,0.22950302,0.28404388,0.0,0.28404388,0.07101097
52101,0.9998729,0.0036723923,1.9960734,1.849379,0.0,1.849379,0.46234474
52104,0.32738385,0.0036729975,0.6510947,0.56854796,0.0,0.56854796,0.14213699
52107,0.5261213,0.0038194703,1.0484232,1.1588227,0.0,1.1588227,0.28970566
52109,0.13082261,0.0040083635,0.25763687,0.22919364,0.0,0.22919364,0.05729841
52112,0.09376455,0.003994373,0.18353474,0.1668362,0.0,0.1668362,0.04170905
52114,0.6860489,0.0039534117,1.3681444,1.4996152,0.0,1.4996152,0.3749038
52117,0.05412477,0.0038017759,0.10444776,0.12883563,0.0,0.12883563,0.03220891
52120,0.077794544,0.0040584276,0.15153067,0.18048827,0.0,0.18048827,0.04512207
52122,0.27733234,0.0038723683,0.5507923,0.47548187,0.0,0.47548187,0.11887047
52125,0.20459187,0.0038114786,0.40537226,0.35392055,0.0,0.35392055,0.08848014
52127,0.2435775,0.0038632613,0.48329175,0.41437578,0.0,0.41437578,0.103593946
52130,0.73465735,0.0039184326,1.4653963,1.3349222,0.0,1.3349222,0.33373055
52133,0.035514068,0.0039283657,0.06709977,0.058053177,0.0,0.058053177,0.014513294
52135,0.7227728,0.0037056233,1.4418398,1.5739149,0.0,1.5739149,0.39347872
52138,0.08572235,0.003294994,0.16814971,0.13496552,0.0,0.13496552,0.03374138
52141,0.17734104,0.0034077682,0.35127434,0.29601756,0.0,0.29601756,0.07400439
52143,0.10407067,0.0033382599,0.2048031,0.24749613,0.0,0.24749613,0.061874032
52146,0.46540263,0.003366851,0.92743844,0.83497024,0.0,0.83497024,0.20874256
52148,0.14411776,0.0030857183,0.28514978,0.24229841,0.0,0.24229841,0.060574602
52151,0.080510415,0.003070311,0.1579505,0.19032604,0.0,0.19032604,0.04758151
52154,0.4142039,0.0030533315,0.8253545,0.7408294,0.0,0.7408294,0.18520735
52156,0.06673204,0.002953402,0.13051069,0.1080788,0.0,0.1080788,0.0270197
52159,0.17014635,0.0026126977,0.33767998,0.36974403,0.0,0.36974403,0.09243601
52161,0.30604154,0.002593215,0.60948986,0.55263865,0.0,0.55263865,0.13815966
52164,0.0643361,0.002544544,0.12612766,0.14513548,0.0,0.14513548,0.03628387
52167,0.17133534,0.0025084934,0.3401622,0.30179277,0.0,0.30179277,0.07544819
52169,0.059754763,0.0025050493,0.11700448,0.09407752,0.0,0.09407752,0.02351938
52172,0.042457704,0.0023608494,0.08255456,0.08935642,0.0,0.08935642,0.022339106
52174,0.13802889,0.0022903525,0.27376744,0.29812348,0.0,0.29812348,0.07453087
52177,0.07592512,0.0025533936,0.14929684,0.16931064,0.0,0.16931064,0.04232766
52180,0.3393881,0.0024414218,0.6763348,0.61895245,0.0,0.61895245,0.15473811
52182,0.024142964,0.002237011,0.046048913,0.037900854,0.0,0.037900854,0.0094752135
52185,0.3373932,0.0021849058,0.6726015,0.611739,0.0,0.611739,0.15293474
52188,0.27390972,0.0020535502,0.5457659,0.6030466,0.0,0.6030466,0.15076165
52190,0.69940263,0.0019317734,1.3968735,1.4843005,0.0,1.4843005,0.37107512
52193,0.062254023,0.002132951,0.12237509,0.10744832,0.0,0.10744832,0.02686208
52195,0.025797965,0.0018018048,0.049794126,0.050388236,0.0,0.050388236,0.012597059
52198,0.26538318,0.0017790059,0.52898735,0.48488513,0.0,0.48488513,0.12122128
52201,0.9425895,0.0018868129,1.8832922,1.7897409,0.0,1.7897409,0.44743523
52203,0.02113556,0.0020050677,0.040266052,0.030716874,0.0,0.030716874,0.0076792184
52206,0.14406301,0.0018793488,0.28624666,0.31528652,0.0,0.31528652,0.07882163
52208,0.17999738,0.0014017782,0.358593,0.38856885,0.0,0.38856885,0.09714221
52211,0.9161139,0.0012560835,1.8309717,1.7458216,0.0,1.7458216,0.4364554
52214,0.47345194,0.0013731861,0.94553065,0.88498545,0.0,0.88498545,0.22124636
52216,0.6935351,0.0012693504,1.3858008,1.3191133,0.0,1.3191133,0.3297783
52219,0.27935615,0.0012354964,0.5574768,0.5933661,0.0,0.5933661,0.14834152
52221,0.03929611,0.0011440595,0.07744815,0.06582148,0.0,0.06582148,0.01645537
52224,0.11020595,0.0011554641,0.21925645,0.23700346,0.0,0.23700346,0.059250865
52227,0.58013153,0.0015611985,1.1587019,1.1019872,0.0,1.1019872,0.2754968
52229,0.09090165,0.001531761,0.18027155,0.17489874,0.0,0.17489874,0.043724686
52232,0.015550024,0.0012947894,0.029805258,0.030091664,0.0,0.030091664,0.007522916
52235,0.025272235,0.0017322575,0.04881221,0.056730915,0.0,0.056730915,0.014182729
52237,0.09313157,0.001079102,0.18518405,0.17185895,0.0,0.17185895,0.042964738
52240,0.38097492,0.0011985768,0.76075125,0.80156845,0.0,0.80156845,0.20039211
52242,0.56918913,0.0010280741,1.1373502,1.1834217,0.0,1.1834217,0.29585543
52245,0.33378556,0.0009900155,0.66658115,0.70083994,0.0,0.70083994,0.17520998
52248,0.9164632,0.0009952731,1.8319311,1.8785467,0.0,1.8785467,0.46963668
52250,0.101654,0.00086094876,0.20244706,0.21075563,0.0,0.21075563,0.052688908
52253,0.39888823,0.00072850194,0.7970479,0.826701,0.0,0.826701,0.20667525
52255,0.15615718,0.0008911626,0.3114232,0.29067293,0.0,0.29067293,0.07266823
52258,0.31672442,0.001109934,0.63233894,0.6011605,0.0,0.6011605,0.15029013
52261,0.020954138,0.0012911774,0.040617097,0.03671251,0.0,0.03671251,0.009178127
52263,0.16881703,0.0011491334,0.3364849,0.31368068,0.0,0.31368068,0.07842017
52266,0.14225261,0.0011103059,0.2833949,0.3040501,0.0,0.3040501,0.07601252
52268,0.24418294,0.00103429,0.4873316,0.51502824,0.0,0.51502824,0.12875706
52271,0.054275174,0.0013872962,0.10716305,0.10645548,0.0,0.10645548,0.02661387
52274,0.08274729,0.0010885302,0.16440605,0.18615006,0.0,0.18615006,0.046537515
52276,0.039762367,0.0011341003,0.078390636,0.081818566,0.0,0.081818566,0.020454641
52279,0.07963037,0.0011060656,0.15815467,0.17901027,0.0,0.17901027,0.044752568
52282,0.05611824,0.0014197937,0.11081669,0.105933726,0.0,0.105933726,0.026483431
52284,0.6348916,0.0016233748,1.2681599,1.3290225,0.0,1.3290225,0.33225563
52287,0.07442612,0.0016040959,0.14724815,0.12447959,0.0,0.12447959,0.031119898
52289,0.086880125,0.0014959099,0.17226434,0.14977834,0.0,0.14977834,0.037444584
52292,0.14935105,0.0016154288,0.2970867,0.33167183,0.0,0.33167183,0.08291796
52295,0.053722993,0.0017769175,0.105669074,0.09483642,0.0,0.09483642,0.023709105
52297,0.18135136,0.001706788,0.36099592,0.40300593,0.0,0.40300593,0.10075148
52300,0.2704452,0.0018335391,0.53905684,0.5927592,0.0,0.5927592,0.1481898
52302,0.24114025,0.0018283563,0.48045215,0.43377122,0.0,0.43377122,0.108442806
52305,0.71770924,0.0021368666,1.4332815,1.5319923,0.0,1.5319923,0.38299808
52308,0.3666756,0.0017364724,0.73161465,0.6738877,0.0,0.6738877,0.16847193
52310,0.14578152,0.0017071936,0.28985584,0.31928143,0.0,0.31928143,0.07982036
52313,0.22885017,0.0018440002,0.45585632,0.50748616,0.0,0.50748616,0.12687154
52315,0.53567946,0.0017336741,1.0696253,0.99180573,0.0,0.99180573,0.24795143
52318,0.59317,0.0017990518,1.184541,1.257846,0.0,1.257846,0.3144615
52321,0.120056204,0.0017204076,0.238392,0.20936735,0.0,0.20936735,0.052341837
52323,0.02578506,0.0017168354,0.049853284,0.04023853,0.0,0.04023853,0.010059632
52326,0.067482494,0.0019300054,0.13303499,0.12044666,0.0,0.12044666,0.030111665
52329,0.44796765,0.0021205386,0.89381474,0.82677984,0.0,0.82677984,0.20669496
52331,0.6728119,0.0021276977,1.3434962,1.4388361,0.0,1.4388361,0.35970902
52334,0.5319504,0.002159326,1.0617415,0.9836304,0.0,0.9836304,0.2459076
52336,0.056556452,0.002298211,0.11081469,0.09518645,0.0,0.09518645,0.023796612
52339,0.20400697,0.0021713683,0.40584257,0.45230928,0.0,0.45230928,0.11307732
52342,0.41257253,0.0023650855,0.82277995,0.8978205,0.0,0.8978205,0.22445512
52344,0.28986368,0.0021344726,0.5775929,0.6353232,0.0,0.6353232,0.1588308
52347,0.02735901,0.0022541985,0.052463826,0.041317835,0.0,0.041317835,0.010329459
52349,0.037672076,0.0021839708,0.07316018,0.061683465,0.0,0.061683465,0.015420866
52352,0.037501354,0.0020696614,0.07293304,0.06402084,0.0,0.06402084,0.01600521
52355,0.8078589,0.0020339305,1.6136838,1.700769,0.0,1.700769,0.42519224
52357,0.052120585,0.001820766,0.10242041,0.093965314,0.0,0.093965314,0.023491329
52360,0.042166587,0.0017367792,0.08259639,0.09133915,0.0,0.09133915,0.022834787
52362,0.29313347,0.0022192935,0.5840476,0.6439078,0.0,0.6439078,0.16097695
52365,0.19672644,0.0020323275,0.39142057,0.44140807,0.0,0.44140807,0.11035202
52368,0.068158105,0.0022422748,0.13407393,0.15171377,0.0,0.15171377,0.037928443
52370,0.035794217,0.0021598488,0.069428585,0.05733183,0.0,0.05733183,0.014332958
52373,0.038637344,0.0021461493,0.07512854,0.0658187,0.0,0.0658187,0.016454674
52376,0.12359788,0.0022775847,0.24491817,0.28383282,0.0,0.28383282,0.070958205
52378,0.18294843,0.0022513836,0.36364546,0.41100883,0.0,0.41100883,0.10275221
52381,0.62895864,0.0023782551,1.2555391,1.1724247,0.0,1.1724247,0.29310617
52383,0.029313622,0.0022217282,0.056405514,0.06282054,0.0,0.06282054,0.015705135
52386,0.23812348,0.0020243367,0.47422263,0.42094287,0.0,0.42094287,0.10523572
52389,0.0911944,0.0020920744,0.18029672,0.20858221,0.0,0.20858221,0.052145552
52391,0.017638294,0.0020909104,0.033185676,0.024504954,0.0,0.024504954,0.0061262385
52394,0.01846628,0.0018603174,0.03507224,0.041590914,0.0,0.041590914,0.0103977285
52396,0.014048889,0.001969929,0.02612785,0.029522205,0.0,0.029522205,0.007380551
52399,0.066627555,0.0020391622,0.13121594,0.15573442,0.0,0.15573442,0.038933605
52402,0.6790518,0.0021001708,1.3560034,1.4450973,0.0,1.4450973,0.36127433
52404,0.9296345,0.002289799,1.8569793,1.7567393,0.0,1.7567393,0.4391848
52407,0.18253326,0.0020617747,0.36300477,0.31891558,0.0,0.31891558,0.079728894
52409,0.34618714,0.0021752126,0.6901991,0.6325834,0.0,0.6325834,0.15814584
52412,0.10587621,0.0021694144,0.209583,0.19493683,0.0,0.19493683,0.048734207
52415,0.038079824,0.0021832616,0.07397639,0.081670776,0.0,0.081670776,0.020417694
52417,0.029899567,0.002145153,0.057653982,0.06854225,0.0,0.06854225,0.017135562
52420,0.16553654,0.0020343016,0.32903877,0.29238468,0.0,0.29238468,0.07309617
52423,0.38316393,0.0018497319,0.76447815,0.7046819,0.0,0.7046819,0.17617047
52425,0.19448613,0.0018321084,0.38714013,0.43248582,0.0,0.43248582,0.108121455
52428,0.33921263,0.00175678,0.67666847,0.7263997,0.0,0.7263997,0.18159993
52430,0.031614047,0.0015971916,0.061630905,0.060805243,0.0,0.060805243,0.015201311
52433,0.017676579,0.0022442788,0.03310888,0.03358617,0.0,0.03358617,0.008396543
52436,0.66799086,0.0018791676,1.3341025,1.4076525,0.0,1.4076525,0.35191312
52438,0.06748994,0.0020704847,0.13290939,0.14822024,0.0,0.14822024,0.03705506
52441,0.27047268,0.001331665,0.5396137,0.49882555,0.0,0.49882555,0.12470639
52443,0.014897238,0.0013741775,0.0284203,0.026919054,0.0,0.026919054,0.0067297635
52446,0.05955511,0.0014228834,0.11768734,0.13009278,0.0,0.13009278,0.032523196
52449,0.49385914,0.001187782,0.9865305,1.041066,0.0,1.041066,0.2602665
52451,0.2650947,0.0011401675,0.5290492,0.56739825,0.0,0.56739825,0.14184956
52454,0.24991351,0.0011088575,0.49871817,0.45752668,0.0,0.45752668,0.11438167
52456,0.37233293,0.0011491128,0.74351674,0.6915493,0.0,0.6915493,0.17288733
52459,0.6598531,0.0014849617,1.3182212,1.2458853,0.0,1.2458853,0.3114713
52462,0.52414924,0.001368376,1.0469302,0.9860359,0.0,0.9860359,0.24650897
52464,0.5646594,0.0012537744,1.128065,1.0722013,0.0,1.0722013,0.2680503
52467,0.02319903,0.0015339302,0.04486413,0.04908411,0.0,0.04908411,0.012271027
52470,0.4707975,0.0018752102,0.93971974,0.87986726,0.0,0.87986726,0.21996681
52472,0.14828421,0.0017090049,0.29485944,0.2618663,0.0,0.2618663,0.065466575
52475,0.06509703,0.001710991,0.12848307,0.10963124,0.0,0.10963124,0.02740781
52477,0.02258858,0.0015529008,0.043624263,0.039118696,0.0,0.039118696,0.009779674
52480,0.29179826,0.0016033392,0.5819932,0.6393588,0.0,0.6393588,0.1598397
52483,0.03068929,0.0017456603,0.059632916,0.05205734,0.0,0.05205734,0.013014335
52485,0.25134224,0.0018897974,0.5007947,0.45002142,0.0,0.45002142,0.112505354
52488,0.0785204,0.0018410966,0.1551997,0.12974648,0.0,0.12974648,0.03243662
52490,0.040552102,0.002345218,0.078758985,0.0636873,0.0,0.0636873,0.015921826
52493,0.0878003,0.0023201883,0.17328042,0.14403696,0.0,0.14403696,0.03600924
52496,0.022222884,0.001986649,0.04245912,0.036871914,0.0,0.036871914,0.009217978
52498,0.06997072,0.0020312907,0.13791014,0.1485278,0.0,0.1485278,0.03713195
52501,0.15857,0.0021185575,0.31502146,0.35920846,0.0,0.35920846,0.089802116
52504,0.053604018,0.0019349667,0.10527307,0.08877233,0.0,0.08877233,0.022193082
