base_start,pair_mse,none_mse,event_mse,separation_mse,predicted_separation_energy,true_separation_energy,ambiguity_floor
11424,0.33256826,0.08777142,0.5773651,0.28535724,0.0,0.28535724,0.07133931
11425,0.08790562,0.0797519,0.09605935,0.08018756,0.0,0.08018756,0.02004689
11426,0.18697196,0.069843285,0.30410063,0.4641658,0.0,0.4641658,0.11604145
11427,0.18799491,0.066912256,0.3090776,0.49753729,0.0,0.49753729,0.12438432
11428,0.50847024,0.06721866,0.9497218,0.64418745,0.0,0.64418745,0.16104686
11429,0.8383897,0.06837046,1.6084089,1.1705914,0.0,1.1705914,0.29264784
11430,0.25673035,0.07143757,0.44202313,0.26761746,0.0,0.26761746,0.066904366
11431,0.15096468,0.073416896,0.22851247,0.25356597,0.0,0.25356597,0.06339149
11432,0.45285797,0.071383275,0.8343327,0.51484823,0.0,0.51484823,0.12871206
11433,0.12092819,0.06885132,0.17300506,0.16548602,0.0,0.16548602,0.041371506
11434,0.07246267,0.059372094,0.08555324,0.05684636,0.0,0.05684636,0.01421159
11435,0.13387571,0.0485055,0.21924591,0.22496699,0.0,0.22496699,0.056241747
11436,0.4591669,0.037959393,0.88037443,0.75096816,0.0,0.75096816,0.18774204
11437,0.30911377,0.030643187,0.5875843,0.65895087,0.0,0.65895087,0.16473772
11438,0.29186854,0.028647793,0.5550893,0.63676566,0.0,0.63676566,0.15919141
11439,0.0685729,0.03132769,0.1058181,0.043024767,0.0,0.043024767,0.010756192
11440,0.2923064,0.03517545,0.54943734,0.39493278,0.0,0.39493278,0.098733194
11441,0.1078712,0.04159887,0.17414351,0.089006566,0.0,0.089006566,0.022251641
11442,0.309122,0.04773344,0.57051057,0.36645815,0.0,0.36645815,0.09161454
11443,0.06968543,0.051014084,0.08835677,0.037758037,0.0,0.037758037,0.009439509
11444,0.3933262,0.056200225,0.7304521,1.0529885,0.0,1.0529885,0.26324713
11445,0.16078009,0.07029862,0.25126156,0.12806688,0.0,0.12806688,0.03201672
11446,0.5586455,0.08803352,1.0292574,0.5536609,0.0,0.5536609,0.13841523
11447,0.081473544,0.093999825,0.06894726,0.050815355,0.0,0.050815355,0.012703839
11448,0.9624474,0.08969786,1.835197,1.1808769,0.0,1.1808769,0.2952192
11449,0.19614343,0.07402706,0.3182598,0.13180041,0.0,0.13180041,0.032950103
11450,0.22307569,0.06400145,0.38214993,0.20701618,0.0,0.20701618,0.051754046
11451,0.0889991,0.056143343,0.121854864,0.15489784,0.0,0.15489784,0.03872446
11452,0.14908236,0.04990809,0.24825664,0.28224784,0.0,0.28224784,0.07056196
11453,0.042623546,0.045921355,0.039325736,0.060838897,0.0,0.060838897,0.015209724
11454,0.29420984,0.043272655,0.545147,0.59930795,0.0,0.59930795,0.14982699
11455,0.29618204,0.038818102,0.553546,0.4617387,0.0,0.4617387,0.11543468
11456,0.13186513,0.033252213,0.23047805,0.120045744,0.0,0.120045744,0.030011436
11457,0.31825396,0.03181884,0.60468906,0.5719064,0.0,0.5719064,0.1429766
11458,0.06637421,0.034199413,0.098549016,0.043206453,0.0,0.043206453,0.010801613
11459,0.08745014,0.03739434,0.13750593,0.10399109,0.0,0.10399109,0.025997773
11460,0.09170415,0.042640906,0.14076741,0.072323225,0.0,0.072323225,0.018080806
11461,0.45774284,0.04566886,0.86981684,0.7316639,0.0,0.7316639,0.18291597
11462,0.18794303,0.04327287,0.33261314,0.28139096,0.0,0.28139096,0.07034774
11463,0.065881684,0.039195627,0.09256774,0.07414643,0.0,0.07414643,0.018536607
11464,0.05230679,0.03625131,0.06836227,0.090250164,0.0,0.090250164,0.022562541
11465,0.1626163,0.034141902,0.2910907,0.18916059,0.0,0.18916059,0.047290146
11466,0.114580184,0.032402154,0.19675821,0.15229906,0.0,0.15229906,0.038074765
11467,0.37862638,0.0316999,0.72555286,0.64497083,0.0,0.64497083,0.16124271
11468,0.053958457,0.03289774,0.07501917,0.06185474,0.0,0.06185474,0.015463685
11469,0.60494477,0.041308254,1.1685814,0.9526183,0.0,0.9526183,0.23815458
11470,0.58737946,0.04810692,1.126652,1.3464446,0.0,1.3464446,0.33661115
11471,0.73796564,0.050960895,1.4249705,1.6709595,0.0,1.6709595,0.41773987
11472,0.07911027,0.048285123,0.109935425,0.045307774,0.0,0.045307774,0.0113269435
11473,0.47027433,0.040855147,0.8996935,0.7678766,0.0,0.7678766,0.19196916
11474,0.0948673,0.039711025,0.15002358,0.13053204,0.0,0.13053204,0.03263301
11475,0.35574925,0.04417393,0.66732454,0.7365403,0.0,0.7365403,0.18413508
11476,0.08071719,0.051566333,0.10986805,0.16542761,0.0,0.16542761,0.041356903
11477,0.6160476,0.05758065,1.1745147,1.3268656,0.0,1.3268656,0.3317164
11478,0.1301814,0.063866355,0.19649644,0.33438137,0.0,0.33438137,0.08359534
11479,0.8965333,0.07071332,1.7223533,1.3299096,0.0,1.3299096,0.3324774
11480,0.124123804,0.07735089,0.17089671,0.05641227,0.0,0.05641227,0.014103067
11481,0.77935004,0.08492232,1.4737778,0.965223,0.0,0.965223,0.24130575
11482,0.06746273,0.091177106,0.04374835,0.1466377,0.0,0.1466377,0.036659423
11483,0.42089283,0.09637668,0.745409,0.3639637,0.0,0.3639637,0.09099092
11484,0.21921897,0.096704684,0.34173325,0.16640589,0.0,0.16640589,0.04160147
11485,0.11519722,0.092173934,0.1382205,0.073508374,0.0,0.073508374,0.018377094
11486,0.3249463,0.08684417,0.5630484,0.8239465,0.0,0.8239465,0.20598662
11487,0.12184449,0.0785772,0.16511178,0.08963957,0.0,0.08963957,0.022409892
11488,0.10628418,0.068356104,0.14421226,0.08578333,0.0,0.08578333,0.021445833
11489,0.1284988,0.06286185,0.19413574,0.2925268,0.0,0.2925268,0.0731317
11490,0.53351516,0.06105091,1.0059794,0.73465484,0.0,0.73465484,0.18366371
11491,0.13257001,0.058999255,0.20614077,0.12057572,0.0,0.12057572,0.03014393
11492,0.39388517,0.058930974,0.7288394,0.48780665,0.0,0.48780665,0.12195166
11493,0.43417516,0.05792843,0.81042194,0.5450279,0.0,0.5450279,0.13625698
11494,0.10449206,0.05864652,0.15033759,0.21364255,0.0,0.21364255,0.053410638
11495,0.1628962,0.05878046,0.2670119,0.3928702,0.0,0.3928702,0.09821755
11496,0.34089074,0.06350105,0.61828035,0.36125946,0.0,0.36125946,0.090314865
11497,0.13855287,0.06825135,0.20885439,0.15552293,0.0,0.15552293,0.038880732
11498,0.1619504,0.07585629,0.24804449,0.422511,0.0,0.422511,0.10562775
11499,0.13915195,0.0934194,0.1848845,0.08437566,0.0,0.08437566,0.021093914
11500,0.48497245,0.102431566,0.86751336,1.1988732,0.0,1.1988732,0.2997183
11501,0.09441509,0.10221379,0.086616375,0.23856115,0.0,0.23856115,0.05964029
11502,0.33849296,0.10552472,0.5714612,0.21847236,0.0,0.21847236,0.05461809
11503,0.07962371,0.10156091,0.05768651,0.1635956,0.0,0.1635956,0.0408989
11504,0.45512256,0.092605,0.81764007,1.0934292,0.0,1.0934292,0.2733573
11505,0.29615912,0.09093308,0.50138515,0.20524871,0.0,0.20524871,0.05131218
11506,0.20897956,0.09505659,0.32290256,0.55849,0.0,0.55849,0.1396225
11507,0.14640443,0.11100728,0.18180156,0.3976208,0.0,0.3976208,0.0994052
11508,0.13278157,0.13307323,0.13248989,0.3617657,0.0,0.3617657,0.09044143
11509,0.17931466,0.15289873,0.20573056,0.026368327,0.0,0.026368327,0.006592082
11510,0.11831508,0.16965687,0.066973284,0.17209633,0.0,0.17209633,0.04302408
11511,0.17296176,0.18227644,0.16364704,0.03389336,0.0,0.03389336,0.00847334
11512,0.2153521,0.18593256,0.24477164,0.12467021,0.0,0.12467021,0.031167552
11513,0.22219999,0.18331963,0.26108035,0.050699566,0.0,0.050699566,0.012674891
11514,0.17305791,0.18897815,0.15713766,0.37094903,0.0,0.37094903,0.09273726
11515,0.76386636,0.18956935,1.3381634,0.6137931,0.0,0.6137931,0.15344827
11516,0.20493634,0.17741072,0.23246197,0.039559036,0.0,0.039559036,0.009889759
11517,0.23944865,0.15709715,0.32180014,0.097750984,0.0,0.097750984,0.024437746
11518,0.10513654,0.14767241,0.062600665,0.19914107,0.0,0.19914107,0.049785268
11519,0.4740839,0.14943539,0.79873246,1.2134265,0.0,1.2134265,0.30335662
11520,0.18383883,0.16073169,0.20694597,0.07772831,0.0,0.07772831,0.019432077
11521,0.6300938,0.1746308,1.0855569,0.49895915,0.0,0.49895915,0.12473979
11522,0.36769578,0.19377361,0.54161793,0.94498473,0.0,0.94498473,0.23624618
11523,0.23204358,0.20851064,0.25557652,0.026712721,0.0,0.026712721,0.0066781803
11524,1.3294189,0.22381175,2.435026,1.3629497,0.0,1.3629497,0.34073743
11525,0.2547901,0.2418006,0.2677796,0.053744774,0.0,0.053744774,0.013436194
11526,0.17094977,0.24954756,0.092351995,0.13526928,0.0,0.13526928,0.03381732
11527,0.24386175,0.24862623,0.23909728,0.08032372,0.0,0.08032372,0.02008093
11528,0.3197991,0.23949067,0.40010753,0.06902783,0.0,0.06902783,0.017256958
11529,0.47133586,0.23952462,0.7031471,1.3457369,0.0,1.3457369,0.33643422
11530,0.25277147,0.2563915,0.24915145,0.6300388,0.0,0.6300388,0.1575097
11531,0.8215887,0.2720718,1.3711056,0.5057888,0.0,0.5057888,0.1264472
11532,0.2994488,0.28890815,0.30998942,0.046337474,0.0,0.046337474,0.011584369
11533,0.23280656,0.30347773,0.16213538,0.10884563,0.0,0.10884563,0.027211407
11534,0.4002048,0.31496647,0.4854432,1.1961504,0.0,1.1961504,0.2990376
11535,0.9696378,0.32316744,1.6161081,0.61189455,0.0,0.61189455,0.15297364
11536,0.27578452,0.31033555,0.24123347,0.19537248,0.0,0.19537248,0.04884312
11537,0.27858552,0.30083314,0.2563379,0.20880114,0.0,0.20880114,0.052200284
11538,0.48778167,0.29771832,0.677845,0.14780714,0.0,0.14780714,0.036951784
11539,0.2547302,0.28073254,0.22872788,0.42159584,0.0,0.42159584,0.10539896
11540,0.5797604,0.23772109,0.92179966,0.36243024,0.0,0.36243024,0.09060756
11541,0.35808682,0.20107722,0.51509637,0.15583976,0.0,0.15583976,0.03895994
11542,0.33936,0.17555527,0.50316477,0.1680509,0.0,0.1680509,0.042012725
11543,0.23534127,0.15917455,0.31150797,0.31744573,0.0,0.31744573,0.07936143
11544,0.71442896,0.159918,1.26894,0.7269764,0.0,0.7269764,0.1817441
11545,0.31674606,0.16659929,0.46689284,0.5810682,0.0,0.5810682,0.14526705
11546,0.40997478,0.17904055,0.640909,0.92664546,0.0,0.92664546,0.23166136
11547,0.32144442,0.19678085,0.44610798,0.09886833,0.0,0.09886833,0.024717083
11548,0.77255005,0.2107027,1.3343973,0.64561117,0.0,0.64561117,0.16140279
11549,0.22947915,0.2138747,0.24508359,0.1654087,0.0,0.1654087,0.041352175
11550,1.1757909,0.21116714,2.1404145,1.2257357,0.0,1.2257357,0.30643392
11551,0.15860146,0.21108453,0.10611839,0.097961426,0.0,0.097961426,0.024490356
11552,0.5247523,0.21415807,0.8353465,1.3348532,0.0,1.3348532,0.3337133
11553,0.69658023,0.22234745,1.170813,0.5682505,0.0,0.5682505,0.14206262
11554,0.23837776,0.23387122,0.24288434,0.024506582,0.0,0.024506582,0.0061266455
11555,0.22154824,0.23532094,0.20777552,0.3291383,0.0,0.3291383,0.08228458
11556,0.44021294,0.23397209,0.6464538,0.14341739,0.0,0.14341739,0.035854347
11557,0.34300697,0.23442458,0.45158935,0.6429697,0.0,0.6429697,0.16074243
11558,0.40963063,0.23716635,0.5820949,0.8839801,0.0,0.8839801,0.22099502
11559,0.23602378,0.23757531,0.23447227,0.12155589,0.0,0.12155589,0.030388972
11560,0.35815227,0.23480105,0.4815035,0.2022965,0.0,0.2022965,0.050574124
11561,0.30875966,0.23228896,0.3852304,0.12726177,0.0,0.12726177,0.031815443
11562,0.29137522,0.23457141,0.348179,0.11656302,0.0,0.11656302,0.029140756
11563,0.45892453,0.23454154,0.68330747,0.3824323,0.0,0.3824323,0.09560808
11564,0.37983313,0.22689696,0.5327693,0.28630662,0.0,0.28630662,0.071576655
11565,0.95089084,0.21504045,1.6867412,1.112385,0.0,1.112385,0.27809626
11566,0.3757701,0.20025463,0.5512855,0.3622639,0.0,0.3622639,0.09056597
11567,0.24818087,0.18770523,0.30865648,0.04279192,0.0,0.04279192,0.01069798
11568,0.1515671,0.18318939,0.11994481,0.053065505,0.0,0.053065505,0.013266376
11569,0.32322434,0.18111008,0.46533862,0.24982278,0.0,0.24982278,0.062455695
11570,0.6738949,0.18098395,1.1668059,0.67733556,0.0,0.67733556,0.16933389
11571,0.9854899,0.17945404,1.7915258,1.1852204,0.0,1.1852204,0.2963051
11572,0.3103749,0.17653976,0.44421005,0.36526906,0.0,0.36526906,0.091317266
11573,0.38907894,0.16810441,0.6100535,0.32638773,0.0,0.32638773,0.08159693
11574,0.36462775,0.15667571,0.5725798,0.4753976,0.0,0.4753976,0.1188494
11575,0.38616046,0.15119095,0.62113,0.54521495,0.0,0.54521495,0.13630374
11576,0.27577907,0.14290516,0.408653,0.27842826,0.0,0.27842826,0.069607064
11577,0.25452125,0.14096689,0.3680756,0.32530686,0.0,0.32530686,0.081326716
11578,0.53094196,0.14803092,0.913853,0.6221432,0.0,0.6221432,0.1555358
11579,0.3581414,0.1561508,0.56013197,0.28707695,0.0,0.28707695,0.07176924
11580,0.24077648,0.16287418,0.3186788,0.175662,0.0,0.175662,0.0439155
11581,0.57251984,0.16602933,0.9790104,0.6465003,0.0,0.6465003,0.16162507
11582,0.40145853,0.17288966,0.6300274,0.40380517,0.0,0.40380517,0.10095129
11583,0.8984313,0.18565585,1.6112067,1.2455336,0.0,1.2455336,0.3113834
11584,0.9590238,0.19308238,1.7249652,1.314592,0.0,1.314592,0.328648
11585,0.15960227,0.19653864,0.122665904,0.2339138,0.0,0.2339138,0.05847845
11586,0.2606912,0.20334534,0.31803703,0.13492422,0.0,0.13492422,0.033731055
11587,0.34331784,0.2032203,0.48341534,0.3130053,0.0,0.3130053,0.078251325
11588,0.22708456,0.18918286,0.26498628,0.108275086,0.0,0.108275086,0.027068771
11589,0.18389048,0.16740231,0.20037866,0.05531819,0.0,0.05531819,0.013829548
11590,0.1558068,0.15496965,0.15664394,0.073539205,0.0,0.073539205,0.018384801
11591,0.33612832,0.14636959,0.525887,0.53434247,0.0,0.53434247,0.13358562
11592,0.17441231,0.13719808,0.21162654,0.19046383,0.0,0.19046383,0.047615957
11593,0.481562,0.13119441,0.8319295,0.5358362,0.0,0.5358362,0.13395905
11594,0.5480907,0.12931927,0.96686214,1.025599,0.0,1.025599,0.25639975
11595,0.23881452,0.12661608,0.35101295,0.2417485,0.0,0.2417485,0.060437124
11596,0.34773254,0.12476727,0.5706978,0.43452486,0.0,0.43452486,0.108631216
11597,0.32716233,0.12676989,0.52755475,0.36571166,0.0,0.36571166,0.091427915
11598,0.16343717,0.13292497,0.19394936,0.08413625,0.0,0.08413625,0.021034062
11599,0.17244627,0.13863337,0.20625918,0.093046494,0.0,0.093046494,0.023261623
11600,0.82196003,0.14212716,1.5017929,1.4185992,0.0,1.4185992,0.3546498
11601,0.21564543,0.13995631,0.29133454,0.12645341,0.0,0.12645341,0.031613354
11602,0.21709616,0.12992494,0.30426744,0.15882803,0.0,0.15882803,0.03970701
11603,0.3347374,0.113747776,0.555727,0.31442675,0.0,0.31442675,0.07860669
11604,0.32550925,0.107110865,0.54390764,0.39105216,0.0,0.39105216,0.09776304
11605,0.34038594,0.11328519,0.5674867,0.39900112,0.0,0.39900112,0.09975028
11606,0.20443325,0.12732266,0.28154382,0.043177288,0.0,0.043177288,0.010794322
11607,0.37101245,0.15180238,0.59022254,0.53631335,0.0,0.53631335,0.13407834
11608,0.30091736,0.17524181,0.42659292,0.12400635,0.0,0.12400635,0.031001588
11609,0.26655337,0.18640478,0.34670195,0.06354677,0.0,0.06354677,0.015886692
11610,1.0009346,0.18479206,1.8170772,1.2167244,0.0,1.2167244,0.3041811
11611,0.3553449,0.17232972,0.53836006,0.8910856,0.0,0.8910856,0.2227714
11612,0.13637164,0.15058728,0.12215602,0.044130933,0.0,0.044130933,0.011032733
11613,0.18105085,0.13498591,0.22711582,0.11757532,0.0,0.11757532,0.02939383
11614,0.5120557,0.13211037,0.8920011,0.60095185,0.0,0.60095185,0.15023796
11615,0.28855604,0.1354795,0.4416326,0.16194746,0.0,0.16194746,0.040486865
11616,0.13498275,0.142585,0.1273805,0.10829064,0.0,0.10829064,0.02707266
11617,0.6499068,0.13370113,1.1661124,1.2308646,0.0,1.2308646,0.30771616
11618,0.18532187,0.12722917,0.24341457,0.05467942,0.0,0.05467942,0.013669855
11619,0.5561916,0.1258055,0.9865777,0.9522886,0.0,0.9522886,0.23807216
11620,0.45224062,0.12992986,0.7745514,0.69035465,0.0,0.69035465,0.17258866
11621,0.26121077,0.1386293,0.38379225,0.15495443,0.0,0.15495443,0.03873861
11622,0.34082767,0.15341304,0.5282423,0.24531086,0.0,0.24531086,0.061327714
11623,0.73216224,0.1638274,1.300497,1.1548066,0.0,1.1548066,0.28870165
11624,0.53044313,0.16641168,0.89447457,0.70971984,0.0,0.70971984,0.17742996
11625,0.54733264,0.16604556,0.9286197,0.5702237,0.0,0.5702237,0.14255592
11626,0.15785082,0.1568858,0.15881582,0.1794204,0.0,0.1794204,0.0448551
11627,0.19030422,0.13515086,0.24545757,0.07355097,0.0,0.07355097,0.018387742
11628,0.37178215,0.114756525,0.6288078,0.7626696,0.0,0.7626696,0.1906674
11629,0.48294064,0.09868341,0.8671978,1.2586994,0.0,1.2586994,0.31467485
11630,0.1734395,0.08373956,0.26313943,0.47688103,0.0,0.47688103,0.11922026
11631,0.06170727,0.06912852,0.05428602,0.11937076,0.0,0.11937076,0.02984269
11632,0.8883865,0.054623395,1.7221495,1.4088945,0.0,1.4088945,0.35222363
11633,0.20441727,0.046621326,0.36221322,0.47615156,0.0,0.47615156,0.11903789
11634,0.11056919,0.04372589,0.1774125,0.22948253,0.0,0.22948253,0.057370633
11635,0.06416943,0.041186173,0.08715268,0.043421254,0.0,0.043421254,0.010855313
11636,0.4156767,0.039014522,0.7923389,0.6995852,0.0,0.6995852,0.1748963
11637,0.31664887,0.038621817,0.59467596,0.4872905,0.0,0.4872905,0.121822625
11638,0.7738748,0.043818627,1.503931,1.47547,0.0,1.47547,0.3688675
11639,0.11877505,0.048396308,0.18915379,0.10036576,0.0,0.10036576,0.02509144
11640,0.115419745,0.048236698,0.18260281,0.108727135,0.0,0.108727135,0.027181784
11641,0.053972576,0.046700597,0.06124456,0.019085295,0.0,0.019085295,0.004771324
11642,0.40746358,0.04482357,0.77010363,0.6738828,0.0,0.6738828,0.1684707
11643,0.26131278,0.04786695,0.47475863,0.32561758,0.0,0.32561758,0.081404395
11644,0.08689646,0.052816316,0.1209766,0.067890875,0.0,0.067890875,0.016972719
11645,0.14274232,0.058883052,0.2266016,0.22740893,0.0,0.22740893,0.056852233
11646,0.08598024,0.06079485,0.111165635,0.056970317,0.0,0.056970317,0.014242579
11647,0.6407237,0.05952407,1.2219234,0.9295459,0.0,0.9295459,0.23238647
11648,0.1124552,0.05623224,0.16867816,0.24640031,0.0,0.24640031,0.061600078
11649,0.08412296,0.05471405,0.11353189,0.07006695,0.0,0.07006695,0.017516738
11650,0.38733375,0.057021562,0.71764594,0.47109723,0.0,0.47109723,0.11777431
11651,0.20186418,0.062192965,0.34153542,0.17852347,0.0,0.17852347,0.044630866
11652,0.19171362,0.07021854,0.3132087,0.43963838,0.0,0.43963838,0.109909594
11653,0.10252979,0.07352083,0.13153873,0.06387954,0.0,0.06387954,0.015969886
11654,0.07788544,0.077167824,0.07860306,0.101324715,0.0,0.101324715,0.025331179
11655,0.16769111,0.081843965,0.25353828,0.31172487,0.0,0.31172487,0.07793122
11656,0.5658345,0.08769701,1.043972,1.5070492,0.0,1.5070492,0.3767623
11657,0.11255958,0.09901414,0.126105,0.15007319,0.0,0.15007319,0.037518296
11658,1.1084301,0.10882836,2.108032,1.4097339,0.0,1.4097339,0.35243347
11659,0.50190705,0.11096352,0.89285064,0.49767032,0.0,0.49767032,0.12441758
11660,0.2344846,0.0985255,0.37044367,0.4620979,0.0,0.4620979,0.11552448
11661,0.5912409,0.081879474,1.1006023,0.710475,0.0,0.710475,0.17761876
11662,0.121547066,0.07140824,0.17168589,0.17451023,0.0,0.17451023,0.043627556
11663,0.12517862,0.06159534,0.1887619,0.15727101,0.0,0.15727101,0.039317753
11664,0.1182842,0.059627783,0.17694063,0.069934815,0.0,0.069934815,0.017483704
11665,0.10898095,0.05814914,0.15981278,0.13792314,0.0,0.13792314,0.034480784
11666,0.3805736,0.06394473,0.69720244,0.45987558,0.0,0.45987558,0.114968896
11667,0.27472556,0.066592954,0.48285815,0.6793706,0.0,0.6793706,0.16984265
11668,0.42736614,0.06467271,0.79005957,1.0074185,0.0,1.0074185,0.25185463
11669,0.13863654,0.06250516,0.21476792,0.08402919,0.0,0.08402919,0.021007298
11670,0.1326679,0.065069474,0.20026632,0.16934997,0.0,0.16934997,0.042337492
11671,0.19091181,0.07355906,0.30826458,0.123528354,0.0,0.123528354,0.030882088
11672,0.4140447,0.08489373,0.7431957,0.48296487,0.0,0.48296487,0.12074122
11673,0.27386487,0.09779513,0.4499346,0.54015416,0.0,0.54015416,0.13503854
11674,0.8171392,0.11642125,1.5178572,0.91242856,0.0,0.91242856,0.22810714
11675,0.12724012,0.1468341,0.107646145,0.07067803,0.0,0.07067803,0.017669508
11676,0.30850288,0.18067394,0.43633184,0.108305,0.0,0.108305,0.02707625
11677,0.18651386,0.19818377,0.17484397,0.08522836,0.0,0.08522836,0.02130709
11678,0.82296634,0.20165221,1.4442805,0.6802895,0.0,0.6802895,0.17007238
11679,0.31338355,0.1741075,0.4526596,0.09774061,0.0,0.09774061,0.024435153
11680,0.1025927,0.13026305,0.074922346,0.1724974,0.0,0.1724974,0.04312435
11681,0.30706516,0.08533939,0.52879095,0.39015254,0.0,0.39015254,0.097538136
11682,0.7293277,0.05946101,1.3991944,1.1944774,0.0,1.1944774,0.29861936
11683,0.2547222,0.04691295,0.46253148,0.46910214,0.0,0.46910214,0.117275536
11684,0.30417496,0.042618874,0.56573105,0.5263669,0.0,0.5263669,0.13159172
11685,0.08001714,0.0453508,0.11468349,0.11321918,0.0,0.11321918,0.028304795
11686,0.25520253,0.05000251,0.46040258,0.30355334,0.0,0.30355334,0.075888336
11687,0.36308813,0.053580493,0.67259574,0.48487392,0.0,0.48487392,0.12121848
11688,0.26176524,0.054500014,0.46903047,0.30986032,0.0,0.30986032,0.07746508
11689,0.2579495,0.0566804,0.45921862,0.31558633,0.0,0.31558633,0.07889658
11690,0.22871834,0.057709087,0.39972758,0.44909444,0.0,0.44909444,0.11227361
11691,0.20106612,0.055431515,0.3467007,0.3714386,0.0,0.3714386,0.09285965
11692,0.15430205,0.0505159,0.2580882,0.15768872,0.0,0.15768872,0.03942218
11693,0.82039404,0.04616974,1.5946183,1.4940977,0.0,1.4940977,0.37352443
11694,0.3683184,0.043582592,0.6930542,0.5493372,0.0,0.5493372,0.1373343
11695,0.06835737,0.040794145,0.0959206,0.10907793,0.0,0.10907793,0.027269483
11696,0.08602172,0.042160068,0.12988338,0.12584731,0.0,0.12584731,0.031461827
11697,0.09693629,0.048796277,0.14507632,0.06749203,0.0,0.06749203,0.016873008
11698,0.10365323,0.0577209,0.14958556,0.24819493,0.0,0.24819493,0.062048733
11699,0.09012974,0.062870614,0.117388874,0.037959445,0.0,0.037959445,0.009489861
11700,0.4344586,0.060947042,0.8079702,0.51088524,0.0,0.51088524,0.12772131
11701,0.08455244,0.054463804,0.11464107,0.08931655,0.0,0.08931655,0.022329137
11702,0.16939335,0.048612416,0.29017428,0.15884244,0.0,0.15884244,0.03971061
11703,0.48902717,0.049868453,0.92818594,0.76239705,0.0,0.76239705,0.19059926
11704,0.26837876,0.055599988,0.48115754,0.5613002,0.0,0.5613002,0.14032505
11705,0.3392817,0.06467186,0.61389154,0.3960332,0.0,0.3960332,0.0990083
11706,0.32510343,0.07135731,0.57884955,0.33911896,0.0,0.33911896,0.08477974
11707,0.3178819,0.075708754,0.5600551,0.2975135,0.0,0.2975135,0.07437838
11708,0.45392406,0.07878708,0.82906103,0.49918652,0.0,0.49918652,0.12479663
11709,0.30247346,0.08506757,0.51987934,0.21965265,0.0,0.21965265,0.054913163
11710,1.3031306,0.09313641,2.5131247,1.8383566,0.0,1.8383566,0.45958915
11711,0.093183696,0.09275214,0.093615256,0.049461666,0.0,0.049461666,0.012365417
11712,0.2032458,0.087460466,0.31903115,0.122472085,0.0,0.122472085,0.030618021
11713,0.2950053,0.074690394,0.51532024,0.84002596,0.0,0.84002596,0.21000649
11714,0.331485,0.06109113,0.6018789,0.90507776,0.0,0.90507776,0.22626944
11715,0.089871466,0.046114277,0.13362865,0.06818794,0.0,0.06818794,0.017046984
11716,0.08621261,0.03835556,0.13406967,0.07782513,0.0,0.07782513,0.019456282
11717,0.25853768,0.034283753,0.48279157,0.5687633,0.0,0.5687633,0.14219083
11718,0.7370162,0.031863455,1.4421688,1.2565624,0.0,1.2565624,0.3141406
11719,0.5144662,0.0302162,0.9987162,1.0566454,0.0,1.0566454,0.26416135
11720,0.043709815,0.026434816,0.06098481,0.052624136,0.0,0.052624136,0.013156034
11721,0.25125766,0.023437113,0.4790782,0.4641885,0.0,0.4641885,0.11604712
11722,0.04970342,0.023655722,0.07575111,0.05513519,0.0,0.05513519,0.013783798
11723,0.06243867,0.025984356,0.09889299,0.050713364,0.0,0.050713364,0.012678341
11724,0.5282399,0.026667314,1.0298126,0.9239271,0.0,0.9239271,0.23098178
11725,0.60481924,0.0276065,1.182032,1.1260806,0.0,1.1260806,0.28152016
11726,0.08374121,0.029397817,0.13808459,0.07414702,0.0,0.07414702,0.018536756
11727,0.6642423,0.030847056,1.2976376,1.2163322,0.0,1.2163322,0.30408305
11728,0.13825196,0.033411894,0.24309202,0.28249562,0.0,0.28249562,0.070623904
11729,0.43056583,0.035701584,0.8254301,1.0133504,0.0,1.0133504,0.2533376
11730,0.0698069,0.037686557,0.10192725,0.097801596,0.0,0.097801596,0.024450399
11731,0.32429934,0.042841688,0.605757,0.8057774,0.0,0.8057774,0.20144434
11732,0.088739075,0.04535122,0.13212694,0.24009497,0.0,0.24009497,0.060023744
11733,0.63036144,0.055584807,1.2051381,0.844053,0.0,0.844053,0.21101324
11734,0.8558678,0.062262103,1.6494735,1.1957685,0.0,1.1957685,0.29894212
11735,0.15659678,0.06807634,0.24511723,0.4396473,0.0,0.4396473,0.10991182
11736,0.27258086,0.06358793,0.48157382,0.22875898,0.0,0.22875898,0.057189744
11737,0.34969938,0.05188908,0.64750963,0.3932868,0.0,0.3932868,0.0983217
11738,0.16345657,0.040004835,0.2869083,0.15846045,0.0,0.15846045,0.039615113
11739,0.64078635,0.031871732,1.2497009,1.4641663,0.0,1.4641663,0.36604157
11740,0.059828263,0.026908694,0.09274783,0.07469773,0.0,0.07469773,0.018674433
11741,0.04210867,0.02709969,0.057117652,0.035798993,0.0,0.035798993,0.008949748
11742,0.5428176,0.029571543,1.0560637,1.1410403,0.0,1.1410403,0.28526008
11743,0.31494674,0.031406697,0.59848684,0.6805554,0.0,0.6805554,0.17013885
11744,0.13514929,0.028601661,0.24169691,0.16769831,0.0,0.16769831,0.041924577
11745,0.3082771,0.025158247,0.5913959,0.505116,0.0,0.505116,0.126279
11746,0.0995768,0.023579592,0.175574,0.14768735,0.0,0.14768735,0.036921836
11747,0.10198423,0.023838537,0.18012993,0.16523476,0.0,0.16523476,0.04130869
11748,0.39343175,0.023132646,0.7637308,0.80324715,0.0,0.80324715,0.20081179
11749,0.24314994,0.020110613,0.46618927,0.43094674,0.0,0.43094674,0.107736684
11750,0.10208783,0.022067703,0.18210797,0.14570756,0.0,0.14570756,0.03642689
11751,0.44588172,0.028003203,0.86376023,0.9442242,0.0,0.9442242,0.23605604
11752,0.24574782,0.033258967,0.4582367,0.34866342,0.0,0.34866342,0.087165855
11753,0.71917224,0.037932437,1.4004121,1.2235968,0.0,1.2235968,0.3058992
11754,0.23566942,0.041664366,0.42967448,0.2783765,0.0,0.2783765,0.06959412
11755,0.04769939,0.04163598,0.053762805,0.04982816,0.0,0.04982816,0.01245704
11756,0.08650897,0.04305013,0.1299678,0.065052405,0.0,0.065052405,0.016263101
11757,0.23781407,0.049818784,0.42580935,0.23340827,0.0,0.23340827,0.058352068
11758,0.2055683,0.058878373,0.3522582,0.15677051,0.0,0.15677051,0.039192628
11759,0.06891707,0.068040006,0.06979415,0.060670365,0.0,0.060670365,0.015167591
11760,0.12500994,0.07017279,0.17984708,0.27374652,0.0,0.27374652,0.06843663
11761,1.1224644,0.065331034,2.1795979,1.6091324,0.0,1.6091324,0.4022831
11762,0.14028162,0.056409527,0.22415371,0.10809225,0.0,0.10809225,0.027023062
11763,0.08713501,0.041960593,0.13230942,0.19376701,0.0,0.19376701,0.048441753
11764,0.7466452,0.037907783,1.4553827,1.1626459,0.0,1.1626459,0.29066148
11765,0.21245386,0.03673773,0.38817,0.28035304,0.0,0.28035304,0.07008826
11766,0.72370505,0.037931446,1.4094787,1.1749129,0.0,1.1749129,0.29372823
11767,0.16867281,0.038911223,0.2984344,0.21148044,0.0,0.21148044,0.05287011
11768,0.60266334,0.03638732,1.1689394,1.1989242,0.0,1.1989242,0.29973105
11769,0.8165207,0.034019787,1.5990216,1.4390024,0.0,1.4390024,0.3597506
11770,0.067440815,0.031651516,0.10323012,0.11149629,0.0,0.11149629,0.027874073
11771,0.20727015,0.03044861,0.3840917,0.37281212,0.0,0.37281212,0.09320303
11772,0.21345945,0.03458621,0.3923327,0.33413807,0.0,0.33413807,0.08353452
11773,0.23587525,0.047865063,0.42388543,0.5767293,0.0,0.5767293,0.14418232
11774,0.1281467,0.0639374,0.19235598,0.0507419,0.0,0.0507419,0.012685475
11775,0.13963021,0.08457216,0.19468826,0.20036532,0.0,0.20036532,0.05009133
11776,0.12600565,0.08581185,0.16619945,0.049477756,0.0,0.049477756,0.012369439
11777,0.33386686,0.080171205,0.5875625,0.98496324,0.0,0.98496324,0.24624081
11778,0.06178568,0.06193958,0.061631773,0.028125271,0.0,0.028125271,0.007031318
11779,0.09510229,0.05395172,0.13625285,0.051855788,0.0,0.051855788,0.012963947
11780,0.049266055,0.050538164,0.047993947,0.04669894,0.0,0.04669894,0.011674735
11781,0.18416409,0.0584877,0.30984047,0.16448307,0.0,0.16448307,0.041120768
11782,0.07461029,0.06619454,0.083026044,0.042212438,0.0,0.042212438,0.010553109
11783,0.4746689,0.077123635,0.87221414,0.4931787,0.0,0.4931787,0.123294674
11784,0.56064796,0.08116781,1.0401281,0.662542,0.0,0.662542,0.1656355
11785,0.11356332,0.0804045,0.14672215,0.18486853,0.0,0.18486853,0.046217132
11786,0.6187098,0.072171986,1.1652476,0.77058506,0.0,0.77058506,0.19264627
11787,0.08882778,0.06337551,0.114280045,0.13049446,0.0,0.13049446,0.032623615
11788,0.06227265,0.06464981,0.059895474,0.05679686,0.0,0.05679686,0.014199215
11789,0.32775685,0.06438786,0.59112585,0.39921582,0.0,0.39921582,0.099803954
11790,0.7132477,0.06860622,1.3578892,0.89989156,0.0,0.89989156,0.22497289
11791,0.15124063,0.073078796,0.22940247,0.3026538,0.0,0.3026538,0.07566345
11792,0.32501388,0.074040115,0.57598764,0.3212599,0.0,0.3212599,0.08031497
11793,0.58390075,0.0722344,1.0955671,0.694815,0.0,0.694815,0.17370375
11794,0.28555033,0.056888867,0.51421183,0.3247485,0.0,0.3247485,0.08118712
11795,0.18683349,0.03996781,0.33369914,0.22614674,0.0,0.22614674,0.056536686
11796,0.14508592,0.028477764,0.26169407,0.15192409,0.0,0.15192409,0.037981022
11797,0.15367697,0.02122654,0.28612742,0.28580064,0.0,0.28580064,0.07145016
11798,0.24983425,0.018631192,0.48103735,0.45493427,0.0,0.45493427,0.11373357
11799,0.44408202,0.016719965,0.87144405,0.89701796,0.0,0.89701796,0.22425449
11800,0.25462654,0.01479128,0.49446177,0.50304276,0.0,0.50304276,0.12576069
11801,0.79766965,0.012942366,1.582397,1.5665159,0.0,1.5665159,0.39162898
11802,0.21535872,0.012347195,0.41837025,0.39206526,0.0,0.39206526,0.098016314
11803,0.39520273,0.011921731,0.7784837,0.71369123,0.0,0.71369123,0.17842281
11804,0.107519545,0.01452088,0.2005182,0.25053442,0.0,0.25053442,0.062633604
11805,0.14779232,0.024444183,0.27114046,0.17403321,0.0,0.17403321,0.043508302
11806,0.40895188,0.040015597,0.7778881,1.0503142,0.0,1.0503142,0.26257855
11807,0.11887989,0.048167456,0.18959232,0.09115163,0.0,0.09115163,0.022787908
11808,0.4215959,0.04868291,0.7945089,0.49719802,0.0,0.49719802,0.124299504
11809,0.0727366,0.043203432,0.10226977,0.13454668,0.0,0.13454668,0.03363667
11810,0.06643056,0.03174529,0.10111583,0.15234777,0.0,0.15234777,0.038086943
11811,0.03598516,0.027500689,0.044469636,0.032647695,0.0,0.032647695,0.008161924
11812,0.058884677,0.025943428,0.091825925,0.10995994,0.0,0.10995994,0.027489984
11813,0.13425836,0.025848435,0.24266829,0.17825861,0.0,0.17825861,0.044564653
11814,0.2358544,0.03197331,0.4397355,0.5428722,0.0,0.5428722,0.13571805
11815,0.65369654,0.039305467,1.2680876,0.97251016,0.0,0.97251016,0.24312754
11816,0.17880674,0.04741649,0.31019703,0.16714464,0.0,0.16714464,0.04178616
11817,0.05526851,0.048537463,0.06199956,0.03013459,0.0,0.03013459,0.0075336476
11818,0.34598848,0.035784587,0.65619236,0.5165949,0.0,0.5165949,0.12914872
11819,0.12916209,0.028129762,0.2301944,0.2470438,0.0,0.2470438,0.06176095
11820,0.04608735,0.02153643,0.07063827,0.048876446,0.0,0.048876446,0.012219111
11821,0.071178906,0.017853307,0.1245045,0.107427806,0.0,0.107427806,0.026856951
11822,0.22651356,0.016277641,0.4367495,0.42621946,0.0,0.42621946,0.106554866
11823,0.056971956,0.018046401,0.09589752,0.06539619,0.0,0.06539619,0.016349047
11824,0.2816479,0.019600695,0.5436951,0.58574015,0.0,0.58574015,0.14643504
11825,0.0883798,0.022985732,0.15377386,0.113041155,0.0,0.113041155,0.028260289
11826,0.6037826,0.028243812,1.1793214,1.0742034,0.0,1.0742034,0.26855084
11827,0.041554,0.029504469,0.053603534,0.031918664,0.0,0.031918664,0.007979666
11828,0.2995177,0.02797013,0.57106525,0.49577293,0.0,0.49577293,0.12394323
11829,0.10495163,0.028147755,0.1817555,0.12550159,0.0,0.12550159,0.031375397
11830,0.067063086,0.032139607,0.10198656,0.084688865,0.0,0.084688865,0.021172216
11831,0.14972998,0.031813268,0.2676467,0.32207897,0.0,0.32207897,0.08051974
11832,0.05780406,0.02945898,0.086149134,0.086414196,0.0,0.086414196,0.021603549
11833,0.039991066,0.02730871,0.052673418,0.030349553,0.0,0.030349553,0.007587388
11834,0.0894829,0.02409216,0.15487365,0.13159908,0.0,0.13159908,0.03289977
11835,0.05160966,0.022649573,0.080569744,0.042786364,0.0,0.042786364,0.010696591
11836,0.24506383,0.02045846,0.4696692,0.46925867,0.0,0.46925867,0.11731467
11837,0.1180751,0.022953575,0.21319664,0.17341483,0.0,0.17341483,0.043353707
11838,0.08489569,0.02545467,0.14433672,0.108207494,0.0,0.108207494,0.027051874
11839,0.6857143,0.02875877,1.3426698,1.2396928,0.0,1.2396928,0.3099232
11840,0.31681046,0.030120887,0.60350007,0.6080552,0.0,0.6080552,0.1520138
11841,0.21130776,0.031117199,0.39149833,0.3397502,0.0,0.3397502,0.08493755
11842,0.09553322,0.032615025,0.15845142,0.17315878,0.0,0.17315878,0.043289695
11843,0.19416146,0.031133197,0.3571897,0.3001453,0.0,0.3001453,0.075036325
11844,0.5747476,0.028055878,1.1214393,1.2564425,0.0,1.2564425,0.31411064
11845,0.05133303,0.027440356,0.0752257,0.10648992,0.0,0.10648992,0.02662248
11846,0.144434,0.03012163,0.2587464,0.29569557,0.0,0.29569557,0.07392389
11847,0.109740295,0.029299378,0.19018121,0.12859535,0.0,0.12859535,0.032148838
11848,0.044165123,0.025624355,0.0627059,0.033716734,0.0,0.033716734,0.008429184
11849,0.46878335,0.02568009,0.91188663,0.8846641,0.0,0.8846641,0.22116603
11850,0.11713401,0.030445531,0.2038225,0.15344709,0.0,0.15344709,0.038361773
11851,0.06268715,0.036336508,0.0890378,0.07367333,0.0,0.07367333,0.018418333
11852,0.10981238,0.03951661,0.18010814,0.22031756,0.0,0.22031756,0.05507939
11853,0.18049043,0.04569863,0.31528223,0.4067329,0.0,0.4067329,0.10168322
11854,0.28445503,0.052260052,0.51665,0.30199724,0.0,0.30199724,0.07549931
11855,0.23431736,0.05123058,0.41740415,0.6004781,0.0,0.6004781,0.15011953
11856,0.13911052,0.04578033,0.23244072,0.11427561,0.0,0.11427561,0.028568903
11857,0.12361673,0.040060353,0.20717311,0.2653901,0.0,0.2653901,0.066347525
11858,0.18278366,0.036158506,0.32940882,0.20727713,0.0,0.20727713,0.051819284
11859,0.15278985,0.032732144,0.27284756,0.18054117,0.0,0.18054117,0.045135293
11860,0.10539619,0.028612405,0.18217997,0.103687614,0.0,0.103687614,0.025921904
11861,0.048094004,0.028976858,0.06721115,0.082977936,0.0,0.082977936,0.020744484
11862,0.7311921,0.032127447,1.4302568,1.5582938,0.0,1.5582938,0.38957345
11863,0.18856965,0.034816515,0.3423228,0.33006704,0.0,0.33006704,0.08251676
11864,0.041984025,0.03446442,0.049503636,0.029389666,0.0,0.029389666,0.0073474166
11865,0.045944948,0.033082284,0.05880761,0.05564322,0.0,0.05564322,0.013910805
11866,0.058545727,0.031149112,0.08594235,0.08025334,0.0,0.08025334,0.020063335
11867,0.06488732,0.028807947,0.10096669,0.04805943,0.0,0.04805943,0.0120148575
11868,0.11832716,0.026425658,0.21022867,0.21951596,0.0,0.21951596,0.05487899
11869,0.14922495,0.025743484,0.27270642,0.20064116,0.0,0.20064116,0.05016029
11870,0.102469705,0.02991572,0.17502367,0.15138434,0.0,0.15138434,0.037846085
11871,0.31425035,0.033153012,0.5953477,0.6490405,0.0,0.6490405,0.16226013
11872,0.38247445,0.031272817,0.73367614,0.6781613,0.0,0.6781613,0.16954033
11873,0.58074665,0.031517547,1.1299758,1.1521934,0.0,1.1521934,0.28804836
11874,0.0798347,0.033128988,0.12654041,0.10684005,0.0,0.10684005,0.026710013
11875,0.45970356,0.037198972,0.88220817,0.754816,0.0,0.754816,0.188704
11876,0.35115418,0.04122915,0.66107917,0.71978545,0.0,0.71978545,0.17994636
11877,0.13010661,0.045306224,0.214907,0.13259846,0.0,0.13259846,0.033149615
11878,0.28491393,0.04910169,0.5207262,0.63446933,0.0,0.63446933,0.15861733
11879,0.31254947,0.0516123,0.5734866,0.3710548,0.0,0.3710548,0.0927637
11880,0.65824795,0.046537906,1.269958,1.0362006,0.0,1.0362006,0.25905016
11881,0.17843436,0.03816685,0.31870183,0.37010708,0.0,0.37010708,0.09252677
11882,0.042714853,0.035351552,0.050078154,0.024209598,0.0,0.024209598,0.0060523995
11883,0.118323505,0.0348431,0.20180391,0.16368853,0.0,0.16368853,0.04092213
11884,0.08368966,0.029695919,0.1376834,0.123875864,0.0,0.123875864,0.030968966
11885,0.12719737,0.02650684,0.22788788,0.23799568,0.0,0.23799568,0.05949892
11886,0.5115021,0.025258863,0.9977453,1.0626521,0.0,1.0626521,0.26566303
11887,0.44676983,0.026410827,0.86712885,0.9437058,0.0,0.9437058,0.23592645
11888,0.62762254,0.0294137,1.2258314,1.038796,0.0,1.038796,0.259699
11889,0.17188275,0.033178378,0.31058714,0.357097,0.0,0.357097,0.08927425
11890,0.52632636,0.03507239,1.0175803,1.1495508,0.0,1.1495508,0.2873877
11891,0.088111706,0.036614258,0.13960916,0.15732019,0.0,0.15732019,0.039330047
11892,0.15546131,0.03732126,0.27360135,0.1697964,0.0,0.1697964,0.0424491
11893,0.16501015,0.037284937,0.29273537,0.3501978,0.0,0.3501978,0.08754945
11894,0.3478632,0.03916045,0.65656596,0.49181762,0.0,0.49181762,0.122954406
11895,0.23959155,0.038402736,0.4407804,0.5091643,0.0,0.5091643,0.12729107
11896,0.07168666,0.036883567,0.106489755,0.05793525,0.0,0.05793525,0.014483812
11897,0.37723932,0.039312694,0.7151659,0.6461825,0.0,0.6461825,0.16154562
11898,0.11450698,0.041728333,0.18728562,0.14571123,0.0,0.14571123,0.036427807
11899,0.4128431,0.04245034,0.78323585,0.7749357,0.0,0.7749357,0.19373393
11900,0.27049473,0.041319117,0.49967036,0.42119965,0.0,0.42119965,0.10529991
11901,0.25096032,0.042459503,0.45946118,0.36107227,0.0,0.36107227,0.09026807
11902,0.14075378,0.044971526,0.23653603,0.13867491,0.0,0.13867491,0.03466873
11903,0.8183356,0.045039427,1.5916318,1.3322226,0.0,1.3322226,0.33305565
11904,0.24408479,0.042321447,0.44584814,0.5476384,0.0,0.5476384,0.1369096
11905,0.7699132,0.037068665,1.5027577,1.6403767,0.0,1.6403767,0.41009417
11906,0.25114426,0.036171276,0.46611726,0.5486521,0.0,0.5486521,0.13716303
11907,0.055462684,0.034045883,0.07687949,0.07819488,0.0,0.07819488,0.01954872
11908,0.7220462,0.031071266,1.4130212,1.3141745,0.0,1.3141745,0.32854363
11909,0.06155361,0.030806636,0.09230057,0.06132552,0.0,0.06132552,0.01533138
11910,0.091334574,0.033190507,0.14947863,0.0929515,0.0,0.0929515,0.023237875
11911,0.09250643,0.036645643,0.14836721,0.09579259,0.0,0.09579259,0.023948148
11912,0.57293165,0.0394043,1.106459,1.140184,0.0,1.140184,0.285046
11913,0.21289015,0.042419523,0.38336077,0.37622532,0.0,0.37622532,0.09405633
11914,0.06309087,0.044858087,0.08132365,0.054192632,0.0,0.054192632,0.013548158
11915,0.3329114,0.04780447,0.6180183,0.6841679,0.0,0.6841679,0.17104198
11916,0.049560666,0.046535656,0.052585673,0.016522512,0.0,0.016522512,0.004130628
11917,0.15895794,0.042542618,0.27537325,0.18664646,0.0,0.18664646,0.046661615
11918,0.108794145,0.039747894,0.1778404,0.118163824,0.0,0.118163824,0.029540956
11919,0.101866536,0.03681143,0.16692163,0.15375407,0.0,0.15375407,0.038438518
11920,0.23864537,0.040567365,0.43672338,0.40511426,0.0,0.40511426,0.101278566
11921,0.12768579,0.049572457,0.2057991,0.12824088,0.0,0.12824088,0.03206022
11922,0.7165863,0.059429567,1.373743,1.6196527,0.0,1.6196527,0.4049132
11923,0.28982905,0.06397072,0.5156874,0.6821032,0.0,0.6821032,0.1705258
11924,0.092790544,0.066076465,0.11950461,0.12758349,0.0,0.12758349,0.031895872
11925,0.15114327,0.07408758,0.22819896,0.29807988,0.0,0.29807988,0.07451997
11926,0.14712022,0.08486187,0.20937856,0.055190336,0.0,0.055190336,0.013797584
11927,0.12328311,0.0935545,0.15301172,0.03743985,0.0,0.03743985,0.009359962
11928,0.10679957,0.091976374,0.12162277,0.13337058,0.0,0.13337058,0.033342645
11929,0.48171318,0.07842525,0.8850011,0.52185863,0.0,0.52185863,0.13046466
11930,0.25112942,0.07479263,0.42746624,0.22756271,0.0,0.22756271,0.056890678
11931,0.26541945,0.065784,0.4650549,0.5253934,0.0,0.5253934,0.13134836
11932,0.17846383,0.06622981,0.29069784,0.14506263,0.0,0.14506263,0.036265656
11933,0.14408773,0.0692451,0.21893036,0.1570659,0.0,0.1570659,0.039266475
11934,0.096660696,0.07258699,0.12073439,0.12100768,0.0,0.12100768,0.03025192
11935,0.14909561,0.07595085,0.22224037,0.1415679,0.0,0.1415679,0.035391975
11936,0.13204868,0.07131193,0.19278543,0.11312672,0.0,0.11312672,0.02828168
11937,0.10095363,0.06511954,0.13678771,0.025073895,0.0,0.025073895,0.006268474
11938,0.09615654,0.05920368,0.13310939,0.07048076,0.0,0.07048076,0.01762019
11939,0.2320869,0.06388563,0.4002882,0.22000353,0.0,0.22000353,0.055000883
11940,0.9652588,0.07433488,1.8561826,1.6148481,0.0,1.6148481,0.40371203
11941,0.621051,0.0795324,1.1625696,0.8547597,0.0,0.8547597,0.21368992
11942,0.6700352,0.08012889,1.2599415,0.976314,0.0,0.976314,0.2440785
11943,0.21564394,0.07887892,0.35240898,0.17700355,0.0,0.17700355,0.044250887
11944,0.11928532,0.0753802,0.16319045,0.09563307,0.0,0.09563307,0.023908267
11945,0.18815982,0.07179576,0.30452392,0.14905974,0.0,0.14905974,0.037264936
11946,0.16608284,0.07068263,0.26148307,0.28121027,0.0,0.28121027,0.07030257
11947,0.34499547,0.071105056,0.6188858,0.5629347,0.0,0.5629347,0.14073367
11948,0.37583318,0.07867145,0.6729949,0.6186206,0.0,0.6186206,0.15465514
11949,0.79357433,0.08938991,1.4977587,1.3134102,0.0,1.3134102,0.32835254
11950,0.25433215,0.10033164,0.40833268,0.24558909,0.0,0.24558909,0.061397273
11951,0.57877475,0.11889365,1.0386559,0.7935454,0.0,0.7935454,0.19838636
11952,0.108422995,0.12579882,0.091047175,0.0541551,0.0,0.0541551,0.013538775
11953,0.1194784,0.12738006,0.111576736,0.02222798,0.0,0.02222798,0.005556995
11954,0.37441325,0.12782751,0.620999,0.53924346,0.0,0.53924346,0.13481086
11955,0.32937598,0.12983474,0.52891725,0.50766426,0.0,0.50766426,0.12691607
11956,0.3414278,0.13626884,0.54658675,0.58597654,0.0,0.58597654,0.14649414
11957,0.734813,0.14194454,1.3276814,1.093094,0.0,1.093094,0.2732735
11958,0.9605301,0.14871733,1.772343,1.5022417,0.0,1.5022417,0.37556043
11959,0.600008,0.15756857,1.0424474,0.8091688,0.0,0.8091688,0.2022922
11960,0.62207913,0.15562014,1.0885382,0.7459199,0.0,0.7459199,0.18647997
11961,0.49013183,0.16221735,0.8180463,0.40900388,0.0,0.40900388,0.10225097
11962,0.35109997,0.17347185,0.5287281,0.13949268,0.0,0.13949268,0.03487317
11963,1.0630985,0.18770929,1.9384876,1.4079119,0.0,1.4079119,0.35197797
11964,0.27451646,0.2063917,0.3426412,0.15295036,0.0,0.15295036,0.03823759
11965,0.19666238,0.22561157,0.16771322,0.562748,0.0,0.562748,0.140687
11966,0.16159461,0.24035041,0.082838826,0.42921433,0.0,0.42921433,0.10730358
11967,0.37930107,0.25019804,0.5084041,0.94940156,0.0,0.94940156,0.23735039
11968,0.47902545,0.25650367,0.7015472,1.2833806,0.0,1.2833806,0.32084516
11969,1.4891478,0.26059446,2.7177012,1.5178471,0.0,1.5178471,0.37946177
11970,1.1177397,0.26301107,1.9724683,0.90623784,0.0,0.90623784,0.22655946
11971,0.3325088,0.2427106,0.422307,0.13954204,0.0,0.13954204,0.03488551
11972,0.55429286,0.21489994,0.8936858,0.26780084,0.0,0.26780084,0.06695021
11973,0.5459544,0.18459582,0.90731305,0.3198975,0.0,0.3198975,0.079974376
11974,0.48519468,0.16057457,0.80981475,0.3045129,0.0,0.3045129,0.07612822
11975,0.35883197,0.14502287,0.5726411,0.18260019,0.0,0.18260019,0.045650046
11976,0.48052597,0.14081617,0.8202358,0.35872343,0.0,0.35872343,0.08968086
11977,0.39078486,0.14958213,0.6319876,1.0275472,0.0,1.0275472,0.2568868
11978,1.2000272,0.16553994,2.2345145,1.5992922,0.0,1.5992922,0.39982304
11979,0.28286067,0.19086885,0.37485245,0.10369804,0.0,0.10369804,0.02592451
11980,0.5733843,0.21312524,0.93364334,0.31142533,0.0,0.31142533,0.07785633
11981,0.6685249,0.23392923,1.1031206,1.5552651,0.0,1.5552651,0.38881627
11982,0.39307344,0.24014153,0.54600537,1.1646733,0.0,1.1646733,0.29116833
11983,0.20193441,0.25544527,0.14842354,0.45012116,0.0,0.45012116,0.11253029
11984,0.2950693,0.28560403,0.30453455,0.035320032,0.0,0.035320032,0.008830008
11985,0.6416878,0.3224809,0.96089464,0.22577329,0.0,0.22577329,0.056443322
11986,0.3809394,0.36707962,0.39479923,0.13701451,0.0,0.13701451,0.034253627
11987,0.33554122,0.36504555,0.30603686,0.08921457,0.0,0.08921457,0.022303643
11988,0.5875711,0.3460345,0.8291076,0.13679914,0.0,0.13679914,0.034199785
11989,0.2557201,0.32119605,0.1902442,0.3647689,0.0,0.3647689,0.09119222
11990,1.2034425,0.27892944,2.1279554,0.9608976,0.0,0.9608976,0.2402244
11991,1.3951283,0.24113195,2.5491247,1.3875189,0.0,1.3875189,0.34687972
11992,0.932219,0.21288729,1.6515508,0.8289609,0.0,0.8289609,0.20724022
11993,0.19946307,0.19164813,0.20727801,0.3278799,0.0,0.3278799,0.08196998
11994,0.40498844,0.18910404,0.6208728,0.19748014,0.0,0.19748014,0.049370036
11995,0.26340446,0.18493791,0.341871,0.041836347,0.0,0.041836347,0.010459087
11996,1.1675972,0.19142894,2.1437654,1.1582192,0.0,1.1582192,0.2895548
11997,0.15926537,0.19317377,0.12535697,0.11494389,0.0,0.11494389,0.028735973
11998,0.2144345,0.1915816,0.2372874,0.032744516,0.0,0.032744516,0.008186129
11999,0.4761077,0.19993798,0.7522774,0.2905459,0.0,0.2905459,0.07263648
12000,0.18588285,0.2105509,0.16121477,0.15596198,0.0,0.15596198,0.038990494
12001,0.6824601,0.22278182,1.1421384,0.43099427,0.0,0.43099427,0.10774857
12002,0.4465344,0.24632354,0.64674526,0.14087509,0.0,0.14087509,0.03521877
12003,0.19421764,0.2635741,0.1248612,0.33003405,0.0,0.33003405,0.08250851
12004,1.5557189,0.2704325,2.8410053,1.4294376,0.0,1.4294376,0.3573594
12005,0.2948905,0.28036633,0.30941463,0.370888,0.0,0.370888,0.092722
12006,0.19504994,0.2782005,0.111899376,0.51182854,0.0,0.51182854,0.12795714
12007,0.25825056,0.28713372,0.22936738,0.26411203,0.0,0.26411203,0.06602801
12008,0.4322437,0.2974535,0.56703395,0.09861016,0.0,0.09861016,0.02465254
12009,0.864713,0.32047057,1.4089555,0.48329008,0.0,0.48329008,0.12082252
12010,0.30205593,0.33930397,0.26480788,0.66667384,0.0,0.66667384,0.16666846
12011,0.2916202,0.34396458,0.23927581,0.8151195,0.0,0.8151195,0.20377988
12012,0.6627388,0.3287697,0.9967079,0.2419949,0.0,0.2419949,0.060498726
12013,0.5939357,0.30942497,0.8784465,0.24468738,0.0,0.24468738,0.061171845
12014,1.3660942,0.2839291,2.4482594,1.1797724,0.0,1.1797724,0.2949431
12015,0.51684487,0.26187345,0.77181625,1.2162247,0.0,1.2162247,0.30405617
12016,1.3352637,0.23000097,2.4405265,1.3308531,0.0,1.3308531,0.33271328
12017,0.18529081,0.21481515,0.15576646,0.16448839,0.0,0.16448839,0.041122098
12018,1.3706461,0.21058299,2.5307093,1.407651,0.0,1.407651,0.35191274
12019,0.41537264,0.19308703,0.6376583,0.23148692,0.0,0.23148692,0.05787173
12020,0.18072093,0.18484992,0.17659195,0.024009945,0.0,0.024009945,0.006002486
12021,0.30137318,0.17966247,0.4230839,0.07246543,0.0,0.07246543,0.018116357
12022,0.20482545,0.1738017,0.23584916,0.034635603,0.0,0.034635603,0.008658901
12023,0.51606053,0.15663439,0.8754867,1.4709641,0.0,1.4709641,0.36774102
12024,0.8537693,0.12756813,1.5799705,1.1068898,0.0,1.1068898,0.27672246
12025,0.86909646,0.10985255,1.6283404,0.98307866,0.0,0.98307866,0.24576966
12026,0.11212072,0.10055425,0.123687185,0.05110708,0.0,0.05110708,0.01277677
12027,0.76061445,0.091642,1.4295869,0.9328602,0.0,0.9328602,0.23321505
12028,0.22875184,0.09047958,0.3670241,0.1383564,0.0,0.1383564,0.0345891
12029,0.49787238,0.08932853,0.90641624,0.5244967,0.0,0.5244967,0.13112417
12030,0.5199339,0.09118914,0.9486787,0.51683515,0.0,0.51683515,0.12920879
12031,0.34245288,0.09783187,0.58707386,0.26836666,0.0,0.26836666,0.067091666
12032,1.1897427,0.11051605,2.2689693,1.5189165,0.0,1.5189165,0.37972912
12033,0.22511752,0.12351336,0.32672167,0.088876955,0.0,0.088876955,0.022219239
12034,0.17247821,0.12980537,0.21515107,0.4840993,0.0,0.4840993,0.121024825
12035,0.096128605,0.12660806,0.06564913,0.183134,0.0,0.183134,0.0457835
12036,0.14630543,0.12130264,0.17130822,0.03050383,0.0,0.03050383,0.0076259575
12037,0.7570986,0.11763948,1.3965577,0.76467174,0.0,0.76467174,0.19116794
12038,0.2810573,0.11550049,0.44661412,0.17957716,0.0,0.17957716,0.04489429
12039,0.1956233,0.10658423,0.28466237,0.50273436,0.0,0.50273436,0.12568359
12040,0.11290113,0.09290429,0.13289797,0.10445363,0.0,0.10445363,0.026113408
12041,0.103323616,0.081022166,0.12562507,0.036038656,0.0,0.036038656,0.009009664
12042,1.0637552,0.06908313,2.0584273,1.648016,0.0,1.648016,0.412004
12043,0.6623667,0.06097433,1.263759,0.9426077,0.0,0.9426077,0.23565193
12044,0.18764009,0.05391136,0.3213688,0.3716507,0.0,0.3716507,0.092912674
12045,0.33105662,0.047929678,0.6141836,0.690727,0.0,0.690727,0.17268175
12046,0.110020526,0.04347023,0.17657083,0.10648513,0.0,0.10648513,0.026621282
12047,0.19173259,0.04160486,0.3418603,0.36602798,0.0,0.36602798,0.091506995
12048,0.14400113,0.043572415,0.24442984,0.16445081,0.0,0.16445081,0.041112702
12049,0.33883277,0.04852755,0.62913805,0.47047067,0.0,0.47047067,0.11761767
12050,0.21165438,0.05228107,0.3710277,0.5034916,0.0,0.5034916,0.1258729
12051,0.13994533,0.056064,0.22382666,0.19997728,0.0,0.19997728,0.04999432
12052,0.44626227,0.05897473,0.8335498,0.52451396,0.0,0.52451396,0.13112849
12053,1.0477382,0.06123258,2.0342438,1.5467148,0.0,1.5467148,0.3866787
12054,0.19506681,0.064293884,0.32583973,0.500151,0.0,0.500151,0.12503774
12055,0.086203575,0.069469124,0.10293802,0.19789672,0.0,0.19789672,0.04947418
12056,0.07372026,0.07929975,0.068140775,0.10548213,0.0,0.10548213,0.026370533
12057,0.14175235,0.094395705,0.18910898,0.3212305,0.0,0.3212305,0.080307625
12058,0.15342711,0.10428131,0.2025729,0.074656345,0.0,0.074656345,0.018664086
12059,0.13827488,0.10642692,0.17012285,0.048344184,0.0,0.048344184,0.012086046
12060,0.90597135,0.1103906,1.701552,1.0839972,0.0,1.0839972,0.2709993
12061,0.09724196,0.11429552,0.0801884,0.17930584,0.0,0.17930584,0.04482646
12062,0.104367465,0.11082532,0.09790961,0.18003355,0.0,0.18003355,0.045008387
12063,0.3481858,0.100612216,0.5957594,0.26373518,0.0,0.26373518,0.065933794
12064,0.07208355,0.08491754,0.05924956,0.063277684,0.0,0.063277684,0.015819421
12065,0.11892865,0.06852883,0.16932847,0.087810285,0.0,0.087810285,0.021952571
12066,0.26075235,0.057715565,0.46378914,0.31058267,0.0,0.31058267,0.07764567
12067,0.27949896,0.05213918,0.50685877,0.3601546,0.0,0.3601546,0.09003865
12068,0.083159834,0.047746953,0.11857271,0.08631552,0.0,0.08631552,0.02157888
12069,0.5734162,0.04505166,1.1017808,0.892519,0.0,0.892519,0.22312975
12070,0.12827055,0.04545779,0.21108331,0.24279831,0.0,0.24279831,0.06069958
12071,0.18936646,0.049105424,0.3296275,0.37790117,0.0,0.37790117,0.09447529
12072,0.49068817,0.055265818,0.9261105,0.7285838,0.0,0.7285838,0.18214595
12073,0.2001632,0.06364926,0.33667716,0.1821744,0.0,0.1821744,0.0455436
12074,0.073952414,0.0708651,0.07703972,0.026040347,0.0,0.026040347,0.006510087
12075,0.10305196,0.077181645,0.12892227,0.17069457,0.0,0.17069457,0.042673644
12076,0.27810788,0.08457879,0.47163698,0.6793452,0.0,0.6793452,0.1698363
12077,0.14640605,0.093648545,0.19916356,0.0510482,0.0,0.0510482,0.01276205
12078,0.76408106,0.106190175,1.4219719,0.8945505,0.0,0.8945505,0.22363763
12079,0.4033059,0.11920601,0.68740577,0.2965341,0.0,0.2965341,0.07413352
12080,0.14718239,0.13249762,0.16186716,0.039757874,0.0,0.039757874,0.0099394685
12081,0.11409811,0.14632754,0.08186867,0.17095183,0.0,0.17095183,0.042737957
12082,0.6383129,0.15963675,1.116989,0.51809496,0.0,0.51809496,0.12952374
12083,0.18571581,0.17706156,0.19437008,0.07638293,0.0,0.07638293,0.019095732
12084,0.19110326,0.19682162,0.18538491,0.05579081,0.0,0.05579081,0.013947703
12085,0.71082526,0.19991612,1.2217345,0.5974669,0.0,0.5974669,0.14936672
12086,0.14809471,0.18565683,0.11053261,0.20259888,0.0,0.20259888,0.05064972
12087,0.15786262,0.16673093,0.14899431,0.04310155,0.0,0.04310155,0.010775387
12088,0.13747357,0.14841156,0.12653558,0.22365533,0.0,0.22365533,0.055913832
12089,0.155329,0.13746154,0.17319645,0.29913768,0.0,0.29913768,0.07478442
12090,0.15789394,0.13168766,0.18410023,0.29276803,0.0,0.29276803,0.07319201
12091,0.1734165,0.12242743,0.22440559,0.34293762,0.0,0.34293762,0.085734405
12092,0.2542009,0.11168009,0.39672172,0.14298116,0.0,0.14298116,0.03574529
12093,0.32921565,0.100408785,0.5580225,0.27659807,0.0,0.27659807,0.06914952
12094,0.10731677,0.08991128,0.12472225,0.021480203,0.0,0.021480203,0.0053700507
12095,0.11305046,0.084418535,0.14168237,0.036914337,0.0,0.036914337,0.009228584
12096,0.12197366,0.08266916,0.16127817,0.2002946,0.0,0.2002946,0.05007365
12097,0.1915517,0.08145685,0.30164656,0.18563561,0.0,0.18563561,0.046408903
12098,0.32527217,0.08002791,0.5705164,0.6099668,0.0,0.6099668,0.1524917
12099,0.6357497,0.080548346,1.190951,0.93892914,0.0,0.93892914,0.23473229
12100,0.1823423,0.08373424,0.2809504,0.38539276,0.0,0.38539276,0.09634819
12101,0.62473387,0.08526254,1.1642052,0.7793529,0.0,0.7793529,0.19483823
12102,0.09947002,0.08532232,0.11361772,0.045745593,0.0,0.045745593,0.011436398
12103,0.5497411,0.084146105,1.0153362,1.2797273,0.0,1.2797273,0.31993183
12104,0.7272353,0.08084428,1.3736264,0.9666349,0.0,0.9666349,0.24165873
12105,0.45433965,0.08028837,0.8283909,1.0368966,0.0,1.0368966,0.25922415
12106,0.112994194,0.07960562,0.14638278,0.043072496,0.0,0.043072496,0.010768124
12107,0.21779107,0.07706099,0.35852113,0.17412996,0.0,0.17412996,0.04353249
12108,0.72535557,0.07607791,1.3746332,1.3786144,0.0,1.3786144,0.3446536
12109,0.28334293,0.07551422,0.4911716,0.52251,0.0,0.52251,0.1306275
12110,0.095920645,0.076676406,0.115164876,0.0487036,0.0,0.0487036,0.0121759
12111,0.14812185,0.07632029,0.21992342,0.16556413,0.0,0.16556413,0.041391034
12112,0.2784622,0.07695013,0.4799743,0.3981967,0.0,0.3981967,0.099549174
12113,0.3098269,0.075240426,0.5444134,0.42910734,0.0,0.42910734,0.107276835
12114,0.22391868,0.07675698,0.3710804,0.2356302,0.0,0.2356302,0.05890755
12115,0.45465496,0.078282654,0.83102727,0.82209796,0.0,0.82209796,0.20552449
12116,0.26913446,0.079621844,0.4586471,0.49368456,0.0,0.49368456,0.12342114
12117,0.2784511,0.083308,0.47359428,0.2795191,0.0,0.2795191,0.06987978
12118,0.40864745,0.08667359,0.73062134,0.508696,0.0,0.508696,0.127174
12119,0.12687907,0.092832685,0.16092545,0.07936217,0.0,0.07936217,0.019840542
12120,0.18154247,0.09655627,0.2665287,0.34514606,0.0,0.34514606,0.086286515
12121,0.3155907,0.096708894,0.5344725,0.28042385,0.0,0.28042385,0.07010596
12122,0.10676581,0.09851402,0.115017585,0.05017625,0.0,0.05017625,0.012544063
12123,0.117958754,0.096931316,0.13898619,0.035307743,0.0,0.035307743,0.008826936
12124,0.22998695,0.096370004,0.36360392,0.16175194,0.0,0.16175194,0.040437985
12125,0.5749262,0.09584644,1.054006,0.8076231,0.0,0.8076231,0.20190577
12126,0.26308694,0.09533932,0.43083462,0.22617549,0.0,0.22617549,0.05654387
12127,0.13489203,0.09372076,0.1760633,0.10094061,0.0,0.10094061,0.025235152
12128,0.3223239,0.09461793,0.5500298,0.39354149,0.0,0.39354149,0.09838537
12129,0.2185995,0.096856,0.340343,0.15768279,0.0,0.15768279,0.039420698
12130,0.12758122,0.09485967,0.16030276,0.1362595,0.0,0.1362595,0.034064874
12131,0.52599925,0.08950117,0.9624973,0.9645117,0.0,0.9645117,0.24112792
12132,0.47303924,0.08306428,0.86301416,0.71476585,0.0,0.71476585,0.17869146
12133,0.10356013,0.07883296,0.1282873,0.05908085,0.0,0.05908085,0.014770213
12134,0.20707333,0.08064681,0.33349988,0.16056156,0.0,0.16056156,0.04014039
12135,0.17911673,0.08873183,0.26950163,0.1129649,0.0,0.1129649,0.028241225
12136,0.41248342,0.096637815,0.728329,0.5330543,0.0,0.5330543,0.13326357
12137,0.1224555,0.09735247,0.14755853,0.055812825,0.0,0.055812825,0.013953206
12138,0.17075609,0.09664112,0.24487104,0.3136666,0.0,0.3136666,0.07841665
12139,0.17154513,0.098481454,0.2446088,0.329868,0.0,0.329868,0.082467
12140,0.40375543,0.10048037,0.7070305,0.7048839,0.0,0.7048839,0.17622097
12141,0.15625556,0.10423825,0.20827286,0.1144175,0.0,0.1144175,0.028604375
12142,0.5159881,0.108404934,0.9235713,1.0692811,0.0,1.0692811,0.26732028
12143,0.23013492,0.11208695,0.34818292,0.51522,0.0,0.51522,0.128805
12144,0.34349456,0.11068073,0.5763084,0.2537032,0.0,0.2537032,0.0634258
12145,0.14183842,0.10383741,0.17983942,0.28676793,0.0,0.28676793,0.07169198
12146,0.38627592,0.09753535,0.67501646,0.36451745,0.0,0.36451745,0.09112936
12147,0.44345233,0.095538914,0.7913657,0.4938021,0.0,0.4938021,0.123450525
12148,0.15136601,0.09128094,0.2114511,0.24154282,0.0,0.24154282,0.060385704
12149,0.10370305,0.0875723,0.119833805,0.03501661,0.0,0.03501661,0.008754153
12150,0.1651411,0.08497357,0.24530864,0.18124391,0.0,0.18124391,0.045310978
12151,0.15346311,0.08062508,0.22630115,0.30980286,0.0,0.30980286,0.077450715
12152,0.46137428,0.07650878,0.8462398,1.0377625,0.0,1.0377625,0.25944063
12153,0.09908988,0.07766982,0.12050993,0.062857024,0.0,0.062857024,0.015714256
12154,0.1112143,0.079186596,0.14324202,0.07048327,0.0,0.07048327,0.017620817
12155,0.22161865,0.08006384,0.36317348,0.17651571,0.0,0.17651571,0.04412893
12156,0.10166502,0.08101227,0.12231778,0.05658443,0.0,0.05658443,0.014146107
12157,0.25225767,0.083230175,0.42128515,0.22683907,0.0,0.22683907,0.056709766
12158,0.76179975,0.083863996,1.4397354,1.5015262,0.0,1.5015262,0.37538156
12159,0.37766483,0.08622497,0.66910475,0.74161386,0.0,0.74161386,0.18540347
12160,0.09383676,0.08542804,0.10224548,0.028901985,0.0,0.028901985,0.007225496
12161,0.113910794,0.07951243,0.14830916,0.067512296,0.0,0.067512296,0.016878074
12162,0.07492829,0.07418538,0.07567121,0.021392023,0.0,0.021392023,0.005348006
12163,0.21748205,0.07283506,0.36212906,0.4720193,0.0,0.4720193,0.11800483
12164,0.44040844,0.07965509,0.80116177,1.021901,0.0,1.021901,0.25547525
12165,0.5777376,0.0888384,1.0666369,0.6714913,0.0,0.6714913,0.16787283
12166,0.6285749,0.10171839,1.1554314,0.6660913,0.0,0.6660913,0.16652283
12167,0.376433,0.11571858,0.6371474,0.25291988,0.0,0.25291988,0.06322997
12168,0.15007313,0.12673952,0.17340676,0.105754696,0.0,0.105754696,0.026438674
12169,0.14196068,0.12463332,0.15928805,0.02167534,0.0,0.02167534,0.005418835
12170,0.35390702,0.119605936,0.58820814,1.0532019,0.0,1.0532019,0.26330048
12171,0.3323283,0.10934291,0.55531365,0.9843591,0.0,0.9843591,0.24608977
12172,1.0692774,0.099187255,2.0393677,1.3595419,0.0,1.3595419,0.33988547
12173,0.41397595,0.09311577,0.7348361,0.36688295,0.0,0.36688295,0.09172074
12174,0.5657301,0.08749614,1.043964,0.6039529,0.0,0.6039529,0.15098822
12175,0.7653396,0.08399729,1.446682,0.9280138,0.0,0.9280138,0.23200345
12176,0.14812194,0.07806868,0.21817522,0.40671873,0.0,0.40671873,0.10167968
12177,0.14372061,0.07313851,0.2143027,0.09794817,0.0,0.09794817,0.024487043
12178,0.4686537,0.070771635,0.86653584,0.52125424,0.0,0.52125424,0.13031356
12179,0.4042722,0.07141343,0.73713094,1.0390216,0.0,1.0390216,0.2597554
12180,0.12083769,0.06794392,0.17373145,0.06057617,0.0,0.06057617,0.015144043
12181,0.1533401,0.06251829,0.24416192,0.39359328,0.0,0.39359328,0.09839832
12182,0.15396462,0.052993253,0.25493598,0.39783618,0.0,0.39783618,0.099459045
12183,0.28834605,0.045617353,0.53107476,0.35267815,0.0,0.35267815,0.08816954
12184,0.6429721,0.045667697,1.2402765,0.9110584,0.0,0.9110584,0.2277646
12185,0.45422164,0.05040558,0.8580377,1.1719085,0.0,1.1719085,0.29297712
12186,0.0863406,0.058722217,0.11395898,0.112847984,0.0,0.112847984,0.028211996
12187,0.15980417,0.069470435,0.2501379,0.46242556,0.0,0.46242556,0.11560639
12188,0.5126913,0.083082125,0.9423005,0.5277503,0.0,0.5277503,0.13193758
12189,0.34143034,0.09686351,0.5859972,0.27897465,0.0,0.27897465,0.06974366
12190,0.17111969,0.10601949,0.2362199,0.06197223,0.0,0.06197223,0.015493058
12191,0.14239262,0.11168485,0.17310037,0.023829198,0.0,0.023829198,0.0059572994
12192,0.09387978,0.10858289,0.079176664,0.11377466,0.0,0.11377466,0.028443664
12193,0.9024182,0.096870996,1.7079654,1.0609194,0.0,1.0609194,0.26522985
12194,0.19213052,0.08394712,0.30031392,0.5993499,0.0,0.5993499,0.14983748
12195,0.18015046,0.06750604,0.2927949,0.12836663,0.0,0.12836663,0.03209166
12196,0.07739084,0.05588158,0.0989001,0.15194295,0.0,0.15194295,0.03798574
12197,0.07816504,0.05124907,0.105081014,0.07942421,0.0,0.07942421,0.019856052
12198,0.6893549,0.051202256,1.3275075,0.99054354,0.0,0.99054354,0.24763589
12199,0.30554983,0.051074445,0.5600252,0.71400326,0.0,0.71400326,0.17850082
12200,0.2173248,0.04769711,0.3869525,0.2334882,0.0,0.2334882,0.05837205
12201,0.5216498,0.046732485,0.9965671,0.7689605,0.0,0.7689605,0.19224012
12202,0.17653756,0.04412204,0.30895308,0.37735906,0.0,0.37735906,0.094339766
12203,0.08573198,0.040705275,0.13075869,0.042241435,0.0,0.042241435,0.010560359
12204,0.21290933,0.038068384,0.38775027,0.4417607,0.0,0.4417607,0.11044017
12205,0.44616482,0.03850643,0.8538232,1.0183109,0.0,1.0183109,0.25457773
12206,0.088953994,0.041943282,0.1359647,0.11283404,0.0,0.11283404,0.02820851
12207,0.43312582,0.044810507,0.8214411,0.8999446,0.0,0.8999446,0.22498615
12208,0.3386422,0.04683159,0.6304528,0.71347094,0.0,0.71347094,0.17836773
12209,0.056008335,0.046907086,0.06510958,0.043087155,0.0,0.043087155,0.010771789
12210,0.15684602,0.0443694,0.26932263,0.2451806,0.0,0.2451806,0.06129515
12211,0.2589744,0.043043684,0.4749051,0.49372876,0.0,0.49372876,0.12343219
12212,0.2736573,0.042359788,0.5049548,0.43547675,0.0,0.43547675,0.10886919
12213,0.08444425,0.04337685,0.12551163,0.09400511,0.0,0.09400511,0.023501277
12214,0.050183445,0.04430787,0.05605902,0.038515884,0.0,0.038515884,0.009628971
12215,0.10553647,0.04447378,0.16659917,0.15602423,0.0,0.15602423,0.039006058
12216,0.19005364,0.043166846,0.33694044,0.3275161,0.0,0.3275161,0.08187903
12217,0.85819054,0.041333534,1.6750475,1.555006,0.0,1.555006,0.3887515
12218,0.11443949,0.04101847,0.1878605,0.18170996,0.0,0.18170996,0.04542749
12219,0.40939924,0.043631125,0.7751673,0.66798544,0.0,0.66798544,0.16699636
12220,0.09752784,0.048995286,0.1460604,0.10548756,0.0,0.10548756,0.02637189
12221,0.3252097,0.054925445,0.595494,0.71133375,0.0,0.71133375,0.17783344
12222,0.14495233,0.05904611,0.23085855,0.16594042,0.0,0.16594042,0.041485105
12223,0.4258783,0.060568318,0.79118824,0.5918151,0.0,0.5918151,0.14795378
12224,0.2726052,0.05917224,0.48603818,0.5523883,0.0,0.5523883,0.13809708
12225,0.09617146,0.05835824,0.13398468,0.08072462,0.0,0.08072462,0.020181155
12226,0.61634004,0.060312238,1.1723678,0.88425803,0.0,0.88425803,0.22106451
12227,0.26991495,0.064169005,0.4756609,0.2354374,0.0,0.2354374,0.05885935
12228,0.12708925,0.072918005,0.18126047,0.35227168,0.0,0.35227168,0.08806792
12229,0.32445952,0.08611404,0.562805,0.8039749,0.0,0.8039749,0.20099373
12230,0.19310683,0.10058389,0.28562978,0.13492899,0.0,0.13492899,0.033732247
12231,0.1410649,0.11328393,0.16884585,0.10249261,0.0,0.10249261,0.025623152
12232,0.36713895,0.115965895,0.61831194,0.24732055,0.0,0.24732055,0.061830137
12233,0.18262787,0.112288326,0.25296745,0.43761313,0.0,0.43761313,0.10940328
12234,0.17707579,0.113863505,0.24028806,0.42165175,0.0,0.42165175,0.10541294
12235,0.3648944,0.115189515,0.6145993,0.2428327,0.0,0.2428327,0.060708176
12236,0.30134317,0.10871992,0.49396643,0.17511053,0.0,0.17511053,0.043777633
12237,0.13827305,0.09586028,0.18068582,0.11969847,0.0,0.11969847,0.029924618
12238,0.2885829,0.08558697,0.4915788,0.62597924,0.0,0.62597924,0.15649481
12239,0.74647945,0.07801955,1.4149393,1.0923821,0.0,1.0923821,0.27309552
12240,0.09416288,0.075807564,0.11251821,0.054860443,0.0,0.054860443,0.013715111
12241,0.11953912,0.08052727,0.15855096,0.091723,0.0,0.091723,0.02293075
12242,0.36752805,0.09234345,0.6427126,0.31564823,0.0,0.31564823,0.07891206
12243,0.16924661,0.10434804,0.23414518,0.12990882,0.0,0.12990882,0.032477204
12244,0.5100065,0.114880204,0.9051328,0.4385624,0.0,0.4385624,0.1096406
12245,0.15664534,0.12593706,0.18735361,0.09980727,0.0,0.09980727,0.024951817
12246,0.21848576,0.13167514,0.3052964,0.47964442,0.0,0.47964442,0.119911104
12247,0.15020248,0.13402952,0.16637544,0.35165796,0.0,0.35165796,0.08791449
12248,0.15247002,0.13317943,0.17176062,0.04701583,0.0,0.04701583,0.011753958
12249,0.18861766,0.1352147,0.24202065,0.092682846,0.0,0.092682846,0.023170711
12250,0.5131374,0.13755587,0.8887189,1.2944859,0.0,1.2944859,0.32362148
12251,0.14526525,0.13684095,0.15368955,0.051619243,0.0,0.051619243,0.012904811
12252,0.21781497,0.13511097,0.30051896,0.5789275,0.0,0.5789275,0.14473188
12253,0.40228245,0.13274011,0.67182475,0.23346587,0.0,0.23346587,0.058366466
12254,0.27646562,0.13357188,0.41935936,0.7601219,0.0,0.7601219,0.19003047
12255,0.18458301,0.1358047,0.23336132,0.07782131,0.0,0.07782131,0.019455327
12256,0.81870437,0.13258182,1.5048269,0.8686338,0.0,0.8686338,0.21715845
12257,0.11597195,0.12234924,0.109594665,0.2504594,0.0,0.2504594,0.06261485
12258,0.19853099,0.11699738,0.2800646,0.20745385,0.0,0.20745385,0.05186346
12259,0.14186257,0.10960432,0.17412083,0.13607037,0.0,0.13607037,0.034017593
12260,0.4289426,0.100218624,0.7576666,0.37714216,0.0,0.37714216,0.09428554
12261,0.23058379,0.09111487,0.3700527,0.5330126,0.0,0.5330126,0.13325316
12262,0.09376744,0.08327999,0.10425491,0.20559664,0.0,0.20559664,0.05139916
12263,0.0988315,0.079256415,0.11840657,0.24304493,0.0,0.24304493,0.060761232
12264,0.17238103,0.07997436,0.26478767,0.48631772,0.0,0.48631772,0.12157943
12265,0.12542067,0.09146581,0.15937555,0.35937116,0.0,0.35937116,0.08984279
12266,0.22047503,0.107610665,0.33333942,0.12599249,0.0,0.12599249,0.031498123
12267,0.47255516,0.12830566,0.81680465,0.3459936,0.0,0.3459936,0.0864984
12268,0.14774251,0.14745696,0.14802806,0.4125733,0.0,0.4125733,0.10314333
12269,0.9835506,0.15619133,1.8109099,1.01409,0.0,1.01409,0.2535225
12270,0.18405108,0.16226256,0.20583957,0.023125708,0.0,0.023125708,0.005781427
12271,0.13591203,0.16647752,0.10534654,0.33690497,0.0,0.33690497,0.08422624
12272,0.6706813,0.1773818,1.1639808,0.47852537,0.0,0.47852537,0.11963134
12273,0.16637051,0.20257024,0.13017079,0.11862737,0.0,0.11862737,0.029656842
12274,0.21458781,0.22389524,0.20528036,0.5273551,0.0,0.5273551,0.13183877
12275,0.25921717,0.22569449,0.2927399,0.09505001,0.0,0.09505001,0.023762502
12276,0.22946854,0.20918739,0.24974968,0.80902463,0.0,0.80902463,0.20225616
12277,0.14284618,0.18842673,0.09726563,0.06364069,0.0,0.06364069,0.015910173
12278,0.13131782,0.17095105,0.0916846,0.3842318,0.0,0.3842318,0.09605795
12279,0.32724872,0.15198554,0.5025119,0.19991684,0.0,0.19991684,0.04997921
12280,0.49763897,0.13447581,0.8608022,1.5047803,0.0,1.5047803,0.37619507
12281,0.10886895,0.11863134,0.09910655,0.20715898,0.0,0.20715898,0.051789746
12282,0.13806747,0.11171707,0.16441785,0.08166627,0.0,0.08166627,0.020416567
12283,0.108138956,0.10757343,0.108704485,0.16844499,0.0,0.16844499,0.042111248
12284,0.14689878,0.11024183,0.18355572,0.3047944,0.0,0.3047944,0.0761986
12285,0.17850725,0.10395936,0.25305513,0.058052216,0.0,0.058052216,0.014513054
12286,0.13456704,0.09410987,0.1750242,0.27937976,0.0,0.27937976,0.06984494
12287,0.16690336,0.08605698,0.24774975,0.52864605,0.0,0.52864605,0.13216151
12288,0.11613217,0.08399657,0.14826776,0.24785553,0.0,0.24785553,0.061963882
12289,0.1383519,0.09581449,0.18088931,0.045154195,0.0,0.045154195,0.011288549
12290,0.51989496,0.11453261,0.92525727,1.5568749,0.0,1.5568749,0.38921872
12291,0.74756724,0.13767128,1.3574632,0.67911166,0.0,0.67911166,0.16977791
12292,0.6326725,0.15558739,1.1097577,0.48591253,0.0,0.48591253,0.12147813
12293,0.13739362,0.16444139,0.11034586,0.3063495,0.0,0.3063495,0.07658737
12294,1.1697948,0.17338192,2.1662076,1.1666894,0.0,1.1666894,0.29167235
12295,0.15155345,0.17467797,0.12842894,0.20833372,0.0,0.20833372,0.05208343
12296,0.15760206,0.18282633,0.1323778,0.066387914,0.0,0.066387914,0.016596979
12297,0.40885767,0.2007757,0.6169396,0.19580086,0.0,0.19580086,0.048950214
12298,0.14180772,0.21841283,0.06520261,0.17065966,0.0,0.17065966,0.042664915
12299,0.66077167,0.21604073,1.1055027,0.39767185,0.0,0.39767185,0.09941796
12300,0.69309807,0.19503744,1.1911587,0.47391304,0.0,0.47391304,0.11847826
12301,0.18668978,0.17240298,0.20097655,0.38030252,0.0,0.38030252,0.09507563
12302,0.31619918,0.14944766,0.48295072,1.0595117,0.0,1.0595117,0.26487792
12303,0.365764,0.119393475,0.61213446,0.2328255,0.0,0.2328255,0.058206376
12304,0.7846404,0.09455556,1.4747252,0.924572,0.0,0.924572,0.231143
12305,0.22087806,0.07836414,0.363392,0.5267814,0.0,0.5267814,0.13169535
12306,0.08876889,0.069640785,0.10789699,0.12312464,0.0,0.12312464,0.03078116
12307,0.91844535,0.06469268,1.7721981,1.3263092,0.0,1.3263092,0.3315773
12308,0.28203288,0.06522062,0.4988452,0.6998458,0.0,0.6998458,0.17496145
12309,0.7063475,0.06307897,1.349616,1.0062515,0.0,1.0062515,0.25156286
12310,0.41795,0.058616225,0.7772837,1.0677904,0.0,1.0677904,0.2669476
12311,0.3483005,0.05427886,0.6423221,0.49703655,0.0,0.49703655,0.12425914
12312,0.1028445,0.0526178,0.15307118,0.12558524,0.0,0.12558524,0.03139631
12313,0.16991432,0.05763179,0.28219685,0.15469784,0.0,0.15469784,0.03867446
12314,0.7096541,0.060910095,1.3583981,1.0060666,0.0,1.0060666,0.25151664
12315,0.05850777,0.06629223,0.050723318,0.03087596,0.0,0.03087596,0.00771899
12316,0.21875794,0.06596874,0.37154713,0.1763347,0.0,0.1763347,0.044083674
12317,0.12744726,0.06664693,0.18824758,0.27491984,0.0,0.27491984,0.06872996
12318,0.4579924,0.06446933,0.8515155,1.1919055,0.0,1.1919055,0.29797637
12319,0.81548095,0.061412994,1.569549,1.0995613,0.0,1.0995613,0.27489033
12320,0.06955286,0.06716745,0.07193827,0.106212966,0.0,0.106212966,0.026553242
12321,0.16727872,0.082079016,0.25247845,0.40307847,0.0,0.40307847,0.10076962
12322,0.13664444,0.09786677,0.17542212,0.3607452,0.0,0.3607452,0.0901863
12323,0.24212967,0.10320103,0.3810583,0.75020456,0.0,0.75020456,0.18755114
12324,0.14335904,0.09848648,0.18823159,0.036943443,0.0,0.036943443,0.009235861
12325,0.59647393,0.087850474,1.1050974,1.6352314,0.0,1.6352314,0.40880784
12326,0.8998864,0.07438093,1.725392,1.1949183,0.0,1.1949183,0.29872957
12327,0.10861835,0.058185,0.1590517,0.15767284,0.0,0.15767284,0.03941821
12328,0.19093303,0.044162948,0.3377031,0.18929471,0.0,0.18929471,0.047323678
12329,0.08463261,0.035022918,0.13424231,0.13123617,0.0,0.13123617,0.03280904
12330,0.25927097,0.030780777,0.48776114,0.51237476,0.0,0.51237476,0.12809369
12331,0.1448496,0.029188007,0.2605112,0.2305917,0.0,0.2305917,0.057647925
12332,0.21175997,0.029194847,0.3943251,0.35401717,0.0,0.35401717,0.08850429
12333,0.11163608,0.02814667,0.1951255,0.1394883,0.0,0.1394883,0.034872074
12334,0.072886325,0.027197674,0.11857498,0.11018599,0.0,0.11018599,0.027546497
12335,0.040304128,0.02581047,0.054797783,0.0408289,0.0,0.0408289,0.010207225
12336,0.03781997,0.026463578,0.049176365,0.035169326,0.0,0.035169326,0.008792331
12337,0.22532766,0.027646137,0.42300916,0.3783258,0.0,0.3783258,0.09458145
12338,0.34644687,0.028632322,0.6642614,0.5862642,0.0,0.5862642,0.14656605
12339,0.075590625,0.030163242,0.121018015,0.113227345,0.0,0.113227345,0.028306836
12340,0.1334713,0.032151174,0.23479141,0.27284047,0.0,0.27284047,0.06821012
12341,0.068899564,0.03747202,0.10032711,0.04896769,0.0,0.04896769,0.012241922
12342,0.099466495,0.04451132,0.15442167,0.08374577,0.0,0.08374577,0.020936443
12343,0.08011221,0.051189173,0.10903525,0.03610567,0.0,0.03610567,0.0090264175
12344,0.21274889,0.062104374,0.3633934,0.16858016,0.0,0.16858016,0.04214504
12345,0.110179834,0.076707825,0.14365184,0.06312213,0.0,0.06312213,0.015780533
12346,0.1119917,0.09243456,0.13154885,0.08095595,0.0,0.08095595,0.020238988
12347,0.11887187,0.10194298,0.13580075,0.3030944,0.0,0.3030944,0.0757736
12348,0.5373551,0.108715594,0.96599466,0.49560526,0.0,0.49560526,0.123901315
12349,0.33275622,0.11385182,0.5516606,0.20657258,0.0,0.20657258,0.051643144
12350,0.1346158,0.11415724,0.15507434,0.12394347,0.0,0.12394347,0.030985868
12351,0.6970167,0.10630716,1.2877263,0.765786,0.0,0.765786,0.1914465
12352,0.46844384,0.09763279,0.83925486,0.44577655,0.0,0.44577655,0.11144414
12353,0.84906393,0.09149348,1.6066345,1.1464342,0.0,1.1464342,0.28660855
12354,0.43403843,0.07931003,0.78876686,1.0647941,0.0,1.0647941,0.26619852
12355,0.09874002,0.06616945,0.1313106,0.04214554,0.0,0.04214554,0.010536385
12356,0.78917503,0.05695023,1.5213999,1.2159696,0.0,1.2159696,0.3039924
12357,0.20496273,0.05295843,0.356967,0.17834954,0.0,0.17834954,0.044587385
12358,0.39533833,0.051125776,0.7395509,0.81293625,0.0,0.81293625,0.20323406
12359,0.41220203,0.05371332,0.77069074,0.55262595,0.0,0.55262595,0.13815649
12360,0.19123878,0.057602752,0.32487482,0.39580265,0.0,0.39580265,0.09895066
12361,0.07015013,0.06021626,0.080083996,0.14819057,0.0,0.14819057,0.037047643
12362,0.37664875,0.06624886,0.6870486,0.42908823,0.0,0.42908823,0.10727206
12363,0.24818201,0.07720867,0.41915536,0.17713185,0.0,0.17713185,0.04428296
12364,0.3874817,0.092108965,0.6828544,0.316439,0.0,0.316439,0.07910975
12365,0.20336944,0.10896606,0.2977728,0.14054371,0.0,0.14054371,0.03513593
12366,0.87161976,0.12495308,1.6182865,0.98751086,0.0,0.98751086,0.24687771
12367,0.57107896,0.14217706,0.99998087,0.42670655,0.0,0.42670655,0.10667664
12368,0.5774927,0.16200413,0.99298126,0.44597474,0.0,0.44597474,0.111493684
12369,0.39871958,0.17909032,0.6183489,0.14928214,0.0,0.14928214,0.037320536
12370,1.0041052,0.18982665,1.8183838,0.9473776,0.0,0.9473776,0.2368444
12371,0.31325468,0.19211026,0.43439913,0.7236158,0.0,0.7236158,0.18090396
12372,0.2316416,0.18947293,0.27381027,0.06669488,0.0,0.06669488,0.01667372
12373,0.24227147,0.18976521,0.29477772,0.1118535,0.0,0.1118535,0.027963376
12374,0.21839131,0.18501413,0.2517685,0.060532514,0.0,0.060532514,0.0151331285
12375,0.32473737,0.17807949,0.47139525,0.1708126,0.0,0.1708126,0.04270315
12376,0.35679138,0.17035842,0.54322433,0.12140739,0.0,0.12140739,0.030351847
12377,0.10075119,0.15937176,0.04213062,0.1501316,0.0,0.1501316,0.0375329
12378,0.16575035,0.14613347,0.18536724,0.07564146,0.0,0.07564146,0.018910365
12379,0.9412091,0.13318135,1.7492367,1.0508701,0.0,1.0508701,0.26271752
12380,0.9082904,0.124752365,1.6918284,1.0483055,0.0,1.0483055,0.26207638
12381,0.38128254,0.11792249,0.6446426,1.05382,0.0,1.05382,0.263455
12382,0.4833931,0.11258241,0.8542039,1.210629,0.0,1.210629,0.30265725
12383,0.593345,0.10903294,1.0776571,0.5829685,0.0,0.5829685,0.14574212
12384,0.15573837,0.10917296,0.20230378,0.11583569,0.0,0.11583569,0.028958922
12385,0.113798946,0.10975144,0.11784645,0.2860756,0.0,0.2860756,0.0715189
12386,0.49805403,0.11193404,0.88417405,1.3127574,0.0,1.3127574,0.32818934
12387,0.60295045,0.11723139,1.0886695,0.5631936,0.0,0.5631936,0.1407984
12388,0.10020628,0.1265079,0.073904656,0.22633328,0.0,0.22633328,0.05658332
12389,0.49131837,0.13747858,0.84515816,0.34194732,0.0,0.34194732,0.08548683
12390,0.9812884,0.1455834,1.8169932,1.0220318,0.0,1.0220318,0.25550795
12391,1.2230686,0.15326716,2.2928698,1.4368005,0.0,1.4368005,0.35920012
12392,0.4822446,0.16057836,0.8039109,0.28929648,0.0,0.28929648,0.07232412
12393,0.43840465,0.16689773,0.7099115,0.22072391,0.0,0.22072391,0.055180978
12394,0.16948956,0.17203481,0.16694431,0.087278806,0.0,0.087278806,0.021819701
12395,0.24416794,0.1733044,0.3150315,0.17037278,0.0,0.17037278,0.042593196
12396,0.19707637,0.17699623,0.21715648,0.09763414,0.0,0.09763414,0.024408534
12397,1.382239,0.18528216,2.579196,1.4508289,0.0,1.4508289,0.36270723
12398,0.14380747,0.19784476,0.08977019,0.44069886,0.0,0.44069886,0.110174716
12399,0.32078657,0.2078647,0.43370843,0.08526769,0.0,0.08526769,0.021316923
12400,0.20460145,0.19916178,0.21004109,0.65918726,0.0,0.65918726,0.16479681
12401,1.448815,0.18773456,2.7098954,1.5307561,0.0,1.5307561,0.38268903
12402,0.13911141,0.17932083,0.09890201,0.43906936,0.0,0.43906936,0.10976734
12403,0.1337947,0.16389535,0.103694044,0.22507423,0.0,0.22507423,0.056268558
12404,0.46381184,0.14799762,0.7796261,0.28035703,0.0,0.28035703,0.07008926
12405,0.35745588,0.13826372,0.57664806,0.18776804,0.0,0.18776804,0.04694201
12406,0.10568598,0.13290733,0.07846463,0.04965867,0.0,0.04965867,0.012414668
12407,0.10164542,0.13389225,0.06939858,0.061936706,0.0,0.061936706,0.015484177
12408,0.13500473,0.14087908,0.12913038,0.15205033,0.0,0.15205033,0.038012583
12409,0.43634507,0.14807399,0.7246161,0.29155686,0.0,0.29155686,0.072889216
12410,0.92077374,0.15795313,1.6835943,0.85993785,0.0,0.85993785,0.21498446
12411,0.21264523,0.16649626,0.2587942,0.048000347,0.0,0.048000347,0.012000087
12412,0.13965029,0.18581605,0.09348452,0.06812736,0.0,0.06812736,0.01703184
12413,0.2452172,0.20502146,0.28541294,0.8659098,0.0,0.8659098,0.21647745
12414,1.4157372,0.22586446,2.6056097,1.3541607,0.0,1.3541607,0.33854017
12415,0.208198,0.24604058,0.1703554,0.10446785,0.0,0.10446785,0.026116962
12416,0.17342426,0.25495914,0.091889374,0.27203682,0.0,0.27203682,0.068009205
12417,0.24795859,0.25459394,0.24132323,0.022247585,0.0,0.022247585,0.005561896
12418,0.44261488,0.25278422,0.6324456,0.12311708,0.0,0.12311708,0.03077927
12419,0.21718912,0.24561007,0.18876815,0.321447,0.0,0.321447,0.08036175
12420,0.23546128,0.24526514,0.22565742,0.108426906,0.0,0.108426906,0.027106727
12421,0.82779807,0.22879057,1.4268055,0.5828832,0.0,0.5828832,0.1457208
12422,0.15386827,0.20997895,0.0977576,0.2073343,0.0,0.2073343,0.051833574
12423,1.0016614,0.20268595,1.8006369,0.8678365,0.0,0.8678365,0.21695912
12424,0.23342271,0.19560476,0.27124068,0.80404377,0.0,0.80404377,0.20101094
12425,0.8005653,0.18996291,1.4111677,0.6004565,0.0,0.6004565,0.15011412
12426,1.172102,0.17632361,2.1678803,1.1521038,0.0,1.1521038,0.28802595
12427,0.15746029,0.16292803,0.15199254,0.12671389,0.0,0.12671389,0.03167847
12428,0.30452973,0.16034043,0.44871902,0.12293663,0.0,0.12293663,0.030734157
12429,0.13845801,0.15938607,0.117529966,0.041955035,0.0,0.041955035,0.010488759
12430,0.40374216,0.1529979,0.65448636,0.22333084,0.0,0.22333084,0.05583271
12431,0.98491436,0.15448503,1.8153437,1.0533285,0.0,1.0533285,0.26333213
12432,1.0347263,0.1520757,1.9173769,1.160241,0.0,1.160241,0.29006025
12433,1.3166784,0.15641172,2.476945,1.4663874,0.0,1.4663874,0.36659685
12434,0.6720309,0.16979408,1.1742678,0.520435,0.0,0.520435,0.13010874
12435,0.4135989,0.1895551,0.6376427,1.1902478,0.0,1.1902478,0.29756194
12436,0.70386106,0.21506953,1.1926527,0.44920734,0.0,0.44920734,0.112301834
12437,0.3415246,0.22842865,0.4546206,0.07058532,0.0,0.07058532,0.01764633
12438,0.9570122,0.23608987,1.6779345,0.7835651,0.0,0.7835651,0.19589128
12439,0.57245904,0.23681466,0.90810347,0.2903991,0.0,0.2903991,0.072599776
12440,0.18036298,0.23435032,0.12637566,0.34957287,0.0,0.34957287,0.08739322
12441,0.22086613,0.23502581,0.20670645,0.03938648,0.0,0.03938648,0.00984662
12442,1.0541794,0.2482564,1.8601025,0.79043347,0.0,0.79043347,0.19760837
12443,0.25334623,0.259721,0.24697144,0.11653513,0.0,0.11653513,0.029133782
12444,1.0492808,0.28087953,1.8176819,0.72345334,0.0,0.72345334,0.18086334
12445,0.29456195,0.30026963,0.28885427,0.061047,0.0,0.061047,0.01526175
12446,0.26338622,0.31238258,0.21438986,0.14068978,0.0,0.14068978,0.035172444
12447,0.22626312,0.30486405,0.14766221,0.15567483,0.0,0.15567483,0.038918708
12448,0.42135283,0.27468893,0.5680167,1.1850114,0.0,1.1850114,0.29625285
12449,0.24015808,0.23842609,0.24189007,0.6537631,0.0,0.6537631,0.16344078
12450,0.18890017,0.20202737,0.17577298,0.067564435,0.0,0.067564435,0.016891109
12451,0.1612552,0.16860835,0.15390207,0.3898143,0.0,0.3898143,0.09745357
12452,0.2496428,0.14307427,0.35621133,0.10736086,0.0,0.10736086,0.026840216
12453,0.33673772,0.11819133,0.5552841,0.19951467,0.0,0.19951467,0.049878668
12454,0.103560545,0.10259072,0.10453037,0.032240737,0.0,0.032240737,0.008060184
12455,0.74869466,0.09544173,1.4019476,0.8520741,0.0,0.8520741,0.21301852
12456,0.411371,0.09560477,0.72713727,0.36970082,0.0,0.36970082,0.092425205
12457,0.1604756,0.10732221,0.21362899,0.05455618,0.0,0.05455618,0.013639045
12458,1.1760863,0.12113147,2.2310412,1.4386153,0.0,1.4386153,0.35965383
12459,0.35688946,0.1438052,0.5699737,0.1764767,0.0,0.1764767,0.044119176
12460,0.2997874,0.17158502,0.42798975,0.12770474,0.0,0.12770474,0.031926185
12461,0.2605288,0.19562936,0.32542825,0.8508298,0.0,0.8508298,0.21270745
12462,0.1605929,0.21321781,0.107967965,0.3555504,0.0,0.3555504,0.0888876
12463,0.18268009,0.21355915,0.15180105,0.3083608,0.0,0.3083608,0.0770902
12464,0.15728037,0.21205299,0.10250776,0.15963219,0.0,0.15963219,0.039908048
12465,0.79744095,0.20748627,1.3873955,0.56260794,0.0,0.56260794,0.14065199
12466,0.1565866,0.20950252,0.103670694,0.14642209,0.0,0.14642209,0.036605522
12467,0.1980877,0.2130959,0.18307953,0.09954244,0.0,0.09954244,0.02488561
12468,0.25907806,0.21939051,0.29876563,0.0485635,0.0,0.0485635,0.012140875
12469,0.60873437,0.20627439,1.0111943,0.35519114,0.0,0.35519114,0.088797785
12470,0.14263384,0.18579204,0.09947562,0.34396338,0.0,0.34396338,0.085990846
12471,0.9405411,0.16942213,1.71166,0.92041785,0.0,0.92041785,0.23010446
12472,0.21667258,0.16363233,0.2697128,0.0508748,0.0,0.0508748,0.0127187
12473,0.7464914,0.15703942,1.3359432,0.64425904,0.0,0.64425904,0.16106476
12474,0.14320469,0.15107198,0.1353374,0.04848722,0.0,0.04848722,0.012121805
12475,0.23601152,0.14202301,0.33000004,0.11211076,0.0,0.11211076,0.02802769
12476,0.280998,0.13273118,0.4292648,0.13214378,0.0,0.13214378,0.033035945
12477,0.70025104,0.1273105,1.2731916,0.704233,0.0,0.704233,0.17605825
12478,0.55153126,0.12768354,0.97537893,1.4745029,0.0,1.4745029,0.36862573
12479,0.09853151,0.12724568,0.06981731,0.052506138,0.0,0.052506138,0.013126534
12480,0.1065962,0.12264612,0.09054628,0.06548476,0.0,0.06548476,0.01637119
12481,0.22394614,0.13050877,0.3173835,0.06110354,0.0,0.06110354,0.015275885
12482,0.35308138,0.1417877,0.56437504,0.985738,0.0,0.985738,0.2464345
12483,0.28977153,0.16270381,0.4168392,0.1114429,0.0,0.1114429,0.027860725
12484,0.18538816,0.1899221,0.18085425,0.19136162,0.0,0.19136162,0.047840405
12485,0.16487542,0.21632926,0.11342158,0.0823257,0.0,0.0823257,0.020581424
12486,0.27341715,0.23980653,0.30702773,0.6795349,0.0,0.6795349,0.16988373
12487,0.8122278,0.25549504,1.3689605,0.508495,0.0,0.508495,0.12712374
12488,0.22981949,0.28117695,0.17846201,0.35991177,0.0,0.35991177,0.08997794
12489,0.35617828,0.30917877,0.40317777,0.77652544,0.0,0.77652544,0.19413136
12490,1.0631851,0.32868543,1.7976847,0.6625597,0.0,0.6625597,0.16563992
12491,0.6904256,0.32454714,1.056304,0.30923444,0.0,0.30923444,0.07730861
12492,0.9636185,0.3146824,1.6125547,0.6366979,0.0,0.6366979,0.15917447
12493,1.101797,0.28298926,1.9206046,0.80576485,0.0,0.80576485,0.20144121
12494,0.29103133,0.24987495,0.33218768,0.02071738,0.0,0.02071738,0.005179345
12495,0.74035555,0.21150331,1.2692078,0.55209786,0.0,0.55209786,0.13802446
12496,0.2359265,0.18562172,0.28623125,0.039186697,0.0,0.039186697,0.009796674
12497,1.3565611,0.1678654,2.5452569,1.5625178,0.0,1.5625178,0.39062944
12498,0.23758648,0.16259147,0.31258148,0.04490623,0.0,0.04490623,0.011226557
12499,0.4120083,0.15996228,0.66405433,0.2842333,0.0,0.2842333,0.071058325
12500,0.13018121,0.15863149,0.10173094,0.090941735,0.0,0.090941735,0.022735434
12501,1.1035067,0.14914611,2.0578673,1.2388258,0.0,1.2388258,0.30970645
12502,0.11843357,0.1440623,0.09280485,0.055039074,0.0,0.055039074,0.013759769
12503,0.23926713,0.13925986,0.3392744,0.11165617,0.0,0.11165617,0.027914042
12504,0.3732685,0.13883539,0.6077017,0.3048482,0.0,0.3048482,0.07621205
12505,0.3359892,0.14284578,0.5291326,0.22769862,0.0,0.22769862,0.056924656
12506,0.5820971,0.14926657,1.0149277,0.5438721,0.0,0.5438721,0.13596803
12507,0.40606716,0.16573869,0.6463957,0.2165903,0.0,0.2165903,0.054147575
12508,0.16494237,0.17657672,0.15330802,0.19653279,0.0,0.19653279,0.049133196
12509,0.61026746,0.1850863,1.0354487,0.52069896,0.0,0.52069896,0.13017474
12510,0.6248521,0.19624512,1.0534592,0.4706804,0.0,0.4706804,0.1176701
12511,0.16516487,0.20425929,0.12607044,0.13590682,0.0,0.13590682,0.033976704
12512,0.1916532,0.2067485,0.17655794,0.34620953,0.0,0.34620953,0.08655238
12513,0.46982756,0.20634778,0.73330736,0.2399749,0.0,0.2399749,0.059993725
12514,0.31196102,0.21896283,0.4049592,0.08187149,0.0,0.08187149,0.020467872
12515,0.22913623,0.22729678,0.23097567,0.07615738,0.0,0.07615738,0.019039346
12516,0.624199,0.23116732,1.0172306,0.39143717,0.0,0.39143717,0.09785929
12517,0.42994598,0.22681256,0.6330794,0.15468454,0.0,0.15468454,0.038671136
12518,0.23426537,0.22339366,0.24513705,0.119321726,0.0,0.119321726,0.029830432
12519,0.7675597,0.2129423,1.322177,0.58791906,0.0,0.58791906,0.14697976
12520,0.23589166,0.1937855,0.2779978,0.036826205,0.0,0.036826205,0.009206551
12521,0.26428485,0.16829509,0.36027464,0.5925066,0.0,0.5925066,0.14812665
12522,0.24970353,0.15065788,0.3487492,0.08191499,0.0,0.08191499,0.020478748
12523,0.17896044,0.13258629,0.2253346,0.05856063,0.0,0.05856063,0.014640157
12524,0.14630884,0.114535846,0.17808183,0.06824864,0.0,0.06824864,0.01706216
12525,0.40517524,0.10033188,0.71001863,0.8996585,0.0,0.8996585,0.22491463
12526,0.13199095,0.09055081,0.17343108,0.24248265,0.0,0.24248265,0.06062066
12527,0.140779,0.084463425,0.19709457,0.27175906,0.0,0.27175906,0.067939766
12528,0.12276492,0.08388276,0.16164708,0.06495535,0.0,0.06495535,0.016238837
12529,0.3416843,0.089271195,0.5940974,0.76585454,0.0,0.76585454,0.19146363
12530,0.11459514,0.10290918,0.1262811,0.20872976,0.0,0.20872976,0.05218244
12531,0.38451508,0.1211501,0.6478801,0.2800701,0.0,0.2800701,0.070017524
12532,0.18858175,0.13593824,0.24122523,0.15859574,0.0,0.15859574,0.039648935
12533,0.12853993,0.14232431,0.11475558,0.24847758,0.0,0.24847758,0.062119395
12534,1.3528017,0.1482218,2.5573816,1.743939,0.0,1.743939,0.43598476
12535,0.4640729,0.15020214,0.7779437,0.29826435,0.0,0.29826435,0.07456609
12536,0.7351506,0.1500449,1.3202562,0.6600387,0.0,0.6600387,0.16500968
12537,0.14225668,0.14997314,0.13454022,0.3154554,0.0,0.3154554,0.07886385
12538,0.2221089,0.14914227,0.29507554,0.05844223,0.0,0.05844223,0.014610558
12539,0.51166755,0.14058143,0.8827537,0.36584044,0.0,0.36584044,0.09146011
12540,0.600908,0.13620755,1.0656084,0.54008776,0.0,0.54008776,0.13502194
12541,1.170144,0.13043003,2.209858,1.4969139,0.0,1.4969139,0.37422848
12542,0.12022535,0.1261574,0.1142933,0.06275616,0.0,0.06275616,0.01568904
12543,0.20483617,0.11915638,0.290516,0.087863855,0.0,0.087863855,0.021965964
12544,0.13956766,0.11501209,0.16412322,0.3184341,0.0,0.3184341,0.07960852
12545,0.13050319,0.10896941,0.15203698,0.1397915,0.0,0.1397915,0.034947876
12546,0.8347368,0.10205551,1.5674181,1.0397409,0.0,1.0397409,0.25993523
12547,0.22787909,0.09785491,0.35790324,0.21595876,0.0,0.21595876,0.05398969
12548,0.074224554,0.09283346,0.055615645,0.15679179,0.0,0.15679179,0.039197948
12549,0.090768896,0.08589771,0.09564009,0.022216557,0.0,0.022216557,0.005554139
12550,0.31568405,0.08284793,0.54852015,0.88305306,0.0,0.88305306,0.22076327
12551,0.10521841,0.084183715,0.1262531,0.05324177,0.0,0.05324177,0.013310443
12552,0.115083575,0.08557847,0.1445887,0.3167574,0.0,0.3167574,0.07918935
12553,0.49722752,0.08996459,0.9044905,1.3513526,0.0,1.3513526,0.33783814
12554,0.076563545,0.1016154,0.0515117,0.11029977,0.0,0.11029977,0.027574943
12555,0.14309151,0.120040916,0.1661421,0.19131488,0.0,0.19131488,0.04782872
12556,0.16943736,0.14194447,0.19693027,0.028104039,0.0,0.028104039,0.0070260097
12557,0.16277349,0.16212292,0.16342407,0.33741507,0.0,0.33741507,0.08435377
12558,0.23642789,0.18465455,0.2882012,0.0426289,0.0,0.0426289,0.010657225
12559,0.23514354,0.20640099,0.2638861,0.71246576,0.0,0.71246576,0.17811644
12560,0.2139263,0.22090502,0.20694757,0.13020958,0.0,0.13020958,0.032552395
12561,0.21703482,0.23299511,0.2010745,0.053237762,0.0,0.053237762,0.013309441
12562,0.21492814,0.24287589,0.18698037,0.055822164,0.0,0.055822164,0.013955541
12563,1.2384262,0.24409507,2.2327573,1.0911741,0.0,1.0911741,0.27279353
12564,0.97335106,0.25008854,1.6966137,0.69108576,0.0,0.69108576,0.17277144
12565,0.6498913,0.2621752,1.0376074,0.31167418,0.0,0.31167418,0.077918544
12566,0.22121847,0.28390327,0.15853363,0.65582657,0.0,0.65582657,0.16395664
12567,0.20735268,0.2991196,0.11558578,0.24690385,0.0,0.24690385,0.061725963
12568,0.2295347,0.29283133,0.16623807,0.46147323,0.0,0.46147323,0.11536831
12569,0.37333512,0.27914855,0.46752167,0.06382405,0.0,0.06382405,0.015956013
12570,0.6327779,0.26941943,0.9961364,0.26565483,0.0,0.26565483,0.06641371
12571,0.24114297,0.26346716,0.21881878,0.04984522,0.0,0.04984522,0.012461305
12572,0.49405572,0.26312155,0.7249899,1.5298303,0.0,1.5298303,0.38245758
12573,0.33818305,0.25188097,0.42448512,0.07443518,0.0,0.07443518,0.018608795
12574,0.5747945,0.24382107,0.9057679,0.2804709,0.0,0.2804709,0.07011773
12575,0.81340224,0.2438696,1.3829349,0.54413694,0.0,0.54413694,0.13603424
12576,0.19857936,0.23599432,0.16116436,0.42524084,0.0,0.42524084,0.10631021
12577,0.5788376,0.24781209,0.909863,0.26436606,0.0,0.26436606,0.066091515
12578,0.46702313,0.26579392,0.6682523,0.17555033,0.0,0.17555033,0.04388758
12579,0.36841154,0.2857089,0.45111418,0.050923783,0.0,0.050923783,0.012730946
12580,0.4376534,0.30599353,0.5693132,1.3614407,0.0,1.3614407,0.34036016
12581,0.2650654,0.31655815,0.21357262,0.07559534,0.0,0.07559534,0.018898835
12582,0.60394007,0.31862316,0.88925695,0.20173557,0.0,0.20173557,0.050433893
12583,0.22692116,0.3099006,0.14394175,0.26618457,0.0,0.26618457,0.06654614
12584,0.39401326,0.28214252,0.50588393,0.096664906,0.0,0.096664906,0.024166226
12585,1.0766288,0.2563773,1.8968805,0.8410751,0.0,0.8410751,0.21026878
12586,0.34898344,0.24647336,0.4514936,0.0720489,0.0,0.0720489,0.018012226
12587,0.5296546,0.24705853,0.8122507,0.2156924,0.0,0.2156924,0.0539231
12588,0.30520093,0.2567966,0.35360527,0.96190375,0.0,0.96190375,0.24047594
12589,0.25003192,0.2681524,0.23191147,0.027361142,0.0,0.027361142,0.0068402854
12590,0.4498496,0.28910697,0.6105922,0.120883994,0.0,0.120883994,0.030220998
12591,0.6318741,0.323674,0.94007415,0.25218883,0.0,0.25218883,0.06304721
12592,0.33756867,0.34689382,0.3282435,0.04766648,0.0,0.04766648,0.01191662
12593,0.9453342,0.3629355,1.5277328,0.53852195,0.0,0.53852195,0.13463049
12594,0.26619017,0.3601083,0.17227207,0.1572938,0.0,0.1572938,0.03932345
12595,0.94941425,0.34347907,1.5553493,0.5670802,0.0,0.5670802,0.14177005
12596,0.27164474,0.32080784,0.22248162,0.114896834,0.0,0.114896834,0.028724208
12597,0.44616804,0.29308894,0.5992471,1.2519847,0.0,1.2519847,0.31299618
12598,0.34417295,0.27202788,0.41631803,0.049048275,0.0,0.049048275,0.012262069
12599,0.4920913,0.25220498,0.73197764,0.20986038,0.0,0.20986038,0.052465096
12600,0.44563887,0.23442112,0.6568566,0.20100947,0.0,0.20100947,0.050252367
12601,0.4454091,0.23621237,0.6546058,0.18875396,0.0,0.18875396,0.04718849
12602,0.31941423,0.25174317,0.3870853,0.040906236,0.0,0.040906236,0.010226559
12603,0.26502296,0.28269863,0.24734725,0.2512299,0.0,0.2512299,0.06280748
12604,0.7451735,0.31890318,1.1714439,0.3801067,0.0,0.3801067,0.09502667
12605,0.493014,0.34292063,0.6431075,0.09580541,0.0,0.09580541,0.023951352
12606,0.3343455,0.36225843,0.30643257,0.5202731,0.0,0.5202731,0.13006827
12607,0.51787096,0.3676643,0.66807765,0.08813914,0.0,0.08813914,0.022034785
12608,0.56220573,0.3605295,0.763882,1.6266552,0.0,1.6266552,0.4066638
12609,0.3088753,0.34441903,0.27333152,0.37790743,0.0,0.37790743,0.09447686
12610,0.27463552,0.3283318,0.22093926,0.191857,0.0,0.191857,0.04796425
12611,0.5183005,0.3028851,0.73371595,0.17771816,0.0,0.17771816,0.04442954
12612,0.20491797,0.27283123,0.13700472,0.16988677,0.0,0.16988677,0.042471692
12613,0.211325,0.24934368,0.17330633,0.31865546,0.0,0.31865546,0.079663865
12614,0.48991966,0.23201025,0.74782914,0.24180014,0.0,0.24180014,0.060450036
12615,0.1885301,0.21884443,0.15821578,0.12547845,0.0,0.12547845,0.03136961
12616,0.8147633,0.20977227,1.4197544,0.7490403,0.0,0.7490403,0.18726008
12617,0.17802763,0.19875605,0.15729919,0.080635644,0.0,0.080635644,0.020158911
12618,0.33449855,0.18590938,0.48308778,0.12873513,0.0,0.12873513,0.03218378
12619,0.32706594,0.17799394,0.47613797,0.895114,0.0,0.895114,0.2237785
12620,0.3427887,0.17331903,0.51225835,0.8665858,0.0,0.8665858,0.21664645
12621,0.23526198,0.1700571,0.30046687,0.527644,0.0,0.527644,0.131911
12622,0.44185567,0.16761541,0.7160959,0.30829754,0.0,0.30829754,0.077074386
12623,0.9853886,0.1688875,1.8018898,1.0760878,0.0,1.0760878,0.26902196
12624,0.1517257,0.17128648,0.13216491,0.13890077,0.0,0.13890077,0.034725193
12625,0.24591894,0.18375961,0.3080783,0.4792365,0.0,0.4792365,0.11980913
12626,0.4055067,0.20613706,0.60487634,0.16290922,0.0,0.16290922,0.040727306
12627,0.60946923,0.23980491,0.97913355,0.34825042,0.0,0.34825042,0.087062605
12628,0.4378736,0.27601317,0.599734,0.16736935,0.0,0.16736935,0.041842338
12629,0.3144981,0.30439174,0.32460442,0.82184607,0.0,0.82184607,0.20546152
12630,0.41848946,0.32722524,0.5097537,0.9423103,0.0,0.9423103,0.23557757
12631,0.2765143,0.3320807,0.2209479,0.47782907,0.0,0.47782907,0.11945727
12632,0.42429936,0.3308583,0.5177404,0.061515916,0.0,0.061515916,0.015378979
12633,0.32063344,0.33160862,0.30965826,0.0898708,0.0,0.0898708,0.0224677
12634,1.3482027,0.34608898,2.3503165,1.1036533,0.0,1.1036533,0.27591333
12635,0.3522528,0.3593544,0.3451512,0.047280792,0.0,0.047280792,0.011820198
12636,0.3975954,0.3386027,0.45658812,0.06315735,0.0,0.06315735,0.015789337
12637,0.5615678,0.3078221,0.8153135,0.15986596,0.0,0.15986596,0.03996649
12638,0.52217305,0.28876525,0.75558084,1.5541271,0.0,1.5541271,0.38853177
12639,0.18752106,0.26873228,0.10630987,0.32919487,0.0,0.32919487,0.08229872
12640,1.0826064,0.25247577,1.9127373,0.93120265,0.0,0.93120265,0.23280066
12641,0.31913626,0.23943335,0.39883915,0.063207835,0.0,0.063207835,0.015801959
12642,0.18907952,0.23518188,0.14297713,0.29439726,0.0,0.29439726,0.073599316
12643,0.3052605,0.23562796,0.37489304,0.103285946,0.0,0.103285946,0.025821486
12644,0.668484,0.23816872,1.0987992,0.40053836,0.0,0.40053836,0.10013459
12645,0.32791325,0.2437228,0.41210368,0.10050652,0.0,0.10050652,0.02512663
12646,0.17529158,0.243927,0.10665616,0.18075563,0.0,0.18075563,0.045188908
12647,0.48688617,0.24883044,0.7249419,0.16534583,0.0,0.16534583,0.04133646
12648,0.38627148,0.25525808,0.51728487,0.14565365,0.0,0.14565365,0.036413413
12649,0.45591745,0.27733967,0.6344952,1.151433,0.0,1.151433,0.28785825
12650,0.22209285,0.3098322,0.13435352,0.18491377,0.0,0.18491377,0.046228442
12651,0.23919798,0.35520366,0.12319231,0.18898089,0.0,0.18898089,0.047245223
12652,0.5220396,0.39016378,0.6539154,0.11929333,0.0,0.11929333,0.029823333
12653,0.9339361,0.4168392,1.4510331,0.36196136,0.0,0.36196136,0.09049034
12654,0.49432373,0.43771467,0.5509328,0.07429015,0.0,0.07429015,0.018572537
12655,0.6927157,0.4455293,0.9399021,0.1181638,0.0,0.1181638,0.02954095
12656,0.638094,0.45215377,0.8240342,0.16965108,0.0,0.16965108,0.04241277
12657,0.4429156,0.45905128,0.4267799,0.119901836,0.0,0.119901836,0.029975459
12658,0.28347793,0.47092494,0.09603097,0.47085777,0.0,0.47085777,0.11771444
12659,0.70834535,0.46661326,0.9500775,0.20499186,0.0,0.20499186,0.051247966
12660,0.6235989,0.43898842,0.80820936,0.11761782,0.0,0.11761782,0.029404456
12661,0.5901055,0.4006121,0.7795989,0.17390001,0.0,0.17390001,0.043475002
12662,0.29513898,0.35897467,0.23130329,0.7784341,0.0,0.7784341,0.19460852
12663,0.30732664,0.30558172,0.30907157,0.07964309,0.0,0.07964309,0.019910773
12664,1.233328,0.26470384,2.2019522,1.0375713,0.0,1.0375713,0.25939283
12665,0.9824679,0.23608012,1.7288556,0.8242755,0.0,0.8242755,0.20606887
12666,0.17564769,0.21840191,0.13289346,0.18293367,0.0,0.18293367,0.04573342
12667,0.5850192,0.20914225,0.9608961,0.34941873,0.0,0.34941873,0.08735468
12668,1.1562053,0.20406462,2.108346,1.135827,0.0,1.135827,0.28395674
12669,0.5472074,0.20078431,0.8936305,0.29581785,0.0,0.29581785,0.07395446
12670,0.40813163,0.20091844,0.6153448,0.15342434,0.0,0.15342434,0.038356084
12671,0.22752972,0.20123656,0.2538229,0.074408315,0.0,0.074408315,0.018602079
12672,0.3382412,0.21167584,0.46480656,0.99066925,0.0,0.99066925,0.24766731
12673,0.27165782,0.23298056,0.31033507,0.049686372,0.0,0.049686372,0.012421593
12674,0.20622551,0.25662178,0.15582925,0.14899443,0.0,0.14899443,0.037248608
12675,0.4590299,0.28487134,0.6331885,0.1095955,0.0,0.1095955,0.027398875
12676,0.82455283,0.29796156,1.3511442,0.4307007,0.0,0.4307007,0.10767517
12677,1.3572592,0.3139572,2.4005609,1.0864772,0.0,1.0864772,0.2716193
12678,0.38245305,0.3283911,0.436515,1.227646,0.0,1.227646,0.3069115
12679,0.283306,0.3365688,0.23004319,0.8800122,0.0,0.8800122,0.22000305
12680,0.84894687,0.34949303,1.3484007,0.38312438,0.0,0.38312438,0.095781095
12681,0.32586434,0.37768912,0.27403957,0.048304405,0.0,0.048304405,0.012076101
12682,0.27413824,0.40763426,0.14064221,0.51331145,0.0,0.51331145,0.12832786
12683,0.35301694,0.42433715,0.28169677,0.16628815,0.0,0.16628815,0.041572038
12684,0.7360421,0.41885233,1.0532318,0.18462707,0.0,0.18462707,0.046156768
12685,0.38933802,0.4002652,0.37841082,0.03969352,0.0,0.03969352,0.00992338
12686,0.28628537,0.37218913,0.20038164,0.2033052,0.0,0.2033052,0.0508263
12687,1.8274755,0.3336804,3.3212707,1.697463,0.0,1.697463,0.42436576
12688,0.6618095,0.2955463,1.0280727,0.331326,0.0,0.331326,0.0828315
12689,0.3125188,0.265553,0.35948464,0.053575296,0.0,0.053575296,0.013393824
12690,0.4893317,0.25059563,0.7280677,0.23333345,0.0,0.23333345,0.058333363
12691,0.5479015,0.23961581,0.85618716,0.30223936,0.0,0.30223936,0.07555984
12692,0.20942082,0.22861715,0.19022448,0.10787036,0.0,0.10787036,0.02696759
12693,0.25691923,0.22330232,0.29053614,0.30784908,0.0,0.30784908,0.07696227
12694,0.2049247,0.22317861,0.18667078,0.14657825,0.0,0.14657825,0.036644563
12695,0.36141908,0.21820517,0.504633,0.12121043,0.0,0.12121043,0.030302608
12696,0.3195717,0.22504954,0.41409388,0.07194451,0.0,0.07194451,0.017986128
12697,0.22305918,0.2353613,0.21075703,0.020545932,0.0,0.020545932,0.005136483
12698,0.40397024,0.24963534,0.5583052,0.11234403,0.0,0.11234403,0.028086007
12699,0.872994,0.25810388,1.4878842,0.6816123,0.0,0.6816123,0.17040308
12700,0.38420454,0.26225802,0.50615114,0.080597945,0.0,0.080597945,0.020149486
12701,1.2336649,0.2690682,2.1982615,1.1148733,0.0,1.1148733,0.27871832
12702,0.23223239,0.2811178,0.18334699,0.21523333,0.0,0.21523333,0.05380833
12703,0.2507001,0.28933468,0.21206546,0.124159195,0.0,0.124159195,0.031039799
12704,0.62990767,0.30317903,0.95663625,0.3017958,0.0,0.3017958,0.07544895
12705,0.44700733,0.3208568,0.57315785,0.11601507,0.0,0.11601507,0.029003767
12706,0.8104084,0.33799562,1.2828213,0.48295927,0.0,0.48295927,0.12073982
12707,0.2778493,0.3504785,0.2052201,0.54089314,0.0,0.54089314,0.13522328
12708,0.6613125,0.3567102,0.9659149,0.2435828,0.0,0.2435828,0.0608957
12709,0.3466507,0.3591502,0.33415112,0.08312363,0.0,0.08312363,0.020780908
12710,0.44429055,0.3532,0.53538114,0.09960103,0.0,0.09960103,0.024900258
12711,0.41324517,0.34295186,0.48353848,0.03949285,0.0,0.03949285,0.009873212
12712,0.3597912,0.3298549,0.38972747,0.1903262,0.0,0.1903262,0.04758155
12713,0.27414808,0.31923434,0.22906184,0.099386334,0.0,0.099386334,0.024846584
12714,0.3034641,0.3155587,0.29136953,0.04340331,0.0,0.04340331,0.010850827
12715,0.95183045,0.3035343,1.6001266,0.91455775,0.0,0.91455775,0.22863944
12716,0.47193447,0.28719267,0.6566763,0.20365483,0.0,0.20365483,0.050913706
12717,1.3054653,0.2668711,2.3440597,1.4394412,0.0,1.4394412,0.3598603
12718,0.48571265,0.24309589,0.7283294,0.98504895,0.0,0.98504895,0.24626224
12719,0.52305466,0.22023748,0.82587177,0.42992964,0.0,0.42992964,0.10748241
12720,1.2507927,0.20472075,2.2968647,1.5724922,0.0,1.5724922,0.39312306
12721,0.43469253,0.19528757,0.67409754,0.3571035,0.0,0.3571035,0.089275874
12722,1.0626036,0.19028515,1.9349221,1.3487657,0.0,1.3487657,0.33719143
12723,0.19551325,0.17822362,0.21280284,0.105636,0.0,0.105636,0.026409
12724,0.18185687,0.17151421,0.19219953,0.15046994,0.0,0.15046994,0.037617486
12725,0.39671007,0.16924356,0.62417656,0.7694443,0.0,0.7694443,0.19236107
12726,0.16552565,0.16760224,0.16344905,0.02960386,0.0,0.02960386,0.007400965
12727,0.20983459,0.16801238,0.2516568,0.28457943,0.0,0.28457943,0.07114486
12728,0.29988047,0.17296977,0.4267912,0.53234273,0.0,0.53234273,0.13308568
12729,0.9020521,0.1849962,1.6191078,0.96349764,0.0,0.96349764,0.24087441
12730,0.19472413,0.19701612,0.19243212,0.19462365,0.0,0.19462365,0.048655912
12731,0.20001042,0.20136343,0.1986574,0.04338348,0.0,0.04338348,0.01084587
12732,0.23268378,0.20833309,0.25703445,0.3162928,0.0,0.3162928,0.0790732
12733,0.48030093,0.21927929,0.7413226,1.0793242,0.0,1.0793242,0.26983106
12734,0.24107754,0.22629718,0.2558579,0.0921242,0.0,0.0921242,0.02303105
12735,0.35946253,0.23329408,0.485631,0.11314485,0.0,0.11314485,0.028286213
12736,0.4209496,0.23264061,0.60925865,0.19030619,0.0,0.19030619,0.047576547
12737,0.5077894,0.22328591,0.79229283,0.3251759,0.0,0.3251759,0.08129398
12738,0.5128612,0.20466293,0.8210594,0.41273943,0.0,0.41273943,0.10318486
12739,0.19336914,0.17728703,0.20945124,0.05754822,0.0,0.05754822,0.014387055
12740,0.18912627,0.14911743,0.22913511,0.22211175,0.0,0.22211175,0.055527937
12741,0.24070068,0.13114594,0.3502554,0.35479608,0.0,0.35479608,0.08869902
12742,0.6528399,0.1190314,1.1866484,0.8505351,0.0,0.8505351,0.21263377
12743,0.32315323,0.113511086,0.53279537,0.32419047,0.0,0.32419047,0.08104762
12744,0.598987,0.110929705,1.0870442,0.79307395,0.0,0.79307395,0.19826849
12745,0.53590995,0.11312112,0.9586988,0.6634429,0.0,0.6634429,0.16586073
12746,0.17370151,0.118745714,0.22865729,0.17827885,0.0,0.17827885,0.044569712
12747,0.70146304,0.12310093,1.2798252,0.87522584,0.0,0.87522584,0.21880646
12748,1.1255025,0.12937407,2.121631,1.5998516,0.0,1.5998516,0.3999629
12749,0.32310447,0.13115263,0.5150563,0.23529458,0.0,0.23529458,0.058823645
12750,0.2909164,0.12975176,0.45208105,0.20959012,0.0,0.20959012,0.05239753
12751,0.6208611,0.12789501,1.1138271,0.6678155,0.0,0.6678155,0.16695388
12752,1.249703,0.12570028,2.3737056,1.6706835,0.0,1.6706835,0.41767088
12753,0.94833535,0.12495315,1.7717175,1.1413134,0.0,1.1413134,0.28532836
12754,0.124001585,0.12843321,0.119569965,0.06309628,0.0,0.06309628,0.01577407
12755,0.47140446,0.12877525,0.8140337,0.42600954,0.0,0.42600954,0.106502384
12756,0.13367319,0.1327431,0.13460328,0.050767567,0.0,0.050767567,0.012691892
12757,0.40310952,0.13482304,0.671396,0.32258937,0.0,0.32258937,0.08064734
12758,0.40216422,0.13358618,0.6707423,0.95765305,0.0,0.95765305,0.23941326
12759,0.29152516,0.13618349,0.44686684,0.20723177,0.0,0.20723177,0.051807944
12760,0.32459715,0.13479213,0.5144022,0.22543937,0.0,0.22543937,0.056359842
12761,0.6593671,0.13591556,1.1828187,0.78747886,0.0,0.78747886,0.19686972
12762,0.25254938,0.13392091,0.37117782,0.11378133,0.0,0.11378133,0.028445333
12763,0.55848795,0.12594363,0.9910323,0.6451143,0.0,0.6451143,0.16127858
12764,0.19800007,0.11752809,0.27847207,0.115269095,0.0,0.115269095,0.028817274
12765,0.43059802,0.10887927,0.7523168,0.4933361,0.0,0.4933361,0.12333403
12766,0.6332032,0.10523931,1.1611671,0.7326763,0.0,0.7326763,0.18316908
12767,0.8010991,0.10795471,1.4942436,1.0802644,0.0,1.0802644,0.2700661
12768,0.23599072,0.11269943,0.35928202,0.5001211,0.0,0.5001211,0.12503028
12769,0.44575664,0.11713163,0.77438164,0.5485804,0.0,0.5485804,0.1371451
12770,0.34714103,0.12362955,0.5706525,0.6322987,0.0,0.6322987,0.15807468
12771,0.22267663,0.12813027,0.31722298,0.24999528,0.0,0.24999528,0.06249882
12772,0.607938,0.13801229,1.0778637,1.4332794,0.0,1.4332794,0.35831985
12773,0.11282971,0.138574,0.087085396,0.13002928,0.0,0.13002928,0.03250732
12774,0.30695492,0.14203076,0.4718791,0.25290754,0.0,0.25290754,0.063226886
12775,0.4217231,0.14297746,0.7004687,0.9094558,0.0,0.9094558,0.22736394
12776,0.28869796,0.13822699,0.43916893,0.1510321,0.0,0.1510321,0.037758026
12777,0.47977018,0.12839697,0.8311434,0.48340335,0.0,0.48340335,0.12085084
12778,0.23180492,0.12747072,0.3361391,0.44797942,0.0,0.44797942,0.111994855
12779,0.119740866,0.12793928,0.111542456,0.067927495,0.0,0.067927495,0.016981874
12780,0.1241385,0.13314028,0.115136705,0.03630792,0.0,0.03630792,0.00907698
12781,0.58421373,0.13662232,1.0318052,0.592519,0.0,0.592519,0.14812975
12782,0.25679806,0.13916975,0.3744264,0.091460146,0.0,0.091460146,0.022865037
12783,0.12897427,0.14180343,0.116145134,0.10548272,0.0,0.10548272,0.02637068
12784,0.44802532,0.13414478,0.76190585,0.7408383,0.0,0.7408383,0.18520957
12785,0.29557678,0.12612881,0.46502474,0.3589623,0.0,0.3589623,0.089740574
12786,0.2866554,0.115074374,0.45823643,0.33707103,0.0,0.33707103,0.08426776
12787,1.0112947,0.10507891,1.9175106,1.4472338,0.0,1.4472338,0.36180845
12788,0.14169204,0.0958277,0.18755639,0.03283627,0.0,0.03283627,0.008209067
12789,0.6380513,0.08884687,1.1872557,1.2218453,0.0,1.2218453,0.30546132
12790,0.20591001,0.08776665,0.32405338,0.12047619,0.0,0.12047619,0.030119047
12791,0.3908722,0.092654,0.68909043,0.5900182,0.0,0.5900182,0.14750455
12792,0.18998499,0.09361673,0.28635326,0.2321068,0.0,0.2321068,0.0580267
12793,0.4489422,0.09401315,0.80387133,0.74073046,0.0,0.74073046,0.18518262
12794,0.35904193,0.09557593,0.622508,0.5605216,0.0,0.5605216,0.1401304
12795,0.13056797,0.099374436,0.16176149,0.041332647,0.0,0.041332647,0.010333162
12796,0.19830479,0.10154287,0.2950667,0.1497121,0.0,0.1497121,0.037428025
12797,0.24953616,0.09944103,0.3996313,0.32654184,0.0,0.32654184,0.08163546
12798,0.29679874,0.098021,0.4955765,0.37547907,0.0,0.37547907,0.09386977
12799,0.655755,0.09297452,1.2185354,1.2885014,0.0,1.2885014,0.32212535
12800,0.29487947,0.08331856,0.5064404,0.45085776,0.0,0.45085776,0.11271444
12801,0.08709549,0.07327885,0.100912124,0.078886144,0.0,0.078886144,0.019721536
12802,0.0838545,0.06775927,0.09994972,0.08310186,0.0,0.08310186,0.020775465
12803,0.27144077,0.06395192,0.47892964,0.42369005,0.0,0.42369005,0.10592251
12804,0.09435964,0.060701337,0.12801793,0.041023273,0.0,0.041023273,0.010255818
12805,0.7209917,0.060455453,1.3815279,1.1918675,0.0,1.1918675,0.29796687
12806,0.13596797,0.06263042,0.20930551,0.18322901,0.0,0.18322901,0.045807254
12807,0.17418142,0.066161506,0.28220132,0.17596136,0.0,0.17596136,0.04399034
12808,0.12847997,0.06657796,0.190382,0.09935808,0.0,0.09935808,0.02483952
12809,0.4902617,0.064083956,0.9164395,0.774775,0.0,0.774775,0.19369376
12810,0.18133278,0.06190486,0.30076072,0.2376244,0.0,0.2376244,0.0594061
12811,0.55254847,0.06281469,1.0422822,1.0112355,0.0,1.0112355,0.25280887
12812,0.2118326,0.06303664,0.36062858,0.34140384,0.0,0.34140384,0.08535096
12813,0.113287866,0.06211094,0.16446479,0.08843439,0.0,0.08843439,0.022108598
12814,0.38839164,0.063046955,0.71373636,0.7777112,0.0,0.7777112,0.1944278
12815,0.3985249,0.065145046,0.7319048,0.5945787,0.0,0.5945787,0.14864467
12816,0.35800266,0.06738734,0.64861804,0.5199445,0.0,0.5199445,0.12998612
12817,0.19481212,0.068182394,0.32144183,0.21254563,0.0,0.21254563,0.05313641
12818,0.18578386,0.06865888,0.30290887,0.24231261,0.0,0.24231261,0.060578153
12819,0.82238036,0.06982847,1.5749322,1.5131634,0.0,1.5131634,0.37829086
12820,0.10220295,0.07131768,0.13308822,0.04161872,0.0,0.04161872,0.01040468
12821,0.26138288,0.07362736,0.4491384,0.42413917,0.0,0.42413917,0.10603479
12822,0.60443777,0.07829973,1.1305758,1.1636094,0.0,1.1636094,0.29090235
12823,0.714478,0.080629885,1.3483262,1.4569689,0.0,1.4569689,0.36424223
12824,0.6669995,0.08026545,1.2537335,0.99541694,0.0,0.99541694,0.24885423
12825,0.26644138,0.08009287,0.45278987,0.51528,0.0,0.51528,0.12882
12826,0.6453596,0.08511541,1.2056037,0.8832813,0.0,0.8832813,0.22082032
12827,0.1463397,0.08628384,0.20639555,0.1175257,0.0,0.1175257,0.029381424
12828,0.21702397,0.087631874,0.3464161,0.11797396,0.0,0.11797396,0.02949349
12829,0.28434822,0.08854842,0.480148,0.5424357,0.0,0.5424357,0.13560893
12830,0.4157326,0.08746168,0.7440035,0.9102478,0.0,0.9102478,0.22756195
12831,0.100589156,0.08442334,0.11675496,0.030620843,0.0,0.030620843,0.007655211
12832,0.40787745,0.079369,0.7363859,0.5205113,0.0,0.5205113,0.13012783
12833,0.14250875,0.074743204,0.2102743,0.33624458,0.0,0.33624458,0.084061146
12834,0.1771611,0.07097199,0.2833502,0.40861878,0.0,0.40861878,0.102154694
12835,0.14608085,0.07054562,0.22161607,0.10922255,0.0,0.10922255,0.027305638
12836,0.10120449,0.06951354,0.13289544,0.05936724,0.0,0.05936724,0.01484181
12837,0.31077787,0.06797415,0.5535816,0.56423813,0.0,0.56423813,0.14105953
12838,0.19860339,0.06683355,0.33037323,0.16097103,0.0,0.16097103,0.040242758
12839,0.08378301,0.06706978,0.100496255,0.06376795,0.0,0.06376795,0.015941987
12840,0.118884824,0.07111446,0.1666552,0.06862622,0.0,0.06862622,0.017156554
12841,0.1624835,0.07746316,0.24750383,0.19459935,0.0,0.19459935,0.048649836
12842,0.77530575,0.08748471,1.4631268,1.1461862,0.0,1.1461862,0.28654656
12843,0.12651896,0.10029403,0.1527439,0.04538904,0.0,0.04538904,0.01134726
12844,0.31715617,0.114266455,0.5200459,0.706292,0.0,0.706292,0.176573
12845,1.2672797,0.12639125,2.4081683,1.7662855,0.0,1.7662855,0.44157138
12846,0.1584206,0.1367449,0.18009631,0.052579653,0.0,0.052579653,0.013144913
12847,0.1849565,0.14241032,0.2275027,0.060533047,0.0,0.060533047,0.015133262
12848,0.45451418,0.1454486,0.7635798,1.1474797,0.0,1.1474797,0.2868699
12849,0.6824558,0.14869373,1.2162179,0.5917955,0.0,0.5917955,0.14794888
12850,1.2058862,0.15909436,2.2526782,1.3903513,0.0,1.3903513,0.34758782
12851,0.19585927,0.16552834,0.22619021,0.6682307,0.0,0.6682307,0.16705768
12852,0.45720935,0.16971345,0.74470526,0.22104616,0.0,0.22104616,0.05526154
12853,0.110619165,0.17189763,0.049340714,0.25114396,0.0,0.25114396,0.06278599
12854,0.4411759,0.17297769,0.7093741,0.20778626,0.0,0.20778626,0.051946566
12855,0.12845005,0.17596619,0.080933936,0.32627577,0.0,0.32627577,0.08156894
12856,0.19238146,0.17305176,0.21171118,0.6368342,0.0,0.6368342,0.15920855
12857,0.26550373,0.1692235,0.36178398,0.10200193,0.0,0.10200193,0.025500482
12858,0.11505333,0.16649246,0.063614205,0.1837135,0.0,0.1837135,0.045928374
12859,0.36281705,0.16211426,0.56351984,1.1765779,0.0,1.1765779,0.29414448
12860,0.21073218,0.15608281,0.26538154,0.054712515,0.0,0.054712515,0.013678129
12861,1.4622587,0.15215208,2.7723653,1.8271207,0.0,1.8271207,0.45678017
12862,0.9104058,0.14038025,1.6804314,0.9822114,0.0,0.9822114,0.24555285
12863,0.31632757,0.13639785,0.4962573,0.1707201,0.0,0.1707201,0.042680025
12864,0.45097482,0.1319298,0.7700198,1.3683714,0.0,1.3683714,0.34209284
12865,0.47808135,0.13874938,0.81741333,0.3480176,0.0,0.3480176,0.0870044
12866,0.14543916,0.15937287,0.13150547,0.1853516,0.0,0.1853516,0.0463379
12867,0.1671492,0.18536256,0.14893584,0.47059992,0.0,0.47059992,0.11764998
12868,0.389145,0.21317859,0.56511134,0.12568629,0.0,0.12568629,0.031421572
12869,0.47505355,0.23885596,0.7112512,0.1578623,0.0,0.1578623,0.039465576
12870,0.5219248,0.26423463,0.7796149,0.16801286,0.0,0.16801286,0.042003214
12871,1.2537194,0.2769356,2.2305033,0.99599916,0.0,0.99599916,0.24899979
12872,0.2820336,0.28624722,0.27782,0.39345542,0.0,0.39345542,0.098363854
12873,0.7812174,0.295818,1.2666168,0.41484773,0.0,0.41484773,0.10371193
12874,1.8591973,0.30300722,3.4153874,1.8246778,0.0,1.8246778,0.45616946
12875,0.23613952,0.30187312,0.17040592,0.18149972,0.0,0.18149972,0.04537493
12876,0.2263081,0.2931532,0.15946302,0.06713624,0.0,0.06713624,0.01678406
12877,0.63980365,0.27530405,1.0043032,0.29966187,0.0,0.29966187,0.07491547
12878,1.3106171,0.26259097,2.3586433,1.1674323,0.0,1.1674323,0.29185808
12879,0.41962326,0.2471202,0.5921263,1.3831853,0.0,1.3831853,0.34579632
12880,0.4706277,0.23064716,0.71060824,0.21897419,0.0,0.21897419,0.054743547
12881,0.21840024,0.21638338,0.2204171,0.2607253,0.0,0.2607253,0.06518132
12882,0.21285386,0.20926058,0.21644713,0.3171713,0.0,0.3171713,0.07929283
12883,0.2739991,0.21020597,0.33779225,0.039887015,0.0,0.039887015,0.009971754
12884,0.31393275,0.21076556,0.41709995,0.071932085,0.0,0.071932085,0.017983021
12885,0.19386597,0.21250863,0.17522334,0.04747965,0.0,0.04747965,0.011869912
12886,0.312696,0.21107136,0.41432068,0.07358075,0.0,0.07358075,0.018395187
12887,0.31268302,0.21977468,0.40559137,0.07137191,0.0,0.07137191,0.017842978
12888,1.2331429,0.2213927,2.244893,1.1428939,0.0,1.1428939,0.28572348
12889,0.19393177,0.23691489,0.15094866,0.05701522,0.0,0.05701522,0.014253805
12890,1.7221102,0.25280377,3.1914165,1.7771248,0.0,1.7771248,0.4442812
12891,0.49044684,0.2694362,0.7114575,0.23664694,0.0,0.23664694,0.059161734
12892,0.35572156,0.2846286,0.42681447,0.03820388,0.0,0.03820388,0.00955097
12893,0.23951943,0.28709623,0.19194265,0.07771609,0.0,0.07771609,0.019429022
12894,0.2889264,0.29832372,0.2795291,0.25010005,0.0,0.25010005,0.06252501
12895,0.33714378,0.29447687,0.3798107,0.33128414,0.0,0.33128414,0.082821034
12896,0.49876764,0.27967986,0.71785545,0.18557441,0.0,0.18557441,0.046393603
12897,0.26721415,0.28120577,0.25322255,0.38004407,0.0,0.38004407,0.09501102
12898,0.2894244,0.28101286,0.29783595,0.32564214,0.0,0.32564214,0.081410535
12899,0.5034682,0.27670112,0.73023534,0.17704122,0.0,0.17704122,0.044260304
12900,0.8287795,0.26747128,1.3900877,0.66114295,0.0,0.66114295,0.16528574
12901,0.81066364,0.25699237,1.364335,0.66248864,0.0,0.66248864,0.16562216
12902,0.5714927,0.2591476,0.8838377,0.31356478,0.0,0.31356478,0.078391194
12903,0.25306827,0.23585515,0.2702814,0.25899887,0.0,0.25899887,0.06474972
12904,0.35097918,0.21242702,0.48953128,0.5248905,0.0,0.5248905,0.13122262
12905,0.16459347,0.19252001,0.13666694,0.06290581,0.0,0.06290581,0.015726453
12906,0.8085911,0.16874795,1.4484344,0.9103074,0.0,0.9103074,0.22757685
12907,0.36980894,0.15317537,0.58644253,0.2933475,0.0,0.2933475,0.07333688
12908,0.13260879,0.1322064,0.13301116,0.06473077,0.0,0.06473077,0.016182693
12909,0.19084524,0.111178584,0.27051187,0.20932503,0.0,0.20932503,0.052331258
12910,0.17167927,0.09548109,0.24787748,0.13644849,0.0,0.13644849,0.034112122
12911,0.3570172,0.086226314,0.62780803,0.53407407,0.0,0.53407407,0.13351852
12912,0.23647481,0.08190682,0.3910428,0.30510095,0.0,0.30510095,0.07627524
12913,0.18837194,0.07872763,0.29801625,0.21667327,0.0,0.21667327,0.054168317
12914,0.22187947,0.07766894,0.36608997,0.3160443,0.0,0.3160443,0.079011075
12915,0.27269277,0.08037752,0.46500802,0.3425293,0.0,0.3425293,0.085632324
12916,0.33355084,0.08160872,0.585493,0.43083343,0.0,0.43083343,0.10770836
12917,0.60916036,0.082060225,1.1362605,1.2609237,0.0,1.2609237,0.31523094
12918,0.8287985,0.083538316,1.5740585,1.2736536,0.0,1.2736536,0.3184134
12919,0.73196477,0.08122908,1.3827004,1.5796772,0.0,1.5796772,0.3949193
12920,0.4921374,0.07814764,0.90612715,0.9953995,0.0,0.9953995,0.24884987
12921,0.2722341,0.07416516,0.47030306,0.51698565,0.0,0.51698565,0.12924641
12922,0.12171631,0.07332993,0.1701027,0.18399654,0.0,0.18399654,0.045999136
12923,0.45006824,0.07518593,0.8249505,0.98333645,0.0,0.98333645,0.24583411
12924,0.080038935,0.07998047,0.0800974,0.017119668,0.0,0.017119668,0.004279917
12925,0.6237715,0.089152135,1.1583909,0.7861188,0.0,0.7861188,0.1965297
12926,0.7812681,0.09757569,1.4649606,1.0894479,0.0,1.0894479,0.27236196
12927,0.6363993,0.104563,1.1682357,0.76136374,0.0,0.76136374,0.19034094
12928,0.26524693,0.104739346,0.42575452,0.19331269,0.0,0.19331269,0.048328172
12929,0.17064758,0.094711505,0.24658369,0.27572083,0.0,0.27572083,0.06893021
12930,0.2798476,0.086965114,0.47273004,0.30387965,0.0,0.30387965,0.07596991
12931,0.11355243,0.07762131,0.14948355,0.07357707,0.0,0.07357707,0.018394267
12932,0.12472639,0.07120281,0.17824997,0.08054235,0.0,0.08054235,0.020135587
12933,0.096400924,0.06965163,0.12315022,0.049394358,0.0,0.049394358,0.0123485895
12934,0.09486839,0.06992322,0.11981356,0.035408035,0.0,0.035408035,0.008852009
12935,0.34191242,0.069988735,0.6138361,0.5684218,0.0,0.5684218,0.14210545
12936,0.47075334,0.06866512,0.8728416,0.71456796,0.0,0.71456796,0.17864199
12937,0.066067524,0.065808855,0.06632619,0.026986629,0.0,0.026986629,0.006746657
12938,0.28961787,0.06525006,0.51398563,0.47030202,0.0,0.47030202,0.117575504
12939,0.09993395,0.06931168,0.13055623,0.08123969,0.0,0.08123969,0.020309923
12940,0.12859342,0.07613455,0.18105228,0.078385375,0.0,0.078385375,0.019596344
12941,0.250625,0.08712485,0.41412517,0.23616923,0.0,0.23616923,0.05904231
12942,0.15082592,0.095888846,0.205763,0.077326395,0.0,0.077326395,0.019331599
12943,0.109991245,0.098238386,0.1217441,0.050083105,0.0,0.050083105,0.012520776
12944,0.15097085,0.10029616,0.20164554,0.23358929,0.0,0.23358929,0.058397323
12945,1.1933402,0.09532448,2.2913558,1.7332116,0.0,1.7332116,0.4333029
12946,0.21181822,0.09095807,0.33267835,0.44278073,0.0,0.44278073,0.11069518
12947,0.40936565,0.09042219,0.72830915,0.41763258,0.0,0.41763258,0.104408145
12948,0.36459026,0.093389966,0.6357905,0.3333719,0.0,0.3333719,0.08334298
12949,0.40153703,0.10381218,0.6992619,0.38738975,0.0,0.38738975,0.09684744
12950,0.447737,0.1147225,0.7807515,0.43150392,0.0,0.43150392,0.10787598
12951,0.5244346,0.12457085,0.92429835,0.5277023,0.0,0.5277023,0.13192557
12952,0.2820317,0.13018155,0.43388185,0.18021266,0.0,0.18021266,0.045053165
12953,0.1338699,0.13197899,0.1357608,0.10931447,0.0,0.10931447,0.027328618
12954,0.26386136,0.12917471,0.398548,0.506682,0.0,0.506682,0.1266705
12955,0.39875618,0.12649454,0.6710178,0.34880403,0.0,0.34880403,0.08720101
12956,0.15419945,0.12219045,0.18620844,0.1765079,0.0,0.1765079,0.044126976
12957,0.321012,0.11973935,0.52228457,0.63503563,0.0,0.63503563,0.15875891
12958,0.13902286,0.12037599,0.15766972,0.043401044,0.0,0.043401044,0.010850261
12959,0.40167403,0.120211296,0.68313676,0.7818634,0.0,0.7818634,0.19546585
12960,0.24578619,0.118895985,0.37267637,0.43033385,0.0,0.43033385,0.10758346
12961,0.15572535,0.12192746,0.18952323,0.20593715,0.0,0.20593715,0.051484287
12962,0.8339839,0.13221101,1.5357567,1.0852588,0.0,1.0852588,0.2713147
12963,0.16380721,0.14417736,0.18343706,0.21106179,0.0,0.21106179,0.052765448
12964,0.19002159,0.15763722,0.22240597,0.34862128,0.0,0.34862128,0.08715532
12965,0.1866473,0.16804504,0.20524953,0.068636455,0.0,0.068636455,0.017159114
12966,0.2957353,0.17740162,0.41406897,0.167009,0.0,0.167009,0.04175225
12967,0.14780258,0.18662985,0.10897531,0.12023059,0.0,0.12023059,0.030057648
12968,0.4852575,0.19252181,0.7779932,1.1784109,0.0,1.1784109,0.29460272
12969,0.8763085,0.19829606,1.5543209,0.85084265,0.0,0.85084265,0.21271066
12970,0.4904293,0.21025467,0.77060395,1.3002264,0.0,1.3002264,0.3250566
12971,0.667717,0.2137984,1.1216356,0.44943714,0.0,0.44943714,0.112359285
12972,0.20625038,0.21276945,0.19973135,0.060282484,0.0,0.060282484,0.015070621
12973,0.41413155,0.21036333,0.61789984,0.25746953,0.0,0.25746953,0.06436738
12974,0.14757071,0.20320153,0.091939904,0.1478831,0.0,0.1478831,0.036970776
12975,0.29103506,0.19806725,0.3840029,0.09979999,0.0,0.09979999,0.024949998
12976,0.23301762,0.19288212,0.27315313,0.06068215,0.0,0.06068215,0.015170538
12977,0.1916265,0.19131261,0.19194038,0.043657128,0.0,0.043657128,0.010914282
12978,0.43393144,0.19304423,0.6748187,0.20862423,0.0,0.20862423,0.052156057
12979,0.33713326,0.19509655,0.47916993,0.23559628,0.0,0.23559628,0.05889907
12980,0.20036407,0.19598682,0.20474134,0.022844391,0.0,0.022844391,0.0057110977
12981,0.1761322,0.19277851,0.15948592,0.33196858,0.0,0.33196858,0.082992144
12982,0.28121793,0.18383168,0.37860417,0.6156934,0.0,0.6156934,0.15392335
12983,0.29829574,0.1786419,0.41794956,0.18721555,0.0,0.18721555,0.046803888
12984,0.4687861,0.17576797,0.76180416,0.27409247,0.0,0.27409247,0.06852312
12985,0.21747148,0.17932987,0.2556131,0.41293797,0.0,0.41293797,0.10323449
12986,0.21395342,0.18814392,0.23976289,0.03725688,0.0,0.03725688,0.00931422
12987,0.20408106,0.20383804,0.20432408,0.49293733,0.0,0.49293733,0.12323433
12988,0.3111739,0.21955045,0.40279734,0.08254165,0.0,0.08254165,0.020635413
12989,0.31348193,0.22987469,0.39708915,0.12340587,0.0,0.12340587,0.030851467
12990,0.22938263,0.24053387,0.21823142,0.50189644,0.0,0.50189644,0.12547411
12991,0.16964413,0.2461201,0.09316818,0.2077356,0.0,0.2077356,0.0519339
12992,0.46099305,0.24963598,0.6723501,0.24835968,0.0,0.24835968,0.06208992
12993,0.27517092,0.26017848,0.29016334,0.021460429,0.0,0.021460429,0.005365107
12994,0.3505609,0.2657,0.43542182,0.10522496,0.0,0.10522496,0.02630624
12995,0.1957583,0.2517369,0.13977969,0.43208662,0.0,0.43208662,0.108021654
12996,0.3069843,0.21758199,0.39638662,0.7749762,0.0,0.7749762,0.19374405
12997,0.21059544,0.17694135,0.24424954,0.61293846,0.0,0.61293846,0.15323462
12998,0.14888237,0.14612436,0.1516404,0.07306436,0.0,0.07306436,0.01826609
12999,0.91610426,0.119627506,1.712581,1.0311799,0.0,1.0311799,0.25779498
13000,0.1524561,0.10362335,0.20128886,0.3848594,0.0,0.3848594,0.09621485
13001,0.42795515,0.093844146,0.7620661,0.47069815,0.0,0.47069815,0.11767454
13002,0.45423552,0.08656621,0.82190484,1.1052767,0.0,1.1052767,0.27631918
13003,0.49663725,0.0811014,0.9121731,0.5260335,0.0,0.5260335,0.13150838
13004,0.20478584,0.078551166,0.3310205,0.2246617,0.0,0.2246617,0.056165423
13005,0.19251549,0.07866611,0.30636486,0.4253489,0.0,0.4253489,0.10633723
13006,0.27967826,0.07695227,0.48240423,0.25016883,0.0,0.25016883,0.06254221
13007,0.14070219,0.0765397,0.20486468,0.12483505,0.0,0.12483505,0.031208763
13008,0.2221971,0.07625873,0.36813545,0.460355,0.0,0.460355,0.11508875
13009,0.4805335,0.08157798,0.879489,0.5915505,0.0,0.5915505,0.14788763
13010,0.20797603,0.08818052,0.32777154,0.4103407,0.0,0.4103407,0.102585174
13011,0.75083065,0.09315708,1.4085041,0.98473024,0.0,0.98473024,0.24618256
13012,0.7591017,0.09957784,1.4186255,0.91731995,0.0,0.91731995,0.22932999
13013,0.1340108,0.10216539,0.16585623,0.080506094,0.0,0.080506094,0.020126523
13014,0.5220936,0.10195559,0.9422316,0.5035527,0.0,0.5035527,0.12588817
13015,0.91315156,0.09867865,1.7276245,1.2390643,0.0,1.2390643,0.30976608
13016,0.14721672,0.096215345,0.1982181,0.336486,0.0,0.336486,0.0841215
13017,0.21319233,0.101234525,0.3251501,0.34959123,0.0,0.34959123,0.08739781
13018,0.1938758,0.11134475,0.27640685,0.3850511,0.0,0.3850511,0.096262775
13019,0.23679268,0.12375524,0.34983015,0.4590691,0.0,0.4590691,0.114767276
13020,0.8754694,0.13295503,1.6179837,0.975128,0.0,0.975128,0.243782
13021,0.12024418,0.13536127,0.105127096,0.12499505,0.0,0.12499505,0.031248763
13022,0.73582476,0.12995903,1.3416905,0.765995,0.0,0.765995,0.19149876
13023,1.110328,0.11841756,2.1022384,1.3965739,0.0,1.3965739,0.34914348
13024,0.2834096,0.109754205,0.457065,0.20700343,0.0,0.20700343,0.051750857
13025,0.33000043,0.102712005,0.5572889,0.4118322,0.0,0.4118322,0.10295805
13026,0.32997432,0.09853258,0.5614161,0.80643994,0.0,0.80643994,0.20160998
13027,0.19645359,0.10026354,0.29264364,0.36196747,0.0,0.36196747,0.09049187
13028,0.20189649,0.100400366,0.30339262,0.22253513,0.0,0.22253513,0.055633783
13029,0.16905786,0.09729791,0.24081783,0.07632809,0.0,0.07632809,0.019082023
13030,0.117129326,0.09706391,0.13719475,0.26740968,0.0,0.26740968,0.06685242
13031,0.9058345,0.09661901,1.7150501,1.2868336,0.0,1.2868336,0.3217084
13032,0.122490205,0.096866645,0.14811376,0.020015104,0.0,0.020015104,0.005003776
13033,0.65064424,0.1007643,1.2005242,0.9098403,0.0,0.9098403,0.22746007
13034,0.21668242,0.10499128,0.32837355,0.19768126,0.0,0.19768126,0.049420316
13035,0.78920174,0.108729154,1.4696742,1.0947793,0.0,1.0947793,0.2736948
13036,0.6015858,0.109595954,1.0935756,0.6626423,0.0,0.6626423,0.16566058
13037,0.24485184,0.10652291,0.38318077,0.30203727,0.0,0.30203727,0.07550932
13038,0.4217222,0.10160443,0.74183995,0.95479393,0.0,0.95479393,0.23869848
13039,0.47820768,0.101882614,0.8545327,1.091848,0.0,1.091848,0.272962
13040,0.2805661,0.104036905,0.4570953,0.29666838,0.0,0.29666838,0.074167095
13041,0.71070653,0.11367711,1.307736,0.91875094,0.0,0.91875094,0.22968774
13042,0.83240813,0.12560615,1.53921,1.071278,0.0,1.071278,0.2678195
13043,0.5335115,0.13731216,0.92971087,0.6048119,0.0,0.6048119,0.15120298
13044,0.11165335,0.13864046,0.084666245,0.16560377,0.0,0.16560377,0.041400943
13045,0.41705003,0.12998816,0.7041119,0.9813872,0.0,0.9813872,0.2453468
13046,0.3640739,0.12015549,0.6079923,0.39138687,0.0,0.39138687,0.09784672
13047,0.40650925,0.11255547,0.700463,0.8261625,0.0,0.8261625,0.20654063
13048,0.14330666,0.104123294,0.18249004,0.0974431,0.0,0.0974431,0.024360774
13049,0.15083955,0.09840002,0.20327908,0.1531863,0.0,0.1531863,0.038296577
13050,0.40639925,0.094718404,0.7180801,0.64800346,0.0,0.64800346,0.16200086
13051,0.28569758,0.09350086,0.4778943,0.32243875,0.0,0.32243875,0.08060969
13052,0.18013029,0.09461007,0.26565048,0.096273325,0.0,0.096273325,0.024068331
13053,0.31657597,0.09675753,0.5363944,0.36739913,0.0,0.36739913,0.09184978
13054,0.22010086,0.09907182,0.3411299,0.19780017,0.0,0.19780017,0.049450044
13055,0.30165347,0.10185927,0.5014476,0.29164806,0.0,0.29164806,0.072912015
13056,0.36155328,0.10576522,0.61734134,0.3992866,0.0,0.3992866,0.09982165
13057,0.14066525,0.10860399,0.17272651,0.0706146,0.0,0.0706146,0.01765365
13058,0.12843525,0.11183984,0.14503066,0.06921213,0.0,0.06921213,0.017303033
13059,0.14146984,0.11582599,0.16711368,0.11484166,0.0,0.11484166,0.028710416
13060,0.16747098,0.12353668,0.21140523,0.054514926,0.0,0.054514926,0.0136287315
13061,0.16863887,0.13087003,0.20640771,0.080521055,0.0,0.080521055,0.020130264
13062,0.70060635,0.13939469,1.261818,1.3510046,0.0,1.3510046,0.33775115
13063,0.3204153,0.15027867,0.49055195,0.16633683,0.0,0.16633683,0.04158421
13064,0.85228676,0.16164781,1.5429257,1.0530461,0.0,1.0530461,0.26326153
13065,0.27064475,0.17567766,0.36561188,0.1554967,0.0,0.1554967,0.038874175
13066,0.22131552,0.1915522,0.25107884,0.035524957,0.0,0.035524957,0.008881239
13067,0.26017344,0.20821445,0.31213245,0.06455176,0.0,0.06455176,0.01613794
13068,0.26116407,0.22155784,0.3007703,0.07819613,0.0,0.07819613,0.019549033
13069,0.7239391,0.22976184,1.2181164,0.49823365,0.0,0.49823365,0.12455841
13070,0.26855314,0.23789787,0.2992084,0.045962553,0.0,0.045962553,0.011490638
13071,0.8075083,0.24197954,1.373037,0.6073614,0.0,0.6073614,0.15184034
13072,0.2181236,0.24546285,0.19078432,0.46365198,0.0,0.46365198,0.115912996
13073,0.99589044,0.24658185,1.7451991,1.078753,0.0,1.078753,0.26968825
13074,1.1157728,0.25144613,1.9800997,1.2168449,0.0,1.2168449,0.30421123
13075,0.30489066,0.25643164,0.3533497,0.07732894,0.0,0.07732894,0.019332236
13076,0.75822836,0.26194313,1.2545136,0.4644369,0.0,0.4644369,0.11610922
13077,0.689877,0.2692432,1.1105107,1.4331976,0.0,1.4331976,0.3582994
13078,0.7389404,0.27477005,1.2031107,0.38983145,0.0,0.38983145,0.09745786
13079,0.34214076,0.27943733,0.4048442,0.05542153,0.0,0.05542153,0.013855383
13080,0.19550486,0.28553197,0.10547775,0.27928916,0.0,0.27928916,0.06982229
13081,0.28686014,0.2920522,0.28166807,0.029212773,0.0,0.029212773,0.007303193
13082,1.3189403,0.30077624,2.3371046,1.4745046,0.0,1.4745046,0.36862615
13083,0.39421105,0.3090291,0.47939298,0.10206757,0.0,0.10206757,0.025516892
13084,1.1024815,0.31926462,1.8856983,0.9110454,0.0,0.9110454,0.22776134
13085,0.3831892,0.33291885,0.43345952,0.06003705,0.0,0.06003705,0.015009263
13086,0.90921116,0.3451498,1.4732724,0.44772097,0.0,0.44772097,0.11193024
13087,0.9065452,0.35883412,1.4542564,0.46410537,0.0,0.46410537,0.11602634
13088,1.0206124,0.37040147,1.6708235,0.6332839,0.0,0.6332839,0.15832098
13089,0.44997224,0.38937983,0.5105646,0.06456014,0.0,0.06456014,0.016140034
13090,1.5225967,0.40192232,2.6432712,1.4540035,0.0,1.4540035,0.36350086
13091,1.3718882,0.41311288,2.3306634,1.0805727,0.0,1.0805727,0.27014318
13092,0.49677515,0.42368826,0.56986207,0.12178872,0.0,0.12178872,0.03044718
13093,0.7006536,0.43719673,0.96411055,0.11667975,0.0,0.11667975,0.029169938
13094,0.8661132,0.45094517,1.2812811,0.22836621,0.0,0.22836621,0.057091553
13095,1.6981295,0.47442022,2.9218388,1.1368952,0.0,1.1368952,0.2842238
13096,1.3009137,0.49851605,2.1033113,0.5774675,0.0,0.5774675,0.14436688
13097,0.29668388,0.5164811,0.07688662,0.4571531,0.0,0.4571531,0.11428828
13098,1.3180312,0.51727253,2.1187897,0.67410207,0.0,0.67410207,0.16852552
13099,0.31871438,0.5111111,0.12631764,0.9837777,0.0,0.9837777,0.24594443
13100,0.4284998,0.49428868,0.36271086,0.13307738,0.0,0.13307738,0.033269346
13101,0.53064877,0.48135456,0.57994294,0.06096664,0.0,0.06096664,0.01524166
13102,0.3169299,0.47358942,0.16027035,0.20757711,0.0,0.20757711,0.051894277
13103,1.7545738,0.47090793,3.0382397,1.1799387,0.0,1.1799387,0.29498467
13104,0.32147786,0.4747541,0.16820163,1.0477628,0.0,1.0477628,0.2619407
13105,0.6070267,0.48452607,0.7295273,0.09990972,0.0,0.09990972,0.02497743
13106,0.59469545,0.5143287,0.6750622,0.049920905,0.0,0.049920905,0.012480226
13107,0.32311606,0.5487262,0.097505935,0.92682976,0.0,0.92682976,0.23170744
13108,1.5295664,0.59098977,2.468143,0.6552624,0.0,0.6552624,0.1638156
13109,0.33533064,0.6315425,0.039118774,0.69581413,0.0,0.69581413,0.17395353
13110,0.43041292,0.6723831,0.18844272,1.0648369,0.0,1.0648369,0.26620921
13111,0.6194366,0.6958998,0.54297346,0.062219184,0.0,0.062219184,0.015554796
13112,0.38640717,0.72390795,0.048906405,0.6961495,0.0,0.6961495,0.17403738
13113,1.1592461,0.74443275,1.5740595,0.19438554,0.0,0.19438554,0.048596386
13114,1.6440558,0.75853163,2.52958,0.52892286,0.0,0.52892286,0.13223071
13115,0.5848828,0.7656517,0.40411392,0.17442864,0.0,0.17442864,0.04360716
13116,0.49040613,0.7593282,0.22148405,0.53628486,0.0,0.53628486,0.13407122
13117,0.8806646,0.7451019,1.0162272,0.071726546,0.0,0.071726546,0.017931636
13118,1.0022327,0.72802895,1.2764363,0.14388101,0.0,0.14388101,0.035970252
13119,0.4698534,0.73273593,0.20697086,0.52724934,0.0,0.52724934,0.13181233
13120,0.995385,0.7247675,1.2660025,0.11841471,0.0,0.11841471,0.029603677
13121,0.38676795,0.7247114,0.048824504,0.55673426,0.0,0.55673426,0.13918357
13122,0.9704078,0.7318687,1.2089468,0.11744251,0.0,0.11744251,0.029360628
13123,1.7705072,0.7405772,2.800437,0.6757129,0.0,0.6757129,0.16892822
13124,0.5260516,0.74599963,0.30610347,1.4434257,0.0,1.4434257,0.3608564
13125,0.5093803,0.7487604,0.27000013,0.47142458,0.0,0.47142458,0.117856145
13126,0.5224642,0.76002234,0.28490603,0.35992017,0.0,0.35992017,0.08998004
13127,0.72136134,0.77002627,0.6726964,0.029436314,0.0,0.029436314,0.0073590786
13128,0.5336123,0.76331824,0.30390635,0.41442153,0.0,0.41442153,0.10360538
13129,1.1848992,0.7693348,1.6004635,0.21574982,0.0,0.21574982,0.053937454
13130,0.58329684,0.75506526,0.41152847,0.50859743,0.0,0.50859743,0.12714936
13131,0.62625206,0.74780756,0.50469655,0.28811345,0.0,0.28811345,0.07202836
13132,0.5760619,0.7335798,0.41854405,0.16995543,0.0,0.16995543,0.042488858
13133,1.0151385,0.70988506,1.3203918,0.15225764,0.0,0.15225764,0.03806441
13134,0.5882607,0.69568175,0.48083973,0.2880217,0.0,0.2880217,0.07200543
13135,0.49741516,0.6870718,0.30775845,0.8490831,0.0,0.8490831,0.21227078
13136,0.547515,0.67054385,0.4244862,0.49060032,0.0,0.49060032,0.12265008
13137,0.5113411,0.65995604,0.3627261,0.2563876,0.0,0.2563876,0.0640969
13138,0.5278875,0.6467688,0.40900624,0.3210143,0.0,0.3210143,0.08025358
13139,1.1811665,0.6295243,1.732809,0.4463124,0.0,0.4463124,0.1115781
13140,1.7800025,0.6018502,2.9581547,1.1714357,0.0,1.1714357,0.29285893
13141,0.38852033,0.55750823,0.21953243,0.6199859,0.0,0.6199859,0.15499647
13142,0.6516162,0.50389576,0.7993367,0.07599098,0.0,0.07599098,0.018997746
13143,0.39424506,0.44327906,0.34521112,0.14211719,0.0,0.14211719,0.035529297
13144,1.4644867,0.38299957,2.545974,1.0920242,0.0,1.0920242,0.27300605
13145,0.44494775,0.33758053,0.552315,1.4389137,0.0,1.4389137,0.35972843
13146,0.5843413,0.2994261,0.86925644,0.27250597,0.0,0.27250597,0.06812649
13147,0.26802704,0.27093545,0.2651186,0.60899305,0.0,0.60899305,0.15224826
13148,0.28174546,0.24681306,0.3166779,0.53956294,0.0,0.53956294,0.13489074
13149,0.27179822,0.23284304,0.3107534,0.026257323,0.0,0.026257323,0.006564331
13150,0.28468123,0.22399767,0.34536478,0.5756809,0.0,0.5756809,0.14392023
13151,0.17577659,0.22178113,0.12977202,0.24201143,0.0,0.24201143,0.060502857
13152,0.5538747,0.22380382,0.8839455,0.2853543,0.0,0.2853543,0.07133857
13153,0.60919213,0.2302496,0.9881346,0.39943752,0.0,0.39943752,0.09985938
13154,0.2708136,0.23914832,0.30247894,0.6122945,0.0,0.6122945,0.15307362
13155,0.20939362,0.25086543,0.16792183,0.3984476,0.0,0.3984476,0.0996119
13156,0.25106874,0.25465587,0.2474816,0.037754033,0.0,0.037754033,0.009438508
13157,0.19381928,0.2568491,0.13078946,0.33416823,0.0,0.33416823,0.08354206
13158,0.5210983,0.26078483,0.7814118,0.182441,0.0,0.182441,0.04561025
13159,0.6332375,0.2655231,1.0009519,0.31120458,0.0,0.31120458,0.077801146
13160,0.3844451,0.26912045,0.49976978,1.2743899,0.0,1.2743899,0.31859747
13161,0.25350925,0.27332002,0.23369844,0.055186138,0.0,0.055186138,0.013796534
13162,0.33836493,0.2819815,0.3947483,0.88258505,0.0,0.88258505,0.22064626
13163,0.2650546,0.28074798,0.24936123,0.027307332,0.0,0.027307332,0.006826833
13164,0.60742277,0.27745932,0.9373862,0.25114426,0.0,0.25114426,0.062786065
13165,0.2761534,0.27368966,0.2786171,0.06781299,0.0,0.06781299,0.016953247
13166,0.22327858,0.26995966,0.17659752,0.65683585,0.0,0.65683585,0.16420896
13167,0.35212138,0.2617641,0.4424787,0.06534761,0.0,0.06534761,0.016336903
13168,0.38634038,0.24721909,0.52546173,0.10373137,0.0,0.10373137,0.025932843
13169,0.16075546,0.23966622,0.08184469,0.14070153,0.0,0.14070153,0.035175383
13170,0.6057643,0.23467201,0.97685665,0.29348275,0.0,0.29348275,0.07337069
13171,0.19106291,0.23229705,0.14982876,0.42931005,0.0,0.42931005,0.10732751
13172,0.21804762,0.23702614,0.1990691,0.19071686,0.0,0.19071686,0.047679216
13173,0.17693739,0.23862678,0.115247995,0.32378462,0.0,0.32378462,0.080946155
13174,0.23374064,0.24295652,0.22452475,0.029662242,0.0,0.029662242,0.0074155605
13175,0.5690021,0.250222,0.8877821,0.2166708,0.0,0.2166708,0.0541677
13176,1.5116706,0.25852254,2.7648184,1.4094063,0.0,1.4094063,0.35235158
13177,0.6355584,0.27451077,0.99660605,0.25262982,0.0,0.25262982,0.063157454
13178,0.25149927,0.2995126,0.20348597,0.113286845,0.0,0.113286845,0.028321711
13179,0.47367206,0.32512674,0.6222174,0.11078662,0.0,0.11078662,0.027696654
13180,0.5865422,0.34876147,0.8243229,0.12648444,0.0,0.12648444,0.03162111
13181,1.5348272,0.3790529,2.6906016,1.1313623,0.0,1.1313623,0.28284058
13182,0.41684484,0.40662876,0.42706087,1.4087759,0.0,1.4087759,0.35219398
13183,0.2892259,0.434616,0.14383583,0.15109237,0.0,0.15109237,0.03777309
13184,0.26127705,0.46105695,0.06149711,0.44533578,0.0,0.44533578,0.111333944
13185,0.4424455,0.49372205,0.39116892,0.14589468,0.0,0.14589468,0.03647367
13186,0.4027561,0.5181325,0.2873797,1.0859779,0.0,1.0859779,0.27149448
13187,0.31655428,0.53640574,0.09670282,0.4005871,0.0,0.4005871,0.10014678
13188,0.48156524,0.5422301,0.42090034,0.1155344,0.0,0.1155344,0.0288836
13189,0.9153506,0.53624266,1.2944586,0.3173895,0.0,0.3173895,0.07934737
13190,0.8378599,0.5229966,1.1527232,0.24921991,0.0,0.24921991,0.062304977
13191,0.9635183,0.50792193,1.4191146,0.28049755,0.0,0.28049755,0.07012439
13192,0.403945,0.48369065,0.32419935,1.1875967,0.0,1.1875967,0.29689917
13193,0.3398622,0.46702597,0.2126984,0.13462426,0.0,0.13462426,0.033656064
13194,0.7689324,0.45592606,1.0819387,0.18415427,0.0,0.18415427,0.046038568
13195,0.31692412,0.44887552,0.18497276,0.15717737,0.0,0.15717737,0.039294343
13196,0.7138081,0.44381204,0.9838042,0.16257586,0.0,0.16257586,0.040643964
13197,0.52790886,0.44174847,0.6140692,0.049770772,0.0,0.049770772,0.012442693
13198,0.3758594,0.43899727,0.3127216,1.1597514,0.0,1.1597514,0.28993785
13199,0.29285356,0.43408075,0.15162636,0.71395844,0.0,0.71395844,0.17848961
13200,0.3889583,0.430472,0.34744462,1.096541,0.0,1.096541,0.27413526
13201,0.48142067,0.43596324,0.5268781,0.044275027,0.0,0.044275027,0.011068757
13202,1.1029421,0.44189882,1.7639853,0.5049217,0.0,0.5049217,0.12623042
13203,0.41477013,0.44478932,0.38475093,0.16363604,0.0,0.16363604,0.04090901
13204,1.0572451,0.44924715,1.6652431,0.4317062,0.0,0.4317062,0.10792655
13205,0.32439092,0.4546012,0.19418065,0.30585775,0.0,0.30585775,0.07646444
13206,0.512151,0.4587177,0.56558436,0.039942022,0.0,0.039942022,0.009985506
13207,0.30500224,0.46796533,0.14203916,0.5671461,0.0,0.5671461,0.14178653
13208,0.5334851,0.47243723,0.594533,0.02657262,0.0,0.02657262,0.006643155
13209,0.32515442,0.48427558,0.16603327,0.47442722,0.0,0.47442722,0.118606806
13210,0.33159766,0.48953643,0.17365889,0.69294006,0.0,0.69294006,0.17323501
13211,0.97859496,0.49441114,1.4627787,0.36315522,0.0,0.36315522,0.090788804
13212,0.32462925,0.49995792,0.14930058,0.5894474,0.0,0.5894474,0.14736184
13213,1.8403721,0.5075547,3.1731894,1.253815,0.0,1.253815,0.31345376
13214,0.3214958,0.49624363,0.14674796,0.3191935,0.0,0.3191935,0.07979838
13215,0.93903106,0.47194925,1.4061128,0.34024358,0.0,0.34024358,0.085060894
13216,0.63837093,0.43499935,0.8417425,0.12020541,0.0,0.12020541,0.030051352
13217,0.3574089,0.40011927,0.31469858,1.1272668,0.0,1.1272668,0.2818167
13218,1.0583137,0.36387482,1.7527527,0.5719547,0.0,0.5719547,0.14298868
13219,0.31776497,0.3368075,0.29872242,0.7468088,0.0,0.7468088,0.1867022
13220,0.82056934,0.31368375,1.327455,0.42960307,0.0,0.42960307,0.10740077
13221,0.41172585,0.29635566,0.52709603,0.11591742,0.0,0.11591742,0.028979355
13222,0.47210845,0.28534654,0.6588704,0.14003943,0.0,0.14003943,0.035009857
13223,1.3125697,0.28265667,2.3424828,1.2181119,0.0,1.2181119,0.30452797
13224,0.23701243,0.2789618,0.19506307,0.078542024,0.0,0.078542024,0.019635506
13225,0.22224088,0.27992925,0.16455251,0.13011442,0.0,0.13011442,0.032528605
13226,0.2331661,0.28777942,0.17855279,0.17333603,0.0,0.17333603,0.043334007
13227,0.23095708,0.29831854,0.16359559,0.44864067,0.0,0.44864067,0.11216017
13228,0.37934184,0.31083354,0.4478501,0.04153712,0.0,0.04153712,0.01038428
13229,0.26043645,0.32192323,0.19894971,0.10340741,0.0,0.10340741,0.025851853
13230,0.28784513,0.3360577,0.23963256,0.5078793,0.0,0.5078793,0.12696983
13231,0.5292914,0.34967968,0.70890313,0.11758017,0.0,0.11758017,0.029395042
13232,0.8543665,0.36093953,1.3477935,0.4229351,0.0,0.4229351,0.105733775
13233,0.62326825,0.37013078,0.8764057,0.17074005,0.0,0.17074005,0.042685013
13234,0.9591364,0.37403473,1.5442381,0.5061029,0.0,0.5061029,0.12652573
13235,0.32690045,0.36566627,0.2881346,0.0919107,0.0,0.0919107,0.022977674
13236,0.35660765,0.3468063,0.36640897,0.15768033,0.0,0.15768033,0.039420083
13237,0.47326365,0.3320448,0.61448246,0.13983543,0.0,0.13983543,0.034958858
13238,0.25663888,0.31852213,0.19475563,0.3707564,0.0,0.3707564,0.0926891
13239,0.28994477,0.3010618,0.27882773,0.62894434,0.0,0.62894434,0.15723608
13240,0.24787767,0.28789833,0.20785701,0.19111638,0.0,0.19111638,0.047779094
13241,0.35393655,0.27496186,0.43291125,0.07033753,0.0,0.07033753,0.017584382
13242,0.43829998,0.269265,0.6073349,0.13189204,0.0,0.13189204,0.03297301
13243,0.24656753,0.26586264,0.2272724,0.22120237,0.0,0.22120237,0.055300593
13244,0.9859907,0.2609649,1.7110165,0.92243785,0.0,0.92243785,0.23060946
13245,0.7987118,0.25742742,1.3399962,0.5368528,0.0,0.5368528,0.1342132
13246,1.0714318,0.25389054,1.8889729,1.0227412,0.0,1.0227412,0.2556853
13247,0.24366826,0.25312898,0.23420756,0.023227125,0.0,0.023227125,0.0058067814
13248,0.34258068,0.25482336,0.430338,0.07984339,0.0,0.07984339,0.019960847
13249,0.4648389,0.25980842,0.6698694,0.17791058,0.0,0.17791058,0.044477645
13250,0.27532244,0.26168665,0.28895822,0.08719495,0.0,0.08719495,0.021798737
13251,0.21859968,0.2635144,0.17368494,0.20300229,0.0,0.20300229,0.050750572
13252,0.32546046,0.26568064,0.38524032,0.03781468,0.0,0.03781468,0.00945367
13253,0.6158931,0.26666358,0.9651227,0.3183794,0.0,0.3183794,0.07959485
13254,0.2385956,0.26587114,0.21132006,0.38537565,0.0,0.38537565,0.09634391
13255,0.2824336,0.2690343,0.2958329,0.022951564,0.0,0.022951564,0.005737891
13256,0.5531177,0.27575633,0.83047897,0.20711012,0.0,0.20711012,0.05177753
13257,0.74631006,0.28622368,1.2063965,0.41290173,0.0,0.41290173,0.10322543
13258,1.2351156,0.29489714,2.1753342,1.0979842,0.0,1.0979842,0.27449605
13259,0.51899475,0.30297503,0.7350145,0.13411485,0.0,0.13411485,0.03352871
13260,0.24705963,0.3115302,0.18258905,0.42876467,0.0,0.42876467,0.10719117
13261,0.94923705,0.31320527,1.5852689,0.6311199,0.0,0.6311199,0.15777998
13262,0.5925445,0.31176564,0.8733234,0.20684607,0.0,0.20684607,0.05171152
13263,0.5727597,0.31112334,0.83439595,1.515594,0.0,1.515594,0.3788985
13264,0.5340021,0.30924585,0.7587585,0.24170713,0.0,0.24170713,0.060426783
13265,0.404812,0.29871428,0.5109098,0.11610385,0.0,0.11610385,0.029025963
13266,0.41542768,0.2799826,0.5508728,0.99247694,0.0,0.99247694,0.24811924
13267,0.25932065,0.26229593,0.25634536,0.040033866,0.0,0.040033866,0.010008466
13268,0.19202237,0.24500735,0.13903736,0.21796417,0.0,0.21796417,0.054491043
13269,0.41931733,0.23252542,0.6061092,1.0851825,0.0,1.0851825,0.27129564
13270,1.1005572,0.22452547,1.9765888,1.0561804,0.0,1.0561804,0.2640451
13271,0.7029874,0.2256486,1.1803261,0.48129678,0.0,0.48129678,0.120324194
13272,0.19315605,0.22918065,0.15713143,0.32962278,0.0,0.32962278,0.082405694
13273,0.2500572,0.24024434,0.25987002,0.2098974,0.0,0.2098974,0.05247435
13274,0.78992957,0.2564169,1.3234421,0.5123405,0.0,0.5123405,0.12808512
13275,0.30144548,0.27449405,0.32839692,0.052181542,0.0,0.052181542,0.0130453855
13276,0.5182259,0.28701726,0.74943453,0.20611107,0.0,0.20611107,0.05152777
13277,0.3022105,0.29492792,0.3094931,0.2020186,0.0,0.2020186,0.05050465
13278,0.27561092,0.3045602,0.24666165,0.133519,0.0,0.133519,0.03337975
13279,0.32206813,0.31469432,0.32944193,0.096128345,0.0,0.096128345,0.024032086
13280,0.20826285,0.3225804,0.0939453,0.20714594,0.0,0.20714594,0.051786486
13281,0.3119994,0.33459798,0.2894008,0.031251278,0.0,0.031251278,0.007812819
13282,0.8167618,0.34702954,1.286494,0.3494084,0.0,0.3494084,0.0873521
13283,0.800858,0.35646066,1.2452554,0.31629446,0.0,0.31629446,0.079073615
13284,0.87296194,0.36609003,1.3798338,0.38847205,0.0,0.38847205,0.09711801
13285,0.53155917,0.37795877,0.6851595,0.084453635,0.0,0.084453635,0.021113409
13286,0.27832898,0.386897,0.16976099,0.650503,0.0,0.650503,0.16262574
13287,0.33500317,0.39637586,0.27363047,0.072835825,0.0,0.072835825,0.018208956
13288,0.32583758,0.39895844,0.2527167,0.16779403,0.0,0.16779403,0.04194851
13289,0.7363794,0.40308988,1.0696689,0.21558475,0.0,0.21558475,0.05389619
13290,0.38534555,0.39452028,0.37617078,0.9157598,0.0,0.9157598,0.22893995
13291,0.34094176,0.38064393,0.30123952,0.0435247,0.0,0.0435247,0.010881175
13292,0.9382301,0.3669165,1.5095438,0.4813713,0.0,0.4813713,0.12034283
13293,0.6957881,0.35292077,1.0386553,0.21737044,0.0,0.21737044,0.05434261
13294,0.2386056,0.34729132,0.1299199,0.16208805,0.0,0.16208805,0.040522013
13295,0.90349007,0.3520064,1.4549737,0.45735684,0.0,0.45735684,0.11433921
13296,0.28672567,0.36061895,0.21283244,0.8407697,0.0,0.8407697,0.21019243
13297,0.36029148,0.37169394,0.34888908,0.035132777,0.0,0.035132777,0.008783194
13298,0.2738156,0.38427404,0.16335718,0.40683827,0.0,0.40683827,0.10170957
13299,0.4892435,0.40806225,0.57042474,0.04733546,0.0,0.04733546,0.011833865
13300,0.7058437,0.43300042,0.978687,0.17664826,0.0,0.17664826,0.044162065
13301,0.5405495,0.43657053,0.64452845,0.05963475,0.0,0.05963475,0.014908687
13302,0.35649073,0.43997645,0.27300504,0.37395024,0.0,0.37395024,0.09348756
13303,0.6821761,0.4484037,0.91594845,0.15134369,0.0,0.15134369,0.037835922
13304,0.3872708,0.44877267,0.32576892,0.25670776,0.0,0.25670776,0.06417694
13305,0.74800414,0.44111297,1.0548953,0.2319233,0.0,0.2319233,0.057980824
13306,0.31431183,0.43550122,0.19312246,0.29481968,0.0,0.29481968,0.07370492
13307,0.3746015,0.44220218,0.3070009,0.16778903,0.0,0.16778903,0.041947257
13308,0.35864115,0.45038533,0.26689696,0.8496458,0.0,0.8496458,0.21241145
13309,0.28451857,0.45835817,0.11067899,0.5324567,0.0,0.5324567,0.13311417
13310,0.3863387,0.45520616,0.31747124,0.24142563,0.0,0.24142563,0.06035641
13311,0.3950788,0.45766148,0.33249617,0.21663882,0.0,0.21663882,0.054159705
13312,0.64288706,0.4444623,0.84131175,0.11060664,0.0,0.11060664,0.02765166
13313,1.9911141,0.42744598,3.5547822,1.6614023,0.0,1.6614023,0.4153506
13314,0.41446093,0.39679495,0.4321269,1.2162622,0.0,1.2162622,0.30406556
13315,0.47980475,0.3692766,0.59033287,1.4424034,0.0,1.4424034,0.36060086
13316,0.30204546,0.34435406,0.25973687,0.1697272,0.0,0.1697272,0.0424318
13317,1.3065802,0.33186486,2.2812955,1.0222982,0.0,1.0222982,0.25557455
13318,0.28763863,0.3215214,0.25375584,0.3140104,0.0,0.3140104,0.0785026
13319,0.2955334,0.32519466,0.26587212,0.24400137,0.0,0.24400137,0.061000343
13320,0.3114857,0.3193587,0.3036127,0.03669113,0.0,0.03669113,0.009172782
13321,0.28689906,0.3161124,0.25768572,0.06850031,0.0,0.06850031,0.017125078
13322,0.58081514,0.3234757,0.8381546,1.3581814,0.0,1.3581814,0.33954534
13323,0.73407143,0.32881394,1.1393288,0.4685789,0.0,0.4685789,0.117144726
13324,0.3213603,0.33540615,0.30731443,0.28344622,0.0,0.28344622,0.070861556
13325,0.24553616,0.3362608,0.15481156,0.1502989,0.0,0.1502989,0.037574723
13326,0.3174018,0.33754334,0.29726025,0.031138105,0.0,0.031138105,0.0077845263
13327,0.30823925,0.33711278,0.27936575,0.5147942,0.0,0.5147942,0.12869854
13328,1.1884953,0.3235622,2.0534284,1.0011522,0.0,1.0011522,0.25028804
13329,0.80831736,0.31123784,1.3053969,0.45091465,0.0,0.45091465,0.11272866
13330,0.3668191,0.30640748,0.42723072,0.044467982,0.0,0.044467982,0.0111169955
13331,0.9236974,0.30896738,1.5384274,0.5774348,0.0,0.5774348,0.1443587
13332,0.5648137,0.3139496,0.8156778,1.1779397,0.0,1.1779397,0.2944849
13333,0.92554134,0.32628453,1.524798,0.5782729,0.0,0.5782729,0.14456822
13334,0.55405074,0.3256398,0.7824617,0.21250498,0.0,0.21250498,0.053126246
13335,0.5117971,0.33301324,0.6905809,0.9806223,0.0,0.9806223,0.24515557
13336,0.3807799,0.32199955,0.43956026,0.6559282,0.0,0.6559282,0.16398205
13337,0.4675397,0.30936268,0.6257167,0.09036279,0.0,0.09036279,0.022590697
13338,0.6990455,0.2912685,1.1068225,1.6762668,0.0,1.6762668,0.4190667
13339,1.5588413,0.27909255,2.8385904,1.6835079,0.0,1.6835079,0.42087698
13340,0.2057182,0.2629556,0.14848077,0.11067314,0.0,0.11067314,0.027668284
13341,0.20652246,0.25393403,0.15911092,0.15893242,0.0,0.15893242,0.039733104
13342,0.3947284,0.24830712,0.5411496,0.19678283,0.0,0.19678283,0.049195707
13343,0.40068832,0.25535467,0.546022,0.3889781,0.0,0.3889781,0.09724452
13344,0.43351674,0.25707227,0.6099612,0.41361293,0.0,0.41361293,0.10340323
13345,0.8657858,0.2646008,1.4669708,1.851988,0.0,1.851988,0.462997
13346,0.42941833,0.271005,0.5878317,0.12144985,0.0,0.12144985,0.030362463
13347,0.2558637,0.27573445,0.23599295,0.13232069,0.0,0.13232069,0.03308017
13348,0.7074658,0.27832633,1.1366053,1.4334215,0.0,1.4334215,0.35835537
13349,0.27987838,0.27324027,0.28651646,0.09609833,0.0,0.09609833,0.024024583
13350,0.30972192,0.26761788,0.35182595,0.021127904,0.0,0.021127904,0.005281976
13351,0.3029652,0.2563846,0.3495458,0.049091935,0.0,0.049091935,0.012272984
13352,0.39377573,0.24184209,0.5457094,0.27127215,0.0,0.27127215,0.06781804
13353,0.40117827,0.2216961,0.5806605,0.6971092,0.0,0.6971092,0.1742773
13354,0.35206008,0.21269993,0.49142018,0.231355,0.0,0.231355,0.05783875
13355,0.725416,0.20707019,1.2437619,1.6093969,0.0,1.6093969,0.40234923
13356,0.4824457,0.19930911,0.76558226,0.23404783,0.0,0.23404783,0.058511958
13357,0.35202265,0.20140715,0.50263816,0.32611772,0.0,0.32611772,0.08152943
13358,0.3536907,0.19839533,0.50898606,0.5522099,0.0,0.5522099,0.13805248
13359,0.20996737,0.2050501,0.21488464,0.07062351,0.0,0.07062351,0.017655877
13360,0.54009634,0.2029518,0.8772409,0.6396046,0.0,0.6396046,0.15990116
13361,0.86912185,0.19933836,1.5389055,1.4396248,0.0,1.4396248,0.3599062
13362,0.38543424,0.19532359,0.5755449,0.37267187,0.0,0.37267187,0.09316797
13363,0.32549962,0.18673663,0.4642626,0.11370244,0.0,0.11370244,0.02842561
13364,0.29655567,0.17817979,0.41493157,0.2649519,0.0,0.2649519,0.06623798
13365,0.3294523,0.17377727,0.48512736,0.26247677,0.0,0.26247677,0.06561919
13366,0.56002444,0.16783261,0.9522163,0.80794686,0.0,0.80794686,0.20198672
13367,0.37960544,0.17152996,0.5876809,0.4579501,0.0,0.4579501,0.11448752
13368,0.21504505,0.17012654,0.25996354,0.036866155,0.0,0.036866155,0.009216539
13369,0.19670536,0.17258005,0.22083068,0.067585,0.0,0.067585,0.01689625
13370,0.26701918,0.17394368,0.3600947,0.17022741,0.0,0.17022741,0.042556852
13371,0.21630447,0.1742763,0.25833258,0.117641926,0.0,0.117641926,0.029410481
13372,0.75689906,0.17441587,1.3393822,1.0814904,0.0,1.0814904,0.2703726
13373,0.2709043,0.17129566,0.37051296,0.11623212,0.0,0.11623212,0.02905803
13374,0.29088035,0.17162283,0.41013786,0.32333258,0.0,0.32333258,0.080833144
13375,0.4026251,0.16857354,0.6366767,0.34818515,0.0,0.34818515,0.08704629
13376,0.180273,0.16421406,0.19633193,0.08538898,0.0,0.08538898,0.021347245
13377,0.45130005,0.15307538,0.7495248,0.4584079,0.0,0.4584079,0.11460198
13378,0.2551845,0.15185072,0.35851827,0.3254683,0.0,0.3254683,0.081367075
13379,0.3526765,0.14683619,0.5585168,0.2991056,0.0,0.2991056,0.0747764
13380,0.50977606,0.13897364,0.8805785,0.61834526,0.0,0.61834526,0.15458632
13381,0.25332165,0.12708633,0.37955698,0.1800005,0.0,0.1800005,0.045000125
13382,0.15791929,0.11373627,0.2021023,0.11268737,0.0,0.11268737,0.028171843
13383,0.1640856,0.10522159,0.22294961,0.14996733,0.0,0.14996733,0.037491832
13384,0.1338482,0.09857889,0.16911751,0.05083662,0.0,0.05083662,0.012709155
13385,0.1626796,0.0939189,0.2314403,0.115332104,0.0,0.115332104,0.028833026
13386,0.18755841,0.09040433,0.28471246,0.19423628,0.0,0.19423628,0.04855907
13387,0.48959994,0.08680277,0.8923971,0.84042007,0.0,0.84042007,0.21010502
13388,0.48370993,0.08603337,0.8813865,0.77883655,0.0,0.77883655,0.19470914
13389,0.28790513,0.08438352,0.49142674,0.40272585,0.0,0.40272585,0.10068146
13390,0.21965891,0.08498586,0.35433197,0.269648,0.0,0.269648,0.067412
13391,0.5632513,0.08597622,1.0405264,0.91731006,0.0,0.91731006,0.22932751
13392,0.18734334,0.08752852,0.28715816,0.20546025,0.0,0.20546025,0.051365063
13393,0.25115868,0.089526616,0.41279078,0.27525285,0.0,0.27525285,0.06881321
13394,0.6560793,0.09268952,1.2194691,1.1228342,0.0,1.1228342,0.28070855
13395,0.16159348,0.09927386,0.22391309,0.090708174,0.0,0.090708174,0.022677043
13396,0.14890373,0.10912632,0.18868114,0.08943573,0.0,0.08943573,0.022358932
13397,0.36819696,0.11842061,0.61797327,0.7116811,0.0,0.7116811,0.17792028
13398,0.19745791,0.12515281,0.269763,0.10890343,0.0,0.10890343,0.027225858
13399,0.17551637,0.12719977,0.22383298,0.16801791,0.0,0.16801791,0.042004477
13400,0.41404963,0.12897506,0.69912416,0.33138916,0.0,0.33138916,0.08284729
13401,0.3193225,0.13126929,0.5073757,0.6035648,0.0,0.6035648,0.1508912
13402,0.81198907,0.13323861,1.4907395,1.7051951,0.0,1.7051951,0.42629877
13403,0.3316314,0.13004868,0.5332141,0.21180832,0.0,0.21180832,0.05295208
13404,0.6795473,0.1273544,1.2317401,1.3701199,0.0,1.3701199,0.34252998
13405,0.20838706,0.12360731,0.29316682,0.108325996,0.0,0.108325996,0.027081499
13406,0.13131385,0.12148261,0.1411451,0.057197094,0.0,0.057197094,0.0142992735
13407,0.14502378,0.11516059,0.17488699,0.24275494,0.0,0.24275494,0.060688734
13408,0.36518288,0.11055228,0.6198135,0.31910035,0.0,0.31910035,0.07977509
13409,0.43737498,0.10937953,0.7653704,0.41935515,0.0,0.41935515,0.10483879
13410,1.0027834,0.11016693,1.8953999,1.5309726,0.0,1.5309726,0.38274315
13411,0.97181624,0.11280974,1.8308228,1.4119431,0.0,1.4119431,0.35298577
13412,0.16777389,0.11283753,0.22271024,0.10357376,0.0,0.10357376,0.02589344
13413,0.15050389,0.11189324,0.18911453,0.11516926,0.0,0.11516926,0.028792314
13414,0.6967278,0.10850858,1.284947,0.99318695,0.0,0.99318695,0.24829674
13415,0.10780159,0.10644257,0.1091606,0.036916494,0.0,0.036916494,0.009229124
13416,0.5179084,0.10536442,0.93045235,0.57030344,0.0,0.57030344,0.14257586
13417,0.1733288,0.10788005,0.23877756,0.14931011,0.0,0.14931011,0.037327528
13418,0.13678987,0.11102145,0.16255829,0.17717446,0.0,0.17717446,0.044293616
13419,0.1356294,0.114996694,0.15626211,0.15910552,0.0,0.15910552,0.03977638
13420,0.47932014,0.12018416,0.8384561,0.47526336,0.0,0.47526336,0.11881584
13421,0.177581,0.1215216,0.23364037,0.04978371,0.0,0.04978371,0.012445928
13422,0.64795333,0.12389073,1.172016,1.381045,0.0,1.381045,0.34526125
13423,0.1851254,0.12461286,0.24563794,0.34536782,0.0,0.34536782,0.086341955
13424,0.24219008,0.12156246,0.36281773,0.49361888,0.0,0.49361888,0.12340472
13425,0.17545708,0.11755846,0.2333557,0.3462794,0.0,0.3462794,0.08656985
13426,0.53250355,0.118146956,0.94686013,0.5286799,0.0,0.5286799,0.13216998
13427,1.1496099,0.12482226,2.1743975,1.470348,0.0,1.470348,0.367587
13428,0.13711125,0.13803232,0.13619018,0.09854572,0.0,0.09854572,0.02463643
13429,0.2043025,0.15757768,0.25102735,0.094232656,0.0,0.094232656,0.023558164
13430,0.82253987,0.17876446,1.4663153,0.6813879,0.0,0.6813879,0.17034698
13431,0.5325442,0.20425363,0.86083484,0.34798053,0.0,0.34798053,0.08699513
13432,1.3772774,0.22843583,2.5261188,1.3516483,0.0,1.3516483,0.33791208
13433,0.75242084,0.24409556,1.2607461,0.4781159,0.0,0.4781159,0.11952897
13434,0.25377354,0.2536607,0.25388637,0.061097603,0.0,0.061097603,0.015274401
13435,0.22189815,0.26022568,0.18357062,0.47363624,0.0,0.47363624,0.11840906
13436,0.8591803,0.25715283,1.4612077,0.6016319,0.0,0.6016319,0.15040797
13437,0.5778036,0.25668105,0.8989262,0.30597135,0.0,0.30597135,0.07649284
13438,0.19406398,0.25414482,0.13398312,0.28613847,0.0,0.28613847,0.07153462
13439,0.22089499,0.25899017,0.18279982,0.26978776,0.0,0.26978776,0.06744694
13440,0.4567884,0.26974824,0.64382845,0.16884647,0.0,0.16884647,0.04221162
13441,0.5670138,0.2955034,0.8385243,0.20518558,0.0,0.20518558,0.051296394
13442,0.6663478,0.31928733,1.0134083,0.27119216,0.0,0.27119216,0.06779804
13443,0.34299985,0.34889308,0.33710662,0.85360235,0.0,0.85360235,0.21340059
13444,0.277143,0.37706456,0.17722143,0.45307413,0.0,0.45307413,0.11326853
13445,1.4283724,0.41726732,2.4394777,0.88351154,0.0,0.88351154,0.22087789
13446,1.3672155,0.4682,2.2662308,0.79810214,0.0,0.79810214,0.19952554
13447,0.63685966,0.51075506,0.76296425,0.062183354,0.0,0.062183354,0.0155458385
13448,0.7720911,0.5520632,0.99211884,0.15766692,0.0,0.15766692,0.03941673
13449,0.5103616,0.6082658,0.41245747,0.2677771,0.0,0.2677771,0.06694427
13450,0.51538676,0.62157184,0.40920165,0.51614094,0.0,0.51614094,0.12903523
13451,0.7938704,0.6094454,0.9782953,0.12559144,0.0,0.12559144,0.03139786
13452,0.35788575,0.5502367,0.1655348,0.5347169,0.0,0.5347169,0.13367923
13453,0.7010065,0.4925121,0.9095009,0.12243101,0.0,0.12243101,0.030607753
13454,1.6305448,0.41819087,2.8428986,1.2950252,0.0,1.2950252,0.3237563
13455,1.0742099,0.32711872,1.8213011,0.6922348,0.0,0.6922348,0.1730587
13456,1.3840784,0.2359379,2.532219,1.3776003,0.0,1.3776003,0.34440008
13457,0.17715676,0.17511934,0.17919421,0.10339741,0.0,0.10339741,0.025849352
13458,0.12393702,0.13440728,0.11346676,0.12950963,0.0,0.12950963,0.032377407
13459,0.26842368,0.11091838,0.42592898,0.71321565,0.0,0.71321565,0.17830391
13460,0.38389027,0.094604574,0.673176,0.3422015,0.0,0.3422015,0.085550375
13461,0.087385036,0.08265353,0.09211656,0.11989727,0.0,0.11989727,0.029974317
13462,0.38706538,0.07562104,0.6985097,0.86325145,0.0,0.86325145,0.21581286
13463,0.07646971,0.075281985,0.07765744,0.075844854,0.0,0.075844854,0.018961214
13464,0.33560607,0.07370632,0.5975058,0.35858926,0.0,0.35858926,0.089647315
13465,0.42576608,0.07664058,0.77489156,0.49470854,0.0,0.49470854,0.123677135
13466,0.092954956,0.07879189,0.10711802,0.2010808,0.0,0.2010808,0.0502702
13467,0.0675464,0.08051546,0.054577332,0.026097456,0.0,0.026097456,0.006524364
13468,0.459723,0.08644088,0.83300513,0.5062015,0.0,0.5062015,0.12655038
13469,0.10372889,0.08432156,0.12313622,0.111170374,0.0,0.111170374,0.027792593
13470,0.17476463,0.079448536,0.27008072,0.10828432,0.0,0.10828432,0.02707108
13471,0.20855705,0.07287112,0.34424296,0.13992931,0.0,0.13992931,0.034982327
13472,0.2752795,0.0659306,0.4846284,0.6401379,0.0,0.6401379,0.16003448
13473,0.20429443,0.064794175,0.34379467,0.18998282,0.0,0.18998282,0.047495704
13474,0.10508505,0.059913408,0.1502567,0.19303806,0.0,0.19303806,0.048259515
13475,0.3008263,0.05865918,0.5429934,0.3576502,0.0,0.3576502,0.08941255
13476,0.18444657,0.06646721,0.30242595,0.14665702,0.0,0.14665702,0.036664255
13477,0.21342415,0.07471598,0.35213232,0.14455926,0.0,0.14455926,0.036139816
13478,0.94912,0.08531042,1.8129295,1.3467717,0.0,1.3467717,0.33669293
13479,0.09494326,0.09452698,0.09535956,0.04778968,0.0,0.04778968,0.01194742
13480,0.19453925,0.09515855,0.29391995,0.13587146,0.0,0.13587146,0.033967864
13481,0.45255557,0.08771384,0.8173973,1.0501059,0.0,1.0501059,0.26252648
13482,0.84025127,0.07721141,1.6032912,1.1542989,0.0,1.1542989,0.28857473
13483,0.15882452,0.07015865,0.2474904,0.13530087,0.0,0.13530087,0.03382522
13484,0.6887626,0.061787233,1.315738,1.1054791,0.0,1.1054791,0.27636978
13485,0.34051526,0.056348037,0.6246825,0.47952577,0.0,0.47952577,0.11988144
13486,0.25036135,0.051133495,0.44958922,0.34350196,0.0,0.34350196,0.08587549
13487,0.19815277,0.047508013,0.34879753,0.33227184,0.0,0.33227184,0.08306796
13488,0.5431091,0.0482273,1.0379909,0.9495097,0.0,0.9495097,0.23737742
13489,0.31226945,0.049727697,0.5748112,0.48203745,0.0,0.48203745,0.12050936
13490,0.30591115,0.052933406,0.5588889,0.43124303,0.0,0.43124303,0.10781076
13491,0.086145796,0.055810113,0.11648149,0.06267833,0.0,0.06267833,0.015669582
13492,0.09702384,0.059222504,0.13482517,0.09066624,0.0,0.09066624,0.02266656
13493,0.20573469,0.06503237,0.346437,0.47791377,0.0,0.47791377,0.11947844
13494,0.10292051,0.07296866,0.13287237,0.09212089,0.0,0.09212089,0.023030223
13495,0.4239056,0.07703222,0.77077895,1.000121,0.0,1.000121,0.25003025
13496,0.13015391,0.079242826,0.18106498,0.3148324,0.0,0.3148324,0.0787081
13497,0.083463974,0.082192674,0.084735274,0.16980648,0.0,0.16980648,0.04245162
13498,0.8191933,0.08976067,1.548626,1.0908024,0.0,1.0908024,0.2727006
13499,0.11724404,0.09478357,0.13970453,0.11546747,0.0,0.11546747,0.028866867
13500,0.5734492,0.09489884,1.0519996,0.63564545,0.0,0.63564545,0.15891136
13501,0.3731252,0.09203478,0.65421563,0.30556384,0.0,0.30556384,0.07639096
13502,0.20063691,0.08711457,0.31415924,0.567406,0.0,0.567406,0.1418515
13503,0.13210756,0.0831817,0.18103342,0.36826956,0.0,0.36826956,0.09206739
13504,0.115645565,0.08095957,0.15033157,0.09692972,0.0,0.09692972,0.02423243
13505,0.11630317,0.07893348,0.15367286,0.30697772,0.0,0.30697772,0.07674443
13506,0.1702257,0.07564625,0.26480517,0.16126746,0.0,0.16126746,0.040316865
13507,0.600704,0.070754945,1.1306531,0.7814439,0.0,0.7814439,0.19536097
13508,0.3877987,0.068129994,0.7074674,0.95553255,0.0,0.95553255,0.23888314
13509,0.32362053,0.06979877,0.5774422,0.30300564,0.0,0.30300564,0.07575141
13510,1.1456852,0.072486795,2.2188838,1.6729342,0.0,1.6729342,0.41823354
13511,0.14362654,0.07738775,0.20986533,0.07212942,0.0,0.07212942,0.018032355
13512,0.54630995,0.08138049,1.0112394,1.3380646,0.0,1.3380646,0.33451614
13513,0.8772947,0.09138898,1.6632004,1.1201973,0.0,1.1201973,0.28004932
13514,0.3168422,0.1066617,0.5270227,0.1963619,0.0,0.1963619,0.049090475
13515,0.12115254,0.121711634,0.120593436,0.04338162,0.0,0.04338162,0.010845405
13516,0.14717282,0.1353111,0.15903455,0.0447053,0.0,0.0447053,0.011176325
13517,0.09791013,0.14137596,0.054444294,0.21144521,0.0,0.21144521,0.052861303
13518,0.34064886,0.14504601,0.5362517,0.15343307,0.0,0.15343307,0.038358267
13519,0.57146394,0.1474478,0.99548006,1.6448857,0.0,1.6448857,0.4112214
13520,0.118384056,0.157256,0.0795121,0.3171843,0.0,0.3171843,0.079296075
13521,1.4035206,0.17580263,2.6312387,1.5681791,0.0,1.5681791,0.39204478
13522,0.39439705,0.20126154,0.5875326,0.1203836,0.0,0.1203836,0.0300959
13523,0.50450873,0.22423692,0.7847805,0.18645799,0.0,0.18645799,0.046614498
13524,0.5260305,0.22706056,0.82500035,0.2071594,0.0,0.2071594,0.05178985
13525,0.7916815,0.22007024,1.3632928,0.51756215,0.0,0.51756215,0.12939054
13526,0.17247172,0.20189886,0.1430446,0.48244026,0.0,0.48244026,0.120610066
13527,0.24313956,0.17995997,0.30631915,0.06628698,0.0,0.06628698,0.016571745
13528,1.315543,0.16025715,2.470829,1.4796003,0.0,1.4796003,0.36990008
13529,0.2190712,0.1440474,0.29409495,0.110618494,0.0,0.110618494,0.027654624
13530,0.55462503,0.13185216,0.9773979,0.44800892,0.0,0.44800892,0.11200223
13531,0.3537161,0.12830062,0.57913154,0.17900276,0.0,0.17900276,0.04475069
13532,0.6206309,0.12686448,1.1143974,0.549367,0.0,0.549367,0.13734175
13533,0.11625495,0.12630872,0.10620115,0.12153401,0.0,0.12153401,0.030383503
13534,0.8790912,0.1261323,1.63205,0.92644596,0.0,0.92644596,0.23161149
13535,0.1411184,0.12349552,0.1587413,0.035127345,0.0,0.035127345,0.008781836
13536,0.07246899,0.12087056,0.024067411,0.1638149,0.0,0.1638149,0.040953726
13537,0.3309299,0.12146992,0.54038984,0.3289952,0.0,0.3289952,0.0822488
13538,1.0659436,0.12608348,2.0058036,1.2059555,0.0,1.2059555,0.30148888
13539,1.2739801,0.1347367,2.4132235,1.5102609,0.0,1.5102609,0.37756523
13540,0.5422442,0.13915332,0.9453351,0.39295962,0.0,0.39295962,0.098239906
13541,0.56415856,0.14285822,0.9854589,0.4005914,0.0,0.4005914,0.10014785
13542,0.24975966,0.14770474,0.3518146,0.7183463,0.0,0.7183463,0.17958657
13543,0.17155851,0.15130053,0.19181651,0.48887953,0.0,0.48887953,0.12221988
13544,0.9660487,0.15854454,1.7735529,1.0070637,0.0,1.0070637,0.25176594
13545,0.55412346,0.16644442,0.9418025,0.346534,0.0,0.346534,0.0866335
13546,0.53612983,0.1813349,0.89092475,0.28832898,0.0,0.28832898,0.072082244
13547,0.12279763,0.19401228,0.051582962,0.30251303,0.0,0.30251303,0.07562826
13548,0.12528284,0.20786615,0.042699512,0.31067708,0.0,0.31067708,0.07766927
13549,0.1297801,0.21286999,0.046690196,0.265156,0.0,0.265156,0.066289
13550,0.42830935,0.21310532,0.64351344,0.21458547,0.0,0.21458547,0.053646367
13551,0.46932736,0.21073018,0.7279246,0.16861872,0.0,0.16861872,0.04215468
13552,0.8238794,0.20766,1.4400988,0.6055377,0.0,0.6055377,0.15138443
13553,0.13916083,0.20914452,0.06917716,0.3488195,0.0,0.3488195,0.08720487
13554,0.50010395,0.21081473,0.7893932,0.1939029,0.0,0.1939029,0.048475724
13555,0.7943881,0.21395107,1.3748251,0.52126604,0.0,0.52126604,0.13031651
13556,0.7035238,0.21774697,1.1893007,0.43890747,0.0,0.43890747,0.10972687
13557,0.45370665,0.22075461,0.6866587,0.1400194,0.0,0.1400194,0.03500485
13558,0.17823619,0.22763026,0.1288421,0.46737155,0.0,0.46737155,0.11684289
13559,0.23978889,0.23719704,0.24238075,0.10322753,0.0,0.10322753,0.025806883
13560,0.38022384,0.24417035,0.5162773,1.1911907,0.0,1.1911907,0.29779768
13561,0.26714686,0.25866434,0.27562937,0.050069053,0.0,0.050069053,0.012517263
13562,0.8799208,0.2728361,1.4870056,0.5446381,0.0,0.5446381,0.13615952
13563,0.17327058,0.29156598,0.054975186,0.25071964,0.0,0.25071964,0.06267991
13564,0.4751805,0.31274554,0.6376155,1.5362067,0.0,1.5362067,0.38405168
13565,0.47882095,0.33330944,0.6243324,0.15514143,0.0,0.15514143,0.038785357
13566,0.34953585,0.35493875,0.34413293,0.13756032,0.0,0.13756032,0.03439008
13567,1.2550168,0.3705336,2.1395,0.79369515,0.0,0.79369515,0.19842379
13568,0.46003708,0.38910452,0.5309697,0.06626946,0.0,0.06626946,0.016567364
13569,0.8478996,0.41267562,1.2831236,0.25052193,0.0,0.25052193,0.06263048
13570,0.32639548,0.442892,0.20989895,0.86457276,0.0,0.86457276,0.21614319
13571,1.0509092,0.46846935,1.6333491,0.38863823,0.0,0.38863823,0.09715956
13572,0.31677762,0.48698378,0.14657146,0.17572452,0.0,0.17572452,0.04393113
13573,1.2581707,0.50032675,2.0160148,0.531573,0.0,0.531573,0.13289325
13574,0.5086923,0.5078749,0.5095098,0.14208026,0.0,0.14208026,0.035520066
13575,0.47220603,0.4921167,0.4522954,1.3953866,0.0,1.3953866,0.34884664
13576,0.2768092,0.46950302,0.084115334,0.31290147,0.0,0.31290147,0.07822537
13577,0.258068,0.44324934,0.072886676,0.26664183,0.0,0.26664183,0.06666046
13578,0.43543053,0.4248185,0.44604263,0.070072,0.0,0.070072,0.017518
13579,1.0436383,0.4138751,1.6734015,0.47145247,0.0,0.47145247,0.11786312
13580,0.56589216,0.40556884,0.7262154,0.11139516,0.0,0.11139516,0.02784879
13581,0.27370253,0.40271077,0.14469431,0.7435443,0.0,0.7435443,0.18588607
13582,0.37081945,0.40431228,0.33732662,0.95549566,0.0,0.95549566,0.23887391
13583,1.8806945,0.41202697,3.3493621,1.5216585,0.0,1.5216585,0.38041463
13584,0.45601904,0.4225212,0.48951688,0.14517222,0.0,0.14517222,0.036293056
13585,0.5920483,0.4447105,0.7393861,0.09974035,0.0,0.09974035,0.024935087
13586,0.26500624,0.4728198,0.05719267,0.25533232,0.0,0.25533232,0.06383308
13587,1.8760065,0.49906847,3.2529442,1.2645897,0.0,1.2645897,0.31614742
13588,0.51402295,0.5240503,0.5039956,0.047896076,0.0,0.047896076,0.011974019
13589,0.48732337,0.5386528,0.4359939,0.2262301,0.0,0.2262301,0.056557525
13590,0.62149614,0.55307955,0.6899128,0.047021914,0.0,0.047021914,0.011755479
13591,0.6461234,0.5706695,0.72157735,0.06235914,0.0,0.06235914,0.015589785
13592,0.32912767,0.58599216,0.07226316,0.5230263,0.0,0.5230263,0.13075657
13593,0.3865739,0.6057391,0.1674087,0.3198143,0.0,0.3198143,0.07995357
13594,0.53530055,0.62332326,0.44727793,0.098130286,0.0,0.098130286,0.024532571
13595,0.3879894,0.6503428,0.12563595,0.2280262,0.0,0.2280262,0.05700655
13596,1.3106247,0.68176347,1.9394859,0.336406,0.0,0.336406,0.0841015
13597,0.45627365,0.7057192,0.20682807,0.28384918,0.0,0.28384918,0.070962295
13598,2.231285,0.7254564,3.7371137,1.21885,0.0,1.21885,0.3047125
13599,0.4700553,0.72403365,0.21607696,0.18802206,0.0,0.18802206,0.047005516
13600,2.5018857,0.7314561,4.2723155,1.5670972,0.0,1.5670972,0.3917743
13601,1.0434893,0.73943526,1.3475432,0.12520818,0.0,0.12520818,0.031302046
13602,0.6287556,0.74413824,0.5133731,0.15499727,0.0,0.15499727,0.03874932
13603,0.5452739,0.7323673,0.35818052,0.18715765,0.0,0.18715765,0.04678941
13604,0.6416376,0.7069294,0.5763459,0.19510673,0.0,0.19510673,0.048776682
13605,1.2945476,0.6788718,1.9102234,0.34801853,0.0,0.34801853,0.08700463
13606,1.8787789,0.6523659,3.105192,0.96180946,0.0,0.96180946,0.24045236
13607,0.4584265,0.6347534,0.28209963,0.33681402,0.0,0.33681402,0.084203504
13608,0.7977445,0.6297817,0.9657073,0.06433826,0.0,0.06433826,0.016084565
13609,1.594833,0.63503456,2.5546315,0.67387223,0.0,0.67387223,0.16846806
13610,1.7912697,0.6527564,2.9297829,0.8542888,0.0,0.8542888,0.2135722
13611,0.50989175,0.6810312,0.33875224,1.6859051,0.0,1.6859051,0.42147627
13612,0.47634444,0.7130892,0.23959959,0.301141,0.0,0.301141,0.07528525
13613,0.47354755,0.75570345,0.19139166,0.99581593,0.0,0.99581593,0.24895398
13614,0.4296691,0.7832058,0.076132365,0.7333722,0.0,0.7333722,0.18334305
13615,1.5695785,0.8091077,2.3300493,0.49395785,0.0,0.49395785,0.12348946
13616,0.5783549,0.82400733,0.33270243,0.3773296,0.0,0.3773296,0.0943324
13617,0.46809125,0.84149307,0.094689436,0.65385485,0.0,0.65385485,0.16346371
13618,0.740416,0.8419927,0.63883924,0.12069736,0.0,0.12069736,0.03017434
13619,0.5519938,0.8367539,0.2672337,0.3199499,0.0,0.3199499,0.079987474
13620,1.156517,0.81729364,1.4957404,0.18875201,0.0,0.18875201,0.047188003
13621,1.3112439,0.8061373,1.8163505,0.26621068,0.0,0.26621068,0.06655267
13622,0.6440801,0.7958703,0.49228993,0.14432465,0.0,0.14432465,0.03608116
13623,1.0733926,0.7861678,1.3606175,0.1798024,0.0,0.1798024,0.0449506
13624,0.4766995,0.7782192,0.17517976,0.39144328,0.0,0.39144328,0.09786082
13625,1.4419527,0.76851434,2.115391,0.42494997,0.0,0.42494997,0.10623749
13626,1.3234416,0.77105474,1.8758286,0.26919517,0.0,0.26919517,0.06729879
13627,1.7425731,0.77774924,2.7073967,0.6385014,0.0,0.6385014,0.15962535
13628,0.4363517,0.7878995,0.08480392,0.62509835,0.0,0.62509835,0.15627459
13629,0.7768297,0.8004829,0.7531765,0.06364818,0.0,0.06364818,0.015912045
13630,0.6568193,0.8128045,0.50083405,0.1277763,0.0,0.1277763,0.031944074
13631,0.52510315,0.8218209,0.2283855,0.44217566,0.0,0.44217566,0.110543914
13632,1.9884259,0.8321087,3.144743,0.76854235,0.0,0.76854235,0.19213559
13633,0.78722364,0.8417144,0.73273295,0.05276917,0.0,0.05276917,0.013192292
13634,0.9144859,0.85931236,0.9696593,0.03391029,0.0,0.03391029,0.008477572
13635,1.6891207,0.8857501,2.492491,0.45932987,0.0,0.45932987,0.11483247
13636,1.2162458,0.90866876,1.5238228,0.14483772,0.0,0.14483772,0.03620943
13637,1.2638224,0.92591906,1.6017259,0.13233562,0.0,0.13233562,0.033083905
13638,0.6261106,0.92394894,0.32827237,0.48586825,0.0,0.48586825,0.12146706
13639,2.121977,0.92523426,3.3187199,0.77165604,0.0,0.77165604,0.19291401
13640,0.73638916,0.92856973,0.5442087,0.15448631,0.0,0.15448631,0.03862158
13641,2.3971243,0.93873,3.8555186,1.0400616,0.0,1.0400616,0.2600154
13642,1.4828666,0.94833726,2.017396,0.29231426,0.0,0.29231426,0.073078565
13643,0.64670855,0.95829827,0.33511886,0.3878099,0.0,0.3878099,0.096952476
13644,1.8133105,0.9544105,2.6722105,0.55052614,0.0,0.55052614,0.13763154
13645,1.3967762,0.9441965,1.849356,0.17801537,0.0,0.17801537,0.04450384
13646,1.1146513,0.9285574,1.3007451,0.08371738,0.0,0.08371738,0.020929346
13647,0.72136545,0.9186104,0.5241205,0.12763,0.0,0.12763,0.0319075
13648,1.2993449,0.91574794,1.6829418,0.20348917,0.0,0.20348917,0.050872292
13649,1.0699304,0.90705246,1.2328082,0.096058495,0.0,0.096058495,0.024014624
13650,1.1295613,0.8938715,1.3652512,0.091331095,0.0,0.091331095,0.022832774
13651,1.3074077,0.8739893,1.7408262,0.17787313,0.0,0.17787313,0.044468284
13652,1.7208196,0.85549,2.5861492,0.54505455,0.0,0.54505455,0.13626364
13653,0.5649901,0.8415799,0.28840026,0.41463444,0.0,0.41463444,0.10365861
13654,0.97629863,0.8277476,1.1248497,0.057727795,0.0,0.057727795,0.014431949
13655,1.101138,0.8265662,1.3757097,0.14574628,0.0,0.14574628,0.03643657
13656,1.4693884,0.83154297,2.1072335,0.39259717,0.0,0.39259717,0.09814929
13657,1.0985043,0.8424465,1.3545622,0.13672087,0.0,0.13672087,0.034180216
13658,1.3917584,0.85494184,1.928575,0.31564856,0.0,0.31564856,0.07891214
13659,0.66385967,0.85810494,0.46961436,0.18075825,0.0,0.18075825,0.045189563
13660,1.0897244,0.85705274,1.3223962,0.10841819,0.0,0.10841819,0.027104547
13661,0.51321745,0.86212355,0.16431133,0.7574034,0.0,0.7574034,0.18935084
13662,0.8143563,0.8710312,0.75768155,0.050066337,0.0,0.050066337,0.012516584
13663,0.54267436,0.88231754,0.20303118,1.12436,0.0,1.12436,0.28109
13664,0.7768011,0.8950162,0.6585861,0.11621621,0.0,0.11621621,0.029054053
13665,0.6559362,0.90853065,0.40334177,0.22706556,0.0,0.22706556,0.05676639
13666,0.54003006,0.90971,0.17035012,0.5461557,0.0,0.5461557,0.13653892
13667,0.7480361,0.8963651,0.59970695,0.13011467,0.0,0.13011467,0.03252867
13668,1.4189192,0.8781306,1.9597079,0.24899416,0.0,0.24899416,0.06224854
13669,0.50334734,0.85035783,0.15633677,0.56118566,0.0,0.56118566,0.14029641
13670,0.6713829,0.82734156,0.5154243,0.098819755,0.0,0.098819755,0.024704939
13671,2.1345541,0.80453235,3.464576,1.043951,0.0,1.043951,0.26098776
13672,1.0535,0.7773433,1.3296567,0.11665089,0.0,0.11665089,0.029162722
13673,1.140868,0.755935,1.5258008,0.18471724,0.0,0.18471724,0.04617931
13674,0.51849097,0.7388187,0.29816315,0.3751961,0.0,0.3751961,0.093799025
13675,0.950088,0.72894937,1.1712266,0.13836002,0.0,0.13836002,0.034590006
13676,0.92816454,0.72158414,1.134745,0.11289859,0.0,0.11289859,0.028224647
13677,0.6132544,0.72897834,0.49753055,0.117617905,0.0,0.117617905,0.029404476
13678,1.6002501,0.74453515,2.455965,0.55813223,0.0,0.55813223,0.13953306
13679,1.0602282,0.76071215,1.3597442,0.13294499,0.0,0.13294499,0.033236247
13680,2.1762745,0.7757709,3.5767784,1.0761032,0.0,1.0761032,0.2690258
13681,0.70874625,0.79046416,0.6270284,0.04454935,0.0,0.04454935,0.011137337
13682,0.4760363,0.81183624,0.14023636,0.5982173,0.0,0.5982173,0.14955433
13683,0.48506021,0.83190703,0.13821335,1.1304337,0.0,1.1304337,0.28260842
13684,1.108924,0.8510189,1.3668293,0.12461694,0.0,0.12461694,0.031154236
13685,0.58332056,0.8720949,0.29454613,0.35927883,0.0,0.35927883,0.08981971
13686,1.098166,0.8925236,1.3038083,0.09553155,0.0,0.09553155,0.023882888
13687,0.59752697,0.92451006,0.2705438,0.46316633,0.0,0.46316633,0.11579158
13688,1.0504241,0.95736843,1.1434798,0.068915375,0.0,0.068915375,0.017228844
13689,2.1266131,0.9911147,3.2621117,0.691405,0.0,0.691405,0.17285125
13690,2.2293997,1.0298319,3.4289675,0.7402428,0.0,0.7402428,0.1850607
13691,0.96391255,1.0561314,0.8716938,0.14050187,0.0,0.14050187,0.035125468
13692,1.5763983,1.0615784,2.0912182,0.20957148,0.0,0.20957148,0.05239287
13693,0.64134896,1.0501688,0.23252916,0.45188513,0.0,0.45188513,0.11297128
13694,1.765789,1.0352573,2.4963205,0.38641453,0.0,0.38641453,0.09660363
13695,2.481571,1.0222219,3.94092,1.0701895,0.0,1.0701895,0.26754737
13696,1.1939987,1.0062863,1.381711,0.09048589,0.0,0.09048589,0.022621473
13697,3.0627623,0.9886672,5.1368575,1.7386026,0.0,1.7386026,0.43465066
13698,0.8918894,0.963732,0.8200467,0.044837307,0.0,0.044837307,0.011209327
13699,0.8615287,0.94026834,0.78278905,0.058101844,0.0,0.058101844,0.014525461
13700,0.73452216,0.9249981,0.54404634,0.14659226,0.0,0.14659226,0.036648065
13701,1.6193966,0.91314346,2.3256495,0.42302895,0.0,0.42302895,0.10575724
13702,1.7289896,0.90867645,2.5493028,0.5023441,0.0,0.5023441,0.12558602
13703,0.6841914,0.90821093,0.46017194,0.26782987,0.0,0.26782987,0.06695747
13704,1.6650001,0.9124928,2.4175074,0.44100627,0.0,0.44100627,0.11025157
13705,0.5402581,0.91102606,0.16949014,0.99015975,0.0,0.99015975,0.24753994
13706,0.856983,0.920131,0.793835,0.06284823,0.0,0.06284823,0.015712058
13707,1.1747451,0.9247389,1.4247513,0.1180155,0.0,0.1180155,0.029503874
13708,0.8438737,0.93637514,0.75137216,0.111852564,0.0,0.111852564,0.027963141
13709,1.6998162,0.9409039,2.4587286,0.4283432,0.0,0.4283432,0.1070858
13710,0.899707,0.94894296,0.850471,0.038419235,0.0,0.038419235,0.009604809
13711,0.7167761,0.9497649,0.4837873,1.1335511,0.0,1.1335511,0.28338778
13712,0.7596447,0.93485755,0.5844317,0.23002714,0.0,0.23002714,0.057506785
13713,1.6361908,0.92954284,2.3428385,0.42684653,0.0,0.42684653,0.10671163
13714,0.73298216,0.9147563,0.551208,0.11459631,0.0,0.11459631,0.028649077
13715,1.5214639,0.8970359,2.145892,0.37757552,0.0,0.37757552,0.09439388
13716,1.6912454,0.886373,2.4961178,0.47368088,0.0,0.47368088,0.11842022
13717,0.8516507,0.87615174,0.8271497,0.021891376,0.0,0.021891376,0.005472844
13718,1.2821432,0.8715906,1.692696,0.17465676,0.0,0.17465676,0.04366419
13719,0.822992,0.8643071,0.781677,0.038755868,0.0,0.038755868,0.009688967
13720,0.5936954,0.8559242,0.33146665,0.34092596,0.0,0.34092596,0.08523149
13721,0.4923253,0.8541592,0.13049145,0.83752376,0.0,0.83752376,0.20938094
13722,0.5734641,0.8492792,0.297649,0.36652198,0.0,0.36652198,0.091630496
13723,0.9642188,0.8505042,1.0779332,0.043324437,0.0,0.043324437,0.010831109
13724,1.6219221,0.850297,2.3935473,0.49903798,0.0,0.49903798,0.124759495
13725,2.6469123,0.8463104,4.447514,1.5249147,0.0,1.5249147,0.3812287
13726,2.0033195,0.8454018,3.1612375,0.880511,0.0,0.880511,0.22012775
13727,0.6480377,0.8437188,0.4523565,0.13931385,0.0,0.13931385,0.03482846
13728,2.6721058,0.83925503,4.5049562,1.5755482,0.0,1.5755482,0.39388704
13729,1.6692591,0.83770275,2.5008154,0.50957793,0.0,0.50957793,0.12739448
13730,0.77503747,0.84018177,0.7098932,0.09771637,0.0,0.09771637,0.024429092
13731,1.6068815,0.84631795,2.3674448,0.49962768,0.0,0.49962768,0.12490692
13732,0.6310971,0.8478241,0.41437003,0.17787065,0.0,0.17787065,0.04446766
13733,1.0541984,0.85550666,1.25289,0.10170109,0.0,0.10170109,0.025425272
13734,1.5928417,0.86581403,2.3198698,0.42872462,0.0,0.42872462,0.107181154
13735,0.5507385,0.88464236,0.21683466,0.79312927,0.0,0.79312927,0.19828232
13736,0.7819964,0.90013075,0.663862,0.06912535,0.0,0.06912535,0.017281337
13737,1.8833714,0.919504,2.8472385,0.67902714,0.0,0.67902714,0.16975679
13738,2.1536114,0.9341168,3.373106,0.8590496,0.0,0.8590496,0.2147624
13739,1.0940324,0.93785375,1.2502111,0.08260266,0.0,0.08260266,0.020650664
13740,0.8686457,0.93856066,0.79873085,0.11108186,0.0,0.11108186,0.027770465
13741,1.8359028,0.92754334,2.7442625,0.5690098,0.0,0.5690098,0.14225245
13742,2.197705,0.92047954,3.4749308,0.98102194,0.0,0.98102194,0.24525549
13743,2.9301927,0.9046068,4.9557786,1.7803894,0.0,1.7803894,0.44509736
13744,0.7799222,0.8862107,0.67363375,0.10163314,0.0,0.10163314,0.025408285
13745,1.0428495,0.8631485,1.2225505,0.08877238,0.0,0.08877238,0.022193095
13746,1.1926769,0.8409004,1.5444533,0.20507817,0.0,0.20507817,0.051269542
13747,0.71450883,0.8261666,0.60285115,0.1007768,0.0,0.1007768,0.0251942
13748,0.512222,0.8126413,0.21180272,0.5420689,0.0,0.5420689,0.13551722
13749,1.158202,0.7978031,1.5186011,0.17893516,0.0,0.17893516,0.04473379
13750,1.137946,0.7937732,1.4821187,0.20132284,0.0,0.20132284,0.05033071
13751,0.6809659,0.78024703,0.58168465,0.14474301,0.0,0.14474301,0.036185753
13752,1.9846592,0.76425123,3.2050674,1.0571305,0.0,1.0571305,0.2642826
13753,0.6490527,0.75924206,0.5388633,0.13301073,0.0,0.13301073,0.033252683
13754,2.1202562,0.74702567,3.4934864,1.3097421,0.0,1.3097421,0.32743552
13755,1.8327214,0.7493141,2.9161289,0.89286613,0.0,0.89286613,0.22321653
13756,0.70961124,0.7495961,0.6696263,0.023626447,0.0,0.023626447,0.0059066117
13757,0.68596154,0.7492242,0.62269896,0.06325763,0.0,0.06325763,0.015814407
13758,0.6327986,0.754838,0.5107593,0.13755809,0.0,0.13755809,0.034389522
13759,0.62196857,0.75237995,0.49155715,0.09264621,0.0,0.09264621,0.023161553
13760,0.7085149,0.7527434,0.66428643,0.03226867,0.0,0.03226867,0.008067167
13761,1.7073847,0.7482991,2.6664703,0.74497527,0.0,0.74497527,0.18624382
13762,2.2617862,0.749649,3.7739232,1.3741627,0.0,1.3741627,0.34354067
13763,1.4144716,0.7621786,2.0667648,0.4398087,0.0,0.4398087,0.109952174
13764,1.219592,0.7680041,1.6711798,0.3333722,0.0,0.3333722,0.08334305
13765,0.694763,0.786727,0.6027991,0.17031296,0.0,0.17031296,0.04257824
13766,0.6978918,0.79641247,0.5993711,0.1248067,0.0,0.1248067,0.031201676
13767,2.2208369,0.8055682,3.6361058,1.337437,0.0,1.337437,0.33435926
13768,0.9152374,0.81269187,1.0177829,0.040679794,0.0,0.040679794,0.010169948
13769,0.58615047,0.7961052,0.37619576,0.8568692,0.0,0.8568692,0.2142173
13770,0.7113204,0.7689891,0.6536518,0.42230925,0.0,0.42230925,0.10557731
13771,0.65909106,0.74244195,0.57574016,1.5910751,0.0,1.5910751,0.39776877
13772,0.6531475,0.7054809,0.60081416,0.053729236,0.0,0.053729236,0.013432309
13773,2.4319468,0.67218715,4.191706,1.732104,0.0,1.732104,0.433026
13774,0.95598793,0.63000137,1.2819744,0.20555396,0.0,0.20555396,0.05138849
13775,0.69219834,0.60439,0.7800067,0.065768324,0.0,0.065768324,0.016442081
13776,0.46276262,0.5842152,0.34131002,0.16694157,0.0,0.16694157,0.041735392
13777,1.7590852,0.566912,2.9512584,1.1154617,0.0,1.1154617,0.27886543
13778,0.5693574,0.55598384,0.58273095,1.1895283,0.0,1.1895283,0.2973821
13779,0.46361652,0.55076444,0.37646863,0.4675978,0.0,0.4675978,0.11689945
13780,1.9492568,0.5504434,3.3480701,1.3519179,0.0,1.3519179,0.33797947
13781,0.9132468,0.5439853,1.2825084,0.28633115,0.0,0.28633115,0.07158279
13782,0.42865324,0.53685516,0.3204513,0.7116301,0.0,0.7116301,0.17790753
13783,0.4793055,0.5321651,0.42644584,0.082493655,0.0,0.082493655,0.020623414
13784,1.3367523,0.5225367,2.1509678,0.66366535,0.0,0.66366535,0.16591634
13785,0.46651527,0.5176861,0.4153444,0.09221319,0.0,0.09221319,0.023053298
13786,0.74634355,0.51734227,0.97534484,0.15413313,0.0,0.15413313,0.03853328
13787,0.47468105,0.52480143,0.42456067,0.6605417,0.0,0.6605417,0.16513543
13788,0.4796063,0.5443925,0.41482008,0.36940446,0.0,0.36940446,0.092351116
13789,0.99225277,0.57165706,1.4128485,0.37253416,0.0,0.37253416,0.09313354
13790,0.661288,0.6032595,0.71931654,1.4107547,0.0,1.4107547,0.35268867
13791,1.3018285,0.62794334,1.9757137,0.5830242,0.0,0.5830242,0.14575605
13792,0.88774586,0.62094754,1.1545442,0.14166236,0.0,0.14166236,0.03541559
13793,0.58394617,0.59725386,0.5706384,0.02753329,0.0,0.02753329,0.0068833227
13794,0.66589624,0.556909,0.77488345,0.07515194,0.0,0.07515194,0.018787986
13795,2.2320864,0.52313364,3.9410393,1.8086547,0.0,1.8086547,0.45216367
13796,0.658852,0.49141017,0.82629377,0.12323765,0.0,0.12323765,0.030809412
13797,1.5318135,0.4710207,2.5926063,1.1425254,0.0,1.1425254,0.28563136
13798,0.5997203,0.46602368,0.733417,0.08647963,0.0,0.08647963,0.021619907
13799,0.42210945,0.46822974,0.3759891,0.45368603,0.0,0.45368603,0.11342151
13800,0.49736938,0.48027158,0.5144672,0.77596927,0.0,0.77596927,0.19399232
13801,0.7447908,0.49546632,0.9941153,0.15217431,0.0,0.15217431,0.038043577
13802,0.53520054,0.5166694,0.5537316,0.015930071,0.0,0.015930071,0.003982518
13803,0.5605376,0.5464449,0.5746302,1.6756638,0.0,1.6756638,0.41891596
13804,0.44771847,0.5778174,0.31761956,0.28930616,0.0,0.28930616,0.07232654
13805,1.1870152,0.60852385,1.7655064,0.43620995,0.0,0.43620995,0.10905249
13806,1.5831165,0.6362881,2.5299451,0.87827444,0.0,0.87827444,0.21956861
13807,0.5183742,0.6638331,0.37291536,0.5080795,0.0,0.5080795,0.12701988
13808,0.467931,0.67848283,0.25737914,0.59283954,0.0,0.59283954,0.14820988
13809,0.52056146,0.6811746,0.3599483,0.5474524,0.0,0.5474524,0.1368631
13810,1.6931607,0.6721687,2.7141526,0.9902243,0.0,0.9902243,0.24755608
13811,0.58473516,0.64625925,0.52321106,0.82787746,0.0,0.82787746,0.20696937
13812,1.75038,0.60369617,2.897064,1.185369,0.0,1.185369,0.29634225
13813,0.42773202,0.5556109,0.29985318,0.13518569,0.0,0.13518569,0.033796422
13814,0.37728873,0.5039276,0.2506499,0.3117242,0.0,0.3117242,0.07793105
13815,0.36423144,0.46855053,0.25991234,0.1286407,0.0,0.1286407,0.032160174
13816,0.43951488,0.43056393,0.44846582,0.15434046,0.0,0.15434046,0.038585115
13817,0.30097124,0.4058503,0.1960922,0.167998,0.0,0.167998,0.0419995
13818,0.40468904,0.38743868,0.42193937,0.15034212,0.0,0.15034212,0.03758553
13819,0.3707141,0.3810315,0.36039674,0.21038538,0.0,0.21038538,0.052596346
13820,1.0984087,0.38209745,1.81472,0.6931185,0.0,0.6931185,0.17327963
13821,0.41875944,0.38684234,0.45067653,0.019800501,0.0,0.019800501,0.0049501252
13822,0.37413335,0.3923643,0.35590243,0.08955369,0.0,0.08955369,0.022388423
13823,0.6973376,0.40602326,0.98865205,0.18601467,0.0,0.18601467,0.046503667
13824,0.38298798,0.41577724,0.35019875,0.07060697,0.0,0.07060697,0.017651742
13825,0.6630101,0.4349092,0.8911111,0.17821737,0.0,0.17821737,0.04455434
13826,0.3294424,0.44495973,0.21392512,0.26359308,0.0,0.26359308,0.06589827
13827,0.4432005,0.45309988,0.43330112,0.9794056,0.0,0.9794056,0.2448514
13828,1.0464717,0.4558494,1.6370941,0.46637857,0.0,0.46637857,0.11659464
13829,0.40805402,0.45463338,0.36147463,0.07603649,0.0,0.07603649,0.019009123
13830,0.3982618,0.4514408,0.34508273,0.14607982,0.0,0.14607982,0.036519956
13831,0.41500077,0.44750428,0.38249728,0.15360755,0.0,0.15360755,0.038401887
13832,1.6245242,0.4433428,2.8057058,1.1382837,0.0,1.1382837,0.28457093
13833,1.8726197,0.44683966,3.2984,1.4864167,0.0,1.4864167,0.37160417
13834,1.2972393,0.4581854,2.1362932,0.7020769,0.0,0.7020769,0.17551923
13835,0.29731682,0.47723213,0.11740152,0.4584242,0.0,0.4584242,0.11460605
13836,0.4548804,0.5024061,0.40735462,0.081683695,0.0,0.081683695,0.020420924
13837,0.5804005,0.52720565,0.63359547,0.03324395,0.0,0.03324395,0.008310988
13838,0.39866194,0.55431896,0.2430049,0.44492278,0.0,0.44492278,0.111230694
13839,0.7079627,0.5623299,0.85359544,0.13483097,0.0,0.13483097,0.03370774
13840,0.70590925,0.55603385,0.8557846,0.12866403,0.0,0.12866403,0.032166008
13841,0.40596533,0.54115933,0.27077132,1.0162565,0.0,1.0162565,0.2540641
13842,1.801438,0.5261207,3.0767553,1.1826159,0.0,1.1826159,0.29565397
13843,0.40836552,0.5172038,0.29952726,0.4638311,0.0,0.4638311,0.115957774
13844,1.1608733,0.5005899,1.8211566,0.4969734,0.0,0.4969734,0.12424335
13845,0.6195734,0.48524895,0.75389785,0.11091912,0.0,0.11091912,0.02772978
13846,0.42653954,0.474581,0.37849808,0.10414463,0.0,0.10414463,0.026036158
13847,0.34947452,0.47468242,0.2242666,0.6224376,0.0,0.6224376,0.1556094
13848,2.0114944,0.48671207,3.5362768,1.502388,0.0,1.502388,0.375597
13849,0.4472864,0.5084617,0.3861111,0.049154777,0.0,0.049154777,0.012288694
13850,0.9519407,0.5410399,1.3628415,0.23376606,0.0,0.23376606,0.058441516
13851,0.66622823,0.5832381,0.7492183,0.03954898,0.0,0.03954898,0.009887245
13852,0.4438943,0.6174292,0.27035943,0.15715787,0.0,0.15715787,0.039289467
13853,0.5735863,0.64965767,0.49751487,0.047008295,0.0,0.047008295,0.011752074
13854,1.1730039,0.6728649,1.6731429,0.2968023,0.0,0.2968023,0.07420058
13855,1.2290319,0.6878574,1.7702065,0.3092403,0.0,0.3092403,0.07731008
13856,0.43907252,0.6884921,0.18965292,1.1577291,0.0,1.1577291,0.2894323
13857,1.3458357,0.68287796,2.0087936,0.43172622,0.0,0.43172622,0.107931554
13858,2.8048153,0.6857755,4.923855,2.0161378,0.0,2.0161378,0.50403446
13859,0.40967837,0.6996472,0.11970957,0.8136297,0.0,0.8136297,0.20340742
13860,0.4505326,0.7302468,0.17081837,0.8783372,0.0,0.8783372,0.2195843
13861,0.84106857,0.7549774,0.9271598,0.03895342,0.0,0.03895342,0.009738355
13862,0.5673916,0.73906773,0.39571548,0.25629506,0.0,0.25629506,0.064073764
13863,0.50059474,0.6940058,0.30718368,0.23659857,0.0,0.23659857,0.05914964
13864,1.1252455,0.6801779,1.570313,0.26812825,0.0,0.26812825,0.06703206
13865,2.079807,0.67873377,3.48088,1.1955255,0.0,1.1955255,0.29888138
13866,0.50585896,0.6814015,0.33031642,1.5793365,0.0,1.5793365,0.39483413
13867,0.9182803,0.6803848,1.1561757,0.10220709,0.0,0.10220709,0.025551772
13868,1.4421223,0.6679552,2.2162893,0.6324771,0.0,0.6324771,0.15811928
13869,1.3455027,0.65544945,2.035556,0.5352039,0.0,0.5352039,0.13380097
13870,1.6869006,0.6515759,2.7222252,0.89858216,0.0,0.89858216,0.22464554
13871,0.9236934,0.6496173,1.1977695,0.15832894,0.0,0.15832894,0.039582234
13872,0.49642515,0.65455455,0.33829582,0.16208836,0.0,0.16208836,0.04052209
13873,0.5546825,0.6627116,0.44665337,0.38171306,0.0,0.38171306,0.095428266
13874,1.0965247,0.6828181,1.5102314,0.28036144,0.0,0.28036144,0.07009036
13875,0.5320987,0.715409,0.3487884,1.4380242,0.0,1.4380242,0.35950604
13876,0.88301164,0.7272647,1.0387586,0.08159665,0.0,0.08159665,0.020399163
13877,0.9072668,0.73437285,1.0801606,0.097577,0.0,0.097577,0.02439425
13878,1.1636108,0.7290482,1.5981735,0.2526393,0.0,0.2526393,0.06315982
13879,0.6792311,0.71337485,0.6450873,0.03888801,0.0,0.03888801,0.009722003
13880,0.8049323,0.7000315,0.90983295,0.04305474,0.0,0.04305474,0.010763685
13881,2.6392796,0.69205666,4.5865026,1.8207437,0.0,1.8207437,0.45518592
13882,1.3454326,0.69698685,1.9938782,0.4396173,0.0,0.4396173,0.10990433
13883,0.54860324,0.71569353,0.38151288,1.2091026,0.0,1.2091026,0.30227566
13884,1.2080008,0.72315234,1.6928492,0.34668717,0.0,0.34668717,0.08667179
13885,1.3079876,0.7306401,1.885335,0.39241067,0.0,0.39241067,0.09810267
13886,0.5862206,0.71260476,0.45983648,0.1887564,0.0,0.1887564,0.0471891
13887,0.49043274,0.6872336,0.29363188,0.56501323,0.0,0.56501323,0.14125331
13888,1.1202148,0.63434875,1.606081,0.38726285,0.0,0.38726285,0.09681571
13889,0.9524072,0.5709626,1.3338518,0.2716627,0.0,0.2716627,0.06791568
13890,0.629287,0.51816225,0.74041176,0.08669148,0.0,0.08669148,0.02167287
13891,0.48235455,0.4814386,0.48327053,1.087246,0.0,1.087246,0.2718115
13892,0.4064332,0.4489514,0.36391497,0.07209676,0.0,0.07209676,0.01802419
13893,0.61115307,0.42896557,0.7933405,0.12507263,0.0,0.12507263,0.031268157
13894,0.30826613,0.40997115,0.20656107,0.29679105,0.0,0.29679105,0.07419776
13895,0.3927935,0.41667524,0.3689117,0.6274579,0.0,0.6274579,0.15686448
13896,0.34021434,0.41988003,0.26054868,0.19866459,0.0,0.19866459,0.049666148
13897,0.746799,0.43001315,1.0635848,0.22128238,0.0,0.22128238,0.055320594
13898,0.4284222,0.43991208,0.41693237,0.7726986,0.0,0.7726986,0.19317465
13899,0.70583075,0.44625804,0.9654034,0.20278414,0.0,0.20278414,0.050696034
13900,0.9891546,0.46166536,1.5166439,0.44033447,0.0,0.44033447,0.11008362
13901,0.6924985,0.4666847,0.9183124,0.1560448,0.0,0.1560448,0.0390112
13902,0.5116938,0.4513526,0.57203496,0.028551662,0.0,0.028551662,0.0071379156
13903,0.6994135,0.44127646,0.95755047,0.16423367,0.0,0.16423367,0.041058417
13904,0.3750992,0.43233404,0.31786445,0.11214904,0.0,0.11214904,0.02803726
13905,0.41262165,0.41227627,0.4129671,1.0301621,0.0,1.0301621,0.25754052
13906,0.2501562,0.40267947,0.097632945,0.54868215,0.0,0.54868215,0.13717054
13907,0.36448064,0.4051702,0.3237911,1.241879,0.0,1.241879,0.31046975
13908,0.77144223,0.41045523,1.1324292,0.23035555,0.0,0.23035555,0.057588886
13909,0.32186323,0.4075226,0.23620386,0.41393617,0.0,0.41393617,0.10348404
13910,1.3139795,0.39424634,2.2337124,0.8697997,0.0,0.8697997,0.21744992
13911,0.28807753,0.3846303,0.19152479,0.21458842,0.0,0.21458842,0.053647105
13912,0.31259993,0.37066337,0.25453654,0.76072246,0.0,0.76072246,0.19018061
13913,0.34755245,0.35977912,0.33532584,0.025227914,0.0,0.025227914,0.0063069784
13914,0.31055254,0.34844145,0.27266362,0.5746942,0.0,0.5746942,0.14367355
13915,1.0513082,0.33068782,1.7719284,0.7365019,0.0,0.7365019,0.18412547
13916,0.30295774,0.3135313,0.29238415,0.034669224,0.0,0.034669224,0.008667306
13917,0.39309654,0.2979552,0.4882379,0.055712316,0.0,0.055712316,0.013928079
13918,0.27878177,0.2928126,0.26475096,0.028680772,0.0,0.028680772,0.007170193
13919,0.2510848,0.29624426,0.20592536,0.07039675,0.0,0.07039675,0.017599188
13920,0.31683818,0.3007648,0.33291152,0.4988265,0.0,0.4988265,0.124706626
13921,0.2734042,0.31709933,0.2297091,0.10170784,0.0,0.10170784,0.02542696
13922,0.32492992,0.34191418,0.30794564,0.056601066,0.0,0.056601066,0.014150267
13923,1.1828789,0.37094733,1.9948102,0.7886465,0.0,0.7886465,0.19716163
13924,0.8285964,0.40410104,1.2530918,0.35459733,0.0,0.35459733,0.08864933
13925,0.34229133,0.41222504,0.27235758,0.260771,0.0,0.260771,0.06519275
13926,0.5720537,0.41632545,0.72778195,0.09069242,0.0,0.09069242,0.022673106
13927,1.3209447,0.4209145,2.220975,0.84798473,0.0,0.84798473,0.21199618
13928,0.45202765,0.41509143,0.48896384,0.02119104,0.0,0.02119104,0.00529776
13929,0.64241534,0.4112606,0.87357014,0.15737663,0.0,0.15737663,0.039344158
13930,0.47776327,0.4197702,0.53575635,0.042297244,0.0,0.042297244,0.010574311
13931,0.40849987,0.42335376,0.393646,0.951025,0.0,0.951025,0.23775625
13932,0.95579416,0.41910577,1.4924827,0.40317103,0.0,0.40317103,0.10079276
13933,0.51858085,0.4013661,0.63579553,0.056284666,0.0,0.056284666,0.0140711665
13934,0.2489817,0.38203356,0.115929835,0.4578615,0.0,0.4578615,0.11446538
13935,0.6971558,0.37334192,1.0209697,0.22374265,0.0,0.22374265,0.055935662
13936,1.323956,0.35702118,2.290891,0.98078823,0.0,0.98078823,0.24519706
13937,0.4356304,0.34493396,0.5263269,0.05935344,0.0,0.05935344,0.01483836
13938,0.41501284,0.3231428,0.5068829,0.91317374,0.0,0.91317374,0.22829343
13939,0.63224113,0.3107571,0.95372516,0.24223061,0.0,0.24223061,0.060557652
13940,0.28329995,0.29686597,0.26973394,0.04319893,0.0,0.04319893,0.010799732
13941,1.5592107,0.28600988,2.8324115,1.4593595,0.0,1.4593595,0.36483988
13942,0.5933088,0.26884022,0.91777736,0.3564601,0.0,0.3564601,0.08911502
13943,0.2257092,0.2653965,0.18602188,0.32804722,0.0,0.32804722,0.082011804
13944,0.2383209,0.26221085,0.21443094,0.525948,0.0,0.525948,0.131487
13945,0.24610315,0.26837263,0.22383368,0.13805203,0.0,0.13805203,0.034513008
13946,0.7815501,0.28689218,1.276208,0.43270352,0.0,0.43270352,0.10817588
13947,0.2894771,0.31427953,0.2646747,0.04025658,0.0,0.04025658,0.010064145
13948,0.7885823,0.3409321,1.2362326,0.40770945,0.0,0.40770945,0.10192736
13949,0.30554816,0.35115576,0.2599406,0.27701995,0.0,0.27701995,0.06925499
13950,0.34403607,0.35644007,0.33163205,1.073607,0.0,1.073607,0.26840174
13951,0.6350079,0.35977232,0.9102435,0.2172573,0.0,0.2172573,0.054314326
13952,0.35304165,0.3605617,0.34552157,0.49169013,0.0,0.49169013,0.12292253
13953,0.617099,0.3567305,0.87746745,0.25006044,0.0,0.25006044,0.06251511
13954,1.1239367,0.36003566,1.8878378,0.7482261,0.0,0.7482261,0.18705653
13955,0.8858385,0.36006984,1.4116071,0.48620486,0.0,0.48620486,0.121551216
13956,0.29926738,0.34126416,0.25727057,0.278374,0.0,0.278374,0.0695935
13957,0.3273178,0.32293954,0.33169606,0.5191907,0.0,0.5191907,0.12979768
13958,0.37077293,0.2984366,0.44310918,0.048367947,0.0,0.048367947,0.012091987
13959,0.6136476,0.2865744,0.9407208,0.33336914,0.0,0.33336914,0.083342284
13960,0.7778778,0.27688196,1.2788737,0.5544721,0.0,0.5544721,0.13861802
13961,1.5032263,0.2684081,2.7380445,1.5436281,0.0,1.5436281,0.38590702
13962,0.2364303,0.25664255,0.21621805,0.13329695,0.0,0.13329695,0.033324238
13963,0.22397302,0.24136986,0.20657617,0.09488446,0.0,0.09488446,0.023721116
13964,0.30734357,0.22419465,0.39049247,0.056523513,0.0,0.056523513,0.014130878
13965,0.49362123,0.20931458,0.7779279,0.32397678,0.0,0.32397678,0.080994196
13966,0.6292877,0.19638354,1.0621918,0.4838543,0.0,0.4838543,0.12096357
13967,0.18925482,0.19490917,0.18360047,0.118471645,0.0,0.118471645,0.029617911
13968,0.17432499,0.19199502,0.15665497,0.14781173,0.0,0.14781173,0.03695293
13969,0.16480838,0.20146678,0.12814997,0.054334175,0.0,0.054334175,0.013583544
13970,0.3504851,0.2186883,0.4822819,0.113416694,0.0,0.113416694,0.028354174
13971,0.2443645,0.24249506,0.24623394,0.35567054,0.0,0.35567054,0.088917635
13972,0.23893385,0.26631102,0.21155666,0.21186692,0.0,0.21186692,0.05296673
13973,0.24041392,0.28027353,0.20055433,0.12510687,0.0,0.12510687,0.031276718
13974,0.44847146,0.29057172,0.60637116,1.3649939,0.0,1.3649939,0.34124848
13975,0.28264606,0.29498008,0.27031207,0.8390255,0.0,0.8390255,0.20975637
13976,0.39107928,0.28919113,0.49296737,1.1972443,0.0,1.1972443,0.29931107
13977,0.4106668,0.29017624,0.5311573,0.10504492,0.0,0.10504492,0.02626123
13978,0.46699658,0.29052696,0.64346623,0.15315239,0.0,0.15315239,0.038288098
13979,0.5738671,0.28786838,0.8598657,0.24270605,0.0,0.24270605,0.06067651
13980,0.20135467,0.2691228,0.13358653,0.13587381,0.0,0.13587381,0.033968452
13981,0.9201221,0.2539455,1.5862986,0.68957406,0.0,0.68957406,0.17239352
13982,1.3442707,0.23391463,2.4546268,1.300643,0.0,1.300643,0.32516074
13983,0.1649298,0.21923234,0.11062727,0.19166295,0.0,0.19166295,0.047915738
13984,0.22609432,0.20426627,0.24792238,0.57691264,0.0,0.57691264,0.14422816
13985,0.3500762,0.19601643,0.50413597,0.16109782,0.0,0.16109782,0.040274456
13986,0.32749808,0.18836622,0.46662995,0.781158,0.0,0.781158,0.1952895
13987,0.17599148,0.187483,0.16449995,0.14327247,0.0,0.14327247,0.03581812
13988,0.19468097,0.18417138,0.20519058,0.12040607,0.0,0.12040607,0.030101517
13989,0.41136348,0.17893648,0.6437905,0.20145752,0.0,0.20145752,0.05036438
13990,0.14259617,0.17240338,0.11278895,0.16069196,0.0,0.16069196,0.04017299
13991,1.088329,0.16703624,2.0096216,1.2563695,0.0,1.2563695,0.31409237
13992,0.18420087,0.16348334,0.20491838,0.38871947,0.0,0.38871947,0.09717987
13993,1.0649503,0.17005831,1.9598423,1.1360706,0.0,1.1360706,0.28401765
13994,0.20647849,0.18624218,0.2267148,0.36349425,0.0,0.36349425,0.09087356
13995,0.32364416,0.20296979,0.44431853,0.12832618,0.0,0.12832618,0.032081544
13996,0.8676898,0.2207756,1.514604,0.6723946,0.0,0.6723946,0.16809864
13997,0.2031074,0.23203778,0.174177,0.104120344,0.0,0.104120344,0.026030086
13998,0.1762615,0.24229217,0.110230826,0.22219823,0.0,0.22219823,0.05554956
13999,0.24765158,0.24459176,0.2507114,0.22241049,0.0,0.22241049,0.05560262
14000,0.23469798,0.2401243,0.22927164,0.034624293,0.0,0.034624293,0.008656073
14001,0.31938538,0.23781143,0.40095928,0.08298457,0.0,0.08298457,0.020746142
14002,0.27445313,0.24140222,0.30750403,0.7927291,0.0,0.7927291,0.19818227
14003,0.15519835,0.2455184,0.06487829,0.25215158,0.0,0.25215158,0.063037895
14004,0.46016112,0.24578466,0.6745376,0.22434467,0.0,0.22434467,0.056086168
14005,0.23653762,0.24314158,0.22993363,0.1880186,0.0,0.1880186,0.04700465
14006,0.19043064,0.23109686,0.14976442,0.45374694,0.0,0.45374694,0.113436736
14007,0.29637167,0.22198385,0.3707595,0.867935,0.0,0.867935,0.21698375
14008,0.33721712,0.21259046,0.46184382,0.093662046,0.0,0.093662046,0.023415511
14009,0.207135,0.20661406,0.20765595,0.5551078,0.0,0.5551078,0.13877694
14010,0.16094081,0.196997,0.124884605,0.21575393,0.0,0.21575393,0.053938482
14011,0.3807403,0.19149809,0.5699825,0.15649918,0.0,0.15649918,0.039124794
14012,0.94375354,0.18402904,1.703478,0.8540967,0.0,0.8540967,0.21352418
14013,0.6628757,0.17716603,1.1485854,0.49743262,0.0,0.49743262,0.124358155
14014,0.16608995,0.16717589,0.16500401,0.07159013,0.0,0.07159013,0.017897533
14015,0.8365195,0.16482738,1.5082116,0.7579169,0.0,0.7579169,0.18947923
14016,0.24980736,0.16393937,0.33567536,0.050882135,0.0,0.050882135,0.012720534
14017,1.0200201,0.17387743,1.8661629,1.0175874,0.0,1.0175874,0.25439686
14018,0.57724565,0.18977354,0.9647177,0.41137424,0.0,0.41137424,0.10284356
14019,0.422781,0.21057785,0.6349842,0.17294772,0.0,0.17294772,0.04323693
14020,0.21244816,0.24010147,0.18479486,0.31234625,0.0,0.31234625,0.07808656
14021,0.78130394,0.264804,1.2978039,0.48401847,0.0,0.48401847,0.12100462
14022,0.29424843,0.286904,0.30159286,0.08959987,0.0,0.08959987,0.022399968
14023,0.9573,0.30579177,1.6088082,0.5510334,0.0,0.5510334,0.13775834
14024,0.5361167,0.32177347,0.75045997,0.13052063,0.0,0.13052063,0.032630157
14025,0.44552073,0.3356053,0.5554361,0.054754913,0.0,0.054754913,0.013688728
14026,0.2832972,0.34611073,0.22048366,0.11552047,0.0,0.11552047,0.028880117
14027,0.42552558,0.34063068,0.5104205,0.0488124,0.0,0.0488124,0.0122031
14028,0.8444762,0.3171269,1.3718256,0.45380428,0.0,0.45380428,0.11345107
14029,0.24248393,0.29249313,0.19247472,0.5233941,0.0,0.5233941,0.13084853
14030,0.45614052,0.26714924,0.6451318,0.12462748,0.0,0.12462748,0.03115687
14031,0.21743838,0.24667446,0.1882023,0.3105385,0.0,0.3105385,0.077634625
14032,0.21342383,0.22744922,0.19939844,0.20912199,0.0,0.20912199,0.052280497
14033,1.3872215,0.21853483,2.5559082,1.4008316,0.0,1.4008316,0.3502079
14034,0.26499012,0.21253033,0.31744993,0.5615635,0.0,0.5615635,0.14039087
14035,1.301659,0.21686983,2.3864481,1.341101,0.0,1.341101,0.33527526
14036,0.52987665,0.22094892,0.8388044,0.37270495,0.0,0.37270495,0.09317624
14037,0.4233203,0.2287376,0.617903,1.0539323,0.0,1.0539323,0.26348308
14038,0.31590882,0.22718988,0.40462777,0.62968516,0.0,0.62968516,0.15742129
14039,0.3501934,0.23240082,0.46798602,0.08769822,0.0,0.08769822,0.021924555
14040,0.21985835,0.23713796,0.20257874,0.034975648,0.0,0.034975648,0.008743912
14041,0.29404134,0.25262308,0.3354596,0.026671797,0.0,0.026671797,0.0066679493
14042,0.21779992,0.27006677,0.16553307,0.12318927,0.0,0.12318927,0.030797318
14043,0.4563764,0.2902125,0.62254024,0.12282023,0.0,0.12282023,0.030705057
14044,1.2440515,0.31488776,2.1732152,1.1433724,0.0,1.1433724,0.2858431
14045,0.5303926,0.32871956,0.7320657,0.14539509,0.0,0.14539509,0.03634877
14046,0.86459,0.3416244,1.3875556,0.529392,0.0,0.529392,0.132348
14047,0.7675004,0.35467306,1.1803277,0.42364112,0.0,0.42364112,0.10591028
14048,0.4132534,0.36557117,0.4609356,0.028094063,0.0,0.028094063,0.0070235156
14049,0.55109197,0.37032977,0.7318542,0.13158308,0.0,0.13158308,0.03289577
14050,0.3262777,0.3710092,0.28154624,0.13949186,0.0,0.13949186,0.034872964
14051,0.37086627,0.3642435,0.377489,0.54518414,0.0,0.54518414,0.13629603
14052,0.33727637,0.35040054,0.32415226,0.027001107,0.0,0.027001107,0.006750277
14053,0.40438962,0.3299777,0.47880152,0.040752936,0.0,0.040752936,0.010188234
14054,0.35507682,0.31507048,0.3950832,0.020483267,0.0,0.020483267,0.0051208166
14055,0.24625103,0.2989398,0.19356227,0.08001519,0.0,0.08001519,0.020003797
14056,0.5918564,0.2747172,0.90899557,0.41144142,0.0,0.41144142,0.102860354
14057,0.50732833,0.25661838,0.75803834,0.37583628,0.0,0.37583628,0.09395907
14058,0.40915456,0.2354966,0.58281255,0.2949318,0.0,0.2949318,0.07373295
14059,0.31281403,0.22714949,0.39847854,0.16759743,0.0,0.16759743,0.041899357
14060,0.20378812,0.21680868,0.19076757,0.1842326,0.0,0.1842326,0.04605815
14061,0.47033343,0.20536767,0.73529917,0.5766421,0.0,0.5766421,0.14416052
14062,0.3033533,0.19287576,0.41383085,0.08895437,0.0,0.08895437,0.022238592
14063,0.24221464,0.18417746,0.30025184,0.050390106,0.0,0.050390106,0.012597526
14064,0.36323896,0.17873347,0.54774445,0.29247493,0.0,0.29247493,0.07311873
14065,0.19935985,0.17638536,0.22233434,0.16705494,0.0,0.16705494,0.041763734
14066,0.15998717,0.17156766,0.14840668,0.03619309,0.0,0.03619309,0.009048273
14067,0.31060162,0.1724869,0.4487163,0.12670593,0.0,0.12670593,0.031676482
14068,0.16289265,0.16571721,0.1600681,0.035006035,0.0,0.035006035,0.008751509
14069,0.1453553,0.15353261,0.13717799,0.12482058,0.0,0.12482058,0.031205146
14070,0.89437604,0.14256373,1.6461884,1.2792016,0.0,1.2792016,0.3198004
14071,0.623641,0.13199961,1.1152824,1.0485048,0.0,1.0485048,0.2621262
14072,0.13747261,0.12395004,0.15099518,0.11102491,0.0,0.11102491,0.027756227
14073,0.31723344,0.12159445,0.5128724,0.4358835,0.0,0.4358835,0.10897087
14074,0.12678574,0.12164477,0.13192672,0.14304203,0.0,0.14304203,0.035760507
14075,0.21903746,0.1260611,0.31201378,0.097215295,0.0,0.097215295,0.024303824
14076,0.15085055,0.1290964,0.17260472,0.19862545,0.0,0.19862545,0.04965636
14077,0.34677815,0.13493313,0.55862314,0.35509107,0.0,0.35509107,0.08877277
14078,0.46578947,0.14327388,0.78830504,0.7996633,0.0,0.7996633,0.19991583
14079,0.27358565,0.15132959,0.3958417,0.11549098,0.0,0.11549098,0.028872745
14080,0.32394543,0.15484945,0.4930414,0.32138917,0.0,0.32138917,0.08034729
14081,0.21846245,0.15132122,0.28560367,0.05982104,0.0,0.05982104,0.01495526
14082,0.7144818,0.14603673,1.2829268,0.96518594,0.0,0.96518594,0.24129649
14083,1.177538,0.14406939,2.2110069,1.8911306,0.0,1.8911306,0.47278264
14084,0.4858941,0.14121978,0.8305685,0.63919705,0.0,0.63919705,0.15979926
14085,0.39910805,0.1402235,0.6579926,0.4850918,0.0,0.4850918,0.12127295
14086,0.1681363,0.1390345,0.19723809,0.14147474,0.0,0.14147474,0.035368685
14087,0.32822576,0.13899535,0.51745623,0.5400649,0.0,0.5400649,0.13501622
14088,0.9707554,0.13873447,1.8027763,1.5452362,0.0,1.5452362,0.38630906
14089,0.34232578,0.13760905,0.54704255,0.35165033,0.0,0.35165033,0.08791258
14090,0.22057648,0.13734385,0.3038091,0.10308551,0.0,0.10308551,0.025771378
14091,0.61510324,0.13880967,1.0913968,0.8539335,0.0,0.8539335,0.21348338
14092,0.876301,0.1374058,1.6151962,1.3554277,0.0,1.3554277,0.33885694
14093,0.44906643,0.1355941,0.76253873,0.52157664,0.0,0.52157664,0.13039416
14094,0.86497027,0.13431782,1.5956227,1.4144522,0.0,1.4144522,0.35361305
14095,0.20744205,0.1331631,0.28172097,0.1507641,0.0,0.1507641,0.037691023
14096,0.2936454,0.13074975,0.4565411,0.45642743,0.0,0.45642743,0.11410686
14097,0.736932,0.12748879,1.3463751,1.5023462,0.0,1.5023462,0.37558654
14098,0.7108941,0.1287523,1.293036,1.0343302,0.0,1.0343302,0.25858256
14099,0.14471135,0.13230354,0.15711915,0.047968213,0.0,0.047968213,0.011992053
14100,0.22074503,0.13664055,0.3048495,0.1296246,0.0,0.1296246,0.03240615
14101,0.18763728,0.14309926,0.2321753,0.09739264,0.0,0.09739264,0.02434816
14102,0.17897516,0.14556126,0.21238907,0.078282796,0.0,0.078282796,0.019570699
14103,0.19061007,0.14629422,0.23492593,0.273325,0.0,0.273325,0.06833125
14104,0.40773872,0.14528598,0.67019147,0.319728,0.0,0.319728,0.079932
14105,0.90368253,0.14420502,1.6631602,1.303292,0.0,1.303292,0.325823
14106,0.27012876,0.14025664,0.4000009,0.13926482,0.0,0.13926482,0.034816206
14107,0.99592644,0.13618836,1.8556646,1.8244104,0.0,1.8244104,0.4561026
14108,0.42599353,0.13344377,0.7185433,0.39214388,0.0,0.39214388,0.09803597
14109,0.2780311,0.13125198,0.42481026,0.49560738,0.0,0.49560738,0.123901844
14110,0.20592447,0.13067889,0.28117007,0.2584115,0.0,0.2584115,0.064602874
14111,0.68740445,0.13022822,1.2445807,1.092095,0.0,1.092095,0.27302375
14112,0.1854188,0.1294365,0.24140109,0.05757488,0.0,0.05757488,0.01439372
14113,0.26766104,0.13017845,0.40514362,0.41194078,0.0,0.41194078,0.102985196
14114,0.436681,0.1313455,0.7420165,0.4217644,0.0,0.4217644,0.1054411
14115,0.44294944,0.13574451,0.75015444,0.8164937,0.0,0.8164937,0.20412342
14116,1.0111908,0.14491336,1.8774682,1.4968386,0.0,1.4968386,0.37420964
14117,0.4577832,0.15659179,0.75897455,0.33742428,0.0,0.33742428,0.08435607
14118,0.2976903,0.16816014,0.4272205,0.7363866,0.0,0.7363866,0.18409665
14119,0.70194083,0.17529835,1.2285833,0.6118917,0.0,0.6118917,0.15297292
14120,0.20020334,0.17859472,0.22181197,0.055940136,0.0,0.055940136,0.013985034
14121,0.3150608,0.1782778,0.45184377,0.57529324,0.0,0.57529324,0.14382331
14122,0.21163869,0.17785335,0.24542405,0.06879839,0.0,0.06879839,0.017199598
14123,0.35007218,0.1777815,0.5223629,0.86217755,0.0,0.86217755,0.21554439
14124,0.45858824,0.18184257,0.7353339,1.2528957,0.0,1.2528957,0.31322393
14125,0.13909625,0.18691768,0.09127479,0.23398243,0.0,0.23398243,0.058495607
14126,0.35599458,0.1890943,0.52289486,0.81377894,0.0,0.81377894,0.20344473
14127,0.18288346,0.19230406,0.17346288,0.4157394,0.0,0.4157394,0.10393485
14128,0.18737115,0.19349821,0.18124409,0.38137016,0.0,0.38137016,0.09534254
14129,0.21297045,0.1930566,0.23288429,0.45073166,0.0,0.45073166,0.112682916
14130,0.24176855,0.19124521,0.29229188,0.12023535,0.0,0.12023535,0.030058838
14131,1.0199097,0.18832783,1.8514918,0.9816702,0.0,0.9816702,0.24541755
14132,0.3222658,0.18474321,0.4597884,0.11965701,0.0,0.11965701,0.029914252
14133,0.43746105,0.18247765,0.6924445,0.25755325,0.0,0.25755325,0.06438831
14134,0.601667,0.18110134,1.0222327,0.40015817,0.0,0.40015817,0.10003954
14135,0.28583756,0.17805131,0.39362383,0.8477692,0.0,0.8477692,0.2119423
14136,0.22655237,0.17542481,0.27767992,0.20547485,0.0,0.20547485,0.051368713
14137,0.20534448,0.17058857,0.24010038,0.10565803,0.0,0.10565803,0.026414508
14138,0.32658315,0.17510694,0.47805938,0.119917385,0.0,0.119917385,0.029979346
14139,0.28138033,0.18509531,0.37766537,0.07715098,0.0,0.07715098,0.019287745
14140,0.17339726,0.20290117,0.14389338,0.11481463,0.0,0.11481463,0.028703658
14141,1.3729166,0.22604895,2.5197842,1.378992,0.0,1.378992,0.344748
14142,0.17097817,0.24453916,0.097417176,0.13111232,0.0,0.13111232,0.03277808
14143,0.44428006,0.2585853,0.6299748,0.11812961,0.0,0.11812961,0.029532403
14144,0.23647739,0.25728288,0.2156719,0.37787294,0.0,0.37787294,0.094468236
14145,0.2510945,0.2514148,0.25077417,0.5321219,0.0,0.5321219,0.13303047
14146,0.52473193,0.2512616,0.79820234,0.23094887,0.0,0.23094887,0.057737216
14147,0.55475664,0.2628338,0.84667945,0.2411353,0.0,0.2411353,0.060283825
14148,1.4353514,0.2761059,2.5945969,1.2708329,0.0,1.2708329,0.31770822
14149,0.25943026,0.27587625,0.24298428,0.35218108,0.0,0.35218108,0.08804527
14150,0.19916137,0.27902412,0.1192986,0.08284823,0.0,0.08284823,0.020712057
14151,0.30736032,0.291755,0.3229657,0.83132523,0.0,0.83132523,0.20783131
14152,0.25662908,0.29154268,0.2217155,0.17932247,0.0,0.17932247,0.044830617
14153,0.27490184,0.2942597,0.25554398,0.33166298,0.0,0.33166298,0.082915746
14154,0.34468016,0.2991651,0.39019522,0.048693936,0.0,0.048693936,0.012173484
14155,0.2951536,0.31646556,0.27384162,0.1250884,0.0,0.1250884,0.0312721
14156,0.3806026,0.3308126,0.4303926,1.0289294,0.0,1.0289294,0.25723234
14157,0.5014323,0.34742132,0.65544325,0.08892163,0.0,0.08892163,0.022230407
14158,0.47098482,0.35780826,0.58416134,0.07145741,0.0,0.07145741,0.017864352
14159,0.3058239,0.38536444,0.22628333,0.3534973,0.0,0.3534973,0.088374324
14160,0.69768924,0.405048,0.9903304,0.16947563,0.0,0.16947563,0.042368907
14161,1.625466,0.43781993,2.8131123,1.0890158,0.0,1.0890158,0.27225396
14162,0.4491147,0.46666098,0.4315684,0.025306834,0.0,0.025306834,0.0063267085
14163,1.0536934,0.49791858,1.6094683,0.47892419,0.0,0.47892419,0.119731046
14164,0.63704246,0.53869534,0.73538953,0.042716343,0.0,0.042716343,0.010679086
14165,0.43367317,0.5578297,0.30951667,0.21451826,0.0,0.21451826,0.053629566
14166,0.43955386,0.5867514,0.2923563,0.1861548,0.0,0.1861548,0.0465387
14167,0.49474296,0.62569684,0.3637891,0.2758886,0.0,0.2758886,0.06897215
14168,0.5942529,0.6459887,0.5425171,0.05333646,0.0,0.05333646,0.013334115
14169,1.3415455,0.6634291,2.019662,0.5564063,0.0,0.5564063,0.13910158
14170,0.87464523,0.6662465,1.083044,0.11269075,0.0,0.11269075,0.028172687
14171,0.71809816,0.6245282,0.8116681,0.06216495,0.0,0.06216495,0.015541238
14172,0.4374987,0.553313,0.3216844,0.20617308,0.0,0.20617308,0.05154327
14173,0.4647951,0.452379,0.47721124,1.1485797,0.0,1.1485797,0.28714493
14174,0.33790255,0.3722056,0.30359957,0.09903816,0.0,0.09903816,0.02475954
14175,0.33886197,0.2998103,0.37791368,0.03023856,0.0,0.03023856,0.00755964
14176,0.22322392,0.24657603,0.19987182,0.038551766,0.0,0.038551766,0.009637942
14177,0.30093014,0.2155112,0.38634908,0.08362779,0.0,0.08362779,0.020906948
14178,1.100022,0.18637115,2.0136726,1.0971181,0.0,1.0971181,0.27427953
14179,0.20826887,0.17057295,0.24596477,0.20538683,0.0,0.20538683,0.051346708
14180,0.5300613,0.15751763,0.90260506,1.4247789,0.0,1.4247789,0.35619473
14181,0.86367327,0.14586726,1.5814794,0.93156797,0.0,0.93156797,0.23289199
14182,0.21585412,0.13067602,0.30103222,0.5090541,0.0,0.5090541,0.12726353
14183,0.1234021,0.1250879,0.1217163,0.10685494,0.0,0.10685494,0.026713734
14184,0.93543863,0.12227591,1.7486013,1.1456861,0.0,1.1456861,0.28642154
14185,0.19506542,0.13119929,0.25893155,0.09329206,0.0,0.09329206,0.023323014
14186,0.23417783,0.13881376,0.3295419,0.10503466,0.0,0.10503466,0.026258664
14187,0.13327205,0.15155365,0.11499045,0.27773872,0.0,0.27773872,0.06943468
14188,0.16596064,0.16363452,0.16828676,0.032484237,0.0,0.032484237,0.008121059
14189,0.33606228,0.1686397,0.5034848,0.9011545,0.0,0.9011545,0.22528863
14190,0.3815733,0.17429866,0.5888479,0.1686225,0.0,0.1686225,0.042155623
14191,0.40817046,0.17353825,0.64280266,1.1316937,0.0,1.1316937,0.28292343
14192,0.17721169,0.16988981,0.18453355,0.40887913,0.0,0.40887913,0.10221978
14193,0.14984633,0.17063443,0.12905824,0.30341387,0.0,0.30341387,0.07585347
14194,0.64510757,0.17736392,1.1128513,0.4861065,0.0,0.4861065,0.12152662
14195,0.2012195,0.18218218,0.22025682,0.5465615,0.0,0.5465615,0.13664037
14196,0.20643716,0.18026347,0.23261082,0.08032546,0.0,0.08032546,0.020081365
14197,0.5692824,0.17725958,0.9613052,0.38515654,0.0,0.38515654,0.096289136
14198,0.6432634,0.17494328,1.1115836,0.47050035,0.0,0.47050035,0.11762509
14199,0.21810116,0.16850908,0.26769325,0.22001898,0.0,0.22001898,0.055004746
14200,1.4537063,0.16078846,2.746624,1.8003927,0.0,1.8003927,0.4500982
14201,0.8468576,0.15514141,1.5385739,0.86432916,0.0,0.86432916,0.21608229
14202,0.10939795,0.15237729,0.06641862,0.17052819,0.0,0.17052819,0.042632047
14203,0.31997988,0.1483087,0.49165106,0.20687632,0.0,0.20687632,0.05171908
14204,0.65276134,0.14097923,1.1645435,0.60809916,0.0,0.60809916,0.15202479
14205,0.14785333,0.13514982,0.16055685,0.032894872,0.0,0.032894872,0.008223718
14206,0.5747321,0.12652725,1.0229369,0.5131149,0.0,0.5131149,0.12827873
14207,0.62647104,0.1251158,1.1278263,0.61760765,0.0,0.61760765,0.15440191
14208,0.118538916,0.13260412,0.10447372,0.2046837,0.0,0.2046837,0.051170927
