base_start,pair_mse,none_mse,event_mse,separation_mse,predicted_separation_energy,true_separation_energy,ambiguity_floor
45984,0.13356124,0.011881319,0.25524116,0.19241452,0.0,0.19241452,0.04810363
45986,0.25256386,0.012425904,0.4927018,0.54131037,0.0,0.54131037,0.13532759
45989,0.06888798,0.012955561,0.12482039,0.1166865,0.0,0.1166865,0.029171625
45992,0.15567614,0.012560405,0.2987919,0.3400258,0.0,0.3400258,0.08500645
45995,0.07591001,0.013058859,0.13876115,0.09349385,0.0,0.09349385,0.023373462
45998,0.096110396,0.015113774,0.17710702,0.15480073,0.0,0.15480073,0.038700182
46001,0.27987444,0.018888017,0.5408609,0.504451,0.0,0.504451,0.12611274
46003,0.05139115,0.018641843,0.08414046,0.116893746,0.0,0.116893746,0.029223436
46006,0.41591027,0.020512493,0.8113081,0.7222734,0.0,0.7222734,0.18056835
46009,0.06888664,0.02326803,0.114505254,0.0706422,0.0,0.0706422,0.01766055
46012,0.09635157,0.026031276,0.16667187,0.1839685,0.0,0.1839685,0.045992125
46015,0.04549287,0.027290136,0.0636956,0.0578109,0.0,0.0578109,0.014452725
46018,0.08787528,0.029356515,0.14639403,0.08999332,0.0,0.08999332,0.02249833
46021,0.71605295,0.031317215,1.4007887,1.2281537,0.0,1.2281537,0.30703843
46023,0.11588424,0.03351395,0.19825453,0.2872922,0.0,0.2872922,0.07182305
46026,0.5992691,0.033422064,1.1651161,0.87888926,0.0,0.87888926,0.21972232
46029,0.09394235,0.034501333,0.15338337,0.24820732,0.0,0.24820732,0.06205183
46032,0.20814192,0.039211515,0.37707233,0.19484067,0.0,0.19484067,0.048710167
46035,0.09696344,0.04261757,0.15130933,0.104940295,0.0,0.104940295,0.026235074
46038,0.071501456,0.057911515,0.085091405,0.06920546,0.0,0.06920546,0.017301366
46041,0.7050908,0.07143537,1.3387464,0.8506171,0.0,0.8506171,0.21265428
46043,0.6440686,0.058792215,1.229345,0.8012255,0.0,0.8012255,0.20030637
46046,0.10573547,0.05985457,0.15161638,0.27682307,0.0,0.27682307,0.06920577
46049,0.12625688,0.057575706,0.19493806,0.3838284,0.0,0.3838284,0.0959571
46052,0.13349117,0.06928507,0.19769728,0.19944192,0.0,0.19944192,0.04986048
46055,0.15073304,0.06469945,0.23676662,0.07124241,0.0,0.07124241,0.017810602
46058,0.37271377,0.06153485,0.68389267,0.45278135,0.0,0.45278135,0.11319534
46061,0.57777745,0.065911554,1.0896434,0.73621255,0.0,0.73621255,0.18405314
46063,0.10846639,0.06364175,0.15329103,0.17994761,0.0,0.17994761,0.044986904
46066,0.13772084,0.058083337,0.21735834,0.23241436,0.0,0.23241436,0.05810359
46069,0.19746073,0.057217408,0.33770406,0.4983243,0.0,0.4983243,0.124581076
46072,0.046999987,0.051742937,0.042257037,0.050659675,0.0,0.050659675,0.012664919
46075,0.12133924,0.03515353,0.20752496,0.09428529,0.0,0.09428529,0.023571322
46078,0.120275676,0.029729947,0.2108214,0.17152579,0.0,0.17152579,0.042881448
46081,1.0414866,0.026507331,2.0564659,1.8695621,0.0,1.8695621,0.46739054
46083,0.090235375,0.023251245,0.1572195,0.1440083,0.0,0.1440083,0.036002073
46086,0.042177524,0.020579625,0.06377543,0.03100337,0.0,0.03100337,0.0077508427
46089,0.30578387,0.019767435,0.5918003,0.49587464,0.0,0.49587464,0.12396866
46092,0.32589206,0.019450651,0.63233346,0.5218383,0.0,0.5218383,0.13045958
46095,0.52320004,0.020439811,1.0259603,0.8249549,0.0,0.8249549,0.20623873
46098,0.13394605,0.021685412,0.24620669,0.32032546,0.0,0.32032546,0.080081366
46101,0.04463938,0.024276137,0.06500261,0.01985708,0.0,0.01985708,0.00496427
46103,0.4188535,0.025907442,0.8117995,0.94300026,0.0,0.94300026,0.23575006
46106,0.3253124,0.035632778,0.614992,0.45636472,0.0,0.45636472,0.11409118
46109,0.30008036,0.042763654,0.55739707,0.36097655,0.0,0.36097655,0.09024414
46112,0.059592146,0.044179622,0.075004674,0.15520799,0.0,0.15520799,0.038801998
46115,0.1891489,0.050005604,0.32829222,0.18146263,0.0,0.18146263,0.045365658
46118,0.08016391,0.038154174,0.122173645,0.122172505,0.0,0.122172505,0.030543126
46121,0.04543789,0.02721245,0.063663326,0.068074815,0.0,0.068074815,0.017018704
46123,0.7830642,0.032813784,1.5333147,1.2291945,0.0,1.2291945,0.30729863
46126,0.23148577,0.028936407,0.43403515,0.51797104,0.0,0.51797104,0.12949276
46129,0.0889022,0.028963797,0.14884059,0.21153565,0.0,0.21153565,0.052883912
46132,0.36561832,0.022900457,0.7083362,0.79854035,0.0,0.79854035,0.19963509
46135,0.23267639,0.013919172,0.45143363,0.38176584,0.0,0.38176584,0.09544146
46138,0.07813736,0.016230164,0.14004456,0.093366206,0.0,0.093366206,0.023341551
46141,0.21001273,0.017806225,0.40221927,0.4592274,0.0,0.4592274,0.11480685
46143,0.26574084,0.018488908,0.51299274,0.48533884,0.0,0.48533884,0.12133471
46146,0.13489085,0.020992523,0.24878919,0.31898376,0.0,0.31898376,0.07974594
46149,0.04204394,0.022416234,0.061671644,0.032068815,0.0,0.032068815,0.008017204
46152,0.104392506,0.022415409,0.18636961,0.25059825,0.0,0.25059825,0.06264956
46155,0.3441395,0.021207934,0.66707104,0.746116,0.0,0.746116,0.186529
46158,0.3687791,0.021678532,0.7158797,0.54800886,0.0,0.54800886,0.13700221
46161,0.03690291,0.022548022,0.0512578,0.046788234,0.0,0.046788234,0.011697059
46163,0.03566588,0.023930378,0.047401384,0.03561613,0.0,0.03561613,0.008904032
46166,0.7675006,0.027684456,1.5073166,1.7499866,0.0,1.7499866,0.43749666
46169,0.24530262,0.027688151,0.4629171,0.32869017,0.0,0.32869017,0.08217254
46172,0.0437316,0.02626755,0.061195653,0.07055056,0.0,0.07055056,0.01763764
46175,0.08806542,0.02787563,0.14825523,0.20099086,0.0,0.20099086,0.050247714
46178,0.9006312,0.027707199,1.7735552,1.4862756,0.0,1.4862756,0.3715689
46181,0.31435737,0.031730175,0.59698457,0.45226562,0.0,0.45226562,0.113066405
46183,0.63423103,0.03070212,1.23776,0.9678402,0.0,0.9678402,0.24196005
46186,0.03800548,0.032423347,0.04358761,0.022363191,0.0,0.022363191,0.005590798
46189,0.20110726,0.044214383,0.35800016,0.23398276,0.0,0.23398276,0.05849569
46192,0.116119154,0.032453768,0.19978453,0.18922444,0.0,0.18922444,0.04730611
46195,0.55133516,0.032007363,1.0706629,1.320275,0.0,1.320275,0.33006874
46198,0.4404752,0.026173374,0.85477704,1.0274005,0.0,1.0274005,0.25685012
46201,0.30226538,0.021376586,0.58315414,0.47594783,0.0,0.47594783,0.11898696
46203,0.84775996,0.020919874,1.6746001,1.8317022,0.0,1.8317022,0.45792556
46206,0.2718149,0.025904104,0.5177257,0.5220346,0.0,0.5220346,0.13050865
46209,0.17552626,0.021057658,0.3299949,0.31056163,0.0,0.31056163,0.07764041
46212,0.13933937,0.019385912,0.25929284,0.19963568,0.0,0.19963568,0.04990892
46215,0.6181721,0.017798139,1.218546,1.0954974,0.0,1.0954974,0.27387434
46218,0.58809674,0.019833876,1.1563596,1.0721749,0.0,1.0721749,0.26804373
46221,0.515808,0.020865858,1.0107502,1.0320073,0.0,1.0320073,0.25800183
46223,0.15896212,0.020621002,0.29730323,0.3004745,0.0,0.3004745,0.07511862
46226,0.5039429,0.021455174,0.9864306,0.8502161,0.0,0.8502161,0.21255402
46229,0.05049162,0.027007021,0.073976226,0.02298209,0.0,0.02298209,0.0057455227
46232,0.031563047,0.035482395,0.027643701,0.052995473,0.0,0.052995473,0.013248868
46235,0.16887002,0.03446144,0.3032786,0.27323818,0.0,0.27323818,0.068309546
46238,0.37523308,0.031516146,0.71895003,0.8574219,0.0,0.8574219,0.21435547
46241,0.5402003,0.038102012,1.0422986,0.90547204,0.0,0.90547204,0.22636801
46243,0.11961445,0.036545612,0.20268328,0.18305306,0.0,0.18305306,0.045763265
46246,0.15092684,0.033517126,0.26833656,0.2010771,0.0,0.2010771,0.050269276
46249,0.15741909,0.026954615,0.28788355,0.206225,0.0,0.206225,0.05155625
46252,0.14632197,0.023906251,0.26873767,0.30000615,0.0,0.30000615,0.07500154
46255,0.3112069,0.022374937,0.6000388,0.63476044,0.0,0.63476044,0.15869011
46258,0.18208887,0.023789136,0.34038863,0.21648683,0.0,0.21648683,0.054121707
46261,0.47248912,0.026208857,0.91876936,1.162341,0.0,1.162341,0.29058525
46263,0.4173666,0.02793104,0.8068021,0.57877773,0.0,0.57877773,0.14469443
46266,0.069588415,0.032281186,0.10689563,0.1546517,0.0,0.1546517,0.038662925
46269,0.119823396,0.034500595,0.2051462,0.10297036,0.0,0.10297036,0.02574259
46272,0.72810155,0.04056705,1.4156361,1.0287739,0.0,1.0287739,0.25719348
46275,0.08570718,0.03963256,0.1317818,0.24179317,0.0,0.24179317,0.060448293
46278,0.23557013,0.038060155,0.4330801,0.26570812,0.0,0.26570812,0.06642703
46281,0.22708695,0.04063452,0.41353938,0.263887,0.0,0.263887,0.06597175
46283,1.1011804,0.031216599,2.1711442,1.7787943,0.0,1.7787943,0.44469857
46286,0.07993726,0.022229686,0.13764483,0.066264145,0.0,0.066264145,0.016566036
46289,0.16928567,0.020459846,0.3181115,0.29669148,0.0,0.29669148,0.07417287
46292,0.45802292,0.025850318,0.89019555,0.7619817,0.0,0.7619817,0.19049543
46295,0.16925655,0.026541105,0.311972,0.29173067,0.0,0.29173067,0.07293267
46298,0.22374637,0.025858397,0.42163435,0.36393106,0.0,0.36393106,0.090982765
46301,0.08763549,0.024877071,0.1503939,0.11161526,0.0,0.11161526,0.027903816
46303,0.113392286,0.023582691,0.20320188,0.10842898,0.0,0.10842898,0.027107244
46306,0.025337562,0.019441275,0.031233847,0.041161727,0.0,0.041161727,0.010290432
46309,0.32244235,0.020537639,0.62434703,0.765038,0.0,0.765038,0.1912595
46312,0.07583327,0.02265855,0.129008,0.08629957,0.0,0.08629957,0.021574892
46315,0.19830598,0.027788848,0.36882314,0.52208966,0.0,0.52208966,0.13052242
46318,0.10720246,0.024478495,0.18992643,0.13246311,0.0,0.13246311,0.033115778
46321,0.043828156,0.029847527,0.057808783,0.117002405,0.0,0.117002405,0.029250601
46323,0.20234393,0.03460379,0.37008405,0.19577213,0.0,0.19577213,0.04894303
46326,0.0937363,0.058761094,0.1287115,0.04673956,0.0,0.04673956,0.01168489
46329,0.19214356,0.06229189,0.32199523,0.53572756,0.0,0.53572756,0.13393189
46332,0.2222938,0.050440177,0.3941474,0.52534044,0.0,0.52534044,0.13133511
46335,0.22573294,0.043972928,0.40749297,0.22340357,0.0,0.22340357,0.055850893
46338,0.25690213,0.047323093,0.46648112,0.69312304,0.0,0.69312304,0.17328076
46341,0.115537845,0.034778323,0.19629736,0.22252046,0.0,0.22252046,0.055630114
46343,0.20362592,0.026511595,0.38074026,0.35615078,0.0,0.35615078,0.089037694
46346,0.05791585,0.025418209,0.09041349,0.03382972,0.0,0.03382972,0.00845743
46349,0.15752079,0.024826484,0.29021508,0.1709702,0.0,0.1709702,0.04274255
46352,0.38431847,0.023767827,0.7448692,0.62813115,0.0,0.62813115,0.15703279
46355,0.29164842,0.022245271,0.56105155,0.50383025,0.0,0.50383025,0.12595756
46358,0.059702832,0.022114828,0.097290836,0.14127485,0.0,0.14127485,0.035318714
46361,0.41934887,0.020493107,0.81820464,0.73054457,0.0,0.73054457,0.18263614
46363,0.023774162,0.02056323,0.026985092,0.022874897,0.0,0.022874897,0.0057187243
46366,0.088167466,0.018934863,0.15740009,0.12576048,0.0,0.12576048,0.03144012
46369,0.4611354,0.018589674,0.9036811,0.8270245,0.0,0.8270245,0.20675613
46372,0.05171907,0.018395808,0.08504233,0.057927717,0.0,0.057927717,0.014481929
46375,0.0555781,0.018774029,0.09238217,0.08995372,0.0,0.08995372,0.02248843
46378,0.31206602,0.01925512,0.60487694,0.5173458,0.0,0.5173458,0.12933645
46381,0.11294942,0.020940645,0.2049582,0.138362,0.0,0.138362,0.0345905
46383,0.10247498,0.020874118,0.18407583,0.22694199,0.0,0.22694199,0.056735497
46386,0.0466112,0.023118487,0.07010392,0.1089409,0.0,0.1089409,0.027235225
46389,0.23182297,0.023140728,0.44050518,0.40958247,0.0,0.40958247,0.10239562
46392,0.16378713,0.02478847,0.30278578,0.2064141,0.0,0.2064141,0.051603526
46395,0.23831017,0.025387025,0.45123336,0.3505944,0.0,0.3505944,0.0876486
46398,0.712574,0.026067099,1.3990809,1.3803371,0.0,1.3803371,0.34508428
46401,0.05942553,0.029515764,0.08933529,0.13557222,0.0,0.13557222,0.033893056
46403,0.10698674,0.0327594,0.1812141,0.25964352,0.0,0.25964352,0.06491088
46406,0.5240906,0.037210256,1.010971,1.1584753,0.0,1.1584753,0.28961882
46409,0.15439314,0.04159656,0.2671897,0.1612615,0.0,0.1612615,0.040315375
46412,0.21213908,0.045001764,0.37927642,0.20669049,0.0,0.20669049,0.051672623
46415,0.07263109,0.04722597,0.09803621,0.06995946,0.0,0.06995946,0.017489865
46418,0.06302888,0.0561138,0.069943964,0.17865382,0.0,0.17865382,0.044663455
46421,0.9292049,0.07350605,1.7849036,1.227223,0.0,1.227223,0.30680576
46423,0.2738,0.09240979,0.45519015,0.15466036,0.0,0.15466036,0.03866509
46426,0.085727714,0.11138302,0.060072403,0.23378368,0.0,0.23378368,0.05844592
46429,0.09707272,0.090342194,0.103803255,0.01848583,0.0,0.01848583,0.0046214573
46432,0.15026654,0.088042594,0.2124905,0.058572188,0.0,0.058572188,0.014643047
46435,0.5866624,0.12111086,1.052214,0.5107514,0.0,0.5107514,0.12768786
46438,0.16827738,0.10376388,0.23279089,0.49416518,0.0,0.49416518,0.123541296
46441,0.14112325,0.09825834,0.18398817,0.4316493,0.0,0.4316493,0.107912324
46443,0.09847727,0.096859194,0.10009534,0.11668342,0.0,0.11668342,0.029170856
46446,0.6463579,0.09100956,1.2017063,0.6934104,0.0,0.6934104,0.1733526
46449,0.33908507,0.08252097,0.5956492,0.97785664,0.0,0.97785664,0.24446416
46452,0.28243372,0.07714937,0.4877181,0.21855283,0.0,0.21855283,0.054638207
46455,0.062149245,0.043950256,0.08034824,0.12505619,0.0,0.12505619,0.031264048
46458,0.6413475,0.040677484,1.2420176,0.89754725,0.0,0.89754725,0.22438681
46461,0.407342,0.048189938,0.76649404,0.49288425,0.0,0.49288425,0.12322106
46463,0.84135056,0.048964147,1.633737,1.1794182,0.0,1.1794182,0.29485455
46466,0.05898288,0.054329902,0.063635856,0.054140553,0.0,0.054140553,0.013535138
46469,0.10935535,0.06426371,0.15444697,0.04168403,0.0,0.04168403,0.010421008
46472,0.5028093,0.063857265,0.9417613,0.5879521,0.0,0.5879521,0.14698802
46475,0.3672863,0.07057398,0.6639986,0.9496811,0.0,0.9496811,0.23742028
46478,0.5316374,0.08351115,0.9797635,0.54291844,0.0,0.54291844,0.13572961
46481,0.09040278,0.07555478,0.105250776,0.26841676,0.0,0.26841676,0.06710419
46483,0.069387875,0.082892716,0.05588304,0.17780967,0.0,0.17780967,0.044452418
46486,0.19225888,0.073077835,0.3114399,0.17867208,0.0,0.17867208,0.04466802
46489,0.36109456,0.05477649,0.6674126,0.91065997,0.0,0.91065997,0.22766499
46492,0.2438673,0.060730603,0.42700398,0.17818278,0.0,0.17818278,0.044545695
46495,0.082740925,0.05731767,0.108164184,0.26536718,0.0,0.26536718,0.066341795
46498,0.7931201,0.052197415,1.5340427,1.7887859,0.0,1.7887859,0.44719648
46501,0.12102512,0.054466423,0.18758382,0.3843077,0.0,0.3843077,0.09607693
46503,0.109360516,0.052904207,0.16581683,0.11620968,0.0,0.11620968,0.02905242
46506,0.14894126,0.056877732,0.24100478,0.18153135,0.0,0.18153135,0.04538284
46509,0.31816837,0.06452834,0.5718084,0.28090787,0.0,0.28090787,0.07022697
46512,0.13443814,0.07144051,0.19743578,0.070388615,0.0,0.070388615,0.017597154
46515,0.39396945,0.08571452,0.70222443,0.37300476,0.0,0.37300476,0.09325119
46518,0.5587826,0.096839905,1.0207253,0.5536934,0.0,0.5536934,0.13842335
46521,0.47355446,0.09463006,0.8524788,0.44258597,0.0,0.44258597,0.110646494
46523,0.16444562,0.09507737,0.23381388,0.39911833,0.0,0.39911833,0.09977958
46526,0.30222023,0.10533487,0.49910557,0.8961918,0.0,0.8961918,0.22404794
46529,1.0122458,0.10943421,1.9150573,1.2462624,0.0,1.2462624,0.3115656
46532,0.267695,0.10550255,0.42988744,0.39293846,0.0,0.39293846,0.098234616
46535,0.11023111,0.12285126,0.09761096,0.09489712,0.0,0.09489712,0.02372428
46538,0.2662191,0.12245107,0.40998712,0.13591117,0.0,0.13591117,0.03397779
46541,0.14270008,0.10295235,0.18244779,0.15595472,0.0,0.15595472,0.03898868
46543,0.59954184,0.09411644,1.1049672,0.68900895,0.0,0.68900895,0.17225224
46546,0.19493413,0.08099804,0.3088702,0.23327506,0.0,0.23327506,0.058318764
46549,0.12482948,0.05888659,0.19077237,0.11314692,0.0,0.11314692,0.02828673
46552,0.07207582,0.04361227,0.10053938,0.15025543,0.0,0.15025543,0.037563857
46555,0.10823939,0.04257807,0.17390072,0.08209075,0.0,0.08209075,0.020522688
46558,0.3100523,0.035577018,0.58452755,0.5016815,0.0,0.5016815,0.12542038
46561,0.51605767,0.03598107,0.9961343,0.733022,0.0,0.733022,0.1832555
46563,0.14190285,0.03519984,0.24860586,0.28614,0.0,0.28614,0.071535
46566,0.058781933,0.035535753,0.08202811,0.042739928,0.0,0.042739928,0.010684982
46569,0.10076877,0.041024197,0.16051333,0.115796804,0.0,0.115796804,0.028949201
46572,0.09956056,0.055833966,0.14328717,0.11276608,0.0,0.11276608,0.02819152
46575,0.14916451,0.05270563,0.24562341,0.122003146,0.0,0.122003146,0.030500786
46578,0.23472442,0.028598048,0.44085082,0.5312271,0.0,0.5312271,0.13280678
46581,0.108493485,0.030515978,0.18647099,0.08031616,0.0,0.08031616,0.02007904
46583,0.1864176,0.03161687,0.34121832,0.45566878,0.0,0.45566878,0.113917194
46586,0.701577,0.051577,1.3515772,0.94762343,0.0,0.94762343,0.23690586
46589,0.05244871,0.05322561,0.051671814,0.03264548,0.0,0.03264548,0.00816137
46592,0.100927055,0.055684138,0.14616996,0.121581934,0.0,0.121581934,0.030395484
46595,0.106428795,0.05613105,0.15672652,0.059381437,0.0,0.059381437,0.014845359
46598,0.2753284,0.055219833,0.49543694,0.37609482,0.0,0.37609482,0.094023705
46601,0.28580406,0.049631447,0.5219767,0.41819584,0.0,0.41819584,0.10454896
46603,0.71407646,0.0317927,1.3963603,1.2892426,0.0,1.2892426,0.32231066
46606,0.22128886,0.0256856,0.41689214,0.34800327,0.0,0.34800327,0.08700082
46609,0.48458037,0.022534674,0.946626,0.83760613,0.0,0.83760613,0.20940153
46612,0.16235884,0.025583126,0.29913455,0.17546189,0.0,0.17546189,0.043865472
46615,0.09415451,0.04739124,0.14091776,0.26401755,0.0,0.26401755,0.06600439
46618,0.051000923,0.048606634,0.05339521,0.08334843,0.0,0.08334843,0.020837108
46621,0.07546514,0.048688054,0.10224223,0.21196888,0.0,0.21196888,0.05299222
46623,0.06384393,0.050395608,0.07729224,0.13157964,0.0,0.13157964,0.03289491
46626,0.08368903,0.07095776,0.09642029,0.07720363,0.0,0.07720363,0.019300908
46629,0.26690552,0.080198325,0.4536127,0.1765513,0.0,0.1765513,0.044137824
46632,0.09387574,0.04538794,0.14236356,0.062471423,0.0,0.062471423,0.015617856
46635,0.57552546,0.032825917,1.118225,0.7987421,0.0,0.7987421,0.19968553
46638,1.0376617,0.027853101,2.0474703,1.6023268,0.0,1.6023268,0.4005817
46641,0.035773437,0.025869831,0.04567704,0.06515377,0.0,0.06515377,0.016288443
46643,0.53865033,0.020978665,1.056322,1.3352572,0.0,1.3352572,0.3338143
46646,1.2121776,0.02396,2.4003954,1.9512019,0.0,1.9512019,0.48780048
46649,0.07921467,0.02144002,0.13698931,0.07517945,0.0,0.07517945,0.018794863
46652,0.05634733,0.025007004,0.08768765,0.036262583,0.0,0.036262583,0.009065646
46655,0.6504088,0.012745676,1.288072,1.5425237,0.0,1.5425237,0.38563094
46658,0.52136093,0.009646447,1.0330755,0.87053126,0.0,0.87053126,0.21763282
46661,0.08177675,0.008367036,0.15518647,0.11230501,0.0,0.11230501,0.028076252
46663,0.017521253,0.007788232,0.027254274,0.028557599,0.0,0.028557599,0.0071393996
46666,0.7523925,0.006865213,1.4979197,1.3401098,0.0,1.3401098,0.33502746
46669,0.11012647,0.0063691833,0.21388376,0.17098252,0.0,0.17098252,0.04274563
46672,0.8403445,0.005868712,1.6748203,1.5454108,0.0,1.5454108,0.3863527
46675,0.038083296,0.005582238,0.07058436,0.052570987,0.0,0.052570987,0.013142747
46678,0.9262271,0.005212443,1.8472418,1.747324,0.0,1.747324,0.436831
46681,0.43807527,0.00491787,0.8712327,0.837117,0.0,0.837117,0.20927925
46683,0.08139518,0.0047427965,0.15804756,0.15825295,0.0,0.15825295,0.03956324
46686,0.18834949,0.004629441,0.3720695,0.36137593,0.0,0.36137593,0.09034398
46689,0.844892,0.004884668,1.6848993,1.7133279,0.0,1.7133279,0.42833197
46692,0.019939186,0.005424759,0.034453616,0.03272271,0.0,0.03272271,0.008180678
46695,0.2794455,0.006007157,0.55288386,0.49708366,0.0,0.49708366,0.124270916
46698,0.2144323,0.007135287,0.42172933,0.34360388,0.0,0.34360388,0.08590097
46701,0.6025738,0.009195783,1.1959518,1.1245463,0.0,1.1245463,0.28113657
46703,0.04492115,0.010393158,0.07944915,0.05834313,0.0,0.05834313,0.014585783
46706,0.06663836,0.011708598,0.12156812,0.10021875,0.0,0.10021875,0.025054688
46709,0.2928905,0.017200941,0.56858003,0.41577193,0.0,0.41577193,0.10394298
46712,0.8655216,0.027419442,1.7036238,1.9195598,0.0,1.9195598,0.47988996
46715,0.15402691,0.035841133,0.2722127,0.40664026,0.0,0.40664026,0.101660065
46718,0.06885489,0.04411091,0.09359887,0.049838543,0.0,0.049838543,0.012459636
46721,0.09168699,0.054984268,0.1283897,0.056176182,0.0,0.056176182,0.0140440455
46723,0.11349112,0.06252521,0.16445701,0.08061849,0.0,0.08061849,0.020154623
46726,0.35084835,0.07073683,0.6309599,0.9096458,0.0,0.9096458,0.22741145
46729,0.6543928,0.07574187,1.2330438,1.7006181,0.0,1.7006181,0.42515454
46732,0.20897508,0.07950785,0.33844233,0.18009625,0.0,0.18009625,0.045024063
46735,0.22986765,0.08294729,0.37678802,0.6879323,0.0,0.6879323,0.17198308
46738,0.1099901,0.08653448,0.13344572,0.12765552,0.0,0.12765552,0.03191388
46741,0.18614484,0.09035403,0.28193566,0.13730095,0.0,0.13730095,0.03432524
46743,0.11063018,0.09222394,0.1290364,0.12830576,0.0,0.12830576,0.03207644
46746,0.48633456,0.09517542,0.8774937,1.4135555,0.0,1.4135555,0.35338888
46749,0.14580508,0.098205656,0.1934045,0.050655667,0.0,0.050655667,0.012663917
46752,0.80011415,0.10079224,1.499436,0.87052184,0.0,0.87052184,0.21763046
46755,0.7938516,0.059488166,1.528215,1.034872,0.0,1.034872,0.258718
46758,0.24794118,0.052654892,0.44322744,0.25183907,0.0,0.25183907,0.06295977
46761,0.35382512,0.055489283,0.65216094,0.3847364,0.0,0.3847364,0.0961841
46763,0.62368953,0.056552615,1.1908264,1.6459368,0.0,1.6459368,0.4114842
46766,0.1131379,0.05458322,0.17169257,0.2548178,0.0,0.2548178,0.06370445
46769,0.85165095,0.051139582,1.6521624,1.2094139,0.0,1.2094139,0.30235347
46772,0.062765144,0.054274034,0.07125624,0.087575644,0.0,0.087575644,0.021893911
46775,0.28974178,0.05900396,0.5204796,0.6325957,0.0,0.6325957,0.15814893
46778,0.1829546,0.061307088,0.3046021,0.10595495,0.0,0.10595495,0.026488738
46781,0.14173852,0.057592276,0.22588475,0.06813809,0.0,0.06813809,0.017034523
46783,0.31565684,0.052814487,0.5784992,0.77232295,0.0,0.77232295,0.19308074
46786,0.74514264,0.039338265,1.4509469,1.2933917,0.0,1.2933917,0.32334793
46789,0.07106731,0.03827391,0.10386071,0.11409894,0.0,0.11409894,0.028524734
46792,0.6707482,0.035556223,1.3059402,1.1917585,0.0,1.1917585,0.29793963
46795,0.055997882,0.02790299,0.08409277,0.09549775,0.0,0.09549775,0.023874437
46798,0.25856432,0.029518737,0.48760995,0.52376866,0.0,0.52376866,0.13094217
46801,0.25063583,0.029857844,0.47141385,0.48250577,0.0,0.48250577,0.12062644
46803,0.9933714,0.026970565,1.9597722,1.9460968,0.0,1.9460968,0.4865242
46806,0.55932236,0.03465827,1.0839864,0.80549335,0.0,0.80549335,0.20137334
46809,0.21698971,0.045204606,0.38877484,0.20108594,0.0,0.20108594,0.050271485
46812,0.04548223,0.038857732,0.05210672,0.043112922,0.0,0.043112922,0.010778231
46815,0.33614683,0.046735477,0.6255582,0.45558092,0.0,0.45558092,0.11389523
46818,0.36483148,0.060347136,0.6693158,0.42276523,0.0,0.42276523,0.10569131
46821,0.47384158,0.050262276,0.8974209,0.61055773,0.0,0.61055773,0.15263943
46823,0.2732471,0.04059477,0.50589937,0.4140474,0.0,0.4140474,0.10351185
46826,0.3976963,0.028690105,0.7667025,0.6024309,0.0,0.6024309,0.15060772
46829,0.40600684,0.023985336,0.7880284,0.66440874,0.0,0.66440874,0.16610219
46832,0.24846457,0.023758816,0.4731703,0.44311705,0.0,0.44311705,0.11077926
46835,0.5324454,0.023651192,1.0412396,0.9614785,0.0,0.9614785,0.24036962
46838,0.22317441,0.022857442,0.4234914,0.3329772,0.0,0.3329772,0.0832443
46841,0.12186033,0.020752696,0.22296798,0.24277525,0.0,0.24277525,0.06069381
46843,0.061385076,0.020655178,0.102114975,0.05769858,0.0,0.05769858,0.014424645
46846,0.35237446,0.019833686,0.68491524,0.5821831,0.0,0.5821831,0.14554578
46849,0.582293,0.019382415,1.1452036,1.1720563,0.0,1.1720563,0.29301408
46852,0.3642985,0.019788489,0.7088085,0.5630333,0.0,0.5630333,0.14075832
46855,0.22632511,0.021615187,0.43103504,0.30388567,0.0,0.30388567,0.07597142
46858,0.2626921,0.021734731,0.5036495,0.36248302,0.0,0.36248302,0.090620756
46861,0.127918,0.025968753,0.22986726,0.1303495,0.0,0.1303495,0.032587375
46863,0.053186446,0.02603496,0.080337934,0.16536897,0.0,0.16536897,0.041342244
46866,0.747437,0.027874932,1.466999,1.1584178,0.0,1.1584178,0.28960446
46869,0.23826778,0.028740285,0.44779527,0.30600724,0.0,0.30600724,0.07650181
46872,0.2134826,0.026149005,0.4008162,0.2984061,0.0,0.2984061,0.07460152
46875,0.27825892,0.028405884,0.52811193,0.42047778,0.0,0.42047778,0.105119444
46878,0.42366162,0.030587286,0.816736,0.95872563,0.0,0.95872563,0.23968141
46881,0.58852047,0.030495651,1.1465453,1.4559298,0.0,1.4559298,0.36398244
46883,0.33381364,0.031892836,0.63573444,0.491587,0.0,0.491587,0.12289675
46886,0.07554418,0.03141455,0.11967381,0.050526936,0.0,0.050526936,0.012631734
46889,0.13049628,0.03354317,0.22744937,0.25724956,0.0,0.25724956,0.06431239
46892,0.05791426,0.019888906,0.095939614,0.10708159,0.0,0.10708159,0.026770398
46895,0.17062306,0.017203927,0.32404223,0.25674608,0.0,0.25674608,0.06418652
46898,0.3363155,0.01702298,0.655608,0.5838658,0.0,0.5838658,0.14596646
46901,0.51734537,0.011589691,1.0231011,1.0500995,0.0,1.0500995,0.26252487
46903,0.21582653,0.013974481,0.4176786,0.30416268,0.0,0.30416268,0.07604067
46906,0.050555427,0.01973234,0.08137852,0.13403355,0.0,0.13403355,0.033508386
46909,0.085808255,0.019412115,0.1522044,0.18899035,0.0,0.18899035,0.04724759
46912,0.16886163,0.023867711,0.31385556,0.48099613,0.0,0.48099613,0.12024903
46915,0.034680862,0.021643737,0.04771799,0.047198474,0.0,0.047198474,0.011799619
46918,0.12451598,0.019155696,0.22987626,0.33302334,0.0,0.33302334,0.083255835
46921,0.4706695,0.019927867,0.9214111,0.6986892,0.0,0.6986892,0.1746723
46923,0.1210484,0.022659043,0.21943776,0.33213794,0.0,0.33213794,0.083034486
46926,0.031730812,0.02511025,0.038351372,0.041107822,0.0,0.041107822,0.010276956
46929,0.04300336,0.03181615,0.054190565,0.04953785,0.0,0.04953785,0.012384462
46932,0.6228496,0.03538935,1.2103099,0.8923609,0.0,0.8923609,0.22309023
46935,0.25660914,0.038686868,0.4745314,0.26067758,0.0,0.26067758,0.065169394
46938,0.31991342,0.03939076,0.60043603,0.858607,0.0,0.858607,0.21465175
46940,0.09751039,0.045549706,0.14947106,0.17695646,0.0,0.17695646,0.044239115
46943,1.0041524,0.047671866,1.9606329,1.4916817,0.0,1.4916817,0.37292042
46946,0.16318613,0.05270627,0.273666,0.47583136,0.0,0.47583136,0.11895784
46949,0.14221711,0.060627323,0.22380692,0.48577523,0.0,0.48577523,0.12144381
46952,0.13882296,0.062369645,0.21527629,0.4376228,0.0,0.4376228,0.1094057
46955,0.35099673,0.063106105,0.63888735,0.30570814,0.0,0.30570814,0.076427035
46958,1.3366114,0.08247317,2.5907497,1.8798078,0.0,1.8798078,0.46995196
46960,0.051662784,0.08462728,0.01869828,0.1605316,0.0,0.1605316,0.0401329
46963,0.0783504,0.07188841,0.0848124,0.30265096,0.0,0.30265096,0.07566274
46966,0.046735227,0.08221387,0.011256588,0.124215774,0.0,0.124215774,0.031053944
46969,0.5131454,0.087506525,0.9387843,0.45818385,0.0,0.45818385,0.11454596
46972,1.3111999,0.10088116,2.5215187,1.7184585,0.0,1.7184585,0.42961463
46975,0.38700828,0.114545055,0.65947145,0.23061593,0.0,0.23061593,0.057653982
46978,0.09150816,0.13562946,0.04738686,0.32493627,0.0,0.32493627,0.08123407
46980,0.10201355,0.1425792,0.061447907,0.3327506,0.0,0.3327506,0.08318765
46983,0.6494916,0.14440332,1.1545799,0.4953928,0.0,0.4953928,0.1238482
46986,0.9184887,0.13145739,1.70552,0.9181698,0.0,0.9181698,0.22954245
46989,0.5087721,0.1434394,0.87410474,0.32395795,0.0,0.32395795,0.08098949
46992,0.19465953,0.15603794,0.23328114,0.06376532,0.0,0.06376532,0.01594133
46995,0.7439788,0.16823657,1.3197211,0.5858448,0.0,0.5858448,0.1464612
46998,0.34255704,0.22211568,0.46299836,1.2498144,0.0,1.2498144,0.3124536
47000,0.13193808,0.19764988,0.066226296,0.23349516,0.0,0.23349516,0.05837379
47003,0.15859197,0.19327486,0.123909086,0.1864097,0.0,0.1864097,0.046602424
47006,0.12006799,0.1529281,0.08720788,0.26403174,0.0,0.26403174,0.066007935
47009,0.35299912,0.14151298,0.5644853,0.1936719,0.0,0.1936719,0.048417974
47012,0.9246262,0.1381197,1.7111326,0.9234657,0.0,0.9234657,0.23086643
47015,0.64150256,0.11540193,1.1676031,0.61103636,0.0,0.61103636,0.15275909
47018,0.4254217,0.09962902,0.75121444,1.2760386,0.0,1.2760386,0.31900966
47020,0.35633358,0.08976325,0.6229039,1.0888594,0.0,1.0888594,0.27221486
47023,0.06307655,0.077957995,0.048195105,0.06698797,0.0,0.06698797,0.016746992
47026,0.14880474,0.059185017,0.23842447,0.23738259,0.0,0.23738259,0.059345648
47029,0.25505662,0.045735102,0.46437812,0.25910127,0.0,0.25910127,0.06477532
47032,0.35242006,0.039292518,0.6655476,0.8886058,0.0,0.8886058,0.22215144
47035,0.035627775,0.03460073,0.03665482,0.03238386,0.0,0.03238386,0.008095965
47038,0.062401652,0.028139375,0.09666393,0.035684317,0.0,0.035684317,0.008921079
47040,0.7243212,0.02346091,1.4251815,1.5611153,0.0,1.5611153,0.39027882
47043,0.26407883,0.021529088,0.5066286,0.44598612,0.0,0.44598612,0.11149653
47046,0.3506434,0.019186294,0.68210053,0.61636925,0.0,0.61636925,0.15409231
47049,0.19768302,0.020753035,0.37461302,0.31241074,0.0,0.31241074,0.078102686
47052,0.060075656,0.019675406,0.10047591,0.07923389,0.0,0.07923389,0.019808473
47055,0.07715829,0.017585807,0.13673078,0.11585042,0.0,0.11585042,0.028962605
47058,0.4051572,0.019894863,0.7904196,0.7267442,0.0,0.7267442,0.18168604
47060,0.05086444,0.020699516,0.08102936,0.08699777,0.0,0.08699777,0.021749442
47063,0.118722074,0.02093708,0.21650706,0.2583448,0.0,0.2583448,0.0645862
47066,0.076948196,0.022503356,0.13139303,0.15511326,0.0,0.15511326,0.038778316
47069,0.08164326,0.025917033,0.13736948,0.07673165,0.0,0.07673165,0.019182913
47072,0.33992374,0.029248798,0.65059865,0.55318993,0.0,0.55318993,0.13829748
47075,0.11131113,0.031866197,0.19075607,0.24790652,0.0,0.24790652,0.06197663
47078,0.19455968,0.032910045,0.3562093,0.23177482,0.0,0.23177482,0.057943705
47080,0.27876636,0.03379009,0.5237427,0.37746644,0.0,0.37746644,0.09436661
47083,0.83532256,0.03445987,1.6361852,1.714712,0.0,1.714712,0.428678
47086,0.071322836,0.03618143,0.106464244,0.04572613,0.0,0.04572613,0.011431533
47089,0.20289673,0.038000118,0.36779335,0.20292409,0.0,0.20292409,0.050731022
47092,0.0653134,0.04900499,0.08162181,0.049092054,0.0,0.049092054,0.012273014
47095,0.08228355,0.06904563,0.09552147,0.1855826,0.0,0.1855826,0.04639565
47098,0.22737713,0.075650066,0.37910423,0.70248157,0.0,0.70248157,0.17562039
47100,0.10836607,0.06165564,0.1550765,0.10545155,0.0,0.10545155,0.026362887
47103,0.11631677,0.0720888,0.16054475,0.32578072,0.0,0.32578072,0.08144518
47106,0.056909382,0.07534853,0.038470224,0.04907297,0.0,0.04907297,0.012268242
47109,0.07109635,0.08791944,0.054273266,0.07332312,0.0,0.07332312,0.01833078
47112,0.108258665,0.06594371,0.15057363,0.16513042,0.0,0.16513042,0.041282605
47115,0.30450398,0.058987487,0.55002046,0.32946265,0.0,0.32946265,0.08236566
47118,0.10073658,0.05877172,0.14270145,0.19738095,0.0,0.19738095,0.049345236
47120,0.114965566,0.0628673,0.16706383,0.2237285,0.0,0.2237285,0.055932123
47123,0.06678788,0.06627082,0.06730495,0.097201936,0.0,0.097201936,0.024300484
47126,0.1363247,0.07074917,0.20190024,0.24265938,0.0,0.24265938,0.060664844
47129,0.2051539,0.049153056,0.36115476,0.41807878,0.0,0.41807878,0.104519695
47132,0.18324576,0.04185982,0.3246317,0.4627351,0.0,0.4627351,0.11568377
47135,0.2146989,0.034898955,0.39449883,0.52418345,0.0,0.52418345,0.13104586
47138,0.043591484,0.026440507,0.060742464,0.045815054,0.0,0.045815054,0.011453764
47140,0.16937363,0.023918683,0.31482857,0.25246808,0.0,0.25246808,0.06311702
47143,0.066001795,0.017982198,0.1140214,0.07577392,0.0,0.07577392,0.01894348
47146,0.11054086,0.01361344,0.20746827,0.19532724,0.0,0.19532724,0.04883181
47149,0.094420105,0.011496447,0.17734377,0.17650564,0.0,0.17650564,0.04412641
47152,0.06437222,0.010871957,0.117872484,0.12932163,0.0,0.12932163,0.03233041
47155,0.55059284,0.011076556,1.0901091,1.2092376,0.0,1.2092376,0.3023094
47158,0.15614322,0.012122199,0.30016425,0.3478837,0.0,0.3478837,0.086970925
47160,0.13517423,0.01272485,0.2576236,0.19631934,0.0,0.19631934,0.049079835
47163,0.03356263,0.014954247,0.05217101,0.08185694,0.0,0.08185694,0.020464236
47166,0.26080993,0.0194002,0.5022197,0.4063826,0.0,0.4063826,0.10159565
47169,0.13265873,0.019899081,0.24541838,0.2943457,0.0,0.2943457,0.07358643
47172,0.19410555,0.022693193,0.36551788,0.2763237,0.0,0.2763237,0.06908093
47175,0.487895,0.019181535,0.9566085,0.8315461,0.0,0.8315461,0.20788653
47178,0.23473676,0.019679775,0.44979373,0.35745612,0.0,0.35745612,0.08936403
47180,0.049496178,0.020269448,0.07872292,0.05157304,0.0,0.05157304,0.01289326
47183,0.12151585,0.024746982,0.21828473,0.20197637,0.0,0.20197637,0.050494093
47186,0.12681673,0.02226851,0.23136495,0.14813991,0.0,0.14813991,0.037034977
47189,0.6359845,0.016242895,1.2557261,1.3152553,0.0,1.3152553,0.32881382
47192,0.26557016,0.020539226,0.5106011,0.50479805,0.0,0.50479805,0.12619951
47195,0.70988303,0.024865394,1.3949007,1.3224672,0.0,1.3224672,0.3306168
47198,0.4180322,0.030681089,0.8053834,0.85759974,0.0,0.85759974,0.21439993
47200,0.19883351,0.03307979,0.36458722,0.39369097,0.0,0.39369097,0.09842274
47203,0.052676473,0.037648037,0.06770491,0.12215228,0.0,0.12215228,0.03053807
47206,0.7489899,0.040674914,1.457305,1.4228836,0.0,1.4228836,0.3557209
47209,0.7275483,0.042236347,1.4128603,1.2757288,0.0,1.2757288,0.3189322
47212,0.68905383,0.045423057,1.3326846,1.1342913,0.0,1.1342913,0.28357282
47215,0.42752686,0.046390686,0.8086631,0.6278649,0.0,0.6278649,0.15696622
47218,0.97480893,0.051260855,1.898357,1.5177692,0.0,1.5177692,0.3794423
47220,0.59060186,0.055782437,1.1254212,0.75508064,0.0,0.75508064,0.18877016
47223,0.20551954,0.05833758,0.35270151,0.27198264,0.0,0.27198264,0.06799566
47226,0.38825724,0.0686793,0.70783514,0.36059275,0.0,0.36059275,0.09014819
47229,0.10610511,0.07485667,0.13735354,0.35256135,0.0,0.35256135,0.08814034
47232,0.3168675,0.07385802,0.559877,0.2604349,0.0,0.2604349,0.065108724
47235,0.12376229,0.083681524,0.16384305,0.094441354,0.0,0.094441354,0.023610339
47238,0.68291026,0.07605234,1.2897682,0.7896034,0.0,0.7896034,0.19740085
47240,0.4905999,0.076650985,0.9045488,0.5190792,0.0,0.5190792,0.1297698
47243,0.30846235,0.06309041,0.55383426,0.9244327,0.0,0.9244327,0.23110817
47246,0.059001803,0.06646987,0.05153374,0.12872116,0.0,0.12872116,0.03218029
47249,0.3769058,0.069994986,0.6838166,1.1419936,0.0,1.1419936,0.2854984
47252,0.118808664,0.07627938,0.16133796,0.06728947,0.0,0.06728947,0.016822368
47255,0.86490726,0.06708371,1.6627308,1.1747061,0.0,1.1747061,0.29367653
47258,0.57562286,0.06731511,1.0839306,1.611404,0.0,1.611404,0.402851
47260,0.3998929,0.06861768,0.7311681,0.46439853,0.0,0.46439853,0.11609963
47263,0.17302005,0.057098,0.2889421,0.37126568,0.0,0.37126568,0.09281642
47266,0.24179764,0.06273786,0.42085743,0.25139877,0.0,0.25139877,0.06284969
47269,0.08262694,0.05831781,0.10693607,0.09792284,0.0,0.09792284,0.02448071
47272,0.97233564,0.03529762,1.9093738,1.6105384,0.0,1.6105384,0.4026346
47275,0.28767103,0.019558253,0.5557838,0.5532768,0.0,0.5532768,0.1383192
47278,0.09781823,0.018946642,0.17668982,0.18107109,0.0,0.18107109,0.045267772
47280,0.36028457,0.016980574,0.70358855,0.66367686,0.0,0.66367686,0.16591921
47283,0.09628307,0.016716337,0.1758498,0.15619865,0.0,0.15619865,0.039049663
47286,0.12644644,0.019987794,0.23290509,0.3515605,0.0,0.3515605,0.087890126
47289,0.33780658,0.027969941,0.64764327,0.42540196,0.0,0.42540196,0.10635049
47292,0.035060495,0.02725,0.042870995,0.05222245,0.0,0.05222245,0.013055612
47295,1.0247844,0.035220906,2.014348,1.5459944,0.0,1.5459944,0.3864986
47298,0.11903892,0.03969483,0.19838302,0.07892024,0.0,0.07892024,0.01973006
47300,0.38702023,0.03338696,0.7406535,1.0496403,0.0,1.0496403,0.26241007
47303,0.1088912,0.02744096,0.19034143,0.09562231,0.0,0.09562231,0.023905577
47306,0.2564197,0.019131383,0.49370798,0.6665165,0.0,0.6665165,0.16662912
47309,0.94533736,0.01588299,1.8747917,1.5992613,0.0,1.5992613,0.39981532
47312,0.14902063,0.017110266,0.28093097,0.33015072,0.0,0.33015072,0.08253768
47315,0.036440384,0.01883203,0.054048736,0.07079134,0.0,0.07079134,0.017697835
47318,0.13653143,0.013182725,0.25988013,0.173662,0.0,0.173662,0.0434155
47320,0.04121181,0.010781094,0.071642525,0.04872859,0.0,0.04872859,0.012182147
47323,0.26092243,0.01067338,0.5111715,0.53980035,0.0,0.53980035,0.13495009
47326,0.29656413,0.010130852,0.5829974,0.5071983,0.0,0.5071983,0.12679957
47329,0.07634477,0.008410229,0.14427932,0.13169572,0.0,0.13169572,0.03292393
47332,0.28398517,0.0071071447,0.5608632,0.5517183,0.0,0.5517183,0.13792957
47335,0.043004647,0.005851861,0.08015743,0.055558357,0.0,0.055558357,0.013889589
47338,0.96235967,0.0054587834,1.9192605,1.8872141,0.0,1.8872141,0.47180352
47340,0.12873943,0.005961484,0.2515174,0.25036442,0.0,0.25036442,0.062591106
47343,0.022278672,0.0047280816,0.039829258,0.042350095,0.0,0.042350095,0.010587524
47346,0.050887424,0.00464545,0.097129405,0.08974131,0.0,0.08974131,0.022435328
47349,0.9084926,0.0050540003,1.8119313,1.7392904,0.0,1.7392904,0.4348226
47352,0.14532079,0.0052807475,0.28536084,0.2642893,0.0,0.2642893,0.06607232
47355,0.06224141,0.005298862,0.11918396,0.15262958,0.0,0.15262958,0.038157396
47358,0.082634844,0.0062114894,0.1590582,0.15616426,0.0,0.15616426,0.039041065
47360,0.26968572,0.0048891366,0.5344823,0.5059343,0.0,0.5059343,0.12648357
47363,0.12694032,0.0055396874,0.24834096,0.19776364,0.0,0.19776364,0.04944091
47366,0.538231,0.008330482,1.0681316,1.1256741,0.0,1.1256741,0.28141853
47369,0.025968118,0.006569521,0.045366716,0.044950087,0.0,0.044950087,0.011237522
47372,0.21187939,0.008085579,0.41567323,0.42900538,0.0,0.42900538,0.107251346
47375,0.11196948,0.009284223,0.21465474,0.22360516,0.0,0.22360516,0.05590129
47378,0.6509014,0.0095946165,1.2922081,1.2857854,0.0,1.2857854,0.32144636
47380,0.67410034,0.0080552315,1.3401455,1.3200681,0.0,1.3200681,0.33001703
47383,0.42269358,0.0072387815,0.83814836,0.87801105,0.0,0.87801105,0.21950276
47386,0.46989176,0.0081622945,0.93162125,1.0435888,0.0,1.0435888,0.2608972
47389,0.59066266,0.007891941,1.1734333,1.2996439,0.0,1.2996439,0.32491097
47392,0.033118214,0.009928669,0.056307763,0.044446457,0.0,0.044446457,0.011111614
47395,0.06402019,0.016184712,0.11185566,0.14595911,0.0,0.14595911,0.036489777
47398,0.14181747,0.011346935,0.272288,0.32052603,0.0,0.32052603,0.08013151
47400,0.12130201,0.01108379,0.23152024,0.29800755,0.0,0.29800755,0.07450189
47403,0.242069,0.011911734,0.47222626,0.5999305,0.0,0.5999305,0.14998263
47406,0.19125058,0.010690618,0.37181056,0.47123602,0.0,0.47123602,0.117809005
47409,0.06274945,0.013282345,0.112216555,0.141921,0.0,0.141921,0.03548025
47412,0.056777116,0.015371409,0.09818282,0.05922116,0.0,0.05922116,0.01480529
47415,0.054304045,0.013806249,0.09480184,0.12824973,0.0,0.12824973,0.032062434
47418,0.31483498,0.021432536,0.60823745,0.8090339,0.0,0.8090339,0.20225847
47420,0.3167482,0.020324685,0.61317176,0.45596448,0.0,0.45596448,0.11399112
47423,0.114824526,0.029999075,0.19964997,0.114665516,0.0,0.114665516,0.028666379
47426,0.2511045,0.027350636,0.4748584,0.64605755,0.0,0.64605755,0.16151439
47429,0.29133195,0.029307479,0.5533564,0.7231495,0.0,0.7231495,0.18078737
47432,0.07277321,0.029671883,0.11587454,0.05834863,0.0,0.05834863,0.014587157
47435,0.7660131,0.029411515,1.5026146,1.2181206,0.0,1.2181206,0.30453014
47438,0.07922545,0.03660971,0.12184119,0.25598422,0.0,0.25598422,0.063996054
47440,0.74930716,0.041495275,1.457119,1.1030978,0.0,1.1030978,0.27577445
47443,0.32636073,0.035528343,0.61719316,0.3837801,0.0,0.3837801,0.09594502
47446,0.042587683,0.0412941,0.043881267,0.15645395,0.0,0.15645395,0.039113488
47449,0.36932072,0.046904713,0.6917367,0.38670382,0.0,0.38670382,0.096675955
47452,0.08212229,0.051673442,0.11257114,0.06145157,0.0,0.06145157,0.015362892
47455,0.1648074,0.060944926,0.26866987,0.18964039,0.0,0.18964039,0.047410097
47458,0.17249173,0.07708586,0.26789758,0.51251405,0.0,0.51251405,0.12812851
47460,0.14318202,0.05923073,0.22713333,0.17829718,0.0,0.17829718,0.044574294
47463,0.34166262,0.059347764,0.6239774,0.30780604,0.0,0.30780604,0.07695151
47466,0.06777561,0.063064076,0.07248714,0.018597001,0.0,0.018597001,0.0046492503
47469,0.080097765,0.0615987,0.09859683,0.035509955,0.0,0.035509955,0.008877489
47472,0.1456297,0.06989893,0.22136049,0.44576666,0.0,0.44576666,0.111441664
47475,1.3028636,0.08343911,2.522288,1.7641182,0.0,1.7641182,0.44102955
47478,0.2636049,0.10096055,0.4262493,0.8735066,0.0,0.8735066,0.21837665
47480,0.13521273,0.09804737,0.17237811,0.32315478,0.0,0.32315478,0.080788694
47483,0.16643615,0.095392264,0.23748003,0.44316396,0.0,0.44316396,0.11079099
47486,0.18290603,0.103135906,0.26267618,0.31109968,0.0,0.31109968,0.07777492
47489,0.27557614,0.10639042,0.4447619,0.14479248,0.0,0.14479248,0.03619812
47492,0.30719915,0.11615745,0.49824086,0.20072679,0.0,0.20072679,0.050181698
47495,0.16605477,0.098281674,0.23382787,0.05290859,0.0,0.05290859,0.013227147
47498,0.47855446,0.08295879,0.8741501,1.0107652,0.0,1.0107652,0.2526913
47500,0.9007229,0.077067375,1.7243785,1.224797,0.0,1.224797,0.30619925
47503,0.21675503,0.06324453,0.3702655,0.29665446,0.0,0.29665446,0.074163616
47506,0.07510208,0.05478525,0.09541891,0.09256873,0.0,0.09256873,0.023142183
47509,0.40324628,0.05072439,0.7557681,0.7319069,0.0,0.7319069,0.18297672
47512,0.27751347,0.044587824,0.51043916,0.43976066,0.0,0.43976066,0.109940164
47515,0.4394176,0.038249787,0.8405854,0.9291537,0.0,0.9291537,0.23228842
47518,0.4285511,0.03238318,0.824719,0.7892127,0.0,0.7892127,0.19730318
47520,0.07602923,0.030437991,0.12162047,0.062273636,0.0,0.062273636,0.015568409
47523,0.0913868,0.02804701,0.1547266,0.15384322,0.0,0.15384322,0.038460806
47526,0.2701064,0.027047902,0.51316494,0.4030184,0.0,0.4030184,0.1007546
47529,0.15097235,0.026905106,0.2750396,0.18724251,0.0,0.18724251,0.046810627
47532,0.15258753,0.028504724,0.27667034,0.15944,0.0,0.15944,0.03986
47535,0.37958026,0.03165674,0.7275038,0.5027726,0.0,0.5027726,0.12569316
47538,0.806036,0.035234157,1.5768379,1.2356743,0.0,1.2356743,0.30891857
47540,0.4123536,0.035891864,0.7888153,0.6020641,0.0,0.6020641,0.15051602
47543,0.123217225,0.042722937,0.20371151,0.10327884,0.0,0.10327884,0.02581971
47546,0.234389,0.05286211,0.41591588,0.2300843,0.0,0.2300843,0.057521075
47549,0.08251429,0.05992489,0.1051037,0.017934022,0.0,0.017934022,0.0044835056
47552,0.17203407,0.057866663,0.28620148,0.101317786,0.0,0.101317786,0.025329446
47555,0.2820826,0.05385955,0.5103056,0.8017285,0.0,0.8017285,0.20043212
47558,0.17401123,0.04930246,0.29871997,0.13320169,0.0,0.13320169,0.033300422
47560,0.19007917,0.04191159,0.33824673,0.34205517,0.0,0.34205517,0.08551379
47563,0.06438049,0.026630968,0.10213002,0.094355345,0.0,0.094355345,0.023588836
47566,0.06299366,0.024714006,0.10127332,0.07364113,0.0,0.07364113,0.018410282
47569,0.29601064,0.024974182,0.5670471,0.5345039,0.0,0.5345039,0.13362597
47572,0.32969886,0.01899389,0.6404038,0.70208424,0.0,0.70208424,0.17552106
47575,0.033339087,0.02794026,0.03873792,0.042793542,0.0,0.042793542,0.010698386
47578,0.282774,0.02791478,0.53763324,0.76126885,0.0,0.76126885,0.19031721
47580,0.035238553,0.027493859,0.042983245,0.06380812,0.0,0.06380812,0.01595203
47583,0.18572386,0.03000365,0.34144405,0.20721667,0.0,0.20721667,0.051804166
47586,0.17324233,0.03697111,0.30951354,0.16735809,0.0,0.16735809,0.04183952
47589,0.04919591,0.045587312,0.05280451,0.049348596,0.0,0.049348596,0.012337149
47592,0.36723328,0.035701133,0.69876546,0.92129666,0.0,0.92129666,0.23032416
47595,0.043993264,0.029570818,0.058415715,0.020579802,0.0,0.020579802,0.0051449505
47598,0.053357255,0.017798187,0.088916324,0.10828504,0.0,0.10828504,0.02707126
47600,0.36144722,0.014907114,0.7079873,0.5731059,0.0,0.5731059,0.14327647
47603,0.60747117,0.014696884,1.2002454,1.0248499,0.0,1.0248499,0.25621247
47606,0.072519965,0.013065417,0.13197452,0.080757044,0.0,0.080757044,0.020189261
47609,0.1619974,0.010302483,0.3136923,0.2499621,0.0,0.2499621,0.062490527
47612,0.090249486,0.008438245,0.17206073,0.17822069,0.0,0.17822069,0.044555172
47615,0.4055724,0.00860121,0.80254364,0.73235387,0.0,0.73235387,0.18308847
47618,0.038662434,0.009463845,0.06786102,0.07346873,0.0,0.07346873,0.018367182
47620,0.112046935,0.009710182,0.21438368,0.15937632,0.0,0.15937632,0.03984408
47623,0.46910098,0.01266891,0.92553306,1.0504495,0.0,1.0504495,0.26261237
47626,0.60848635,0.0130096,1.2039632,1.0563775,0.0,1.0563775,0.26409438
47629,0.16109838,0.02197723,0.3002195,0.17734112,0.0,0.17734112,0.04433528
47632,0.17696042,0.03112194,0.3227989,0.16938694,0.0,0.16938694,0.042346735
47635,0.062187415,0.0412341,0.08314072,0.19402967,0.0,0.19402967,0.04850742
47638,0.59756875,0.0390081,1.1561294,0.8297172,0.0,0.8297172,0.2074293
47640,0.07655381,0.046435177,0.106672436,0.11763213,0.0,0.11763213,0.029408032
47643,0.382172,0.057629507,0.70671445,0.3790207,0.0,0.3790207,0.09475517
47646,0.12889132,0.05511421,0.20266843,0.23160298,0.0,0.23160298,0.057900745
47649,0.6187337,0.03220414,1.2052633,0.9213292,0.0,0.9213292,0.2303323
47652,0.5981868,0.030642876,1.1657306,0.96109587,0.0,0.96109587,0.24027397
47655,0.20176739,0.031647485,0.3718873,0.19653566,0.0,0.19653566,0.049133915
47658,0.7941913,0.036970902,1.5514116,1.1611375,0.0,1.1611375,0.29028437
47660,0.13914625,0.040254574,0.23803793,0.17921074,0.0,0.17921074,0.044802684
47663,0.1760235,0.0508797,0.3011673,0.15340818,0.0,0.15340818,0.038352046
47666,0.19171417,0.06850941,0.31491894,0.6288164,0.0,0.6288164,0.1572041
47669,0.12339612,0.0629836,0.18380862,0.4174126,0.0,0.4174126,0.10435315
47672,0.12062982,0.06483644,0.17642319,0.06694885,0.0,0.06694885,0.016737213
47675,0.27938065,0.05575459,0.5030067,0.2767186,0.0,0.2767186,0.06917965
47678,0.104074396,0.049732875,0.15841593,0.07967692,0.0,0.07967692,0.01991923
47680,0.08373555,0.059935447,0.10753564,0.21055885,0.0,0.21055885,0.05263971
47683,0.061171006,0.053733338,0.06860867,0.041651674,0.0,0.041651674,0.010412918
47686,0.2213008,0.06392472,0.3786769,0.6715837,0.0,0.6715837,0.16789593
47689,0.4944612,0.06479008,0.92413235,0.5854063,0.0,0.5854063,0.14635158
47692,0.120560944,0.053055614,0.18806629,0.052494545,0.0,0.052494545,0.013123636
47695,0.40386108,0.04348998,0.76423216,0.48488215,0.0,0.48488215,0.12122054
47698,0.19782418,0.034571975,0.36107638,0.28027493,0.0,0.28027493,0.07006873
47700,0.09460797,0.032655533,0.1565604,0.19224505,0.0,0.19224505,0.048061263
47703,0.5298675,0.031564612,1.0281702,0.7682679,0.0,0.7682679,0.19206698
47706,0.12874985,0.034332454,0.22316724,0.23452587,0.0,0.23452587,0.05863147
47709,0.61720806,0.0348983,1.1995178,1.3729368,0.0,1.3729368,0.3432342
47712,0.20855503,0.036432207,0.38067785,0.4792376,0.0,0.4792376,0.1198094
47715,0.1407399,0.027104376,0.25437543,0.12872243,0.0,0.12872243,0.032180607
47718,0.6400214,0.027363658,1.2526792,1.1039062,0.0,1.1039062,0.27597654
47720,1.1272008,0.023372168,2.2310295,1.9188458,0.0,1.9188458,0.47971144
47723,0.6804707,0.0135197705,1.3474216,1.4174881,0.0,1.4174881,0.35437202
47726,0.07805694,0.0101591,0.14595479,0.13416535,0.0,0.13416535,0.033541337
47729,0.057310905,0.009368307,0.105253495,0.0756924,0.0,0.0756924,0.0189231
47732,0.12935139,0.00865231,0.25005046,0.23172563,0.0,0.23172563,0.05793141
47735,0.15551575,0.00990484,0.30112663,0.29906717,0.0,0.29906717,0.07476679
47738,0.16211006,0.013443363,0.31077674,0.26415396,0.0,0.26415396,0.06603849
47740,0.22225529,0.012164299,0.43234625,0.3794811,0.0,0.3794811,0.09487028
47743,0.54869336,0.012308775,1.085078,1.0321976,0.0,1.0321976,0.2580494
47746,0.22425342,0.015775302,0.43273154,0.40975758,0.0,0.40975758,0.102439396
47749,0.7075026,0.014740924,1.4002643,1.4537834,0.0,1.4537834,0.36344585
47752,0.59667563,0.012476628,1.1808747,1.149978,0.0,1.149978,0.2874945
47755,0.03387149,0.009455743,0.058287244,0.04416421,0.0,0.04416421,0.011041053
47758,0.035899837,0.010429882,0.061369788,0.05305324,0.0,0.05305324,0.01326331
47760,0.16552219,0.009410551,0.32163382,0.37355745,0.0,0.37355745,0.09338936
47763,0.9253749,0.010100246,1.8406496,1.7209488,0.0,1.7209488,0.4302372
47766,0.34951362,0.01801777,0.6810095,0.880457,0.0,0.880457,0.22011425
47769,0.0902431,0.01673297,0.16375323,0.17892139,0.0,0.17892139,0.044730347
47772,0.071997665,0.018216215,0.1257791,0.07449362,0.0,0.07449362,0.018623404
47775,0.04994911,0.019679686,0.08021853,0.111709714,0.0,0.111709714,0.027927428
47778,0.55682737,0.025957754,1.087697,0.87171894,0.0,0.87171894,0.21792974
47780,0.4053036,0.02829878,0.7823084,0.92254287,0.0,0.92254287,0.23063572
47783,0.27151904,0.021599812,0.5214383,0.4878746,0.0,0.4878746,0.12196865
47786,0.32606176,0.027985716,0.6241378,0.6426466,0.0,0.6426466,0.16066165
47789,0.37054148,0.020247428,0.7208355,0.66817236,0.0,0.66817236,0.16704309
47792,0.049921095,0.01992397,0.07991823,0.04002351,0.0,0.04002351,0.010005877
47795,0.19615231,0.02143467,0.37086996,0.4909326,0.0,0.4909326,0.12273315
47798,0.055042386,0.022194648,0.08789012,0.092648424,0.0,0.092648424,0.023162106
47800,0.26852772,0.023252822,0.5138026,0.36096764,0.0,0.36096764,0.09024191
47803,0.12679498,0.023324007,0.23026593,0.15470345,0.0,0.15470345,0.038675863
47806,0.4954585,0.024152478,0.9667646,0.8080171,0.0,0.8080171,0.20200427
47809,0.13675833,0.026118413,0.24739824,0.19680578,0.0,0.19680578,0.049201444
47812,0.06861939,0.02641733,0.110821456,0.090745814,0.0,0.090745814,0.022686454
47815,0.0977756,0.029192433,0.16635877,0.2963967,0.0,0.2963967,0.074099176
47818,0.12188348,0.031514823,0.21225214,0.38116026,0.0,0.38116026,0.095290065
47820,0.103184976,0.031838614,0.17453134,0.28454068,0.0,0.28454068,0.07113517
47823,0.2241001,0.033511616,0.4146886,0.598069,0.0,0.598069,0.14951725
47826,0.04631107,0.034153253,0.05846889,0.07837256,0.0,0.07837256,0.01959314
47829,0.084804714,0.035575036,0.1340344,0.07594157,0.0,0.07594157,0.018985393
47832,0.0319846,0.03424221,0.029726991,0.031293314,0.0,0.031293314,0.0078233285
47835,0.09764119,0.04555264,0.14972974,0.04607102,0.0,0.04607102,0.011517755
47838,0.72709894,0.048712473,1.4054855,0.9938019,0.0,0.9938019,0.24845047
47840,0.100981794,0.04125521,0.16070838,0.056244448,0.0,0.056244448,0.014061112
47843,0.16019084,0.046347816,0.27403387,0.13358535,0.0,0.13358535,0.033396337
47846,0.12756802,0.040128533,0.21500753,0.2860233,0.0,0.2860233,0.07150582
47849,0.08316987,0.04329278,0.12304696,0.040887434,0.0,0.040887434,0.0102218585
47852,0.23742616,0.041151527,0.4337008,0.29721507,0.0,0.29721507,0.07430377
47855,0.29855415,0.03470469,0.5624036,0.6625034,0.0,0.6625034,0.16562586
47858,0.30554742,0.030282872,0.580812,0.46392202,0.0,0.46392202,0.115980506
47860,0.061228514,0.021217605,0.10123942,0.06647134,0.0,0.06647134,0.016617835
47863,0.3149682,0.01570191,0.61423445,0.58953935,0.0,0.58953935,0.14738484
47866,0.058470044,0.01564601,0.10129408,0.11637672,0.0,0.11637672,0.02909418
47869,0.034374494,0.0150873065,0.053661678,0.068956666,0.0,0.068956666,0.017239166
47872,0.69381714,0.016300889,1.3713335,1.205496,0.0,1.205496,0.301374
47875,0.44534108,0.018803826,0.8718783,0.7174649,0.0,0.7174649,0.17936623
47878,0.11175945,0.017523173,0.20599572,0.21016598,0.0,0.21016598,0.052541494
47880,0.066214524,0.017638179,0.11479088,0.05110864,0.0,0.05110864,0.01277716
47883,0.23368056,0.017731125,0.44963002,0.39621606,0.0,0.39621606,0.099054016
47886,0.16353966,0.020279331,0.3068,0.35886255,0.0,0.35886255,0.08971564
47889,0.086218335,0.022180686,0.150256,0.16622739,0.0,0.16622739,0.041556846
47892,0.33570087,0.023740998,0.6476608,0.71131635,0.0,0.71131635,0.17782909
47895,0.17014806,0.023149526,0.31714657,0.23267674,0.0,0.23267674,0.058169186
47897,0.043696303,0.021398688,0.06599391,0.09103098,0.0,0.09103098,0.022757744
47900,0.064279385,0.017601438,0.11095733,0.087145925,0.0,0.087145925,0.021786481
47903,0.041795235,0.0137403235,0.06985015,0.053048972,0.0,0.053048972,0.013262243
47906,0.30235192,0.017095732,0.5876081,0.6253808,0.0,0.6253808,0.1563452
47909,0.63254344,0.019292748,1.2457942,1.121128,0.0,1.121128,0.280282
47912,0.0640708,0.019847417,0.10829418,0.09491391,0.0,0.09491391,0.023728477
47915,0.20301603,0.012173578,0.39385846,0.4105049,0.0,0.4105049,0.10262623
47917,0.31867352,0.01359837,0.6237487,0.534203,0.0,0.534203,0.13355075
47920,0.18708779,0.020302735,0.35387287,0.351495,0.0,0.351495,0.08787375
47923,0.12149271,0.031254865,0.21173055,0.10838544,0.0,0.10838544,0.02709636
47926,0.06404517,0.028922843,0.09916749,0.04760942,0.0,0.04760942,0.011902355
47929,0.2844005,0.011642948,0.55715805,0.58794534,0.0,0.58794534,0.14698634
47932,0.63057965,0.012529551,1.2486297,1.1429921,0.0,1.1429921,0.28574803
47935,0.078735106,0.015786318,0.14168389,0.22247224,0.0,0.22247224,0.05561806
47937,0.14877655,0.014384833,0.2831683,0.37114477,0.0,0.37114477,0.09278619
47940,0.25451592,0.019893607,0.48913822,0.3316042,0.0,0.3316042,0.08290105
47943,0.18266313,0.017577492,0.34774876,0.47368884,0.0,0.47368884,0.11842221
47946,0.91224223,0.020519273,1.8039652,1.5219036,0.0,1.5219036,0.3804759
47949,0.33902943,0.023911817,0.654147,0.4733959,0.0,0.4733959,0.11834898
47952,0.18616575,0.018747052,0.35358444,0.24346541,0.0,0.24346541,0.060866352
47955,0.19483124,0.020109538,0.36955294,0.5188888,0.0,0.5188888,0.1297222
47957,0.1328411,0.021719532,0.24396265,0.3493146,0.0,0.3493146,0.08732865
47960,0.024406483,0.01820773,0.030605234,0.031383324,0.0,0.031383324,0.007845831
47963,0.21846354,0.024525186,0.4124019,0.28004315,0.0,0.28004315,0.07001079
47966,0.093206264,0.019368147,0.16704439,0.11984366,0.0,0.11984366,0.029960915
47969,0.5059423,0.0119641125,0.99992055,1.0505852,0.0,1.0505852,0.2626463
47972,0.04117027,0.014335702,0.06800484,0.032587532,0.0,0.032587532,0.008146883
47975,0.0938681,0.017466662,0.17026953,0.19016004,0.0,0.19016004,0.04754001
47977,0.24795662,0.018526338,0.47738686,0.40614104,0.0,0.40614104,0.10153526
47980,0.049989637,0.021666335,0.07831293,0.045076687,0.0,0.045076687,0.011269172
47983,0.37307632,0.023684405,0.7224682,0.5714235,0.0,0.5714235,0.14285587
47986,0.17498182,0.021936916,0.32802668,0.25882515,0.0,0.25882515,0.06470629
47989,0.18972255,0.024501761,0.35494336,0.28434747,0.0,0.28434747,0.07108687
47992,0.44847414,0.023631597,0.8733167,0.68333393,0.0,0.68333393,0.17083348
47995,0.39901158,0.019721027,0.77830213,0.91175586,0.0,0.91175586,0.22793896
47997,0.5365373,0.011292592,1.061782,1.071215,0.0,1.071215,0.26780376
48000,0.83157223,0.0066250605,1.6565194,1.5376414,0.0,1.5376414,0.38441035
48003,0.14893867,0.00607919,0.29179814,0.25776306,0.0,0.25776306,0.064440764
48006,0.025880985,0.0061671683,0.0455948,0.041992802,0.0,0.041992802,0.010498201
48009,0.18816328,0.0064788517,0.36984769,0.4185365,0.0,0.4185365,0.10463413
48012,0.6372378,0.008320375,1.2661551,1.4193457,0.0,1.4193457,0.35483643
48015,0.3528392,0.007811319,0.6978671,0.7866254,0.0,0.7866254,0.19665635
48017,0.03872088,0.008864623,0.06857713,0.09816458,0.0,0.09816458,0.024541145
48020,0.029201997,0.01690165,0.041502345,0.04137064,0.0,0.04137064,0.01034266
48023,0.13448256,0.00745913,0.261506,0.21174407,0.0,0.21174407,0.052936018
48026,0.21826178,0.008009615,0.4285139,0.36575642,0.0,0.36575642,0.091439106
48029,0.2995829,0.023109712,0.57605606,0.7065235,0.0,0.7065235,0.17663087
48032,0.072346725,0.0043679154,0.14032553,0.14976962,0.0,0.14976962,0.037442405
48035,0.05918054,0.007719241,0.11064184,0.12698884,0.0,0.12698884,0.03174721
48037,0.04839334,0.0039715166,0.09281516,0.09071999,0.0,0.09071999,0.022679998
48040,0.24299097,0.003016252,0.4829657,0.46393323,0.0,0.46393323,0.11598331
48043,0.06787995,0.0033932894,0.13236661,0.12526126,0.0,0.12526126,0.031315316
48046,0.04003832,0.0029967756,0.07707986,0.063967966,0.0,0.063967966,0.015991991
48049,0.5091138,0.0030084578,1.0152191,0.98602515,0.0,0.98602515,0.24650629
48052,0.058554247,0.0031620793,0.113946415,0.11319604,0.0,0.11319604,0.02829901
48055,0.07019734,0.0033006994,0.13709398,0.13202062,0.0,0.13202062,0.033005156
48057,0.08190172,0.0037061886,0.16009726,0.17625165,0.0,0.17625165,0.044062912
48060,0.022252036,0.005038275,0.039465796,0.040727846,0.0,0.040727846,0.010181962
48063,0.27718377,0.009994115,0.54437345,0.65783376,0.0,0.65783376,0.16445844
48066,0.070785545,0.00474639,0.13682471,0.15643044,0.0,0.15643044,0.03910761
48069,0.45032835,0.0024668584,0.89818984,0.84414846,0.0,0.84414846,0.21103711
48072,0.016866228,0.0020191919,0.031713262,0.034228094,0.0,0.034228094,0.0085570235
48075,0.30171594,0.0024695774,0.60096234,0.61116534,0.0,0.61116534,0.15279134
48077,0.03138769,0.002275284,0.0605001,0.06650779,0.0,0.06650779,0.016626947
48080,0.411533,0.0022338992,0.8208321,0.7913627,0.0,0.7913627,0.19784068
48083,0.023362303,0.004944665,0.041779947,0.051635947,0.0,0.051635947,0.012908987
48086,0.054028753,0.0061814915,0.10187602,0.10789653,0.0,0.10789653,0.026974132
48089,0.051163975,0.004126556,0.098201394,0.08427858,0.0,0.08427858,0.021069646
48092,0.21316648,0.006669289,0.41966367,0.3518331,0.0,0.3518331,0.087958276
48095,0.40996847,0.007601576,0.8123353,0.8958543,0.0,0.8958543,0.22396357
48097,0.23629181,0.011141422,0.4614422,0.58247316,0.0,0.58247316,0.14561829
48100,0.20327063,0.012831884,0.3937094,0.28301188,0.0,0.28301188,0.07075297
48103,0.4403943,0.017376538,0.86341214,0.6974798,0.0,0.6974798,0.17436995
48106,0.057246044,0.022882452,0.091609634,0.09421533,0.0,0.09421533,0.023553833
48109,0.10440525,0.026777357,0.18203314,0.13059099,0.0,0.13059099,0.032647748
48112,0.17047085,0.03066201,0.3102797,0.5162225,0.0,0.5162225,0.12905562
48115,0.3411696,0.033659555,0.6486796,0.87865347,0.0,0.87865347,0.21966337
48117,0.18872778,0.03735455,0.340101,0.5802806,0.0,0.5802806,0.14507015
48120,0.20938776,0.041815598,0.37695992,0.64819,0.0,0.64819,0.1620475
48123,0.4206363,0.04561193,0.7956607,0.5176451,0.0,0.5176451,0.12941128
48126,0.1911195,0.043370087,0.33886895,0.5815733,0.0,0.5815733,0.14539333
48129,0.3003685,0.049476907,0.55126005,0.27656257,0.0,0.27656257,0.06914064
48132,0.10946561,0.05097129,0.16795993,0.09667943,0.0,0.09667943,0.024169857
48135,0.104175985,0.049824324,0.15852766,0.107226245,0.0,0.107226245,0.026806561
48137,0.13551785,0.059005022,0.2120307,0.14441445,0.0,0.14441445,0.036103614
48140,0.2568711,0.067436464,0.44630575,0.75757694,0.0,0.75757694,0.18939424
48143,0.11923113,0.06359753,0.17486471,0.055478934,0.0,0.055478934,0.013869734
48146,0.14552563,0.06725084,0.22380042,0.073265426,0.0,0.073265426,0.018316356
48149,0.06392532,0.08545833,0.042392302,0.22864753,0.0,0.22864753,0.057161883
48152,0.062148225,0.09515845,0.029137997,0.15585612,0.0,0.15585612,0.03896403
48155,0.06910458,0.09028071,0.04792845,0.22512664,0.0,0.22512664,0.05628166
48157,0.26423368,0.09653831,0.43192902,0.86066276,0.0,0.86066276,0.21516569
48160,0.18281497,0.09342781,0.27220213,0.07099087,0.0,0.07099087,0.017747717
48163,0.61147106,0.10588016,1.117062,1.8678032,0.0,1.8678032,0.4669508
48166,0.10100064,0.11953586,0.08246541,0.05255261,0.0,0.05255261,0.013138153
48169,0.23774771,0.116220176,0.35927525,0.124147676,0.0,0.124147676,0.031036919
48172,0.2654327,0.105831236,0.42503414,0.13323186,0.0,0.13323186,0.033307966
48175,0.28683844,0.107446045,0.46623087,0.20509951,0.0,0.20509951,0.051274877
48177,0.6090571,0.10408133,1.1140329,0.58902436,0.0,0.58902436,0.14725609
48180,0.4341359,0.08644695,0.7818249,1.2872037,0.0,1.2872037,0.32180092
48183,0.8688311,0.06717468,1.6704874,1.101842,0.0,1.101842,0.2754605
48186,0.35344747,0.061179396,0.64571553,0.9546725,0.0,0.9546725,0.23866813
48189,0.125168,0.055098277,0.19523771,0.07173289,0.0,0.07173289,0.017933223
48192,0.067159735,0.043501813,0.09081765,0.16557568,0.0,0.16557568,0.04139392
48195,0.29242516,0.033243958,0.55160636,0.3446053,0.0,0.3446053,0.086151324
48197,0.91536736,0.030639468,1.8000952,1.40743,0.0,1.40743,0.3518575
48200,0.068432055,0.031825453,0.105038665,0.15626563,0.0,0.15626563,0.039066408
48203,0.46211103,0.02682773,0.89739436,0.63968205,0.0,0.63968205,0.15992051
48206,0.117543936,0.026043028,0.20904483,0.115648426,0.0,0.115648426,0.028912107
48209,0.06590087,0.022062352,0.10973939,0.1617007,0.0,0.1617007,0.040425174
48212,0.26886097,0.018150417,0.51957154,0.35979,0.0,0.35979,0.0899475
48215,0.38261068,0.013862878,0.7513585,0.5744729,0.0,0.5744729,0.14361823
48217,0.53361875,0.010350485,1.056887,1.2571863,0.0,1.2571863,0.31429657
48220,0.1212023,0.009874367,0.23253024,0.31574106,0.0,0.31574106,0.078935266
48223,0.49457023,0.009228307,0.9799121,0.80919355,0.0,0.80919355,0.20229839
48226,0.038466644,0.008118101,0.06881518,0.045144748,0.0,0.045144748,0.011286187
48229,0.32705438,0.012509421,0.64159936,0.48956048,0.0,0.48956048,0.12239012
48232,0.16710822,0.014067709,0.3201487,0.21068694,0.0,0.21068694,0.052671734
48235,0.49092582,0.011904135,0.9699475,0.788976,0.0,0.788976,0.197244
48237,0.039827388,0.012755585,0.06689919,0.045747478,0.0,0.045747478,0.011436869
48240,0.5240451,0.012932268,1.0351579,0.84312874,0.0,0.84312874,0.21078219
48243,0.49565518,0.011415589,0.9798948,0.80771786,0.0,0.80771786,0.20192946
48246,0.23639971,0.012442472,0.46035695,0.36755612,0.0,0.36755612,0.09188903
48249,0.016935727,0.012813136,0.021058315,0.021077365,0.0,0.021077365,0.005269341
48252,0.29473397,0.010616175,0.57885176,0.47059715,0.0,0.47059715,0.11764929
48255,0.44314396,0.010103151,0.87618476,0.73227435,0.0,0.73227435,0.18306859
48257,0.100712955,0.009582184,0.19184373,0.14486684,0.0,0.14486684,0.03621671
48260,0.10132074,0.012109923,0.19053157,0.13058607,0.0,0.13058607,0.03264652
48263,0.6389882,0.014707528,1.2632688,1.043471,0.0,1.043471,0.26086774
48266,0.08550963,0.013214674,0.15780458,0.21607001,0.0,0.21607001,0.054017503
48269,0.33658525,0.013465911,0.6597046,0.5234866,0.0,0.5234866,0.13087165
48272,0.15996371,0.01340063,0.3065268,0.21852486,0.0,0.21852486,0.054631215
48275,0.14526053,0.011295666,0.2792254,0.35114217,0.0,0.35114217,0.08778554
48277,0.13547046,0.010125683,0.26081523,0.21240322,0.0,0.21240322,0.053100806
48280,0.5181983,0.016651891,1.0197448,1.1923152,0.0,1.1923152,0.2980788
48283,0.36425844,0.028661767,0.69985515,0.5233402,0.0,0.5233402,0.13083506
48286,0.088965185,0.0427116,0.13521878,0.08248613,0.0,0.08248613,0.020621533
48289,0.20674896,0.06860264,0.34489527,0.22161841,0.0,0.22161841,0.055404603
48292,0.19082339,0.084190674,0.29745612,0.555677,0.0,0.555677,0.13891925
48295,0.14288951,0.1070692,0.17870982,0.07584671,0.0,0.07584671,0.018961677
48297,0.3159937,0.117108144,0.5148793,0.16652553,0.0,0.16652553,0.041631382
48300,0.14311324,0.12749459,0.15873188,0.4246379,0.0,0.4246379,0.10615948
48303,0.08882159,0.14059494,0.03704823,0.19728188,0.0,0.19728188,0.04932047
48306,0.9949474,0.15098785,1.8389069,1.1500018,0.0,1.1500018,0.28750044
48309,0.4854654,0.1689648,0.801966,0.2588959,0.0,0.2588959,0.064723976
48312,0.30821162,0.17655523,0.439868,0.84514195,0.0,0.84514195,0.21128549
48315,0.30593565,0.18466271,0.42720857,0.11896017,0.0,0.11896017,0.029740043
48317,0.42798617,0.19597149,0.66000086,0.1497537,0.0,0.1497537,0.037438426
48320,0.7553409,0.17716844,1.3335133,0.5961924,0.0,0.5961924,0.1490481
48323,1.4754137,0.169747,2.7810802,1.7964382,0.0,1.7964382,0.44910955
48326,0.39639091,0.2319191,0.5608627,1.2491778,0.0,1.2491778,0.31229445
48329,0.27035156,0.25938308,0.28132007,0.059254687,0.0,0.059254687,0.014813672
48332,0.23257445,0.31586742,0.14928146,0.38135433,0.0,0.38135433,0.09533858
48335,0.51695704,0.28140202,0.75251204,0.15332879,0.0,0.15332879,0.038332198
48337,0.34942797,0.21450119,0.48435476,1.0546223,0.0,1.0546223,0.26365557
48340,0.34263977,0.28640094,0.39887857,1.1932092,0.0,1.1932092,0.2983023
48343,0.26512268,0.2559258,0.27431956,0.8803582,0.0,0.8803582,0.22008955
48346,1.3974823,0.25780955,2.537155,1.2517499,0.0,1.2517499,0.31293747
48349,0.24151869,0.29032442,0.19271298,0.115414225,0.0,0.115414225,0.028853556
48352,0.25473067,0.27605096,0.2334104,0.019008143,0.0,0.019008143,0.0047520357
48355,1.3735737,0.23437338,2.5127738,1.3045851,0.0,1.3045851,0.32614627
48357,0.9561467,0.21495278,1.6973406,0.8822802,0.0,0.8822802,0.22057004
48360,0.47024146,0.20993094,0.730552,0.20569892,0.0,0.20569892,0.05142473
48363,0.23684044,0.24777143,0.22590946,0.82399184,0.0,0.82399184,0.20599796
48366,1.5151783,0.25866586,2.771691,1.435442,0.0,1.435442,0.3588605
48369,0.24380727,0.29699987,0.1906147,0.17355305,0.0,0.17355305,0.043388262
48372,0.30052578,0.276041,0.32501057,0.43856034,0.0,0.43856034,0.109640084
48375,0.36940822,0.1423947,0.59642166,0.23863618,0.0,0.23863618,0.059659045
48377,0.0887532,0.07380941,0.103696994,0.095132016,0.0,0.095132016,0.023783004
48380,0.053042386,0.033200983,0.07288379,0.08164682,0.0,0.08164682,0.020411706
48383,0.56362325,0.013617014,1.1136295,1.2226106,0.0,1.2226106,0.30565265
48386,0.08148038,0.008793668,0.15416707,0.1444438,0.0,0.1444438,0.03611095
48389,0.087408096,0.0084596025,0.16635658,0.1330059,0.0,0.1330059,0.033251476
48392,0.049529996,0.009808459,0.089251526,0.079844974,0.0,0.079844974,0.019961243
48395,0.038379375,0.013175896,0.06358286,0.056384537,0.0,0.056384537,0.014096134
48397,1.0637907,0.014519063,2.1130624,1.8899969,0.0,1.8899969,0.47249922
48400,0.6741647,0.018348398,1.329981,1.1000754,0.0,1.1000754,0.27501884
48403,0.31842282,0.018419119,0.61842656,0.76434356,0.0,0.76434356,0.19108589
48406,0.059434414,0.021133767,0.097735055,0.0713331,0.0,0.0713331,0.017833276
48409,0.12188306,0.023254665,0.22051144,0.17176841,0.0,0.17176841,0.042942103
48412,0.054324348,0.027034497,0.0816142,0.19041158,0.0,0.19041158,0.047602896
48415,0.06678061,0.031065414,0.10249581,0.049399238,0.0,0.049399238,0.0123498095
48417,0.9046166,0.030982202,1.778251,1.3656155,0.0,1.3656155,0.34140387
48420,0.106164575,0.038224604,0.17410456,0.17778872,0.0,0.17778872,0.04444718
48423,0.057329044,0.040405788,0.0742523,0.10393373,0.0,0.10393373,0.025983432
48426,0.37775183,0.041153356,0.7143503,0.42425707,0.0,0.42425707,0.10606427
48429,0.07126201,0.047496032,0.09502798,0.09781315,0.0,0.09781315,0.024453288
48432,0.06738905,0.064865686,0.06991241,0.057997286,0.0,0.057997286,0.014499322
48435,0.23865218,0.06392921,0.41337517,0.18197477,0.0,0.18197477,0.045493692
48437,0.1471365,0.07429878,0.2199742,0.07187447,0.0,0.07187447,0.017968617
48440,0.63733214,0.0878338,1.1868305,0.643988,0.0,0.643988,0.160997
48443,0.06686459,0.07967563,0.054053556,0.054885495,0.0,0.054885495,0.013721374
48446,0.15464441,0.08121311,0.22807573,0.5014011,0.0,0.5014011,0.12535028
48449,0.752218,0.08338463,1.4210514,0.90290016,0.0,0.90290016,0.22572504
48452,0.5177341,0.074290134,0.9611781,0.5584343,0.0,0.5584343,0.13960858
48455,0.11736388,0.07432063,0.16040713,0.036932837,0.0,0.036932837,0.009233209
48457,0.06694924,0.08018568,0.0537128,0.052655105,0.0,0.052655105,0.013163776
48460,0.47313765,0.06771961,0.8785557,1.4159966,0.0,1.4159966,0.35399914
48463,0.08435139,0.058539655,0.11016313,0.18305339,0.0,0.18305339,0.045763347
48466,0.08294276,0.043590765,0.122294754,0.03618862,0.0,0.03618862,0.009047155
48469,0.11105734,0.029855533,0.19225915,0.106058896,0.0,0.106058896,0.026514724
48472,0.08845567,0.021820718,0.15509062,0.25954852,0.0,0.25954852,0.06488713
48475,0.07590521,0.024832532,0.1269779,0.057851363,0.0,0.057851363,0.014462841
48477,0.03429612,0.02610103,0.04249121,0.047550734,0.0,0.047550734,0.0118876835
48480,0.10049241,0.019715978,0.18126883,0.11958871,0.0,0.11958871,0.029897178
48483,0.0807424,0.02272659,0.1387582,0.070245,0.0,0.070245,0.01756125
48486,0.0497885,0.01947016,0.08010683,0.09782094,0.0,0.09782094,0.024455234
48489,0.11336706,0.026351621,0.20038252,0.10116738,0.0,0.10116738,0.025291845
48492,0.15145062,0.024775082,0.27812615,0.1587991,0.0,0.1587991,0.039699774
48495,0.93381566,0.024286544,1.8433447,1.4713669,0.0,1.4713669,0.36784172
48497,0.105660446,0.024511747,0.18680914,0.30032602,0.0,0.30032602,0.075081505
48500,0.19182909,0.023228405,0.36042976,0.5299083,0.0,0.5299083,0.13247707
48503,0.13375425,0.025135612,0.24237289,0.123227775,0.0,0.123227775,0.030806944
48506,0.032745253,0.021014744,0.044475764,0.04279238,0.0,0.04279238,0.010698095
48509,0.037805166,0.021253744,0.054356586,0.021036,0.0,0.021036,0.005259
48512,0.4847199,0.024869861,0.94457,0.6944461,0.0,0.6944461,0.17361152
48515,0.69181925,0.022407347,1.3612312,1.0654882,0.0,1.0654882,0.26637205
48517,0.08673927,0.022000393,0.15147816,0.10981455,0.0,0.10981455,0.027453637
48520,0.22784837,0.021411404,0.4342853,0.2752509,0.0,0.2752509,0.06881273
48523,0.05268993,0.03248433,0.07289553,0.16266467,0.0,0.16266467,0.040666167
48526,0.08512169,0.022045344,0.14819805,0.08383744,0.0,0.08383744,0.02095936
48529,0.10386511,0.026160413,0.1815698,0.09635979,0.0,0.09635979,0.024089947
48532,0.045370042,0.027107542,0.06363254,0.10377038,0.0,0.10377038,0.025942596
48535,0.033744432,0.029196566,0.0382923,0.048757493,0.0,0.048757493,0.012189373
48537,0.05104472,0.023309061,0.078780375,0.12538208,0.0,0.12538208,0.03134552
48540,0.0709436,0.023636354,0.118250854,0.16120237,0.0,0.16120237,0.040300593
48543,0.16642617,0.022435421,0.3104169,0.41502336,0.0,0.41502336,0.10375584
48546,0.035004742,0.021761447,0.048248038,0.058579456,0.0,0.058579456,0.014644864
48549,0.033576444,0.024597652,0.04255523,0.041554887,0.0,0.041554887,0.010388722
48552,0.067338765,0.026171342,0.10850618,0.046081234,0.0,0.046081234,0.011520308
48555,0.06504717,0.026410878,0.10368345,0.04149738,0.0,0.04149738,0.010374345
48557,0.54879284,0.022371426,1.0752143,0.89005834,0.0,0.89005834,0.22251458
48560,0.07629544,0.018572016,0.13401887,0.19636333,0.0,0.19636333,0.049090832
48563,0.35354707,0.018317468,0.6887767,0.51967746,0.0,0.51967746,0.12991937
48566,0.13703744,0.019219961,0.25485492,0.18698947,0.0,0.18698947,0.046747368
48569,0.17772026,0.021227494,0.33421305,0.20603989,0.0,0.20603989,0.051509973
48572,0.0887718,0.026268696,0.1512749,0.19761641,0.0,0.19761641,0.049404103
48575,0.20109342,0.01484226,0.38734457,0.46464804,0.0,0.46464804,0.11616201
48577,0.46435067,0.015890626,0.91281074,1.0244042,0.0,1.0244042,0.25610104
48580,0.58243674,0.008150298,1.1567231,1.0917411,0.0,1.0917411,0.27293527
48583,0.057435688,0.016020527,0.09885085,0.1635051,0.0,0.1635051,0.040876277
48586,0.12933905,0.014224895,0.2444532,0.30936566,0.0,0.30936566,0.077341415
48589,0.22565413,0.010670985,0.44063726,0.35329404,0.0,0.35329404,0.08832351
48592,0.28670058,0.007917931,0.5654833,0.47943234,0.0,0.47943234,0.119858086
48595,0.1293586,0.005694008,0.25302318,0.20116723,0.0,0.20116723,0.050291806
48597,0.1015793,0.0048764357,0.19828217,0.23148449,0.0,0.23148449,0.057871122
48600,0.08955601,0.005401352,0.17371066,0.1352673,0.0,0.1352673,0.033816826
48603,0.24224491,0.0061793528,0.4783105,0.40747872,0.0,0.40747872,0.10186968
48606,0.0845766,0.008010971,0.16114223,0.14762937,0.0,0.14762937,0.03690734
48609,0.17056401,0.008664728,0.3324633,0.39755777,0.0,0.39755777,0.09938944
48612,0.052579224,0.012268692,0.092889756,0.06327481,0.0,0.06327481,0.015818702
48615,0.27282307,0.013864581,0.5317815,0.6811134,0.0,0.6811134,0.17027836
48617,0.056341227,0.013595107,0.09908735,0.11344266,0.0,0.11344266,0.028360665
48620,0.2591425,0.020708539,0.49757648,0.6774981,0.0,0.6774981,0.16937453
48623,0.07914161,0.029544165,0.12873906,0.2497865,0.0,0.2497865,0.062446624
48626,0.078647494,0.041417167,0.11587783,0.13779497,0.0,0.13779497,0.034448743
48629,0.24160023,0.038493305,0.44470716,0.72527003,0.0,0.72527003,0.18131751
48632,0.1786135,0.052223634,0.30500337,0.15061152,0.0,0.15061152,0.03765288
48635,1.2085594,0.045341793,2.3717768,1.7815547,0.0,1.7815547,0.44538867
48637,0.108198225,0.04005256,0.1763439,0.08192291,0.0,0.08192291,0.020480728
48640,0.7070078,0.038925394,1.3750902,1.8490211,0.0,1.8490211,0.46225527
48643,0.109140895,0.039149128,0.17913266,0.09549228,0.0,0.09549228,0.02387307
48646,0.045783028,0.042989563,0.048576493,0.0878011,0.0,0.0878011,0.021950275
48649,0.7942502,0.038997162,1.5495032,1.1168056,0.0,1.1168056,0.2792014
48652,0.26862434,0.03201441,0.50523424,0.7682845,0.0,0.7682845,0.19207112
48655,0.07012468,0.028296717,0.11195264,0.050345495,0.0,0.050345495,0.012586374
48657,0.06482051,0.026665442,0.102975585,0.04118063,0.0,0.04118063,0.010295157
48660,0.10169101,0.029976556,0.17340545,0.3005481,0.0,0.3005481,0.07513703
48663,0.24395917,0.030172395,0.45774594,0.28442267,0.0,0.28442267,0.07110567
48666,0.16912968,0.029040098,0.30921927,0.17475069,0.0,0.17475069,0.04368767
48669,0.08276175,0.028554128,0.13696937,0.057433546,0.0,0.057433546,0.014358386
48672,0.062262695,0.023754394,0.100771,0.054018218,0.0,0.054018218,0.0135045545
48675,0.0695359,0.023088992,0.11598281,0.06528222,0.0,0.06528222,0.016320555
48677,0.43896863,0.022866338,0.8550709,1.0641376,0.0,1.0641376,0.2660344
48680,0.19480647,0.020444179,0.36916876,0.4743313,0.0,0.4743313,0.11858282
48683,0.040481657,0.018666996,0.062296316,0.089070775,0.0,0.089070775,0.022267694
48686,0.0352202,0.018430937,0.05200946,0.066767834,0.0,0.066767834,0.016691959
48689,0.7458864,0.011375728,1.4803971,1.2887949,0.0,1.2887949,0.32219872
48692,0.17687179,0.011946044,0.34179756,0.25567925,0.0,0.25567925,0.06391981
48695,0.27438757,0.0072540552,0.54152113,0.45050696,0.0,0.45050696,0.11262674
48697,0.0851774,0.008479463,0.16187535,0.12090818,0.0,0.12090818,0.030227045
48700,0.14650194,0.004636209,0.2883677,0.24029422,0.0,0.24029422,0.060073555
48703,0.380376,0.004403113,0.7563489,0.6792438,0.0,0.6792438,0.16981095
48706,0.15104058,0.0039560595,0.29812512,0.35128498,0.0,0.35128498,0.087821245
48709,0.08392445,0.003545204,0.1643037,0.13953745,0.0,0.13953745,0.034884363
48712,0.14913023,0.003974171,0.29428628,0.3497028,0.0,0.3497028,0.0874257
48715,0.583626,0.0035569558,1.163695,1.2530121,0.0,1.2530121,0.31325302
48717,0.15296842,0.0032944467,0.3026424,0.2502515,0.0,0.2502515,0.062562875
48720,0.08584315,0.0034132085,0.1682731,0.17759241,0.0,0.17759241,0.044398103
48723,0.7187503,0.004035191,1.4334655,1.316699,0.0,1.316699,0.32917476
48726,0.030852122,0.0044095744,0.057294667,0.06225805,0.0,0.06225805,0.015564512
48729,0.055459708,0.004080067,0.10683935,0.1089437,0.0,0.1089437,0.027235925
48732,0.058047157,0.004453342,0.11164097,0.117704175,0.0,0.117704175,0.029426044
48735,0.230384,0.0049744756,0.45579353,0.39408708,0.0,0.39408708,0.09852177
48737,0.049713656,0.004802733,0.09462458,0.08333967,0.0,0.08333967,0.020834917
48740,0.14597586,0.0051456187,0.2868061,0.31437486,0.0,0.31437486,0.078593716
48743,0.45932642,0.0046719625,0.9139809,0.9674179,0.0,0.9674179,0.24185447
48746,0.11506746,0.00540134,0.22473359,0.20493066,0.0,0.20493066,0.051232666
48749,0.06067011,0.00571353,0.11562669,0.08110836,0.0,0.08110836,0.02027709
48752,0.22052884,0.0060118237,0.43504587,0.3748192,0.0,0.3748192,0.0937048
48755,0.40059757,0.0086159995,0.7925792,0.89047813,0.0,0.89047813,0.22261953
48757,0.08713561,0.010042519,0.16422871,0.18640257,0.0,0.18640257,0.046600644
48760,0.20585342,0.011406641,0.40030017,0.32128385,0.0,0.32128385,0.08032096
48763,0.03374147,0.012371833,0.05511111,0.031938273,0.0,0.031938273,0.007984568
48766,0.37778035,0.012095136,0.7434656,0.8796688,0.0,0.8796688,0.2199172
48769,0.07252042,0.0125816045,0.13245924,0.18460004,0.0,0.18460004,0.04615001
48772,0.06561319,0.010131235,0.12109514,0.08094638,0.0,0.08094638,0.020236595
48775,0.11598153,0.012290862,0.2196722,0.16917361,0.0,0.16917361,0.042293403
48777,0.5885815,0.010449111,1.166714,1.3174666,0.0,1.3174666,0.32936665
48780,0.05611648,0.011558349,0.10067461,0.15313932,0.0,0.15313932,0.03828483
48783,0.030199362,0.013470645,0.046928078,0.023812756,0.0,0.023812756,0.005953189
48786,0.10512275,0.015465237,0.19478028,0.10918236,0.0,0.10918236,0.02729559
48789,0.0865644,0.012454543,0.16067426,0.17956893,0.0,0.17956893,0.044892233
48792,0.12486849,0.0145865185,0.23515047,0.35107234,0.0,0.35107234,0.087768085
48795,0.07382275,0.015228641,0.13241686,0.114205875,0.0,0.114205875,0.028551469
48797,0.1443571,0.014952883,0.2737613,0.3868947,0.0,0.3868947,0.096723676
48800,0.07009581,0.019149384,0.12104223,0.21610482,0.0,0.21610482,0.054026205
48803,0.19433628,0.016778411,0.37189412,0.24648501,0.0,0.24648501,0.061621252
48806,0.5478347,0.020402864,1.0752665,1.2639157,0.0,1.2639157,0.3159789
48809,0.21167661,0.020702763,0.40265048,0.25041473,0.0,0.25041473,0.06260368
48812,0.3069975,0.023531951,0.59046304,0.39072165,0.0,0.39072165,0.09768041
48815,1.0263999,0.028767107,2.0240326,1.6257143,0.0,1.6257143,0.40642858
48817,0.65943116,0.027512824,1.2913495,0.9720125,0.0,0.9720125,0.24300313
48820,0.10727506,0.043046966,0.17150314,0.36842826,0.0,0.36842826,0.092107065
48823,0.6527297,0.036262523,1.2691969,0.89637595,0.0,0.89637595,0.22409399
48826,0.261184,0.03688064,0.48548734,0.29060623,0.0,0.29060623,0.07265156
48829,0.22866793,0.04229628,0.41503957,0.6813359,0.0,0.6813359,0.17033398
48832,0.30680838,0.05548017,0.55813664,0.90640324,0.0,0.90640324,0.22660081
48835,0.06972648,0.061000157,0.0784528,0.057715774,0.0,0.057715774,0.014428943
48837,0.070282035,0.048756074,0.09180799,0.034765866,0.0,0.034765866,0.008691466
48840,0.13021901,0.054666284,0.20577174,0.3987616,0.0,0.3987616,0.0996904
48843,0.38055906,0.04189376,0.7192243,0.44019154,0.0,0.44019154,0.110047884
48846,0.3788735,0.042661566,0.71508545,1.0562831,0.0,1.0562831,0.26407078
48849,0.36911175,0.038591485,0.699632,0.8933172,0.0,0.8933172,0.2233293
48852,0.34518838,0.038503725,0.65187305,0.885653,0.0,0.885653,0.22141325
48854,1.1277426,0.025493836,2.2299917,1.83708,0.0,1.83708,0.45927
48857,0.5936944,0.028034052,1.1593547,1.4152254,0.0,1.4152254,0.35380635
48860,0.096836,0.028195566,0.16547644,0.24739814,0.0,0.24739814,0.061849535
48863,0.16093431,0.021644115,0.3002245,0.21431686,0.0,0.21431686,0.053579215
48866,0.32275012,0.016781831,0.6287184,0.49751422,0.0,0.49751422,0.124378555
48869,0.07273684,0.014199981,0.1312737,0.11754621,0.0,0.11754621,0.029386552
48872,0.11860785,0.01797158,0.21924412,0.29232466,0.0,0.29232466,0.073081166
48874,0.6238187,0.014516319,1.233121,1.0283151,0.0,1.0283151,0.25707877
48877,0.5797228,0.009831358,1.1496143,1.020578,0.0,1.020578,0.2551445
48880,0.16350614,0.0068169697,0.3201953,0.37884662,0.0,0.37884662,0.094711654
48883,0.041722964,0.008275762,0.07517017,0.064536154,0.0,0.064536154,0.016134039
48886,0.5495097,0.009858728,1.0891606,1.1934042,0.0,1.1934042,0.29835105
48889,0.18393363,0.006723992,0.36114326,0.40357268,0.0,0.40357268,0.10089317
48892,0.025392069,0.0081312815,0.042652857,0.03595842,0.0,0.03595842,0.008989605
48894,0.37016347,0.007697649,0.7326293,0.8048499,0.0,0.8048499,0.20121248
48897,0.08457888,0.008124656,0.16103311,0.15133582,0.0,0.15133582,0.037833955
48900,0.114824854,0.009682172,0.21996753,0.15073937,0.0,0.15073937,0.037684843
48903,0.20481618,0.010045085,0.39958727,0.4599017,0.0,0.4599017,0.11497542
48906,0.17331761,0.011259993,0.33537522,0.42086282,0.0,0.42086282,0.105215706
48909,0.5365023,0.013065171,1.0599394,0.8718254,0.0,0.8718254,0.21795635
48912,0.4589546,0.012110258,0.905799,1.0308985,0.0,1.0308985,0.2577246
48914,0.46189275,0.01272738,0.9110581,0.78241396,0.0,0.78241396,0.19560349
48917,0.06148683,0.02249755,0.10047611,0.043890197,0.0,0.043890197,0.010972549
48920,0.4041964,0.0317966,0.77659625,0.5303685,0.0,0.5303685,0.13259213
48923,0.1857362,0.031076146,0.34039626,0.19077624,0.0,0.19077624,0.04769406
48926,0.028829932,0.025092235,0.03256763,0.02903293,0.0,0.02903293,0.0072582327
48929,0.1332284,0.028764373,0.23769243,0.3290598,0.0,0.3290598,0.08226495
48932,0.098234154,0.035184145,0.16128416,0.20367944,0.0,0.20367944,0.05091986
48934,0.07374702,0.029338524,0.11815551,0.053008825,0.0,0.053008825,0.013252206
48937,0.04870679,0.027130818,0.070282765,0.11562243,0.0,0.11562243,0.028905608
48940,0.08724909,0.017930718,0.15656745,0.22768421,0.0,0.22768421,0.056921054
48943,0.07016996,0.016418757,0.12392118,0.0634359,0.0,0.0634359,0.015858974
48946,0.046477925,0.016297134,0.07665872,0.12875615,0.0,0.12875615,0.032189038
48949,0.13566025,0.0145771755,0.2567433,0.16862841,0.0,0.16862841,0.042157102
48952,0.12406828,0.012213065,0.23592348,0.22129034,0.0,0.22129034,0.055322584
48954,0.29408202,0.010629371,0.5775347,0.5054567,0.0,0.5054567,0.12636417
48957,0.5707194,0.009744984,1.1316938,1.2016557,0.0,1.2016557,0.30041394
48960,0.14163913,0.008303612,0.27497467,0.27439114,0.0,0.27439114,0.068597786
48963,0.028121369,0.0072878264,0.048954915,0.038610425,0.0,0.038610425,0.009652606
48966,0.16019364,0.0067133927,0.31367388,0.29373777,0.0,0.29373777,0.07343444
48969,0.05570205,0.0067181834,0.10468591,0.08118528,0.0,0.08118528,0.02029632
48972,0.17208351,0.006485038,0.337682,0.34607068,0.0,0.34607068,0.08651767
48974,0.40400907,0.006438671,0.8015795,0.7735543,0.0,0.7735543,0.19338858
48977,0.27109057,0.0062132827,0.5359679,0.51571506,0.0,0.51571506,0.12892877
48980,0.48752427,0.006878305,0.9681702,0.99044544,0.0,0.99044544,0.24761136
48983,0.2446128,0.007912182,0.48131338,0.48945093,0.0,0.48945093,0.12236273
48986,0.05574037,0.01115482,0.10032592,0.16082032,0.0,0.16082032,0.04020508
48989,0.54567766,0.007625945,1.0837294,1.0701574,0.0,1.0701574,0.26753935
48992,0.13562569,0.007836357,0.263415,0.29667488,0.0,0.29667488,0.07416872
48994,0.034787986,0.008354486,0.061221484,0.054218847,0.0,0.054218847,0.013554712
48997,0.38159207,0.012036759,0.75114745,0.7491624,0.0,0.7491624,0.1872906
49000,0.6485832,0.010915629,1.2862507,1.324313,0.0,1.324313,0.33107826
49003,0.13560604,0.009324188,0.26188788,0.20727044,0.0,0.20727044,0.05181761
49006,0.46067527,0.009898823,0.91145176,1.0024472,0.0,1.0024472,0.2506118
49009,0.10062236,0.011873427,0.1893713,0.13555439,0.0,0.13555439,0.033888597
49012,0.07276114,0.012980578,0.1325417,0.16967303,0.0,0.16967303,0.042418256
49014,0.9268287,0.020181315,1.8334761,1.4969307,0.0,1.4969307,0.37423268
49017,0.026699647,0.020358087,0.03304121,0.03367356,0.0,0.03367356,0.00841839
49020,0.21886356,0.024941662,0.41278544,0.26928207,0.0,0.26928207,0.06732052
49023,0.2967987,0.035366137,0.5582313,0.8338354,0.0,0.8338354,0.20845886
49026,0.9821468,0.027740752,1.9365529,1.5298916,0.0,1.5298916,0.3824729
49029,0.07210666,0.025686443,0.118526876,0.17380129,0.0,0.17380129,0.043450322
49032,0.060254812,0.017283833,0.10322579,0.13962483,0.0,0.13962483,0.03490621
49034,0.024728628,0.014870013,0.034587245,0.054421086,0.0,0.054421086,0.0136052715
49037,0.32317397,0.018841846,0.6275061,0.493674,0.0,0.493674,0.1234185
49040,0.11165106,0.017270653,0.20603149,0.12116601,0.0,0.12116601,0.030291503
49043,0.29074344,0.010119149,0.57136774,0.70664674,0.0,0.70664674,0.17666169
49046,0.073338024,0.008633996,0.13804205,0.10042557,0.0,0.10042557,0.025106393
49049,0.8393545,0.0081005385,1.6706085,1.8719325,0.0,1.8719325,0.46798313
49052,0.2769591,0.0073670703,0.54655117,0.4745632,0.0,0.4745632,0.1186408
49054,0.03001116,0.006719923,0.053302396,0.07466136,0.0,0.07466136,0.01866534
49057,0.11299261,0.00583183,0.22015338,0.16940832,0.0,0.16940832,0.04235208
49060,0.33383822,0.0054049236,0.6622715,0.73276216,0.0,0.73276216,0.18319054
49063,0.23826446,0.0046936963,0.47183523,0.5291106,0.0,0.5291106,0.13227765
49066,0.21065508,0.003964147,0.417346,0.46806753,0.0,0.46806753,0.11701688
49069,0.076837815,0.0034287379,0.15024689,0.18034159,0.0,0.18034159,0.045085397
49072,0.19133334,0.0040345886,0.37863207,0.4343051,0.0,0.4343051,0.108576275
49074,0.033504415,0.0025018558,0.06450698,0.06384959,0.0,0.06384959,0.015962398
49077,0.23417093,0.0031605288,0.46518135,0.41866097,0.0,0.41866097,0.10466524
49080,0.26711285,0.0027143166,0.53151137,0.5678,0.0,0.5678,0.14195
49083,0.19098063,0.0035209015,0.37844038,0.41519928,0.0,0.41519928,0.10379982
49086,0.08496071,0.0044597555,0.16546166,0.1528107,0.0,0.1528107,0.038202673
49089,0.13915859,0.0048267115,0.2734905,0.32932508,0.0,0.32932508,0.08233127
49092,0.21398085,0.0072071957,0.42075452,0.32830185,0.0,0.32830185,0.08207546
49094,0.041512087,0.007841962,0.07518221,0.0575507,0.0,0.0575507,0.014387675
49097,0.09129702,0.006059792,0.17653425,0.23049451,0.0,0.23049451,0.05762363
49100,0.6618368,0.008360218,1.3153135,1.1558989,0.0,1.1558989,0.28897473
49103,0.7174198,0.008668718,1.4261708,1.236127,0.0,1.236127,0.30903175
49106,0.0891228,0.007482046,0.17076355,0.21931314,0.0,0.21931314,0.054828286
49109,0.6232098,0.01058994,1.2358296,1.0572389,0.0,1.0572389,0.26430973
49112,0.39082268,0.013136457,0.7685089,0.9099169,0.0,0.9099169,0.22747922
49114,0.028584808,0.015588246,0.04158137,0.056015294,0.0,0.056015294,0.0140038235
49117,0.8647065,0.017417641,1.7119955,1.4636666,0.0,1.4636666,0.36591664
49120,0.3003564,0.020733023,0.5799797,0.71432143,0.0,0.71432143,0.17858036
49123,0.06493647,0.021201001,0.108671926,0.061212912,0.0,0.061212912,0.015303228
49126,0.097014345,0.014912237,0.17911644,0.1862157,0.0,0.1862157,0.046553925
49129,0.7579228,0.015000452,1.5008451,1.66922,0.0,1.66922,0.417305
49132,0.13319232,0.013882868,0.25250176,0.2207704,0.0,0.2207704,0.0551926
49134,0.11891765,0.015656305,0.222179,0.24872673,0.0,0.24872673,0.06218168
49137,0.39768788,0.017993042,0.7773827,0.6555414,0.0,0.6555414,0.16388535
49140,0.08353812,0.016662883,0.15041338,0.10291883,0.0,0.10291883,0.025729708
49143,0.30921495,0.02234462,0.59608525,0.70202845,0.0,0.70202845,0.17550711
49146,0.24095912,0.026993744,0.4549245,0.32567123,0.0,0.32567123,0.08141781
49149,0.07659175,0.029227586,0.12395593,0.1914103,0.0,0.1914103,0.047852576
49152,0.9318612,0.033454005,1.8302685,1.5775648,0.0,1.5775648,0.3943912
49154,0.074383624,0.038447995,0.11031925,0.09192117,0.0,0.09192117,0.022980293
49157,0.53169054,0.04167525,1.0217057,0.80004007,0.0,0.80004007,0.20001002
49160,0.2677007,0.047547597,0.4878538,0.27617332,0.0,0.27617332,0.06904333
49163,0.38390294,0.05979735,0.7080085,0.45744026,0.0,0.45744026,0.114360064
49166,0.09312173,0.057833806,0.12840965,0.082521215,0.0,0.082521215,0.020630304
49169,0.049786747,0.07697404,0.022599453,0.1468677,0.0,0.1468677,0.036716927
49172,0.63857895,0.06888866,1.2082692,1.498518,0.0,1.498518,0.3746295
49174,0.0631248,0.07957248,0.046677124,0.21260633,0.0,0.21260633,0.05315158
49177,0.09276924,0.08426383,0.10127467,0.31054485,0.0,0.31054485,0.07763621
49180,0.48360264,0.08654713,0.88065815,0.447875,0.0,0.447875,0.11196875
49183,0.20806272,0.10584595,0.31027952,0.17713948,0.0,0.17713948,0.04428487
49186,0.35368383,0.11214156,0.5952261,0.1999725,0.0,0.1999725,0.049993124
49189,0.16762091,0.11586685,0.21937497,0.45494232,0.0,0.45494232,0.11373558
49192,0.1237193,0.13110073,0.11633786,0.14299814,0.0,0.14299814,0.035749536
49194,0.20615403,0.14040864,0.27189943,0.64640975,0.0,0.64640975,0.16160244
49197,0.13238104,0.1269079,0.13785417,0.44300926,0.0,0.44300926,0.110752314
49200,0.15626378,0.15055764,0.16196993,0.53861904,0.0,0.53861904,0.13465476
49203,0.21880113,0.15892808,0.27867416,0.66042167,0.0,0.66042167,0.16510542
49206,0.37458524,0.24310966,0.5060608,0.0963526,0.0,0.0963526,0.02408815
49209,0.4330733,0.26479444,0.6013522,1.6017805,0.0,1.6017805,0.40044513
49212,0.5348266,0.25979993,0.80985326,0.24345846,0.0,0.24345846,0.060864616
49214,0.19604862,0.2579414,0.13415582,0.21086103,0.0,0.21086103,0.052715257
49217,1.4823743,0.2637448,2.701004,1.4046348,0.0,1.4046348,0.3511587
49220,0.43337873,0.24287154,0.6238859,0.12618835,0.0,0.12618835,0.03154709
49223,0.6466547,0.19231468,1.1009947,0.49109888,0.0,0.49109888,0.12277472
49226,0.37106016,0.14408368,0.59803665,0.21377283,0.0,0.21377283,0.05344321
49229,0.35055932,0.111581236,0.5895374,0.26240137,0.0,0.26240137,0.06560034
49232,0.15433772,0.09531888,0.21335657,0.2311589,0.0,0.2311589,0.057789724
49234,0.48367164,0.079155214,0.88818806,1.3811164,0.0,1.3811164,0.3452791
49237,0.11290512,0.060217988,0.16559227,0.05720072,0.0,0.05720072,0.01430018
49240,0.3003337,0.04948361,0.55118376,0.6285761,0.0,0.6285761,0.15714402
49243,0.9913769,0.03781338,1.9449404,1.6115279,0.0,1.6115279,0.40288198
49246,0.27337357,0.028096274,0.5186508,0.43640038,0.0,0.43640038,0.109100096
49249,0.3415152,0.020371202,0.6626592,0.5582286,0.0,0.5582286,0.13955715
49252,0.7335538,0.015422312,1.4516853,1.4768165,0.0,1.4768165,0.36920413
49254,0.08353143,0.012974205,0.15408866,0.094292186,0.0,0.094292186,0.023573047
49257,0.25415495,0.011716545,0.49659336,0.41710111,0.0,0.41710111,0.10427528
49260,0.19237219,0.011589563,0.3731548,0.44950032,0.0,0.44950032,0.11237508
49263,0.27858362,0.012571163,0.544596,0.6094043,0.0,0.6094043,0.15235108
49266,0.14708836,0.015308526,0.27886823,0.17920141,0.0,0.17920141,0.044800352
49269,0.11410644,0.019277817,0.20893507,0.11407369,0.0,0.11407369,0.028518422
49272,0.5152085,0.023150573,1.0072664,0.73785114,0.0,0.73785114,0.18446279
49274,0.03715543,0.023871308,0.05043955,0.104656436,0.0,0.104656436,0.026164109
49277,0.093009464,0.029512106,0.15650682,0.080310695,0.0,0.080310695,0.020077674
49280,0.046844196,0.030065313,0.06362308,0.13099597,0.0,0.13099597,0.032748993
49283,0.71148187,0.02969578,1.393268,1.0331132,0.0,1.0331132,0.2582783
49286,0.46093592,0.03176113,0.8901107,1.1435165,0.0,1.1435165,0.28587914
49289,0.25772664,0.027815895,0.48763737,0.6564265,0.0,0.6564265,0.16410662
49292,0.024326237,0.017997868,0.030654607,0.028965188,0.0,0.028965188,0.007241297
49294,0.16326825,0.018723605,0.3078129,0.19751167,0.0,0.19751167,0.04937792
49297,0.10059401,0.016637137,0.18455087,0.25947654,0.0,0.25947654,0.064869136
49300,0.7351702,0.0073378445,1.4630026,1.3442473,0.0,1.3442473,0.33606184
49303,0.54665464,0.0028426312,1.0904666,1.119068,0.0,1.119068,0.279767
49306,0.29909948,0.002719757,0.5954792,0.6052492,0.0,0.6052492,0.1513123
49309,0.03945103,0.0034207024,0.075481355,0.078768134,0.0,0.078768134,0.019692034
49312,0.068821974,0.003715123,0.13392882,0.15156005,0.0,0.15156005,0.037890013
49314,0.6321866,0.0045819976,1.2597913,1.1870296,0.0,1.1870296,0.2967574
49317,0.24929047,0.004461135,0.4941198,0.4986585,0.0,0.4986585,0.12466463
49320,0.21556067,0.004237786,0.42688358,0.40917364,0.0,0.40917364,0.10229341
49323,0.03704307,0.0038512258,0.07023491,0.07811692,0.0,0.07811692,0.01952923
49326,0.038534995,0.004086481,0.07298351,0.07826986,0.0,0.07826986,0.019567465
49329,0.53247374,0.005033442,1.0599141,1.132548,0.0,1.132548,0.283137
49332,0.14970972,0.004977955,0.29444146,0.25048944,0.0,0.25048944,0.06262236
49334,0.44102907,0.0057754163,0.8762827,0.79895544,0.0,0.79895544,0.19973886
49337,0.1530137,0.0065831537,0.29944426,0.34130058,0.0,0.34130058,0.085325144
49340,0.039982617,0.009894508,0.07007072,0.059055757,0.0,0.059055757,0.014763939
49343,0.30878234,0.0063401847,0.6112245,0.68573815,0.0,0.68573815,0.17143454
49346,0.36770436,0.005954811,0.72945386,0.7763471,0.0,0.7763471,0.19408678
49349,0.21214695,0.0036410142,0.4206529,0.41667557,0.0,0.41667557,0.10416889
49352,0.060246367,0.0034548817,0.117037855,0.10886579,0.0,0.10886579,0.027216448
49354,0.5730123,0.0035581703,1.1424664,1.1611006,0.0,1.1611006,0.29027516
49357,0.05736278,0.0038271286,0.110898435,0.09395704,0.0,0.09395704,0.02348926
49360,0.0137143815,0.0063351076,0.021093657,0.017409602,0.0,0.017409602,0.0043524005
49363,0.6107085,0.0112442635,1.2101727,1.3327075,0.0,1.3327075,0.33317688
49366,0.12744863,0.0143888695,0.24050839,0.31562352,0.0,0.31562352,0.07890588
49369,0.056925874,0.021159073,0.09269267,0.078531854,0.0,0.078531854,0.019632963
49372,0.166438,0.027440088,0.3054359,0.45411023,0.0,0.45411023,0.11352756
49374,0.7898353,0.03144015,1.5482305,1.8050971,0.0,1.8050971,0.45127428
49377,0.478073,0.036623377,0.9195226,1.1390533,0.0,1.1390533,0.28476334
49380,0.6943179,0.03681262,1.3518232,1.0660518,0.0,1.0660518,0.26651296
49383,0.27078918,0.038609933,0.5029684,0.28258747,0.0,0.28258747,0.07064687
49386,0.042755708,0.04376924,0.041742176,0.13758516,0.0,0.13758516,0.03439629
49389,0.10462632,0.05228312,0.1569695,0.08630302,0.0,0.08630302,0.021575755
49392,0.26654497,0.057056338,0.4760336,0.21348841,0.0,0.21348841,0.053372104
49394,0.2108355,0.06028522,0.3613858,0.23362704,0.0,0.23362704,0.05840676
49397,0.63411176,0.064356945,1.2038666,1.6145324,0.0,1.6145324,0.4036331
49400,0.89680535,0.07819483,1.715416,1.1307203,0.0,1.1307203,0.28268006
49403,0.75739354,0.09229883,1.4224882,0.84757185,0.0,0.84757185,0.21189296
49406,0.25379834,0.11667767,0.390919,0.87486714,0.0,0.87486714,0.21871679
49409,0.13150969,0.13425346,0.12876593,0.11050248,0.0,0.11050248,0.02762562
49412,0.10031242,0.14937468,0.051250163,0.15321876,0.0,0.15321876,0.03830469
49414,0.38422,0.1428702,0.62556976,1.2991424,0.0,1.2991424,0.3247856
49417,0.123511255,0.14328359,0.10373893,0.043674786,0.0,0.043674786,0.010918696
49420,0.18320894,0.14355186,0.22286601,0.047627736,0.0,0.047627736,0.011906934
49423,0.36977425,0.15300842,0.58654016,1.2828783,0.0,1.2828783,0.32071957
49426,0.73767847,0.14939308,1.3259639,0.6164723,0.0,0.6164723,0.15411808
49429,0.58526736,0.14221847,1.0283164,0.42143974,0.0,0.42143974,0.105359934
49432,1.3529301,0.15739147,2.5484686,1.4477516,0.0,1.4477516,0.3619379
49434,0.19370328,0.1612901,0.22611643,0.024577893,0.0,0.024577893,0.0061444733
49437,0.117731415,0.16513014,0.07033268,0.23607685,0.0,0.23607685,0.05901921
49440,0.1092343,0.16958211,0.048886504,0.21340208,0.0,0.21340208,0.05335052
49443,0.14551063,0.18419348,0.106827796,0.12733127,0.0,0.12733127,0.031832818
49446,0.16958104,0.19056045,0.14860162,0.5228381,0.0,0.5228381,0.13070953
49449,0.16984384,0.20718646,0.13250123,0.13910516,0.0,0.13910516,0.03477629
49452,0.16537298,0.22518428,0.1055617,0.16875966,0.0,0.16875966,0.042189915
49454,0.13322388,0.19575612,0.07069162,0.13500844,0.0,0.13500844,0.03375211
49457,0.21128555,0.115543485,0.30702764,0.1052801,0.0,0.1052801,0.026320025
49460,0.49152204,0.10260019,0.8804439,0.41171464,0.0,0.41171464,0.10292866
49463,0.4550502,0.0975101,0.8125903,0.3616941,0.0,0.3616941,0.090423524
49466,0.16310805,0.09346178,0.2327543,0.072029516,0.0,0.072029516,0.018007379
49469,0.25069776,0.09114274,0.4102528,0.124105714,0.0,0.124105714,0.031026429
49472,0.10895894,0.097575516,0.12034235,0.09956097,0.0,0.09956097,0.024890242
49474,0.48443255,0.09236336,0.87650174,0.4099755,0.0,0.4099755,0.102493875
49477,0.17828028,0.09025899,0.26630154,0.61052626,0.0,0.61052626,0.15263157
49480,0.50975084,0.090085655,0.929416,0.46144435,0.0,0.46144435,0.11536109
49483,0.25103673,0.09786228,0.40421116,0.8342776,0.0,0.8342776,0.2085694
49486,0.1417508,0.092378356,0.19112325,0.50765884,0.0,0.50765884,0.12691471
49489,0.081010826,0.099519424,0.06250223,0.06864039,0.0,0.06864039,0.017160097
49492,0.240467,0.096897066,0.3840369,0.14972119,0.0,0.14972119,0.037430298
49494,0.39587617,0.08985094,0.7019014,1.2483864,0.0,1.2483864,0.3120966
49497,0.61461437,0.108239286,1.1209894,0.5583008,0.0,0.5583008,0.1395752
49500,0.15333705,0.10911212,0.19756198,0.5284247,0.0,0.5284247,0.13210617
49503,0.10751597,0.098880835,0.116151094,0.032140505,0.0,0.032140505,0.008035126
49506,0.07868435,0.10140113,0.05596758,0.14514737,0.0,0.14514737,0.036286842
49509,0.09185489,0.09069056,0.09301921,0.18627125,0.0,0.18627125,0.046567813
49512,0.090434164,0.08389247,0.096975856,0.14092371,0.0,0.14092371,0.035230927
49514,0.09798648,0.081072636,0.11490032,0.1352704,0.0,0.1352704,0.0338176
49517,0.31638083,0.07846852,0.55429316,1.0111499,0.0,1.0111499,0.25278747
49520,0.16878657,0.07951407,0.25805905,0.08239857,0.0,0.08239857,0.020599643
49523,0.3132132,0.075607665,0.55081874,0.93054205,0.0,0.93054205,0.23263551
49526,0.104819596,0.07744503,0.13219415,0.24249162,0.0,0.24249162,0.060622904
49529,0.2553041,0.07069519,0.439913,0.19595523,0.0,0.19595523,0.048988808
49532,0.057528913,0.0568039,0.058253925,0.10732976,0.0,0.10732976,0.02683244
49534,0.061924785,0.057175342,0.06667423,0.049790565,0.0,0.049790565,0.012447641
49537,0.18157665,0.06033745,0.30281582,0.13442896,0.0,0.13442896,0.03360724
49540,0.18186145,0.05202237,0.3117005,0.14916252,0.0,0.14916252,0.03729063
49543,0.059495915,0.053640466,0.06535136,0.065000564,0.0,0.065000564,0.016250141
49546,0.15882169,0.046947163,0.2706962,0.43496117,0.0,0.43496117,0.10874029
49549,0.3008998,0.02345696,0.5783426,0.40169668,0.0,0.40169668,0.10042417
49552,0.15319948,0.010240343,0.29615864,0.23923858,0.0,0.23923858,0.059809644
49554,0.6486478,0.019952968,1.2773427,1.0129893,0.0,1.0129893,0.25324732
49557,0.15538415,0.021185583,0.28958273,0.44326302,0.0,0.44326302,0.110815756
49560,0.30957693,0.025886426,0.59326744,0.38516203,0.0,0.38516203,0.09629051
49563,0.05694865,0.021082724,0.09281459,0.04845488,0.0,0.04845488,0.01211372
49566,0.039125975,0.02527497,0.052976977,0.055121507,0.0,0.055121507,0.013780377
49569,0.09900722,0.024634494,0.17337994,0.11064422,0.0,0.11064422,0.027661055
49572,0.24787481,0.026937611,0.46881202,0.27578726,0.0,0.27578726,0.068946816
49574,0.039049465,0.026481606,0.051617324,0.03606012,0.0,0.03606012,0.00901503
49577,0.067733794,0.025902724,0.10956487,0.14534517,0.0,0.14534517,0.03633629
49580,0.34875715,0.02781289,0.6697014,0.9539024,0.0,0.9539024,0.2384756
49583,0.15718478,0.03212964,0.2822399,0.49553195,0.0,0.49553195,0.12388299
49586,0.33503434,0.027808353,0.64226025,0.42519143,0.0,0.42519143,0.10629786
49589,0.22118194,0.031685296,0.4106786,0.22380896,0.0,0.22380896,0.05595224
49592,0.26985055,0.034062076,0.505639,0.29742274,0.0,0.29742274,0.074355684
49594,0.4511547,0.036164735,0.86614466,0.5624924,0.0,0.5624924,0.1406231
49597,0.8908027,0.03824504,1.7433604,1.295072,0.0,1.295072,0.323768
49600,0.22398229,0.03504994,0.41291463,0.6472512,0.0,0.6472512,0.1618128
49603,0.16373874,0.03658225,0.29089522,0.42910478,0.0,0.42910478,0.107276194
49606,0.0850705,0.03886915,0.13127185,0.06290605,0.0,0.06290605,0.015726512
49609,0.06876277,0.046512265,0.091013275,0.027638823,0.0,0.027638823,0.0069097057
49612,0.031194523,0.033234667,0.02915438,0.0521287,0.0,0.0521287,0.013032175
49614,0.198321,0.029416194,0.3672258,0.23792136,0.0,0.23792136,0.05948034
49617,0.13204972,0.0249701,0.23912935,0.3543955,0.0,0.3543955,0.08859888
49620,0.030315792,0.028792014,0.031839572,0.029840475,0.0,0.029840475,0.0074601187
49623,0.7845912,0.024655411,1.544527,1.2132998,0.0,1.2132998,0.30332494
49626,0.16641922,0.028058415,0.30478004,0.17738782,0.0,0.17738782,0.044346955
49629,0.035879795,0.03246018,0.039299414,0.023713231,0.0,0.023713231,0.005928308
49632,0.09377154,0.02369059,0.16385247,0.2518452,0.0,0.2518452,0.0629613
49634,0.31002748,0.02283441,0.59722054,0.43468451,0.0,0.43468451,0.10867113
49637,0.06402021,0.018539404,0.109501004,0.055039506,0.0,0.055039506,0.013759877
49640,0.05222897,0.018327788,0.08613014,0.044242803,0.0,0.044242803,0.011060701
49643,0.1600745,0.014530082,0.3056189,0.42447457,0.0,0.42447457,0.10611864
49646,0.23145957,0.012591931,0.45032725,0.33513567,0.0,0.33513567,0.08378392
49649,0.12804107,0.015035973,0.24104618,0.34931755,0.0,0.34931755,0.08732939
49652,0.19329609,0.013555166,0.373037,0.25484768,0.0,0.25484768,0.06371192
49654,0.6049864,0.013523117,1.1964498,0.9983549,0.0,0.9983549,0.24958873
49657,0.23132472,0.019244105,0.4434053,0.2954506,0.0,0.2954506,0.07386265
49660,0.17861809,0.015297477,0.3419387,0.22122061,0.0,0.22122061,0.055305153
49663,0.031639814,0.014583863,0.04869576,0.04149522,0.0,0.04149522,0.010373805
49666,0.12407166,0.011768393,0.23637491,0.15379117,0.0,0.15379117,0.038447794
49669,0.056818884,0.012129697,0.10150807,0.17339025,0.0,0.17339025,0.043347564
49672,0.25493917,0.011810936,0.4980674,0.36009112,0.0,0.36009112,0.09002278
49674,0.21413808,0.012289169,0.41598698,0.5520612,0.0,0.5520612,0.1380153
49677,0.70129037,0.011735854,1.3908448,1.162903,0.0,1.162903,0.29072574
49680,0.13368738,0.018684665,0.24869008,0.18154663,0.0,0.18154663,0.045386657
49683,0.1835146,0.016184727,0.35084447,0.24971908,0.0,0.24971908,0.06242977
49686,0.11930897,0.01957993,0.21903801,0.14496022,0.0,0.14496022,0.036240056
49689,0.59757423,0.021084135,1.1740643,1.420961,0.0,1.420961,0.35524026
49692,0.8801039,0.022098431,1.7381095,1.4387354,0.0,1.4387354,0.35968384
49694,0.51643354,0.023472734,1.0093943,0.7820239,0.0,0.7820239,0.19550598
49697,0.045204222,0.020988835,0.069419615,0.10006312,0.0,0.10006312,0.02501578
49700,0.3914664,0.02412049,0.75881237,0.9153161,0.0,0.9153161,0.22882903
49703,0.20448709,0.026674584,0.38229957,0.32699668,0.0,0.32699668,0.08174917
49706,0.25001493,0.024031147,0.47599873,0.48796716,0.0,0.48796716,0.12199179
49709,1.0977734,0.025865594,2.1696813,1.8444239,0.0,1.8444239,0.46110597
49712,0.10069225,0.02453734,0.17684716,0.16934566,0.0,0.16934566,0.042336415
49714,0.5117813,0.027057633,0.99650496,1.0890712,0.0,1.0890712,0.2722678
49717,0.15058692,0.016834123,0.28433973,0.24288529,0.0,0.24288529,0.060721323
49720,0.02389826,0.011629797,0.036166728,0.047381174,0.0,0.047381174,0.011845293
49723,0.22551961,0.010088119,0.4409511,0.41980806,0.0,0.41980806,0.104952015
49726,0.6340088,0.009650254,1.2583674,1.2710987,0.0,1.2710987,0.31777468
49729,0.69430536,0.008307242,1.3803034,1.3783592,0.0,1.3783592,0.3445898
49732,0.06964558,0.008305508,0.13098566,0.13324279,0.0,0.13324279,0.033310696
49734,0.033523753,0.007323167,0.059724342,0.037440408,0.0,0.037440408,0.009360102
49737,0.4402499,0.00712611,0.8733737,0.9132797,0.0,0.9132797,0.22831993
49740,0.2012132,0.0073545114,0.3950719,0.37754145,0.0,0.37754145,0.09438536
49743,0.06652554,0.0077413185,0.12530977,0.102180384,0.0,0.102180384,0.025545096
49746,0.10717551,0.008810951,0.20554006,0.19312365,0.0,0.19312365,0.048280913
49749,0.26159224,0.008794193,0.5143903,0.44807282,0.0,0.44807282,0.112018205
49752,0.03308572,0.009732422,0.056439012,0.057065964,0.0,0.057065964,0.014266491
49754,0.48192966,0.011585966,0.95227337,0.8763504,0.0,0.8763504,0.2190876
49757,0.28438613,0.012451545,0.5563207,0.46416798,0.0,0.46416798,0.116041996
49760,0.31206325,0.013422988,0.61070347,0.6204753,0.0,0.6204753,0.15511882
49763,0.66317695,0.014522034,1.3118318,1.3693701,0.0,1.3693701,0.34234253
49766,0.67141455,0.016527072,1.3263019,1.1704379,0.0,1.1704379,0.29260948
49769,0.12482888,0.01759965,0.23205812,0.17769681,0.0,0.17769681,0.044424202
49772,0.030930294,0.018518498,0.043342087,0.043747958,0.0,0.043747958,0.010936989
49774,0.68175775,0.020674033,1.3428415,1.089116,0.0,1.089116,0.272279
49777,0.12326894,0.025132991,0.2214049,0.22832032,0.0,0.22832032,0.05708008
49780,0.089165665,0.037836008,0.14049532,0.25498226,0.0,0.25498226,0.063745566
49783,0.1511996,0.04563122,0.256768,0.13983001,0.0,0.13983001,0.034957502
49786,0.23655629,0.049404208,0.42370835,0.6740319,0.0,0.6740319,0.16850798
49789,0.8124675,0.04960674,1.5753282,1.1391212,0.0,1.1391212,0.2847803
49792,0.7420195,0.053808223,1.4302307,0.95643646,0.0,0.95643646,0.23910911
49794,0.17436267,0.055573795,0.2931516,0.47200027,0.0,0.47200027,0.11800007
49797,0.09559057,0.04857705,0.14260408,0.038013548,0.0,0.038013548,0.009503387
49800,0.06272539,0.033890564,0.09156021,0.15799345,0.0,0.15799345,0.039498363
49803,0.9850712,0.030336509,1.9398059,1.548306,0.0,1.548306,0.3870765
49806,0.11960896,0.026453106,0.21276481,0.23253667,0.0,0.23253667,0.05813417
49809,0.36367974,0.019409316,0.7079501,0.54517186,0.0,0.54517186,0.13629296
49811,0.043969702,0.020491341,0.067448065,0.07439296,0.0,0.07439296,0.01859824
49814,0.20013191,0.014369921,0.3858939,0.31209397,0.0,0.31209397,0.07802349
49817,0.03995652,0.0154674435,0.0644456,0.029858038,0.0,0.029858038,0.0074645095
49820,0.10468695,0.014409997,0.19496392,0.22632593,0.0,0.22632593,0.056581482
49823,0.07220468,0.014549577,0.12985979,0.18677044,0.0,0.18677044,0.04669261
49826,0.07259966,0.016299764,0.12889956,0.15586811,0.0,0.15586811,0.03896703
49829,0.8706282,0.015304086,1.7259523,1.5058521,0.0,1.5058521,0.37646303
49831,0.06869697,0.014352257,0.12304167,0.14522958,0.0,0.14522958,0.036307395
49834,0.3579972,0.01287476,0.7031197,0.619659,0.0,0.619659,0.15491475
49837,0.77770466,0.01215342,1.5432558,1.6464281,0.0,1.6464281,0.41160703
49840,0.68746066,0.010981093,1.3639402,1.4329163,0.0,1.4329163,0.35822907
49843,0.076198496,0.009880464,0.14251654,0.18877022,0.0,0.18877022,0.047192555
49846,0.12221325,0.010177308,0.23424919,0.199139,0.0,0.199139,0.04978475
49849,0.04045001,0.009907257,0.07099277,0.08968059,0.0,0.08968059,0.022420147
49851,0.051111355,0.010841358,0.09138135,0.06258061,0.0,0.06258061,0.015645152
49854,0.47195533,0.011125695,0.932785,0.8382778,0.0,0.8382778,0.20956945
49857,0.3425319,0.0134725,0.6715913,0.7622238,0.0,0.7622238,0.19055595
49860,0.48429465,0.016504958,0.95208436,1.0982562,0.0,1.0982562,0.27456406
49863,0.09437426,0.02040607,0.16834246,0.25514886,0.0,0.25514886,0.063787214
49866,0.1092229,0.024558729,0.19388707,0.20255494,0.0,0.20255494,0.050638735
49869,1.1023589,0.03931007,2.165408,1.694568,0.0,1.694568,0.423642
49871,0.09127339,0.031308904,0.15123786,0.28532127,0.0,0.28532127,0.07133032
49874,0.22966982,0.03518456,0.42415512,0.22770862,0.0,0.22770862,0.056927156
49877,0.33651936,0.044540394,0.6284983,0.9484752,0.0,0.9484752,0.2371188
49880,0.07259045,0.053581078,0.09159982,0.21644436,0.0,0.21644436,0.05411109
49883,0.4164157,0.058662385,0.77416897,0.45268035,0.0,0.45268035,0.11317009
49886,0.10999177,0.067209095,0.15277445,0.34850827,0.0,0.34850827,0.08712707
49889,0.07169122,0.07238814,0.07099431,0.2035995,0.0,0.2035995,0.050899874
49891,0.3934622,0.07578225,0.71114224,0.34911776,0.0,0.34911776,0.08727944
49894,0.0728017,0.059378464,0.086224936,0.2217782,0.0,0.2217782,0.05544455
49897,0.7931487,0.047752414,1.538545,1.0858817,0.0,1.0858817,0.27147043
49900,0.32708403,0.046900515,0.60726756,0.34893906,0.0,0.34893906,0.087234765
49903,1.0211885,0.050049987,1.9923271,1.4425784,0.0,1.4425784,0.3606446
49906,0.30686316,0.050324503,0.56340176,0.30727878,0.0,0.30727878,0.076819696
49909,0.07265497,0.05387264,0.0914373,0.07152117,0.0,0.07152117,0.017880293
49911,0.9335525,0.071747035,1.7953581,1.1907142,0.0,1.1907142,0.29767856
49914,0.17703764,0.07485152,0.27922377,0.10941231,0.0,0.10941231,0.027353078
49917,0.2865843,0.045683067,0.52748555,0.29115495,0.0,0.29115495,0.07278874
49920,0.055709828,0.03859147,0.07282818,0.022218673,0.0,0.022218673,0.005554668
49923,0.15054421,0.045761067,0.25532737,0.4179372,0.0,0.4179372,0.1044843
49926,0.19598441,0.058779735,0.33318904,0.12258089,0.0,0.12258089,0.030645223
49929,0.64903855,0.068455815,1.2296213,0.79035014,0.0,0.79035014,0.19758753
49931,0.41448566,0.07374095,0.75523037,0.3792369,0.0,0.3792369,0.09480923
49934,0.47171357,0.07280593,0.8706212,0.48729292,0.0,0.48729292,0.12182323
49937,0.10288507,0.06911427,0.13665588,0.3518115,0.0,0.3518115,0.087952875
49940,0.61406314,0.07785804,1.1502682,1.6971534,0.0,1.6971534,0.42428836
49943,0.52794945,0.09574673,0.96015215,0.47421956,0.0,0.47421956,0.11855489
49946,0.2028104,0.10932309,0.2962977,0.6542053,0.0,0.6542053,0.16355133
49949,0.9824221,0.09048668,1.8743576,1.2291454,0.0,1.2291454,0.30728635
49951,0.46095368,0.07185275,0.85005456,0.43967676,0.0,0.43967676,0.10991919
49954,0.601304,0.06473178,1.1378763,1.6335196,0.0,1.6335196,0.4083799
49957,0.5716441,0.05931316,1.0839752,0.6695617,0.0,0.6695617,0.16739042
49960,0.34821495,0.06775031,0.6286796,1.003653,0.0,1.003653,0.25091326
49963,0.46806267,0.09229427,0.84383106,0.39337125,0.0,0.39337125,0.09834281
49966,0.2242905,0.084068656,0.36451235,0.11735948,0.0,0.11735948,0.02933987
49969,0.17172627,0.09789794,0.24555461,0.051450852,0.0,0.051450852,0.012862713
49971,0.07812848,0.09622269,0.060034275,0.038029056,0.0,0.038029056,0.009507264
49974,0.5495785,0.10769441,0.9914625,0.48473096,0.0,0.48473096,0.12118274
49977,0.17268693,0.12150457,0.22386928,0.4750978,0.0,0.4750978,0.11877445
49980,0.48080656,0.12277117,0.8388419,1.5621449,0.0,1.5621449,0.39053622
49983,0.20947307,0.12481654,0.2941296,0.62848717,0.0,0.62848717,0.15712179
49986,0.093681335,0.10910914,0.07825353,0.033650305,0.0,0.033650305,0.008412576
49989,0.1929847,0.11357079,0.27239862,0.06174026,0.0,0.06174026,0.015435065
49991,0.08287559,0.10309716,0.06265402,0.14519094,0.0,0.14519094,0.036297735
49994,0.42219916,0.0937063,0.75069207,1.1416367,0.0,1.1416367,0.28540918
49997,0.39359775,0.08346995,0.7037256,1.0065854,0.0,1.0065854,0.25164634
50000,0.32381257,0.07460322,0.5730219,0.32419136,0.0,0.32419136,0.08104784
50003,0.11796654,0.07534768,0.1605854,0.25265095,0.0,0.25265095,0.06316274
50006,0.070241265,0.034832053,0.10565048,0.034640044,0.0,0.034640044,0.008660011
50009,0.1851483,0.023890862,0.34640574,0.23327617,0.0,0.23327617,0.058319043
50011,0.024052627,0.017280739,0.030824518,0.019942736,0.0,0.019942736,0.004985684
50014,0.11221207,0.016767675,0.20765646,0.12731707,0.0,0.12731707,0.031829268
50017,0.50938696,0.0131411925,1.0056328,0.8258076,0.0,0.8258076,0.2064519
50020,0.6238835,0.016137077,1.23163,1.0212048,0.0,1.0212048,0.2553012
50023,0.6451984,0.016063651,1.2743331,1.0529011,0.0,1.0529011,0.2632253
50026,0.31587705,0.024116943,0.60763717,0.41256556,0.0,0.41256556,0.10314139
50029,0.16702725,0.0280866,0.30596793,0.16146651,0.0,0.16146651,0.040366627
50031,0.20462477,0.028351681,0.38089788,0.21706791,0.0,0.21706791,0.054266978
50034,0.03787065,0.026003413,0.04973789,0.019364316,0.0,0.019364316,0.004841079
50037,0.6354196,0.026429081,1.2444102,0.9623087,0.0,0.9623087,0.24057718
50040,0.078870766,0.02267992,0.1350616,0.12205268,0.0,0.12205268,0.03051317
50043,0.33524552,0.020313641,0.6501774,0.45021212,0.0,0.45021212,0.11255303
50046,0.0798608,0.024937784,0.13478382,0.075753756,0.0,0.075753756,0.018938439
50049,0.07910198,0.02797381,0.13023014,0.101347804,0.0,0.101347804,0.025336951
50051,0.095191844,0.031410005,0.15897368,0.101285435,0.0,0.101285435,0.025321359
50054,0.09722215,0.023465445,0.17097884,0.29714376,0.0,0.29714376,0.07428594
50057,0.08126122,0.027993636,0.1345288,0.06825975,0.0,0.06825975,0.017064938
50060,0.34932327,0.057928953,0.64071757,0.3240039,0.0,0.3240039,0.081000976
50063,0.065801755,0.051318835,0.08028468,0.08561615,0.0,0.08561615,0.021404037
50066,0.6201714,0.0518035,1.1885394,0.7604423,0.0,0.7604423,0.19011058
50069,0.43575954,0.06341649,0.8081026,1.2921826,0.0,1.2921826,0.32304564
50071,0.34291232,0.05948631,0.6263383,0.32011822,0.0,0.32011822,0.080029555
50074,0.08168975,0.059681002,0.103698514,0.021124497,0.0,0.021124497,0.0052811243
50077,0.18986295,0.06654175,0.3131841,0.56548136,0.0,0.56548136,0.14137034
50080,0.41525933,0.06896763,0.76155096,0.42443255,0.0,0.42443255,0.10610814
50083,0.24934004,0.04752007,0.45115998,0.7244253,0.0,0.7244253,0.18110633
50086,0.1591446,0.04237606,0.27591315,0.16465418,0.0,0.16465418,0.041163545
50089,0.21630724,0.04914671,0.38346776,0.20842974,0.0,0.20842974,0.052107435
50091,0.21714194,0.042308856,0.39197505,0.26501337,0.0,0.26501337,0.06625334
50094,0.8864253,0.040027607,1.732823,1.3366389,0.0,1.3366389,0.33415973
50097,0.2636306,0.03164995,0.49561128,0.35183156,0.0,0.35183156,0.08795789
50100,0.22052628,0.026178574,0.414874,0.5498732,0.0,0.5498732,0.1374683
50103,0.182763,0.026660904,0.33886507,0.5129085,0.0,0.5129085,0.12822713
50106,0.34782383,0.021121748,0.6745259,0.82354146,0.0,0.82354146,0.20588537
50109,0.33501258,0.0154500725,0.65457517,0.8076618,0.0,0.8076618,0.20191544
50111,0.29343104,0.014008389,0.5728537,0.49085057,0.0,0.49085057,0.12271264
50114,0.13889052,0.010326472,0.2674546,0.29687726,0.0,0.29687726,0.074219316
50117,0.34555292,0.0061472445,0.68495864,0.668353,0.0,0.668353,0.16708826
50120,0.14047596,0.008060281,0.27289164,0.22896542,0.0,0.22896542,0.057241354
50123,0.23206075,0.008317943,0.45580354,0.48815966,0.0,0.48815966,0.122039914
50126,0.6494943,0.006954577,1.292034,1.226479,0.0,1.226479,0.30661976
50129,0.09681946,0.0051009157,0.18853801,0.2182555,0.0,0.2182555,0.054563876
50131,0.67316884,0.005064916,1.3412727,1.2931062,0.0,1.2931062,0.32327655
50134,0.15370293,0.0037509676,0.3036549,0.2791085,0.0,0.2791085,0.06977712
50137,0.6809835,0.003906662,1.3580602,1.3592759,0.0,1.3592759,0.33981898
50140,0.6127357,0.00415967,1.2213117,1.1360283,0.0,1.1360283,0.28400707
50143,0.037853632,0.0049495455,0.070757724,0.07633863,0.0,0.07633863,0.019084657
50146,0.12318445,0.005664797,0.2407041,0.29698518,0.0,0.29698518,0.074246295
50149,0.053011507,0.005706972,0.10031604,0.067988165,0.0,0.067988165,0.016997041
50151,0.24122,0.0068494417,0.47559056,0.50637144,0.0,0.50637144,0.12659286
50154,0.17922027,0.006308414,0.35213217,0.30038747,0.0,0.30038747,0.07509687
50157,0.04274423,0.007451141,0.07803732,0.06852592,0.0,0.06852592,0.01713148
50160,0.66876894,0.008342743,1.3291951,1.1606712,0.0,1.1606712,0.2901678
50163,0.3211011,0.012129257,0.6300729,0.48044002,0.0,0.48044002,0.120110005
50166,0.26742154,0.016656749,0.51818633,0.39092278,0.0,0.39092278,0.097730696
50169,0.06860048,0.020055924,0.11714504,0.06692227,0.0,0.06692227,0.016730567
50171,0.13389209,0.022569895,0.24521428,0.14920758,0.0,0.14920758,0.037301894
50174,0.12739266,0.026360482,0.22842486,0.35915542,0.0,0.35915542,0.089788854
50177,0.49547815,0.025387451,0.96556884,1.2749639,0.0,1.2749639,0.31874096
50180,0.0428052,0.028220823,0.057389576,0.051701248,0.0,0.051701248,0.012925312
50183,0.51385134,0.02933985,0.99836284,0.73578525,0.0,0.73578525,0.18394631
50186,0.47464976,0.023003615,0.92629594,1.2220643,0.0,1.2220643,0.30551606
50189,0.91494364,0.020483099,1.809404,1.4692014,0.0,1.4692014,0.36730036
50191,0.04417764,0.023895042,0.06446024,0.07889153,0.0,0.07889153,0.019722883
50194,0.14586726,0.021898255,0.26983628,0.41399536,0.0,0.41399536,0.10349884
50197,0.17080522,0.019038772,0.32257167,0.19548984,0.0,0.19548984,0.04887246
50200,0.028244982,0.018255306,0.038234662,0.03517553,0.0,0.03517553,0.008793882
50203,0.045179587,0.013113052,0.077246115,0.049778122,0.0,0.049778122,0.012444531
50206,0.12967436,0.020533264,0.23881547,0.37873745,0.0,0.37873745,0.09468436
50209,0.1719042,0.020003362,0.32380506,0.18852262,0.0,0.18852262,0.047130655
50211,0.07189863,0.019525575,0.12427169,0.14676048,0.0,0.14676048,0.03669012
50214,0.12427112,0.017153986,0.23138826,0.26166642,0.0,0.26166642,0.065416604
50217,0.8948381,0.023266897,1.7664093,1.4317799,0.0,1.4317799,0.35794497
50220,0.19212992,0.026214851,0.358045,0.5410497,0.0,0.5410497,0.13526243
50223,0.5127259,0.029864931,0.9955869,0.71864146,0.0,0.71864146,0.17966036
50226,0.1466409,0.036356255,0.25692555,0.15373589,0.0,0.15373589,0.038433973
50229,0.8948721,0.04341386,1.7463304,1.340662,0.0,1.340662,0.3351655
50231,0.26723316,0.052390974,0.48207536,0.7783146,0.0,0.7783146,0.19457865
50234,0.58961433,0.06564798,1.1135807,0.7092965,0.0,0.7092965,0.17732413
50237,0.30752775,0.07256114,0.54249436,0.22200222,0.0,0.22200222,0.055500556
50240,0.40323016,0.08320098,0.72325927,0.3205043,0.0,0.3205043,0.08012608
50243,0.35365114,0.10340947,0.6038928,0.21501197,0.0,0.21501197,0.053752992
50246,0.17212875,0.11714735,0.22711019,0.0635226,0.0,0.0635226,0.01588065
50249,0.26556876,0.1280909,0.40304664,0.82963276,0.0,0.82963276,0.20740819
50251,0.5479974,0.12582333,0.97017145,0.40808287,0.0,0.40808287,0.10202072
50254,0.15572582,0.12907813,0.18237352,0.02930189,0.0,0.02930189,0.0073254723
50257,0.1514502,0.14455159,0.15834883,0.14043476,0.0,0.14043476,0.03510869
50260,0.7363135,0.1479689,1.324658,0.61926,0.0,0.61926,0.154815
50263,0.16257669,0.13981877,0.18533461,0.5774407,0.0,0.5774407,0.14436017
50266,0.35908458,0.13703993,0.58112925,0.24331033,0.0,0.24331033,0.060827583
50269,1.009824,0.14698525,1.8726629,1.0084654,0.0,1.0084654,0.25211635
50271,0.36317196,0.13962369,0.5867202,0.17513423,0.0,0.17513423,0.043783557
50274,0.13048275,0.13941269,0.1215528,0.06956489,0.0,0.06956489,0.017391222
50277,0.12785648,0.12753916,0.12817381,0.038960353,0.0,0.038960353,0.009740088
50280,0.1563172,0.1292842,0.1833502,0.47087517,0.0,0.47087517,0.11771879
50283,0.83364147,0.118762515,1.5485204,0.84153336,0.0,0.84153336,0.21038334
50286,0.16295815,0.12884311,0.19707318,0.35985234,0.0,0.35985234,0.089963086
50289,1.1566647,0.11463374,2.198696,1.3546034,0.0,1.3546034,0.33865085
50291,0.23877627,0.10659722,0.37095532,0.105508335,0.0,0.105508335,0.026377084
50294,0.3075799,0.110040344,0.5051195,0.21014766,0.0,0.21014766,0.052536916
50297,0.6061036,0.110150844,1.1020564,0.65579075,0.0,0.65579075,0.16394769
50300,0.091932945,0.10766234,0.07620354,0.051351618,0.0,0.051351618,0.0128379045
50303,1.0768532,0.0971447,2.0565615,1.2942729,0.0,1.2942729,0.32356822
50306,0.90630835,0.073346555,1.7392701,1.1243453,0.0,1.1243453,0.28108633
50309,0.08353927,0.08350319,0.08357536,0.048087943,0.0,0.048087943,0.012021986
50311,0.14912474,0.09022686,0.20802264,0.058301028,0.0,0.058301028,0.014575257
50314,0.069797285,0.06756986,0.07202471,0.04696216,0.0,0.04696216,0.01174054
50317,0.059654336,0.055247556,0.06406111,0.050875872,0.0,0.050875872,0.012718968
50320,0.17219287,0.04376504,0.3006207,0.46092188,0.0,0.46092188,0.11523047
50323,0.05067796,0.018418819,0.0829371,0.055811808,0.0,0.055811808,0.013952952
50326,0.05062105,0.012290709,0.0889514,0.08370014,0.0,0.08370014,0.020925036
50329,0.61086196,0.010984491,1.2107394,1.3467468,0.0,1.3467468,0.3366867
50331,0.17161722,0.012746904,0.33048755,0.2248949,0.0,0.2248949,0.056223724
50334,0.052980497,0.013668608,0.09229239,0.09041494,0.0,0.09041494,0.022603735
50337,0.07216625,0.012881723,0.13145077,0.18432145,0.0,0.18432145,0.046080362
50340,0.42588222,0.014598132,0.8371663,0.6815726,0.0,0.6815726,0.17039315
50343,0.091350876,0.0186,0.16410175,0.27296594,0.0,0.27296594,0.068241484
50346,0.32528305,0.02990979,0.6206563,0.3956224,0.0,0.3956224,0.0989056
50349,0.098163925,0.03326892,0.16305892,0.2984034,0.0,0.2984034,0.07460085
50351,0.053149763,0.025249006,0.08105052,0.10124719,0.0,0.10124719,0.025311798
50354,0.06429771,0.02313833,0.105457105,0.15369819,0.0,0.15369819,0.038424548
50357,0.3646798,0.05211097,0.67724866,1.0619174,0.0,1.0619174,0.26547936
50360,0.072674215,0.049158096,0.09619033,0.1268234,0.0,0.1268234,0.03170585
50363,0.32711592,0.043797154,0.6104347,0.8249591,0.0,0.8249591,0.20623977
50366,0.041064393,0.037879974,0.04424881,0.039042547,0.0,0.039042547,0.009760637
50369,0.22817427,0.039498363,0.41685018,0.48708907,0.0,0.48708907,0.12177227
50371,0.25360262,0.034245383,0.47295988,0.541259,0.0,0.541259,0.13531475
50374,0.102186,0.036229726,0.16814227,0.2097023,0.0,0.2097023,0.052425575
50377,0.08695827,0.03322798,0.14068855,0.08006757,0.0,0.08006757,0.020016892
50380,0.68366265,0.03271042,1.3346149,1.037344,0.0,1.037344,0.259336
50383,0.041043114,0.02944898,0.052637246,0.067236096,0.0,0.067236096,0.016809024
50386,0.02752922,0.027336337,0.0277221,0.04184574,0.0,0.04184574,0.010461435
50389,0.024301708,0.023776047,0.024827369,0.027822817,0.0,0.027822817,0.006955704
50391,0.17615974,0.020825414,0.33149406,0.27721322,0.0,0.27721322,0.069303304
50394,0.23066954,0.020506775,0.4408323,0.38194928,0.0,0.38194928,0.09548732
50397,0.106062114,0.015052403,0.19707184,0.176269,0.0,0.176269,0.04406725
50400,0.7259479,0.013971855,1.437924,1.4641943,0.0,1.4641943,0.36604857
50403,0.22824965,0.01400468,0.44249463,0.41368154,0.0,0.41368154,0.103420384
50406,0.10034302,0.010817234,0.18986881,0.1431555,0.0,0.1431555,0.035788875
50409,0.33111688,0.011844334,0.65038943,0.61708754,0.0,0.61708754,0.15427189
50411,0.26280287,0.012147131,0.5134586,0.50968987,0.0,0.50968987,0.12742247
50414,0.11911189,0.011909366,0.22631441,0.2557439,0.0,0.2557439,0.06393597
50417,0.025354937,0.012474864,0.038235012,0.043501828,0.0,0.043501828,0.010875457
50420,0.09119577,0.013716525,0.16867502,0.1709267,0.0,0.1709267,0.042731676
50423,0.3742213,0.015161936,0.73328066,0.7302453,0.0,0.7302453,0.18256132
50426,0.05503464,0.017493023,0.092576265,0.12391914,0.0,0.12391914,0.030979784
50429,0.35063246,0.020699965,0.68056494,0.744214,0.0,0.744214,0.1860535
50431,0.18973815,0.022365011,0.3571113,0.39280367,0.0,0.39280367,0.09820092
50434,0.18800628,0.022709353,0.3533032,0.41559973,0.0,0.41559973,0.10389993
50437,0.06742463,0.024112409,0.11073687,0.0767242,0.0,0.0767242,0.01918105
50440,0.12364236,0.025916403,0.22136833,0.14098631,0.0,0.14098631,0.035246577
50443,0.059316088,0.034106992,0.08452519,0.037843417,0.0,0.037843417,0.009460854
50446,0.4384842,0.035160568,0.84180784,0.56137305,0.0,0.56137305,0.14034326
50449,0.130587,0.040884793,0.22028922,0.39029798,0.0,0.39029798,0.097574495
50451,0.060385864,0.041464105,0.07930762,0.11155188,0.0,0.11155188,0.02788797
50454,0.057864618,0.059925754,0.05580348,0.10832023,0.0,0.10832023,0.027080057
50457,0.48107794,0.08046637,0.88168955,0.49227074,0.0,0.49227074,0.123067684
50460,0.25141153,0.06394962,0.4388734,0.20333599,0.0,0.20333599,0.050833996
50463,0.10860423,0.070842475,0.14636599,0.14399302,0.0,0.14399302,0.035998255
50466,0.29578212,0.082870856,0.5086934,0.2489715,0.0,0.2489715,0.062242877
50469,0.08527311,0.089874685,0.08067154,0.12773353,0.0,0.12773353,0.031933382
50471,0.112552226,0.07122809,0.15387635,0.31676582,0.0,0.31676582,0.079191454
50474,0.27612367,0.058599036,0.4936483,0.26472008,0.0,0.26472008,0.06618002
50477,0.11251516,0.061285656,0.16374467,0.2539555,0.0,0.2539555,0.06348888
50480,0.27351192,0.047255103,0.49976873,0.27097726,0.0,0.27097726,0.067744315
50483,0.043792736,0.047520313,0.04006516,0.101399474,0.0,0.101399474,0.025349868
50486,0.044576723,0.04573877,0.043414682,0.04979978,0.0,0.04979978,0.012449945
50489,0.04201858,0.044956226,0.039080936,0.08780035,0.0,0.08780035,0.021950087
50491,0.99771816,0.04684977,1.9485866,1.4910449,0.0,1.4910449,0.37276122
50494,0.071229756,0.035939734,0.10651978,0.12519825,0.0,0.12519825,0.03129956
50497,0.10675528,0.023818368,0.18969218,0.119100876,0.0,0.119100876,0.029775219
50500,0.31207848,0.024105266,0.6000517,0.81175023,0.0,0.81175023,0.20293756
50503,0.520907,0.013465631,1.0283483,1.1742415,0.0,1.1742415,0.2935604
50506,0.33820343,0.010495122,0.66591173,0.5459216,0.0,0.5459216,0.1364804
50509,0.47830173,0.011812579,0.94479084,0.7995532,0.0,0.7995532,0.1998883
50511,0.05303286,0.009796671,0.09626905,0.12466356,0.0,0.12466356,0.03116589
50514,0.071070455,0.010793296,0.13134761,0.15422025,0.0,0.15422025,0.038555063
50517,0.15908287,0.0044313935,0.31373438,0.26548886,0.0,0.26548886,0.066372216
50520,0.6016236,0.0052381437,1.1980091,1.0906007,0.0,1.0906007,0.27265018
50523,0.53205776,0.004502444,1.0596131,1.0181465,0.0,1.0181465,0.25453663
50526,0.08418163,0.00520789,0.16315536,0.16287182,0.0,0.16287182,0.040717956
50529,0.3117045,0.006743759,0.6166652,0.71915954,0.0,0.71915954,0.17978989
50531,0.090984814,0.0061866674,0.17578296,0.21975426,0.0,0.21975426,0.054938566
50534,0.082471974,0.007931523,0.15701242,0.1983136,0.0,0.1983136,0.0495784
50537,0.0288689,0.009310295,0.048427507,0.059817046,0.0,0.059817046,0.0149542615
50540,0.3775653,0.018784523,0.73634607,0.5732302,0.0,0.5732302,0.14330755
50543,0.45163918,0.009447205,0.8938312,0.7783235,0.0,0.7783235,0.19458087
50546,0.19863802,0.011954193,0.38532186,0.32626957,0.0,0.32626957,0.08156739
50549,0.12971298,0.020286828,0.23913912,0.28346524,0.0,0.28346524,0.07086631
50551,0.051560547,0.024805432,0.07831566,0.03127631,0.0,0.03127631,0.007819078
50554,0.7568214,0.01595416,1.4976887,1.2968568,0.0,1.2968568,0.3242142
50557,0.021809168,0.011698529,0.031919807,0.046904553,0.0,0.046904553,0.011726138
50560,0.03480226,0.010354287,0.059250236,0.0770218,0.0,0.0770218,0.01925545
50563,0.19556302,0.010579,0.38054705,0.39075413,0.0,0.39075413,0.09768853
50566,0.51752466,0.013435534,1.0216137,0.9380498,0.0,0.9380498,0.23451245
50569,0.20392984,0.013860595,0.3939991,0.36363444,0.0,0.36363444,0.09090861
50571,0.024112716,0.012008093,0.036217336,0.053600054,0.0,0.053600054,0.013400014
50574,0.85861087,0.011498779,1.7057229,1.5831505,0.0,1.5831505,0.39578763
50577,0.47219345,0.010621679,0.9337652,0.84333783,0.0,0.84333783,0.21083446
50580,0.078721404,0.008849064,0.14859374,0.14234121,0.0,0.14234121,0.035585303
50583,0.475419,0.00827159,0.9425664,0.9353196,0.0,0.9353196,0.2338299
50586,0.26231876,0.008514992,0.5161225,0.4869798,0.0,0.4869798,0.12174495
50589,0.17419897,0.008533749,0.33986416,0.3083997,0.0,0.3083997,0.07709993
50591,0.09361416,0.009654771,0.17757355,0.20822777,0.0,0.20822777,0.052056942
50594,0.037381995,0.010825567,0.06393843,0.054310266,0.0,0.054310266,0.0135775665
50597,0.20178147,0.013154273,0.39040866,0.43965104,0.0,0.43965104,0.10991276
50600,0.082382284,0.018992092,0.14577247,0.1850677,0.0,0.1850677,0.046266925
50603,0.044595037,0.024654694,0.06453539,0.06111696,0.0,0.06111696,0.01527924
50606,0.39902827,0.032995958,0.7650606,0.6569419,0.0,0.6569419,0.16423547
50609,0.10407182,0.04247886,0.16566478,0.12599356,0.0,0.12599356,0.03149839
50611,0.22387357,0.053506393,0.39424077,0.16794996,0.0,0.16794996,0.04198749
50614,0.06975901,0.064870685,0.074647345,0.025652334,0.0,0.025652334,0.0064130835
50617,0.33108866,0.07285735,0.58932,0.28144896,0.0,0.28144896,0.07036224
50620,0.8244073,0.08505019,1.5637642,1.0435177,0.0,1.0435177,0.26087943
50623,0.9601248,0.0930615,1.8271881,1.2686695,0.0,1.2686695,0.31716737
50626,0.54376346,0.12823369,0.9592932,0.4468607,0.0,0.4468607,0.111715175
50629,0.55417454,0.15219267,0.95615643,1.5050029,0.0,1.5050029,0.3762507
50631,0.27409872,0.16537663,0.38282084,0.10343031,0.0,0.10343031,0.025857577
50634,0.27576718,0.17722286,0.37431145,0.113653354,0.0,0.113653354,0.028413339
50637,0.24719417,0.21027799,0.28411034,0.03480223,0.0,0.03480223,0.008700557
50640,0.32647726,0.20814061,0.44481388,0.09914855,0.0,0.09914855,0.024787137
50643,0.65019697,0.21582484,1.0845691,0.3780667,0.0,0.3780667,0.09451667
50646,0.87691075,0.28130424,1.4725174,0.50209516,0.0,0.50209516,0.12552379
50649,0.7451932,0.3071961,1.1831902,0.3388472,0.0,0.3388472,0.0847118
50651,0.17249857,0.2767259,0.06827123,0.2988621,0.0,0.2988621,0.074715525
50654,0.2069818,0.2840107,0.1299529,0.26676413,0.0,0.26676413,0.06669103
50657,0.21881376,0.2771614,0.16046612,0.058913782,0.0,0.058913782,0.014728446
50660,0.3614799,0.27722642,0.4457334,0.057216644,0.0,0.057216644,0.014304161
50663,0.21544516,0.25353548,0.17735487,0.111959934,0.0,0.111959934,0.027989984
50666,0.28516483,0.22610219,0.34422746,0.037493426,0.0,0.037493426,0.009373357
50669,0.4905105,0.23210303,0.748918,0.18509877,0.0,0.18509877,0.04627469
50671,0.21474224,0.22740501,0.20207947,0.3989543,0.0,0.3989543,0.099738576
50674,0.62795186,0.21220033,1.0437034,0.40803012,0.0,0.40803012,0.10200753
50677,0.46187755,0.20207421,0.7216809,0.19950807,0.0,0.19950807,0.049877018
50680,0.15327652,0.21659036,0.08996268,0.32451287,0.0,0.32451287,0.08112822
50683,0.19942592,0.20839222,0.19045961,0.47746876,0.0,0.47746876,0.11936719
50686,0.17402482,0.18644875,0.16160087,0.024850601,0.0,0.024850601,0.0062126503
50689,0.963002,0.17666848,1.7493356,0.85608655,0.0,0.85608655,0.21402164
50691,0.66839266,0.17068626,1.166099,0.5194557,0.0,0.5194557,0.12986392
50694,0.19432993,0.11892235,0.2697375,0.5793283,0.0,0.5793283,0.14483207
50697,0.08491816,0.09375042,0.0760859,0.19871224,0.0,0.19871224,0.04967806
50700,0.07530742,0.0670393,0.08357554,0.22538964,0.0,0.22538964,0.05634741
50703,0.33491734,0.06686429,0.6029704,0.29349682,0.0,0.29349682,0.073374204
50706,0.09218631,0.05287403,0.1314986,0.057133675,0.0,0.057133675,0.014283419
50709,0.087824374,0.04551387,0.13013488,0.29901448,0.0,0.29901448,0.07475362
50711,0.08021665,0.040794134,0.11963918,0.11975897,0.0,0.11975897,0.029939743
50714,0.22318892,0.0378776,0.40850022,0.6600389,0.0,0.6600389,0.16500972
50717,0.3740388,0.038544618,0.7095329,0.9761966,0.0,0.9761966,0.24404915
50720,0.5906627,0.041610118,1.1397153,0.8128288,0.0,0.8128288,0.2032072
50723,0.09095115,0.045859795,0.13604252,0.13370766,0.0,0.13370766,0.033426914
50726,0.08064661,0.051130533,0.11016268,0.060857195,0.0,0.060857195,0.015214299
50729,0.08253419,0.061505098,0.10356327,0.060232718,0.0,0.060232718,0.015058179
50731,0.14760709,0.075051576,0.22016259,0.08077652,0.0,0.08077652,0.02019413
50734,0.11517999,0.07401857,0.15634142,0.41503802,0.0,0.41503802,0.103759505
50737,0.19904189,0.07692176,0.321162,0.67232746,0.0,0.67232746,0.16808186
50740,0.12176787,0.09532577,0.14820997,0.41729188,0.0,0.41729188,0.10432297
50743,0.24107487,0.11766839,0.36448136,0.12480321,0.0,0.12480321,0.031200802
50746,0.08834257,0.113481015,0.06320412,0.06392077,0.0,0.06392077,0.015980193
50748,0.0885092,0.10568565,0.07133275,0.16620162,0.0,0.16620162,0.041550405
50751,0.26365376,0.11873731,0.4085702,0.12954585,0.0,0.12954585,0.032386463
50754,0.1691417,0.11914915,0.21913421,0.0467772,0.0,0.0467772,0.0116943
50757,0.13298585,0.12089474,0.14507695,0.47987822,0.0,0.47987822,0.119969554
50760,0.3239095,0.12770623,0.5201127,1.1340345,0.0,1.1340345,0.28350863
50763,0.17467265,0.10131822,0.24802709,0.07229816,0.0,0.07229816,0.01807454
50766,0.42234707,0.09047067,0.7542234,0.39531466,0.0,0.39531466,0.098828666
50768,0.07875862,0.08619497,0.07132226,0.039405204,0.0,0.039405204,0.009851301
50771,0.079263516,0.0725109,0.086016126,0.18802029,0.0,0.18802029,0.047005072
50774,0.19299902,0.07218869,0.31380937,0.12377614,0.0,0.12377614,0.030944034
50777,0.2767894,0.07215431,0.48142448,0.22630394,0.0,0.22630394,0.056575984
50780,0.07418598,0.07424441,0.074127555,0.17557465,0.0,0.17557465,0.04389366
50783,0.29518303,0.07454397,0.5158221,0.9372053,0.0,0.9372053,0.23430133
50786,0.098618925,0.080139406,0.11709844,0.3184875,0.0,0.3184875,0.079621874
50788,0.0952606,0.07969854,0.11082267,0.09133446,0.0,0.09133446,0.022833616
50791,0.16932847,0.08130989,0.25734705,0.09789336,0.0,0.09789336,0.02447334
50794,0.5238087,0.08221301,0.96540445,1.476738,0.0,1.476738,0.3691845
50797,0.33344522,0.08175086,0.58513963,0.23844652,0.0,0.23844652,0.05961163
50800,0.105858356,0.08743858,0.12427813,0.060692128,0.0,0.060692128,0.015173032
50803,0.3639975,0.103907384,0.62408763,1.1104001,0.0,1.1104001,0.27760002
50806,0.08208414,0.10027125,0.063897036,0.2841028,0.0,0.2841028,0.0710257
50808,0.13076602,0.10444053,0.1570915,0.13170965,0.0,0.13170965,0.032927413
50811,0.09893948,0.10258446,0.0952945,0.37553382,0.0,0.37553382,0.093883455
50814,0.113007486,0.10570648,0.120308496,0.026451977,0.0,0.026451977,0.0066129942
50817,0.41611168,0.10595854,0.7262648,1.2884308,0.0,1.2884308,0.3221077
50820,0.15962271,0.10727172,0.21197371,0.038089488,0.0,0.038089488,0.009522372
50823,0.100030445,0.122489594,0.077571295,0.34932068,0.0,0.34932068,0.08733017
50826,0.52576536,0.13539465,0.916136,0.38010225,0.0,0.38010225,0.09502556
50828,0.21206748,0.1322,0.29193494,0.056297395,0.0,0.056297395,0.014074349
50831,0.09023142,0.13649684,0.043965984,0.2661052,0.0,0.2661052,0.0665263
50834,0.14348781,0.1436673,0.14330834,0.48878297,0.0,0.48878297,0.12219574
50837,0.3825891,0.14754565,0.6176325,0.19770081,0.0,0.19770081,0.049425203
50840,1.1921526,0.15405269,2.2302525,1.2502955,0.0,1.2502955,0.31257388
50843,0.49868476,0.14911185,0.8482577,0.36220464,0.0,0.36220464,0.09055116
50846,0.6905233,0.14650068,1.2345458,0.5516631,0.0,0.5516631,0.13791578
50848,0.86138326,0.15335213,1.5694145,0.84151596,0.0,0.84151596,0.21037899
50851,0.16673835,0.1532047,0.18027203,0.49666023,0.0,0.49666023,0.12416506
50854,0.38556007,0.14595881,0.62516135,0.22116666,0.0,0.22116666,0.055291664
50857,0.11522514,0.14869991,0.08175036,0.07233826,0.0,0.07233826,0.018084565
50860,0.7145912,0.15862072,1.2705616,0.5936737,0.0,0.5936737,0.14841843
50863,0.32989433,0.16410096,0.4956877,0.95480424,0.0,0.95480424,0.23870106
50866,0.15212911,0.16961242,0.1346458,0.30746308,0.0,0.30746308,0.07686577
50868,0.29547504,0.15895425,0.43199587,0.09475673,0.0,0.09475673,0.023689182
50871,0.5756586,0.11220599,1.0391113,1.7585815,0.0,1.7585815,0.43964538
50874,0.45818985,0.042059008,0.8743207,0.60065025,0.0,0.60065025,0.15016256
50877,0.29271695,0.051268905,0.53416497,0.3065997,0.0,0.3065997,0.07664993
50880,0.17940839,0.038123664,0.32069314,0.42691898,0.0,0.42691898,0.106729746
50883,0.2455699,0.034675267,0.45646453,0.6236549,0.0,0.6236549,0.15591373
50886,0.25442868,0.016167084,0.4926903,0.37071705,0.0,0.37071705,0.09267926
50888,0.097315006,0.011780515,0.18284948,0.13045107,0.0,0.13045107,0.032612767
50891,0.023803478,0.018203003,0.02940395,0.030560112,0.0,0.030560112,0.007640028
50894,0.05458608,0.015917934,0.093254216,0.13733052,0.0,0.13733052,0.03433263
50897,0.39853987,0.007816271,0.7892635,0.89906913,0.0,0.89906913,0.22476728
50900,0.061225593,0.008916002,0.11353519,0.13533962,0.0,0.13533962,0.033834904
50903,0.37673935,0.009122211,0.74435645,0.6317014,0.0,0.6317014,0.15792535
50906,0.031506915,0.007834229,0.055179607,0.061908294,0.0,0.061908294,0.015477073
50908,0.49774215,0.004474502,0.9910098,1.0769963,0.0,1.0769963,0.26924908
50911,0.21694843,0.0077121234,0.42618474,0.52052855,0.0,0.52052855,0.13013214
50914,0.15954538,0.014734919,0.30435583,0.21556775,0.0,0.21556775,0.05389194
50917,0.033343136,0.016802324,0.04988395,0.05750966,0.0,0.05750966,0.014377415
50920,0.1996796,0.006357543,0.39300165,0.35962924,0.0,0.35962924,0.08990731
50923,0.1311667,0.013253018,0.24908037,0.31989142,0.0,0.31989142,0.079972856
50926,0.13160262,0.013120863,0.25008437,0.18617217,0.0,0.18617217,0.046543043
50928,0.49781594,0.015711974,0.9799199,0.8166248,0.0,0.8166248,0.2041562
50931,0.11264586,0.01615067,0.20914103,0.14852808,0.0,0.14852808,0.03713202
50934,0.030072197,0.016953228,0.04319117,0.053661395,0.0,0.053661395,0.013415349
50937,0.5326086,0.016807029,1.0484103,0.8474496,0.0,0.8474496,0.2118624
50940,0.2231614,0.01621722,0.43010557,0.30527735,0.0,0.30527735,0.07631934
50943,0.062810056,0.013272181,0.11234792,0.16637577,0.0,0.16637577,0.041593943
50946,0.038485605,0.009025916,0.067945294,0.056486208,0.0,0.056486208,0.014121552
50948,0.16143282,0.009427541,0.3134381,0.3987681,0.0,0.3987681,0.099692024
50951,0.05047393,0.015301754,0.0856461,0.10647937,0.0,0.10647937,0.026619842
50954,0.06372025,0.013555568,0.113884926,0.11695547,0.0,0.11695547,0.029238867
50957,0.11950468,0.013954653,0.2250547,0.13585113,0.0,0.13585113,0.033962782
50960,0.63993186,0.023153866,1.2567099,1.5560175,0.0,1.5560175,0.38900438
50963,0.036509607,0.023571432,0.04944778,0.0506157,0.0,0.0506157,0.012653925
50966,0.78538316,0.030180702,1.5405855,1.1792127,0.0,1.1792127,0.29480317
50968,0.13291521,0.03285757,0.23297285,0.39105973,0.0,0.39105973,0.09776493
50971,0.26490995,0.034007873,0.49581203,0.27922884,0.0,0.27922884,0.06980721
50974,0.051992804,0.036465626,0.067519985,0.042353302,0.0,0.042353302,0.010588326
50977,0.07205186,0.040817827,0.10328589,0.23384094,0.0,0.23384094,0.058460236
50980,0.05773973,0.044679493,0.07079997,0.07145458,0.0,0.07145458,0.017863644
50983,0.14319159,0.047212183,0.23917101,0.45522627,0.0,0.45522627,0.11380657
50986,1.0177096,0.05218324,1.983236,1.4378486,0.0,1.4378486,0.35946214
50988,0.101077996,0.049802918,0.15235306,0.35108078,0.0,0.35108078,0.087770194
50991,0.8378804,0.045960527,1.6298002,1.1573299,0.0,1.1573299,0.28933248
50994,0.104345106,0.047873687,0.16081652,0.068014614,0.0,0.068014614,0.017003654
50997,0.2020957,0.037518006,0.36667338,0.1905769,0.0,0.1905769,0.047644224
51000,0.14142592,0.040558904,0.24229294,0.30938208,0.0,0.30938208,0.07734552
51003,0.08721503,0.052108977,0.12232107,0.2163407,0.0,0.2163407,0.054085176
51006,0.51537424,0.06280766,0.96794087,1.4898643,0.0,1.4898643,0.3724661
51008,0.090290315,0.07457744,0.10600319,0.24452305,0.0,0.24452305,0.061130762
51011,0.07817533,0.07652511,0.07982556,0.039717816,0.0,0.039717816,0.009929454
51014,0.07206438,0.07701244,0.06711631,0.1020375,0.0,0.1020375,0.025509374
51017,0.3598456,0.07647988,0.6432113,0.33625436,0.0,0.33625436,0.08406359
51020,0.21445613,0.07237875,0.3565335,0.6761513,0.0,0.6761513,0.16903782
51023,0.2468731,0.04609385,0.44765234,0.7373957,0.0,0.7373957,0.18434893
51026,0.26825115,0.036017645,0.50048465,0.300482,0.0,0.300482,0.0751205
51028,0.7549978,0.026721543,1.4832741,1.1726159,0.0,1.1726159,0.29315397
51031,0.049636573,0.03599275,0.063280396,0.0571676,0.0,0.0571676,0.0142919
51034,0.31745946,0.026258009,0.60866094,0.4249216,0.0,0.4249216,0.1062304
51037,0.5862066,0.017617697,1.1547955,0.92264444,0.0,0.92264444,0.23066111
51040,0.049826067,0.03325626,0.06639588,0.09275985,0.0,0.09275985,0.023189962
51043,0.28857252,0.029622385,0.54752266,0.8072009,0.0,0.8072009,0.20180023
51046,0.20316736,0.010980819,0.3953539,0.49475932,0.0,0.49475932,0.12368983
51048,0.4716258,0.018346263,0.92490536,1.1676704,0.0,1.1676704,0.2919176
51051,0.060862225,0.014752951,0.106971495,0.18048711,0.0,0.18048711,0.045121778
51054,0.036956396,0.029237911,0.044674877,0.051630795,0.0,0.051630795,0.012907699
51057,0.02455158,0.016414687,0.032688472,0.037920203,0.0,0.037920203,0.009480051
51060,0.11315895,0.015451935,0.21086597,0.2700378,0.0,0.2700378,0.06750945
51063,0.40305722,0.0171298,0.7889846,0.6037205,0.0,0.6037205,0.15093012
51066,0.045707453,0.011464119,0.079950795,0.085875094,0.0,0.085875094,0.021468773
51068,0.43541798,0.014818344,0.8560176,0.6641586,0.0,0.6641586,0.16603965
51071,0.04593983,0.020900264,0.070979394,0.073054485,0.0,0.073054485,0.018263621
51074,0.38314322,0.01754318,0.7487433,0.5446388,0.0,0.5446388,0.1361597
51077,0.73785883,0.016225437,1.4594922,1.1994022,0.0,1.1994022,0.29985055
51080,0.10228089,0.026534557,0.17802723,0.092018105,0.0,0.092018105,0.023004526
51083,0.06155933,0.029788867,0.09332979,0.22088532,0.0,0.22088532,0.05522133
51086,0.21770222,0.028468557,0.4069359,0.6244478,0.0,0.6244478,0.15611196
51088,0.1728613,0.030822864,0.31489974,0.19505955,0.0,0.19505955,0.04876489
51091,0.19625682,0.040690057,0.35182357,0.16211861,0.0,0.16211861,0.040529653
51094,0.14020033,0.038984288,0.24141638,0.46862373,0.0,0.46862373,0.11715593
51097,0.3167394,0.050356913,0.58312196,0.30161163,0.0,0.30161163,0.07540291
51100,0.9312206,0.040989645,1.8214515,1.3465828,0.0,1.3465828,0.3366457
51103,0.10087655,0.048373837,0.15337925,0.20688176,0.0,0.20688176,0.05172044
51106,0.4097763,0.063230515,0.7563221,0.3970157,0.0,0.3970157,0.09925392
51108,0.6932028,0.06434313,1.3220626,0.8274333,0.0,0.8274333,0.20685832
51111,0.11779661,0.0625901,0.17300312,0.06085563,0.0,0.06085563,0.015213908
51114,0.28586435,0.07287254,0.4988562,0.19738305,0.0,0.19738305,0.04934576
51117,0.10606322,0.075557046,0.13656938,0.02975011,0.0,0.02975011,0.0074375276
51120,0.19814564,0.07536535,0.32092595,0.661112,0.0,0.661112,0.165278
51123,0.2602609,0.06567339,0.45484844,0.20851713,0.0,0.20851713,0.052129284
51126,0.11013105,0.0654968,0.1547653,0.042207364,0.0,0.042207364,0.010551841
51128,0.1319617,0.05870687,0.20521654,0.31324157,0.0,0.31324157,0.07831039
51131,1.0904509,0.053517148,2.1273844,1.5599552,0.0,1.5599552,0.3899888
51134,0.21337979,0.05206259,0.37469697,0.18826757,0.0,0.18826757,0.047066893
51137,0.13377927,0.044931557,0.222627,0.113827296,0.0,0.113827296,0.028456824
51140,0.06200992,0.05001683,0.07400302,0.049500633,0.0,0.049500633,0.012375158
51143,0.24012995,0.058120277,0.4221396,0.25127718,0.0,0.25127718,0.062819295
51146,0.33526182,0.05225007,0.6182736,0.8623142,0.0,0.8623142,0.21557856
51148,0.68942624,0.04606691,1.3327856,0.9448888,0.0,0.9448888,0.2362222
51151,0.27523586,0.041431006,0.5090408,0.7448635,0.0,0.7448635,0.18621588
51154,0.05941685,0.042106766,0.076726936,0.121843554,0.0,0.121843554,0.030460889
51157,0.039173037,0.04369736,0.034648713,0.07746694,0.0,0.07746694,0.019366736
51160,0.056624103,0.034517836,0.078730375,0.14568262,0.0,0.14568262,0.036420655
51163,0.049470697,0.034482162,0.064459234,0.12784086,0.0,0.12784086,0.031960215
51166,0.07384479,0.03321705,0.11447253,0.17224683,0.0,0.17224683,0.043061707
51168,0.29915726,0.025174359,0.57314014,0.4192793,0.0,0.4192793,0.10481983
51171,0.119019,0.022271411,0.2157666,0.14981683,0.0,0.14981683,0.037454206
51174,0.0322205,0.023578478,0.04086253,0.051424902,0.0,0.051424902,0.0128562255
51177,0.06207488,0.021078886,0.10307088,0.17358637,0.0,0.17358637,0.043396592
51180,0.5080301,0.021760955,0.99429923,0.7977058,0.0,0.7977058,0.19942646
51183,0.6439855,0.020710876,1.2672602,1.0505489,0.0,1.0505489,0.26263723
51186,0.17764877,0.02137061,0.33392692,0.20051657,0.0,0.20051657,0.05012914
51188,0.60278094,0.018082092,1.1874799,1.3393036,0.0,1.3393036,0.3348259
51191,0.5061006,0.01732406,0.99487716,0.79112077,0.0,0.79112077,0.19778019
51194,0.033801123,0.020642094,0.046960156,0.040998235,0.0,0.040998235,0.010249559
51197,0.087050654,0.019479776,0.15462154,0.23422211,0.0,0.23422211,0.05855553
51200,0.1517037,0.019611295,0.2837961,0.17896803,0.0,0.17896803,0.044742007
51203,0.43043765,0.021951921,0.8389234,0.6663018,0.0,0.6663018,0.16657545
51206,0.06406575,0.02426359,0.10386791,0.057227615,0.0,0.057227615,0.014306904
51208,0.14453812,0.03267135,0.25640488,0.43938878,0.0,0.43938878,0.109847195
51211,0.55409795,0.05697086,1.0512251,0.6370583,0.0,0.6370583,0.15926458
51214,0.1589001,0.05313457,0.26466563,0.117468774,0.0,0.117468774,0.029367194
51217,0.11303023,0.042944133,0.18311633,0.19453807,0.0,0.19453807,0.048634518
51220,0.19290881,0.052606124,0.33321145,0.6099622,0.0,0.6099622,0.15249056
51223,0.43100893,0.099260904,0.762757,0.36116982,0.0,0.36116982,0.090292454
51226,0.22609805,0.09842735,0.35376874,0.11546736,0.0,0.11546736,0.02886684
51228,0.13761234,0.08221137,0.19301331,0.05288862,0.0,0.05288862,0.013222155
51231,0.27349687,0.07737455,0.46961918,0.22663076,0.0,0.22663076,0.05665769
51234,0.06269281,0.06860947,0.056776155,0.059411447,0.0,0.059411447,0.014852862
51237,0.07527947,0.060921695,0.08963724,0.07585654,0.0,0.07585654,0.018964134
51240,0.2600266,0.047897846,0.47215533,0.28721425,0.0,0.28721425,0.07180356
51243,0.36602974,0.036984425,0.69507504,0.46379218,0.0,0.46379218,0.115948044
51246,0.14274724,0.02982974,0.25566474,0.36023578,0.0,0.36023578,0.090058945
51248,0.0825675,0.029130472,0.13600452,0.06094485,0.0,0.06094485,0.015236213
51251,0.16353865,0.026749343,0.30032796,0.41602436,0.0,0.41602436,0.10400609
51254,0.09470764,0.023408962,0.16600631,0.07536676,0.0,0.07536676,0.01884169
51257,0.3070432,0.020231012,0.5938554,0.46649393,0.0,0.46649393,0.11662348
51260,0.055324763,0.016754344,0.09389519,0.04365449,0.0,0.04365449,0.010913623
51263,0.11292408,0.014469278,0.21137887,0.15938309,0.0,0.15938309,0.039845772
51266,0.44654846,0.013471413,0.8796255,0.7427332,0.0,0.7427332,0.1856833
51268,0.026031576,0.011260807,0.040802345,0.018468915,0.0,0.018468915,0.0046172286
51271,0.15267001,0.009075189,0.29626486,0.34419537,0.0,0.34419537,0.08604884
51274,0.12831722,0.008281746,0.24835269,0.1938308,0.0,0.1938308,0.0484577
51277,0.4933572,0.005621884,0.9810925,0.9234094,0.0,0.9234094,0.23085235
51280,0.026342673,0.0066206306,0.046064716,0.055795614,0.0,0.055795614,0.013948903
51283,0.36462522,0.007093893,0.7221565,0.7807147,0.0,0.7807147,0.19517867
51286,0.3614179,0.008943796,0.713892,0.6317302,0.0,0.6317302,0.15793255
51288,0.16946523,0.010683942,0.3282465,0.24186672,0.0,0.24186672,0.06046668
51291,0.070589535,0.015167755,0.12601131,0.0975391,0.0,0.0975391,0.024384774
51294,0.3806968,0.014358471,0.7470352,0.59109396,0.0,0.59109396,0.14777349
51297,0.6369419,0.016637363,1.2572465,1.0649015,0.0,1.0649015,0.26622537
51300,0.8079712,0.017259598,1.5986828,1.3622303,0.0,1.3622303,0.34055758
51303,0.1333368,0.015330975,0.25134262,0.34591126,0.0,0.34591126,0.086477816
51306,0.28191212,0.018362774,0.5454615,0.3839866,0.0,0.3839866,0.09599665
51308,0.07082123,0.030196251,0.111446224,0.0564888,0.0,0.0564888,0.0141222
51311,0.16592862,0.021474123,0.3103831,0.45620465,0.0,0.45620465,0.11405116
51314,0.075958565,0.021894462,0.13002266,0.22374295,0.0,0.22374295,0.055935737
51317,0.1970669,0.028896103,0.3652377,0.20150085,0.0,0.20150085,0.050375212
51320,0.12012404,0.052336086,0.18791199,0.36938336,0.0,0.36938336,0.09234584
51323,0.4149694,0.055649187,0.7742896,0.4298668,0.0,0.4298668,0.1074667
51326,0.1559909,0.048980962,0.26300082,0.10642988,0.0,0.10642988,0.02660747
51328,0.06021456,0.054338608,0.06609051,0.04323539,0.0,0.04323539,0.010808848
51331,0.41407892,0.049719427,0.7784384,1.1516514,0.0,1.1516514,0.28791285
51334,0.08070118,0.05523364,0.106168725,0.20438749,0.0,0.20438749,0.05109687
51337,0.30140573,0.043522865,0.55928856,0.86918956,0.0,0.86918956,0.21729739
51340,0.10904253,0.048616454,0.16946863,0.32667077,0.0,0.32667077,0.08166769
51343,0.12534636,0.043109696,0.20758303,0.092033304,0.0,0.092033304,0.023008326
51346,0.04351278,0.04654793,0.040477633,0.032579098,0.0,0.032579098,0.0081447745
51348,0.12176224,0.05253459,0.1909899,0.35702562,0.0,0.35702562,0.089256406
51351,0.12622947,0.04886632,0.20359261,0.08306282,0.0,0.08306282,0.020765705
51354,0.046242803,0.048364084,0.044121522,0.06785687,0.0,0.06785687,0.016964218
51357,0.08519068,0.03744973,0.13293163,0.2063256,0.0,0.2063256,0.0515814
51360,0.14665277,0.03593774,0.25736782,0.13343342,0.0,0.13343342,0.033358354
51363,0.2499578,0.031694237,0.46822134,0.2963785,0.0,0.2963785,0.07409462
51366,0.08001561,0.026781872,0.13324934,0.1781329,0.0,0.1781329,0.044533227
51368,0.31493908,0.024568886,0.6053093,0.4267242,0.0,0.4267242,0.10668105
51371,0.08985749,0.0372135,0.14250147,0.16976835,0.0,0.16976835,0.042442087
51374,0.045881506,0.03781661,0.053946394,0.054780554,0.0,0.054780554,0.0136951385
51377,1.0555266,0.030864663,2.0801885,1.656868,0.0,1.656868,0.414217
51380,0.8569495,0.017127613,1.6967713,1.4349843,0.0,1.4349843,0.35874608
51383,0.48203358,0.011555574,0.95251155,0.80125445,0.0,0.80125445,0.20031361
51386,0.26910433,0.0083976425,0.52981097,0.42707762,0.0,0.42707762,0.106769405
51388,0.45544705,0.008284901,0.90260917,0.7982753,0.0,0.7982753,0.19956882
51391,0.7385121,0.01985792,1.4571663,1.1810312,0.0,1.1810312,0.2952578
51394,0.2372529,0.016459936,0.45804587,0.31238315,0.0,0.31238315,0.078095786
51397,0.48406622,0.022128321,0.9460041,0.70793533,0.0,0.70793533,0.17698383
51400,0.06459861,0.019868068,0.109329164,0.20485972,0.0,0.20485972,0.05121493
51403,0.119924195,0.017337495,0.22251089,0.25977167,0.0,0.25977167,0.06494292
51406,0.14256535,0.018410003,0.26672068,0.21937734,0.0,0.21937734,0.054844335
51408,0.10335275,0.01637347,0.19033201,0.28691798,0.0,0.28691798,0.071729496
51411,0.77689856,0.019440344,1.5343567,1.2421018,0.0,1.2421018,0.31052545
51414,0.07415241,0.029972814,0.118332006,0.04519835,0.0,0.04519835,0.011299588
51417,0.086351104,0.03741391,0.1352883,0.06326148,0.0,0.06326148,0.01581537
51420,0.24529551,0.042331725,0.44825926,0.22600801,0.0,0.22600801,0.056502003
51423,0.059657156,0.040894475,0.078419834,0.20196433,0.0,0.20196433,0.050491083
51426,0.21817313,0.041885182,0.39446107,0.20636761,0.0,0.20636761,0.051591903
51428,0.2833526,0.05209477,0.51461047,0.8645778,0.0,0.8645778,0.21614444
51431,0.19241035,0.043156166,0.34166452,0.16333957,0.0,0.16333957,0.040834893
51434,0.13829993,0.034513276,0.24208657,0.3549175,0.0,0.3549175,0.088729374
51437,0.042321038,0.027467186,0.05717489,0.09153371,0.0,0.09153371,0.022883428
51440,0.12460983,0.027080238,0.22213942,0.3445361,0.0,0.3445361,0.086134024
51443,0.11381792,0.024388684,0.20324714,0.11783683,0.0,0.11783683,0.029459208
51446,0.08526552,0.025994524,0.14453651,0.21842594,0.0,0.21842594,0.054606486
51448,0.3521352,0.024827242,0.6794432,0.46255398,0.0,0.46255398,0.115638494
51451,0.13662797,0.027321184,0.24593477,0.1357411,0.0,0.1357411,0.033935275
51454,0.11497921,0.023648037,0.20631038,0.11773827,0.0,0.11773827,0.029434567
51457,0.1816615,0.020377744,0.34294525,0.47637987,0.0,0.47637987,0.11909497
51460,0.24917038,0.015582022,0.48275876,0.35862124,0.0,0.35862124,0.08965531
51463,0.09114779,0.015011814,0.16728377,0.2544137,0.0,0.2544137,0.06360342
51466,0.2307655,0.011151883,0.45037913,0.3397297,0.0,0.3397297,0.084932424
51468,0.4588281,0.010488917,0.90716726,0.7473338,0.0,0.7473338,0.18683346
51471,0.04609957,0.008577076,0.08362206,0.08866272,0.0,0.08866272,0.02216568
51474,0.044225752,0.0182067,0.0702448,0.045643937,0.0,0.045643937,0.011410984
51477,0.18603472,0.017002814,0.35506663,0.4875987,0.0,0.4875987,0.12189967
51480,0.63574463,0.01929467,1.2521945,1.0052084,0.0,1.0052084,0.2513021
51483,0.04613891,0.01669309,0.075584725,0.0993039,0.0,0.0993039,0.024825975
51486,0.03977942,0.025650365,0.05390848,0.12782545,0.0,0.12782545,0.031956363
51488,0.08735385,0.026294619,0.14841308,0.26166344,0.0,0.26166344,0.06541586
51491,0.48964968,0.023437023,0.95586234,1.2285742,0.0,1.2285742,0.30714354
51494,0.10824412,0.015876979,0.20061128,0.31897327,0.0,0.31897327,0.07974332
51497,0.06297825,0.013433066,0.11252344,0.09592887,0.0,0.09592887,0.023982218
51500,0.18024643,0.017241504,0.34325135,0.49161196,0.0,0.49161196,0.12290299
51503,0.13864346,0.011747402,0.26553953,0.35442927,0.0,0.35442927,0.08860732
51506,0.30166936,0.012560864,0.5907779,0.45132104,0.0,0.45132104,0.11283026
51508,0.66054404,0.0127670765,1.308321,1.0984689,0.0,1.0984689,0.27461722
51511,0.04566316,0.021722903,0.06960341,0.06766053,0.0,0.06766053,0.016915133
51514,0.36108932,0.02168111,0.70049757,0.5163396,0.0,0.5163396,0.1290849
51517,0.2365741,0.018957214,0.45419097,0.5273511,0.0,0.5273511,0.13183777
51520,0.2271059,0.019116247,0.43509555,0.52254945,0.0,0.52254945,0.13063736
51523,0.22721525,0.024469635,0.42996088,0.3287737,0.0,0.3287737,0.08219343
51526,0.49733832,0.029710194,0.9649665,1.174899,0.0,1.174899,0.29372475
51528,0.4131945,0.028053956,0.7983351,1.0020499,0.0,1.0020499,0.25051248
51531,0.13348174,0.027877068,0.2390864,0.12887494,0.0,0.12887494,0.032218736
51534,0.56486934,0.029071113,1.1006676,0.9380553,0.0,0.9380553,0.23451382
51537,0.5287052,0.02583277,1.0315776,0.9086768,0.0,0.9086768,0.2271692
51540,0.080049634,0.023935394,0.13616388,0.072562054,0.0,0.072562054,0.018140513
51543,0.16059262,0.019243283,0.30194196,0.25166535,0.0,0.25166535,0.06291634
51546,0.43644574,0.020430183,0.85246134,0.7153492,0.0,0.7153492,0.1788373
51548,0.3608627,0.022885853,0.6988395,0.77593184,0.0,0.77593184,0.19398296
51551,0.76068044,0.019333426,1.5020275,1.6423079,0.0,1.6423079,0.41057697
51554,0.36503068,0.018907532,0.7111538,0.6558881,0.0,0.6558881,0.16397202
51557,0.097422816,0.021065673,0.17377996,0.15705763,0.0,0.15705763,0.039264407
51560,0.3568714,0.020016672,0.6937261,0.5782176,0.0,0.5782176,0.1445544
51563,0.76543546,0.019176593,1.5116943,1.4111241,0.0,1.4111241,0.35278103
51566,0.41343465,0.01946339,0.80740595,0.8717224,0.0,0.8717224,0.2179306
51568,0.120054714,0.018945705,0.2211637,0.13899875,0.0,0.13899875,0.034749687
51571,0.24634753,0.01823007,0.47446498,0.41647458,0.0,0.41647458,0.104118645
51574,0.117021374,0.019808626,0.21423411,0.12823264,0.0,0.12823264,0.03205816
51577,0.029531652,0.01960388,0.039459422,0.029966196,0.0,0.029966196,0.007491549
51580,0.38974437,0.020906983,0.7585817,0.7033803,0.0,0.7033803,0.17584507
51583,0.101115786,0.022259085,0.17997248,0.121666946,0.0,0.121666946,0.030416736
51586,0.7673285,0.0230205,1.5116366,1.5715731,0.0,1.5715731,0.39289328
51588,0.05824667,0.023941128,0.09255221,0.12884776,0.0,0.12884776,0.03221194
51591,0.17322765,0.026667869,0.31978744,0.42302,0.0,0.42302,0.105755
51594,0.08779722,0.03200191,0.14359252,0.10871909,0.0,0.10871909,0.027179772
51597,0.108072124,0.035644043,0.1805002,0.2970703,0.0,0.2970703,0.07426757
51600,0.06141098,0.029605955,0.093216,0.039662674,0.0,0.039662674,0.0099156685
51603,0.14988832,0.03285,0.26692665,0.17858763,0.0,0.17858763,0.044646908
51606,0.13518615,0.06368344,0.20668887,0.4374157,0.0,0.4374157,0.10935392
51608,0.07098502,0.07515722,0.06681282,0.05442049,0.0,0.05442049,0.013605122
51611,0.15571593,0.07489172,0.23654012,0.07376517,0.0,0.07376517,0.018441293
51614,0.39379823,0.07216022,0.7154362,0.47504005,0.0,0.47504005,0.11876001
51617,0.11155174,0.07517906,0.14792441,0.12925641,0.0,0.12925641,0.032314103
51620,0.77499634,0.07031507,1.4796777,0.9856234,0.0,0.9856234,0.24640585
51623,0.16333328,0.057305425,0.26936114,0.14884505,0.0,0.14884505,0.03721126
51626,0.67659426,0.037933823,1.3152548,1.0154499,0.0,1.0154499,0.25386247
51628,0.22933619,0.030132042,0.42854032,0.40159377,0.0,0.40159377,0.10039844
51631,0.035815205,0.024362193,0.04726821,0.05010304,0.0,0.05010304,0.01252576
51634,0.08688584,0.019899724,0.15387195,0.10094938,0.0,0.10094938,0.025237344
51637,0.03684662,0.016902005,0.056791235,0.0686203,0.0,0.0686203,0.017155075
51640,0.034623306,0.01587584,0.05337077,0.02583968,0.0,0.02583968,0.00645992
51643,0.44915628,0.01614204,0.8821705,0.8652041,0.0,0.8652041,0.21630102
51646,0.17171611,0.016167723,0.32726452,0.30318826,0.0,0.30318826,0.075797066
51648,0.03267328,0.016134823,0.04921174,0.035651986,0.0,0.035651986,0.008912996
51651,0.47473982,0.016203094,0.9332766,0.89129955,0.0,0.89129955,0.22282489
51654,0.19940387,0.016990604,0.3818171,0.3261914,0.0,0.3261914,0.08154785
51657,0.12651537,0.01761526,0.2354155,0.2146917,0.0,0.2146917,0.053672925
51660,0.08077473,0.017993288,0.14355618,0.08437907,0.0,0.08437907,0.021094767
51663,0.12711416,0.019174943,0.23505338,0.18214814,0.0,0.18214814,0.045537036
51666,0.058116395,0.020626096,0.09560669,0.079341084,0.0,0.079341084,0.019835271
51668,0.9055982,0.021804998,1.7893915,1.708373,0.0,1.708373,0.42709324
51671,0.060134858,0.022354906,0.097914815,0.06296259,0.0,0.06296259,0.015740648
51674,0.32071728,0.02410555,0.617329,0.56099766,0.0,0.56099766,0.14024942
51677,0.06703975,0.025631672,0.10844783,0.06885252,0.0,0.06885252,0.01721313
51680,0.094870925,0.027135516,0.16260633,0.16866346,0.0,0.16866346,0.042165864
51683,0.09488031,0.028902756,0.16085787,0.17869854,0.0,0.17869854,0.044674635
51686,0.2004389,0.031120056,0.36975774,0.2616506,0.0,0.2616506,0.06541265
51688,0.22552232,0.031779543,0.41926512,0.51929545,0.0,0.51929545,0.12982386
51691,0.25875232,0.044368714,0.47313595,0.24688148,0.0,0.24688148,0.06172037
51694,0.05619074,0.04861368,0.0637678,0.11686924,0.0,0.11686924,0.02921731
51697,0.08007941,0.048802793,0.11135602,0.028691262,0.0,0.028691262,0.0071728155
51700,0.058423106,0.060367554,0.05647866,0.07558168,0.0,0.07558168,0.01889542
51703,0.29452327,0.08604396,0.5030026,0.9651802,0.0,0.9651802,0.24129505
51705,0.41665813,0.109797716,0.72351855,1.3036524,0.0,1.3036524,0.3259131
51708,0.16880532,0.08359889,0.25401175,0.44103804,0.0,0.44103804,0.11025951
51711,0.07346588,0.06971043,0.07722133,0.0759645,0.0,0.0759645,0.018991126
51714,0.19221069,0.06761953,0.31680185,0.123841554,0.0,0.123841554,0.030960388
51717,0.14058614,0.056923915,0.22424836,0.34728265,0.0,0.34728265,0.08682066
51720,0.1984582,0.036264244,0.36065212,0.20320529,0.0,0.20320529,0.050801322
51723,0.13749565,0.040495392,0.2344959,0.10436591,0.0,0.10436591,0.026091477
51725,0.25601423,0.031482007,0.48054644,0.34995273,0.0,0.34995273,0.08748818
51728,0.35656485,0.026736395,0.68639326,0.47941816,0.0,0.47941816,0.11985454
51731,0.16446407,0.028676651,0.30025148,0.3940424,0.0,0.3940424,0.0985106
51734,0.36039886,0.024113813,0.6966839,0.8962262,0.0,0.8962262,0.22405656
51737,0.31264374,0.018990446,0.606297,0.5071615,0.0,0.5071615,0.12679037
51740,0.8414271,0.02524071,1.6576134,1.4024833,0.0,1.4024833,0.35062084
51743,0.63840085,0.028349875,1.2484518,0.9963434,0.0,0.9963434,0.24908584
51745,0.52876884,0.027266756,1.0302709,1.1996063,0.0,1.1996063,0.29990157
51748,0.2944583,0.032704152,0.5562124,0.6869088,0.0,0.6869088,0.1717272
51751,0.18068387,0.03245944,0.3289083,0.17746566,0.0,0.17746566,0.044366416
51754,0.3054689,0.04539451,0.56554323,0.31538972,0.0,0.31538972,0.07884743
51757,0.40272722,0.037839007,0.7676154,0.9411529,0.0,0.9411529,0.23528822
51760,0.65599066,0.04074047,1.2712408,1.5022303,0.0,1.5022303,0.37555757
51763,0.34128466,0.04422018,0.6383492,0.38132456,0.0,0.38132456,0.09533114
51765,0.21498974,0.052660514,0.37731898,0.5377973,0.0,0.5377973,0.13444932
51768,0.8231713,0.06527919,1.5810634,1.0494572,0.0,1.0494572,0.2623643
51771,0.5015766,0.061846364,0.9413069,0.5508986,0.0,0.5508986,0.13772465
51774,0.4228491,0.06752559,0.7781727,0.41054448,0.0,0.41054448,0.10263612
51777,0.13928972,0.07190413,0.2066753,0.47463927,0.0,0.47463927,0.11865982
51780,0.08899212,0.093405284,0.08457896,0.022630824,0.0,0.022630824,0.005657706
51783,0.13778271,0.10859254,0.16697288,0.025252067,0.0,0.025252067,0.0063130166
51785,0.17833996,0.1202425,0.23643744,0.05829857,0.0,0.05829857,0.014574642
51788,0.13045163,0.14461114,0.11629215,0.06999108,0.0,0.06999108,0.01749777
51791,0.3178709,0.15270859,0.48303318,0.17973757,0.0,0.17973757,0.044934392
51794,0.38822028,0.188848,0.58759254,1.3655977,0.0,1.3655977,0.34139943
51797,0.41667464,0.20688908,0.62646025,0.19969125,0.0,0.19969125,0.049922813
51800,0.76264066,0.23100257,1.2942786,0.4590021,0.0,0.4590021,0.11475053
51803,0.14880756,0.189972,0.107643105,0.071285926,0.0,0.071285926,0.017821481
51805,0.2313381,0.17412639,0.2885498,0.045508474,0.0,0.045508474,0.0113771185
51808,0.14270414,0.16784267,0.11756561,0.23852615,0.0,0.23852615,0.059631538
51811,0.14222676,0.19147837,0.09297514,0.2024175,0.0,0.2024175,0.050604373
51814,0.56247884,0.17399569,0.95096207,0.36472312,0.0,0.36472312,0.09118078
51817,0.40469837,0.1457911,0.66360563,0.2654989,0.0,0.2654989,0.06637473
51820,1.1501522,0.1298285,2.170476,1.2639532,0.0,1.2639532,0.3159883
51823,0.16804081,0.12801798,0.20806365,0.41054428,0.0,0.41054428,0.10263607
51825,0.1989697,0.12822083,0.26971856,0.45119795,0.0,0.45119795,0.11279949
51828,0.14564715,0.103358924,0.1879354,0.044649642,0.0,0.044649642,0.0111624105
51831,0.068168044,0.059851542,0.07648455,0.17627424,0.0,0.17627424,0.04406856
51834,0.28858638,0.06366011,0.5135127,0.28171694,0.0,0.28171694,0.070429236
51837,0.13389105,0.044920314,0.22286178,0.1005848,0.0,0.1005848,0.0251462
51840,0.6753979,0.04018351,1.3106122,1.7665011,0.0,1.7665011,0.44162527
51843,0.057146456,0.018793873,0.09549904,0.12535344,0.0,0.12535344,0.03133836
51845,0.13852175,0.029307803,0.24773568,0.14269294,0.0,0.14269294,0.035673235
51848,0.62319595,0.041383147,1.2050087,0.89610934,0.0,0.89610934,0.22402734
51851,0.34386757,0.033432562,0.6543026,0.4543898,0.0,0.4543898,0.11359745
51854,0.068549246,0.042048696,0.0950498,0.14075828,0.0,0.14075828,0.03518957
51857,0.39615545,0.03167965,0.76063126,0.5452725,0.0,0.5452725,0.13631813
51860,0.105671264,0.01782134,0.1935212,0.12767899,0.0,0.12767899,0.031919748
51863,0.054822575,0.0063008755,0.10334427,0.12240338,0.0,0.12240338,0.030600846
51865,0.23854975,0.008549471,0.46855006,0.5497308,0.0,0.5497308,0.1374327
51868,0.08214069,0.0059989244,0.15828246,0.18866284,0.0,0.18866284,0.04716571
51871,0.23871519,0.003384947,0.47404543,0.50661594,0.0,0.50661594,0.12665398
51874,0.33074555,0.0036194017,0.6578717,0.6985205,0.0,0.6985205,0.17463012
51877,0.44440493,0.0029632098,0.8858466,0.9213421,0.0,0.9213421,0.23033552
51880,0.11989804,0.0032340165,0.23656207,0.24361663,0.0,0.24361663,0.060904156
51883,0.68906856,0.009297624,1.3688394,1.5425304,0.0,1.5425304,0.3856326
51885,0.27552256,0.01141594,0.53962916,0.43049225,0.0,0.43049225,0.10762306
51888,0.45852208,0.0044446234,0.91259956,0.988533,0.0,0.988533,0.24713326
51891,0.78721327,0.0031962849,1.5712303,1.6230072,0.0,1.6230072,0.4057518
51894,0.08796535,0.0081499275,0.16778077,0.12716614,0.0,0.12716614,0.031791534
51897,0.19066586,0.0076434365,0.3736883,0.4353541,0.0,0.4353541,0.10883853
51900,0.064571194,0.0058331597,0.12330923,0.121213496,0.0,0.121213496,0.030303374
51903,0.07672209,0.0055075116,0.14793669,0.15307076,0.0,0.15307076,0.03826769
51905,0.20558603,0.005571905,0.40560016,0.38719562,0.0,0.38719562,0.096798904
51908,0.16514324,0.006028282,0.3242582,0.3177109,0.0,0.3177109,0.07942773
51911,0.027436024,0.009865104,0.045006942,0.06540683,0.0,0.06540683,0.016351707
51914,0.3006966,0.010759321,0.5906339,0.50933474,0.0,0.50933474,0.12733369
51917,0.74454695,0.010026901,1.479067,1.3220707,0.0,1.3220707,0.33051768
51920,0.16327038,0.012103171,0.3144376,0.37239853,0.0,0.37239853,0.09309963
51923,0.05592378,0.011712241,0.10013532,0.07210171,0.0,0.07210171,0.018025428
51925,0.050469417,0.012586485,0.08835235,0.1017623,0.0,0.1017623,0.025440576
51928,0.055533808,0.011826135,0.09924147,0.11699429,0.0,0.11699429,0.029248573
51931,0.55222297,0.011568057,1.0928779,0.9571405,0.0,0.9571405,0.23928513
51934,0.081470065,0.0106510585,0.15228908,0.15853955,0.0,0.15853955,0.039634887
51937,0.039851215,0.012707119,0.06699531,0.06142799,0.0,0.06142799,0.015356998
51940,0.09687334,0.010496666,0.18325001,0.1223051,0.0,0.1223051,0.030576276
51943,0.09963587,0.011493403,0.18777834,0.24432383,0.0,0.24432383,0.06108096
51945,0.045136686,0.013575368,0.076698005,0.06449429,0.0,0.06449429,0.016123572
51948,0.05395354,0.016910823,0.09099626,0.074428655,0.0,0.074428655,0.018607164
51951,0.05991946,0.023382157,0.096456766,0.10714545,0.0,0.10714545,0.026786363
51954,0.049087714,0.026329065,0.07184636,0.04603997,0.0,0.04603997,0.011509992
51957,0.067311704,0.026318876,0.10830453,0.06256906,0.0,0.06256906,0.015642265
51960,0.04635896,0.026751107,0.065966815,0.030600622,0.0,0.030600622,0.0076501556
51963,0.27546817,0.032311644,0.5186247,0.30033585,0.0,0.30033585,0.07508396
51965,0.22419322,0.030386278,0.41800013,0.23119883,0.0,0.23119883,0.057799708
51968,0.15105215,0.038668454,0.26343584,0.111440994,0.0,0.111440994,0.027860248
51971,0.15228786,0.03952422,0.26505148,0.48348084,0.0,0.48348084,0.12087021
51974,0.7285735,0.038026072,1.4191209,1.0290531,0.0,1.0290531,0.25726327
51977,0.14188541,0.042216927,0.2415539,0.46035305,0.0,0.46035305,0.11508826
51980,0.88087153,0.070332706,1.6914104,1.1061519,0.0,1.1061519,0.27653798
51983,0.12362471,0.0637336,0.18351583,0.3638413,0.0,0.3638413,0.090960324
51985,0.05072081,0.052860092,0.048581526,0.051389977,0.0,0.051389977,0.012847494
51988,0.34040025,0.070213646,0.6105869,0.3212426,0.0,0.3212426,0.08031065
51991,0.09387841,0.10814109,0.079615735,0.28392753,0.0,0.28392753,0.07098188
51994,0.10750548,0.10107618,0.113934785,0.19723682,0.0,0.19723682,0.049309205
51997,0.116840415,0.076502025,0.1571788,0.36568537,0.0,0.36568537,0.09142134
52000,0.07978531,0.07304372,0.08652689,0.06705518,0.0,0.06705518,0.016763795
52003,0.62983114,0.0726218,1.1870404,0.69188076,0.0,0.69188076,0.17297019
52005,0.14519717,0.069154926,0.2212394,0.3488772,0.0,0.3488772,0.0872193
52008,0.054528106,0.05091166,0.05814456,0.10127747,0.0,0.10127747,0.025319368
52011,0.58238953,0.037070155,1.1277089,1.542119,0.0,1.542119,0.38552976
52014,0.09459275,0.03161928,0.15756622,0.06401594,0.0,0.06401594,0.016003985
52017,0.169856,0.024324544,0.31538743,0.47174737,0.0,0.47174737,0.11793684
52020,0.06505764,0.025203561,0.10491174,0.05191498,0.0,0.05191498,0.012978745
52023,0.2021017,0.02284339,0.38135996,0.5181723,0.0,0.5181723,0.12954308
52025,0.14584856,0.024823152,0.26687396,0.37691283,0.0,0.37691283,0.09422821
52028,0.21294175,0.022780465,0.40310302,0.54493004,0.0,0.54493004,0.13623251
52031,0.16170548,0.019560007,0.30385098,0.2058264,0.0,0.2058264,0.0514566
52034,0.061349142,0.023626365,0.09907192,0.17800796,0.0,0.17800796,0.04450199
52037,0.040363953,0.03463147,0.046096433,0.018351633,0.0,0.018351633,0.0045879083
52040,0.06551079,0.03671032,0.09431126,0.09976292,0.0,0.09976292,0.02494073
52043,0.37347317,0.036106203,0.71084017,0.47863626,0.0,0.47863626,0.119659066
52045,0.05172062,0.033744697,0.06969654,0.06902388,0.0,0.06902388,0.01725597
52048,0.23253869,0.03430259,0.43077478,0.23120677,0.0,0.23120677,0.057801694
52051,0.09126528,0.036672298,0.14585827,0.31032404,0.0,0.31032404,0.07758101
52054,0.45561552,0.040857982,0.8703731,0.5527013,0.0,0.5527013,0.13817532
52057,0.108905904,0.042360883,0.17545092,0.38567045,0.0,0.38567045,0.09641761
52060,0.35166788,0.047197808,0.65613794,0.8759548,0.0,0.8759548,0.2189887
52063,0.17921698,0.057832543,0.3006014,0.4970645,0.0,0.4970645,0.124266125
52065,0.12009851,0.06449481,0.17570221,0.1324104,0.0,0.1324104,0.0331026
52068,0.114531256,0.07275242,0.15631008,0.101883054,0.0,0.101883054,0.025470763
52071,0.11967846,0.076390006,0.1629669,0.072937004,0.0,0.072937004,0.018234251
52074,0.17114083,0.08145981,0.26082185,0.5708619,0.0,0.5708619,0.14271547
52077,0.1552056,0.09812299,0.21228822,0.08792194,0.0,0.08792194,0.021980485
52080,0.14045279,0.10629696,0.17460863,0.030205593,0.0,0.030205593,0.007551398
52083,0.42889288,0.10345673,0.754329,1.3817962,0.0,1.3817962,0.34544906
52085,0.082765065,0.121465735,0.044064403,0.27482787,0.0,0.27482787,0.06870697
52088,1.3647727,0.1434452,2.5861,1.528658,0.0,1.528658,0.3821645
52091,0.09442589,0.14069812,0.048153657,0.15368934,0.0,0.15368934,0.038422335
52094,0.118543066,0.1467609,0.090325244,0.23984714,0.0,0.23984714,0.059961785
52097,0.1396987,0.15014178,0.12925561,0.028589016,0.0,0.028589016,0.007147254
52100,0.282925,0.1702423,0.3956077,0.069579594,0.0,0.069579594,0.017394898
52103,0.4863533,0.16972129,0.80298537,0.2569377,0.0,0.2569377,0.06423443
52105,0.36323392,0.17328835,0.5531795,0.15656249,0.0,0.15656249,0.039140623
52108,0.14868903,0.17464797,0.1227301,0.085901804,0.0,0.085901804,0.021475451
52111,0.3389926,0.16520287,0.51278234,1.2266302,0.0,1.2266302,0.30665755
52114,1.0209975,0.15324762,1.8887473,1.0013441,0.0,1.0013441,0.25033602
52117,0.5142117,0.11843339,0.90999,0.4123509,0.0,0.4123509,0.10308772
52120,0.26429737,0.10105237,0.42754236,0.14344014,0.0,0.14344014,0.035860036
52123,0.36089936,0.091013916,0.6307848,0.320286,0.0,0.320286,0.0800715
52125,0.18029784,0.08330701,0.27728865,0.07503133,0.0,0.07503133,0.018757833
52128,0.3273958,0.06443116,0.59036046,0.31177756,0.0,0.31177756,0.07794439
52131,0.05948485,0.052661348,0.06630834,0.08024458,0.0,0.08024458,0.020061145
52134,0.30950817,0.059543446,0.5594729,0.31490493,0.0,0.31490493,0.07872623
52137,0.2926726,0.042625498,0.5427197,0.3323436,0.0,0.3323436,0.0830859
52140,0.22466081,0.0353201,0.41400155,0.597626,0.0,0.597626,0.1494065
52143,0.13937537,0.026270332,0.25248042,0.1482924,0.0,0.1482924,0.0370731
52145,0.20906697,0.024585165,0.39354876,0.49919167,0.0,0.49919167,0.12479792
52148,0.36903954,0.017515415,0.72056365,0.574784,0.0,0.574784,0.143696
52151,0.21363956,0.010307907,0.4169712,0.49260747,0.0,0.49260747,0.12315187
52154,0.06461352,0.0059071686,0.12331987,0.15993118,0.0,0.15993118,0.039982796
52157,0.41017672,0.0067837997,0.8135696,0.7204628,0.0,0.7204628,0.1801157
52160,0.12334167,0.004880211,0.24180312,0.24951477,0.0,0.24951477,0.062378693
52163,0.15805428,0.0032276995,0.31288084,0.29461092,0.0,0.29461092,0.07365273
52165,0.028968407,0.0032911047,0.054645706,0.069911025,0.0,0.069911025,0.017477756
52168,0.18853116,0.0032069727,0.37385535,0.37086663,0.0,0.37086663,0.09271666
52171,0.13355047,0.004503735,0.2625972,0.2231335,0.0,0.2231335,0.055783376
52174,0.038939066,0.0037571955,0.07412094,0.09157189,0.0,0.09157189,0.022892972
52177,0.047180235,0.0036079932,0.090752475,0.11709184,0.0,0.11709184,0.02927296
52180,0.06553585,0.00493029,0.12614141,0.14979124,0.0,0.14979124,0.03744781
52183,0.18999232,0.0041576023,0.37582707,0.34219846,0.0,0.34219846,0.085549615
52185,0.615882,0.0024149306,1.229349,1.1601357,0.0,1.1601357,0.29003394
52188,0.14516784,0.0021678244,0.28816786,0.30507967,0.0,0.30507967,0.07626992
52191,0.29682577,0.0014864542,0.59216505,0.5776761,0.0,0.5776761,0.14441903
52194,0.15700994,0.0021226064,0.3118973,0.30107152,0.0,0.30107152,0.07526788
52197,0.6081936,0.002722389,1.2136647,1.2420326,0.0,1.2420326,0.31050816
52200,0.14463566,0.0023926608,0.28687865,0.2900055,0.0,0.2900055,0.072501376
52203,0.305142,0.001962491,0.6083215,0.5953695,0.0,0.5953695,0.14884238
52205,0.25513434,0.0019161558,0.5083525,0.51650625,0.0,0.51650625,0.12912656
52208,0.034174036,0.0020330169,0.06631506,0.06201503,0.0,0.06201503,0.015503758
52211,0.37525666,0.0026464218,0.74786687,0.7066491,0.0,0.7066491,0.17666228
52214,0.031785514,0.0027702746,0.060800757,0.044016022,0.0,0.044016022,0.011004006
52217,0.07843297,0.0027245965,0.15414134,0.14471066,0.0,0.14471066,0.036177665
52220,0.1283098,0.0025389472,0.25408065,0.26022574,0.0,0.26022574,0.065056436
52223,0.08645204,0.0026237054,0.17028038,0.17473923,0.0,0.17473923,0.043684807
52225,0.06431004,0.0030990124,0.12552106,0.11927626,0.0,0.11927626,0.029819066
52228,0.022649735,0.0031620946,0.042137373,0.032678425,0.0,0.032678425,0.008169606
52231,0.077653326,0.004196337,0.1511103,0.16524494,0.0,0.16524494,0.041311234
52234,0.16077594,0.004012915,0.31753895,0.33825883,0.0,0.33825883,0.08456471
52237,0.022413567,0.003950894,0.04087624,0.050434064,0.0,0.050434064,0.012608516
52240,0.8053734,0.0047989194,1.6059479,1.5186377,0.0,1.5186377,0.3796594
52243,0.5066577,0.005440613,1.0078748,0.90727234,0.0,0.90727234,0.22681808
52245,0.14020123,0.0059943744,0.27440807,0.2390856,0.0,0.2390856,0.0597714
52248,0.080750875,0.005581476,0.15592027,0.1614956,0.0,0.1614956,0.0403739
52251,0.21786672,0.004554885,0.43117857,0.44505885,0.0,0.44505885,0.11126471
52254,1.0045844,0.006736035,2.0024328,1.8387991,0.0,1.8387991,0.45969978
52257,0.08001312,0.0028823533,0.15714388,0.14490981,0.0,0.14490981,0.036227454
52260,0.11468879,0.0032092305,0.22616835,0.2183373,0.0,0.2183373,0.054584324
52263,0.2546678,0.0027354974,0.5066001,0.5267946,0.0,0.5267946,0.13169865
52265,0.01797103,0.0033258835,0.032616172,0.031421095,0.0,0.031421095,0.007855274
52268,0.54027265,0.0047278744,1.0758175,0.9959588,0.0,0.9959588,0.2489897
52271,0.7440538,0.0044751666,1.4836324,1.5631762,0.0,1.5631762,0.39079404
52274,0.067801744,0.004719058,0.13088442,0.13819285,0.0,0.13819285,0.03454821
52277,0.05889952,0.0032854471,0.1145136,0.1169227,0.0,0.1169227,0.029230675
52280,0.024050025,0.003104644,0.04499541,0.051874325,0.0,0.051874325,0.012968581
52283,0.2632645,0.0035343359,0.5229947,0.48108068,0.0,0.48108068,0.12027017
52285,0.096770324,0.0028488531,0.19069181,0.16451178,0.0,0.16451178,0.041127946
52288,0.25199756,0.004323377,0.4996718,0.5263991,0.0,0.5263991,0.13159977
52291,0.5954513,0.0029073004,1.1879953,1.2018731,0.0,1.2018731,0.30046827
52294,0.44718334,0.0033250358,0.8910416,0.9165082,0.0,0.9165082,0.22912705
52297,0.05236723,0.0020774363,0.10265702,0.09874711,0.0,0.09874711,0.024686778
52300,0.15839636,0.0025416252,0.3142511,0.31157342,0.0,0.31157342,0.077893354
52303,0.2912251,0.0035502769,0.5788999,0.6107206,0.0,0.6107206,0.15268014
52305,0.768683,0.0028973676,1.5344687,1.4967304,0.0,1.4967304,0.3741826
52308,0.08932399,0.0033696473,0.17527832,0.15579082,0.0,0.15579082,0.038947705
52311,0.1553664,0.003769309,0.3069635,0.31711695,0.0,0.31711695,0.07927924
52314,0.10903838,0.004352443,0.21372432,0.20404862,0.0,0.20404862,0.051012155
52317,0.027631754,0.0048418026,0.050421704,0.04911813,0.0,0.04911813,0.012279533
52320,0.44110313,0.0057940683,0.8764122,0.97924024,0.0,0.97924024,0.24481006
52323,0.37273178,0.005800076,0.7396634,0.8090515,0.0,0.8090515,0.20226288
52325,0.04236169,0.0063183825,0.078405,0.05975449,0.0,0.05975449,0.014938623
52328,0.44458178,0.0074307784,0.88173276,0.76310533,0.0,0.76310533,0.19077633
52331,0.37630713,0.010202509,0.7424118,0.61201626,0.0,0.61201626,0.15300407
52334,0.031465504,0.011900588,0.051030423,0.060607594,0.0,0.060607594,0.015151898
52337,0.48983613,0.013471536,0.96620077,1.137496,0.0,1.137496,0.284374
52340,0.042496473,0.021141535,0.06385141,0.040022984,0.0,0.040022984,0.010005746
52343,0.7732353,0.033757415,1.5127133,1.8026193,0.0,1.8026193,0.45065483
52345,0.08179752,0.03797485,0.12562019,0.077206895,0.0,0.077206895,0.019301724
52348,0.29103673,0.045385916,0.53668755,0.2872154,0.0,0.2872154,0.07180385
52351,0.3500922,0.056007523,0.6441769,0.3377808,0.0,0.3377808,0.0844452
52354,0.07204871,0.0686156,0.07548182,0.021904165,0.0,0.021904165,0.005476041
52357,0.3895484,0.070304744,0.70879203,0.3484598,0.0,0.3484598,0.08711495
52360,0.09717885,0.097076274,0.09728142,0.35201725,0.0,0.35201725,0.08800431
52363,0.5645407,0.11345158,1.0156299,0.48826674,0.0,0.48826674,0.122066684
52365,0.12339892,0.116128415,0.13066943,0.060440194,0.0,0.060440194,0.015110048
52368,0.119554885,0.096213765,0.14289601,0.09715084,0.0,0.09715084,0.02428771
52371,0.22417887,0.09216851,0.35618925,0.17008996,0.0,0.17008996,0.04252249
52374,0.15545748,0.1088585,0.20205645,0.22353561,0.0,0.22353561,0.055883903
52377,0.13697644,0.12140152,0.15255135,0.059948772,0.0,0.059948772,0.014987193
52380,1.3738192,0.12852046,2.619118,1.6812035,0.0,1.6812035,0.42030087
52383,0.8668425,0.14438456,1.5893005,0.8173232,0.0,0.8173232,0.2043308
52385,0.24128664,0.14908631,0.33348694,0.07615679,0.0,0.07615679,0.019039197
52388,0.9594938,0.18270934,1.7362782,0.8288589,0.0,0.8288589,0.20721473
52391,1.0599502,0.15994641,1.9599539,1.0231222,0.0,1.0231222,0.25578055
52394,0.21403003,0.1390428,0.28901726,0.07697679,0.0,0.07697679,0.019244198
52397,0.14656503,0.13749962,0.15563045,0.031602968,0.0,0.031602968,0.007900742
52400,0.2878475,0.16471432,0.4109806,0.08832113,0.0,0.08832113,0.022080282
52403,0.8272286,0.16247259,1.4919847,0.7340931,0.0,0.7340931,0.18352328
52405,0.72932124,0.14158352,1.3170589,0.61894614,0.0,0.61894614,0.15473653
52408,1.0439752,0.13137883,1.9565716,1.0926102,0.0,1.0926102,0.27315256
52411,0.7630556,0.123611815,1.4024996,0.7744951,0.0,0.7744951,0.19362378
52414,0.12809454,0.1684589,0.08773018,0.17256106,0.0,0.17256106,0.043140266
52417,0.45493123,0.17125775,0.7386047,0.25448838,0.0,0.25448838,0.063622095
52420,0.18314934,0.19186492,0.17443375,0.016298356,0.0,0.016298356,0.004074589
52423,0.5366885,0.17870645,0.89467055,0.37796736,0.0,0.37796736,0.09449184
52425,1.4988915,0.17413074,2.8236523,1.6612998,0.0,1.6612998,0.41532496
52428,0.6549594,0.13637815,1.1735406,0.574467,0.0,0.574467,0.14361675
52431,0.30099788,0.10074153,0.50125426,0.19519915,0.0,0.19519915,0.048799787
52434,0.10091572,0.06938591,0.13244553,0.28918824,0.0,0.28918824,0.07229706
52437,0.16482083,0.035990138,0.29365155,0.1481779,0.0,0.1481779,0.037044477
52440,0.09308968,0.021140238,0.16503912,0.10354187,0.0,0.10354187,0.025885468
52443,0.58794016,0.029428398,1.146452,1.5206839,0.0,1.5206839,0.38017097
52445,0.5525554,0.033572253,1.0715384,1.371112,0.0,1.371112,0.342778
52448,0.14323851,0.032691535,0.2537855,0.13271143,0.0,0.13271143,0.033177856
52451,0.13925166,0.029919388,0.24858393,0.15518133,0.0,0.15518133,0.038795333
52454,0.12919535,0.019391766,0.2389989,0.36317906,0.0,0.36317906,0.090794764
52457,0.04577058,0.016650686,0.07489047,0.037228696,0.0,0.037228696,0.009307174
52460,0.3108149,0.023132702,0.5984971,0.8295765,0.0,0.8295765,0.20739412
52463,0.10695844,0.016000973,0.19791591,0.14483072,0.0,0.14483072,0.03620768
52465,0.41016063,0.008505822,0.81181544,0.9693226,0.0,0.9693226,0.24233066
52468,0.10160034,0.0054080053,0.19779266,0.14101435,0.0,0.14101435,0.035253588
52471,0.042220026,0.01270453,0.07173552,0.06999626,0.0,0.06999626,0.017499065
52474,0.15472756,0.012294826,0.2971603,0.4114759,0.0,0.4114759,0.102868974
52477,0.22067107,0.007826385,0.4335158,0.3325061,0.0,0.3325061,0.08312652
52480,0.048763584,0.01768987,0.07983729,0.10276827,0.0,0.10276827,0.025692068
52483,0.115105666,0.011480465,0.21873087,0.15628035,0.0,0.15628035,0.03907009
52485,0.05322632,0.016638627,0.08981401,0.16372062,0.0,0.16372062,0.040930156
52488,0.29020712,0.025739038,0.55467516,0.35896394,0.0,0.35896394,0.089740984
52491,0.34287882,0.02808883,0.6576688,0.42053175,0.0,0.42053175,0.10513294
52494,0.05891643,0.0238156,0.09401726,0.040006932,0.0,0.040006932,0.010001733
52497,0.6761827,0.024734685,1.3276306,1.0139705,0.0,1.0139705,0.25349262
52500,0.9844434,0.028223997,1.9406629,1.513281,0.0,1.513281,0.37832025
52503,0.14302863,0.030780913,0.25527635,0.122200616,0.0,0.122200616,0.030550154
52505,0.31618103,0.02876579,0.60359627,0.38751975,0.0,0.38751975,0.09687994
52508,0.8718384,0.03253654,1.7111403,1.3011986,0.0,1.3011986,0.32529965
52511,0.26803693,0.027679464,0.5083944,0.3161641,0.0,0.3161641,0.07904103
52514,0.043567926,0.02642108,0.060714778,0.13169593,0.0,0.13169593,0.03292398
52517,0.7772322,0.026353976,1.5281105,1.1782547,0.0,1.1782547,0.29456368
52520,0.4650183,0.026199767,0.9038369,1.2068914,0.0,1.2068914,0.30172285
52523,0.03534295,0.025618812,0.04506709,0.0705222,0.0,0.0705222,0.01763055
52525,0.3286382,0.025512045,0.63176435,0.43111125,0.0,0.43111125,0.10777781
52528,0.35323015,0.025539361,0.6809209,0.4486202,0.0,0.4486202,0.11215505
52531,0.18277605,0.025905432,0.33964667,0.54426956,0.0,0.54426956,0.13606739
52534,0.05963871,0.02638796,0.09288946,0.042835575,0.0,0.042835575,0.010708894
52537,0.08778193,0.027038494,0.14852536,0.08427093,0.0,0.08427093,0.021067733
52540,0.03607561,0.028321164,0.043830056,0.043004822,0.0,0.043004822,0.0107512055
52543,0.1663077,0.030041514,0.3025739,0.20546459,0.0,0.20546459,0.051366147
52545,0.31609622,0.031312346,0.6008801,0.3735278,0.0,0.3735278,0.09338195
52548,0.19322033,0.03268208,0.35375857,0.57587475,0.0,0.57587475,0.14396869
52551,0.5461294,0.03426266,1.0579962,0.7297778,0.0,0.7297778,0.18244445
52554,0.07225236,0.035590407,0.108914316,0.12823766,0.0,0.12823766,0.032059416
52557,0.054672536,0.035397552,0.07394752,0.18838382,0.0,0.18838382,0.047095954
52560,0.20161808,0.035872057,0.36736408,0.60672647,0.0,0.60672647,0.15168162
52563,1.0712155,0.03642508,2.106006,1.6181179,0.0,1.6181179,0.40452948
52565,0.4632741,0.03654054,0.8900077,0.5810345,0.0,0.5810345,0.14525862
52568,0.18283777,0.035788294,0.32988724,0.16364114,0.0,0.16364114,0.040910285
52571,0.18067245,0.0349647,0.3263802,0.15688282,0.0,0.15688282,0.039220706
52574,0.26288077,0.03505657,0.490705,0.7581493,0.0,0.7581493,0.18953733
52577,0.54132146,0.035409536,1.0472335,0.71911883,0.0,0.71911883,0.17977971
52580,0.98859864,0.03612703,1.9410702,1.4750973,0.0,1.4750973,0.36877432
52583,0.24511053,0.036903616,0.45331743,0.71947265,0.0,0.71947265,0.17986816
52585,0.055158507,0.037546333,0.072770685,0.17937477,0.0,0.17937477,0.044843692
52588,0.16086029,0.038644735,0.28307584,0.48048607,0.0,0.48048607,0.12012152
52591,0.42965972,0.040007006,0.8193124,0.5106142,0.0,0.5106142,0.12765355
52594,0.7430525,0.04179124,1.4443136,1.0089065,0.0,1.0089065,0.25222662
52597,0.35500264,0.043854266,0.66615105,0.38317513,0.0,0.38317513,0.09579378
52600,0.12835953,0.046390638,0.21032842,0.43130517,0.0,0.43130517,0.10782629
52603,0.6987427,0.04925282,1.3482326,0.9472494,0.0,0.9472494,0.23681235
52605,0.1775847,0.05113591,0.3040335,0.17922147,0.0,0.17922147,0.044805367
52608,0.5463548,0.053632926,1.0390767,1.5278593,0.0,1.5278593,0.38196483
52611,0.06878901,0.06615977,0.071418256,0.10262462,0.0,0.10262462,0.025656154
52614,0.20284308,0.063542165,0.342144,0.12623112,0.0,0.12623112,0.03155778
52617,0.5580406,0.07864938,1.0374318,0.5716729,0.0,0.5716729,0.14291823
52620,0.67296785,0.07044389,1.2754917,1.9040273,0.0,1.9040273,0.47600684
52623,0.10618949,0.061244484,0.1511345,0.041402023,0.0,0.041402023,0.010350506
52625,0.13692981,0.056614388,0.21724522,0.41887292,0.0,0.41887292,0.10471823
52628,0.16183652,0.050422076,0.27325097,0.5137408,0.0,0.5137408,0.1284352
52631,0.06606168,0.045064066,0.08705931,0.05830572,0.0,0.05830572,0.01457643
52634,0.07093905,0.041411173,0.10046693,0.24344228,0.0,0.24344228,0.06086057
52637,0.049567748,0.03590117,0.06323433,0.083834626,0.0,0.083834626,0.020958656
52640,0.03429724,0.028157897,0.04043658,0.04240592,0.0,0.04240592,0.01060148
52643,0.047996674,0.028164482,0.06782887,0.12928398,0.0,0.12928398,0.032320995
52645,0.14259753,0.02900066,0.25619438,0.35546365,0.0,0.35546365,0.08886591
52648,0.109962024,0.027438283,0.19248576,0.087840356,0.0,0.087840356,0.021960089
52651,0.23174638,0.034542117,0.42895064,0.6300619,0.0,0.6300619,0.15751548
52654,0.21223797,0.033126388,0.39134955,0.6189175,0.0,0.6189175,0.15472938
52657,0.36752638,0.03087548,0.7041773,0.8835092,0.0,0.8835092,0.2208773
52660,0.47750065,0.027568946,0.9274323,0.7196762,0.0,0.7196762,0.17991905
52662,0.14333941,0.03589852,0.2507803,0.14652927,0.0,0.14652927,0.036632318
52665,0.058947932,0.04643792,0.071457945,0.1697821,0.0,0.1697821,0.042445526
52668,0.11793423,0.034003973,0.20186448,0.2365393,0.0,0.2365393,0.059134826
52671,0.8176501,0.026878765,1.6084213,1.3179618,0.0,1.3179618,0.32949045
52674,0.04798138,0.023192989,0.072769776,0.10622416,0.0,0.10622416,0.02655604
52677,0.53600866,0.02056813,1.0514492,1.209665,0.0,1.209665,0.30241624
52680,0.15297775,0.014903969,0.29105154,0.18751931,0.0,0.18751931,0.046879828
52682,0.34923518,0.01628537,0.682185,0.6189895,0.0,0.6189895,0.15474738
52685,0.035318524,0.011891492,0.05874555,0.06242606,0.0,0.06242606,0.015606515
52688,0.10748603,0.01024462,0.20472743,0.17528419,0.0,0.17528419,0.043821048
52691,0.2836052,0.009279205,0.5579312,0.5600081,0.0,0.5600081,0.14000203
52694,0.7229324,0.0091599105,1.436705,1.4427067,0.0,1.4427067,0.36067668
52697,0.25439534,0.009029199,0.4997615,0.49931565,0.0,0.49931565,0.12482891
52700,0.7007804,0.009869071,1.3916917,1.3445606,0.0,1.3445606,0.33614016
52702,0.12490999,0.0106668705,0.2391531,0.24896486,0.0,0.24896486,0.062241215
52705,0.19460423,0.01230982,0.37689865,0.39718446,0.0,0.39718446,0.099296115
52708,0.051417667,0.014073056,0.08876228,0.063000694,0.0,0.063000694,0.015750173
52711,0.22034653,0.017902778,0.4227903,0.51476145,0.0,0.51476145,0.12869036
52714,0.08198033,0.024548283,0.13941239,0.23207664,0.0,0.23207664,0.05801916
52717,0.086141996,0.029859202,0.14242478,0.10545989,0.0,0.10545989,0.026364973
52720,0.053021383,0.04193197,0.06411079,0.027259713,0.0,0.027259713,0.0068149283
52722,0.08088327,0.04590665,0.115859896,0.08484911,0.0,0.08484911,0.021212278
52725,0.57564646,0.052460104,1.0988328,1.3353246,0.0,1.3353246,0.33383116
52728,0.06726849,0.067349225,0.067187764,0.25472215,0.0,0.25472215,0.06368054
52731,0.29634428,0.07908169,0.51360685,0.20005788,0.0,0.20005788,0.05001447
52734,0.11500422,0.08563452,0.14437394,0.10084262,0.0,0.10084262,0.025210654
52737,0.16591756,0.097595535,0.23423958,0.21662748,0.0,0.21662748,0.05415687
52740,0.31033406,0.11272191,0.5079462,0.15025441,0.0,0.15025441,0.037563603
52742,0.22047798,0.11905626,0.32189968,0.107714415,0.0,0.107714415,0.026928604
52745,0.117752396,0.13692959,0.098575205,0.43802667,0.0,0.43802667,0.10950667
52748,0.78881556,0.1693915,1.4082397,0.6492938,0.0,0.6492938,0.16232345
52751,1.2998947,0.2028986,2.3968906,1.2493685,0.0,1.2493685,0.31234214
52754,1.5071936,0.22308798,2.791299,1.4788814,0.0,1.4788814,0.36972034
52757,0.26913857,0.22456132,0.31371582,0.038883388,0.0,0.038883388,0.009720847
52760,1.2453389,0.25635234,2.2343256,1.0156144,0.0,1.0156144,0.2539036
52762,0.40844843,0.27834785,0.538549,0.086327724,0.0,0.086327724,0.021581931
52765,1.0584688,0.3473712,1.7695665,0.57747823,0.0,0.57747823,0.14436956
52768,0.7278307,0.38291064,1.0727509,0.17996104,0.0,0.17996104,0.04499026
52771,1.1654698,0.3997098,1.93123,0.5897544,0.0,0.5897544,0.1474386
52774,0.40799785,0.4245096,0.39148605,1.4501137,0.0,1.4501137,0.3625284
52777,0.22540347,0.37272766,0.078079246,0.61015654,0.0,0.61015654,0.15253913
52780,0.29598263,0.34271368,0.24925162,0.056151498,0.0,0.056151498,0.0140378745
52782,0.19236682,0.35470828,0.03002535,0.36733297,0.0,0.36733297,0.09183324
52785,0.6636352,0.3653135,0.9619568,0.15349148,0.0,0.15349148,0.03837287
52788,0.3243598,0.33398876,0.31473088,0.025184887,0.0,0.025184887,0.0062962216
52791,0.37562847,0.37758222,0.37367475,0.048003588,0.0,0.048003588,0.012000897
52794,0.4222137,0.40565276,0.43877462,1.5114851,0.0,1.5114851,0.37787127
52797,0.22678787,0.39096937,0.062606364,0.20813413,0.0,0.20813413,0.052033532
52800,0.41482222,0.39233837,0.43730608,1.4669617,0.0,1.4669617,0.36674044
52802,0.5042107,0.41395566,0.5944658,0.06201233,0.0,0.06201233,0.015503082
52805,0.50456864,0.3800101,0.6291272,0.06750121,0.0,0.06750121,0.016875302
52808,1.9203677,0.3960173,3.4447181,1.5589298,0.0,1.5589298,0.38973245
52811,0.3497096,0.3553598,0.34405938,0.09663487,0.0,0.09663487,0.024158718
52814,0.8583997,0.33241594,1.3843836,0.40758505,0.0,0.40758505,0.10189626
52817,0.4666383,0.29843086,0.63484573,0.13959394,0.0,0.13959394,0.034898486
52820,0.6119744,0.34037435,0.8835745,0.16029462,0.0,0.16029462,0.040073656
52822,1.434887,0.33952892,2.5302453,1.0431776,0.0,1.0431776,0.2607944
52825,0.33893707,0.3887337,0.28914046,0.05517569,0.0,0.05517569,0.013793923
52828,1.0945979,0.40558243,1.7836133,0.5218117,0.0,0.5218117,0.13045293
52831,0.23662232,0.40021825,0.0730264,0.57218117,0.0,0.57218117,0.14304529
52834,0.34813,0.3618275,0.33443248,0.09905404,0.0,0.09905404,0.02476351
52837,0.73290443,0.31100345,1.1548055,0.30272937,0.0,0.30272937,0.07568234
52840,0.40543222,0.3816086,0.42925587,1.5421109,0.0,1.5421109,0.38552773
52842,0.6724437,0.40707156,0.9378159,0.18772443,0.0,0.18772443,0.046931107
52845,0.17369084,0.30609193,0.041289743,0.2698045,0.0,0.2698045,0.06745113
52848,0.37714824,0.30737615,0.4469203,1.2018003,0.0,1.2018003,0.3004501
52851,0.18587321,0.2986052,0.07314123,0.21618336,0.0,0.21618336,0.05404584
52854,0.2773555,0.2897258,0.26498517,0.03157332,0.0,0.03157332,0.00789333
52857,0.3566039,0.29343602,0.41977176,0.047897834,0.0,0.047897834,0.011974459
52860,1.0214483,0.24419637,1.7987,0.74922085,0.0,0.74922085,0.18730521
52862,0.90862733,0.23076636,1.5864884,0.696431,0.0,0.696431,0.17410775
52865,0.31643298,0.2186632,0.41420278,0.06815478,0.0,0.06815478,0.017038696
52868,0.15815362,0.19604354,0.12026372,0.16291289,0.0,0.16291289,0.040728223
52871,0.2985088,0.17518525,0.42183232,0.08387303,0.0,0.08387303,0.020968258
52874,0.18071121,0.16682272,0.1945997,0.55467975,0.0,0.55467975,0.13866994
52877,0.5761145,0.16540761,0.9868214,0.40131974,0.0,0.40131974,0.100329936
52880,0.28753945,0.16314082,0.4119381,0.9195997,0.0,0.9195997,0.22989993
52882,0.16538982,0.15665351,0.1741261,0.05790642,0.0,0.05790642,0.014476605
52885,0.34019554,0.15381323,0.52657783,0.18450044,0.0,0.18450044,0.04612511
52888,0.12694605,0.1462204,0.10767168,0.06990749,0.0,0.06990749,0.017476872
52891,0.45428506,0.1475641,0.76100606,0.27524912,0.0,0.27524912,0.06881228
52894,0.09694179,0.14208655,0.051797032,0.18937862,0.0,0.18937862,0.047344655
52897,0.5899379,0.14420094,1.0356749,0.44952545,0.0,0.44952545,0.11238136
52900,0.3144831,0.11892637,0.51003987,1.0509471,0.0,1.0509471,0.26273677
52902,0.10143741,0.11154592,0.09132891,0.04756761,0.0,0.04756761,0.011891902
52905,0.16701359,0.10505864,0.22896855,0.05656292,0.0,0.05656292,0.01414073
52908,0.286705,0.09672307,0.47668687,0.18031462,0.0,0.18031462,0.045078654
52911,0.09194521,0.0937287,0.09016173,0.058992814,0.0,0.058992814,0.014748204
52914,0.24015264,0.08554425,0.39476106,0.15104218,0.0,0.15104218,0.037760545
52917,1.3861235,0.08933171,2.6829154,1.8266484,0.0,1.8266484,0.4566621
52920,0.23200275,0.07649884,0.3875067,0.7255122,0.0,0.7255122,0.18137805
52922,0.16167091,0.07501421,0.24832761,0.55920744,0.0,0.55920744,0.13980186
52925,0.0713226,0.07517878,0.067466415,0.019643476,0.0,0.019643476,0.004910869
52928,0.39460945,0.07269906,0.71651983,0.40720257,0.0,0.40720257,0.10180064
52931,0.11449465,0.077206336,0.15178296,0.029749364,0.0,0.029749364,0.007437341
52934,0.34543136,0.067165345,0.62369734,0.95006585,0.0,0.95006585,0.23751646
52937,0.25925004,0.063205265,0.45529485,0.21490455,0.0,0.21490455,0.053726137
52940,0.11968609,0.060974777,0.1783974,0.2644556,0.0,0.2644556,0.0661139
52942,0.38206863,0.055229437,0.70890784,0.46232292,0.0,0.46232292,0.11558073
52945,0.63296884,0.055626243,1.2103114,0.8806238,0.0,0.8806238,0.22015595
52948,0.041300904,0.048856284,0.033745524,0.03435606,0.0,0.03435606,0.008589015
52951,0.23773341,0.045241717,0.4302251,0.25575313,0.0,0.25575313,0.06393828
52954,0.14802255,0.03975219,0.2562929,0.31291416,0.0,0.31291416,0.07822854
52957,0.04058814,0.03282123,0.048355054,0.054110914,0.0,0.054110914,0.013527729
52960,0.103539966,0.029662097,0.17741783,0.18041444,0.0,0.18041444,0.04510361
52962,0.40181264,0.023762053,0.7798632,0.98327994,0.0,0.98327994,0.24581999
52965,0.16344248,0.02213644,0.3047485,0.2268986,0.0,0.2268986,0.05672465
52968,0.3176433,0.015819393,0.61946726,0.5288953,0.0,0.5288953,0.13222383
52971,0.101476215,0.010667571,0.19228487,0.18565798,0.0,0.18565798,0.046414495
52974,0.08626503,0.009330974,0.16319908,0.18776971,0.0,0.18776971,0.046942428
52977,0.2664178,0.008600627,0.52423495,0.5482833,0.0,0.5482833,0.13707082
52980,0.04096679,0.008729159,0.07320442,0.09989647,0.0,0.09989647,0.024974117
52982,0.1338376,0.008906293,0.25876892,0.19602342,0.0,0.19602342,0.049005855
52985,0.50164336,0.008265928,0.9950208,0.92810005,0.0,0.92810005,0.23202501
52988,0.78288627,0.008931994,1.5568405,1.6682949,0.0,1.6682949,0.41707373
52991,0.10828812,0.009435372,0.20714086,0.14226282,0.0,0.14226282,0.035565704
52994,0.04819441,0.015422723,0.08096609,0.035674646,0.0,0.035674646,0.008918662
52997,0.120518476,0.014630261,0.2264067,0.25863132,0.0,0.25863132,0.06465783
53000,0.057784032,0.01977763,0.09579044,0.1633646,0.0,0.1633646,0.04084115
53002,0.445598,0.0133751035,0.8778209,0.7254071,0.0,0.7254071,0.18135178
53005,0.053627443,0.013030249,0.09422463,0.056137722,0.0,0.056137722,0.0140344305
53008,0.3442984,0.011881735,0.6767151,0.5503066,0.0,0.5503066,0.13757665
53011,0.020152682,0.011409304,0.028896064,0.020205704,0.0,0.020205704,0.005051426
53014,0.27023515,0.009918274,0.53055197,0.43000266,0.0,0.43000266,0.107500665
53017,0.27524397,0.0111716585,0.53931624,0.4259664,0.0,0.4259664,0.1064916
53020,0.3398658,0.013552292,0.6661793,0.568652,0.0,0.568652,0.142163
53022,0.05046911,0.014745012,0.08619321,0.057965945,0.0,0.057965945,0.014491486
53025,0.057135936,0.017214326,0.09705754,0.07003921,0.0,0.07003921,0.017509803
53028,0.94328874,0.026289105,1.8602883,1.544694,0.0,1.544694,0.3861735
53031,0.31408522,0.03440551,0.59376496,0.3757554,0.0,0.3757554,0.09393885
53034,0.076407745,0.038988013,0.113827474,0.27159837,0.0,0.27159837,0.06789959
53037,0.111029156,0.038876213,0.1831821,0.099924445,0.0,0.099924445,0.024981111
53040,0.074028574,0.044587165,0.103469975,0.05680332,0.0,0.05680332,0.01420083
53042,0.3019974,0.05854449,0.54545027,0.2521588,0.0,0.2521588,0.0630397
53045,0.4376309,0.07007188,0.8051899,0.41751897,0.0,0.41751897,0.10437974
53048,0.50669545,0.10038195,0.913009,1.5303812,0.0,1.5303812,0.3825953
53051,0.09438286,0.12503123,0.063734494,0.21278746,0.0,0.21278746,0.053196866
53054,0.14034498,0.096404664,0.1842853,0.060483873,0.0,0.060483873,0.015120968
53057,1.1317798,0.0990769,2.1644828,1.3914903,0.0,1.3914903,0.34787259
53060,0.14255555,0.11949735,0.16561374,0.5089449,0.0,0.5089449,0.12723623
53062,0.20869438,0.13180797,0.28558078,0.06705761,0.0,0.06705761,0.016764402
53065,0.37168512,0.14047016,0.6029,0.17562537,0.0,0.17562537,0.043906342
53068,0.67858857,0.15277831,1.2043988,0.5189255,0.0,0.5189255,0.12973137
53071,0.16911249,0.17213579,0.16608918,0.6017621,0.0,0.6017621,0.15044053
53074,0.5087429,0.17327698,0.8442089,1.6785017,0.0,1.6785017,0.41962543
53077,0.6919787,0.16245757,1.2214998,0.5207985,0.0,0.5207985,0.13019963
53080,0.10016646,0.16752248,0.032810457,0.14658278,0.0,0.14658278,0.036645696
53082,0.91541344,0.18538682,1.6454401,0.7522106,0.0,0.7522106,0.18805265
53085,0.14487499,0.16938448,0.1203655,0.045966193,0.0,0.045966193,0.011491548
53088,0.09438772,0.16816838,0.020607052,0.19004111,0.0,0.19004111,0.047510277
53091,0.45192203,0.16187428,0.74196976,0.25306663,0.0,0.25306663,0.06326666
53094,0.28767666,0.15805024,0.41730306,0.11813819,0.0,0.11813819,0.029534547
53097,0.46305597,0.15801376,0.7680982,0.28413513,0.0,0.28413513,0.07103378
53100,0.16004467,0.15953945,0.1605499,0.052704263,0.0,0.052704263,0.013176066
53102,0.15826671,0.17080003,0.14573337,0.084745586,0.0,0.084745586,0.021186396
53105,0.10855242,0.13323331,0.08387152,0.16860898,0.0,0.16860898,0.042152245
53108,0.10778085,0.14033687,0.075224824,0.05655867,0.0,0.05655867,0.014139667
53111,0.117484994,0.11803055,0.11693945,0.16232371,0.0,0.16232371,0.04058093
53114,0.57934785,0.08102429,1.0776714,1.6588553,0.0,1.6588553,0.41471383
53117,0.16075148,0.07993903,0.24156393,0.34438053,0.0,0.34438053,0.08609513
53120,0.09181724,0.08630281,0.097331665,0.18634945,0.0,0.18634945,0.046587363
53122,0.1353669,0.07443628,0.19629753,0.3059659,0.0,0.3059659,0.076491475
53125,0.19758223,0.06969484,0.3254696,0.573134,0.0,0.573134,0.1432835
53128,0.45181713,0.07916684,0.8244674,1.3342482,0.0,1.3342482,0.33356205
53131,0.3626887,0.093342364,0.6320351,0.2884958,0.0,0.2884958,0.07212395
53134,0.103131235,0.11071581,0.095546655,0.18893659,0.0,0.18893659,0.047234148
53137,0.081510894,0.096399136,0.066622645,0.13556476,0.0,0.13556476,0.03389119
53140,0.23986866,0.103738464,0.37599885,0.12718451,0.0,0.12718451,0.031796128
53142,0.10246476,0.10718328,0.09774622,0.041185144,0.0,0.041185144,0.010296286
53145,0.09312727,0.10466627,0.081588276,0.11369563,0.0,0.11369563,0.028423907
53148,0.5744377,0.10934815,1.0395272,0.5292631,0.0,0.5292631,0.13231577
53151,0.10417848,0.10650303,0.10185393,0.027140424,0.0,0.027140424,0.006785106
53154,0.108807705,0.079591446,0.13802396,0.1606052,0.0,0.1606052,0.0401513
53157,0.23717435,0.057135597,0.4172131,0.17916445,0.0,0.17916445,0.044791114
53160,0.105874516,0.070660226,0.14108881,0.07969778,0.0,0.07969778,0.019924445
53162,0.20444047,0.048536677,0.36034426,0.620946,0.0,0.620946,0.1552365
53165,0.089654736,0.06400609,0.115303375,0.040831804,0.0,0.040831804,0.010207951
53168,0.053067703,0.062093,0.044042405,0.14222099,0.0,0.14222099,0.035555247
53171,0.12535872,0.0711723,0.17954512,0.07846064,0.0,0.07846064,0.01961516
53174,0.91827697,0.067272194,1.7692817,1.2564474,0.0,1.2564474,0.31411186
53177,0.2972283,0.074008934,0.5204477,0.23410487,0.0,0.23410487,0.058526218
53180,0.2899637,0.08439666,0.4955307,0.19469585,0.0,0.19469585,0.04867396
53182,0.18859386,0.0954471,0.2817406,0.07310665,0.0,0.07310665,0.018276662
53185,0.4322226,0.1086038,0.75584143,0.3181099,0.0,0.3181099,0.079527475
53188,0.39501238,0.12350553,0.6665192,1.2450461,0.0,1.2450461,0.31126153
53191,0.2856834,0.11743346,0.45393333,0.97166866,0.0,0.97166866,0.24291717
53194,0.2719232,0.16064547,0.38320097,0.9331012,0.0,0.9331012,0.2332753
53197,0.26580355,0.17370772,0.3578994,0.067969315,0.0,0.067969315,0.016992329
53200,1.1444858,0.12796673,2.161005,1.3109672,0.0,1.3109672,0.3277418
53202,0.16833787,0.18646674,0.15020898,0.10947921,0.0,0.10947921,0.027369803
53205,1.0970231,0.2213223,1.9727241,0.9925604,0.0,0.9925604,0.2481401
53208,0.22643942,0.2504514,0.20242745,0.040973518,0.0,0.040973518,0.0102433795
53211,1.3774275,0.1951381,2.559717,1.4335293,0.0,1.4335293,0.3583823
53214,0.076674424,0.09823408,0.055114772,0.14670826,0.0,0.14670826,0.036677066
53217,0.18270068,0.10542574,0.25997564,0.58094126,0.0,0.58094126,0.14523531
53220,0.110547125,0.0982686,0.12282565,0.10512633,0.0,0.10512633,0.026281582
53222,0.41457722,0.09660649,0.73254794,0.33187506,0.0,0.33187506,0.082968764
53225,1.2687366,0.08561739,2.451856,1.6488448,0.0,1.6488448,0.4122112
53228,0.42617545,0.07305014,0.7793007,1.2806603,0.0,1.2806603,0.32016507
53231,0.963535,0.06954701,1.857523,1.2467166,0.0,1.2467166,0.31167915
53234,0.17284662,0.06658766,0.27910557,0.10531279,0.0,0.10531279,0.026328197
53237,0.06236678,0.065407366,0.05932619,0.050713282,0.0,0.050713282,0.0126783205
53240,0.9768737,0.063700415,1.8900471,1.2845258,0.0,1.2845258,0.32113144
53242,0.12146491,0.06315952,0.1797703,0.05543525,0.0,0.05543525,0.013858813
53245,0.5340106,0.059983302,1.0080379,0.6029561,0.0,0.6029561,0.15073903
53248,0.076384716,0.08464757,0.06812185,0.07192822,0.0,0.07192822,0.017982055
53251,0.4628555,0.08021239,0.84549856,1.4023104,0.0,1.4023104,0.3505776
53254,0.08255997,0.08119341,0.083926536,0.10074079,0.0,0.10074079,0.025185198
53257,0.7399098,0.07045337,1.4093663,0.88978416,0.0,0.88978416,0.22244604
53260,0.32880497,0.097156845,0.5604531,0.22794831,0.0,0.22794831,0.056987077
53262,1.3923641,0.11645935,2.6682692,1.7081323,0.0,1.7081323,0.42703307
53265,0.06577154,0.099414475,0.032128613,0.13282645,0.0,0.13282645,0.033206612
53268,0.10517206,0.1041551,0.10618902,0.095092446,0.0,0.095092446,0.023773111
53271,0.0669585,0.08360827,0.050308734,0.24217594,0.0,0.24217594,0.060543984
53274,0.3230227,0.079426475,0.5666189,1.0049063,0.0,1.0049063,0.25122657
53277,0.27667987,0.08303078,0.47032896,0.16977803,0.0,0.16977803,0.04244451
53280,0.6878527,0.085153244,1.2905521,0.74592805,0.0,0.74592805,0.18648201
53282,0.31028017,0.09837905,0.5221813,0.17167222,0.0,0.17167222,0.042918056
53285,0.299848,0.10498494,0.49471104,0.16672646,0.0,0.16672646,0.041681614
53288,0.25246322,0.114613436,0.39031303,0.17155679,0.0,0.17155679,0.042889196
53291,0.08562253,0.114637665,0.056607384,0.13791186,0.0,0.13791186,0.034477964
53294,0.2741984,0.12902747,0.41936937,0.14370416,0.0,0.14370416,0.03592604
53297,0.43736947,0.10782999,0.76690894,0.3751185,0.0,0.3751185,0.09377962
53300,0.26397583,0.075067684,0.452884,0.23103325,0.0,0.23103325,0.057758313
53302,1.0241054,0.08721707,1.9609938,1.274745,0.0,1.274745,0.31868625
53305,0.35971972,0.08359044,0.635849,0.34298337,0.0,0.34298337,0.08574584
53308,0.28636327,0.06858749,0.504139,0.8276291,0.0,0.8276291,0.20690727
53311,0.056746732,0.060032357,0.053461105,0.08985851,0.0,0.08985851,0.022464627
53314,0.79499483,0.09843218,1.4915575,0.86122257,0.0,0.86122257,0.21530564
53317,0.06816946,0.071263514,0.065075405,0.028985599,0.0,0.028985599,0.0072463998
53320,0.13314125,0.059411112,0.20687139,0.0642159,0.0,0.0642159,0.016053975
53322,0.060551744,0.06665365,0.05444984,0.033781484,0.0,0.033781484,0.008445371
53325,0.1485936,0.08405314,0.21313407,0.05547451,0.0,0.05547451,0.013868627
53328,0.3099085,0.068180576,0.55163646,0.35949674,0.0,0.35949674,0.089874186
53331,0.36091006,0.058567032,0.6632531,0.45464563,0.0,0.45464563,0.11366141
53334,0.080354266,0.045453075,0.11525545,0.12957615,0.0,0.12957615,0.032394037
53337,0.120812714,0.048032213,0.1935932,0.0812782,0.0,0.0812782,0.02031955
53340,0.18092126,0.031260993,0.33058152,0.23252456,0.0,0.23252456,0.05813114
53342,0.13888362,0.02577207,0.25199518,0.27332506,0.0,0.27332506,0.068331264
53345,0.10116001,0.021966897,0.18035312,0.22589833,0.0,0.22589833,0.05647458
53348,0.1453558,0.01811284,0.27259877,0.3094245,0.0,0.3094245,0.07735612
53351,0.13962758,0.014998563,0.2642566,0.22965221,0.0,0.22965221,0.057413053
53354,0.38042033,0.012346808,0.74849385,0.7706879,0.0,0.7706879,0.19267197
53357,0.408749,0.0065689236,0.8109291,0.7757127,0.0,0.7757127,0.19392818
53360,0.039622143,0.005744832,0.07349945,0.06075734,0.0,0.06075734,0.015189335
53362,0.57553095,0.0058850716,1.1451769,1.2109371,0.0,1.2109371,0.3027343
53365,0.35068932,0.0050670104,0.69631165,0.7131309,0.0,0.7131309,0.17828272
53368,0.5743588,0.0068107448,1.1419069,1.2287084,0.0,1.2287084,0.3071771
53371,0.11319575,0.0052539217,0.22113757,0.20177066,0.0,0.20177066,0.050442666
53374,0.022138895,0.0064946045,0.037783187,0.04288138,0.0,0.04288138,0.010720345
53377,0.048243444,0.008088946,0.08839794,0.08458639,0.0,0.08458639,0.021146597
53380,0.260459,0.007847269,0.51307076,0.4879321,0.0,0.4879321,0.12198302
53382,0.41886172,0.009162596,0.8285608,0.90949184,0.0,0.90949184,0.22737296
53385,0.26634607,0.017635304,0.5150568,0.6560865,0.0,0.6560865,0.16402163
53388,0.06648299,0.02096323,0.11200275,0.07676508,0.0,0.07676508,0.01919127
53391,0.1184944,0.024418024,0.21257079,0.23535009,0.0,0.23535009,0.05883752
53394,0.03557676,0.02907017,0.042083353,0.11133024,0.0,0.11133024,0.02783256
53397,0.326417,0.03472929,0.6181047,0.84108657,0.0,0.84108657,0.21027164
53400,0.049233418,0.03781368,0.060653154,0.04744539,0.0,0.04744539,0.011861348
53402,0.6190271,0.04269964,1.1953545,0.8451781,0.0,0.8451781,0.21129453
53405,0.08589634,0.045957178,0.12583551,0.10877334,0.0,0.10877334,0.027193336
53408,0.10767143,0.05613186,0.159211,0.06116408,0.0,0.06116408,0.01529102
53411,0.1841176,0.06328877,0.3049464,0.1700093,0.0,0.1700093,0.042502325
53414,0.08527804,0.045340914,0.12521517,0.09508263,0.0,0.09508263,0.023770658
53417,0.067499526,0.050712127,0.08428693,0.063405305,0.0,0.063405305,0.015851326
53420,0.094529025,0.04982056,0.13923748,0.1448716,0.0,0.1448716,0.0362179
53422,0.17476092,0.04340212,0.3061197,0.5423928,0.0,0.5423928,0.1355982
53425,0.3401197,0.04173405,0.6385053,0.38701618,0.0,0.38701618,0.096754044
53428,0.8209291,0.050624084,1.5912342,1.1308103,0.0,1.1308103,0.28270257
53431,0.15256618,0.07506456,0.23006779,0.07413253,0.0,0.07413253,0.018533133
53434,0.23084457,0.08897373,0.37271544,0.12880576,0.0,0.12880576,0.03220144
53437,0.09682128,0.07246228,0.12118027,0.05205044,0.0,0.05205044,0.01301261
53440,0.3932098,0.077821724,0.70859784,1.1856357,0.0,1.1856357,0.29640892
53442,0.10978683,0.08091719,0.13865648,0.13209404,0.0,0.13209404,0.03302351
53445,0.09241372,0.10113657,0.083690874,0.07196095,0.0,0.07196095,0.017990237
53448,0.12878096,0.10875634,0.14880557,0.3305292,0.0,0.3305292,0.0826323
53451,0.09431756,0.1023016,0.086333536,0.18896484,0.0,0.18896484,0.04724121
53454,0.17092271,0.10359498,0.23825045,0.048432928,0.0,0.048432928,0.012108232
53457,0.87201977,0.12977688,1.6142626,0.8635078,0.0,0.8635078,0.21587695
53460,0.1625141,0.111830056,0.21319814,0.45373762,0.0,0.45373762,0.113434404
53462,0.10031011,0.10331026,0.09730997,0.12093312,0.0,0.12093312,0.03023328
53465,0.113945365,0.12696262,0.100928105,0.07794807,0.0,0.07794807,0.019487018
53468,0.088514835,0.07792422,0.09910545,0.075631104,0.0,0.075631104,0.018907776
53471,0.3089923,0.063700676,0.5542839,0.28695393,0.0,0.28695393,0.07173848
53474,0.17041455,0.0509425,0.2898866,0.1406484,0.0,0.1406484,0.0351621
53477,0.32058918,0.03414772,0.60703063,0.85591465,0.0,0.85591465,0.21397866
53480,0.118259616,0.029653331,0.2068659,0.32457557,0.0,0.32457557,0.08114389
53482,0.20948707,0.028176682,0.39079747,0.22518563,0.0,0.22518563,0.05629641
53485,0.059312094,0.027640983,0.09098321,0.17773277,0.0,0.17773277,0.04443319
53488,0.026863925,0.023177847,0.030550003,0.023535898,0.0,0.023535898,0.0058839745
53491,0.042436004,0.024925416,0.059946597,0.018288968,0.0,0.018288968,0.004572242
53494,0.09992208,0.02437281,0.17547135,0.09700104,0.0,0.09700104,0.02425026
53497,0.05984457,0.029535713,0.090153426,0.033022966,0.0,0.033022966,0.008255742
53500,0.4736315,0.027686387,0.91957664,0.65498096,0.0,0.65498096,0.16374524
53502,0.24975146,0.02746976,0.47203317,0.69986945,0.0,0.69986945,0.17496736
53505,0.052139256,0.020709353,0.08356916,0.13026614,0.0,0.13026614,0.032566536
53508,0.09217938,0.01231929,0.17203946,0.23297863,0.0,0.23297863,0.058244657
53511,0.045748163,0.015141204,0.07635512,0.08755026,0.0,0.08755026,0.021887565
53514,0.18722175,0.026916003,0.3475275,0.523626,0.0,0.523626,0.1309065
53517,1.284385,0.04695149,2.5218184,1.9021047,0.0,1.9021047,0.47552618
53520,0.47649252,0.035799474,0.91718554,0.63729,0.0,0.63729,0.1593225
53522,0.030995375,0.024589384,0.037401363,0.06489789,0.0,0.06489789,0.016224472
53525,0.3414006,0.02031228,0.6624889,0.48811683,0.0,0.48811683,0.12202921
53528,0.03591827,0.029953947,0.041882593,0.06293852,0.0,0.06293852,0.01573463
53531,0.69099784,0.019545363,1.3624502,1.0896541,0.0,1.0896541,0.27241352
53534,0.024539232,0.022995338,0.026083127,0.018843787,0.0,0.018843787,0.0047109467
53537,0.4721742,0.01971555,0.92463285,0.7170066,0.0,0.7170066,0.17925166
53540,0.41773787,0.017742326,0.81773347,0.63913864,0.0,0.63913864,0.15978466
53542,0.6534067,0.010570548,1.2962428,1.4930214,0.0,1.4930214,0.37325534
53545,0.27597377,0.017996432,0.5339511,0.38973084,0.0,0.38973084,0.09743271
53548,0.28457695,0.01752881,0.5516251,0.39825264,0.0,0.39825264,0.09956316
53551,0.038667936,0.01692246,0.06041341,0.03209133,0.0,0.03209133,0.008022833
53554,0.046835717,0.026878467,0.066792965,0.099387966,0.0,0.099387966,0.024846992
53557,0.087323576,0.026293641,0.14835352,0.25858045,0.0,0.25858045,0.06464511
53560,0.20065534,0.030535065,0.3707756,0.5756109,0.0,0.5756109,0.14390272
53562,0.6532664,0.035948258,1.2705845,1.6442622,0.0,1.6442622,0.41106555
53565,0.31756216,0.043959904,0.5911644,0.33160824,0.0,0.33160824,0.08290206
53568,0.057122603,0.0395514,0.07469381,0.06780345,0.0,0.06780345,0.016950862
53571,0.59001076,0.03866767,1.1413538,1.4960934,0.0,1.4960934,0.37402335
53574,0.09201085,0.04074524,0.14327645,0.18318649,0.0,0.18318649,0.04579662
53577,0.49230424,0.037608027,0.94700044,0.6343836,0.0,0.6343836,0.1585959
53580,0.07788763,0.04616786,0.1096074,0.04878659,0.0,0.04878659,0.012196648
53582,0.07723185,0.058949456,0.09551424,0.022486985,0.0,0.022486985,0.005621746
53585,0.067735195,0.04699276,0.088477634,0.07564751,0.0,0.07564751,0.018911878
53588,0.1415156,0.061129734,0.22190148,0.49579176,0.0,0.49579176,0.12394794
53591,0.09423395,0.05094095,0.13752694,0.14338158,0.0,0.14338158,0.035845395
53594,1.1077725,0.060570046,2.154975,1.5736183,0.0,1.5736183,0.39340457
53597,0.5309466,0.05359972,1.0082935,0.610144,0.0,0.610144,0.152536
53600,0.17875858,0.06449153,0.2930256,0.124367125,0.0,0.124367125,0.031091781
53602,0.09411899,0.08345365,0.10478435,0.34460902,0.0,0.34460902,0.086152256
53605,0.08704996,0.08469214,0.08940778,0.28283438,0.0,0.28283438,0.070708595
53608,0.11647693,0.10736909,0.12558477,0.12666889,0.0,0.12666889,0.03166722
53611,0.062041715,0.09861603,0.025467409,0.17476659,0.0,0.17476659,0.043691646
53614,0.73485833,0.1332407,1.336476,0.6400164,0.0,0.6400164,0.1600041
53617,0.07744498,0.09764471,0.05724525,0.050930858,0.0,0.050930858,0.012732714
53619,0.09620664,0.07897853,0.113434754,0.17979313,0.0,0.17979313,0.044948284
53622,0.16827588,0.101955615,0.23459613,0.050104428,0.0,0.050104428,0.012526107
53625,0.52116615,0.10708314,0.93524915,0.47447243,0.0,0.47447243,0.11861811
53628,0.077558346,0.077269554,0.07784714,0.12197109,0.0,0.12197109,0.030492773
53631,0.09869683,0.05030546,0.14708818,0.047732756,0.0,0.047732756,0.011933189
53634,0.500383,0.07283291,0.92793316,1.329071,0.0,1.329071,0.33226776
53637,0.25608778,0.05947147,0.45270407,0.22974372,0.0,0.22974372,0.05743593
53639,0.32642907,0.07110702,0.5817511,0.84099764,0.0,0.84099764,0.21024941
53642,0.55119914,0.0508776,1.0515207,0.71012706,0.0,0.71012706,0.17753176
53645,0.19376116,0.037557352,0.34996495,0.46353802,0.0,0.46353802,0.115884505
53648,0.08190164,0.044414118,0.11938917,0.040552124,0.0,0.040552124,0.010138031
53651,0.19991732,0.027639488,0.37219515,0.5051958,0.0,0.5051958,0.12629895
53654,0.046939284,0.029359763,0.0645188,0.09527385,0.0,0.09527385,0.023818463
53657,0.124358855,0.020876095,0.22784162,0.14332299,0.0,0.14332299,0.035830747
53659,0.10240046,0.020004226,0.18479669,0.2697802,0.0,0.2697802,0.06744505
53662,0.51550204,0.023810903,1.0071932,1.2473844,0.0,1.2473844,0.3118461
53665,0.30667785,0.02948414,0.58387154,0.79935724,0.0,0.79935724,0.19983931
53668,0.2455374,0.03418918,0.4568856,0.2660929,0.0,0.2660929,0.066523224
53671,0.06450646,0.035843153,0.09316978,0.20307726,0.0,0.20307726,0.050769314
53674,0.28094724,0.03691749,0.52497697,0.7151039,0.0,0.7151039,0.17877598
53677,0.07041761,0.04725243,0.09358279,0.057708487,0.0,0.057708487,0.014427122
53679,0.7432876,0.047371965,1.4392033,1.8695073,0.0,1.8695073,0.46737683
53682,0.18303378,0.039609957,0.32645762,0.5326162,0.0,0.5326162,0.13315405
53685,0.1702966,0.044346094,0.29624707,0.18229724,0.0,0.18229724,0.04557431
53688,0.07931719,0.042866647,0.115767725,0.06580396,0.0,0.06580396,0.01645099
53691,0.08475444,0.045973126,0.12353575,0.06976121,0.0,0.06976121,0.017440302
53694,0.29442024,0.048458397,0.5403821,0.28242517,0.0,0.28242517,0.07060629
53697,0.4096326,0.05607957,0.7631857,0.4164755,0.0,0.4164755,0.104118876
53699,0.21711324,0.057002146,0.37722433,0.6971453,0.0,0.6971453,0.17428632
53702,0.08112351,0.060877964,0.10136905,0.08821597,0.0,0.08821597,0.022053992
53705,0.058312695,0.06481692,0.051808465,0.20213056,0.0,0.20213056,0.05053264
53708,0.12723696,0.1071412,0.14733271,0.06878079,0.0,0.06878079,0.017195197
53711,1.1331055,0.114454366,2.1517565,1.3099514,0.0,1.3099514,0.32748786
53714,0.50163466,0.120624,0.8826453,0.3862466,0.0,0.3862466,0.09656165
53717,0.975389,0.115752555,1.8350254,1.0565499,0.0,1.0565499,0.26413748
53719,0.19173394,0.18792419,0.19554369,0.08244172,0.0,0.08244172,0.02061043
53722,0.14395674,0.17577577,0.11213773,0.50314397,0.0,0.50314397,0.12578599
53725,0.40123224,0.13296705,0.66949743,1.3573979,0.0,1.3573979,0.33934948
53728,0.4867591,0.15538219,0.81813604,1.6509188,0.0,1.6509188,0.4127297
53731,0.76561135,0.15941654,1.3718061,0.6351752,0.0,0.6351752,0.1587938
53734,0.6475208,0.13656639,1.1584752,0.558737,0.0,0.558737,0.13968424
53737,0.90312344,0.123567075,1.6826798,0.94830424,0.0,0.94830424,0.23707606
53739,0.109290875,0.13453996,0.08404178,0.16404447,0.0,0.16404447,0.041011117
53742,0.2999098,0.104766704,0.49505284,0.16384484,0.0,0.16384484,0.04096121
53745,0.12521638,0.09762845,0.15280432,0.3654311,0.0,0.3654311,0.091357775
53748,1.1811213,0.07776921,2.2844734,1.5374621,0.0,1.5374621,0.38436553
53751,0.08418409,0.06265683,0.10571136,0.17678368,0.0,0.17678368,0.04419592
53754,0.26361826,0.062651716,0.46458483,0.76354885,0.0,0.76354885,0.19088721
53757,0.08278658,0.073220916,0.09235224,0.27416316,0.0,0.27416316,0.06854079
53759,0.30899715,0.06369614,0.55429816,0.9013608,0.0,0.9013608,0.2253402
53762,0.07337093,0.057939872,0.088802,0.05467646,0.0,0.05467646,0.013669115
53765,0.18110554,0.044478726,0.31773233,0.14372504,0.0,0.14372504,0.03593126
53768,0.3603634,0.049322452,0.67140436,1.0263624,0.0,1.0263624,0.2565906
53771,0.10481443,0.055633415,0.15399545,0.22761516,0.0,0.22761516,0.05690379
53774,0.3307121,0.047113966,0.61431026,0.3551565,0.0,0.3551565,0.08878913
53777,0.2416455,0.036557794,0.4467332,0.6764307,0.0,0.6764307,0.16910768
53779,0.3631263,0.041696656,0.684556,0.42500553,0.0,0.42500553,0.10625138
53782,0.22492129,0.04319631,0.40664625,0.1974463,0.0,0.1974463,0.049361575
53785,0.05507803,0.040730342,0.069425724,0.056924358,0.0,0.056924358,0.0142310895
53788,0.052903727,0.02746732,0.078340136,0.08936723,0.0,0.08936723,0.022341808
53791,0.4245429,0.024615133,0.8244707,1.077263,0.0,1.077263,0.26931575
53794,1.0414138,0.02467831,2.058149,1.652278,0.0,1.652278,0.4130695
53797,0.04409358,0.026972776,0.061214376,0.10932215,0.0,0.10932215,0.027330538
53799,0.083406866,0.026853792,0.13995993,0.07719191,0.0,0.07719191,0.019297978
53802,0.06725395,0.02273736,0.11177053,0.16187187,0.0,0.16187187,0.040467966
53805,0.07950261,0.024813613,0.13419162,0.058657855,0.0,0.058657855,0.014664464
53808,0.39339074,0.022497961,0.7642835,1.0127338,0.0,1.0127338,0.25318345
53811,0.2178395,0.021135962,0.41454303,0.29154944,0.0,0.29154944,0.07288736
53814,0.10967093,0.022619413,0.19672245,0.110362805,0.0,0.110362805,0.027590701
53817,0.7303528,0.026676843,1.4340287,1.1366879,0.0,1.1366879,0.28417197
53819,0.30773687,0.02467575,0.59079796,0.5121381,0.0,0.5121381,0.12803453
53822,0.033654656,0.025917396,0.041391917,0.07781928,0.0,0.07781928,0.01945482
53825,0.42191562,0.02280572,0.82102555,0.88242465,0.0,0.88242465,0.22060616
53828,0.11849608,0.02498866,0.21200351,0.12193892,0.0,0.12193892,0.03048473
53831,0.1511233,0.02676499,0.2754816,0.26347265,0.0,0.26347265,0.06586816
53834,0.070077546,0.023115283,0.11703982,0.13578905,0.0,0.13578905,0.033947263
53837,0.031984165,0.02327698,0.04069135,0.03652977,0.0,0.03652977,0.009132442
53839,0.33423677,0.023518289,0.6449553,0.5918122,0.0,0.5918122,0.14795305
53842,0.45820317,0.02245301,0.8939533,0.8409168,0.0,0.8409168,0.2102292
53845,0.272347,0.021496048,0.52319795,0.40089175,0.0,0.40089175,0.10022294
53848,0.5458512,0.020926377,1.070776,0.9729094,0.0,0.9729094,0.24322735
53851,0.083621286,0.020510497,0.14673208,0.14783858,0.0,0.14783858,0.036959644
53854,0.055056047,0.019490443,0.09062165,0.05333184,0.0,0.05333184,0.01333296
53857,0.19943283,0.021867549,0.3769981,0.50361186,0.0,0.50361186,0.12590297
53859,0.05609026,0.020991372,0.091189146,0.05821387,0.0,0.05821387,0.014553468
53862,0.06520355,0.017073058,0.11333404,0.0983426,0.0,0.0983426,0.02458565
53865,0.056134354,0.019380378,0.092888325,0.07948111,0.0,0.07948111,0.019870277
53868,0.06382845,0.017072894,0.11058401,0.1730603,0.0,0.1730603,0.043265074
53871,0.1015485,0.016262129,0.18683487,0.2386291,0.0,0.2386291,0.059657276
53874,0.5317338,0.016567014,1.0469006,1.202622,0.0,1.202622,0.3006555
53877,0.17787246,0.017834023,0.3379109,0.45630392,0.0,0.45630392,0.11407598
53879,0.64020604,0.019535957,1.2608762,1.0899287,0.0,1.0899287,0.2724822
53882,1.0282164,0.017213412,2.0392194,1.7718881,0.0,1.7718881,0.44297203
53885,0.11748588,0.023209235,0.21176253,0.10750184,0.0,0.10750184,0.02687546
53888,0.030625353,0.023216581,0.038034126,0.0734857,0.0,0.0734857,0.018371426
53891,0.53100854,0.024667338,1.0373498,0.998786,0.0,0.998786,0.2496965
53894,0.08523252,0.029303014,0.14116202,0.13494748,0.0,0.13494748,0.03373687
53897,0.071622394,0.019955875,0.12328891,0.058221165,0.0,0.058221165,0.014555291
53899,0.11364593,0.018425727,0.20886613,0.2946624,0.0,0.2946624,0.0736656
53902,0.093147956,0.019293914,0.167002,0.24835564,0.0,0.24835564,0.06208891
53905,0.029869745,0.021587407,0.038152087,0.025028506,0.0,0.025028506,0.0062571266
53908,0.31346518,0.024371156,0.6025592,0.41451073,0.0,0.41451073,0.10362768
53911,0.13175462,0.034789965,0.22871928,0.1295989,0.0,0.1295989,0.032399725
53914,0.21030636,0.040233437,0.3803793,0.61446935,0.0,0.61446935,0.15361734
53917,0.06877368,0.040816087,0.09673127,0.096872,0.0,0.096872,0.024218
53919,0.13973981,0.044115555,0.23536408,0.42556322,0.0,0.42556322,0.106390804
53922,0.18638037,0.055983532,0.3167772,0.15679811,0.0,0.15679811,0.039199527
53925,0.1098358,0.08163852,0.13803308,0.025576109,0.0,0.025576109,0.0063940273
53928,0.7679381,0.050808102,1.485068,1.0310341,0.0,1.0310341,0.25775853
53931,0.1754853,0.04686135,0.30410922,0.5154078,0.0,0.5154078,0.12885195
53934,0.3595498,0.041980635,0.67711896,0.4287006,0.0,0.4287006,0.10717515
53937,0.062968604,0.025461843,0.10047537,0.053916883,0.0,0.053916883,0.013479221
53939,0.14516358,0.020609528,0.2697176,0.39003336,0.0,0.39003336,0.09750834
53942,0.38793638,0.024191165,0.7516816,0.5836766,0.0,0.5836766,0.14591914
53945,0.29310724,0.026835054,0.5593794,0.39688697,0.0,0.39688697,0.09922174
53948,0.2661445,0.024372995,0.50791603,0.689897,0.0,0.689897,0.17247425
53951,0.5411677,0.025139058,1.0571963,0.78379846,0.0,0.78379846,0.19594961
53954,0.12214374,0.024922112,0.21936536,0.13182323,0.0,0.13182323,0.032955807
53957,0.1229881,0.024821004,0.22115518,0.31312072,0.0,0.31312072,0.07828018
53959,0.025598222,0.022686766,0.028509682,0.02996328,0.0,0.02996328,0.00749082
53962,0.12457841,0.021956565,0.22720025,0.1500246,0.0,0.1500246,0.03750615
53965,0.31571522,0.019381983,0.61204845,0.45611635,0.0,0.45611635,0.11402909
53968,0.55182034,0.015780577,1.08786,1.2035203,0.0,1.2035203,0.30088007
53971,0.08855649,0.016105006,0.16100796,0.09621649,0.0,0.09621649,0.024054123
53974,0.48075673,0.0093744,0.9521391,1.0175749,0.0,1.0175749,0.25439373
53977,0.22839648,0.006113795,0.45067915,0.44207597,0.0,0.44207597,0.11051899
53979,0.17674981,0.0064610415,0.3470386,0.346387,0.0,0.346387,0.08659675
53982,0.11311372,0.0086547015,0.21757275,0.19167805,0.0,0.19167805,0.04791951
53985,0.4105958,0.008435403,0.81275624,0.7519858,0.0,0.7519858,0.18799645
53988,0.030596845,0.009865277,0.05132841,0.037801024,0.0,0.037801024,0.009450256
53991,0.37046513,0.013800484,0.72712976,0.70061153,0.0,0.70061153,0.17515288
53994,0.07530337,0.0174034,0.13320333,0.103285395,0.0,0.103285395,0.025821349
53997,0.08899921,0.02250967,0.15548876,0.15478042,0.0,0.15478042,0.038695104
53999,0.08918633,0.022167677,0.15620498,0.108666025,0.0,0.108666025,0.027166506
54002,0.066098325,0.022749385,0.10944726,0.0977577,0.0,0.0977577,0.024439424
54005,0.041835815,0.03203534,0.05163629,0.12889637,0.0,0.12889637,0.032224093
54008,0.22941162,0.057996765,0.40082648,0.16609734,0.0,0.16609734,0.041524336
54011,0.11634319,0.0632016,0.16948478,0.1438074,0.0,0.1438074,0.03595185
54014,0.079601645,0.058058593,0.101144694,0.048959896,0.0,0.048959896,0.012239974
54017,0.09275266,0.06306744,0.12243787,0.09618306,0.0,0.09618306,0.024045765
54019,0.9262834,0.069362156,1.7832047,1.2617478,0.0,1.2617478,0.31543696
54022,0.09834099,0.08162155,0.11506043,0.028693184,0.0,0.028693184,0.007173296
54025,0.14066035,0.08131332,0.20000738,0.05643761,0.0,0.05643761,0.014109403
54028,0.58173245,0.08987399,1.0735909,1.568875,0.0,1.568875,0.39221874
54031,0.60540575,0.094890565,1.1159209,1.6415443,0.0,1.6415443,0.4103861
54034,0.18125433,0.08373547,0.2787732,0.55430007,0.0,0.55430007,0.13857502
54037,0.5234743,0.073290445,0.97365814,1.3646728,0.0,1.3646728,0.3411682
54039,0.70255417,0.07041151,1.3346968,0.9129345,0.0,0.9129345,0.22823362
54042,0.36030924,0.08573606,0.6348824,0.29792938,0.0,0.29792938,0.074482344
54045,0.25769472,0.08056316,0.43482628,0.16310786,0.0,0.16310786,0.040776964
54048,0.3899134,0.09438947,0.6854374,0.29792297,0.0,0.29792297,0.07448074
54051,0.3850862,0.11834373,0.6518287,0.23729718,0.0,0.23729718,0.059324294
54054,0.501359,0.12389991,0.87881804,0.39272007,0.0,0.39272007,0.09818002
54057,0.10991329,0.14380662,0.07601995,0.11435091,0.0,0.11435091,0.028587727
54059,0.42709193,0.17999756,0.6741862,1.4045849,0.0,1.4045849,0.35114622
54062,0.35440227,0.17956926,0.52923524,0.15989517,0.0,0.15989517,0.03997379
54065,0.62054616,0.17305835,1.0680339,0.4255484,0.0,0.4255484,0.1063871
54068,0.18681432,0.19048364,0.183145,0.10179934,0.0,0.10179934,0.025449835
54071,0.41153774,0.14626162,0.67681384,0.25082636,0.0,0.25082636,0.06270659
54074,0.0958396,0.09011221,0.10156699,0.13134255,0.0,0.13134255,0.032835636
54077,0.17264728,0.08508172,0.26021287,0.07267604,0.0,0.07267604,0.01816901
54079,0.13438393,0.09200809,0.17675976,0.24616472,0.0,0.24616472,0.06154118
54082,0.30942157,0.064139396,0.5547037,0.33998773,0.0,0.33998773,0.08499693
54085,0.21530847,0.05655177,0.37406516,0.50226694,0.0,0.50226694,0.12556674
54088,0.041644786,0.023367753,0.059921816,0.07036612,0.0,0.07036612,0.01759153
54091,0.44521895,0.036214337,0.85422355,0.6660605,0.0,0.6660605,0.16651513
54094,1.1081978,0.047592495,2.168803,1.7113272,0.0,1.7113272,0.4278318
54097,0.1002731,0.03220951,0.16833669,0.17185266,0.0,0.17185266,0.042963166
54099,0.10646868,0.026361978,0.18657537,0.0963387,0.0,0.0963387,0.024084674
54102,0.018383749,0.0113396,0.025427898,0.023047363,0.0,0.023047363,0.005761841
54105,0.4839282,0.011908879,0.9559476,1.0427197,0.0,1.0427197,0.26067993
54108,0.052722428,0.009669351,0.09577551,0.11053688,0.0,0.11053688,0.02763422
54111,0.09560293,0.009132586,0.18207328,0.18762417,0.0,0.18762417,0.046906043
54114,0.52595377,0.008621561,1.043286,1.0769789,0.0,1.0769789,0.26924473
54117,0.20168912,0.008878534,0.3944997,0.4316114,0.0,0.4316114,0.10790285
54119,0.039428454,0.008605304,0.07025161,0.08839371,0.0,0.08839371,0.022098428
54122,0.11378306,0.00921411,0.21835202,0.22272027,0.0,0.22272027,0.055680066
54125,0.12555513,0.010343317,0.24076694,0.26027086,0.0,0.26027086,0.065067716
54128,0.21290828,0.011536007,0.41428056,0.35488525,0.0,0.35488525,0.08872131
54131,0.109571286,0.011119512,0.20802307,0.23649399,0.0,0.23649399,0.059123497
54134,0.109476246,0.013072245,0.20588024,0.1817239,0.0,0.1817239,0.045430973
54137,0.539275,0.016890433,1.0616595,0.9143999,0.0,0.9143999,0.22859998
54139,0.04772828,0.016819064,0.0786375,0.059178736,0.0,0.059178736,0.014794684
54142,0.22859019,0.010673235,0.44650713,0.4241639,0.0,0.4241639,0.10604098
54145,0.2013136,0.014222097,0.38840508,0.38062415,0.0,0.38062415,0.09515604
54148,0.5231381,0.011074271,1.0352019,1.1002735,0.0,1.1002735,0.27506837
54151,0.0899091,0.013775283,0.16604291,0.17730235,0.0,0.17730235,0.044325586
54154,0.30884895,0.0138795795,0.60381836,0.5423586,0.0,0.5423586,0.13558964
54157,0.11026263,0.015161504,0.20536375,0.29399654,0.0,0.29399654,0.073499136
54159,0.108764015,0.021297181,0.19623084,0.20538779,0.0,0.20538779,0.051346947
54162,0.88113874,0.025978593,1.7362989,1.375864,0.0,1.375864,0.343966
54165,0.22564584,0.03556566,0.41572604,0.21229172,0.0,0.21229172,0.05307293
54168,0.6922429,0.04775079,1.3367351,0.9063289,0.0,0.9063289,0.22658223
54171,0.28674766,0.04125072,0.5322446,0.8259637,0.0,0.8259637,0.20649092
54174,0.45342806,0.049527887,0.85732824,0.5143136,0.0,0.5143136,0.1285784
54177,0.62866324,0.042464923,1.2148615,1.638114,0.0,1.638114,0.4095285
54179,0.88689375,0.056124914,1.7176627,1.1886135,0.0,1.1886135,0.29715338
54182,0.6473524,0.06902494,1.2256798,0.73524785,0.0,0.73524785,0.18381196
54185,0.27364498,0.0831084,0.46418157,0.90194553,0.0,0.90194553,0.22548638
54188,0.29370424,0.10243102,0.48497748,0.16318947,0.0,0.16318947,0.040797368
54191,0.5940628,0.09147501,1.0966506,0.5766636,0.0,0.5766636,0.1441659
54194,0.06685695,0.06917337,0.064540535,0.07651804,0.0,0.07651804,0.01912951
54197,0.12946458,0.058522645,0.2004065,0.42352495,0.0,0.42352495,0.10588124
54199,0.0862692,0.06421054,0.10832784,0.10379908,0.0,0.10379908,0.02594977
54202,0.13840458,0.05379079,0.22301836,0.10522539,0.0,0.10522539,0.026306348
54205,0.096203744,0.0675161,0.12489138,0.11927241,0.0,0.11927241,0.029818103
54208,0.5133626,0.07660154,0.9501236,0.49944744,0.0,0.49944744,0.12486186
54211,0.6295261,0.090447105,1.168605,0.64938873,0.0,0.64938873,0.16234718
54214,0.28073284,0.07165967,0.48980603,0.9059412,0.0,0.9059412,0.2264853
54217,0.15593354,0.059488624,0.25237846,0.11995885,0.0,0.11995885,0.029989712
54219,0.09377516,0.05262385,0.13492648,0.28729418,0.0,0.28729418,0.071823545
54222,0.37723362,0.050745804,0.70372146,1.0830363,0.0,1.0830363,0.27075908
54225,0.31252995,0.058285844,0.5667741,0.27813122,0.0,0.27813122,0.069532804
54228,0.91084915,0.06492066,1.7567778,1.1739231,0.0,1.1739231,0.29348078
54231,0.10640559,0.06528618,0.14752501,0.3381628,0.0,0.3381628,0.0845407
54234,0.47725126,0.058920126,0.8955824,1.3829427,0.0,1.3829427,0.34573567
54237,0.12283546,0.055890888,0.18978004,0.33401325,0.0,0.33401325,0.08350331
54239,0.5083807,0.055248816,0.96151257,0.5817682,0.0,0.5817682,0.14544205
54242,0.04741977,0.046146274,0.04869327,0.050201636,0.0,0.050201636,0.012550409
54245,0.085951366,0.044025447,0.1278773,0.2360848,0.0,0.2360848,0.0590212
54248,0.15035824,0.041887555,0.25882894,0.11702583,0.0,0.11702583,0.029256457
54251,0.10316973,0.039030176,0.16730928,0.29884624,0.0,0.29884624,0.07471156
54254,0.098219655,0.027378201,0.16906111,0.28435114,0.0,0.28435114,0.071087785
54257,0.08025226,0.023693541,0.13681097,0.07307861,0.0,0.07307861,0.018269653
54259,0.040288568,0.022908539,0.057668597,0.08085676,0.0,0.08085676,0.02021419
54262,0.23652856,0.024212755,0.44884434,0.63764226,0.0,0.63764226,0.15941057
54265,0.08182072,0.015754303,0.14788714,0.08174854,0.0,0.08174854,0.020437134
54268,0.047049236,0.017723417,0.07637506,0.1203678,0.0,0.1203678,0.03009195
54271,0.14344753,0.018523155,0.2683719,0.17348008,0.0,0.17348008,0.04337002
54274,0.97967577,0.017368337,1.9419832,1.6328329,0.0,1.6328329,0.40820822
54277,0.053886946,0.016662655,0.091111235,0.118766524,0.0,0.118766524,0.029691631
54279,0.02907143,0.013048209,0.04509465,0.075645484,0.0,0.075645484,0.018911371
54282,0.14466427,0.016753957,0.27257457,0.17930786,0.0,0.17930786,0.044826966
54285,0.016133873,0.01342732,0.018840427,0.026116071,0.0,0.026116071,0.006529018
54288,0.020172598,0.007491684,0.032853514,0.021895954,0.0,0.021895954,0.0054739886
54291,0.32181066,0.007642103,0.63597924,0.75157505,0.0,0.75157505,0.18789376
54294,0.09687831,0.008092009,0.18566461,0.14293945,0.0,0.14293945,0.035734862
54297,0.21685988,0.009993826,0.42372593,0.34885016,0.0,0.34885016,0.08721254
54299,0.0371379,0.009749494,0.06452631,0.08526979,0.0,0.08526979,0.021317447
54302,0.46017405,0.008371789,0.91197634,1.0582486,0.0,1.0582486,0.26456216
54305,0.104409635,0.007178474,0.2016408,0.16661209,0.0,0.16661209,0.041653022
54308,0.16529061,0.004631171,0.32595006,0.33309945,0.0,0.33309945,0.08327486
54311,0.2820399,0.0071729384,0.5569069,0.50792146,0.0,0.50792146,0.12698036
54314,0.024233764,0.0038915297,0.044576,0.03243016,0.0,0.03243016,0.00810754
54317,0.2975531,0.0022179221,0.5928883,0.603821,0.0,0.603821,0.15095524
54319,0.78800875,0.0025032556,1.5735143,1.6228825,0.0,1.6228825,0.40572062
54322,0.058035076,0.002632997,0.11343715,0.10361305,0.0,0.10361305,0.025903262
54325,0.23124568,0.0025625643,0.45992878,0.47740832,0.0,0.47740832,0.11935208
54328,0.69893306,0.0020765036,1.3957896,1.3754454,0.0,1.3754454,0.34386134
54331,0.064022966,0.0021051774,0.12594076,0.12799852,0.0,0.12799852,0.03199963
54334,0.115999304,0.0025689136,0.22942968,0.21119791,0.0,0.21119791,0.05279948
54337,0.06530263,0.0029121405,0.12769312,0.1423215,0.0,0.1423215,0.035580374
54339,0.087623596,0.0023888976,0.1728583,0.15537256,0.0,0.15537256,0.03884314
54342,0.81643873,0.0021749067,1.6307026,1.5845051,0.0,1.5845051,0.39612627
54345,0.28531957,0.0024842008,0.56815493,0.60057324,0.0,0.60057324,0.15014331
54348,0.04251841,0.0029943706,0.082042456,0.0706371,0.0,0.0706371,0.017659275
54351,0.048111785,0.0036983702,0.09252521,0.08852645,0.0,0.08852645,0.022131613
54354,0.09537954,0.0054256786,0.18533342,0.20460634,0.0,0.20460634,0.051151585
54357,0.03075026,0.005673396,0.055827122,0.05471909,0.0,0.05471909,0.013679773
54359,0.17042528,0.0064428872,0.33440766,0.41464052,0.0,0.41464052,0.10366013
54362,0.15957284,0.0069004274,0.31224525,0.23683298,0.0,0.23683298,0.059208244
54365,0.050700713,0.010147453,0.09125397,0.15116791,0.0,0.15116791,0.03779198
54368,0.10073345,0.010995936,0.19047095,0.27997336,0.0,0.27997336,0.06999334
54371,0.4711415,0.009571873,0.9327111,0.775373,0.0,0.775373,0.19384325
54374,0.3381513,0.0070423335,0.66926026,0.56913495,0.0,0.56913495,0.14228374
54377,0.15649627,0.009752695,0.30323985,0.40289387,0.0,0.40289387,0.10072347
54379,0.13141365,0.010593898,0.25223342,0.24600422,0.0,0.24600422,0.061501056
54382,0.026296094,0.01682759,0.035764594,0.029271355,0.0,0.029271355,0.0073178387
54385,0.55117697,0.024819948,1.0775341,0.79882807,0.0,0.79882807,0.19970702
54388,0.051312443,0.029494837,0.07313005,0.028244577,0.0,0.028244577,0.0070611443
54391,0.4187974,0.033549327,0.8040455,0.516541,0.0,0.516541,0.12913525
54394,0.048689652,0.031740084,0.06563923,0.06397875,0.0,0.06397875,0.015994687
54397,0.049674775,0.033305634,0.06604391,0.08128734,0.0,0.08128734,0.020321835
54399,0.12870194,0.041677058,0.21572681,0.41913828,0.0,0.41913828,0.10478457
54402,0.057700694,0.05024461,0.06515677,0.19754755,0.0,0.19754755,0.04938689
54405,0.41713718,0.058068264,0.7762061,0.42017153,0.0,0.42017153,0.10504288
54408,0.06194672,0.045193475,0.07869996,0.23472504,0.0,0.23472504,0.05868126
54411,0.20209801,0.0386102,0.3655858,0.17879629,0.0,0.17879629,0.044699073
54414,0.12572975,0.04420322,0.20725627,0.09791392,0.0,0.09791392,0.02447848
54417,0.51095706,0.04317667,0.97873753,0.6233477,0.0,0.6233477,0.15583692
54419,0.35388163,0.042716578,0.6650467,1.0099267,0.0,1.0099267,0.25248167
54422,0.19469362,0.04337315,0.3460141,0.5968482,0.0,0.5968482,0.14921205
54425,0.7269036,0.039551973,1.4142551,1.0064301,0.0,1.0064301,0.25160754
54428,0.10366657,0.038902074,0.16843104,0.28039762,0.0,0.28039762,0.070099406
54431,0.12146147,0.040334832,0.20258813,0.117033355,0.0,0.117033355,0.029258339
54434,0.09836191,0.03711958,0.15960424,0.064750016,0.0,0.064750016,0.016187504
54437,0.37985298,0.047294598,0.71241134,1.023674,0.0,1.023674,0.2559185
54439,0.15659025,0.041568253,0.27161226,0.1494674,0.0,0.1494674,0.03736685
54442,0.38234162,0.040326245,0.72435695,0.46197006,0.0,0.46197006,0.115492515
54445,0.065029256,0.037604306,0.09245422,0.20579058,0.0,0.20579058,0.051447645
54448,0.06666308,0.030623874,0.10270228,0.19454964,0.0,0.19454964,0.04863741
54451,0.35522345,0.035430964,0.6750159,0.44129542,0.0,0.44129542,0.110323854
54454,0.21349174,0.04070619,0.3862773,0.22189547,0.0,0.22189547,0.055473868
54457,0.15654533,0.040397327,0.27269334,0.48658505,0.0,0.48658505,0.12164626
54459,0.06362592,0.043874253,0.08337758,0.018993422,0.0,0.018993422,0.0047483556
54462,0.15189074,0.029328972,0.27445248,0.43365145,0.0,0.43365145,0.10841286
54465,0.5347877,0.026683176,1.0428923,1.3660475,0.0,1.3660475,0.34151188
54468,0.20618726,0.027164476,0.38521007,0.5857618,0.0,0.5857618,0.14644045
54471,0.07562052,0.025466084,0.12577495,0.067122996,0.0,0.067122996,0.016780749
54474,0.23934056,0.018997071,0.45968404,0.3009729,0.0,0.3009729,0.07524323
54477,0.11305686,0.017411135,0.20870258,0.15514557,0.0,0.15514557,0.038786393
54479,0.34384277,0.01774699,0.66993856,0.868095,0.0,0.868095,0.21702375
54482,0.5983873,0.020063607,1.176711,0.9262653,0.0,0.9262653,0.23156632
54485,0.051246937,0.02259218,0.079901695,0.048113942,0.0,0.048113942,0.012028486
54488,0.30050322,0.021439893,0.57956654,0.3903848,0.0,0.3903848,0.0975962
54491,0.78166103,0.025625184,1.5376968,1.8829187,0.0,1.8829187,0.47072968
54494,0.05120891,0.022685042,0.079732776,0.055420857,0.0,0.055420857,0.013855214
54497,0.07213076,0.029202692,0.11505884,0.24836187,0.0,0.24836187,0.062090468
54499,0.16832612,0.032769416,0.30388284,0.50914305,0.0,0.50914305,0.12728576
54502,0.6082918,0.039330285,1.1772532,1.5615956,0.0,1.5615956,0.3903989
54505,0.9244252,0.04864727,1.8002032,1.3320307,0.0,1.3320307,0.33300766
54508,0.105087124,0.061281506,0.14889275,0.36841723,0.0,0.36841723,0.09210431
54511,0.41989937,0.070370205,0.76942855,0.3792993,0.0,0.3792993,0.09482483
54514,0.45640025,0.0780813,0.8347192,1.3657471,0.0,1.3657471,0.34143677
54517,0.26201674,0.082796745,0.44123673,0.85380346,0.0,0.85380346,0.21345086
54519,0.85901,0.08001369,1.6380062,1.0328244,0.0,1.0328244,0.2582061
54522,0.11141767,0.084452845,0.1383825,0.3874291,0.0,0.3874291,0.09685727
54525,0.3283231,0.079628974,0.57701725,0.24345148,0.0,0.24345148,0.06086287
54528,0.089048706,0.06937972,0.1087177,0.12316081,0.0,0.12316081,0.030790202
54531,0.34688482,0.06798707,0.62578255,0.34661293,0.0,0.34661293,0.08665323
54534,0.31390288,0.08321613,0.5445897,0.2383924,0.0,0.2383924,0.0595981
54537,0.63641334,0.07589233,1.1969343,1.797336,0.0,1.797336,0.449334
54539,0.08982271,0.0858923,0.09375312,0.16959427,0.0,0.16959427,0.04239857
54542,0.2649409,0.06704504,0.4628367,0.24101341,0.0,0.24101341,0.060253352
54545,0.13719489,0.06006314,0.21432662,0.35890594,0.0,0.35890594,0.089726485
54548,0.05767016,0.062045563,0.05329476,0.09077022,0.0,0.09077022,0.022692556
54551,0.15609473,0.04797132,0.26421815,0.35440674,0.0,0.35440674,0.088601686
54554,0.40069625,0.049955454,0.751437,1.0023707,0.0,1.0023707,0.25059268
54556,0.072233744,0.04281048,0.10165701,0.19906397,0.0,0.19906397,0.049765993
54559,0.41949463,0.03865997,0.80032927,0.5186413,0.0,0.5186413,0.12966032
54562,0.22820818,0.04596874,0.41044763,0.24396098,0.0,0.24396098,0.060990244
54565,0.39766493,0.049436912,0.745893,1.0241188,0.0,1.0241188,0.2560297
54568,0.1465184,0.039983094,0.2530537,0.12912486,0.0,0.12912486,0.032281216
54571,0.39473972,0.034652356,0.754827,1.0439876,0.0,1.0439876,0.2609969
54574,0.16615649,0.035831157,0.29648182,0.39615008,0.0,0.39615008,0.09903752
54576,0.4335227,0.03598341,0.831062,0.9971898,0.0,0.9971898,0.24929745
54579,0.07843725,0.03714377,0.11973073,0.11977289,0.0,0.11977289,0.029943222
54582,0.173006,0.04615541,0.29985657,0.42213634,0.0,0.42213634,0.105534084
54585,0.069660775,0.023275906,0.11604563,0.15302221,0.0,0.15302221,0.038255554
54588,0.063967496,0.026611762,0.101323225,0.11656401,0.0,0.11656401,0.029141003
54591,0.061537296,0.014731954,0.10834264,0.08893702,0.0,0.08893702,0.022234255
54594,0.1112959,0.013763666,0.20882814,0.15554659,0.0,0.15554659,0.038886648
54596,0.1431729,0.0074475575,0.27889824,0.2652024,0.0,0.2652024,0.0663006
54599,0.3243262,0.009472108,0.63918024,0.61156034,0.0,0.61156034,0.15289009
54602,0.32903245,0.009324119,0.64874077,0.61035734,0.0,0.61035734,0.15258934
54605,0.049117137,0.010916312,0.087317966,0.078338645,0.0,0.078338645,0.019584661
54608,0.298081,0.008814117,0.5873479,0.57215863,0.0,0.57215863,0.14303966
54611,0.593322,0.00849789,1.178146,1.2892444,0.0,1.2892444,0.3223111
54614,0.45996478,0.011509676,0.9084199,1.0719739,0.0,1.0719739,0.26799348
54616,0.37282285,0.011493184,0.7341525,0.632981,0.0,0.632981,0.15824525
54619,0.58716124,0.01823425,1.1560882,0.9093105,0.0,0.9093105,0.22732763
54622,0.07259185,0.024110695,0.12107301,0.18734348,0.0,0.18734348,0.04683587
54625,0.05289259,0.031371005,0.07441417,0.0916604,0.0,0.0916604,0.0229151
54628,0.41056892,0.029414875,0.79172295,0.53183675,0.0,0.53183675,0.13295919
54631,0.14777458,0.033375416,0.26217374,0.43067285,0.0,0.43067285,0.10766821
54634,0.038074,0.029042033,0.047105968,0.058294192,0.0,0.058294192,0.014573548
54636,0.044262934,0.023289824,0.06523604,0.081452526,0.0,0.081452526,0.020363132
54639,0.043583874,0.021528086,0.06563967,0.06539534,0.0,0.06539534,0.016348835
54642,0.040350433,0.02500244,0.055698425,0.048148666,0.0,0.048148666,0.012037166
54645,0.0938805,0.03219739,0.1555636,0.17593314,0.0,0.17593314,0.043983284
54648,0.03176282,0.022623286,0.040902358,0.024147214,0.0,0.024147214,0.0060368036
54651,0.07053334,0.03279375,0.10827294,0.06354881,0.0,0.06354881,0.015887203
54654,0.20071703,0.038254943,0.36317912,0.5865318,0.0,0.5865318,0.14663295
54656,0.068627484,0.046558153,0.09069681,0.059002966,0.0,0.059002966,0.014750741
54659,0.2723756,0.045775983,0.49897525,0.25241715,0.0,0.25241715,0.06310429
54662,0.6452785,0.058244307,1.2323127,0.80017966,0.0,0.80017966,0.20004492
54665,0.10031778,0.07261578,0.1280198,0.03340729,0.0,0.03340729,0.008351822
54668,0.4386829,0.09402285,0.783343,1.33137,0.0,1.33137,0.3328425
54671,0.22881925,0.11275864,0.34487987,0.7735531,0.0,0.7735531,0.19338827
54674,0.91297466,0.100193016,1.7257563,1.0307302,0.0,1.0307302,0.25768256
54676,0.08856193,0.0858422,0.09128165,0.02884576,0.0,0.02884576,0.00721144
54679,0.087685496,0.089116395,0.0862546,0.329614,0.0,0.329614,0.0824035
54682,0.091481246,0.09591194,0.08705056,0.27714872,0.0,0.27714872,0.06928718
54685,0.6588134,0.11117337,1.2064534,0.6004632,0.0,0.6004632,0.1501158
54688,0.07006196,0.12036959,0.019754317,0.16742878,0.0,0.16742878,0.041857194
54691,0.30977073,0.12183398,0.4977075,1.0073575,0.0,1.0073575,0.25183937
54694,0.9541246,0.14423467,1.7640146,0.92626065,0.0,0.92626065,0.23156516
54696,0.12065361,0.13785732,0.10344989,0.27324322,0.0,0.27324322,0.068310805
54699,0.30061594,0.14068061,0.4605513,0.16398056,0.0,0.16398056,0.04099514
54702,0.65511245,0.13933994,1.170885,0.5322018,0.0,0.5322018,0.13305046
54705,0.31324932,0.15035702,0.47614157,0.11789986,0.0,0.11789986,0.029474964
54708,0.10210204,0.1512567,0.052947383,0.14348017,0.0,0.14348017,0.03587004
54711,0.2239977,0.14493515,0.30306023,0.6982367,0.0,0.6982367,0.17455918
54714,0.23577124,0.14196171,0.32958078,0.07775306,0.0,0.07775306,0.019438265
54716,0.12159267,0.15027414,0.092911206,0.07897053,0.0,0.07897053,0.019742632
54719,0.15444128,0.15855075,0.15033178,0.22846656,0.0,0.22846656,0.05711664
54722,0.34857678,0.13727082,0.5598827,0.18069415,0.0,0.18069415,0.045173537
54725,0.09439763,0.15982477,0.028970473,0.16618472,0.0,0.16618472,0.04154618
54728,0.116110705,0.15341514,0.07880626,0.27881953,0.0,0.27881953,0.06970488
54731,1.1306051,0.14545283,2.1157575,1.2411898,0.0,1.2411898,0.31029746
54734,0.3098732,0.11266792,0.50707847,1.0202396,0.0,1.0202396,0.2550599
54736,0.14865874,0.14846103,0.14885643,0.41199312,0.0,0.41199312,0.10299828
54739,0.26967865,0.1046007,0.4347566,0.2075274,0.0,0.2075274,0.05188185
54742,0.05970989,0.08522334,0.034196448,0.14800131,0.0,0.14800131,0.03700033
54745,0.35397747,0.07118957,0.6367654,1.063301,0.0,1.063301,0.26582524
54748,0.26371238,0.06994601,0.45747876,0.17280994,0.0,0.17280994,0.043202486
54751,0.08860601,0.12061566,0.056596365,0.2964957,0.0,0.2964957,0.07412393
54754,0.17788024,0.16510464,0.19065583,0.24621563,0.0,0.24621563,0.061553907
54756,0.07394118,0.11892337,0.02895899,0.16159634,0.0,0.16159634,0.040399086
54759,0.26710382,0.12292644,0.4112812,0.14815874,0.0,0.14815874,0.037039686
54762,0.2026202,0.1330358,0.27220458,0.05893217,0.0,0.05893217,0.014733043
54765,0.14115657,0.12937218,0.15294097,0.060177367,0.0,0.060177367,0.015044342
54768,0.07411346,0.13464165,0.013585265,0.17958486,0.0,0.17958486,0.044896215
54771,0.12844197,0.15144719,0.105436765,0.0667105,0.0,0.0667105,0.016677625
54774,0.4494635,0.1767884,0.7221386,1.5262117,0.0,1.5262117,0.38155293
54776,0.48710367,0.16170533,0.81250197,0.2837368,0.0,0.2837368,0.0709342
54779,0.17273659,0.18057394,0.16489922,0.14185487,0.0,0.14185487,0.035463717
54782,0.11417657,0.17785908,0.050494064,0.3217636,0.0,0.3217636,0.0804409
54785,0.21144658,0.1988287,0.22406447,0.1132374,0.0,0.1132374,0.02830935
54788,0.6695309,0.20042515,1.1386367,0.40624627,0.0,0.40624627,0.10156157
54791,0.5996844,0.1929423,1.0064265,0.33977255,0.0,0.33977255,0.08494314
54794,0.23862123,0.19029863,0.28694382,0.87378764,0.0,0.87378764,0.21844691
54796,0.24813414,0.19402087,0.3022474,0.053677518,0.0,0.053677518,0.0134193795
54799,0.7536171,0.19995205,1.3072823,0.5026531,0.0,0.5026531,0.12566328
54802,0.5767329,0.19994976,0.953516,0.2957301,0.0,0.2957301,0.07393253
54805,0.1796553,0.20134191,0.15796869,0.043283198,0.0,0.043283198,0.0108207995
54808,0.20482557,0.22077054,0.18888061,0.7454311,0.0,0.7454311,0.18635778
54811,0.3673551,0.23292951,0.50178075,0.09845797,0.0,0.09845797,0.024614492
54814,0.5659148,0.2440695,0.88776016,0.21101598,0.0,0.21101598,0.052753996
54816,0.22833373,0.24894457,0.2077229,0.03505315,0.0,0.03505315,0.008763287
54819,0.51993144,0.23841612,0.80144674,1.8248304,0.0,1.8248304,0.4562076
54822,1.5250796,0.2357722,2.814387,1.4549001,0.0,1.4549001,0.36372504
54825,0.21314128,0.2337505,0.19253205,0.069816984,0.0,0.069816984,0.017454246
54828,0.21499546,0.24568105,0.18430988,0.04685868,0.0,0.04685868,0.01171467
54831,1.0308144,0.23085701,1.8307718,0.8028943,0.0,0.8028943,0.20072357
54834,0.1590165,0.23240574,0.08562729,0.30714694,0.0,0.30714694,0.076786734
54836,0.16487797,0.24397285,0.085783064,0.19956891,0.0,0.19956891,0.049892228
54839,0.7434924,0.24523668,1.2417482,0.3978822,0.0,0.3978822,0.09947055
54842,1.2633777,0.24120456,2.2855508,1.0753709,0.0,1.0753709,0.26884273
54845,0.32815182,0.2320654,0.42423823,0.065773405,0.0,0.065773405,0.016443351
54848,0.60982394,0.2203399,0.99930793,0.30938053,0.0,0.30938053,0.07734513
54851,1.2305645,0.22281672,2.238312,1.1007813,0.0,1.1007813,0.27519533
54854,0.38294813,0.2274106,0.53848565,0.12071034,0.0,0.12071034,0.030177586
54856,0.21715014,0.23118596,0.20311433,0.109619856,0.0,0.109619856,0.027404964
54859,0.36914918,0.23467469,0.50362366,0.108445056,0.0,0.108445056,0.027111264
54862,0.28847265,0.24178149,0.33516383,0.042075742,0.0,0.042075742,0.0105189355
54865,0.3161727,0.24883376,0.38351163,0.061710875,0.0,0.061710875,0.015427719
54868,0.673665,0.25698015,1.0903498,0.30516255,0.0,0.30516255,0.07629064
54871,0.1832517,0.2635076,0.10299579,0.24683674,0.0,0.24683674,0.061709184
54874,0.15202497,0.245678,0.058371935,0.2135883,0.0,0.2135883,0.053397074
54876,0.18875249,0.24528961,0.13221537,0.41089287,0.0,0.41089287,0.10272322
54879,0.16202359,0.22439028,0.09965688,0.33352384,0.0,0.33352384,0.08338096
54882,0.2560059,0.19849019,0.31352162,0.07623709,0.0,0.07623709,0.019059272
54885,0.28182563,0.21764237,0.34600887,0.045277197,0.0,0.045277197,0.011319299
54888,0.9462703,0.22883517,1.6637055,0.67985487,0.0,0.67985487,0.16996372
54891,0.83381385,0.26142478,1.4062029,0.47494784,0.0,0.47494784,0.11873696
54894,0.26170805,0.2769103,0.24650581,0.045268316,0.0,0.045268316,0.011317079
54896,0.17822228,0.2752543,0.08119025,0.39145836,0.0,0.39145836,0.09786459
54899,0.6591084,0.23769923,1.0805176,0.34530354,0.0,0.34530354,0.086325884
54902,0.96054816,0.21338777,1.7077085,0.75382406,0.0,0.75382406,0.18845601
54905,0.19071305,0.19239368,0.18903244,0.6672862,0.0,0.6672862,0.16682155
54908,0.2615992,0.2024564,0.320742,0.037258714,0.0,0.037258714,0.009314679
54911,0.18340214,0.2138269,0.1529774,0.44328627,0.0,0.44328627,0.11082157
54914,0.5249224,0.20519716,0.8446476,0.24501838,0.0,0.24501838,0.061254594
54916,0.16565306,0.19325443,0.13805169,0.13088521,0.0,0.13088521,0.032721303
54919,0.5731463,0.17928867,0.9670038,0.39605036,0.0,0.39605036,0.09901259
54922,0.13586676,0.17711179,0.09462174,0.13706763,0.0,0.13706763,0.034266908
54925,0.10271266,0.16280852,0.0426168,0.20162809,0.0,0.20162809,0.050407022
54928,0.10859885,0.1714371,0.04576059,0.18724912,0.0,0.18724912,0.04681228
54931,0.13290429,0.18156934,0.084239244,0.40633798,0.0,0.40633798,0.101584494
54934,0.77685136,0.18584947,1.3678532,0.62605375,0.0,0.62605375,0.15651344
54936,0.13115938,0.1636466,0.098672174,0.21484907,0.0,0.21484907,0.053712267
54939,0.50595796,0.15164937,0.8602665,0.33022067,0.0,0.33022067,0.08255517
54942,0.23243946,0.12964936,0.33522955,0.07694037,0.0,0.07694037,0.019235093
54945,0.20436414,0.1409452,0.2677831,0.67191625,0.0,0.67191625,0.16797906
54948,0.80469203,0.14373249,1.4656515,0.7951477,0.0,0.7951477,0.19878693
54951,0.13943477,0.1286986,0.15017094,0.27295622,0.0,0.27295622,0.068239056
54954,0.20794271,0.1281111,0.28777432,0.76713544,0.0,0.76713544,0.19178386
54956,0.19980271,0.11819965,0.28140578,0.07234297,0.0,0.07234297,0.018085742
54959,0.49600747,0.104498625,0.8875163,0.43702564,0.0,0.43702564,0.10925641
54962,0.8147209,0.09496915,1.5344728,0.9365422,0.0,0.9365422,0.23413555
54965,0.22739722,0.085997105,0.36879733,0.12430129,0.0,0.12430129,0.031075323
54968,0.487641,0.09028228,0.88499975,0.46934775,0.0,0.46934775,0.11733694
54971,0.4313986,0.08702588,0.7757713,0.3939667,0.0,0.3939667,0.098491676
54974,0.07988955,0.07965303,0.08012607,0.056307387,0.0,0.056307387,0.014076847
54976,0.11274911,0.06241411,0.1630841,0.3351027,0.0,0.3351027,0.08377568
54979,0.07055687,0.07351625,0.06759749,0.11875019,0.0,0.11875019,0.029687548
54982,0.061395656,0.07189947,0.050891843,0.06887371,0.0,0.06887371,0.017218428
54985,0.098042466,0.052115824,0.14396912,0.052756548,0.0,0.052756548,0.013189137
54988,0.28322038,0.045927092,0.5205137,0.2802435,0.0,0.2802435,0.07006087
54991,0.044841196,0.042437006,0.047245383,0.04356165,0.0,0.04356165,0.010890412
54994,0.63745886,0.044549506,1.2303683,0.8168656,0.0,0.8168656,0.2042164
54996,0.15413822,0.07399213,0.23428433,0.36297694,0.0,0.36297694,0.090744235
54999,0.1708637,0.07029787,0.27142957,0.09993484,0.0,0.09993484,0.02498371
55002,0.16694625,0.0761163,0.25777617,0.07925019,0.0,0.07925019,0.019812547
55005,0.1492369,0.07644146,0.22203232,0.070705615,0.0,0.070705615,0.017676404
55008,0.16412294,0.069932416,0.25831345,0.49338636,0.0,0.49338636,0.12334659
55011,0.122328885,0.062239543,0.18241823,0.065062635,0.0,0.065062635,0.016265659
55014,0.39303792,0.05561358,0.73046225,1.1661327,0.0,1.1661327,0.29153317
55016,0.6290931,0.055427816,1.2027584,0.75599986,0.0,0.75599986,0.18899997
55019,0.21389256,0.05198585,0.37579927,0.17971742,0.0,0.17971742,0.044929355
55022,0.20734031,0.050056864,0.36462379,0.6575039,0.0,0.6575039,0.16437598
55025,0.25024217,0.047022533,0.4534618,0.2266704,0.0,0.2266704,0.0566676
55028,1.2314554,0.05202328,2.4108875,1.7831097,0.0,1.7831097,0.44577742
55031,0.09867071,0.05713342,0.140208,0.33145,0.0,0.33145,0.0828625
55034,0.07594132,0.07406347,0.07781916,0.2689847,0.0,0.2689847,0.06724618
55036,0.07913149,0.078551196,0.07971179,0.28225344,0.0,0.28225344,0.07056336
55039,0.524221,0.0762406,0.97220135,0.5172499,0.0,0.5172499,0.12931247
55042,0.87646073,0.08421185,1.6687096,1.0578346,0.0,1.0578346,0.26445866
55045,0.1590377,0.09960619,0.2184692,0.58249825,0.0,0.58249825,0.14562456
55048,0.12881802,0.1203841,0.13725196,0.03888056,0.0,0.03888056,0.00972014
55051,0.08398519,0.11929553,0.04867485,0.2681918,0.0,0.2681918,0.06704795
55054,0.2761954,0.12304004,0.42935076,0.18317814,0.0,0.18317814,0.045794535
55056,0.15899733,0.1360584,0.18193625,0.026426626,0.0,0.026426626,0.0066066566
55059,0.5658146,0.18714516,0.94448406,0.30535346,0.0,0.30535346,0.076338366
55062,1.1063837,0.20553148,2.0072358,0.9804142,0.0,0.9804142,0.24510355
55065,0.8284187,0.21739145,1.4394459,0.57385814,0.0,0.57385814,0.14346454
55068,0.12257874,0.2260545,0.01910296,0.30355522,0.0,0.30355522,0.075888805
55071,0.26736698,0.23421699,0.30051693,0.9015425,0.0,0.9015425,0.22538562
55074,0.3958542,0.24019124,0.5515172,0.12663548,0.0,0.12663548,0.03165887
55076,0.30778214,0.24454524,0.371019,0.045685966,0.0,0.045685966,0.011421491
55079,0.31203854,0.2480381,0.376039,0.07006975,0.0,0.07006975,0.017517438
55082,0.2669638,0.27060094,0.26332667,0.06364465,0.0,0.06364465,0.015911162
55085,0.7587566,0.26889774,1.2486154,0.421837,0.0,0.421837,0.10545925
55088,0.33353272,0.24921723,0.41784826,0.066589765,0.0,0.066589765,0.016647441
55091,0.21224797,0.27857202,0.14592391,0.08561363,0.0,0.08561363,0.021403408
55094,0.58012885,0.2502502,0.9100075,0.22890258,0.0,0.22890258,0.057225645
55096,0.18751504,0.24900629,0.12602378,0.61646014,0.0,0.61646014,0.15411504
55099,0.21730153,0.24451745,0.1900856,0.5258212,0.0,0.5258212,0.1314553
55102,0.22966047,0.24110591,0.218215,0.32102537,0.0,0.32102537,0.08025634
55105,0.22047667,0.23767848,0.20327485,0.2775525,0.0,0.2775525,0.06938812
55108,0.1737296,0.2373606,0.11009861,0.15171827,0.0,0.15171827,0.03792957
55111,0.84416264,0.23575026,1.4525751,0.53227097,0.0,0.53227097,0.13306774
55114,0.90524554,0.23459895,1.5758921,0.6094442,0.0,0.6094442,0.15236105
55116,0.51006746,0.23391433,0.78622055,0.24711533,0.0,0.24711533,0.061778832
55119,1.5801448,0.21907572,2.9412136,1.5944799,0.0,1.5944799,0.39861998
55122,0.31256816,0.18932967,0.43580666,0.093918145,0.0,0.093918145,0.023479536
55125,0.13725774,0.18551719,0.08899828,0.15477252,0.0,0.15477252,0.03869313
55128,1.2764837,0.1742516,2.3787158,1.4345284,0.0,1.4345284,0.3586321
55131,0.2625955,0.14211516,0.38307586,0.10302186,0.0,0.10302186,0.025755465
55134,0.30762634,0.10214535,0.5131073,0.18564175,0.0,0.18564175,0.046410438
55136,0.13393378,0.098770805,0.16909675,0.32538053,0.0,0.32538053,0.08134513
55139,0.5357507,0.06454414,1.0069572,1.3973044,0.0,1.3973044,0.3493261
55142,0.33229434,0.057658087,0.6069306,0.33055922,0.0,0.33055922,0.082639806
55145,0.26557976,0.05088249,0.48027703,0.23769593,0.0,0.23769593,0.059423983
55148,0.14107166,0.04972687,0.23241647,0.13582458,0.0,0.13582458,0.033956144
55151,0.10782093,0.048152253,0.1674896,0.06739235,0.0,0.06739235,0.016848087
55154,0.2974616,0.04267533,0.5522479,0.29984865,0.0,0.29984865,0.07496216
55156,0.053972233,0.044323664,0.06362081,0.027966486,0.0,0.027966486,0.0069916216
55159,0.16037974,0.054876838,0.26588264,0.123024665,0.0,0.123024665,0.030756166
55162,0.08931631,0.06348706,0.11514556,0.29244778,0.0,0.29244778,0.073111944
55165,0.07198327,0.07417352,0.06979302,0.26617357,0.0,0.26617357,0.06654339
55168,0.061757207,0.07322163,0.050292775,0.07419498,0.0,0.07419498,0.018548746
55171,0.5469158,0.08072778,1.013104,0.53821844,0.0,0.53821844,0.13455461
55174,0.43060222,0.086715184,0.7744892,1.3359438,0.0,1.3359438,0.33398595
55176,0.14635663,0.09193107,0.2007822,0.08080882,0.0,0.08080882,0.020202205
55179,0.3053029,0.0954295,0.5151763,0.18018703,0.0,0.18018703,0.045046758
55182,1.1873668,0.12834258,2.246391,1.3676481,0.0,1.3676481,0.34191203
55185,0.16785143,0.13194,0.20376284,0.48842135,0.0,0.48842135,0.12210534
55188,0.1305445,0.13535768,0.1257313,0.24655525,0.0,0.24655525,0.061638813
55191,1.2307718,0.113328986,2.3482146,1.4488693,0.0,1.4488693,0.36221734
55194,0.22066168,0.1316259,0.30969745,0.05900504,0.0,0.05900504,0.01475126
55196,0.26733178,0.13275762,0.40190592,0.11047959,0.0,0.11047959,0.027619898
55199,0.134456,0.13310866,0.13580334,0.27695826,0.0,0.27695826,0.069239564
55202,0.16406061,0.11558824,0.212533,0.42429057,0.0,0.42429057,0.10607264
55205,0.14142741,0.099156916,0.1836979,0.37160325,0.0,0.37160325,0.09290081
55208,0.5434615,0.08934485,0.99757814,0.54577297,0.0,0.54577297,0.13644324
55211,0.16144863,0.084299184,0.23859806,0.50310373,0.0,0.50310373,0.12577593
55214,0.27942416,0.0778168,0.4810315,0.7998276,0.0,0.7998276,0.1999569
55216,0.06252747,0.07288193,0.052173004,0.057456005,0.0,0.057456005,0.014364001
55219,0.2478149,0.06460351,0.4310263,0.80474186,0.0,0.80474186,0.20118546
55222,0.8858328,0.06527484,1.7063907,1.178183,0.0,1.178183,0.29454574
55225,0.12302184,0.06473779,0.18130589,0.31973732,0.0,0.31973732,0.07993433
55228,0.06505283,0.057056155,0.07304951,0.17935653,0.0,0.17935653,0.044839133
55231,0.12951757,0.055156846,0.20387828,0.08746743,0.0,0.08746743,0.021866858
55234,0.22823401,0.046129692,0.4103383,0.68538046,0.0,0.68538046,0.17134511
55236,0.2529547,0.04146268,0.4644467,0.71613187,0.0,0.71613187,0.17903297
55239,0.13639566,0.034414176,0.23837715,0.13032542,0.0,0.13032542,0.032581355
55242,0.12040494,0.036704946,0.20410492,0.34129962,0.0,0.34129962,0.085324906
55245,0.17988384,0.044935036,0.31483263,0.1666979,0.0,0.1666979,0.041674476
55248,0.15033393,0.030897275,0.2697706,0.18944329,0.0,0.18944329,0.047360823
55251,0.22141294,0.027244875,0.415581,0.23809163,0.0,0.23809163,0.05952291
55254,0.40120628,0.05912799,0.74328464,1.1704859,0.0,1.1704859,0.29262146
55256,0.17626472,0.03983903,0.3126904,0.5361238,0.0,0.5361238,0.13403095
55259,0.3045812,0.032867018,0.5762953,0.8552725,0.0,0.8552725,0.21381812
55262,0.49643588,0.039720405,0.9531514,1.3381516,0.0,1.3381516,0.3345379
55265,0.60012376,0.051006254,1.1492413,0.7340314,0.0,0.7340314,0.18350784
55268,0.23150355,0.059794117,0.403213,0.18626733,0.0,0.18626733,0.046566833
55271,0.4137833,0.0691678,0.75839883,1.1756736,0.0,1.1756736,0.2939184
55274,0.077276796,0.087425806,0.06712779,0.13246696,0.0,0.13246696,0.03311674
55276,0.11308605,0.083331235,0.14284088,0.033722382,0.0,0.033722382,0.0084305955
55279,0.157452,0.049298167,0.26560584,0.12551033,0.0,0.12551033,0.031377584
55282,0.43843114,0.04493266,0.8319296,1.1859823,0.0,1.1859823,0.2964956
55285,0.21033148,0.04275329,0.37790966,0.6502115,0.0,0.6502115,0.16255288
55288,0.14474733,0.040353864,0.24914081,0.112970255,0.0,0.112970255,0.028242564
55291,0.441173,0.038818557,0.8435275,0.5352575,0.0,0.5352575,0.13381438
55294,0.64523363,0.036981463,1.2534858,0.8835478,0.0,0.8835478,0.22088695
55296,0.6199712,0.035940927,1.2040014,0.85142297,0.0,0.85142297,0.21285574
55299,0.040329855,0.038141124,0.042518586,0.07926727,0.0,0.07926727,0.019816818
55302,0.17081912,0.043427322,0.29821095,0.4851081,0.0,0.4851081,0.12127703
55305,0.47980073,0.04178821,0.9178133,0.5797934,0.0,0.5797934,0.14494835
55308,0.15185094,0.055582773,0.2481191,0.48580387,0.0,0.48580387,0.12145097
55311,0.20797051,0.05480909,0.36113194,0.15647493,0.0,0.15647493,0.039118733
55314,0.07177139,0.05430299,0.08923978,0.16257642,0.0,0.16257642,0.040644106
55316,0.69460493,0.054750115,1.3344598,0.90501815,0.0,0.90501815,0.22625454
55319,0.17736185,0.06471044,0.29001322,0.60473484,0.0,0.60473484,0.15118371
55322,0.7709996,0.0576728,1.4843264,1.0231797,0.0,1.0231797,0.2557949
55325,0.06670992,0.05367646,0.07974338,0.088834025,0.0,0.088834025,0.022208506
55328,0.044752523,0.047120143,0.042384904,0.049129825,0.0,0.049129825,0.012282456
55331,0.35576752,0.059311558,0.65222347,1.0182781,0.0,1.0182781,0.25456953
55334,0.71239954,0.05785446,1.3669447,0.90094995,0.0,0.90094995,0.22523749
55336,0.0596538,0.05356956,0.06573803,0.066157125,0.0,0.066157125,0.016539281
55339,0.16505438,0.04765277,0.282456,0.14908214,0.0,0.14908214,0.037270535
55342,0.08035139,0.034529597,0.12617318,0.09999516,0.0,0.09999516,0.02499879
55345,0.067570746,0.03517054,0.09997096,0.11542084,0.0,0.11542084,0.02885521
55348,0.14156501,0.04379045,0.23933958,0.42912194,0.0,0.42912194,0.107280485
55351,0.5041812,0.041436672,0.9669258,0.63793796,0.0,0.63793796,0.15948449
55354,0.26250443,0.044847652,0.4801612,0.25987306,0.0,0.25987306,0.064968266
55356,0.059929937,0.054126203,0.065733664,0.07593116,0.0,0.07593116,0.01898279
55359,0.1316738,0.0486418,0.21470578,0.091271006,0.0,0.091271006,0.022817751
55362,0.3524531,0.04262064,0.66228557,0.9176077,0.0,0.9176077,0.22940193
55365,0.3650085,0.056548268,0.67346877,0.3735142,0.0,0.3735142,0.09337855
55368,0.2507084,0.058926612,0.4424902,0.22708565,0.0,0.22708565,0.056771412
55371,0.20457321,0.04527181,0.36387464,0.57417315,0.0,0.57417315,0.14354329
55374,0.19807291,0.047100384,0.34904543,0.6129029,0.0,0.6129029,0.15322572
55376,0.103563584,0.04967776,0.15744941,0.06287268,0.0,0.06287268,0.01571817
55379,0.13522214,0.04545792,0.22498636,0.090118825,0.0,0.090118825,0.022529706
55382,0.14264522,0.040887546,0.2444029,0.36826804,0.0,0.36826804,0.09206701
55385,0.69289964,0.040674187,1.3451251,0.9565029,0.0,0.9565029,0.23912573
55388,0.1538624,0.03664139,0.27108338,0.41117486,0.0,0.41117486,0.102793716
55391,0.25391206,0.0373355,0.47048858,0.29471636,0.0,0.29471636,0.07367909
55394,0.18663734,0.033532225,0.33974245,0.49057522,0.0,0.49057522,0.122643806
55396,0.2903709,0.033485767,0.54725605,0.3576099,0.0,0.3576099,0.089402474
55399,0.19430144,0.034613416,0.35398948,0.19240284,0.0,0.19240284,0.04810071
55402,0.1704586,0.036645014,0.30427217,0.2011323,0.0,0.2011323,0.050283074
55405,0.09219935,0.026719788,0.15767889,0.17231917,0.0,0.17231917,0.043079793
55408,0.05739355,0.02923888,0.08554822,0.06681118,0.0,0.06681118,0.016702795
55411,0.13050136,0.030972103,0.23003061,0.40074646,0.0,0.40074646,0.100186616
55414,0.033007454,0.026061019,0.039953887,0.11216271,0.0,0.11216271,0.028040677
55416,0.36832884,0.026713518,0.7099442,0.47122875,0.0,0.47122875,0.11780719
55419,0.0564986,0.030952295,0.08204491,0.20148341,0.0,0.20148341,0.050370853
55422,0.055738032,0.026873978,0.08460209,0.06172668,0.0,0.06172668,0.01543167
55425,0.03542004,0.028553983,0.042286098,0.035230596,0.0,0.035230596,0.008807649
55428,0.1614405,0.031997025,0.290884,0.49516782,0.0,0.49516782,0.123791955
55431,0.20919956,0.046738904,0.37166023,0.24826074,0.0,0.24826074,0.062065184
55434,0.45081386,0.054849654,0.8467781,1.290924,0.0,1.290924,0.322731
55436,0.2163208,0.06018147,0.37246013,0.14504467,0.0,0.14504467,0.036261167
55439,0.16962534,0.0765888,0.2626619,0.09425819,0.0,0.09425819,0.023564547
55442,0.079848275,0.074543245,0.085153304,0.08004076,0.0,0.08004076,0.02001019
55445,0.4255507,0.08919656,0.7619048,0.3497939,0.0,0.3497939,0.08744848
55448,0.121714644,0.11290064,0.13052864,0.117309,0.0,0.117309,0.02932725
55451,0.5278155,0.13629937,0.9193317,0.4045953,0.0,0.4045953,0.10114882
55454,0.12406764,0.118534364,0.12960091,0.048898447,0.0,0.048898447,0.012224612
55456,0.47040597,0.118812405,0.82199955,0.33921584,0.0,0.33921584,0.08480396
55459,0.33699584,0.1143901,0.5596016,1.1373565,0.0,1.1373565,0.28433913
55462,0.076837815,0.10175738,0.051918264,0.22981896,0.0,0.22981896,0.05745474
55465,0.20027359,0.08895422,0.31159297,0.12656072,0.0,0.12656072,0.03164018
55468,1.0303894,0.08591106,1.9748677,1.2535552,0.0,1.2535552,0.3133888
55471,1.1757474,0.08608651,2.2654083,1.4892263,0.0,1.4892263,0.3723066
55474,1.0386689,0.097253,1.9800848,1.2091385,0.0,1.2091385,0.30228463
55476,0.099981606,0.0981266,0.101836614,0.06072503,0.0,0.06072503,0.015181257
55479,0.8834829,0.09124521,1.6757206,1.0293065,0.0,1.0293065,0.25732663
55482,0.2411176,0.09395284,0.38828233,0.1439284,0.0,0.1439284,0.0359821
55485,0.15354258,0.1075745,0.19951065,0.47689,0.0,0.47689,0.1192225
55488,0.07288237,0.07499999,0.07076475,0.072706364,0.0,0.072706364,0.018176591
55491,0.114578605,0.066306986,0.16285022,0.0666168,0.0,0.0666168,0.0166542
55494,0.35731664,0.062167745,0.6524656,0.34247378,0.0,0.34247378,0.085618444
55496,0.103739254,0.05920102,0.14827748,0.038914103,0.0,0.038914103,0.009728526
55499,0.76944166,0.055681765,1.4832016,1.0202221,0.0,1.0202221,0.25505552
55502,0.07186208,0.05241089,0.09131327,0.08711799,0.0,0.08711799,0.021779498
55505,0.3975812,0.05027004,0.7448923,0.43209934,0.0,0.43209934,0.108024836
55508,0.053144068,0.048558135,0.05773,0.12300349,0.0,0.12300349,0.030750873
55511,0.05626501,0.046659607,0.06587041,0.05888812,0.0,0.05888812,0.01472203
55513,0.19886874,0.045629784,0.35210767,0.6349923,0.0,0.6349923,0.15874808
55516,0.09563889,0.044805247,0.14647253,0.045591917,0.0,0.045591917,0.011397979
55519,0.16348495,0.043808494,0.2831614,0.48196852,0.0,0.48196852,0.12049213
55522,0.12214822,0.042680338,0.20161611,0.3608888,0.0,0.3608888,0.0902222
55525,0.34006682,0.04063954,0.6394941,0.41789356,0.0,0.41789356,0.10447339
55528,0.045053463,0.038199637,0.051907282,0.042175423,0.0,0.042175423,0.010543856
55531,0.19637209,0.035394724,0.3573495,0.20784788,0.0,0.20784788,0.05196197
55533,0.4230487,0.033206537,0.8128908,1.1464245,0.0,1.1464245,0.28660613
55536,0.3559427,0.030230375,0.681655,0.9432306,0.0,0.9432306,0.23580766
55539,0.04190102,0.027331762,0.05647027,0.10829532,0.0,0.10829532,0.02707383
55542,0.2873644,0.024796063,0.5499327,0.39230356,0.0,0.39230356,0.09807589
55545,0.2060771,0.022483483,0.38967073,0.52807266,0.0,0.52807266,0.13201816
55548,0.041429076,0.020360148,0.062498007,0.087950855,0.0,0.087950855,0.021987714
55551,0.05266271,0.018809238,0.08651618,0.040585313,0.0,0.040585313,0.010146328
55553,0.82328343,0.017690679,1.6288762,1.3803533,0.0,1.3803533,0.34508833
55556,0.8907127,0.016485099,1.7649403,1.5553242,0.0,1.5553242,0.38883105
55559,0.6144246,0.015186555,1.2136626,1.0451459,0.0,1.0451459,0.26128647
55562,0.20797078,0.014171866,0.40176967,0.3179358,0.0,0.3179358,0.07948395
55565,0.24887991,0.012844458,0.48491538,0.39638755,0.0,0.39638755,0.09909689
55568,0.48692754,0.01204019,0.9618149,1.0958132,0.0,1.0958132,0.2739533
55571,0.044240594,0.0115068285,0.076974355,0.08250833,0.0,0.08250833,0.020627083
55573,0.1683324,0.010868172,0.32579663,0.38612154,0.0,0.38612154,0.096530385
55576,0.031115765,0.009927535,0.052303996,0.054946672,0.0,0.054946672,0.013736668
55579,0.40650484,0.009181575,0.80382806,0.9098015,0.0,0.9098015,0.22745037
55582,0.33311844,0.008913598,0.6573233,0.73587435,0.0,0.73587435,0.18396859
55585,0.08528316,0.0132978475,0.15726846,0.2148041,0.0,0.2148041,0.053701025
55588,0.03844681,0.01951666,0.057376962,0.0716221,0.0,0.0716221,0.017905526
55591,0.028119547,0.016825667,0.039413426,0.055943612,0.0,0.055943612,0.013985903
55593,0.38563123,0.01894204,0.75232047,0.91297007,0.0,0.91297007,0.22824252
55596,0.03500115,0.022333479,0.047668826,0.05526815,0.0,0.05526815,0.013817037
55599,0.08396653,0.018830352,0.1491027,0.15973288,0.0,0.15973288,0.03993322
55602,0.27327523,0.012835664,0.53371483,0.41058144,0.0,0.41058144,0.10264536
55605,0.13990925,0.012787898,0.26703063,0.18087684,0.0,0.18087684,0.04521921
55608,0.6279054,0.010274072,1.2455368,1.381135,0.0,1.381135,0.34528375
55611,0.4318668,0.01046468,0.8532689,0.97525376,0.0,0.97525376,0.24381344
55613,0.39586404,0.009368334,0.7823598,0.6751129,0.0,0.6751129,0.16877823
55616,0.15938625,0.010092358,0.30868015,0.38408422,0.0,0.38408422,0.096021056
55619,0.2547716,0.012189433,0.49735376,0.37906405,0.0,0.37906405,0.09476601
55622,0.06533367,0.01578231,0.11488503,0.14140163,0.0,0.14140163,0.03535041
55625,0.08332773,0.023451494,0.14320396,0.20287454,0.0,0.20287454,0.050718635
55628,0.062037528,0.038186427,0.085888624,0.050627124,0.0,0.050627124,0.012656781
55631,0.27084905,0.03444907,0.50724906,0.30467373,0.0,0.30467373,0.07616843
55633,0.12977004,0.039291732,0.22024834,0.12031883,0.0,0.12031883,0.030079708
55636,0.5884497,0.043688398,1.133211,0.7441402,0.0,0.7441402,0.18603505
55639,0.60814893,0.055685762,1.1606121,0.76396203,0.0,0.76396203,0.19099051
55642,0.51774615,0.08516384,0.9503284,0.48288903,0.0,0.48288903,0.12072226
55645,0.048956107,0.048648596,0.049263623,0.15031098,0.0,0.15031098,0.037577745
55648,0.056568682,0.04024079,0.07289658,0.062187403,0.0,0.062187403,0.015546851
55651,0.12836559,0.034884915,0.22184628,0.1183131,0.0,0.1183131,0.029578274
55653,0.31071407,0.03316677,0.58826137,0.35501733,0.0,0.35501733,0.08875433
55656,0.04152986,0.032393556,0.050666165,0.03413746,0.0,0.03413746,0.008534365
55659,0.46932328,0.038984966,0.8996616,0.5860618,0.0,0.5860618,0.14651544
55662,0.81733847,0.042420235,1.5922567,1.143591,0.0,1.143591,0.28589776
55665,0.726959,0.040667508,1.4132504,1.013151,0.0,1.013151,0.25328776
55668,0.1398197,0.04726628,0.23237312,0.47795084,0.0,0.47795084,0.11948771
55671,0.07759253,0.063270144,0.09191492,0.04065125,0.0,0.04065125,0.010162813
55673,0.21192501,0.07046244,0.3533876,0.120328404,0.0,0.120328404,0.030082101
55676,0.09707478,0.07186244,0.12228712,0.028301477,0.0,0.028301477,0.0070753694
55679,0.15263535,0.07317694,0.23209377,0.08113709,0.0,0.08113709,0.020284273
55682,0.04742154,0.07328067,0.02156241,0.15844865,0.0,0.15844865,0.039612163
55685,0.29885933,0.09232362,0.50539505,0.25347784,0.0,0.25347784,0.06336946
55688,0.12054178,0.11346322,0.12762034,0.052985687,0.0,0.052985687,0.013246422
55691,0.2656069,0.12166039,0.4095534,0.1561166,0.0,0.1561166,0.03902915
55693,0.2529107,0.12117072,0.3846507,0.14339192,0.0,0.14339192,0.03584798
55696,0.39136112,0.1303903,0.6523319,0.21069331,0.0,0.21069331,0.05267333
55699,0.14916545,0.12423619,0.17409472,0.025955155,0.0,0.025955155,0.006488789
55702,0.7057832,0.13206862,1.2794979,0.6178601,0.0,0.6178601,0.15446502
55705,0.66352266,0.14170748,1.1853378,0.5190422,0.0,0.5190422,0.12976055
55708,0.1893605,0.13925794,0.23946308,0.034658216,0.0,0.034658216,0.008664554
55711,0.41863135,0.14863513,0.68862754,0.20440006,0.0,0.20440006,0.051100016
55713,0.3489158,0.15901612,0.53881544,0.2208546,0.0,0.2208546,0.05521365
55716,0.18977232,0.18057209,0.19897257,0.11122915,0.0,0.11122915,0.027807288
55719,0.4951922,0.17239368,0.8179908,0.24950619,0.0,0.24950619,0.062376548
55722,0.22174866,0.15515052,0.28834686,0.82054377,0.0,0.82054377,0.20513594
55725,0.6576295,0.18436487,1.1308941,0.44211546,0.0,0.44211546,0.110528864
55728,0.14346254,0.17069308,0.116232,0.4890646,0.0,0.4890646,0.12226615
55731,0.26512504,0.16457646,0.36567363,0.10263517,0.0,0.10263517,0.025658792
55733,0.50967306,0.1677748,0.85157126,0.32270283,0.0,0.32270283,0.080675706
55736,0.28484103,0.15122592,0.41845617,0.14207308,0.0,0.14207308,0.03551827
55739,1.4772263,0.17677207,2.7776804,1.5917467,0.0,1.5917467,0.39793667
55742,1.2497082,0.17140047,2.328016,1.2683632,0.0,1.2683632,0.3170908
55745,0.12197852,0.1598006,0.084156424,0.21406238,0.0,0.21406238,0.053515594
55748,1.2523752,0.15335932,2.3513913,1.3647938,0.0,1.3647938,0.34119844
55751,0.5568438,0.14813805,0.9655495,0.40880993,0.0,0.40880993,0.10220248
55753,0.11162133,0.113653004,0.10958966,0.040897947,0.0,0.040897947,0.010224487
55756,0.4709809,0.091967635,0.8499942,1.4161705,0.0,1.4161705,0.35404262
55759,0.12973164,0.08892576,0.17053752,0.032471523,0.0,0.032471523,0.008117881
55762,0.5233051,0.08937546,0.9572348,0.48671198,0.0,0.48671198,0.121677995
55765,1.2201159,0.09948903,2.3407428,1.5083154,0.0,1.5083154,0.37707886
55768,0.08293477,0.0875107,0.07835884,0.14534944,0.0,0.14534944,0.03633736
55771,0.41043174,0.09280291,0.72806054,1.0586969,0.0,1.0586969,0.26467422
55773,0.14251703,0.08334472,0.20168935,0.41557837,0.0,0.41557837,0.10389459
55776,0.17343639,0.07397989,0.27289286,0.43858036,0.0,0.43858036,0.10964509
55779,0.1580225,0.083782576,0.23226242,0.42914352,0.0,0.42914352,0.10728588
55782,0.05672014,0.03657928,0.076861,0.08709579,0.0,0.08709579,0.021773947
55785,0.078941695,0.040751692,0.1171317,0.22060768,0.0,0.22060768,0.05515192
55788,0.27944764,0.025556266,0.533339,0.69319534,0.0,0.69319534,0.17329884
55791,0.29250944,0.042205513,0.54281336,0.82906604,0.0,0.82906604,0.20726651
55793,0.07441694,0.04335997,0.10547393,0.08853186,0.0,0.08853186,0.022132965
55796,0.2936896,0.034548856,0.5528304,0.33924213,0.0,0.33924213,0.08481053
55799,0.056026995,0.033447985,0.078606,0.07657367,0.0,0.07657367,0.019143417
55802,0.034832407,0.024962688,0.044702124,0.02583468,0.0,0.02583468,0.00645867
55805,0.071398035,0.020070948,0.12272512,0.12282634,0.0,0.12282634,0.030706584
55808,0.13437627,0.020503407,0.24824913,0.14027698,0.0,0.14027698,0.035069246
55811,0.18332054,0.028048195,0.3385929,0.534731,0.0,0.534731,0.13368274
55813,0.2901658,0.028251866,0.5520798,0.35074067,0.0,0.35074067,0.08768517
55816,0.3628017,0.0328861,0.6927173,0.4331822,0.0,0.4331822,0.10829555
55819,0.36763623,0.036912326,0.69836015,1.0303184,0.0,1.0303184,0.2575796
55822,0.44210792,0.04072692,0.84348893,1.1846825,0.0,1.1846825,0.29617062
55825,0.13931905,0.033773385,0.2448647,0.12753798,0.0,0.12753798,0.031884495
55828,0.38823906,0.035229564,0.7412486,1.0177671,0.0,1.0177671,0.25444177
55831,1.2204262,0.053820595,2.3870318,1.7459574,0.0,1.7459574,0.43648934
55833,0.24457185,0.077310815,0.4118329,0.17303395,0.0,0.17303395,0.04325849
55836,0.45966867,0.0844802,0.83485717,0.4415306,0.0,0.4415306,0.11038265
55839,0.42152515,0.0821713,0.76087904,0.41412142,0.0,0.41412142,0.103530355
55842,0.26060528,0.07486158,0.446349,0.23365645,0.0,0.23365645,0.058414113
55845,0.19596781,0.07190459,0.32003102,0.12564398,0.0,0.12564398,0.031410996
55848,0.04900271,0.059377503,0.038627923,0.05929615,0.0,0.05929615,0.014824037
55851,0.071889274,0.046265494,0.09751306,0.17827423,0.0,0.17827423,0.044568557
55853,0.2536048,0.044315904,0.46289372,0.63015765,0.0,0.63015765,0.15753941
55856,0.112943,0.031250756,0.19463526,0.24863327,0.0,0.24863327,0.062158316
55859,0.13462466,0.02226965,0.24697967,0.15299754,0.0,0.15299754,0.038249385
55862,0.07675286,0.014713023,0.1387927,0.15771605,0.0,0.15771605,0.039429013
55865,0.2996699,0.026034102,0.57330567,0.41565633,0.0,0.41565633,0.10391408
55868,0.08572327,0.010601648,0.16084489,0.13276587,0.0,0.13276587,0.03319147
55871,0.32049778,0.010590184,0.63040537,0.54819363,0.0,0.54819363,0.13704841
55873,0.16384831,0.015092631,0.31260398,0.3825178,0.0,0.3825178,0.09562945
55876,0.23729123,0.013827804,0.46075466,0.5945959,0.0,0.5945959,0.14864898
55879,0.5264938,0.017520616,1.035467,0.866841,0.0,0.866841,0.21671025
55882,0.123126835,0.016421692,0.22983198,0.14943103,0.0,0.14943103,0.03735776
55885,0.05592783,0.014722568,0.0971331,0.07049282,0.0,0.07049282,0.017623205
55888,0.027346492,0.014456364,0.04023662,0.034126956,0.0,0.034126956,0.008531739
55891,0.3516717,0.013092398,0.69025105,0.8224554,0.0,0.8224554,0.20561385
55893,0.22168863,0.015889943,0.42748728,0.30154213,0.0,0.30154213,0.07538553
55896,0.056650996,0.013211004,0.10009099,0.15833797,0.0,0.15833797,0.03958449
55899,0.48122713,0.013006973,0.9494472,1.0911628,0.0,1.0911628,0.2727907
55902,0.34430888,0.010319585,0.67829823,0.5826173,0.0,0.5826173,0.14565432
55905,0.64845586,0.011773615,1.2851381,1.0928859,0.0,1.0928859,0.27322146
55908,0.22718883,0.017404174,0.43697348,0.60260344,0.0,0.60260344,0.15065086
55911,0.09432524,0.019714309,0.16893615,0.13067801,0.0,0.13067801,0.032669503
55913,0.118103385,0.021677582,0.2145292,0.3511789,0.0,0.3511789,0.08779473
55916,0.12229376,0.032911602,0.21167593,0.12506099,0.0,0.12506099,0.031265248
55919,0.50943,0.03610771,0.9827523,1.3632654,0.0,1.3632654,0.34081635
55922,0.41559836,0.02510827,0.80608845,0.5740199,0.0,0.5740199,0.14350498
55925,0.18489231,0.03311196,0.33667266,0.5346045,0.0,0.5346045,0.13365112
55928,1.1416571,0.057015013,2.2262993,1.5972809,0.0,1.5972809,0.39932021
55931,0.083776005,0.057919312,0.1096327,0.03178279,0.0,0.03178279,0.007945698
55933,0.10166014,0.051266227,0.15205406,0.3017116,0.0,0.3017116,0.0754279
55936,0.15619855,0.056726884,0.2556702,0.46873784,0.0,0.46873784,0.11718446
55939,0.24409616,0.051072806,0.4371195,0.22304563,0.0,0.22304563,0.055761408
55942,0.14640923,0.048795458,0.24402301,0.10106591,0.0,0.10106591,0.025266478
55945,0.49576315,0.035324123,0.9562022,0.6485243,0.0,0.6485243,0.16213107
55948,0.08076846,0.02751393,0.134023,0.08339844,0.0,0.08339844,0.02084961
55951,0.22734404,0.018950524,0.43573752,0.31782398,0.0,0.31782398,0.079455994
55953,0.15042388,0.016552798,0.28429496,0.18766928,0.0,0.18766928,0.04691732
55956,0.11113254,0.017124563,0.20514052,0.27062845,0.0,0.27062845,0.06765711
55959,0.121588975,0.030863022,0.21231492,0.12574166,0.0,0.12574166,0.031435415
55962,0.18431771,0.03956781,0.32906762,0.183357,0.0,0.183357,0.04583925
55965,0.1127248,0.031593774,0.19385582,0.32093355,0.0,0.32093355,0.08023339
55968,0.10652107,0.035657447,0.17738469,0.26398745,0.0,0.26398745,0.06599686
55971,1.0675057,0.024298519,2.110713,1.709535,0.0,1.709535,0.42738375
55973,0.036622558,0.029992973,0.04325214,0.07306341,0.0,0.07306341,0.018265853
55976,0.04619987,0.024986604,0.06741313,0.11426538,0.0,0.11426538,0.028566346
55979,0.09418416,0.029247561,0.15912077,0.24356897,0.0,0.24356897,0.060892243
55982,0.052981574,0.035243,0.07072016,0.12396587,0.0,0.12396587,0.030991467
55985,0.5123579,0.020154042,1.0045618,1.2290317,0.0,1.2290317,0.30725792
55988,0.08731281,0.024583682,0.15004194,0.08120757,0.0,0.08120757,0.020301893
55991,0.3594422,0.01803615,0.7008483,0.5132436,0.0,0.5132436,0.1283109
55993,0.08735778,0.0147534525,0.1599621,0.24865322,0.0,0.24865322,0.062163305
55996,0.13211311,0.016994445,0.24723178,0.14682093,0.0,0.14682093,0.036705233
55999,0.14876078,0.026998535,0.27052304,0.13642861,0.0,0.13642861,0.034107152
56002,0.07778594,0.037412416,0.118159465,0.12849942,0.0,0.12849942,0.032124855
56005,0.18708353,0.04189543,0.3322716,0.57588553,0.0,0.57588553,0.14397138
56008,0.43346322,0.044530947,0.8223955,1.1559602,0.0,1.1559602,0.28899005
56011,0.10197287,0.041413378,0.16253236,0.1125719,0.0,0.1125719,0.028142976
56013,0.06582648,0.059061963,0.07259101,0.05753051,0.0,0.05753051,0.014382628
56016,0.21985193,0.0510889,0.38861498,0.16376305,0.0,0.16376305,0.04094076
56019,0.07805187,0.051711053,0.104392685,0.04051513,0.0,0.04051513,0.010128782
56022,1.3056575,0.07013894,2.541176,1.8661885,0.0,1.8661885,0.46654713
56025,1.2605803,0.08690527,2.4342554,1.6965252,0.0,1.6965252,0.4241313
56028,0.1693237,0.09042678,0.24822062,0.10372928,0.0,0.10372928,0.02593232
56031,0.4671613,0.08584666,0.84847593,0.41490594,0.0,0.41490594,0.103726484
56033,0.16183233,0.08401748,0.2396472,0.10079104,0.0,0.10079104,0.02519776
56036,0.19657862,0.10686761,0.28628963,0.08545452,0.0,0.08545452,0.02136363
56039,0.13210224,0.12226546,0.14193903,0.1806315,0.0,0.1806315,0.045157876
56042,0.8291107,0.096601516,1.5616199,0.9159889,0.0,0.9159889,0.22899723
56045,0.33947718,0.10101968,0.5779347,0.24011064,0.0,0.24011064,0.06002766
56048,0.93871397,0.092079856,1.785348,1.1154442,0.0,1.1154442,0.27886105
56051,0.6710461,0.097088434,1.2450038,1.9185538,0.0,1.9185538,0.47963846
56053,0.09622216,0.10682561,0.08561871,0.061565608,0.0,0.061565608,0.015391402
56056,0.15873577,0.10278499,0.21468656,0.05212308,0.0,0.05212308,0.01303077
56059,0.32486823,0.10638697,0.54334944,0.18991303,0.0,0.18991303,0.04747826
56062,0.14026894,0.10504546,0.1754924,0.044126004,0.0,0.044126004,0.011031501
56065,0.10435157,0.108497776,0.10020536,0.033650447,0.0,0.033650447,0.008412612
56068,0.18702574,0.11750998,0.2565415,0.51854473,0.0,0.51854473,0.12963618
56071,0.088301755,0.11770191,0.058901597,0.23623206,0.0,0.23623206,0.059058014
56073,0.10273134,0.114353776,0.091108896,0.22716177,0.0,0.22716177,0.05679044
56076,0.82734966,0.11464635,1.5400529,0.9184573,0.0,0.9184573,0.22961433
56079,0.1148367,0.11086873,0.11880467,0.1956578,0.0,0.1956578,0.04891445
56082,0.122593105,0.12276548,0.12242073,0.28840587,0.0,0.28840587,0.07210147
56085,0.6837174,0.12189573,1.2455391,0.6429303,0.0,0.6429303,0.16073258
56088,0.5405713,0.1290209,0.95212156,0.4396282,0.0,0.4396282,0.10990705
56091,0.504566,0.10586689,0.9032652,0.43495592,0.0,0.43495592,0.10873898
56093,0.41363266,0.055420145,0.77184516,0.44086432,0.0,0.44086432,0.11021608
56096,0.35575125,0.03507711,0.6764254,0.985853,0.0,0.985853,0.24646325
56099,0.5251952,0.033131417,1.017259,0.7287693,0.0,0.7287693,0.18219233
56102,0.15109664,0.02527936,0.2769139,0.44314042,0.0,0.44314042,0.110785104
56105,0.09670684,0.027717635,0.16569604,0.09521688,0.0,0.09521688,0.02380422
56108,0.05053628,0.029454676,0.07161788,0.033329945,0.0,0.033329945,0.008332486
56111,0.6248918,0.029075727,1.2207079,0.90688825,0.0,0.90688825,0.22672206
56113,0.07663571,0.028362462,0.12490896,0.050107587,0.0,0.050107587,0.012526897
56116,0.3233744,0.036563296,0.61018544,0.39205828,0.0,0.39205828,0.09801457
56119,0.113010846,0.07034788,0.1556738,0.21883456,0.0,0.21883456,0.05470864
56122,0.12979832,0.07750187,0.18209477,0.046471607,0.0,0.046471607,0.011617902
56125,0.085945465,0.07003525,0.101855695,0.17853032,0.0,0.17853032,0.04463258
56128,0.110191144,0.045277316,0.17510498,0.26578045,0.0,0.26578045,0.06644511
56131,0.066178076,0.03320201,0.09915414,0.1760963,0.0,0.1760963,0.044024076
56133,0.29404524,0.03263529,0.55545515,0.7681975,0.0,0.7681975,0.19204937
56136,0.09259153,0.02989159,0.15529148,0.062023576,0.0,0.062023576,0.015505894
56139,0.1531078,0.026543146,0.27967247,0.32306552,0.0,0.32306552,0.08076638
56142,0.13624673,0.018127117,0.2543663,0.15084647,0.0,0.15084647,0.037711617
56145,0.10241392,0.015867516,0.18896033,0.104103744,0.0,0.104103744,0.026025936
56148,0.17518002,0.016868422,0.3334916,0.34860042,0.0,0.34860042,0.087150104
56151,0.2800953,0.014851798,0.5453388,0.57292354,0.0,0.57292354,0.14323089
56153,0.24123208,0.01383146,0.4686327,0.4890426,0.0,0.4890426,0.12226065
56156,0.5119627,0.00988416,1.0140413,0.8818955,0.0,0.8818955,0.22047387
56159,0.04828133,0.009209867,0.087352805,0.05617169,0.0,0.05617169,0.014042922
56162,0.07304101,0.009237377,0.13684464,0.15498191,0.0,0.15498191,0.038745478
56165,0.47580317,0.01170187,0.93990445,0.88439995,0.0,0.88439995,0.22109999
56168,0.21426195,0.012210782,0.41631314,0.34090558,0.0,0.34090558,0.085226394
56171,0.0736335,0.010904968,0.13636203,0.11532593,0.0,0.11532593,0.028831482
56173,0.11514988,0.012754482,0.21754527,0.1875968,0.0,0.1875968,0.0468992
56176,0.19603448,0.011635721,0.38043323,0.301549,0.0,0.301549,0.07538725
56179,0.044228554,0.012606188,0.07585092,0.070164345,0.0,0.070164345,0.017541086
56182,0.0921219,0.012809437,0.17143436,0.14340322,0.0,0.14340322,0.035850804
56185,0.48816144,0.014417164,0.9619057,1.031288,0.0,1.031288,0.257822
56188,0.5307867,0.017538195,1.0440352,0.9221926,0.0,0.9221926,0.23054814
56191,0.08595062,0.019016825,0.15288442,0.24102373,0.0,0.24102373,0.060255934
56193,0.7311108,0.021077007,1.4411446,1.6261168,0.0,1.6261168,0.4065292
56196,0.08063927,0.029965276,0.13131326,0.105593346,0.0,0.105593346,0.026398337
56199,0.29973522,0.035484,0.5639865,0.75444835,0.0,0.75444835,0.18861209
56202,0.7934745,0.05492792,1.532021,1.066154,0.0,1.066154,0.2665385
56205,0.067447744,0.059749316,0.07514617,0.04494877,0.0,0.04494877,0.011237193
56208,0.15318374,0.056410458,0.24995704,0.1677534,0.0,0.1677534,0.04193835
56211,0.60073894,0.06156863,1.1399093,1.6515263,0.0,1.6515263,0.41288158
56213,0.09975312,0.06517297,0.13433327,0.077263564,0.0,0.077263564,0.019315891
56216,0.57116455,0.07612464,1.0662044,0.5899571,0.0,0.5899571,0.14748928
56219,0.3748465,0.0817448,0.6679482,0.32712087,0.0,0.32712087,0.08178022
56222,0.40140465,0.081863895,0.7209454,1.2453247,0.0,1.2453247,0.31133118
56225,0.47795197,0.08400027,0.87190366,0.4221015,0.0,0.4221015,0.105525374
56228,0.42067075,0.089080326,0.75226116,0.342636,0.0,0.342636,0.085659
56231,0.77615255,0.1014362,1.450869,0.84670705,0.0,0.84670705,0.21167676
56233,0.16148901,0.10004888,0.22292913,0.04887716,0.0,0.04887716,0.01221929
56236,0.21051724,0.10167924,0.31935525,0.09276196,0.0,0.09276196,0.02319049
56239,0.4481211,0.11142423,0.784818,0.34190914,0.0,0.34190914,0.085477285
56242,0.2668911,0.11296592,0.4208162,0.80939245,0.0,0.80939245,0.20234811
56245,0.39630207,0.10420958,0.68839455,0.2883818,0.0,0.2883818,0.07209545
56248,1.0103536,0.101553,1.9191542,1.1697378,0.0,1.1697378,0.29243445
56251,0.45261273,0.101854205,0.80337125,1.3976465,0.0,1.3976465,0.34941164
56253,0.51467645,0.07391603,0.9554369,1.5015377,0.0,1.5015377,0.37538442
56256,0.06047066,0.042203218,0.0787381,0.034746695,0.0,0.034746695,0.008686674
56259,0.1818317,0.027467385,0.33619604,0.18396254,0.0,0.18396254,0.045990635
56262,0.052450944,0.038885728,0.06601617,0.0922528,0.0,0.0922528,0.0230632
56265,0.44634363,0.06651285,0.82617444,0.43382815,0.0,0.43382815,0.10845704
56268,0.060120422,0.06493508,0.055305768,0.057133604,0.0,0.057133604,0.014283401
56271,0.277202,0.062215563,0.49218845,0.2590872,0.0,0.2590872,0.0647718
56273,0.5259462,0.06619234,0.98570013,1.4792684,0.0,1.4792684,0.3698171
56276,0.37764847,0.06571763,0.6895793,0.35160866,0.0,0.35160866,0.087902166
56279,0.41267538,0.062955864,0.7623949,0.42780685,0.0,0.42780685,0.10695171
56282,0.063712314,0.06127201,0.06615262,0.040040173,0.0,0.040040173,0.010010043
56285,0.04677294,0.048226386,0.045319483,0.12716891,0.0,0.12716891,0.031792227
56288,0.10271444,0.04995535,0.15547353,0.34762836,0.0,0.34762836,0.08690709
56291,0.28217027,0.032452088,0.5318884,0.3145881,0.0,0.3145881,0.078647025
56293,0.17710926,0.027012425,0.3272061,0.5256021,0.0,0.5256021,0.13140053
56296,0.15656298,0.02869825,0.28442773,0.45795193,0.0,0.45795193,0.11448798
56299,0.30367628,0.031804007,0.5755485,0.34887913,0.0,0.34887913,0.08721978
56302,0.63686925,0.038119134,1.2356194,1.6841718,0.0,1.6841718,0.42104295
56305,0.18876214,0.034419324,0.34310496,0.18156789,0.0,0.18156789,0.045391973
56308,0.12539166,0.031814422,0.21896891,0.37427577,0.0,0.37427577,0.09356894
56311,0.38309684,0.04065117,0.72554255,0.9659659,0.0,0.9659659,0.24149148
56313,0.10205748,0.044670206,0.15944473,0.06580871,0.0,0.06580871,0.016452178
56316,0.09848981,0.046012145,0.15096748,0.21135855,0.0,0.21135855,0.052839637
56319,0.047291804,0.03482302,0.05976059,0.08331651,0.0,0.08331651,0.020829128
56322,0.26246625,0.033162594,0.4917699,0.62395525,0.0,0.62395525,0.15598881
56325,0.08933431,0.035140794,0.14352782,0.2511697,0.0,0.2511697,0.06279243
56328,0.05979644,0.03063494,0.08895794,0.03383938,0.0,0.03383938,0.008459845
56331,0.57751626,0.0203967,1.1346358,1.0066768,0.0,1.0066768,0.2516692
56333,0.19092149,0.016181057,0.3656619,0.39542925,0.0,0.39542925,0.09885731
56336,0.38548425,0.012270798,0.75869775,0.82116824,0.0,0.82116824,0.20529206
56339,0.035781566,0.011735629,0.059827507,0.08953225,0.0,0.08953225,0.022383062
56342,0.1561575,0.010989075,0.30132592,0.29876375,0.0,0.29876375,0.07469094
56345,0.26521197,0.008863455,0.5215605,0.4840591,0.0,0.4840591,0.121014774
56348,0.30619878,0.007367255,0.6050303,0.5665355,0.0,0.5665355,0.14163387
56351,0.28169915,0.0063352375,0.5570631,0.5043795,0.0,0.5043795,0.12609488
56353,0.094002284,0.0059719402,0.18203263,0.18079191,0.0,0.18079191,0.04519798
56356,0.23099244,0.0056424974,0.45634237,0.41060698,0.0,0.41060698,0.102651745
56359,0.5802761,0.0056105317,1.1549417,1.2814646,0.0,1.2814646,0.32036614
56362,0.08064219,0.0053734467,0.15591094,0.12231066,0.0,0.12231066,0.030577665
56365,0.3108622,0.00499606,0.61672837,0.5555182,0.0,0.5555182,0.13887955
56368,0.043441083,0.004608419,0.082273744,0.11008048,0.0,0.11008048,0.02752012
56371,0.4798869,0.004570681,0.9552031,0.88645744,0.0,0.88645744,0.22161436
56373,0.7430211,0.0046432307,1.4813989,1.3961064,0.0,1.3961064,0.3490266
56376,0.03467988,0.007858809,0.061500948,0.06920093,0.0,0.06920093,0.017300233
56379,0.19503911,0.010701004,0.37937722,0.35739776,0.0,0.35739776,0.08934944
56382,0.09582446,0.014536555,0.17711236,0.21681952,0.0,0.21681952,0.05420488
56385,0.19117202,0.017469494,0.36487457,0.38612363,0.0,0.38612363,0.09653091
56388,0.16500771,0.020948464,0.30906695,0.22784935,0.0,0.22784935,0.056962337
56391,0.12404833,0.025788708,0.22230797,0.2098331,0.0,0.2098331,0.052458275
56393,0.10942445,0.02994741,0.1889015,0.118311144,0.0,0.118311144,0.029577786
56396,0.21179813,0.038040917,0.38555536,0.53163,0.0,0.53163,0.1329075
56399,0.5315184,0.05137321,1.0116636,0.71160966,0.0,0.71160966,0.17790242
56402,0.100943804,0.066622205,0.1352654,0.3723019,0.0,0.3723019,0.09307548
56405,0.5163502,0.07145732,0.96124315,0.5512697,0.0,0.5512697,0.13781743
56408,0.15470167,0.08747548,0.22192784,0.5265675,0.0,0.5265675,0.13164188
56411,0.11083456,0.08361993,0.13804919,0.122053035,0.0,0.122053035,0.030513259
56413,0.15545365,0.09065465,0.22025265,0.07316906,0.0,0.07316906,0.018292265
56416,0.43952826,0.09133143,0.78772515,1.2914735,0.0,1.2914735,0.32286838
56419,0.1453312,0.10993552,0.18072689,0.12062188,0.0,0.12062188,0.03015547
56422,0.21751249,0.100754954,0.33427,0.120462395,0.0,0.120462395,0.030115599
56425,0.64964974,0.104797125,1.1945024,1.8577083,0.0,1.8577083,0.46442708
56428,0.37720272,0.10584718,0.64855826,0.2757105,0.0,0.2757105,0.06892762
56431,1.1767414,0.109635144,2.2438476,1.4061896,0.0,1.4061896,0.3515474
56433,0.32395014,0.118061244,0.529839,0.16371478,0.0,0.16371478,0.040928695
56436,0.3030211,0.116820835,0.48922142,1.0400757,0.0,1.0400757,0.26001891
56439,0.1446922,0.11343425,0.17595017,0.050030623,0.0,0.050030623,0.012507656
56442,0.5279501,0.120522074,0.9353781,0.4487249,0.0,0.4487249,0.112181224
56445,0.46285614,0.13311051,0.79260176,0.34408787,0.0,0.34408787,0.08602197
56448,0.33370677,0.1502015,0.5172121,0.1560241,0.0,0.1560241,0.039006025
56451,0.56242186,0.16002351,0.9648202,0.3735979,0.0,0.3735979,0.09339947
56453,0.25613979,0.16000439,0.35227522,0.07594808,0.0,0.07594808,0.01898702
56456,0.105585046,0.16244888,0.048721213,0.18645406,0.0,0.18645406,0.046613514
56459,0.20213716,0.15782434,0.24644995,0.5413,0.0,0.5413,0.135325
56462,0.3906941,0.16287126,0.618517,0.22595501,0.0,0.22595501,0.056488752
56465,0.2789639,0.123105265,0.43482247,0.13564329,0.0,0.13564329,0.033910822
56468,0.09881836,0.11850204,0.07913468,0.121874064,0.0,0.121874064,0.030468516
56470,0.27714399,0.08563026,0.4686577,0.7764414,0.0,0.7764414,0.19411035
56473,0.07991057,0.051008355,0.10881279,0.22288938,0.0,0.22288938,0.055722345
56476,0.07667018,0.035872072,0.117468275,0.046360597,0.0,0.046360597,0.011590149
56479,0.07576472,0.03912423,0.11240522,0.11695963,0.0,0.11695963,0.029239908
56482,1.1820881,0.044021647,2.3201547,1.7843672,0.0,1.7843672,0.4460918
56485,0.42730692,0.02742981,0.827184,0.579459,0.0,0.579459,0.14486475
56488,0.5143178,0.024061346,1.0045743,1.2564415,0.0,1.2564415,0.31411037
56490,0.13991024,0.018126294,0.2616942,0.16234785,0.0,0.16234785,0.040586963
56493,0.16415116,0.021426102,0.3068762,0.19044621,0.0,0.19044621,0.047611553
56496,0.052362453,0.033656035,0.071068875,0.043213144,0.0,0.043213144,0.010803286
56499,0.31264907,0.03312407,0.59217405,0.3640491,0.0,0.3640491,0.09101228
56502,0.05606896,0.03834613,0.073791794,0.1904031,0.0,0.1904031,0.047600776
56505,0.28087616,0.04975917,0.51199317,0.26615188,0.0,0.26615188,0.06653797
56508,0.18442674,0.04357077,0.32528272,0.57312465,0.0,0.57312465,0.14328116
56510,0.28317478,0.041788835,0.52456075,0.8120759,0.0,0.8120759,0.20301898
56513,0.20407009,0.048571408,0.35956874,0.16769727,0.0,0.16769727,0.041924316
56516,0.45158374,0.0610524,0.8421151,1.259538,0.0,1.259538,0.3148845
56519,0.1524759,0.06029126,0.24466054,0.49670902,0.0,0.49670902,0.124177255
56522,0.5188038,0.068870425,0.96873707,0.53590035,0.0,0.53590035,0.13397509
56525,0.11517268,0.061252654,0.1690927,0.050704986,0.0,0.050704986,0.012676246
56528,0.13457221,0.06158911,0.2075553,0.07958749,0.0,0.07958749,0.019896872
56530,0.15451996,0.074085675,0.23495424,0.07898508,0.0,0.07898508,0.01974627
56533,0.38682678,0.072672956,0.70098066,0.35149935,0.0,0.35149935,0.08787484
56536,0.13178958,0.07198599,0.19159319,0.439955,0.0,0.439955,0.10998875
56539,0.11797591,0.030002436,0.20594938,0.35001495,0.0,0.35001495,0.08750374
56542,0.23396347,0.021572718,0.44635424,0.29091594,0.0,0.29091594,0.072728984
56545,0.05662935,0.032365005,0.080893695,0.06336527,0.0,0.06336527,0.015841318
56548,0.18081927,0.03974405,0.3218945,0.17542548,0.0,0.17542548,0.04385637
56550,0.06381973,0.050233226,0.07740623,0.07933924,0.0,0.07933924,0.01983481
56553,0.76741123,0.0724984,1.4623241,0.90304947,0.0,0.90304947,0.22576237
56556,0.11812418,0.0675812,0.16866715,0.37721157,0.0,0.37721157,0.09430289
56559,0.14538668,0.06732443,0.22344893,0.5005289,0.0,0.5005289,0.12513222
56562,0.32609203,0.069289334,0.58289474,0.9603725,0.0,0.9603725,0.24009313
56565,0.9499514,0.06527642,1.8346263,1.24125,0.0,1.24125,0.3103125
56568,0.1318344,0.05142547,0.21224336,0.09607781,0.0,0.09607781,0.024019452
56570,0.2042265,0.045287922,0.36316505,0.16479228,0.0,0.16479228,0.04119807
56573,0.36658692,0.052289188,0.68088466,0.37043414,0.0,0.37043414,0.092608534
56576,0.3732494,0.06999437,0.67650443,1.088223,0.0,1.088223,0.27205575
56579,0.15421893,0.09319997,0.2152379,0.53607327,0.0,0.53607327,0.13401832
56582,0.3823661,0.07497871,0.68975353,1.1751024,0.0,1.1751024,0.2937756
56585,0.16467325,0.06505745,0.26428905,0.105947696,0.0,0.105947696,0.026486924
56588,0.40921864,0.07049817,0.7479391,0.3828806,0.0,0.3828806,0.09572015
56590,0.1842527,0.07876811,0.28973728,0.11094209,0.0,0.11094209,0.027735522
56593,0.33273557,0.07405799,0.5914132,0.99010104,0.0,0.99010104,0.24752526
56596,0.056967482,0.07941443,0.034520537,0.18639164,0.0,0.18639164,0.04659791
56599,0.36442897,0.07781916,0.65103877,1.1226168,0.0,1.1226168,0.2806542
56602,0.0982351,0.09028598,0.10618422,0.2753809,0.0,0.2753809,0.06884523
56605,0.16207445,0.083512194,0.2406367,0.08134,0.0,0.08134,0.020335
56608,0.5257858,0.083320595,0.968251,0.504524,0.0,0.504524,0.126131
56610,0.5282068,0.07359994,0.98281366,0.5401637,0.0,0.5401637,0.13504092
56613,0.11621662,0.06564946,0.16678376,0.34469786,0.0,0.34469786,0.086174466
56616,0.5996686,0.054751426,1.1445858,1.6331621,0.0,1.6331621,0.40829054
56619,0.32326838,0.06581671,0.58072,0.29931936,0.0,0.29931936,0.07482984
56622,0.34170136,0.074780345,0.6086223,1.0618011,0.0,1.0618011,0.26545027
56625,0.07238969,0.049672995,0.095106386,0.09647632,0.0,0.09647632,0.02411908
56628,0.15613729,0.06343558,0.248839,0.11769453,0.0,0.11769453,0.029423632
56630,0.24647278,0.06089793,0.4320476,0.76658344,0.0,0.76658344,0.19164586
56633,0.07021932,0.080672204,0.05976644,0.17159085,0.0,0.17159085,0.042897712
56636,0.510863,0.08008333,0.9416426,0.4875835,0.0,0.4875835,0.12189587
56639,0.42092946,0.06693243,0.7749265,0.4367039,0.0,0.4367039,0.10917597
56642,0.12110376,0.061436336,0.18077119,0.306201,0.0,0.306201,0.07655025
56645,0.16182975,0.06382387,0.25983563,0.09568793,0.0,0.09568793,0.023921983
56648,0.41314304,0.056524854,0.76976126,1.083412,0.0,1.083412,0.270853
56650,0.11039581,0.057105143,0.16368647,0.29294264,0.0,0.29294264,0.07323566
56653,0.06842652,0.04840489,0.088448144,0.17546517,0.0,0.17546517,0.04386629
56656,0.39935145,0.046824023,0.7518788,0.49834275,0.0,0.49834275,0.12458569
56659,0.059217613,0.045766953,0.07266826,0.09608966,0.0,0.09608966,0.024022415
56662,0.5943964,0.048655998,1.1401368,1.493638,0.0,1.493638,0.3734095
56665,0.06280366,0.040849473,0.08475784,0.10723442,0.0,0.10723442,0.026808605
56668,0.13614891,0.030800028,0.24149781,0.13629574,0.0,0.13629574,0.034073934
56670,0.15646489,0.030656425,0.28227335,0.15693538,0.0,0.15693538,0.039233845
56673,0.073820926,0.01587773,0.13176413,0.1935295,0.0,0.1935295,0.048382375
56676,0.6721668,0.0078119976,1.3365216,1.4873437,0.0,1.4873437,0.37183592
56679,0.034465045,0.0066819186,0.06224817,0.048927713,0.0,0.048927713,0.012231928
56682,0.14980526,0.004314099,0.29529643,0.32602558,0.0,0.32602558,0.081506394
56685,0.16905515,0.005862865,0.3322474,0.29331428,0.0,0.29331428,0.07332857
56688,0.12895301,0.0042653414,0.25364068,0.26072094,0.0,0.26072094,0.065180235
56690,0.19941622,0.0043433052,0.39448914,0.37648717,0.0,0.37648717,0.09412179
56693,0.018570855,0.004722536,0.032419175,0.027399039,0.0,0.027399039,0.0068497597
56696,0.9258258,0.009094606,1.842557,2.0260327,0.0,2.0260327,0.5065082
56699,0.25478622,0.00939293,0.50017947,0.41872618,0.0,0.41872618,0.104681544
56702,0.5992263,0.007511833,1.1909407,1.2682457,0.0,1.2682457,0.31706142
56705,0.23985499,0.0073345094,0.47237548,0.50316805,0.0,0.50316805,0.12579201
56708,0.3505025,0.0071605965,0.6938444,0.6792588,0.0,0.6792588,0.1698147
56710,0.04461138,0.0075216126,0.081701145,0.055214737,0.0,0.055214737,0.013803684
56713,0.3365861,0.007951491,0.6652207,0.6270396,0.0,0.6270396,0.1567599
56716,0.111023486,0.008612936,0.21343404,0.17816736,0.0,0.17816736,0.04454184
56719,0.60684985,0.008814499,1.2048851,1.2461128,0.0,1.2461128,0.3115282
56722,0.25262174,0.009936488,0.49530697,0.54371196,0.0,0.54371196,0.13592799
56725,0.024806535,0.010453763,0.03915931,0.048335854,0.0,0.048335854,0.0120839635
56728,0.17374207,0.009829476,0.33765468,0.35238948,0.0,0.35238948,0.08809737
56730,0.09495118,0.009697429,0.18020493,0.18525362,0.0,0.18525362,0.046313405
56733,0.10868285,0.010533263,0.20683245,0.18750894,0.0,0.18750894,0.046877235
56736,0.38943818,0.010897641,0.7679787,0.75727946,0.0,0.75727946,0.18931986
56739,0.06876984,0.010073242,0.12746644,0.07394385,0.0,0.07394385,0.018485963
56742,0.12518485,0.009855153,0.24051456,0.22099788,0.0,0.22099788,0.05524947
56745,0.4045703,0.006597901,0.8025427,0.82119733,0.0,0.82119733,0.20529933
56748,0.09965598,0.004906059,0.1944059,0.16508739,0.0,0.16508739,0.041271847
56750,0.1706471,0.00567485,0.33561936,0.39167896,0.0,0.39167896,0.09791974
56753,0.068031706,0.004073447,0.13198996,0.11649706,0.0,0.11649706,0.029124266
56756,0.019007452,0.006666751,0.03134815,0.03193535,0.0,0.03193535,0.007983837
56759,0.02510303,0.005956577,0.044249486,0.057090104,0.0,0.057090104,0.014272526
56762,0.044861734,0.005177575,0.08454589,0.106241606,0.0,0.106241606,0.026560402
56765,0.61222017,0.008432469,1.2160078,1.0942874,0.0,1.0942874,0.27357185
56768,0.11190734,0.009763949,0.21405073,0.18649937,0.0,0.18649937,0.046624843
56770,0.13367921,0.0060899686,0.26126847,0.2718866,0.0,0.2718866,0.06797165
56773,0.1304145,0.00580981,0.2550192,0.30709878,0.0,0.30709878,0.076774694
56776,0.063898385,0.003430248,0.12436652,0.10532256,0.0,0.10532256,0.02633064
56779,0.31276855,0.0041828286,0.6213543,0.577077,0.0,0.577077,0.14426924
56782,0.24165301,0.004541955,0.47876406,0.41587436,0.0,0.41587436,0.10396859
56785,0.47823086,0.0042310054,0.95223075,0.88741875,0.0,0.88741875,0.22185469
56788,0.27278283,0.004500374,0.5410653,0.48911074,0.0,0.48911074,0.122277685
56790,0.31488177,0.006034246,0.6237293,0.5460884,0.0,0.5460884,0.1365221
56793,0.0292217,0.006620208,0.051823195,0.038583677,0.0,0.038583677,0.009645919
56796,0.03227859,0.007483099,0.05707408,0.07217992,0.0,0.07217992,0.01804498
56799,0.24183017,0.011509217,0.47215113,0.38078344,0.0,0.38078344,0.09519586
56802,0.55671895,0.009041151,1.1043967,0.95931035,0.0,0.95931035,0.23982759
56805,0.4091606,0.009018868,0.80930233,0.6852214,0.0,0.6852214,0.17130534
56808,0.21221721,0.011971424,0.41246298,0.48208618,0.0,0.48208618,0.120521545
56810,0.6091392,0.011851057,1.2064273,1.3982984,0.0,1.3982984,0.3495746
56813,0.19432192,0.0082282955,0.38041553,0.33317092,0.0,0.33317092,0.08329273
56816,0.081461765,0.008902113,0.15402141,0.102806695,0.0,0.102806695,0.025701674
56819,0.03112951,0.00786647,0.054392546,0.03663352,0.0,0.03663352,0.00915838
56822,0.034401562,0.006726599,0.062076528,0.06931368,0.0,0.06931368,0.01732842
56825,0.12640546,0.0064568683,0.24635406,0.2608186,0.0,0.2608186,0.06520465
56828,0.23262644,0.0066314465,0.4586214,0.41503954,0.0,0.41503954,0.103759885
56830,0.014438423,0.008869172,0.020007676,0.017952668,0.0,0.017952668,0.004488167
56833,0.022279805,0.006852821,0.03770679,0.02569457,0.0,0.02569457,0.0064236424
56836,0.45759833,0.0062814006,0.9089153,0.97472113,0.0,0.97472113,0.24368028
56839,0.15166199,0.0067834035,0.2965406,0.33501932,0.0,0.33501932,0.08375483
56842,0.26674488,0.009031729,0.52445805,0.58137816,0.0,0.58137816,0.14534454
56845,0.04727875,0.016751114,0.07780639,0.12527901,0.0,0.12527901,0.031319752
56848,0.07271571,0.02099979,0.12443163,0.18349703,0.0,0.18349703,0.045874257
56850,0.4574965,0.025534624,0.88945836,1.008915,0.0,1.008915,0.25222874
56853,0.054700047,0.02720582,0.082194276,0.049081128,0.0,0.049081128,0.012270282
56856,0.108626656,0.0326468,0.1846065,0.14824153,0.0,0.14824153,0.037060384
56859,0.42005715,0.03630692,0.8038073,0.5748684,0.0,0.5748684,0.1437171
56862,0.09677375,0.042075295,0.15147221,0.097115226,0.0,0.097115226,0.024278807
56865,0.114135325,0.051798463,0.17647219,0.10689169,0.0,0.10689169,0.026722923
56868,0.3167777,0.064035796,0.5695196,0.26911744,0.0,0.26911744,0.06727936
56870,0.1381357,0.07517022,0.20110118,0.117010765,0.0,0.117010765,0.029252691
56873,0.13832845,0.08620105,0.19045585,0.16279984,0.0,0.16279984,0.04069996
56876,0.6060486,0.104872964,1.1072242,0.5409361,0.0,0.5409361,0.13523403
56879,0.081375964,0.10297095,0.05978099,0.2951685,0.0,0.2951685,0.07379212
56882,0.18106847,0.11230028,0.24983664,0.18527515,0.0,0.18527515,0.046318788
56885,0.16090055,0.14648955,0.17531157,0.045257602,0.0,0.045257602,0.0113144005
56888,0.10053507,0.15579207,0.04527806,0.23757434,0.0,0.23757434,0.059393585
56890,0.23604824,0.16794354,0.30415294,0.06578695,0.0,0.06578695,0.016446738
56893,0.9117381,0.17583561,1.6476406,0.7564227,0.0,0.7564227,0.18910567
56896,0.39561358,0.17861795,0.6126092,0.18579794,0.0,0.18579794,0.046449486
56899,0.11323223,0.17965163,0.04681282,0.22608614,0.0,0.22608614,0.056521535
56902,0.13214444,0.18316896,0.081119895,0.3770958,0.0,0.3770958,0.09427395
56905,0.15123129,0.16593555,0.13652702,0.53617287,0.0,0.53617287,0.13404322
56908,0.4077749,0.19655018,0.6189996,0.14808542,0.0,0.14808542,0.037021354
56910,0.14183325,0.20667143,0.07699505,0.41189063,0.0,0.41189063,0.10297266
56913,0.42961463,0.22760332,0.63162595,0.15107591,0.0,0.15107591,0.03776898
56916,0.39310732,0.23649116,0.54972357,0.11076426,0.0,0.11076426,0.027691064
56919,0.29292104,0.24337178,0.34247026,1.1352214,0.0,1.1352214,0.28380534
56922,0.34221292,0.2566888,0.427737,1.0320364,0.0,1.0320364,0.2580091
56925,0.19855182,0.22714238,0.16996123,0.17771195,0.0,0.17771195,0.044427987
56928,0.22896166,0.24676819,0.21115516,0.02858305,0.0,0.02858305,0.0071457624
56930,0.20867437,0.2553799,0.16196887,0.18860532,0.0,0.18860532,0.04715133
56933,0.954694,0.18959944,1.7197886,0.8251079,0.0,0.8251079,0.20627697
56936,0.28880158,0.13102162,0.4465815,0.13350083,0.0,0.13350083,0.033375207
56939,0.84125996,0.08712826,1.5953916,0.99590826,0.0,0.99590826,0.24897707
56942,0.43674335,0.07263016,0.80085653,0.44491234,0.0,0.44491234,0.111228086
56945,0.15276949,0.061235964,0.24430303,0.533559,0.0,0.533559,0.13338976
56948,0.2642729,0.058837056,0.46970877,0.22813363,0.0,0.22813363,0.05703341
56950,0.6407916,0.058957253,1.2226259,0.7964217,0.0,0.7964217,0.19910543
56953,0.75571686,0.05415526,1.4572786,0.99320656,0.0,0.99320656,0.24830164
56956,0.88892585,0.043744933,1.7341069,1.2501594,0.0,1.2501594,0.31253985
56959,0.5269571,0.039986372,1.0139278,0.67142344,0.0,0.67142344,0.16785586
56962,0.56214887,0.034742337,1.0895554,0.75992274,0.0,0.75992274,0.18998069
56965,0.09213892,0.031815324,0.15246253,0.29047713,0.0,0.29047713,0.07261928
56968,0.079040945,0.036484394,0.12159749,0.0517887,0.0,0.0517887,0.012947175
56970,0.031834807,0.030077243,0.033592366,0.029137453,0.0,0.029137453,0.0072843633
56973,0.32296714,0.027463963,0.6184703,0.410239,0.0,0.410239,0.10255975
56976,0.14338113,0.026310334,0.26045194,0.39134827,0.0,0.39134827,0.09783707
56979,0.2877395,0.0246862,0.55079275,0.36562705,0.0,0.36562705,0.09140676
56982,0.14160793,0.024635613,0.25858024,0.15369926,0.0,0.15369926,0.038424816
56985,0.12657844,0.022778908,0.23037796,0.33641824,0.0,0.33641824,0.08410456
56988,0.40554425,0.0229668,0.7881217,1.0096196,0.0,1.0096196,0.2524049
56990,0.35588112,0.021981016,0.68978125,0.9099881,0.0,0.9099881,0.22749703
56993,0.12734775,0.026035465,0.22866005,0.12739359,0.0,0.12739359,0.031848397
56996,0.06891525,0.023834005,0.11399648,0.06742314,0.0,0.06742314,0.016855786
56999,0.020358723,0.013583454,0.027133992,0.048691984,0.0,0.048691984,0.012172996
57002,0.41579688,0.008891801,0.82270193,0.71090794,0.0,0.71090794,0.17772698
57005,0.72299623,0.007445405,1.4385471,1.5515556,0.0,1.5515556,0.3878889
57008,0.5110813,0.008625792,1.0135367,0.8915151,0.0,0.8915151,0.22287877
57010,0.43878266,0.009374359,0.86819094,0.9378874,0.0,0.9378874,0.23447184
57013,0.064417474,0.009908394,0.11892655,0.16349326,0.0,0.16349326,0.040873315
57016,0.049638797,0.009868887,0.0894087,0.107750095,0.0,0.107750095,0.026937524
57019,0.4840037,0.009671672,0.9583357,0.84147614,0.0,0.84147614,0.21036904
57022,0.2618262,0.0076895156,0.51596284,0.4500158,0.0,0.4500158,0.11250395
57025,0.17207678,0.0063025034,0.33785105,0.36094067,0.0,0.36094067,0.090235166
57028,0.2817318,0.009057376,0.5544062,0.65893334,0.0,0.65893334,0.16473334
57030,0.28498966,0.008445871,0.56153345,0.47978076,0.0,0.47978076,0.11994519
57033,0.33715335,0.007762125,0.6665446,0.7601242,0.0,0.7601242,0.19003105
57036,0.16586731,0.007886822,0.3238478,0.26026782,0.0,0.26026782,0.065066956
57039,0.09010779,0.0074546374,0.17276095,0.21695073,0.0,0.21695073,0.054237682
57042,0.05621588,0.0076338374,0.10479792,0.09727643,0.0,0.09727643,0.024319107
57045,0.076354444,0.0071681314,0.14554076,0.13406639,0.0,0.13406639,0.033516597
57048,0.31953898,0.00927277,0.6298052,0.51708394,0.0,0.51708394,0.12927099
57050,0.04142599,0.013291155,0.069560826,0.07914634,0.0,0.07914634,0.019786585
57053,0.06324086,0.018640192,0.107841544,0.19849671,0.0,0.19849671,0.04962418
57056,0.5171248,0.017829342,1.0164202,1.1667037,0.0,1.1667037,0.29167593
57059,0.32126418,0.026460057,0.6160683,0.7262412,0.0,0.7262412,0.1815603
57062,0.09101503,0.029895762,0.1521343,0.14440458,0.0,0.14440458,0.036101144
57065,0.15017311,0.034493703,0.26585254,0.45661423,0.0,0.45661423,0.11415356
57068,0.30072606,0.042052433,0.55939966,0.32613906,0.0,0.32613906,0.081534766
57070,0.08899472,0.05632156,0.121667884,0.32977763,0.0,0.32977763,0.08244441
57073,0.10711113,0.06718204,0.14704023,0.108661115,0.0,0.108661115,0.027165279
57076,0.09024784,0.079316445,0.10117924,0.07607025,0.0,0.07607025,0.019017562
57079,1.0173259,0.089021176,1.9456306,1.272528,0.0,1.272528,0.318132
57082,0.085014515,0.09889685,0.071132176,0.065915674,0.0,0.065915674,0.016478918
57085,0.29178372,0.10320604,0.48036137,0.9660964,0.0,0.9660964,0.2415241
57088,0.5636172,0.10267796,1.0245565,1.6771231,0.0,1.6771231,0.41928077
57090,0.21921293,0.09479922,0.34362662,0.119109005,0.0,0.119109005,0.029777251
57093,0.16265027,0.095289074,0.23001146,0.56642014,0.0,0.56642014,0.14160503
57096,0.1878442,0.10636679,0.2693216,0.096447855,0.0,0.096447855,0.024111964
57099,0.24834822,0.10951745,0.387179,0.119338594,0.0,0.119338594,0.029834649
57102,0.49250808,0.10927194,0.8757443,0.39627042,0.0,0.39627042,0.099067606
57105,0.11948604,0.105015,0.13395709,0.40134034,0.0,0.40134034,0.100335084
57108,0.28936628,0.11106161,0.46767095,0.15375794,0.0,0.15375794,0.038439486
57110,0.16677678,0.11791834,0.21563523,0.0424313,0.0,0.0424313,0.010607825
57113,0.28320792,0.11936331,0.4470525,0.14167881,0.0,0.14167881,0.035419703
57116,0.37844107,0.1212697,0.6356124,1.2670407,0.0,1.2670407,0.31676018
57119,0.089402616,0.11950175,0.059303492,0.20172743,0.0,0.20172743,0.05043186
57122,0.1325336,0.114144005,0.15092316,0.424011,0.0,0.424011,0.10600275
57125,0.57451487,0.10034952,1.0486802,0.54950815,0.0,0.54950815,0.13737704
57128,0.92976284,0.10662333,1.7529024,1.0113856,0.0,1.0113856,0.2528464
57130,0.09944755,0.10348248,0.095412634,0.078402616,0.0,0.078402616,0.019600654
57133,0.14173608,0.13238624,0.15108591,0.05187027,0.0,0.05187027,0.012967568
57136,0.14518474,0.12862466,0.16174482,0.43223676,0.0,0.43223676,0.10805919
57139,0.2914427,0.11033723,0.47254816,0.20221932,0.0,0.20221932,0.05055483
57142,0.110946,0.09586319,0.12602879,0.14738843,0.0,0.14738843,0.036847107
57145,0.5251258,0.077498995,0.9727526,0.5356025,0.0,0.5356025,0.13390063
57148,0.11780077,0.04831807,0.18728347,0.09544453,0.0,0.09544453,0.023861133
57150,0.06652028,0.041921485,0.09111907,0.09565917,0.0,0.09565917,0.023914792
57153,0.40686187,0.036992084,0.77673167,0.5037877,0.0,0.5037877,0.12594692
57156,0.05079295,0.027049279,0.07453662,0.127621,0.0,0.127621,0.03190525
57159,0.17498909,0.030034577,0.3199436,0.49457255,0.0,0.49457255,0.12364314
57162,0.7537082,0.029804045,1.4776124,1.809369,0.0,1.809369,0.45234224
57165,0.17207642,0.036542233,0.30761063,0.17643549,0.0,0.17643549,0.04410887
57168,0.9026404,0.031539693,1.7737411,1.391902,0.0,1.391902,0.3479755
57170,0.16681802,0.03478234,0.2988537,0.16599327,0.0,0.16599327,0.04149832
57173,0.15475011,0.039510258,0.26998997,0.14420187,0.0,0.14420187,0.03605047
57176,0.4067355,0.058737922,0.7547331,1.0545774,0.0,1.0545774,0.26364434
57179,0.5895895,0.0663712,1.1128078,1.5951023,0.0,1.5951023,0.39877558
57182,0.19706917,0.06899202,0.32514632,0.50293857,0.0,0.50293857,0.12573464
57185,0.4093469,0.07212677,0.746567,0.43611565,0.0,0.43611565,0.10902891
57188,0.076033264,0.0665838,0.08548274,0.1395437,0.0,0.1395437,0.034885924
57190,0.094486155,0.054845374,0.13412695,0.26643786,0.0,0.26643786,0.066609465
57193,0.1366583,0.04487592,0.22844069,0.38422775,0.0,0.38422775,0.09605694
57196,0.26391473,0.04052136,0.4873081,0.6986218,0.0,0.6986218,0.17465545
57199,0.07679698,0.036472578,0.117121376,0.06961659,0.0,0.06961659,0.017404148
57202,0.08816918,0.03807207,0.13826628,0.066692114,0.0,0.066692114,0.016673028
57205,0.16631839,0.03833999,0.29429677,0.43667105,0.0,0.43667105,0.10916776
57208,0.06388966,0.034632403,0.09314692,0.077793606,0.0,0.077793606,0.019448401
57210,0.52529675,0.039859798,1.0107337,0.7279156,0.0,0.7279156,0.1819789
57213,0.26686743,0.041206155,0.49252868,0.68560165,0.0,0.68560165,0.17140041
57216,0.052977514,0.04018842,0.0657666,0.18497114,0.0,0.18497114,0.046242785
57219,0.071391344,0.04391575,0.09886694,0.05771023,0.0,0.05771023,0.014427558
57222,1.1639788,0.04484917,2.2831085,1.8509096,0.0,1.8509096,0.4627274
57225,0.96549773,0.04638056,1.884615,1.4919934,0.0,1.4919934,0.37299836
57228,1.006844,0.0463549,1.9673332,1.533867,0.0,1.533867,0.38346675
57230,0.091804445,0.047969714,0.13563918,0.29809177,0.0,0.29809177,0.07452294
57233,0.39063716,0.056731265,0.7245431,0.4193971,0.0,0.4193971,0.10484927
57236,0.90519834,0.081696235,1.7287005,1.1259226,0.0,1.1259226,0.28148064
57239,0.11667973,0.07270247,0.16065697,0.08544155,0.0,0.08544155,0.021360388
57242,0.8736897,0.052960232,1.6944193,1.2152134,0.0,1.2152134,0.30380335
57245,0.28007242,0.084095806,0.47604904,0.20986561,0.0,0.20986561,0.052466404
57248,0.21222083,0.10254719,0.3218945,0.12478449,0.0,0.12478449,0.031196123
57250,0.22659175,0.10017139,0.35301208,0.77160484,0.0,0.77160484,0.19290121
57253,0.3456293,0.12673967,0.5645189,1.0551671,0.0,1.0551671,0.26379177
57256,0.18192132,0.143448,0.22039467,0.6118904,0.0,0.6118904,0.1529726
57259,0.2781595,0.14723349,0.4090855,0.9764791,0.0,0.9764791,0.24411978
57262,0.1553824,0.17430456,0.13646023,0.4567279,0.0,0.4567279,0.11418197
57265,1.2517538,0.1710155,2.332492,1.354966,0.0,1.354966,0.3387415
57268,0.33440128,0.14946437,0.5193382,0.17801736,0.0,0.17801736,0.04450434
57270,0.65511584,0.15593071,1.1543009,0.5089772,0.0,0.5089772,0.1272443
57273,1.3343921,0.095245026,2.573539,1.7251697,0.0,1.7251697,0.4312924
57276,0.060756426,0.055854976,0.06565788,0.17242284,0.0,0.17242284,0.04310571
57279,0.42424345,0.062922455,0.7855644,0.4432553,0.0,0.4432553,0.11081383
57282,0.22963263,0.052969325,0.40629593,0.23393488,0.0,0.23393488,0.05848372
57285,0.7750142,0.04134885,1.5086797,1.108101,0.0,1.108101,0.27702525
57288,0.9119511,0.049223498,1.7746788,1.3010035,0.0,1.3010035,0.32525086
57290,0.57408357,0.054017846,1.0941492,0.70868474,0.0,0.70868474,0.17717119
57293,0.8111097,0.057215434,1.565004,1.0768391,0.0,1.0768391,0.26920977
57296,0.17296667,0.045178812,0.30075455,0.48705363,0.0,0.48705363,0.12176341
57299,0.28466037,0.043627992,0.52569276,0.8185527,0.0,0.8185527,0.20463817
57302,0.12107412,0.045721386,0.19642685,0.08907414,0.0,0.08907414,0.022268536
57305,0.51616514,0.0352155,0.9971147,0.6913619,0.0,0.6913619,0.17284048
57308,0.12390557,0.0255188,0.22229235,0.12897377,0.0,0.12897377,0.03224344
57310,0.114346124,0.026247246,0.20244502,0.2826248,0.0,0.2826248,0.0706562
57313,0.14512111,0.031889215,0.258353,0.44214964,0.0,0.44214964,0.11053741
57316,0.03903431,0.036522876,0.04154575,0.06592045,0.0,0.06592045,0.016480112
57319,0.12841643,0.041638374,0.21519451,0.31321144,0.0,0.31321144,0.07830286
57322,0.06577401,0.05175693,0.07979109,0.14441882,0.0,0.14441882,0.036104705
57325,0.69929963,0.061092164,1.3375071,0.92386657,0.0,0.92386657,0.23096664
57328,0.5457833,0.06242639,1.0291401,1.5116315,0.0,1.5116315,0.37790787
57330,0.06679774,0.052353904,0.08124157,0.081719644,0.0,0.081719644,0.020429911
57333,0.8967795,0.043709,1.7498499,1.2858167,0.0,1.2858167,0.32145417
57336,0.41553786,0.055413228,0.7756625,0.496089,0.0,0.496089,0.12402225
57339,0.13592736,0.044379592,0.22747512,0.09449241,0.0,0.09449241,0.023623103
57342,1.0940049,0.039015442,2.1489942,1.6795458,0.0,1.6795458,0.41988644
57345,0.1332429,0.034544062,0.23194174,0.3593928,0.0,0.3593928,0.0898482
57348,0.048537206,0.02003687,0.077037536,0.08836613,0.0,0.08836613,0.022091532
57350,0.07121401,0.01717355,0.12525447,0.14615677,0.0,0.14615677,0.036539193
57353,0.039458964,0.008422549,0.07049538,0.065978244,0.0,0.065978244,0.016494561
57356,0.08668477,0.012495545,0.16087401,0.15491095,0.0,0.15491095,0.038727738
57359,0.033921,0.020151304,0.0476907,0.026388697,0.0,0.026388697,0.0065971743
57362,0.07699605,0.0357867,0.118205406,0.06665335,0.0,0.06665335,0.016663337
57365,0.1812526,0.043584656,0.31892052,0.56960994,0.0,0.56960994,0.14240249
57368,0.32032117,0.05767327,0.58296907,0.86179924,0.0,0.86179924,0.21544981
57370,0.10427465,0.07804376,0.13050555,0.035787754,0.0,0.035787754,0.008946938
57373,0.67400724,0.08493686,1.2630776,0.73732567,0.0,0.73732567,0.18433142
57376,0.35104552,0.09694803,0.605143,0.2211868,0.0,0.2211868,0.0552967
57379,0.9719507,0.103076614,1.8408247,1.1597675,0.0,1.1597675,0.28994188
57382,0.617307,0.1136067,1.1210073,0.52618027,0.0,0.52618027,0.13154507
57385,0.14798732,0.12287015,0.17310448,0.16013439,0.0,0.16013439,0.040033597
57388,0.17865138,0.1520393,0.20526345,0.0778859,0.0,0.0778859,0.019471476
57390,0.23941803,0.15423746,0.3245986,0.85503167,0.0,0.85503167,0.21375792
57393,0.16802776,0.16130002,0.1747555,0.5305871,0.0,0.5305871,0.13264677
57396,0.21933745,0.18393214,0.25474274,0.69599277,0.0,0.69599277,0.17399819
57399,1.0743777,0.1869887,1.9617667,0.9691858,0.0,0.9691858,0.24229646
57402,0.22589676,0.18675226,0.26504126,0.8213835,0.0,0.8213835,0.20534587
57405,0.13301611,0.19279285,0.07323938,0.42495903,0.0,0.42495903,0.10623976
57408,0.48428556,0.20109136,0.7674797,0.22931683,0.0,0.22931683,0.057329208
