base_start,pair_mse,none_mse,event_mse,separation_mse,predicted_separation_energy,true_separation_energy,ambiguity_floor
11424,0.06611037,0.0708668,0.06135394,0.013848332,0.30726543,0.28535724,0.07133931
11425,0.09327093,0.06791179,0.11863006,0.042440247,0.033226978,0.08018756,0.02004689
11426,0.06432912,0.05544926,0.07320898,0.0068588653,0.51907235,0.4641658,0.11604145
11427,0.099550106,0.059595495,0.13950472,0.046261977,0.6262564,0.49753729,0.12438432
11428,0.12189617,0.0725838,0.17120855,0.09841036,0.6034887,0.64418745,0.16104686
11429,0.1697557,0.08842603,0.25108534,0.09015105,0.863064,1.1705914,0.29264784
11430,0.0934649,0.10529026,0.08163954,0.013681573,0.28671145,0.26761746,0.066904366
11431,0.15248822,0.111964494,0.19301192,0.020482417,0.33703408,0.25356597,0.06339149
11432,0.1455832,0.10202762,0.18913879,0.04912891,0.3713484,0.51484823,0.12871206
11433,0.115646265,0.09208194,0.13921057,0.011603686,0.21120726,0.16548602,0.041371506
11434,0.11324673,0.07223227,0.15426119,0.050886363,0.05628882,0.05684636,0.01421159
11435,0.05771361,0.048097253,0.06732996,0.011451465,0.28484625,0.22496699,0.056241747
11436,0.066519365,0.027964018,0.10507471,0.077082865,0.7390391,0.75096816,0.18774204
11437,0.050085213,0.025714904,0.07445552,0.04487243,0.7780413,0.65895087,0.16473772
11438,0.06098028,0.034232277,0.087728284,0.03874888,0.70018035,0.63676566,0.15919141
11439,0.07208023,0.045763772,0.098396696,0.031852845,0.013839529,0.043024767,0.010756192
11440,0.08892101,0.053052932,0.1247891,0.041369643,0.3037816,0.39493278,0.098733194
11441,0.090086736,0.054168638,0.12600483,0.05942749,0.037200075,0.089006566,0.022251641
11442,0.076462686,0.05575961,0.09716576,0.038501676,0.31942484,0.36645815,0.09161454
11443,0.06527075,0.063647404,0.06689409,0.023370199,0.023698231,0.037758037,0.009439509
11444,0.09308847,0.06899708,0.11717987,0.06014173,1.0197828,1.0529885,0.26324713
11445,0.104384124,0.071537465,0.1372308,0.061055,0.055173162,0.12806688,0.03201672
11446,0.10099187,0.066529386,0.13545434,0.03512745,0.4235866,0.5536609,0.13841523
11447,0.0706037,0.059722554,0.08148484,0.03205678,0.026243491,0.050815355,0.012703839
11448,0.13496459,0.055404335,0.21452482,0.089248694,0.8709566,1.1808769,0.2952192
11449,0.09372672,0.05003175,0.13742168,0.060759168,0.045753304,0.13180041,0.032950103
11450,0.04695208,0.04807398,0.04583017,0.005415561,0.21734674,0.20701618,0.051754046
11451,0.04984339,0.046831686,0.052855093,0.0055913045,0.17464447,0.15489784,0.03872446
11452,0.044153005,0.043097552,0.045208465,0.0070276563,0.3009758,0.28224784,0.07056196
11453,0.04760382,0.036461864,0.058745775,0.02813448,0.037370708,0.060838897,0.015209724
11454,0.03532894,0.036445536,0.03421234,0.011860162,0.6124273,0.59930795,0.14982699
11455,0.05464537,0.038089946,0.07120079,0.053977896,0.4011105,0.4617387,0.11543468
11456,0.085377455,0.037820965,0.13293393,0.07028148,0.028929735,0.120045744,0.030011436
11457,0.06009354,0.0400849,0.08010219,0.01918732,0.45396733,0.5719064,0.1429766
11458,0.058903724,0.04336981,0.07443764,0.060209792,0.040462147,0.043206453,0.010801613
11459,0.06911558,0.038696542,0.09953461,0.05011621,0.0384347,0.10399109,0.025997773
11460,0.058703188,0.038447734,0.078958645,0.03509518,0.021256452,0.072323225,0.018080806
11461,0.120783426,0.041756976,0.19980986,0.094698705,0.5395295,0.7316639,0.18291597
11462,0.03692161,0.038776085,0.035067137,0.022805667,0.27359533,0.28139096,0.07034774
11463,0.06377711,0.036205616,0.09134861,0.05491359,0.04041479,0.07414643,0.018536607
11464,0.04412338,0.038475823,0.04977094,0.036942296,0.034503873,0.090250164,0.022562541
11465,0.104180634,0.039295286,0.169066,0.08807071,0.04010814,0.18916059,0.047290146
11466,0.05867408,0.0426137,0.07473446,0.01516335,0.09703881,0.15229906,0.038074765
11467,0.073791385,0.04413869,0.10344408,0.036324773,0.42455244,0.64497083,0.16124271
11468,0.07188075,0.045246482,0.09851501,0.037450954,0.04402746,0.06185474,0.015463685
11469,0.08367296,0.049605917,0.11774001,0.06647032,0.68136317,0.9526183,0.23815458
11470,0.07924018,0.050168302,0.10831206,0.14102204,1.1645283,1.3464446,0.33661115
11471,0.086567245,0.049866784,0.12326771,0.12763195,1.4234781,1.6709595,0.41773987
11472,0.05836183,0.048132014,0.06859165,0.044813693,0.041036572,0.045307774,0.0113269435
11473,0.081638105,0.040605273,0.12267095,0.05265006,0.672951,0.7678766,0.19196916
11474,0.08437222,0.036519844,0.1322246,0.0934268,0.04858925,0.13053204,0.03263301
11475,0.06677806,0.03799909,0.09555701,0.067731746,0.67587095,0.7365403,0.18413508
11476,0.045518953,0.041291095,0.04974681,0.01351963,0.13665937,0.16542761,0.041356903
11477,0.09567046,0.0405079,0.15083303,0.11897377,0.89468193,1.3268656,0.3317164
11478,0.035355728,0.040198747,0.030512713,0.006281797,0.2893278,0.33438137,0.08359534
11479,0.0690758,0.044572745,0.09357887,0.06825883,1.0864419,1.3299096,0.3324774
11480,0.069353424,0.04768169,0.091025166,0.03877349,0.024006829,0.05641227,0.014103067
11481,0.1088384,0.047923934,0.16975285,0.09864938,0.8639738,0.965223,0.24130575
11482,0.050261874,0.047181457,0.053342298,0.011411543,0.112364374,0.1466377,0.036659423
11483,0.073181145,0.055384994,0.09097729,0.03343272,0.37462726,0.3639637,0.09099092
11484,0.11821255,0.0672581,0.169167,0.08505446,0.050858986,0.16640589,0.04160147
11485,0.088963896,0.073672526,0.10425527,0.039484665,0.016967846,0.073508374,0.018377094
11486,0.09540978,0.07896117,0.11185839,0.06999064,0.66232306,0.8239465,0.20598662
11487,0.111816965,0.081767075,0.14186686,0.050601948,0.02956522,0.08963957,0.022409892
11488,0.10519034,0.07856021,0.13182046,0.047353882,0.02387712,0.08578333,0.021445833
11489,0.07525515,0.072139084,0.078371204,0.024083307,0.2079962,0.2925268,0.0731317
11490,0.09362271,0.068826824,0.11841858,0.055211272,0.59369653,0.73465484,0.18366371
11491,0.095557965,0.065558575,0.12555735,0.058806103,0.050235886,0.12057572,0.03014393
11492,0.082695074,0.06872383,0.09666631,0.030937152,0.44118345,0.48780665,0.12195166
11493,0.064784266,0.0690793,0.060489226,0.008184388,0.56220764,0.5450279,0.13625698
11494,0.07110411,0.071597174,0.07061105,0.0104859,0.16411851,0.21364255,0.053410638
11495,0.071585886,0.06866948,0.07450229,0.020161463,0.4400616,0.3928702,0.09821755
11496,0.07295105,0.06308914,0.082812965,0.00752286,0.3362229,0.36125946,0.090314865
11497,0.123640984,0.059628632,0.18765335,0.10833394,0.09625851,0.15552293,0.038880732
11498,0.058480788,0.0598495,0.05711208,0.006946839,0.38478026,0.422511,0.10562775
11499,0.09086553,0.06924027,0.1124908,0.05687974,0.036931764,0.08437566,0.021093914
11500,0.118969806,0.068853304,0.16908632,0.07615226,0.90726703,1.1988732,0.2997183
11501,0.058534224,0.0619345,0.055133954,0.006104881,0.21671312,0.23856115,0.05964029
11502,0.056275923,0.056761026,0.055790827,0.0089287525,0.20285393,0.21847236,0.05461809
11503,0.061644167,0.05558847,0.06769986,0.00858799,0.1290497,0.1635956,0.0408989
11504,0.1014874,0.06083393,0.14214085,0.0490872,0.96517134,1.0934292,0.2733573
11505,0.0720877,0.06585894,0.07831646,0.011323151,0.18372744,0.20524871,0.05131218
11506,0.07243744,0.06604379,0.07883111,0.02012722,0.46815404,0.55849,0.1396225
11507,0.09483981,0.0708404,0.11883923,0.026656335,0.4980249,0.3976208,0.0994052
11508,0.08257089,0.087507404,0.07763437,0.00840993,0.34147394,0.3617657,0.09044143
11509,0.15130898,0.100289084,0.20232888,0.038144212,0.035517216,0.026368327,0.006592082
11510,0.12529711,0.11511513,0.1354791,0.010301627,0.1965129,0.17209633,0.04302408
11511,0.15303017,0.12644635,0.179614,0.030178165,0.02617878,0.03389336,0.00847334
11512,0.18347907,0.13309659,0.23386155,0.09188446,0.045394596,0.12467021,0.031167552
11513,0.15294398,0.13264896,0.173239,0.047378268,0.029204672,0.050699566,0.012674891
11514,0.16585977,0.13802697,0.19369256,0.0468827,0.36550698,0.37094903,0.09273726
11515,0.14696805,0.14273214,0.15120395,0.037415564,0.6748523,0.6137931,0.15344827
11516,0.16384812,0.14555974,0.18213649,0.038882762,0.031055853,0.039559036,0.009889759
11517,0.20294763,0.1495855,0.25630978,0.066550136,0.02875168,0.097750984,0.024437746
11518,0.15066725,0.1576157,0.1437188,0.0073450822,0.17375207,0.19914107,0.049785268
11519,0.19710799,0.1589982,0.2352178,0.11778363,1.1579124,1.2134265,0.30335662
11520,0.18983054,0.16236205,0.217299,0.04192549,0.053669635,0.07772831,0.019432077
11521,0.16928911,0.16512032,0.1734579,0.037732895,0.50583285,0.49895915,0.12473979
11522,0.21918665,0.16755252,0.27082077,0.08894501,0.78842074,0.94498473,0.23624618
11523,0.17721868,0.16688007,0.18755727,0.026426643,0.020990074,0.026712721,0.0066781803
11524,0.20271568,0.17062508,0.23480628,0.060684536,1.2254941,1.3629497,0.34073743
11525,0.20468394,0.16986288,0.23950498,0.041543946,0.028666079,0.053744774,0.013436194
11526,0.17482615,0.16800849,0.1816438,0.0060851513,0.13824873,0.13526928,0.03381732
11527,0.18637753,0.18241864,0.19033642,0.035558987,0.025428504,0.08032372,0.02008093
11528,0.22120328,0.1820618,0.26034474,0.032115232,0.02818557,0.06902783,0.017256958
11529,0.17299597,0.16800039,0.17799155,0.09379041,0.9831217,1.3457369,0.33643422
11530,0.17447549,0.17546332,0.17348766,0.041527614,0.48114833,0.6300388,0.1575097
11531,0.19942017,0.19493629,0.20390408,0.10198846,0.61467236,0.5057888,0.1264472
11532,0.30374935,0.2245083,0.38299045,0.0711254,0.046058882,0.046337474,0.011584369
11533,0.26871124,0.26059482,0.27682766,0.006474521,0.121822566,0.10884563,0.027211407
11534,0.28126642,0.28645757,0.2760752,0.1759389,0.8250441,1.1961504,0.2990376
11535,0.36804438,0.30374762,0.4323412,0.024613187,0.49296668,0.61189455,0.15297364
11536,0.27993557,0.28388068,0.27599046,0.087889396,0.049900096,0.19537248,0.04884312
11537,0.26196554,0.26377562,0.26015547,0.00778064,0.18426734,0.20880114,0.052200284
11538,0.30740777,0.23592897,0.37888655,0.06112415,0.047549274,0.14780714,0.036951784
11539,0.21066244,0.22110367,0.20022124,0.029685399,0.3280147,0.42159584,0.10539896
11540,0.24262889,0.20153518,0.2837226,0.027549142,0.3591036,0.36243024,0.09060756
11541,0.20396869,0.18939395,0.21854341,0.013032347,0.18375777,0.15583976,0.03895994
11542,0.24367857,0.18011194,0.30724522,0.069845475,0.050481964,0.1680509,0.042012725
11543,0.16176452,0.17743461,0.14609443,0.008998861,0.25091758,0.31744573,0.07936143
11544,0.21886455,0.1796993,0.2580298,0.06899948,0.68208665,0.7269764,0.1817441
11545,0.15909502,0.18324809,0.13494195,0.013876773,0.46498248,0.5810682,0.14526705
11546,0.20760077,0.19860785,0.2165937,0.061673317,0.73247385,0.92664546,0.23166136
11547,0.26771212,0.21881787,0.31660634,0.042523522,0.03469142,0.09886833,0.024717083
11548,0.2502356,0.23655283,0.26391834,0.067130476,0.6893526,0.64561117,0.16140279
11549,0.26881444,0.24025702,0.2973719,0.107481085,0.035897892,0.1654087,0.041352175
11550,0.3120106,0.23179193,0.39222923,0.11661754,1.1076473,1.2257357,0.30643392
11551,0.20752366,0.22923382,0.18581349,0.08460917,0.02133395,0.097961426,0.024490356
11552,0.20982051,0.21895987,0.20068114,0.10991763,0.88118047,1.3348532,0.3337133
11553,0.22189741,0.20978396,0.23401086,0.010259819,0.5510946,0.5682505,0.14206262
11554,0.26208875,0.21387017,0.3103073,0.02517782,0.026212076,0.024506582,0.0061266455
11555,0.22051139,0.20903663,0.23198618,0.037852522,0.29803807,0.3291383,0.08228458
11556,0.27061617,0.1991332,0.34209916,0.100693054,0.08746069,0.14341739,0.035854347
11557,0.167777,0.2074824,0.1280716,0.03427105,0.49357796,0.6429697,0.16074243
11558,0.26065382,0.23500527,0.28630236,0.09132392,0.76361656,0.8839801,0.22099502
11559,0.29015473,0.261027,0.31928244,0.06810862,0.03283677,0.12155589,0.030388972
11560,0.24427377,0.26524797,0.22329956,0.01616517,0.26733756,0.2022965,0.050574124
11561,0.2556295,0.26397896,0.24728002,0.011821508,0.18271859,0.12726177,0.031815443
11562,0.23633043,0.25798342,0.21467745,0.018395523,0.076576136,0.11656302,0.029140756
11563,0.24865729,0.24322842,0.25408617,0.00917152,0.44631672,0.3824323,0.09560808
11564,0.2226485,0.23681228,0.20848475,0.017108822,0.21186697,0.28630662,0.071576655
11565,0.2816555,0.23216961,0.33114138,0.07127794,1.1342112,1.112385,0.27809626
11566,0.19484526,0.22003548,0.16965504,0.016944224,0.26711416,0.3622639,0.09056597
11567,0.20157512,0.20689929,0.19625093,0.049375515,0.04531644,0.04279192,0.01069798
11568,0.19517519,0.20427346,0.18607692,0.025700139,0.018824557,0.053065505,0.013266376
11569,0.22479272,0.20857394,0.24101149,0.008275469,0.29197687,0.24982278,0.062455695
11570,0.28008002,0.21167815,0.3484819,0.058313277,0.71527296,0.67733556,0.16933389
11571,0.28950807,0.21092804,0.36808813,0.08079285,1.2441907,1.1852204,0.2963051
11572,0.16867077,0.20821874,0.1291228,0.032188516,0.25636753,0.36526906,0.091317266
11573,0.2157449,0.19774008,0.23374969,0.009967077,0.38264713,0.32638773,0.08159693
11574,0.17334713,0.1813969,0.16529737,0.010383434,0.37913123,0.4753976,0.1188494
11575,0.16598554,0.17409174,0.15787934,0.0110162,0.43655467,0.54521495,0.13630374
11576,0.15975207,0.16224022,0.15726392,0.0064470097,0.2874769,0.27842826,0.069607064
11577,0.13062441,0.15557696,0.105671875,0.033967253,0.24588263,0.32530686,0.081326716
11578,0.1468332,0.16058685,0.13307956,0.05050364,0.5717191,0.6221432,0.1555358
11579,0.19819312,0.173506,0.22288023,0.016055783,0.34298715,0.28707695,0.07176924
11580,0.2944236,0.18889295,0.3999543,0.12995261,0.038213428,0.175662,0.0439155
11581,0.21640481,0.20242798,0.23038165,0.016239323,0.71879673,0.6465003,0.16162507
11582,0.20569102,0.21999109,0.19139093,0.013004857,0.49681655,0.40380517,0.10095129
11583,0.23160845,0.23210664,0.23111026,0.06706643,1.1545986,1.2455336,0.3113834
11584,0.29256356,0.2246644,0.3604627,0.07778144,1.1206268,1.314592,0.328648
11585,0.15050872,0.20010592,0.1009115,0.11910226,0.05360579,0.2339138,0.05847845
11586,0.17659014,0.18145584,0.17172445,0.09655264,0.057415906,0.13492422,0.033731055
11587,0.18107092,0.16720374,0.19493811,0.019586332,0.3722264,0.3130053,0.078251325
11588,0.1468388,0.1502602,0.1434174,0.096237086,0.094536066,0.108275086,0.027068771
11589,0.13453989,0.1319552,0.13712455,0.048962116,0.049512047,0.05531819,0.013829548
11590,0.10723135,0.12219676,0.09226594,0.029817881,0.051753577,0.073539205,0.018384801
11591,0.12357246,0.1125365,0.13460842,0.04261954,0.62268585,0.53434247,0.13358562
11592,0.1161007,0.11014747,0.12205393,0.084027,0.09875554,0.19046383,0.047615957
11593,0.14922163,0.1150978,0.18334545,0.064852186,0.47771874,0.5358362,0.13395905
11594,0.15361077,0.12426629,0.18295525,0.10504194,1.0970688,1.025599,0.25639975
11595,0.13146983,0.12682125,0.13611841,0.016808083,0.3175615,0.2417485,0.060437124
11596,0.14766413,0.13307633,0.16225192,0.041200746,0.32817116,0.43452486,0.108631216
11597,0.14011374,0.14178787,0.13843961,0.012538333,0.47216082,0.36571166,0.091427915
11598,0.15347604,0.14744101,0.15951107,0.054951917,0.06806496,0.08413625,0.021034062
11599,0.17003466,0.142176,0.19789334,0.100751124,0.11449498,0.093046494,0.023261623
11600,0.22250752,0.13790387,0.30711117,0.124958575,0.917919,1.4185992,0.3546498
11601,0.15735005,0.12721217,0.18748792,0.060899988,0.0556875,0.12645341,0.031613354
11602,0.15433054,0.11155846,0.19710262,0.07652265,0.079558454,0.15882803,0.03970701
11603,0.12762639,0.102060854,0.15319192,0.02978708,0.4393303,0.31442675,0.07860669
11604,0.15473273,0.11734601,0.19211946,0.036776546,0.43139187,0.39105216,0.09776304
11605,0.16287027,0.15534782,0.1703927,0.015807502,0.5014351,0.39900112,0.09975028
11606,0.22454156,0.19343121,0.25565192,0.02681479,0.02735295,0.043177288,0.010794322
11607,0.2199717,0.23048781,0.20945561,0.01927488,0.62631655,0.53631335,0.13407834
11608,0.26156744,0.25031233,0.2728226,0.073835716,0.072404005,0.12400635,0.031001588
11609,0.25072914,0.24108732,0.26037097,0.058730464,0.0380182,0.06354677,0.015886692
11610,0.26925936,0.21308704,0.3254317,0.08366164,0.92594844,1.2167244,0.3041811
11611,0.15311801,0.16640705,0.13982898,0.12320745,0.985676,0.8910856,0.2227714
11612,0.14997523,0.124165066,0.17578536,0.049493596,0.058491755,0.044130933,0.011032733
11613,0.10442827,0.106389284,0.10246726,0.013111918,0.19547534,0.11757532,0.02939383
11614,0.1622632,0.11196884,0.21255755,0.051118698,0.37053,0.60095185,0.15023796
11615,0.15329203,0.114875436,0.19170862,0.0827042,0.040846005,0.16194746,0.040486865
11616,0.13978858,0.12129869,0.15827847,0.04406746,0.05596891,0.10829064,0.02707266
11617,0.13945334,0.101228476,0.17767818,0.08541703,1.2548733,1.2308646,0.30771616
11618,0.11908237,0.09195802,0.14620672,0.05029233,0.01376196,0.05467942,0.013669855
11619,0.10597033,0.09037755,0.121563114,0.05561855,0.9704979,0.9522886,0.23807216
11620,0.1188608,0.09834517,0.13937642,0.0510288,0.67723227,0.69035465,0.17258866
11621,0.12737034,0.10945348,0.1452872,0.009997039,0.21171248,0.15495443,0.03873861
11622,0.14414822,0.121041596,0.16725485,0.010793903,0.30906805,0.24531086,0.061327714
11623,0.15177733,0.13396524,0.16958942,0.058392126,1.0882311,1.1548066,0.28870165
11624,0.20011263,0.13695502,0.2632702,0.06949722,0.60666615,0.70971984,0.17742996
11625,0.17863487,0.12375096,0.23351876,0.051041603,0.5578365,0.5702237,0.14255592
11626,0.11806681,0.09774806,0.13838556,0.010188454,0.21491718,0.1794204,0.0448551
11627,0.092978954,0.07343437,0.11252353,0.045307737,0.020721897,0.07355097,0.018387742
11628,0.119745135,0.0734265,0.16606377,0.07356233,0.62740415,0.7626696,0.1906674
11629,0.098546304,0.07308253,0.12401009,0.111361444,1.0006971,1.2586994,0.31467485
11630,0.06349731,0.06988314,0.057111483,0.02272367,0.36307368,0.47688103,0.11922026
11631,0.06395725,0.06252917,0.06538535,0.00598809,0.113645434,0.11937076,0.02984269
11632,0.1332611,0.05119553,0.21532667,0.19565992,1.0026842,1.4088945,0.35222363
11633,0.050957512,0.04632625,0.055588778,0.01256352,0.38730228,0.47615156,0.11903789
11634,0.048890263,0.048809886,0.048970636,0.006655538,0.20822494,0.22948253,0.057370633
11635,0.07092521,0.054055672,0.08779475,0.06014526,0.069328524,0.043421254,0.010855313
11636,0.05782475,0.052120347,0.063529156,0.0671221,0.68774444,0.6995852,0.1748963
11637,0.1155169,0.050607037,0.18042678,0.08583034,0.5671398,0.4872905,0.121822625
11638,0.07395351,0.04820561,0.09970141,0.08815805,1.2243071,1.47547,0.3688675
11639,0.07386175,0.046244204,0.10147929,0.053397715,0.048491582,0.10036576,0.02509144
11640,0.06869782,0.042350397,0.095045246,0.056744736,0.057384994,0.108727135,0.027181784
11641,0.062333763,0.041243233,0.08342429,0.028084392,0.023641104,0.019085295,0.004771324
11642,0.058208138,0.039757363,0.07665891,0.040678635,0.5711038,0.6738828,0.1684707
11643,0.043241728,0.04023181,0.046251643,0.0063564996,0.31155026,0.32561758,0.081404395
11644,0.060353935,0.039566007,0.08114187,0.035132553,0.02168574,0.067890875,0.016972719
11645,0.08546474,0.036358465,0.13457102,0.12697114,0.033452947,0.22740893,0.056852233
11646,0.054527935,0.037288863,0.071767,0.04031246,0.016568193,0.056970317,0.014242579
11647,0.061917994,0.040091842,0.083744146,0.04852742,0.825978,0.9295459,0.23238647
11648,0.045625713,0.040115934,0.05113549,0.02106375,0.20260914,0.24640031,0.061600078
11649,0.052014556,0.038506966,0.06552214,0.035755493,0.018737154,0.07006695,0.017516738
11650,0.046972167,0.038177107,0.055767227,0.007883453,0.44264302,0.47109723,0.11777431
11651,0.037073288,0.038055386,0.03609119,0.010187805,0.21674865,0.17852347,0.044630866
11652,0.04804876,0.04005179,0.056045726,0.010894861,0.4266356,0.43963838,0.109909594
11653,0.08949125,0.041465014,0.13751748,0.06884528,0.059121598,0.06387954,0.015969886
11654,0.0676276,0.048031162,0.087224044,0.059261043,0.04137339,0.101324715,0.025331179
11655,0.10616559,0.061169874,0.15116131,0.038584806,0.35327673,0.31172487,0.07793122
11656,0.10980702,0.067253225,0.15236083,0.08685669,1.4007931,1.5070492,0.3767623
11657,0.119865336,0.08118393,0.15854676,0.06600142,0.07975145,0.15007319,0.037518296
11658,0.12533595,0.08524897,0.16542293,0.07709578,1.3295091,1.4097339,0.35243347
11659,0.06833237,0.07991915,0.056745574,0.018673392,0.66960555,0.49767032,0.12441758
11660,0.11434164,0.092639424,0.13604383,0.014532655,0.4994776,0.4620979,0.11552448
11661,0.103308596,0.089344345,0.117272854,0.0540877,0.78822356,0.710475,0.17761876
11662,0.07558756,0.08803403,0.0631411,0.01114316,0.16241707,0.17451023,0.043627556
11663,0.07144547,0.07279277,0.07009817,0.0061866413,0.17217655,0.15727101,0.039317753
11664,0.07648045,0.06972669,0.083234206,0.04715536,0.05579673,0.069934815,0.017483704
11665,0.063823014,0.06528141,0.06236462,0.006108094,0.1692927,0.13792314,0.034480784
11666,0.09120759,0.06977098,0.1126442,0.043011945,0.47998354,0.45987558,0.114968896
11667,0.090637766,0.06324683,0.1180287,0.055175137,0.7710375,0.6793706,0.16984265
11668,0.08993048,0.054548144,0.12531282,0.062229697,1.0672466,1.0074185,0.25185463
11669,0.06600254,0.04682052,0.08518457,0.055650193,0.044023436,0.08402919,0.021007298
11670,0.06095773,0.042786673,0.07912879,0.021040544,0.23899965,0.16934997,0.042337492
11671,0.06545251,0.04246959,0.088435434,0.055937055,0.038423028,0.123528354,0.030882088
11672,0.055081923,0.043674752,0.0664891,0.016512627,0.39909574,0.48296487,0.12074122
11673,0.1296625,0.04447651,0.21484847,0.12381765,0.6100167,0.54015416,0.13503854
11674,0.11121931,0.047771305,0.1746673,0.10629797,0.6646219,0.91242856,0.22810714
11675,0.10286275,0.053260874,0.15246464,0.09089631,0.104019165,0.07067803,0.017669508
11676,0.10996429,0.07514413,0.14478445,0.07140376,0.041691586,0.108305,0.02707625
11677,0.1542495,0.10145134,0.20704766,0.07034227,0.04277869,0.08522836,0.02130709
11678,0.17021672,0.11400046,0.226433,0.048191313,0.5418939,0.6802895,0.17007238
11679,0.1343946,0.09094622,0.17784297,0.04520798,0.02761128,0.09774061,0.024435153
11680,0.063304,0.06414927,0.062458735,0.0808157,0.041945755,0.1724974,0.04312435
11681,0.044657648,0.04681288,0.042502407,0.007594611,0.40919486,0.39015254,0.097538136
11682,0.10405771,0.04512963,0.16298579,0.09856049,0.81102866,1.1944774,0.29861936
11683,0.048183277,0.048529226,0.04783733,0.005841978,0.496675,0.46910214,0.117275536
11684,0.06405372,0.051954508,0.07615293,0.04833597,0.59448,0.5263669,0.13159172
11685,0.0743958,0.05557977,0.09321183,0.059521664,0.0392725,0.11321918,0.028304795
11686,0.12678236,0.06047323,0.1930915,0.099428274,0.47010374,0.30355334,0.075888336
11687,0.12166881,0.061034534,0.18230307,0.0668154,0.5877216,0.48487392,0.12121848
11688,0.0863026,0.05755365,0.11505154,0.05261579,0.38893846,0.30986032,0.07746508
11689,0.063284226,0.05424127,0.072327174,0.0065255887,0.2727326,0.31558633,0.07889658
11690,0.05392605,0.052192193,0.055659905,0.015474784,0.38912472,0.44909444,0.11227361
11691,0.048040252,0.0496197,0.046460807,0.018114945,0.25013432,0.3714386,0.09285965
11692,0.051221382,0.049723085,0.05271968,0.00534777,0.14560254,0.15768872,0.03942218
11693,0.104404725,0.052812565,0.1559969,0.08384661,1.150235,1.4940977,0.37352443
11694,0.1338611,0.059758663,0.20796353,0.11256229,0.5796421,0.5493372,0.1373343
11695,0.07496095,0.06365463,0.08626726,0.057327893,0.024768002,0.10907793,0.027269483
11696,0.07137478,0.06862352,0.07412604,0.06357131,0.04744203,0.12584731,0.031461827
11697,0.08726701,0.0564249,0.11810913,0.049653053,0.026600637,0.06749203,0.016873008
11698,0.04397811,0.046691865,0.041264355,0.011643066,0.1914767,0.24819493,0.062048733
11699,0.07812878,0.04218253,0.11407503,0.04706018,0.028723935,0.037959445,0.009489861
11700,0.10308126,0.046454344,0.15970819,0.06997668,0.38439527,0.51088524,0.12772131
11701,0.08732501,0.05944851,0.1152015,0.062844895,0.05954279,0.08931655,0.022329137
11702,0.072615586,0.073535636,0.071695544,0.018488431,0.09304142,0.15884244,0.03971061
11703,0.11096222,0.09031417,0.13161027,0.097746395,0.4522961,0.76239705,0.19059926
11704,0.10075611,0.09222284,0.10928938,0.036895584,0.44591048,0.5613002,0.14032505
11705,0.09673702,0.08425207,0.109221965,0.015018076,0.32037747,0.3960332,0.0990083
11706,0.10734063,0.07730381,0.13737744,0.025805505,0.21594645,0.33911896,0.08477974
11707,0.10937389,0.08603254,0.13271523,0.014491162,0.21583833,0.2975135,0.07437838
11708,0.13999674,0.08306334,0.19693013,0.052240714,0.30212286,0.49918652,0.12479663
11709,0.08632972,0.07613236,0.09652708,0.0082680145,0.19048671,0.21965265,0.054913163
11710,0.24655865,0.06227665,0.43084064,0.25887874,1.0358233,1.8383566,0.45958915
11711,0.07738236,0.05140431,0.10336042,0.037120763,0.024693465,0.049461666,0.012365417
11712,0.07961389,0.04544096,0.11378682,0.052358896,0.041028213,0.122472085,0.030618021
11713,0.06587627,0.04026803,0.091484495,0.047687363,0.80483645,0.84002596,0.21000649
11714,0.067723446,0.036022615,0.09942428,0.07636484,0.8553942,0.90507776,0.22626944
11715,0.061665088,0.030135846,0.09319433,0.08377341,0.050892264,0.06818794,0.017046984
11716,0.05980223,0.03004542,0.08955904,0.07417897,0.03406298,0.07782513,0.019456282
11717,0.034030136,0.03151053,0.036549747,0.009602723,0.645475,0.5687633,0.14219083
11718,0.08473903,0.029587695,0.13989037,0.10860566,0.81378746,1.2565624,0.3141406
11719,0.06355662,0.025819832,0.10129341,0.0759522,0.9545347,1.0566454,0.26416135
11720,0.035513546,0.026851937,0.04417516,0.029551035,0.02942492,0.052624136,0.013156034
11721,0.060444694,0.033733178,0.08715621,0.037156235,0.47414005,0.4641885,0.11604712
11722,0.0543965,0.038875755,0.069917254,0.050268188,0.03383377,0.05513519,0.013783798
11723,0.055832636,0.03750385,0.074161425,0.030115614,0.021313794,0.050713364,0.012678341
11724,0.12359077,0.0351141,0.21206744,0.12060365,0.99453443,0.9239271,0.23098178
11725,0.11974004,0.037057426,0.20242266,0.11489298,0.7778383,1.1260806,0.28152016
11726,0.06446088,0.030469581,0.09845218,0.06433388,0.039831813,0.07414702,0.018536756
11727,0.06603364,0.024206763,0.10786053,0.11657217,0.92379385,1.2163322,0.30408305
11728,0.039767284,0.023706017,0.055828553,0.028227722,0.3920423,0.28249562,0.070623904
11729,0.0528784,0.025463039,0.08029375,0.058915433,0.97936386,1.0133504,0.2533376
11730,0.058997173,0.028693115,0.08930123,0.053111177,0.056704808,0.097801596,0.024450399
11731,0.10126688,0.02916629,0.17336746,0.10345442,0.97950524,0.8057774,0.20144434
11732,0.050201517,0.02453121,0.075871825,0.026278803,0.40275505,0.24009497,0.060023744
11733,0.0499026,0.028355109,0.07145009,0.06136784,0.6671295,0.844053,0.21101324
11734,0.05526347,0.029262787,0.08126416,0.08262477,0.997716,1.1957685,0.29894212
11735,0.053704083,0.033655807,0.07375236,0.01857269,0.6075856,0.4396473,0.10991182
11736,0.04786342,0.03435367,0.061373163,0.014104209,0.1870234,0.22875898,0.057189744
11737,0.03929496,0.035244495,0.043345433,0.005109923,0.38369092,0.3932868,0.0983217
11738,0.10766881,0.035353903,0.17998372,0.10378289,0.038458344,0.15846045,0.039615113
11739,0.15754588,0.036209952,0.27888182,0.25041255,1.1714466,1.4641663,0.36604157
11740,0.09078515,0.041913483,0.13965683,0.070120685,0.062275987,0.07469773,0.018674433
11741,0.06345461,0.04664756,0.08026167,0.025722077,0.033783596,0.035798993,0.008949748
11742,0.07641346,0.043750886,0.109076045,0.0759292,1.1360204,1.1410403,0.28526008
11743,0.05543956,0.041223876,0.06965525,0.047714666,0.66244936,0.6805554,0.17013885
11744,0.06250131,0.042021945,0.08298068,0.018364025,0.122446775,0.16769831,0.041924577
11745,0.06676175,0.04323153,0.09029197,0.019638117,0.38859704,0.505116,0.126279
11746,0.06656993,0.038312934,0.09482694,0.05846036,0.054698914,0.14768735,0.036921836
11747,0.025048414,0.026342073,0.023754755,0.009508935,0.2090931,0.16523476,0.04130869
11748,0.036174867,0.024176441,0.048173297,0.05925572,0.69592476,0.80324715,0.20081179
11749,0.032078575,0.0269311,0.037226055,0.01884233,0.5462787,0.43094674,0.107736684
11750,0.0848776,0.029944913,0.13981028,0.09732753,0.033221077,0.14570756,0.03642689
11751,0.05569485,0.034147043,0.07724266,0.054986447,0.90932184,0.9442242,0.23605604
11752,0.05700003,0.03818165,0.07581841,0.024467207,0.25461015,0.34866342,0.087165855
11753,0.10403627,0.04312698,0.16494556,0.13383399,0.9190559,1.2235968,0.3058992
11754,0.07034617,0.041734178,0.09895816,0.024339044,0.19101815,0.2783765,0.06959412
11755,0.052570704,0.03670016,0.06844125,0.043941602,0.035002083,0.04982816,0.01245704
11756,0.055766683,0.03129984,0.08023352,0.046090018,0.043027874,0.065052405,0.016263101
11757,0.060288806,0.03479022,0.08578739,0.018449813,0.14871268,0.23340827,0.058352068
11758,0.061160643,0.039782807,0.08253848,0.014482491,0.11039724,0.15677051,0.039192628
11759,0.0681959,0.051699266,0.08469254,0.033622652,0.037579726,0.060670365,0.015167591
11760,0.08879238,0.063782424,0.113802336,0.019213563,0.33104822,0.27374652,0.06843663
11761,0.15805487,0.066191085,0.24991865,0.15995927,1.3718824,1.6091324,0.4022831
11762,0.08386606,0.059383646,0.10834848,0.06096335,0.04228191,0.10809225,0.027023062
11763,0.04237609,0.047373455,0.03737873,0.010267908,0.19403724,0.19376701,0.048441753
11764,0.104684256,0.052818153,0.15655036,0.081093356,1.0343409,1.1626459,0.29066148
11765,0.082518324,0.06653903,0.09849762,0.008456218,0.25918606,0.28035304,0.07008826
11766,0.12765585,0.07513676,0.18017495,0.07405698,1.0594169,1.1749129,0.29372823
11767,0.101419754,0.07667,0.12616952,0.011743878,0.1782308,0.21148044,0.05287011
11768,0.14048125,0.069434755,0.21152775,0.11979937,1.0127288,1.1989242,0.29973105
11769,0.15134443,0.0682048,0.23448408,0.09938144,1.1025172,1.4390024,0.3597506
11770,0.09801444,0.06611997,0.1299089,0.066609174,0.05556344,0.11149629,0.027874073
11771,0.06700615,0.07227894,0.061733365,0.010820452,0.3710188,0.37281212,0.09320303
11772,0.07554233,0.094864644,0.05622002,0.033704493,0.48297104,0.33413807,0.08353452
11773,0.13155982,0.12812467,0.13499497,0.03572021,0.585341,0.5767293,0.14418232
11774,0.1626187,0.14832036,0.17691703,0.029933183,0.032227825,0.0507419,0.012685475
11775,0.165546,0.16171055,0.16938145,0.012763069,0.25525865,0.20036532,0.05009133
11776,0.12652414,0.14406078,0.1089875,0.044316422,0.046805397,0.049477756,0.012369439
11777,0.18460946,0.12799297,0.24122591,0.15098454,1.0062838,0.98496324,0.24624081
11778,0.12411759,0.10230408,0.14593111,0.026239356,0.019435668,0.028125271,0.007031318
11779,0.09468452,0.086129986,0.10323905,0.026266431,0.028264053,0.051855788,0.012963947
11780,0.0899015,0.07121724,0.10858575,0.03406448,0.038014665,0.04669894,0.011674735
11781,0.10022237,0.073319405,0.12712532,0.06417585,0.07008651,0.16448307,0.041120768
11782,0.13911666,0.0796504,0.19858293,0.076825686,0.051217277,0.042212438,0.010553109
11783,0.09068165,0.0903424,0.09102089,0.06916075,0.63401383,0.4931787,0.123294674
11784,0.109495305,0.09548988,0.12350073,0.22461466,1.0198799,0.662542,0.1656355
11785,0.11212644,0.10527942,0.11897346,0.013834056,0.25655475,0.18486853,0.046217132
11786,0.10255909,0.11021808,0.094900094,0.12164257,1.1177025,0.77058506,0.19264627
11787,0.112561025,0.11443091,0.11069113,0.0067516565,0.1589392,0.13049446,0.032623615
11788,0.15397526,0.13693161,0.17101891,0.054608494,0.03327472,0.05679686,0.014199215
11789,0.1097857,0.15275602,0.066815384,0.052192643,0.58031255,0.39921582,0.099803954
11790,0.24937491,0.16915041,0.3295994,0.12830389,0.9191988,0.89989156,0.22497289
11791,0.1705484,0.17583425,0.16526257,0.0058946577,0.3181117,0.3026538,0.07566345
11792,0.19645725,0.18747103,0.20544346,0.0077034556,0.31613874,0.3212599,0.08031497
11793,0.2236212,0.19784375,0.24939866,0.04768451,0.67510253,0.694815,0.17370375
11794,0.143732,0.17215608,0.115307905,0.048778713,0.41227755,0.3247485,0.08118712
11795,0.1016384,0.13206051,0.07121629,0.03199558,0.37733588,0.22614674,0.056536686
11796,0.1148084,0.089955054,0.13966174,0.08614088,0.11475792,0.15192409,0.037981022
11797,0.053033616,0.051665276,0.054401953,0.02040175,0.30089694,0.28580064,0.07145016
11798,0.0395625,0.03231078,0.046814222,0.0072228797,0.5079964,0.45493427,0.11373357
11799,0.044754487,0.029255673,0.060253303,0.049574625,0.94235134,0.89701796,0.22425449
11800,0.039520215,0.0271418,0.051898632,0.037581008,0.53836673,0.50304276,0.12576069
11801,0.12550485,0.032947734,0.21806197,0.22574966,1.1381837,1.5665159,0.39162898
11802,0.05711932,0.032368075,0.08187056,0.017918812,0.2926258,0.39206526,0.098016314
11803,0.09028525,0.042205155,0.13836534,0.19732423,0.9521305,0.71369123,0.17842281
11804,0.04408009,0.047204137,0.040956046,0.013224899,0.26228088,0.25053442,0.062633604
11805,0.105006576,0.05942842,0.15058473,0.06303317,0.08757969,0.17403321,0.043508302
11806,0.12941903,0.06169562,0.19714244,0.10233622,0.9817098,1.0503142,0.26257855
11807,0.07095239,0.058942664,0.08296212,0.07468352,0.09511299,0.09115163,0.022787908
11808,0.07180166,0.059448794,0.084154524,0.008183506,0.4268632,0.49719802,0.124299504
11809,0.082418166,0.05808088,0.10675546,0.11775371,0.022461345,0.13454668,0.03363667
11810,0.046755847,0.051536847,0.041974843,0.0053740577,0.14371622,0.15234777,0.038086943
11811,0.068195365,0.050566208,0.08582453,0.029984282,0.018694757,0.032647695,0.008161924
11812,0.06339928,0.05243146,0.07436708,0.081686154,0.0242848,0.10995994,0.027489984
11813,0.110625565,0.05390942,0.16734171,0.11833378,0.06650467,0.17825861,0.044564653
11814,0.062147234,0.06235115,0.061943322,0.00866096,0.5679919,0.5428722,0.13571805
11815,0.13072056,0.072773136,0.18866797,0.0768035,0.8245411,0.97251016,0.24312754
11816,0.1436515,0.0861958,0.2011072,0.10065264,0.06438782,0.16714464,0.04178616
11817,0.08375629,0.08387544,0.08363715,0.023805097,0.02077409,0.03013459,0.0075336476
11818,0.07096019,0.052883815,0.08903656,0.038413286,0.47086516,0.5165949,0.12914872
11819,0.0686015,0.041028146,0.09617484,0.09010654,0.09201794,0.2470438,0.06176095
11820,0.045423556,0.032629807,0.058217302,0.06936103,0.07643662,0.048876446,0.012219111
11821,0.044367854,0.029183244,0.059552465,0.042477142,0.060200173,0.107427806,0.026856951
11822,0.03613994,0.028388351,0.04389153,0.032981854,0.3726426,0.42621946,0.106554866
11823,0.05433303,0.02728288,0.081383176,0.055491406,0.049358208,0.06539619,0.016349047
11824,0.04118892,0.026420832,0.05595701,0.038359866,0.51024854,0.58574015,0.14643504
11825,0.050163865,0.024937747,0.07538998,0.09317944,0.031280488,0.113041155,0.028260289
11826,0.05727147,0.02674081,0.087802134,0.06917887,0.9831932,1.0742034,0.26855084
11827,0.037020605,0.029481532,0.044559676,0.022317315,0.025803467,0.031918664,0.007979666
11828,0.030130098,0.026193457,0.03406674,0.0064348485,0.4529204,0.49577293,0.12394323
11829,0.08278679,0.025117815,0.14045577,0.10233688,0.045196157,0.12550159,0.031375397
11830,0.039491676,0.024884865,0.054098487,0.037538193,0.034176793,0.084688865,0.021172216
11831,0.03463992,0.02534203,0.043937813,0.015051094,0.37058702,0.32207897,0.08051974
11832,0.036794245,0.026176514,0.047411975,0.044906735,0.020400884,0.086414196,0.021603549
11833,0.035258885,0.024989514,0.04552825,0.025670275,0.013423863,0.030349553,0.007587388
11834,0.049589843,0.022385977,0.07679371,0.06406964,0.073712885,0.13159908,0.03289977
11835,0.043393433,0.021091769,0.0656951,0.03121318,0.017034395,0.042786364,0.010696591
11836,0.03308812,0.020107107,0.046069134,0.017649198,0.38626346,0.46925867,0.11731467
11837,0.03001401,0.024273792,0.03575423,0.014044189,0.2034347,0.17341483,0.043353707
11838,0.04316314,0.029326135,0.05700014,0.052371547,0.037577417,0.108207494,0.027051874
11839,0.10880691,0.033349726,0.18426408,0.13545343,1.2647322,1.2396928,0.3099232
11840,0.056684554,0.038390215,0.074978895,0.018339945,0.47472438,0.6080552,0.1520138
11841,0.038000066,0.038341653,0.03765848,0.009699775,0.35401556,0.3397502,0.08493755
11842,0.06493222,0.03235207,0.097512364,0.07309843,0.061530784,0.17315878,0.043289695
11843,0.03550347,0.032554805,0.038452134,0.008668776,0.35332134,0.3001453,0.075036325
11844,0.118001364,0.024902752,0.21109998,0.16366474,0.9906761,1.2564425,0.31411064
11845,0.037673447,0.019597588,0.05574931,0.037419792,0.03853795,0.10648992,0.02662248
11846,0.026700616,0.02135889,0.032042343,0.009952442,0.2530867,0.29569557,0.07392389
11847,0.025106242,0.022088764,0.028123721,0.009579158,0.14433332,0.12859535,0.032148838
11848,0.03554206,0.021992609,0.049091514,0.03478491,0.030109778,0.033716734,0.008429184
11849,0.06123821,0.021246716,0.101229705,0.07001552,0.8278675,0.8846641,0.22116603
11850,0.06976893,0.021834776,0.11770308,0.07996964,0.060909864,0.15344709,0.038361773
11851,0.039762985,0.024065876,0.05546009,0.039420154,0.04422437,0.07367333,0.018418333
11852,0.024344077,0.02225517,0.026432982,0.012277455,0.28237715,0.22031756,0.05507939
11853,0.03442154,0.026705796,0.042137284,0.015740445,0.5203816,0.4067329,0.10168322
11854,0.05167212,0.028003616,0.07534063,0.07907066,0.30786642,0.30199724,0.07549931
11855,0.030788466,0.029859511,0.031717423,0.02259106,0.6377004,0.6004781,0.15011953
11856,0.030230964,0.031126358,0.029335573,0.005560409,0.10460013,0.11427561,0.028568903
11857,0.025836647,0.025123166,0.026550129,0.007925927,0.29248688,0.2653901,0.066347525
11858,0.05066211,0.023883114,0.07744111,0.030176386,0.11413448,0.20727713,0.051819284
11859,0.050290376,0.02570223,0.07487852,0.028566085,0.103466325,0.18054117,0.045135293
11860,0.07544185,0.027403057,0.12348065,0.084217824,0.040696315,0.103687614,0.025921904
11861,0.040203217,0.02962321,0.050783228,0.027926555,0.05075502,0.082977936,0.020744484
11862,0.12041658,0.031048818,0.20978434,0.20358777,1.4325222,1.5582938,0.38957345
11863,0.042717546,0.033228427,0.05220667,0.015843185,0.4471635,0.33006704,0.08251676
11864,0.06828292,0.029797224,0.10676861,0.052645903,0.04865575,0.029389666,0.0073474166
11865,0.036375728,0.024612317,0.04813914,0.030815035,0.040831108,0.05564322,0.013910805
11866,0.03794468,0.025563201,0.050326157,0.038673222,0.040409926,0.08025334,0.020063335
11867,0.047885105,0.028663939,0.06710627,0.027791148,0.02235435,0.04805943,0.0120148575
11868,0.034687746,0.03321821,0.036157284,0.009121284,0.21139269,0.21951596,0.05487899
11869,0.029450128,0.031042218,0.027858041,0.012945198,0.26658282,0.20064116,0.05016029
11870,0.07970291,0.03239305,0.12701276,0.11259371,0.052821502,0.15138434,0.037846085
11871,0.055590834,0.029659042,0.08152262,0.058345687,0.5766899,0.6490405,0.16226013
11872,0.03999133,0.02222676,0.0577559,0.03635567,0.7336305,0.6781613,0.16954033
11873,0.08905029,0.02577675,0.15232383,0.14097609,1.1792434,1.1521934,0.28804836
11874,0.06213991,0.029025322,0.09525449,0.0799109,0.029934501,0.10684005,0.026710013
11875,0.07554289,0.029584544,0.12150123,0.06343845,0.54493237,0.754816,0.188704
11876,0.115722515,0.028287401,0.20315762,0.117593855,0.9794299,0.71978545,0.17994636
11877,0.07514208,0.032200802,0.11808336,0.06335694,0.05569333,0.13259846,0.033149615
11878,0.0862166,0.03299892,0.13943428,0.057938695,0.7117973,0.63446933,0.15861733
11879,0.037883148,0.03262135,0.04314494,0.015938511,0.31572792,0.3710548,0.0927637
11880,0.051390667,0.028719341,0.074062,0.10048881,0.90715045,1.0362006,0.25905016
11881,0.031412546,0.02729656,0.035528537,0.008215574,0.42745003,0.37010708,0.09252677
11882,0.031687714,0.032130685,0.031244745,0.0211738,0.016189277,0.024209598,0.0060523995
11883,0.03569727,0.035033636,0.036360905,0.0083242655,0.1595441,0.16368853,0.04092213
11884,0.06705682,0.031359244,0.10275439,0.086163945,0.064161606,0.123875864,0.030968966
11885,0.030620081,0.027077159,0.034163002,0.016112963,0.20396133,0.23799568,0.05949892
11886,0.12341943,0.024753697,0.22208516,0.1750741,1.0429341,1.0626521,0.26566303
11887,0.039467577,0.025026666,0.053908486,0.047082786,0.7609139,0.9437058,0.23592645
11888,0.07369495,0.026901765,0.120488144,0.05089895,1.0430917,1.038796,0.259699
11889,0.036848526,0.028723655,0.044973392,0.027431646,0.2583816,0.357097,0.08927425
11890,0.085226685,0.029693613,0.14075975,0.097964816,0.92125726,1.1495508,0.2873877
11891,0.030192113,0.029266039,0.031118186,0.00910411,0.18708973,0.15732019,0.039330047
11892,0.028977344,0.027850384,0.030104304,0.011789189,0.23753023,0.1697964,0.0424491
11893,0.03291996,0.02991502,0.035924897,0.0112487,0.41173807,0.3501978,0.08754945
11894,0.034804527,0.031407643,0.038201414,0.016399834,0.5627969,0.49181762,0.122954406
11895,0.042326197,0.028848179,0.05580421,0.026501162,0.44593266,0.5091643,0.12729107
11896,0.05027281,0.024663413,0.075882204,0.0469961,0.036056068,0.05793525,0.014483812
11897,0.087257065,0.028425723,0.1460884,0.08882023,0.52111465,0.6461825,0.16154562
11898,0.046031475,0.031156853,0.060906094,0.021662468,0.10569531,0.14571123,0.036427807
11899,0.09166622,0.028814996,0.15451746,0.111625694,0.9934053,0.7749357,0.19373393
11900,0.024955353,0.026222045,0.023688661,0.009034782,0.4253882,0.42119965,0.10529991
11901,0.02604721,0.027858533,0.02423589,0.010045983,0.38432777,0.36107227,0.09026807
11902,0.044106375,0.0290182,0.059194546,0.019138193,0.10892158,0.13867491,0.03466873
11903,0.08448506,0.027618522,0.1413516,0.114993,1.0852216,1.3322226,0.33305565
11904,0.03464944,0.024937546,0.044361334,0.033749897,0.5608563,0.5476384,0.1369096
11905,0.14989465,0.023833526,0.27595577,0.24051829,1.530817,1.6403767,0.41009417
11906,0.038277596,0.026500331,0.05005486,0.04204437,0.60369605,0.5486521,0.13716303
11907,0.050869178,0.026945168,0.07479319,0.056967933,0.051338583,0.07819488,0.01954872
11908,0.0606622,0.028451696,0.0928727,0.064449154,1.133474,1.3141745,0.32854363
11909,0.06460364,0.032783974,0.096423306,0.048385765,0.047695547,0.06132552,0.01533138
11910,0.06573893,0.032503698,0.09897417,0.04595612,0.040772114,0.0929515,0.023237875
11911,0.062346186,0.035604406,0.08908796,0.04048594,0.04740211,0.09579259,0.023948148
11912,0.083990455,0.03536122,0.13261968,0.10440659,1.0541947,1.140184,0.285046
11913,0.0349735,0.033460356,0.036486637,0.009790565,0.38025522,0.37622532,0.09405633
11914,0.054347742,0.032485053,0.07621044,0.042328447,0.035171445,0.054192632,0.013548158
11915,0.0832489,0.03408888,0.13240892,0.09667843,0.7135723,0.6841679,0.17104198
11916,0.03918073,0.037361786,0.040999673,0.024278522,0.024329325,0.016522512,0.004130628
11917,0.053091247,0.038542327,0.06764016,0.019397913,0.28584087,0.18664646,0.046661615
11918,0.0798709,0.03688568,0.12285613,0.07099843,0.07657542,0.118163824,0.029540956
11919,0.05072205,0.04389091,0.05755319,0.011545221,0.18065083,0.15375407,0.038438518
11920,0.051963966,0.05011489,0.05381304,0.018531345,0.47441098,0.40511426,0.101278566
11921,0.06980788,0.056842078,0.08277368,0.013118506,0.124827504,0.12824088,0.03206022
11922,0.13838364,0.06479481,0.21197248,0.114483416,1.8293425,1.6196527,0.4049132
11923,0.12918065,0.06707789,0.19128342,0.08006083,0.8738193,0.6821032,0.1705258
11924,0.069116734,0.070715524,0.06751793,0.01614176,0.18631601,0.12758349,0.031895872
11925,0.07685115,0.08300294,0.07069937,0.025757378,0.3768572,0.29807988,0.07451997
11926,0.10812966,0.08795652,0.12830281,0.053126007,0.061877355,0.055190336,0.013797584
11927,0.08308702,0.08850855,0.0776655,0.048016146,0.05200608,0.03743985,0.009359962
11928,0.077512026,0.08312785,0.0718962,0.015571806,0.1762101,0.13337058,0.033342645
11929,0.0833075,0.07430052,0.09231446,0.02444145,0.51946133,0.52185863,0.13046466
11930,0.1221104,0.07708019,0.1671406,0.03409043,0.16054398,0.22756271,0.056890678
11931,0.062380362,0.07235526,0.052405473,0.043725405,0.5800436,0.5253934,0.13134836
11932,0.12703215,0.07771054,0.17635374,0.085053384,0.060293604,0.14506263,0.036265656
11933,0.08002251,0.07861074,0.08143427,0.030332262,0.26121944,0.1570659,0.039266475
11934,0.10357404,0.07409067,0.13305742,0.06630928,0.06573021,0.12100768,0.03025192
11935,0.077733494,0.07405218,0.08141482,0.0075027305,0.15903492,0.1415679,0.035391975
11936,0.06316598,0.0675813,0.058750648,0.012123742,0.15564375,0.11312672,0.02828168
11937,0.07626912,0.06764164,0.084896594,0.028266309,0.03333735,0.025073895,0.006268474
11938,0.089157455,0.061462346,0.11685255,0.044291854,0.03334232,0.07048076,0.01762019
11939,0.04916953,0.056794375,0.041544687,0.02010871,0.2857943,0.22000353,0.055000883
11940,0.11842704,0.06297187,0.1738822,0.13236918,1.902754,1.6148481,0.40371203
11941,0.17180544,0.06647221,0.27713868,0.14696337,1.069662,0.8547597,0.21368992
11942,0.20833714,0.07124207,0.3454322,0.19488867,1.3163813,0.976314,0.2440785
11943,0.060421605,0.075620286,0.045222927,0.032139074,0.21384405,0.17700355,0.044250887
11944,0.103532344,0.07364011,0.13342458,0.063506626,0.032587588,0.09563307,0.023908267
11945,0.13230352,0.07722431,0.18738274,0.054109912,0.06140868,0.14905974,0.037264936
11946,0.09811575,0.08106699,0.11516452,0.012977161,0.2457664,0.28121027,0.07030257
11947,0.11267617,0.087166905,0.13818544,0.11936376,0.64693755,0.5629347,0.14073367
11948,0.14797007,0.09525385,0.20068629,0.07844667,0.73674923,0.6186206,0.15465514
11949,0.12322552,0.10077149,0.14567955,0.1526198,1.5950518,1.3134102,0.32835254
11950,0.08462811,0.10212175,0.067134485,0.022900619,0.309957,0.24558909,0.061397273
11951,0.15971644,0.11203947,0.20739341,0.21469963,1.0647374,0.7935454,0.19838636
11952,0.13037169,0.11837373,0.14236964,0.04106589,0.014624883,0.0541551,0.013538775
11953,0.13406242,0.124031425,0.14409344,0.020919234,0.008909288,0.02222798,0.005556995
11954,0.15677746,0.12837768,0.18517725,0.018361203,0.5029512,0.53924346,0.13481086
11955,0.1286466,0.13118936,0.12610383,0.08552096,0.580564,0.50766426,0.12691607
11956,0.14773887,0.13666801,0.15880974,0.01041229,0.5959547,0.58597654,0.14649414
11957,0.1731884,0.13596116,0.21041568,0.06957733,1.3114382,1.093094,0.2732735
11958,0.18636127,0.1398667,0.23285584,0.09657814,1.7329773,1.5022417,0.37556043
11959,0.18094271,0.1493479,0.21253753,0.062218893,0.98132247,0.8091688,0.2022922
11960,0.21807206,0.14747168,0.28867242,0.111766756,0.9303179,0.7459199,0.18647997
11961,0.11651522,0.15391828,0.079112165,0.037927765,0.47827187,0.40900388,0.10225097
11962,0.11950621,0.15205021,0.0869622,0.021001423,0.2039804,0.13949268,0.03487317
11963,0.16949481,0.14974682,0.1892428,0.17324133,1.7300259,1.4079119,0.35197797
11964,0.1872126,0.14815378,0.22627144,0.074625134,0.0621454,0.15295036,0.03823759
11965,0.18119527,0.16059889,0.20179169,0.0144217415,0.6236841,0.562748,0.140687
11966,0.1923191,0.18130803,0.20333016,0.011493101,0.4744608,0.42921433,0.10730358
11967,0.27425507,0.20500539,0.3435048,0.07796787,1.0393547,0.94940156,0.23735039
11968,0.25773057,0.2197978,0.2956633,0.06035288,1.2152778,1.2833806,0.32084516
11969,0.2335028,0.22356135,0.24344426,0.1295986,1.6471635,1.5178471,0.37946177
11970,0.23209786,0.22149289,0.24270286,0.099421345,1.1800168,0.90623784,0.22655946
11971,0.22336924,0.20539296,0.24134552,0.07655842,0.07446403,0.13954204,0.03488551
11972,0.16581547,0.1883279,0.14330307,0.022746446,0.36293662,0.26780084,0.06695021
11973,0.15682451,0.17178018,0.14186884,0.019650245,0.40209785,0.3198975,0.079974376
11974,0.14457501,0.16578406,0.12336597,0.016650924,0.39561594,0.3045129,0.07612822
11975,0.16480859,0.1641987,0.16541849,0.008288862,0.19395423,0.18260019,0.045650046
11976,0.15658794,0.16656055,0.14661534,0.009758658,0.40068874,0.35872343,0.08968086
11977,0.25147355,0.17833269,0.3246144,0.20793559,1.2848599,1.0275472,0.2568868
11978,0.21926828,0.18736362,0.25117293,0.24900694,1.4786487,1.5992922,0.39982304
11979,0.26839575,0.202868,0.3339235,0.06282437,0.069073364,0.10369804,0.02592451
11980,0.232349,0.21468662,0.25001135,0.030863991,0.31194225,0.31142533,0.07785633
11981,0.3711854,0.2247262,0.5176445,0.20150888,1.2814409,1.5552651,0.38881627
11982,0.24383317,0.2148053,0.27286103,0.08907304,1.1445345,1.1646733,0.29116833
11983,0.19983518,0.22087784,0.17879252,0.021016924,0.41853508,0.45012116,0.11253029
11984,0.2605326,0.23026681,0.29079834,0.035681814,0.035204686,0.035320032,0.008830008
11985,0.22333117,0.2371592,0.20950313,0.025639221,0.33549654,0.22577329,0.056443322
11986,0.28353465,0.2472198,0.3198495,0.06495498,0.057121456,0.13701451,0.034253627
11987,0.23928559,0.22313221,0.25543895,0.05434337,0.060592785,0.08921457,0.022303643
11988,0.2046824,0.1995942,0.2097706,0.029173555,0.21651852,0.13679914,0.034199785
11989,0.22052927,0.18867694,0.2523816,0.012369697,0.43091813,0.3647689,0.09119222
11990,0.17170186,0.17074744,0.17265631,0.053516284,1.0850545,0.9608976,0.2402244
11991,0.14903414,0.15614524,0.14192304,0.07354122,1.5828856,1.3875189,0.34687972
11992,0.14392065,0.15165202,0.13618928,0.06760574,0.85534877,0.8289609,0.20724022
11993,0.17519017,0.15375982,0.19662054,0.0130458595,0.37891635,0.3278799,0.08196998
11994,0.1952281,0.17850089,0.21195531,0.018990912,0.25598451,0.19748014,0.049370036
11995,0.22644837,0.19874854,0.2541482,0.030110544,0.030454071,0.041836347,0.010459087
11996,0.22476055,0.23231876,0.21720235,0.07685853,1.3515224,1.1582192,0.2895548
11997,0.22203803,0.2479312,0.19614486,0.06209081,0.040325396,0.11494389,0.028735973
11998,0.21247552,0.24568824,0.1792628,0.051655944,0.042631645,0.032744516,0.008186129
11999,0.24261655,0.24272482,0.24250829,0.021008864,0.37665877,0.2905459,0.07263648
12000,0.24203639,0.2267282,0.25734457,0.07118256,0.08069182,0.15596198,0.038990494
12001,0.31166404,0.21545804,0.40787005,0.07129563,0.46273795,0.43099427,0.10774857
12002,0.24936205,0.21378632,0.28493777,0.024840524,0.18781042,0.14087509,0.03521877
12003,0.16530508,0.20973432,0.120875835,0.033206057,0.2897475,0.33003405,0.08250851
12004,0.27953032,0.199278,0.35978267,0.14462793,1.4615539,1.4294376,0.3573594
12005,0.27052763,0.192715,0.34834024,0.03457359,0.52652496,0.370888,0.092722
12006,0.20871128,0.18109755,0.23632503,0.023845047,0.5624859,0.51182854,0.12795714
12007,0.19604427,0.18771963,0.2043689,0.007501593,0.3148675,0.26411203,0.06602801
12008,0.22944163,0.19406672,0.26481652,0.06993641,0.041753214,0.09861016,0.02465254
12009,0.21371202,0.20982616,0.21759786,0.045648996,0.46897402,0.48329008,0.12082252
12010,0.31228614,0.22148983,0.40308246,0.07406858,0.77629274,0.66667384,0.16666846
12011,0.24412026,0.22586031,0.2623802,0.043799922,0.8530216,0.8151195,0.20377988
12012,0.34652916,0.22206067,0.4709977,0.10614594,0.07002675,0.2419949,0.060498726
12013,0.24634188,0.22329056,0.2693932,0.027094489,0.3712133,0.24468738,0.061171845
12014,0.21585369,0.22670114,0.20500626,0.10295049,1.5792841,1.1797724,0.2949431
12015,0.38519803,0.2472413,0.5231548,0.116610445,1.2767347,1.2162247,0.30405617
12016,0.2565729,0.25367582,0.25947,0.080636404,1.6099516,1.3308531,0.33271328
12017,0.26336518,0.27334806,0.25338235,0.10255766,0.037658744,0.16448839,0.041122098
12018,0.37191296,0.27564695,0.4681789,0.12501474,1.4624829,1.407651,0.35191274
12019,0.3122398,0.25351307,0.37096652,0.030263014,0.258828,0.23148692,0.05787173
12020,0.2826942,0.24471068,0.32067767,0.024762193,0.020956308,0.024009945,0.006002486
12021,0.2846314,0.24184008,0.32742274,0.034398254,0.033469677,0.07246543,0.018116357
12022,0.22267671,0.23671348,0.20863993,0.031567052,0.024766365,0.034635603,0.008658901
12023,0.18473357,0.20728755,0.16217957,0.072944194,1.3046718,1.4709641,0.36774102
12024,0.12911545,0.1599711,0.098259784,0.13996026,1.2919217,1.1068898,0.27672246
12025,0.19763236,0.13442041,0.26084432,0.11673895,1.1554569,0.98307866,0.24576966
12026,0.16965549,0.124216996,0.21509397,0.042651266,0.03971382,0.05110708,0.01277677
12027,0.09930745,0.11303248,0.08558241,0.06270038,1.1569535,0.9328602,0.23321505
12028,0.115572244,0.10017276,0.13097173,0.01698797,0.19518463,0.1383564,0.0345891
12029,0.089719675,0.08377474,0.09566462,0.016935254,0.6270396,0.5244967,0.13112417
12030,0.08305252,0.07849739,0.08760765,0.043155774,0.64306253,0.51683515,0.12920879
12031,0.08439225,0.08343301,0.08535149,0.01476122,0.36876893,0.26836666,0.067091666
12032,0.104855336,0.09440503,0.115305655,0.070901476,1.5823904,1.5189165,0.37972912
12033,0.13511896,0.10303179,0.16720612,0.03503805,0.049795825,0.088876955,0.022219239
12034,0.09012782,0.103140265,0.07711537,0.013458735,0.4489523,0.4840993,0.121024825
12035,0.08409361,0.092265934,0.07592129,0.013598685,0.18756585,0.183134,0.0457835
12036,0.0794043,0.08765895,0.071149655,0.040064126,0.0416946,0.03050383,0.0076259575
12037,0.12510748,0.09110985,0.1591051,0.08506945,0.9704488,0.76467174,0.19116794
12038,0.13744305,0.0926711,0.18221502,0.093883075,0.078007735,0.17957716,0.04489429
12039,0.0681521,0.08055592,0.05574828,0.028813511,0.4088631,0.50273436,0.12568359
12040,0.07587122,0.06241418,0.08932827,0.03774522,0.035888087,0.10445363,0.026113408
12041,0.05476447,0.047362324,0.062166613,0.03529695,0.029929439,0.036038656,0.009009664
12042,0.07729198,0.039197844,0.11538612,0.12054673,2.1049209,1.648016,0.412004
12043,0.17389727,0.039672196,0.30812237,0.24618737,1.3904972,0.9426077,0.23565193
12044,0.042087764,0.04255004,0.041625492,0.02125595,0.36590838,0.3716507,0.092912674
12045,0.08294294,0.0479355,0.11795038,0.054043442,0.6029103,0.690727,0.17268175
12046,0.053337082,0.055537403,0.051136762,0.021430433,0.20756428,0.10648513,0.026621282
12047,0.07125013,0.060819823,0.08168044,0.012762998,0.47216105,0.36602798,0.091506995
12048,0.056804556,0.06355491,0.050054207,0.028070891,0.3020688,0.16445081,0.041112702
12049,0.068504326,0.066786975,0.07022168,0.062292844,0.65133196,0.47047067,0.11761767
12050,0.1224151,0.07031173,0.17451847,0.09110808,0.6177471,0.5034916,0.1258729
12051,0.11179618,0.064080946,0.1595114,0.085378386,0.10231092,0.19997728,0.04999432
12052,0.08887291,0.05360039,0.124145426,0.06271673,0.7002022,0.52451396,0.13112849
12053,0.11062554,0.045177907,0.1760732,0.081275776,1.5506115,1.5467148,0.3866787
12054,0.047621015,0.04419597,0.051046062,0.017414093,0.49336734,0.500151,0.12503774
12055,0.053737294,0.05550477,0.051969815,0.009284499,0.21224199,0.19789672,0.04947418
12056,0.070489235,0.07006066,0.07091781,0.09366849,0.083625846,0.10548213,0.026370533
12057,0.087656535,0.08210227,0.093210794,0.047376454,0.5082577,0.3212305,0.080307625
12058,0.08712367,0.08620755,0.08803981,0.043899763,0.026477655,0.074656345,0.018664086
12059,0.105986506,0.07527828,0.13669473,0.038402606,0.050186593,0.048344184,0.012086046
12060,0.16020964,0.057000484,0.2634188,0.21640126,1.3350824,1.0839972,0.2709993
12061,0.055250198,0.05498978,0.05551061,0.004724776,0.20586687,0.17930584,0.04482646
12062,0.086848564,0.05668064,0.117016494,0.11862245,0.08914852,0.18003355,0.045008387
12063,0.06519951,0.054795265,0.07560375,0.017672172,0.34794033,0.26373518,0.065933794
12064,0.056147426,0.04865578,0.06363908,0.045233082,0.03820927,0.063277684,0.015819421
12065,0.05286475,0.042039882,0.06368962,0.068937935,0.03798017,0.087810285,0.021952571
12066,0.05769828,0.03958833,0.07580823,0.04571536,0.54575115,0.31058267,0.07764567
12067,0.05005613,0.038823534,0.061288726,0.025458299,0.55892444,0.3601546,0.09003865
12068,0.05968101,0.03801853,0.081343494,0.035167146,0.030903617,0.08631552,0.02157888
12069,0.08109335,0.040800337,0.12138637,0.07813361,1.1396831,0.892519,0.22312975
12070,0.0480465,0.045928538,0.050164465,0.0129803,0.25481078,0.24279831,0.06069958
12071,0.07026891,0.05386256,0.08667526,0.015377127,0.46704456,0.37790117,0.09447529
12072,0.06674197,0.062433835,0.071050115,0.07522287,0.928714,0.7285838,0.18214595
12073,0.0698483,0.07017292,0.069523685,0.0092296535,0.24332823,0.1821744,0.0455436
12074,0.08826945,0.070841976,0.10569694,0.034941997,0.03215562,0.026040347,0.006510087
12075,0.07338553,0.070904694,0.07586637,0.004147977,0.18588667,0.17069457,0.042673644
12076,0.08676263,0.073141545,0.10038372,0.057210643,0.6007885,0.6793452,0.1698363
12077,0.09594485,0.07824339,0.11364632,0.04205541,0.032113302,0.0510482,0.01276205
12078,0.15028186,0.08612686,0.21443689,0.1329558,1.0378119,0.8945505,0.22363763
12079,0.08645002,0.09433391,0.07856614,0.023337299,0.43937382,0.2965341,0.07413352
12080,0.13400532,0.10238115,0.1656295,0.040169526,0.023239486,0.039757874,0.0099394685
12081,0.11906936,0.11283187,0.12530684,0.014838238,0.16641976,0.17095183,0.042737957
12082,0.12055564,0.119812705,0.121298574,0.040223826,0.64293426,0.51809496,0.12952374
12083,0.14770736,0.13275242,0.1626623,0.043403793,0.02914425,0.07638293,0.019095732
12084,0.18606848,0.15568614,0.21645081,0.07181629,0.04587375,0.05579081,0.013947703
12085,0.1493361,0.14488812,0.1537841,0.06475392,0.655742,0.5974669,0.14936672
12086,0.11972031,0.124217115,0.115223505,0.01007199,0.16849296,0.20259888,0.05064972
12087,0.1069594,0.11220437,0.10171443,0.02899641,0.032835376,0.04310155,0.010775387
12088,0.11057053,0.10685631,0.114284754,0.0071253083,0.2535894,0.22365533,0.055913832
12089,0.10916314,0.1068364,0.11148989,0.0066761426,0.31029162,0.29913768,0.07478442
12090,0.11462534,0.1073365,0.121914186,0.011031557,0.32073283,0.29276803,0.07319201
12091,0.11620215,0.1052514,0.12715292,0.013895554,0.39272776,0.34293762,0.085734405
12092,0.097198665,0.105474584,0.08892274,0.008674615,0.20819642,0.14298116,0.03574529
12093,0.096661806,0.10756749,0.085756116,0.01075938,0.35519972,0.27659807,0.06914952
12094,0.11678926,0.10533545,0.12824307,0.043076564,0.03455462,0.021480203,0.0053700507
12095,0.13849305,0.1023992,0.17458689,0.06721068,0.041718435,0.036914337,0.009228584
12096,0.113580845,0.09933099,0.12783068,0.009750647,0.25942475,0.2002946,0.05007365
12097,0.14226417,0.089793324,0.19473504,0.11023494,0.05629189,0.18563561,0.046408903
12098,0.13896208,0.07972312,0.19820102,0.054520536,0.60263306,0.6099668,0.1524917
12099,0.09436979,0.07028381,0.11845576,0.12449514,1.0066086,0.93892914,0.23473229
12100,0.067133985,0.061457053,0.072810926,0.0066922265,0.4138714,0.38539276,0.09634819
12101,0.16395406,0.05632298,0.27158514,0.14164285,0.9361269,0.7793529,0.19483823
12102,0.07610223,0.0556124,0.09659205,0.039752964,0.038940668,0.045745593,0.011436398
12103,0.08471942,0.058297623,0.11114121,0.11971877,1.3099369,1.2797273,0.31993183
12104,0.21017699,0.060138386,0.36021557,0.17932005,1.0767958,0.9666349,0.24165873
12105,0.07663921,0.06574108,0.08753735,0.101038665,1.0847555,1.0368966,0.25922415
12106,0.10013948,0.0721645,0.12811446,0.03317771,0.01707252,0.043072496,0.010768124
12107,0.08059385,0.08154471,0.07964298,0.009970148,0.23328464,0.17412996,0.04353249
12108,0.20707355,0.092564434,0.32158265,0.12509532,1.2795324,1.3786144,0.3446536
12109,0.12838866,0.11105788,0.14571945,0.010424398,0.5434963,0.52251,0.1306275
12110,0.116915606,0.12340387,0.11042735,0.03473516,0.011458556,0.0487036,0.0121759
12111,0.13144833,0.121885695,0.14101097,0.0061777215,0.18439014,0.16556413,0.041391034
12112,0.11000595,0.12019748,0.09981444,0.032565013,0.5339904,0.3981967,0.099549174
12113,0.10783494,0.11289903,0.102770865,0.041512445,0.5949777,0.42910734,0.107276835
12114,0.11165138,0.11296592,0.11033684,0.039125565,0.41144744,0.2356302,0.05890755
12115,0.23539002,0.10990427,0.36087582,0.121233165,1.2138077,0.82209796,0.20552449
12116,0.13812065,0.101519346,0.17472196,0.027260484,0.73381567,0.49368456,0.12342114
12117,0.09718215,0.10076741,0.093596876,0.019561116,0.41423944,0.2795191,0.06987978
12118,0.09280152,0.10487432,0.08072872,0.057952646,0.7442308,0.508696,0.127174
12119,0.15161459,0.112584375,0.1906448,0.057107683,0.0349253,0.07936217,0.019840542
12120,0.13950735,0.1200976,0.15891711,0.013937634,0.46800676,0.34514606,0.086286515
12121,0.10913988,0.12398139,0.094298385,0.011922772,0.3901097,0.28042385,0.07010596
12122,0.12879743,0.12373364,0.13386123,0.039363384,0.015806198,0.05017625,0.012544063
12123,0.11737045,0.121651806,0.113089085,0.042671442,0.045625646,0.035307743,0.008826936
12124,0.10778312,0.1223074,0.093258835,0.018005358,0.2695097,0.16175194,0.040437985
12125,0.1583331,0.12936085,0.18730533,0.09007895,0.97182155,0.8076231,0.20190577
12126,0.12341874,0.14188896,0.10494852,0.021537425,0.3567051,0.22617549,0.05654387
12127,0.13483171,0.15302454,0.11663889,0.051930133,0.025552273,0.10094061,0.025235152
12128,0.13597178,0.16189323,0.11005034,0.06189109,0.5585138,0.39354149,0.09838537
12129,0.15378727,0.17388828,0.13368624,0.022229796,0.2617993,0.15768279,0.039420698
12130,0.17938673,0.16109204,0.19768144,0.008161831,0.17854945,0.1362595,0.034064874
12131,0.19831128,0.13517569,0.26144692,0.072261326,1.0056287,0.9645117,0.24112792
12132,0.13805932,0.110117905,0.16600072,0.10258254,0.7636549,0.71476585,0.17869146
12133,0.094873615,0.09444947,0.09529776,0.04295088,0.021871885,0.05908085,0.014770213
12134,0.1433148,0.08520728,0.20142229,0.09013011,0.03393389,0.16056156,0.04014039
12135,0.090462565,0.08979989,0.09112523,0.00547564,0.12966843,0.1129649,0.028241225
12136,0.10797734,0.10228789,0.113666795,0.0058395937,0.48103714,0.5330543,0.13326357
12137,0.11275065,0.10761396,0.11788734,0.051357817,0.02408274,0.055812825,0.013953206
12138,0.15666358,0.10962409,0.20370309,0.03326982,0.4965811,0.3136666,0.07841665
12139,0.17081724,0.11280816,0.2288263,0.050553013,0.54781467,0.329868,0.082467
12140,0.19266301,0.11191183,0.2734142,0.07996735,0.81036645,0.7048839,0.17622097
12141,0.12478336,0.1104934,0.13907331,0.06241044,0.047072332,0.1144175,0.028604375
12142,0.17413457,0.11189738,0.23637177,0.065095015,1.2367157,1.0692811,0.26732028
12143,0.120934784,0.11185666,0.13001291,0.007296257,0.59176904,0.51522,0.128805
12144,0.11509117,0.10553199,0.12465034,0.005301544,0.20787628,0.2537032,0.0634258
12145,0.1123751,0.09583918,0.12891102,0.014232476,0.38511607,0.28676793,0.07169198
12146,0.09265437,0.08507931,0.10022942,0.0050669187,0.3195299,0.36451745,0.09112936
12147,0.15899386,0.083772056,0.23421568,0.1147941,0.62255687,0.4938021,0.123450525
12148,0.10625043,0.08326314,0.12923773,0.016189147,0.25925848,0.24154282,0.060385704
12149,0.08537477,0.087435625,0.083313935,0.025129959,0.017065048,0.03501661,0.008754153
12150,0.10723909,0.0914433,0.12303487,0.08485767,0.05523789,0.18124391,0.045310978
12151,0.11450767,0.09433716,0.13467817,0.010402531,0.35936496,0.30980286,0.077450715
12152,0.16171421,0.1020749,0.22135353,0.115430206,1.1480403,1.0377625,0.25944063
12153,0.105075836,0.10648769,0.10366399,0.03554873,0.022936046,0.062857024,0.015714256
12154,0.118704826,0.104593836,0.13281582,0.04217368,0.039094616,0.07048327,0.017620817
12155,0.10714418,0.09965739,0.11463096,0.009143127,0.15874405,0.17651571,0.04412893
12156,0.1022984,0.10097864,0.10361815,0.03056348,0.031017562,0.05658443,0.014146107
12157,0.1106,0.10775509,0.113444924,0.0040782453,0.20772056,0.22683907,0.056709766
12158,0.21197748,0.10451782,0.31943712,0.13247195,1.3757935,1.5015262,0.37538156
12159,0.1508261,0.107877105,0.1937751,0.079693735,0.8673244,0.74161386,0.18540347
12160,0.10496446,0.11074092,0.099188,0.027698621,0.020815441,0.028901985,0.007225496
12161,0.13686146,0.10099104,0.17273188,0.037129227,0.026864192,0.067512296,0.016878074
12162,0.1015062,0.09578955,0.107222855,0.040220555,0.034295462,0.021392023,0.005348006
12163,0.17747219,0.10349748,0.25144693,0.06543411,0.7000125,0.4720193,0.11800483
12164,0.20011634,0.1097405,0.29049218,0.076851316,1.3609105,1.021901,0.25547525
12165,0.12384208,0.12100292,0.12668122,0.08909317,0.88141793,0.6714913,0.16787283
12166,0.13048157,0.12680237,0.13416077,0.15639965,1.0602587,0.6660913,0.16652283
12167,0.12790535,0.13904782,0.1167629,0.008547812,0.3217605,0.25291988,0.06322997
12168,0.1795649,0.15748207,0.20164771,0.068709016,0.031710107,0.105754696,0.026438674
12169,0.14414503,0.16626903,0.12202102,0.025762716,0.03313577,0.02167534,0.005418835
12170,0.21865086,0.15504597,0.28225574,0.062043007,1.1504258,1.0532019,0.26330048
12171,0.21448095,0.13996194,0.289,0.065232545,1.1375347,0.9843591,0.24608977
12172,0.2206526,0.1406397,0.3006655,0.10326868,1.1371096,1.3595419,0.33988547
12173,0.15552591,0.15937518,0.15167665,0.003045138,0.38800487,0.36688295,0.09172074
12174,0.18566823,0.17676598,0.1945705,0.004203777,0.58248544,0.6039529,0.15098822
12175,0.23022312,0.18191671,0.27852952,0.057855338,0.7802728,0.9280138,0.23200345
12176,0.18819363,0.19193809,0.18444918,0.0054844846,0.40201834,0.40671873,0.10167968
12177,0.19917494,0.21374695,0.18460293,0.09486705,0.07637177,0.09794817,0.024487043
12178,0.22556634,0.21782126,0.23331146,0.036491856,0.4828888,0.52125424,0.13031356
12179,0.2680423,0.19557,0.34051457,0.09222018,1.0025989,1.0390216,0.2597554
12180,0.1525373,0.16332722,0.1417474,0.046854775,0.04956164,0.06057617,0.015144043
12181,0.19412835,0.13853198,0.24972473,0.03802177,0.4867691,0.39359328,0.09839832
12182,0.108833455,0.11107931,0.10658759,0.0143514685,0.4150032,0.39783618,0.099459045
12183,0.07794603,0.09813843,0.05775362,0.04072952,0.43833217,0.35267815,0.08816954
12184,0.121816374,0.09440432,0.14922844,0.04552093,0.8210303,0.9110584,0.2277646
12185,0.106691025,0.08874931,0.12463272,0.071896635,0.97318906,1.1719085,0.29297712
12186,0.10590097,0.08499422,0.12680773,0.057907294,0.03366685,0.112847984,0.028211996
12187,0.08321523,0.0810259,0.08540457,0.010929515,0.5085936,0.46242556,0.11560639
12188,0.08614266,0.07684537,0.09543995,0.08235001,0.64151835,0.5277503,0.13193758
12189,0.056613576,0.07344001,0.03978714,0.020975,0.36429253,0.27897465,0.06974366
12190,0.09025457,0.07528127,0.105227865,0.037581176,0.030043246,0.06197223,0.015493058
12191,0.07242847,0.07760086,0.06725608,0.023795744,0.028430104,0.023829198,0.0059572994
12192,0.07833567,0.082722835,0.07394851,0.06969708,0.020426244,0.11377466,0.028443664
12193,0.13850515,0.08711997,0.18989033,0.07269675,0.9113019,1.0609194,0.26522985
12194,0.10629777,0.08722784,0.1253677,0.030191572,0.62895197,0.5993499,0.14983748
12195,0.1253262,0.078751355,0.17190103,0.07909235,0.03922674,0.12836663,0.03209166
12196,0.080703735,0.07283426,0.08857322,0.0044214656,0.18215375,0.15194295,0.03798574
12197,0.15141977,0.07592098,0.22691856,0.081420876,0.055663038,0.07942421,0.019856052
12198,0.1830372,0.08346268,0.28261176,0.13459182,0.6713484,0.99054354,0.24763589
12199,0.11458218,0.08134938,0.14781497,0.042406637,0.7053334,0.71400326,0.17850082
12200,0.08712947,0.077491306,0.09676766,0.005898236,0.22227879,0.2334882,0.05837205
12201,0.10043975,0.075321786,0.1255577,0.06551444,0.6220966,0.7689605,0.19224012
12202,0.08384111,0.057750773,0.10993145,0.022277214,0.47810993,0.37735906,0.094339766
12203,0.062288642,0.03995354,0.08462375,0.038803533,0.024647063,0.042241435,0.010560359
12204,0.04125354,0.03496638,0.0475407,0.008807864,0.50833714,0.4417607,0.11044017
12205,0.08598623,0.035558317,0.13641414,0.12505114,0.88661987,1.0183109,0.25457773
12206,0.08912317,0.04179145,0.1364549,0.07659903,0.040827762,0.11283404,0.02820851
12207,0.089113645,0.050435703,0.12779158,0.079409085,0.8310924,0.8999446,0.22498615
12208,0.101301454,0.059909403,0.14269349,0.116022706,0.6233488,0.71347094,0.17836773
12209,0.07386575,0.063362665,0.08436883,0.033155717,0.017197391,0.043087155,0.010771789
12210,0.05344975,0.056587677,0.050311822,0.013398696,0.29108277,0.2451806,0.06129515
12211,0.07677292,0.051234156,0.10231169,0.047200624,0.57482964,0.49372876,0.12343219
12212,0.059077334,0.043914948,0.07423971,0.012454982,0.3594122,0.43547675,0.10886919
12213,0.08153945,0.03932689,0.12375202,0.058209892,0.055218592,0.09400511,0.023501277
12214,0.049471002,0.036038578,0.06290343,0.032919336,0.024748543,0.038515884,0.009628971
12215,0.08150287,0.03723398,0.12577176,0.07757856,0.05699196,0.15602423,0.039006058
12216,0.041098576,0.04208526,0.040111896,0.0048163556,0.3389887,0.3275161,0.08187903
12217,0.08281827,0.048181552,0.11745498,0.07861224,1.4804745,1.555006,0.3887515
12218,0.050915774,0.048927117,0.052904427,0.003091989,0.19690324,0.18170996,0.04542749
12219,0.06773913,0.046379115,0.08909914,0.05739517,0.64250565,0.66798544,0.16699636
12220,0.06084192,0.044668537,0.07701531,0.049978916,0.028163644,0.10548756,0.02637189
12221,0.09037518,0.04416469,0.13658565,0.12257251,0.7892956,0.71133375,0.17783344
12222,0.0679364,0.044956785,0.09091601,0.073397,0.049304802,0.16594042,0.041485105
12223,0.063060574,0.044596765,0.08152438,0.03763339,0.6242303,0.5918151,0.14795378
12224,0.06476738,0.044306114,0.08522865,0.031397652,0.53420854,0.5523883,0.13809708
12225,0.06330433,0.042088795,0.08451986,0.037995752,0.023082385,0.08072462,0.020181155
12226,0.07035108,0.03643518,0.10426698,0.08106906,0.7125525,0.88425803,0.22106451
12227,0.037209075,0.035866693,0.038551454,0.017928006,0.23381317,0.2354374,0.05885935
12228,0.049299974,0.040530737,0.058069218,0.010388262,0.35532412,0.35227168,0.08806792
12229,0.09850615,0.050034452,0.14697786,0.079354234,0.7334345,0.8039749,0.20099373
12230,0.10117471,0.06534314,0.13700628,0.06740633,0.048849728,0.13492899,0.033732247
12231,0.1066162,0.07907056,0.13416184,0.06582019,0.037927587,0.10249261,0.025623152
12232,0.07659792,0.07911367,0.07408217,0.01811933,0.26305386,0.24732055,0.061830137
12233,0.11730445,0.0798374,0.15477152,0.06432697,0.5732454,0.43761313,0.10940328
12234,0.12474451,0.0833529,0.16613613,0.07643633,0.60260445,0.42165175,0.10541294
12235,0.07933225,0.08125383,0.07741067,0.049011324,0.45015907,0.2428327,0.060708176
12236,0.07413722,0.0805046,0.067769825,0.044284668,0.35140252,0.17511053,0.043777633
12237,0.097503126,0.08254683,0.11245943,0.057887036,0.04555593,0.11969847,0.029924618
12238,0.1599135,0.08991485,0.22991216,0.08254702,0.70466423,0.62597924,0.15649481
12239,0.11094743,0.09416193,0.12773295,0.08688384,1.0300087,1.0923821,0.27309552
12240,0.103754096,0.093925774,0.11358241,0.04206009,0.039814383,0.054860443,0.013715111
12241,0.101804614,0.09471715,0.10889206,0.052771807,0.032496944,0.091723,0.02293075
12242,0.086085826,0.09293223,0.07923942,0.0048688413,0.35218373,0.31564823,0.07891206
12243,0.10445544,0.084486224,0.12442466,0.06757187,0.03057783,0.12990882,0.032477204
12244,0.07539479,0.073512025,0.077277556,0.013633045,0.4891622,0.4385624,0.1096406
12245,0.111594796,0.06748184,0.15570775,0.063081846,0.04303919,0.09980727,0.024951817
12246,0.089183636,0.063019626,0.11534765,0.03163496,0.49209628,0.47964442,0.119911104
12247,0.08735571,0.061487734,0.113223694,0.07437708,0.489758,0.35165796,0.08791449
12248,0.08432684,0.058766305,0.109887384,0.028607445,0.029661305,0.04701583,0.011753958
12249,0.07510622,0.055679154,0.09453329,0.056669656,0.031396285,0.092682846,0.023170711
12250,0.14856188,0.055383433,0.2417403,0.1288064,1.0235045,1.2944859,0.32362148
12251,0.08641248,0.054813642,0.11801132,0.04646213,0.046227966,0.051619243,0.012904811
12252,0.08624678,0.05370989,0.118783675,0.039182667,0.6212843,0.5789275,0.14473188
12253,0.049430627,0.055972606,0.042888656,0.006862817,0.25208893,0.23346587,0.058366466
12254,0.099768735,0.06393755,0.13559993,0.05047827,0.85838675,0.7601219,0.19003047
12255,0.091187775,0.0651094,0.11726614,0.042852774,0.027626803,0.07782131,0.019455327
12256,0.08831251,0.065197654,0.11142737,0.047762644,0.81924504,0.8686338,0.21715845
12257,0.08657667,0.067598745,0.1055546,0.029103374,0.33479464,0.2504594,0.06261485
12258,0.13651443,0.072441556,0.20058729,0.07618139,0.07993441,0.20745385,0.05186346
12259,0.099268556,0.07210958,0.12642752,0.06973579,0.058558002,0.13607037,0.034017593
12260,0.05989051,0.06944549,0.050335523,0.026446842,0.52550924,0.37714216,0.09428554
12261,0.08846935,0.060073692,0.116865,0.026626104,0.5371613,0.5330126,0.13325316
12262,0.052139256,0.057643164,0.04663535,0.010034825,0.16296566,0.20559664,0.05139916
12263,0.05626902,0.059646156,0.05289189,0.005357761,0.22113945,0.24304493,0.060761232
12264,0.061840784,0.058989584,0.06469198,0.005096783,0.506616,0.48631772,0.12157943
12265,0.06622396,0.0615062,0.070941724,0.004890855,0.38510132,0.35937116,0.08984279
12266,0.13151978,0.060306806,0.20273276,0.08349516,0.021137783,0.12599249,0.031498123
12267,0.06491715,0.062168937,0.06766535,0.042266678,0.40942398,0.3459936,0.0864984
12268,0.08171684,0.059485298,0.10394839,0.016270118,0.5244673,0.4125733,0.10314333
12269,0.069286086,0.052820627,0.085751556,0.054584444,0.9613243,1.01409,0.2535225
12270,0.07692953,0.04848582,0.10537324,0.033846956,0.021136863,0.023125708,0.005781427
12271,0.055069778,0.05040018,0.05973938,0.0053425427,0.38175806,0.33690497,0.08422624
12272,0.07641248,0.062108237,0.09071672,0.025271246,0.4890245,0.47852537,0.11963134
12273,0.11036462,0.07723471,0.14349455,0.092192955,0.06405427,0.11862737,0.029656842
12274,0.10715177,0.08645699,0.12784655,0.011519548,0.5875702,0.5273551,0.13183877
12275,0.18970762,0.08387989,0.29553536,0.101809956,0.07582041,0.09505001,0.023762502
12276,0.09605322,0.07192269,0.12018374,0.056631286,0.8084421,0.80902463,0.20225616
12277,0.06647531,0.06561349,0.067337126,0.047498286,0.031374305,0.06364069,0.015910173
12278,0.09770178,0.069448546,0.125955,0.041010674,0.45854306,0.3842318,0.09605795
12279,0.12800428,0.071760714,0.18424785,0.09460372,0.05695148,0.19991684,0.04997921
12280,0.13619216,0.07408448,0.19829984,0.18147214,1.2200783,1.5047803,0.37619507
12281,0.08160563,0.075937025,0.08727423,0.0065802447,0.23355643,0.20715898,0.051789746
12282,0.15037416,0.087147914,0.2136004,0.05736314,0.059191238,0.08166627,0.020416567
12283,0.088334315,0.09027367,0.08639496,0.00783465,0.16111664,0.16844499,0.042111248
12284,0.09616199,0.10433241,0.08799157,0.008055311,0.25582817,0.3047944,0.0761986
12285,0.13258754,0.095907666,0.16926742,0.030588463,0.02265656,0.058052216,0.014513054
12286,0.086034745,0.08572934,0.08634015,0.007334026,0.2387007,0.27937976,0.06984494
12287,0.09718924,0.080798514,0.113579966,0.0557145,0.4399158,0.52864605,0.13216151
12288,0.08886077,0.082090415,0.09563112,0.004778658,0.2500121,0.24785553,0.061963882
12289,0.110242814,0.09819307,0.122292556,0.049639612,0.027310988,0.045154195,0.011288549
12290,0.16100703,0.11104423,0.21096985,0.14951822,1.3991331,1.5568749,0.38921872
12291,0.11574107,0.11577618,0.115705945,0.03441974,0.7753699,0.67911166,0.16977791
12292,0.14160706,0.10854596,0.17466818,0.019452997,0.46593606,0.48591253,0.12147813
12293,0.079479404,0.092789076,0.06616973,0.0072701746,0.28802457,0.3063495,0.07658737
12294,0.122340105,0.09484812,0.1498321,0.044670835,1.1590518,1.1666894,0.29167235
12295,0.11632633,0.09974012,0.13291255,0.010481651,0.26883537,0.20833372,0.05208343
12296,0.12633799,0.10597318,0.14670281,0.037554957,0.043570515,0.066387914,0.016596979
12297,0.20208,0.117771894,0.2863881,0.10973549,0.05191934,0.19580086,0.048950214
12298,0.10250387,0.12420783,0.08079993,0.01590502,0.16403018,0.17065966,0.042664915
12299,0.13170952,0.10844227,0.15497677,0.014328917,0.4140297,0.39767185,0.09941796
12300,0.11184284,0.08525095,0.13843472,0.02057421,0.5013805,0.47391304,0.11847826
12301,0.12399716,0.07721541,0.17077892,0.030274019,0.5560944,0.38030252,0.09507563
12302,0.10110409,0.081814386,0.12039379,0.12139579,0.87863606,1.0595117,0.26487792
12303,0.10998309,0.07613959,0.14382659,0.028861897,0.272648,0.2328255,0.058206376
12304,0.070002764,0.06847457,0.07153095,0.059862684,1.1105438,0.924572,0.231143
12305,0.051078457,0.060151964,0.042004958,0.011669592,0.49173674,0.5267814,0.13169535
12306,0.10662653,0.06118076,0.1520723,0.09556436,0.048619807,0.12312464,0.03078116
12307,0.0933943,0.06699675,0.11979184,0.080612205,1.4736155,1.3263092,0.3315773
12308,0.08947071,0.07967604,0.09926536,0.04394731,0.56872624,0.6998458,0.17496145
12309,0.093171395,0.087589115,0.09875367,0.10450073,1.3144894,1.0062515,0.25156286
12310,0.087721586,0.08713826,0.08830491,0.11823869,0.771867,1.0677904,0.2669476
12311,0.08890752,0.08631513,0.091499895,0.014142648,0.6027072,0.49703655,0.12425914
12312,0.07810935,0.08060174,0.075616956,0.004155513,0.14040884,0.12558524,0.03139631
12313,0.11312524,0.08695822,0.13929228,0.019957224,0.20580685,0.15469784,0.03867446
12314,0.1027355,0.08551701,0.11995399,0.06553768,1.0833343,1.0060666,0.25151664
12315,0.09606272,0.080210954,0.11191448,0.029608065,0.017380072,0.03087596,0.00771899
12316,0.09739407,0.06335517,0.13143297,0.027427586,0.21336989,0.1763347,0.044083674
12317,0.042523775,0.05144692,0.033600632,0.014633566,0.28243336,0.27491984,0.06872996
12318,0.11178654,0.03888121,0.18469186,0.12618583,1.2862597,1.1919055,0.29797637
12319,0.11254624,0.031033719,0.19405878,0.14577532,1.1821691,1.0995613,0.27489033
12320,0.04564778,0.03486778,0.056427788,0.04178122,0.040478628,0.106212966,0.026553242
12321,0.041240584,0.037328403,0.045152765,0.007881372,0.4460489,0.40307847,0.10076962
12322,0.030242547,0.039043535,0.021441557,0.020224625,0.33215833,0.3607452,0.0901863
12323,0.046124846,0.03209781,0.060151886,0.054044593,0.75579906,0.75020456,0.18755114
12324,0.040576216,0.026906312,0.054246116,0.027739307,0.017605701,0.036943443,0.009235861
12325,0.06551964,0.023489872,0.1075494,0.104914576,1.4680933,1.6352314,0.40880784
12326,0.063613415,0.022773465,0.10445336,0.08330612,1.3431172,1.1949183,0.29872957
12327,0.06370478,0.023766061,0.10364351,0.06864378,0.072685026,0.15767284,0.03941821
12328,0.07410278,0.024416173,0.12378939,0.074007325,0.06447903,0.18929471,0.047323678
12329,0.028885081,0.024806075,0.032964088,0.0068309344,0.17245017,0.13123617,0.03280904
12330,0.039216388,0.024612868,0.05381991,0.029279308,0.45610976,0.51237476,0.12809369
12331,0.04403745,0.02365204,0.06442287,0.02718637,0.38516712,0.2305917,0.057647925
12332,0.031014085,0.024939286,0.037088886,0.01212469,0.34447393,0.35401717,0.08850429
12333,0.081512325,0.028076595,0.13494806,0.09617162,0.037695248,0.1394883,0.034872074
12334,0.04428628,0.033642564,0.05493,0.01816812,0.20349045,0.11018599,0.027546497
12335,0.045356568,0.034471486,0.056241646,0.019738955,0.025804877,0.0408289,0.010207225
12336,0.05818954,0.035501216,0.08087786,0.033947498,0.030644456,0.035169326,0.008792331
12337,0.052394006,0.031134615,0.0736534,0.031228364,0.49046645,0.3783258,0.09458145
12338,0.044990893,0.02324638,0.0667354,0.03210984,0.70955086,0.5862642,0.14656605
12339,0.038982704,0.016769132,0.06119628,0.04662768,0.05588333,0.113227345,0.028306836
12340,0.019936835,0.014610493,0.025263177,0.00846609,0.346624,0.27284047,0.06821012
12341,0.032657456,0.01656369,0.048751224,0.03213748,0.01404659,0.04896769,0.012241922
12342,0.04146034,0.021435363,0.06148532,0.043020304,0.019958138,0.08374577,0.020936443
12343,0.046651546,0.02841223,0.06489086,0.034591794,0.011088331,0.03610567,0.0090264175
12344,0.04383579,0.037775483,0.04989609,0.014652339,0.2342457,0.16858016,0.04214504
12345,0.067747995,0.048547227,0.08694876,0.047361378,0.0324655,0.06312213,0.015780533
12346,0.06583155,0.051187683,0.08047541,0.0367241,0.030122599,0.08095595,0.020238988
12347,0.06414621,0.04628698,0.08200545,0.019939095,0.44704238,0.3030944,0.0757736
12348,0.044984695,0.04530653,0.04466286,0.018119266,0.65799564,0.49560526,0.123901315
12349,0.05228475,0.055079866,0.049489636,0.019289918,0.33157805,0.20657258,0.051643144
12350,0.095543146,0.05546519,0.13562109,0.08869781,0.063356504,0.12394347,0.030985868
12351,0.104130626,0.048454136,0.15980713,0.11304802,0.99864596,0.765786,0.1914465
12352,0.053257853,0.046287656,0.060228046,0.031077355,0.5665067,0.44577655,0.11144414
12353,0.12574594,0.04525243,0.20623942,0.19490482,1.4534264,1.1464342,0.28660855
12354,0.07408053,0.039737757,0.10842329,0.059629757,1.0592103,1.0647941,0.26619852
12355,0.0549086,0.03648783,0.07332937,0.025572935,0.0126645565,0.04214554,0.010536385
12356,0.072313726,0.040467713,0.104159735,0.10017118,1.4857897,1.2159696,0.3039924
12357,0.053647712,0.046215937,0.061079487,0.03398504,0.34097958,0.17834954,0.044587385
12358,0.09872398,0.051327545,0.14612041,0.060181636,0.91011614,0.81293625,0.20323406
12359,0.04397799,0.060595047,0.027360938,0.031978246,0.74961615,0.55262595,0.13815649
12360,0.10396051,0.069828905,0.13809212,0.08033208,0.54711694,0.39580265,0.09895066
12361,0.09012535,0.07350157,0.106749125,0.010619755,0.21300586,0.14819057,0.037047643
12362,0.05757774,0.07682464,0.038330834,0.028212888,0.51759887,0.42908823,0.10727206
12363,0.061959505,0.078755945,0.04516307,0.012131341,0.24787748,0.17713185,0.04428296
12364,0.06572113,0.08232575,0.04911651,0.023965366,0.47083852,0.316439,0.07910975
12365,0.12631644,0.08679444,0.16583844,0.09305853,0.045549076,0.14054371,0.03513593
12366,0.14699243,0.08708149,0.20690338,0.14353631,1.2486825,0.98751086,0.24687771
12367,0.066718236,0.085706025,0.047730446,0.021471947,0.59528714,0.42670655,0.10667664
12368,0.08439822,0.08744216,0.08135428,0.049421743,0.6327985,0.44597474,0.111493684
12369,0.06944878,0.088586666,0.05031089,0.016788114,0.23401296,0.14928214,0.037320536
12370,0.18954937,0.090871714,0.288227,0.17160493,1.1472292,0.9473776,0.2368444
12371,0.15212023,0.08707404,0.21716642,0.066536166,0.6401634,0.7236158,0.18090396
12372,0.10232395,0.08525577,0.11939212,0.04389709,0.020568212,0.06669488,0.01667372
12373,0.1447317,0.09229388,0.19716953,0.080499016,0.07427176,0.1118535,0.027963376
12374,0.1249522,0.0949892,0.1549152,0.03076315,0.032733124,0.060532514,0.0151331285
12375,0.173297,0.09539137,0.2512026,0.12147629,0.027724585,0.1708126,0.04270315
12376,0.08589671,0.09936456,0.072428875,0.0077293203,0.16990352,0.12140739,0.030351847
12377,0.11531949,0.101006396,0.12963259,0.0073848665,0.15456566,0.1501316,0.0375329
12378,0.123105645,0.10028816,0.14592314,0.052910138,0.058792073,0.07564146,0.018910365
12379,0.14711209,0.09748757,0.19673662,0.11902788,1.3639555,1.0508701,0.26271752
12380,0.121107556,0.09578975,0.14642537,0.09641061,1.3247117,1.0483055,0.26207638
12381,0.16063304,0.09631262,0.22495346,0.13833527,1.326756,1.05382,0.263455
12382,0.16496801,0.10230417,0.22763185,0.069689855,1.3068248,1.210629,0.30265725
12383,0.08291431,0.10287145,0.06295717,0.02765972,0.7225392,0.5829685,0.14574212
12384,0.11785882,0.105903566,0.12981407,0.046540994,0.04369219,0.11583569,0.028958922
12385,0.14590994,0.106367685,0.18545218,0.020051336,0.43062338,0.2860756,0.0715189
12386,0.15533744,0.101714455,0.20896041,0.122536086,1.4930348,1.3127574,0.32818934
12387,0.07917369,0.09927214,0.059075236,0.017378291,0.7242748,0.5631936,0.1407984
12388,0.11210277,0.09919845,0.1250071,0.005183711,0.27204463,0.22633328,0.05658332
12389,0.08661767,0.09945816,0.07377717,0.012282508,0.42379972,0.34194732,0.08548683
12390,0.20345919,0.09727893,0.30963942,0.20769922,1.2429389,1.0220318,0.25550795
12391,0.10489341,0.0925644,0.11722243,0.06589876,1.517217,1.4368005,0.35920012
12392,0.07181505,0.09074784,0.052882265,0.0239904,0.42614225,0.28929648,0.07232412
12393,0.0822679,0.09811146,0.06642434,0.012430787,0.30906072,0.22072391,0.055180978
12394,0.11914799,0.09508131,0.14321469,0.071993604,0.04955856,0.087278806,0.021819701
12395,0.16114257,0.082707115,0.23957801,0.094461285,0.07281382,0.17037278,0.042593196
12396,0.13090636,0.086571455,0.17524128,0.054454118,0.05630696,0.09763414,0.024408534
12397,0.15095918,0.101682775,0.20023556,0.09630728,1.3829651,1.4508289,0.36270723
12398,0.11411166,0.12184009,0.10638323,0.011610669,0.41316125,0.44069886,0.110174716
12399,0.20564501,0.13181286,0.27947715,0.070442125,0.017726392,0.08526769,0.021316923
12400,0.17451937,0.1234318,0.22560696,0.060325462,0.67005235,0.65918726,0.16479681
12401,0.16316004,0.117169715,0.20915036,0.11115571,1.4142929,1.5307561,0.38268903
12402,0.11421958,0.12108621,0.10735295,0.008155157,0.40725002,0.43906936,0.10976734
12403,0.18679859,0.12690397,0.24669321,0.026761843,0.3274263,0.22507423,0.056268558
12404,0.112307064,0.14069688,0.08391724,0.015100564,0.4112018,0.28035703,0.07008926
12405,0.1115677,0.15544832,0.06768709,0.025914004,0.3270227,0.18776804,0.04694201
12406,0.16709398,0.16889404,0.16529392,0.050199736,0.027227828,0.04965867,0.012414668
12407,0.18309899,0.19266592,0.17353208,0.060893346,0.02764289,0.061936706,0.015484177
12408,0.20232493,0.20056577,0.20408408,0.061887816,0.055465445,0.15205033,0.038012583
12409,0.13082157,0.19250529,0.06913785,0.044067234,0.4659735,0.29155686,0.072889216
12410,0.17917316,0.18457852,0.17376776,0.106895864,1.0555472,0.85993785,0.21498446
12411,0.15985413,0.16581082,0.15389745,0.037827652,0.02457281,0.048000347,0.012000087
12412,0.13756612,0.15706104,0.1180712,0.04589152,0.016812624,0.06812736,0.01703184
12413,0.18842745,0.15130349,0.22555141,0.06936056,0.849814,0.8659098,0.21647745
12414,0.22427966,0.15401551,0.29454383,0.16134626,1.3766317,1.3541607,0.33854017
12415,0.15355755,0.16850483,0.13861027,0.04971206,0.018532658,0.10446785,0.026116962
12416,0.16149412,0.16982885,0.1531594,0.005077341,0.28936163,0.27203682,0.068009205
12417,0.2028799,0.1757615,0.22999829,0.019398969,0.012623005,0.022247585,0.005561896
12418,0.1786912,0.18892498,0.16845739,0.0063734762,0.16735268,0.12311708,0.03077927
12419,0.23004264,0.18829055,0.2717947,0.018228123,0.37649012,0.321447,0.08036175
12420,0.22396028,0.17935951,0.26856104,0.066260874,0.043736666,0.108426906,0.027106727
12421,0.1581044,0.13875094,0.17745787,0.01022167,0.5883637,0.5828832,0.1457208
12422,0.10098552,0.10475904,0.097211994,0.0025527421,0.21286297,0.2073343,0.051833574
12423,0.10282286,0.09508729,0.11055842,0.065825954,1.0010337,0.8678365,0.21695912
12424,0.1253526,0.08633896,0.16436626,0.057455774,0.92769223,0.80404377,0.20101094
12425,0.10302582,0.08470023,0.12135139,0.048229232,0.7243311,0.6004565,0.15011412
12426,0.124121785,0.07874381,0.16949975,0.083345175,1.2552248,1.1521038,0.28802595
12427,0.15437607,0.08065426,0.22809787,0.09931874,0.08498645,0.12671389,0.03167847
12428,0.1347567,0.09867382,0.17083956,0.071476646,0.062399786,0.12293663,0.030734157
12429,0.13358031,0.11258099,0.15457964,0.026737144,0.024932424,0.041955035,0.010488759
12430,0.12267431,0.11465784,0.13069077,0.013726023,0.28870067,0.22333084,0.05583271
12431,0.10887795,0.12437386,0.09338203,0.09414289,1.2377616,1.0533285,0.26333213
12432,0.12748562,0.11393488,0.14103635,0.12901874,1.2573599,1.160241,0.29006025
12433,0.19307859,0.1135361,0.27262112,0.112542845,1.3950745,1.4663874,0.36659685
12434,0.11215222,0.10839221,0.11591222,0.013542389,0.60358447,0.520435,0.13010874
12435,0.20948774,0.10314513,0.31583032,0.10453844,1.3688887,1.1902478,0.29756194
12436,0.09375733,0.10750586,0.0800088,0.032885496,0.58814424,0.44920734,0.112301834
12437,0.14917721,0.09716972,0.20118469,0.037153337,0.021921396,0.07058532,0.01764633
12438,0.10912579,0.09076185,0.12748973,0.15941717,0.93846875,0.7835651,0.19589128
12439,0.08135092,0.0870825,0.075619355,0.018747445,0.37775186,0.2903991,0.072599776
12440,0.10566997,0.08021034,0.13112958,0.012097699,0.43699634,0.34957287,0.08739322
12441,0.12557666,0.07606558,0.17508774,0.055136103,0.046294928,0.03938648,0.00984662
12442,0.13317986,0.081381224,0.18497849,0.08223436,0.8211964,0.79043347,0.19760837
12443,0.16942704,0.08924737,0.24960668,0.08685408,0.09583491,0.11653513,0.029133782
12444,0.15885235,0.12135059,0.19635414,0.07081935,0.8068474,0.72345334,0.18086334
12445,0.21782726,0.14611277,0.28954175,0.05791332,0.051114965,0.061047,0.01526175
12446,0.18333118,0.1587741,0.20788825,0.06451548,0.046731282,0.14068978,0.035172444
12447,0.17585273,0.15270157,0.19900392,0.011009522,0.19766803,0.15567483,0.038918708
12448,0.22796546,0.12642118,0.32950974,0.116865896,1.21496,1.1850114,0.29625285
12449,0.0908233,0.11019484,0.07145176,0.016727736,0.5422928,0.6537631,0.16344078
12450,0.1369109,0.08780136,0.18602045,0.07455527,0.04936878,0.067564435,0.016891109
12451,0.101888776,0.070517294,0.13326025,0.03163355,0.41336116,0.3898143,0.09745357
12452,0.10692052,0.06674042,0.14710061,0.066553734,0.026518822,0.10736086,0.026840216
12453,0.054841567,0.06075564,0.048927497,0.010361045,0.2727941,0.19951467,0.049878668
12454,0.12504148,0.05796623,0.19211674,0.07527948,0.08386767,0.032240737,0.008060184
12455,0.08472637,0.0649386,0.10451415,0.1000937,0.969398,0.8520741,0.21301852
12456,0.059620947,0.07277051,0.046471383,0.017450558,0.47999462,0.36970082,0.092425205
12457,0.10919085,0.08627466,0.13210703,0.039122313,0.011257172,0.05455618,0.013639045
12458,0.13046573,0.087505214,0.17342623,0.07684719,1.311462,1.4386153,0.35965383
12459,0.092870034,0.08799877,0.097741306,0.007995768,0.20260017,0.1764767,0.044119176
12460,0.1297463,0.09647945,0.16301316,0.06493012,0.044601638,0.12770474,0.031926185
12461,0.099584304,0.08743838,0.11173022,0.092874266,0.5961833,0.8508298,0.21270745
12462,0.08997413,0.084386446,0.0955618,0.00464946,0.39672652,0.3555504,0.0888876
12463,0.14397804,0.08123938,0.2067167,0.04083145,0.47002044,0.3083608,0.0770902
12464,0.1136146,0.0785521,0.14867711,0.018463207,0.24096118,0.15963219,0.039908048
12465,0.10282374,0.07031341,0.13533409,0.052146275,0.49842834,0.56260794,0.14065199
12466,0.102245204,0.07272138,0.13176902,0.016857235,0.20931244,0.14642209,0.036605522
12467,0.13270566,0.076289274,0.18912204,0.07338461,0.076070994,0.09954244,0.02488561
12468,0.08439177,0.08809283,0.08069072,0.06105229,0.04215324,0.0485635,0.012140875
12469,0.07327532,0.070673645,0.07587699,0.008594556,0.3784921,0.35519114,0.088797785
12470,0.07213477,0.058406245,0.08586329,0.03345248,0.3348682,0.34396338,0.085990846
12471,0.112452,0.056465205,0.16843879,0.10326278,0.8966667,0.92041785,0.23010446
12472,0.07383417,0.058300745,0.0893676,0.042786445,0.014734109,0.0508748,0.0127187
12473,0.09901408,0.063868724,0.13415946,0.065996654,0.67727727,0.64425904,0.16106476
12474,0.10674129,0.068606555,0.14487603,0.047675695,0.040680367,0.04848722,0.012121805
12475,0.110812165,0.06870922,0.15291512,0.13861997,0.07460225,0.11211076,0.02802769
12476,0.13965836,0.07801252,0.2013042,0.07463426,0.028556505,0.13214378,0.033035945
12477,0.10204669,0.09087034,0.11322302,0.04904044,0.8206405,0.704233,0.17605825
12478,0.12792195,0.10320073,0.15264319,0.08605269,1.2565938,1.4745029,0.36862573
12479,0.12688787,0.10934011,0.14443563,0.042425796,0.040305514,0.052506138,0.013126534
12480,0.11910659,0.09391865,0.14429452,0.028904624,0.044944614,0.06548476,0.01637119
12481,0.15592737,0.08832356,0.22353119,0.058676396,0.010933955,0.06110354,0.015275885
12482,0.10054219,0.08056247,0.1205219,0.07359218,0.91759056,0.985738,0.2464345
12483,0.12426493,0.08105802,0.16747184,0.07128863,0.027556261,0.1114429,0.027860725
12484,0.13708578,0.091309406,0.18286216,0.025446886,0.3045713,0.19136162,0.047840405
12485,0.13960764,0.10196135,0.17725392,0.07590428,0.07744524,0.0823257,0.020581424
12486,0.17148845,0.115168445,0.22780843,0.07367443,0.6707733,0.6795349,0.16988373
12487,0.15760355,0.12545262,0.18975447,0.029085899,0.48070514,0.508495,0.12712374
12488,0.21405864,0.1528439,0.27527338,0.046002284,0.3772777,0.35991177,0.08997794
12489,0.2945471,0.17293115,0.4161631,0.1113917,0.784185,0.77652544,0.19413136
12490,0.20933695,0.15874179,0.25993213,0.044819336,0.5960683,0.6625597,0.16563992
12491,0.1080453,0.12768443,0.08840615,0.04008359,0.35126457,0.30923444,0.07730861
12492,0.10731104,0.107456334,0.10716575,0.06670242,0.70625657,0.6366979,0.15917447
12493,0.1309426,0.075822204,0.186063,0.062376853,0.7980812,0.80576485,0.20144121
12494,0.081560984,0.06279861,0.10032336,0.01986231,0.004898826,0.02071738,0.005179345
12495,0.073964365,0.05874738,0.08918134,0.014489405,0.6180621,0.55209786,0.13802446
12496,0.07855448,0.06012483,0.09698414,0.03225898,0.011060238,0.039186697,0.009796674
12497,0.17448403,0.065013535,0.28395453,0.17160463,1.3853799,1.5625178,0.39062944
12498,0.10578022,0.06901393,0.1425465,0.035108376,0.013561249,0.04490623,0.011226557
12499,0.06911287,0.07261702,0.065608725,0.014451854,0.4089235,0.2842333,0.071058325
12500,0.12919134,0.08684966,0.17153303,0.05774999,0.07946416,0.090941735,0.022735434
12501,0.178747,0.09424607,0.26324794,0.10313189,1.2253212,1.2388258,0.30970645
12502,0.13315782,0.0977299,0.16858573,0.040365495,0.054389257,0.055039074,0.013759769
12503,0.11983138,0.09592978,0.143733,0.057223916,0.034442503,0.11165617,0.027914042
12504,0.085523255,0.09103116,0.08001537,0.034748908,0.46495113,0.3048482,0.07621205
12505,0.079023175,0.08230755,0.075738795,0.016578458,0.3348154,0.22769862,0.056924656
12506,0.0739756,0.075196914,0.07275429,0.040116414,0.66375005,0.5438721,0.13596803
12507,0.1715412,0.077669136,0.26541325,0.11159315,0.060547154,0.2165903,0.054147575
12508,0.081498496,0.073963374,0.08903361,0.004518748,0.23778999,0.19653279,0.049133196
12509,0.06946517,0.07068816,0.068242185,0.080933176,0.6078692,0.52069896,0.13017474
12510,0.067917265,0.06978647,0.06604806,0.007372342,0.5566482,0.4706804,0.1176701
12511,0.079962514,0.07445103,0.08547399,0.057235178,0.052797634,0.13590682,0.033976704
12512,0.075355135,0.07376251,0.07694776,0.004885588,0.37325203,0.34620953,0.08655238
12513,0.07911566,0.07072281,0.0875085,0.014573476,0.30988207,0.2399749,0.059993725
12514,0.101876296,0.078194804,0.12555778,0.03827141,0.020424128,0.08187149,0.020467872
12515,0.14937416,0.08835926,0.21038906,0.0689084,0.05786513,0.07615738,0.019039346
12516,0.09453418,0.10589012,0.083178245,0.02959607,0.4280502,0.39143717,0.09785929
12517,0.106016494,0.11248356,0.09954942,0.0075292033,0.21164303,0.15468454,0.038671136
12518,0.18783808,0.11460674,0.26106942,0.0783168,0.053289026,0.119321726,0.029830432
12519,0.1570923,0.10340329,0.21078132,0.07078063,0.60868895,0.58791906,0.14697976
12520,0.101737715,0.08248959,0.12098586,0.029530764,0.022288045,0.036826205,0.009206551
12521,0.09234483,0.059803564,0.124886096,0.05233461,0.5880101,0.5925066,0.14812665
12522,0.10998551,0.054151494,0.16581953,0.06449951,0.02974228,0.08191499,0.020478748
12523,0.058393925,0.05361147,0.063176386,0.041659143,0.012481849,0.05856063,0.014640157
12524,0.11021924,0.055898607,0.16453987,0.06867158,0.08939707,0.06824864,0.01706216
12525,0.13189156,0.06059264,0.2031905,0.08006895,0.88350147,0.8996585,0.22491463
12526,0.09874507,0.06752705,0.12996309,0.038785294,0.39545426,0.24248265,0.06062066
12527,0.11126851,0.07422837,0.14830865,0.04676491,0.43272415,0.27175906,0.067939766
12528,0.08715712,0.07745435,0.09685988,0.033914044,0.01713697,0.06495535,0.016238837
12529,0.11307659,0.077174224,0.14897895,0.07051528,0.863229,0.76585454,0.19146363
12530,0.08913965,0.06952393,0.10875537,0.022115594,0.31109214,0.20872976,0.05218244
12531,0.05442724,0.06052341,0.04833107,0.011524641,0.31157055,0.2800701,0.070017524
12532,0.1521901,0.052619968,0.25176024,0.14213662,0.1093804,0.15859574,0.039648935
12533,0.0512194,0.045698766,0.05674003,0.008357584,0.3239612,0.24847758,0.062119395
12534,0.09376576,0.04125113,0.1462804,0.1578141,1.2549152,1.743939,0.43598476
12535,0.047205944,0.040853765,0.053558122,0.0072979387,0.35302433,0.29826435,0.07456609
12536,0.09105477,0.041688796,0.14042073,0.05341575,0.57669574,0.6600387,0.16500968
12537,0.062302917,0.044832066,0.079773776,0.057330687,0.49062368,0.3154554,0.07886385
12538,0.08052052,0.049654145,0.111386895,0.03766282,0.012772719,0.05844223,0.014610558
12539,0.058097437,0.06198146,0.054213416,0.009166471,0.32542387,0.36584044,0.09146011
12540,0.13337559,0.06941093,0.19734025,0.089300334,0.5486345,0.54008776,0.13502194
12541,0.08758987,0.06819661,0.106983125,0.12605801,1.0509728,1.4969139,0.37422848
12542,0.08135875,0.06784009,0.0948774,0.052661862,0.05860269,0.06275616,0.01568904
12543,0.08946017,0.054943662,0.1239767,0.05028075,0.02493906,0.087863855,0.021965964
12544,0.07335924,0.049318045,0.097400434,0.055767506,0.3952526,0.3184341,0.07960852
12545,0.09660083,0.051166374,0.14203529,0.097751535,0.10297469,0.1397915,0.034947876
12546,0.070392035,0.052407067,0.088377,0.13451093,0.87226933,1.0397409,0.25993523
12547,0.06014961,0.04808731,0.072211914,0.10129789,0.06394243,0.21595876,0.05398969
12548,0.048925176,0.043528516,0.054321837,0.0042695557,0.19522147,0.15679179,0.039197948
12549,0.08307934,0.043623134,0.12253555,0.05497982,0.054793436,0.022216557,0.005554139
12550,0.07432168,0.050593834,0.09804952,0.051174298,0.85709363,0.88305306,0.22076327
12551,0.113669775,0.059972774,0.16736679,0.056530613,0.051883936,0.05324177,0.013310443
12552,0.069203556,0.06177066,0.076636456,0.0055702324,0.37945938,0.3167574,0.07918935
12553,0.12372122,0.059577614,0.18786483,0.1144718,1.2742335,1.3513526,0.33783814
12554,0.088510014,0.05822372,0.11879631,0.0302385,0.21748699,0.11029977,0.027574943
12555,0.13511127,0.05592786,0.21429467,0.12455676,0.16896252,0.19131488,0.04782872
12556,0.061585292,0.054634746,0.06853584,0.02305171,0.012257576,0.028104039,0.0070260097
12557,0.12599969,0.051029354,0.20097004,0.093747,0.5940336,0.33741507,0.08435377
12558,0.081013724,0.058338553,0.103688896,0.03728426,0.024066528,0.0426289,0.010657225
12559,0.112911016,0.07490375,0.15091829,0.054202255,0.7451846,0.71246576,0.17811644
12560,0.13735063,0.07811414,0.19658713,0.08956323,0.08440233,0.13020958,0.032552395
12561,0.12569547,0.089588106,0.16180281,0.05416599,0.036349583,0.053237762,0.013309441
12562,0.12967584,0.08915082,0.17020084,0.052085206,0.042461008,0.055822164,0.013955541
12563,0.14080687,0.093506284,0.18810745,0.08226938,0.9973871,1.0911741,0.27279353
12564,0.18866038,0.1143716,0.26294914,0.100478016,0.5983687,0.69108576,0.17277144
12565,0.111743964,0.1338357,0.08965224,0.017050095,0.45425853,0.31167418,0.077918544
12566,0.20184188,0.16611649,0.23756726,0.078376785,0.6672895,0.65582657,0.16395664
12567,0.23346823,0.2125874,0.25434908,0.006220454,0.28850675,0.24690385,0.061725963
12568,0.25931048,0.22448266,0.29413834,0.013295901,0.52816564,0.46147323,0.11536831
12569,0.2434138,0.22329448,0.26353312,0.047822673,0.025332054,0.06382405,0.015956013
12570,0.18649559,0.22921844,0.14377274,0.017461581,0.3995439,0.26565483,0.06641371
12571,0.22579308,0.22751577,0.22407037,0.022550851,0.016329924,0.04984522,0.012461305
12572,0.34576252,0.2584575,0.43306756,0.10755512,1.4862027,1.5298303,0.38245758
12573,0.23156083,0.26463732,0.19848435,0.080364816,0.08460486,0.07443518,0.018608795
12574,0.18422048,0.25678658,0.11165438,0.06794421,0.5242956,0.2804709,0.07011773
12575,0.21037345,0.26207766,0.15866922,0.024314014,0.7682953,0.54413694,0.13603424
12576,0.25664482,0.24522777,0.26806185,0.0044056764,0.44217357,0.42524084,0.10631021
12577,0.20844735,0.25099093,0.16590379,0.0168493,0.3948491,0.26436606,0.066091515
12578,0.28363872,0.24649738,0.32078004,0.083978415,0.08756798,0.17555033,0.04388758
12579,0.26041004,0.23810215,0.2827179,0.03957485,0.01982201,0.050923783,0.012730946
12580,0.27167955,0.23571102,0.30764806,0.18763657,1.0267032,1.3614407,0.34036016
12581,0.21863532,0.22247912,0.21479154,0.04333985,0.020063134,0.07559534,0.018898835
12582,0.19857173,0.21701032,0.18013312,0.0059868954,0.25585985,0.20173557,0.050433893
12583,0.20758225,0.20788307,0.20728143,0.0022349413,0.2627022,0.26618457,0.06654614
12584,0.17171095,0.1823957,0.1610262,0.0695767,0.076385975,0.096664906,0.024166226
12585,0.21645288,0.16110112,0.2718046,0.046711355,0.6529863,0.8410751,0.21026878
12586,0.1599399,0.1436102,0.1762696,0.03752896,0.033022206,0.0720489,0.018012226
12587,0.1356387,0.14433677,0.12694062,0.0040561543,0.2436622,0.2156924,0.0539231
12588,0.18878381,0.17798162,0.19958602,0.06264411,0.7933704,0.96190375,0.24047594
12589,0.23709969,0.18798546,0.28621393,0.034393787,0.027867952,0.027361142,0.0068402854
12590,0.21498507,0.19179328,0.23817687,0.057541873,0.06535702,0.120883994,0.030220998
12591,0.29563066,0.22660463,0.36465672,0.10889014,0.11642266,0.25218883,0.06304721
12592,0.34595916,0.22674696,0.46517134,0.09369845,0.08019567,0.04766648,0.01191662
12593,0.20070224,0.22777064,0.17363383,0.09053097,0.67849284,0.53852195,0.13463049
12594,0.21512616,0.21284336,0.21740894,0.0026162807,0.1654982,0.1572938,0.03932345
12595,0.16833961,0.20672889,0.12995033,0.022429412,0.7838451,0.5670802,0.14177005
12596,0.25781602,0.23340724,0.2822248,0.07771927,0.054442376,0.114896834,0.028724208
12597,0.34939036,0.23200862,0.46677208,0.11139613,1.4969827,1.2519847,0.31299618
12598,0.2223388,0.25091958,0.19375801,0.047288384,0.048639696,0.049048275,0.012262069
12599,0.19457847,0.25706294,0.13209401,0.036123376,0.3623394,0.20986038,0.052465096
12600,0.17312872,0.23481774,0.111439705,0.05590873,0.36590898,0.20100947,0.050252367
12601,0.26133275,0.22569706,0.29696846,0.09778526,0.10199666,0.18875396,0.04718849
12602,0.21742497,0.21506219,0.21978776,0.02741837,0.026038548,0.040906236,0.010226559
12603,0.302094,0.20633475,0.39785326,0.057060372,0.44263026,0.2512299,0.06280748
12604,0.18690543,0.2053132,0.16849767,0.055873413,0.44765326,0.3801067,0.09502667
12605,0.24250449,0.19614135,0.28886765,0.06435063,0.023735285,0.09580541,0.023951352
12606,0.2285611,0.19277863,0.2643436,0.015643198,0.668781,0.5202731,0.13006827
12607,0.2321977,0.18403645,0.28035894,0.059427846,0.020126859,0.08813914,0.022034785
12608,0.17039506,0.17158575,0.16920435,0.118183635,1.2566193,1.6266552,0.4066638
12609,0.16200565,0.14970662,0.17430466,0.0052714814,0.41478506,0.37790743,0.09447686
12610,0.14055808,0.12580436,0.1553118,0.0060921987,0.22892742,0.191857,0.04796425
12611,0.16955657,0.10566328,0.23344986,0.107474364,0.058109283,0.17771816,0.04442954
12612,0.09286094,0.09419479,0.0915271,0.0031458281,0.16485788,0.16988677,0.042471692
12613,0.125157,0.088381685,0.1619323,0.04280701,0.36867142,0.31865546,0.079663865
12614,0.16930588,0.091028355,0.24758343,0.12277281,0.071059704,0.24180014,0.060450036
12615,0.12162485,0.09951911,0.14373058,0.011605214,0.1626711,0.12547845,0.03136961
12616,0.117200576,0.10052848,0.13387267,0.10051618,0.70763856,0.7490403,0.18726008
12617,0.13259266,0.097632684,0.16755264,0.059964042,0.059045434,0.080635644,0.020158911
12618,0.1462924,0.09473512,0.19784968,0.06901241,0.02916797,0.12873513,0.03218378
12619,0.10790366,0.09827561,0.117531694,0.083378755,0.7171164,0.895114,0.2237785
12620,0.12358382,0.10704122,0.14012642,0.047734197,0.75689954,0.8665858,0.21664645
12621,0.123937644,0.10795448,0.13992082,0.03876499,0.46936524,0.527644,0.131911
12622,0.1000622,0.11082318,0.08930123,0.014286491,0.38133907,0.30829754,0.077074386
12623,0.16947763,0.11941236,0.21954286,0.06721363,0.9229347,1.0760878,0.26902196
12624,0.15724036,0.12393606,0.19054466,0.07592919,0.10020884,0.13890077,0.034725193
12625,0.17032744,0.13496757,0.20568733,0.022778228,0.5652144,0.4792365,0.11980913
12626,0.14047325,0.14799531,0.13295119,0.002801133,0.18520539,0.16290922,0.040727306
12627,0.15464021,0.16114096,0.14813948,0.0032917869,0.34914586,0.34825042,0.087062605
12628,0.19606371,0.1698233,0.22230412,0.0934783,0.04033633,0.16736935,0.041842338
12629,0.15921512,0.17311974,0.1453105,0.058232322,0.5995284,0.82184607,0.20546152
12630,0.27040106,0.18452974,0.35627237,0.08055759,0.80484563,0.9423103,0.23557757
12631,0.21662045,0.1948329,0.23840801,0.012889371,0.5211509,0.47782907,0.11945727
12632,0.22576325,0.19598316,0.25554332,0.042780977,0.035934884,0.061515916,0.015378979
12633,0.27981263,0.18575025,0.37387502,0.07613162,0.07074273,0.0898708,0.0224677
12634,0.206183,0.18922813,0.22313786,0.07328128,0.9047405,1.1036533,0.27591333
12635,0.28081983,0.19637425,0.3652654,0.050254554,0.044648707,0.047280792,0.011820198
12636,0.16489358,0.16684096,0.16294621,0.03778449,0.01892221,0.06315735,0.015789337
12637,0.116369724,0.12844205,0.10429741,0.012440302,0.22461812,0.15986596,0.03996649
12638,0.18078832,0.12376801,0.23780863,0.1462123,1.1585145,1.5541271,0.38853177
12639,0.12310439,0.12144148,0.1247673,0.0029029965,0.33328414,0.32919487,0.08229872
12640,0.13556497,0.121850155,0.14927979,0.0681468,0.8617964,0.93120265,0.23280066
12641,0.1539918,0.12123051,0.18675308,0.050548267,0.006476879,0.063207835,0.015801959
12642,0.14240716,0.12854874,0.1562656,0.01704407,0.36546347,0.29439726,0.073599316
12643,0.13001901,0.14056553,0.11947248,0.07019674,0.029745897,0.103285946,0.025821486
12644,0.1407014,0.15315045,0.12825234,0.009150238,0.5015015,0.40053836,0.10013459
12645,0.16880588,0.16649514,0.17111659,0.074905,0.042556923,0.10050652,0.02512663
12646,0.1705615,0.15975703,0.18136601,0.004969752,0.21214186,0.18075563,0.045188908
12647,0.1550618,0.16376062,0.146363,0.0042497073,0.20450194,0.16534583,0.04133646
12648,0.1863854,0.16384242,0.20892835,0.08042627,0.049948215,0.14565365,0.036413413
12649,0.35991433,0.17855722,0.54127145,0.24328506,1.3909001,1.151433,0.28785825
12650,0.25824055,0.19523132,0.32124978,0.031408828,0.3201873,0.18491377,0.046228442
12651,0.24424577,0.20941852,0.27907303,0.0110504,0.27530462,0.18898089,0.047245223
12652,0.23028867,0.19908266,0.26149467,0.062362354,0.024392804,0.11929333,0.029823333
12653,0.16838348,0.1790592,0.15770775,0.010775893,0.40430662,0.36196136,0.09049034
12654,0.1719187,0.17999841,0.16383903,0.062791154,0.032441694,0.07429015,0.018572537
12655,0.1804794,0.19922972,0.1617291,0.005977519,0.15423536,0.1181638,0.02954095
12656,0.25701365,0.21393628,0.300091,0.08232091,0.0493356,0.16965108,0.04241277
12657,0.27809182,0.20378129,0.35240236,0.06713438,0.06434641,0.119901836,0.029975459
12658,0.200128,0.2023937,0.19786231,0.006787136,0.4496952,0.47085777,0.11771444
12659,0.25322405,0.19914287,0.30730525,0.09291506,0.06498913,0.20499186,0.051247966
12660,0.24402809,0.17173226,0.3163239,0.071659885,0.023596287,0.11761782,0.029404456
12661,0.18176363,0.14768043,0.21584682,0.09790494,0.068734966,0.17390001,0.043475002
12662,0.17057109,0.13485694,0.20628524,0.054142047,0.66438866,0.7784341,0.19460852
12663,0.18251681,0.10784167,0.257192,0.082000025,0.0838424,0.07964309,0.019910773
12664,0.13874958,0.09830735,0.17919183,0.0719443,0.9872322,1.0375713,0.25939283
12665,0.09627971,0.09918212,0.0933773,0.115032494,0.8071173,0.8242755,0.20606887
12666,0.1313671,0.10168264,0.16105156,0.12725854,0.13707323,0.18293367,0.04573342
12667,0.08713105,0.102611035,0.07165107,0.013943934,0.45048556,0.34941873,0.08735468
12668,0.12442362,0.107314914,0.14153232,0.0829593,1.0258368,1.135827,0.28395674
12669,0.10939482,0.11317424,0.1056154,0.009932105,0.35954252,0.29581785,0.07395446
12670,0.11364802,0.12772955,0.09956648,0.0063388012,0.21184222,0.15342434,0.038356084
12671,0.2608312,0.13905366,0.38260874,0.09502468,0.10578191,0.074408315,0.018602079
12672,0.17761153,0.13918923,0.21603383,0.078072004,0.81975585,0.99066925,0.24766731
12673,0.13187239,0.13919641,0.12454835,0.034895655,0.015393416,0.049686372,0.012421593
12674,0.20202725,0.14081582,0.26323867,0.026039803,0.2436543,0.14899443,0.037248608
12675,0.12374896,0.14089687,0.10660104,0.008429906,0.15867741,0.1095955,0.027398875
12676,0.12163856,0.11271861,0.13055849,0.036093913,0.46942934,0.4307007,0.10767517
12677,0.17339122,0.094749115,0.25203332,0.12695017,0.84428453,1.0864772,0.2716193
12678,0.17678265,0.09688059,0.25668472,0.17154968,1.1118363,1.227646,0.3069115
12679,0.14099658,0.10114292,0.18085022,0.068272285,0.99729425,0.8800122,0.22000305
12680,0.12367182,0.1163677,0.13097595,0.0045254803,0.3987578,0.38312438,0.095781095
12681,0.1693141,0.13144523,0.20718299,0.040284485,0.047059853,0.048304405,0.012076101
12682,0.22776125,0.1527792,0.3027433,0.06713397,0.6828144,0.51331145,0.12832786
12683,0.20527573,0.18110915,0.2294423,0.06825334,0.070627965,0.16628815,0.041572038
12684,0.1761779,0.18530446,0.16705132,0.006061647,0.23895042,0.18462707,0.046156768
12685,0.23252468,0.18766975,0.27737957,0.029888885,0.023482958,0.03969352,0.00992338
12686,0.22225265,0.19364755,0.25085774,0.008890937,0.2845811,0.2033052,0.0508263
12687,0.27391374,0.17218982,0.37563768,0.115853585,1.5083512,1.697463,0.42436576
12688,0.12512784,0.15158236,0.09867329,0.065686494,0.4846994,0.331326,0.0828315
12689,0.13412185,0.13413566,0.13410805,0.0544071,0.026720047,0.053575296,0.013393824
12690,0.13194788,0.13160561,0.13229012,0.010432775,0.33090368,0.23333345,0.058333363
12691,0.15093984,0.1317527,0.17012699,0.014148903,0.37582907,0.30223936,0.07555984
12692,0.18873876,0.13613272,0.24134481,0.06956642,0.05708933,0.10787036,0.02696759
12693,0.15760657,0.14127748,0.17393567,0.005015241,0.36438903,0.30784908,0.07696227
12694,0.19381471,0.14997105,0.23765838,0.082009465,0.071519054,0.14657825,0.036644563
12695,0.19644941,0.14471865,0.2481802,0.073144294,0.036504585,0.12121043,0.030302608
12696,0.18369512,0.14911254,0.21827768,0.049496993,0.022376537,0.07194451,0.017986128
12697,0.200607,0.149001,0.252213,0.036773,0.03416729,0.020545932,0.005136483
12698,0.23738115,0.14455988,0.3302024,0.10013356,0.0127078695,0.11234403,0.028086007
12699,0.14212695,0.13153648,0.15271741,0.06389161,0.76639396,0.6816123,0.17040308
12700,0.16228808,0.10995095,0.21462522,0.056563005,0.014626026,0.080597945,0.020149486
12701,0.14831014,0.101269044,0.19535124,0.06176697,1.0900594,1.1148733,0.27871832
12702,0.10413291,0.10344261,0.104823224,0.004341807,0.24026568,0.21523333,0.05380833
12703,0.12633057,0.105366014,0.14729512,0.011319299,0.18986118,0.124159195,0.031039799
12704,0.12642755,0.11780021,0.13505489,0.003986405,0.34489235,0.3017958,0.07544895
12705,0.1672074,0.13073762,0.20367716,0.062154125,0.036131382,0.11601507,0.029003767
12706,0.14700179,0.15328182,0.14072175,0.012999536,0.57026625,0.48295927,0.12073982
12707,0.19292854,0.17674357,0.2091135,0.06753355,0.61104304,0.54089314,0.13522328
12708,0.18984394,0.18753709,0.19215076,0.006089324,0.29980215,0.2435828,0.0608957
12709,0.261615,0.20543385,0.3177962,0.05305476,0.0591294,0.08312363,0.020780908
12710,0.21956526,0.2135563,0.2255742,0.07318446,0.024020195,0.09960103,0.024900258
12711,0.22431128,0.207534,0.24108855,0.030600205,0.020495096,0.03949285,0.009873212
12712,0.3084294,0.19452809,0.4223307,0.12822556,0.09346422,0.1903262,0.04758155
12713,0.19855559,0.19393773,0.20317344,0.0468798,0.05676778,0.099386334,0.024846584
12714,0.256295,0.20284005,0.30974996,0.060626417,0.05748542,0.04340331,0.010850827
12715,0.26009142,0.20368457,0.31649828,0.19213201,1.1768309,0.91455775,0.22863944
12716,0.20578168,0.19826771,0.21329564,0.009964955,0.27658653,0.20365483,0.050913706
12717,0.2691475,0.18656044,0.35173455,0.07796172,1.4329923,1.4394412,0.3598603
12718,0.2109046,0.16925259,0.2525566,0.14658375,0.85674745,0.98504895,0.24626224
12719,0.15999252,0.15117192,0.16881311,0.058465134,0.5955334,0.42992964,0.10748241
12720,0.23667781,0.13570899,0.3376466,0.16628022,1.4015089,1.5724922,0.39312306
12721,0.13098752,0.11629964,0.14567542,0.014765273,0.46560287,0.3571035,0.089275874
12722,0.13884427,0.09969733,0.1779912,0.0818091,1.2096418,1.3487657,0.33719143
12723,0.119554065,0.08251194,0.1565962,0.076201476,0.09182564,0.105636,0.026409
12724,0.11805285,0.07788204,0.15822367,0.07825496,0.0739212,0.15046994,0.037617486
12725,0.102041654,0.07320254,0.13088076,0.0910775,0.824456,0.7694443,0.19236107
12726,0.08797111,0.074642606,0.101299606,0.05823655,0.06843313,0.02960386,0.007400965
12727,0.08819989,0.09088647,0.085513316,0.00883992,0.3527328,0.28457943,0.07114486
12728,0.1310063,0.11122211,0.15079048,0.034658507,0.461913,0.53234273,0.13308568
12729,0.16308522,0.13531208,0.19085836,0.0717598,0.8937219,0.96349764,0.24087441
12730,0.13204823,0.13482112,0.12927534,0.06276714,0.3695401,0.19462365,0.048655912
12731,0.12765716,0.11598516,0.13932914,0.0532883,0.06868839,0.04338348,0.01084587
12732,0.10674294,0.090640545,0.122845344,0.05654639,0.4890885,0.3162928,0.0790732
12733,0.16972594,0.08717524,0.25227663,0.13055977,1.1843094,1.0793242,0.26983106
12734,0.16126175,0.09188068,0.23064284,0.078454606,0.09025701,0.0921242,0.02303105
12735,0.10430656,0.09776056,0.11085256,0.007864495,0.16291635,0.11314485,0.028286213
12736,0.105446994,0.0996073,0.1112867,0.0044029453,0.23459959,0.19030619,0.047576547
12737,0.0978134,0.091710724,0.10391607,0.003942724,0.36987814,0.3251759,0.08129398
12738,0.09908372,0.083756484,0.11441096,0.017034955,0.5001634,0.41273943,0.10318486
12739,0.14517911,0.07716751,0.21319072,0.14408492,0.15763812,0.05754822,0.014387055
12740,0.07812363,0.078482635,0.07776462,0.006211936,0.27043572,0.22211175,0.055527937
12741,0.082000636,0.07943607,0.0845652,0.010183222,0.46101737,0.35479608,0.08869902
12742,0.12643643,0.07728381,0.17558904,0.11613401,0.7880476,0.8505351,0.21263377
12743,0.0775551,0.07315808,0.08195212,0.0035664255,0.36918673,0.32419047,0.08104762
12744,0.09901029,0.06702431,0.13099626,0.04721232,0.8024313,0.79307395,0.19826849
12745,0.114635706,0.057642978,0.17162843,0.07460939,0.7168582,0.6634429,0.16586073
12746,0.05747458,0.049873542,0.06507561,0.009380621,0.23822929,0.17827885,0.044569712
12747,0.09113366,0.044393923,0.13787341,0.08897108,0.7383048,0.87522584,0.21880646
12748,0.11069708,0.04748873,0.17390543,0.10028255,1.2511926,1.5998516,0.3999629
12749,0.052125115,0.04628268,0.057967555,0.004535396,0.27784204,0.23529458,0.058823645
12750,0.10375869,0.04308501,0.16443236,0.12002098,0.10745653,0.20959012,0.05239753
12751,0.084712826,0.0439916,0.12543404,0.09164383,0.6935601,0.6678155,0.16695388
12752,0.129016,0.047392953,0.21063906,0.14093024,1.1715566,1.6706835,0.41767088
12753,0.13594852,0.053982873,0.21791418,0.15516773,0.90093565,1.1413134,0.28532836
12754,0.072452955,0.05926371,0.08564219,0.05104016,0.05688147,0.06309628,0.01577407
12755,0.07891316,0.060698275,0.097128056,0.052905526,0.44083992,0.42600954,0.106502384
12756,0.08710378,0.05861454,0.11559301,0.041983735,0.05199452,0.050767567,0.012691892
12757,0.06722591,0.059372682,0.075079136,0.0044316854,0.3377541,0.32258937,0.08064734
12758,0.09226718,0.057856712,0.12667763,0.08639952,0.8611968,0.95765305,0.23941326
12759,0.06719539,0.057248324,0.07714246,0.018802762,0.27827993,0.20723177,0.051807944
12760,0.067740865,0.059265237,0.07621649,0.005292485,0.24653053,0.22543937,0.056359842
12761,0.0939402,0.05981174,0.12806864,0.08930397,0.76742584,0.78747886,0.19686972
12762,0.12902993,0.059543118,0.19851674,0.09141984,0.052240092,0.11378133,0.028445333
12763,0.081970535,0.05766045,0.10628062,0.065835215,0.72847575,0.6451143,0.16127858
12764,0.06417633,0.06098591,0.06736674,0.017552234,0.19480944,0.115269095,0.028817274
12765,0.07181089,0.067641445,0.075980335,0.008415181,0.6034958,0.4933361,0.12333403
12766,0.13616723,0.07455998,0.19777448,0.07797578,0.73393124,0.7326763,0.18316908
12767,0.12618881,0.08210821,0.17026941,0.06397,1.076516,1.0802644,0.2700661
12768,0.09095792,0.08443463,0.09748121,0.034275644,0.5163352,0.5001211,0.12503028
12769,0.06365385,0.07242673,0.054880966,0.020839334,0.7379842,0.5485804,0.1371451
12770,0.14308646,0.065064885,0.22110803,0.10143014,0.75655127,0.6322987,0.15807468
12771,0.0770701,0.05432902,0.09981119,0.0114122555,0.3070173,0.24999528,0.06249882
12772,0.083751835,0.06427058,0.1032331,0.12514119,1.076969,1.4332794,0.35831985
12773,0.058545757,0.062310968,0.054780547,0.06586648,0.033747803,0.13002928,0.03250732
12774,0.06508833,0.0677628,0.06241386,0.018530259,0.3437344,0.25290754,0.063226886
12775,0.09729713,0.076120086,0.11847416,0.06482318,0.710952,0.9094558,0.22736394
12776,0.13220578,0.07916021,0.18525136,0.09714639,0.075381555,0.1510321,0.037758026
12777,0.097355664,0.079307176,0.11540415,0.0069620013,0.48087314,0.48340335,0.12085084
12778,0.09209665,0.08051107,0.10368222,0.038162813,0.39133772,0.44797942,0.111994855
12779,0.1135428,0.088169314,0.1389163,0.07139569,0.04857719,0.067927495,0.016981874
12780,0.13283288,0.09701962,0.16864616,0.057053972,0.047391016,0.03630792,0.00907698
12781,0.17013228,0.09653044,0.2437341,0.06604021,0.5039,0.592519,0.14812975
12782,0.13238679,0.08733954,0.17743404,0.04375902,0.027290106,0.091460146,0.022865037
12783,0.11875856,0.081931405,0.15558572,0.094208606,0.083972,0.10548272,0.02637068
12784,0.17169072,0.071741216,0.2716402,0.10279733,0.7986131,0.7408383,0.18520957
12785,0.09838644,0.061768036,0.13500483,0.028706158,0.4028829,0.3589623,0.089740574
12786,0.06206511,0.052205235,0.071924984,0.044308078,0.5386417,0.33707103,0.08426776
12787,0.15743494,0.044973016,0.26989686,0.15363933,1.2746657,1.4472338,0.36180845
12788,0.07928566,0.04666133,0.111909986,0.04940935,0.046821922,0.03283627,0.008209067
12789,0.12420527,0.05105682,0.19735372,0.11141787,1.360654,1.2218453,0.30546132
12790,0.12165284,0.057813793,0.18549187,0.0802216,0.1006999,0.12047619,0.030119047
12791,0.07070121,0.06324605,0.078156374,0.053563222,0.73613644,0.5900182,0.14750455
12792,0.06259048,0.062242124,0.06293884,0.032227263,0.40487877,0.2321068,0.0580267
12793,0.066568196,0.056964457,0.076171935,0.069842614,0.870694,0.74073046,0.18518262
12794,0.06106213,0.052771468,0.0693528,0.014464621,0.7218148,0.5605216,0.1401304
12795,0.068515606,0.051802367,0.08522884,0.038235366,0.024817169,0.041332647,0.010333162
12796,0.06869844,0.05361085,0.08378604,0.022082856,0.21972539,0.1497121,0.037428025
12797,0.06693923,0.056586433,0.07729202,0.02240555,0.45412052,0.32654184,0.08163546
12798,0.08144405,0.067535825,0.09535227,0.02369701,0.47921434,0.37547907,0.09386977
12799,0.10202557,0.06776508,0.13628606,0.07883554,1.0538733,1.2885014,0.32212535
12800,0.08272623,0.06958341,0.09586906,0.0331564,0.55700594,0.45085776,0.11271444
12801,0.07964369,0.06867617,0.0906112,0.06313429,0.046044637,0.078886144,0.019721536
12802,0.07837465,0.06953611,0.08721318,0.051350836,0.034195196,0.08310186,0.020775465
12803,0.07423793,0.07424574,0.07423011,0.004425513,0.39327225,0.42369005,0.10592251
12804,0.13128504,0.07556472,0.18700536,0.06124178,0.052852314,0.041023273,0.010255818
12805,0.20378222,0.080841705,0.32672274,0.17272127,1.1687084,1.1918675,0.29796687
12806,0.09690455,0.07952845,0.11428066,0.008330842,0.24511667,0.18322901,0.045807254
12807,0.071835466,0.07620403,0.06746691,0.009342776,0.20753153,0.17596136,0.04399034
12808,0.08699298,0.080156915,0.09382904,0.04546401,0.031357806,0.09935808,0.02483952
12809,0.17570405,0.078068614,0.27333948,0.1281885,0.62082326,0.774775,0.19369376
12810,0.11760235,0.06884744,0.16635726,0.113717355,0.12186372,0.2376244,0.0594061
12811,0.10221014,0.06639723,0.13802306,0.061767887,0.96017313,1.0112355,0.25280887
12812,0.09521687,0.058385674,0.13204807,0.030209774,0.5513085,0.34140384,0.08535096
12813,0.09515216,0.052846503,0.1374578,0.09761545,0.10013334,0.08843439,0.022108598
12814,0.07091716,0.048355903,0.09347842,0.055220712,0.858973,0.7777112,0.1944278
12815,0.044059306,0.042160764,0.04595785,0.00974691,0.6606676,0.5945787,0.14864467
12816,0.043073583,0.044030804,0.042116363,0.0035963922,0.55088776,0.5199445,0.12998612
12817,0.15359552,0.04753657,0.2596545,0.15836026,0.1592375,0.21254563,0.05313641
12818,0.0731283,0.058496606,0.087759994,0.010145649,0.3389589,0.24231261,0.060578153
12819,0.12986012,0.06708398,0.19263627,0.1014441,1.3313766,1.5131634,0.37829086
12820,0.08868161,0.0793749,0.09798831,0.06870363,0.077296995,0.04161872,0.01040468
12821,0.110206746,0.087970175,0.13244331,0.03472138,0.4398254,0.42413917,0.10603479
12822,0.14819463,0.085991554,0.2103977,0.068514965,1.0253795,1.1636094,0.29090235
12823,0.1519577,0.07165005,0.23226537,0.11474518,1.1467098,1.4569689,0.36424223
12824,0.09301754,0.064609684,0.12142539,0.08318473,0.734914,0.99541694,0.24885423
12825,0.11637646,0.05953527,0.17321765,0.076304995,0.349038,0.51528,0.12882
12826,0.12158936,0.051571995,0.19160672,0.130063,0.72276807,0.8832813,0.22082032
12827,0.116029084,0.04803625,0.1840219,0.11812069,0.11215945,0.1175257,0.029381424
12828,0.05779876,0.049466312,0.066131204,0.005913638,0.15206917,0.11797396,0.02949349
12829,0.095880754,0.052251294,0.13951021,0.038002536,0.4526845,0.5424357,0.13560893
12830,0.103685,0.054669898,0.15270011,0.13305712,0.97551614,0.9102478,0.22756195
12831,0.08306114,0.05626333,0.10985895,0.033671796,0.029021075,0.030620843,0.007655211
12832,0.08780139,0.05917682,0.116425954,0.08829134,0.4062132,0.5205113,0.13012783
12833,0.060079366,0.0674102,0.052748527,0.075489454,0.49157086,0.33624458,0.084061146
12834,0.058088142,0.071718596,0.044457693,0.039545555,0.5262403,0.40861878,0.102154694
12835,0.13778102,0.07494221,0.20061983,0.12565164,0.11809624,0.10922255,0.027305638
12836,0.111712374,0.06824053,0.15518422,0.13548441,0.13616605,0.05936724,0.01484181
12837,0.0920515,0.061456244,0.12264675,0.033691894,0.52999103,0.56423813,0.14105953
12838,0.07449304,0.06231891,0.08666718,0.016421288,0.25754204,0.16097103,0.040242758
12839,0.078492075,0.06519099,0.09179316,0.041570444,0.03498268,0.06376795,0.015941987
12840,0.11653978,0.06757013,0.16550942,0.070451476,0.08061492,0.06862622,0.017156554
12841,0.09153497,0.06907181,0.11399814,0.08610643,0.086347975,0.19459935,0.048649836
12842,0.09894192,0.06655359,0.13133027,0.1250391,0.9247103,1.1461862,0.28654656
12843,0.1054339,0.064391755,0.14647605,0.045760673,0.05123766,0.04538904,0.01134726
12844,0.12847318,0.063281246,0.1936651,0.08223613,0.58708227,0.706292,0.176573
12845,0.15149495,0.057538252,0.24545164,0.27269483,1.1022394,1.7662855,0.44157138
12846,0.069819845,0.051219434,0.08842025,0.03783193,0.026446223,0.052579653,0.013144913
12847,0.062749825,0.051195066,0.07430459,0.03496296,0.020404777,0.060533047,0.015133262
12848,0.14211346,0.051835865,0.23239107,0.12734981,0.9089859,1.1474797,0.2868699
12849,0.08741969,0.05369633,0.12114305,0.048457418,0.49590454,0.5917955,0.14794888
12850,0.11648824,0.061338235,0.17163825,0.0964731,0.9964563,1.3903513,0.34758782
12851,0.09049956,0.06751257,0.11348655,0.08022779,0.711035,0.6682307,0.16705768
12852,0.073115356,0.0854801,0.060750615,0.015497446,0.30573735,0.22104616,0.05526154
12853,0.093141824,0.09329047,0.09299318,0.0054002665,0.23433691,0.25114396,0.06278599
12854,0.07907546,0.09814679,0.06000415,0.01947573,0.31478247,0.20778626,0.051946566
12855,0.11151964,0.10983497,0.11320432,0.003764376,0.32250038,0.32627577,0.08156894
12856,0.18615176,0.109345324,0.2629582,0.13624078,0.8528156,0.6368342,0.15920855
12857,0.120035686,0.1126798,0.12739159,0.05006667,0.049258213,0.10200193,0.025500482
12858,0.12541755,0.113830335,0.13700475,0.003731557,0.20953174,0.1837135,0.045928374
12859,0.20854779,0.109475136,0.30762044,0.20589189,1.5043195,1.1765779,0.29414448
12860,0.11160925,0.119011916,0.104206584,0.033353955,0.04892969,0.054712515,0.013678129
12861,0.25125828,0.14098787,0.36152872,0.2624649,1.5109407,1.8271207,0.45678017
12862,0.1623304,0.14986938,0.17479141,0.0882467,0.9271083,0.9822114,0.24555285
12863,0.21346223,0.1717542,0.25517026,0.09655235,0.13058454,0.1707201,0.042680025
12864,0.21675195,0.16315499,0.27034894,0.13950175,1.4875736,1.3683714,0.34209284
12865,0.12884809,0.1527834,0.10491278,0.01183033,0.46979514,0.3480176,0.0870044
12866,0.2017358,0.14470507,0.2587665,0.02298457,0.27629122,0.1853516,0.0463379
12867,0.19731863,0.13414107,0.2604962,0.0653254,0.6178759,0.47059992,0.11764998
12868,0.09765497,0.12344482,0.07186512,0.012636592,0.19486058,0.12568629,0.031421572
12869,0.101806395,0.11028556,0.093327224,0.0066755265,0.21601059,0.1578623,0.039465576
12870,0.10555724,0.11284544,0.09826905,0.006933749,0.22931743,0.16801286,0.042003214
12871,0.18150295,0.13325183,0.22975409,0.06016921,0.8947079,0.99599916,0.24899979
12872,0.2770879,0.1340242,0.4201516,0.09525982,0.6496704,0.39345542,0.098363854
12873,0.12687425,0.14014238,0.11360613,0.005309381,0.46444044,0.41484773,0.10371193
12874,0.29486144,0.14345334,0.44626954,0.23134683,1.2740859,1.8246778,0.45616946
12875,0.1628765,0.14173208,0.18402094,0.0069033094,0.23224902,0.18149972,0.04537493
12876,0.124189645,0.14259529,0.105784,0.035645332,0.022586562,0.06713624,0.01678406
12877,0.12587424,0.13596298,0.1157855,0.007612212,0.37699905,0.29966187,0.07491547
12878,0.18764152,0.13789605,0.237387,0.0830994,1.051983,1.1674323,0.29185808
12879,0.18382375,0.12892438,0.23872311,0.14872544,1.2727269,1.3831853,0.34579632
12880,0.09328514,0.11963168,0.06693862,0.019893847,0.33632794,0.21897419,0.054743547
12881,0.17718436,0.1161831,0.23818563,0.032452628,0.34604886,0.2607253,0.06518132
12882,0.16648258,0.12733535,0.20562983,0.013920236,0.38348827,0.3171713,0.07929283
12883,0.12720896,0.13440964,0.12000828,0.04566789,0.045624584,0.039887015,0.009971754
12884,0.15460426,0.15483324,0.15437526,0.06780361,0.07231113,0.071932085,0.017983021
12885,0.23531176,0.1731,0.29752353,0.052639086,0.040999267,0.04747965,0.011869912
12886,0.181464,0.17503743,0.18789057,0.058672924,0.052181453,0.07358075,0.018395187
12887,0.18397065,0.19307698,0.17486429,0.07626992,0.07061732,0.07137191,0.017842978
12888,0.31581333,0.18737936,0.44424728,0.12086562,1.0377599,1.1428939,0.28572348
12889,0.21271761,0.19436248,0.23107274,0.036149964,0.03291697,0.05701522,0.014253805
12890,0.3907273,0.18827333,0.5931813,0.18508355,1.4709415,1.7771248,0.4442812
12891,0.14449829,0.17753243,0.11146414,0.038951147,0.3937004,0.23664694,0.059161734
12892,0.1712277,0.16220985,0.18024552,0.030674638,0.023763508,0.03820388,0.00955097
12893,0.1982712,0.14656185,0.24998052,0.117367096,0.092802264,0.07771609,0.019429022
12894,0.19003542,0.14984739,0.23022346,0.025386794,0.3966672,0.25010005,0.06252501
12895,0.23648788,0.14904958,0.32392618,0.06788343,0.5632042,0.33128414,0.082821034
12896,0.15664227,0.1493135,0.16397105,0.004126007,0.22533636,0.18557441,0.046393603
12897,0.21741669,0.15991615,0.27491724,0.052060764,0.52422583,0.38004407,0.09501102
12898,0.16667329,0.16384825,0.16949832,0.0045534587,0.3600774,0.32564214,0.081410535
12899,0.23954509,0.16231583,0.31677434,0.100426175,0.035851896,0.17704122,0.044260304
12900,0.15989652,0.15732639,0.16246666,0.058814805,0.63479656,0.66114295,0.16528574
12901,0.14860906,0.14879392,0.14842421,0.061396968,0.7067439,0.66248864,0.16562216
12902,0.17675276,0.14483435,0.2086712,0.015155313,0.3321791,0.31356478,0.078391194
12903,0.12308576,0.12327465,0.12289687,0.005065572,0.31975305,0.25899887,0.06474972
12904,0.22123694,0.11529842,0.32717547,0.10587251,0.7395217,0.5248905,0.13122262
12905,0.11599415,0.11376675,0.118221544,0.038879294,0.025707245,0.06290581,0.015726453
12906,0.13732755,0.104774036,0.16988106,0.05414921,0.87809247,0.9103074,0.22757685
12907,0.10987058,0.1015866,0.11815456,0.012522484,0.35570225,0.2933475,0.07333688
12908,0.121783756,0.100533225,0.14303428,0.047910452,0.04278469,0.06473077,0.016182693
12909,0.09674686,0.09340762,0.10008609,0.0044587017,0.20934264,0.20932503,0.052331258
12910,0.085368745,0.08147312,0.08926437,0.0054152217,0.17603858,0.13644849,0.034112122
12911,0.12673897,0.07271293,0.18076499,0.05706172,0.5339362,0.53407407,0.13351852
12912,0.07662914,0.07082788,0.08243039,0.006105416,0.27459547,0.30510095,0.07627524
12913,0.08010764,0.07011249,0.090102784,0.029332057,0.30501464,0.21667327,0.054168317
12914,0.07010821,0.06713911,0.07307731,0.0063878787,0.27833018,0.3160443,0.079011075
12915,0.070922896,0.0641986,0.077647194,0.007159879,0.37242672,0.3425293,0.085632324
12916,0.07013107,0.06437296,0.075889185,0.0061864355,0.4385306,0.43083343,0.10770836
12917,0.12494319,0.07010176,0.17978461,0.098104775,0.9214079,1.2609237,0.31523094
12918,0.10184944,0.076714106,0.12698478,0.076547705,1.0021205,1.2736536,0.3184134
12919,0.169885,0.08323657,0.2565334,0.17059939,1.1287155,1.5796772,0.3949193
12920,0.13057332,0.08807087,0.17307578,0.06683021,0.8588245,0.9953995,0.24884987
12921,0.08438873,0.08928362,0.07949383,0.017211566,0.5912648,0.51698565,0.12924641
12922,0.108474255,0.07940724,0.13754128,0.11888953,0.117887974,0.18399654,0.045999136
12923,0.10863501,0.066598885,0.15067114,0.06292585,0.80087644,0.98333645,0.24583411
12924,0.07696823,0.06261882,0.09131763,0.050788432,0.052995455,0.017119668,0.004279917
12925,0.089375295,0.06300577,0.11574482,0.05533878,0.7245612,0.7861188,0.1965297
12926,0.14215973,0.06504733,0.21927214,0.18502332,1.0435927,1.0894479,0.27236196
12927,0.090549804,0.06796113,0.113138475,0.042755816,0.7610523,0.76136374,0.19034094
12928,0.121699184,0.065375164,0.1780232,0.11135896,0.04025467,0.19331269,0.048328172
12929,0.06950114,0.06355089,0.0754514,0.006640546,0.2332509,0.27572083,0.06893021
12930,0.07988482,0.06875285,0.09101679,0.0134445885,0.40362433,0.30387965,0.07596991
12931,0.0949449,0.07799461,0.1118952,0.053356692,0.027375102,0.07357707,0.018394267
12932,0.115568824,0.08057731,0.15056035,0.06618019,0.026666204,0.08054235,0.020135587
12933,0.097016744,0.07578149,0.118252,0.0414777,0.016170224,0.049394358,0.0123485895
12934,0.096866466,0.06878952,0.12494341,0.06145361,0.06145392,0.035408035,0.008852009
12935,0.09574306,0.06651502,0.1249711,0.039528918,0.62501204,0.5684218,0.14210545
12936,0.14395453,0.069798864,0.2181102,0.13556941,0.82491946,0.71456796,0.17864199
12937,0.07307222,0.07751114,0.06863329,0.030639065,0.012283404,0.026986629,0.006746657
12938,0.09639887,0.085535474,0.107262254,0.037015107,0.37284788,0.47030202,0.117575504
12939,0.09766888,0.08702729,0.10831046,0.074485704,0.03572755,0.08123969,0.020309923
12940,0.111691,0.08431202,0.13906997,0.04688391,0.031582046,0.078385375,0.019596344
12941,0.08307619,0.08530658,0.08084581,0.008412346,0.304283,0.23616923,0.05904231
12942,0.13286945,0.08904388,0.17669503,0.067112856,0.06383574,0.077326395,0.019331599
12943,0.10887936,0.08947871,0.12828,0.07219045,0.059072524,0.050083105,0.012520776
12944,0.08338044,0.08712498,0.07963591,0.005476924,0.25494626,0.23358929,0.058397323
12945,0.15932621,0.08876928,0.22988315,0.1464955,1.2140905,1.7332116,0.4333029
12946,0.092894636,0.08858403,0.097205244,0.005739531,0.449023,0.44278073,0.11069518
12947,0.08188779,0.08146321,0.082312375,0.014660944,0.42589474,0.41763258,0.104408145
12948,0.07838808,0.074748285,0.082027875,0.016046962,0.3815426,0.3333719,0.08334298
12949,0.07400069,0.075307064,0.07269431,0.017850295,0.5105026,0.38738975,0.09684744
12950,0.07503507,0.08155463,0.06851551,0.012398865,0.5286051,0.43150392,0.10787598
12951,0.0812405,0.0864442,0.07603679,0.010281613,0.5570307,0.5277023,0.13192557
12952,0.08203329,0.09100305,0.07306353,0.015615585,0.2531552,0.18021266,0.045053165
12953,0.11565229,0.09524312,0.13606147,0.066915564,0.045862783,0.10931447,0.027328618
12954,0.09265792,0.09825361,0.08706225,0.00999584,0.40822518,0.506682,0.1266705
12955,0.09525723,0.1007181,0.089796364,0.014788068,0.4358035,0.34880403,0.08720101
12956,0.10725037,0.10241317,0.112087585,0.014531436,0.23108959,0.1765079,0.044126976
12957,0.10237173,0.11006529,0.094678186,0.0101458,0.5651778,0.63503563,0.15875891
12958,0.14764701,0.12133787,0.17395616,0.03276278,0.039521065,0.043401044,0.010850261
12959,0.179443,0.13443728,0.22444873,0.059584588,0.6938537,0.7818634,0.19546585
12960,0.17081179,0.14754193,0.19408166,0.023918748,0.50290895,0.43033385,0.10758346
12961,0.15814878,0.15719219,0.15910538,0.0031895454,0.23054771,0.20593715,0.051484287
12962,0.1896729,0.17468582,0.20465998,0.101232946,1.0351502,1.0852588,0.2713147
12963,0.18370901,0.19212393,0.17529409,0.10312381,0.06241892,0.21106179,0.052765448
12964,0.18508692,0.1927282,0.17744567,0.012507255,0.29094788,0.34862128,0.08715532
12965,0.21929793,0.18095253,0.2576433,0.054397907,0.028189732,0.068636455,0.017159114
12966,0.1860971,0.17824632,0.1939479,0.10164168,0.0846583,0.167009,0.04175225
12967,0.19110675,0.18503757,0.19717593,0.004611384,0.15309978,0.12023059,0.030057648
12968,0.2369494,0.1866409,0.2872579,0.095731355,0.9184127,1.1784109,0.29460272
12969,0.18699527,0.18093169,0.19305886,0.06159843,0.74934834,0.85084265,0.21271066
12970,0.21165986,0.18733208,0.23598766,0.1539164,0.85043746,1.3002264,0.3250566
12971,0.22170448,0.18497837,0.2584306,0.036963597,0.39166018,0.44943714,0.112359285
12972,0.19973032,0.17428102,0.22517963,0.05258745,0.020093428,0.060282484,0.015070621
12973,0.1857344,0.15993495,0.21153389,0.11763298,0.08763516,0.25746953,0.06436738
12974,0.16049196,0.15229498,0.16868894,0.0066481917,0.18354176,0.1478831,0.036970776
12975,0.1817364,0.15907858,0.20439418,0.06853622,0.03235404,0.09979999,0.024949998
12976,0.14982966,0.16511242,0.13454689,0.0510945,0.028523326,0.06068215,0.015170538
12977,0.17008579,0.17673396,0.16343762,0.028391512,0.026652912,0.043657128,0.010914282
12978,0.16882086,0.19063826,0.14700346,0.01577767,0.29863253,0.20862423,0.052156057
12979,0.17855994,0.19301032,0.16410956,0.10594386,0.10213077,0.23559628,0.05889907
12980,0.19549249,0.1955958,0.19538917,0.029565444,0.026784323,0.022844391,0.0057110977
12981,0.22052974,0.20211123,0.23894824,0.017428018,0.4258884,0.33196858,0.082992144
12982,0.27624503,0.20629509,0.34619498,0.08002507,0.7960682,0.6156934,0.15392335
12983,0.20796084,0.2129808,0.20294087,0.098373346,0.110958196,0.18721555,0.046803888
12984,0.19065319,0.21854556,0.16276081,0.010612919,0.3689355,0.27409247,0.06852312
12985,0.34901747,0.21215713,0.48587784,0.13739973,0.68343765,0.41293797,0.10323449
12986,0.20075707,0.2004003,0.20111382,0.03028726,0.01795271,0.03725688,0.00931422
12987,0.21085878,0.18895917,0.23275839,0.00914454,0.6023287,0.49293733,0.12323433
12988,0.20889698,0.16923122,0.24856274,0.044503268,0.021416515,0.08254165,0.020635413
12989,0.15305877,0.14940752,0.15671001,0.09081923,0.081842355,0.12340587,0.030851467
12990,0.19026594,0.12973024,0.2508016,0.05634423,0.71361095,0.50189644,0.12547411
12991,0.1807804,0.124405086,0.23715569,0.045064837,0.3918159,0.2077356,0.0519339
12992,0.17377698,0.12465342,0.22290057,0.09182324,0.084470235,0.24835968,0.06208992
12993,0.14062794,0.13072251,0.15053336,0.024733365,0.020443678,0.021460429,0.005365107
12994,0.15103124,0.12851475,0.17354774,0.05423543,0.03091681,0.10522496,0.02630624
12995,0.113436125,0.10762455,0.119247705,0.00872112,0.43410638,0.43208662,0.108021654
12996,0.1584243,0.08214953,0.23469909,0.07886132,0.80614996,0.7749762,0.19374405
12997,0.08217168,0.06720584,0.09713751,0.007503954,0.6513122,0.61293846,0.15323462
12998,0.08918735,0.064916514,0.11345818,0.06509601,0.049541395,0.07306436,0.01826609
12999,0.1437185,0.06953602,0.21790099,0.08325926,1.0409707,1.0311799,0.25779498
13000,0.07669787,0.0734945,0.07990124,0.009018612,0.48460793,0.3848594,0.09621485
13001,0.06790196,0.0719054,0.06389851,0.04637529,0.56130266,0.47069815,0.11767454
13002,0.09230403,0.06470837,0.11989969,0.07666055,1.1436538,1.1052767,0.27631918
13003,0.117266595,0.05954763,0.17498557,0.06319479,0.64620656,0.5260335,0.13150838
13004,0.090665795,0.0593234,0.12200818,0.088200964,0.059398014,0.2246617,0.056165423
13005,0.07665962,0.062230647,0.09108859,0.016861368,0.4710319,0.4253489,0.10633723
13006,0.065734014,0.059720557,0.071747474,0.0078380555,0.28807035,0.25016883,0.06254221
13007,0.10797336,0.060411442,0.15553527,0.06071161,0.06052478,0.12483505,0.031208763
13008,0.0775946,0.06220789,0.092981316,0.025304332,0.52819353,0.460355,0.11508875
13009,0.074505545,0.06430512,0.08470597,0.07596249,0.6439583,0.5915505,0.14788763
13010,0.09614327,0.0665177,0.12576883,0.03876515,0.56182563,0.4103407,0.102585174
13011,0.10054547,0.06718152,0.13390943,0.11163873,0.82106,0.98473024,0.24618256
13012,0.13082728,0.06826923,0.19338532,0.1170255,0.8683553,0.91731995,0.22932999
13013,0.11106882,0.07255233,0.14958532,0.073001735,0.083719574,0.080506094,0.020126523
13014,0.10710124,0.07551778,0.1386847,0.026729682,0.49461603,0.5035527,0.12588817
13015,0.097673394,0.07783539,0.117511414,0.095311254,1.0481658,1.2390643,0.30976608
13016,0.10952831,0.079463564,0.13959305,0.06862388,0.5125157,0.336486,0.0841215
13017,0.115333505,0.07916409,0.15150292,0.041267842,0.52067274,0.34959123,0.08739781
13018,0.07787782,0.08088723,0.0748684,0.005292705,0.44258595,0.3850511,0.096262775
13019,0.09549896,0.08226716,0.10873077,0.011169854,0.5714409,0.4590691,0.114767276
13020,0.124609806,0.081128605,0.16809101,0.09536148,0.93890315,0.975128,0.243782
13021,0.08420632,0.07798512,0.09042752,0.058991734,0.039956886,0.12499505,0.031248763
13022,0.09490817,0.07507251,0.11474383,0.048898812,0.8168793,0.765995,0.19149876
13023,0.15254743,0.072984755,0.23211013,0.11111354,1.2533131,1.3965739,0.34914348
13024,0.10541133,0.07306042,0.13776223,0.016452229,0.2533137,0.20700343,0.051750857
13025,0.0733343,0.072187595,0.074481,0.022748372,0.56085366,0.4118322,0.10295805
13026,0.086705185,0.07330484,0.10010555,0.08357007,0.7883337,0.80643994,0.20160998
13027,0.09329272,0.07496808,0.11161738,0.03828947,0.4287467,0.36196747,0.09049187
13028,0.091514625,0.076721944,0.10630732,0.020210119,0.35016665,0.22253513,0.055633783
13029,0.09786249,0.07805965,0.11766533,0.056354135,0.039030235,0.07632809,0.019082023
13030,0.09565803,0.08398675,0.10732931,0.10066565,0.10882022,0.26740968,0.06685242
13031,0.23510085,0.08637288,0.3838288,0.17695801,1.113855,1.2868336,0.3217084
13032,0.08110106,0.085910134,0.076291986,0.020255359,0.014329274,0.020015104,0.005003776
13033,0.12566383,0.088536024,0.16279165,0.046661217,0.8790514,0.9098403,0.22746007
13034,0.09245493,0.09054932,0.09436054,0.0044955644,0.22481906,0.19768126,0.049420316
13035,0.14075853,0.091801785,0.18971527,0.06046784,1.0321026,1.0947793,0.2736948
13036,0.22391282,0.09133596,0.35648966,0.123158306,0.68693495,0.6626423,0.16566058
13037,0.17660666,0.092276014,0.2609373,0.09177759,0.47867087,0.30203727,0.07550932
13038,0.084909804,0.0939131,0.07590652,0.07105418,1.039967,0.95479393,0.23869848
13039,0.094435,0.09779832,0.09107169,0.07121455,1.1886349,1.091848,0.272962
13040,0.13738838,0.10249919,0.17227757,0.015416823,0.30914307,0.29666838,0.074167095
13041,0.1479259,0.10824982,0.18760197,0.05496666,0.960548,0.91875094,0.22968774
13042,0.15992053,0.11133143,0.20850964,0.05801926,1.0770446,1.071278,0.2678195
13043,0.121191084,0.10924653,0.13313563,0.005814778,0.61523056,0.6048119,0.15120298
13044,0.09647701,0.098901905,0.09405211,0.06320826,0.070364594,0.16560377,0.041400943
13045,0.08973384,0.083675675,0.095791996,0.06389262,1.1322601,0.9813872,0.2453468
13046,0.09161239,0.075197734,0.10802704,0.017443541,0.48789915,0.39138687,0.09784672
13047,0.099995196,0.07341226,0.12657814,0.051528484,0.9854622,0.8261625,0.20654063
13048,0.065424815,0.07369181,0.057157826,0.079212606,0.022200108,0.0974431,0.024360774
13049,0.0776076,0.07665409,0.078561105,0.0030787464,0.163929,0.1531863,0.038296577
13050,0.18243514,0.079863064,0.2850072,0.16417332,0.87871367,0.64800346,0.16200086
13051,0.086951174,0.08402785,0.089874506,0.013873222,0.42608023,0.32243875,0.08060969
13052,0.12732579,0.08707514,0.16757645,0.043361258,0.034352303,0.096273325,0.024068331
13053,0.09204006,0.09144715,0.09263297,0.018719142,0.43413258,0.36739913,0.09184978
13054,0.14804368,0.09338331,0.20270403,0.08769152,0.06331873,0.19780017,0.049450044
13055,0.102318525,0.09185648,0.11278058,0.010899971,0.38018036,0.29164806,0.072912015
13056,0.08823967,0.09211576,0.08436358,0.0084494045,0.4467443,0.3992866,0.09982165
13057,0.121585004,0.091897786,0.15127222,0.049128,0.03682105,0.0706146,0.01765365
13058,0.10470117,0.0931496,0.11625274,0.05089444,0.020886898,0.06921213,0.017303033
13059,0.098354004,0.09471017,0.10199782,0.060860544,0.038211506,0.11484166,0.028710416
13060,0.1383733,0.1002656,0.176481,0.041560624,0.035764534,0.054514926,0.0136287315
13061,0.12222249,0.10522479,0.1392202,0.034126144,0.034698326,0.080521055,0.020130264
13062,0.17811328,0.11233929,0.24388729,0.10389974,1.2646036,1.3510046,0.33775115
13063,0.09453833,0.11784843,0.07122823,0.01673383,0.20991404,0.16633683,0.04158421
13064,0.22278361,0.122746706,0.3228205,0.14333366,1.2709898,1.0530461,0.26326153
13065,0.2133273,0.13277404,0.29388058,0.13116622,0.1198233,0.1554967,0.038874175
13066,0.20460403,0.13900325,0.2702048,0.04500212,0.027391592,0.035524957,0.008881239
13067,0.17615657,0.14661258,0.20570056,0.054632682,0.07667907,0.06455176,0.01613794
13068,0.17971306,0.15791224,0.20151384,0.050825316,0.06115055,0.07819613,0.019549033
13069,0.13690683,0.16521682,0.10859684,0.015315038,0.570329,0.49823365,0.12455841
13070,0.20364673,0.176035,0.23125847,0.043285746,0.05395015,0.045962553,0.011490638
13071,0.15219171,0.1858437,0.11853973,0.016276402,0.6695404,0.6073614,0.15184034
13072,0.20482258,0.19258158,0.21706359,0.012436566,0.5884509,0.46365198,0.115912996
13073,0.18647742,0.19660842,0.17634644,0.06709573,1.2022978,1.078753,0.26968825
13074,0.21738409,0.2043217,0.23044646,0.07700267,1.2745012,1.2168449,0.30421123
13075,0.25394407,0.21104415,0.29684398,0.09064778,0.09149758,0.07732894,0.019332236
13076,0.18076234,0.21996456,0.1415601,0.015297953,0.5176036,0.4644369,0.11610922
13077,0.30021086,0.22729564,0.37312612,0.07180722,1.3764769,1.4331976,0.3582994
13078,0.19579782,0.2295345,0.16206114,0.01125589,0.50684357,0.38983145,0.09745786
13079,0.30544445,0.23103833,0.3798506,0.12771425,0.11717081,0.05542153,0.013855383
13080,0.25500128,0.23240721,0.2775953,0.007315868,0.35343084,0.27928916,0.06982229
13081,0.26292977,0.24194165,0.2839179,0.025668785,0.010083039,0.029212773,0.007303193
13082,0.19795668,0.24980299,0.14611036,0.14591323,1.5354443,1.4745046,0.36862615
13083,0.33353642,0.25514707,0.4119258,0.071252815,0.09282907,0.10206757,0.025516892
13084,0.25017607,0.25955594,0.24079621,0.0617273,1.089508,0.9110454,0.22776134
13085,0.33764294,0.26634052,0.40894535,0.08732927,0.09256903,0.06003705,0.015009263
13086,0.24471243,0.2747444,0.21468048,0.009244382,0.5459728,0.44772097,0.11193024
13087,0.3002164,0.28485727,0.3155755,0.05437209,0.62378246,0.46410537,0.11602634
13088,0.28295785,0.29221153,0.27370417,0.048526216,0.7828822,0.6332839,0.15832098
13089,0.41063818,0.30792943,0.5133469,0.113069125,0.10095342,0.06456014,0.016140034
13090,0.24765818,0.30071953,0.19459681,0.21526198,1.2636381,1.4540035,0.36350086
13091,0.23605795,0.29242077,0.17969514,0.0792372,1.1265067,1.0805727,0.27014318
13092,0.30497146,0.2792121,0.33073086,0.061186194,0.022559961,0.12178872,0.03044718
13093,0.25714156,0.2918152,0.22246794,0.008935551,0.17227428,0.11667975,0.029169938
13094,0.27780253,0.30410966,0.2514954,0.00976365,0.29219818,0.22836621,0.057091553
13095,0.360419,0.3288041,0.3920339,0.070345856,1.0176765,1.1368952,0.2842238
13096,0.3561931,0.33343276,0.37895346,0.087664396,0.6698489,0.5774675,0.14436688
13097,0.3343818,0.32689127,0.34187225,0.006435377,0.47084093,0.4571531,0.11428828
13098,0.26509175,0.32232928,0.2078542,0.13694395,0.7487407,0.67410207,0.16852552
13099,0.40981868,0.32750604,0.49213135,0.16010332,1.2070142,0.9837777,0.24594443
13100,0.35800946,0.34548286,0.37053606,0.06363526,0.07951462,0.13307738,0.033269346
13101,0.3465415,0.3697221,0.3233609,0.0563006,0.027391434,0.06096664,0.01524166
13102,0.46918917,0.4082131,0.53016526,0.013582033,0.29880634,0.20757711,0.051894277
13103,0.45584866,0.453053,0.4586443,0.079150416,1.2510267,1.1799387,0.29498467
13104,0.6034693,0.4986453,0.70829326,0.13018005,1.2446421,1.0477628,0.2619407
13105,0.5405913,0.5191047,0.5620779,0.06312924,0.02263371,0.09990972,0.02497743
13106,0.54037184,0.5534266,0.527317,0.049998507,0.022877136,0.049920905,0.012480226
13107,0.5662934,0.5784116,0.5541752,0.052848145,0.8451726,0.92682976,0.23170744
13108,0.62093467,0.60036474,0.6415046,0.045550246,0.68969804,0.6552624,0.1638156
13109,0.6066231,0.6040389,0.6092074,0.040560566,0.66256255,0.69581413,0.17395353
13110,0.69709843,0.57919145,0.8150053,0.10914302,1.1223487,1.0648369,0.26620921
13111,0.53452086,0.5736878,0.49535394,0.02844812,0.015469313,0.062219184,0.015554796
13112,0.5911754,0.5808252,0.60152555,0.05997916,0.6516747,0.6961495,0.17403738
13113,0.57618386,0.5762394,0.5761283,0.014881021,0.2671608,0.19438554,0.048596386
13114,0.58379763,0.5714393,0.5961558,0.042251855,0.5857677,0.52892286,0.13223071
13115,0.58468914,0.5820375,0.58734083,0.0030744763,0.19165643,0.17442864,0.04360716
13116,0.55331236,0.5754445,0.5311803,0.0041582924,0.49112332,0.53628486,0.13407122
13117,0.59405655,0.56581813,0.62229496,0.041088708,0.020911058,0.071726546,0.017931636
13118,0.49828026,0.54594797,0.45061255,0.012936159,0.21564929,0.14388101,0.035970252
13119,0.5305868,0.57394034,0.48723328,0.007216496,0.4762176,0.52724934,0.13181233
13120,0.6783192,0.57998204,0.7766564,0.053154815,0.034466904,0.11841471,0.029603677
13121,0.6873558,0.5982253,0.77648646,0.06362317,0.6893466,0.55673426,0.13918357
13122,0.57879275,0.6449775,0.51260805,0.017377418,0.20691288,0.11744251,0.029360628
13123,0.66030276,0.67456645,0.64603907,0.092552066,0.8847057,0.6757129,0.16892822
13124,0.9372053,0.7304044,1.1440063,0.10647019,1.820691,1.4434257,0.3608564
13125,1.0407332,0.75257856,1.3288878,0.1071525,0.78608876,0.47142458,0.117856145
13126,0.7284367,0.7777171,0.6791563,0.014006131,0.3687912,0.35992017,0.08998004
13127,0.7950926,0.80235654,0.7878286,0.017966595,0.01704967,0.029436314,0.0073590786
13128,0.755795,0.7801011,0.7314889,0.009896169,0.44543824,0.41442153,0.10360538
13129,0.74880964,0.76157767,0.73604155,0.019265436,0.31970906,0.21574982,0.053937454
13130,0.7484396,0.7103364,0.7865429,0.006048893,0.5785755,0.50859743,0.12714936
13131,0.7566304,0.68137616,0.8318847,0.014547891,0.38997182,0.28811345,0.07202836
13132,0.59731525,0.61582696,0.5788035,0.10781211,0.057578187,0.16995543,0.042488858
13133,0.65091664,0.55652505,0.74530816,0.060312826,0.051437695,0.15225764,0.03806441
13134,0.59790903,0.52257633,0.6732418,0.016024798,0.38398448,0.2880217,0.07200543
13135,0.62353486,0.50100327,0.7460665,0.06614002,1.0741976,0.8490831,0.21227078
13136,0.5002385,0.4738916,0.5265854,0.0048380434,0.55059355,0.49060032,0.12265008
13137,0.42624125,0.4460932,0.40638933,0.0056101345,0.27204064,0.2563876,0.0640969
13138,0.43894085,0.41914248,0.4587392,0.004791519,0.3744382,0.3210143,0.08025358
13139,0.31394327,0.3980179,0.2298686,0.12423857,0.64181995,0.4463124,0.1115781
13140,0.31065786,0.35063925,0.27067643,0.103208,1.2789401,1.1714357,0.29285893
13141,0.28715605,0.27523947,0.29907262,0.042506825,0.6587185,0.6199859,0.15499647
13142,0.27472386,0.2045259,0.3449218,0.06583694,0.019242605,0.07599098,0.018997746
13143,0.23995261,0.1467713,0.3331339,0.10757222,0.09372187,0.14211719,0.035529297
13144,0.16479501,0.10656365,0.22302638,0.063980184,1.0359465,1.0920242,0.27300605
13145,0.090683855,0.088120945,0.093246765,0.15455075,1.0648402,1.4389137,0.35972843
13146,0.08043886,0.069881,0.090996735,0.012831681,0.3289547,0.27250597,0.06812649
13147,0.08240112,0.059055228,0.10574701,0.038603593,0.56621116,0.60899305,0.15224826
13148,0.13919188,0.048819646,0.22956413,0.113087,0.64233637,0.53956294,0.13489074
13149,0.06731729,0.044956643,0.08967794,0.027816096,0.0116666155,0.026257323,0.006564331
13150,0.13951932,0.04065,0.23838866,0.15304068,0.73558116,0.5756809,0.14392023
13151,0.041441027,0.041544646,0.041337404,0.0056236344,0.24911432,0.24201143,0.060502857
13152,0.04841204,0.039948773,0.056875307,0.014411453,0.27391306,0.2853543,0.07133857
13153,0.047369927,0.041825872,0.05291399,0.011550777,0.4310538,0.39943752,0.09985938
13154,0.051024366,0.04263988,0.05940886,0.010027199,0.6845314,0.6122945,0.15307362
13155,0.05482288,0.043022465,0.0666233,0.029825175,0.32583293,0.3984476,0.0996119
13156,0.14245635,0.040070187,0.24484253,0.14093587,0.14486282,0.037754033,0.009438508
13157,0.039602872,0.03746375,0.041741993,0.004084147,0.3549346,0.33416823,0.08354206
13158,0.04116572,0.035645526,0.04668592,0.0119917365,0.18274944,0.182441,0.04561025
13159,0.03601895,0.03589839,0.036139503,0.0050796983,0.3118216,0.31120458,0.077801146
13160,0.11004302,0.038421135,0.1816649,0.18043746,0.8239382,1.2743899,0.31859747
13161,0.109303,0.041297864,0.17730814,0.08104497,0.10200945,0.055186138,0.013796534
13162,0.12305468,0.043681968,0.20242739,0.13180338,0.84405166,0.88258505,0.22064626
13163,0.11008301,0.041382425,0.17878358,0.07388849,0.08674765,0.027307332,0.006826833
13164,0.040910054,0.038626242,0.043193866,0.0055336393,0.2433459,0.25114426,0.062786065
13165,0.16634527,0.039179325,0.2935112,0.16634734,0.17761707,0.06781299,0.016953247
13166,0.089618824,0.042052854,0.1371848,0.13707913,0.32261166,0.65683585,0.16420896
13167,0.077526174,0.040391073,0.11466128,0.054981332,0.008238475,0.06534761,0.016336903
13168,0.08617419,0.03442209,0.1379263,0.08208538,0.010625203,0.10373137,0.025932843
13169,0.046679776,0.031521246,0.0618383,0.017660143,0.20086916,0.14070153,0.035175383
13170,0.030965365,0.0313801,0.030550634,0.0029005145,0.30963516,0.29348275,0.07337069
13171,0.075447686,0.03646389,0.11443149,0.047053367,0.6078655,0.42931005,0.10732751
13172,0.15567635,0.040907677,0.27044502,0.15486063,0.21336627,0.19071686,0.047679216
13173,0.10324341,0.050619323,0.15586749,0.0567463,0.508393,0.32378462,0.080946155
13174,0.15253104,0.062081862,0.24298023,0.09053031,0.09206363,0.029662242,0.0074155605
13175,0.07585079,0.07942603,0.07227555,0.00427744,0.23976326,0.2166708,0.0541677
13176,0.2278278,0.08533093,0.3703247,0.22419755,0.94161445,1.4094063,0.35235158
13177,0.08868599,0.09340909,0.08396288,0.0034224335,0.27727523,0.25262982,0.063157454
13178,0.19493799,0.10814116,0.2817348,0.08550172,0.119102515,0.113286845,0.028321711
13179,0.15963195,0.12042287,0.19884102,0.06510318,0.019063314,0.11078662,0.027696654
13180,0.11156175,0.1226213,0.100502215,0.008005927,0.1613183,0.12648444,0.03162111
13181,0.2170914,0.12951253,0.3046703,0.09757153,0.78011733,1.1313623,0.28284058
13182,0.15055342,0.12492287,0.17618395,0.108756565,1.0123954,1.4087759,0.35219398
13183,0.16925158,0.12862866,0.20987451,0.022720829,0.23547964,0.15109237,0.03777309
13184,0.1506701,0.131864,0.1694762,0.009776303,0.52149326,0.44533578,0.111333944
13185,0.304971,0.13885592,0.4710861,0.15738975,0.19825594,0.14589468,0.03647367
13186,0.2754839,0.15065135,0.40031648,0.1990574,1.2260394,1.0859779,0.27149448
13187,0.22745164,0.17939524,0.27550805,0.023031047,0.52806807,0.4005871,0.10014678
13188,0.2846581,0.19670999,0.3726062,0.06609281,0.0845449,0.1155344,0.0288836
13189,0.26092437,0.20380168,0.31804705,0.21218598,0.116129555,0.3173895,0.07934737
13190,0.2528154,0.21721649,0.28841433,0.15690957,0.09498104,0.24921991,0.062304977
13191,0.18901056,0.21888293,0.15913819,0.010580748,0.3634049,0.28049755,0.07012439
13192,0.26284513,0.20341866,0.32227162,0.12401924,1.1248478,1.1875967,0.29689917
13193,0.23358923,0.19363753,0.27354094,0.016730996,0.18647134,0.13462426,0.033656064
13194,0.14684553,0.17908192,0.114609145,0.013809902,0.26540026,0.18415427,0.046038568
13195,0.20820057,0.17766331,0.23873782,0.0117455395,0.20349215,0.15717737,0.039294343
13196,0.14022529,0.17817639,0.10227421,0.021703007,0.2526711,0.16257586,0.040643964
13197,0.184671,0.1841902,0.18515182,0.04980431,0.02500534,0.049770772,0.012442693
13198,0.23418486,0.19097681,0.2773929,0.066964045,1.0226177,1.1597514,0.28993785
13199,0.23370422,0.20981817,0.2575903,0.04316753,0.66318995,0.71395844,0.17848961
13200,0.32054946,0.21902446,0.42207447,0.16003741,1.1745542,1.096541,0.27413526
13201,0.18046446,0.24128199,0.119646944,0.0955261,0.065880775,0.044275027,0.011068757
13202,0.22272818,0.24856526,0.19689108,0.01038204,0.6106725,0.5049217,0.12623042
13203,0.38892984,0.25803515,0.5198245,0.094358444,0.11001357,0.16363604,0.04090901
13204,0.24957895,0.2558284,0.24332948,0.013725176,0.48657563,0.4317062,0.10792655
13205,0.30853465,0.24997897,0.3670903,0.025795305,0.3848933,0.30585775,0.07646444
13206,0.18734564,0.2390955,0.1355958,0.06509685,0.04154094,0.039942022,0.009985506
13207,0.24719179,0.24397413,0.25040945,0.008263114,0.56777304,0.5671461,0.14178653
13208,0.21335892,0.23712258,0.18959527,0.031119518,0.023145914,0.02657262,0.006643155
13209,0.2875141,0.24746512,0.32756305,0.020759718,0.54219747,0.47442722,0.118606806
13210,0.3315975,0.24898791,0.4142071,0.087131046,0.7745889,0.69294006,0.17323501
13211,0.1898129,0.26383755,0.11578826,0.04773994,0.56099254,0.36315522,0.090788804
13212,0.28469932,0.28732422,0.28207442,0.0056998595,0.5799488,0.5894474,0.14736184
13213,0.34104,0.29887307,0.38320684,0.07688208,1.1932335,1.253815,0.31345376
13214,0.26096085,0.27149358,0.25042814,0.004235846,0.30949858,0.3191935,0.07979838
13215,0.1771791,0.23066556,0.12369263,0.023835927,0.51737165,0.34024358,0.085060894
13216,0.23021634,0.18478765,0.27564502,0.07753291,0.069674335,0.12020541,0.030051352
13217,0.18588315,0.15756457,0.2142017,0.07283657,1.101302,1.1272668,0.2818167
13218,0.15344073,0.13841212,0.16846932,0.043064553,0.6100982,0.5719547,0.14298868
13219,0.24560928,0.13418525,0.35703328,0.119892955,0.9915069,0.7468088,0.1867022
13220,0.11072833,0.1346186,0.086838074,0.021092838,0.6239659,0.42960307,0.10740077
13221,0.13488604,0.14609654,0.12367555,0.23019855,0.18803644,0.11591742,0.028979355
13222,0.1615337,0.15745087,0.16561651,0.09597371,0.13674212,0.14003943,0.035009857
13223,0.18882948,0.16917162,0.20848735,0.20477952,1.4980949,1.2181119,0.30452797
13224,0.23411018,0.15950043,0.3087199,0.0839898,0.080924354,0.078542024,0.019635506
13225,0.17120953,0.14547886,0.19694018,0.05744989,0.06948328,0.13011442,0.032528605
13226,0.16923179,0.1364186,0.20204498,0.009174539,0.23292695,0.17333603,0.043334007
13227,0.15808904,0.1206638,0.19551428,0.035578508,0.5460759,0.44864067,0.11216017
13228,0.108038545,0.11931172,0.09676538,0.05073938,0.051132202,0.04153712,0.01038428
13229,0.16134632,0.12680872,0.19588391,0.06734213,0.061541717,0.10340741,0.025851853
13230,0.1656015,0.13229203,0.19891097,0.01140549,0.6234661,0.5078793,0.12696983
13231,0.09927642,0.13310494,0.06544792,0.047280464,0.2687335,0.11758017,0.029395042
13232,0.12290537,0.14420515,0.101605594,0.04334806,0.5099964,0.4229351,0.105733775
13233,0.12096729,0.161254,0.08068058,0.033658475,0.32096496,0.17074005,0.042685013
13234,0.15112527,0.17115705,0.13109349,0.011519615,0.65369684,0.5061029,0.12652573
13235,0.23220302,0.15856804,0.30583802,0.07646223,0.09010538,0.0919107,0.022977674
13236,0.29577294,0.14961763,0.44192824,0.13106005,0.14476936,0.15768033,0.039420083
13237,0.13436039,0.14364992,0.12507087,0.08909651,0.093374886,0.13983543,0.034958858
13238,0.13380738,0.13587534,0.1317394,0.0031209849,0.3971691,0.3707564,0.0926891
13239,0.15115237,0.12953648,0.17276825,0.044506192,0.64877397,0.62894434,0.15723608
13240,0.14241053,0.1236737,0.16114737,0.011847537,0.25720593,0.19111638,0.047779094
13241,0.122724436,0.12433245,0.12111643,0.045810323,0.047831852,0.07033753,0.017584382
13242,0.17779623,0.13628262,0.21930982,0.064691044,0.07328669,0.13189204,0.03297301
13243,0.18654358,0.13976634,0.23332082,0.098645456,0.12098614,0.22120237,0.055300593
13244,0.12185025,0.1360227,0.107677795,0.08654847,0.96416664,0.92243785,0.23060946
13245,0.17346995,0.14090252,0.20603734,0.03682919,0.55077934,0.5368528,0.1342132
13246,0.13897254,0.13894278,0.13900231,0.06725512,1.0339228,1.0227412,0.2556853
13247,0.18080278,0.13523518,0.2263704,0.032696124,0.030804953,0.023227125,0.0058067814
13248,0.16354382,0.12660265,0.20048499,0.1258622,0.09834353,0.07984339,0.019960847
13249,0.176987,0.11436546,0.23960854,0.10014702,0.10631943,0.17791058,0.044477645
13250,0.19651036,0.100935616,0.29208508,0.09035804,0.0988423,0.08719495,0.021798737
13251,0.095024586,0.090758584,0.09929058,0.0024001019,0.21553127,0.20300229,0.050750572
13252,0.11147487,0.08576292,0.13718681,0.039789174,0.032337826,0.03781468,0.00945367
13253,0.08029252,0.08678186,0.07380318,0.015477914,0.41960272,0.3183794,0.07959485
13254,0.09050866,0.08480383,0.09621348,0.00445292,0.4079698,0.38537565,0.09634391
13255,0.08489052,0.08729587,0.08248517,0.019745493,0.014966329,0.022951564,0.005737891
13256,0.091360725,0.09836674,0.08435472,0.0059345304,0.2707437,0.20711012,0.05177753
13257,0.10863048,0.109985866,0.107275076,0.006087297,0.47482935,0.41290173,0.10322543
13258,0.20373845,0.12381244,0.28366446,0.16077967,1.0681801,1.0979842,0.27449605
13259,0.12598956,0.13468686,0.11729225,0.010083666,0.19944255,0.13411485,0.03352871
13260,0.14062582,0.14672011,0.13453151,0.0031527746,0.42232457,0.42876467,0.10719117
13261,0.17126061,0.14952423,0.192997,0.04033179,0.62818146,0.6311199,0.15777998
13262,0.13614832,0.14281666,0.12947997,0.0063149477,0.25847372,0.20684607,0.05171152
13263,0.21121866,0.14256053,0.2798768,0.16678147,1.2022885,1.515594,0.3788985
13264,0.18402779,0.13893442,0.2291212,0.09787357,0.078063965,0.24170713,0.060426783
13265,0.14676356,0.12448519,0.16904193,0.066533685,0.045704525,0.11610385,0.029025963
13266,0.17056715,0.10891193,0.2322224,0.09866955,0.812618,0.99247694,0.24811924
13267,0.14643234,0.103466265,0.18939842,0.044163156,0.04778576,0.040033866,0.010008466
13268,0.1074001,0.10410172,0.11069849,0.0032547705,0.2526361,0.21796417,0.054491043
13269,0.14080554,0.10774987,0.17386122,0.057531506,1.0514615,1.0851825,0.27129564
13270,0.14099237,0.106550336,0.17543441,0.05933908,0.9520963,1.0561804,0.2640451
13271,0.09939182,0.1026307,0.09615294,0.0029200185,0.5367114,0.48129678,0.120324194
13272,0.12610121,0.0984594,0.15374301,0.068805434,0.42805707,0.32962278,0.082405694
13273,0.16600254,0.09445264,0.23755245,0.10515278,0.14841907,0.2098974,0.05247435
13274,0.11089378,0.09329482,0.12849273,0.04564814,0.5874284,0.5123405,0.12808512
13275,0.24228752,0.09297683,0.39159822,0.15111135,0.124714375,0.052181542,0.0130453855
13276,0.1586273,0.09366699,0.22358762,0.09572183,0.07134453,0.20611107,0.05152777
13277,0.18910198,0.09023174,0.2879722,0.1171149,0.13421948,0.2020186,0.05050465
13278,0.17829604,0.08914461,0.2674475,0.13750225,0.15376742,0.133519,0.03337975
13279,0.19786914,0.09071789,0.30502042,0.11785176,0.10609484,0.096128345,0.024032086
13280,0.1045647,0.10024323,0.10888616,0.0024520135,0.21851575,0.20714594,0.051786486
13281,0.16827023,0.11152611,0.22501437,0.07938873,0.08178282,0.031251278,0.007812819
13282,0.120275974,0.11704358,0.12350839,0.002822712,0.38140932,0.3494084,0.0873521
13283,0.12630402,0.122791804,0.12981623,0.0027247842,0.3344644,0.31629446,0.079073615
13284,0.14164019,0.14688866,0.13639171,0.0069017173,0.4349219,0.38847205,0.09711801
13285,0.2343008,0.16637577,0.30222586,0.044008452,0.019627571,0.084453635,0.021113409
13286,0.17564857,0.16185826,0.1894389,0.030921185,0.6364999,0.650503,0.16262574
13287,0.19924235,0.16716355,0.23132114,0.046530772,0.052164078,0.072835825,0.018208956
13288,0.19574292,0.1560693,0.23541653,0.07054145,0.10623983,0.16779403,0.04194851
13289,0.12162598,0.15928672,0.08396524,0.026721528,0.3590487,0.21558475,0.05389619
13290,0.31232193,0.15460174,0.47004214,0.14055744,1.2004719,0.9157598,0.22893995
13291,0.21401478,0.15801392,0.27001563,0.044311374,0.04945278,0.0435247,0.010881175
13292,0.14452828,0.18591042,0.10314616,0.027502807,0.67449695,0.4813713,0.12034283
13293,0.18843703,0.22060388,0.15627019,0.013007522,0.32721314,0.21737044,0.05434261
13294,0.27454975,0.2551032,0.2939963,0.0037159978,0.19824676,0.16208805,0.040522013
13295,0.2504091,0.28595045,0.21486773,0.07391736,0.6142874,0.45735684,0.11433921
13296,0.33890995,0.30616048,0.3716594,0.06832556,0.83629894,0.8407697,0.21019243
13297,0.34551015,0.28295824,0.4080621,0.033298843,0.02550427,0.035132777,0.008783194
13298,0.32536766,0.26475337,0.38598195,0.0326492,0.4630257,0.40683827,0.10170957
13299,0.25927082,0.2664546,0.25208703,0.03915543,0.031156063,0.04733546,0.011833865
13300,0.22371049,0.27578864,0.17163233,0.022683302,0.28603616,0.17664826,0.044162065
13301,0.2591161,0.24770708,0.27052513,0.024516448,0.025264421,0.05963475,0.014908687
13302,0.3141302,0.22112966,0.40713072,0.040669907,0.51334995,0.37395024,0.09348756
13303,0.2841558,0.2447971,0.3235145,0.057268266,0.06662687,0.15134369,0.037835922
13304,0.3130388,0.25196365,0.37411395,0.11028904,0.116886616,0.25670776,0.06417694
13305,0.19403553,0.24539463,0.14267641,0.032817166,0.3536307,0.2319233,0.057980824
13306,0.24250628,0.240385,0.24462758,0.0025357108,0.3050274,0.29481968,0.07370492
13307,0.32653806,0.2590832,0.3939929,0.10853106,0.10998384,0.16778903,0.041947257
13308,0.30878553,0.28673226,0.33083883,0.050664604,0.83476096,0.8496458,0.21241145
13309,0.3007814,0.31101266,0.29055014,0.060472112,0.4770697,0.5324567,0.13311417
13310,0.34838876,0.29425335,0.4025241,0.014987551,0.29492,0.24142563,0.06035641
13311,0.35555354,0.30576447,0.40534267,0.013704996,0.2549251,0.21663882,0.054159705
13312,0.32713208,0.27693158,0.37733254,0.057045568,0.043692112,0.11060664,0.02765166
13313,0.48589888,0.24931556,0.7224822,0.25679025,1.2831907,1.6614023,0.4153506
13314,0.25959846,0.22091515,0.2982818,0.1450075,1.1173973,1.2162622,0.30406556
13315,0.256413,0.19887404,0.313952,0.16409665,1.3514317,1.4424034,0.36060086
13316,0.2085175,0.19221632,0.22481869,0.0045638676,0.20568307,0.1697272,0.0424318
13317,0.28556615,0.20221753,0.36891475,0.12194977,0.97952414,1.0222982,0.25557455
13318,0.3394408,0.21127647,0.46760508,0.10080325,0.5136185,0.3140104,0.0785026
13319,0.23497735,0.21973164,0.25022304,0.005554454,0.29613176,0.24400137,0.061000343
13320,0.28953734,0.21021654,0.3688582,0.057517096,0.05162899,0.03669113,0.009172782
13321,0.31336296,0.18828678,0.43843913,0.11920896,0.12100574,0.06850031,0.017125078
13322,0.2845094,0.17518626,0.39383247,0.120569445,1.4538027,1.3581814,0.33954534
13323,0.11644385,0.15567529,0.07721242,0.03442913,0.6322753,0.4685789,0.117144726
13324,0.18216266,0.15767503,0.2066503,0.006266052,0.3176932,0.28344622,0.070861556
13325,0.14862515,0.15458043,0.14266987,0.065630965,0.057587624,0.1502989,0.037574723
13326,0.19502838,0.14574175,0.24431503,0.03822685,0.039045572,0.031138105,0.0077845263
13327,0.13675253,0.15097506,0.12252998,0.0047424543,0.46948472,0.5147942,0.12869854
13328,0.15600513,0.13620533,0.17580493,0.17654021,0.9802883,1.0011522,0.25028804
13329,0.13343242,0.13538824,0.1314766,0.051861983,0.46304178,0.45091465,0.11272866
13330,0.116354264,0.12671609,0.10599243,0.090444185,0.06635777,0.044467982,0.0111169955
13331,0.1516899,0.12872611,0.17465371,0.030048864,0.52224463,0.5774348,0.1443587
13332,0.32032296,0.13385995,0.5067859,0.18576854,1.1763095,1.1779397,0.2944849
13333,0.16148935,0.14444529,0.17853339,0.03644081,0.55504864,0.5782729,0.14456822
13334,0.14292903,0.13953193,0.14632614,0.004912738,0.2552093,0.21250498,0.053126246
13335,0.24966349,0.14828129,0.3510457,0.09862884,1.0247828,0.9806223,0.24515557
13336,0.17165029,0.14180644,0.20149414,0.048811797,0.6852048,0.6559282,0.16398205
13337,0.18887307,0.13635081,0.24139534,0.05131049,0.01808389,0.09036279,0.022590697
13338,0.14534843,0.13623005,0.1544668,0.09659672,1.4624357,1.6762668,0.4190667
13339,0.32780072,0.1402437,0.51535773,0.19163914,1.2750305,1.6835079,0.42087698
13340,0.15453829,0.15191899,0.15715759,0.070602216,0.07306524,0.11067314,0.027668284
13341,0.17875268,0.16740783,0.19009753,0.08479365,0.108313404,0.15893242,0.039733104
13342,0.18380255,0.17812626,0.18947883,0.012459301,0.29862562,0.19678283,0.049195707
13343,0.20535113,0.1927824,0.21791987,0.006924551,0.46608695,0.3889781,0.09724452
13344,0.1764185,0.19694795,0.15588903,0.068496294,0.6077077,0.41361293,0.10340323
13345,0.17151906,0.1930182,0.15001993,0.16257139,1.521382,1.851988,0.462997
13346,0.29026332,0.18864138,0.39188525,0.097194195,0.08250507,0.12144985,0.030362463
13347,0.19358175,0.18184066,0.20532282,0.09470365,0.12154543,0.13232069,0.03308017
13348,0.16386676,0.18214704,0.14558646,0.137518,1.0457385,1.4334215,0.35835537
13349,0.22589491,0.18484025,0.26694956,0.07347015,0.09785954,0.09609833,0.024024583
13350,0.21572311,0.1947781,0.23666812,0.021930784,0.0141682625,0.021127904,0.005281976
13351,0.21078455,0.19571495,0.22585416,0.044609398,0.031147161,0.049091935,0.012272984
13352,0.2219193,0.19702472,0.2468139,0.01819909,0.34093955,0.27127215,0.06781804
13353,0.18377139,0.19482815,0.17271464,0.092792876,0.4209374,0.6971092,0.1742773
13354,0.21363235,0.19192807,0.23533662,0.01613186,0.28107843,0.231355,0.05783875
13355,0.22674918,0.19180115,0.2616972,0.3000858,0.87627596,1.6093969,0.40234923
13356,0.33384046,0.1813441,0.48633674,0.13072185,0.08057165,0.23404783,0.058511958
13357,0.1799329,0.18503052,0.17483532,0.004008219,0.3276817,0.32611772,0.08152943
13358,0.18578522,0.18540585,0.18616457,0.09176896,0.3238409,0.5522099,0.13805248
13359,0.19083865,0.18222018,0.19945712,0.070525266,0.07232455,0.07062351,0.017655877
13360,0.25549826,0.18815999,0.32283652,0.08250659,0.6178091,0.6396046,0.15990116
13361,0.26440606,0.18481557,0.34399652,0.09770753,1.0715581,1.4396248,0.3599062
13362,0.184901,0.180674,0.18912803,0.004836016,0.3305848,0.37267187,0.09316797
13363,0.35095868,0.18185584,0.52006155,0.15026172,0.07974466,0.11370244,0.02842561
13364,0.18284345,0.17353989,0.19214702,0.0043708947,0.31385788,0.2649519,0.06623798
13365,0.15379223,0.16186638,0.14571808,0.017687632,0.3362092,0.26247677,0.06561919
13366,0.17608494,0.15299729,0.1991726,0.04808621,0.73346263,0.80794686,0.20198672
13367,0.14817898,0.1441039,0.15225405,0.0028026823,0.48383033,0.4579501,0.11448752
13368,0.19709575,0.1467899,0.2474016,0.053425997,0.03780095,0.036866155,0.009216539
13369,0.16108663,0.15159176,0.1705815,0.047013376,0.05809589,0.067585,0.01689625
13370,0.15003277,0.15468358,0.14538199,0.012354831,0.22591627,0.17022741,0.042556852
13371,0.18659598,0.15470533,0.21848662,0.08359816,0.10828475,0.117641926,0.029410481
13372,0.18095434,0.14810659,0.2138021,0.11649838,0.8677575,1.0814904,0.2703726
13373,0.2677792,0.14663874,0.38891962,0.16195871,0.121153355,0.11623212,0.02905803
13374,0.14888476,0.1517112,0.1460583,0.01744045,0.40242326,0.32333258,0.080833144
13375,0.1473826,0.14803396,0.14673121,0.004412766,0.34534264,0.34818515,0.08704629
13376,0.16565686,0.14644416,0.18486957,0.08623054,0.09175839,0.08538898,0.021347245
13377,0.12770991,0.13369438,0.12172544,0.0036991884,0.42217055,0.4584079,0.11460198
13378,0.13454114,0.12859419,0.14048809,0.0594548,0.46341133,0.3254683,0.081367075
13379,0.13449554,0.13290381,0.13608725,0.005203423,0.31512865,0.2991056,0.0747764
13380,0.13994421,0.12941723,0.15047123,0.053328674,0.5391981,0.61834526,0.15458632
13381,0.2084825,0.137011,0.279954,0.10770377,0.079645954,0.1800005,0.045000125
13382,0.18879902,0.15270634,0.22489172,0.1852444,0.15285201,0.11268737,0.028171843
13383,0.14193459,0.16159028,0.12227891,0.0132310735,0.18232524,0.14996733,0.037491832
13384,0.21053787,0.1819017,0.23917407,0.037620984,0.016193708,0.05083662,0.012709155
13385,0.2991232,0.19864698,0.3995994,0.11214781,0.069952644,0.115332104,0.028833026
13386,0.20290744,0.18744798,0.2183669,0.0063553452,0.25237083,0.19423628,0.04855907
13387,0.18837607,0.18127155,0.1954806,0.05507792,0.7443568,0.84042007,0.21010502
13388,0.2580762,0.16393064,0.35222173,0.11321569,0.5782332,0.77883655,0.19470914
13389,0.14949602,0.13070399,0.16828805,0.008468629,0.50838315,0.40272585,0.10068146
13390,0.122740425,0.122376315,0.123104535,0.0035229353,0.2901807,0.269648,0.067412
13391,0.13287584,0.102990985,0.16276069,0.051746983,0.8698208,0.91731006,0.22932751
13392,0.14942011,0.10878581,0.19005442,0.103102006,0.14673366,0.20546025,0.051365063
13393,0.13360882,0.10947191,0.15774572,0.019506793,0.4003229,0.27525285,0.06881321
13394,0.10667125,0.10831497,0.105027534,0.078272805,0.9046943,1.1228342,0.28070855
13395,0.19801927,0.1094257,0.28661284,0.10892153,0.07383291,0.090708174,0.022677043
13396,0.15733527,0.11071733,0.20395319,0.15697855,0.1710345,0.08943573,0.022358932
13397,0.15847239,0.11676922,0.20017557,0.07922437,0.6207856,0.7116811,0.17792028
13398,0.18443792,0.117865406,0.2510104,0.14236192,0.17292589,0.10890343,0.027225858
13399,0.1327651,0.10343472,0.16209549,0.10299736,0.10736639,0.16801791,0.042004477
13400,0.14050968,0.095425874,0.18559349,0.03673977,0.4506755,0.33138916,0.08284729
13401,0.12548436,0.08972945,0.16123928,0.048895527,0.5316432,0.6035648,0.1508912
13402,0.20595567,0.08711041,0.32480094,0.12563358,1.3443604,1.7051951,0.42629877
13403,0.090909265,0.08852166,0.09329686,0.0072234813,0.28451398,0.21180832,0.05295208
13404,0.22531354,0.09475996,0.35586715,0.10148039,1.1492194,1.3701199,0.34252998
13405,0.19081205,0.102938026,0.27868608,0.056124885,0.041071136,0.108325996,0.027081499
13406,0.111683525,0.10716185,0.116205215,0.062470153,0.055249214,0.057197094,0.0142992735
13407,0.100453496,0.10775289,0.09315411,0.015358624,0.2997908,0.24275494,0.060688734
13408,0.13551702,0.10222878,0.16880526,0.05293569,0.5240461,0.31910035,0.07977509
13409,0.15038453,0.0970009,0.20376815,0.03963327,0.46232066,0.41935515,0.10483879
13410,0.106102444,0.09356931,0.118635595,0.137322,1.1777943,1.5309726,0.38274315
13411,0.10536704,0.092436105,0.118297994,0.08629822,1.2196398,1.4119431,0.35298577
13412,0.14244768,0.09165957,0.1932358,0.059746567,0.065196835,0.10357376,0.02589344
13413,0.09910735,0.09662857,0.101586126,0.12697165,0.15125819,0.11516926,0.028792314
13414,0.092177056,0.095871,0.0884831,0.08848896,0.88351375,0.99318695,0.24829674
13415,0.11106894,0.10358537,0.11855253,0.041121647,0.032249838,0.036916494,0.009229124
13416,0.15837537,0.10555365,0.2111971,0.038893033,0.599076,0.57030344,0.14257586
13417,0.1836005,0.10933576,0.25786528,0.11309654,0.12823929,0.14931011,0.037327528
13418,0.12350985,0.11405483,0.13296486,0.008885787,0.222511,0.17717446,0.044293616
13419,0.12879796,0.11211014,0.1454858,0.017451348,0.22191067,0.15910552,0.03977638
13420,0.122343086,0.111533396,0.13315278,0.02915608,0.4897356,0.47526336,0.11881584
13421,0.18844497,0.11349925,0.26339072,0.07953637,0.053108025,0.04978371,0.012445928
13422,0.23869388,0.115738176,0.3616496,0.14339443,1.1383933,1.381045,0.34526125
13423,0.13847905,0.12064946,0.15630867,0.0415844,0.40757856,0.34536782,0.086341955
13424,0.14792536,0.12520416,0.17064655,0.03574222,0.4458959,0.49361888,0.12340472
13425,0.121327616,0.12300452,0.119650714,0.0029813366,0.3300393,0.3462794,0.08656985
13426,0.13930257,0.11497525,0.1636299,0.06268691,0.5184293,0.5286799,0.13216998
13427,0.18466252,0.10483397,0.26449108,0.12966289,1.0499834,1.470348,0.367587
13428,0.15308164,0.115390785,0.19077249,0.084104985,0.073749,0.09854572,0.02463643
13429,0.12552536,0.15431648,0.09673423,0.14124806,0.13442774,0.094232656,0.023558164
13430,0.2725283,0.20605709,0.3389995,0.051067144,0.5712667,0.6813879,0.17034698
13431,0.16820042,0.2620491,0.07435172,0.17300181,0.7670049,0.34798053,0.08699513
13432,0.34969822,0.2927537,0.4066428,0.076526485,1.209184,1.3516483,0.33791208
13433,0.21520846,0.29878962,0.13162728,0.060714185,0.8498378,0.4781159,0.11952897
13434,0.40985,0.3096475,0.5100525,0.069730915,0.045241576,0.061097603,0.015274401
13435,0.35081545,0.3444841,0.35714683,0.0043162,0.4921516,0.47363624,0.11840906
13436,0.262346,0.3906807,0.13401128,0.10106701,1.146257,0.6016319,0.15040797
13437,0.31254157,0.51081604,0.1142671,0.24630122,0.8921173,0.30597135,0.07649284
13438,0.5757398,0.5826226,0.568857,0.0028692028,0.28504384,0.28613847,0.07153462
13439,0.7049058,0.6723256,0.7374861,0.006404605,0.28680298,0.26978776,0.06744694
13440,0.50110006,0.6670933,0.33510685,0.19965632,0.30460897,0.16884647,0.04221162
13441,0.53552467,0.6956833,0.37536606,0.060724452,0.44651118,0.20518558,0.051296394
13442,0.52390915,0.66346097,0.3843573,0.04864191,0.52184623,0.27119216,0.06779804
13443,0.69542474,0.62757015,0.7632792,0.05123206,0.9033076,0.85360235,0.21340059
13444,0.72265524,0.6084594,0.83685094,0.049972534,0.60789335,0.45307413,0.11326853
13445,0.741955,0.58109236,0.90281755,0.11523648,0.775068,0.88351154,0.22087789
13446,0.57054037,0.57471466,0.5663661,0.03886233,0.820039,0.79810214,0.19952554
13447,0.46701762,0.56311625,0.370919,0.0807604,0.120354824,0.062183354,0.0155458385
13448,0.4744848,0.5801192,0.36885038,0.20400667,0.2705875,0.15766692,0.03941673
13449,0.78561527,0.6650712,0.90615946,0.029395262,0.35548663,0.2677771,0.06694427
13450,0.72151726,0.66170657,0.78132796,0.01658766,0.5238388,0.51614094,0.12903523
13451,0.5275773,0.6434586,0.41169596,0.17624174,0.21282531,0.12559144,0.03139786
13452,0.5904823,0.5560723,0.62489235,0.046017382,0.5790474,0.5347169,0.13367923
13453,0.42599562,0.48260546,0.3693858,0.0928002,0.15058634,0.12243101,0.030607753
13454,0.40523338,0.38292027,0.4275465,0.088041425,1.2703365,1.2950252,0.3237563
13455,0.35313606,0.26057312,0.44569898,0.08524639,0.5539033,0.6922348,0.1730587
13456,0.22047387,0.1565218,0.28442594,0.0775772,1.2491866,1.3776003,0.34440008
13457,0.17236835,0.11066773,0.23406897,0.0831107,0.057896733,0.10339741,0.025849352
13458,0.10665691,0.102099515,0.11121431,0.004139586,0.12449306,0.12950963,0.032377407
13459,0.17913085,0.091684066,0.26657763,0.07976685,0.913316,0.71321565,0.17830391
13460,0.079333864,0.10358117,0.055086553,0.020721579,0.5079133,0.3422015,0.085550375
13461,0.12105852,0.09393168,0.14818536,0.07060391,0.04177646,0.11989727,0.029974317
13462,0.30248082,0.092794396,0.5121673,0.22112976,1.0542399,0.86325145,0.21581286
13463,0.12374126,0.085063696,0.16241883,0.052670587,0.05231592,0.075844854,0.018961214
13464,0.07068535,0.083524935,0.05784577,0.007848729,0.4180565,0.35858926,0.089647315
13465,0.065212674,0.07997509,0.05045025,0.009533544,0.5605865,0.49470854,0.123677135
13466,0.08476237,0.0723815,0.09714324,0.08655799,0.108288445,0.2010808,0.0502702
13467,0.07845068,0.067514114,0.089387245,0.037142854,0.03109031,0.026097456,0.006524364
13468,0.057904527,0.06294828,0.052860778,0.003427917,0.5172803,0.5062015,0.12655038
13469,0.100108586,0.056871105,0.14334606,0.066706896,0.09219957,0.111170374,0.027792593
13470,0.0742759,0.050398517,0.09815329,0.0869683,0.043180782,0.10828432,0.02707108
13471,0.11176074,0.044575993,0.1789455,0.10936726,0.11413717,0.13992931,0.034982327
13472,0.1377467,0.040391203,0.23510219,0.14616285,0.9219394,0.6401379,0.16003448
13473,0.061316926,0.0387529,0.08388096,0.08113162,0.08367697,0.18998282,0.047495704
13474,0.0400093,0.03930737,0.040711228,0.0030419363,0.21547735,0.19303806,0.048259515
13475,0.037735257,0.04078344,0.034687072,0.0039102584,0.37997484,0.3576502,0.08941255
13476,0.05362015,0.048939127,0.058301177,0.0033249017,0.17406113,0.14665702,0.036664255
13477,0.10117477,0.05371234,0.14863719,0.064002834,0.037505824,0.14455926,0.036139816
13478,0.0961723,0.059186418,0.13315819,0.09402881,1.1628982,1.3467717,0.33669293
13479,0.07439441,0.0622334,0.08655543,0.03317685,0.01989027,0.04778968,0.01194742
13480,0.091620065,0.060712,0.122528136,0.07972933,0.038440306,0.13587146,0.033967864
13481,0.099177234,0.05283292,0.14552154,0.08515197,0.9534438,1.0501059,0.26252648
13482,0.16474159,0.045114487,0.2843687,0.16441797,0.9218683,1.1542989,0.28857473
13483,0.08323159,0.042210136,0.124253035,0.111724794,0.020050367,0.13530087,0.03382522
13484,0.11352563,0.042863876,0.1841874,0.14724015,1.1518688,1.1054791,0.27636978
13485,0.052849326,0.044392038,0.061306614,0.006692899,0.55130976,0.47952577,0.11988144
13486,0.049905848,0.044696953,0.055114746,0.008544258,0.389901,0.34350196,0.08587549
13487,0.056983102,0.043846708,0.0701195,0.066629164,0.5001822,0.33227184,0.08306796
13488,0.10112369,0.046451796,0.15579557,0.084376216,0.99307936,0.9495097,0.23737742
13489,0.078154765,0.04897286,0.10733667,0.044703413,0.5639674,0.48203745,0.12050936
13490,0.05444436,0.05322902,0.05565971,0.00612641,0.47758484,0.43124303,0.10781076
13491,0.0643699,0.054015737,0.07472407,0.041158456,0.009848912,0.06267833,0.015669582
13492,0.09978112,0.051864434,0.14769779,0.07113714,0.06437572,0.09066624,0.02266656
13493,0.049512673,0.050622344,0.048403,0.0044705053,0.4400877,0.47791377,0.11947844
13494,0.08045237,0.049613446,0.11129129,0.062341344,0.035989206,0.09212089,0.023030223
13495,0.113166004,0.047078867,0.17925315,0.09473896,0.89549905,1.000121,0.25003025
13496,0.05483981,0.043150008,0.06652961,0.031076044,0.41760287,0.3148324,0.0787081
13497,0.043064147,0.04347232,0.042655975,0.0048705195,0.18764788,0.16980648,0.04245162
13498,0.10259402,0.046800364,0.15838768,0.13828123,0.8007417,1.0908024,0.2727006
13499,0.080663234,0.050959926,0.110366546,0.053500265,0.058484793,0.11546747,0.028866867
13500,0.05871429,0.050178647,0.06724993,0.04072386,0.5155603,0.63564545,0.15891136
13501,0.049717654,0.05224101,0.047194302,0.005729009,0.2783381,0.30556384,0.07639096
13502,0.054053023,0.05377677,0.054329276,0.011829659,0.43997964,0.567406,0.1418515
13503,0.05254042,0.054361183,0.05071966,0.005368588,0.31048307,0.36826956,0.09206739
13504,0.09802357,0.055167142,0.14088,0.057424735,0.04977858,0.09692972,0.02423243
13505,0.065607235,0.060018767,0.0711957,0.033439223,0.35910773,0.30697772,0.07674443
13506,0.07985165,0.06387287,0.09583043,0.08373868,0.05212899,0.16126746,0.040316865
13507,0.07380319,0.06461837,0.082988,0.06761759,0.81276053,0.7814439,0.19536097
13508,0.09886369,0.0639315,0.13379587,0.100165464,0.64730066,0.95553255,0.23888314
13509,0.06263849,0.07331335,0.05196364,0.009584905,0.40217054,0.30300564,0.07575141
13510,0.19976975,0.08013407,0.31940544,0.19535764,1.437137,1.6729342,0.41823354
13511,0.12492257,0.092092745,0.1577524,0.078961864,0.04099393,0.07212942,0.018032355
13512,0.12734108,0.08930546,0.16537668,0.10117689,0.9282616,1.3380646,0.33451614
13513,0.12752165,0.08972011,0.16532321,0.07452492,0.9523733,1.1201973,0.28004932
13514,0.078324296,0.087465584,0.069183,0.0087250015,0.25461122,0.1963619,0.049090475
13515,0.11324588,0.09116226,0.1353295,0.03998209,0.026309967,0.04338162,0.010845405
13516,0.13590994,0.085404396,0.1864155,0.048937183,0.042417288,0.0447053,0.011176325
13517,0.07268843,0.072990455,0.0723864,0.005264476,0.21153541,0.21144521,0.052861303
13518,0.057571214,0.064868726,0.05027369,0.016200924,0.22591408,0.15343307,0.038358267
13519,0.16167544,0.06600254,0.25734833,0.21238597,1.2423064,1.6448857,0.4112214
13520,0.0719626,0.07145294,0.07247227,0.007945954,0.32734165,0.3171843,0.079296075
13521,0.16887933,0.074734084,0.26302457,0.20296328,1.4711127,1.5681791,0.39204478
13522,0.06809306,0.0787138,0.05747233,0.007823414,0.16893053,0.1203836,0.0300959
13523,0.08513,0.09041864,0.07984135,0.015107087,0.23860185,0.18645799,0.046614498
13524,0.08773378,0.09685292,0.078614645,0.01220871,0.26775968,0.2071594,0.05178985
13525,0.07904684,0.09858499,0.059508692,0.019440249,0.6707875,0.51756215,0.12939054
13526,0.16708946,0.09824755,0.2359314,0.05920589,0.5447557,0.48244026,0.120610066
13527,0.105908394,0.09130669,0.1205101,0.03481109,0.016950289,0.06628698,0.016571745
13528,0.10799279,0.08697533,0.12901025,0.10123686,1.4053969,1.4796003,0.36990008
13529,0.094738364,0.0819164,0.107560314,0.057933692,0.03503084,0.110618494,0.027654624
13530,0.061549913,0.07720443,0.045895398,0.044551868,0.53808385,0.44800892,0.11200223
13531,0.0611345,0.07791999,0.044349004,0.010362621,0.2575296,0.17900276,0.04475069
13532,0.067837246,0.079048336,0.056626152,0.038272426,0.6452449,0.549367,0.13734175
13533,0.09441301,0.079143144,0.10968288,0.0881832,0.06277498,0.12153401,0.030383503
13534,0.08226109,0.07825062,0.08627156,0.060936496,1.0870074,0.92644596,0.23161149
13535,0.11144569,0.07565343,0.14723794,0.036630306,0.034467537,0.035127345,0.008781836
13536,0.075294755,0.0686167,0.08197281,0.008145011,0.17760408,0.1638149,0.040953726
13537,0.119544804,0.0659205,0.17316912,0.15122052,0.10654163,0.3289952,0.0822488
13538,0.14548759,0.06952273,0.22145246,0.17174046,1.3154143,1.2059555,0.30148888
13539,0.10007679,0.07415161,0.12600195,0.077698864,1.5568075,1.5102609,0.37756523
13540,0.07101965,0.075967155,0.06607215,0.033671107,0.54101676,0.39295962,0.098239906
13541,0.061203707,0.07580467,0.046602745,0.009617403,0.50529194,0.4005914,0.10014785
13542,0.14136557,0.07385843,0.20887272,0.064929485,0.7560978,0.7183463,0.17958657
13543,0.11009992,0.06834235,0.15185748,0.037430767,0.5528788,0.48887953,0.12221988
13544,0.08162815,0.07005473,0.09320157,0.12681639,1.0737596,1.0070637,0.25176594
13545,0.055142518,0.07225416,0.038030874,0.019216212,0.46532503,0.346534,0.0866335
13546,0.06927704,0.08618826,0.05236582,0.008994869,0.3749887,0.28832898,0.072082244
13547,0.11930021,0.09211412,0.1464863,0.008512466,0.39756235,0.30251303,0.07562826
13548,0.117437996,0.10258218,0.13229382,0.00456942,0.3688611,0.31067708,0.07766927
13549,0.1334111,0.10204949,0.16477269,0.011663879,0.35572973,0.265156,0.066289
13550,0.18975908,0.10264003,0.27687812,0.0972263,0.049623173,0.21458547,0.053646367
13551,0.083357066,0.09413972,0.072574414,0.008936766,0.22409026,0.16861872,0.04215468
13552,0.082156956,0.08333098,0.08098294,0.057787705,0.7657566,0.6055377,0.15138443
13553,0.13068633,0.08412081,0.17725186,0.038707767,0.5056362,0.3488195,0.08720487
13554,0.07967743,0.08699075,0.072364114,0.022512749,0.25360045,0.1939029,0.048475724
13555,0.08651226,0.09439472,0.07862979,0.025124079,0.60171014,0.52126604,0.13031651
13556,0.076623775,0.102983795,0.050263762,0.049904842,0.6412141,0.43890747,0.10972687
13557,0.10129267,0.11920976,0.083375596,0.012783154,0.21288474,0.1400194,0.03500485
13558,0.18343692,0.13807815,0.22879565,0.032490212,0.54398966,0.46737155,0.11684289
13559,0.2502397,0.16645832,0.3340211,0.098748,0.08954966,0.10322753,0.025806883
13560,0.3452092,0.18043053,0.5099879,0.17943037,1.5413615,1.1911907,0.29779768
13561,0.28462523,0.18998735,0.37926313,0.07071138,0.078397,0.050069053,0.012517263
13562,0.1628398,0.19326186,0.13241774,0.063499086,0.7365473,0.5446381,0.13615952
13563,0.28157008,0.19914569,0.36399445,0.03819089,0.42919335,0.25071964,0.06267991
13564,0.31700766,0.20866145,0.42535385,0.18280874,1.5322967,1.5362067,0.38405168
13565,0.26147678,0.20373638,0.3192172,0.07727633,0.032590706,0.15514143,0.038785357
13566,0.2934033,0.20584393,0.3809627,0.08904648,0.09695522,0.13756032,0.03439008
13567,0.19885291,0.20422296,0.19348288,0.06299049,0.9148145,0.79369515,0.19842379
13568,0.26370528,0.2121311,0.31527948,0.05970335,0.0154310865,0.06626946,0.016567364
13569,0.22427191,0.21978112,0.2287627,0.017312413,0.27228037,0.25052193,0.06263048
13570,0.3046911,0.23289652,0.37648568,0.09488519,0.8909359,0.86457276,0.21614319
13571,0.22053866,0.23955452,0.20152278,0.0069958246,0.44861683,0.38863823,0.09715956
13572,0.30201498,0.2517515,0.35227844,0.013095204,0.25617826,0.17572452,0.04393113
13573,0.26214072,0.2562664,0.26801503,0.010452556,0.5370762,0.531573,0.13289325
13574,0.35276076,0.26131028,0.44421124,0.074747376,0.081632376,0.14208026,0.035520066
13575,0.3801528,0.25506842,0.5052371,0.14612879,1.4141601,1.3953866,0.34884664
13576,0.30291352,0.24402362,0.3618034,0.020844972,0.42632568,0.31290147,0.07822537
13577,0.28925171,0.24746723,0.3310362,0.011995461,0.34438232,0.26664183,0.06666046
13578,0.31592777,0.2532637,0.37859187,0.040466968,0.0441459,0.070072,0.017518
13579,0.21323894,0.26657245,0.15990542,0.04993069,0.69012547,0.47145247,0.11786312
13580,0.39653525,0.27963197,0.5134385,0.091526665,0.018761477,0.11139516,0.02784879
13581,0.33259603,0.30073655,0.36445555,0.048581112,0.73310834,0.7435443,0.18588607
13582,0.38435888,0.31856468,0.45015302,0.09405019,0.77979153,0.95549566,0.23887391
13583,0.35277453,0.32890108,0.37664804,0.08603316,1.4782048,1.5216585,0.38041463
13584,0.41263247,0.3321047,0.49316025,0.08785785,0.054751873,0.14517222,0.036293056
13585,0.44048676,0.34039053,0.54058295,0.056265533,0.020185312,0.09974035,0.024935087
13586,0.34006384,0.35277298,0.3273547,0.0039635845,0.24100597,0.25533232,0.06383308
13587,0.3774334,0.35632882,0.398538,0.069956146,1.3049765,1.2645897,0.31614742
13588,0.4061626,0.34863484,0.46369028,0.030114433,0.036923725,0.047896076,0.011974019
13589,0.3666987,0.32751676,0.40588066,0.08899649,0.099729896,0.2262301,0.056557525
13590,0.36010632,0.3228332,0.39737937,0.03109265,0.014934699,0.047021914,0.011755479
13591,0.32040894,0.31139195,0.32942596,0.04015465,0.027965546,0.06235914,0.015589785
13592,0.3113186,0.2913177,0.33131954,0.027738875,0.5027331,0.5230263,0.13075657
13593,0.43976697,0.29968455,0.5798493,0.063815,0.5543503,0.3198143,0.07995357
13594,0.3612953,0.3097559,0.41283473,0.07137408,0.07953533,0.098130286,0.024532571
13595,0.34942916,0.33953547,0.35932288,0.007205036,0.2519262,0.2280262,0.05700655
13596,0.37382898,0.3708525,0.37680545,0.015799738,0.3792151,0.336406,0.0841015
13597,0.48170766,0.3936831,0.5697322,0.021062203,0.41040847,0.28384918,0.070962295
13598,0.39035043,0.39718625,0.38351464,0.06920486,1.2880179,1.21885,0.3047125
13599,0.4064399,0.39788207,0.41499773,0.0043372125,0.21159257,0.18802206,0.047005516
13600,0.45620522,0.414366,0.4980444,0.19635278,1.5239888,1.5670972,0.3917743
13601,0.40492606,0.43238974,0.37746242,0.012714568,0.19278543,0.12520818,0.031302046
13602,0.4582671,0.44719252,0.46934167,0.055601534,0.06521034,0.15499727,0.03874932
13603,0.5719623,0.4358078,0.7081168,0.039703462,0.3435448,0.18715765,0.04678941
13604,0.5267282,0.41227436,0.641182,0.10794691,0.124849044,0.19510673,0.048776682
13605,0.36807248,0.40145993,0.334685,0.012952288,0.463408,0.34801853,0.08700463
13606,0.35542777,0.41844174,0.29241383,0.072661005,1.1980282,0.96180946,0.24045236
13607,0.6285582,0.4510971,0.8060193,0.06312055,0.56917983,0.33681402,0.084203504
13608,0.628898,0.4834579,0.7743382,0.055455048,0.00901254,0.06433826,0.016084565
13609,0.4930209,0.51260775,0.47343406,0.103047185,0.8006732,0.67387223,0.16846806
13610,0.55008084,0.52085215,0.5793095,0.14405139,0.9187549,0.8542888,0.2135722
13611,0.5812889,0.5565284,0.6060494,0.103793,1.478929,1.6859051,0.42147627
13612,0.5972803,0.5859253,0.6086354,0.0029462464,0.33335364,0.301141,0.07528525
13613,0.716454,0.6141989,0.81870914,0.094696976,0.99681807,0.99581593,0.24895398
13614,0.5710757,0.5936753,0.548476,0.06713846,0.60671896,0.7333722,0.18334305
13615,0.56431746,0.58548206,0.54315287,0.007275034,0.56825733,0.49395785,0.12348946
13616,0.6252646,0.5692275,0.68130165,0.0078001656,0.4504521,0.3773296,0.0943324
13617,0.54453546,0.55484575,0.5342252,0.03923548,0.58920425,0.65385485,0.16346371
13618,0.5500812,0.5012099,0.5989525,0.0684683,0.04560868,0.12069736,0.03017434
13619,0.55532694,0.45740244,0.6532514,0.04905184,0.3860099,0.3199499,0.079987474
13620,0.5476444,0.41281033,0.6824784,0.10856543,0.032028835,0.18875201,0.047188003
13621,0.39349866,0.40208456,0.38491273,0.0072527095,0.32176718,0.26621068,0.06655267
13622,0.4604158,0.40478507,0.5160465,0.09136071,0.086660065,0.14432465,0.03608116
13623,0.50346494,0.41065225,0.59627765,0.101480484,0.034989674,0.1798024,0.0449506
13624,0.39019537,0.42131677,0.35907397,0.0064569754,0.3488749,0.39144328,0.09786082
13625,0.3956553,0.42161417,0.3696964,0.006192883,0.49395958,0.42494997,0.10623749
13626,0.44596407,0.4396826,0.4522455,0.013455026,0.31441736,0.26919517,0.06729879
13627,0.47190621,0.43758544,0.506227,0.017140957,0.6464858,0.6385014,0.15962535
13628,0.45324168,0.45834413,0.4481392,0.041200895,0.5366038,0.62509835,0.15627459
13629,0.7006052,0.48663315,0.9145773,0.111034684,0.10427729,0.06364818,0.015912045
13630,0.5409954,0.51085633,0.5711345,0.079119794,0.07269064,0.1277763,0.031944074
13631,0.5231924,0.5085286,0.53785616,0.0046893186,0.48096398,0.44217566,0.110543914
13632,0.5064233,0.4956647,0.5171819,0.1279715,0.92078304,0.76854235,0.19213559
13633,0.6485333,0.4747014,0.8223652,0.09328983,0.09603039,0.05276917,0.013192292
13634,0.44989046,0.4682779,0.43150297,0.041002464,0.015698275,0.03391029,0.008477572
13635,0.5323472,0.48827696,0.5764174,0.024804736,0.47511706,0.45932987,0.11483247
13636,0.6157772,0.49352738,0.7380269,0.0731524,0.023476124,0.14483772,0.03620943
13637,0.4906598,0.50234157,0.478978,0.006922321,0.17066924,0.13233562,0.033083905
13638,0.53409576,0.4762685,0.59192306,0.011492014,0.56102616,0.48586825,0.12146706
13639,0.49368778,0.45756707,0.5298085,0.10219389,0.8138633,0.77165604,0.19291401
13640,0.5708195,0.4354508,0.7061882,0.04184315,0.29057676,0.15448631,0.03862158
13641,0.4764434,0.4225165,0.5303703,0.06938056,0.9927182,1.0400616,0.2600154
13642,0.38002875,0.42554435,0.3345132,0.01840208,0.3892096,0.29231426,0.073078565
13643,0.51267254,0.41298118,0.6123639,0.048443854,0.45375267,0.3878099,0.096952476
13644,0.31412363,0.37590352,0.25234374,0.09042738,0.69739026,0.55052614,0.13763154
13645,0.34714338,0.3393015,0.35498524,0.013181093,0.21427663,0.17801537,0.04450384
13646,0.41728136,0.31786042,0.51670223,0.072514296,0.0075384774,0.08371738,0.020929346
13647,0.40936598,0.30592474,0.5128072,0.03307515,0.24300046,0.12763,0.0319075
13648,0.439275,0.3159466,0.5626034,0.10093651,0.035273235,0.20348917,0.050872292
13649,0.33787575,0.31787097,0.35788056,0.07306266,0.028088251,0.096058495,0.024014624
13650,0.42975307,0.3252545,0.53425163,0.051653553,0.013734181,0.091331095,0.022832774
13651,0.32677275,0.32957658,0.32396892,0.007914,0.21165466,0.17787313,0.044468284
13652,0.36120108,0.3357801,0.38662207,0.010055422,0.5342471,0.54505455,0.13626364
13653,0.4413546,0.3345722,0.54813695,0.06845654,0.51051015,0.41463444,0.10365861
13654,0.39928293,0.3270091,0.47155675,0.03951591,0.008192062,0.057727795,0.014431949
13655,0.42060074,0.32889965,0.51230186,0.07396257,0.022871653,0.14574628,0.03643657
13656,0.30364084,0.32525375,0.28202793,0.008485235,0.4488341,0.39259717,0.09814929
13657,0.40449977,0.32624796,0.48275152,0.082392804,0.021640142,0.13672087,0.034180216
13658,0.28585705,0.31452098,0.2571931,0.016346732,0.38744545,0.31564856,0.07891214
13659,0.424566,0.29161987,0.5575121,0.05952394,0.3633016,0.18075825,0.045189563
13660,0.3495668,0.27650896,0.4226246,0.061626017,0.016882738,0.10841819,0.027104547
13661,0.27255854,0.26722217,0.27789494,0.07054155,0.5764252,0.7574034,0.18935084
13662,0.41051877,0.25791946,0.56311804,0.09297484,0.108901344,0.050066337,0.012516584
13663,0.27604285,0.2628146,0.28927112,0.10724697,0.84783715,1.12436,0.28109
13664,0.3866228,0.2855689,0.4876767,0.075276665,0.09890652,0.11621621,0.029054053
13665,0.36253047,0.29707715,0.42798385,0.017817246,0.318983,0.22706556,0.05676639
13666,0.28673407,0.3059229,0.26754525,0.06337907,0.36851302,0.5461557,0.13653892
13667,0.37113002,0.29765078,0.44460925,0.07572439,0.09777626,0.13011467,0.03252867
13668,0.30784366,0.2849941,0.33069322,0.008949605,0.23115158,0.24899416,0.06224854
13669,0.23380363,0.2584631,0.20914412,0.05498883,0.3698682,0.56118566,0.14029641
13670,0.3099831,0.22864895,0.39131728,0.032482576,0.17296498,0.098819755,0.024704939
13671,0.29916313,0.20826177,0.3900645,0.100563444,0.8370406,1.043951,0.26098776
13672,0.17509007,0.1899391,0.16024102,0.0072539826,0.14392345,0.11665089,0.029162722
13673,0.17405923,0.18189044,0.16622804,0.0037859853,0.20474689,0.18471724,0.04617931
13674,0.25739095,0.17270939,0.3420725,0.048828185,0.5235198,0.3751961,0.093799025
13675,0.19253331,0.17700319,0.20806344,0.09736315,0.04181544,0.13836002,0.034590006
13676,0.23078464,0.18397729,0.27759197,0.084280856,0.029565811,0.11289859,0.028224647
13677,0.3304246,0.20318131,0.45766792,0.12292967,0.15125275,0.117617905,0.029404476
13678,0.24482739,0.22920829,0.26044646,0.0052232374,0.53228503,0.55813223,0.13953306
13679,0.22565615,0.2532801,0.19803222,0.008846762,0.1723601,0.13294499,0.033236247
13680,0.37639537,0.27052763,0.48226312,0.103334725,0.79837674,1.0761032,0.2690258
13681,0.36526117,0.2696164,0.46090588,0.052618865,0.07013384,0.04454935,0.011137337
13682,0.2791617,0.28506222,0.27326116,0.0041736355,0.58577853,0.5982173,0.14955433
13683,0.2621513,0.29038823,0.23391438,0.08707339,0.81981754,1.1304337,0.28260842
13684,0.35820922,0.29420874,0.42220965,0.08483291,0.02835226,0.12461694,0.031154236
13685,0.34288502,0.28276455,0.40300545,0.023823934,0.4474411,0.35927883,0.08981971
13686,0.3002215,0.27535686,0.32508615,0.06389178,0.026049614,0.09553155,0.023882888
13687,0.3673745,0.2924848,0.4422642,0.03204414,0.59315217,0.46316633,0.11579158
13688,0.24835706,0.31109464,0.18561949,0.12261644,0.07065487,0.068915375,0.017228844
13689,0.40316164,0.33671156,0.46961173,0.08542033,0.54502374,0.691405,0.17285125
13690,0.43952605,0.368394,0.5106581,0.06693696,0.59641695,0.7402428,0.1850607
13691,0.6966354,0.4066907,0.9865801,0.20614143,0.21351004,0.14050187,0.035125468
13692,0.39594635,0.4184351,0.37345764,0.0038504489,0.24730349,0.20957148,0.05239287
13693,0.43461466,0.43381986,0.43540943,0.0034285523,0.46278313,0.45188513,0.11297128
13694,0.38557827,0.43618807,0.33496848,0.010299564,0.4897016,0.38641453,0.09660363
13695,0.5545067,0.45353565,0.6554778,0.088856034,0.8024624,1.0701895,0.26754737
13696,0.43361703,0.45362937,0.41360465,0.07102939,0.0563852,0.09048589,0.022621473
13697,0.7002964,0.44351172,0.95708114,0.21386002,1.1261522,1.7386026,0.43465066
13698,0.52627176,0.41098472,0.6415588,0.058734357,0.06517585,0.044837307,0.011209327
13699,0.5067488,0.3905754,0.6229222,0.062535234,0.07131497,0.058101844,0.014525461
13700,0.46296954,0.38751996,0.53841907,0.022931552,0.2186851,0.14659226,0.036648065
13701,0.356293,0.39383376,0.31875223,0.007798489,0.5135555,0.42302895,0.10575724
13702,0.40982866,0.41461405,0.40504327,0.036092825,0.5095768,0.5023441,0.12558602
13703,0.54869515,0.43944347,0.6579469,0.036119808,0.38284063,0.26782987,0.06695747
13704,0.46849278,0.46079516,0.47619042,0.031156758,0.41714096,0.44100627,0.11025157
13705,0.46596947,0.46402803,0.46791092,0.10858648,0.77157897,0.99015975,0.24753994
13706,0.6564699,0.48004898,0.83289075,0.087326825,0.092699684,0.06284823,0.015712058
13707,0.48925498,0.4900633,0.48844668,0.059438407,0.0678037,0.1180155,0.029503874
13708,0.6563,0.49662137,0.8159787,0.097644806,0.09777284,0.111852564,0.027963141
13709,0.45421025,0.48699117,0.4214293,0.0065594413,0.5136735,0.4283432,0.1070858
13710,0.60405564,0.48027012,0.7278412,0.065318495,0.04845492,0.038419235,0.009604809
13711,0.68685246,0.4765278,0.89717704,0.21744323,1.2196143,1.1335511,0.28338778
13712,0.5344555,0.44370174,0.6252093,0.12063801,0.1217579,0.23002714,0.057506785
13713,0.39737663,0.44750056,0.3472527,0.013676603,0.52186126,0.42684653,0.10671163
13714,0.44855806,0.40650758,0.49060854,0.011057834,0.14328548,0.11459631,0.028649077
13715,0.33320284,0.38961637,0.2767893,0.025233427,0.48104015,0.37757552,0.09439388
13716,0.41790923,0.40107322,0.43474522,0.02956289,0.4411861,0.47368088,0.11842022
13717,0.53617424,0.40450653,0.667842,0.061141204,0.059048653,0.021891376,0.005472844
13718,0.39341345,0.42591467,0.3609123,0.0044349576,0.21901178,0.17465676,0.04366419
13719,0.5458182,0.4208285,0.6708079,0.060871735,0.063061714,0.038755868,0.009688967
13720,0.43539393,0.41057372,0.46021414,0.014263913,0.35216245,0.34092596,0.08523149
13721,0.3849199,0.39811683,0.37172303,0.13428958,0.52938336,0.83752376,0.20938094
13722,0.3904462,0.37942493,0.4014674,0.010222324,0.36105576,0.36652198,0.091630496
13723,0.34533688,0.36431488,0.32635888,0.032002524,0.03293864,0.043324437,0.010831109
13724,0.32519355,0.3630694,0.28731775,0.013936193,0.5704492,0.49903798,0.124759495
13725,0.5171588,0.3548645,0.6794531,0.1531421,1.0692749,1.5249147,0.3812287
13726,0.38162747,0.35518536,0.4080696,0.09268623,0.83849335,0.880511,0.22012775
13727,0.39459547,0.36256227,0.4266287,0.009119275,0.16123505,0.13931385,0.03482846
13728,0.5157687,0.36472702,0.66681033,0.13962322,1.1408424,1.5755482,0.39388704
13729,0.37696716,0.3636277,0.3903066,0.030183917,0.47563362,0.50957793,0.12739448
13730,0.56626177,0.3709923,0.7615313,0.1220774,0.13552427,0.09771637,0.024429092
13731,0.3456875,0.36441696,0.32695806,0.09062404,0.5637849,0.49962768,0.12490692
13732,0.4168944,0.3761541,0.4576347,0.0101067135,0.21280324,0.17787065,0.04446766
13733,0.31837752,0.37282005,0.263935,0.09680477,0.124269485,0.10170109,0.025425272
13734,0.32191962,0.38730416,0.25653508,0.021373376,0.58643657,0.42872462,0.107181154
13735,0.45075774,0.411967,0.48954853,0.061679084,0.773668,0.79312927,0.19828232
13736,0.47594395,0.4212571,0.5306308,0.052203428,0.058215935,0.06912535,0.017281337
13737,0.42611042,0.4496611,0.40255973,0.09823135,0.7070427,0.67902714,0.16975679
13738,0.5337746,0.4619991,0.6055501,0.057121348,0.6760877,0.8590496,0.2147624
13739,0.3934952,0.47317585,0.31381455,0.09198067,0.10771815,0.08260266,0.020650664
13740,0.68942904,0.48545083,0.8934073,0.11444288,0.1379509,0.11108186,0.027770465
13741,0.5063583,0.4680837,0.54463285,0.037597317,0.5055358,0.5690098,0.14225245
13742,0.53839135,0.46949163,0.60729104,0.07257879,0.80045253,0.98102194,0.24525549
13743,0.7520175,0.45867836,1.0453566,0.24488544,1.0890363,1.7803894,0.44509736
13744,0.6183337,0.45253047,0.78413695,0.14626557,0.16159184,0.10163314,0.025408285
13745,0.41195944,0.44024983,0.38366905,0.07536008,0.09185728,0.08877238,0.022193095
13746,0.3545898,0.43258318,0.27659643,0.034987636,0.3244947,0.20507817,0.051269542
13747,0.4851954,0.42092434,0.54946643,0.020928377,0.14073467,0.1007768,0.0251942
13748,0.38374147,0.42069197,0.3467909,0.042383045,0.42189944,0.5420689,0.13551722
13749,0.36754763,0.41456255,0.3205327,0.010263711,0.26000467,0.17893516,0.04473379
13750,0.34511054,0.4180239,0.27219716,0.02745367,0.31238556,0.20132284,0.05033071
13751,0.6038092,0.4123695,0.7952488,0.17909335,0.18295972,0.14474301,0.036185753
13752,0.44775975,0.39234254,0.503177,0.06891919,0.8392932,1.0571305,0.2642826
13753,0.55235785,0.38610098,0.71861476,0.15348746,0.18435256,0.13301073,0.033252683
13754,0.41035366,0.37217203,0.4485353,0.099155866,1.0392374,1.3097421,0.32743552
13755,0.44085383,0.3722593,0.50944835,0.059403807,0.6817811,0.89286613,0.22321653
13756,0.47425333,0.3718296,0.57667714,0.057574797,0.059328873,0.023626447,0.0059066117
13757,0.5198061,0.37438998,0.6652222,0.10515442,0.11238209,0.06325763,0.015814407
13758,0.48576102,0.38184044,0.58968157,0.105882026,0.13960075,0.13755809,0.034389522
13759,0.41479954,0.3742529,0.45534623,0.08222684,0.07495197,0.09264621,0.023161553
13760,0.516495,0.38791254,0.6450774,0.08475745,0.077988304,0.03226867,0.008067167
13761,0.45389876,0.39859495,0.5092026,0.0467872,0.58827335,0.74497527,0.18624382
13762,0.5929546,0.41364184,0.77226734,0.13609217,0.8606391,1.3741627,0.34354067
13763,0.419417,0.44146433,0.39736962,0.0034922326,0.47645268,0.4398087,0.109952174
13764,0.37054884,0.46216464,0.27893308,0.052080255,0.46578217,0.3333722,0.08334305
13765,0.6039774,0.5043514,0.7036033,0.032347295,0.21757238,0.17031296,0.04257824
13766,0.56602246,0.51338744,0.6186575,0.013721417,0.13895826,0.1248067,0.031201676
13767,0.61089855,0.5215487,0.7002484,0.11237196,1.0156221,1.337437,0.33435926
13768,0.46862686,0.5157971,0.42145666,0.039265003,0.048630398,0.040679794,0.010169948
13769,0.4394149,0.47892556,0.39990425,0.06476685,0.6449592,0.8568692,0.2142173
13770,0.5525968,0.42805362,0.67714,0.046632793,0.5099121,0.42230925,0.10557731
13771,0.34841266,0.381821,0.31500438,0.20481241,1.0931212,1.5910751,0.39776877
13772,0.42712224,0.34999087,0.50425357,0.06847105,0.056729633,0.053729236,0.013432309
13773,0.6160491,0.32804543,0.90405273,0.27214253,1.1404262,1.732104,0.433026
13774,0.2706032,0.3057808,0.23542567,0.011644053,0.30380693,0.20555396,0.05138849
13775,0.2748665,0.29785696,0.25187603,0.24060284,0.19510968,0.065768324,0.016442081
13776,0.3232287,0.28719428,0.3592631,0.098868005,0.11278105,0.16694157,0.041735392
13777,0.42348346,0.27498356,0.57198334,0.11347272,0.80090714,1.1154617,0.27886543
13778,0.25717214,0.25033844,0.26400584,0.08465143,0.9945368,1.1895283,0.2973821
13779,0.2359869,0.23162252,0.24035132,0.004541091,0.44066405,0.4675978,0.11689945
13780,0.39741948,0.22279678,0.5720422,0.14360027,0.93556434,1.3519179,0.33797947
13781,0.17857672,0.20630993,0.15084352,0.01064846,0.3547689,0.28633115,0.07158279
13782,0.17803039,0.19285606,0.16320471,0.0533552,0.53913945,0.7116301,0.17790753
13783,0.3385361,0.1769331,0.50013906,0.18660784,0.18995452,0.082493655,0.020623414
13784,0.23502393,0.16740991,0.30263796,0.040574063,0.51237917,0.66366535,0.16591634
13785,0.25735143,0.15880375,0.3558991,0.09050175,0.11666858,0.09221319,0.023053298
13786,0.14347908,0.1605993,0.12635885,0.021590488,0.21672392,0.15413313,0.03853328
13787,0.26163816,0.17680617,0.34647015,0.073934875,0.555404,0.6605417,0.16513543
13788,0.2999173,0.21578735,0.38404724,0.050563484,0.45613432,0.36940446,0.092351116
13789,0.22659425,0.27595705,0.17723148,0.07127709,0.50983477,0.37253416,0.09313354
13790,0.3966539,0.32829705,0.46501073,0.10429024,1.1418046,1.4107547,0.35268867
13791,0.34058523,0.36327347,0.31789705,0.048675556,0.51089543,0.5830242,0.14575605
13792,0.37649587,0.32250848,0.43048325,0.119811274,0.13946247,0.14166236,0.03541559
13793,0.39119992,0.2695525,0.51284736,0.07615174,0.08081802,0.02753329,0.0068833227
13794,0.1812334,0.21582095,0.14664587,0.052236315,0.07061561,0.07515194,0.018787986
13795,0.46017042,0.19281705,0.7275238,0.21702373,1.1016747,1.8086547,0.45216367
13796,0.16715656,0.18619876,0.14811437,0.054419305,0.090111576,0.12323765,0.030809412
13797,0.22858201,0.20124519,0.25591883,0.07331412,0.9441106,1.1425254,0.28563136
13798,0.2343932,0.24438335,0.22440307,0.1784969,0.17969291,0.08647963,0.021619907
13799,0.35344812,0.27578664,0.43110958,0.03157879,0.5640088,0.45368603,0.11342151
13800,0.4430891,0.32274953,0.5634286,0.08820024,0.8082962,0.77596927,0.19399232
13801,0.28973067,0.35091326,0.2285481,0.021806762,0.26239476,0.15217431,0.038043577
13802,0.28882816,0.35924467,0.21841167,0.03813831,0.0454189,0.015930071,0.003982518
13803,0.2735035,0.36958814,0.17741887,0.26678312,1.0114919,1.6756638,0.41891596
13804,0.3891996,0.3914186,0.38698062,0.0036852683,0.26590624,0.28930616,0.07232654
13805,0.37241983,0.40766788,0.33717182,0.007713327,0.50839883,0.43620995,0.10905249
13806,0.46541357,0.4082583,0.5225689,0.06692715,0.6273077,0.87827444,0.21956861
13807,0.44362393,0.4135312,0.47371665,0.016074207,0.5145128,0.5080795,0.12701988
13808,0.35094365,0.40278783,0.29909948,0.07493128,0.37648106,0.59283954,0.14820988
13809,0.41745797,0.39263773,0.44227827,0.019091811,0.5514744,0.5474524,0.1368631
13810,0.41341355,0.36870775,0.4581194,0.16190155,0.81198055,0.9902243,0.24755608
13811,0.44378218,0.3356167,0.55194765,0.12126717,0.7348396,0.82787746,0.20696937
13812,0.3564259,0.28341198,0.42943987,0.16583633,0.9079833,1.185369,0.29634225
13813,0.21852495,0.2243978,0.2126521,0.006805574,0.12926073,0.13518569,0.033796422
13814,0.18647157,0.18547522,0.18746792,0.014436434,0.32681394,0.3117242,0.07793105
13815,0.16837843,0.16853951,0.16821736,0.011779942,0.14199431,0.1286407,0.032160174
13816,0.3072246,0.15905489,0.45539427,0.14395195,0.1839083,0.15434046,0.038585115
13817,0.14617835,0.1575753,0.1347814,0.005760018,0.15769465,0.167998,0.0419995
13818,0.31035197,0.16523339,0.45547056,0.13530347,0.13645267,0.15034212,0.03758553
13819,0.29078013,0.1746474,0.40691283,0.13632974,0.18329144,0.21038538,0.052596346
13820,0.24069965,0.18423194,0.29716736,0.0822439,0.6130015,0.6931185,0.17327963
13821,0.18369472,0.18496577,0.1824237,0.022006124,0.018594107,0.019800501,0.0049501252
13822,0.32610336,0.18239772,0.46980897,0.15079129,0.16727352,0.08955369,0.022388423
13823,0.16789185,0.18400903,0.15177466,0.01703796,0.25848898,0.18601467,0.046503667
13824,0.23840912,0.17623174,0.30058652,0.061516482,0.06925472,0.07060697,0.017651742
13825,0.20309258,0.17210352,0.23408164,0.093563706,0.1101977,0.17821737,0.04455434
13826,0.18010128,0.15531847,0.2048841,0.019782355,0.31336817,0.26359308,0.06589827
13827,0.17288436,0.14340813,0.20236059,0.06768788,0.7743602,0.9794056,0.2448514
13828,0.138559,0.14244752,0.1346705,0.02151193,0.5487316,0.46637857,0.11659464
13829,0.21664643,0.14317767,0.2901152,0.06302729,0.078328766,0.07603649,0.019009123
13830,0.24384303,0.14869314,0.33899292,0.09740592,0.104165554,0.14607982,0.036519956
13831,0.28951812,0.15683018,0.42220607,0.12901062,0.12843657,0.15360755,0.038401887
13832,0.28065726,0.16063769,0.40067682,0.12912007,0.8524669,1.1382837,0.28457093
13833,0.29443315,0.17477377,0.4140925,0.12328166,0.96114826,1.4864167,0.37160417
13834,0.25501144,0.19368641,0.31633648,0.050745618,0.51350194,0.7020769,0.17551923
13835,0.22493283,0.22171569,0.22814997,0.011332958,0.44915345,0.4584242,0.11460605
13836,0.33649182,0.2608746,0.41210905,0.06810997,0.059923846,0.081683695,0.020420924
13837,0.24800426,0.2947091,0.20129943,0.043721233,0.045708816,0.03324395,0.008310988
13838,0.40607092,0.31553337,0.4966084,0.051535856,0.51451546,0.44492278,0.111230694
13839,0.25031695,0.30025688,0.20037697,0.16221274,0.15601794,0.13483097,0.03370774
13840,0.22499518,0.26941615,0.1805742,0.14823675,0.14695835,0.12866403,0.032166008
13841,0.25160798,0.24717343,0.2560425,0.06645387,0.8472178,1.0162565,0.2540641
13842,0.34127688,0.23384996,0.44870377,0.089130454,0.8915556,1.1826159,0.29565397
13843,0.3699347,0.24639301,0.4934764,0.06575143,0.62229276,0.4638311,0.115957774
13844,0.28108224,0.27067518,0.29148933,0.040631954,0.4817659,0.4969734,0.12424335
13845,0.23850442,0.3268689,0.15013997,0.2132833,0.22370227,0.11091912,0.02772978
13846,0.643166,0.39403307,0.8922989,0.16748476,0.20006223,0.10414463,0.026036158
13847,0.599359,0.4558746,0.7428434,0.11060885,0.7323492,0.6224376,0.1556094
13848,0.6749072,0.4849045,0.86490995,0.16244297,1.0680567,1.502388,0.375597
13849,0.5490388,0.4850789,0.6129987,0.044496667,0.044323523,0.049154777,0.012288694
13850,0.41994914,0.4789143,0.36098394,0.010708024,0.3294088,0.23376606,0.058441516
13851,0.39564857,0.48726735,0.3040298,0.071877696,0.0716097,0.03954898,0.009887245
13852,0.4889162,0.4923675,0.4854649,0.0021594467,0.15052113,0.15715787,0.039289467
13853,0.5591081,0.50625926,0.61195695,0.042920183,0.03725636,0.047008295,0.011752074
13854,0.41472387,0.49481067,0.33463714,0.019660482,0.43024936,0.2968023,0.07420058
13855,0.4363416,0.47812578,0.3945574,0.0076825223,0.39756963,0.3092403,0.07731008
13856,0.38146177,0.4353613,0.3275623,0.10114324,0.8485911,1.1577291,0.2894323
13857,0.43580714,0.41784048,0.45377383,0.040175136,0.3600141,0.43172622,0.107931554
13858,0.88453895,0.4316677,1.3374103,0.3808091,1.0497662,2.0161378,0.50403446
13859,0.43150476,0.49177375,0.37123576,0.06750161,0.5898574,0.8136297,0.20340742
13860,0.56413174,0.6045107,0.5237527,0.056478072,0.69260234,0.8783372,0.2195843
13861,0.56346166,0.70227265,0.42465067,0.081540145,0.09356952,0.03895342,0.009738355
13862,0.74396974,0.6948758,0.79306364,0.1476619,0.11316443,0.25629506,0.064073764
13863,0.6142748,0.6234844,0.60506517,0.006153938,0.20438953,0.23659857,0.05914964
13864,0.45428935,0.6063791,0.3021996,0.0605626,0.5159814,0.26812825,0.06703206
13865,0.7313488,0.596721,0.86597675,0.09068384,0.95893687,1.1955255,0.29888138
13866,0.5467505,0.6210343,0.47246662,0.17687094,1.1574398,1.5793365,0.39483413
13867,0.5471111,0.63595116,0.45827112,0.093472205,0.17219742,0.10220709,0.025551772
13868,0.5771684,0.6654188,0.48891804,0.08027219,0.7243109,0.6324771,0.15811928
13869,0.6424646,0.73147184,0.5534573,0.059125047,0.61338073,0.5352039,0.13380097
13870,0.77694243,0.78950375,0.7643811,0.06008266,0.85603267,0.89858216,0.22464554
13871,0.6510797,0.84248084,0.45967865,0.07351917,0.3603417,0.15832894,0.039582234
13872,0.7562993,0.82088906,0.6917097,0.07331173,0.038720522,0.16208836,0.04052209
13873,0.86835307,0.7574342,0.9792718,0.03303418,0.41511843,0.38171306,0.095428266
13874,0.5230797,0.685591,0.36056837,0.06682313,0.5251508,0.28036144,0.07009036
13875,0.57637024,0.6658673,0.48687315,0.14877053,1.0208074,1.4380242,0.35950604
13876,0.49969086,0.6135269,0.38585484,0.08231156,0.13332212,0.08159665,0.020399163
13877,0.4573578,0.5834345,0.33128107,0.14640008,0.18793134,0.097577,0.02439425
13878,0.40959135,0.49359354,0.3255892,0.022477487,0.37770435,0.2526393,0.06315982
13879,0.57865673,0.4161686,0.74114484,0.08738295,0.085548915,0.03888801,0.009722003
13880,0.33523858,0.38836098,0.28211617,0.037459817,0.05631117,0.04305474,0.010763685
13881,0.6801174,0.38303986,0.9771951,0.20770705,1.1386293,1.8207437,0.45518592
13882,0.39666143,0.41344735,0.37987557,0.046552867,0.42677292,0.4396173,0.10990433
13883,0.4256196,0.43170467,0.41953453,0.08190227,0.9507682,1.2091026,0.30227566
13884,0.34317157,0.45134833,0.23499477,0.07325154,0.55239564,0.34668717,0.08667179
13885,0.3855369,0.4789659,0.29210794,0.032201145,0.5797699,0.39241067,0.09810267
13886,0.5199684,0.4413333,0.5986035,0.023070326,0.24488841,0.1887564,0.0471891
13887,0.45946303,0.41397452,0.50495154,0.039135132,0.5740065,0.56501323,0.14125331
13888,0.27423298,0.34596768,0.20249827,0.040362,0.5541105,0.38726285,0.09681571
13889,0.23450686,0.28513044,0.1838833,0.020290583,0.3964049,0.2716627,0.06791568
13890,0.21637666,0.2519426,0.18081073,0.1128994,0.10748831,0.08669148,0.02167287
13891,0.295192,0.2259562,0.3644278,0.08385789,1.0976326,1.087246,0.2718115
13892,0.3303663,0.21717004,0.4435626,0.10024121,0.1058772,0.07209676,0.01802419
13893,0.24236548,0.2322055,0.25252545,0.09296628,0.110219635,0.12507263,0.031268157
13894,0.22499852,0.22738843,0.22260858,0.0027535094,0.28870487,0.29679105,0.07419776
13895,0.37107125,0.23299919,0.50914335,0.11518296,0.76645976,0.6274579,0.15686448
13896,0.26224208,0.2264884,0.29799578,0.010758467,0.23994929,0.19866459,0.049666148
13897,0.18409269,0.21158247,0.15660287,0.008473481,0.2936398,0.22128238,0.055320594
13898,0.29959428,0.19218916,0.40699944,0.10145193,0.81438977,0.7726986,0.19317465
13899,0.20922135,0.17710559,0.2413371,0.08468724,0.12029171,0.20278414,0.050696034
13900,0.1796406,0.17966743,0.17961377,0.07246365,0.440379,0.44033447,0.11008362
13901,0.20929323,0.17870276,0.2398837,0.104501076,0.09893385,0.1560448,0.0390112
13902,0.1553902,0.16170044,0.14907996,0.031170303,0.026607355,0.028551662,0.0071379156
13903,0.13833718,0.15884234,0.117832005,0.010291862,0.19499,0.16423367,0.041058417
13904,0.26960137,0.15298118,0.38622156,0.15047811,0.12946181,0.11214904,0.02803726
13905,0.19493116,0.14572668,0.24413566,0.113942325,0.76189536,1.0301621,0.25754052
13906,0.10686348,0.15072274,0.063004225,0.08834413,0.28408155,0.54868215,0.13717054
13907,0.13437442,0.16632174,0.1024271,0.25620008,0.5825141,1.241879,0.31046975
13908,0.19235194,0.18880461,0.1958993,0.0031518368,0.20898724,0.23035555,0.057588886
13909,0.2232811,0.17684527,0.26971695,0.056215663,0.32042134,0.41393617,0.10348404
13910,0.23132487,0.14360745,0.3190423,0.07741685,0.54743004,0.8697997,0.21744992
13911,0.14238764,0.12958749,0.15518783,0.008935824,0.20792341,0.21458842,0.053647105
13912,0.101356156,0.110479005,0.09223331,0.06708998,0.49138752,0.76072246,0.19018061
13913,0.18438472,0.0941596,0.27460983,0.08441893,0.09208282,0.025227914,0.0063069784
13914,0.092881955,0.08464108,0.10112283,0.006589418,0.56663793,0.5746942,0.14367355
13915,0.10437071,0.07616819,0.13257323,0.061897453,0.5919523,0.7365019,0.18412547
13916,0.21220596,0.089362316,0.33504963,0.1363102,0.12534237,0.034669224,0.008667306
13917,0.12740691,0.10846106,0.14635275,0.03339125,0.02509149,0.055712316,0.013928079
13918,0.24915068,0.13755369,0.36074767,0.08216661,0.0913887,0.028680772,0.007170193
13919,0.22315532,0.17078967,0.27552095,0.049303193,0.06948797,0.07039675,0.017599188
13920,0.24108946,0.16986573,0.31231317,0.034102507,0.59032416,0.4988265,0.124706626
13921,0.2495026,0.15127409,0.3477311,0.0984964,0.13443081,0.10170784,0.02542696
13922,0.33851632,0.13947347,0.53755915,0.19003701,0.20373361,0.056601066,0.014150267
13923,0.18365188,0.13093519,0.23636855,0.055768657,0.59074116,0.7886465,0.19716163
13924,0.12111032,0.139686,0.10253463,0.014510412,0.39246193,0.35459733,0.08864933
13925,0.2322989,0.13434704,0.33025074,0.1523058,0.21717821,0.260771,0.06519275
13926,0.16898783,0.13128246,0.20669322,0.061061304,0.028181711,0.09069242,0.022673106
13927,0.18401249,0.13539247,0.23263252,0.080871135,0.62884647,0.84798473,0.21199618
13928,0.11677474,0.12495326,0.10859623,0.02342622,0.016095161,0.02119104,0.00529776
13929,0.10587732,0.12646277,0.08529186,0.016657958,0.19942872,0.15737663,0.039344158
13930,0.12295481,0.13749859,0.10841102,0.09877384,0.06553284,0.042297244,0.010574311
13931,0.21343096,0.13961063,0.28725126,0.10220156,0.81296426,0.951025,0.23775625
13932,0.15367584,0.14811994,0.15923172,0.0038862552,0.40271747,0.40317103,0.10079276
13933,0.17378557,0.14078714,0.20678397,0.035944413,0.013058822,0.056284666,0.0140711665
13934,0.112435855,0.12754436,0.09732736,0.03668813,0.33227408,0.4578615,0.11446538
13935,0.13618582,0.13923271,0.13313894,0.003347095,0.24437015,0.22374265,0.055935662
13936,0.20422827,0.123854555,0.28460196,0.08125704,0.70496625,0.98078823,0.24519706
13937,0.13037114,0.11713632,0.14360593,0.044483304,0.023346582,0.05935344,0.01483836
13938,0.22218074,0.09481593,0.34954557,0.147848,0.96782655,0.91317374,0.22829343
13939,0.08229373,0.09001107,0.07457639,0.0056555294,0.30040792,0.24223061,0.060557652
13940,0.21088278,0.08971113,0.3320544,0.11579282,0.11166073,0.04319893,0.010799732
13941,0.2232759,0.112966515,0.3335853,0.11163231,1.1190019,1.4593595,0.36483988
13942,0.09612077,0.13577254,0.05646899,0.08461192,0.5662068,0.3564601,0.08911502
13943,0.15199448,0.1572443,0.14674468,0.0029916,0.3157734,0.32804722,0.082011804
13944,0.16189939,0.15937506,0.16442372,0.035898022,0.45867506,0.525948,0.131487
13945,0.19747369,0.15133506,0.2436123,0.018189505,0.19453256,0.13805203,0.034513008
13946,0.18941116,0.15415671,0.2246656,0.03647114,0.4003462,0.43270352,0.10817588
13947,0.25201032,0.15324381,0.3507768,0.08056904,0.07961152,0.04025658,0.010064145
13948,0.15165462,0.16604781,0.13726142,0.0046519525,0.4629115,0.40770945,0.10192736
13949,0.19440651,0.15234397,0.23646903,0.014801443,0.33592328,0.27701995,0.06925499
13950,0.12572558,0.14870852,0.102742635,0.14235537,0.7163527,1.073607,0.26840174
13951,0.1492489,0.1716553,0.12684251,0.0076278676,0.26937762,0.2172573,0.054314326
13952,0.21313137,0.16985534,0.2564074,0.014352533,0.5246815,0.49169013,0.12292253
13953,0.12482079,0.16485299,0.08478858,0.037078895,0.33799338,0.25006044,0.06251511
13954,0.19874372,0.15344365,0.24404381,0.058596496,0.56362337,0.7482261,0.18705653
13955,0.1545379,0.15224719,0.1568286,0.0031566767,0.4688691,0.48620486,0.121551216
13956,0.1719449,0.13716829,0.20672153,0.012856461,0.30834648,0.278374,0.0695935
13957,0.15113549,0.12028572,0.18198526,0.013927326,0.53223115,0.5191907,0.12979768
13958,0.103982665,0.09734792,0.1106174,0.033367198,0.02306191,0.048367947,0.012091987
13959,0.074254416,0.096419476,0.052089363,0.022449406,0.45210886,0.33336914,0.083342284
13960,0.09235408,0.09248943,0.092218734,0.05491428,0.5533131,0.5544721,0.13861802
13961,0.1751836,0.08687026,0.2634969,0.11489906,1.1880621,1.5436281,0.38590702
13962,0.110470735,0.08770248,0.13323899,0.01178693,0.16594456,0.13329695,0.033324238
13963,0.1473813,0.0771404,0.2176222,0.0947511,0.102256276,0.09488446,0.023721116
13964,0.10364362,0.082752444,0.124534786,0.11513875,0.094777144,0.056523513,0.014130878
13965,0.07011684,0.09817799,0.042055685,0.07191874,0.57708126,0.32397678,0.080994196
13966,0.08378617,0.10492277,0.06264956,0.01799225,0.6655067,0.4838543,0.12096357
13967,0.1625198,0.12233693,0.20270264,0.019092908,0.18083923,0.118471645,0.029617911
13968,0.12673384,0.12016354,0.13330413,0.0029847212,0.16616306,0.14781173,0.03695293
13969,0.14944422,0.12114903,0.17773943,0.045803066,0.0494179,0.054334175,0.013583544
13970,0.13133805,0.11689851,0.14577757,0.07077163,0.064376034,0.113416694,0.028354174
13971,0.13302891,0.11136383,0.15469398,0.0115461005,0.4343432,0.35567054,0.088917635
13972,0.14530379,0.1043484,0.18625917,0.031195858,0.3148353,0.21186692,0.05296673
13973,0.19041204,0.09584126,0.28498283,0.19183855,0.16664049,0.12510687,0.031276718
13974,0.10423148,0.096169084,0.11229387,0.15154569,0.95697695,1.3649939,0.34124848
13975,0.09659138,0.09796562,0.095217146,0.13495232,0.547274,0.8390255,0.20975637
13976,0.09178067,0.08962566,0.09393569,0.13490309,0.81069475,1.1972443,0.29931107
13977,0.10093025,0.08623731,0.1156232,0.081716545,0.08847507,0.10504492,0.02626123
13978,0.10265725,0.08240115,0.12291334,0.08018556,0.06725947,0.15315239,0.038288098
13979,0.17996144,0.07613575,0.28378713,0.18288153,0.15378983,0.24270605,0.06067651
13980,0.08842748,0.07099706,0.10585789,0.013342722,0.16696446,0.13587381,0.033968452
13981,0.100607455,0.06943688,0.13177805,0.04801846,0.5250204,0.68957406,0.17239352
13982,0.19339965,0.0633922,0.32340708,0.16498844,0.8300956,1.300643,0.32516074
13983,0.060557272,0.06377628,0.057338268,0.0032174569,0.17564194,0.19166295,0.047915738
13984,0.07417998,0.061177716,0.08718223,0.06494119,0.41981503,0.57691264,0.14422816
13985,0.08088281,0.05763553,0.10413008,0.08746341,0.078645706,0.16109782,0.040274456
13986,0.110191025,0.05890411,0.16147794,0.06490592,0.74906653,0.781158,0.1952895
13987,0.10928575,0.062007327,0.15656418,0.09338993,0.08610806,0.14327247,0.03581812
13988,0.17499189,0.07390294,0.27608082,0.12591998,0.13957272,0.12040607,0.030101517
13989,0.07225173,0.087795995,0.05670746,0.016444229,0.32004753,0.20145752,0.05036438
13990,0.09979311,0.099380516,0.1002057,0.0021216522,0.15843983,0.16069196,0.04017299
13991,0.14457847,0.10686871,0.18228824,0.08184557,1.1054062,1.2563695,0.31409237
13992,0.09788072,0.1009294,0.09483203,0.0028720412,0.3735818,0.38871947,0.09717987
13993,0.19810736,0.09611233,0.30010238,0.13735491,0.8253134,1.1360706,0.28401765
13994,0.14151214,0.09589883,0.18712546,0.039171245,0.38142157,0.36349425,0.09087356
13995,0.14902274,0.08497667,0.2130688,0.18030654,0.14394987,0.12832618,0.032081544
13996,0.14745243,0.07514382,0.21976103,0.09431901,0.4964045,0.6723946,0.16809864
13997,0.123798944,0.06880046,0.17879744,0.109607734,0.09769157,0.104120344,0.026030086
13998,0.08072425,0.06796923,0.09347927,0.009885076,0.28062353,0.22219823,0.05554956
13999,0.16135967,0.06911867,0.2536007,0.1401193,0.18928649,0.22241049,0.05560262
14000,0.16061966,0.0639466,0.25729272,0.12306481,0.1013025,0.034624293,0.008656073
14001,0.0723756,0.066211395,0.07853982,0.0808838,0.069712006,0.08298457,0.020746142
14002,0.10953907,0.06634152,0.15273663,0.07736578,0.7032256,0.7927291,0.19818227
14003,0.06823213,0.068183295,0.06828097,0.002899418,0.24270041,0.25215158,0.063037895
14004,0.117483854,0.08066133,0.1543064,0.13311265,0.1324118,0.22434467,0.056086168
14005,0.15747514,0.09411001,0.22084028,0.09565318,0.08838985,0.1880186,0.04700465
14006,0.10614744,0.082212016,0.13008286,0.03263719,0.4139084,0.45374694,0.113436736
14007,0.11432836,0.08107868,0.14757806,0.06488158,0.6991908,0.867935,0.21698375
14008,0.11154834,0.07463173,0.14846496,0.06759093,0.05642271,0.093662046,0.023415511
14009,0.07044367,0.069214754,0.07167258,0.0048664226,0.54139537,0.5551078,0.13877694
14010,0.09889456,0.06815089,0.12963821,0.026378488,0.2853864,0.21575393,0.053938482
14011,0.1183633,0.06835126,0.16837536,0.08691899,0.1062899,0.15649918,0.039124794
14012,0.12500393,0.07669794,0.17330992,0.10718455,0.7456217,0.8540967,0.21352418
14013,0.09356748,0.098774016,0.08836094,0.03943685,0.51214266,0.49743262,0.124358155
14014,0.17254491,0.11556993,0.22951992,0.051405396,0.056065846,0.07159013,0.017897533
14015,0.16241339,0.1426752,0.18215157,0.04262219,0.7440087,0.7579169,0.18947923
14016,0.15029359,0.14037122,0.16021596,0.023829823,0.039304018,0.050882135,0.012720534
14017,0.19150983,0.13988994,0.24312972,0.10447476,0.8273411,1.0175874,0.25439686
14018,0.088498294,0.12986208,0.047134507,0.08571815,0.6621104,0.41137424,0.10284356
14019,0.075274654,0.11113533,0.039413985,0.042182714,0.30988225,0.17294772,0.04323693
14020,0.2069905,0.10046279,0.31351823,0.07759601,0.51490664,0.31234625,0.07808656
14021,0.071668945,0.09622478,0.04711311,0.027841562,0.6018421,0.48401847,0.12100462
14022,0.25115228,0.10123491,0.40106964,0.1498405,0.12992346,0.08959987,0.022399968
14023,0.1595806,0.11787528,0.20128591,0.032732595,0.45571783,0.5510334,0.13775834
14024,0.09975791,0.1320551,0.067460716,0.01846086,0.20923996,0.13052063,0.032630157
14025,0.1726015,0.15045452,0.19474848,0.022237787,0.026138345,0.054754913,0.013688728
14026,0.1818341,0.1510783,0.2125899,0.0750377,0.070211746,0.11552047,0.028880117
14027,0.12916595,0.12913628,0.12919562,0.033520818,0.03482302,0.0488124,0.0122031
14028,0.089723,0.11667975,0.062766254,0.019924266,0.55570793,0.45380428,0.11345107
14029,0.17165203,0.10530692,0.23799717,0.06540131,0.5934467,0.5233941,0.13084853
14030,0.14058162,0.09756877,0.18359447,0.05064431,0.046669643,0.12462748,0.03115687
14031,0.14462902,0.09958454,0.1896735,0.025929146,0.40214586,0.3105385,0.077634625
14032,0.17093222,0.10180318,0.24006122,0.04966058,0.3273585,0.20912199,0.052280497
14033,0.21884285,0.10509803,0.33258766,0.16268143,1.1340564,1.4008316,0.3502079
14034,0.13395588,0.109517865,0.1583939,0.010752236,0.6404519,0.5615635,0.14039087
14035,0.18927307,0.12638807,0.25215808,0.081212975,1.1993709,1.341101,0.33527526
14036,0.11155254,0.14563705,0.07746803,0.08579921,0.67039746,0.37270495,0.09317624
14037,0.28430074,0.18394475,0.38465676,0.09425319,1.1763934,1.0539323,0.26348308
14038,0.20799065,0.19287789,0.22310342,0.0045917206,0.6561734,0.62968516,0.15742129
14039,0.2143365,0.21342896,0.21524404,0.052852955,0.06448233,0.08769822,0.021924555
14040,0.29130122,0.20830369,0.37429872,0.06883981,0.05493139,0.034975648,0.008743912
14041,0.18510163,0.21702588,0.1531774,0.04386668,0.046862323,0.026671797,0.0066679493
14042,0.2809336,0.21391682,0.34795037,0.10591,0.107837625,0.12318927,0.030797318
14043,0.2175051,0.19770439,0.2373058,0.072276935,0.07700733,0.12282023,0.030705057
14044,0.20664348,0.19265707,0.22062989,0.1535031,1.1426669,1.1433724,0.2858431
14045,0.22845475,0.18309523,0.2738143,0.11885195,0.1306274,0.14539509,0.03634877
14046,0.15965818,0.18294902,0.13636734,0.01210434,0.67032427,0.529392,0.132348
14047,0.1623006,0.2026872,0.121914,0.029093536,0.5972137,0.42364112,0.10591028
14048,0.19577749,0.22329639,0.16825859,0.029513245,0.034456175,0.028094063,0.0070235156
14049,0.24617755,0.23687212,0.255483,0.072019145,0.098483086,0.13158308,0.03289577
14050,0.2463456,0.23795159,0.2547396,0.002773774,0.16133966,0.13949186,0.034872964
14051,0.23044449,0.23702891,0.22386007,0.0032561962,0.5415033,0.54518414,0.13629603
14052,0.27660564,0.23692937,0.31628188,0.031103471,0.027521333,0.027001107,0.006750277
14053,0.21102805,0.21804811,0.20400798,0.02839998,0.037189007,0.040752936,0.010188234
14054,0.19619699,0.20924717,0.18314682,0.04590984,0.037293434,0.020483267,0.0051208166
14055,0.1775734,0.19567305,0.15947376,0.047184262,0.020644069,0.08001519,0.020003797
14056,0.18666978,0.18060201,0.19273758,0.009885898,0.5241774,0.41144142,0.102860354
14057,0.16509016,0.16581385,0.16436648,0.014466713,0.51240206,0.37583628,0.09395907
14058,0.16625287,0.15984152,0.17266421,0.014578756,0.42071548,0.2949318,0.07373295
14059,0.19072588,0.1674348,0.21401699,0.012246647,0.21250188,0.16759743,0.041899357
14060,0.1761422,0.17263436,0.17965002,0.0677722,0.07858268,0.1842326,0.04605815
14061,0.18675826,0.17177074,0.2017458,0.004142793,0.59521073,0.5766421,0.14416052
14062,0.1923316,0.17026979,0.21439342,0.036900252,0.039503414,0.08895437,0.022238592
14063,0.1837015,0.16676581,0.20063718,0.036590215,0.024731478,0.050390106,0.012597526
14064,0.17064096,0.16274479,0.17853713,0.0043262634,0.31181654,0.29247493,0.07311873
14065,0.17908722,0.155251,0.20292346,0.10941509,0.12713234,0.16705494,0.041763734
14066,0.14326315,0.14939862,0.13712767,0.04222397,0.044490695,0.03619309,0.009048273
14067,0.20547569,0.15146852,0.25948286,0.05482443,0.038232643,0.12670593,0.031676482
14068,0.13641526,0.1535603,0.11927023,0.060597297,0.06683823,0.035006035,0.008751509
14069,0.13700935,0.1664726,0.10754611,0.06939198,0.09530345,0.12482058,0.031205146
14070,0.2561891,0.17412628,0.33825192,0.12472173,0.9539949,1.2792016,0.3198004
14071,0.20750968,0.18464361,0.23037572,0.064522035,0.9602847,1.0485048,0.2621262
14072,0.17055793,0.19297154,0.14814435,0.15486978,0.18756036,0.11102491,0.027756227
14073,0.21249785,0.20256464,0.22243106,0.061830405,0.42707554,0.4358835,0.10897087
14074,0.1690607,0.19702975,0.14109164,0.11393541,0.11177007,0.14304203,0.035760507
14075,0.1978045,0.18400359,0.21160538,0.04465508,0.029786587,0.097215295,0.024303824
14076,0.15143977,0.17225087,0.13062866,0.109611295,0.14236741,0.19862545,0.04965636
14077,0.17390497,0.16155136,0.18625861,0.03933079,0.46269202,0.35509107,0.08877277
14078,0.16592635,0.15871337,0.17313935,0.0560424,0.6438205,0.7996633,0.19991583
14079,0.19450946,0.15946555,0.22955339,0.051666234,0.03345871,0.11549098,0.028872745
14080,0.18560721,0.16508245,0.20613198,0.0058263917,0.37576738,0.32138917,0.08034729
14081,0.2049896,0.16879092,0.24118829,0.041061845,0.023429235,0.05982104,0.01495526
14082,0.26962963,0.17143707,0.3678222,0.10751051,0.83166474,0.96518594,0.24129649
14083,0.3142642,0.17238432,0.4561441,0.24380188,1.3273273,1.8911306,0.47278264
14084,0.15488982,0.17350495,0.13627468,0.008536083,0.7565737,0.63919705,0.15979926
14085,0.15881422,0.15569673,0.16193171,0.028676087,0.5146083,0.4850918,0.12127295
14086,0.1388659,0.14513667,0.13259512,0.07928467,0.08416923,0.14147474,0.035368685
14087,0.14369059,0.13388121,0.15349995,0.050530687,0.63581926,0.5400649,0.13501622
14088,0.16917638,0.12967972,0.20867305,0.07954781,1.3934399,1.5452362,0.38630906
14089,0.12102445,0.12688623,0.11516267,0.03010342,0.49628368,0.35165033,0.08791258
14090,0.20158164,0.128722,0.27444127,0.07827731,0.04049158,0.10308551,0.025771378
14091,0.19479114,0.13282612,0.25675616,0.07247827,0.90039927,0.8539335,0.21348338
14092,0.25605783,0.13803698,0.37407863,0.17243965,1.0448624,1.3554277,0.33885694
14093,0.21105309,0.1463424,0.2757638,0.06081451,0.49362072,0.52157664,0.13039416
14094,0.14712054,0.14783023,0.14641084,0.093874834,1.1284281,1.4144522,0.35361305
14095,0.1690449,0.14291666,0.1951731,0.0801132,0.0552996,0.1507641,0.037691023
14096,0.14213371,0.14118905,0.14307839,0.006052226,0.48410356,0.45642743,0.11410686
14097,0.2790531,0.14209667,0.41600952,0.2630497,0.95788985,1.5023462,0.37558654
14098,0.13015887,0.1321296,0.12818815,0.06607539,0.7912464,1.0343302,0.25858256
14099,0.118760996,0.120824955,0.116697036,0.030105596,0.0132107735,0.047968213,0.011992053
14100,0.19939142,0.111019254,0.2877636,0.0998731,0.09399557,0.1296246,0.03240615
14101,0.10629756,0.10929587,0.10329926,0.048938498,0.017906824,0.09739264,0.02434816
14102,0.11077098,0.112893306,0.10864866,0.041460916,0.014996211,0.078282796,0.019570699
14103,0.11082858,0.11914488,0.10251229,0.0056591406,0.2933083,0.273325,0.06833125
14104,0.13890874,0.12728076,0.15053673,0.006093661,0.36528382,0.319728,0.079932
14105,0.15676124,0.13653652,0.17698596,0.08947384,1.0292753,1.303292,0.325823
14106,0.14307643,0.14262237,0.1435305,0.0059851073,0.18954849,0.13926482,0.034816206
14107,0.2908323,0.15016292,0.43150175,0.14520603,1.471837,1.8244104,0.4561026
14108,0.17499264,0.15433453,0.19565077,0.0115289735,0.49183258,0.39214388,0.09803597
14109,0.13049547,0.14863698,0.11235398,0.015832724,0.556849,0.49560738,0.123901844
14110,0.16105907,0.14322531,0.1788928,0.008023297,0.22154103,0.2584115,0.064602874
14111,0.16738057,0.14147152,0.19328962,0.17457753,0.9031407,1.092095,0.27302375
14112,0.21136199,0.14554231,0.27718166,0.11638498,0.11714789,0.05757488,0.01439372
14113,0.16517685,0.15802266,0.17233105,0.0053465813,0.37325,0.41194078,0.102985196
14114,0.23640473,0.16346498,0.30934447,0.062052023,0.492825,0.4217644,0.1054411
14115,0.18929821,0.16484337,0.21375306,0.07232818,0.7545224,0.8164937,0.20412342
14116,0.18999642,0.16160221,0.21839063,0.18517363,1.0762968,1.4968386,0.37420964
14117,0.14602251,0.15463954,0.13740547,0.0049664513,0.3904085,0.33742428,0.08435607
14118,0.13525818,0.14911644,0.12139991,0.10691593,0.7144584,0.7363866,0.18409665
14119,0.22144938,0.1443649,0.2985339,0.07799575,0.62974095,0.6118917,0.15297292
14120,0.13529193,0.14162861,0.12895526,0.0392098,0.040796686,0.055940136,0.013985034
14121,0.18476044,0.13671748,0.23280339,0.043857563,0.41189924,0.57529324,0.14382331
14122,0.21516271,0.1280209,0.3023045,0.123549916,0.09590889,0.06879839,0.017199598
14123,0.14501055,0.11348616,0.17653494,0.07213041,0.6769893,0.86217755,0.21554439
14124,0.14520317,0.11223602,0.17817032,0.1063138,1.0221077,1.2528957,0.31322393
14125,0.12703915,0.11855636,0.13552193,0.0044254195,0.24887967,0.23398243,0.058495607
14126,0.21221034,0.123151444,0.30126923,0.10206368,0.6379116,0.81377894,0.20344473
14127,0.14570795,0.13980667,0.15160923,0.009617718,0.4200307,0.4157394,0.10393485
14128,0.16309021,0.14753842,0.17864199,0.018347958,0.4024302,0.38137016,0.09534254
14129,0.18577136,0.15780531,0.21373741,0.029796442,0.4915408,0.45073166,0.112682916
14130,0.25349358,0.17741092,0.32957628,0.064659685,0.053688273,0.12023535,0.030058838
14131,0.23041874,0.18587089,0.2749666,0.06648645,0.96860284,0.9816702,0.24541755
14132,0.21337147,0.19653161,0.23021133,0.12066833,0.14183368,0.11965701,0.029914252
14133,0.15857805,0.22782035,0.08933576,0.08879155,0.5494136,0.25755325,0.06438831
14134,0.26743332,0.26168236,0.2731843,0.04954642,0.5389363,0.40015817,0.10003954
14135,0.32170388,0.2826948,0.360713,0.07547938,1.0061901,0.8477692,0.2119423
14136,0.360348,0.28907946,0.43161654,0.077854924,0.09836123,0.20547485,0.051368713
14137,0.33061305,0.28202328,0.37920284,0.059482235,0.035773497,0.10565803,0.026414508
14138,0.30446377,0.27473924,0.3341883,0.073642135,0.08203158,0.119917385,0.029979346
14139,0.2469308,0.2579076,0.23595397,0.077572055,0.07920053,0.07715098,0.019287745
14140,0.26608983,0.23699124,0.2951884,0.07317098,0.061780334,0.11481463,0.028703658
14141,0.2766397,0.2160936,0.33718583,0.098540865,1.2670046,1.378992,0.344748
14142,0.15870513,0.1838767,0.13353355,0.06787578,0.043664724,0.13111232,0.03277808
14143,0.23894787,0.18407173,0.293824,0.048647407,0.052106198,0.11812961,0.029532403
14144,0.19684832,0.1792887,0.2144079,0.004663451,0.41084924,0.37787294,0.094468236
14145,0.24310286,0.17933367,0.30687204,0.058324337,0.548192,0.5321219,0.13303047
14146,0.1596983,0.18197149,0.13742508,0.0068599028,0.29069135,0.23094887,0.057737216
14147,0.18060918,0.19566905,0.16554932,0.005630024,0.30024335,0.2411353,0.060283825
14148,0.41103306,0.2329429,0.58912325,0.1427093,0.8701896,1.2708329,0.31770822
14149,0.26359835,0.23048954,0.29670718,0.009189474,0.37143493,0.35218108,0.08804527
14150,0.19428825,0.24207003,0.14650649,0.052355345,0.013998963,0.08284823,0.020712057
14151,0.2945248,0.2576849,0.33136466,0.048166692,0.8396353,0.83132523,0.20783131
14152,0.2746656,0.23716633,0.31216487,0.015035558,0.20821512,0.17932247,0.044830617
14153,0.38201192,0.24264383,0.52138,0.08707509,0.48432365,0.33166298,0.082915746
14154,0.19873829,0.26766905,0.12980755,0.12554562,0.11115562,0.048693936,0.012173484
14155,0.41899335,0.30655146,0.53143525,0.11940951,0.07929342,0.1250884,0.0312721
14156,0.43094096,0.36864117,0.49324068,0.057971984,1.0941447,1.0289294,0.25723234
14157,0.3952345,0.45445013,0.3360189,0.11959513,0.14720605,0.08892163,0.022230407
14158,0.3947704,0.5006384,0.28890243,0.09919131,0.13875131,0.07145741,0.017864352
14159,0.58531934,0.5776958,0.5929429,0.0037140723,0.34515777,0.3534973,0.088374324
14160,0.61579967,0.6084433,0.6231561,0.092096806,0.1509326,0.16947563,0.042368907
14161,0.86734104,0.63576126,1.0989208,0.16096857,0.8972206,1.0890158,0.27225396
14162,0.6332038,0.6220321,0.64437556,0.02368687,0.012272553,0.025306834,0.0063267085
14163,0.50259405,0.59068257,0.4145056,0.060052827,0.57406163,0.47892419,0.119731046
14164,0.4749795,0.5581538,0.39180517,0.0947307,0.09622407,0.042716343,0.010679086
14165,0.57374704,0.49261189,0.6548822,0.020635024,0.33240554,0.21451826,0.053629566
14166,0.5085332,0.46911323,0.54795307,0.008536342,0.26184943,0.1861548,0.0465387
14167,0.61300075,0.51571923,0.71028227,0.026129952,0.4086558,0.2758886,0.06897215
14168,0.5551691,0.5100349,0.6003033,0.043348927,0.03582507,0.05333646,0.013334115
14169,0.46623388,0.51467663,0.41779113,0.06845813,0.5652974,0.5564063,0.13910158
14170,0.51755303,0.5089137,0.5261924,0.04702054,0.07000778,0.11269075,0.028172687
14171,0.39816698,0.44324413,0.3530898,0.10464314,0.09205233,0.06216495,0.015541238
14172,0.35527042,0.34490633,0.36563453,0.0028980442,0.22118805,0.20617308,0.05154327
14173,0.23077036,0.2022131,0.25932765,0.077509455,1.0448469,1.1485797,0.28714493
14174,0.19415452,0.13969311,0.24861592,0.08521185,0.054995876,0.09903816,0.02475954
14175,0.11589799,0.10989029,0.121905684,0.020248905,0.010687987,0.03023856,0.00755964
14176,0.107278764,0.090398334,0.12415919,0.026122471,0.025616964,0.038551766,0.009637942
14177,0.11948789,0.0910733,0.14790249,0.059079904,0.015880903,0.08362779,0.020906948
14178,0.18600298,0.08314151,0.28886446,0.1652498,0.8995118,1.0971181,0.27427953
14179,0.14537627,0.07559221,0.21516033,0.09588199,0.1144855,0.20538683,0.051346708
14180,0.13553317,0.070687346,0.20037901,0.09409487,1.4435407,1.4247789,0.35619473
14181,0.11454844,0.06390379,0.16519308,0.12277789,0.98311424,0.93156797,0.23289199
14182,0.09495833,0.054488342,0.1354283,0.059170913,0.55462766,0.5090541,0.12726353
14183,0.07632181,0.057415843,0.09522778,0.05022667,0.059193134,0.10685494,0.026713734
14184,0.09413088,0.05872679,0.12953497,0.07811517,0.9370038,1.1456861,0.28642154
14185,0.08695649,0.06440992,0.10950307,0.066144705,0.0436608,0.09329206,0.023323014
14186,0.099942386,0.07171997,0.12816481,0.04846863,0.023138842,0.10503466,0.026258664
14187,0.08543137,0.07583866,0.09502407,0.011928183,0.34808984,0.27773872,0.06943468
14188,0.11698086,0.07479491,0.15916681,0.0566942,0.068043195,0.032484237,0.008121059
14189,0.09988443,0.072593875,0.12717497,0.041787732,0.85234255,0.9011545,0.22528863
14190,0.07304625,0.07650422,0.06958828,0.005429504,0.18749046,0.1686225,0.042155623
14191,0.1555968,0.0800018,0.2311918,0.15343323,1.3623708,1.1316937,0.28292343
14192,0.12372843,0.078710124,0.16874675,0.101598054,0.5728332,0.40887913,0.10221978
14193,0.07785096,0.07578959,0.07991233,0.007924366,0.3675348,0.30341387,0.07585347
14194,0.07324716,0.07096064,0.075533666,0.008378386,0.39672613,0.4861065,0.12152662
14195,0.09447294,0.06401608,0.124929786,0.07604139,0.6347488,0.5465615,0.13664037
14196,0.13547276,0.060931284,0.21001422,0.1025061,0.0968703,0.08032546,0.020081365
14197,0.05841128,0.06011963,0.056702927,0.008662618,0.3711761,0.38515654,0.096289136
14198,0.08169731,0.06685972,0.096534885,0.027158007,0.47273985,0.47050035,0.11762509
14199,0.15623634,0.07016688,0.2423058,0.12414509,0.11351653,0.22001898,0.055004746
14200,0.18685548,0.07427484,0.2994361,0.25736967,1.2107383,1.8003927,0.4500982
14201,0.08992312,0.0803742,0.09947204,0.061446205,0.74718255,0.86432916,0.21608229
14202,0.08520948,0.08458567,0.08583329,0.0027220475,0.17967266,0.17052819,0.042632047
14203,0.14211658,0.08309696,0.20113619,0.10115687,0.038417656,0.20687632,0.05171908
14204,0.08787205,0.08459771,0.0911464,0.04294632,0.6320181,0.60809916,0.15202479
14205,0.1503044,0.08852595,0.21208286,0.063379034,0.058288176,0.032894872,0.008223718
14206,0.08042124,0.08060574,0.08023674,0.0038823169,0.5311983,0.5131149,0.12827873
14207,0.09680969,0.08072585,0.112893544,0.045321833,0.60373133,0.61760765,0.15440191
14208,0.10708856,0.08374518,0.13043194,0.021596035,0.27487424,0.2046837,0.051170927
