base_start,pair_mse,none_mse,event_mse,separation_mse,predicted_separation_energy,true_separation_energy,ambiguity_floor
42061,0.53747976,0.0038181162,1.0711414,1.1883227,0.0,1.1883227,0.29708067
42063,0.21836837,0.0038004722,0.43293628,0.48071012,0.0,0.48071012,0.12017753
42066,0.1612964,0.0036747616,0.31891802,0.35352373,0.0,0.35352373,0.08838093
42068,0.05488864,0.0036004055,0.106176876,0.0854068,0.0,0.0854068,0.0213517
42071,0.2149635,0.0032765176,0.4266505,0.3897539,0.0,0.3897539,0.09743848
42074,0.5430347,0.0026760928,1.0833932,1.1683743,0.0,1.1683743,0.29209358
42076,0.24513136,0.002464245,0.48779845,0.45423254,0.0,0.45423254,0.113558136
42079,0.0412666,0.0022916982,0.0802415,0.06588754,0.0,0.06588754,0.016471885
42081,0.072341144,0.002133691,0.1425486,0.14976744,0.0,0.14976744,0.03744186
42084,0.6709628,0.0019482182,1.3399774,1.2641,0.0,1.2641,0.316025
42087,0.13476707,0.0018289005,0.26770523,0.270824,0.0,0.270824,0.067706
42089,0.09057912,0.0016301671,0.17952807,0.19809334,0.0,0.19809334,0.049523335
42092,0.2633794,0.0015071513,0.5252516,0.55999136,0.0,0.55999136,0.13999784
42094,0.71727437,0.0014453124,1.4331034,1.3679619,0.0,1.3679619,0.34199047
42097,0.06130487,0.0014486214,0.121161126,0.13975433,0.0,0.13975433,0.03493858
42100,0.1365069,0.0013258482,0.27168795,0.27819547,0.0,0.27819547,0.06954887
42102,0.3271223,0.0012945237,0.65295005,0.68420106,0.0,0.68420106,0.17105027
42105,0.35585368,0.001222197,0.71048516,0.67010707,0.0,0.67010707,0.16752677
42108,0.110040426,0.0011131662,0.21896769,0.20355952,0.0,0.20355952,0.05088988
42110,0.2577506,0.0010613664,0.5144398,0.4961765,0.0,0.4961765,0.12404413
42113,0.22141743,0.0009580069,0.44187686,0.42313445,0.0,0.42313445,0.10578361
42115,0.04265635,0.0009385156,0.08437419,0.07541796,0.0,0.07541796,0.01885449
42118,0.35751632,0.0009343792,0.7140983,0.67473596,0.0,0.67473596,0.16868399
42121,0.18323804,0.0009115332,0.36556458,0.34660006,0.0,0.34660006,0.086650014
42123,0.43021193,0.00089801865,0.85952586,0.8276593,0.0,0.8276593,0.20691483
42126,0.021521447,0.0009687079,0.042074185,0.03763343,0.0,0.03763343,0.009408358
42128,0.234477,0.000957663,0.46799636,0.43490314,0.0,0.43490314,0.108725786
42131,0.20246053,0.00094532454,0.40397573,0.37561592,0.0,0.37561592,0.09390398
42134,0.18996514,0.00091582723,0.37901446,0.34497687,0.0,0.34497687,0.08624422
42136,0.53668,0.000941246,1.0724187,1.126213,0.0,1.126213,0.28155324
42139,0.13031492,0.0010983293,0.2595315,0.22950774,0.0,0.22950774,0.057376936
42141,0.22292875,0.0015939999,0.4442635,0.40385243,0.0,0.40385243,0.10096311
42144,0.13213065,0.0013228888,0.2629384,0.2979898,0.0,0.2979898,0.07449745
42147,0.18807958,0.0012647781,0.37489438,0.33481956,0.0,0.33481956,0.08370489
42149,0.037092622,0.0013295762,0.072855674,0.07103256,0.0,0.07103256,0.01775814
42152,0.1937583,0.0014475732,0.38606903,0.3425916,0.0,0.3425916,0.0856479
42155,0.053994562,0.0015845154,0.1064046,0.11748523,0.0,0.11748523,0.029371308
42157,0.40118825,0.0017174768,0.800659,0.872658,0.0,0.872658,0.2181645
42160,0.03044,0.0018837381,0.05899626,0.047234077,0.0,0.047234077,0.011808519
42162,0.41942012,0.0020052707,0.83683497,0.91689533,0.0,0.91689533,0.22922383
42165,0.033239488,0.002214927,0.06426405,0.05815977,0.0,0.05815977,0.014539942
42168,0.043400437,0.0024059855,0.084394895,0.09122616,0.0,0.09122616,0.02280654
42170,0.08370689,0.0025544257,0.16485937,0.2000432,0.0,0.2000432,0.0500108
42173,0.2121654,0.0028366437,0.42149416,0.4857764,0.0,0.4857764,0.1214441
42175,0.29112235,0.0030197992,0.5792249,0.510958,0.0,0.510958,0.1277395
42178,0.037431724,0.003319218,0.07154423,0.0864774,0.0,0.0864774,0.02161935
42181,0.7423108,0.003530773,1.4810909,1.3533989,0.0,1.3533989,0.33834973
42183,0.021004677,0.0036776096,0.038331743,0.043443646,0.0,0.043443646,0.010860912
42186,0.36429825,0.0037503236,0.7248462,0.8096137,0.0,0.8096137,0.20240343
42188,0.014868115,0.0037946554,0.025941575,0.027368004,0.0,0.027368004,0.006842001
42191,0.26979598,0.0037490772,0.5358429,0.4637936,0.0,0.4637936,0.1159484
42194,0.16203766,0.0037541657,0.32032114,0.3793515,0.0,0.3793515,0.094837874
42196,0.48014703,0.0036951324,0.95659894,1.0540525,0.0,1.0540525,0.26351312
42199,0.38862005,0.0036306486,0.77360946,0.690152,0.0,0.690152,0.172538
42202,0.5311237,0.0035640951,1.0586833,0.9512331,0.0,0.9512331,0.23780827
42204,0.15783839,0.0035286227,0.31214818,0.2635609,0.0,0.2635609,0.06589022
42207,0.124682516,0.0034034904,0.24596155,0.27953616,0.0,0.27953616,0.06988404
42209,0.58624583,0.0033032068,1.1691884,1.055854,0.0,1.055854,0.2639635
42212,0.2850645,0.003163167,0.5669658,0.6464371,0.0,0.6464371,0.16160928
42215,0.027378963,0.0030736818,0.051684245,0.068377,0.0,0.068377,0.01709425
42217,0.07232312,0.0030837927,0.14156245,0.11339215,0.0,0.11339215,0.028348038
42220,0.17048186,0.002965713,0.337998,0.30164114,0.0,0.30164114,0.075410284
42222,0.12605596,0.002942803,0.24916911,0.22823985,0.0,0.22823985,0.057059962
42225,0.2296564,0.0028178121,0.45649496,0.42173657,0.0,0.42173657,0.10543414
42228,0.029400809,0.0027505595,0.056051057,0.070893094,0.0,0.070893094,0.017723273
42230,0.18980227,0.002694779,0.37690976,0.36186624,0.0,0.36186624,0.09046656
42233,0.47162822,0.002614376,0.9406421,0.98298615,0.0,0.98298615,0.24574654
42235,0.113828935,0.0025318966,0.22512597,0.23610578,0.0,0.23610578,0.059026446
42238,0.31527334,0.0023885807,0.6281581,0.6503604,0.0,0.6503604,0.1625901
42241,0.1742621,0.002228068,0.34629616,0.32011914,0.0,0.32011914,0.080029786
42243,0.04096661,0.0021206855,0.079812534,0.0978429,0.0,0.0978429,0.024460725
42246,0.028141499,0.00196487,0.054318126,0.044268887,0.0,0.044268887,0.011067222
42249,0.52268785,0.0017612725,1.0436144,1.0101124,0.0,1.0101124,0.2525281
42251,0.23379873,0.001611872,0.46598557,0.48294997,0.0,0.48294997,0.12073749
42254,0.8726275,0.0013849917,1.7438699,1.666942,0.0,1.666942,0.4167355
42256,0.2648717,0.0012929647,0.52845037,0.48843682,0.0,0.48843682,0.122109205
42259,0.042391803,0.001118262,0.08366534,0.0788524,0.0,0.0788524,0.0197131
42262,0.63878864,0.00094810576,1.2766292,1.2251726,0.0,1.2251726,0.30629316
42264,0.74046236,0.0008191346,1.4801055,1.5365387,0.0,1.5365387,0.38413468
42267,0.071362846,0.00067248725,0.1420532,0.15227354,0.0,0.15227354,0.038068384
42269,0.26983783,0.00059422053,0.5390814,0.5129686,0.0,0.5129686,0.12824215
42272,0.24469845,0.0005939877,0.4888029,0.51624894,0.0,0.51624894,0.12906224
42275,0.47217095,0.0006461952,0.9436957,0.9776816,0.0,0.9776816,0.2444204
42277,0.054386634,0.00065186404,0.1081214,0.105897695,0.0,0.105897695,0.026474424
42280,0.860713,0.0006916917,1.7207342,1.666808,0.0,1.666808,0.416702
42282,0.35959402,0.000787032,0.718401,0.75584024,0.0,0.75584024,0.18896006
42285,0.27408317,0.0007856186,0.5473807,0.5128953,0.0,0.5128953,0.12822382
42288,0.02122804,0.00080096675,0.041655112,0.03824609,0.0,0.03824609,0.009561523
42290,0.023718143,0.0008389353,0.04659735,0.048244074,0.0,0.048244074,0.0120610185
42293,0.05447006,0.0009245164,0.1080156,0.11719048,0.0,0.11719048,0.02929762
42296,0.06799919,0.0009976706,0.1350007,0.15829842,0.0,0.15829842,0.039574604
42298,0.8127695,0.0010454538,1.6244936,1.6993092,0.0,1.6993092,0.4248273
42301,0.059056263,0.0011292129,0.11698332,0.105671905,0.0,0.105671905,0.026417976
42303,0.075487465,0.0011844784,0.14979045,0.17386031,0.0,0.17386031,0.043465078
42306,0.056257952,0.001266067,0.11124984,0.12345407,0.0,0.12345407,0.030863518
42309,0.48861793,0.0013579791,0.97587794,1.0465673,0.0,1.0465673,0.26164183
42311,0.66810435,0.0014470614,1.3347616,1.4203037,0.0,1.4203037,0.35507593
42314,0.50534946,0.0015453994,1.0091535,0.934473,0.0,0.934473,0.23361824
42316,0.090498984,0.0016804597,0.17931752,0.21206528,0.0,0.21206528,0.05301632
42319,0.02537465,0.0018774787,0.04887182,0.06051056,0.0,0.06051056,0.01512764
42322,0.30598757,0.0020514491,0.60992366,0.54673225,0.0,0.54673225,0.13668306
42324,0.14918767,0.0021704165,0.29620492,0.3410647,0.0,0.3410647,0.08526617
42327,0.20784147,0.0022861913,0.41339675,0.36689082,0.0,0.36689082,0.091722704
42329,0.14763673,0.0023284869,0.29294494,0.24924652,0.0,0.24924652,0.06231163
42332,0.49060702,0.002329456,0.97888464,0.8885258,0.0,0.8885258,0.22213145
42335,0.15734647,0.0023446672,0.31234828,0.36099756,0.0,0.36099756,0.09024939
42337,0.2347936,0.0024231798,0.46716404,0.52189106,0.0,0.52189106,0.13047276
42340,0.15250511,0.0024800173,0.3025302,0.26001644,0.0,0.26001644,0.06500411
42343,0.03766935,0.0023441329,0.07299457,0.057863027,0.0,0.057863027,0.014465757
42345,0.15235822,0.0022745158,0.30244192,0.26800182,0.0,0.26800182,0.067000456
42348,0.08457222,0.0024065648,0.16673787,0.19407398,0.0,0.19407398,0.048518494
42350,0.049645524,0.00237298,0.09691807,0.115638115,0.0,0.115638115,0.028909529
42353,0.5269579,0.0022046973,1.0517111,0.9749942,0.0,0.9749942,0.24374855
42356,0.22487552,0.0020483595,0.44770268,0.48216143,0.0,0.48216143,0.12054036
42358,0.7303991,0.0019716078,1.4588265,1.3600441,0.0,1.3600441,0.34001103
42361,0.35774037,0.0018953802,0.7135854,0.6633012,0.0,0.6633012,0.1658253
42363,0.031636897,0.0018552229,0.061418574,0.04865569,0.0,0.04865569,0.012163922
42366,0.18535598,0.0017813038,0.36893067,0.33948937,0.0,0.33948937,0.08487234
42369,0.115033396,0.0016656161,0.22840118,0.25127324,0.0,0.25127324,0.06281831
42371,0.17824434,0.0016085178,0.35488012,0.3706305,0.0,0.3706305,0.092657626
42374,0.39103994,0.001564165,0.7805157,0.7259713,0.0,0.7259713,0.18149282
42376,0.1619529,0.0015224982,0.32238328,0.2853798,0.0,0.2853798,0.07134495
42379,0.034029495,0.0014526291,0.066606365,0.057938263,0.0,0.057938263,0.014484566
42382,0.15289874,0.0013699714,0.3044275,0.31514266,0.0,0.31514266,0.078785665
42384,0.06923547,0.0013283637,0.13714258,0.13140862,0.0,0.13140862,0.032852154
42387,0.24572396,0.0012716268,0.4901763,0.50148404,0.0,0.50148404,0.12537101
42390,0.13841234,0.0011474662,0.2756772,0.28552985,0.0,0.28552985,0.07138246
42392,0.02239125,0.001101411,0.04368109,0.034898497,0.0,0.034898497,0.008724624
42395,0.11048225,0.0010558799,0.21990864,0.21255691,0.0,0.21255691,0.05313923
42397,0.11522133,0.0009795774,0.22946309,0.20511763,0.0,0.20511763,0.051279407
42400,0.12260438,0.00096249225,0.24424626,0.23138984,0.0,0.23138984,0.05784746
42403,0.03124123,0.00088982395,0.06159264,0.062210035,0.0,0.062210035,0.015552509
42405,0.059859276,0.0008408633,0.11887769,0.13429923,0.0,0.13429923,0.03357481
42408,0.17310242,0.0008246976,0.34538016,0.3235614,0.0,0.3235614,0.08089035
42410,0.018381914,0.00076921814,0.03599461,0.036071178,0.0,0.036071178,0.009017794
42413,0.11661231,0.00071416143,0.23251045,0.22059876,0.0,0.22059876,0.05514969
42416,0.15367937,0.0006731754,0.30668557,0.33012086,0.0,0.33012086,0.082530215
42418,0.1322427,0.0006518518,0.26383352,0.24203104,0.0,0.24203104,0.06050776
42421,0.1955564,0.00063833495,0.39047447,0.36315095,0.0,0.36315095,0.09078774
42423,0.043959666,0.00069681584,0.08722252,0.08692912,0.0,0.08692912,0.02173228
42426,0.043299515,0.0006607608,0.085938275,0.089208245,0.0,0.089208245,0.022302061
42429,0.30888805,0.000673426,0.6171027,0.58188385,0.0,0.58188385,0.14547096
42431,0.13315764,0.0007091318,0.26560614,0.29196045,0.0,0.29196045,0.07299011
42434,0.055276886,0.00074904476,0.10980473,0.12575512,0.0,0.12575512,0.03143878
42437,0.12918343,0.00081288005,0.25755396,0.23206098,0.0,0.23206098,0.058015246
42439,0.97187495,0.0008571265,1.9428927,2.009631,0.0,2.009631,0.5024077
42442,0.16730426,0.0009454436,0.33366308,0.36760965,0.0,0.36760965,0.09190241
42444,0.044752453,0.0010336161,0.08847129,0.08145904,0.0,0.08145904,0.02036476
42447,0.20878781,0.0012129927,0.41636264,0.45669198,0.0,0.45669198,0.114172995
42450,0.049872264,0.0013980592,0.09834647,0.08530865,0.0,0.08530865,0.021327162
42452,0.785968,0.0015164897,1.5704194,1.4813436,0.0,1.4813436,0.3703359
42455,0.31170103,0.0017373282,0.62166476,0.67943984,0.0,0.67943984,0.16985996
42457,0.69799393,0.0018596627,1.3941282,1.4883604,0.0,1.4883604,0.3720901
42460,0.21221204,0.0020163718,0.42240772,0.37539992,0.0,0.37539992,0.09384998
42463,0.037876952,0.0021706847,0.073583215,0.08360847,0.0,0.08360847,0.020902118
42465,0.67456216,0.0023167103,1.3468076,1.2465796,0.0,1.2465796,0.3116449
42468,0.13996558,0.002528989,0.2774022,0.31657764,0.0,0.31657764,0.07914441
42470,0.17290169,0.0026759559,0.3431274,0.3919033,0.0,0.3919033,0.09797583
42473,0.06679524,0.0027970478,0.13079344,0.16189057,0.0,0.16189057,0.04047264
42476,0.28362527,0.0030148737,0.5642356,0.63944745,0.0,0.63944745,0.15986186
42478,0.32775584,0.0031798612,0.65233177,0.5740127,0.0,0.5740127,0.14350317
42481,0.6227668,0.003315554,1.242218,1.3650246,0.0,1.3650246,0.34125614
42484,0.4576886,0.0034195108,0.91195774,1.0061172,0.0,1.0061172,0.2515293
42486,0.052505434,0.003552216,0.10145865,0.086051494,0.0,0.086051494,0.021512873
42489,0.11965772,0.0035043862,0.23581104,0.1882786,0.0,0.1882786,0.04706965
42491,0.043021057,0.0033567287,0.08268539,0.067605816,0.0,0.067605816,0.016901454
42494,0.4268252,0.0032085923,0.8504419,0.7542444,0.0,0.7542444,0.1885611
42497,0.074895136,0.0032266418,0.14656363,0.11772869,0.0,0.11772869,0.029432172
42499,0.115642436,0.0031325489,0.22815233,0.18746372,0.0,0.18746372,0.04686593
42502,0.07754449,0.0031048611,0.15198411,0.18398155,0.0,0.18398155,0.04599539
42504,0.55023706,0.0030978874,1.0973762,1.0025624,0.0,1.0025624,0.2506406
42507,0.13171437,0.0030992776,0.26032946,0.2295015,0.0,0.2295015,0.057375375
42510,0.053890448,0.0030551562,0.10472574,0.08548955,0.0,0.08548955,0.021372387
42512,0.67740685,0.0030361617,1.3517776,1.4640149,0.0,1.4640149,0.36600372
42515,0.6444233,0.0030583106,1.2857884,1.3870049,0.0,1.3870049,0.3467512
42517,0.10648659,0.0030205993,0.20995258,0.23260595,0.0,0.23260595,0.058151487
42520,0.15651998,0.0029841207,0.31005582,0.3474977,0.0,0.3474977,0.086874425
42523,0.082452856,0.0029238872,0.16198182,0.18311,0.0,0.18311,0.0457775
42525,0.835891,0.002948915,1.6688331,1.568148,0.0,1.568148,0.392037
42528,0.03674373,0.0028576918,0.07062977,0.05830114,0.0,0.05830114,0.014575285
42531,0.3604702,0.0028352756,0.71810514,0.6447315,0.0,0.6447315,0.16118288
42533,0.36620638,0.0028183914,0.7295943,0.80683154,0.0,0.80683154,0.20170788
42536,0.18592113,0.002635515,0.36920676,0.34809577,0.0,0.34809577,0.08702394
42538,0.30950567,0.002448663,0.61656266,0.58430535,0.0,0.58430535,0.14607634
42541,0.039080944,0.0022098434,0.075952046,0.09578038,0.0,0.09578038,0.023945095
42544,0.37374523,0.0020278448,0.74546266,0.8060257,0.0,0.8060257,0.20150642
42546,0.14489244,0.001912822,0.28787208,0.24891113,0.0,0.24891113,0.06222778
42549,0.06370754,0.001756427,0.12565865,0.11768242,0.0,0.11768242,0.029420605
42551,0.023235068,0.0016624425,0.04480769,0.051178608,0.0,0.051178608,0.012794652
42554,0.28876555,0.0016530942,0.575878,0.52261496,0.0,0.52261496,0.13065374
42557,0.17495115,0.0017100628,0.34819224,0.38081264,0.0,0.38081264,0.09520316
42559,0.203506,0.0016411678,0.40537083,0.3716135,0.0,0.3716135,0.092903376
42562,0.63857394,0.0013282584,1.2758197,1.3479613,0.0,1.3479613,0.33699033
42565,0.5568575,0.0012039966,1.112511,1.0485482,0.0,1.0485482,0.26213706
42567,0.077785306,0.0012487759,0.15432183,0.16210908,0.0,0.16210908,0.04052727
42570,0.16439213,0.0013233735,0.32746089,0.29135793,0.0,0.29135793,0.07283948
42572,0.270115,0.0014326349,0.5387974,0.49144128,0.0,0.49144128,0.12286032
42575,0.23093762,0.0016959406,0.4601793,0.41318727,0.0,0.41318727,0.10329682
42578,0.14636019,0.0015566213,0.29116377,0.2546442,0.0,0.2546442,0.06366105
42580,0.088267215,0.001561378,0.17497306,0.20254298,0.0,0.20254298,0.050635744
42583,0.33872524,0.0016555391,0.6757949,0.73961943,0.0,0.73961943,0.18490486
42585,0.26887003,0.001759674,0.5359804,0.48009607,0.0,0.48009607,0.12002402
42588,0.15761402,0.0018514652,0.31337658,0.35544896,0.0,0.35544896,0.08886224
42591,0.21805857,0.0018609703,0.43425617,0.48646665,0.0,0.48646665,0.12161666
42593,0.06945986,0.001959989,0.13695975,0.1163662,0.0,0.1163662,0.02909155
42596,0.58844763,0.0021272243,1.1747681,1.0828394,0.0,1.0828394,0.27070984
42598,0.5366769,0.0022249843,1.0711287,1.1525046,0.0,1.1525046,0.28812614
42601,0.4602864,0.0023768137,0.918196,1.0072788,0.0,1.0072788,0.2518197
42604,0.04768083,0.002570601,0.09279106,0.07702304,0.0,0.07702304,0.01925576
42606,0.107603736,0.0028642528,0.21234322,0.25691915,0.0,0.25691915,0.06422979
42609,0.357334,0.00325707,0.71141094,0.8015227,0.0,0.8015227,0.20038067
42612,0.5412399,0.0037840556,1.0786959,1.1977409,0.0,1.1977409,0.29943523
42614,0.10443398,0.00412946,0.2047385,0.1701686,0.0,0.1701686,0.04254215
42617,0.17133372,0.004626332,0.3380411,0.27079472,0.0,0.27079472,0.06769868
42619,0.63006884,0.0048471442,1.2552906,1.4002504,0.0,1.4002504,0.3500626
42622,0.013080684,0.005106282,0.021055086,0.021374518,0.0,0.021374518,0.0053436295
42625,0.67610556,0.0053651207,1.3468461,1.5065907,0.0,1.5065907,0.37664768
42627,0.30301267,0.005386464,0.60063887,0.70423955,0.0,0.70423955,0.17605989
42630,0.047767177,0.005366259,0.090168096,0.10417628,0.0,0.10417628,0.02604407
42632,0.13256782,0.0053362795,0.25979936,0.19834514,0.0,0.19834514,0.049586285
42635,0.070024975,0.0052029076,0.13484704,0.109279685,0.0,0.109279685,0.027319921
42638,0.13606046,0.005054933,0.267066,0.22245534,0.0,0.22245534,0.055613834
42640,0.16150951,0.0049476377,0.3180714,0.269109,0.0,0.269109,0.06727725
42643,0.14228384,0.004839513,0.27972817,0.33462414,0.0,0.33462414,0.083656035
42645,0.2035169,0.004754358,0.40227947,0.3586429,0.0,0.3586429,0.08966073
42648,0.27204314,0.004567178,0.5395191,0.48401594,0.0,0.48401594,0.121003985
42651,0.5622709,0.0044198507,1.1201218,1.0241755,0.0,1.0241755,0.25604388
42653,0.109176256,0.0043827062,0.21396981,0.17735422,0.0,0.17735422,0.044338554
42656,0.2870598,0.0043476424,0.569772,0.509537,0.0,0.509537,0.12738425
42659,0.16704084,0.004338929,0.32974276,0.36581397,0.0,0.36581397,0.09145349
42661,0.22411962,0.004325722,0.44391355,0.41011366,0.0,0.41011366,0.102528416
42664,0.060793523,0.0043383376,0.117248714,0.1563663,0.0,0.1563663,0.039091576
42666,0.08742908,0.004363794,0.17049436,0.15465651,0.0,0.15465651,0.03866413
42669,0.29745495,0.0043365224,0.5905734,0.6241009,0.0,0.6241009,0.15602523
42672,0.0740001,0.0041748635,0.14382534,0.1075841,0.0,0.1075841,0.026896024
42674,0.28768906,0.0040988512,0.5712792,0.6375112,0.0,0.6375112,0.1593778
42677,0.06392973,0.004135646,0.123723805,0.11473014,0.0,0.11473014,0.028682536
42679,0.094215505,0.003765383,0.18466562,0.1657457,0.0,0.1657457,0.041436426
42682,0.61925095,0.0035375294,1.2349644,1.3251798,0.0,1.3251798,0.33129495
42685,0.799426,0.0034057733,1.5954462,1.689826,0.0,1.689826,0.4224565
42687,0.4231815,0.0029645069,0.8433985,0.9055546,0.0,0.9055546,0.22638865
42690,0.17005825,0.0026787661,0.33743775,0.3217282,0.0,0.3217282,0.08043205
42692,0.14712341,0.0025376722,0.29170915,0.27231848,0.0,0.27231848,0.06807962
42695,0.25658062,0.0021221833,0.5110391,0.5285732,0.0,0.5285732,0.1321433
42698,0.4066745,0.0019203125,0.8114287,0.75814056,0.0,0.75814056,0.18953514
42700,0.030532362,0.00092224317,0.060142484,0.05204372,0.0,0.05204372,0.01301093
42703,0.23038948,0.000566335,0.46021262,0.48237815,0.0,0.48237815,0.12059454
42706,0.12051176,0.00045520338,0.24056832,0.2325209,0.0,0.2325209,0.058130223
42708,0.6676077,0.00074284454,1.3344725,1.3604947,0.0,1.3604947,0.34012368
42711,0.17845263,0.0010420958,0.35586318,0.33507815,0.0,0.33507815,0.08376954
42713,0.034683708,0.0011599393,0.06820747,0.0734104,0.0,0.0734104,0.0183526
42716,0.13742273,0.0013713323,0.27347413,0.29372427,0.0,0.29372427,0.07343107
42719,0.018981265,0.0016130741,0.036349457,0.03854154,0.0,0.03854154,0.009635385
42721,0.034934588,0.0014880061,0.06838117,0.061519634,0.0,0.061519634,0.0153799085
42724,0.03723529,0.0005576215,0.073912956,0.0694368,0.0,0.0694368,0.0173592
42726,0.04342659,0.000585608,0.08626757,0.09110883,0.0,0.09110883,0.022777207
42729,0.7199426,0.00064479216,1.4392405,1.3857361,0.0,1.3857361,0.34643403
42732,0.11925927,0.00068595185,0.23783259,0.22290139,0.0,0.22290139,0.055725347
42734,0.14686127,0.0007202301,0.29300234,0.27022433,0.0,0.27022433,0.06755608
42737,0.0630314,0.00074720127,0.12531559,0.11641321,0.0,0.11641321,0.029103303
42739,0.5277757,0.00078179734,1.0547696,1.1017885,0.0,1.1017885,0.27544713
42742,0.24890472,0.00083725416,0.4969722,0.46512732,0.0,0.46512732,0.11628183
42745,0.41443965,0.00091544836,0.8279638,0.78561276,0.0,0.78561276,0.19640319
42747,0.39045116,0.00096327666,0.779939,0.8313849,0.0,0.8313849,0.20784622
42750,0.14001383,0.0010535228,0.27897412,0.25072178,0.0,0.25072178,0.062680446
42753,0.10946541,0.0010898379,0.21784098,0.19437857,0.0,0.19437857,0.048594642
42755,0.0778928,0.0011061587,0.15467943,0.1727949,0.0,0.1727949,0.043198723
42758,0.7521476,0.0011652882,1.50313,1.424355,0.0,1.424355,0.35608876
42760,0.09125552,0.001212601,0.18129845,0.16519342,0.0,0.16519342,0.041298356
42763,0.17397799,0.0012816981,0.3466743,0.31683958,0.0,0.31683958,0.079209894
42766,0.05945902,0.0013111067,0.11760694,0.1354015,0.0,0.1354015,0.033850376
42768,0.2983071,0.0013348091,0.5952794,0.5555896,0.0,0.5555896,0.1388974
42771,0.3620058,0.0013520047,0.7226596,0.7821848,0.0,0.7821848,0.1955462
42773,0.5680596,0.0012853303,1.1348339,1.2017404,0.0,1.2017404,0.3004351
42776,0.11814288,0.0011727094,0.23511307,0.21095936,0.0,0.21095936,0.05273984
42779,0.22171026,0.0011537626,0.4422668,0.41261217,0.0,0.41261217,0.10315304
42781,0.30690873,0.0010928455,0.6127246,0.66169816,0.0,0.66169816,0.16542454
42784,0.034440678,0.0010393299,0.06784203,0.08175777,0.0,0.08175777,0.020439442
42786,0.2598183,0.0010344335,0.5186022,0.48733997,0.0,0.48733997,0.12183499
42789,0.06101926,0.0010239645,0.12101456,0.10801768,0.0,0.10801768,0.02700442
42792,0.20602278,0.0009980652,0.4110475,0.43519512,0.0,0.43519512,0.10879878
42794,0.23417462,0.0009802581,0.467369,0.43647352,0.0,0.43647352,0.10911838
42797,0.10513484,0.0010218191,0.20924784,0.21932046,0.0,0.21932046,0.054830115
42800,0.30734995,0.0010003865,0.6136995,0.5875264,0.0,0.5875264,0.1468816
42802,0.033175413,0.0010495749,0.06530125,0.07577771,0.0,0.07577771,0.018944427
42805,0.19813268,0.0008193478,0.39544597,0.38692847,0.0,0.38692847,0.09673212
42807,0.05249488,0.0007759643,0.1042138,0.112537,0.0,0.112537,0.02813425
42810,0.031223685,0.00074342755,0.06170394,0.07271953,0.0,0.07271953,0.018179882
42813,0.1712663,0.0007564512,0.34177613,0.33136743,0.0,0.33136743,0.08284186
42815,0.087417535,0.00074662623,0.17408843,0.16713287,0.0,0.16713287,0.041783217
42818,0.7094249,0.00077648275,1.4180733,1.4611868,0.0,1.4611868,0.3652967
42820,0.5647995,0.00076264696,1.1288363,1.1569225,0.0,1.1569225,0.2892306
42823,0.025047323,0.000746967,0.04934768,0.041402634,0.0,0.041402634,0.010350659
42826,0.20558397,0.0007109127,0.41045702,0.39733124,0.0,0.39733124,0.09933281
42828,0.27947974,0.0006651513,0.55829436,0.5437221,0.0,0.5437221,0.13593052
42831,0.19479735,0.0006371222,0.3889576,0.37210724,0.0,0.37210724,0.09302681
42833,0.08749602,0.00061843824,0.17437361,0.16140507,0.0,0.16140507,0.040351268
42836,0.08682177,0.0006322118,0.17301135,0.18415423,0.0,0.18415423,0.046038557
42839,0.03823986,0.0006937282,0.07578599,0.07956234,0.0,0.07956234,0.019890586
42841,0.22068478,0.00067451474,0.44069505,0.41331282,0.0,0.41331282,0.103328206
42844,0.029000565,0.0006947592,0.057306368,0.052137345,0.0,0.052137345,0.013034336
42847,0.107662655,0.00074521196,0.2145801,0.19334598,0.0,0.19334598,0.048336495
42849,0.859157,0.00074305624,1.7175709,1.6623424,0.0,1.6623424,0.4155856
42852,0.45645308,0.000790101,0.91211605,0.95458174,0.0,0.95458174,0.23864543
42854,0.031286027,0.000795128,0.061776932,0.06418695,0.0,0.06418695,0.016046738
42857,0.5032533,0.00087890035,1.0056276,1.0502077,0.0,1.0502077,0.26255193
42860,0.12616584,0.0009809438,0.25135073,0.22164917,0.0,0.22164917,0.055412292
42862,0.09097553,0.0010755417,0.18087552,0.20809388,0.0,0.20809388,0.05202347
42865,0.068673596,0.0012164281,0.13613077,0.14582105,0.0,0.14582105,0.036455262
42867,0.08391074,0.0013322281,0.16648926,0.17867522,0.0,0.17867522,0.044668805
42870,0.6311113,0.001570949,1.2606517,1.1828064,0.0,1.1828064,0.2957016
42873,0.01783386,0.001801907,0.033865813,0.02993124,0.0,0.02993124,0.00748281
42875,0.07230323,0.0019297291,0.14267673,0.15848686,0.0,0.15848686,0.039621715
42878,0.17152949,0.0021757404,0.34088326,0.29147592,0.0,0.29147592,0.07286898
42880,0.5866031,0.0023436516,1.1708626,1.07874,0.0,1.07874,0.269685
42883,0.46244285,0.0025986787,0.922287,1.013357,0.0,1.013357,0.25333926
42886,0.42313847,0.0028696929,0.8434072,0.928185,0.0,0.928185,0.23204625
42888,0.02739238,0.0030566538,0.051728103,0.041473553,0.0,0.041473553,0.010368388
42891,0.29550976,0.0033618228,0.5876577,0.6716516,0.0,0.6716516,0.1679129
42894,0.85598403,0.0038090283,1.7081591,1.5603374,0.0,1.5603374,0.39008436
42896,0.20201169,0.004025492,0.39999786,0.33378556,0.0,0.33378556,0.08344639
42899,0.06924993,0.00455354,0.13394631,0.1535175,0.0,0.1535175,0.038379375
42901,0.17612326,0.0050658653,0.34718063,0.42863992,0.0,0.42863992,0.10715998
42904,0.4052573,0.0055677067,0.8049469,0.6849192,0.0,0.6849192,0.1712298
42907,0.3270943,0.006239259,0.6479493,0.7626311,0.0,0.7626311,0.19065778
42909,0.06712042,0.006752402,0.12748843,0.15547182,0.0,0.15547182,0.038867954
42912,0.22720283,0.0074572153,0.44694844,0.34527788,0.0,0.34527788,0.08631947
42914,0.014954087,0.007914652,0.021993523,0.018110976,0.0,0.018110976,0.004527744
42917,0.24275897,0.008580153,0.47693777,0.36181808,0.0,0.36181808,0.09045452
42920,0.13287169,0.009193141,0.25655022,0.20573859,0.0,0.20573859,0.051434647
42922,0.61949056,0.009392021,1.2295891,1.036818,0.0,1.036818,0.2592045
42925,0.15096416,0.009849387,0.29207894,0.20205517,0.0,0.20205517,0.050513793
42927,1.0560025,0.010054863,2.10195,1.843202,0.0,1.843202,0.4608005
42930,0.19552295,0.010437506,0.3806084,0.27346715,0.0,0.27346715,0.06836679
42933,0.033893198,0.010766368,0.057020027,0.069138564,0.0,0.069138564,0.017284641
42935,0.3856455,0.010970544,0.7603205,0.59631866,0.0,0.59631866,0.14907967
42938,0.04378122,0.01115115,0.0764113,0.049945924,0.0,0.049945924,0.012486481
42941,0.5531086,0.011242554,1.0949746,0.892396,0.0,0.892396,0.223099
42943,0.062607996,0.011186518,0.11402947,0.15090393,0.0,0.15090393,0.03772598
42946,0.04726237,0.011085515,0.08343923,0.050583433,0.0,0.050583433,0.012645858
42948,0.046604317,0.010987829,0.0822208,0.057623312,0.0,0.057623312,0.014405828
42951,0.34149054,0.010828696,0.67215234,0.8067394,0.0,0.8067394,0.20168485
42954,0.041656416,0.010592967,0.072719865,0.0376436,0.0,0.0376436,0.0094109
42956,0.17948669,0.01043227,0.3485411,0.29226992,0.0,0.29226992,0.07306748
42959,0.11754486,0.010281914,0.2248078,0.27839905,0.0,0.27839905,0.06959976
42961,0.13934252,0.010108188,0.26857683,0.3209224,0.0,0.3209224,0.0802306
42964,0.049046963,0.009901029,0.0881929,0.11434177,0.0,0.11434177,0.028585443
42967,0.21216936,0.009685771,0.41465297,0.48063293,0.0,0.48063293,0.12015823
42969,0.59191936,0.00952096,1.1743178,1.0522453,0.0,1.0522453,0.2630613
42972,0.084078886,0.009237547,0.15892023,0.17663081,0.0,0.17663081,0.044157702
42974,0.1558552,0.008999188,0.30271122,0.22174466,0.0,0.22174466,0.055436164
42977,0.22850548,0.0085212,0.44848976,0.39067993,0.0,0.39067993,0.09766998
42980,0.026464783,0.008071653,0.044857915,0.050231427,0.0,0.050231427,0.012557857
42982,0.41990426,0.0077701355,0.8320384,0.76328915,0.0,0.76328915,0.19082229
42985,0.4702368,0.007167727,0.9333059,0.80796117,0.0,0.80796117,0.20199029
42988,0.085007824,0.0065213554,0.16349429,0.17839265,0.0,0.17839265,0.044598162
42990,0.22593676,0.005544482,0.44632903,0.40751705,0.0,0.40751705,0.10187926
42993,0.217713,0.0046449304,0.43078104,0.47103843,0.0,0.47103843,0.11775961
42995,0.53906107,0.0040721665,1.07405,1.137884,0.0,1.137884,0.284471
42998,0.79307276,0.0031245814,1.583021,1.4662079,0.0,1.4662079,0.36655197
43001,0.27283055,0.0024206052,0.5432405,0.5821366,0.0,0.5821366,0.14553414
43003,0.09903506,0.0019349562,0.19613516,0.22024797,0.0,0.22024797,0.055061992
43006,0.099691,0.0015583178,0.19782369,0.21348155,0.0,0.21348155,0.053370386
43008,0.11899498,0.0013788678,0.23661108,0.21208112,0.0,0.21208112,0.05302028
43011,0.21441616,0.0011951147,0.42763722,0.46213332,0.0,0.46213332,0.11553333
43014,0.4394194,0.0011226813,0.87771606,0.83081514,0.0,0.83081514,0.20770378
43016,0.5900704,0.001096011,1.1790448,1.1265625,0.0,1.1265625,0.28164062
43019,0.32465956,0.0010706795,0.6482484,0.61288387,0.0,0.61288387,0.15322097
43021,0.07186794,0.001284605,0.14245127,0.14556582,0.0,0.14556582,0.036391456
43024,0.50432795,0.0011501948,1.0075058,1.0466448,0.0,1.0466448,0.2616612
43027,0.6799984,0.0012466442,1.3587502,1.399685,0.0,1.399685,0.34992126
43029,0.4501625,0.0014105843,0.8989144,0.8529599,0.0,0.8529599,0.21323997
43032,0.17040944,0.0014607068,0.33935818,0.35933962,0.0,0.35933962,0.089834906
43035,0.6779671,0.0013729922,1.3545612,1.410215,0.0,1.410215,0.35255376
43037,0.8287711,0.0009022161,1.65664,1.5887251,0.0,1.5887251,0.39718127
43040,0.12321291,0.00091910345,0.24550672,0.22630273,0.0,0.22630273,0.056575682
43042,0.09868234,0.0009767292,0.19638795,0.21867721,0.0,0.21867721,0.054669302
43045,0.08912247,0.0010092554,0.17723568,0.15789776,0.0,0.15789776,0.03947444
43048,0.05421221,0.0010956771,0.10732874,0.095853545,0.0,0.095853545,0.023963386
43050,0.39295122,0.0011155154,0.78478694,0.83863544,0.0,0.83863544,0.20965886
43053,0.040794354,0.0011317305,0.08045698,0.094023086,0.0,0.094023086,0.023505772
43055,0.5413794,0.0011598604,1.0815989,1.0289527,0.0,1.0289527,0.25723818
43058,0.033860344,0.0008995954,0.0668211,0.05970289,0.0,0.05970289,0.014925723
43061,0.6890804,0.00090032,1.3772606,1.3115945,0.0,1.3115945,0.32789862
43063,0.0783198,0.00084508763,0.15579452,0.13859855,0.0,0.13859855,0.034649637
43066,0.02458994,0.0007697444,0.048410136,0.05610026,0.0,0.05610026,0.014025065
43069,0.3331562,0.000754043,0.6655584,0.6280174,0.0,0.6280174,0.15700436
43071,0.1760925,0.0007578985,0.3514271,0.32673666,0.0,0.32673666,0.081684165
43074,0.03429983,0.00072753086,0.06787214,0.07126824,0.0,0.07126824,0.01781706
43076,0.053588808,0.00072383013,0.106453784,0.09488312,0.0,0.09488312,0.02372078
43079,0.44481122,0.00072835217,0.8888941,0.9349615,0.0,0.9349615,0.23374037
43082,0.07140259,0.0007255501,0.14207964,0.13115072,0.0,0.13115072,0.03278768
43084,0.16169874,0.00074243033,0.32265505,0.34673962,0.0,0.34673962,0.086684905
43087,0.53446096,0.000780699,1.0681412,1.0211655,0.0,1.0211655,0.25529137
43089,0.07590101,0.0007613625,0.15104066,0.15858684,0.0,0.15858684,0.03964671
43092,0.6039178,0.0007798813,1.2070557,1.258948,0.0,1.258948,0.314737
43095,0.020702722,0.000761379,0.04064406,0.047432527,0.0,0.047432527,0.011858132
43097,0.08658294,0.0007564388,0.17240943,0.15443318,0.0,0.15443318,0.038608294
43100,0.116734065,0.0007862349,0.23268192,0.2236179,0.0,0.2236179,0.055904474
43102,0.16244379,0.0007712268,0.32411635,0.3174686,0.0,0.3174686,0.07936715
43105,0.05115341,0.0007332152,0.10157361,0.08771646,0.0,0.08771646,0.021929115
43108,0.9221282,0.0007695187,1.8434869,1.7847422,0.0,1.7847422,0.44618556
43110,0.13149802,0.00075859483,0.26223746,0.2684401,0.0,0.2684401,0.067110024
43113,0.36047718,0.0007400378,0.7202143,0.7361596,0.0,0.7361596,0.1840399
43116,0.022467934,0.0007142173,0.04422165,0.0493577,0.0,0.0493577,0.012339425
43118,0.18305905,0.00072322227,0.36539492,0.37586978,0.0,0.37586978,0.093967445
43121,0.10956511,0.0007518029,0.21837842,0.22988175,0.0,0.22988175,0.057470437
43123,0.034283437,0.00067968835,0.06788719,0.07368321,0.0,0.07368321,0.018420802
43126,0.12576781,0.00054587214,0.25098976,0.2392614,0.0,0.2392614,0.05981535
43129,0.05570802,0.000508151,0.11090789,0.11917269,0.0,0.11917269,0.029793173
43131,0.8524761,0.0005701678,1.7043821,1.7526416,0.0,1.7526416,0.4381604
43134,0.58438313,0.00041774605,1.1683486,1.1396303,0.0,1.1396303,0.28490758
43136,0.36774126,0.00040178944,0.7350807,0.7563941,0.0,0.7563941,0.18909852
43139,0.49279892,0.00040206555,0.9851958,0.95120794,0.0,0.95120794,0.23780198
43142,0.21394777,0.0003832319,0.42751232,0.44898066,0.0,0.44898066,0.112245165
43144,0.07637682,0.00037703585,0.15237659,0.15735517,0.0,0.15735517,0.039338794
43147,0.033626053,0.00037410052,0.06687801,0.061319213,0.0,0.061319213,0.015329803
43149,0.048121575,0.00037734272,0.09586581,0.09928399,0.0,0.09928399,0.024820998
43152,0.25000033,0.0003829176,0.49961773,0.4763403,0.0,0.4763403,0.11908507
43155,0.22058076,0.0003931406,0.44076836,0.46526113,0.0,0.46526113,0.11631528
43157,0.046268564,0.00040852124,0.092128605,0.08608326,0.0,0.08608326,0.021520816
43160,0.37085554,0.00044703158,0.74126405,0.70877284,0.0,0.70877284,0.17719321
43163,0.4559604,0.0004912912,0.91142946,0.94895333,0.0,0.94895333,0.23723833
43165,0.7392971,0.0005095031,1.4780846,1.4290477,0.0,1.4290477,0.35726193
43168,0.22363032,0.0005640353,0.44669664,0.42438278,0.0,0.42438278,0.106095694
43170,0.51927733,0.0005660821,1.0379885,1.0752751,0.0,1.0752751,0.26881877
43173,0.12416783,0.00058460236,0.24775106,0.26748323,0.0,0.26748323,0.06687081
43176,0.067397885,0.0005992173,0.13419656,0.121322356,0.0,0.121322356,0.030330589
43178,0.070091195,0.00062986056,0.13955253,0.12512362,0.0,0.12512362,0.031280905
43181,0.20825051,0.00069109374,0.4158099,0.39090633,0.0,0.39090633,0.09772658
43183,0.01925215,0.0007568469,0.03774745,0.03219289,0.0,0.03219289,0.008048222
43186,0.24758516,0.0008395508,0.49433076,0.47045317,0.0,0.47045317,0.11761329
43189,0.1945153,0.00091834384,0.38811228,0.4085358,0.0,0.4085358,0.10213395
43191,0.71154016,0.0009618536,1.4221185,1.3719053,0.0,1.3719053,0.34297633
43194,0.0910927,0.0009896597,0.18119574,0.19691308,0.0,0.19691308,0.04922827
43196,0.07626958,0.0010099717,0.1515292,0.16610588,0.0,0.16610588,0.04152647
43199,0.35583797,0.0010116374,0.71066433,0.67350054,0.0,0.67350054,0.16837513
43202,0.2721497,0.00093445135,0.54336494,0.57605255,0.0,0.57605255,0.14401314
43204,0.54118663,0.0009667059,1.0814066,1.0419225,0.0,1.0419225,0.2604806
43207,0.4087646,0.00094638905,0.81658286,0.85536456,0.0,0.85536456,0.21384114
43210,0.00974705,0.0008437135,0.018650386,0.020358412,0.0,0.020358412,0.005089603
43212,0.07208102,0.0007688068,0.14339323,0.1326412,0.0,0.1326412,0.0331603
43215,0.77484447,0.000635098,1.5490538,1.4901446,0.0,1.4901446,0.37253615
43217,0.18258418,0.0006244461,0.3645439,0.3425394,0.0,0.3425394,0.08563485
43220,0.11131188,0.00062208663,0.22200167,0.23901989,0.0,0.23901989,0.05975497
43223,0.8195544,0.00066993985,1.6384388,1.5777181,0.0,1.5777181,0.39442953
43225,0.14057115,0.00065454916,0.28048775,0.2656633,0.0,0.2656633,0.066415824
43228,0.21826322,0.0006058022,0.43592063,0.46529868,0.0,0.46529868,0.11632467
43230,0.11982129,0.0006249248,0.23901767,0.2531207,0.0,0.2531207,0.06328017
43233,0.31098855,0.0006639942,0.6213131,0.59220576,0.0,0.59220576,0.14805144
43236,0.042619437,0.0006763532,0.08456252,0.074550964,0.0,0.074550964,0.018637741
43238,0.109482765,0.0006701593,0.21829538,0.20096238,0.0,0.20096238,0.050240595
43241,0.096013136,0.0006926479,0.19133364,0.17687161,0.0,0.17687161,0.044217903
43243,0.74807245,0.00070958195,1.4954354,1.4372568,0.0,1.4372568,0.3593142
43246,0.02024111,0.0007438851,0.03973833,0.034939867,0.0,0.034939867,0.008734967
43249,0.35197222,0.0007649166,0.70317954,0.73925525,0.0,0.73925525,0.18481381
43251,0.826154,0.0008008519,1.651507,1.7152443,0.0,1.7152443,0.42881107
43254,0.0324908,0.0008146277,0.06416697,0.06968322,0.0,0.06968322,0.017420804
43257,0.055055644,0.000809398,0.10930189,0.095412046,0.0,0.095412046,0.023853011
43259,0.24626859,0.0007954186,0.49174178,0.46564758,0.0,0.46564758,0.116411895
43262,0.21045125,0.00078418135,0.4201183,0.4464383,0.0,0.4464383,0.11160958
43264,0.048974935,0.000777867,0.097172,0.08807782,0.0,0.08807782,0.022019455
43267,0.018351069,0.00076385046,0.03593829,0.037922334,0.0,0.037922334,0.0094805835
43270,0.3101427,0.0007579603,0.6195274,0.58691424,0.0,0.58691424,0.14672856
43272,0.049031433,0.0007101027,0.097352766,0.0912202,0.0,0.0912202,0.02280505
43275,0.7879355,0.0006905403,1.5751804,1.6283649,0.0,1.6283649,0.40709123
43277,0.50375813,0.00067250896,1.0068437,0.9640747,0.0,0.9640747,0.24101867
43280,0.020521535,0.0005855082,0.040457558,0.036774803,0.0,0.036774803,0.009193701
43283,0.100988574,0.0005516252,0.20142554,0.18528374,0.0,0.18528374,0.046320934
43285,0.1407521,0.00054354424,0.28096068,0.29663563,0.0,0.29663563,0.07415891
43288,0.6460163,0.0005347998,1.2914978,1.2466083,0.0,1.2466083,0.31165206
43290,0.07725868,0.000540725,0.15397663,0.14001164,0.0,0.14001164,0.03500291
43293,0.065245144,0.00055617123,0.12993412,0.11886675,0.0,0.11886675,0.029716687
43296,0.54053646,0.0005963337,1.0804765,1.0345432,0.0,1.0345432,0.2586358
43298,0.97720385,0.00061795086,1.9537897,1.8902286,0.0,1.8902286,0.47255716
43301,0.07882912,0.0006559019,0.15700233,0.17134993,0.0,0.17134993,0.042837482
43304,0.2987862,0.0006901514,0.5968822,0.63057995,0.0,0.63057995,0.15764499
43306,0.066573896,0.0006924502,0.13245533,0.11894382,0.0,0.11894382,0.029735954
43309,0.016610766,0.0007059889,0.03251554,0.037139554,0.0,0.037139554,0.009284888
43311,0.069629125,0.0007047535,0.13855349,0.14817268,0.0,0.14817268,0.03704317
43314,0.26980588,0.0007285374,0.5388832,0.5130668,0.0,0.5130668,0.1282667
43317,0.19550425,0.0007429584,0.39026555,0.40956596,0.0,0.40956596,0.10239149
43319,0.061191056,0.000736259,0.12164586,0.109264255,0.0,0.109264255,0.027316064
43322,0.5293739,0.0007216187,1.0580262,1.1038331,0.0,1.1038331,0.27595827
43324,0.06436402,0.0007205668,0.12800747,0.11853603,0.0,0.11853603,0.029634008
43327,0.024473168,0.0007329833,0.04821335,0.05547167,0.0,0.05547167,0.0138679175
43330,0.064549975,0.0006851941,0.12841477,0.13724487,0.0,0.13724487,0.034311216
43332,0.047529552,0.0006656174,0.09439349,0.085660584,0.0,0.085660584,0.021415146
43335,0.047284763,0.0005860335,0.093983494,0.09986959,0.0,0.09986959,0.024967397
43337,0.08049535,0.0005298959,0.16046081,0.17259748,0.0,0.17259748,0.04314937
43340,0.10507661,0.00049170194,0.20966153,0.1980056,0.0,0.1980056,0.0495014
43343,0.02810431,0.00043791646,0.055770706,0.048271116,0.0,0.048271116,0.012067779
43345,0.023365086,0.00041588742,0.046314284,0.041703135,0.0,0.041703135,0.010425784
43348,0.16561998,0.00040544744,0.3308345,0.34607568,0.0,0.34607568,0.08651892
43351,0.12978958,0.00046705702,0.2591121,0.2764184,0.0,0.2764184,0.0691046
43353,0.038201895,0.00051931903,0.07588447,0.085960604,0.0,0.085960604,0.021490151
43356,0.024550943,0.00048527578,0.048616607,0.054467887,0.0,0.054467887,0.013616972
43358,0.22822303,0.0003689948,0.45607707,0.46993577,0.0,0.46993577,0.11748394
43361,0.38273588,0.00045887442,0.7650129,0.7777262,0.0,0.7777262,0.19443154
43364,0.0965136,0.0003943337,0.19263287,0.18419217,0.0,0.18419217,0.04604804
43366,0.42715308,0.00036709942,0.85393906,0.8793176,0.0,0.8793176,0.2198294
43369,0.21959299,0.00032708736,0.4388589,0.45014465,0.0,0.45014465,0.11253616
43371,0.52333105,0.0003487766,1.0463133,1.0602778,0.0,1.0602778,0.26506945
43374,0.052401405,0.00024507023,0.10455773,0.108655274,0.0,0.108655274,0.027163818
43377,0.47958252,0.00029352496,0.95887154,0.9440808,0.0,0.9440808,0.2360202
43379,0.06684633,0.00032082686,0.13337184,0.13153696,0.0,0.13153696,0.03288424
43382,0.16358605,0.00029653942,0.32687557,0.33306184,0.0,0.33306184,0.08326546
43384,0.15929535,0.00031679077,0.3182739,0.31317604,0.0,0.31317604,0.07829401
43387,0.17015688,0.0003145969,0.33999917,0.34375867,0.0,0.34375867,0.08593967
43390,0.1778217,0.00028456008,0.35535884,0.34982705,0.0,0.34982705,0.08745676
43392,0.37624285,0.00026055303,0.7522251,0.7407647,0.0,0.7407647,0.18519117
43395,0.3530309,0.000243684,0.7058181,0.717604,0.0,0.717604,0.179401
43398,0.10044315,0.00024526153,0.20064104,0.20819509,0.0,0.20819509,0.052048773
43400,0.029027194,0.0002450352,0.057809353,0.05698222,0.0,0.05698222,0.014245555
43403,0.025496075,0.00024130759,0.05075084,0.046663713,0.0,0.046663713,0.011665928
43405,0.22435546,0.0002525497,0.44845834,0.4560727,0.0,0.4560727,0.11401817
43408,0.4789442,0.00027133964,0.9576171,0.9388736,0.0,0.9388736,0.2347184
43411,0.07511457,0.0002873094,0.14994183,0.14171895,0.0,0.14171895,0.03542974
43413,0.34363207,0.0002846371,0.6869795,0.70689803,0.0,0.70689803,0.17672451
43416,0.09895349,0.00025982264,0.19764717,0.18864886,0.0,0.18864886,0.047162216
43418,0.47197595,0.00022360093,0.94372827,0.96428084,0.0,0.96428084,0.24107021
43421,0.037903544,0.00020582926,0.07560126,0.07381742,0.0,0.07381742,0.018454354
43424,0.11976733,0.00024123279,0.23929341,0.22867675,0.0,0.22867675,0.057169188
43426,0.055985678,0.0002586205,0.11171273,0.116028786,0.0,0.116028786,0.029007196
43429,0.3928089,0.00027801126,0.78533983,0.8094867,0.0,0.8094867,0.20237167
43431,0.37799343,0.00029195516,0.75569487,0.7795984,0.0,0.7795984,0.1948996
43434,0.016310843,0.00035049193,0.03227119,0.03291932,0.0,0.03291932,0.00822983
43437,0.075918965,0.0004373725,0.15140057,0.13739036,0.0,0.13739036,0.03434759
43439,0.2035451,0.00053912593,0.40655103,0.4320391,0.0,0.4320391,0.10800978
43442,0.09168506,0.00062262855,0.18274748,0.19090362,0.0,0.19090362,0.047725905
43445,0.052055698,0.0006940386,0.10341736,0.1174855,0.0,0.1174855,0.029371375
43447,0.13986816,0.0007480975,0.2789882,0.30399802,0.0,0.30399802,0.075999506
43450,0.3102783,0.00081108086,0.6197455,0.5853426,0.0,0.5853426,0.14633565
43452,0.36611095,0.0008281269,0.7313938,0.7729133,0.0,0.7729133,0.19322832
43455,0.5782443,0.0008488296,1.1556398,1.210112,0.0,1.210112,0.302528
43458,0.18835576,0.0008626969,0.37584886,0.40365854,0.0,0.40365854,0.100914635
43460,0.073099755,0.00090033637,0.14529918,0.13212025,0.0,0.13212025,0.033030063
43463,0.119644016,0.0009068921,0.23838115,0.21813546,0.0,0.21813546,0.054533865
43465,0.08874583,0.00092252594,0.17656915,0.15713267,0.0,0.15713267,0.039283168
43468,0.022551367,0.00095900724,0.044143725,0.03777175,0.0,0.03777175,0.009442938
43471,0.61557007,0.0010198631,1.2301203,1.1762404,0.0,1.1762404,0.2940601
43473,0.14342137,0.0010696017,0.28577313,0.31420383,0.0,0.31420383,0.07855096
43476,0.15661332,0.0011787532,0.31204787,0.34171176,0.0,0.34171176,0.08542794
43478,0.020350697,0.0012120412,0.039489355,0.047319174,0.0,0.047319174,0.011829793
43481,0.065065786,0.0012499052,0.12888166,0.14631647,0.0,0.14631647,0.036579117
43484,0.56899476,0.0010811443,1.1369084,1.1966203,0.0,1.1966203,0.2991551
43486,0.2571088,0.0011686058,0.513049,0.47686115,0.0,0.47686115,0.11921529
43489,0.080484286,0.0011613488,0.15980722,0.14492886,0.0,0.14492886,0.036232214
43492,0.21081527,0.0011525893,0.42047796,0.3969685,0.0,0.3969685,0.09924213
43494,0.01626031,0.0011141279,0.031406492,0.035375807,0.0,0.035375807,0.008843952
43497,0.016147714,0.001139071,0.031156356,0.036692854,0.0,0.036692854,0.0091732135
43499,0.010032032,0.0011540382,0.018910026,0.024521505,0.0,0.024521505,0.0061303764
43502,0.028764645,0.0011523067,0.056376982,0.06536543,0.0,0.06536543,0.016341358
43505,0.5589976,0.0011135569,1.1168815,1.0806686,0.0,1.0806686,0.27016714
43507,0.09151592,0.0011112402,0.18192059,0.16725343,0.0,0.16725343,0.04181336
43510,0.05730166,0.001057888,0.11354544,0.09780878,0.0,0.09780878,0.024452195
43512,0.1751527,0.0010832332,0.34922218,0.3336308,0.0,0.3336308,0.0834077
43515,0.3449804,0.0011211983,0.6888396,0.71332437,0.0,0.71332437,0.17833109
43518,0.08410362,0.001070139,0.1671371,0.17179815,0.0,0.17179815,0.04294954
43520,0.29212716,0.0009239786,0.58333033,0.6018892,0.0,0.6018892,0.1504723
43523,0.2469209,0.00083804334,0.49300376,0.5099245,0.0,0.5099245,0.12748112
43525,0.24849194,0.0007442984,0.49623957,0.51474565,0.0,0.51474565,0.12868641
43528,0.074044175,0.0005482641,0.14754008,0.1513605,0.0,0.1513605,0.037840124
43531,0.39030287,0.00050993776,0.78009576,0.7500229,0.0,0.7500229,0.18750572
43533,0.44797495,0.0004991786,0.8954508,0.927018,0.0,0.927018,0.2317545
43536,0.033541825,0.00048565748,0.06659799,0.05842905,0.0,0.05842905,0.014607263
43539,0.20122765,0.0004514016,0.40200388,0.4136038,0.0,0.4136038,0.10340095
43541,0.11604113,0.00042983983,0.23165242,0.2419854,0.0,0.2419854,0.06049635
43544,0.10825109,0.00040413,0.21609803,0.20553215,0.0,0.20553215,0.051383037
43546,0.12594254,0.00040333663,0.25148174,0.24217093,0.0,0.24217093,0.060542732
43549,0.18839754,0.0003998895,0.3763952,0.3670386,0.0,0.3670386,0.09175965
43552,0.7509343,0.0004157593,1.5014528,1.5356795,0.0,1.5356795,0.38391986
43554,0.13870783,0.0004113952,0.27700427,0.28610757,0.0,0.28610757,0.07152689
43557,0.08686966,0.00038027557,0.17335904,0.18159191,0.0,0.18159191,0.04539798
43559,0.25670218,0.0003444292,0.5130599,0.5266107,0.0,0.5266107,0.13165267
43562,0.17127913,0.00029424982,0.34226403,0.33078545,0.0,0.33078545,0.08269636
43565,0.021582799,0.00025290597,0.04291269,0.044810653,0.0,0.044810653,0.011202663
43567,0.19037782,0.00026055504,0.38049507,0.39036012,0.0,0.39036012,0.09759003
43570,0.03817433,0.0001848482,0.07616381,0.07305776,0.0,0.07305776,0.01826444
43573,0.84337634,0.0001650142,1.6865877,1.6566778,0.0,1.6566778,0.41416946
43575,0.1796581,0.00017692074,0.3591393,0.34720194,0.0,0.34720194,0.086800486
43578,0.22325836,0.00019635273,0.44632038,0.46310404,0.0,0.46310404,0.11577601
43580,0.650392,0.00019831494,1.3005856,1.3295263,0.0,1.3295263,0.33238158
43583,0.08466188,0.00021681098,0.16910696,0.16157706,0.0,0.16157706,0.040394265
43586,0.018389985,0.0002505989,0.036529373,0.039667934,0.0,0.039667934,0.009916984
43588,0.04930808,0.0002791064,0.098337054,0.09178574,0.0,0.09178574,0.022946434
43591,0.8148326,0.00031363356,1.6293516,1.6684643,0.0,1.6684643,0.41711608
43593,0.20366842,0.00033038823,0.40700647,0.42142752,0.0,0.42142752,0.10535688
43596,0.033484604,0.0003501377,0.06661907,0.06929964,0.0,0.06929964,0.01732491
43599,0.028102105,0.00035517415,0.055849034,0.058287356,0.0,0.058287356,0.014571839
43601,0.09151271,0.0003697727,0.18265565,0.17634809,0.0,0.17634809,0.044087023
43604,0.47285867,0.0004220157,0.94529533,0.92254686,0.0,0.92254686,0.23063672
43606,0.27690774,0.00044144192,0.55337405,0.5320197,0.0,0.5320197,0.13300492
43609,0.033102598,0.00047559352,0.065729596,0.06301701,0.0,0.06301701,0.015754253
43612,0.014962087,0.00050242693,0.029421747,0.02573386,0.0,0.02573386,0.006433465
43614,0.55952936,0.00050321314,1.1185554,1.0899546,0.0,1.0899546,0.27248865
43617,0.13055693,0.0005242386,0.2605896,0.2776929,0.0,0.2776929,0.06942323
43620,0.051250022,0.0005369755,0.101963066,0.10693938,0.0,0.10693938,0.026734846
43622,0.23110114,0.0005564979,0.46164575,0.4358437,0.0,0.4358437,0.10896093
43625,0.17107946,0.00058788515,0.341571,0.32012543,0.0,0.32012543,0.08003136
43627,0.047900364,0.0006090535,0.09519168,0.090088814,0.0,0.090088814,0.022522204
43630,0.61695075,0.0006308674,1.2332706,1.1821805,0.0,1.1821805,0.29554513
43633,0.02290936,0.0006453709,0.04517335,0.041295547,0.0,0.041295547,0.010323887
43635,0.1175364,0.0006525479,0.23442025,0.21607275,0.0,0.21607275,0.05401819
43638,0.82648015,0.0006515964,1.6523088,1.5929824,0.0,1.5929824,0.3982456
43640,0.048497226,0.0006644854,0.096329965,0.102988414,0.0,0.102988414,0.025747104
43643,0.0345889,0.00066253,0.06851527,0.060438793,0.0,0.060438793,0.015109698
43646,0.17847331,0.0006789623,0.35626766,0.3798639,0.0,0.3798639,0.09496597
43648,0.7521189,0.0006862546,1.5035515,1.4457666,0.0,1.4457666,0.36144164
43651,0.13577321,0.00069862447,0.2708478,0.250887,0.0,0.250887,0.06272175
43653,0.30073184,0.0006946665,0.600769,0.6325303,0.0,0.6325303,0.15813257
43656,0.1853848,0.000711187,0.3700584,0.39485845,0.0,0.39485845,0.09871461
43659,0.05662608,0.0007374541,0.112514704,0.12346059,0.0,0.12346059,0.030865148
43661,0.2975117,0.0007628915,0.5942605,0.6327847,0.0,0.6327847,0.15819618
43664,0.03796641,0.0007776076,0.07515522,0.081574954,0.0,0.081574954,0.020393739
43667,0.12769929,0.0007766343,0.25462195,0.26691636,0.0,0.26691636,0.06672909
43669,0.44077003,0.00077492796,0.88076514,0.8472197,0.0,0.8472197,0.21180493
43672,0.1241946,0.0007717575,0.24761744,0.22961056,0.0,0.22961056,0.05740264
43674,0.08939424,0.00073550147,0.17805298,0.16598889,0.0,0.16598889,0.041497223
43677,0.056444097,0.0007378687,0.112150334,0.118030965,0.0,0.118030965,0.029507741
43680,0.1875482,0.00073965493,0.37435675,0.3558899,0.0,0.3558899,0.08897247
43682,0.07804018,0.00073324237,0.15534712,0.13799411,0.0,0.13799411,0.034498528
43685,0.13383217,0.00073082326,0.2669335,0.24397187,0.0,0.24397187,0.060992967
43687,0.5317236,0.0007212486,1.062726,1.1011605,0.0,1.1011605,0.27529013
43690,0.14733534,0.00069705985,0.2939736,0.309083,0.0,0.309083,0.07727075
43693,0.017956726,0.00067835086,0.035235103,0.03153947,0.0,0.03153947,0.0078848675
43695,0.14813764,0.00066202105,0.29561326,0.28319976,0.0,0.28319976,0.07079994
43698,0.074765526,0.0006607563,0.14887029,0.1391663,0.0,0.1391663,0.034791574
43700,0.076655515,0.0006628336,0.1526482,0.16553026,0.0,0.16553026,0.041382566
43703,0.02351754,0.0006474646,0.046387613,0.048811015,0.0,0.048811015,0.012202754
43706,0.7786116,0.0006250211,1.5565982,1.514067,0.0,1.514067,0.37851676
43708,0.180435,0.0006210594,0.36024895,0.37730184,0.0,0.37730184,0.09432546
43711,0.41265544,0.0005683833,0.8247425,0.78838617,0.0,0.78838617,0.19709654
43714,0.22018401,0.0005540581,0.43981397,0.41752875,0.0,0.41752875,0.10438219
43716,0.27825603,0.00056086463,0.5559512,0.58070874,0.0,0.58070874,0.14517719
43719,0.28765306,0.00055152806,0.57475454,0.6074138,0.0,0.6074138,0.15185346
43721,0.1741377,0.00057348225,0.3477019,0.3234863,0.0,0.3234863,0.080871575
43724,0.5593677,0.00060703495,1.1181284,1.0747294,0.0,1.0747294,0.26868236
43727,0.2767072,0.00065317494,0.55276126,0.58818865,0.0,0.58818865,0.14704716
43729,0.0354526,0.0007009056,0.070204295,0.06607643,0.0,0.06607643,0.016519107
43732,0.06848797,0.00079659326,0.13617934,0.11859081,0.0,0.11859081,0.029647702
43734,0.076043904,0.0008625483,0.15122525,0.14211057,0.0,0.14211057,0.035527643
43737,0.77842546,0.0009442517,1.5559067,1.4893745,0.0,1.4893745,0.37234363
43740,0.052158434,0.0009819559,0.10333491,0.112731166,0.0,0.112731166,0.028182792
43742,0.12617977,0.00097630545,0.25138322,0.22201109,0.0,0.22201109,0.055502772
43745,0.028012872,0.0010403274,0.054985415,0.06133656,0.0,0.06133656,0.01533414
43747,0.092862,0.0010986049,0.18462539,0.19893791,0.0,0.19893791,0.049734477
43750,0.2717639,0.0011811851,0.54234666,0.59114087,0.0,0.59114087,0.14778522
43753,0.12217184,0.0012971652,0.24304652,0.21285951,0.0,0.21285951,0.053214878
43755,0.13642123,0.0013638871,0.27147856,0.30663693,0.0,0.30663693,0.07665923
43758,0.024553789,0.0014760819,0.04763149,0.039238494,0.0,0.039238494,0.0098096235
43761,0.042394813,0.0015252953,0.08326433,0.09106377,0.0,0.09106377,0.022765942
43763,0.563775,0.001582114,1.1259679,1.047335,0.0,1.047335,0.26183376
43766,0.05621824,0.0017147564,0.11072173,0.13432068,0.0,0.13432068,0.03358017
43768,0.028993754,0.001797704,0.0561898,0.06555405,0.0,0.06555405,0.016388513
43771,0.5242875,0.0019109062,1.0466641,1.1304728,0.0,1.1304728,0.2826182
43774,0.27284083,0.0020531898,0.54362845,0.60515124,0.0,0.60515124,0.15128781
43776,0.09974682,0.0021319066,0.19736175,0.16660802,0.0,0.16660802,0.041652005
43779,0.28044787,0.002208297,0.55868745,0.5004248,0.0,0.5004248,0.1251062
43781,0.5092202,0.0022800507,1.0161604,1.1087773,0.0,1.1087773,0.27719432
43784,0.075670145,0.002336499,0.14900379,0.121521294,0.0,0.121521294,0.030380324
43787,0.33769652,0.002311006,0.67308205,0.60734504,0.0,0.60734504,0.15183626
43789,0.18787108,0.0022695484,0.3734726,0.42079923,0.0,0.42079923,0.10519981
43792,0.01109006,0.0022850682,0.019895053,0.02237986,0.0,0.02237986,0.005594965
43794,0.47389567,0.0022612636,0.9455301,1.0377257,0.0,1.0377257,0.25943142
43797,0.020743383,0.0023145934,0.039172173,0.04525654,0.0,0.04525654,0.011314135
43800,0.21258812,0.0023686518,0.42280757,0.46899417,0.0,0.46899417,0.11724854
43802,0.3526949,0.002354978,0.7030349,0.7778694,0.0,0.7778694,0.19446735
43805,0.13047852,0.0023294627,0.25862756,0.2949928,0.0,0.2949928,0.0737482
43808,0.16528058,0.0023147098,0.32824644,0.37047103,0.0,0.37047103,0.09261776
43810,0.093641065,0.0022579615,0.18502416,0.21374725,0.0,0.21374725,0.053436812
43813,0.13683751,0.0022460334,0.27142897,0.3136721,0.0,0.3136721,0.078418024
43815,0.029839046,0.0022515187,0.05742657,0.07300872,0.0,0.07300872,0.01825218
43818,0.05002403,0.0022577234,0.09779033,0.10903853,0.0,0.10903853,0.027259633
43821,0.2677274,0.0022941914,0.5331606,0.47044015,0.0,0.47044015,0.11761004
43823,0.099789076,0.0022641316,0.19731402,0.23083197,0.0,0.23083197,0.05770799
43826,0.024732588,0.0021969415,0.04726823,0.059541497,0.0,0.059541497,0.014885374
43828,0.013410292,0.002185373,0.02463521,0.030596888,0.0,0.030596888,0.007649222
43831,0.18321623,0.00217632,0.36425614,0.39805636,0.0,0.39805636,0.09951409
43834,0.0845383,0.002168539,0.16690807,0.14015657,0.0,0.14015657,0.03503914
43836,0.024579844,0.0021177328,0.047041953,0.03561276,0.0,0.03561276,0.00890319
43839,0.061020818,0.002076513,0.11996511,0.14391963,0.0,0.14391963,0.035979908
43841,0.17930628,0.0020365857,0.356576,0.39443207,0.0,0.39443207,0.09860802
43844,0.031392194,0.001988983,0.060795408,0.04803455,0.0,0.04803455,0.012008637
43847,0.06142297,0.0018955901,0.12095035,0.10581243,0.0,0.10581243,0.026453108
43849,0.6292852,0.0017938205,1.2567767,1.1826509,0.0,1.1826509,0.29566273
43852,0.10870095,0.0017166185,0.2156853,0.23460639,0.0,0.23460639,0.058651596
43855,0.08633726,0.0016029502,0.17107157,0.15061246,0.0,0.15061246,0.037653115
43857,0.38836324,0.0015190914,0.77520734,0.8427898,0.0,0.8427898,0.21069746
43860,0.08480772,0.0014312356,0.1681842,0.14721374,0.0,0.14721374,0.036803436
43862,0.14479393,0.0013645822,0.28822327,0.31547436,0.0,0.31547436,0.07886859
43865,0.1990112,0.0013086671,0.39671373,0.36165228,0.0,0.36165228,0.09041307
43868,0.17642319,0.0012801775,0.3515662,0.3230461,0.0,0.3230461,0.08076152
43870,0.19248144,0.0012346768,0.38372818,0.41028118,0.0,0.41028118,0.102570295
43873,0.023828538,0.0011933674,0.04646371,0.052211326,0.0,0.052211326,0.013052831
43875,0.3190846,0.0011790314,0.63699025,0.6811264,0.0,0.6811264,0.1702816
43878,0.64232844,0.0011396377,1.2835172,1.2130042,0.0,1.2130042,0.30325106
43881,0.08497742,0.0011029738,0.16885187,0.18901803,0.0,0.18901803,0.047254506
43883,0.029861003,0.0010743713,0.058647633,0.0687882,0.0,0.0687882,0.01719705
43886,0.3216245,0.0010212092,0.64222777,0.6864176,0.0,0.6864176,0.1716044
43888,0.07324282,0.0009984892,0.14548716,0.16481668,0.0,0.16481668,0.04120417
43891,0.6018322,0.00092520594,1.2027392,1.256801,0.0,1.256801,0.31420025
43894,0.7024427,0.0008612804,1.4040241,1.3558058,0.0,1.3558058,0.33895144
43896,0.15116961,0.00082824193,0.30151096,0.2823817,0.0,0.2823817,0.07059543
43899,0.21219264,0.00079637417,0.4235889,0.4431579,0.0,0.4431579,0.11078948
43902,0.046527248,0.00075885217,0.09229564,0.106465496,0.0,0.106465496,0.026616374
43904,0.15256564,0.00072155666,0.3044097,0.32443064,0.0,0.32443064,0.08110766
43907,0.03540736,0.0006957115,0.070119016,0.08075643,0.0,0.08075643,0.020189108
43909,0.012704425,0.0006244878,0.024784362,0.020654831,0.0,0.020654831,0.005163708
43912,0.06937478,0.0005670856,0.13818248,0.14933698,0.0,0.14933698,0.037334245
43915,0.15136568,0.0005294589,0.3022019,0.3162924,0.0,0.3162924,0.0790731
43917,0.01999953,0.00051060016,0.03948846,0.03458537,0.0,0.03458537,0.008646343
43920,0.56651497,0.00048158955,1.1325483,1.1718212,0.0,1.1718212,0.2929553
43922,0.17258306,0.0004776287,0.3446885,0.3566676,0.0,0.3566676,0.0891669
43925,0.20076008,0.00045871385,0.40106145,0.3848827,0.0,0.3848827,0.09622067
43928,0.044887383,0.00044401895,0.089330755,0.098302044,0.0,0.098302044,0.024575511
43930,0.04644284,0.0004474039,0.09243828,0.10300469,0.0,0.10300469,0.025751172
43933,0.028760055,0.00044381674,0.057076294,0.049641132,0.0,0.049641132,0.012410283
43935,0.12555465,0.00043982136,0.25066948,0.2414494,0.0,0.2414494,0.06036235
43938,0.026944773,0.00041711214,0.053472433,0.050568815,0.0,0.050568815,0.012642204
43941,0.13753285,0.0003779752,0.27468774,0.26113927,0.0,0.26113927,0.06528482
43943,0.049287487,0.00039390987,0.09818107,0.088158615,0.0,0.088158615,0.022039654
43946,0.58087134,0.000333422,1.1614093,1.1266608,0.0,1.1266608,0.2816652
43949,0.25635436,0.00034902466,0.5123597,0.4956356,0.0,0.4956356,0.1239089
43951,0.19432783,0.00033975838,0.38831592,0.37447032,0.0,0.37447032,0.09361758
43954,0.107516564,0.00035036236,0.21468277,0.22804125,0.0,0.22804125,0.05701031
43956,0.025322592,0.00035495064,0.05029023,0.045724098,0.0,0.045724098,0.011431024
43959,0.26465645,0.00032402863,0.5289889,0.51640916,0.0,0.51640916,0.12910229
43962,0.11442763,0.00030205073,0.22855322,0.21609478,0.0,0.21609478,0.054023694
43964,0.048269898,0.00028071445,0.09625908,0.08856222,0.0,0.08856222,0.022140555
43967,0.11913582,0.00025883582,0.23801279,0.2445509,0.0,0.2445509,0.061137725
43969,0.05914052,0.00027792566,0.11800311,0.10945483,0.0,0.10945483,0.027363708
43972,0.036618903,0.00029986553,0.07293794,0.06656174,0.0,0.06656174,0.016640436
43975,0.12747873,0.000312233,0.25464526,0.24732624,0.0,0.24732624,0.06183156
43977,0.36626017,0.000313384,0.732207,0.7512911,0.0,0.7512911,0.18782277
43980,0.072850235,0.00031016322,0.14539032,0.15454298,0.0,0.15454298,0.038635746
43982,0.044113193,0.0003253919,0.087900996,0.090456165,0.0,0.090456165,0.022614041
43985,0.798455,0.0003231679,1.5965868,1.6252851,0.0,1.6252851,0.4063213
43988,0.18312335,0.00032162946,0.36592507,0.37506595,0.0,0.37506595,0.09376649
43990,0.5936335,0.00030371218,1.1869632,1.1634446,0.0,1.1634446,0.29086116
43993,0.32729962,0.00029765177,0.6543016,0.6672961,0.0,0.6672961,0.16682403
43996,0.03943539,0.0002984949,0.07857228,0.073300086,0.0,0.073300086,0.018325021
43998,0.029598447,0.00029321958,0.058903676,0.054352764,0.0,0.054352764,0.013588191
44001,0.038317077,0.0002930183,0.07634114,0.07143048,0.0,0.07143048,0.01785762
44003,0.25606284,0.00027945056,0.51184624,0.53197783,0.0,0.53197783,0.13299446
44006,0.2663647,0.00025595172,0.53247344,0.5518722,0.0,0.5518722,0.13796805
44009,0.31051573,0.00025651636,0.6207749,0.6405944,0.0,0.6405944,0.1601486
44011,0.1155624,0.00026036892,0.23086442,0.24200869,0.0,0.24200869,0.06050217
44014,0.402028,0.00026231326,0.80379367,0.77759165,0.0,0.77759165,0.19439791
44016,0.68122417,0.0002724791,1.362176,1.396944,0.0,1.396944,0.349236
44019,0.37552366,0.0002839433,0.75076336,0.7696829,0.0,0.7696829,0.19242072
44022,0.49425256,0.00028900962,0.9882161,1.0149959,0.0,1.0149959,0.25374898
44024,0.09153831,0.0002995693,0.18277705,0.17427401,0.0,0.17427401,0.043568503
44027,0.080377206,0.00030095762,0.16045345,0.15239136,0.0,0.15239136,0.03809784
44029,0.3980871,0.00030497878,0.7958692,0.8150358,0.0,0.8150358,0.20375896
44032,0.589536,0.00031162455,1.1787604,1.1485099,0.0,1.1485099,0.28712747
44035,0.21478903,0.00031829553,0.42925978,0.44309998,0.0,0.44309998,0.110774994
44037,0.044512372,0.00033225204,0.08869249,0.08152062,0.0,0.08152062,0.020380154
44040,0.26887786,0.00036214423,0.53739357,0.5131836,0.0,0.5131836,0.1282959
44043,0.27962655,0.00040473288,0.5588484,0.578326,0.0,0.578326,0.1445815
44045,0.08132871,0.00043839615,0.16221903,0.17511122,0.0,0.17511122,0.043777805
44048,0.08232654,0.0004986371,0.16415446,0.17725019,0.0,0.17725019,0.044312548
44050,0.163755,0.0005241783,0.3269858,0.3398039,0.0,0.3398039,0.084950976
44053,0.25666106,0.000578485,0.51274365,0.53899527,0.0,0.53899527,0.13474882
44056,0.01741428,0.00063331873,0.03419524,0.035948846,0.0,0.035948846,0.008987212
44058,0.03376426,0.0006250133,0.06690351,0.05998313,0.0,0.05998313,0.014995783
44061,0.19861905,0.000607238,0.39663085,0.3756453,0.0,0.3756453,0.09391133
44063,0.15544479,0.0005809704,0.3103086,0.32794365,0.0,0.32794365,0.08198591
44066,0.64789397,0.0005337444,1.2952541,1.2504904,0.0,1.2504904,0.3126226
44069,0.067716144,0.00052008795,0.1349122,0.14573108,0.0,0.14573108,0.03643277
44071,0.1152479,0.0005315912,0.2299642,0.22047634,0.0,0.22047634,0.055119086
44074,0.65431637,0.0005448646,1.3080878,1.2728181,0.0,1.2728181,0.31820452
44077,0.6012129,0.00051746075,1.2019083,1.1694916,0.0,1.1694916,0.2923729
44079,0.05364665,0.0005146757,0.10677862,0.09912772,0.0,0.09912772,0.02478193
44082,0.10157301,0.00049626315,0.20264976,0.2160505,0.0,0.2160505,0.054012626
44084,0.02347151,0.00046037792,0.04648264,0.042557437,0.0,0.042557437,0.010639359
44087,0.16742706,0.0004646701,0.33438945,0.3179045,0.0,0.3179045,0.079476126
44090,0.070037104,0.0004231901,0.13965102,0.12921591,0.0,0.12921591,0.032303978
44092,0.05004819,0.00039573372,0.09970065,0.10784621,0.0,0.10784621,0.026961552
44095,0.04561993,0.0004158631,0.090824,0.09667642,0.0,0.09667642,0.024169104
44097,0.8522729,0.00042224617,1.7041235,1.65916,0.0,1.65916,0.41479
44100,0.025040733,0.0004373064,0.04964416,0.055181514,0.0,0.055181514,0.013795379
44103,0.47855577,0.00044248634,0.95666903,0.9224677,0.0,0.9224677,0.23061693
44105,0.05177672,0.00041531015,0.10313813,0.09548912,0.0,0.09548912,0.02387228
44108,0.39517877,0.00043254523,0.7899249,0.806376,0.0,0.806376,0.201594
44110,0.016544985,0.0004940215,0.032595947,0.027297132,0.0,0.027297132,0.006824283
44113,0.6453022,0.0005707209,1.2900337,1.2507182,0.0,1.2507182,0.31267956
44116,0.02435889,0.00057811063,0.048139665,0.050014425,0.0,0.050014425,0.012503606
44118,0.014359627,0.00057482923,0.028144425,0.029180223,0.0,0.029180223,0.007295056
44121,0.28399932,0.0005608502,0.5674378,0.5421011,0.0,0.5421011,0.13552527
44124,0.20298822,0.0005988111,0.40537763,0.41794065,0.0,0.41794065,0.10448516
44126,0.048204675,0.0006225482,0.0957868,0.08448254,0.0,0.08448254,0.021120636
44129,0.3582646,0.0006563585,0.7158728,0.7354247,0.0,0.7354247,0.18385617
44131,0.1033034,0.0006639411,0.20594287,0.21890791,0.0,0.21890791,0.054726977
44134,0.20714664,0.00061348506,0.4136798,0.43331417,0.0,0.43331417,0.10832854
44137,0.22943091,0.0005972852,0.45826456,0.48302743,0.0,0.48302743,0.12075686
44139,0.0588463,0.0005919898,0.117100604,0.12219169,0.0,0.12219169,0.030547922
44142,0.041905716,0.0005679807,0.08324345,0.086650334,0.0,0.086650334,0.021662584
44144,0.03347278,0.0005817477,0.06636382,0.060329307,0.0,0.060329307,0.015082327
44147,0.62403375,0.0005887264,1.2474788,1.2042135,0.0,1.2042135,0.30105338
44150,0.30158433,0.0006149973,0.60255367,0.6363445,0.0,0.6363445,0.15908612
44152,0.058414012,0.0006234902,0.11620453,0.12241874,0.0,0.12241874,0.030604685
44155,0.016329164,0.0006487326,0.032009598,0.029465675,0.0,0.029465675,0.007366419
44157,0.09763116,0.0006639513,0.19459836,0.20638426,0.0,0.20638426,0.051596064
44160,0.4113232,0.0006904942,0.8219559,0.7788585,0.0,0.7788585,0.19471462
44163,0.16413808,0.0007014859,0.32757467,0.30104518,0.0,0.30104518,0.075261295
44165,0.059641153,0.00070965086,0.11857265,0.12600492,0.0,0.12600492,0.03150123
44168,0.80392903,0.0007460136,1.6071119,1.6721745,0.0,1.6721745,0.4180436
44171,0.28952175,0.0007856375,0.57825786,0.5392098,0.0,0.5392098,0.13480245
44173,0.09751151,0.0008145903,0.19420843,0.21566512,0.0,0.21566512,0.05391628
44176,0.20966113,0.00086003984,0.4184622,0.4481475,0.0,0.4481475,0.11203688
44178,0.046896115,0.0008918359,0.092900395,0.08182233,0.0,0.08182233,0.020455582
44181,0.1800764,0.00093982933,0.35921296,0.38372895,0.0,0.38372895,0.09593224
44184,0.10270807,0.0010195744,0.20439656,0.18424238,0.0,0.18424238,0.046060596
44186,0.04925595,0.0010548943,0.097457,0.085093,0.0,0.085093,0.02127325
44189,0.08319245,0.0010936348,0.16529126,0.15116663,0.0,0.15116663,0.03779166
44191,0.09775842,0.0011503476,0.1943665,0.21465822,0.0,0.21465822,0.053664554
44194,0.041702326,0.0011829127,0.08222174,0.09497235,0.0,0.09497235,0.023743087
44197,0.2473421,0.00121631,0.4934679,0.5252952,0.0,0.5252952,0.1313238
44199,0.14589225,0.0012714529,0.29051304,0.26736256,0.0,0.26736256,0.06684064
44202,0.44615963,0.0013425438,0.8909767,0.9301018,0.0,0.9301018,0.23252545
44204,0.01987422,0.001320608,0.038427833,0.030898416,0.0,0.030898416,0.007724604
44207,0.18757153,0.0012757225,0.3738673,0.4037056,0.0,0.4037056,0.1009264
44210,0.06867916,0.0012087844,0.13614954,0.121895276,0.0,0.121895276,0.030473819
44212,0.077702336,0.0011038021,0.15430087,0.16380197,0.0,0.16380197,0.040950492
44215,0.19864853,0.00094017945,0.3963569,0.37119272,0.0,0.37119272,0.09279818
44218,0.22583997,0.00093908404,0.45074084,0.47492352,0.0,0.47492352,0.11873088
44220,0.1974925,0.00083386066,0.39415112,0.4130837,0.0,0.4130837,0.103270926
44223,0.17524183,0.00078429625,0.34969938,0.32991472,0.0,0.32991472,0.08247868
44225,0.0104244845,0.00074294023,0.02010603,0.016970836,0.0,0.016970836,0.004242709
44228,0.7924726,0.0007181416,1.5842271,1.5225302,0.0,1.5225302,0.38063255
44231,0.13097146,0.00068086805,0.26126206,0.24208945,0.0,0.24208945,0.060522363
44233,0.0605353,0.0006132048,0.1204574,0.1327357,0.0,0.1327357,0.033183925
44236,0.12478114,0.0005825962,0.24897969,0.26171473,0.0,0.26171473,0.06542868
44238,0.25168705,0.00056664617,0.50280744,0.523248,0.0,0.523248,0.130812
44241,0.021585884,0.000545172,0.042626593,0.044764172,0.0,0.044764172,0.011191043
44244,0.058522165,0.0005405534,0.116503775,0.12120674,0.0,0.12120674,0.030301685
44246,0.017871547,0.0005377795,0.035205316,0.039085794,0.0,0.039085794,0.009771449
44249,0.2826491,0.0005319727,0.5647662,0.5917781,0.0,0.5917781,0.14794452
44251,0.024213271,0.0005631801,0.047863364,0.053437904,0.0,0.053437904,0.013359476
44254,0.17946327,0.00055850466,0.35836804,0.34735718,0.0,0.34735718,0.086839296
44257,0.23032264,0.0005628089,0.46008244,0.47038355,0.0,0.47038355,0.11759589
44259,0.3869309,0.00059311005,0.7732687,0.75737554,0.0,0.75737554,0.18934388
44262,0.5296553,0.00061153213,1.058699,1.0176451,0.0,1.0176451,0.25441128
44265,0.086283684,0.00063872186,0.17192864,0.18309732,0.0,0.18309732,0.04577433
44267,0.08612845,0.0006663736,0.17159052,0.18086796,0.0,0.18086796,0.04521699
44270,0.4620789,0.0006750555,0.9234827,0.94800276,0.0,0.94800276,0.23700069
44272,0.15394701,0.0006949357,0.3071991,0.28953516,0.0,0.28953516,0.07238379
44275,0.63664836,0.0007707332,1.2725259,1.3229312,0.0,1.3229312,0.3307328
44278,0.5643992,0.00085981697,1.1279386,1.1691818,0.0,1.1691818,0.29229546
44280,0.042248216,0.00089457835,0.083601855,0.091664314,0.0,0.091664314,0.022916079
44283,0.2363469,0.00096932723,0.47172448,0.4356331,0.0,0.4356331,0.10890827
44285,0.1155031,0.0010591631,0.22994705,0.2575889,0.0,0.2575889,0.06439722
44288,0.18881808,0.0012719942,0.37636414,0.33760116,0.0,0.33760116,0.08440029
44291,0.090642154,0.0015170934,0.1797672,0.15064932,0.0,0.15064932,0.03766233
44293,0.029401287,0.0016925065,0.057110067,0.050375283,0.0,0.050375283,0.012593821
44296,0.17039232,0.0019418024,0.33884284,0.29098058,0.0,0.29098058,0.072745144
44298,0.19146599,0.002097395,0.38083458,0.4365728,0.0,0.4365728,0.1091432
44301,0.56375486,0.002263867,1.1252459,1.0419368,0.0,1.0419368,0.2604842
44304,0.18442832,0.0024624323,0.3663942,0.31009817,0.0,0.31009817,0.07752454
44306,0.6338541,0.0026749272,1.2650332,1.1637483,0.0,1.1637483,0.29093707
44309,0.02119488,0.0030310352,0.039358724,0.038026735,0.0,0.038026735,0.009506684
44312,0.10009041,0.0033984978,0.1967823,0.2121997,0.0,0.2121997,0.053049926
44314,0.057924893,0.0036027536,0.11224703,0.12455844,0.0,0.12455844,0.03113961
44317,0.15526862,0.0039454284,0.3065918,0.24363415,0.0,0.24363415,0.060908537
44319,0.14213978,0.004191986,0.28008756,0.34565982,0.0,0.34565982,0.086414956
44322,0.18697308,0.004606449,0.3693397,0.29266986,0.0,0.29266986,0.073167466
44325,0.6241958,0.005025904,1.2433656,1.3908142,0.0,1.3908142,0.34770355
44327,0.069685176,0.005265881,0.13410448,0.1429441,0.0,0.1429441,0.035736024
44330,0.060864937,0.005659543,0.11607033,0.089681506,0.0,0.089681506,0.022420377
44332,0.075111024,0.005940662,0.14428139,0.20534678,0.0,0.20534678,0.051336695
44335,0.8250539,0.0063998196,1.6437079,1.4536988,0.0,1.4536988,0.3634247
44338,0.15262137,0.0068744323,0.2983683,0.22917797,0.0,0.22917797,0.05729449
44340,0.12526537,0.007167584,0.24336319,0.19130152,0.0,0.19130152,0.04782538
44343,0.13565849,0.007628145,0.26368883,0.3455015,0.0,0.3455015,0.08637538
44345,0.07339215,0.007949219,0.13883509,0.19787347,0.0,0.19787347,0.04946837
44348,0.3452182,0.008435346,0.6820011,0.55069345,0.0,0.55069345,0.13767336
44351,0.041262027,0.0089396285,0.07358443,0.09038502,0.0,0.09038502,0.022596255
44353,0.015038051,0.00921025,0.020865852,0.020595083,0.0,0.020595083,0.0051487708
44356,0.054152504,0.009235806,0.0990692,0.07119753,0.0,0.07119753,0.017799383
44359,0.1362637,0.00937128,0.26315612,0.35360852,0.0,0.35360852,0.08840213
44361,0.41589734,0.009432261,0.8223624,0.99055463,0.0,0.99055463,0.24763866
44364,0.18047965,0.009698621,0.35126066,0.26049605,0.0,0.26049605,0.06512401
44366,0.19214202,0.009705801,0.37457827,0.27877387,0.0,0.27877387,0.06969347
44369,0.20427062,0.009819028,0.3987222,0.5301259,0.0,0.5301259,0.13253148
44372,0.057205934,0.009683546,0.10472832,0.1473332,0.0,0.1473332,0.0368333
44374,0.09132373,0.009446937,0.17320053,0.13240595,0.0,0.13240595,0.033101488
44377,0.041244566,0.00927237,0.073216766,0.04875907,0.0,0.04875907,0.012189767
44379,0.117919005,0.009012763,0.22682525,0.1679465,0.0,0.1679465,0.041986626
44382,0.33694395,0.008683304,0.6652046,0.5492371,0.0,0.5492371,0.13730927
44385,0.2819616,0.008276493,0.55564666,0.45918262,0.0,0.45918262,0.114795655
44387,0.08531311,0.008035385,0.16259085,0.21694879,0.0,0.21694879,0.054237198
44390,0.17903532,0.0077582286,0.35031244,0.2938961,0.0,0.2938961,0.07347403
44392,0.26129416,0.007570458,0.51501787,0.43455252,0.0,0.43455252,0.10863813
44395,0.40382373,0.0073195645,0.80032796,0.701438,0.0,0.701438,0.1753595
44398,0.40332565,0.00715498,0.79949635,0.8787108,0.0,0.8787108,0.2196777
44400,0.14230762,0.006786753,0.27782848,0.24572475,0.0,0.24572475,0.061431188
44403,0.7212507,0.0062342486,1.4362673,1.2956158,0.0,1.2956158,0.32390395
44406,0.54010946,0.005874563,1.0743443,1.2036091,0.0,1.2036091,0.30090228
44408,0.31477353,0.0056692883,0.6238778,0.6699564,0.0,0.6699564,0.1674891
44411,0.22896965,0.005384732,0.45255458,0.47915617,0.0,0.47915617,0.11978904
44413,0.09055013,0.0051816297,0.17591864,0.19961365,0.0,0.19961365,0.04990341
44416,0.062334407,0.004775592,0.11989322,0.084139444,0.0,0.084139444,0.021034861
44419,0.10880333,0.0044704378,0.21313624,0.18571877,0.0,0.18571877,0.046429694
44421,0.10855782,0.004263738,0.2128519,0.18429315,0.0,0.18429315,0.046073288
44424,0.20355903,0.004022497,0.40309557,0.44634938,0.0,0.44634938,0.111587346
44426,0.7768807,0.0038416518,1.5499196,1.434446,0.0,1.434446,0.3586115
44429,0.2371472,0.0036220765,0.47067228,0.5090401,0.0,0.5090401,0.12726003
44432,0.16081621,0.0033153035,0.3183171,0.27557868,0.0,0.27557868,0.06889467
44434,0.24691255,0.0031299877,0.49069512,0.43283066,0.0,0.43283066,0.108207665
44437,0.83353204,0.0029700482,1.664094,1.5477883,0.0,1.5477883,0.38694707
44439,0.3765993,0.0029310377,0.75026757,0.8183357,0.0,0.8183357,0.20458393
44442,0.03274565,0.0029504432,0.06254085,0.06416131,0.0,0.06416131,0.016040327
44445,0.20684318,0.0030782858,0.41060805,0.3468744,0.0,0.3468744,0.0867186
44447,0.047135707,0.0032697052,0.09100171,0.075944476,0.0,0.075944476,0.018986119
44450,0.54388493,0.003638544,1.0841314,0.9762318,0.0,0.9762318,0.24405795
44453,0.06663512,0.0040367357,0.1292335,0.111535005,0.0,0.111535005,0.027883751
44455,0.3113233,0.0043519926,0.6182946,0.5257117,0.0,0.5257117,0.13142793
44458,0.6411393,0.004858007,1.2774206,1.1394664,0.0,1.1394664,0.2848666
44460,0.15483226,0.0053789467,0.30428556,0.38307026,0.0,0.38307026,0.095767565
44463,0.22780955,0.0059336103,0.44968548,0.36004686,0.0,0.36004686,0.090011716
44466,0.9636779,0.006525179,1.9208306,1.7539686,0.0,1.7539686,0.43849215
44468,0.06749276,0.0064018914,0.12858364,0.18632007,0.0,0.18632007,0.046580017
44471,0.79631406,0.0064764693,1.5861517,1.7669991,0.0,1.7669991,0.44174978
44473,0.14226443,0.0067579313,0.2777709,0.36420345,0.0,0.36420345,0.09105086
44476,0.059750248,0.007327611,0.11217288,0.17018051,0.0,0.17018051,0.04254513
44479,0.15164095,0.007989599,0.2952923,0.3935884,0.0,0.3935884,0.0983971
44481,0.43772444,0.008353,0.8670959,1.0382634,0.0,1.0382634,0.25956586
44484,0.039145667,0.008739448,0.069551885,0.10964519,0.0,0.10964519,0.027411297
44486,0.033686597,0.009082735,0.058290455,0.056376457,0.0,0.056376457,0.014094114
44489,0.15346338,0.009759924,0.29716682,0.21020691,0.0,0.21020691,0.052551728
44492,0.09932826,0.010489187,0.18816733,0.27751875,0.0,0.27751875,0.06937969
44494,1.0615273,0.010919213,2.1121352,1.826492,0.0,1.826492,0.456623
44497,0.3586011,0.011283077,0.7059191,0.54499215,0.0,0.54499215,0.13624804
44500,0.17337179,0.0117206415,0.33502293,0.23429383,0.0,0.23429383,0.05857346
44502,0.09561708,0.011799271,0.17943488,0.2590438,0.0,0.2590438,0.06476095
44505,0.09926015,0.011914517,0.1866058,0.246,0.0,0.246,0.0615
44507,0.045520473,0.011867412,0.07917354,0.105913974,0.0,0.105913974,0.026478494
44510,0.053797007,0.012103461,0.09549055,0.055965465,0.0,0.055965465,0.013991366
44513,0.27528563,0.0121266255,0.5384446,0.40548,0.0,0.40548,0.10137
44515,0.1449988,0.011982348,0.27801526,0.21181434,0.0,0.21181434,0.052953586
44518,0.289511,0.011625751,0.5673962,0.4267155,0.0,0.4267155,0.10667887
44520,0.041368406,0.011382957,0.07135385,0.040341754,0.0,0.040341754,0.010085438
44523,0.16843264,0.010976941,0.32588834,0.42517063,0.0,0.42517063,0.10629266
44526,0.6151703,0.010663308,1.2196773,1.056742,0.0,1.056742,0.2641855
44528,0.06345036,0.010458465,0.11644224,0.16112813,0.0,0.16112813,0.040282033
44531,0.113078624,0.010291954,0.2158653,0.15234354,0.0,0.15234354,0.038085885
44533,0.06479364,0.009763934,0.11982334,0.077053465,0.0,0.077053465,0.019263366
44536,0.34057638,0.009362518,0.6717902,0.5437143,0.0,0.5437143,0.13592857
44539,0.08279895,0.009085575,0.15651233,0.1092836,0.0,0.1092836,0.0273209
44541,0.14774275,0.008684668,0.28680083,0.3353642,0.0,0.3353642,0.08384105
44544,0.106015675,0.008234121,0.20379722,0.24709459,0.0,0.24709459,0.061773647
44547,0.04883341,0.0079714125,0.0896954,0.1269411,0.0,0.1269411,0.031735275
44549,0.03041181,0.007841773,0.052981842,0.06347146,0.0,0.06347146,0.015867865
44552,0.24309342,0.007506522,0.47868028,0.4187452,0.0,0.4187452,0.1046863
44554,0.21383208,0.0073027094,0.42036143,0.46053067,0.0,0.46053067,0.11513267
44557,0.43773255,0.006799079,0.868666,0.7398849,0.0,0.7398849,0.18497123
44560,0.11255879,0.006392339,0.21872525,0.17561042,0.0,0.17561042,0.043902606
44562,0.04676086,0.0061262785,0.08739545,0.05474244,0.0,0.05474244,0.01368561
44565,0.6398271,0.0057049445,1.2739493,1.1296139,0.0,1.1296139,0.28240347
44567,0.05368492,0.0054329815,0.101936854,0.12082406,0.0,0.12082406,0.030206015
44570,0.069419414,0.005032813,0.133806,0.11574181,0.0,0.11574181,0.028935453
44573,0.015184405,0.0047775065,0.025591305,0.037212074,0.0,0.037212074,0.009303018
44575,0.39467672,0.004656309,0.7846971,0.85976857,0.0,0.85976857,0.21494214
44578,0.042219654,0.00455486,0.07988445,0.06303453,0.0,0.06303453,0.015758632
44581,0.03589882,0.004461756,0.06733588,0.053966492,0.0,0.053966492,0.013491623
44583,0.3524436,0.00441774,0.7004695,0.79318506,0.0,0.79318506,0.19829626
44586,0.38408032,0.004583845,0.7635768,0.6562833,0.0,0.6562833,0.16407083
44588,0.09675851,0.0047267913,0.18879022,0.20906723,0.0,0.20906723,0.052266806
44591,0.03346994,0.004856296,0.062083587,0.06740412,0.0,0.06740412,0.01685103
44594,0.36795667,0.0050224904,0.7308908,0.6334087,0.0,0.6334087,0.15835218
44596,0.22646749,0.005358668,0.4475763,0.35802087,0.0,0.35802087,0.08950522
44599,0.02595483,0.0058992044,0.046010453,0.037859578,0.0,0.037859578,0.009464894
44601,0.17374216,0.006389804,0.3410945,0.42713583,0.0,0.42713583,0.10678396
44604,0.19707195,0.0067009083,0.38744298,0.48042628,0.0,0.48042628,0.12010657
44607,0.49339756,0.007069543,0.9797256,0.8349255,0.0,0.8349255,0.20873137
44609,0.15053938,0.0071089626,0.29396978,0.36876893,0.0,0.36876893,0.09219223
44612,0.2898209,0.007178307,0.5724635,0.45471025,0.0,0.45471025,0.11367756
44614,0.30711213,0.007341122,0.6068831,0.48383322,0.0,0.48383322,0.120958306
44617,0.13341211,0.0077800066,0.2590442,0.20451881,0.0,0.20451881,0.051129702
44620,0.06198421,0.008302674,0.115665756,0.17577004,0.0,0.17577004,0.04394251
44622,0.3198705,0.008649724,0.6310913,0.5073347,0.0,0.5073347,0.12683368
44625,0.27040234,0.009237419,0.5315673,0.66351604,0.0,0.66351604,0.16587901
44628,0.25351465,0.0097795185,0.49724975,0.38459274,0.0,0.38459274,0.096148185
44630,0.08403956,0.01013971,0.15793942,0.2238955,0.0,0.2238955,0.055973876
44633,0.26979703,0.010685738,0.5289083,0.41385737,0.0,0.41385737,0.10346434
44635,0.8225725,0.010947682,1.6341974,1.3867408,0.0,1.3867408,0.3466852
44638,0.1634763,0.010907557,0.31604508,0.22990985,0.0,0.22990985,0.057477463
44641,0.01915524,0.011165091,0.027145386,0.019372473,0.0,0.019372473,0.004843118
44643,0.037252076,0.011224712,0.06327944,0.10225084,0.0,0.10225084,0.02556271
44646,0.21164386,0.0116236275,0.4116641,0.29498854,0.0,0.29498854,0.073747136
44648,0.632993,0.011795655,1.2541903,1.0281918,0.0,1.0281918,0.25704795
44651,0.111178376,0.012106226,0.21025054,0.29599547,0.0,0.29599547,0.07399887
44654,0.038343687,0.012092784,0.06459459,0.078171544,0.0,0.078171544,0.019542886
44656,0.37946272,0.012018088,0.7469073,0.93925095,0.0,0.93925095,0.23481274
44659,0.2706666,0.011751972,0.52958125,0.6657043,0.0,0.6657043,0.16642608
44661,0.3276321,0.011480543,0.6437837,0.50243986,0.0,0.50243986,0.12560996
44664,0.056772128,0.01084888,0.102695376,0.15173449,0.0,0.15173449,0.03793362
44667,0.21000583,0.010153657,0.40985802,0.49671742,0.0,0.49671742,0.124179356
44669,0.041048966,0.009866142,0.07223179,0.040247772,0.0,0.040247772,0.010061943
44672,0.027595585,0.009578454,0.04561271,0.06925259,0.0,0.06925259,0.017313147
44675,0.6019483,0.009252202,1.1946445,1.3653374,0.0,1.3653374,0.34133434
44677,0.091045655,0.009031162,0.17306016,0.115830444,0.0,0.115830444,0.028957611
44680,0.039862532,0.008738703,0.07098637,0.10996344,0.0,0.10996344,0.02749086
44682,0.58449435,0.008493936,1.1604948,0.9950399,0.0,0.9950399,0.24875997
44685,0.1208567,0.00821812,0.23349528,0.25522134,0.0,0.25522134,0.063805334
44688,0.74816346,0.007988155,1.4883388,1.3083609,0.0,1.3083609,0.32709023
44690,0.28173658,0.0077788993,0.5556943,0.47961855,0.0,0.47961855,0.11990464
44693,0.0444745,0.0074237497,0.08152526,0.06233726,0.0,0.06233726,0.015584315
44695,0.09035725,0.0071965144,0.173518,0.19410916,0.0,0.19410916,0.04852729
44698,0.089209616,0.0069300816,0.17148916,0.11931609,0.0,0.11931609,0.029829023
44701,0.15121083,0.006421016,0.29600063,0.25417578,0.0,0.25417578,0.063543946
44703,0.3536651,0.0060901246,0.70124006,0.7568776,0.0,0.7568776,0.1892194
44706,0.2083088,0.0055736345,0.41104397,0.4576168,0.0,0.4576168,0.1144042
44708,0.03255734,0.0052012876,0.059913386,0.036315024,0.0,0.036315024,0.009078756
44711,0.2550036,0.0047298116,0.50527734,0.5611575,0.0,0.5611575,0.14028938
44714,0.3106568,0.0043685976,0.61694497,0.528817,0.0,0.528817,0.13220425
44716,0.077739365,0.0041714576,0.15130727,0.11952931,0.0,0.11952931,0.029882327
44719,0.15125288,0.0038791995,0.29862657,0.35227394,0.0,0.35227394,0.088068485
44722,0.12497524,0.0036976319,0.24625285,0.21213277,0.0,0.21213277,0.05303319
44724,0.87055516,0.0036163405,1.737494,1.6034676,0.0,1.6034676,0.4008669
44727,0.048581947,0.0035317817,0.09363211,0.098790884,0.0,0.098790884,0.024697721
44729,0.033585016,0.0035281966,0.06364183,0.054205954,0.0,0.054205954,0.0135514885
44732,0.16883422,0.003539269,0.33412918,0.39603844,0.0,0.39603844,0.09900961
44735,0.023378879,0.0035427308,0.043215025,0.047279228,0.0,0.047279228,0.011819807
44737,0.0373517,0.003783298,0.0709201,0.05731162,0.0,0.05731162,0.014327905
44740,0.45433488,0.0044790506,0.9041908,1.0183856,0.0,1.0183856,0.2545964
44742,0.18783236,0.0048998054,0.37076488,0.30070642,0.0,0.30070642,0.075176604
44745,0.53648835,0.0048193214,1.0681573,0.950422,0.0,0.950422,0.2376055
44748,0.21369024,0.005019489,0.422361,0.34103572,0.0,0.34103572,0.08525893
44750,0.9018598,0.0052316687,1.798488,1.6359482,0.0,1.6359482,0.40898705
44753,0.24485253,0.0054748296,0.4842302,0.58072,0.0,0.58072,0.14518
44755,0.73228216,0.00548584,1.4590784,1.2968599,0.0,1.2968599,0.32421497
44758,0.27900326,0.0058799945,0.5521265,0.4491929,0.0,0.4491929,0.11229823
44761,0.028264962,0.006286323,0.0502436,0.05956623,0.0,0.05956623,0.014891557
44763,0.05917279,0.006574335,0.11177125,0.08483783,0.0,0.08483783,0.021209458
44766,0.16889554,0.0069668717,0.3308242,0.25075963,0.0,0.25075963,0.06268991
44769,0.027803948,0.007479222,0.048128676,0.051952604,0.0,0.051952604,0.012988151
44771,0.16245852,0.007836334,0.3170807,0.23079367,0.0,0.23079367,0.057698417
44774,0.94214386,0.00839181,1.8758959,1.6478611,0.0,1.6478611,0.41196528
44776,0.395529,0.008811059,0.7822469,0.65263134,0.0,0.65263134,0.16315784
44779,0.06630399,0.008803331,0.12380466,0.18729234,0.0,0.18729234,0.046823084
44782,0.03444979,0.009075037,0.059824545,0.07504276,0.0,0.07504276,0.01876069
44784,0.33510742,0.009455184,0.6607596,0.5232544,0.0,0.5232544,0.1308136
44787,0.66103333,0.009934582,1.312132,1.099714,0.0,1.099714,0.2749285
44789,0.24290437,0.010160145,0.4756486,0.59817576,0.0,0.59817576,0.14954394
44792,0.15802015,0.010485087,0.30555522,0.39099562,0.0,0.39099562,0.097748905
44795,0.23543559,0.01084619,0.46002498,0.33910108,0.0,0.33910108,0.08477527
44797,0.16498068,0.0109962495,0.3189651,0.23522352,0.0,0.23522352,0.05880588
44800,0.1274714,0.0112426095,0.24370019,0.17871134,0.0,0.17871134,0.044677835
44802,0.75919944,0.010794054,1.507605,1.2700266,0.0,1.2700266,0.31750664
44805,0.6785626,0.010917254,1.346208,1.1214744,0.0,1.1214744,0.2803686
44808,0.15680037,0.009962269,0.3036385,0.22926037,0.0,0.22926037,0.057315093
44810,0.16818142,0.009812503,0.32655033,0.43139836,0.0,0.43139836,0.10784959
44813,0.15943725,0.009667534,0.30920696,0.3942492,0.0,0.3942492,0.0985623
44816,0.07170049,0.00943115,0.13396983,0.090206295,0.0,0.090206295,0.022551574
44818,0.24030644,0.009298853,0.47131404,0.5997756,0.0,0.5997756,0.1499439
44821,0.06333212,0.009125666,0.11753857,0.15656248,0.0,0.15656248,0.03914062
44823,0.07241204,0.008961474,0.1358626,0.090288915,0.0,0.090288915,0.022572229
44826,0.31600103,0.008852477,0.6231496,0.72615004,0.0,0.72615004,0.18153751
44829,0.3670032,0.0087834755,0.7252229,0.5985291,0.0,0.5985291,0.14963228
44831,0.13890405,0.008687885,0.26912022,0.30794656,0.0,0.30794656,0.07698664
44834,0.13064368,0.00845933,0.25282803,0.18598728,0.0,0.18598728,0.04649682
44836,0.049774755,0.00835583,0.09119368,0.11903223,0.0,0.11903223,0.029758057
44839,0.051553946,0.00841262,0.09469527,0.11125189,0.0,0.11125189,0.027812973
44842,0.14759035,0.0077127516,0.28746796,0.33031464,0.0,0.33031464,0.08257866
44844,0.3117191,0.0075109205,0.6159273,0.52573776,0.0,0.52573776,0.13143444
44847,0.17227073,0.007392013,0.33714947,0.263739,0.0,0.263739,0.06593475
44849,0.17607957,0.0072284252,0.34493074,0.2849675,0.0,0.2849675,0.07124188
44852,0.079287015,0.006937945,0.15163608,0.19867802,0.0,0.19867802,0.049669504
44855,0.038913287,0.00665014,0.07117643,0.10470309,0.0,0.10470309,0.026175773
44857,0.74338645,0.0066204197,1.4801525,1.6597201,0.0,1.6597201,0.41493002
44860,0.044730842,0.006472698,0.082988985,0.060108464,0.0,0.060108464,0.015027116
44863,0.14673732,0.0064375116,0.2870371,0.35114154,0.0,0.35114154,0.087785386
44865,0.31063172,0.0062836627,0.6149798,0.73164195,0.0,0.73164195,0.18291049
44868,0.06512528,0.006251544,0.12399901,0.17819794,0.0,0.17819794,0.044549484
44870,0.319744,0.0062461332,0.63324183,0.74976414,0.0,0.74976414,0.18744104
44873,0.67681473,0.006403986,1.3472255,1.5208759,0.0,1.5208759,0.38021898
44876,0.11608865,0.0065468275,0.22563046,0.29568076,0.0,0.29568076,0.07392019
44878,0.47921255,0.006877342,0.9515478,1.0998263,0.0,1.0998263,0.27495658
44881,0.27832097,0.007190142,0.54945177,0.67173594,0.0,0.67173594,0.16793399
44883,0.421657,0.007347388,0.8359666,0.9815163,0.0,0.9815163,0.24537908
44886,0.23572348,0.0078009255,0.46364602,0.3595172,0.0,0.3595172,0.0898793
44889,0.03208371,0.008567391,0.05560003,0.03657536,0.0,0.03657536,0.00914384
44891,0.39359722,0.008991707,0.7782027,0.93060654,0.0,0.93060654,0.23265164
44894,0.10603798,0.009639279,0.20243669,0.17536272,0.0,0.17536272,0.04384068
44896,0.51244056,0.00978356,1.0150975,0.84156924,0.0,0.84156924,0.21039231
44899,0.26682958,0.01009083,0.52356833,0.3961474,0.0,0.3961474,0.09903685
44902,0.062461074,0.010724015,0.114198126,0.08129146,0.0,0.08129146,0.020322865
44904,0.763613,0.01110598,1.51612,1.7728316,0.0,1.7728316,0.4432079
44907,0.06546762,0.011605757,0.11932948,0.08658246,0.0,0.08658246,0.021645615
44910,0.20662777,0.0123259425,0.4009296,0.29207698,0.0,0.29207698,0.073019244
44912,0.025796488,0.012761474,0.038831502,0.037321944,0.0,0.037321944,0.009330486
44915,0.067604,0.0134032285,0.121804774,0.07139828,0.0,0.07139828,0.01784957
44917,0.34560287,0.013796215,0.67740947,0.5073717,0.0,0.5073717,0.12684293
44920,0.07736214,0.014479138,0.14024515,0.22418106,0.0,0.22418106,0.056045264
44923,0.37533942,0.015153055,0.7355258,0.93733424,0.0,0.93733424,0.23433356
44925,0.30412534,0.01567665,0.592574,0.43941998,0.0,0.43941998,0.109854996
44928,0.1921861,0.016408918,0.36796328,0.24866325,0.0,0.24866325,0.06216581
44930,0.24979569,0.01692175,0.48266962,0.3293639,0.0,0.3293639,0.08234098
44933,0.06964627,0.017710982,0.121581554,0.15127607,0.0,0.15127607,0.037819017
44936,0.17542826,0.01842671,0.3324298,0.4872873,0.0,0.4872873,0.12182183
44938,0.04136812,0.01874699,0.063989244,0.09445771,0.0,0.09445771,0.023614427
44941,0.7515409,0.018604787,1.484477,1.1861311,0.0,1.1861311,0.29653278
44943,0.29575762,0.01903099,0.57248425,0.7841757,0.0,0.7841757,0.19604392
44946,0.063130535,0.01990759,0.106353484,0.151267,0.0,0.151267,0.03781675
44949,0.042306665,0.020364592,0.06424874,0.09549663,0.0,0.09549663,0.023874158
44951,0.3242896,0.020369189,0.62821,0.44072413,0.0,0.44072413,0.11018103
44954,0.031239321,0.020414067,0.042064574,0.026216632,0.0,0.026216632,0.006554158
44957,0.17517845,0.02086701,0.3294899,0.20224352,0.0,0.20224352,0.05056088
44959,0.23355162,0.021213524,0.4458897,0.28489152,0.0,0.28489152,0.07122288
44962,0.14977826,0.0216825,0.27787402,0.17917466,0.0,0.17917466,0.044793665
44964,0.34636128,0.021964932,0.6707576,0.9210971,0.0,0.9210971,0.23027427
44967,0.28713903,0.022389658,0.5518884,0.37149262,0.0,0.37149262,0.092873156
44970,0.32765582,0.023291206,0.6320205,0.42793837,0.0,0.42793837,0.10698459
44972,0.04789573,0.023002587,0.07278887,0.10700402,0.0,0.10700402,0.026751004
44975,0.17592251,0.023711234,0.3281338,0.51965356,0.0,0.51965356,0.12991339
44977,0.09704924,0.024473542,0.16962492,0.088916965,0.0,0.088916965,0.022229241
44980,0.64897555,0.024372332,1.2735788,0.9907332,0.0,0.9907332,0.2476833
44983,0.65173334,0.024744337,1.2787223,1.6471437,0.0,1.6471437,0.41178593
44985,0.35910317,0.024911001,0.6932953,0.45964566,0.0,0.45964566,0.114911415
44988,0.16349672,0.025167579,0.30182585,0.16415812,0.0,0.16415812,0.04103953
44990,0.09089059,0.02531905,0.15646213,0.2369597,0.0,0.2369597,0.059239924
44993,0.463478,0.025593566,0.9013624,1.1741356,0.0,1.1741356,0.2935339
44996,0.27217418,0.02592299,0.5184254,0.33510303,0.0,0.33510303,0.08377576
44998,0.14769228,0.026390607,0.26899394,0.14150552,0.0,0.14150552,0.03537638
45001,0.2876028,0.027158203,0.54804736,0.81105727,0.0,0.81105727,0.20276432
45004,0.113515906,0.027460283,0.19957153,0.10760897,0.0,0.10760897,0.026902242
45006,0.51098484,0.027666507,0.99430317,0.6963499,0.0,0.6963499,0.17408748
45009,0.0864923,0.028054262,0.14493035,0.22163825,0.0,0.22163825,0.05540956
45011,0.057613473,0.028171888,0.08705506,0.031284243,0.0,0.031284243,0.007821061
45014,0.7824435,0.028222665,1.5366644,1.1565957,0.0,1.1565957,0.28914893
45017,0.061235037,0.02817922,0.09429085,0.15956287,0.0,0.15956287,0.039890718
45019,0.3931954,0.027880631,0.7585101,0.5064917,0.0,0.5064917,0.12662293
45022,0.060345296,0.028179338,0.09251126,0.033933632,0.0,0.033933632,0.008483408
45024,0.17573659,0.02835595,0.32311723,0.19949795,0.0,0.19949795,0.04987449
45027,0.031992067,0.028494751,0.035489388,0.05686594,0.0,0.05686594,0.014216485
45030,0.1187779,0.028575763,0.20898004,0.3684423,0.0,0.3684423,0.092110574
45032,0.10590348,0.028523667,0.18328328,0.32511306,0.0,0.32511306,0.081278265
45035,0.3494172,0.028532177,0.6703022,0.46503997,0.0,0.46503997,0.11625999
45037,0.7052402,0.02846612,1.3820143,1.0237168,0.0,1.0237168,0.2559292
45040,0.043991446,0.028612101,0.059370786,0.064137034,0.0,0.064137034,0.016034259
45043,0.10087132,0.028665528,0.1730771,0.08418191,0.0,0.08418191,0.021045478
45045,0.10822456,0.028558409,0.18789071,0.086191736,0.0,0.086191736,0.021547934
45048,0.31890884,0.028372692,0.60944504,0.3957088,0.0,0.3957088,0.0989272
45051,0.0585403,0.02790643,0.089174174,0.1549862,0.0,0.1549862,0.03874655
45053,0.091428526,0.02755826,0.1552988,0.24555875,0.0,0.24555875,0.06138969
45056,0.056427877,0.027223906,0.08563185,0.13675137,0.0,0.13675137,0.034187842
45058,0.7013957,0.026992777,1.3757986,1.7673283,0.0,1.7673283,0.44183207
45061,0.67208785,0.02666129,1.3175144,1.034972,0.0,1.034972,0.258743
45064,0.32153583,0.026129907,0.61694175,0.8749151,0.0,0.8749151,0.21872878
45066,0.06970252,0.025778322,0.11362672,0.17563735,0.0,0.17563735,0.043909337
45069,0.040497717,0.025342444,0.05565299,0.058814358,0.0,0.058814358,0.0147035895
45071,0.15363486,0.024974339,0.28229538,0.17156892,0.0,0.17156892,0.04289223
45074,0.13101621,0.024595922,0.23743649,0.38566983,0.0,0.38566983,0.09641746
45077,0.16514881,0.024040809,0.3062568,0.48369887,0.0,0.48369887,0.12092472
45079,0.21284181,0.023610307,0.4020733,0.556216,0.0,0.556216,0.139054
45082,0.055247143,0.023090823,0.08740347,0.148911,0.0,0.148911,0.03722775
45085,0.21403182,0.022324622,0.40573898,0.26285666,0.0,0.26285666,0.065714166
45087,0.21109062,0.021601409,0.40057984,0.5905717,0.0,0.5905717,0.14764293
45090,0.5455155,0.020475144,1.0705558,0.80483437,0.0,0.80483437,0.20120859
45092,0.34005603,0.01986698,0.66024506,0.47986403,0.0,0.47986403,0.11996601
45095,0.22683239,0.01922393,0.43444085,0.29362282,0.0,0.29362282,0.073405705
45098,0.9739001,0.018391842,1.9294084,1.5897375,0.0,1.5897375,0.39743438
45100,0.10056611,0.018051771,0.18308045,0.11625833,0.0,0.11625833,0.029064583
45103,0.11097474,0.017193133,0.20475633,0.29948753,0.0,0.29948753,0.07487188
45105,0.1579877,0.016726531,0.29924887,0.37175128,0.0,0.37175128,0.09293782
45108,0.023451814,0.016363934,0.030539697,0.050884247,0.0,0.050884247,0.012721062
45111,0.8260171,0.015661223,1.6363729,1.365817,0.0,1.365817,0.34145424
45113,0.02412531,0.015349573,0.03290105,0.055375304,0.0,0.055375304,0.013843826
45116,0.083120696,0.014087648,0.15215375,0.08553374,0.0,0.08553374,0.021383435
45118,0.13597026,0.013698681,0.25824186,0.17507653,0.0,0.17507653,0.043769132
45121,0.502984,0.013386543,0.99258137,1.2079377,0.0,1.2079377,0.30198443
45124,0.17249942,0.013015126,0.33198372,0.43268824,0.0,0.43268824,0.10817206
45126,0.28327617,0.012867407,0.55368495,0.4261602,0.0,0.4261602,0.10654005
45129,0.118057095,0.01242434,0.22368984,0.2831734,0.0,0.2831734,0.07079335
45132,0.35547078,0.012177191,0.6987643,0.5564592,0.0,0.5564592,0.1391148
45134,0.15201442,0.012146036,0.2918828,0.20879316,0.0,0.20879316,0.05219829
45137,0.48878977,0.01207338,0.96550614,1.1769907,0.0,1.1769907,0.2942477
45139,0.057310116,0.012004648,0.10261557,0.15237164,0.0,0.15237164,0.03809291
45142,0.030036494,0.011800058,0.048272926,0.0483048,0.0,0.0483048,0.0120762
45145,0.44332126,0.011585821,0.87505674,1.0334765,0.0,1.0334765,0.25836912
45147,1.0511843,0.011447024,2.0909216,1.8028135,0.0,1.8028135,0.45070338
45150,0.14147708,0.01123967,0.27171448,0.37907967,0.0,0.37907967,0.09476992
45152,0.8653664,0.011163811,1.7195688,1.4728847,0.0,1.4728847,0.36822116
45155,0.06691634,0.0111241415,0.12270854,0.09049671,0.0,0.09049671,0.022624178
45158,0.25797585,0.011205983,0.50474566,0.37174353,0.0,0.37174353,0.09293588
45160,0.3279897,0.011383384,0.64459604,0.49615836,0.0,0.49615836,0.12403959
45163,0.3227608,0.011505388,0.6340162,0.7960665,0.0,0.7960665,0.19901663
45165,0.035186905,0.011902955,0.05847086,0.0667318,0.0,0.0667318,0.01668295
45168,0.10179117,0.012323475,0.19125886,0.28702408,0.0,0.28702408,0.07175602
45171,0.1347276,0.012820992,0.2566342,0.36109364,0.0,0.36109364,0.09027341
45173,0.5265681,0.013097481,1.0400387,0.8427873,0.0,0.8427873,0.21069683
45176,0.030696204,0.013703346,0.04768906,0.06646825,0.0,0.06646825,0.016617062
45179,0.48723552,0.014278906,0.96019214,1.1944937,0.0,1.1944937,0.2986234
45181,0.061673563,0.014469101,0.108878024,0.07052359,0.0,0.07052359,0.017630897
45184,0.91708034,0.014855345,1.8193053,1.5225791,0.0,1.5225791,0.38064477
45186,0.06424559,0.015161027,0.11333015,0.17578597,0.0,0.17578597,0.043946493
45189,0.037149984,0.015732495,0.058567476,0.03014121,0.0,0.03014121,0.0075353025
45192,0.02660442,0.01631949,0.03688935,0.035866268,0.0,0.035866268,0.008966567
45194,0.101974644,0.016659329,0.18728997,0.2784541,0.0,0.2784541,0.069613524
45197,0.19371264,0.01730284,0.37012243,0.4989977,0.0,0.4989977,0.12474942
45199,0.08768562,0.017780015,0.15759124,0.10701239,0.0,0.10701239,0.026753098
45202,0.41305947,0.018135995,0.8079829,0.590355,0.0,0.590355,0.14758874
45205,0.5416749,0.017390417,1.0659593,0.81842,0.0,0.81842,0.204605
45207,0.4401932,0.017796747,0.86258966,1.0954098,0.0,1.0954098,0.27385244
45210,0.08065957,0.018272238,0.1430469,0.22890465,0.0,0.22890465,0.057226162
45212,0.45059645,0.01863446,0.8825584,1.1466538,0.0,1.1466538,0.28666344
45215,0.09507761,0.019272448,0.17088278,0.10603941,0.0,0.10603941,0.026509853
45218,0.2973918,0.019695526,0.5750881,0.3981894,0.0,0.3981894,0.09954735
45220,0.14238398,0.02003561,0.26473233,0.39722586,0.0,0.39722586,0.099306464
45223,0.14975877,0.020598328,0.27891922,0.17944746,0.0,0.17944746,0.044861864
45226,0.036941435,0.021166904,0.05271597,0.018520266,0.0,0.018520266,0.0046300665
45228,0.4587171,0.021371612,0.8960626,0.65275043,0.0,0.65275043,0.16318761
45231,0.040383063,0.021794543,0.058971584,0.021562574,0.0,0.021562574,0.0053906436
45233,0.5833443,0.02205415,1.1446344,1.4669536,0.0,1.4669536,0.3667384
45236,0.027841955,0.022513913,0.033169996,0.02970733,0.0,0.02970733,0.0074268323
45239,0.15785994,0.022751907,0.29296795,0.16755395,0.0,0.16755395,0.041888487
45241,0.09735788,0.02290608,0.17180967,0.10308804,0.0,0.10308804,0.02577201
45244,0.13005193,0.022968048,0.23713581,0.3868877,0.0,0.3868877,0.096721925
45246,0.1625836,0.022905126,0.30226207,0.16857149,0.0,0.16857149,0.04214287
45249,0.6653612,0.022879027,1.3078433,1.0342199,0.0,1.0342199,0.25855497
45252,0.4255904,0.022856215,0.82832456,0.5854936,0.0,0.5854936,0.1463734
45254,0.125372,0.02278523,0.22795875,0.32249114,0.0,0.32249114,0.080622785
45257,0.49536934,0.022941403,0.9677973,0.7283266,0.0,0.7283266,0.18208165
45259,0.043632615,0.023393348,0.06387188,0.07786799,0.0,0.07786799,0.019466998
45262,0.44935486,0.021645064,0.87706465,1.150544,0.0,1.150544,0.287636
45265,0.023258388,0.021405658,0.025111118,0.020087587,0.0,0.020087587,0.0050218967
45267,0.28501186,0.021288225,0.5487355,0.38668022,0.0,0.38668022,0.096670054
45270,0.0384565,0.021086149,0.055826854,0.101492226,0.0,0.101492226,0.025373057
45273,0.11127349,0.020461207,0.20208578,0.11920155,0.0,0.11920155,0.029800387
45275,0.4384962,0.020229312,0.85676306,0.6492476,0.0,0.6492476,0.1623119
45278,0.054831248,0.019966383,0.08969611,0.13210602,0.0,0.13210602,0.033026505
45280,0.059359808,0.019686386,0.09903324,0.05885501,0.0,0.05885501,0.014713752
45283,0.07169748,0.01983854,0.12355641,0.07146391,0.0,0.07146391,0.017865978
45286,0.76910716,0.020195654,1.5180187,1.2313318,0.0,1.2313318,0.30783296
45288,0.14363323,0.02021939,0.26704708,0.4030788,0.0,0.4030788,0.1007697
45291,0.097661845,0.020174362,0.17514932,0.10103289,0.0,0.10103289,0.025258223
45293,0.092122436,0.020228336,0.16401653,0.09574869,0.0,0.09574869,0.023937173
45296,0.53405136,0.020228593,1.0478741,1.3132366,0.0,1.3132366,0.32830915
45299,0.082393214,0.020024924,0.1447615,0.21217377,0.0,0.21217377,0.053043444
45301,0.33422148,0.019610748,0.64883226,0.883825,0.0,0.883825,0.22095625
45304,0.3674806,0.019345086,0.71561605,0.9544776,0.0,0.9544776,0.2386194
45306,0.21977262,0.01927414,0.42027107,0.28089723,0.0,0.28089723,0.07022431
45309,0.08183577,0.019244576,0.14442696,0.25592864,0.0,0.25592864,0.06398216
45312,0.024244571,0.01920563,0.029283514,0.024494842,0.0,0.024494842,0.0061237104
45314,0.041049864,0.019032277,0.06306744,0.07713813,0.0,0.07713813,0.019284533
45317,0.7666933,0.018763885,1.5146227,1.8426094,0.0,1.8426094,0.46065235
45320,0.41000617,0.018788906,0.80122346,0.5891096,0.0,0.5891096,0.1472774
45322,0.549394,0.018491833,1.0802962,0.8260884,0.0,0.8260884,0.2065221
45325,0.06447874,0.018264063,0.11069342,0.18596713,0.0,0.18596713,0.046491783
45327,0.061639827,0.018063277,0.10521638,0.12352594,0.0,0.12352594,0.030881485
45330,0.57246596,0.017966585,1.1269654,1.4114214,0.0,1.4114214,0.35285535
45333,0.3470808,0.017828187,0.67633337,0.51354426,0.0,0.51354426,0.12838607
45335,0.24320836,0.01767902,0.46873772,0.6466356,0.0,0.6466356,0.1616589
45338,0.27215025,0.017556772,0.5267437,0.3794321,0.0,0.3794321,0.09485803
45340,0.035864238,0.017306352,0.054422125,0.070001245,0.0,0.070001245,0.017500311
45343,0.09457783,0.017123414,0.17203224,0.25199583,0.0,0.25199583,0.06299896
45346,0.019851735,0.016860513,0.022842959,0.028268978,0.0,0.028268978,0.0070672445
45348,0.33577165,0.016654296,0.654889,0.859281,0.0,0.859281,0.21482025
45351,0.30236903,0.016271578,0.58846647,0.78074056,0.0,0.78074056,0.19518514
45353,0.6737012,0.015958566,1.3314439,1.0725176,0.0,1.0725176,0.2681294
45356,0.07841667,0.015416791,0.14141655,0.084213294,0.0,0.084213294,0.021053324
45359,0.23918612,0.0148254065,0.46354684,0.6200747,0.0,0.6200747,0.15501867
45361,0.9413565,0.014446632,1.8682665,1.5823003,0.0,1.5823003,0.39557508
45364,0.19651026,0.013673353,0.37934718,0.43534327,0.0,0.43534327,0.10883582
45367,0.6017899,0.012899987,1.1906798,1.0037518,0.0,1.0037518,0.25093794
45369,0.9209214,0.012177247,1.8296655,1.5770946,0.0,1.5770946,0.39427364
45372,0.25725037,0.010654319,0.5038464,0.4162706,0.0,0.4162706,0.10406765
45374,0.5002106,0.009879497,0.99054164,1.1715403,0.0,1.1715403,0.29288507
45377,0.6946505,0.008302379,1.3809986,1.24273,0.0,1.24273,0.3106825
45380,0.055518493,0.0070727556,0.10396423,0.14046347,0.0,0.14046347,0.035115868
45382,0.174276,0.0066567254,0.34189525,0.37641343,0.0,0.37641343,0.09410336
45385,0.6702984,0.005739145,1.3348576,1.4715486,0.0,1.4715486,0.36788714
45387,0.40246597,0.0052952063,0.7996368,0.6839955,0.0,0.6839955,0.17099887
45390,0.028806828,0.00483365,0.052780006,0.060870532,0.0,0.060870532,0.015217633
45393,0.6671288,0.0043247533,1.3299328,1.224811,0.0,1.224811,0.30620274
45395,0.02336935,0.00400769,0.042731006,0.030412473,0.0,0.030412473,0.007603118
45398,0.2863922,0.0037372888,0.56904715,0.48904502,0.0,0.48904502,0.122261256
45400,0.027083335,0.0036814518,0.05048522,0.05342649,0.0,0.05342649,0.013356622
45403,0.22822215,0.003784689,0.4526596,0.39898598,0.0,0.39898598,0.099746495
45406,0.35380504,0.0039273836,0.70368266,0.617713,0.0,0.617713,0.15442824
45408,0.3861721,0.0037999656,0.7685442,0.8605771,0.0,0.8605771,0.21514428
45411,0.023601847,0.0035019936,0.043701705,0.030382672,0.0,0.030382672,0.007595668
45414,0.027775677,0.003436283,0.05211507,0.044935435,0.0,0.044935435,0.011233859
45416,0.0232307,0.0032641136,0.043197285,0.049169164,0.0,0.049169164,0.012292291
45419,0.09733815,0.0032816846,0.19139461,0.22780712,0.0,0.22780712,0.05695178
45421,0.15869302,0.0032842916,0.31410173,0.36730388,0.0,0.36730388,0.09182597
45424,0.050744206,0.0033877026,0.098100714,0.12690182,0.0,0.12690182,0.031725455
45427,0.50028044,0.0034692094,0.9970917,0.9033392,0.0,0.9033392,0.2258348
45429,0.7114408,0.0035517022,1.41933,1.5563842,0.0,1.5563842,0.38909605
45432,0.40070537,0.0036745507,0.79773617,0.69838095,0.0,0.69838095,0.17459524
45434,0.20767635,0.0037798064,0.4115729,0.33880663,0.0,0.33880663,0.08470166
45437,0.02437143,0.003998688,0.044744175,0.05037917,0.0,0.05037917,0.012594792
45440,0.08569763,0.004330613,0.16706465,0.21809582,0.0,0.21809582,0.054523956
45442,0.71115166,0.004533224,1.41777,1.5716511,0.0,1.5716511,0.39291278
45445,0.013550758,0.0048570386,0.022244478,0.021921294,0.0,0.021921294,0.0054803235
45447,0.14704652,0.005075878,0.28901717,0.36717248,0.0,0.36717248,0.09179312
45450,0.071265854,0.0054295505,0.13710217,0.11172032,0.0,0.11172032,0.02793008
45453,0.35661712,0.005785938,0.7074483,0.82861835,0.0,0.82861835,0.20715459
45455,0.24207169,0.00604704,0.47809634,0.58734727,0.0,0.58734727,0.14683682
45458,0.23638462,0.0064321035,0.4663371,0.5775779,0.0,0.5775779,0.14439447
45461,0.016847601,0.006846964,0.026848236,0.031647522,0.0,0.031647522,0.0079118805
45463,0.2838842,0.0071048415,0.5606635,0.68157357,0.0,0.68157357,0.17039339
45466,0.056477282,0.007574747,0.10537982,0.13225216,0.0,0.13225216,0.03306304
45468,0.33518264,0.007862276,0.66250294,0.5318114,0.0,0.5318114,0.13295285
45471,0.1178017,0.008387533,0.22721589,0.31480724,0.0,0.31480724,0.07870181
45474,0.9795077,0.008755911,1.9502596,1.7036337,0.0,1.7036337,0.42590842
45476,0.18394168,0.008926786,0.35895658,0.46040097,0.0,0.46040097,0.11510024
45479,0.11251379,0.00917893,0.21584864,0.29445654,0.0,0.29445654,0.073614135
45481,0.17927754,0.009362786,0.3491923,0.26148245,0.0,0.26148245,0.06537061
45484,0.0673501,0.009710337,0.124989845,0.086185895,0.0,0.086185895,0.021546474
45487,0.042636897,0.010172638,0.07510116,0.099126875,0.0,0.099126875,0.024781719
45489,0.049069036,0.010512587,0.08762548,0.056058478,0.0,0.056058478,0.014014619
45492,0.14954902,0.010937653,0.2881604,0.19821298,0.0,0.19821298,0.049553245
45494,0.16303596,0.011210577,0.31486133,0.22268903,0.0,0.22268903,0.05567226
45497,0.2877138,0.011595896,0.56383175,0.42176917,0.0,0.42176917,0.10544229
45500,0.0653939,0.011820351,0.11896745,0.1454045,0.0,0.1454045,0.036351126
45502,0.36153218,0.012152664,0.7109117,0.55446786,0.0,0.55446786,0.13861696
45505,0.28807408,0.01250169,0.5636465,0.42262658,0.0,0.42262658,0.105656646
45508,0.040606994,0.012693554,0.068520434,0.037318636,0.0,0.037318636,0.009329659
45510,0.041742202,0.012846013,0.07063839,0.040730204,0.0,0.040730204,0.010182551
45513,0.35787752,0.0129782455,0.70277685,0.8650009,0.0,0.8650009,0.21625023
45515,0.047541007,0.012968679,0.08211333,0.11865103,0.0,0.11865103,0.029662758
45518,0.081060536,0.012776766,0.14934431,0.09832958,0.0,0.09832958,0.024582395
45521,0.13273752,0.012544748,0.25293028,0.34307733,0.0,0.34307733,0.08576933
45523,0.1607037,0.012337306,0.30907008,0.38751802,0.0,0.38751802,0.096879505
45526,0.632754,0.011919211,1.2535888,1.0307286,0.0,1.0307286,0.25768214
45528,0.078664705,0.011657506,0.1456719,0.20781647,0.0,0.20781647,0.051954117
45531,0.24562936,0.011214196,0.4800445,0.38976994,0.0,0.38976994,0.097442485
45534,0.07827011,0.010738018,0.1458022,0.104817115,0.0,0.104817115,0.026204279
45536,0.22243536,0.010458353,0.43441236,0.34358856,0.0,0.34358856,0.08589714
45539,0.14383154,0.010040915,0.27762213,0.3106356,0.0,0.3106356,0.0776589
45542,0.20100714,0.0096874945,0.3923268,0.49252924,0.0,0.49252924,0.12313231
45544,0.06450274,0.00941858,0.11958691,0.14264269,0.0,0.14264269,0.035660673
45547,0.07539613,0.009022281,0.14176998,0.09530603,0.0,0.09530603,0.023826508
45549,0.015691224,0.008751589,0.022630861,0.037503216,0.0,0.037503216,0.009375804
45552,0.060740072,0.008318941,0.113161206,0.16128905,0.0,0.16128905,0.040322263
45555,0.67579293,0.007917523,1.3436683,1.1738611,0.0,1.1738611,0.2934653
45557,0.40835312,0.007624891,0.8090814,0.9386155,0.0,0.9386155,0.23465388
45560,0.37346467,0.0071483864,0.7397809,0.6210286,0.0,0.6210286,0.15525715
45562,0.08945591,0.006883089,0.17202874,0.19176368,0.0,0.19176368,0.04794092
45565,0.4198198,0.0064403987,0.8331992,0.95783263,0.0,0.95783263,0.23945816
45568,0.2843619,0.0060523786,0.5626714,0.6597333,0.0,0.6597333,0.16493332
45570,0.2970561,0.0057822526,0.58833,0.65148634,0.0,0.65148634,0.16287158
45573,0.4386711,0.00544243,0.8718998,0.7708884,0.0,0.7708884,0.1927221
45575,0.15905686,0.0050309114,0.3130828,0.27141505,0.0,0.27141505,0.06785376
45578,0.22647707,0.0040651895,0.44888893,0.40218362,0.0,0.40218362,0.100545906
45581,0.1857258,0.003383631,0.36806795,0.40907028,0.0,0.40907028,0.10226757
45583,0.023839856,0.0030958236,0.044583887,0.056718823,0.0,0.056718823,0.014179706
45586,0.46442452,0.0027707638,0.9260783,0.85356826,0.0,0.85356826,0.21339206
45589,0.01186816,0.0025844232,0.021151898,0.02183064,0.0,0.02183064,0.00545766
45591,0.1417031,0.0025735658,0.28083262,0.23977296,0.0,0.23977296,0.05994324
45594,0.17773072,0.002435214,0.35302624,0.40590653,0.0,0.40590653,0.10147663
45596,0.041761894,0.0023817222,0.08114207,0.068901874,0.0,0.068901874,0.017225469
45599,0.078724094,0.002829139,0.15461905,0.14823875,0.0,0.14823875,0.037059687
45602,0.10731355,0.0028913897,0.21173573,0.1831327,0.0,0.1831327,0.045783173
45604,0.0459094,0.0030617977,0.088757,0.08358576,0.0,0.08358576,0.02089644
45607,0.37601355,0.0036120734,0.74841505,0.8393333,0.0,0.8393333,0.20983332
45609,0.0865221,0.0035299025,0.1695143,0.1329729,0.0,0.1329729,0.033243224
45612,0.031358678,0.0035436042,0.059173748,0.06941525,0.0,0.06941525,0.017353812
45615,0.022382595,0.003603667,0.041161522,0.047590565,0.0,0.047590565,0.011897641
45617,0.24608064,0.0033336335,0.48882762,0.56489563,0.0,0.56489563,0.14122391
45620,0.16810781,0.0034242787,0.33279136,0.39143458,0.0,0.39143458,0.097858645
45622,0.084899075,0.003537828,0.16626032,0.21286178,0.0,0.21286178,0.053215444
45625,0.049732774,0.0037764765,0.095689066,0.11325695,0.0,0.11325695,0.028314238
45628,0.15679656,0.0040378757,0.30955523,0.25799662,0.0,0.25799662,0.064499155
45630,0.09024853,0.0041779005,0.17631917,0.22052862,0.0,0.22052862,0.055132154
45633,0.06637849,0.00445902,0.12829795,0.10525012,0.0,0.10525012,0.02631253
45636,0.052585527,0.0046944655,0.10047659,0.124414034,0.0,0.124414034,0.031103509
45638,0.5244201,0.0047702864,1.0440699,1.1850406,0.0,1.1850406,0.29626015
45641,0.08458077,0.0048827315,0.1642788,0.20544083,0.0,0.20544083,0.05136021
45643,0.08378535,0.0050813667,0.16248932,0.20227826,0.0,0.20227826,0.050569564
45646,0.024455378,0.0053920182,0.043518737,0.052116986,0.0,0.052116986,0.013029247
45649,0.59488803,0.0054118745,1.1843642,1.3280381,0.0,1.3280381,0.33200952
45651,0.24757268,0.0054372163,0.48970816,0.5837923,0.0,0.5837923,0.14594808
45654,0.13997933,0.0055711376,0.2743875,0.33994755,0.0,0.33994755,0.08498689
45656,0.41943023,0.005519282,0.8333411,0.96106714,0.0,0.96106714,0.24026679
45659,0.05995065,0.0053668637,0.11453444,0.08516299,0.0,0.08516299,0.021290747
45662,0.7841773,0.005198724,1.5631558,1.39435,0.0,1.39435,0.3485875
45664,0.013806208,0.004970469,0.022641947,0.026687862,0.0,0.026687862,0.0066719656
45667,0.10159403,0.004835807,0.19835226,0.24864684,0.0,0.24864684,0.06216171
45669,0.2030512,0.0047622235,0.40134016,0.34832576,0.0,0.34832576,0.08708144
45672,0.011149823,0.0046972823,0.017602362,0.018678203,0.0,0.018678203,0.004669551
45675,0.10115015,0.0044520497,0.19784825,0.16859937,0.0,0.16859937,0.04214984
45677,0.20357911,0.004387698,0.40277052,0.44590974,0.0,0.44590974,0.111477435
45680,0.028189778,0.0042466796,0.052132875,0.07456802,0.0,0.07456802,0.018642005
45683,0.040766004,0.0040619117,0.077470094,0.05838279,0.0,0.05838279,0.014595698
45685,0.26037058,0.0039493144,0.5167918,0.44932213,0.0,0.44932213,0.11233053
45688,0.04263783,0.003823922,0.08145174,0.10101724,0.0,0.10101724,0.02525431
45690,0.059791103,0.0037473105,0.11583489,0.1281553,0.0,0.1281553,0.032038826
45693,0.15452787,0.003633717,0.30542204,0.33184645,0.0,0.33184645,0.08296161
45696,0.2069893,0.0035154342,0.41046318,0.4495635,0.0,0.4495635,0.112390876
45698,0.06945869,0.003444181,0.1354732,0.111248195,0.0,0.111248195,0.027812049
45701,0.03599834,0.0033384124,0.06865827,0.089332245,0.0,0.089332245,0.022333061
45703,0.6759116,0.0032746196,1.3485485,1.4566064,0.0,1.4566064,0.3641516
45706,0.85306454,0.0031740025,1.7029551,1.5806397,0.0,1.5806397,0.39515993
45709,0.20210081,0.0030862156,0.40111542,0.43320957,0.0,0.43320957,0.10830239
45711,0.4189955,0.0029865329,0.8350045,0.9185242,0.0,0.9185242,0.22963105
45714,0.13385414,0.0027883966,0.26491988,0.2366103,0.0,0.2366103,0.059152573
45716,0.018522441,0.0025680407,0.034476843,0.044155706,0.0,0.044155706,0.011038926
45719,0.037065957,0.0024193241,0.07171259,0.08049805,0.0,0.08049805,0.020124512
45722,0.17041183,0.0022946142,0.33852902,0.29966065,0.0,0.29966065,0.07491516
45724,0.21364945,0.0022738785,0.42502502,0.37926626,0.0,0.37926626,0.094816566
45727,0.10347126,0.002261319,0.2046812,0.23074026,0.0,0.23074026,0.057685066
45730,0.1853406,0.0023297942,0.36835143,0.42286038,0.0,0.42286038,0.105715096
45732,0.030016238,0.0023840687,0.05764841,0.06372162,0.0,0.06372162,0.015930405
45735,0.10789139,0.0024841798,0.2132986,0.19902699,0.0,0.19902699,0.049756747
45737,0.43489695,0.0025224711,0.8672714,0.78971547,0.0,0.78971547,0.19742887
45740,0.25642475,0.0027514256,0.51009804,0.5795232,0.0,0.5795232,0.1448808
45743,0.0294472,0.0032228564,0.055671543,0.06264026,0.0,0.06264026,0.015660064
45745,0.62975687,0.0034007868,1.2561129,1.3713421,0.0,1.3713421,0.34283552
45748,0.69059014,0.003293786,1.3778864,1.258238,0.0,1.258238,0.3145595
45750,0.41113874,0.003283554,0.81899387,0.7365179,0.0,0.7365179,0.18412948
45753,0.2693651,0.0031212077,0.53560895,0.4598805,0.0,0.4598805,0.114970125
45756,0.07984289,0.0032128226,0.15647297,0.19554861,0.0,0.19554861,0.048887152
45758,0.03680794,0.0032918726,0.070324,0.06936475,0.0,0.06936475,0.017341187
45761,0.2190017,0.0034071722,0.4345962,0.3682364,0.0,0.3682364,0.0920591
45763,0.03451738,0.0034620184,0.065572746,0.076717295,0.0,0.076717295,0.019179324
45766,0.4065578,0.0036051723,0.8095104,0.9056006,0.0,0.9056006,0.22640015
45769,0.38580802,0.0037735587,0.76784253,0.8645176,0.0,0.8645176,0.2161294
45771,0.0105306255,0.00400365,0.0170576,0.021243056,0.0,0.021243056,0.005310764
45774,0.103048824,0.0039790017,0.20211864,0.2505348,0.0,0.2505348,0.0626337
45777,0.10075089,0.0040611974,0.19744058,0.15560776,0.0,0.15560776,0.03890194
45779,0.01815371,0.004205205,0.032102216,0.04286028,0.0,0.04286028,0.01071507
45782,0.75179297,0.004447803,1.4991382,1.3454943,0.0,1.3454943,0.33637357
45784,0.11513057,0.004574429,0.22568671,0.27250195,0.0,0.27250195,0.06812549
45787,0.58439094,0.004693294,1.1640886,1.2996539,0.0,1.2996539,0.32491347
45790,0.5615483,0.0047031282,1.1183935,1.2595001,0.0,1.2595001,0.31487504
45792,0.3588201,0.0046199425,0.7130203,0.6087148,0.0,0.6087148,0.1521787
45795,0.6225309,0.0044953176,1.2405664,1.112245,0.0,1.112245,0.27806124
45797,0.11242766,0.0042725243,0.2205828,0.18347318,0.0,0.18347318,0.045868296
45800,0.7098463,0.0040953225,1.4155973,1.2753862,0.0,1.2753862,0.31884655
45803,0.058777016,0.0038451755,0.11370885,0.13531743,0.0,0.13531743,0.033829357
45805,0.42090392,0.0036066647,0.8382012,0.7528643,0.0,0.7528643,0.18821608
45808,0.2963225,0.0034565467,0.5891884,0.51015437,0.0,0.51015437,0.12753859
45810,0.72213125,0.0033020005,1.4409605,1.3249985,0.0,1.3249985,0.33124962
45813,0.17931443,0.002967215,0.35566166,0.3058507,0.0,0.3058507,0.07646268
45816,0.05595635,0.0026675768,0.10924512,0.13418558,0.0,0.13418558,0.033546396
45818,0.4281082,0.0025500655,0.8536663,0.76912403,0.0,0.76912403,0.19228101
45821,0.21679191,0.0024052223,0.4311786,0.40094933,0.0,0.40094933,0.10023733
45824,0.7942484,0.00227605,1.5862207,1.4805012,0.0,1.4805012,0.3701253
45826,0.31069142,0.0022098653,0.619173,0.5687024,0.0,0.5687024,0.1421756
45829,0.042392325,0.0021305354,0.08265411,0.06792935,0.0,0.06792935,0.016982337
45831,0.17387168,0.0020789902,0.34566435,0.36949325,0.0,0.36949325,0.09237331
45834,0.2265798,0.0020088123,0.4511508,0.41928825,0.0,0.41928825,0.10482206
45837,0.7483662,0.0019509493,1.4947815,1.5857812,0.0,1.5857812,0.3964453
45839,0.033183645,0.0019228329,0.06444446,0.052618463,0.0,0.052618463,0.013154616
45842,0.79846126,0.0018762263,1.5950464,1.5028063,0.0,1.5028063,0.37570158
45844,0.22748552,0.0018447917,0.45312622,0.41276392,0.0,0.41276392,0.10319098
45847,0.39363012,0.0017932538,0.78546697,0.8471516,0.0,0.8471516,0.2117879
45850,0.4084479,0.0017294768,0.8151663,0.75388193,0.0,0.75388193,0.18847048
45852,0.035065055,0.0016754154,0.06845469,0.07816254,0.0,0.07816254,0.019540636
45855,0.6198213,0.001631612,1.238011,1.2974385,0.0,1.2974385,0.32435963
45857,0.043732196,0.0015788093,0.085885584,0.09917977,0.0,0.09917977,0.024794942
45860,0.023965761,0.001405188,0.04652633,0.053206217,0.0,0.053206217,0.013301554
45863,0.12233874,0.0013201688,0.24335732,0.26510638,0.0,0.26510638,0.066276595
45865,0.11193181,0.0012662607,0.22259736,0.24318707,0.0,0.24318707,0.060796767
45868,0.30286723,0.0011976031,0.60453683,0.5655177,0.0,0.5655177,0.14137943
45871,0.25788876,0.0010525355,0.51472497,0.5482157,0.0,0.5482157,0.13705392
45873,0.034899186,0.0009820971,0.068816274,0.06392651,0.0,0.06392651,0.015981628
45876,0.037283264,0.0009072164,0.07365931,0.06686154,0.0,0.06686154,0.016715385
45878,0.32663086,0.0009344138,0.65232736,0.60720485,0.0,0.60720485,0.15180121
45881,0.297945,0.00096276845,0.59492725,0.5506856,0.0,0.5506856,0.1376714
45884,0.0209274,0.001011036,0.040843766,0.043860197,0.0,0.043860197,0.010965049
45886,0.14297146,0.0010555099,0.2848874,0.25742838,0.0,0.25742838,0.064357094
45889,0.03354915,0.0010876247,0.06601068,0.061507493,0.0,0.061507493,0.015376873
45891,0.27807292,0.0011363127,0.55500954,0.5072139,0.0,0.5072139,0.12680347
45894,0.108369924,0.0012291629,0.21551068,0.187105,0.0,0.187105,0.04677625
45897,0.019099185,0.0013318736,0.036866497,0.034679975,0.0,0.034679975,0.008669994
45899,0.51540124,0.0014072097,1.0293952,0.95913666,0.0,0.95913666,0.23978417
45902,0.19360204,0.0015190946,0.385685,0.4278911,0.0,0.4278911,0.10697278
45904,0.08741757,0.0015969914,0.17323816,0.14662704,0.0,0.14662704,0.03665676
45907,0.1443804,0.0017147505,0.28704607,0.32360747,0.0,0.32360747,0.08090187
45910,0.060859635,0.001864532,0.11985474,0.14285159,0.0,0.14285159,0.035712898
45912,0.2851728,0.0019491365,0.5683964,0.50993395,0.0,0.50993395,0.12748349
45915,0.17161317,0.0020558357,0.34117052,0.3012387,0.0,0.3012387,0.07530967
45918,0.070377745,0.0021701648,0.13858533,0.11570487,0.0,0.11570487,0.028926218
45920,0.1121675,0.002238522,0.22209649,0.25878155,0.0,0.25878155,0.06469539
45923,0.38994467,0.002220602,0.7776687,0.70579386,0.0,0.70579386,0.17644846
45925,0.17420404,0.002196856,0.3462112,0.30359474,0.0,0.30359474,0.075898685
45928,0.10234236,0.002166535,0.20251818,0.17039317,0.0,0.17039317,0.042598292
45931,0.09364296,0.0021370929,0.18514884,0.16200249,0.0,0.16200249,0.040500622
45933,0.0869565,0.0020857702,0.17182724,0.14829074,0.0,0.14829074,0.037072685
45936,0.01961513,0.0018996702,0.03733059,0.029496968,0.0,0.029496968,0.007374242
45938,0.10711783,0.001871828,0.21236384,0.24093497,0.0,0.24093497,0.060233742
45941,0.06669641,0.0018010018,0.13159181,0.15034097,0.0,0.15034097,0.037585244
45944,0.09218186,0.0017189155,0.1826448,0.20302992,0.0,0.20302992,0.05075748
45946,0.5750945,0.0016814838,1.1485076,1.2293983,0.0,1.2293983,0.30734956
45949,0.06698846,0.0016347086,0.1323422,0.14979552,0.0,0.14979552,0.03744888
45951,0.26215056,0.0015989551,0.52270216,0.48938537,0.0,0.48938537,0.12234634
45954,0.026865698,0.0016301625,0.052101236,0.043757003,0.0,0.043757003,0.010939251
45957,0.19894482,0.0016207057,0.39626896,0.36710143,0.0,0.36710143,0.09177536
45959,0.15700276,0.0015530774,0.31245247,0.32276976,0.0,0.32276976,0.08069244
45962,0.3045152,0.001531907,0.60749847,0.5578305,0.0,0.5578305,0.13945763
45965,0.04295668,0.0014382213,0.08447514,0.07066193,0.0,0.07066193,0.017665483
45967,0.20152551,0.0013479149,0.40170312,0.41868845,0.0,0.41868845,0.10467211
45970,0.23442437,0.001253252,0.4675955,0.49073815,0.0,0.49073815,0.12268454
45972,0.04221334,0.0012275064,0.08319918,0.06855564,0.0,0.06855564,0.01713891
45975,0.1428033,0.0011668993,0.28443968,0.26891387,0.0,0.26891387,0.067228466
45978,0.12114807,0.001030211,0.24126594,0.23251222,0.0,0.23251222,0.058128055
45980,0.08980956,0.0009568904,0.17866223,0.18734877,0.0,0.18734877,0.046837192
45983,0.20932114,0.00082849176,0.41781378,0.40280738,0.0,0.40280738,0.100701846
45985,0.04839432,0.0007603904,0.096028246,0.09994876,0.0,0.09994876,0.02498719
45988,0.13407625,0.0006454223,0.2675071,0.27680784,0.0,0.27680784,0.06920196
45991,0.101903744,0.00055160915,0.20325589,0.22068012,0.0,0.22068012,0.05517003
45993,0.6129016,0.0004883585,1.2253149,1.258289,0.0,1.258289,0.31457224
45996,0.04642516,0.00041753822,0.092432775,0.08679422,0.0,0.08679422,0.021698555
45998,0.34886143,0.00037819895,0.6973446,0.71662444,0.0,0.71662444,0.17915611
46001,0.62381625,0.00033986967,1.2472926,1.2136946,0.0,1.2136946,0.30342364
46004,0.025394516,0.00031855362,0.050470483,0.053101737,0.0,0.053101737,0.013275434
46006,0.09490349,0.000316293,0.18949068,0.1761447,0.0,0.1761447,0.044036176
46009,0.11331195,0.00031995712,0.22630394,0.24060367,0.0,0.24060367,0.060150918
46012,0.4833891,0.0003478725,0.96643037,0.99939275,0.0,0.99939275,0.24984819
46014,0.23898448,0.00037506552,0.4775939,0.5022099,0.0,0.5022099,0.12555248
46017,0.018933687,0.00038176085,0.037485614,0.040335443,0.0,0.040335443,0.010083861
46019,0.14558654,0.00039846412,0.2907746,0.30212167,0.0,0.30212167,0.07553042
46022,0.062365472,0.00044041246,0.12429053,0.11569363,0.0,0.11569363,0.028923407
46025,0.16219173,0.00045436947,0.3239291,0.3438528,0.0,0.3438528,0.0859632
46027,0.21268533,0.00046794978,0.4249027,0.40227714,0.0,0.40227714,0.100569285
46030,0.28047478,0.00050684647,0.56044275,0.58972967,0.0,0.58972967,0.14743242
46032,0.314502,0.00053683063,0.62846714,0.59571534,0.0,0.59571534,0.14892884
46035,0.054004226,0.0005859249,0.10742253,0.09836566,0.0,0.09836566,0.024591414
46038,0.23720588,0.0006316762,0.47378007,0.44631633,0.0,0.44631633,0.11157908
46040,0.21642815,0.00067374343,0.43218255,0.45725903,0.0,0.45725903,0.11431476
46043,0.34020612,0.00070788705,0.67970437,0.6461846,0.0,0.6461846,0.16154616
46046,1.0357081,0.0007459827,2.0706701,1.9969724,0.0,1.9969724,0.4992431
46048,0.12132505,0.00076972897,0.24188037,0.26082027,0.0,0.26082027,0.06520507
46051,0.22813766,0.00080814754,0.45546713,0.48266497,0.0,0.48266497,0.12066624
46053,0.23839575,0.0008248918,0.4759666,0.44352183,0.0,0.44352183,0.11088046
46056,0.59281206,0.00084844284,1.1847757,1.2302957,0.0,1.2302957,0.3075739
46059,0.038790774,0.00085759436,0.076723956,0.06755414,0.0,0.06755414,0.016888535
46061,0.084104806,0.00087016,0.16733944,0.1836377,0.0,0.1836377,0.045909423
46064,0.010837465,0.00091252243,0.020762404,0.017195107,0.0,0.017195107,0.004298777
46066,0.12030113,0.00093564234,0.23966663,0.22173364,0.0,0.22173364,0.05543341
46069,0.030283486,0.00093738845,0.059629586,0.04993068,0.0,0.04993068,0.01248267
46072,0.029672531,0.0009434516,0.05840161,0.049829394,0.0,0.049829394,0.012457348
46074,0.30017057,0.00092488836,0.59941626,0.5659583,0.0,0.5659583,0.14148958
46077,0.17044418,0.0009041447,0.33998418,0.31938493,0.0,0.31938493,0.07984623
46079,0.024272747,0.00088071823,0.047664776,0.05199774,0.0,0.05199774,0.012999435
46082,0.5856405,0.0008549844,1.170426,1.231017,0.0,1.231017,0.30775425
46085,0.0076012593,0.0008165505,0.014385968,0.016939491,0.0,0.016939491,0.0042348728
46087,0.027404325,0.00082230876,0.05398634,0.04878244,0.0,0.04878244,0.01219561
46090,0.025275925,0.00080350693,0.049748346,0.04169464,0.0,0.04169464,0.01042366
46093,0.111912794,0.00082265167,0.22300296,0.20768844,0.0,0.20768844,0.05192211
46095,0.478444,0.0007991586,0.95608884,0.91117185,0.0,0.91117185,0.22779296
46098,0.99267155,0.0007644159,1.9845787,1.9108547,0.0,1.9108547,0.47771367
46100,0.1888295,0.00074483425,0.37691417,0.35307977,0.0,0.35307977,0.08826994
46103,0.2367167,0.0007237345,0.4727097,0.44852042,0.0,0.44852042,0.112130105
46106,0.098505855,0.00068703975,0.19632466,0.21037136,0.0,0.21037136,0.05259284
46108,0.039255492,0.0006654078,0.07784558,0.067821525,0.0,0.067821525,0.016955381
46111,0.4210306,0.0006513141,0.8414099,0.8827801,0.0,0.8827801,0.22069502
46113,0.096533485,0.00066202023,0.19240494,0.20307995,0.0,0.20307995,0.05076999
46116,0.116621196,0.0006225785,0.23261982,0.21640305,0.0,0.21640305,0.054100763
46119,0.19566739,0.0005995149,0.39073527,0.41358867,0.0,0.41358867,0.10339717
46121,0.16201203,0.0006208876,0.32340315,0.33881417,0.0,0.33881417,0.08470354
46124,0.026793426,0.0006084035,0.052978445,0.046885256,0.0,0.046885256,0.011721314
46126,0.048034932,0.000602973,0.09546689,0.10631899,0.0,0.10631899,0.026579747
46129,0.087214746,0.0005896724,0.17383982,0.18603015,0.0,0.18603015,0.046507537
46132,0.7668132,0.0005784458,1.533048,1.4806904,0.0,1.4806904,0.3701726
46134,0.04604597,0.00058675656,0.09150518,0.08089923,0.0,0.08089923,0.020224808
46137,0.101522975,0.00057763566,0.20246832,0.2125206,0.0,0.2125206,0.05313015
46140,0.12341744,0.00059222284,0.24624264,0.23229663,0.0,0.23229663,0.058074158
46142,0.45346558,0.0006204971,0.9063106,0.94885844,0.0,0.94885844,0.23721461
46145,0.029460477,0.0005767318,0.058344226,0.050369978,0.0,0.050369978,0.0125924945
46147,0.6515863,0.0005229984,1.3026496,1.3452762,0.0,1.3452762,0.33631906
46150,0.04814818,0.00046915095,0.095827214,0.08792526,0.0,0.08792526,0.021981316
46153,0.028557315,0.0004775168,0.056637112,0.050333604,0.0,0.050333604,0.012583401
46155,0.4921162,0.00048593027,0.9837465,1.0090961,0.0,1.0090961,0.25227404
46158,0.5142439,0.00047835466,1.0280094,1.0676391,0.0,1.0676391,0.26690978
46160,0.14216785,0.0005064073,0.2838293,0.29823074,0.0,0.29823074,0.074557684
46163,0.21723497,0.00046174924,0.4340082,0.45375857,0.0,0.45375857,0.11343964
46166,0.2500107,0.00046456666,0.49955687,0.47572455,0.0,0.47572455,0.11893114
46168,0.6355984,0.00046812152,1.2707287,1.3103529,0.0,1.3103529,0.32758823
46171,0.13401636,0.0004970469,0.2675357,0.2840943,0.0,0.2840943,0.071023576
46173,0.08691838,0.0005018752,0.17333488,0.18967398,0.0,0.18967398,0.047418494
46176,0.3626744,0.0005368242,0.724812,0.68794113,0.0,0.68794113,0.17198528
46179,0.09999593,0.00057554134,0.19941632,0.1817411,0.0,0.1817411,0.045435276
46181,0.020228399,0.00059650285,0.039860293,0.035541672,0.0,0.035541672,0.008885418
46184,0.046562236,0.00064290763,0.09248156,0.086514235,0.0,0.086514235,0.021628559
46187,0.027232097,0.00068868167,0.053775515,0.055944216,0.0,0.055944216,0.013986054
46189,0.4966959,0.0007059279,0.99268585,1.0409015,0.0,1.0409015,0.2602254
46192,0.8402987,0.000728054,1.6798693,1.7461036,0.0,1.7461036,0.4365259
46194,0.1028936,0.00075958885,0.20502762,0.22720723,0.0,0.22720723,0.056801807
46197,0.11221838,0.0008061358,0.22363062,0.24833775,0.0,0.24833775,0.062084436
46200,0.370043,0.00088178733,0.7392042,0.6915736,0.0,0.6915736,0.1728934
46202,0.21312296,0.0009356411,0.42531028,0.3939159,0.0,0.3939159,0.09847897
46205,0.4783355,0.0009858505,0.95568514,0.89995795,0.0,0.89995795,0.22498949
46207,0.040845037,0.0010077739,0.0806823,0.07349537,0.0,0.07349537,0.018373843
46210,0.034274627,0.0010589674,0.06749029,0.07736997,0.0,0.07736997,0.019342493
46213,0.53226936,0.0011399098,1.0633988,1.1270853,0.0,1.1270853,0.28177133
46215,0.096039414,0.0012305334,0.19084829,0.21612366,0.0,0.21612366,0.054030914
46218,0.07935417,0.0012935787,0.15741475,0.1786552,0.0,0.1786552,0.0446638
46220,0.5513894,0.0013218286,1.101457,1.1751595,0.0,1.1751595,0.29378986
46223,0.3320361,0.0013755788,0.6626966,0.6103397,0.0,0.6103397,0.15258493
46226,0.34299386,0.0014307204,0.68455696,0.7385893,0.0,0.7385893,0.18464732
46228,0.041869704,0.0014508097,0.0822886,0.07476539,0.0,0.07476539,0.018691348
46231,0.06039642,0.0014699682,0.11932287,0.13027376,0.0,0.13027376,0.03256844
46234,0.21679367,0.0014985371,0.43208882,0.47022542,0.0,0.47022542,0.117556356
46236,0.011206382,0.0014588354,0.020953929,0.023610612,0.0,0.023610612,0.005902653
46239,0.5665143,0.0014697545,1.1315589,1.2049389,0.0,1.2049389,0.30123472
46241,0.26401812,0.001474795,0.52656144,0.5683131,0.0,0.5683131,0.14207828
46244,0.020706391,0.0014540182,0.039958764,0.048531387,0.0,0.048531387,0.012132847
46247,0.88237524,0.0013869923,1.7633635,1.856182,0.0,1.856182,0.4640455
46249,0.25212672,0.00138191,0.5028716,0.46641693,0.0,0.46641693,0.11660423
46252,0.029484661,0.0013662373,0.057603087,0.069130816,0.0,0.069130816,0.017282704
46254,0.34819627,0.0013084699,0.6950841,0.64362365,0.0,0.64362365,0.16090591
46257,0.29343304,0.0012549493,0.5856111,0.5563075,0.0,0.5563075,0.13907687
46260,0.043680746,0.0012273929,0.086134106,0.071369134,0.0,0.071369134,0.017842283
46262,0.17995282,0.0012080887,0.35869753,0.3680992,0.0,0.3680992,0.0920248
46265,0.48827946,0.0011824336,0.97537655,1.0107428,0.0,1.0107428,0.2526857
46267,0.33225897,0.0011599354,0.663358,0.6976549,0.0,0.6976549,0.17441373
46270,0.27195004,0.0011594355,0.54274064,0.51754767,0.0,0.51754767,0.12938692
46273,0.25333402,0.0011372505,0.5055308,0.54200274,0.0,0.54200274,0.13550068
46275,0.1945452,0.0011357233,0.38795468,0.37219855,0.0,0.37219855,0.09304964
46278,0.11351854,0.0010827469,0.22595435,0.20126437,0.0,0.20126437,0.05031609
46281,0.08478642,0.0010570135,0.16851585,0.17741573,0.0,0.17741573,0.044353932
46283,0.5303243,0.0010493702,1.0595992,1.0115056,0.0,1.0115056,0.2528764
46286,0.02211512,0.0010402433,0.04319,0.0504197,0.0,0.0504197,0.012604925
46288,0.4580487,0.0010374847,0.91505986,0.8860674,0.0,0.8860674,0.22151685
46291,0.6608079,0.0009862356,1.3206296,1.269864,0.0,1.269864,0.317466
46294,0.43729165,0.0009388873,0.8736444,0.904545,0.0,0.904545,0.22613625
46296,0.01501293,0.00091281463,0.029113045,0.032213226,0.0,0.032213226,0.0080533065
46299,0.10139983,0.0009250793,0.20187457,0.22335859,0.0,0.22335859,0.055839647
46301,0.27644706,0.0009887324,0.5519054,0.5902011,0.0,0.5902011,0.14755027
46304,0.1115505,0.0010206565,0.22208035,0.19803219,0.0,0.19803219,0.049508046
46307,0.16390584,0.00097417686,0.3268375,0.30841935,0.0,0.30841935,0.07710484
46309,0.06679856,0.00088742253,0.1327097,0.1375855,0.0,0.1375855,0.034396376
46312,0.06487798,0.00094093295,0.12881504,0.11786997,0.0,0.11786997,0.029467493
46314,0.24870904,0.0009818826,0.4964362,0.45503032,0.0,0.45503032,0.11375758
46317,0.8007191,0.00105993,1.6003782,1.6706266,0.0,1.6706266,0.41765666
46320,0.040676575,0.0011795438,0.080173604,0.08741161,0.0,0.08741161,0.021852903
46322,0.17498368,0.0012564359,0.34871092,0.31000856,0.0,0.31000856,0.07750214
46325,0.08201357,0.0013820566,0.16264509,0.19150655,0.0,0.19150655,0.047876637
46328,0.441201,0.0015350524,0.880867,0.8114639,0.0,0.8114639,0.20286597
46330,0.059674963,0.0016454356,0.11770449,0.102428295,0.0,0.102428295,0.025607074
46333,0.033245165,0.001811929,0.0646784,0.07160639,0.0,0.07160639,0.017901598
46335,0.011050633,0.0019335122,0.020167755,0.021826154,0.0,0.021826154,0.0054565384
46338,0.64912224,0.0021598844,1.2960845,1.395739,0.0,1.395739,0.34893474
46341,0.4415108,0.0023571216,0.8806645,0.7966451,0.0,0.7966451,0.19916128
46343,0.037835795,0.0024725003,0.07319909,0.0653569,0.0,0.0653569,0.016339226
46346,0.14881878,0.0026335511,0.295004,0.34694386,0.0,0.34694386,0.086735964
46348,0.19080918,0.0027807392,0.3788376,0.32692227,0.0,0.32692227,0.08173057
46351,0.07247736,0.0029321623,0.14202257,0.17396973,0.0,0.17396973,0.043492433
46354,0.105517775,0.0030071961,0.20802836,0.17178535,0.0,0.17178535,0.04294634
46356,0.82477003,0.0030023053,1.6465378,1.7835783,0.0,1.7835783,0.44589457
46359,0.31919923,0.0030098113,0.6353887,0.72135466,0.0,0.72135466,0.18033867
46361,0.24610983,0.003054263,0.4891654,0.43017337,0.0,0.43017337,0.10754334
46364,0.47360983,0.0030899358,0.94412977,0.85470134,0.0,0.85470134,0.21367534
46367,0.13709445,0.0031381294,0.27105078,0.22397013,0.0,0.22397013,0.055992533
46369,0.4545052,0.0031218845,0.90588856,0.8173511,0.0,0.8173511,0.20433778
46372,0.13783692,0.0031514403,0.27252242,0.32048377,0.0,0.32048377,0.08012094
46375,0.09899875,0.0030838328,0.19491367,0.15840907,0.0,0.15840907,0.03960227
46377,0.15831418,0.0029888942,0.3136395,0.2702506,0.0,0.2702506,0.06756265
46380,0.0790726,0.0029374547,0.15520774,0.1865291,0.0,0.1865291,0.046632275
46382,0.38103208,0.0028828073,0.7591813,0.67789394,0.0,0.67789394,0.16947348
46385,0.08199313,0.0027549781,0.1612313,0.18080626,0.0,0.18080626,0.045201566
46388,0.07839153,0.002692191,0.15409087,0.17935999,0.0,0.17935999,0.044839997
46390,0.055783737,0.0026371572,0.10893032,0.13741459,0.0,0.13741459,0.034353647
46393,0.3993241,0.0025542695,0.79609394,0.7154562,0.0,0.7154562,0.17886405
46395,0.07268059,0.002486305,0.14287488,0.16301246,0.0,0.16301246,0.040753115
46398,0.09155828,0.0024103865,0.18070616,0.1483929,0.0,0.1483929,0.037098225
46401,0.30444115,0.0023656124,0.60651666,0.56349826,0.0,0.56349826,0.14087456
46403,0.7648341,0.0023114423,1.5273567,1.4416122,0.0,1.4416122,0.36040306
46406,0.47204491,0.0021829314,0.94190687,1.0209453,0.0,1.0209453,0.25523633
46408,0.021785975,0.002087999,0.04148395,0.048012894,0.0,0.048012894,0.012003223
46411,0.6978245,0.00189227,1.3937567,1.474912,0.0,1.474912,0.368728
46414,0.11444742,0.0017462837,0.22714858,0.23367815,0.0,0.23367815,0.058419537
46416,0.18452124,0.0016220453,0.36742043,0.38981044,0.0,0.38981044,0.09745261
46419,0.19315027,0.001435502,0.38486502,0.3949829,0.0,0.3949829,0.098745726
46422,0.23348911,0.0012890184,0.4656892,0.48125863,0.0,0.48125863,0.12031466
46424,0.026514268,0.0011999098,0.051828623,0.05631392,0.0,0.05631392,0.01407848
46427,0.05438584,0.0010889616,0.10768273,0.09952506,0.0,0.09952506,0.024881264
46429,0.2865731,0.0010176197,0.5721286,0.592809,0.0,0.592809,0.14820226
46432,0.9250732,0.0009013224,1.8492451,1.7855597,0.0,1.7855597,0.4463899
46435,0.0709602,0.0007671665,0.14115323,0.14758201,0.0,0.14758201,0.036895502
46437,0.030519165,0.0006842641,0.060354065,0.053488243,0.0,0.053488243,0.013372061
46440,0.25875002,0.00058607815,0.51691395,0.5424362,0.0,0.5424362,0.13560905
46442,0.57252294,0.0005249385,1.1445209,1.1858559,0.0,1.1858559,0.29646397
46445,0.075975336,0.0004345555,0.15151612,0.1403146,0.0,0.1403146,0.03507865
46448,0.40747404,0.00038372507,0.8145644,0.8325018,0.0,0.8325018,0.20812546
46450,0.060258657,0.00036736936,0.12014994,0.11329913,0.0,0.11329913,0.028324783
46453,0.484538,0.00031124052,0.9687648,0.9908932,0.0,0.9908932,0.2477233
46455,0.6578601,0.00028144152,1.3154387,1.2848831,0.0,1.2848831,0.3212208
46458,0.09560252,0.00024956733,0.19095547,0.20220347,0.0,0.20220347,0.050550867
46461,0.3541712,0.00024006418,0.7081023,0.68460894,0.0,0.68460894,0.17115223
46463,0.74826574,0.00024328778,1.4962882,1.4625522,0.0,1.4625522,0.36563805
46466,0.05494084,0.00029050928,0.10959116,0.11484019,0.0,0.11484019,0.028710047
46469,0.4002645,0.00038271325,0.8001463,0.82708246,0.0,0.82708246,0.20677061
46471,0.021804504,0.0004132956,0.043195713,0.043583125,0.0,0.043583125,0.010895781
46474,0.63446397,0.00033412382,1.2685938,1.2308736,0.0,1.2308736,0.3077184
46476,0.13046092,0.00034813987,0.26057371,0.24660607,0.0,0.24660607,0.061651517
46479,0.024757802,0.00039367666,0.049121927,0.045912366,0.0,0.045912366,0.011478092
46482,0.17558932,0.0004630863,0.35071555,0.3676981,0.0,0.3676981,0.091924526
46484,0.13512808,0.0004995368,0.26975662,0.2876109,0.0,0.2876109,0.07190272
46487,0.19224866,0.00052746997,0.38396987,0.4028379,0.0,0.4028379,0.100709476
46489,0.27232337,0.0005487472,0.54409796,0.51764256,0.0,0.51764256,0.12941064
46492,0.3896037,0.0005868459,0.77862054,0.81291467,0.0,0.81291467,0.20322867
46495,0.033235446,0.000628684,0.065842204,0.06009297,0.0,0.06009297,0.015023243
46497,0.042784512,0.000641414,0.08492761,0.09041273,0.0,0.09041273,0.022603182
46500,0.1434146,0.00065160566,0.2861776,0.26517245,0.0,0.26517245,0.06629311
46502,0.038167685,0.0006882525,0.075647116,0.08141611,0.0,0.08141611,0.020354027
46505,0.2032411,0.00072179834,0.40576038,0.43392456,0.0,0.43392456,0.10848114
46508,0.21487539,0.0007003893,0.42905036,0.45813203,0.0,0.45813203,0.11453301
46510,0.12854962,0.00073594676,0.2563633,0.23325644,0.0,0.23325644,0.05831411
46513,0.417375,0.0007575718,0.8339925,0.7895813,0.0,0.7895813,0.19739532
46516,0.42422232,0.0007901462,0.8476545,0.80694515,0.0,0.80694515,0.20173629
46518,0.3744086,0.00079783035,0.7480194,0.7940014,0.0,0.7940014,0.19850035
46521,0.32163855,0.0008074934,0.64246964,0.6838611,0.0,0.6838611,0.17096527
46523,0.057726473,0.0008007887,0.11465216,0.104752064,0.0,0.104752064,0.026188016
46526,0.13835077,0.0008093619,0.27589217,0.298355,0.0,0.298355,0.07458875
46529,0.082301565,0.00082777144,0.16377537,0.14889611,0.0,0.14889611,0.03722403
46531,0.36148396,0.0008456696,0.72212225,0.6762654,0.0,0.6762654,0.16906635
46534,0.1385933,0.0008680743,0.27631852,0.2995012,0.0,0.2995012,0.0748753
46536,0.08566031,0.000864792,0.17045583,0.18370211,0.0,0.18370211,0.045925528
46539,0.06299604,0.000850189,0.12514187,0.13687764,0.0,0.13687764,0.03421941
46542,0.47788274,0.00083617336,0.95492935,0.91419524,0.0,0.91419524,0.22854881
46544,0.05848649,0.0008400311,0.11613295,0.10659608,0.0,0.10659608,0.02664902
46547,0.79507285,0.0008364872,1.5893092,1.6576132,0.0,1.6576132,0.4144033
46550,0.036288057,0.00084606715,0.07173005,0.06330952,0.0,0.06330952,0.01582738
46552,0.14883329,0.00084153935,0.29682502,0.31404904,0.0,0.31404904,0.07851226
46555,0.113048136,0.0008253677,0.22527091,0.24330743,0.0,0.24330743,0.060826857
46557,0.23014785,0.0008322901,0.45946345,0.4345461,0.0,0.4345461,0.10863653
46560,0.06381871,0.00080898544,0.12682843,0.13923967,0.0,0.13923967,0.034809917
46563,0.3597616,0.00081818464,0.718705,0.7480726,0.0,0.7480726,0.18701816
46565,0.2815241,0.00080556073,0.5622426,0.53565603,0.0,0.53565603,0.13391401
46568,0.45643887,0.0008198749,0.9120579,0.9456145,0.0,0.9456145,0.23640363
46570,0.07052062,0.00083170115,0.14020954,0.15435256,0.0,0.15435256,0.03858814
46573,0.21868281,0.0008188933,0.4365467,0.40866065,0.0,0.40866065,0.10216516
46576,0.034174938,0.00084921037,0.06750066,0.06128125,0.0,0.06128125,0.015320312
46578,0.07055364,0.00085298344,0.1402543,0.14796041,0.0,0.14796041,0.036990102
46581,0.5344033,0.0008615784,1.0679451,1.1242999,0.0,1.1242999,0.28107497
46583,0.017379956,0.0008635693,0.033896342,0.028663358,0.0,0.028663358,0.0071658394
46586,0.06489432,0.0008899745,0.12889867,0.13842767,0.0,0.13842767,0.03460692
46589,0.014006749,0.000981381,0.027032116,0.028985927,0.0,0.028985927,0.0072464817
46591,0.36355484,0.0010153889,0.72609425,0.6788675,0.0,0.6788675,0.16971688
46594,0.034984425,0.0011182831,0.06885057,0.074674316,0.0,0.074674316,0.018668579
46597,0.02886373,0.0012103242,0.05651714,0.051429566,0.0,0.051429566,0.0128573915
46599,0.26558647,0.0012980086,0.5298749,0.4812244,0.0,0.4812244,0.1203061
46602,0.42901108,0.0014136148,0.85660857,0.91601163,0.0,0.91601163,0.22900291
46604,0.18212718,0.001449029,0.36280534,0.4051416,0.0,0.4051416,0.1012854
46607,0.075680695,0.0016869284,0.14967446,0.1351853,0.0,0.1351853,0.033796325
46610,0.33273044,0.0018612212,0.66359967,0.7265751,0.0,0.7265751,0.18164377
46612,0.032430883,0.0019742546,0.06288751,0.06590564,0.0,0.06590564,0.01647641
46615,0.11603586,0.0021737441,0.22989798,0.25287017,0.0,0.25287017,0.06321754
46617,0.1085895,0.0022950713,0.21488392,0.2360058,0.0,0.2360058,0.05900145
46620,0.044860333,0.0024710384,0.08724963,0.07097118,0.0,0.07097118,0.017742796
46623,0.22155912,0.0026339395,0.44048432,0.5088782,0.0,0.5088782,0.12721954
46625,0.039031852,0.0027502154,0.075313486,0.06317612,0.0,0.06317612,0.01579403
46628,0.023526022,0.002922463,0.044129584,0.044079393,0.0,0.044079393,0.011019848
46630,0.26331365,0.003062743,0.5235646,0.6015814,0.0,0.6015814,0.15039535
46633,0.30217078,0.0032514327,0.60109013,0.5200896,0.0,0.5200896,0.1300224
46636,0.39497364,0.0034488004,0.7864985,0.8873653,0.0,0.8873653,0.22184132
46638,0.0399811,0.0035975287,0.07636467,0.08446065,0.0,0.08446065,0.021115163
46641,0.038890164,0.0038255018,0.07395483,0.06546753,0.0,0.06546753,0.016366882
46644,0.2066719,0.004043045,0.4093007,0.34696034,0.0,0.34696034,0.086740084
46646,0.0709932,0.0041854875,0.13780092,0.16142422,0.0,0.16142422,0.040356055
46649,0.095313855,0.0043811253,0.18624659,0.23481111,0.0,0.23481111,0.058702778
46651,0.05412634,0.004504816,0.10374787,0.11394999,0.0,0.11394999,0.028487498
46654,0.13623206,0.004677244,0.2677869,0.21581125,0.0,0.21581125,0.053952813
46657,0.015911212,0.004795871,0.02702655,0.036055125,0.0,0.036055125,0.009013781
46659,0.40854216,0.0048701135,0.8122142,0.9382294,0.0,0.9382294,0.23455735
46662,0.12148979,0.004964256,0.23801534,0.19032602,0.0,0.19032602,0.047581505
46664,0.18303968,0.0050227684,0.3610566,0.42607263,0.0,0.42607263,0.10651816
46667,0.102156065,0.0050601237,0.19925201,0.16035636,0.0,0.16035636,0.04008909
46670,0.21757889,0.0050209397,0.43013683,0.52172804,0.0,0.52172804,0.13043201
46672,0.06656831,0.0048149363,0.12832169,0.15801796,0.0,0.15801796,0.03950449
46675,0.07021477,0.004855197,0.13557436,0.16201393,0.0,0.16201393,0.040503483
46677,0.117260836,0.004759327,0.22976233,0.18323089,0.0,0.18323089,0.045807723
46680,0.05511969,0.0045705996,0.105668776,0.12297949,0.0,0.12297949,0.030744873
46683,0.07323446,0.0043229605,0.14214596,0.16460375,0.0,0.16460375,0.04115094
46685,0.18500604,0.004094632,0.36591744,0.41392007,0.0,0.41392007,0.10348002
46688,0.13181801,0.0038968825,0.25973913,0.23166747,0.0,0.23166747,0.05791687
46691,0.4546887,0.003673549,0.90570384,1.0051895,0.0,1.0051895,0.25129738
46693,0.062589906,0.0035628614,0.12161696,0.15635808,0.0,0.15635808,0.03908952
46696,0.1651203,0.0034017004,0.3268389,0.2971379,0.0,0.2971379,0.07428447
46698,0.040029682,0.0033864921,0.076672874,0.057058785,0.0,0.057058785,0.014264696
46701,0.51560515,0.0031214356,1.0280889,1.0794162,0.0,1.0794162,0.26985404
46704,0.088212855,0.0029394373,0.17348628,0.18433888,0.0,0.18433888,0.04608472
46706,0.061256904,0.0028419064,0.1196719,0.13778883,0.0,0.13778883,0.034447208
46709,0.35715926,0.0026857678,0.7116327,0.77365875,0.0,0.77365875,0.19341469
46711,0.1511908,0.002569974,0.29981163,0.27593073,0.0,0.27593073,0.06898268
46714,0.47452286,0.002390344,0.94665545,0.87001306,0.0,0.87001306,0.21750326
46717,0.33560374,0.0021957806,0.6690118,0.6931552,0.0,0.6931552,0.1732888
46719,0.07389031,0.0020719895,0.14570864,0.15420829,0.0,0.15420829,0.038552072
46722,0.047319155,0.001878141,0.09276017,0.07604646,0.0,0.07604646,0.019011615
46724,0.052246716,0.0017261385,0.10276729,0.08235798,0.0,0.08235798,0.020589495
46727,0.39146814,0.0014844164,0.7814519,0.7378157,0.0,0.7378157,0.18445392
46730,0.13979922,0.0012596945,0.27833876,0.25895187,0.0,0.25895187,0.06473797
46732,0.054408386,0.0011193646,0.107697405,0.091036946,0.0,0.091036946,0.022759236
46735,0.067991674,0.0009360381,0.1350473,0.124860704,0.0,0.124860704,0.031215176
46738,0.113807775,0.00080884155,0.22680672,0.20784728,0.0,0.20784728,0.05196182
46740,0.08001522,0.0007612572,0.15926917,0.17163779,0.0,0.17163779,0.042909447
46743,0.077155635,0.0007161596,0.1535951,0.17085595,0.0,0.17085595,0.04271399
46745,0.75569963,0.0006860276,1.5107132,1.4552809,0.0,1.4552809,0.36382023
46748,0.17149721,0.00066872826,0.3423257,0.36965713,0.0,0.36965713,0.09241428
46751,0.3919212,0.0006677211,0.7831747,0.74541897,0.0,0.74541897,0.18635474
46753,0.1448193,0.00069576595,0.28894284,0.31152624,0.0,0.31152624,0.07788156
46756,0.038503703,0.00078868965,0.07621872,0.07327652,0.0,0.07327652,0.01831913
46758,0.15045312,0.0008990991,0.30000713,0.28629932,0.0,0.28629932,0.07157483
46761,0.081871636,0.0011326675,0.1626106,0.15793653,0.0,0.15793653,0.039484132
46764,0.101540565,0.001000321,0.2020808,0.22284608,0.0,0.22284608,0.05571152
46766,0.49299073,0.0009221315,0.9850593,1.0429529,0.0,1.0429529,0.26073822
46769,0.08345235,0.0009950429,0.16590966,0.14869931,0.0,0.14869931,0.03717483
46771,0.057349447,0.0010548541,0.11364404,0.12838773,0.0,0.12838773,0.032096934
46774,0.16415168,0.0011462712,0.32715708,0.36080715,0.0,0.36080715,0.09020179
46777,0.046626966,0.001230572,0.092023365,0.08321145,0.0,0.08321145,0.020802863
46779,0.06481819,0.0012964719,0.1283399,0.14376394,0.0,0.14376394,0.035940986
46782,0.08481464,0.0013510039,0.16827828,0.19494076,0.0,0.19494076,0.04873519
46785,0.056934044,0.001410591,0.11245749,0.098543584,0.0,0.098543584,0.024635896
46787,0.22597271,0.0014448228,0.4505006,0.4098843,0.0,0.4098843,0.102471076
46790,0.62545276,0.001468876,1.2494366,1.3287328,0.0,1.3287328,0.3321832
46792,0.7589422,0.0014784572,1.5164059,1.4290482,0.0,1.4290482,0.35726205
46795,0.2576839,0.0015249066,0.5138429,0.47013247,0.0,0.47013247,0.11753312
46798,0.051385436,0.0015433906,0.101227485,0.08557314,0.0,0.08557314,0.021393284
46800,0.2334429,0.0015568085,0.46532902,0.5180507,0.0,0.5180507,0.12951267
46803,0.23159207,0.0015529998,0.46163115,0.5121719,0.0,0.5121719,0.12804298
46805,0.02219261,0.001524834,0.042860385,0.04792063,0.0,0.04792063,0.011980157
46808,0.32107282,0.001508939,0.6406367,0.589936,0.0,0.589936,0.147484
46811,0.025540374,0.0014615007,0.049619246,0.039502878,0.0,0.039502878,0.009875719
46813,0.07983004,0.0013783835,0.1582817,0.18035693,0.0,0.18035693,0.045089234
46816,0.057613935,0.0013418682,0.113886,0.0958753,0.0,0.0958753,0.023968825
46818,0.22064763,0.0013240654,0.4399712,0.4040121,0.0,0.4040121,0.10100303
46821,0.04584548,0.0013047876,0.090386175,0.07671179,0.0,0.07671179,0.019177947
46824,0.23765099,0.0013154276,0.47398654,0.44346836,0.0,0.44346836,0.11086709
46826,0.023185715,0.0013176096,0.04505382,0.052552614,0.0,0.052552614,0.013138154
46829,0.045638815,0.0012895876,0.089988045,0.07816258,0.0,0.07816258,0.019540645
46832,0.09354255,0.0012560724,0.18582904,0.17192526,0.0,0.17192526,0.042981315
46834,0.091087975,0.0012443097,0.18093164,0.16436805,0.0,0.16436805,0.041092012
46837,0.09028947,0.0011859002,0.17939305,0.15551068,0.0,0.15551068,0.03887767
46839,0.4448525,0.0011765329,0.8885285,0.94788116,0.0,0.94788116,0.23697029
46842,0.015899574,0.001201435,0.030597711,0.03508762,0.0,0.03508762,0.008771905
46845,0.2130513,0.0011722002,0.42493042,0.40485826,0.0,0.40485826,0.101214565
46847,0.04787005,0.0011773696,0.09456273,0.103102766,0.0,0.103102766,0.025775691
46850,0.11608339,0.0010945215,0.23107226,0.21048105,0.0,0.21048105,0.052620262
46852,0.018693367,0.0011050071,0.036281724,0.042428408,0.0,0.042428408,0.010607102
46855,0.19986469,0.0011384039,0.39859095,0.37375912,0.0,0.37375912,0.09343978
46858,0.2010654,0.0011317005,0.4009991,0.42703483,0.0,0.42703483,0.106758706
46860,0.10785821,0.0011116902,0.21460474,0.1906774,0.0,0.1906774,0.04766935
46863,0.35602388,0.0011289486,0.71091884,0.6665604,0.0,0.6665604,0.1666401
46865,0.30615076,0.0011687384,0.6111328,0.56334907,0.0,0.56334907,0.14083727
46868,0.11166885,0.0012355634,0.22210212,0.25092438,0.0,0.25092438,0.062731095
46871,0.52503467,0.0013201674,1.0487491,1.1179258,0.0,1.1179258,0.27948144
46873,0.14586197,0.0013731569,0.2903508,0.32447243,0.0,0.32447243,0.08111811
46876,0.94022185,0.0014817979,1.8789619,1.9763798,0.0,1.9763798,0.49409494
46879,0.0567953,0.0015310948,0.112059504,0.12374147,0.0,0.12374147,0.030935368
46881,0.2644013,0.0016036002,0.527199,0.47839972,0.0,0.47839972,0.11959993
46884,0.08197229,0.001699253,0.16224535,0.19487013,0.0,0.19487013,0.048717532
46886,0.8980971,0.0017634531,1.7944307,1.6932144,0.0,1.6932144,0.4233036
46889,0.28244177,0.0018443993,0.5630391,0.50554466,0.0,0.50554466,0.12638617
46892,0.105288714,0.0019536102,0.20862383,0.24922204,0.0,0.24922204,0.06230551
46894,0.10287964,0.0020419366,0.20371735,0.2433808,0.0,0.2433808,0.0608452
46897,0.06464364,0.0021850802,0.1271022,0.14195354,0.0,0.14195354,0.035488386
46899,0.31843963,0.0023018871,0.63457733,0.70988035,0.0,0.70988035,0.17747009
46902,0.57219285,0.0024831274,1.1419026,1.2427797,0.0,1.2427797,0.31069493
46905,0.0732672,0.0026463121,0.1438881,0.12126515,0.0,0.12126515,0.030316288
46907,0.20565243,0.00276875,0.4085361,0.47169837,0.0,0.47169837,0.11792459
46910,0.2926263,0.0029637476,0.58228886,0.505743,0.0,0.505743,0.12643576
46912,0.43520606,0.003124113,0.86728805,0.76939696,0.0,0.76939696,0.19234924
46915,0.109408766,0.0033610945,0.21545644,0.18408601,0.0,0.18408601,0.046021502
46918,0.38745984,0.0035700612,0.7713496,0.8598249,0.0,0.8598249,0.21495622
46920,0.3605533,0.0036961974,0.7174104,0.62753093,0.0,0.62753093,0.15688273
46923,0.40954706,0.003959323,0.81513476,0.7123434,0.0,0.7123434,0.17808585
46926,0.09231173,0.0041784956,0.18044496,0.14490995,0.0,0.14490995,0.036227487
46928,0.056233037,0.0043139537,0.10815212,0.07763372,0.0,0.07763372,0.01940843
46931,0.19537662,0.004482894,0.3862703,0.45800617,0.0,0.45800617,0.11450154
46933,0.059544694,0.0045943228,0.11449506,0.09177592,0.0,0.09177592,0.02294398
46936,0.030760663,0.0046126605,0.056908667,0.06544668,0.0,0.06544668,0.01636167
46939,0.31530803,0.0045527206,0.62606335,0.7113085,0.0,0.7113085,0.17782712
46941,0.09617325,0.004520617,0.18782587,0.2263005,0.0,0.2263005,0.056575123
46944,0.03490318,0.004436756,0.065369606,0.07923306,0.0,0.07923306,0.019808264
46946,0.72483325,0.004334261,1.4453322,1.2999126,0.0,1.2999126,0.32497814
46949,0.34402335,0.004123057,0.68392366,0.59363174,0.0,0.59363174,0.14840794
46952,0.05477954,0.003987705,0.10557138,0.07854257,0.0,0.07854257,0.019635642
46954,0.088602126,0.0039341627,0.17327009,0.13936538,0.0,0.13936538,0.034841344
46957,0.124747954,0.0037459277,0.24574997,0.2925585,0.0,0.2925585,0.07313962
46959,0.20119609,0.0036291592,0.39876303,0.3540155,0.0,0.3540155,0.088503875
46962,0.48390207,0.0034879807,0.9643161,0.8751827,0.0,0.8751827,0.21879567
46965,0.053062085,0.0033613925,0.10276278,0.12878896,0.0,0.12878896,0.03219724
46967,0.096002005,0.003262353,0.18874164,0.20752712,0.0,0.20752712,0.05188178
46970,0.0731302,0.0031419352,0.14311846,0.1126163,0.0,0.1126163,0.028154075
46973,0.08242018,0.00303409,0.16180627,0.17976344,0.0,0.17976344,0.04494086
46975,0.16808172,0.0029568467,0.33320662,0.3615251,0.0,0.3615251,0.09038127
46978,0.10675886,0.0028273985,0.21069032,0.19101481,0.0,0.19101481,0.047753703
46980,0.031306703,0.0027363691,0.059877034,0.08189561,0.0,0.08189561,0.020473903
46983,0.20442416,0.0025906742,0.40625766,0.3711097,0.0,0.3711097,0.09277742
46986,0.033593394,0.0023951896,0.0647916,0.047516357,0.0,0.047516357,0.011879089
46988,0.08608564,0.002272254,0.16989903,0.204257,0.0,0.204257,0.05106425
46991,0.034409788,0.0020328239,0.06678675,0.085184015,0.0,0.085184015,0.021296004
46993,0.73469466,0.0018784966,1.4675108,1.3958133,0.0,1.3958133,0.34895334
46996,0.4029038,0.001636352,0.80417126,0.8556605,0.0,0.8556605,0.21391512
46999,0.59515584,0.0014283381,1.1888833,1.2424906,0.0,1.2424906,0.31062266
47001,0.8389449,0.0013333131,1.6765566,1.602738,0.0,1.602738,0.4006845
47004,0.11304041,0.0011653518,0.22491546,0.20767081,0.0,0.20767081,0.051917702
47006,0.306308,0.0010618377,0.61155415,0.64510375,0.0,0.64510375,0.16127594
47009,0.4639275,0.0009870492,0.92686796,0.8802449,0.0,0.8802449,0.22006123
47012,0.12825613,0.0009822673,0.25552997,0.23231782,0.0,0.23231782,0.058079455
47014,0.040844113,0.0010062725,0.08068196,0.07351469,0.0,0.07351469,0.018378673
47017,0.60456693,0.0010597004,1.2080742,1.151147,0.0,1.151147,0.28778675
47020,0.52422017,0.0012086835,1.0472316,0.99357957,0.0,0.99357957,0.24839489
47022,0.10738773,0.0013472,0.21342826,0.24474752,0.0,0.24474752,0.06118688
47025,0.66327256,0.0015446749,1.3250004,1.2557968,0.0,1.2557968,0.3139492
47027,0.5156476,0.001758973,1.0295362,1.0960099,0.0,1.0960099,0.27400246
47030,0.24995355,0.0017743235,0.4981328,0.54798406,0.0,0.54798406,0.13699602
47033,0.06408993,0.001895961,0.1262839,0.112380296,0.0,0.112380296,0.028095074
47035,0.03700314,0.0020276045,0.07197867,0.08067743,0.0,0.08067743,0.020169357
47038,0.18952549,0.0021834478,0.37686753,0.43511596,0.0,0.43511596,0.10877899
47040,0.07368586,0.0023072765,0.14506446,0.112257876,0.0,0.112257876,0.028064469
47043,0.2762954,0.0025241326,0.55006665,0.48321474,0.0,0.48321474,0.120803684
47046,0.062747024,0.002777879,0.122716166,0.16074423,0.0,0.16074423,0.04018606
47048,0.09143924,0.0029145305,0.17996395,0.1394353,0.0,0.1394353,0.034858827
47051,0.392862,0.0030733105,0.7826507,0.692385,0.0,0.692385,0.17309625
47054,0.04322723,0.0032614209,0.08319304,0.068127505,0.0,0.068127505,0.017031876
47056,0.02625907,0.0033864586,0.04913168,0.038656667,0.0,0.038656667,0.009664167
47059,0.58792526,0.003611872,1.1722387,1.3000742,0.0,1.3000742,0.32501855
47061,0.10705652,0.0038319726,0.21028106,0.23969759,0.0,0.23969759,0.059924398
47064,0.10671399,0.0041808174,0.20924717,0.15929246,0.0,0.15929246,0.039823115
47067,0.57997566,0.004504083,1.1554474,1.0207471,0.0,1.0207471,0.25518677
47069,0.019524422,0.004684307,0.034364536,0.044059943,0.0,0.044059943,0.011014986
47072,0.13716167,0.0049940753,0.26932928,0.34092453,0.0,0.34092453,0.08523113
47074,0.07961582,0.005278515,0.15395312,0.11755612,0.0,0.11755612,0.02938903
47077,0.10231342,0.0058035366,0.19882329,0.2664547,0.0,0.2664547,0.066613674
47080,0.07372486,0.0063410434,0.14110868,0.19088018,0.0,0.19088018,0.047720045
47082,0.6703508,0.006633648,1.334068,1.1634902,0.0,1.1634902,0.29087254
47085,0.03807993,0.007077161,0.0690827,0.089025296,0.0,0.089025296,0.022256324
47087,0.21858965,0.0072633545,0.42991593,0.34679022,0.0,0.34679022,0.086697556
47090,0.032268666,0.0075129033,0.05702443,0.07590958,0.0,0.07590958,0.018977394
47093,0.018095953,0.007635226,0.02855668,0.031643957,0.0,0.031643957,0.007910989
47095,0.046118576,0.0076942034,0.08454295,0.10074935,0.0,0.10074935,0.025187338
47098,0.09800928,0.0077141034,0.18830444,0.25868332,0.0,0.25868332,0.06467083
47101,0.015286103,0.007659638,0.022912567,0.023952879,0.0,0.023952879,0.0059882198
47103,0.023181625,0.007473593,0.038889658,0.047070622,0.0,0.047070622,0.011767656
47106,0.054077405,0.0072482624,0.10090655,0.07657692,0.0,0.07657692,0.01914423
47108,0.17875783,0.0071307984,0.35038486,0.28307116,0.0,0.28307116,0.07076779
47111,0.3491081,0.0069737188,0.69124246,0.8289253,0.0,0.8289253,0.20723133
47114,0.15736142,0.0068669165,0.30785593,0.2391383,0.0,0.2391383,0.059784576
47116,0.03572077,0.0067721903,0.06466935,0.07744813,0.0,0.07744813,0.019362032
47119,0.02089019,0.006622641,0.035157736,0.056116447,0.0,0.056116447,0.014029112
47121,0.0546478,0.006598432,0.102697164,0.13276906,0.0,0.13276906,0.033192266
47124,0.04341783,0.0063885003,0.08044717,0.10697689,0.0,0.10697689,0.026744222
47127,0.11701573,0.006288912,0.22774255,0.17606236,0.0,0.17606236,0.04401559
47129,0.11215457,0.006168209,0.21814094,0.25670204,0.0,0.25670204,0.06417551
47132,0.81446666,0.0060300115,1.6229032,1.4516109,0.0,1.4516109,0.36290273
47134,0.74187636,0.0059488714,1.4778038,1.3128693,0.0,1.3128693,0.32821733
47137,0.18509482,0.005792337,0.3643973,0.31274608,0.0,0.31274608,0.07818652
47140,0.10242754,0.0056388434,0.19921625,0.22624707,0.0,0.22624707,0.056561768
47142,0.044958,0.0055224434,0.08439356,0.05199306,0.0,0.05199306,0.012998265
47145,0.023960426,0.0053757257,0.04254513,0.023123458,0.0,0.023123458,0.0057808645
47148,0.024002938,0.0052125994,0.042793274,0.06326132,0.0,0.06326132,0.01581533
47150,0.022986926,0.005113144,0.04086071,0.06439746,0.0,0.06439746,0.016099365
47153,0.111314334,0.004807514,0.21782117,0.25623503,0.0,0.25623503,0.06405876
47155,0.18927075,0.004471369,0.37407014,0.3182258,0.0,0.3182258,0.07955645
47158,0.40358123,0.0039749,0.80318755,0.88538885,0.0,0.88538885,0.22134721
47161,0.1641659,0.0036389623,0.32469285,0.373184,0.0,0.373184,0.093296
47163,0.2731992,0.0035076893,0.5428907,0.6059203,0.0,0.6059203,0.15148008
47166,0.2180726,0.0032006472,0.43294454,0.3770958,0.0,0.3770958,0.09427395
47168,0.2271815,0.0028587691,0.45150423,0.39828897,0.0,0.39828897,0.09957224
47171,0.026874484,0.0024278841,0.051321086,0.05730019,0.0,0.05730019,0.014325048
47174,0.35406706,0.0023758265,0.7057583,0.6312105,0.0,0.6312105,0.15780263
47176,0.38951743,0.0024125278,0.7766223,0.8526167,0.0,0.8526167,0.21315418
47179,0.019276055,0.0024196394,0.03613247,0.027250653,0.0,0.027250653,0.0068126633
47181,0.010300546,0.002328642,0.01827245,0.018652132,0.0,0.018652132,0.004663033
47184,0.04093689,0.002194576,0.07967921,0.0804797,0.0,0.0804797,0.020119924
47187,0.70548797,0.0021772098,1.4087987,1.3095449,0.0,1.3095449,0.32738623
47189,0.75931114,0.0022117493,1.5164105,1.4087915,0.0,1.4087915,0.3521979
47192,0.64452463,0.002243288,1.286806,1.1864308,0.0,1.1864308,0.2966077
47195,0.58090466,0.002316638,1.1594926,1.2564436,0.0,1.2564436,0.3141109
47197,0.26506335,0.0023165864,0.5278101,0.5948593,0.0,0.5948593,0.14871483
47200,0.52344483,0.0023017752,1.0445879,0.95699763,0.0,0.95699763,0.23924941
47202,0.80161875,0.0023104984,1.600927,1.487442,0.0,1.487442,0.3718605
47205,0.2587073,0.0023531073,0.51506156,0.45045614,0.0,0.45045614,0.112614036
47208,0.019268166,0.0023876529,0.03614868,0.03826839,0.0,0.03826839,0.009567098
47210,0.09894526,0.0024143886,0.19547613,0.16524202,0.0,0.16524202,0.041310504
47213,0.06432582,0.0024000406,0.1262516,0.15588431,0.0,0.15588431,0.038971078
47215,0.90594363,0.0024310823,1.8094562,1.9399332,0.0,1.9399332,0.4849833
47218,0.13764112,0.002540729,0.27274153,0.23575465,0.0,0.23575465,0.058938663
47221,0.069490306,0.0026527636,0.13632785,0.11471727,0.0,0.11471727,0.028679317
47223,0.086481154,0.0027382474,0.17022406,0.20656921,0.0,0.20656921,0.051642302
47226,0.08031454,0.0028821686,0.15774691,0.12787919,0.0,0.12787919,0.031969797
47228,0.22068681,0.003104319,0.4382693,0.38679647,0.0,0.38679647,0.09669912
47231,0.13542797,0.0032022577,0.26765367,0.2207437,0.0,0.2207437,0.055185925
47234,0.03482558,0.003248997,0.06640216,0.074638285,0.0,0.074638285,0.018659571
47236,0.12137569,0.0032539137,0.23949747,0.2074758,0.0,0.2074758,0.05186895
47239,0.107589275,0.0033014603,0.2118771,0.25671718,0.0,0.25671718,0.064179294
47242,0.08057998,0.0032149218,0.15794504,0.17315036,0.0,0.17315036,0.04328759
47244,0.723295,0.0031622536,1.4434277,1.5721602,0.0,1.5721602,0.39304006
47247,0.04821618,0.0031351575,0.093297206,0.07237246,0.0,0.07237246,0.018093115
47249,0.13619462,0.003122828,0.2692664,0.22550277,0.0,0.22550277,0.056375694
47252,0.61163396,0.003083248,1.2201847,1.3308265,0.0,1.3308265,0.33270663
47255,0.113741815,0.0030473296,0.2244363,0.18296409,0.0,0.18296409,0.04574102
47257,0.053263415,0.003012176,0.10351465,0.1297721,0.0,0.1297721,0.032443024
47260,0.20994902,0.002978862,0.41691914,0.37207142,0.0,0.37207142,0.093017854
47262,0.20511277,0.0029528926,0.40727267,0.45635232,0.0,0.45635232,0.11408808
47265,0.52577513,0.002918272,1.048632,0.95728713,0.0,0.95728713,0.23932178
47268,0.08460927,0.0029126334,0.1663059,0.1343461,0.0,0.1343461,0.033586524
47270,0.20865077,0.002915756,0.4143858,0.46422568,0.0,0.46422568,0.11605642
47273,0.9753743,0.0028911137,1.9478575,1.8118252,0.0,1.8118252,0.4529563
47275,0.15568979,0.0029027632,0.3084768,0.34971198,0.0,0.34971198,0.087427996
47278,0.028183332,0.0029483077,0.053418353,0.06498273,0.0,0.06498273,0.016245682
47281,0.69751173,0.002989864,1.3920336,1.510754,0.0,1.510754,0.3776885
47283,0.54786426,0.0030164148,1.0927122,1.1788548,0.0,1.1788548,0.2947137
47286,0.33240512,0.003045503,0.66176474,0.59043306,0.0,0.59043306,0.14760827
47289,0.021613346,0.0030757568,0.040150937,0.059164006,0.0,0.059164006,0.014791002
47291,0.1781748,0.0031158447,0.35323372,0.40199837,0.0,0.40199837,0.10049959
47294,0.63218707,0.0031105252,1.2612636,1.169853,0.0,1.169853,0.29246324
47296,0.045297,0.0031306657,0.08746334,0.11524693,0.0,0.11524693,0.028811732
47299,0.19848023,0.003109904,0.39385056,0.34869322,0.0,0.34869322,0.087173305
47302,0.12578377,0.003082974,0.24848457,0.28958842,0.0,0.28958842,0.072397105
47304,0.07513061,0.003069115,0.1471921,0.17918605,0.0,0.17918605,0.04479651
47307,0.40143302,0.0029844462,0.79988164,0.73092383,0.0,0.73092383,0.18273096
47309,0.46083128,0.0028813991,0.9187812,1.0008388,0.0,1.0008388,0.2502097
47312,0.02747043,0.002430932,0.05250993,0.06212188,0.0,0.06212188,0.01553047
47315,0.18850315,0.0023105862,0.3746957,0.4238665,0.0,0.4238665,0.10596663
47317,0.09562818,0.0022937043,0.18896265,0.22463995,0.0,0.22463995,0.056159988
47320,0.30714068,0.0023275272,0.6119538,0.5460393,0.0,0.5460393,0.13650982
47322,0.78347594,0.0023455343,1.5646063,1.6792129,0.0,1.6792129,0.41980323
47325,0.016710192,0.0024927964,0.03092759,0.023166656,0.0,0.023166656,0.005791664
47328,0.079235025,0.0026483887,0.15582167,0.1339391,0.0,0.1339391,0.033484776
47330,0.011092271,0.002745378,0.019439163,0.020866541,0.0,0.020866541,0.0052166353
47333,0.25918853,0.0028697876,0.5155073,0.4469007,0.0,0.4469007,0.111725174
47336,0.07514442,0.0029982112,0.14729063,0.17108442,0.0,0.17108442,0.042771105
47338,0.10953123,0.0031442624,0.2159182,0.2614037,0.0,0.2614037,0.06535093
47341,0.09375552,0.003390473,0.18412058,0.14164205,0.0,0.14164205,0.035410512
47343,0.55516785,0.003561738,1.106774,1.2309903,0.0,1.2309903,0.30774757
47346,0.039360452,0.0038174924,0.07490341,0.102349676,0.0,0.102349676,0.025587419
47349,0.02524486,0.004051718,0.046437997,0.056195915,0.0,0.056195915,0.014048979
47351,0.07851082,0.0042061447,0.1528155,0.20121133,0.0,0.20121133,0.050302833
47354,0.01900802,0.0044212677,0.033594776,0.037426572,0.0,0.037426572,0.009356643
47356,0.117348075,0.0045718164,0.23012434,0.17449416,0.0,0.17449416,0.04362354
47359,0.05671242,0.0047887196,0.10863612,0.08992059,0.0,0.08992059,0.022480147
47362,0.23321669,0.005099854,0.4613335,0.5598909,0.0,0.5598909,0.13997273
47364,0.062678784,0.005368046,0.11998952,0.091744505,0.0,0.091744505,0.022936126
47367,0.029626504,0.0058485777,0.05340443,0.039174635,0.0,0.039174635,0.009793659
47369,0.40828168,0.0061874366,0.8103759,0.6790228,0.0,0.6790228,0.1697557
47372,0.07880474,0.0064563937,0.15115307,0.123874865,0.0,0.123874865,0.030968716
47375,0.25231397,0.0065543377,0.4980736,0.40627003,0.0,0.40627003,0.10156751
47377,0.0931597,0.006673654,0.17964573,0.13852416,0.0,0.13852416,0.03463104
47380,0.047242437,0.006896784,0.087588094,0.062191527,0.0,0.062191527,0.015547882
47383,0.071955495,0.0070393146,0.13687168,0.10420344,0.0,0.10420344,0.02605086
47385,0.22659437,0.0071001765,0.44608855,0.3498421,0.0,0.3498421,0.087460525
47388,0.04636104,0.007178689,0.085543394,0.12758568,0.0,0.12758568,0.03189642
47390,0.44485053,0.0072392058,0.88246185,1.0387893,0.0,1.0387893,0.25969732
47393,0.293298,0.007330656,0.57926536,0.47615552,0.0,0.47615552,0.11903888
47396,0.15970363,0.0073435144,0.31206372,0.40115166,0.0,0.40115166,0.100287914
47398,0.096103065,0.0073371194,0.184869,0.24532641,0.0,0.24532641,0.061331604
47401,0.34276748,0.007349313,0.67818564,0.5608191,0.0,0.5608191,0.14020477
47403,0.09606543,0.0073371925,0.18479367,0.22164057,0.0,0.22164057,0.055410143
47406,0.025528507,0.007304784,0.043752234,0.06331784,0.0,0.06331784,0.01582946
47409,0.37629935,0.007246228,0.74535245,0.6252963,0.0,0.6252963,0.15632407
47411,0.06575653,0.0071971207,0.12431594,0.15926597,0.0,0.15926597,0.03981649
47414,0.26052937,0.0071423873,0.5139163,0.41637683,0.0,0.41637683,0.10409421
47416,0.05244269,0.007151919,0.09773346,0.12880231,0.0,0.12880231,0.03220058
47419,0.3034205,0.007142941,0.5996981,0.6947314,0.0,0.6947314,0.17368285
47422,0.26482302,0.007145503,0.5225006,0.6197594,0.0,0.6197594,0.15493985
47424,0.44130683,0.007144645,0.875469,0.7583086,0.0,0.7583086,0.18957715
47427,0.19749336,0.0070959083,0.38789082,0.45526084,0.0,0.45526084,0.11381521
47430,0.5810786,0.0070343353,1.1551229,0.98940986,0.0,0.98940986,0.24735247
47432,0.50119966,0.00695145,0.9954479,1.1083437,0.0,1.1083437,0.27708593
47435,0.8278498,0.0067186677,1.648981,1.8558785,0.0,1.8558785,0.46396962
47437,0.6606289,0.006612034,1.3146458,1.140689,0.0,1.140689,0.28517225
47440,0.38110682,0.006453838,0.7557598,0.8543272,0.0,0.8543272,0.2135818
47443,0.04663293,0.00630572,0.08696014,0.06455801,0.0,0.06455801,0.016139502
47445,0.2365066,0.0062261038,0.4667871,0.56844234,0.0,0.56844234,0.14211059
47448,0.06993844,0.00614222,0.13373466,0.096945055,0.0,0.096945055,0.024236264
47450,0.120413266,0.0060392693,0.23478727,0.18004346,0.0,0.18004346,0.045010865
47453,0.08166625,0.005816952,0.15751556,0.21079165,0.0,0.21079165,0.05269791
47456,0.5707536,0.005479136,1.136028,0.99196464,0.0,0.99196464,0.24799116
47458,0.3327326,0.005296269,0.66016895,0.550671,0.0,0.550671,0.13766775
47461,0.019652298,0.005278805,0.034025792,0.039381396,0.0,0.039381396,0.009845349
47463,0.14134605,0.0053161173,0.27737597,0.21395572,0.0,0.21395572,0.05348893
47466,0.062990285,0.0054432694,0.12053731,0.16493027,0.0,0.16493027,0.041232567
47469,0.053176075,0.0055466094,0.10080554,0.14023726,0.0,0.14023726,0.035059314
47471,0.07985849,0.005677831,0.15403914,0.1890995,0.0,0.1890995,0.047274876
47474,0.837919,0.0059300424,1.6699079,1.8607521,0.0,1.8607521,0.46518803
47477,0.15461986,0.0061615915,0.30307811,0.247648,0.0,0.247648,0.061912
47479,0.12023028,0.0063048094,0.23415576,0.29530123,0.0,0.29530123,0.07382531
47482,0.19463629,0.006668459,0.38260412,0.29229173,0.0,0.29229173,0.07307293
47484,0.26380092,0.0069389218,0.5206629,0.6372952,0.0,0.6372952,0.1593238
47487,0.2213491,0.0073721744,0.435326,0.3408059,0.0,0.3408059,0.08520147
47490,0.76729584,0.007795334,1.5267963,1.3224968,0.0,1.3224968,0.3306242
47492,0.900606,0.008079543,1.7931324,1.5669817,0.0,1.5669817,0.39174542
47495,0.19453049,0.008507736,0.38055325,0.29273438,0.0,0.29273438,0.073183596
47497,0.23616439,0.008790892,0.4635379,0.36311707,0.0,0.36311707,0.09077927
47500,0.017774828,0.009177935,0.02637172,0.025807003,0.0,0.025807003,0.0064517506
47503,0.247793,0.009746859,0.48583913,0.36430922,0.0,0.36430922,0.091077305
47505,0.15379374,0.009927998,0.2976595,0.39516822,0.0,0.39516822,0.098792054
47508,0.046416342,0.010192746,0.08263994,0.1101344,0.0,0.1101344,0.0275336
47510,0.21339391,0.010445305,0.4163425,0.3112897,0.0,0.3112897,0.077822424
47513,0.147386,0.010770299,0.2840017,0.38944697,0.0,0.38944697,0.09736174
47516,0.1273538,0.011296959,0.24341063,0.18864906,0.0,0.18864906,0.047162265
47518,0.06524483,0.011499557,0.1189901,0.07642493,0.0,0.07642493,0.019106232
47521,0.37149087,0.011943736,0.73103803,0.5624712,0.0,0.5624712,0.1406178
47524,0.07723994,0.012569447,0.14191043,0.18875806,0.0,0.18875806,0.047189515
47526,0.09928132,0.012878523,0.18568413,0.12818576,0.0,0.12818576,0.03204644
47529,0.103061326,0.013310492,0.19281216,0.13990356,0.0,0.13990356,0.03497589
47531,0.55181813,0.013537586,1.0900987,1.3279325,0.0,1.3279325,0.33198312
47534,1.0743786,0.013778214,2.134979,1.8148514,0.0,1.8148514,0.45371285
47537,0.025148919,0.0139448615,0.036352973,0.03633663,0.0,0.03633663,0.009084158
47539,0.22121672,0.014120397,0.42831305,0.3137618,0.0,0.3137618,0.07844045
47542,0.06445557,0.014294568,0.11461657,0.19822456,0.0,0.19822456,0.04955614
47544,0.065924324,0.014432398,0.11741624,0.08334267,0.0,0.08334267,0.020835668
47547,0.2127189,0.014545477,0.41089234,0.30435318,0.0,0.30435318,0.076088294
47550,0.028269866,0.0145688215,0.041970912,0.058727425,0.0,0.058727425,0.014681856
47552,0.05116109,0.014500267,0.08782191,0.12840147,0.0,0.12840147,0.03210037
47555,0.06159228,0.014297846,0.10888672,0.06993882,0.0,0.06993882,0.017484706
47558,0.0866873,0.014057917,0.15931667,0.23963426,0.0,0.23963426,0.059908565
47560,0.11815969,0.013895207,0.22242416,0.3022516,0.0,0.3022516,0.0755629
47563,0.5003284,0.013613637,0.9870432,0.78303033,0.0,0.78303033,0.19575758
47565,0.30354038,0.013414741,0.593666,0.46936098,0.0,0.46936098,0.117340244
47568,0.72077745,0.013154264,1.4284006,1.1751431,0.0,1.1751431,0.29378578
47571,0.024886876,0.013113242,0.03666051,0.04128092,0.0,0.04128092,0.01032023
47573,0.323087,0.013036694,0.63313735,0.4793835,0.0,0.4793835,0.119845875
47576,0.09340119,0.012776762,0.17402561,0.11638656,0.0,0.11638656,0.02909664
47578,0.3847336,0.0125603555,0.7569068,0.9196048,0.0,0.9196048,0.2299012
47581,0.07708213,0.012494841,0.14166941,0.09170691,0.0,0.09170691,0.022926727
47584,0.5658742,0.0126631595,1.1190853,0.91645885,0.0,0.91645885,0.22911471
47586,0.063408546,0.012502356,0.114314735,0.16378547,0.0,0.16378547,0.040946368
47589,0.6648096,0.012495984,1.3171232,1.0813595,0.0,1.0813595,0.27033988
47591,0.057429712,0.012702641,0.10215678,0.16523992,0.0,0.16523992,0.04130998
47594,0.02552749,0.012927423,0.038127556,0.06614377,0.0,0.06614377,0.016535943
47597,0.09500771,0.013303555,0.17671186,0.26401344,0.0,0.26401344,0.06600336
47599,0.04494435,0.013714266,0.07617443,0.04404511,0.0,0.04404511,0.011011277
47602,0.111418724,0.014176071,0.20866138,0.30569726,0.0,0.30569726,0.076424316
47605,0.62000877,0.014345274,1.2256722,0.9846943,0.0,0.9846943,0.24617358
47607,0.2913805,0.014496975,0.568264,0.7253726,0.0,0.7253726,0.18134315
47610,0.52136934,0.014880725,1.0278579,1.2736467,0.0,1.2736467,0.31841168
47612,0.044481244,0.015447971,0.07351451,0.068577565,0.0,0.068577565,0.017144391
47615,0.044658702,0.016234102,0.073083304,0.09755228,0.0,0.09755228,0.02438807
47618,0.13625367,0.016969433,0.25553793,0.37985298,0.0,0.37985298,0.094963245
47620,0.4321363,0.017429637,0.84684294,0.6267413,0.0,0.6267413,0.15668532
47623,0.050773058,0.017827587,0.08371853,0.1632076,0.0,0.1632076,0.0408019
47625,0.14887218,0.018089628,0.27965474,0.4310224,0.0,0.4310224,0.1077556
47628,0.36942437,0.01826422,0.7205846,0.521003,0.0,0.521003,0.13025075
47631,0.9442723,0.01846583,1.8700787,1.5406213,0.0,1.5406213,0.38515532
47633,0.3421286,0.018595228,0.66566193,0.48324957,0.0,0.48324957,0.12081239
47636,0.68217915,0.01900441,1.345354,1.6454135,0.0,1.6454135,0.41135338
47638,0.25159246,0.019311609,0.48387328,0.68597573,0.0,0.68597573,0.17149393
47641,0.17216639,0.019694591,0.32463816,0.47025833,0.0,0.47025833,0.11756458
47644,0.67805856,0.01981747,1.3362995,1.0457045,0.0,1.0457045,0.26142612
47646,0.9329884,0.02002032,1.8459564,1.4915603,0.0,1.4915603,0.37289008
47649,0.1808684,0.020292655,0.34144416,0.21908832,0.0,0.21908832,0.05477208
47652,0.44198307,0.02046959,0.86349654,1.1381956,0.0,1.1381956,0.2845489
47654,0.18436916,0.020535855,0.34820247,0.47936192,0.0,0.47936192,0.11984048
47657,0.35738185,0.02073246,0.69403124,0.5114687,0.0,0.5114687,0.12786718
47659,0.115886115,0.021027083,0.21074514,0.2916234,0.0,0.2916234,0.07290585
47662,0.6142611,0.020707933,1.2078143,0.91991144,0.0,0.91991144,0.22997786
47665,0.59869725,0.020444326,1.1769501,0.9200897,0.0,0.9200897,0.23002243
47667,0.28624573,0.020363279,0.55212814,0.40120077,0.0,0.40120077,0.10030019
47670,0.09798061,0.02045228,0.17550893,0.25616845,0.0,0.25616845,0.06404211
47672,0.18352884,0.02029051,0.3467672,0.46884727,0.0,0.46884727,0.11721182
47675,0.04349144,0.02008313,0.06689976,0.12334094,0.0,0.12334094,0.030835235
47678,0.17573132,0.01919409,0.33226857,0.4729501,0.0,0.4729501,0.118237525
47680,0.16017349,0.01877253,0.30157444,0.19515269,0.0,0.19515269,0.04878817
47683,0.2260981,0.018407283,0.43378893,0.3103435,0.0,0.3103435,0.077585876
47685,0.46105024,0.017441818,0.9046586,0.6776941,0.0,0.6776941,0.16942352
47688,0.33850113,0.016259296,0.66074294,0.50272757,0.0,0.50272757,0.12568189
47691,0.2815301,0.015392485,0.5476677,0.40534532,0.0,0.40534532,0.10133633
47693,0.070686184,0.0147558,0.12661655,0.0794652,0.0,0.0794652,0.0198663
47696,0.04240827,0.014126137,0.07069039,0.10260003,0.0,0.10260003,0.025650008
47699,0.599456,0.013392928,1.1855191,1.4217811,0.0,1.4217811,0.35544527
47701,0.069922395,0.012919267,0.12692553,0.088896334,0.0,0.088896334,0.022224084
47704,0.051760454,0.012267016,0.0912539,0.05813721,0.0,0.05813721,0.014534302
47706,0.2949951,0.011886763,0.5781035,0.44848338,0.0,0.44848338,0.112120844
47709,0.064295016,0.012014872,0.11657516,0.17642021,0.0,0.17642021,0.044105053
47712,0.437624,0.011738718,0.86350936,1.0180926,0.0,1.0180926,0.25452316
47714,0.036988858,0.011277184,0.06270053,0.0341832,0.0,0.0341832,0.0085458
47717,0.07950819,0.01083685,0.14817955,0.0982191,0.0,0.0982191,0.024554774
47719,0.5665162,0.010483132,1.1225494,1.3279426,0.0,1.3279426,0.33198565
47722,0.43485653,0.009967535,0.8597455,0.74452305,0.0,0.74452305,0.18613076
47725,0.068274096,0.0094499355,0.12709825,0.16192442,0.0,0.16192442,0.040481105
47727,0.037751276,0.009095502,0.06640705,0.09168468,0.0,0.09168468,0.02292117
47730,0.20537712,0.00852167,0.40223256,0.47504878,0.0,0.47504878,0.118762195
47732,0.45058286,0.00812696,0.89303875,0.74445933,0.0,0.74445933,0.18611483
47735,0.2694581,0.0075156414,0.5314005,0.46549162,0.0,0.46549162,0.116372906
47738,0.48990455,0.006886024,0.9729231,1.1237566,0.0,1.1237566,0.28093916
47740,0.08887533,0.00643688,0.17131378,0.20316388,0.0,0.20316388,0.05079097
47743,0.36767247,0.005758149,0.72958684,0.62624997,0.0,0.62624997,0.15656249
47746,0.44801712,0.0050959135,0.89093834,0.99375457,0.0,0.99375457,0.24843864
47748,0.07344294,0.004665891,0.14222,0.15895087,0.0,0.15895087,0.039737716
47751,0.016415596,0.004009977,0.028821215,0.041582476,0.0,0.041582476,0.010395619
47753,0.16478951,0.0036238108,0.3259552,0.29238883,0.0,0.29238883,0.07309721
47756,0.631396,0.0031429671,1.2596489,1.3651861,0.0,1.3651861,0.34129652
47759,0.04855231,0.0027595393,0.094345085,0.0694429,0.0,0.0694429,0.017360725
47761,0.5414605,0.002513395,1.0804076,1.0224261,0.0,1.0224261,0.25560653
47764,0.23999618,0.0023219192,0.47767043,0.4295756,0.0,0.4295756,0.1073939
47766,0.059003875,0.0022583015,0.11574945,0.12964863,0.0,0.12964863,0.032412156
47769,0.31298342,0.0021958472,0.623771,0.56565744,0.0,0.56565744,0.14141436
47772,0.27320835,0.002287647,0.5441291,0.60080737,0.0,0.60080737,0.15020184
47774,0.079232864,0.0020564715,0.15640925,0.13540334,0.0,0.13540334,0.033850834
47777,0.034992743,0.001919638,0.068065844,0.074705176,0.0,0.074705176,0.018676294
47779,0.28697374,0.001981646,0.5719658,0.610811,0.0,0.610811,0.15270275
47782,0.18267553,0.0017135162,0.36363754,0.4049828,0.0,0.4049828,0.1012457
47785,0.12836595,0.001684252,0.25504765,0.2880851,0.0,0.2880851,0.072021276
47787,0.11099153,0.0016927319,0.22029032,0.18879439,0.0,0.18879439,0.047198597
47790,0.16998489,0.0017396585,0.33823013,0.29881153,0.0,0.29881153,0.07470288
47793,0.15203126,0.0017955899,0.30226693,0.26101205,0.0,0.26101205,0.06525301
47795,0.10717248,0.0018558785,0.21248908,0.18877007,0.0,0.18877007,0.047192518
47798,0.096538596,0.0019915123,0.19108568,0.1712708,0.0,0.1712708,0.0428177
47800,0.24032854,0.002079199,0.47857785,0.5373257,0.0,0.5373257,0.13433142
47803,0.12693606,0.0022372801,0.25163484,0.20789886,0.0,0.20789886,0.051974714
47806,0.55299324,0.002439984,1.1035465,1.1955436,0.0,1.1955436,0.2988859
47808,0.07725176,0.0025540674,0.15194945,0.13440849,0.0,0.13440849,0.033602122
47811,0.12774748,0.0027078663,0.25278708,0.20471871,0.0,0.20471871,0.051179677
47813,0.4134661,0.0028402621,0.8240919,0.91363424,0.0,0.91363424,0.22840856
47816,0.119815476,0.0029845908,0.23664637,0.28869775,0.0,0.28869775,0.07217444
47819,0.27141777,0.0031272294,0.5397083,0.62192637,0.0,0.62192637,0.15548159
47821,0.026438974,0.0031948872,0.04968306,0.052122843,0.0,0.052122843,0.013030711
47824,0.036937106,0.0032750845,0.070599124,0.086223684,0.0,0.086223684,0.021555921
47826,0.50666803,0.003313967,1.0100222,0.90165854,0.0,0.90165854,0.22541463
47829,0.0675871,0.0033572018,0.131817,0.108089,0.0,0.108089,0.02702225
47832,0.43840966,0.0033781098,0.8734412,0.7797491,0.0,0.7797491,0.19493727
47834,0.19216962,0.003392916,0.3809463,0.32321987,0.0,0.32321987,0.08080497
47837,0.58528554,0.0034204423,1.1671506,1.0535377,0.0,1.0535377,0.26338443
47840,0.17635249,0.0034348432,0.3492701,0.38673937,0.0,0.38673937,0.09668484
47842,0.03133433,0.0034442768,0.059224382,0.06968138,0.0,0.06968138,0.017420346
47845,0.22114335,0.0034408437,0.43884584,0.38322592,0.0,0.38322592,0.09580648
47847,0.8133406,0.003451559,1.6232296,1.4948632,0.0,1.4948632,0.3737158
47850,0.047132757,0.0034658648,0.09079965,0.120535076,0.0,0.120535076,0.030133769
47853,0.11384014,0.0034418416,0.22423844,0.24555834,0.0,0.24555834,0.061389584
47855,0.047920868,0.0034410239,0.09240071,0.07093146,0.0,0.07093146,0.017732864
47858,0.2549638,0.0033502758,0.5065773,0.4489958,0.0,0.4489958,0.11224895
47860,0.011101159,0.0033080962,0.018894223,0.023417095,0.0,0.023417095,0.0058542737
47863,0.20720987,0.0034566594,0.41096306,0.45334992,0.0,0.45334992,0.11333748
47866,0.27108416,0.0035958986,0.5385724,0.4814104,0.0,0.4814104,0.1203526
47868,0.10639987,0.0033884516,0.20941131,0.18090935,0.0,0.18090935,0.045227338
47871,0.058051914,0.0030050639,0.11309876,0.09351179,0.0,0.09351179,0.023377948
47873,0.2914171,0.0028916278,0.5799425,0.6543358,0.0,0.6543358,0.16358395
47876,0.044924784,0.002825457,0.087024115,0.11254815,0.0,0.11254815,0.028137038
47879,0.5847289,0.0026518668,1.1668059,1.0818781,0.0,1.0818781,0.27046952
47881,0.08308848,0.002528012,0.16364895,0.13377507,0.0,0.13377507,0.033443768
47884,0.09519068,0.0023192873,0.18806207,0.21917798,0.0,0.21917798,0.054794494
47887,0.31281996,0.002180178,0.62345976,0.5673063,0.0,0.5673063,0.14182657
47889,0.15663421,0.002132377,0.31113604,0.35234812,0.0,0.35234812,0.08808703
47892,0.066463746,0.0021128452,0.13081464,0.145191,0.0,0.145191,0.03629775
47894,0.04552507,0.0020914965,0.08895864,0.07547229,0.0,0.07547229,0.018868072
47897,0.29750445,0.0020835288,0.59292537,0.5300279,0.0,0.5300279,0.13250698
47900,0.07788661,0.0020930879,0.15368013,0.18907048,0.0,0.18907048,0.04726762
47902,0.7354608,0.0021110051,1.4688107,1.3701457,0.0,1.3701457,0.34253642
47905,0.63564503,0.002108197,1.2691818,1.1749072,0.0,1.1749072,0.2937268
47907,0.17256434,0.0021996608,0.34292904,0.39165488,0.0,0.39165488,0.09791372
47910,0.63663,0.0024753606,1.2707847,1.1680912,0.0,1.1680912,0.2920228
47913,0.09894154,0.0025834313,0.19529967,0.1589576,0.0,0.1589576,0.0397394
47915,0.14139731,0.002777009,0.2800176,0.33055976,0.0,0.33055976,0.08263994
47918,0.044035867,0.0030140744,0.08505765,0.09466368,0.0,0.09466368,0.02366592
47920,0.111415766,0.003184757,0.21964677,0.17250435,0.0,0.17250435,0.043126088
47923,0.032696653,0.0034581183,0.06193519,0.049126532,0.0,0.049126532,0.012281633
47926,0.044131517,0.0038083338,0.08445471,0.103541076,0.0,0.103541076,0.025885269
47928,0.65238065,0.0040308437,1.3007303,1.4408635,0.0,1.4408635,0.36021587
47931,0.024283757,0.0043486957,0.04421882,0.030620748,0.0,0.030620748,0.007655187
47934,0.11842358,0.004723429,0.23212373,0.26881397,0.0,0.26881397,0.06720349
47936,0.09309986,0.0049422323,0.18125749,0.23589021,0.0,0.23589021,0.058972552
47939,0.100726604,0.005102755,0.19635046,0.15851188,0.0,0.15851188,0.03962797
47941,0.22650711,0.0051390263,0.44787517,0.37372434,0.0,0.37372434,0.093431085
47944,0.08071074,0.0052017467,0.15621974,0.11420139,0.0,0.11420139,0.028550347
47947,0.028692843,0.005279839,0.052105848,0.040082023,0.0,0.040082023,0.010020506
47949,0.2638364,0.0053161066,0.52235675,0.609086,0.0,0.609086,0.1522715
47952,0.4487624,0.0054350416,0.89208966,1.0203599,0.0,1.0203599,0.25508997
47954,0.35891917,0.0056598373,0.7121785,0.60652375,0.0,0.60652375,0.15163094
47957,0.49645206,0.0058366484,0.98706746,0.85378534,0.0,0.85378534,0.21344633
47960,0.19179149,0.006079136,0.37750387,0.29295844,0.0,0.29295844,0.07323961
47962,0.5471638,0.006254243,1.0880734,0.9416089,0.0,0.9416089,0.23540223
47965,0.66770476,0.0065796687,1.3288298,1.1575648,0.0,1.1575648,0.2893912
47967,0.11797025,0.006613996,0.2293265,0.2880143,0.0,0.2880143,0.07200357
47970,0.53950137,0.0063781547,1.0726246,0.922373,0.0,0.922373,0.23059325
47973,0.03832035,0.0062416703,0.07039904,0.05101089,0.0,0.05101089,0.012752723
47975,0.1731206,0.006123978,0.34011722,0.26753435,0.0,0.26753435,0.06688359
47978,0.28582552,0.0060417,0.5656094,0.46199378,0.0,0.46199378,0.115498446
47981,0.32303116,0.0060088057,0.6400535,0.5564287,0.0,0.5564287,0.13910717
47983,0.31565675,0.0058967,0.6254168,0.5218883,0.0,0.5218883,0.13047208
47986,0.06669972,0.005686578,0.12771286,0.08910084,0.0,0.08910084,0.02227521
47988,0.123235665,0.0056220107,0.24084932,0.28202996,0.0,0.28202996,0.07050749
47991,0.22514744,0.0055190236,0.44477585,0.5372431,0.0,0.5372431,0.13431078
47994,0.01721592,0.0053974777,0.029034361,0.045247097,0.0,0.045247097,0.011311774
47996,0.10326251,0.005378805,0.2011462,0.23884165,0.0,0.23884165,0.059710413
47999,0.034619972,0.005429951,0.06380999,0.09434985,0.0,0.09434985,0.023587463
48001,0.41464588,0.0051080217,0.8241837,0.7153845,0.0,0.7153845,0.17884612
48004,0.2602218,0.004470863,0.51597273,0.45005956,0.0,0.45005956,0.11251489
48007,0.029121922,0.004218833,0.054025013,0.074471235,0.0,0.074471235,0.018617809
48009,0.020599833,0.0043405653,0.0368591,0.04989643,0.0,0.04989643,0.012474108
48012,0.16326334,0.0038330723,0.3226936,0.3615968,0.0,0.3615968,0.0903992
48014,0.19010283,0.003702766,0.3765029,0.33039203,0.0,0.33039203,0.08259801
48017,0.7752926,0.0034380201,1.5471472,1.672699,0.0,1.672699,0.41817474
48020,0.08532772,0.003220693,0.16743475,0.20334816,0.0,0.20334816,0.05083704
48022,0.10403934,0.0030808987,0.20499778,0.16967161,0.0,0.16967161,0.042417902
48025,0.12999026,0.0029413623,0.25703916,0.22117372,0.0,0.22117372,0.05529343
48028,0.23711254,0.0028434235,0.47138166,0.4217352,0.0,0.4217352,0.1054338
48030,0.1972021,0.0027923621,0.39161184,0.34669366,0.0,0.34669366,0.086673416
48033,0.22960396,0.0026752232,0.45653272,0.50585806,0.0,0.50585806,0.12646452
48035,0.07973937,0.0027546163,0.15672413,0.18676923,0.0,0.18676923,0.046692308
48038,0.47932813,0.0028575778,0.9557986,0.86262065,0.0,0.86262065,0.21565516
48041,0.1302408,0.0022444183,0.25823718,0.29970276,0.0,0.29970276,0.07492569
48043,0.12901968,0.0021715134,0.25586784,0.21862496,0.0,0.21862496,0.05465624
48046,0.13529615,0.001999935,0.2685924,0.31273407,0.0,0.31273407,0.07818352
48048,0.28733292,0.0021316044,0.5725342,0.63576406,0.0,0.63576406,0.15894102
48051,0.08328915,0.0024494892,0.1641288,0.15765256,0.0,0.15765256,0.03941314
48054,0.29761222,0.0025084948,0.592716,0.5285801,0.0,0.5285801,0.13214503
48056,0.44089195,0.0026455976,0.8791383,0.96789306,0.0,0.96789306,0.24197327
48059,0.10920326,0.0026937649,0.21571274,0.23441608,0.0,0.23441608,0.05860402
48062,0.24551469,0.0028091567,0.4882202,0.42432144,0.0,0.42432144,0.10608036
48064,0.46706975,0.0025978528,0.9315416,0.8430457,0.0,0.8430457,0.21076143
48067,0.06304016,0.0028243724,0.123255946,0.10480695,0.0,0.10480695,0.026201738
48069,0.15569429,0.0029038272,0.30848476,0.36570892,0.0,0.36570892,0.09142723
48072,0.20461185,0.002990151,0.40623355,0.34622145,0.0,0.34622145,0.08655536
48075,0.20855518,0.0031110581,0.41399932,0.35487473,0.0,0.35487473,0.08871868
48077,0.046978172,0.0032304898,0.09072585,0.11333857,0.0,0.11333857,0.028334642
48080,0.20155002,0.0033885147,0.39971152,0.3453803,0.0,0.3453803,0.08634508
48082,0.04373142,0.003483378,0.083979465,0.06300049,0.0,0.06300049,0.015750123
48085,0.44087827,0.0036483062,0.87810826,0.7843531,0.0,0.7843531,0.19608827
48088,0.15192577,0.003950004,0.29990155,0.355386,0.0,0.355386,0.0888465
48090,0.07802569,0.00407931,0.15197207,0.17964661,0.0,0.17964661,0.044911653
48093,0.3310244,0.0042073014,0.6578415,0.57127196,0.0,0.57127196,0.14281799
48095,0.30981436,0.004373302,0.6152554,0.52256,0.0,0.52256,0.13064
48098,0.015706,0.004548112,0.026863888,0.03105495,0.0,0.03105495,0.0077637373
48101,0.052404776,0.0046300227,0.10017953,0.07795117,0.0,0.07795117,0.019487793
48103,0.04432993,0.00473237,0.08392749,0.09735533,0.0,0.09735533,0.024338832
48106,0.0751568,0.0047378517,0.14557575,0.19260715,0.0,0.19260715,0.048151787
48109,0.11860478,0.0047913003,0.23241825,0.19451499,0.0,0.19451499,0.048628747
48111,0.043789297,0.004851895,0.082726695,0.06379711,0.0,0.06379711,0.015949277
48114,0.114860184,0.0047669527,0.22495341,0.17205186,0.0,0.17205186,0.043012965
48116,0.13593727,0.0047302,0.26714435,0.20548566,0.0,0.20548566,0.051371414
48119,0.028949598,0.0047179535,0.053181246,0.0739818,0.0,0.0739818,0.01849545
48122,0.098072775,0.0047081583,0.19143741,0.22077292,0.0,0.22077292,0.05519323
48124,0.08649837,0.00472321,0.16827352,0.20413874,0.0,0.20413874,0.051034685
48127,0.26353988,0.0047262777,0.5223535,0.6023721,0.0,0.6023721,0.15059303
48129,0.27947524,0.004720001,0.55423045,0.4742787,0.0,0.4742787,0.11856967
48132,0.06536045,0.0047274367,0.12599348,0.089425236,0.0,0.089425236,0.022356309
48135,0.1667261,0.0047582933,0.3286939,0.2813872,0.0,0.2813872,0.0703468
48137,0.05576649,0.0047571543,0.10677582,0.13869144,0.0,0.13869144,0.03467286
48140,0.25397217,0.0047940663,0.5031503,0.5780728,0.0,0.5780728,0.1445182
48142,0.68780226,0.0048081735,1.3707963,1.2403612,0.0,1.2403612,0.3100903
48145,0.01439998,0.0048539843,0.023945978,0.036904145,0.0,0.036904145,0.009226036
48148,0.17218435,0.004905713,0.339463,0.4020749,0.0,0.4020749,0.100518726
48150,0.13358799,0.0049337293,0.26224223,0.21160336,0.0,0.21160336,0.05290084
48153,0.18366897,0.0049719214,0.36236605,0.29897046,0.0,0.29897046,0.074742615
48156,0.067388035,0.0049415305,0.12983453,0.16173835,0.0,0.16173835,0.040434588
48158,0.17658783,0.0048789075,0.34829676,0.40568915,0.0,0.40568915,0.10142229
48161,0.043607876,0.0047895224,0.08242623,0.06401368,0.0,0.06401368,0.01600342
48163,0.08265785,0.004744914,0.16057079,0.19797474,0.0,0.19797474,0.049493685
48166,0.32066807,0.0046857283,0.6366504,0.54944456,0.0,0.54944456,0.13736114
48169,0.74310976,0.004626189,1.4815935,1.6489662,0.0,1.6489662,0.41224155
48171,0.045195397,0.0045702956,0.085820496,0.062105957,0.0,0.062105957,0.015526489
48174,0.129429,0.004488636,0.25436938,0.30867335,0.0,0.30867335,0.07716834
48176,0.39395,0.0044235797,0.78347635,0.87795085,0.0,0.87795085,0.21948771
48179,0.12778936,0.0043969657,0.25118175,0.20220028,0.0,0.20220028,0.05055007
48182,0.021040043,0.004439015,0.037641067,0.049108997,0.0,0.049108997,0.012277249
48184,0.11812552,0.0044999556,0.23175108,0.2828413,0.0,0.2828413,0.070710324
48187,0.36188194,0.0046807714,0.7190831,0.6122831,0.0,0.6122831,0.15307078
48189,0.14517434,0.004822882,0.28552577,0.22213054,0.0,0.22213054,0.055532634
48192,0.3951242,0.0050663,0.78518206,0.9105213,0.0,0.9105213,0.22763033
48195,0.08310447,0.0052506775,0.16095828,0.1854705,0.0,0.1854705,0.046367627
48197,0.015637672,0.0053856187,0.025889724,0.028493434,0.0,0.028493434,0.0071233585
48200,0.25960764,0.005574877,0.5136404,0.42568383,0.0,0.42568383,0.10642096
48203,0.06297991,0.005722251,0.12023756,0.1475022,0.0,0.1475022,0.03687555
48205,0.26332057,0.005822344,0.52081877,0.42610583,0.0,0.42610583,0.10652646
48208,0.42392263,0.0060003097,0.841845,0.98480445,0.0,0.98480445,0.24620111
48210,0.2367109,0.0061505944,0.4672712,0.56681216,0.0,0.56681216,0.14170304
48213,0.25951272,0.0064418637,0.51258355,0.41490683,0.0,0.41490683,0.10372671
48216,0.08136339,0.006744689,0.15598209,0.20736437,0.0,0.20736437,0.05184109
48218,0.25330806,0.0069015957,0.49971452,0.4011834,0.0,0.4011834,0.10029585
48221,0.19636084,0.0071274783,0.38559422,0.306436,0.0,0.306436,0.076609
48223,0.6003674,0.0072694994,1.1934654,1.01813,0.0,1.01813,0.2545325
48226,0.08915371,0.0074736997,0.1708337,0.20532487,0.0,0.20532487,0.05133122
48229,0.42049357,0.007691002,0.8332961,0.97437525,0.0,0.97437525,0.24359381
48231,0.058099333,0.007824488,0.10837418,0.07489007,0.0,0.07489007,0.018722517
48234,0.1766182,0.008134577,0.34510183,0.43516815,0.0,0.43516815,0.10879204
48236,0.14035404,0.008344407,0.27236366,0.2009949,0.0,0.2009949,0.050248723
48239,0.06100185,0.008765583,0.11323812,0.08116007,0.0,0.08116007,0.020290017
48242,0.19077165,0.00958977,0.37195358,0.26945466,0.0,0.26945466,0.067363665
48244,0.062073454,0.009914067,0.11423284,0.0704784,0.0,0.0704784,0.0176196
48247,0.13425596,0.010354097,0.25815782,0.3556385,0.0,0.3556385,0.088909626
48250,0.7262113,0.010803455,1.4416193,1.2099794,0.0,1.2099794,0.30249485
48252,0.43653426,0.0112198545,0.86184865,0.69595766,0.0,0.69595766,0.17398942
48255,0.022816533,0.011782407,0.03385066,0.04831153,0.0,0.04831153,0.012077883
48257,0.05605368,0.012099567,0.100007795,0.060986023,0.0,0.060986023,0.015246506
48260,0.03793392,0.012508239,0.0633596,0.073222734,0.0,0.073222734,0.018305684
48263,0.036551375,0.012809835,0.06029292,0.040093962,0.0,0.040093962,0.0100234905
48265,0.6321735,0.012983295,1.2513636,1.4993674,0.0,1.4993674,0.37484184
48268,0.08695099,0.013215955,0.16068602,0.21475029,0.0,0.21475029,0.053687572
48270,0.8819828,0.013366344,1.7505993,1.4690895,0.0,1.4690895,0.36727238
48273,0.23648266,0.013542821,0.4594225,0.60779375,0.0,0.60779375,0.15194844
48276,0.05107169,0.013698381,0.088445,0.051780373,0.0,0.051780373,0.012945093
48278,0.278941,0.013818346,0.5440637,0.7241168,0.0,0.7241168,0.1810292
48281,0.06631233,0.014113516,0.11851114,0.18028529,0.0,0.18028529,0.045071322
48283,0.2864242,0.014359335,0.5584891,0.7426979,0.0,0.7426979,0.18567447
48286,0.04544386,0.014715428,0.076172285,0.11840451,0.0,0.11840451,0.029601127
48289,0.51439446,0.015231953,1.0135571,0.8103738,0.0,0.8103738,0.20259345
48291,0.40544853,0.015460742,0.7954363,0.5945074,0.0,0.5945074,0.14862685
48294,0.46016797,0.015478923,0.904857,0.6929259,0.0,0.6929259,0.17323147
48297,0.07348176,0.01535406,0.13160947,0.18817025,0.0,0.18817025,0.047042564
48299,0.12091398,0.015242281,0.22658569,0.3339913,0.0,0.3339913,0.08349782
48302,0.18060394,0.014964434,0.34624347,0.23842324,0.0,0.23842324,0.05960581
48304,0.06676055,0.014604633,0.11891646,0.06095107,0.0,0.06095107,0.015237767
48307,0.29910782,0.014218534,0.5839971,0.45420846,0.0,0.45420846,0.113552116
48310,0.0793131,0.013790801,0.1448354,0.19545007,0.0,0.19545007,0.048862517
48312,0.09670958,0.013541818,0.17987734,0.2533316,0.0,0.2533316,0.0633329
48315,0.047906697,0.013121066,0.082692325,0.1193778,0.0,0.1193778,0.02984445
48317,0.039179776,0.012838945,0.06552061,0.090216994,0.0,0.090216994,0.022554249
48320,0.021080324,0.01224412,0.029916532,0.03116224,0.0,0.03116224,0.00779056
48323,0.107406415,0.01161595,0.20319688,0.14557794,0.0,0.14557794,0.036394484
48325,0.050555374,0.011149722,0.08996102,0.12158829,0.0,0.12158829,0.030397072
48328,0.06696843,0.010464166,0.12347269,0.16239291,0.0,0.16239291,0.04059823
48330,0.31870303,0.009773187,0.62763286,0.5280502,0.0,0.5280502,0.13201255
48333,0.10136784,0.009048869,0.19368683,0.24519126,0.0,0.24519126,0.061297815
48336,0.053425062,0.008407799,0.09844232,0.06539509,0.0,0.06539509,0.016348772
48338,0.02846975,0.008138895,0.048800606,0.05914566,0.0,0.05914566,0.014786415
48341,0.09148383,0.0074793347,0.17548834,0.22211643,0.0,0.22211643,0.055529106
48344,0.2030984,0.0068786046,0.3993182,0.44648257,0.0,0.44648257,0.11162064
48346,0.03768594,0.00648281,0.06888907,0.051573664,0.0,0.051573664,0.012893416
48349,0.8003823,0.0060105943,1.5947541,1.4285097,0.0,1.4285097,0.35712743
48351,0.60926944,0.0056379135,1.212901,1.0736905,0.0,1.0736905,0.26842263
48354,0.041747466,0.0050981827,0.07839675,0.058061525,0.0,0.058061525,0.014515381
48357,0.28729972,0.0045800977,0.5700193,0.49948516,0.0,0.49948516,0.12487129
48359,0.23193377,0.004280081,0.45958745,0.40725055,0.0,0.40725055,0.10181264
48362,0.24980812,0.0038575467,0.49575868,0.55460304,0.0,0.55460304,0.13865076
48364,0.068972364,0.0035926488,0.13435207,0.10970652,0.0,0.10970652,0.02742663
48367,0.28443143,0.0032019268,0.56566095,0.62767315,0.0,0.62767315,0.15691829
48370,0.1876287,0.0028438696,0.37241355,0.32422736,0.0,0.32422736,0.08105684
48372,0.075628005,0.0026422031,0.14861381,0.17736597,0.0,0.17736597,0.044341493
48375,0.072439775,0.0024127085,0.14246684,0.12126795,0.0,0.12126795,0.030316988
48377,0.049539924,0.0024016027,0.09667825,0.116865575,0.0,0.116865575,0.029216394
48380,0.027944343,0.0024932495,0.05339544,0.05612119,0.0,0.05612119,0.014030297
48383,0.08904112,0.0028935347,0.17518872,0.14563592,0.0,0.14563592,0.03640898
48385,0.08542931,0.0034063878,0.16745223,0.14178337,0.0,0.14178337,0.035445843
48388,0.14366247,0.0029463954,0.28437853,0.31980518,0.0,0.31980518,0.079951294
48391,0.037397083,0.0023209408,0.07247323,0.08591781,0.0,0.08591781,0.021479452
48393,0.37186995,0.002312513,0.7414274,0.6628485,0.0,0.6628485,0.16571212
48396,0.11773645,0.002322817,0.23315008,0.26987913,0.0,0.26987913,0.06746978
48398,0.1599076,0.002338879,0.3174763,0.35944536,0.0,0.35944536,0.08986134
48401,0.43111756,0.0023574478,0.85987765,0.93456584,0.0,0.93456584,0.23364146
48404,0.13630848,0.0023983454,0.2702186,0.23199289,0.0,0.23199289,0.05799822
48406,0.023154216,0.0024192275,0.043889206,0.055372756,0.0,0.055372756,0.013843189
48409,0.38229516,0.0024610292,0.7621293,0.67976594,0.0,0.67976594,0.16994148
48411,0.3027156,0.002485414,0.6029458,0.5294056,0.0,0.5294056,0.1323514
48414,0.04235947,0.0025382012,0.08218074,0.062684685,0.0,0.062684685,0.015671171
48417,0.13458614,0.0026041958,0.2665681,0.30976775,0.0,0.30976775,0.07744194
48419,0.0797325,0.0026408809,0.15682413,0.12644418,0.0,0.12644418,0.031611044
48422,0.30900285,0.0027156314,0.61529005,0.5429159,0.0,0.5429159,0.13572897
48424,0.64804167,0.0027509683,1.2933325,1.411625,0.0,1.411625,0.35290626
48427,0.7358281,0.0028314881,1.4688247,1.3463454,0.0,1.3463454,0.33658636
48430,0.20700298,0.002911107,0.41109487,0.3524674,0.0,0.3524674,0.08811685
48432,0.3726878,0.0029577727,0.7424178,0.6673443,0.0,0.6673443,0.16683607
48435,0.101060025,0.0030084644,0.19911158,0.23976214,0.0,0.23976214,0.059940536
48438,0.16107585,0.003046289,0.3191054,0.2708452,0.0,0.2708452,0.0677113
48440,0.30095446,0.003088073,0.59882087,0.52477974,0.0,0.52477974,0.13119493
48443,0.10716933,0.0031446351,0.21119402,0.2543045,0.0,0.2543045,0.063576125
48445,0.12349037,0.0032029648,0.2437778,0.28698874,0.0,0.28698874,0.071747184
48448,0.059229046,0.0032474038,0.11521069,0.14308597,0.0,0.14308597,0.035771493
48451,0.28837582,0.003266073,0.5734856,0.6460237,0.0,0.6460237,0.16150592
48453,0.035289142,0.0032839424,0.06729434,0.07192985,0.0,0.07192985,0.017982462
48456,0.18926974,0.0033285546,0.3752109,0.3176197,0.0,0.3176197,0.07940493
48458,0.18068022,0.0033440858,0.35801634,0.3073608,0.0,0.3073608,0.0768402
48461,0.55415624,0.003381166,1.1049314,1.2272034,0.0,1.2272034,0.30680084
48464,0.8802924,0.003412013,1.7571727,1.6118721,0.0,1.6118721,0.40296802
48466,0.3482615,0.0034481548,0.6930749,0.78360677,0.0,0.78360677,0.19590169
48469,0.43811372,0.0034834214,0.872744,0.963921,0.0,0.963921,0.24098025
48471,0.04196993,0.0035029072,0.08043695,0.059481665,0.0,0.059481665,0.014870416
48474,0.63323545,0.0035345023,1.2629365,1.1599631,0.0,1.1599631,0.28999078
48477,0.1810395,0.0035555623,0.3585234,0.4111371,0.0,0.4111371,0.102784276
48479,0.039901216,0.0035784815,0.076223955,0.09597073,0.0,0.09597073,0.023992682
48482,0.28646064,0.0035984137,0.5693229,0.4866806,0.0,0.4866806,0.12167015
48485,1.0604059,0.0036327168,2.1171792,1.9490427,0.0,1.9490427,0.48726067
48487,0.22350353,0.0036663709,0.4433407,0.50871825,0.0,0.50871825,0.12717956
48490,0.18654244,0.0036963641,0.3693885,0.43623304,0.0,0.43623304,0.10905826
48492,0.21093379,0.0037023807,0.4181652,0.35993207,0.0,0.35993207,0.089983016
48495,0.03161999,0.0036993988,0.05954058,0.045296732,0.0,0.045296732,0.011324183
48498,0.13759854,0.0036949608,0.27150214,0.31472433,0.0,0.31472433,0.07868108
48500,0.072251946,0.0036838662,0.14082003,0.11456493,0.0,0.11456493,0.028641233
48503,0.29660892,0.0036634265,0.5895544,0.5016739,0.0,0.5016739,0.12541847
48505,0.12986068,0.003632854,0.2560885,0.3023702,0.0,0.3023702,0.07559255
48508,0.044238478,0.0035803143,0.08489665,0.11073223,0.0,0.11073223,0.027683057
48511,0.04592591,0.0035510545,0.088300765,0.10555166,0.0,0.10555166,0.026387915
48513,0.33245715,0.003540135,0.66137415,0.5778586,0.0,0.5778586,0.14446466
48516,0.35887396,0.00353038,0.7142176,0.63310647,0.0,0.63310647,0.15827662
48518,0.134189,0.003559156,0.26481882,0.21597011,0.0,0.21597011,0.05399253
48521,0.14219834,0.0036123015,0.2807844,0.23812608,0.0,0.23812608,0.05953152
48524,0.01822796,0.0036621161,0.032793805,0.040448584,0.0,0.040448584,0.010112146
48526,0.5342079,0.0037068666,1.0647088,0.9459812,0.0,0.9459812,0.2364953
48529,0.09206051,0.0037519184,0.1803691,0.21656354,0.0,0.21656354,0.054140884
48532,0.024480509,0.003787306,0.045173716,0.058915425,0.0,0.058915425,0.014728856
48534,0.21923739,0.0038120009,0.4346628,0.51747847,0.0,0.51747847,0.12936962
48537,0.06551943,0.0038359475,0.12720291,0.15122055,0.0,0.15122055,0.037805136
48539,0.029129332,0.0038472991,0.054411363,0.07349538,0.0,0.07349538,0.018373845
48542,0.15219629,0.0038938336,0.30049875,0.36022353,0.0,0.36022353,0.09005588
48545,0.06537514,0.0039527677,0.12679751,0.1477204,0.0,0.1477204,0.0369301
48547,0.18772553,0.003984343,0.37146673,0.31041157,0.0,0.31041157,0.07760289
48550,0.08755221,0.003988576,0.17111583,0.21718663,0.0,0.21718663,0.054296657
48552,0.31705138,0.003957831,0.6301449,0.54621774,0.0,0.54621774,0.13655443
48555,0.17042266,0.0039120945,0.33693323,0.38471827,0.0,0.38471827,0.09617957
48558,0.08844817,0.0038796691,0.17301667,0.21985418,0.0,0.21985418,0.054963544
48560,0.07893586,0.0038561274,0.15401559,0.175498,0.0,0.175498,0.0438745
48563,0.06625912,0.003818481,0.12869976,0.10377651,0.0,0.10377651,0.025944127
48566,0.15810287,0.0038126644,0.31239307,0.26386365,0.0,0.26386365,0.06596591
48568,0.053049266,0.0038203627,0.10227817,0.118834555,0.0,0.118834555,0.029708639
48571,0.11708034,0.0037978366,0.23036285,0.18215616,0.0,0.18215616,0.04553904
48573,0.12736225,0.0037875113,0.25093699,0.28864422,0.0,0.28864422,0.072161056
48576,0.32741615,0.0038362322,0.650996,0.5670927,0.0,0.5670927,0.14177318
48579,0.04062741,0.0038803115,0.07737451,0.08875411,0.0,0.08875411,0.022188528
48581,0.07171217,0.0038724344,0.13955192,0.104660034,0.0,0.104660034,0.026165009
48584,0.20924115,0.0038816836,0.4146006,0.47906843,0.0,0.47906843,0.11976711
48586,0.38814655,0.003905195,0.7723879,0.8798902,0.0,0.8798902,0.21997255
48589,0.11308739,0.0039383215,0.22223647,0.18363605,0.0,0.18363605,0.045909014
48592,0.24659346,0.0039565493,0.48923036,0.42721322,0.0,0.42721322,0.106803305
48594,0.26542184,0.003970599,0.5268731,0.44898152,0.0,0.44898152,0.11224538
48597,0.10662103,0.0039383587,0.20930369,0.17002678,0.0,0.17002678,0.042506695
48599,0.03344005,0.003930507,0.06294959,0.070993006,0.0,0.070993006,0.017748252
48602,0.03343425,0.0039717006,0.062896796,0.06951392,0.0,0.06951392,0.01737848
48605,0.26390064,0.004095025,0.52370626,0.4480193,0.0,0.4480193,0.112004824
48607,0.081277035,0.0041381367,0.15841593,0.2015763,0.0,0.2015763,0.050394077
48610,0.039967306,0.004383301,0.07555131,0.05758738,0.0,0.05758738,0.014396845
48613,0.20231305,0.0045664026,0.4000597,0.47777924,0.0,0.47777924,0.11944481
48615,0.30727538,0.004787085,0.6097637,0.5177171,0.0,0.5177171,0.12942928
48618,0.37958872,0.005167064,0.7540104,0.6460128,0.0,0.6460128,0.1615032
48620,0.4139304,0.0054314137,0.82242936,0.7062259,0.0,0.7062259,0.17655647
48623,0.7552564,0.0057106726,1.5048022,1.335692,0.0,1.335692,0.333923
48626,0.86936027,0.006085398,1.7326351,1.5444432,0.0,1.5444432,0.3861108
48628,0.056221977,0.006256482,0.10618747,0.1591224,0.0,0.1591224,0.0397806
48631,0.62241125,0.0066420157,1.2381805,1.4108578,0.0,1.4108578,0.35271445
48633,0.10087041,0.006910755,0.19483006,0.22803712,0.0,0.22803712,0.05700928
48636,0.093673736,0.0073674493,0.17998002,0.14883216,0.0,0.14883216,0.03720804
48639,0.0658365,0.0076219253,0.124051064,0.1798686,0.0,0.1798686,0.04496715
48641,0.040724553,0.0077045597,0.07374454,0.054824945,0.0,0.054824945,0.013706236
48644,0.44117364,0.007922168,0.8744251,0.72935754,0.0,0.72935754,0.18233939
48646,0.3067905,0.008012213,0.60556877,0.73781633,0.0,0.73781633,0.18445408
48649,0.023789749,0.008287535,0.03929196,0.023952797,0.0,0.023952797,0.0059881993
48652,0.30354998,0.008417179,0.5986828,0.47552022,0.0,0.47552022,0.118880056
48654,0.038279198,0.00859143,0.06796697,0.038025487,0.0,0.038025487,0.009506372
48657,0.040074486,0.008980814,0.071168154,0.10232246,0.0,0.10232246,0.025580615
48660,0.14335828,0.009333382,0.27738318,0.20468529,0.0,0.20468529,0.05117132
48662,0.042864833,0.009463456,0.076266214,0.05425908,0.0,0.05425908,0.01356477
48665,0.19873504,0.009662001,0.38780808,0.49302348,0.0,0.49302348,0.12325587
48667,0.14215308,0.0097744735,0.2745317,0.20983927,0.0,0.20983927,0.052459817
48670,0.23122948,0.00991466,0.4525443,0.5751343,0.0,0.5751343,0.14378357
48673,0.20240162,0.009976114,0.39482713,0.29736027,0.0,0.29736027,0.07434007
48675,0.22999646,0.010081526,0.4499114,0.34682322,0.0,0.34682322,0.086705804
48678,0.3910837,0.010111746,0.7720556,0.61303943,0.0,0.61303943,0.15325986
48680,0.35747376,0.010156184,0.70479137,0.87474966,0.0,0.87474966,0.21868742
48683,0.08510736,0.010200228,0.1600145,0.21948381,0.0,0.21948381,0.054870952
48686,0.06705681,0.01016118,0.12395244,0.08763216,0.0,0.08763216,0.02190804
48688,0.28557965,0.0101122195,0.5610471,0.43543017,0.0,0.43543017,0.10885754
48691,0.05076316,0.009993134,0.091533184,0.060817253,0.0,0.060817253,0.015204313
48693,0.23662822,0.009959313,0.46329713,0.5868357,0.0,0.5868357,0.14670892
48696,0.028605992,0.009379526,0.04783246,0.052882314,0.0,0.052882314,0.013220578
48699,0.022008834,0.0088968165,0.03512085,0.01709318,0.0,0.01709318,0.004273295
48701,0.18768322,0.008406215,0.36696026,0.4523715,0.0,0.4523715,0.11309288
48704,0.4368029,0.008048321,0.8655575,0.73789185,0.0,0.73789185,0.18447296
48707,0.06879386,0.0076035666,0.12998416,0.1786098,0.0,0.1786098,0.04465245
48709,0.13853316,0.0073251277,0.26974118,0.3343401,0.0,0.3343401,0.083585024
48712,0.15696295,0.007041184,0.3068847,0.38294145,0.0,0.38294145,0.09573536
48714,0.071626745,0.00691306,0.13634044,0.09338408,0.0,0.09338408,0.02334602
48717,0.2527957,0.00669386,0.49889755,0.42083248,0.0,0.42083248,0.10520812
48720,0.2291717,0.0064514014,0.451892,0.5377402,0.0,0.5377402,0.13443504
48722,0.031044215,0.006279782,0.05580865,0.080004744,0.0,0.080004744,0.020001186
48725,0.29558542,0.005994197,0.58517665,0.70319575,0.0,0.70319575,0.17579894
48727,0.21621461,0.005891649,0.4265376,0.5053399,0.0,0.5053399,0.12633498
48730,0.5366516,0.0058266525,1.0674766,1.2188511,0.0,1.2188511,0.30471277
48733,0.03882743,0.0056667575,0.071988106,0.084190965,0.0,0.084190965,0.021047741
48735,0.19663812,0.0055319197,0.38774434,0.3144602,0.0,0.3144602,0.07861505
48738,0.32111135,0.0053254836,0.63689727,0.53434104,0.0,0.53434104,0.13358526
48740,0.03769788,0.0052383263,0.07015744,0.097285904,0.0,0.097285904,0.024321476
48743,0.31076545,0.0051007713,0.6164301,0.5255707,0.0,0.5255707,0.13139267
48746,0.8843518,0.0050513805,1.7636522,1.9501649,0.0,1.9501649,0.48754123
48748,0.053203046,0.0049667386,0.10143936,0.12519832,0.0,0.12519832,0.03129958
48751,0.055128098,0.0049222386,0.105333954,0.12632088,0.0,0.12632088,0.03158022
48754,0.24810159,0.0049188943,0.49128428,0.59020144,0.0,0.59020144,0.14755036
48756,0.1221858,0.005133007,0.23923858,0.1878676,0.0,0.1878676,0.0469669
48759,0.054556984,0.004981616,0.104132354,0.14036673,0.0,0.14036673,0.035091683
48761,0.54748094,0.0050116745,1.0899502,0.9608633,0.0,0.9608633,0.24021582
48764,0.05379529,0.005070597,0.10251998,0.079869956,0.0,0.079869956,0.019967489
48767,0.12309224,0.005184592,0.24099989,0.28134453,0.0,0.28134453,0.07033613
48769,0.54482067,0.0052318983,1.0844094,0.9533898,0.0,0.9533898,0.23834746
48772,0.09548333,0.005412206,0.18555446,0.21697086,0.0,0.21697086,0.054242715
48774,0.08798822,0.005533401,0.17044304,0.22552796,0.0,0.22552796,0.05638199
48777,0.040856358,0.005815245,0.07589746,0.09938199,0.0,0.09938199,0.024845498
48780,0.3937885,0.006026286,0.7815507,0.90752417,0.0,0.90752417,0.22688104
48782,0.046209272,0.0061946134,0.08622393,0.12704593,0.0,0.12704593,0.031761482
48785,0.23433869,0.006380469,0.46229687,0.57393056,0.0,0.57393056,0.14348264
48787,0.16205525,0.0065069557,0.31760356,0.24279432,0.0,0.24279432,0.06069858
48790,0.04651852,0.0066981628,0.08633888,0.12322108,0.0,0.12322108,0.03080527
48793,0.09843475,0.0070596314,0.18980987,0.25411746,0.0,0.25411746,0.063529365
48795,0.30958244,0.007312114,0.6118528,0.50051665,0.0,0.50051665,0.12512916
48798,0.063288026,0.0077538765,0.118822165,0.086668216,0.0,0.086668216,0.021667054
48801,0.13230027,0.0080765635,0.25652397,0.3031161,0.0,0.3031161,0.07577903
48803,0.90898794,0.008422986,1.8095528,1.578441,0.0,1.578441,0.39461026
48806,0.23072994,0.008675101,0.45278478,0.5776152,0.0,0.5776152,0.1444038
48808,0.19115198,0.008880994,0.37342295,0.4730657,0.0,0.4730657,0.118266426
48811,0.045389865,0.00934521,0.081434526,0.054206114,0.0,0.054206114,0.013551529
48814,0.33363712,0.009741365,0.6575329,0.80897635,0.0,0.80897635,0.20224409
48816,0.083289795,0.010298779,0.1562808,0.116564214,0.0,0.116564214,0.029141054
48819,0.46554875,0.011198494,0.919899,0.7335248,0.0,0.7335248,0.1833812
48821,0.4713668,0.011786237,0.93094736,0.75016993,0.0,0.75016993,0.18754248
48824,0.3490044,0.012578532,0.6854302,0.5298741,0.0,0.5298741,0.13246852
48827,0.1578768,0.013182684,0.30257094,0.42242837,0.0,0.42242837,0.10560709
48829,0.35771027,0.013548866,0.7018717,0.5282443,0.0,0.5282443,0.13206108
48832,0.035090003,0.013861336,0.056318674,0.07201196,0.0,0.07201196,0.01800299
48834,0.04868376,0.01407335,0.08329417,0.051334288,0.0,0.051334288,0.012833572
48837,0.24496377,0.014331237,0.4755963,0.64131033,0.0,0.64131033,0.16032758
48840,0.35169306,0.014610921,0.68877524,0.5142557,0.0,0.5142557,0.12856393
48842,0.5873018,0.014749631,1.1598539,1.4209032,0.0,1.4209032,0.3552258
48845,0.41254663,0.014974748,0.8101185,0.6100402,0.0,0.6100402,0.15251005
48848,0.6674071,0.015126306,1.319688,1.0837071,0.0,1.0837071,0.27092677
48850,0.21599221,0.015221319,0.4167631,0.29936373,0.0,0.29936373,0.07484093
48853,0.20654269,0.015366402,0.397719,0.5576663,0.0,0.5576663,0.13941658
48855,0.24337876,0.015379789,0.47137773,0.33894828,0.0,0.33894828,0.08473707
48858,0.122326575,0.015402188,0.22925095,0.14787126,0.0,0.14787126,0.036967814
48861,0.122389756,0.015454218,0.2293253,0.14771713,0.0,0.14771713,0.036929283
48863,0.04614563,0.015499298,0.07679196,0.112652995,0.0,0.112652995,0.028163249
48866,1.0382055,0.015514982,2.0608962,1.7287197,0.0,1.7287197,0.43217993
48868,0.51504904,0.01552853,1.0145696,1.2694803,0.0,1.2694803,0.3173701
48871,0.3634278,0.015544373,0.7113113,0.5414799,0.0,0.5414799,0.13536997
48874,0.033455346,0.01562158,0.05128911,0.07739159,0.0,0.07739159,0.019347897
48876,0.06916074,0.01568689,0.12263459,0.1572682,0.0,0.1572682,0.03931705
48879,0.092694215,0.015789732,0.1695987,0.10544632,0.0,0.10544632,0.02636158
48881,0.164675,0.01589055,0.31345943,0.42438808,0.0,0.42438808,0.10609702
48884,0.62267596,0.016163737,1.2291881,0.991906,0.0,0.991906,0.2479765
48887,0.12449297,0.016067235,0.23291872,0.15234639,0.0,0.15234639,0.038086597
48889,0.34326306,0.016038604,0.6704876,0.88544995,0.0,0.88544995,0.22136249
48892,0.24181587,0.01606952,0.4675622,0.33386555,0.0,0.33386555,0.08346639
48895,0.3703631,0.016377388,0.7243488,0.5415217,0.0,0.5415217,0.13538043
48897,0.12132303,0.016526802,0.22611926,0.33951226,0.0,0.33951226,0.084878065
48900,0.12509151,0.016557187,0.23362584,0.33072433,0.0,0.33072433,0.08268108
48902,0.4162252,0.016983824,0.8154666,0.621645,0.0,0.621645,0.15541124
48905,0.035968307,0.016799318,0.055137303,0.025270926,0.0,0.025270926,0.0063177315
48908,0.047385503,0.016970802,0.07780021,0.09702877,0.0,0.09702877,0.024257192
48910,0.560119,0.017114514,1.1031235,1.3813325,0.0,1.3813325,0.34533313
48913,0.061207622,0.017511947,0.1049033,0.13251126,0.0,0.13251126,0.033127815
48915,0.6915218,0.018014194,1.3650293,1.6766578,0.0,1.6766578,0.41916445
48918,0.100474596,0.018894562,0.18205464,0.30288506,0.0,0.30288506,0.075721264
48921,0.057186365,0.01948675,0.09488598,0.18521293,0.0,0.18521293,0.04630323
48923,0.6780427,0.01973951,1.336346,1.0579196,0.0,1.0579196,0.2644799
48926,0.08492953,0.02026251,0.14959656,0.24836706,0.0,0.24836706,0.062091764
48928,1.1429518,0.020592732,2.265311,1.8727013,0.0,1.8727013,0.46817532
48931,0.50867367,0.021268675,0.99607867,1.2939534,0.0,1.2939534,0.32348835
48934,0.17924786,0.02201026,0.33648548,0.5213609,0.0,0.5213609,0.13034022
48936,0.34950078,0.02245973,0.6765418,0.9191225,0.0,0.9191225,0.22978063
48939,0.084607325,0.022853235,0.14636141,0.26762733,0.0,0.26762733,0.06690683
48942,0.36578742,0.023330465,0.7082444,0.4986876,0.0,0.4986876,0.1246719
48944,0.16556121,0.02344355,0.3076789,0.19864953,0.0,0.19864953,0.04966238
48947,0.23429658,0.023386344,0.4452068,0.2962385,0.0,0.2962385,0.07405963
48949,0.029908469,0.023314342,0.036502592,0.0368603,0.0,0.0368603,0.009215075
48952,0.22540276,0.0232103,0.42759523,0.2668004,0.0,0.2668004,0.0667001
48955,0.66225207,0.023074532,1.3014296,1.0123254,0.0,1.0123254,0.25308135
48957,0.23396367,0.022949288,0.44497803,0.28939086,0.0,0.28939086,0.072347715
48960,0.13998072,0.022746062,0.25721538,0.3843508,0.0,0.3843508,0.0960877
48962,0.051681314,0.022527618,0.080835015,0.09135964,0.0,0.09135964,0.02283991
48965,0.05727324,0.022140915,0.09240556,0.14793335,0.0,0.14793335,0.036983337
48968,0.02452854,0.02154536,0.027511721,0.023412311,0.0,0.023412311,0.005853078
48970,0.23526931,0.021089256,0.4494494,0.6250982,0.0,0.6250982,0.15627456
48973,0.11044147,0.020493684,0.20038925,0.29932845,0.0,0.29932845,0.07483211
48975,0.5431879,0.019532766,1.066843,0.86517495,0.0,0.86517495,0.21629374
48978,0.104294956,0.018627085,0.18996282,0.25805822,0.0,0.25805822,0.064514555
48981,0.48358297,0.017749986,0.9494159,0.71874636,0.0,0.71874636,0.17968659
48983,0.51362556,0.01715974,1.0100913,0.84084636,0.0,0.84084636,0.21021159
48986,0.16423912,0.016077282,0.31240097,0.22487043,0.0,0.22487043,0.056217607
48989,0.046678767,0.0149131,0.078444436,0.1411113,0.0,0.1411113,0.035277825
48991,0.42329487,0.014225059,0.8323646,1.0109128,0.0,1.0109128,0.2527282
48994,0.18126355,0.012959883,0.3495672,0.26865253,0.0,0.26865253,0.06716313
48996,0.18062781,0.012132939,0.34912267,0.40893945,0.0,0.40893945,0.10223486
48999,0.5309724,0.011022165,1.0509228,0.88202816,0.0,0.88202816,0.22050704
49002,0.18778421,0.009922385,0.36564603,0.48015848,0.0,0.48015848,0.12003962
49004,0.14837876,0.009183299,0.2875742,0.21219476,0.0,0.21219476,0.05304869
49007,0.28346112,0.008200393,0.55872184,0.469215,0.0,0.469215,0.11730375
49009,0.029892074,0.0076028905,0.05218126,0.07898694,0.0,0.07898694,0.019746736
49012,0.2414095,0.006846579,0.4759724,0.5371513,0.0,0.5371513,0.13428782
49015,0.060100395,0.006198703,0.114002086,0.08649299,0.0,0.08649299,0.021623248
49017,0.36222795,0.0056604077,0.71879554,0.82448083,0.0,0.82448083,0.20612021
49020,0.29785296,0.0050088568,0.59069705,0.5180848,0.0,0.5180848,0.1295212
49023,0.43294752,0.004471865,0.8614232,0.776732,0.0,0.776732,0.194183
49025,0.077689886,0.004148003,0.15123177,0.12108904,0.0,0.12108904,0.03027226
49028,0.022459602,0.004012097,0.040907107,0.05465411,0.0,0.05465411,0.013663528
49030,0.032603152,0.0037503606,0.061455946,0.085543744,0.0,0.085543744,0.021385936
49033,0.028990952,0.003547244,0.054434657,0.057280462,0.0,0.057280462,0.014320116
49036,0.043392826,0.003398681,0.08338698,0.061222475,0.0,0.061222475,0.015305619
49038,0.66746813,0.0033892381,1.331547,1.2496004,0.0,1.2496004,0.3124001
49041,0.62179095,0.0026594151,1.2409225,1.3433009,0.0,1.3433009,0.33582523
49043,0.15394124,0.0024264227,0.30545607,0.3276582,0.0,0.3276582,0.08191455
49046,0.0737792,0.0021901682,0.14536823,0.12726913,0.0,0.12726913,0.031817283
49049,0.09574167,0.0019772872,0.18950605,0.22095986,0.0,0.22095986,0.055239964
49051,0.313344,0.001866743,0.62482125,0.5624807,0.0,0.5624807,0.14062017
49054,0.13902585,0.0017348739,0.27631685,0.30420732,0.0,0.30420732,0.07605183
49056,0.21976073,0.0016785251,0.43784297,0.4826186,0.0,0.4826186,0.12065465
49059,0.08987651,0.001621915,0.1781311,0.1514498,0.0,0.1514498,0.03786245
49062,0.049517233,0.0015999848,0.09743448,0.10617158,0.0,0.10617158,0.026542895
49064,0.056230683,0.0015804124,0.11088095,0.09685429,0.0,0.09685429,0.024213573
49067,0.66611224,0.0016099283,1.3306146,1.4182372,0.0,1.4182372,0.3545593
49070,0.035600904,0.0016663554,0.06953546,0.07382763,0.0,0.07382763,0.018456908
49072,0.25386497,0.0017030718,0.5060269,0.45847926,0.0,0.45847926,0.114619814
49075,0.28073427,0.0017704195,0.5596981,0.61981434,0.0,0.61981434,0.15495358
49077,0.027285889,0.0018105201,0.052761257,0.043656122,0.0,0.043656122,0.0109140305
49080,0.048609655,0.0018949494,0.09532436,0.078869276,0.0,0.078869276,0.019717319
49083,0.025194667,0.0019903823,0.048398953,0.057580937,0.0,0.057580937,0.014395234
49085,0.21941756,0.0020900073,0.43674508,0.49503255,0.0,0.49503255,0.12375814
49088,0.01392736,0.0022722671,0.025582453,0.029232442,0.0,0.029232442,0.0073081106
49090,0.53736347,0.0024313035,1.0722957,1.1706723,0.0,1.1706723,0.29266807
49093,0.25736466,0.002707728,0.5120216,0.44436362,0.0,0.44436362,0.111090906
49096,0.39662448,0.003014383,0.79023457,0.88147384,0.0,0.88147384,0.22036846
49098,0.47903505,0.003208721,0.9548614,0.85524267,0.0,0.85524267,0.21381067
49101,0.03941569,0.0035755595,0.075255826,0.081747286,0.0,0.081747286,0.020436822
49103,0.5433833,0.0037876226,1.0829791,1.2037934,0.0,1.2037934,0.30094835
49106,0.023499316,0.004110319,0.042888314,0.053078245,0.0,0.053078245,0.013269561
49109,0.035942167,0.004487218,0.06739712,0.05160633,0.0,0.05160633,0.012901583
49111,0.43070114,0.004782157,0.85662013,0.97459745,0.0,0.97459745,0.24364936
49114,0.3315715,0.0052312254,0.6579118,0.7715761,0.0,0.7715761,0.19289403
49117,0.0218952,0.0056273304,0.03816307,0.040637042,0.0,0.040637042,0.010159261
49119,0.030173624,0.0058696964,0.054477554,0.06727031,0.0,0.06727031,0.016817577
49122,0.35787258,0.0059263,0.70981884,0.5931587,0.0,0.5931587,0.14828968
49124,0.34397373,0.0059735966,0.6819739,0.57391924,0.0,0.57391924,0.14347981
49127,0.058232073,0.006060926,0.11040322,0.13677098,0.0,0.13677098,0.034192745
49130,0.43289018,0.0061021526,0.8596782,0.9855523,0.0,0.9855523,0.24638808
49132,0.6546605,0.006135028,1.3031859,1.4788831,0.0,1.4788831,0.3697208
49135,0.54408914,0.006270314,1.0819079,1.2293653,0.0,1.2293653,0.30734134
49137,0.04279219,0.006303822,0.07928056,0.055923264,0.0,0.055923264,0.013980816
49140,0.037537377,0.0061351373,0.06893962,0.047651574,0.0,0.047651574,0.0119128935
49143,0.20448588,0.00609469,0.40287706,0.32207736,0.0,0.32207736,0.08051934
49145,0.80884093,0.0061502424,1.6115316,1.8049692,0.0,1.8049692,0.4512423
49148,0.5285681,0.006266624,1.0508696,0.90861386,0.0,0.90861386,0.22715347
49150,0.2536126,0.0063817254,0.5008435,0.41216263,0.0,0.41216263,0.10304066
49153,0.011395858,0.006342108,0.016449608,0.021858633,0.0,0.021858633,0.005464658
49156,0.11216301,0.0063635795,0.21796244,0.16434647,0.0,0.16434647,0.041086618
49158,0.019233229,0.006569371,0.031897087,0.044532906,0.0,0.044532906,0.011133227
49161,0.037017893,0.0068505295,0.06718526,0.09348843,0.0,0.09348843,0.023372108
49164,0.13953967,0.0069368356,0.27214253,0.33226392,0.0,0.33226392,0.08306598
49166,0.041864228,0.007075511,0.076652944,0.05107482,0.0,0.05107482,0.012768705
49169,0.20745756,0.0072645787,0.40765056,0.33668196,0.0,0.33668196,0.08417049
49171,0.3219975,0.0073829456,0.63661206,0.52894,0.0,0.52894,0.132235
49174,0.17678644,0.0076238043,0.34594908,0.44162408,0.0,0.44162408,0.11040602
49177,0.38412735,0.007835234,0.7604194,0.63461906,0.0,0.63461906,0.15865476
49179,0.070660666,0.007904402,0.13341694,0.16672432,0.0,0.16672432,0.04168108
49182,0.47908172,0.008121684,0.9500418,0.80949956,0.0,0.80949956,0.20237489
49184,0.099311896,0.00835103,0.19027276,0.2622898,0.0,0.2622898,0.06557245
49187,0.088045426,0.008561354,0.16752951,0.10719717,0.0,0.10719717,0.026799293
49190,0.105858214,0.009160139,0.2025563,0.13075905,0.0,0.13075905,0.03268976
49192,0.021934854,0.009545619,0.03432409,0.034890953,0.0,0.034890953,0.008722738
49195,0.08045419,0.01038031,0.15052807,0.105475664,0.0,0.105475664,0.026368916
49197,0.026441604,0.0108431205,0.04204009,0.053607907,0.0,0.053607907,0.013401977
49200,0.05122821,0.011696746,0.09075967,0.054621477,0.0,0.054621477,0.013655369
49203,0.12801152,0.012709625,0.24331343,0.3520325,0.0,0.3520325,0.08800813
49205,0.12127378,0.013369043,0.2291785,0.24922623,0.0,0.24922623,0.062306557
49208,0.08932183,0.014594483,0.16404918,0.11924363,0.0,0.11924363,0.029810907
49211,0.045021582,0.015528408,0.07451476,0.08081338,0.0,0.08081338,0.020203345
49213,0.8086124,0.0160689,1.6011559,1.8952526,0.0,1.8952526,0.47381315
49216,0.3397604,0.016706476,0.6628143,0.47841525,0.0,0.47841525,0.11960381
49218,0.18467693,0.017072575,0.3522813,0.5182583,0.0,0.5182583,0.12956457
49221,0.4652187,0.017540324,0.9128971,1.1577803,0.0,1.1577803,0.28944507
49224,0.15334578,0.018015826,0.28867573,0.17006828,0.0,0.17006828,0.04251707
49226,0.05558287,0.018436806,0.092728935,0.16393556,0.0,0.16393556,0.04098389
49229,0.1831785,0.018913105,0.3474439,0.2183487,0.0,0.2183487,0.054587174
49231,0.13311502,0.019242186,0.24698786,0.3892441,0.0,0.3892441,0.09731103
49234,0.42154646,0.019672545,0.82342035,0.6100783,0.0,0.6100783,0.15251957
49237,0.6472664,0.020271389,1.2742614,0.98114467,0.0,0.98114467,0.24528617
49239,0.024648257,0.020779913,0.0285166,0.041760597,0.0,0.041760597,0.010440149
49242,0.34479174,0.021457195,0.6681263,0.46161854,0.0,0.46161854,0.115404636
49244,0.18732339,0.021889677,0.3527571,0.521903,0.0,0.521903,0.13047574
49247,0.11675345,0.022601167,0.21090573,0.12231746,0.0,0.12231746,0.030579366
49250,0.30078843,0.023331905,0.5782449,0.82055575,0.0,0.82055575,0.20513894
49252,0.99534583,0.023647912,1.9670438,1.5674895,0.0,1.5674895,0.39187238
49255,0.13344581,0.023678422,0.24321322,0.39161158,0.0,0.39161158,0.097902894
49258,0.06333293,0.024035713,0.102630146,0.06344817,0.0,0.06344817,0.015862042
49260,0.24504901,0.024238497,0.46585953,0.6936827,0.0,0.6936827,0.17342067
49263,0.07063583,0.02419079,0.11708089,0.05603881,0.0,0.05603881,0.014009703
49265,0.15929033,0.024097161,0.29448348,0.47874823,0.0,0.47874823,0.11968706
49268,0.12096063,0.023524633,0.21839662,0.12577082,0.0,0.12577082,0.031442706
49271,0.027679032,0.022989944,0.03236812,0.03803785,0.0,0.03803785,0.009509463
49273,0.18817015,0.022483924,0.3538564,0.51250154,0.0,0.51250154,0.12812538
49276,0.42045972,0.021835074,0.81908435,0.5789703,0.0,0.5789703,0.14474258
49278,0.2646671,0.021405613,0.50792855,0.7122496,0.0,0.7122496,0.1780624
49281,0.16189039,0.020566901,0.30321386,0.18177156,0.0,0.18177156,0.04544289
49284,0.11254523,0.019657297,0.20543317,0.11988425,0.0,0.11988425,0.029971063
49286,0.11153645,0.019221053,0.20385186,0.30817476,0.0,0.30817476,0.07704369
49289,0.2581305,0.018568696,0.49769226,0.6903786,0.0,0.6903786,0.17259465
49291,0.31845686,0.018224185,0.61868954,0.4750298,0.0,0.4750298,0.11875745
49294,0.049423072,0.01766301,0.08118314,0.036277663,0.0,0.036277663,0.009069416
49297,0.11979916,0.017431932,0.22216637,0.13762261,0.0,0.13762261,0.034405652
49299,0.29713306,0.017194273,0.57707185,0.4401714,0.0,0.4401714,0.11004285
49302,0.13293043,0.016849058,0.2490118,0.16923435,0.0,0.16923435,0.042308588
49305,0.38737527,0.016392142,0.7583584,0.5921407,0.0,0.5921407,0.14803517
49307,0.077814385,0.015990091,0.13963868,0.20243932,0.0,0.20243932,0.05060983
49310,0.07911841,0.015568643,0.14266817,0.18745197,0.0,0.18745197,0.046862993
49312,0.42573643,0.01527596,0.8361969,0.64696777,0.0,0.64696777,0.16174194
49315,0.017498078,0.014917961,0.020078195,0.01909445,0.0,0.01909445,0.0047736126
49318,0.0466878,0.014278005,0.079097606,0.041978266,0.0,0.041978266,0.0104945665
49320,0.3202983,0.013768342,0.62682825,0.49275157,0.0,0.49275157,0.12318789
49323,0.07772054,0.0129477875,0.1424933,0.20820999,0.0,0.20820999,0.052052498
49325,0.12687857,0.012552701,0.24120446,0.16608597,0.0,0.16608597,0.041521493
49328,0.091724746,0.011677516,0.17177196,0.11122089,0.0,0.11122089,0.027805222
49331,0.06911258,0.01083472,0.12739043,0.07283598,0.0,0.07283598,0.018208995
49333,0.43052784,0.01010749,0.85094815,0.70325357,0.0,0.70325357,0.17581339
49336,0.60476977,0.009231713,1.2003078,1.0448939,0.0,1.0448939,0.26122347
49338,0.12424364,0.008842147,0.23964512,0.18030007,0.0,0.18030007,0.045075018
49341,0.051981915,0.008358871,0.095604956,0.121276475,0.0,0.121276475,0.030319119
49344,0.66565734,0.007911042,1.3234037,1.5224241,0.0,1.5224241,0.38060603
49346,0.033576045,0.007674904,0.05947719,0.06997258,0.0,0.06997258,0.017493146
49349,0.20472431,0.007404586,0.40204406,0.3105425,0.0,0.3105425,0.07763562
49352,0.039064392,0.007318797,0.07080998,0.08943868,0.0,0.08943868,0.02235967
49354,0.057868477,0.007322047,0.10841491,0.15402602,0.0,0.15402602,0.038506504
49357,0.060942654,0.0072767213,0.114608586,0.14732407,0.0,0.14732407,0.036831018
49359,0.027315417,0.007301251,0.047329586,0.07112845,0.0,0.07112845,0.017782113
49362,0.847806,0.0073855207,1.6882263,1.8909861,0.0,1.8909861,0.47274652
49365,0.09011444,0.0072692265,0.17295964,0.23792247,0.0,0.23792247,0.05948062
49367,0.08883601,0.0072846212,0.17038739,0.23799591,0.0,0.23799591,0.059498977
49370,0.16075085,0.0074914075,0.3140103,0.23761512,0.0,0.23761512,0.05940378
49372,0.48837435,0.007566972,0.9691817,1.1065985,0.0,1.1065985,0.27664962
49375,0.5124755,0.0076809437,1.01727,1.169074,0.0,1.169074,0.2922685
49378,0.048591256,0.007819687,0.08936283,0.061474312,0.0,0.061474312,0.015368578
49380,0.073590904,0.007885402,0.1392964,0.10529772,0.0,0.10529772,0.02632443
49383,0.25629476,0.008011492,0.50457805,0.39747524,0.0,0.39747524,0.09936881
49385,0.4362723,0.008178767,0.8643658,1.0330392,0.0,1.0330392,0.2582598
49388,0.67750525,0.0082999505,1.3467106,1.153089,0.0,1.153089,0.28827226
49391,0.58164805,0.008445182,1.154851,1.3547627,0.0,1.3547627,0.33869067
49393,0.9275473,0.008519978,1.8465747,1.6093563,0.0,1.6093563,0.40233907
49396,0.03723342,0.008645538,0.0658213,0.04159045,0.0,0.04159045,0.010397612
49399,0.26906925,0.008781683,0.52935684,0.41560504,0.0,0.41560504,0.10390126
49401,0.09589406,0.008894246,0.18289387,0.24498852,0.0,0.24498852,0.06124713
49404,0.57144564,0.009078766,1.1338125,1.3304194,0.0,1.3304194,0.33260486
49406,0.17790766,0.009206719,0.3466086,0.46419773,0.0,0.46419773,0.11604943
49409,0.087660246,0.009391815,0.16592868,0.24320419,0.0,0.24320419,0.060801048
49412,0.15428852,0.0095165465,0.2990605,0.23353188,0.0,0.23353188,0.05838297
49414,0.02216083,0.0095534725,0.03476819,0.033412486,0.0,0.033412486,0.008353122
49417,0.22228192,0.009594026,0.43496978,0.32411692,0.0,0.32411692,0.08102923
49419,0.22500288,0.009623551,0.4403822,0.32755962,0.0,0.32755962,0.081889905
49422,0.36933413,0.009684223,0.72898406,0.8745761,0.0,0.8745761,0.21864402
49425,0.04450154,0.009755118,0.07924796,0.052456837,0.0,0.052456837,0.013114209
49427,0.0705188,0.009803435,0.13123417,0.08557036,0.0,0.08557036,0.02139259
49430,0.16708767,0.009889862,0.32428548,0.42020965,0.0,0.42020965,0.10505241
49432,0.62617487,0.00995272,1.242397,1.072101,0.0,1.072101,0.26802525
49435,0.14002095,0.01002238,0.27001953,0.20147891,0.0,0.20147891,0.05036973
49438,0.39147294,0.010029941,0.7729159,0.61793154,0.0,0.61793154,0.15448289
49440,0.105716206,0.010010682,0.20142174,0.2609333,0.0,0.2609333,0.06523333
49443,0.120023854,0.009970057,0.23007767,0.28988308,0.0,0.28988308,0.07247077
49446,0.6825855,0.009941453,1.3552295,1.1771952,0.0,1.1771952,0.2942988
49448,0.06380615,0.009921551,0.11769074,0.07609927,0.0,0.07609927,0.019024817
49451,0.024293995,0.009878144,0.038709845,0.049529333,0.0,0.049529333,0.012382333
49453,0.29906937,0.009846008,0.5882928,0.475402,0.0,0.475402,0.1188505
49456,0.051581386,0.00980104,0.093361735,0.123090126,0.0,0.123090126,0.030772531
49459,0.33957294,0.009774334,0.66937155,0.5353403,0.0,0.5353403,0.13383508
49461,0.052159887,0.009712861,0.094606906,0.067356646,0.0,0.067356646,0.016839162
49464,0.09353879,0.009655125,0.17742246,0.1283564,0.0,0.1283564,0.0320891
49466,0.025922412,0.009595779,0.04224905,0.05601861,0.0,0.05601861,0.014004652
49469,0.14850982,0.009556503,0.2874631,0.205743,0.0,0.205743,0.05143575
49472,0.13149263,0.009536263,0.253449,0.32704213,0.0,0.32704213,0.08176053
49474,0.080759525,0.009535368,0.15198368,0.22420494,0.0,0.22420494,0.056051236
49477,0.40090644,0.009566997,0.79224586,0.94953537,0.0,0.94953537,0.23738384
49479,0.2753138,0.009569109,0.5410585,0.4186784,0.0,0.4186784,0.1046696
49482,0.22204523,0.009680245,0.4344102,0.56725144,0.0,0.56725144,0.14181286
49485,0.054221947,0.009767464,0.098676436,0.14920938,0.0,0.14920938,0.037302345
49487,0.050293,0.0098412605,0.090744734,0.063182235,0.0,0.063182235,0.015795559
49490,0.30018356,0.00995428,0.59041286,0.4671967,0.0,0.4671967,0.116799176
49493,0.053960904,0.010114465,0.09780735,0.10303422,0.0,0.10303422,0.025758555
49495,0.063365944,0.01022512,0.11650678,0.18520789,0.0,0.18520789,0.046301972
49498,1.0948273,0.010421614,2.1792328,1.9015923,0.0,1.9015923,0.47539806
49500,0.315293,0.010597787,0.61998826,0.78268003,0.0,0.78268003,0.19567001
49503,0.7874647,0.010939822,1.5639896,1.3196214,0.0,1.3196214,0.32990536
49506,0.09940431,0.011220735,0.1875879,0.21800403,0.0,0.21800403,0.05450101
49508,0.17630462,0.011428423,0.3411808,0.24083991,0.0,0.24083991,0.06020998
49511,0.12867674,0.011742926,0.24561055,0.342723,0.0,0.342723,0.08568075
49513,0.051893964,0.0119437175,0.09184421,0.12540981,0.0,0.12540981,0.031352453
49516,0.06828138,0.012131986,0.124430776,0.20227925,0.0,0.20227925,0.050569814
49519,0.045769144,0.012321482,0.079216816,0.12362019,0.0,0.12362019,0.030905047
49521,0.3026709,0.012450025,0.59289175,0.4405162,0.0,0.4405162,0.11012905
49524,0.31935355,0.0126294,0.6260777,0.47480536,0.0,0.47480536,0.11870134
49527,0.36686978,0.012753001,0.72098655,0.56144816,0.0,0.56144816,0.14036204
49529,0.06736463,0.012836044,0.12189322,0.08049923,0.0,0.08049923,0.020124808
49532,0.08848685,0.012998362,0.16397533,0.24233977,0.0,0.24233977,0.060584944
49534,0.09265759,0.01311164,0.17220354,0.11091518,0.0,0.11091518,0.027728794
49537,0.87884873,0.0132021895,1.7444953,1.4587959,0.0,1.4587959,0.36469898
49540,0.41382,0.013129444,0.8145105,1.0179998,0.0,1.0179998,0.25449994
49542,0.8096976,0.01300713,1.6063881,1.342673,0.0,1.342673,0.33566824
49545,0.038138747,0.012847987,0.063429505,0.07273654,0.0,0.07273654,0.018184135
49547,0.14816324,0.012766373,0.2835601,0.2004463,0.0,0.2004463,0.050111573
49550,0.69188076,0.012565712,1.3711958,1.15863,0.0,1.15863,0.2896575
49553,0.10781371,0.012318321,0.2033091,0.13436559,0.0,0.13436559,0.033591397
49555,0.038894314,0.012173221,0.06561541,0.10706594,0.0,0.10706594,0.026766485
49558,0.7773792,0.011950252,1.5428082,1.3081719,0.0,1.3081719,0.32704297
49560,0.07410219,0.011776428,0.13642795,0.19968943,0.0,0.19968943,0.04992236
49563,0.22499742,0.011526161,0.4384687,0.3553389,0.0,0.3553389,0.088834725
49566,0.09588311,0.011267152,0.18049908,0.12656316,0.0,0.12656316,0.03164079
49568,0.1776439,0.011083116,0.34420466,0.4682012,0.0,0.4682012,0.1170503
49571,0.04700422,0.01077145,0.083236985,0.050857123,0.0,0.050857123,0.012714281
49574,0.39561465,0.010441087,0.78078824,0.65527207,0.0,0.65527207,0.16381802
49576,0.064317904,0.010214529,0.11842128,0.17157769,0.0,0.17157769,0.042894423
49579,0.20426874,0.009883388,0.39865407,0.3038167,0.0,0.3038167,0.07595418
49581,0.065726794,0.009650649,0.12180293,0.17716385,0.0,0.17716385,0.044290964
49584,0.09783506,0.009316473,0.18635364,0.13241854,0.0,0.13241854,0.033104636
49587,0.16999178,0.008940881,0.33104268,0.25960746,0.0,0.25960746,0.064901866
49589,0.0751373,0.008687682,0.14158691,0.09417343,0.0,0.09417343,0.023543358
49592,0.22672611,0.008331259,0.44512096,0.35382423,0.0,0.35382423,0.08845606
49594,0.22249997,0.008074459,0.4369255,0.52764165,0.0,0.52764165,0.13191041
49597,0.166436,0.007682593,0.3251894,0.39230788,0.0,0.39230788,0.09807697
49600,0.06905071,0.007370706,0.1307307,0.08591956,0.0,0.08591956,0.02147989
49602,0.2600455,0.0071707075,0.51292026,0.4178525,0.0,0.4178525,0.10446312
49605,0.06599776,0.0069620735,0.12503344,0.16660032,0.0,0.16660032,0.04165008
49607,0.038843628,0.00684797,0.070839286,0.047659386,0.0,0.047659386,0.0119148465
49610,0.07301211,0.0067152106,0.13930902,0.10006428,0.0,0.10006428,0.02501607
49613,0.057363477,0.006557264,0.10816968,0.14651336,0.0,0.14651336,0.03662834
49615,0.04572804,0.006496566,0.08495951,0.061627228,0.0,0.061627228,0.015406807
49618,0.60618156,0.0064342325,1.2059289,1.0649786,0.0,1.0649786,0.26624465
49621,0.13180923,0.006387206,0.25723127,0.1955216,0.0,0.1955216,0.0488804
49623,0.027131846,0.0063234232,0.04794027,0.029001318,0.0,0.029001318,0.0072503295
49626,0.031965245,0.006322785,0.0576077,0.08315587,0.0,0.08315587,0.020788968
49628,0.3889329,0.0063510924,0.7715147,0.64338964,0.0,0.64338964,0.16084741
49631,0.5702195,0.0064188666,1.1340202,1.2863595,0.0,1.2863595,0.3215899
49634,0.5054885,0.0063183107,1.0046587,0.8589034,0.0,0.8589034,0.21472585
49636,0.1558919,0.006263943,0.30551985,0.3857906,0.0,0.3857906,0.09644765
49639,0.45033562,0.006177824,0.8944934,1.0399786,0.0,1.0399786,0.25999466
49641,0.06585262,0.0061387667,0.12556648,0.17123102,0.0,0.17123102,0.042807754
49644,0.49421263,0.006116094,0.98230916,1.1333193,0.0,1.1333193,0.2833298
49647,0.22087254,0.0060770153,0.43566808,0.5413862,0.0,0.5413862,0.13534655
49649,0.6156594,0.0060495785,1.2252693,1.3795439,0.0,1.3795439,0.34488598
49652,0.087892294,0.0060116537,0.16977294,0.12350085,0.0,0.12350085,0.030875212
49654,0.19764261,0.0059865005,0.3892987,0.48807287,0.0,0.48807287,0.12201822
49657,0.0672799,0.005961262,0.12859854,0.16338076,0.0,0.16338076,0.04084519
49660,0.16058964,0.0059277224,0.31525156,0.25370765,0.0,0.25370765,0.06342691
49662,0.7962117,0.0059053046,1.5865182,1.7792062,0.0,1.7792062,0.44480154
49665,0.56311876,0.0058586486,1.1203789,0.969876,0.0,0.969876,0.242469
49668,0.03035895,0.0058041825,0.05491372,0.07961266,0.0,0.07961266,0.019903164
49670,0.36805806,0.005766839,0.73034924,0.62770814,0.0,0.62770814,0.15692703
49673,0.03237002,0.005694995,0.059045043,0.07201224,0.0,0.07201224,0.01800306
49675,0.13795426,0.005635498,0.27027303,0.22164007,0.0,0.22164007,0.055410016
49678,0.16062526,0.005555194,0.31569535,0.36669612,0.0,0.36669612,0.09167403
49681,0.57324374,0.005459865,1.1410276,1.295781,0.0,1.295781,0.32394525
49683,0.86227065,0.0054126824,1.7191286,1.5432863,0.0,1.5432863,0.38582158
49686,0.0740611,0.005296666,0.14282554,0.10643691,0.0,0.10643691,0.026609227
49688,0.049714655,0.005215846,0.09421346,0.067016445,0.0,0.067016445,0.016754111
49691,0.23617935,0.0050997627,0.46725893,0.38726124,0.0,0.38726124,0.09681531
49694,0.052772257,0.0049666227,0.10057789,0.12958005,0.0,0.12958005,0.032395013
49696,0.04975609,0.0048460523,0.09466612,0.12313128,0.0,0.12313128,0.03078282
49699,0.2311377,0.0047000707,0.45757532,0.38558388,0.0,0.38558388,0.09639597
49701,0.26326877,0.0046038963,0.5219336,0.621182,0.0,0.621182,0.1552955
49704,0.059050526,0.0044781542,0.1136229,0.081962176,0.0,0.081962176,0.020490544
49707,0.4070178,0.0043643448,0.8096712,0.71480685,0.0,0.71480685,0.17870171
49709,0.21862209,0.004312292,0.4329319,0.50442857,0.0,0.50442857,0.12610714
49712,0.053245544,0.004244857,0.10224623,0.07703545,0.0,0.07703545,0.019258862
49715,0.16877444,0.004196008,0.3333529,0.28331736,0.0,0.28331736,0.07082934
49717,0.32844824,0.0041677593,0.65272874,0.56905,0.0,0.56905,0.1422625
49720,0.15288739,0.004124005,0.30165076,0.36139742,0.0,0.36139742,0.090349354
49722,0.14749552,0.004124513,0.29086652,0.24717605,0.0,0.24717605,0.061794013
49725,0.039700557,0.0041363747,0.075264744,0.09582379,0.0,0.09582379,0.023955947
49728,0.14178212,0.004155611,0.27940863,0.32659107,0.0,0.32659107,0.08164777
49730,0.4361116,0.00419494,0.8680282,0.778155,0.0,0.778155,0.19453876
49733,0.4265534,0.0042470666,0.8488598,0.7616086,0.0,0.7616086,0.19040215
49735,0.09235851,0.0042702695,0.18044674,0.22543484,0.0,0.22543484,0.05635871
49738,0.50853384,0.004304021,1.0127636,1.1402917,0.0,1.1402917,0.28507292
49741,0.009564591,0.004350389,0.014778793,0.016724536,0.0,0.016724536,0.004181134
49743,0.09573246,0.004379232,0.18708569,0.14258306,0.0,0.14258306,0.035645764
49746,0.079959385,0.0044057663,0.155513,0.11984224,0.0,0.11984224,0.02996056
49748,0.16170588,0.004449658,0.3189621,0.25924745,0.0,0.25924745,0.06481186
49751,0.18260628,0.004549842,0.3606627,0.301573,0.0,0.301573,0.07539325
49754,0.36975303,0.004605627,0.7349005,0.62566704,0.0,0.62566704,0.15641676
49756,0.3107769,0.004648946,0.6169048,0.52170926,0.0,0.52170926,0.13042732
49759,0.3156542,0.0047174213,0.6265909,0.5278712,0.0,0.5278712,0.1319678
49762,0.6188935,0.004780989,1.233006,1.1076065,0.0,1.1076065,0.27690163
49764,0.04737842,0.004806567,0.08995027,0.06471926,0.0,0.06471926,0.016179815
49767,0.23680222,0.004880987,0.46872345,0.56033635,0.0,0.56033635,0.14008409
49769,0.20103186,0.0049405782,0.39712313,0.48696733,0.0,0.48696733,0.12174183
49772,0.41855645,0.005039764,0.83207315,0.96151495,0.0,0.96151495,0.24037874
49775,0.066931434,0.005208259,0.12865461,0.101774275,0.0,0.101774275,0.025443569
49777,0.18729442,0.0053340998,0.36925474,0.45412123,0.0,0.45412123,0.11353031
49780,0.32403943,0.005533058,0.6425458,0.53618544,0.0,0.53618544,0.13404636
49782,0.09687761,0.0056898906,0.18806534,0.2538089,0.0,0.2538089,0.06345222
49785,0.1379609,0.005921632,0.27000013,0.3428754,0.0,0.3428754,0.08571885
49788,0.6545157,0.0062147263,1.3028166,1.1327847,0.0,1.1327847,0.28319618
49790,0.8749678,0.0064028786,1.7435328,1.5428257,0.0,1.5428257,0.38570642
49793,0.014312033,0.0067116567,0.021912409,0.026812375,0.0,0.026812375,0.0067030936
49795,0.28427458,0.006925357,0.5616238,0.4501394,0.0,0.4501394,0.11253485
49798,0.32980224,0.007308122,0.65229636,0.77091026,0.0,0.77091026,0.19272757
49801,0.6183118,0.0076203397,1.2290033,1.0514189,0.0,1.0514189,0.26285473
49803,0.042294636,0.007785723,0.07680355,0.095791005,0.0,0.095791005,0.023947751
49806,0.05056849,0.008050921,0.093086064,0.07211805,0.0,0.07211805,0.018029513
49809,0.029018404,0.008252616,0.049784195,0.031365294,0.0,0.031365294,0.0078413235
49811,0.62947,0.008394347,1.2505456,1.0668893,0.0,1.0668893,0.26672232
49814,0.061572056,0.008596721,0.114547394,0.083078265,0.0,0.083078265,0.020769566
49816,0.20030205,0.008731052,0.39187303,0.2954173,0.0,0.2954173,0.07385433
49819,0.17611848,0.008884375,0.34335256,0.25776523,0.0,0.25776523,0.06444131
49822,0.14455949,0.0090654185,0.28005356,0.35711145,0.0,0.35711145,0.08927786
49824,0.48583207,0.009229087,0.962435,0.8011306,0.0,0.8011306,0.20028265
49827,0.1982796,0.0094419075,0.3871173,0.28798506,0.0,0.28798506,0.071996264
49829,0.06514065,0.00960931,0.12067199,0.17388533,0.0,0.17388533,0.043471333
49832,0.42798033,0.009823951,0.84613675,0.6804797,0.0,0.6804797,0.17011993
49835,0.025902165,0.0099689765,0.041835353,0.041869372,0.0,0.041869372,0.010467343
49837,0.0616274,0.010067069,0.11318773,0.07968859,0.0,0.07968859,0.019922147
49840,0.07325934,0.010177559,0.13634111,0.17987378,0.0,0.17987378,0.044968445
49842,0.15881793,0.010202106,0.30743375,0.40199813,0.0,0.40199813,0.10049953
49845,0.05163753,0.010208215,0.09306685,0.11596197,0.0,0.11596197,0.028990492
49848,0.19459073,0.010213801,0.37896764,0.47976208,0.0,0.47976208,0.11994052
49850,0.14770685,0.010206054,0.28520766,0.35953608,0.0,0.35953608,0.08988402
49853,0.41074058,0.010161813,0.81131935,0.9672294,0.0,0.9672294,0.24180736
49856,0.15042366,0.010098406,0.29074892,0.2042452,0.0,0.2042452,0.0510613
49858,0.045472573,0.010031608,0.080913536,0.11674398,0.0,0.11674398,0.029185995
49861,0.6837678,0.009918244,1.3576174,1.5929909,0.0,1.5929909,0.39824772
49863,0.028969698,0.009849977,0.04808942,0.07780347,0.0,0.07780347,0.019450868
49866,0.10600791,0.009714765,0.20230107,0.27104345,0.0,0.27104345,0.06776086
49869,0.038779084,0.009609552,0.06794862,0.10760263,0.0,0.10760263,0.026900658
49871,0.3106103,0.0095516145,0.611669,0.48919502,0.0,0.48919502,0.122298755
49874,0.13802332,0.009419892,0.26662675,0.18935652,0.0,0.18935652,0.04733913
49876,0.034510966,0.009287756,0.05973418,0.09018344,0.0,0.09018344,0.02254586
49879,0.07518115,0.009058555,0.14130373,0.09507567,0.0,0.09507567,0.023768917
49882,0.6427887,0.008847411,1.2767301,1.4899086,0.0,1.4899086,0.37247714
49884,0.17267005,0.008748637,0.33659145,0.4252715,0.0,0.4252715,0.10631788
49887,0.038856626,0.008615758,0.0690975,0.050264295,0.0,0.050264295,0.012566074
49889,0.03281277,0.008567539,0.057058007,0.0709657,0.0,0.0709657,0.017741425
49892,0.67994004,0.008439171,1.3514409,1.5553976,0.0,1.5553976,0.3888494
49895,0.07769474,0.008360926,0.14702855,0.0984812,0.0,0.0984812,0.0246203
49897,0.6687941,0.008333869,1.3292543,1.1365942,0.0,1.1365942,0.28414854
49900,0.11335518,0.008291461,0.2184189,0.15185295,0.0,0.15185295,0.037963238
49903,0.13502352,0.008282109,0.2617649,0.18440093,0.0,0.18440093,0.046100233
49905,0.056168262,0.008344583,0.10399195,0.14986946,0.0,0.14986946,0.037467364
49908,0.110522605,0.008498722,0.21254648,0.15505888,0.0,0.15505888,0.03876472
49910,0.21356207,0.0085850945,0.41853905,0.52161276,0.0,0.52161276,0.13040319
49913,0.39879358,0.0087365145,0.7888506,0.64074486,0.0,0.64074486,0.16018622
49916,0.031914312,0.008928868,0.054899763,0.035134885,0.0,0.035134885,0.008783721
49918,0.058915615,0.009084606,0.108746625,0.076386265,0.0,0.076386265,0.019096566
49921,0.36716583,0.009330173,0.7250015,0.58311415,0.0,0.58311415,0.14577854
49923,0.85792303,0.009392861,1.7064532,1.9501747,0.0,1.9501747,0.48754367
49926,0.07886217,0.009675468,0.14804886,0.18729039,0.0,0.18729039,0.046822596
49929,0.22277285,0.009857689,0.43568802,0.32813475,0.0,0.32813475,0.08203369
49931,0.05166675,0.009916629,0.09341687,0.10046846,0.0,0.10046846,0.025117114
49934,0.04777172,0.010037891,0.085505545,0.14129479,0.0,0.14129479,0.035323698
49936,0.2307039,0.010224299,0.45118353,0.3319405,0.0,0.3319405,0.082985125
49939,0.30941924,0.010520258,0.6083182,0.4665996,0.0,0.4665996,0.1166499
49942,0.024835775,0.010748729,0.038922824,0.04404846,0.0,0.04404846,0.011012115
49944,0.10409677,0.010888375,0.19730516,0.27371493,0.0,0.27371493,0.06842873
49947,0.03415773,0.011052583,0.05726288,0.06501884,0.0,0.06501884,0.01625471
49950,0.032345492,0.011201762,0.053489227,0.06107198,0.0,0.06107198,0.015267995
49952,0.027756229,0.011250407,0.04426205,0.0496538,0.0,0.0496538,0.01241345
49955,0.28829026,0.011313959,0.56526655,0.44256306,0.0,0.44256306,0.110640764
49957,0.5748443,0.0113529,1.1383356,1.3655859,0.0,1.3655859,0.34139648
49960,0.0362026,0.011419247,0.060985953,0.08084102,0.0,0.08084102,0.020210255
49963,0.171804,0.0114819715,0.332126,0.42585793,0.0,0.42585793,0.10646448
49965,0.05250262,0.011462648,0.0935426,0.060863823,0.0,0.060863823,0.015215956
49968,0.18027759,0.011358116,0.34919706,0.2658051,0.0,0.2658051,0.066451274
49970,0.09686783,0.011243944,0.18249172,0.13003422,0.0,0.13003422,0.032508556
49973,0.033431772,0.011065175,0.05579837,0.0293322,0.0,0.0293322,0.00733305
49976,0.1361201,0.010713699,0.2615265,0.3264968,0.0,0.3264968,0.0816242
49978,0.118490726,0.010361419,0.22662003,0.15166606,0.0,0.15166606,0.037916515
49981,0.1956077,0.009890542,0.38132486,0.47067022,0.0,0.47067022,0.117667556
49983,0.54622394,0.009514594,1.0829333,0.9285776,0.0,0.9285776,0.2321444
49986,0.14891912,0.009084469,0.28875378,0.36178312,0.0,0.36178312,0.09044578
49989,0.07840819,0.00864123,0.14817515,0.11395645,0.0,0.11395645,0.028489113
49991,0.08072479,0.008282977,0.1531666,0.19197935,0.0,0.19197935,0.047994837
49994,0.22841783,0.007665195,0.44917047,0.5533127,0.0,0.5533127,0.13832818
49997,0.14518261,0.0070613828,0.28330383,0.22395766,0.0,0.22395766,0.055989414
49999,0.11877331,0.00667844,0.23086818,0.19414397,0.0,0.19414397,0.04853599
50002,0.02657065,0.006079614,0.047061685,0.07317432,0.0,0.07317432,0.01829358
50004,0.03004886,0.0057900287,0.054307688,0.0344837,0.0,0.0344837,0.008620925
50007,0.02902797,0.0053537996,0.052702144,0.0675487,0.0,0.0675487,0.016887175
50010,0.10683332,0.0049478807,0.20871876,0.16065155,0.0,0.16065155,0.040162887
50012,0.07764986,0.004699606,0.15060012,0.17883997,0.0,0.17883997,0.04470999
50015,0.3764161,0.0044006463,0.7484315,0.81909317,0.0,0.81909317,0.20477329
50017,0.35148796,0.004181702,0.6987942,0.6060097,0.0,0.6060097,0.15150243
50020,0.03481656,0.00376477,0.06586835,0.09188291,0.0,0.09188291,0.022970727
50023,0.042352766,0.0034287786,0.08127675,0.065552555,0.0,0.065552555,0.016388139
50025,0.8625226,0.0031827583,1.7218624,1.5883332,0.0,1.5883332,0.3970833
50028,0.081604965,0.002859975,0.16034997,0.19146895,0.0,0.19146895,0.04786724
50031,0.35221556,0.0025144517,0.7019167,0.7632579,0.0,0.7632579,0.19081448
50033,0.039701898,0.00242231,0.076981485,0.09340676,0.0,0.09340676,0.02335169
50036,0.6741872,0.0022997695,1.3460746,1.2619661,0.0,1.2619661,0.31549153
50038,0.0632086,0.0021731276,0.12424407,0.105233215,0.0,0.105233215,0.026308304
50041,0.67568105,0.0020807846,1.3492813,1.4488167,0.0,1.4488167,0.36220416
50044,0.22332956,0.0020406756,0.44461846,0.50223106,0.0,0.50223106,0.12555777
50046,0.074070245,0.0020254815,0.146115,0.12727201,0.0,0.12727201,0.031818002
50049,0.2133959,0.001979999,0.4248118,0.38103238,0.0,0.38103238,0.095258094
50051,0.0493293,0.0020229677,0.09663563,0.08067418,0.0,0.08067418,0.020168545
50054,0.09337899,0.0021333299,0.18462466,0.15077628,0.0,0.15077628,0.03769407
50057,0.071305454,0.0023358949,0.14027502,0.17287898,0.0,0.17287898,0.043219745
50059,0.2542317,0.0023469494,0.50611645,0.5700116,0.0,0.5700116,0.1425029
50062,0.107616544,0.0023261656,0.21290691,0.17889343,0.0,0.17889343,0.044723358
50064,0.03410666,0.0023126863,0.06590063,0.055384796,0.0,0.055384796,0.013846199
50067,0.6175826,0.0023877018,1.2327776,1.1297723,0.0,1.1297723,0.28244308
50070,0.55277497,0.0024796298,1.1030703,1.0154938,0.0,1.0154938,0.25387344
50072,0.11550043,0.0025318845,0.22846897,0.27327716,0.0,0.27327716,0.06831929
50075,0.4277964,0.0026146749,0.85297817,0.9471285,0.0,0.9471285,0.23678212
50078,0.14104772,0.0027177266,0.2793777,0.3298261,0.0,0.3298261,0.08245652
50080,0.4511045,0.002793801,0.8994152,0.9934805,0.0,0.9934805,0.24837013
50083,0.18061548,0.0029086238,0.35832235,0.3094069,0.0,0.3094069,0.07735173
50085,0.051765997,0.00297624,0.100555755,0.11194112,0.0,0.11194112,0.02798528
50088,0.04311304,0.003088235,0.08313785,0.09389781,0.0,0.09389781,0.023474453
50091,0.09106185,0.003198469,0.17892523,0.20519805,0.0,0.20519805,0.051299512
50093,0.7442371,0.0032946512,1.4851795,1.3517662,0.0,1.3517662,0.33794156
50096,0.018295983,0.0034097712,0.033182193,0.037989654,0.0,0.037989654,0.009497413
50098,0.018392902,0.0034564517,0.033329353,0.038952786,0.0,0.038952786,0.009738197
50101,0.10918782,0.0035464328,0.2148292,0.18034196,0.0,0.18034196,0.04508549
50104,0.041554283,0.003660405,0.07944816,0.058999587,0.0,0.058999587,0.014749897
50106,0.1103436,0.0037469044,0.21694028,0.26960897,0.0,0.26960897,0.06740224
50109,0.08939951,0.0038552254,0.17494379,0.14283766,0.0,0.14283766,0.035709415
50111,0.047986705,0.0039052938,0.09206811,0.07288595,0.0,0.07288595,0.018221488
50114,0.054986805,0.004008308,0.10596531,0.12828575,0.0,0.12828575,0.032071438
50117,0.6404871,0.004108678,1.2768655,1.1528935,0.0,1.1528935,0.2882234
50119,0.0751046,0.0041660466,0.14604317,0.18445587,0.0,0.18445587,0.046113968
50122,0.035818968,0.004179683,0.06745825,0.050659645,0.0,0.050659645,0.012664911
50125,0.026478536,0.0041847364,0.048772335,0.061482936,0.0,0.061482936,0.015370734
50127,0.14977273,0.004214097,0.2953314,0.24246502,0.0,0.24246502,0.060616255
50130,0.10971563,0.004260672,0.21517058,0.25705165,0.0,0.25705165,0.06426291
50132,0.097273655,0.004242011,0.19030531,0.1514967,0.0,0.1514967,0.037874173
50135,0.38451958,0.004242919,0.76479626,0.66481453,0.0,0.66481453,0.16620363
50138,0.4391218,0.0042001107,0.87404346,0.78039074,0.0,0.78039074,0.19509768
50140,0.016287467,0.00417703,0.028397903,0.033450376,0.0,0.033450376,0.008362594
50143,0.13932835,0.0041454895,0.27451122,0.22764957,0.0,0.22764957,0.056912392
50145,0.11697156,0.00407877,0.22986436,0.18562643,0.0,0.18562643,0.046406608
50148,0.13730419,0.0040060263,0.27060235,0.22430266,0.0,0.22430266,0.056075666
50151,0.01788381,0.003941585,0.03182603,0.02000642,0.0,0.02000642,0.005001605
50153,0.1758105,0.0039169523,0.34770405,0.30564004,0.0,0.30564004,0.07641001
50156,0.23834199,0.003908898,0.47277507,0.40831128,0.0,0.40831128,0.10207782
50158,0.47465396,0.0038830738,0.94542485,0.8519799,0.0,0.8519799,0.21299498
50161,0.020371562,0.0038092006,0.036933925,0.023368098,0.0,0.023368098,0.0058420245
50164,0.020854913,0.0037527916,0.037957035,0.048606515,0.0,0.048606515,0.012151629
50166,0.19590127,0.0037408632,0.38806167,0.33447048,0.0,0.33447048,0.08361762
50169,0.26203176,0.0037171708,0.52034634,0.5918837,0.0,0.5918837,0.14797093
50172,0.76975083,0.003622649,1.535879,1.4008061,0.0,1.4008061,0.35020152
50174,0.51055366,0.0035527963,1.0175544,0.90470773,0.0,0.90470773,0.22617693
50177,0.10354028,0.0034906168,0.20358993,0.23456402,0.0,0.23456402,0.058641005
50179,0.10485658,0.0034806915,0.20623247,0.24514149,0.0,0.24514149,0.061285373
50182,0.13944931,0.0034726483,0.27542597,0.23356308,0.0,0.23356308,0.05839077
50185,0.3062429,0.0034152356,0.6090706,0.70003396,0.0,0.70003396,0.17500849
50187,0.09138349,0.0033968028,0.17937016,0.21186738,0.0,0.21186738,0.052966844
50190,0.21511334,0.003339395,0.42688727,0.49415898,0.0,0.49415898,0.123539746
50192,0.57662076,0.003330106,1.1499115,1.0470963,0.0,1.0470963,0.26177406
50195,0.29895124,0.0033053819,0.5945971,0.5116662,0.0,0.5116662,0.12791654
50198,0.08369493,0.003219485,0.16417037,0.12946674,0.0,0.12946674,0.032366686
50200,0.21263291,0.0032008395,0.422065,0.48767695,0.0,0.48767695,0.12191924
50203,0.14635973,0.0032369026,0.28948253,0.34065953,0.0,0.34065953,0.08516488
50205,0.54122156,0.003271168,1.079172,0.9731019,0.0,0.9731019,0.24327548
50208,0.70238954,0.003339172,1.40144,1.2735873,0.0,1.2735873,0.31839684
50211,0.24009782,0.0034240673,0.4767716,0.5560275,0.0,0.5560275,0.13900687
50213,0.30500397,0.0035083734,0.6064996,0.5257818,0.0,0.5257818,0.13144545
50216,0.98252416,0.0036415327,1.9614067,1.8029861,0.0,1.8029861,0.45074654
50219,0.32913572,0.0037954114,0.654476,0.7436448,0.0,0.7436448,0.1859112
50221,0.025770463,0.0039018958,0.04763903,0.03698902,0.0,0.03698902,0.009247255
50224,0.45114705,0.0040613436,0.8982327,0.7837322,0.0,0.7837322,0.19593304
50226,0.5920375,0.004192148,1.1798829,1.0490646,0.0,1.0490646,0.26226616
50229,0.25550485,0.004374419,0.50663525,0.6015975,0.0,0.6015975,0.15039937
50232,0.17884143,0.0045526954,0.3531302,0.28520682,0.0,0.28520682,0.071301706
50234,0.24453008,0.004665837,0.4843943,0.5809873,0.0,0.5809873,0.14524682
50237,0.1253239,0.004929141,0.24571867,0.18711884,0.0,0.18711884,0.04677971
50239,0.09463039,0.0050947494,0.18416603,0.22483282,0.0,0.22483282,0.056208204
50242,0.046226606,0.0053094937,0.08714372,0.06248802,0.0,0.06248802,0.015622005
50245,0.0641865,0.0055328906,0.12284011,0.08926129,0.0,0.08926129,0.022315323
50247,0.09857869,0.0057795867,0.1913778,0.23478232,0.0,0.23478232,0.05869558
50250,0.24949092,0.0061121997,0.49286962,0.3959979,0.0,0.3959979,0.09899948
50252,0.11358798,0.0062276474,0.22094832,0.28416365,0.0,0.28416365,0.07104091
50255,0.3898032,0.006400499,0.77320594,0.9049594,0.0,0.9049594,0.22623985
50258,0.62126803,0.0067150444,1.235821,1.0693828,0.0,1.0693828,0.2673457
50260,0.47792447,0.006819451,0.94902945,1.0998923,0.0,1.0998923,0.27497306
50263,0.1682245,0.007140717,0.32930827,0.40938398,0.0,0.40938398,0.102345996
50266,0.06247956,0.007507209,0.11745191,0.17914681,0.0,0.17914681,0.044786703
50268,0.054395203,0.0076992647,0.10109115,0.12142116,0.0,0.12142116,0.03035529
50271,0.18756472,0.00785843,0.36727098,0.2824165,0.0,0.2824165,0.07060412
50273,0.3123277,0.007887519,0.6167679,0.500886,0.0,0.500886,0.1252215
50276,1.0415512,0.007964109,2.0751383,1.8342994,0.0,1.8342994,0.45857486
50279,0.89634854,0.008038935,1.7846581,1.5621716,0.0,1.5621716,0.3905429
50281,0.058623794,0.008067859,0.109179735,0.13663816,0.0,0.13663816,0.03415954
50284,0.26051387,0.007951992,0.51307577,0.4058013,0.0,0.4058013,0.101450324
50286,0.15372057,0.007904265,0.29953685,0.3713093,0.0,0.3713093,0.09282733
50289,0.11402491,0.007840458,0.22020936,0.29059842,0.0,0.29059842,0.072649606
50292,0.046002805,0.00773366,0.084271945,0.055547047,0.0,0.055547047,0.013886762
50294,0.14690478,0.007644745,0.2861648,0.22685285,0.0,0.22685285,0.056713212
50297,0.0593296,0.0075451233,0.11111408,0.14955696,0.0,0.14955696,0.03738924
50299,0.019756664,0.0074861646,0.032027163,0.050569683,0.0,0.050569683,0.012642421
50302,0.784276,0.007389704,1.5611624,1.3665355,0.0,1.3665355,0.3416339
50305,0.13449721,0.00726245,0.26173195,0.30708894,0.0,0.30708894,0.076772235
50307,0.04073168,0.007190099,0.07427326,0.047188263,0.0,0.047188263,0.011797066
50310,0.23533763,0.0070671514,0.46360812,0.5561548,0.0,0.5561548,0.1390387
50313,0.04101609,0.0069374605,0.07509472,0.112696655,0.0,0.112696655,0.028174164
50315,0.19436944,0.006842477,0.38189638,0.32943043,0.0,0.32943043,0.08235761
50318,0.05843397,0.006741956,0.11012598,0.14069282,0.0,0.14069282,0.035173204
50320,0.2598513,0.0066421493,0.5130605,0.44106126,0.0,0.44106126,0.110265315
50323,0.24253361,0.0064359494,0.47863126,0.4143987,0.0,0.4143987,0.103599675
50326,0.2753279,0.0062595992,0.5443962,0.46288633,0.0,0.46288633,0.11572158
50328,0.3343074,0.0060538216,0.66256094,0.5495878,0.0,0.5495878,0.13739695
50331,0.5401905,0.0057351836,1.0746459,0.9382481,0.0,0.9382481,0.23456202
50333,0.07943058,0.005459744,0.15340142,0.18500245,0.0,0.18500245,0.04625061
50336,0.25201383,0.0051373593,0.4988903,0.42711845,0.0,0.42711845,0.10677961
50339,0.15223175,0.0048158183,0.2996477,0.36024413,0.0,0.36024413,0.09006103
50341,0.7529707,0.004568109,1.5013733,1.660325,0.0,1.660325,0.41508126
50344,0.16375095,0.00438483,0.32311705,0.266253,0.0,0.266253,0.06656325
50346,0.29960936,0.004329121,0.5948896,0.69535255,0.0,0.69535255,0.17383814
50349,0.09318576,0.0041969656,0.18217456,0.14705391,0.0,0.14705391,0.036763478
50352,0.16373217,0.0040565515,0.3234078,0.3909017,0.0,0.3909017,0.09772543
50354,0.078133054,0.0039595044,0.1523066,0.12342206,0.0,0.12342206,0.030855514
50357,0.026111359,0.0038844917,0.048338223,0.050095618,0.0,0.050095618,0.012523904
50360,0.07035034,0.0041999463,0.13650073,0.1818581,0.0,0.1818581,0.045464527
50362,0.014017244,0.0042667165,0.023767771,0.028073175,0.0,0.028073175,0.0070182937
50365,0.061296176,0.004345445,0.118246906,0.10220796,0.0,0.10220796,0.02555199
50367,0.09800101,0.0042131115,0.19178891,0.15023315,0.0,0.15023315,0.037558287
50370,0.6190242,0.004214282,1.2338341,1.374823,0.0,1.374823,0.34370574
50373,0.6630157,0.0043021133,1.3217293,1.4719863,0.0,1.4719863,0.36799657
50375,0.020374285,0.0043662097,0.036382362,0.0488524,0.0,0.0488524,0.0122131
50378,0.0597094,0.00434601,0.11507279,0.08298016,0.0,0.08298016,0.02074504
50380,0.039902836,0.0043728934,0.07543278,0.09621749,0.0,0.09621749,0.024054373
50383,0.12560657,0.004434291,0.24677885,0.19302523,0.0,0.19302523,0.048256308
50386,0.7654187,0.004435226,1.5264021,1.3764749,0.0,1.3764749,0.3441187
50388,0.10481504,0.004438061,0.20519203,0.15916021,0.0,0.15916021,0.039790053
50391,0.83826464,0.0044518597,1.6720773,1.5103855,0.0,1.5103855,0.37759638
50393,0.110322475,0.0044368934,0.21620806,0.17152916,0.0,0.17152916,0.04288229
50396,0.06541287,0.0045007924,0.12632494,0.16285686,0.0,0.16285686,0.040714215
50399,0.26218578,0.0044715772,0.5199,0.44832698,0.0,0.44832698,0.112081744
50401,0.043089617,0.0044462793,0.08173296,0.10475594,0.0,0.10475594,0.026188985
50404,0.58151466,0.004348383,1.1586809,1.2938133,0.0,1.2938133,0.32345334
50407,0.32918027,0.0042898827,0.6540707,0.5661488,0.0,0.5661488,0.1415372
50409,0.38366127,0.0042508175,0.7630717,0.66230834,0.0,0.66230834,0.16557708
50412,0.28343168,0.004132843,0.56273055,0.48952398,0.0,0.48952398,0.122380994
50414,0.16617857,0.004081637,0.32827547,0.2777628,0.0,0.2777628,0.0694407
50417,0.34773445,0.0039991434,0.6914697,0.6074791,0.0,0.6074791,0.15186977
50420,0.115199,0.0038677852,0.22653021,0.26006004,0.0,0.26006004,0.06501501
50422,0.7281031,0.0038056888,1.4524006,1.3356804,0.0,1.3356804,0.3339201
50425,0.11623335,0.0037366718,0.22873002,0.19273181,0.0,0.19273181,0.048182953
50427,0.029529976,0.0036743141,0.055385638,0.06989167,0.0,0.06989167,0.017472917
50430,0.8861952,0.0035987701,1.7687916,1.9281049,0.0,1.9281049,0.48202622
50433,0.085057616,0.0035418079,0.16657342,0.13363631,0.0,0.13363631,0.033409078
50435,0.11757293,0.0035238925,0.23162198,0.188438,0.0,0.188438,0.0471095
50438,0.022834323,0.003458836,0.042209808,0.029358799,0.0,0.029358799,0.0073396997
50440,0.34345603,0.003433687,0.68347836,0.6030535,0.0,0.6030535,0.15076338
50443,0.14652947,0.0034333507,0.28962559,0.23681505,0.0,0.23681505,0.059203763
50446,0.2830999,0.0034766898,0.5627231,0.49647817,0.0,0.49647817,0.12411954
50448,0.1580258,0.0035089478,0.31254265,0.265991,0.0,0.265991,0.06649775
50451,0.06809151,0.0035457825,0.13263725,0.10746998,0.0,0.10746998,0.026867496
50454,0.13725115,0.003594526,0.2709078,0.32162592,0.0,0.32162592,0.08040648
50456,0.2045759,0.0036285936,0.40552318,0.33921906,0.0,0.33921906,0.084804766
50459,0.08310614,0.0036787179,0.16253357,0.20174742,0.0,0.20174742,0.050436854
50461,0.43520972,0.0037057411,0.8667137,0.96957517,0.0,0.96957517,0.24239379
50464,0.24323492,0.0037359206,0.48273388,0.4099766,0.0,0.4099766,0.10249415
50467,0.03584914,0.0038428481,0.067855425,0.08438086,0.0,0.08438086,0.021095214
50469,0.63543594,0.0039198403,1.266952,1.1328158,0.0,1.1328158,0.28320396
50472,0.05821866,0.004048249,0.11238908,0.089603186,0.0,0.089603186,0.022400796
50474,0.20063399,0.0041521615,0.3971158,0.33547482,0.0,0.33547482,0.083868705
50477,0.060156405,0.004318528,0.11599428,0.15670763,0.0,0.15670763,0.039176907
50480,0.07319429,0.004463352,0.14192522,0.16664226,0.0,0.16664226,0.041660566
50482,0.74221563,0.00458524,1.479846,1.3274403,0.0,1.3274403,0.33186007
50485,0.1926598,0.004807496,0.3805121,0.46544886,0.0,0.46544886,0.116362214
50487,0.035125364,0.0049871146,0.065263614,0.043941874,0.0,0.043941874,0.0109854685
50490,0.18677467,0.0052411184,0.36830822,0.45504093,0.0,0.45504093,0.11376023
50493,0.13865007,0.0054861656,0.27181396,0.34770918,0.0,0.34770918,0.086927295
50495,0.023654418,0.005665366,0.04164347,0.052914787,0.0,0.052914787,0.013228697
50498,0.5239416,0.0059118452,1.0419713,0.9016908,0.0,0.9016908,0.2254227
50501,0.06443992,0.0061683413,0.1227115,0.17839968,0.0,0.17839968,0.04459992
50503,0.7193875,0.0063376934,1.4324373,1.6238018,0.0,1.6238018,0.40595046
50506,0.01846222,0.0066561154,0.030268326,0.017010542,0.0,0.017010542,0.0042526354
50508,0.11068922,0.006848292,0.21453016,0.27911267,0.0,0.27911267,0.06977817
50511,0.017188715,0.0070623737,0.027315056,0.0280803,0.0,0.0280803,0.007020075
50514,0.20898817,0.007263308,0.41071305,0.5066758,0.0,0.5066758,0.12666894
50516,0.11688902,0.007360375,0.22641766,0.17538352,0.0,0.17538352,0.04384588
50519,0.5684163,0.007509195,1.1293234,1.3151962,0.0,1.3151962,0.32879904
50521,0.15179466,0.0076594376,0.29592988,0.21692832,0.0,0.21692832,0.05423208
50524,0.66617584,0.007906091,1.3244456,1.133297,0.0,1.133297,0.28332424
50527,0.44198832,0.008154052,0.87582254,0.73648196,0.0,0.73648196,0.18412049
50529,0.067752756,0.008324807,0.12718071,0.17599972,0.0,0.17599972,0.04399993
50532,0.021330087,0.008537651,0.034122523,0.04110172,0.0,0.04110172,0.01027543
50535,0.038570795,0.008711494,0.068430096,0.090886585,0.0,0.090886585,0.022721646
50537,0.057504307,0.008844162,0.10616445,0.13599075,0.0,0.13599075,0.03399769
50540,0.20072657,0.009146105,0.39230704,0.49562526,0.0,0.49562526,0.123906314
50542,0.063703746,0.009438664,0.11796883,0.17849767,0.0,0.17849767,0.044624418
50545,0.5225119,0.009821621,1.0352021,1.2412087,0.0,1.2412087,0.31030217
50548,0.2354167,0.010185751,0.4606476,0.6001529,0.0,0.6001529,0.15003823
50550,0.20458318,0.010407186,0.39875922,0.29583353,0.0,0.29583353,0.07395838
50553,0.25942126,0.01066567,0.50817686,0.6555376,0.0,0.6555376,0.1638844
50555,0.061893314,0.010826107,0.11296052,0.075400464,0.0,0.075400464,0.018850116
50558,0.061981484,0.011011489,0.11295148,0.14767116,0.0,0.14767116,0.03691779
50561,0.16526206,0.01102339,0.31950074,0.21940176,0.0,0.21940176,0.05485044
50563,0.2113957,0.010858214,0.41193318,0.5257988,0.0,0.5257988,0.1314497
50566,0.05633511,0.010720803,0.10194942,0.13829446,0.0,0.13829446,0.034573615
50568,0.032153834,0.010546491,0.05376118,0.0617962,0.0,0.0617962,0.01544905
50571,0.037036058,0.010257028,0.06381509,0.094921745,0.0,0.094921745,0.023730436
50574,0.036280792,0.010004874,0.06255671,0.08422911,0.0,0.08422911,0.021057278
50576,0.09732035,0.0098456,0.1847951,0.24820429,0.0,0.24820429,0.062051073
50579,0.5473182,0.0094629545,1.0851735,0.93496853,0.0,0.93496853,0.23374213
50582,0.052724924,0.009181953,0.09626789,0.1268893,0.0,0.1268893,0.031722326
50584,0.6330689,0.008993098,1.2571448,1.0958059,0.0,1.0958059,0.27395147
50587,0.06904074,0.008712478,0.129369,0.1857208,0.0,0.1857208,0.0464302
50589,0.3209588,0.008488145,0.63342947,0.7575898,0.0,0.7575898,0.18939745
50592,0.19026262,0.008180335,0.37234488,0.2968595,0.0,0.2968595,0.074214876
50595,0.04408584,0.007921068,0.08025061,0.047353033,0.0,0.047353033,0.011838258
50597,0.080922015,0.0077095027,0.15413453,0.11595673,0.0,0.11595673,0.028989183
50600,0.2800522,0.0074593443,0.552645,0.45128703,0.0,0.45128703,0.11282176
50602,0.09393603,0.0072900974,0.18058197,0.2226936,0.0,0.2226936,0.0556734
50605,0.11375513,0.0070336335,0.22047663,0.26273084,0.0,0.26273084,0.06568271
50608,0.029227726,0.0067235758,0.051731873,0.029486714,0.0,0.029486714,0.0073716785
50610,0.023356227,0.006483829,0.040228624,0.05472142,0.0,0.05472142,0.013680355
50613,0.20313422,0.006168748,0.40009966,0.3518995,0.0,0.3518995,0.087974876
50615,0.11167583,0.0058348724,0.21751678,0.16147606,0.0,0.16147606,0.040369015
50618,0.038635354,0.005336696,0.071934015,0.08782127,0.0,0.08782127,0.021955317
50621,0.3419764,0.0048895953,0.67906326,0.59945035,0.0,0.59945035,0.14986259
50623,0.102708496,0.0046375054,0.2007795,0.24109297,0.0,0.24109297,0.06027324
50626,0.2556767,0.0042092595,0.50714415,0.5761135,0.0,0.5761135,0.14402838
50629,0.11262962,0.0038146712,0.22144456,0.2675065,0.0,0.2675065,0.06687663
50631,0.10264489,0.00353859,0.20175119,0.24267046,0.0,0.24267046,0.060667615
50634,0.23884822,0.0031407003,0.47455576,0.53537637,0.0,0.53537637,0.13384409
50636,0.0935195,0.0028065715,0.18423243,0.15471743,0.0,0.15471743,0.038679358
50639,0.185199,0.0027732973,0.36762473,0.4171199,0.0,0.4171199,0.10427997
50642,0.09393051,0.0027098544,0.18515117,0.22076084,0.0,0.22076084,0.05519021
50644,0.022381691,0.0027217844,0.042041596,0.040756956,0.0,0.040756956,0.010189239
50647,0.031980455,0.0028101383,0.06115077,0.078326344,0.0,0.078326344,0.019581586
50649,0.3024494,0.002935431,0.60196334,0.52719885,0.0,0.52719885,0.13179971
50652,0.57651746,0.003076459,1.1499585,1.0476657,0.0,1.0476657,0.26191643
50655,0.5064824,0.0031662981,1.0097985,0.90858793,0.0,0.90858793,0.22714698
50657,0.15149455,0.0032051548,0.29978395,0.25186756,0.0,0.25186756,0.06296689
50660,0.2766691,0.0029911262,0.5503471,0.486734,0.0,0.486734,0.1216835
50662,0.16198514,0.0029848355,0.32098547,0.37441722,0.0,0.37441722,0.093604304
50665,0.15409473,0.0030517823,0.30513766,0.2522873,0.0,0.2522873,0.063071825
50668,0.016034693,0.0031096486,0.028959736,0.03064359,0.0,0.03064359,0.0076608974
50670,0.1128887,0.0031718994,0.22260551,0.18444546,0.0,0.18444546,0.046111364
50673,0.18382698,0.0033139575,0.36434004,0.31786007,0.0,0.31786007,0.07946502
50676,0.3323765,0.003446933,0.6613061,0.57072425,0.0,0.57072425,0.14268106
50678,0.016215773,0.003510338,0.028921207,0.019673767,0.0,0.019673767,0.0049184416
50681,0.41940287,0.0036425032,0.8351633,0.93657523,0.0,0.93657523,0.23414381
50683,0.07495845,0.0037227569,0.14619415,0.17863967,0.0,0.17863967,0.044659916
50686,0.044151727,0.0038551819,0.08444828,0.10078689,0.0,0.10078689,0.025196722
50689,0.25113565,0.0037332631,0.49853802,0.5815186,0.0,0.5815186,0.14537965
50691,0.134441,0.0037728355,0.26510918,0.31017363,0.0,0.31017363,0.07754341
50694,0.16935088,0.003901167,0.3348006,0.4014349,0.0,0.4014349,0.100358725
50696,0.8618729,0.0039254813,1.7198204,1.5635568,0.0,1.5635568,0.3908892
50699,0.05109403,0.0039540674,0.098234,0.08057499,0.0,0.08057499,0.020143747
50702,0.18457206,0.003923973,0.36522016,0.42626595,0.0,0.42626595,0.10656649
50704,0.032037485,0.0038906487,0.06018432,0.043858305,0.0,0.043858305,0.010964576
50707,0.025197236,0.0038198857,0.04657458,0.034381587,0.0,0.034381587,0.008595397
50709,0.03218171,0.0037654417,0.060597975,0.045877304,0.0,0.045877304,0.011469326
50712,0.043082703,0.0037072448,0.08245816,0.10035332,0.0,0.10035332,0.02508833
50715,0.1643766,0.0035757169,0.3251775,0.3857162,0.0,0.3857162,0.09642905
50717,0.21777165,0.0035126104,0.43203068,0.37540188,0.0,0.37540188,0.09385047
50720,0.64472413,0.0034324124,1.2860159,1.4149623,0.0,1.4149623,0.35374057
50723,0.18443938,0.0033526989,0.36552608,0.40972853,0.0,0.40972853,0.10243213
50725,0.26095453,0.0032882544,0.5186208,0.584037,0.0,0.584037,0.14600925
50728,0.45719767,0.0032181286,0.9111772,1.015541,0.0,1.015541,0.25388524
50730,0.06933617,0.0031795872,0.13549274,0.1051191,0.0,0.1051191,0.026279775
50733,0.17808615,0.0031547286,0.35301757,0.31557903,0.0,0.31557903,0.07889476
50736,0.027860353,0.0031204969,0.05260021,0.06252361,0.0,0.06252361,0.015630903
50738,0.68298763,0.0031044658,1.3628707,1.2442117,0.0,1.2442117,0.31105292
50741,0.6028311,0.0030756702,1.2025865,1.316676,0.0,1.316676,0.329169
50743,0.21438377,0.0030730665,0.42569447,0.49314448,0.0,0.49314448,0.12328612
50746,0.043045938,0.0030850985,0.08300678,0.065181024,0.0,0.065181024,0.016295256
50749,0.09096056,0.0031055536,0.17881556,0.15154544,0.0,0.15154544,0.03788636
50751,0.30197576,0.0030920028,0.60085946,0.67798096,0.0,0.67798096,0.16949524
50754,0.096707456,0.0030040313,0.19041087,0.21608962,0.0,0.21608962,0.054022405
50756,0.1366566,0.0029493978,0.2703638,0.22854768,0.0,0.22854768,0.05713692
50759,0.45449886,0.0028103183,0.90618736,0.9996712,0.0,0.9996712,0.2499178
50762,0.104424775,0.0027247232,0.20612483,0.1751355,0.0,0.1751355,0.043783873
50764,0.34348512,0.0026583273,0.68431187,0.6173029,0.0,0.6173029,0.15432572
50767,0.039033297,0.0024003386,0.075666256,0.06280304,0.0,0.06280304,0.01570076
50770,0.23336108,0.0022814288,0.46444073,0.41150388,0.0,0.41150388,0.10287597
50772,0.14286394,0.002228489,0.2834994,0.3190454,0.0,0.3190454,0.07976135
50775,0.22173329,0.0021944111,0.44127217,0.39637446,0.0,0.39637446,0.099093616
50777,0.031643678,0.0020993585,0.061187994,0.05280445,0.0,0.05280445,0.013201113
50780,0.8839183,0.0020834093,1.7657531,1.6531601,0.0,1.6531601,0.41329002
50783,0.049099047,0.0020595659,0.09613853,0.1196086,0.0,0.1196086,0.02990215
50785,0.08626163,0.0020457525,0.17047751,0.20446819,0.0,0.20446819,0.051117048
50788,0.17137575,0.0021647008,0.3405868,0.2951554,0.0,0.2951554,0.07378885
50790,0.5609491,0.0022509445,1.1196473,1.0261389,0.0,1.0261389,0.25653473
50793,0.058813278,0.0023904338,0.115236126,0.12087232,0.0,0.12087232,0.03021808
50796,0.38671517,0.0024686917,0.7709617,0.7005017,0.0,0.7005017,0.17512542
50798,0.038804222,0.0025350652,0.075073384,0.0636869,0.0,0.0636869,0.015921725
50801,0.2208908,0.0026093873,0.43917224,0.49596274,0.0,0.49596274,0.123990685
50803,0.034253288,0.0026859923,0.06582058,0.05017064,0.0,0.05017064,0.01254266
50806,0.17547613,0.00280304,0.3481492,0.29856044,0.0,0.29856044,0.07464011
50809,0.017976237,0.0029378664,0.03301461,0.039536398,0.0,0.039536398,0.0098840995
50811,0.2864318,0.0030450951,0.5698185,0.4987665,0.0,0.4987665,0.12469163
50814,0.6549017,0.0031732034,1.3066301,1.435535,0.0,1.435535,0.35888374
50817,0.29434052,0.0032423716,0.58543867,0.5135558,0.0,0.5135558,0.12838896
50819,0.75731975,0.0033312596,1.5113083,1.6489578,0.0,1.6489578,0.41223946
50822,0.040445272,0.0034014937,0.077489056,0.09608093,0.0,0.09608093,0.024020232
50824,0.07541419,0.003444753,0.14738363,0.1139341,0.0,0.1139341,0.028483525
50827,0.6899457,0.0034884894,1.3764029,1.2487088,0.0,1.2487088,0.3121772
50830,0.114801906,0.0035426319,0.22606118,0.187477,0.0,0.187477,0.04686925
50832,0.10286775,0.0036065273,0.20212899,0.24930675,0.0,0.24930675,0.06232669
50835,0.194247,0.0036469002,0.38484713,0.31817695,0.0,0.31817695,0.07954424
50837,0.040340338,0.0037100974,0.07697058,0.059197772,0.0,0.059197772,0.014799443
50840,0.31142887,0.0037889965,0.6190688,0.5383102,0.0,0.5383102,0.13457756
50843,0.023255466,0.0038903393,0.042620588,0.043328106,0.0,0.043328106,0.010832027
50845,0.047157053,0.00394798,0.090366125,0.10683016,0.0,0.10683016,0.02670754
50848,0.12079669,0.0040459456,0.23754744,0.18577133,0.0,0.18577133,0.046442833
50850,0.04951449,0.004091974,0.094937004,0.121081054,0.0,0.121081054,0.030270264
50853,0.31891707,0.004137359,0.6336968,0.5371562,0.0,0.5371562,0.13428906
50856,0.035485394,0.0041638543,0.066806935,0.051405966,0.0,0.051405966,0.012851492
50858,0.060554355,0.004146389,0.11696232,0.13996924,0.0,0.13996924,0.03499231
50861,0.51715916,0.0041531413,1.0301652,1.1623672,0.0,1.1623672,0.2905918
50864,0.17212147,0.0041064024,0.34013653,0.39400056,0.0,0.39400056,0.09850014
50866,0.30730885,0.0040645967,0.6105531,0.53175193,0.0,0.53175193,0.13293798
50869,0.22531986,0.0040604216,0.4465793,0.5223837,0.0,0.5223837,0.13059592
50871,0.3591535,0.004055727,0.7142513,0.8235076,0.0,0.8235076,0.2058769
50874,0.38786724,0.004007409,0.7717271,0.68678266,0.0,0.68678266,0.17169566
50877,0.11897435,0.0040008207,0.23394787,0.18447937,0.0,0.18447937,0.046119843
50879,0.42439625,0.00400172,0.84479076,0.9491256,0.0,0.9491256,0.2372814
50882,0.13907608,0.0039768405,0.27417532,0.22217433,0.0,0.22217433,0.055543583
50884,0.032280926,0.0039913286,0.06057052,0.081980936,0.0,0.081980936,0.020495234
50887,0.24246158,0.003999909,0.48092327,0.4055879,0.0,0.4055879,0.10139698
50890,0.17593445,0.004003165,0.34786573,0.40374288,0.0,0.40374288,0.10093572
50892,0.058435574,0.004002122,0.112869024,0.14739347,0.0,0.14739347,0.036848366
50895,0.68109196,0.0040158336,1.3581681,1.5053922,0.0,1.5053922,0.37634805
50897,0.17457147,0.004011282,0.34513167,0.39453435,0.0,0.39453435,0.09863359
50900,0.83144283,0.003981309,1.6589044,1.5039917,0.0,1.5039917,0.37599793
50903,0.52124697,0.0039592017,1.0385348,0.9238658,0.0,0.9238658,0.23096645
50905,0.06995643,0.0039413874,0.13597147,0.16612308,0.0,0.16612308,0.04153077
50908,0.05614379,0.003922819,0.10836476,0.13572262,0.0,0.13572262,0.033930656
50911,0.022723584,0.003905167,0.041541997,0.05724606,0.0,0.05724606,0.014311515
50913,0.19957584,0.003899362,0.39525232,0.45839056,0.0,0.45839056,0.11459764
50916,0.015548316,0.0038607416,0.02723589,0.030564368,0.0,0.030564368,0.007641092
50918,0.43121418,0.0038385082,0.8585898,0.7646143,0.0,0.7646143,0.19115357
50921,0.09087002,0.003832423,0.17790763,0.21394913,0.0,0.21394913,0.053487282
50924,0.17752846,0.0038489278,0.351208,0.4189675,0.0,0.4189675,0.10474187
50926,0.050701026,0.0038648506,0.0975372,0.0746887,0.0,0.0746887,0.018672176
50929,0.37106848,0.003894482,0.73824245,0.64171433,0.0,0.64171433,0.16042858
50931,0.13266855,0.0039277356,0.26140937,0.227917,0.0,0.227917,0.05697925
50934,0.13819988,0.0039990167,0.27240077,0.33286425,0.0,0.33286425,0.08321606
50937,0.5316499,0.0040782504,1.0592216,1.1813904,0.0,1.1813904,0.2953476
50939,0.1601447,0.0041463883,0.316143,0.38394666,0.0,0.38394666,0.095986664
50942,0.0705654,0.004267518,0.13686329,0.17234825,0.0,0.17234825,0.04308706
50944,0.41858283,0.004340789,0.8328249,0.9325049,0.0,0.9325049,0.23312622
50947,0.42348477,0.004461209,0.8425083,0.7276104,0.0,0.7276104,0.1819026
50950,0.07769615,0.004588177,0.15080412,0.19141571,0.0,0.19141571,0.047853928
50952,0.09279389,0.00467887,0.18090892,0.14516956,0.0,0.14516956,0.03629239
50955,0.14036074,0.0047832187,0.27593827,0.33396825,0.0,0.33396825,0.08349206
50958,0.13868435,0.0049559665,0.27241275,0.21243714,0.0,0.21243714,0.053109284
50960,0.67143846,0.005083841,1.337793,1.1806879,0.0,1.1806879,0.29517198
50963,0.40892518,0.0052387975,0.8126116,0.7062883,0.0,0.7062883,0.17657207
50965,0.37276068,0.0053353333,0.74018604,0.86461955,0.0,0.86461955,0.21615489
50968,0.058187827,0.0054915487,0.11088411,0.15358818,0.0,0.15358818,0.038397044
50971,0.22777669,0.005667828,0.44988552,0.5477833,0.0,0.5477833,0.13694583
50973,0.7818318,0.005786711,1.557877,1.3871413,0.0,1.3871413,0.34678534
50976,0.018766325,0.005993063,0.031539585,0.018491482,0.0,0.018491482,0.0046228706
50978,0.35708082,0.0061305114,0.7080311,0.60020643,0.0,0.60020643,0.15005161
50981,0.11890928,0.006346404,0.23147215,0.297726,0.0,0.297726,0.0744315
50984,0.1886949,0.0065843854,0.3708054,0.46389306,0.0,0.46389306,0.115973264
50986,0.074693866,0.006703174,0.14268456,0.104459554,0.0,0.104459554,0.026114888
50989,0.10696498,0.006792137,0.20713784,0.16185227,0.0,0.16185227,0.040463068
50991,0.25140348,0.0067643,0.4960427,0.39379564,0.0,0.39379564,0.09844891
50994,0.11060006,0.0067697205,0.2144304,0.1567242,0.0,0.1567242,0.03918105
50997,0.2557169,0.006708422,0.5047254,0.4121233,0.0,0.4121233,0.10303082
50999,0.44211647,0.006639103,0.8775938,1.029678,0.0,1.029678,0.2574195
51002,0.049372554,0.0065343827,0.09221073,0.05875731,0.0,0.05875731,0.014689327
51005,0.23013209,0.0064356565,0.45382848,0.5495519,0.0,0.5495519,0.13738798
51007,0.095733605,0.0063663027,0.1851009,0.24229284,0.0,0.24229284,0.06057321
51010,0.20561273,0.0062590553,0.40496644,0.33040577,0.0,0.33040577,0.08260144
51012,0.7125158,0.0062002824,1.4188312,1.6014894,0.0,1.6014894,0.40037236
51015,0.6488677,0.006100323,1.2916352,1.4602894,0.0,1.4602894,0.36507234
51018,0.050673086,0.0059618843,0.09538429,0.12679057,0.0,0.12679057,0.031697642
51020,0.01845161,0.0059003346,0.031002887,0.034214918,0.0,0.034214918,0.008553729
51023,0.10668444,0.0058184243,0.20755045,0.16276218,0.0,0.16276218,0.040690545
51025,0.62726045,0.005752618,1.2487682,1.1348841,0.0,1.1348841,0.28372103
51028,1.0602132,0.005657649,2.1147687,1.9150916,0.0,1.9150916,0.4787729
51031,0.056749668,0.005567416,0.10793192,0.12903495,0.0,0.12903495,0.032258738
51033,0.24331404,0.005500981,0.4811271,0.5743944,0.0,0.5743944,0.1435986
51036,0.13760976,0.005368307,0.2698512,0.21578383,0.0,0.21578383,0.05394596
51039,0.5755372,0.0052385605,1.1458359,1.2948767,0.0,1.2948767,0.32371917
51041,0.21341085,0.0051193326,0.42170238,0.503259,0.0,0.503259,0.12581475
51044,0.14813696,0.0049115424,0.29136238,0.24464822,0.0,0.24464822,0.061162055
51046,0.7586747,0.0047735735,1.5125757,1.6712627,0.0,1.6712627,0.4178157
51049,0.11244694,0.0045364164,0.22035748,0.18071158,0.0,0.18071158,0.045177896
51052,0.3166938,0.0042224857,0.6291652,0.5485212,0.0,0.5485212,0.1371303
51054,0.29185852,0.0039924816,0.57972455,0.64805657,0.0,0.64805657,0.16201414
51057,0.10444615,0.0037001735,0.20519213,0.24904244,0.0,0.24904244,0.06226061
51059,0.103037715,0.0035422146,0.2025332,0.16118638,0.0,0.16118638,0.040296596
51062,0.99221396,0.0032730997,1.9811548,1.8267158,0.0,1.8267158,0.45667896
51065,0.02044351,0.0030549334,0.037832085,0.043328628,0.0,0.043328628,0.010832157
51067,0.46779013,0.0029335327,0.93264675,0.83654064,0.0,0.83654064,0.20913516
51070,0.8774605,0.0028175616,1.7521033,1.8867478,0.0,1.8867478,0.47168696
51072,0.4548777,0.002802398,0.90695304,1.0051908,0.0,1.0051908,0.2512977
51075,0.040801894,0.002838272,0.07876551,0.060319018,0.0,0.060319018,0.015079754
51078,0.020244703,0.0029785254,0.03751088,0.046647873,0.0,0.046647873,0.011661968
51080,0.20121425,0.0030887702,0.39933977,0.35257912,0.0,0.35257912,0.08814478
51083,0.07611599,0.0030987281,0.14913325,0.18454929,0.0,0.18454929,0.04613732
51086,0.04152023,0.0029613904,0.08007907,0.10049105,0.0,0.10049105,0.025122762
51088,0.250221,0.002942066,0.49749994,0.5627183,0.0,0.5627183,0.14067957
51091,0.7147074,0.0029408324,1.426474,1.5534434,0.0,1.5534434,0.38836086
51093,0.6840358,0.002935011,1.3651366,1.488166,0.0,1.488166,0.3720415
51096,0.6605697,0.0029149551,1.3182244,1.4404583,0.0,1.4404583,0.36011457
51099,0.23831649,0.0028855847,0.4737474,0.41747573,0.0,0.41747573,0.10436893
51101,0.45138964,0.002873607,0.8999057,0.9998574,0.0,0.9998574,0.24996436
51104,0.06647316,0.0028271507,0.13011919,0.15772305,0.0,0.15772305,0.039430764
51106,0.14800493,0.0027650015,0.29324487,0.24942024,0.0,0.24942024,0.06235506
51109,0.022808678,0.0026940983,0.042923257,0.05388117,0.0,0.05388117,0.013470292
51112,0.065985225,0.00265315,0.1293173,0.10905292,0.0,0.10905292,0.02726323
51114,0.27657452,0.002605184,0.55054384,0.6243982,0.0,0.6243982,0.15609954
51117,0.12036956,0.002389887,0.23834924,0.20949738,0.0,0.20949738,0.052374344
51119,0.02380708,0.0022491068,0.045365054,0.056561854,0.0,0.056561854,0.014140463
51122,0.123193026,0.0020974139,0.24428864,0.26355025,0.0,0.26355025,0.06588756
51125,0.021062473,0.0019569418,0.040168006,0.05153201,0.0,0.05153201,0.012883003
51127,0.4255352,0.0018908428,0.84917957,0.800783,0.0,0.800783,0.20019574
51130,0.1830629,0.0017503101,0.36437547,0.33479404,0.0,0.33479404,0.08369851
51133,0.03897911,0.0016477425,0.07631048,0.094075955,0.0,0.094075955,0.023518989
51135,0.20445906,0.001583178,0.40733492,0.4532058,0.0,0.4532058,0.11330145
51138,0.19744252,0.0014748293,0.3934102,0.36652112,0.0,0.36652112,0.09163028
51140,0.07665039,0.0014110053,0.15188979,0.17486668,0.0,0.17486668,0.04371667
51143,0.05208163,0.0013303593,0.102832906,0.0895705,0.0,0.0895705,0.022392625
51146,0.019804468,0.0012545754,0.038354363,0.043533254,0.0,0.043533254,0.010883314
51148,0.47828022,0.0012049353,0.95535547,1.0109756,0.0,1.0109756,0.2527439
51151,0.536677,0.0011435389,1.0722104,1.0377363,0.0,1.0377363,0.25943407
51153,0.0858,0.0011201454,0.17047985,0.15756424,0.0,0.15756424,0.03939106
51156,0.042362023,0.0010215641,0.08370248,0.09150416,0.0,0.09150416,0.02287604
51159,0.15672593,0.0009049753,0.31254688,0.29391858,0.0,0.29391858,0.073479645
51161,0.10105165,0.0008331803,0.20127012,0.22212599,0.0,0.22212599,0.055531498
51164,0.043768954,0.00075362157,0.08678428,0.100091636,0.0,0.100091636,0.025022909
51166,0.09932212,0.00069247343,0.19795178,0.18739855,0.0,0.18739855,0.04684964
51169,0.16017573,0.0006040126,0.31974745,0.33387733,0.0,0.33387733,0.08346933
51172,0.120871216,0.0005541916,0.24118824,0.25658056,0.0,0.25658056,0.06414514
51174,0.15970774,0.00052659796,0.31888887,0.30165187,0.0,0.30165187,0.07541297
51177,0.07651794,0.00048935093,0.15254653,0.16519721,0.0,0.16519721,0.041299302
51180,0.03516702,0.00047355483,0.06986049,0.06360304,0.0,0.06360304,0.01590076
51182,0.13526039,0.00046843768,0.27005234,0.2820709,0.0,0.2820709,0.070517726
51185,0.14034195,0.0004947164,0.2801892,0.26425144,0.0,0.26425144,0.06606286
51187,0.019734358,0.0004953653,0.038973354,0.042981554,0.0,0.042981554,0.010745388
51190,0.04269941,0.00049486617,0.084903955,0.09183403,0.0,0.09183403,0.022958508
51193,0.18540911,0.0004854911,0.37033272,0.35127735,0.0,0.35127735,0.08781934
51195,0.032192703,0.0004850329,0.063900374,0.07036283,0.0,0.07036283,0.017590707
51198,0.08585627,0.0004848376,0.1712277,0.18657808,0.0,0.18657808,0.04664452
51200,0.36578897,0.00052463746,0.73105335,0.76697856,0.0,0.76697856,0.19174464
51203,0.5034396,0.0005739752,1.0063052,0.9649408,0.0,0.9649408,0.2412352
51206,0.44570765,0.00061097794,0.8908043,0.8488051,0.0,0.8488051,0.21220128
51208,0.021474486,0.0006746194,0.042274352,0.038060613,0.0,0.038060613,0.009515153
51211,0.34169242,0.0008088507,0.68257594,0.72480774,0.0,0.72480774,0.18120193
51213,0.054602686,0.0009009098,0.10830446,0.11634451,0.0,0.11634451,0.029086128
51216,0.26090357,0.0010222597,0.52078485,0.56101894,0.0,0.56101894,0.14025474
51219,0.047645982,0.0011486553,0.09414331,0.08680261,0.0,0.08680261,0.021700652
51221,0.33676013,0.001236448,0.6722838,0.6223139,0.0,0.6223139,0.15557848
51224,0.34948814,0.0013779262,0.6975984,0.7528606,0.0,0.7528606,0.18821515
51227,0.14030747,0.0014681391,0.2791468,0.31539914,0.0,0.31539914,0.078849785
51229,0.10543012,0.0015287247,0.20933151,0.17908412,0.0,0.17908412,0.04477103
51232,0.67855996,0.0016520623,1.3554678,1.2703228,0.0,1.2703228,0.3175807
51234,0.025944337,0.0017948259,0.05009385,0.055544224,0.0,0.055544224,0.013886056
51237,0.06118768,0.0020143667,0.12036099,0.13635157,0.0,0.13635157,0.034087893
51240,0.66091293,0.0021572656,1.3196685,1.2224947,0.0,1.2224947,0.30562368
51242,0.39645746,0.0022682173,0.79064673,0.7157464,0.0,0.7157464,0.1789366
51245,0.6645469,0.0024303223,1.3266635,1.4346434,0.0,1.4346434,0.35866085
51247,0.48345646,0.0025309483,0.96438193,1.0571829,0.0,1.0571829,0.26429573
51250,0.034830388,0.002730929,0.06692984,0.078696735,0.0,0.078696735,0.019674184
51253,0.249707,0.0029269431,0.49648705,0.56968504,0.0,0.56968504,0.14242126
51255,0.02714472,0.0030617577,0.051227685,0.05885895,0.0,0.05885895,0.014714737
51258,0.10617313,0.0032402847,0.20910597,0.2537841,0.0,0.2537841,0.06344602
51260,0.22863002,0.003379437,0.45388064,0.5252536,0.0,0.5252536,0.1313134
51263,0.4270065,0.0036094086,0.8504036,0.9588073,0.0,0.9588073,0.23970182
51266,0.12734953,0.0037651428,0.25093392,0.21342337,0.0,0.21342337,0.053355843
51268,0.47274503,0.0038293002,0.9416607,1.0411814,0.0,1.0411814,0.26029536
51271,0.03991163,0.0039457623,0.075877495,0.09439828,0.0,0.09439828,0.02359957
51274,0.4126509,0.0041012936,0.82120055,0.9342541,0.0,0.9342541,0.23356353
51276,0.03858558,0.00417669,0.07299447,0.051294982,0.0,0.051294982,0.012823746
51279,0.26796088,0.0041325777,0.5317892,0.46055233,0.0,0.46055233,0.11513808
51281,0.27164862,0.004228572,0.5390687,0.45804453,0.0,0.45804453,0.11451113
51284,0.08168582,0.004450685,0.15892094,0.12922145,0.0,0.12922145,0.032305364
51287,0.1474699,0.0046213665,0.2903184,0.23415613,0.0,0.23415613,0.058539033
51289,0.33570656,0.004710527,0.66670257,0.76731807,0.0,0.76731807,0.19182952
51292,0.3355174,0.0047611627,0.66627365,0.5630811,0.0,0.5630811,0.14077027
51294,0.2638822,0.0046367194,0.5231277,0.44784567,0.0,0.44784567,0.11196142
51297,0.18065995,0.0044926293,0.35682726,0.42423415,0.0,0.42423415,0.10605854
51300,0.49229288,0.0045223814,0.9800634,0.8718943,0.0,0.8718943,0.21797357
51302,0.2526187,0.0045226156,0.5007148,0.42445663,0.0,0.42445663,0.10611416
51305,0.16795434,0.0042721923,0.33163652,0.28205267,0.0,0.28205267,0.07051317
51307,0.030084392,0.0041402397,0.056028545,0.06678214,0.0,0.06678214,0.016695535
51310,0.37714818,0.0040716617,0.75022477,0.85911244,0.0,0.85911244,0.21477811
51313,0.4648287,0.004060539,0.9255969,0.8338222,0.0,0.8338222,0.20845555
51315,0.37285972,0.004047366,0.74167204,0.83487225,0.0,0.83487225,0.20871806
51318,0.28357652,0.0039592604,0.56319374,0.48042226,0.0,0.48042226,0.120105565
51321,0.29261136,0.0039535793,0.58126915,0.657383,0.0,0.657383,0.16434576
51323,0.579775,0.0040963627,1.1554536,1.066639,0.0,1.066639,0.26665974
51326,0.81760865,0.003754692,1.6314627,1.4875485,0.0,1.4875485,0.37188712
51328,0.54396796,0.003623042,1.0843129,1.1711816,0.0,1.1711816,0.2927954
51331,0.07810443,0.0033510278,0.15285783,0.12576933,0.0,0.12576933,0.031442333
51334,0.27387485,0.0032784299,0.54447126,0.5998412,0.0,0.5998412,0.1499603
51336,0.014808289,0.0031755345,0.026441043,0.037246857,0.0,0.037246857,0.009311714
51339,0.059872586,0.0030105102,0.11673466,0.13891307,0.0,0.13891307,0.034728266
51341,0.63388604,0.0028955496,1.2648766,1.3562618,0.0,1.3562618,0.33906546
51344,0.10568044,0.0027134102,0.20864749,0.23591642,0.0,0.23591642,0.058979105
51347,0.083976515,0.0025739372,0.16537909,0.19452237,0.0,0.19452237,0.04863059
51349,0.19778405,0.0024362176,0.39313188,0.35257104,0.0,0.35257104,0.08814276
51352,0.052605826,0.0022327858,0.10297886,0.124041505,0.0,0.124041505,0.031010376
51354,0.47328392,0.0021104594,0.94445735,1.0114294,0.0,1.0114294,0.25285736
51357,0.13829611,0.001965112,0.27462712,0.24342221,0.0,0.24342221,0.060855553
51360,0.03262619,0.0019382364,0.06331414,0.07756357,0.0,0.07756357,0.019390892
51362,0.5201442,0.0017680923,1.0385203,1.089832,0.0,1.089832,0.272458
51365,0.31038454,0.0016886176,0.6190805,0.6805641,0.0,0.6805641,0.17014103
51368,0.5865466,0.0015452569,1.1715479,1.114041,0.0,1.114041,0.27851024
51370,0.19019245,0.0014582066,0.37892666,0.40344357,0.0,0.40344357,0.100860894
51373,0.11980906,0.0013928654,0.23822527,0.21409257,0.0,0.21409257,0.053523142
51375,0.10291534,0.0012938009,0.20453687,0.21972275,0.0,0.21972275,0.054930687
51378,0.08164329,0.0012014572,0.16208512,0.1798873,0.0,0.1798873,0.044971824
51381,0.045595165,0.0011346113,0.09005571,0.09801737,0.0,0.09801737,0.024504343
51383,0.29162082,0.0010962394,0.5821454,0.61217993,0.0,0.61217993,0.15304498
51386,0.034108754,0.0010279798,0.06718952,0.05426832,0.0,0.05426832,0.01356708
51388,0.13903621,0.0009777135,0.2770947,0.2527174,0.0,0.2527174,0.06317935
51391,0.822198,0.00092811586,1.6434679,1.5724319,0.0,1.5724319,0.39310798
51394,0.009947444,0.00088931015,0.01900558,0.02261369,0.0,0.02261369,0.0056534223
51396,0.34381178,0.0008628134,0.6867607,0.64302,0.0,0.64302,0.160755
51399,0.13667321,0.0008816693,0.27246475,0.25215095,0.0,0.25215095,0.06303774
51401,0.37412146,0.0008854152,0.74735755,0.7166066,0.0,0.7166066,0.17915165
51404,0.06328073,0.0008453691,0.12571609,0.11388651,0.0,0.11388651,0.028471628
51407,0.105556935,0.0006783647,0.21043551,0.22537737,0.0,0.22537737,0.05634434
51409,0.27625644,0.00061470043,0.5518982,0.58157444,0.0,0.58157444,0.14539361
51412,0.04391012,0.0005992762,0.08722097,0.079640105,0.0,0.079640105,0.019910026
51415,0.036336027,0.0005849158,0.07208714,0.06695639,0.0,0.06695639,0.016739098
51417,0.022461647,0.0005895109,0.044333786,0.04104303,0.0,0.04104303,0.010260757
51420,0.081397094,0.00057985686,0.16221434,0.1517564,0.0,0.1517564,0.0379391
51422,0.81194186,0.0005803153,1.6233034,1.5664543,0.0,1.5664543,0.39161357
51425,0.07986106,0.00060701923,0.15911509,0.17238528,0.0,0.17238528,0.04309632
51428,0.035680193,0.0006252791,0.070735104,0.061650485,0.0,0.061650485,0.015412621
51430,0.29084715,0.00061054924,0.5810838,0.55629784,0.0,0.55629784,0.13907446
51433,0.13791434,0.0005834139,0.27524528,0.29093686,0.0,0.29093686,0.072734214
51435,0.085434325,0.00056329975,0.17030536,0.15983291,0.0,0.15983291,0.039958227
51438,0.3380648,0.00055111776,0.6755784,0.6472793,0.0,0.6472793,0.16181983
51441,0.653869,0.00054583774,1.3071922,1.3562266,0.0,1.3562266,0.33905664
51443,0.051542554,0.0005470149,0.1025381,0.09115427,0.0,0.09115427,0.022788567
51446,0.06506618,0.00054356066,0.1295888,0.14144045,0.0,0.14144045,0.035360113
51448,0.7173476,0.0005585631,1.4341367,1.4890496,0.0,1.4890496,0.3722624
51451,0.109894685,0.00059454754,0.21919481,0.20658283,0.0,0.20658283,0.051645707
51454,0.87300825,0.00059860735,1.745418,1.6849724,0.0,1.6849724,0.4212431
51456,0.042118434,0.0006023332,0.08363453,0.07635669,0.0,0.07635669,0.019089172
51459,0.041042056,0.0006065305,0.08147758,0.074788734,0.0,0.074788734,0.018697184
51462,0.24810265,0.00060505583,0.49560022,0.47246432,0.0,0.47246432,0.11811608
51464,0.053326428,0.0006041963,0.106048666,0.1140328,0.0,0.1140328,0.0285082
51467,0.21119958,0.00061562966,0.42178354,0.4497554,0.0,0.4497554,0.11243885
51469,0.07408918,0.0006237507,0.14755459,0.15942414,0.0,0.15942414,0.039856035
51472,0.7986142,0.0006351841,1.5965933,1.6539346,0.0,1.6539346,0.41348365
51475,0.9101526,0.000649299,1.8196559,1.7572079,0.0,1.7572079,0.43930197
51477,0.029879011,0.0006433267,0.059114695,0.054943275,0.0,0.054943275,0.013735819
51480,0.09302405,0.00068454846,0.18536358,0.1998126,0.0,0.1998126,0.04995315
51482,0.10660967,0.00072514033,0.2124942,0.19351637,0.0,0.19351637,0.048379093
51485,0.22591645,0.0007580323,0.45107484,0.48190165,0.0,0.48190165,0.12047541
51488,0.52945435,0.00076622906,1.0581425,1.0071563,0.0,1.0071563,0.25178906
51490,0.13218905,0.00077442237,0.26360366,0.28589845,0.0,0.28589845,0.07147461
51493,0.16577493,0.0007885625,0.33076128,0.30814442,0.0,0.30814442,0.077036105
51495,0.12128687,0.0007730282,0.24180071,0.26078582,0.0,0.26078582,0.065196455
51498,0.48075202,0.0007586865,0.9607454,1.0131654,0.0,1.0131654,0.25329134
51501,0.07233888,0.0007866297,0.14389113,0.16000305,0.0,0.16000305,0.040000763
51503,0.02977139,0.0007957651,0.058747012,0.0511959,0.0,0.0511959,0.012798975
51506,0.04871316,0.0008540759,0.09657224,0.087469995,0.0,0.087469995,0.021867499
51509,0.035471622,0.00089129136,0.070051946,0.079973556,0.0,0.079973556,0.019993389
51511,0.14184134,0.000908702,0.282774,0.25944743,0.0,0.25944743,0.06486186
51514,0.7920759,0.0009251965,1.5832266,1.6557293,0.0,1.6557293,0.41393232
51516,0.021375822,0.00093675865,0.04181489,0.037522133,0.0,0.037522133,0.009380533
51519,0.08182919,0.0009779683,0.1626804,0.17999184,0.0,0.17999184,0.04499796
51522,0.032231968,0.0010129282,0.063451014,0.054660965,0.0,0.054660965,0.013665241
51524,0.097741336,0.0010399214,0.19444275,0.21968417,0.0,0.21968417,0.054921042
51527,0.094020456,0.001072032,0.18696888,0.1670956,0.0,0.1670956,0.0417739
51529,0.108950555,0.0011026541,0.21679847,0.19477475,0.0,0.19477475,0.048693687
51532,0.33319154,0.0011282892,0.6652548,0.62127,0.0,0.62127,0.1553175
51535,0.78668743,0.0011880336,1.572187,1.6567497,0.0,1.6567497,0.41418743
51537,0.03208083,0.0012002038,0.06296145,0.052499134,0.0,0.052499134,0.0131247835
51540,0.12978609,0.001180695,0.2583915,0.22983682,0.0,0.22983682,0.057459205
51543,0.014766846,0.0011604481,0.028373243,0.031363696,0.0,0.031363696,0.007840924
51545,0.2455275,0.0011466531,0.48990837,0.52446085,0.0,0.52446085,0.13111521
51548,0.6227447,0.0011450899,1.2443442,1.173647,0.0,1.173647,0.29341176
51550,0.12564416,0.0011447034,0.25014362,0.22874562,0.0,0.22874562,0.057186406
51553,0.03831761,0.0011374181,0.0754978,0.06670437,0.0,0.06670437,0.016676093
51556,0.29645926,0.0011372383,0.59178126,0.64201146,0.0,0.64201146,0.16050287
51558,0.10406938,0.0011310783,0.20700769,0.18455108,0.0,0.18455108,0.04613777
51561,0.66837996,0.0011096889,1.3356501,1.4055017,0.0,1.4055017,0.35137543
51563,0.046704475,0.0010984485,0.09231051,0.080115646,0.0,0.080115646,0.020028912
51566,0.092751205,0.0010702885,0.18443213,0.20718057,0.0,0.20718057,0.051795144
51569,0.18513463,0.001043988,0.36922526,0.3933971,0.0,0.3933971,0.09834927
51571,0.0987365,0.0010383512,0.19643466,0.17493136,0.0,0.17493136,0.04373284
51574,0.045885965,0.0009877457,0.090784185,0.079381295,0.0,0.079381295,0.019845324
51576,0.83271813,0.0010011898,1.664435,1.742392,0.0,1.742392,0.435598
51579,0.08917898,0.00095964625,0.17739831,0.19369192,0.0,0.19369192,0.04842298
51582,0.04165618,0.0009849294,0.08232743,0.095900916,0.0,0.095900916,0.023975229
51584,0.026182242,0.0009739548,0.05139053,0.05848473,0.0,0.05848473,0.014621182
51587,0.35344657,0.00091777014,0.70597535,0.75460404,0.0,0.75460404,0.18865101
51590,0.023427924,0.0008704152,0.04598543,0.051506292,0.0,0.051506292,0.012876573
51592,0.098962985,0.0008435243,0.19708245,0.21294872,0.0,0.21294872,0.05323718
51595,0.4930282,0.00081723556,0.9852392,1.0402216,0.0,1.0402216,0.2600554
51597,0.21399623,0.00079902314,0.42719343,0.45533192,0.0,0.45533192,0.11383298
51600,0.4280641,0.0007785777,0.8553496,0.8138094,0.0,0.8138094,0.20345235
51603,0.33998707,0.0007514173,0.67922276,0.70907813,0.0,0.70907813,0.17726953
51605,0.20737569,0.0007340337,0.41401732,0.3866774,0.0,0.3866774,0.09666935
51608,0.5290575,0.00069764676,1.0574174,1.020303,0.0,1.020303,0.25507575
51610,0.11687079,0.0006818231,0.23305976,0.2518444,0.0,0.2518444,0.0629611
51613,0.013321471,0.0006575075,0.025985435,0.028562052,0.0,0.028562052,0.007140513
51616,0.6035897,0.0006505235,1.206529,1.1530479,0.0,1.1530479,0.28826198
51618,0.13465855,0.0006487236,0.26866838,0.2865083,0.0,0.2865083,0.07162707
51621,0.21755977,0.00063720596,0.43448234,0.45963812,0.0,0.45963812,0.11490953
51623,0.90505964,0.00063706207,1.8094822,1.7448397,0.0,1.7448397,0.43620992
51626,0.045620654,0.0006579286,0.090583384,0.09735492,0.0,0.09735492,0.02433873
51629,0.2882261,0.00068276894,0.5757694,0.54253024,0.0,0.54253024,0.13563256
51631,0.3435626,0.00070028985,0.6864249,0.72651625,0.0,0.72651625,0.18162906
51634,0.11771835,0.0007251366,0.23471157,0.2551105,0.0,0.2551105,0.063777626
51637,0.15372543,0.0007436583,0.30670717,0.32625744,0.0,0.32625744,0.08156436
51639,0.11792991,0.0007488357,0.235111,0.25404778,0.0,0.25404778,0.063511945
51642,0.041456707,0.00078109355,0.08213232,0.09398109,0.0,0.09398109,0.023495272
51644,0.1113911,0.000794621,0.22198756,0.20437928,0.0,0.20437928,0.05109482
51647,0.044885833,0.00081297784,0.08895869,0.08199123,0.0,0.08199123,0.020497808
51650,0.28520727,0.00081472885,0.5695998,0.5369006,0.0,0.5369006,0.13422514
51652,0.029111052,0.0008320119,0.057390094,0.052652,0.0,0.052652,0.013163
51655,0.6007839,0.00084660546,1.2007211,1.1490738,0.0,1.1490738,0.28726846
51657,0.15065826,0.00085516553,0.30046138,0.32751784,0.0,0.32751784,0.08187946
51660,0.023503311,0.0008779194,0.0461287,0.049337547,0.0,0.049337547,0.012334387
51663,0.20524208,0.00092077785,0.4095634,0.3762213,0.0,0.3762213,0.094055325
51665,0.031538744,0.00093286595,0.06214462,0.07051897,0.0,0.07051897,0.017629743
51668,0.05110587,0.0009987641,0.10121298,0.09109556,0.0,0.09109556,0.02277389
51670,0.05507247,0.0010488919,0.10909605,0.12536405,0.0,0.12536405,0.031341013
51673,0.17495437,0.0011460818,0.34876266,0.38187754,0.0,0.38187754,0.095469385
51676,0.09512535,0.0012381636,0.18901253,0.21469712,0.0,0.21469712,0.05367428
51678,0.28483298,0.0012737288,0.5683923,0.5211586,0.0,0.5211586,0.13028964
51681,0.25636697,0.001348972,0.51138496,0.56224877,0.0,0.56224877,0.14056219
51684,0.22661595,0.0014351063,0.45179677,0.49836305,0.0,0.49836305,0.12459076
51686,0.058813456,0.0015034309,0.11612349,0.13745357,0.0,0.13745357,0.034363393
51689,0.030515358,0.0015951997,0.059435517,0.050877776,0.0,0.050877776,0.012719444
51691,0.08929926,0.0016535735,0.17694496,0.208053,0.0,0.208053,0.05201325
51694,0.028050514,0.0017420262,0.054359004,0.06186533,0.0,0.06186533,0.015466332
51697,0.04454881,0.0018032215,0.0872944,0.07551256,0.0,0.07551256,0.01887814
51699,0.05687988,0.0018498426,0.111909926,0.09343892,0.0,0.09343892,0.02335973
51702,0.5922013,0.0019280799,1.1824745,1.0966274,0.0,1.0966274,0.27415684
51704,0.010371979,0.0019708239,0.018773135,0.019368596,0.0,0.019368596,0.004842149
51707,0.5034584,0.0020404563,1.0048763,0.92838717,0.0,0.92838717,0.23209679
51710,0.3905138,0.0020794237,0.77894825,0.8524723,0.0,0.8524723,0.21311808
51712,0.04601526,0.0020889516,0.08994156,0.10543027,0.0,0.10543027,0.026357567
51715,0.16152842,0.0020965906,0.32096025,0.36722717,0.0,0.36722717,0.09180679
51717,0.012855568,0.0021119027,0.023599235,0.025748705,0.0,0.025748705,0.0064371764
51720,0.12839453,0.0021256849,0.25466338,0.29300216,0.0,0.29300216,0.07325054
51723,0.06768799,0.0021255582,0.13325042,0.15754955,0.0,0.15754955,0.039387386
51725,0.28790614,0.0020959147,0.5737164,0.5107594,0.0,0.5107594,0.12768985
51728,0.24650662,0.0020768547,0.49093637,0.4405986,0.0,0.4405986,0.11014965
51731,0.11228938,0.0020835681,0.2224952,0.19655333,0.0,0.19655333,0.049138334
51733,0.52758,0.0020948267,1.0530652,1.138473,0.0,1.138473,0.28461826
51736,0.036608677,0.0020962174,0.071121134,0.087725945,0.0,0.087725945,0.021931486
51738,0.28397405,0.002095055,0.56585306,0.52424484,0.0,0.52424484,0.13106121
51741,0.28418338,0.0021116755,0.5662551,0.5193436,0.0,0.5193436,0.1298359
51744,0.12464761,0.00211493,0.24718028,0.26803455,0.0,0.26803455,0.06700864
51746,0.037191693,0.0021111604,0.07227222,0.08564154,0.0,0.08564154,0.021410385
51749,0.13400538,0.0020806852,0.2659301,0.24229062,0.0,0.24229062,0.060572654
51751,0.08254703,0.0020763022,0.16301776,0.14462526,0.0,0.14462526,0.036156315
51754,0.46593046,0.002073574,0.92978734,0.87018234,0.0,0.87018234,0.21754558
51757,0.120540686,0.0019382136,0.23914318,0.20879698,0.0,0.20879698,0.052199244
51759,0.2168139,0.0018031085,0.43182468,0.39410576,0.0,0.39410576,0.09852644
51762,0.07385006,0.0017486494,0.14595146,0.12293184,0.0,0.12293184,0.03073296
51764,0.1672352,0.00168856,0.33278182,0.36771736,0.0,0.36771736,0.09192934
51767,0.14397183,0.0015979089,0.28634575,0.3121186,0.0,0.3121186,0.07802965
51770,0.17922269,0.0014641752,0.3569812,0.3216331,0.0,0.3216331,0.080408275
51772,0.10936177,0.0014171532,0.21730638,0.19023181,0.0,0.19023181,0.047557954
51775,0.2602125,0.0013363642,0.5190887,0.47913477,0.0,0.47913477,0.11978369
51778,0.023882933,0.0012364251,0.046529442,0.03909326,0.0,0.03909326,0.009773315
51780,0.45349142,0.0011998791,0.90578294,0.97154444,0.0,0.97154444,0.24288611
51783,0.40296093,0.0011405473,0.8047814,0.7463719,0.0,0.7463719,0.18659298
51785,0.20789753,0.0011120891,0.41468295,0.3859787,0.0,0.3859787,0.096494675
51788,0.5610128,0.0010529464,1.1209728,1.0604465,0.0,1.0604465,0.26511163
51791,0.16356441,0.0010182721,0.32611057,0.35003236,0.0,0.35003236,0.08750809
51793,0.18154709,0.0010101995,0.36208394,0.38765565,0.0,0.38765565,0.09691391
51796,0.06342486,0.0010018037,0.12584792,0.11437384,0.0,0.11437384,0.02859346
51798,0.27002943,0.0010098646,0.53904897,0.49551633,0.0,0.49551633,0.12387908
51801,0.022358576,0.0010268766,0.043690275,0.054204423,0.0,0.054204423,0.013551106
51804,0.3187437,0.0010505569,0.6364369,0.5919325,0.0,0.5919325,0.14798312
51806,0.08155426,0.0010616041,0.1620469,0.14330147,0.0,0.14330147,0.035825368
51809,0.43140435,0.0011040741,0.86170465,0.9032696,0.0,0.9032696,0.2258174
51811,0.18334532,0.0011645932,0.36552605,0.34271154,0.0,0.34271154,0.085677885
51814,0.02912663,0.0011807089,0.05707255,0.062329143,0.0,0.062329143,0.015582286
51817,0.049343422,0.0011668244,0.09752002,0.085207246,0.0,0.085207246,0.021301812
51819,0.18818116,0.0011893966,0.37517294,0.40428698,0.0,0.40428698,0.101071745
51822,0.08219344,0.0012000351,0.16318686,0.17772861,0.0,0.17772861,0.044432152
51825,0.016265074,0.0012067435,0.031323403,0.035393894,0.0,0.035393894,0.008848473
51827,0.39458242,0.0011790795,0.7879858,0.825898,0.0,0.825898,0.2064745
51830,0.24701013,0.0011347918,0.49288547,0.46000823,0.0,0.46000823,0.11500206
51832,0.09691415,0.0010986758,0.19272964,0.1697877,0.0,0.1697877,0.042446926
51835,0.3642838,0.0010348955,0.7275327,0.76677924,0.0,0.76677924,0.19169481
51838,0.14567256,0.00097084587,0.29037428,0.26570174,0.0,0.26570174,0.066425435
51840,0.13881476,0.00094941515,0.27668008,0.29553577,0.0,0.29553577,0.07388394
51843,0.020868829,0.0009246518,0.040813003,0.034686297,0.0,0.034686297,0.008671574
51845,0.05442944,0.00086810143,0.10799078,0.12115282,0.0,0.12115282,0.030288205
51848,0.21020152,0.0008432562,0.4195598,0.4461328,0.0,0.4461328,0.1115332
51851,0.060687512,0.00086644985,0.120508574,0.1070135,0.0,0.1070135,0.026753375
51853,0.17394231,0.0008897221,0.34699488,0.37592682,0.0,0.37592682,0.093981706
51856,0.24576958,0.00091065915,0.4906285,0.5255063,0.0,0.5255063,0.13137658
51858,0.14124994,0.0009312909,0.28156862,0.25593618,0.0,0.25593618,0.063984044
51861,0.07721502,0.000962402,0.15346764,0.13503249,0.0,0.13503249,0.033758122
51864,0.06288143,0.0009919917,0.12477088,0.13850528,0.0,0.13850528,0.03462632
51866,0.037498105,0.0010088804,0.073987335,0.06807772,0.0,0.06807772,0.01701943
51869,0.038620915,0.0010564355,0.0761854,0.08419493,0.0,0.08419493,0.021048732
51872,0.056657925,0.0010700526,0.1122458,0.1011414,0.0,0.1011414,0.02528535
51874,0.19721888,0.0010730717,0.39336467,0.35745096,0.0,0.35745096,0.08936274
51877,0.24821955,0.0010916154,0.4953475,0.45841956,0.0,0.45841956,0.11460489
51879,0.456982,0.0011089965,0.91285497,0.8606904,0.0,0.8606904,0.2151726
51882,0.34466246,0.0011508361,0.68817407,0.6355338,0.0,0.6355338,0.15888345
51885,0.22073568,0.0012098401,0.4402615,0.4058524,0.0,0.4058524,0.1014631
51887,0.056766942,0.0012204516,0.11231343,0.09861205,0.0,0.09861205,0.024653012
51890,0.025085984,0.0012210029,0.048950966,0.053564776,0.0,0.053564776,0.013391194
51892,0.46186244,0.0012144167,0.92251045,0.8580647,0.0,0.8580647,0.21451618
51895,0.02472852,0.0012030713,0.04825397,0.05214415,0.0,0.05214415,0.013036038
51898,0.08535702,0.0011986987,0.16951536,0.15334968,0.0,0.15334968,0.03833742
51900,0.22825152,0.0011924437,0.45531058,0.50108886,0.0,0.50108886,0.12527221
51903,0.07387545,0.0011713128,0.14657958,0.16467668,0.0,0.16467668,0.04116917
51905,0.64733344,0.0011328732,1.2935339,1.2247056,0.0,1.2247056,0.3061764
51908,0.22081329,0.0011266131,0.4405,0.4102488,0.0,0.4102488,0.1025622
51911,0.011967123,0.0011420046,0.02279224,0.026130179,0.0,0.026130179,0.0065325447
51913,0.27779004,0.0011496521,0.5544304,0.59705234,0.0,0.59705234,0.14926308
51916,0.24333866,0.0011732755,0.48550406,0.5298686,0.0,0.5298686,0.13246715
51919,0.06164364,0.0011957115,0.12209157,0.13285254,0.0,0.13285254,0.033213135
51921,0.3826389,0.0012261725,0.7640516,0.8197472,0.0,0.8197472,0.2049368
51924,0.11403698,0.0012385938,0.22683537,0.25267497,0.0,0.25267497,0.06316874
51926,0.15556104,0.0012268777,0.3098952,0.285539,0.0,0.285539,0.07138475
51929,0.3482604,0.0012318034,0.69528896,0.658419,0.0,0.658419,0.16460475
51932,0.12679629,0.0012418638,0.25235072,0.2726405,0.0,0.2726405,0.068160124
51934,0.18925332,0.0012448664,0.37726176,0.40383306,0.0,0.40383306,0.100958265
51937,0.036005203,0.0012183592,0.07079205,0.07885485,0.0,0.07885485,0.019713713
51939,0.08137714,0.0011725904,0.16158168,0.14384402,0.0,0.14384402,0.035961006
51942,0.40679762,0.001152244,0.81244296,0.77097887,0.0,0.77097887,0.19274472
51945,0.11081331,0.001135091,0.22049153,0.19546811,0.0,0.19546811,0.04886703
51947,0.49514428,0.0011342134,0.98915434,1.0390857,0.0,1.0390857,0.25977144
51950,0.17475213,0.0011424433,0.34836182,0.37551883,0.0,0.37551883,0.09387971
51952,0.3841747,0.0011211,0.7672283,0.8105028,0.0,0.8105028,0.2026257
51955,0.3118704,0.0010836612,0.6226571,0.5798996,0.0,0.5798996,0.1449749
51958,0.07569068,0.0010760409,0.15030532,0.17287593,0.0,0.17287593,0.04321898
51960,0.24612357,0.0010891267,0.491158,0.45438662,0.0,0.45438662,0.113596655
51963,0.036292333,0.0011146269,0.071470045,0.06117778,0.0,0.06117778,0.015294445
51966,0.08060806,0.001149303,0.16006683,0.13789803,0.0,0.13789803,0.034474507
51968,0.0498601,0.0011690307,0.09855118,0.106571674,0.0,0.106571674,0.026642919
51971,0.26402584,0.0011923565,0.5268593,0.48377535,0.0,0.48377535,0.12094384
51973,0.034286626,0.0012102794,0.06736297,0.056058336,0.0,0.056058336,0.014014584
51976,0.12370771,0.0012493873,0.24616604,0.27031115,0.0,0.27031115,0.06757779
51979,0.013819055,0.0012927222,0.026345387,0.028959943,0.0,0.028959943,0.0072399857
51981,0.05902877,0.0013241515,0.116733395,0.10639289,0.0,0.10639289,0.026598223
51984,0.102393724,0.0013727983,0.20341466,0.22958392,0.0,0.22958392,0.05739598
51986,0.3135842,0.0014234266,0.625745,0.5791817,0.0,0.5791817,0.14479542
51989,0.2694656,0.0014913538,0.5374398,0.5877697,0.0,0.5877697,0.14694242
51992,0.08925763,0.0015604356,0.17695482,0.20750749,0.0,0.20750749,0.051876873
51994,0.08967239,0.0016017398,0.17774303,0.15305084,0.0,0.15305084,0.03826271
51997,0.030843243,0.0016408475,0.06004564,0.04888175,0.0,0.04888175,0.012220438
51999,0.11464051,0.0016666088,0.22761442,0.20316847,0.0,0.20316847,0.050792117
52002,0.1957797,0.0016839498,0.38987544,0.4333382,0.0,0.4333382,0.10833455
52005,0.6385606,0.0016910326,1.2754301,1.3581151,0.0,1.3581151,0.33952877
52007,0.4871312,0.0017107558,0.97255164,1.0532776,0.0,1.0532776,0.2633194
52010,0.047405567,0.0017247711,0.09308636,0.081155665,0.0,0.081155665,0.020288916
52013,0.041838065,0.0017090713,0.08196706,0.0950526,0.0,0.0950526,0.02376315
52015,0.04473564,0.0017137065,0.08775758,0.07046745,0.0,0.07046745,0.017616862
52018,0.2231101,0.0017240938,0.44449612,0.4062551,0.0,0.4062551,0.101563774
52020,0.35679212,0.0017214773,0.7118628,0.6535005,0.0,0.6535005,0.16337512
52023,0.46175787,0.0017341726,0.92178154,0.84542626,0.0,0.84542626,0.21135657
52026,0.08620257,0.0017305971,0.17067455,0.19688644,0.0,0.19688644,0.04922161
52028,0.030270556,0.001740663,0.058800448,0.048812646,0.0,0.048812646,0.012203162
52031,0.024429448,0.0017529853,0.04710591,0.057909876,0.0,0.057909876,0.014477469
52033,0.021804392,0.0017753723,0.041833412,0.048985656,0.0,0.048985656,0.012246414
52036,0.64812034,0.001813231,1.2944274,1.3891426,0.0,1.3891426,0.34728566
52039,0.89659566,0.0018443569,1.7913469,1.6823918,0.0,1.6823918,0.42059794
52041,0.03362762,0.0018476051,0.06540764,0.079701915,0.0,0.079701915,0.019925479
52044,0.6176334,0.0018451667,1.2334217,1.1423855,0.0,1.1423855,0.28559637
52047,0.09810739,0.0018694969,0.19434528,0.21896142,0.0,0.21896142,0.054740354
52049,0.18836279,0.0018861018,0.3748395,0.41060925,0.0,0.41060925,0.10265231
52052,0.09263227,0.0018985927,0.18336596,0.20775472,0.0,0.20775472,0.05193868
52054,0.024499455,0.0019042059,0.047094706,0.055616617,0.0,0.055616617,0.013904154
52057,0.063912004,0.0019013701,0.12592264,0.10793207,0.0,0.10793207,0.026983017
52060,0.24203253,0.0019063883,0.48215866,0.43572727,0.0,0.43572727,0.10893182
52062,0.17177476,0.0019218493,0.3416277,0.38635552,0.0,0.38635552,0.09658888
52065,0.022564895,0.0019622857,0.043167505,0.048134,0.0,0.048134,0.0120335
52067,0.17165351,0.001985262,0.34132174,0.3886607,0.0,0.3886607,0.097165175
52070,0.051080707,0.0020202263,0.10014119,0.08585831,0.0,0.08585831,0.021464577
52073,0.069801636,0.0020936162,0.13750966,0.16736734,0.0,0.16736734,0.041841835
52075,0.03469341,0.0021508124,0.067236006,0.08231534,0.0,0.08231534,0.020578835
52078,0.5905633,0.0022520148,1.1788746,1.2798222,0.0,1.2798222,0.31995556
52080,0.3503478,0.0023584447,0.69833714,0.7784302,0.0,0.7784302,0.19460756
52083,0.19808342,0.002516003,0.39365086,0.44853637,0.0,0.44853637,0.11213409
52086,0.13143447,0.0026434932,0.26022545,0.3078359,0.0,0.3078359,0.07695898
52088,0.16126561,0.0027118325,0.3198194,0.37504092,0.0,0.37504092,0.09376023
52091,0.049651727,0.0028208385,0.09648261,0.07412936,0.0,0.07412936,0.01853234
52094,0.056938887,0.0029219538,0.11095583,0.13180499,0.0,0.13180499,0.032951247
52096,0.055243805,0.0029942568,0.10749335,0.12608568,0.0,0.12608568,0.03152142
52099,0.11870446,0.0031666418,0.23424228,0.28404388,0.0,0.28404388,0.07101097
52101,1.0030886,0.0032374605,2.00294,1.849379,0.0,1.849379,0.46234474
52104,0.32973996,0.003316434,0.65616345,0.56854796,0.0,0.56854796,0.14213699
52107,0.5211559,0.0034968846,1.0388149,1.1588227,0.0,1.1588227,0.28970566
52109,0.13537504,0.0035763362,0.26717374,0.22919364,0.0,0.22919364,0.05729841
52112,0.09871546,0.0036804322,0.1937505,0.1668362,0.0,0.1668362,0.04170905
52114,0.68147045,0.0036810127,1.35926,1.4996152,0.0,1.4996152,0.3749038
52117,0.05482219,0.0036762513,0.105968125,0.12883563,0.0,0.12883563,0.03220891
52120,0.077674635,0.0036320013,0.15171726,0.18048827,0.0,0.18048827,0.04512207
52122,0.27506295,0.0036509742,0.54647493,0.47548187,0.0,0.47548187,0.11887047
52125,0.20363535,0.0036694964,0.4036012,0.35392055,0.0,0.35392055,0.08848014
52127,0.24254142,0.0036923464,0.48139048,0.41437578,0.0,0.41437578,0.103593946
52130,0.73081946,0.0036533147,1.4579855,1.3349222,0.0,1.3349222,0.33373055
52133,0.037749253,0.0036316337,0.07186688,0.058053177,0.0,0.058053177,0.014513294
52135,0.7204556,0.0036606195,1.4372505,1.5739149,0.0,1.5739149,0.39347872
52138,0.08578413,0.0037386343,0.16782962,0.13496552,0.0,0.13496552,0.03374138
52141,0.17787464,0.0037060564,0.35204324,0.29601756,0.0,0.29601756,0.07400439
52143,0.10413647,0.0036275918,0.20464534,0.24749613,0.0,0.24749613,0.061874032
52146,0.47271624,0.0035269994,0.9419055,0.83497024,0.0,0.83497024,0.20874256
52148,0.14423393,0.0034558307,0.285012,0.24229841,0.0,0.24229841,0.060574602
52151,0.081475146,0.0033495028,0.15960078,0.19032604,0.0,0.19032604,0.04758151
52154,0.4197892,0.0032339788,0.8363444,0.7408294,0.0,0.7408294,0.18520735
52156,0.066067085,0.0031788666,0.1289553,0.1080788,0.0,0.1080788,0.0270197
52159,0.17207903,0.003068718,0.34108934,0.36974403,0.0,0.36974403,0.09243601
52161,0.305253,0.0029716443,0.60753435,0.55263865,0.0,0.55263865,0.13815966
52164,0.06573155,0.0027979373,0.12866515,0.14513548,0.0,0.14513548,0.03628387
52167,0.16918714,0.0026569504,0.33571735,0.30179277,0.0,0.30179277,0.07544819
52169,0.06046334,0.0024693448,0.11845734,0.09407752,0.0,0.09407752,0.02351938
52172,0.039171956,0.002290799,0.07605311,0.08935642,0.0,0.08935642,0.022339106
52174,0.13949084,0.0021613468,0.27682033,0.29812348,0.0,0.29812348,0.07453087
52177,0.07740871,0.0020065813,0.15281083,0.16931064,0.0,0.16931064,0.04232766
52180,0.3359134,0.0019379541,0.6698888,0.61895245,0.0,0.61895245,0.15473811
52182,0.024605468,0.0018743388,0.047336597,0.037900854,0.0,0.037900854,0.0094752135
52185,0.3353043,0.0017966084,0.668812,0.611739,0.0,0.611739,0.15293474
52188,0.27299234,0.0017347151,0.54424995,0.6030466,0.0,0.6030466,0.15076165
52190,0.6980899,0.001662007,1.3945179,1.4843005,0.0,1.4843005,0.37107512
52193,0.063451484,0.0014534252,0.12544954,0.10744832,0.0,0.10744832,0.02686208
52195,0.025155174,0.0014138088,0.04889654,0.050388236,0.0,0.050388236,0.012597059
52198,0.26173893,0.0013553872,0.5221225,0.48488513,0.0,0.48488513,0.12122128
52201,0.941693,0.0013081346,1.8820778,1.7897409,0.0,1.7897409,0.44743523
52203,0.020328235,0.0013327823,0.039323688,0.030716874,0.0,0.030716874,0.0076792184
52206,0.14516538,0.0013533485,0.2889774,0.31528652,0.0,0.31528652,0.07882163
52208,0.17870705,0.0012737146,0.35614038,0.38856885,0.0,0.38856885,0.09714221
52211,0.9185396,0.0012860884,1.8357931,1.7458216,0.0,1.7458216,0.4364554
52214,0.47632447,0.0012703246,0.95137864,0.88498545,0.0,0.88498545,0.22124636
52216,0.6980334,0.0012321263,1.3948346,1.3191133,0.0,1.3191133,0.3297783
52219,0.27601427,0.0011904769,0.55083805,0.5933661,0.0,0.5933661,0.14834152
52221,0.039075155,0.0011335299,0.07701678,0.06582148,0.0,0.06582148,0.01645537
52224,0.10856584,0.0010730099,0.21605867,0.23700346,0.0,0.23700346,0.059250865
52227,0.58545166,0.0010734441,1.16983,1.1019872,0.0,1.1019872,0.2754968
52229,0.09618619,0.0010805466,0.19129182,0.17489874,0.0,0.17489874,0.043724686
52232,0.016966041,0.0011024971,0.032829586,0.030091664,0.0,0.030091664,0.007522916
52235,0.024919013,0.0011360327,0.04870199,0.056730915,0.0,0.056730915,0.014182729
52237,0.09642453,0.0011466822,0.19170238,0.17185895,0.0,0.17185895,0.042964738
52240,0.3721551,0.0012137204,0.74309653,0.80156845,0.0,0.80156845,0.20039211
52242,0.5561723,0.0012597118,1.1110849,1.1834217,0.0,1.1834217,0.29585543
52245,0.32294494,0.0013013268,0.64458853,0.70083994,0.0,0.70083994,0.17520998
52248,0.89195967,0.0013329573,1.7825865,1.8785467,0.0,1.8785467,0.46963668
52250,0.09553429,0.0013657074,0.18970287,0.21075563,0.0,0.21075563,0.052688908
52253,0.3870584,0.0014023645,0.77271444,0.826701,0.0,0.826701,0.20667525
52255,0.16304787,0.0014299935,0.32466576,0.29067293,0.0,0.29067293,0.07266823
52258,0.33014563,0.0014777604,0.6588135,0.6011605,0.0,0.6011605,0.15029013
52261,0.017750386,0.0015200541,0.033980716,0.03671251,0.0,0.03671251,0.009178127
52263,0.17523319,0.0015429911,0.34892336,0.31368068,0.0,0.31368068,0.07842017
52266,0.13432409,0.0015645303,0.26708364,0.3040501,0.0,0.3040501,0.07601252
52268,0.2344408,0.0016223054,0.4672593,0.51502824,0.0,0.51502824,0.12875706
52271,0.060995836,0.0016693342,0.12032234,0.10645548,0.0,0.10645548,0.02661387
52274,0.0801566,0.0017797546,0.15853345,0.18615006,0.0,0.18615006,0.046537515
52276,0.03495049,0.0018272825,0.0680737,0.081818566,0.0,0.081818566,0.020454641
52279,0.0757266,0.0018818164,0.14957137,0.17901027,0.0,0.17901027,0.044752568
52282,0.06163642,0.0019268794,0.12134597,0.105933726,0.0,0.105933726,0.026483431
52284,0.6182062,0.0019527654,1.2344598,1.3290225,0.0,1.3290225,0.33225563
52287,0.07622247,0.0019944373,0.15045051,0.12447959,0.0,0.12447959,0.031119898
52289,0.090048246,0.002031165,0.17806531,0.14977834,0.0,0.14977834,0.037444584
52292,0.14661811,0.0020433443,0.2911929,0.33167183,0.0,0.33167183,0.08291796
52295,0.05702524,0.0020300772,0.1120204,0.09483642,0.0,0.09483642,0.023709105
52297,0.18028687,0.0020336828,0.35854006,0.40300593,0.0,0.40300593,0.10075148
52300,0.26843923,0.0020269493,0.5348515,0.5927592,0.0,0.5927592,0.1481898
52302,0.24075778,0.0020180196,0.47949755,0.43377122,0.0,0.43377122,0.108442806
52305,0.7157751,0.0020236026,1.4295267,1.5319923,0.0,1.5319923,0.38299808
52308,0.37500024,0.0020762247,0.74792427,0.6738877,0.0,0.6738877,0.16847193
52310,0.14604802,0.0020717066,0.29002437,0.31928143,0.0,0.31928143,0.07982036
52313,0.22548379,0.002080525,0.44888708,0.50748616,0.0,0.50748616,0.12687154
52315,0.5392081,0.0021050242,1.0763112,0.99180573,0.0,0.99180573,0.24795143
52318,0.58138895,0.0021161893,1.1606617,1.257846,0.0,1.257846,0.3144615
52321,0.11975041,0.0020898376,0.23741098,0.20936735,0.0,0.20936735,0.052341837
52323,0.027761392,0.0020913621,0.05343142,0.04023853,0.0,0.04023853,0.010059632
52326,0.07353351,0.0020679673,0.14499907,0.12044666,0.0,0.12044666,0.030111665
52329,0.44287062,0.002016537,0.8837247,0.82677984,0.0,0.82677984,0.20669496
52331,0.6724866,0.0020544778,1.3429188,1.4388361,0.0,1.4388361,0.35970902
52334,0.5270706,0.00202571,1.0521154,0.9836304,0.0,0.9836304,0.2459076
52336,0.05969922,0.0019848694,0.11741356,0.09518645,0.0,0.09518645,0.023796612
52339,0.20765795,0.0020001289,0.41331577,0.45230928,0.0,0.45230928,0.11307732
52342,0.41122624,0.0020082498,0.82044417,0.8978205,0.0,0.8978205,0.22445512
52344,0.28617072,0.0019270595,0.57041436,0.6353232,0.0,0.6353232,0.1588308
52347,0.02589544,0.0018805215,0.049910355,0.041317835,0.0,0.041317835,0.010329459
52349,0.040313028,0.0018402021,0.07878585,0.061683465,0.0,0.061683465,0.015420866
52352,0.038314622,0.0017437147,0.07488553,0.06402084,0.0,0.06402084,0.01600521
52355,0.800967,0.0016280562,1.6003059,1.700769,0.0,1.700769,0.42519224
52357,0.05599719,0.0016194531,0.11037493,0.093965314,0.0,0.093965314,0.023491329
52360,0.0422845,0.0015960016,0.082972996,0.09133915,0.0,0.09133915,0.022834787
52362,0.29905066,0.0014879386,0.5966134,0.6439078,0.0,0.6439078,0.16097695
52365,0.20008858,0.001485264,0.3986919,0.44140807,0.0,0.44140807,0.11035202
52368,0.06767735,0.0014461669,0.13390853,0.15171377,0.0,0.15171377,0.037928443
52370,0.034352545,0.0014715431,0.06723354,0.05733183,0.0,0.05733183,0.014332958
52373,0.038482457,0.0015011476,0.075463764,0.0658187,0.0,0.0658187,0.016454674
52376,0.12618239,0.0015196915,0.2508451,0.28383282,0.0,0.28383282,0.070958205
52378,0.18604092,0.0015375587,0.37054428,0.41100883,0.0,0.41100883,0.10275221
52381,0.6285293,0.0015717362,1.2554868,1.1724247,0.0,1.1724247,0.29310617
52383,0.028972326,0.0015733233,0.056371327,0.06282054,0.0,0.06282054,0.015705135
52386,0.23665237,0.0015914984,0.47171327,0.42094287,0.0,0.42094287,0.10523572
52389,0.09300518,0.0016309442,0.18437941,0.20858221,0.0,0.20858221,0.052145552
52391,0.017182333,0.0016869548,0.032677714,0.024504954,0.0,0.024504954,0.0061262385
52394,0.018143067,0.00179026,0.034495875,0.041590914,0.0,0.041590914,0.0103977285
52396,0.013808816,0.0018538217,0.02576381,0.029522205,0.0,0.029522205,0.007380551
52399,0.067208834,0.0018614748,0.1325562,0.15573442,0.0,0.15573442,0.038933605
52402,0.6743667,0.0018664064,1.3468671,1.4450973,0.0,1.4450973,0.36127433
52404,0.93565863,0.001871095,1.8694462,1.7567393,0.0,1.7567393,0.4391848
52407,0.18257137,0.0018814135,0.36326134,0.31891558,0.0,0.31891558,0.079728894
52409,0.3446995,0.0019001131,0.68749887,0.6325834,0.0,0.6325834,0.15814584
52412,0.11141462,0.0019029989,0.22092624,0.19493683,0.0,0.19493683,0.048734207
52415,0.033657826,0.0019521276,0.06536353,0.081670776,0.0,0.081670776,0.020417694
52417,0.030379215,0.0019654112,0.05879302,0.06854225,0.0,0.06854225,0.017135562
52420,0.16699426,0.001984035,0.33200446,0.29238468,0.0,0.29238468,0.07309617
52423,0.38945314,0.002009758,0.7768965,0.7046819,0.0,0.7046819,0.17617047
52425,0.19154024,0.0019904745,0.38109002,0.43248582,0.0,0.43248582,0.108121455
52428,0.3374103,0.0019427467,0.67287785,0.7263997,0.0,0.7263997,0.18159993
52430,0.028315885,0.0018832354,0.054748535,0.060805243,0.0,0.060805243,0.015201311
52433,0.0155046135,0.0018045943,0.029204631,0.03358617,0.0,0.03358617,0.008396543
52436,0.6605989,0.0017971193,1.3194007,1.4076525,0.0,1.4076525,0.35191312
52438,0.066749126,0.0017924756,0.13170578,0.14822024,0.0,0.14822024,0.03705506
52441,0.2730068,0.0018254673,0.54418814,0.49882555,0.0,0.49882555,0.12470639
52443,0.012984082,0.0018339008,0.024134263,0.026919054,0.0,0.026919054,0.0067297635
52446,0.05741411,0.0017931951,0.11303502,0.13009278,0.0,0.13009278,0.032523196
52449,0.4820728,0.0017665615,0.96237904,1.041066,0.0,1.041066,0.2602665
52451,0.25528353,0.0017524239,0.50881463,0.56739825,0.0,0.56739825,0.14184956
52454,0.25472072,0.0017292298,0.5077122,0.45752668,0.0,0.45752668,0.11438167
52456,0.3773563,0.0016711596,0.75304145,0.6915493,0.0,0.6915493,0.17288733
52459,0.6629021,0.001588859,1.3242154,1.2458853,0.0,1.2458853,0.3114713
52462,0.5308623,0.0015873769,1.0601372,0.9860359,0.0,0.9860359,0.24650897
52464,0.5774486,0.001619036,1.1532782,1.0722013,0.0,1.0722013,0.2680503
52467,0.020494405,0.0015781168,0.03941069,0.04908411,0.0,0.04908411,0.012271027
52470,0.46597338,0.0016231235,0.9303236,0.87986726,0.0,0.87986726,0.21996681
52472,0.1465372,0.0016489715,0.29142544,0.2618663,0.0,0.2618663,0.065466575
52475,0.06575554,0.0016635694,0.12984751,0.10963124,0.0,0.10963124,0.02740781
52477,0.025008194,0.0017323726,0.048284013,0.039118696,0.0,0.039118696,0.009779674
52480,0.29211283,0.0017913772,0.5824343,0.6393588,0.0,0.6393588,0.1598397
52483,0.030996062,0.0017219009,0.060270224,0.05205734,0.0,0.05205734,0.013014335
52485,0.2482958,0.0016514864,0.49494013,0.45002142,0.0,0.45002142,0.112505354
52488,0.07759349,0.0015867784,0.1536002,0.12974648,0.0,0.12974648,0.03243662
52490,0.039870128,0.0015845319,0.078155726,0.0636873,0.0,0.0636873,0.015921826
52493,0.085117705,0.0016058356,0.16862959,0.14403696,0.0,0.14403696,0.03600924
52496,0.022893868,0.0017138809,0.044073854,0.036871914,0.0,0.036871914,0.009217978
52498,0.067611955,0.0017013407,0.13352257,0.1485278,0.0,0.1485278,0.03713195
52501,0.15989585,0.0016716946,0.31812,0.35920846,0.0,0.35920846,0.089802116
52504,0.05399855,0.0017153245,0.10628178,0.08877233,0.0,0.08877233,0.022193082
