base_start,pair_mse,none_mse,event_mse,separation_mse,predicted_separation_energy,true_separation_energy,ambiguity_floor
11424,0.28689092,0.06210052,0.5116813,0.28535724,0.0,0.28535724,0.07133931
11425,0.08180723,0.06980624,0.09380823,0.08018756,0.0,0.08018756,0.02004689
11426,0.17816903,0.08391047,0.2724276,0.4641658,0.0,0.4641658,0.11604145
11427,0.17637032,0.09439051,0.25835013,0.49753729,0.0,0.49753729,0.12438432
11428,0.59956807,0.09798492,1.1011511,0.64418745,0.0,0.64418745,0.16104686
11429,0.9570703,0.103863716,1.8102769,1.1705914,0.0,1.1705914,0.29264784
11430,0.34242633,0.119646154,0.5652065,0.26761746,0.0,0.26761746,0.066904366
11431,0.16828495,0.12960327,0.20696664,0.25356597,0.0,0.25356597,0.06339149
11432,0.5776153,0.12882069,1.02641,0.51484823,0.0,0.51484823,0.12871206
11433,0.13409553,0.11681967,0.15137137,0.16548602,0.0,0.16548602,0.041371506
11434,0.09463686,0.09548929,0.093784414,0.05684636,0.0,0.05684636,0.01421159
11435,0.112261586,0.0656117,0.15891148,0.22496699,0.0,0.22496699,0.056241747
11436,0.50993675,0.04040355,0.97946995,0.75096816,0.0,0.75096816,0.18774204
11437,0.29295248,0.03057655,0.5553284,0.65895087,0.0,0.65895087,0.16473772
11438,0.29369286,0.026815638,0.56057006,0.63676566,0.0,0.63676566,0.15919141
11439,0.057632666,0.026170952,0.08909438,0.043024767,0.0,0.043024767,0.010756192
11440,0.25250956,0.030651525,0.47436762,0.39493278,0.0,0.39493278,0.098733194
11441,0.093749374,0.038546648,0.14895211,0.089006566,0.0,0.089006566,0.022251641
11442,0.2758672,0.050214443,0.5015199,0.36645815,0.0,0.36645815,0.09161454
11443,0.07598176,0.056054443,0.09590908,0.037758037,0.0,0.037758037,0.009439509
11444,0.45179805,0.06057259,0.8430235,1.0529885,0.0,1.0529885,0.26324713
11445,0.15250583,0.0619679,0.24304378,0.12806688,0.0,0.12806688,0.03201672
11446,0.4699537,0.059787154,0.8801203,0.5536609,0.0,0.5536609,0.13841523
11447,0.05484047,0.056126148,0.053554792,0.050815355,0.0,0.050815355,0.012703839
11448,0.8388498,0.057600927,1.6200986,1.1808769,0.0,1.1808769,0.2952192
11449,0.1764822,0.06285491,0.2901095,0.13180041,0.0,0.13180041,0.032950103
11450,0.23058408,0.06785736,0.39331082,0.20701618,0.0,0.20701618,0.051754046
11451,0.08783317,0.06549833,0.11016802,0.15489784,0.0,0.15489784,0.03872446
11452,0.13787383,0.061509382,0.21423829,0.28224784,0.0,0.28224784,0.07056196
11453,0.060730625,0.06209429,0.05936696,0.060838897,0.0,0.060838897,0.015209724
11454,0.27999488,0.0689427,0.49104705,0.59930795,0.0,0.59930795,0.14982699
11455,0.35827824,0.06669285,0.6498636,0.4617387,0.0,0.4617387,0.11543468
11456,0.16479395,0.061695535,0.26789236,0.120045744,0.0,0.120045744,0.030011436
11457,0.39870724,0.05842626,0.7389882,0.5719064,0.0,0.5719064,0.1429766
11458,0.08822594,0.05638459,0.12006729,0.043206453,0.0,0.043206453,0.010801613
11459,0.08142738,0.04751299,0.115341775,0.10399109,0.0,0.10399109,0.025997773
11460,0.09297809,0.042739157,0.14321703,0.072323225,0.0,0.072323225,0.018080806
11461,0.44057444,0.041991618,0.8391573,0.7316639,0.0,0.7316639,0.18291597
11462,0.20582409,0.040490463,0.37115774,0.28139096,0.0,0.28139096,0.07034774
11463,0.074935384,0.038883306,0.110987455,0.07414643,0.0,0.07414643,0.018536607
11464,0.06107812,0.035837296,0.08631895,0.090250164,0.0,0.090250164,0.022562541
11465,0.15453754,0.03512614,0.27394894,0.18916059,0.0,0.18916059,0.047290146
11466,0.10471958,0.03980759,0.16963156,0.15229906,0.0,0.15229906,0.038074765
11467,0.36329946,0.04585473,0.6807442,0.64497083,0.0,0.64497083,0.16124271
11468,0.070756145,0.04942183,0.092090465,0.06185474,0.0,0.06185474,0.015463685
11469,0.5670222,0.04801555,1.0860289,0.9526183,0.0,0.9526183,0.23815458
11470,0.63376904,0.04466787,1.2228702,1.3464446,0.0,1.3464446,0.33661115
11471,0.8284404,0.043250818,1.6136299,1.6709595,0.0,1.6709595,0.41773987
11472,0.06887889,0.04229076,0.09546702,0.045307774,0.0,0.045307774,0.0113269435
11473,0.42995954,0.04234147,0.8175776,0.7678766,0.0,0.7678766,0.19196916
11474,0.10803088,0.044346046,0.17171569,0.13053204,0.0,0.13053204,0.03263301
11475,0.3766066,0.045731265,0.70748204,0.7365403,0.0,0.7365403,0.18413508
11476,0.10173834,0.047007423,0.15646927,0.16542761,0.0,0.16542761,0.041356903
11477,0.6841945,0.052269805,1.3161192,1.3268656,0.0,1.3268656,0.3317164
11478,0.16485997,0.06367297,0.26604697,0.33438137,0.0,0.33438137,0.08359534
11479,0.78714496,0.06844304,1.505847,1.3299096,0.0,1.3299096,0.3324774
11480,0.09447626,0.063127,0.12582552,0.05641227,0.0,0.05641227,0.014103067
11481,0.64192814,0.05812682,1.2257295,0.965223,0.0,0.965223,0.24130575
11482,0.074791566,0.06021286,0.08937027,0.1466377,0.0,0.1466377,0.036659423
11483,0.34723806,0.071819566,0.6226565,0.3639637,0.0,0.3639637,0.09099092
11484,0.19572718,0.08429881,0.30715555,0.16640589,0.0,0.16640589,0.04160147
11485,0.11851003,0.09541992,0.14160013,0.073508374,0.0,0.073508374,0.018377094
11486,0.30531085,0.10259356,0.5080281,0.8239465,0.0,0.8239465,0.20598662
11487,0.14979373,0.10106796,0.19851951,0.08963957,0.0,0.08963957,0.022409892
11488,0.13843691,0.0978299,0.17904393,0.08578333,0.0,0.08578333,0.021445833
11489,0.12880842,0.09385791,0.16375895,0.2925268,0.0,0.2925268,0.0731317
11490,0.6193585,0.094328105,1.1443888,0.73465484,0.0,0.73465484,0.18366371
11491,0.16986652,0.09793276,0.24180026,0.12057572,0.0,0.12057572,0.03014393
11492,0.4814217,0.09759867,0.8652447,0.48780665,0.0,0.48780665,0.12195166
11493,0.5324257,0.0923594,0.97249204,0.5450279,0.0,0.5450279,0.13625698
11494,0.093018234,0.090970285,0.09506617,0.21364255,0.0,0.21364255,0.053410638
11495,0.14588739,0.089232445,0.20254235,0.3928702,0.0,0.3928702,0.09821755
11496,0.3937796,0.08483285,0.70272636,0.36125946,0.0,0.36125946,0.090314865
11497,0.15382451,0.08000877,0.22764026,0.15552293,0.0,0.15552293,0.038880732
11498,0.16549157,0.073865846,0.2571173,0.422511,0.0,0.422511,0.10562775
11499,0.10375432,0.07040595,0.13710268,0.08437566,0.0,0.08437566,0.021093914
11500,0.532963,0.072706126,0.99321985,1.1988732,0.0,1.1988732,0.2997183
11501,0.1093575,0.07738469,0.14133032,0.23856115,0.0,0.23856115,0.05964029
11502,0.27060068,0.08820057,0.45300078,0.21847236,0.0,0.21847236,0.05461809
11503,0.117240965,0.08913245,0.14534949,0.1635956,0.0,0.1635956,0.0408989
11504,0.56178516,0.08233724,1.0412331,1.0934292,0.0,1.0934292,0.2733573
11505,0.23983951,0.07659163,0.40308738,0.20524871,0.0,0.20524871,0.05131218
11506,0.25453123,0.073788725,0.43527374,0.55849,0.0,0.55849,0.1396225
11507,0.1580238,0.078749545,0.23729807,0.3976208,0.0,0.3976208,0.0994052
11508,0.13082089,0.09606222,0.16557956,0.3617657,0.0,0.3617657,0.09044143
11509,0.1419912,0.115850456,0.16813195,0.026368327,0.0,0.026368327,0.006592082
11510,0.10384101,0.14519863,0.062483396,0.17209633,0.0,0.17209633,0.04302408
11511,0.16603358,0.17509186,0.15697528,0.03389336,0.0,0.03389336,0.00847334
11512,0.22827125,0.19139822,0.26514426,0.12467021,0.0,0.12467021,0.031167552
11513,0.24555379,0.20367901,0.2874286,0.050699566,0.0,0.050699566,0.012674891
11514,0.17958389,0.21881819,0.14034958,0.37094903,0.0,0.37094903,0.09273726
11515,0.8167073,0.21984136,1.4135733,0.6137931,0.0,0.6137931,0.15344827
11516,0.24914145,0.21889944,0.27938345,0.039559036,0.0,0.039559036,0.009889759
11517,0.311155,0.21263306,0.40967694,0.097750984,0.0,0.097750984,0.024437746
11518,0.12707162,0.2060504,0.048092842,0.19914107,0.0,0.19914107,0.049785268
11519,0.4132206,0.21174906,0.61469215,1.2134265,0.0,1.2134265,0.30335662
11520,0.21657121,0.20955218,0.22359025,0.07772831,0.0,0.07772831,0.019432077
11521,0.6888407,0.19690867,1.1807728,0.49895915,0.0,0.49895915,0.12473979
11522,0.3670826,0.18977828,0.5443869,0.94498473,0.0,0.94498473,0.23624618
11523,0.21176946,0.18884815,0.23469079,0.026712721,0.0,0.026712721,0.0066781803
11524,1.2523059,0.18960576,2.315006,1.3629497,0.0,1.3629497,0.34073743
11525,0.19917195,0.1831414,0.2152025,0.053744774,0.0,0.053744774,0.013436194
11526,0.12933224,0.18163323,0.07703125,0.13526928,0.0,0.13526928,0.03381732
11527,0.19894867,0.18454193,0.21335542,0.08032372,0.0,0.08032372,0.02008093
11528,0.25140336,0.18581776,0.31698895,0.06902783,0.0,0.06902783,0.017256958
11529,0.5195318,0.18215059,0.8569129,1.3457369,0.0,1.3457369,0.33643422
11530,0.25463724,0.18765225,0.32162222,0.6300388,0.0,0.6300388,0.1575097
11531,0.721549,0.21538825,1.2277097,0.5057888,0.0,0.5057888,0.1264472
11532,0.263466,0.25179538,0.27513662,0.046337474,0.0,0.046337474,0.011584369
11533,0.2280354,0.30018315,0.15588766,0.10884563,0.0,0.10884563,0.027211407
11534,0.40539607,0.3391304,0.47166172,1.1961504,0.0,1.1961504,0.2990376
11535,1.0628976,0.37652406,1.7492709,0.61189455,0.0,0.61189455,0.15297364
11536,0.33856001,0.38097167,0.2961484,0.19537248,0.0,0.19537248,0.04884312
11537,0.31968805,0.36532354,0.27405253,0.20880114,0.0,0.20880114,0.052200284
11538,0.548605,0.35610104,0.74110895,0.14780714,0.0,0.14780714,0.036951784
11539,0.26664844,0.33428654,0.19901037,0.42159584,0.0,0.42159584,0.10539896
11540,0.6652941,0.28602383,1.0445644,0.36243024,0.0,0.36243024,0.09060756
11541,0.42911983,0.24483208,0.61340755,0.15583976,0.0,0.15583976,0.03895994
11542,0.41395387,0.22882307,0.5990847,0.1680509,0.0,0.1680509,0.042012725
11543,0.25516894,0.22010584,0.29023206,0.31744573,0.0,0.31744573,0.07936143
11544,0.8176944,0.21183155,1.4235573,0.7269764,0.0,0.7269764,0.1817441
11545,0.32734004,0.20596437,0.44871572,0.5810682,0.0,0.5810682,0.14526705
11546,0.41028333,0.19922529,0.6213414,0.92664546,0.0,0.92664546,0.23166136
11547,0.3244418,0.19801007,0.45087352,0.09886833,0.0,0.09886833,0.024717083
11548,0.74257016,0.20041704,1.2847233,0.64561117,0.0,0.64561117,0.16140279
11549,0.21516223,0.19760239,0.23272209,0.1654087,0.0,0.1654087,0.041352175
11550,1.1323618,0.1994042,2.0653193,1.2257357,0.0,1.2257357,0.30643392
11551,0.15560877,0.2003756,0.11084194,0.097961426,0.0,0.097961426,0.024490356
11552,0.5619302,0.19370838,0.93015194,1.3348532,0.0,1.3348532,0.3337133
11553,0.6132243,0.18651736,1.0399313,0.5682505,0.0,0.5682505,0.14206262
11554,0.1931582,0.18621343,0.20010294,0.024506582,0.0,0.024506582,0.0061266455
11555,0.22565864,0.19455819,0.25675908,0.3291383,0.0,0.3291383,0.08228458
11556,0.40091145,0.20772891,0.594094,0.14341739,0.0,0.14341739,0.035854347
11557,0.34710947,0.21833527,0.47588363,0.6429697,0.0,0.6429697,0.16074243
11558,0.41106567,0.23417418,0.58795714,0.8839801,0.0,0.8839801,0.22099502
11559,0.24683888,0.2506909,0.24298686,0.12155589,0.0,0.12155589,0.030388972
11560,0.39446917,0.26455304,0.5243853,0.2022965,0.0,0.2022965,0.050574124
11561,0.35244235,0.26820076,0.4366839,0.12726177,0.0,0.12726177,0.031815443
11562,0.312096,0.26756516,0.35662684,0.11656302,0.0,0.11656302,0.029140756
11563,0.5046405,0.25650224,0.7527788,0.3824323,0.0,0.3824323,0.09560808
11564,0.37930712,0.2431853,0.51542896,0.28630662,0.0,0.28630662,0.071576655
11565,0.997451,0.23309352,1.7618084,1.112385,0.0,1.112385,0.27809626
11566,0.37116995,0.21632373,0.52601624,0.3622639,0.0,0.3622639,0.09056597
11567,0.26963142,0.20525932,0.33400354,0.04279192,0.0,0.04279192,0.01069798
11568,0.16104648,0.19662954,0.12546341,0.053065505,0.0,0.053065505,0.013266376
11569,0.34089616,0.19578433,0.48600802,0.24982278,0.0,0.24982278,0.062455695
11570,0.6754074,0.1938171,1.1569977,0.67733556,0.0,0.67733556,0.16933389
11571,0.92794204,0.18162398,1.6742601,1.1852204,0.0,1.1852204,0.2963051
11572,0.3570126,0.17627299,0.53775215,0.36526906,0.0,0.36526906,0.091317266
11573,0.34208837,0.1687601,0.5154167,0.32638773,0.0,0.32638773,0.08159693
11574,0.42726126,0.15880455,0.695718,0.4753976,0.0,0.4753976,0.1188494
11575,0.45853734,0.15786885,0.7592058,0.54521495,0.0,0.54521495,0.13630374
11576,0.32875827,0.15934154,0.49817502,0.27842826,0.0,0.27842826,0.069607064
11577,0.32025954,0.15603553,0.4844835,0.32530686,0.0,0.32530686,0.081326716
11578,0.4716394,0.15775828,0.78552055,0.6221432,0.0,0.6221432,0.1555358
11579,0.32469213,0.16334169,0.4860426,0.28707695,0.0,0.28707695,0.07176924
11580,0.2660574,0.1710707,0.36104414,0.175662,0.0,0.175662,0.0439155
11581,0.56632656,0.17559,0.957063,0.6465003,0.0,0.6465003,0.16162507
11582,0.42119446,0.18661308,0.65577585,0.40380517,0.0,0.40380517,0.10095129
11583,0.9399616,0.19194508,1.6879781,1.2455336,0.0,1.2455336,0.3113834
11584,1.0211202,0.19995403,1.8422865,1.314592,0.0,1.314592,0.328648
11585,0.15762483,0.20249343,0.1127562,0.2339138,0.0,0.2339138,0.05847845
11586,0.28183138,0.20538695,0.3582758,0.13492422,0.0,0.13492422,0.033731055
11587,0.36976865,0.194515,0.5450223,0.3130053,0.0,0.3130053,0.078251325
11588,0.21679564,0.17649937,0.2570919,0.108275086,0.0,0.108275086,0.027068771
11589,0.18387133,0.16528304,0.20245962,0.05531819,0.0,0.05531819,0.013829548
11590,0.1594323,0.15298037,0.16588426,0.073539205,0.0,0.073539205,0.018384801
11591,0.37248257,0.13894808,0.60601705,0.53434247,0.0,0.53434247,0.13358562
11592,0.19076729,0.13192357,0.24961098,0.19046383,0.0,0.19046383,0.047615957
11593,0.47229946,0.13176362,0.8128353,0.5358362,0.0,0.5358362,0.13395905
11594,0.5435995,0.13412353,0.9530754,1.025599,0.0,1.025599,0.25639975
11595,0.22987646,0.1360607,0.32369223,0.2417485,0.0,0.2417485,0.060437124
11596,0.3930929,0.13917752,0.64700836,0.43452486,0.0,0.43452486,0.108631216
11597,0.29682285,0.13981827,0.4538274,0.36571166,0.0,0.36571166,0.091427915
11598,0.16948326,0.14786576,0.19110076,0.08413625,0.0,0.08413625,0.021034062
11599,0.18789263,0.15387379,0.22191148,0.093046494,0.0,0.093046494,0.023261623
11600,0.9396174,0.15147205,1.7277627,1.4185992,0.0,1.4185992,0.3546498
11601,0.18487714,0.13818331,0.23157096,0.12645341,0.0,0.12645341,0.031613354
11602,0.18688993,0.12828267,0.24549718,0.15882803,0.0,0.15882803,0.03970701
11603,0.29531157,0.12008033,0.47054282,0.31442675,0.0,0.31442675,0.07860669
11604,0.273566,0.11325753,0.4338745,0.39105216,0.0,0.39105216,0.09776304
11605,0.2889882,0.11155734,0.46641907,0.39900112,0.0,0.39900112,0.09975028
11606,0.1850691,0.117697425,0.25244078,0.043177288,0.0,0.043177288,0.010794322
11607,0.30807307,0.13147677,0.48466936,0.53631335,0.0,0.53631335,0.13407834
11608,0.28021416,0.15335414,0.4070742,0.12400635,0.0,0.12400635,0.031001588
11609,0.25154287,0.16840144,0.33468428,0.06354677,0.0,0.06354677,0.015886692
11610,1.0258431,0.17518193,1.8765044,1.2167244,0.0,1.2167244,0.3041811
11611,0.34748337,0.16807526,0.52689147,0.8910856,0.0,0.8910856,0.2227714
11612,0.1250366,0.14469959,0.1053736,0.044130933,0.0,0.044130933,0.011032733
11613,0.16837232,0.121185996,0.21555863,0.11757532,0.0,0.11757532,0.02939383
11614,0.45138922,0.09847724,0.80430126,0.60095185,0.0,0.60095185,0.15023796
11615,0.21623385,0.08550931,0.3469584,0.16194746,0.0,0.16194746,0.040486865
11616,0.095382474,0.08606839,0.10469655,0.10829064,0.0,0.10829064,0.02707266
11617,0.6177531,0.09542272,1.1400834,1.2308646,0.0,1.2308646,0.30771616
11618,0.17903532,0.117544465,0.2405262,0.05467942,0.0,0.05467942,0.013669855
11619,0.48247194,0.13774416,0.8271997,0.9522886,0.0,0.9522886,0.23807216
11620,0.37551153,0.15065047,0.60037255,0.69035465,0.0,0.69035465,0.17258866
11621,0.2381404,0.16376033,0.31252047,0.15495443,0.0,0.15495443,0.03873861
11622,0.28748578,0.17038715,0.4045844,0.24531086,0.0,0.24531086,0.061327714
11623,0.5765433,0.16680229,0.98628426,1.1548066,0.0,1.1548066,0.28870165
11624,0.6532523,0.1610462,1.1454583,0.70971984,0.0,0.70971984,0.17742996
11625,0.40885124,0.14184295,0.6758595,0.5702237,0.0,0.5702237,0.14255592
11626,0.15903825,0.11124881,0.20682769,0.1794204,0.0,0.1794204,0.0448551
11627,0.1498947,0.0979228,0.20186658,0.07355097,0.0,0.07355097,0.018387742
11628,0.37603235,0.0954003,0.6566644,0.7626696,0.0,0.7626696,0.1906674
11629,0.4993074,0.098668136,0.8999467,1.2586994,0.0,1.2586994,0.31467485
11630,0.18434091,0.100696735,0.26798508,0.47688103,0.0,0.47688103,0.11922026
11631,0.08024916,0.09899473,0.061503585,0.11937076,0.0,0.11937076,0.02984269
11632,0.98238677,0.09460836,1.8701652,1.4088945,0.0,1.4088945,0.35222363
11633,0.19184405,0.08941286,0.29427522,0.47615156,0.0,0.47615156,0.11903789
11634,0.113750555,0.089491844,0.13800928,0.22948253,0.0,0.22948253,0.057370633
11635,0.10181713,0.08567224,0.11796203,0.043421254,0.0,0.043421254,0.010855313
11636,0.52148217,0.07886494,0.96409935,0.6995852,0.0,0.6995852,0.1748963
11637,0.4091834,0.06876608,0.7496007,0.4872905,0.0,0.4872905,0.121822625
11638,0.6648292,0.061933707,1.2677248,1.47547,0.0,1.47547,0.3688675
11639,0.1076025,0.058016937,0.15718804,0.10036576,0.0,0.10036576,0.02509144
11640,0.113165416,0.057543155,0.16878767,0.108727135,0.0,0.108727135,0.027181784
11641,0.064598136,0.05433345,0.07486283,0.019085295,0.0,0.019085295,0.004771324
11642,0.43781686,0.052920025,0.8227137,0.6738828,0.0,0.6738828,0.1684707
11643,0.260628,0.051521827,0.46973422,0.32561758,0.0,0.32561758,0.081404395
11644,0.08517456,0.050483447,0.11986566,0.067890875,0.0,0.067890875,0.016972719
11645,0.14253579,0.05307105,0.23200053,0.22740893,0.0,0.22740893,0.056852233
11646,0.08405102,0.05843078,0.109671265,0.056970317,0.0,0.056970317,0.014242579
11647,0.5799382,0.05793718,1.1019392,0.9295459,0.0,0.9295459,0.23238647
11648,0.14267123,0.052899536,0.23244292,0.24640031,0.0,0.24640031,0.061600078
11649,0.09115994,0.047970127,0.13434976,0.07006695,0.0,0.07006695,0.017516738
11650,0.3281165,0.046263963,0.609969,0.47109723,0.0,0.47109723,0.11777431
11651,0.15751824,0.04261015,0.27242634,0.17852347,0.0,0.17852347,0.044630866
11652,0.2005923,0.048261832,0.35292277,0.43963838,0.0,0.43963838,0.109909594
11653,0.093286514,0.06555147,0.12102157,0.06387954,0.0,0.06387954,0.015969886
11654,0.087105274,0.0891825,0.085028045,0.101324715,0.0,0.101324715,0.025331179
11655,0.18168809,0.110595606,0.2527806,0.31172487,0.0,0.31172487,0.07793122
11656,0.5542422,0.11974966,0.9887347,1.5070492,0.0,1.5070492,0.3767623
11657,0.1334397,0.12702109,0.13985832,0.15007319,0.0,0.15007319,0.037518296
11658,1.1756042,0.13422333,2.216985,1.4097339,0.0,1.4097339,0.35243347
11659,0.5430311,0.13312615,0.952936,0.49767032,0.0,0.49767032,0.12441758
11660,0.23853719,0.122602396,0.354472,0.4620979,0.0,0.4620979,0.11552448
11661,0.66345525,0.11161695,1.2152935,0.710475,0.0,0.710475,0.17761876
11662,0.1262133,0.103221454,0.14920513,0.17451023,0.0,0.17451023,0.043627556
11663,0.1332167,0.10357499,0.16285841,0.15727101,0.0,0.15727101,0.039317753
11664,0.18440719,0.10796992,0.26084444,0.069934815,0.0,0.069934815,0.017483704
11665,0.13035433,0.10782506,0.1528836,0.13792314,0.0,0.13792314,0.034480784
11666,0.4575872,0.102113195,0.81306124,0.45987558,0.0,0.45987558,0.114968896
11667,0.2701884,0.086520314,0.45385647,0.6793706,0.0,0.6793706,0.16984265
11668,0.43695378,0.06849054,0.80541706,1.0074185,0.0,1.0074185,0.25185463
11669,0.12490519,0.054952715,0.19485766,0.08402919,0.0,0.08402919,0.021007298
11670,0.14748116,0.051691215,0.24327111,0.16934997,0.0,0.16934997,0.042337492
11671,0.1458541,0.053715616,0.23799258,0.123528354,0.0,0.123528354,0.030882088
11672,0.30587587,0.051195532,0.5605562,0.48296487,0.0,0.48296487,0.12074122
11673,0.2997491,0.04990385,0.54959434,0.54015416,0.0,0.54015416,0.13503854
11674,0.63997465,0.056796413,1.2231529,0.91242856,0.0,0.91242856,0.22810714
11675,0.07598576,0.08099153,0.07097999,0.07067803,0.0,0.07067803,0.017669508
11676,0.23492308,0.12276415,0.34708202,0.108305,0.0,0.108305,0.02707625
11677,0.15713832,0.16693698,0.14733966,0.08522836,0.0,0.08522836,0.02130709
11678,0.8001721,0.18341303,1.4169312,0.6802895,0.0,0.6802895,0.17007238
11679,0.30811474,0.16711752,0.44911197,0.09774061,0.0,0.09774061,0.024435153
11680,0.0921987,0.11216589,0.07223151,0.1724974,0.0,0.1724974,0.04312435
11681,0.27855942,0.075803675,0.48131514,0.39015254,0.0,0.39015254,0.097538136
11682,0.7064068,0.057172496,1.355641,1.1944774,0.0,1.1944774,0.29861936
11683,0.2468276,0.049842417,0.44381276,0.46910214,0.0,0.46910214,0.117275536
11684,0.29348063,0.049762428,0.53719884,0.5263669,0.0,0.5263669,0.13159172
11685,0.0682952,0.048374426,0.088215984,0.11321918,0.0,0.11321918,0.028304795
11686,0.2112115,0.0452116,0.37721142,0.30355334,0.0,0.30355334,0.075888336
11687,0.30078283,0.04212712,0.5594385,0.48487392,0.0,0.48487392,0.12121848
11688,0.22439623,0.041829493,0.40696296,0.30986032,0.0,0.30986032,0.07746508
11689,0.2243978,0.03950815,0.40928745,0.31558633,0.0,0.31558633,0.07889658
11690,0.21653503,0.039676506,0.39339355,0.44909444,0.0,0.44909444,0.11227361
11691,0.18993314,0.039132234,0.34073403,0.3714386,0.0,0.3714386,0.09285965
11692,0.14428705,0.038195726,0.25037837,0.15768872,0.0,0.15768872,0.03942218
11693,0.83208424,0.036130305,1.6280383,1.4940977,0.0,1.4940977,0.37352443
11694,0.3993223,0.042356852,0.75628775,0.5493372,0.0,0.5493372,0.1373343
11695,0.10315636,0.05198784,0.15432487,0.10907793,0.0,0.10907793,0.027269483
11696,0.12128807,0.061212514,0.18136363,0.12584731,0.0,0.12584731,0.031461827
11697,0.1295621,0.068111666,0.19101255,0.06749203,0.0,0.06749203,0.016873008
11698,0.08595127,0.07173694,0.100165606,0.24819493,0.0,0.24819493,0.062048733
11699,0.09232376,0.06828013,0.11636738,0.037959445,0.0,0.037959445,0.009489861
11700,0.44297042,0.05489449,0.8310464,0.51088524,0.0,0.51088524,0.12772131
11701,0.08203873,0.045585424,0.11849204,0.08931655,0.0,0.08931655,0.022329137
11702,0.17479277,0.043917913,0.30566764,0.15884244,0.0,0.15884244,0.03971061
11703,0.5100964,0.042682618,0.97751004,0.76239705,0.0,0.76239705,0.19059926
11704,0.24491455,0.045897573,0.44393155,0.5613002,0.0,0.5613002,0.14032505
11705,0.3359376,0.052904546,0.61897063,0.3960332,0.0,0.3960332,0.0990083
11706,0.3055055,0.05837315,0.5526379,0.33911896,0.0,0.33911896,0.08477974
11707,0.28331527,0.061047766,0.5055828,0.2975135,0.0,0.2975135,0.07437838
11708,0.4050267,0.06430051,0.7457529,0.49918652,0.0,0.49918652,0.12479663
11709,0.2595396,0.06837652,0.45070267,0.21965265,0.0,0.21965265,0.054913163
11710,1.1675057,0.06485932,2.270152,1.8383566,0.0,1.8383566,0.45958915
11711,0.07202057,0.062405467,0.08163568,0.049461666,0.0,0.049461666,0.012365417
11712,0.15476239,0.05775595,0.25176883,0.122472085,0.0,0.122472085,0.030618021
11713,0.30391952,0.06251333,0.54532576,0.84002596,0.0,0.84002596,0.21000649
11714,0.3250719,0.064337276,0.58580655,0.90507776,0.0,0.90507776,0.22626944
11715,0.106390744,0.06137907,0.15140241,0.06818794,0.0,0.06818794,0.017046984
11716,0.0983691,0.050903518,0.14583468,0.07782513,0.0,0.07782513,0.019456282
11717,0.21731406,0.041677386,0.39295074,0.5687633,0.0,0.5687633,0.14219083
11718,0.8022079,0.039395478,1.5650202,1.2565624,0.0,1.2565624,0.3141406
11719,0.46008825,0.039239068,0.8809374,1.0566454,0.0,1.0566454,0.26416135
11720,0.047553256,0.037577245,0.057529267,0.052624136,0.0,0.052624136,0.013156034
11721,0.20687254,0.034498613,0.37924647,0.4641885,0.0,0.4641885,0.11604712
11722,0.06755928,0.03141469,0.103703864,0.05513519,0.0,0.05513519,0.013783798
11723,0.06551509,0.027229821,0.10380036,0.050713364,0.0,0.050713364,0.012678341
11724,0.47252735,0.024651201,0.9204035,0.9239271,0.0,0.9239271,0.23098178
11725,0.6274086,0.022807384,1.2320099,1.1260806,0.0,1.1260806,0.28152016
11726,0.06734078,0.02155448,0.113127075,0.07414702,0.0,0.07414702,0.018536756
11727,0.66712785,0.022490643,1.3117651,1.2163322,0.0,1.2163322,0.30408305
11728,0.12582994,0.028427726,0.22323215,0.28249562,0.0,0.28249562,0.070623904
11729,0.45417157,0.03208181,0.8762613,1.0133504,0.0,1.0133504,0.2533376
11730,0.078163095,0.034713585,0.12161261,0.097801596,0.0,0.097801596,0.024450399
11731,0.365006,0.036180254,0.69383174,0.8057774,0.0,0.8057774,0.20144434
11732,0.11024168,0.042264994,0.17821836,0.24009497,0.0,0.24009497,0.060023744
11733,0.5655939,0.046771783,1.084416,0.844053,0.0,0.844053,0.21101324
11734,0.76380557,0.043144926,1.4844662,1.1957685,0.0,1.1957685,0.29894212
11735,0.17276554,0.036452338,0.30907872,0.4396473,0.0,0.4396473,0.10991182
11736,0.20512597,0.03407779,0.37617412,0.22875898,0.0,0.22875898,0.057189744
11737,0.2987703,0.032529604,0.565011,0.3932868,0.0,0.3932868,0.0983217
11738,0.14719932,0.032632377,0.26176625,0.15846045,0.0,0.15846045,0.039615113
11739,0.6367637,0.0362786,1.2372488,1.4641663,0.0,1.4641663,0.36604157
11740,0.0721458,0.03950801,0.104783595,0.07469773,0.0,0.07469773,0.018674433
11741,0.05517209,0.04189222,0.06845196,0.035798993,0.0,0.035798993,0.008949748
11742,0.46253797,0.048322607,0.87675333,1.1410403,0.0,1.1410403,0.28526008
11743,0.26709554,0.05139171,0.48279938,0.6805554,0.0,0.6805554,0.17013885
11744,0.19870646,0.055238307,0.34217465,0.16769831,0.0,0.16769831,0.041924577
11745,0.40386793,0.05232307,0.75541276,0.505116,0.0,0.505116,0.126279
11746,0.09668156,0.042504534,0.15085857,0.14768735,0.0,0.14768735,0.036921836
11747,0.13550438,0.030976862,0.24003191,0.16523476,0.0,0.16523476,0.04130869
11748,0.42823017,0.024747962,0.8317124,0.80324715,0.0,0.80324715,0.20081179
11749,0.24985778,0.023000805,0.47671476,0.43094674,0.0,0.43094674,0.107736684
11750,0.09373743,0.022912404,0.16456246,0.14570756,0.0,0.14570756,0.03642689
11751,0.5212557,0.02313158,1.0193797,0.9442242,0.0,0.9442242,0.23605604
11752,0.1886215,0.023887409,0.35335562,0.34866342,0.0,0.34866342,0.087165855
11753,0.61873937,0.024170501,1.2133082,1.2235968,0.0,1.2235968,0.3058992
11754,0.18919386,0.030129189,0.34825853,0.2783765,0.0,0.2783765,0.06959412
11755,0.051754992,0.037065327,0.06644465,0.04982816,0.0,0.04982816,0.01245704
11756,0.08394206,0.04168165,0.12620248,0.065052405,0.0,0.065052405,0.016263101
11757,0.20697655,0.04249705,0.37145606,0.23340827,0.0,0.23340827,0.058352068
11758,0.15959966,0.038715232,0.28048408,0.15677051,0.0,0.15677051,0.039192628
11759,0.04590745,0.036079284,0.055735618,0.060670365,0.0,0.060670365,0.015167591
11760,0.12684102,0.03771196,0.21597008,0.27374652,0.0,0.27374652,0.06843663
11761,1.0377154,0.043688405,2.0317423,1.6091324,0.0,1.6091324,0.4022831
11762,0.122633256,0.0412919,0.20397462,0.10809225,0.0,0.10809225,0.027023062
11763,0.08228313,0.039863314,0.12470295,0.19376701,0.0,0.19376701,0.048441753
11764,0.76871365,0.039608832,1.4978185,1.1626459,0.0,1.1626459,0.29066148
11765,0.2418233,0.042360038,0.44128656,0.28035304,0.0,0.28035304,0.07008826
11766,0.811161,0.050564956,1.571757,1.1749129,0.0,1.1749129,0.29372823
11767,0.23216434,0.060387164,0.4039415,0.21148044,0.0,0.21148044,0.05287011
11768,0.50393915,0.06170094,0.9461774,1.1989242,0.0,1.1989242,0.29973105
11769,0.9946591,0.05790776,1.9314104,1.4390024,0.0,1.4390024,0.3597506
11770,0.076119505,0.059234988,0.093004026,0.11149629,0.0,0.11149629,0.027874073
11771,0.16351245,0.058861632,0.2681633,0.37281212,0.0,0.37281212,0.09320303
11772,0.29638407,0.06398085,0.5287873,0.33413807,0.0,0.33413807,0.08353452
11773,0.18993944,0.07325346,0.3066254,0.5767293,0.0,0.5767293,0.14418232
11774,0.15111181,0.08465409,0.21756953,0.0507419,0.0,0.0507419,0.012685475
11775,0.13070852,0.09409785,0.16731918,0.20036532,0.0,0.20036532,0.05009133
11776,0.12739868,0.0865585,0.16823888,0.049477756,0.0,0.049477756,0.012369439
11777,0.3452777,0.067563504,0.62299186,0.98496324,0.0,0.98496324,0.24624081
11778,0.05454202,0.05376215,0.05532189,0.028125271,0.0,0.028125271,0.007031318
11779,0.08563366,0.04627359,0.12499372,0.051855788,0.0,0.051855788,0.012963947
11780,0.040113743,0.041395783,0.038831707,0.04669894,0.0,0.04669894,0.011674735
11781,0.152147,0.039921325,0.26437268,0.16448307,0.0,0.16448307,0.041120768
11782,0.051560104,0.039386675,0.063733526,0.042212438,0.0,0.042212438,0.010553109
11783,0.3650718,0.03872021,0.6914234,0.4931787,0.0,0.4931787,0.123294674
11784,0.44420233,0.041841317,0.84656334,0.662542,0.0,0.662542,0.1656355
11785,0.10577807,0.049655687,0.16190045,0.18486853,0.0,0.18486853,0.046217132
11786,0.578887,0.06377148,1.0940025,0.77058506,0.0,0.77058506,0.19264627
11787,0.096588604,0.0764336,0.1167436,0.13049446,0.0,0.13049446,0.032623615
11788,0.07361529,0.08449028,0.0627403,0.05679686,0.0,0.05679686,0.014199215
11789,0.38175812,0.097016186,0.6665001,0.39921582,0.0,0.39921582,0.099803954
11790,0.8447992,0.11777715,1.5718212,0.89989156,0.0,0.89989156,0.22497289
11791,0.17115957,0.12856506,0.21375407,0.3026538,0.0,0.3026538,0.07566345
11792,0.42550936,0.13315737,0.71786135,0.3212599,0.0,0.3212599,0.08031497
11793,0.7184561,0.13335635,1.3035558,0.694815,0.0,0.694815,0.17370375
11794,0.39624527,0.1136503,0.6788402,0.3247485,0.0,0.3247485,0.08118712
11795,0.2546591,0.074070685,0.4352475,0.22614674,0.0,0.22614674,0.056536686
11796,0.16551007,0.043393407,0.28762674,0.15192409,0.0,0.15192409,0.037981022
11797,0.12995265,0.024682023,0.23522328,0.28580064,0.0,0.28580064,0.07145016
11798,0.23603451,0.015229064,0.45683995,0.45493427,0.0,0.45493427,0.11373357
11799,0.43396506,0.017639542,0.85029054,0.89701796,0.0,0.89701796,0.22425449
11800,0.23428613,0.020711625,0.44786063,0.50304276,0.0,0.50304276,0.12576069
11801,0.84426785,0.017798211,1.6707374,1.5665159,0.0,1.5665159,0.39162898
11802,0.20391412,0.016476959,0.3913513,0.39206526,0.0,0.39206526,0.098016314
11803,0.371622,0.014903232,0.7283408,0.71369123,0.0,0.71369123,0.17842281
11804,0.1184253,0.016529344,0.22032125,0.25053442,0.0,0.25053442,0.062633604
11805,0.13441819,0.018336253,0.2505001,0.17403321,0.0,0.17403321,0.043508302
11806,0.48298195,0.01931021,0.94665366,1.0503142,0.0,1.0503142,0.26257855
11807,0.08433484,0.019324988,0.1493447,0.09115163,0.0,0.09115163,0.022787908
11808,0.31840438,0.019471282,0.61733747,0.49719802,0.0,0.49719802,0.124299504
11809,0.07691601,0.024190644,0.12964137,0.13454668,0.0,0.13454668,0.03363667
11810,0.075158425,0.026593408,0.12372345,0.15234777,0.0,0.15234777,0.038086943
11811,0.03431229,0.026346723,0.042277858,0.032647695,0.0,0.032647695,0.008161924
11812,0.067961335,0.024883313,0.11103936,0.10995994,0.0,0.10995994,0.027489984
11813,0.13224493,0.028257534,0.23623233,0.17825861,0.0,0.17825861,0.044564653
11814,0.23318069,0.038094357,0.428267,0.5428722,0.0,0.5428722,0.13571805
11815,0.6895763,0.050965067,1.3281876,0.97251016,0.0,0.97251016,0.24312754
11816,0.2065898,0.06382058,0.34935904,0.16714464,0.0,0.16714464,0.04178616
11817,0.07061344,0.06948697,0.07173991,0.03013459,0.0,0.03013459,0.0075336476
11818,0.42608896,0.059191376,0.7929866,0.5165949,0.0,0.5165949,0.12914872
11819,0.12533493,0.03736977,0.21330011,0.2470438,0.0,0.2470438,0.06176095
11820,0.04685554,0.024545649,0.06916543,0.048876446,0.0,0.048876446,0.012219111
11821,0.075193025,0.0229514,0.12743466,0.107427806,0.0,0.107427806,0.026856951
11822,0.22754693,0.021437878,0.43365598,0.42621946,0.0,0.42621946,0.106554866
11823,0.06486098,0.024113173,0.10560879,0.06539619,0.0,0.06539619,0.016349047
11824,0.26451525,0.02627428,0.5027562,0.58574015,0.0,0.58574015,0.14643504
11825,0.10575649,0.026320616,0.18519236,0.113041155,0.0,0.113041155,0.028260289
11826,0.618905,0.02248049,1.2153295,1.0742034,0.0,1.0742034,0.26855084
11827,0.028377697,0.01895841,0.037796985,0.031918664,0.0,0.031918664,0.007979666
11828,0.26124057,0.015218463,0.5072627,0.49577293,0.0,0.49577293,0.12394323
11829,0.076004356,0.015892508,0.1361162,0.12550159,0.0,0.12550159,0.031375397
11830,0.061038543,0.016655685,0.1054214,0.084688865,0.0,0.084688865,0.021172216
11831,0.17510451,0.017155081,0.33305398,0.32207897,0.0,0.32207897,0.08051974
11832,0.06745772,0.01769519,0.11722025,0.086414196,0.0,0.086414196,0.021603549
11833,0.038817402,0.019924447,0.05771036,0.030349553,0.0,0.030349553,0.007587388
11834,0.06882333,0.02195237,0.115694284,0.13159908,0.0,0.13159908,0.03289977
11835,0.04055069,0.020606248,0.060495127,0.042786364,0.0,0.042786364,0.010696591
11836,0.24432565,0.020824304,0.467827,0.46925867,0.0,0.46925867,0.11731467
11837,0.104906894,0.020832092,0.1889817,0.17341483,0.0,0.17341483,0.043353707
11838,0.0737042,0.020153454,0.12725495,0.108207494,0.0,0.108207494,0.027051874
11839,0.6316779,0.020194149,1.2431618,1.2396928,0.0,1.2396928,0.3099232
11840,0.34281895,0.018243069,0.6673948,0.6080552,0.0,0.6080552,0.1520138
11841,0.16711384,0.017547065,0.31668064,0.3397502,0.0,0.3397502,0.08493755
11842,0.10173243,0.01772678,0.18573809,0.17315878,0.0,0.17315878,0.043289695
11843,0.13915296,0.02011202,0.25819388,0.3001453,0.0,0.3001453,0.075036325
11844,0.67532796,0.02236344,1.3282925,1.2564425,0.0,1.2564425,0.31411064
11845,0.06784418,0.028958976,0.10672939,0.10648992,0.0,0.10648992,0.02662248
11846,0.16754699,0.032706127,0.30238783,0.29569557,0.0,0.29569557,0.07392389
11847,0.105296254,0.032378364,0.17821415,0.12859535,0.0,0.12859535,0.032148838
11848,0.04077423,0.022751138,0.05879732,0.033716734,0.0,0.033716734,0.008429184
11849,0.45682287,0.022464432,0.8911813,0.8846641,0.0,0.8846641,0.22116603
11850,0.114438064,0.02794534,0.20093079,0.15344709,0.0,0.15344709,0.038361773
11851,0.05080984,0.023932805,0.077686876,0.07367333,0.0,0.07367333,0.018418333
11852,0.10147127,0.018719671,0.18422286,0.22031756,0.0,0.22031756,0.05507939
11853,0.18632121,0.01828746,0.35435498,0.4067329,0.0,0.4067329,0.10168322
11854,0.20883842,0.02038253,0.3972943,0.30199724,0.0,0.30199724,0.07549931
11855,0.28307003,0.022908801,0.54323125,0.6004781,0.0,0.6004781,0.15011953
11856,0.094327964,0.025862167,0.16279377,0.11427561,0.0,0.11427561,0.028568903
11857,0.14107142,0.029450217,0.2526926,0.2653901,0.0,0.2653901,0.066347525
11858,0.16392243,0.031948846,0.29589602,0.20727713,0.0,0.20727713,0.051819284
11859,0.15021254,0.031309977,0.26911512,0.18054117,0.0,0.18054117,0.045135293
11860,0.10895141,0.030115252,0.18778758,0.103687614,0.0,0.103687614,0.025921904
11861,0.04765897,0.033587053,0.061730888,0.082977936,0.0,0.082977936,0.020744484
11862,0.6780688,0.035262886,1.3208747,1.5582938,0.0,1.5582938,0.38957345
11863,0.16132145,0.03290054,0.28974235,0.33006704,0.0,0.33006704,0.08251676
11864,0.041047692,0.03475399,0.047341395,0.029389666,0.0,0.029389666,0.0073474166
11865,0.042211648,0.041305993,0.0431173,0.05564322,0.0,0.05564322,0.013910805
11866,0.05083188,0.044466015,0.057197746,0.08025334,0.0,0.08025334,0.020063335
11867,0.08818042,0.043471586,0.13288926,0.04805943,0.0,0.04805943,0.0120148575
11868,0.1760587,0.036837675,0.31527972,0.21951596,0.0,0.21951596,0.05487899
11869,0.12595755,0.036120366,0.21579473,0.20064116,0.0,0.20064116,0.05016029
11870,0.123870075,0.038803343,0.20893681,0.15138434,0.0,0.15138434,0.037846085
11871,0.34819975,0.039403062,0.6569965,0.6490405,0.0,0.6490405,0.16226013
11872,0.35919702,0.033750746,0.68464327,0.6781613,0.0,0.6781613,0.16954033
11873,0.5703711,0.034124658,1.1066175,1.1521934,0.0,1.1521934,0.28804836
11874,0.07320934,0.029549038,0.11686963,0.10684005,0.0,0.10684005,0.026710013
11875,0.43449107,0.024953166,0.84402895,0.754816,0.0,0.754816,0.188704
11876,0.3596185,0.024812669,0.69442433,0.71978545,0.0,0.71978545,0.17994636
11877,0.11109809,0.026622385,0.1955738,0.13259846,0.0,0.13259846,0.033149615
11878,0.32120273,0.029375216,0.6130302,0.63446933,0.0,0.63446933,0.15861733
11879,0.24681003,0.033368107,0.46025196,0.3710548,0.0,0.3710548,0.0927637
11880,0.55480677,0.0371694,1.0724441,1.0362006,0.0,1.0362006,0.25905016
11881,0.20792983,0.041061215,0.37479845,0.37010708,0.0,0.37010708,0.09252677
11882,0.040658467,0.038804393,0.04251254,0.024209598,0.0,0.024209598,0.0060523995
11883,0.12738068,0.034755442,0.22000591,0.16368853,0.0,0.16368853,0.04092213
11884,0.07920801,0.030997522,0.12741849,0.123875864,0.0,0.123875864,0.030968966
11885,0.14952925,0.027854815,0.27120367,0.23799568,0.0,0.23799568,0.05949892
11886,0.5588893,0.023026451,1.0947522,1.0626521,0.0,1.0626521,0.26566303
11887,0.490085,0.021497453,0.9586725,0.9437058,0.0,0.9437058,0.23592645
11888,0.5350962,0.024312584,1.0458798,1.038796,0.0,1.038796,0.259699
11889,0.23076439,0.029035881,0.43249288,0.357097,0.0,0.357097,0.08927425
11890,0.66137785,0.030908018,1.2918477,1.1495508,0.0,1.1495508,0.2873877
11891,0.1217401,0.030933252,0.21254696,0.15732019,0.0,0.15732019,0.039330047
11892,0.11596864,0.034388192,0.19754909,0.1697964,0.0,0.1697964,0.0424491
11893,0.20072348,0.03869422,0.36275277,0.3501978,0.0,0.3501978,0.08754945
11894,0.32647797,0.042604405,0.61035156,0.49181762,0.0,0.49181762,0.122954406
11895,0.25350395,0.044455413,0.46255246,0.5091643,0.0,0.5091643,0.12729107
11896,0.071148515,0.04052849,0.10176853,0.05793525,0.0,0.05793525,0.014483812
11897,0.38003874,0.043828487,0.716249,0.6461825,0.0,0.6461825,0.16154562
11898,0.10492003,0.04033998,0.16950007,0.14571123,0.0,0.14571123,0.036427807
11899,0.42941213,0.031573255,0.827251,0.7749357,0.0,0.7749357,0.19373393
11900,0.23831324,0.028265,0.4483615,0.42119965,0.0,0.42119965,0.10529991
11901,0.21265759,0.027716989,0.39759818,0.36107227,0.0,0.36107227,0.09026807
11902,0.10199352,0.029318383,0.17466867,0.13867491,0.0,0.13867491,0.03466873
11903,0.711941,0.03336258,1.3905195,1.3322226,0.0,1.3322226,0.33305565
11904,0.31041816,0.035656154,0.5851802,0.5476384,0.0,0.5476384,0.1369096
11905,0.85777265,0.034177706,1.6813675,1.6403767,0.0,1.6403767,0.41009417
11906,0.2797127,0.033199403,0.52622604,0.5486521,0.0,0.5486521,0.13716303
11907,0.059201848,0.033372685,0.08503101,0.07819488,0.0,0.07819488,0.01954872
11908,0.72347695,0.036592897,1.4103609,1.3141745,0.0,1.3141745,0.32854363
11909,0.06593289,0.032529842,0.09933594,0.06132552,0.0,0.06132552,0.01533138
11910,0.08110402,0.027216675,0.13499136,0.0929515,0.0,0.0929515,0.023237875
11911,0.077790305,0.028641151,0.12693946,0.09579259,0.0,0.09579259,0.023948148
11912,0.6308291,0.033031967,1.2286263,1.140184,0.0,1.140184,0.285046
11913,0.2636048,0.04213242,0.48507714,0.37622532,0.0,0.37622532,0.09405633
11914,0.08300766,0.045933764,0.120081566,0.054192632,0.0,0.054192632,0.013548158
11915,0.4342699,0.042167675,0.82637215,0.6841679,0.0,0.6841679,0.17104198
11916,0.044256497,0.036966074,0.05154692,0.016522512,0.0,0.016522512,0.004130628
11917,0.11805596,0.036367316,0.1997446,0.18664646,0.0,0.18664646,0.046661615
11918,0.10012809,0.03540222,0.16485396,0.118163824,0.0,0.118163824,0.029540956
11919,0.11902053,0.036085974,0.20195508,0.15375407,0.0,0.15375407,0.038438518
11920,0.20811926,0.042218078,0.37402043,0.40511426,0.0,0.40511426,0.101278566
11921,0.1452132,0.053607017,0.2368194,0.12824088,0.0,0.12824088,0.03206022
11922,0.6970446,0.05472101,1.3393682,1.6196527,0.0,1.6196527,0.4049132
11923,0.27721307,0.055723388,0.49870273,0.6821032,0.0,0.6821032,0.1705258
11924,0.085196935,0.0560502,0.114343666,0.12758349,0.0,0.12758349,0.031895872
11925,0.14952083,0.062035203,0.23700644,0.29807988,0.0,0.29807988,0.07451997
11926,0.13312429,0.070603155,0.19564544,0.055190336,0.0,0.055190336,0.013797584
11927,0.104206,0.0762719,0.13214011,0.03743985,0.0,0.03743985,0.009359962
11928,0.11256089,0.07682688,0.1482949,0.13337058,0.0,0.13337058,0.033342645
11929,0.45499626,0.07677273,0.8332198,0.52185863,0.0,0.52185863,0.13046466
11930,0.25115302,0.079232775,0.42307326,0.22756271,0.0,0.22756271,0.056890678
11931,0.26395583,0.0895889,0.43832278,0.5253934,0.0,0.5253934,0.13134836
11932,0.21720736,0.0889611,0.3454536,0.14506263,0.0,0.14506263,0.036265656
11933,0.14505082,0.083294995,0.20680664,0.1570659,0.0,0.1570659,0.039266475
11934,0.093046926,0.0840672,0.10202664,0.12100768,0.0,0.12100768,0.03025192
11935,0.17491813,0.084444225,0.26539207,0.1415679,0.0,0.1415679,0.035391975
11936,0.12447526,0.08754436,0.16140616,0.11312672,0.0,0.11312672,0.02828168
11937,0.12908866,0.09020627,0.16797103,0.025073895,0.0,0.025073895,0.006268474
11938,0.09272214,0.08210815,0.103336126,0.07048076,0.0,0.07048076,0.01762019
11939,0.1711386,0.0679602,0.274317,0.22000353,0.0,0.22000353,0.055000883
11940,0.78576356,0.06372449,1.5078026,1.6148481,0.0,1.6148481,0.40371203
11941,0.5029382,0.06264403,0.94323236,0.8547597,0.0,0.8547597,0.21368992
11942,0.567647,0.06612366,1.0691704,0.976314,0.0,0.976314,0.2440785
11943,0.17369108,0.07093206,0.2764501,0.17700355,0.0,0.17700355,0.044250887
11944,0.10420748,0.07167911,0.13673586,0.09563307,0.0,0.09563307,0.023908267
11945,0.19352208,0.068853155,0.31819102,0.14905974,0.0,0.14905974,0.037264936
11946,0.17340775,0.06535589,0.2814596,0.28121027,0.0,0.28121027,0.07030257
11947,0.3286812,0.06280146,0.5945609,0.5629347,0.0,0.5629347,0.14073367
11948,0.38594976,0.06569045,0.7062091,0.6186206,0.0,0.6186206,0.15465514
11949,0.7205507,0.07126898,1.3698324,1.3134102,0.0,1.3134102,0.32835254
11950,0.26049706,0.084065735,0.4369284,0.24558909,0.0,0.24558909,0.061397273
11951,0.48253214,0.0995214,0.8655429,0.7935454,0.0,0.7935454,0.19838636
11952,0.10805426,0.11328819,0.102820344,0.0541551,0.0,0.0541551,0.013538775
11953,0.11897221,0.124016225,0.1139282,0.02222798,0.0,0.02222798,0.005556995
11954,0.35118496,0.13269691,0.569673,0.53924346,0.0,0.53924346,0.13481086
11955,0.33921576,0.14433946,0.534092,0.50766426,0.0,0.50766426,0.12691607
11956,0.37290713,0.15759662,0.5882177,0.58597654,0.0,0.58597654,0.14649414
11957,0.72430986,0.1613794,1.2872403,1.093094,0.0,1.093094,0.2732735
11958,0.9298179,0.16084047,1.6987953,1.5022417,0.0,1.5022417,0.37556043
11959,0.5726842,0.16042554,0.9849429,0.8091688,0.0,0.8091688,0.2022922
11960,0.58829653,0.1714353,1.0051578,0.7459199,0.0,0.7459199,0.18647997
11961,0.45159718,0.17366068,0.7295337,0.40900388,0.0,0.40900388,0.10225097
11962,0.2997136,0.15927845,0.44014874,0.13949268,0.0,0.13949268,0.03487317
11963,0.92662454,0.15325908,1.6999899,1.4079119,0.0,1.4079119,0.35197797
11964,0.23012996,0.16129762,0.29896227,0.15295036,0.0,0.15295036,0.03823759
11965,0.21195161,0.18672545,0.23717777,0.562748,0.0,0.562748,0.140687
11966,0.1714772,0.2284522,0.11450219,0.42921433,0.0,0.42921433,0.10730358
11967,0.37579355,0.26576903,0.485818,0.94940156,0.0,0.94940156,0.23735039
11968,0.46183786,0.2826146,0.6410611,1.2833806,0.0,1.2833806,0.32084516
11969,1.5724411,0.29190555,2.8529766,1.5178471,0.0,1.5178471,0.37946177
11970,1.1666415,0.27869013,2.0545928,0.90623784,0.0,0.90623784,0.22655946
11971,0.34490487,0.2557072,0.43410254,0.13954204,0.0,0.13954204,0.03488551
11972,0.5775771,0.22448508,0.9306691,0.26780084,0.0,0.26780084,0.06695021
11973,0.5797981,0.19851409,0.96108216,0.3198975,0.0,0.3198975,0.079974376
11974,0.55616176,0.19817074,0.9141528,0.3045129,0.0,0.3045129,0.07612822
11975,0.45683298,0.20638882,0.7072771,0.18260019,0.0,0.18260019,0.045650046
11976,0.6163,0.2164275,1.0161725,0.35872343,0.0,0.35872343,0.08968086
11977,0.34780905,0.2217176,0.47390047,1.0275472,0.0,1.0275472,0.2568868
11978,1.399649,0.22256453,2.5767334,1.5992922,0.0,1.5992922,0.39982304
11979,0.30255207,0.22615312,0.37895098,0.10369804,0.0,0.10369804,0.02592451
11980,0.6188322,0.2357257,1.0019387,0.31142533,0.0,0.31142533,0.07785633
11981,0.6296281,0.24106872,1.0181875,1.5552651,0.0,1.5552651,0.38881627
11982,0.37487444,0.24035381,0.50939506,1.1646733,0.0,1.1646733,0.29116833
11983,0.19196798,0.25124076,0.13269521,0.45012116,0.0,0.45012116,0.11253029
11984,0.26809856,0.25902137,0.27717575,0.035320032,0.0,0.035320032,0.008830008
11985,0.55714315,0.2558836,0.8584027,0.22577329,0.0,0.22577329,0.056443322
11986,0.28379795,0.2512382,0.31635773,0.13701451,0.0,0.13701451,0.034253627
11987,0.24396735,0.2555711,0.23236363,0.08921457,0.0,0.08921457,0.022303643
11988,0.46091905,0.2511483,0.6706898,0.13679914,0.0,0.13679914,0.034199785
11989,0.22272988,0.24136387,0.20409589,0.3647689,0.0,0.3647689,0.09119222
11990,1.085665,0.2253775,1.9459524,0.9608976,0.0,0.9608976,0.2402244
11991,1.3349491,0.20889024,2.461008,1.3875189,0.0,1.3875189,0.34687972
11992,0.9140887,0.1937309,1.6344465,0.8289609,0.0,0.8289609,0.20724022
11993,0.2000144,0.18234205,0.21768673,0.3278799,0.0,0.3278799,0.08196998
11994,0.39182946,0.1812882,0.6023707,0.19748014,0.0,0.19748014,0.049370036
11995,0.25557446,0.18014087,0.33100805,0.041836347,0.0,0.041836347,0.010459087
11996,1.1598741,0.18614848,2.1335998,1.1582192,0.0,1.1582192,0.2895548
11997,0.16537566,0.20612717,0.12462416,0.11494389,0.0,0.11494389,0.028735973
11998,0.24764399,0.22365385,0.27163413,0.032744516,0.0,0.032744516,0.008186129
11999,0.5350723,0.24215,0.82799464,0.2905459,0.0,0.2905459,0.07263648
12000,0.22905338,0.2600328,0.19807394,0.15596198,0.0,0.15596198,0.038990494
12001,0.74882317,0.26639983,1.2312466,0.43099427,0.0,0.43099427,0.10774857
12002,0.4576833,0.25469843,0.66066813,0.14087509,0.0,0.14087509,0.03521877
12003,0.18203,0.23924084,0.12481916,0.33003405,0.0,0.33003405,0.08250851
12004,1.4739865,0.23754382,2.7104292,1.4294376,0.0,1.4294376,0.3573594
12005,0.257846,0.22962655,0.28606546,0.370888,0.0,0.370888,0.092722
12006,0.1744952,0.21818106,0.13080935,0.51182854,0.0,0.51182854,0.12795714
12007,0.20417877,0.2100807,0.19827686,0.26411203,0.0,0.26411203,0.06602801
12008,0.30827966,0.19881094,0.41774836,0.09861016,0.0,0.09861016,0.02465254
12009,0.654123,0.19072478,1.1175212,0.48329008,0.0,0.48329008,0.12082252
12010,0.27228907,0.19526629,0.34931186,0.66667384,0.0,0.66667384,0.16666846
12011,0.2819658,0.19481616,0.36911544,0.8151195,0.0,0.8151195,0.20377988
12012,0.4678177,0.17816746,0.7574679,0.2419949,0.0,0.2419949,0.060498726
12013,0.36159432,0.15078329,0.57240534,0.24468738,0.0,0.24468738,0.061171845
12014,1.0568832,0.13817006,1.9755964,1.1797724,0.0,1.1797724,0.2949431
12015,0.5225487,0.12956019,0.9155372,1.2162247,0.0,1.2162247,0.30405617
12016,1.1126202,0.13115244,2.0940878,1.3308531,0.0,1.3308531,0.33271328
12017,0.14073542,0.14549285,0.13597798,0.16448839,0.0,0.16448839,0.041122098
12018,1.2371372,0.1538886,2.3203857,1.407651,0.0,1.407651,0.35191274
12019,0.35700116,0.15475316,0.5592491,0.23148692,0.0,0.23148692,0.05787173
12020,0.16404481,0.16101196,0.16707768,0.024009945,0.0,0.024009945,0.006002486
12021,0.29217294,0.17597024,0.40837565,0.07246543,0.0,0.07246543,0.018116357
12022,0.2250217,0.19392385,0.25611955,0.034635603,0.0,0.034635603,0.008658901
12023,0.5127843,0.17302437,0.8525443,1.4709641,0.0,1.4709641,0.36774102
12024,0.8397426,0.11956686,1.5599183,1.1068898,0.0,1.1068898,0.27672246
12025,0.76452994,0.07375386,1.455306,0.98307866,0.0,0.98307866,0.24576966
12026,0.07212254,0.049840998,0.09440407,0.05110708,0.0,0.05110708,0.01277677
12027,0.6001198,0.04312408,1.1571156,0.9328602,0.0,0.9328602,0.23321505
12028,0.1444623,0.043837268,0.24508734,0.1383564,0.0,0.1383564,0.0345891
12029,0.3704586,0.044704873,0.6962123,0.5244967,0.0,0.5244967,0.13112417
12030,0.36874798,0.040397625,0.6970983,0.51683515,0.0,0.51683515,0.12920879
12031,0.20836096,0.040390167,0.37633172,0.26836666,0.0,0.26836666,0.067091666
12032,0.93455774,0.04867996,1.8204355,1.5189165,0.0,1.5189165,0.37972912
12033,0.14705591,0.061648324,0.23246348,0.088876955,0.0,0.088876955,0.022219239
12034,0.22678548,0.07205015,0.38152084,0.4840993,0.0,0.4840993,0.121024825
12035,0.11259834,0.073769405,0.15142727,0.183134,0.0,0.183134,0.0457835
12036,0.100284375,0.072510846,0.12805791,0.03050383,0.0,0.03050383,0.0076259575
12037,0.6044851,0.069071226,1.1398989,0.76467174,0.0,0.76467174,0.19116794
12038,0.18533021,0.06515927,0.30550113,0.17957716,0.0,0.17957716,0.04489429
12039,0.23156929,0.05751465,0.40562394,0.50273436,0.0,0.50273436,0.12568359
12040,0.07804829,0.051639274,0.1044573,0.10445363,0.0,0.10445363,0.026113408
12041,0.07812985,0.050376553,0.105883144,0.036038656,0.0,0.036038656,0.009009664
12042,0.9867933,0.051122814,1.9224638,1.648016,0.0,1.648016,0.412004
12043,0.61137146,0.053455394,1.1692874,0.9426077,0.0,0.9426077,0.23565193
12044,0.21595462,0.057546835,0.37436244,0.3716507,0.0,0.3716507,0.092912674
12045,0.34328732,0.061875194,0.6246994,0.690727,0.0,0.690727,0.17268175
12046,0.114667125,0.06223194,0.16710232,0.10648513,0.0,0.10648513,0.026621282
12047,0.23640954,0.053098347,0.41972074,0.36602798,0.0,0.36602798,0.091506995
12048,0.119140334,0.046931047,0.19134963,0.16445081,0.0,0.16445081,0.041112702
12049,0.28731436,0.042578664,0.5320501,0.47047067,0.0,0.47047067,0.11761767
12050,0.2809925,0.043334384,0.5186506,0.5034916,0.0,0.5034916,0.1258729
12051,0.13881074,0.042373985,0.23524748,0.19997728,0.0,0.19997728,0.04999432
12052,0.32238767,0.037911475,0.6068638,0.52451396,0.0,0.52451396,0.13112849
12053,0.8481627,0.035120722,1.6612048,1.5467148,0.0,1.5467148,0.3866787
12054,0.27747738,0.03470923,0.52024555,0.500151,0.0,0.500151,0.12503774
12055,0.12401118,0.034803737,0.21321861,0.19789672,0.0,0.19789672,0.04947418
12056,0.06263783,0.03585994,0.08941572,0.10548213,0.0,0.10548213,0.026370533
12057,0.17382552,0.04056409,0.30708697,0.3212305,0.0,0.3212305,0.080307625
12058,0.08719942,0.046249673,0.12814917,0.074656345,0.0,0.074656345,0.018664086
12059,0.09199443,0.054546177,0.12944268,0.048344184,0.0,0.048344184,0.012086046
12060,0.7772689,0.07039522,1.4841427,1.0839972,0.0,1.0839972,0.2709993
12061,0.09837789,0.09201457,0.104741216,0.17930584,0.0,0.17930584,0.04482646
12062,0.11220368,0.10290575,0.121501595,0.18003355,0.0,0.18003355,0.045008387
12063,0.3451344,0.10644484,0.583824,0.26373518,0.0,0.26373518,0.065933794
12064,0.08618642,0.098230995,0.07414184,0.063277684,0.0,0.063277684,0.015819421
12065,0.13215302,0.07923325,0.18507278,0.087810285,0.0,0.087810285,0.021952571
12066,0.25436458,0.06399823,0.44473097,0.31058267,0.0,0.31058267,0.07764567
12067,0.26936543,0.057211876,0.48151898,0.3601546,0.0,0.3601546,0.09003865
12068,0.08395859,0.051442046,0.116475135,0.08631552,0.0,0.08631552,0.02157888
12069,0.5654325,0.049971133,1.0808939,0.892519,0.0,0.892519,0.22312975
12070,0.14400165,0.049108595,0.2388947,0.24279831,0.0,0.24279831,0.06069958
12071,0.21596266,0.04843081,0.38349453,0.37790117,0.0,0.37790117,0.09447529
12072,0.44709754,0.050561298,0.84363383,0.7285838,0.0,0.7285838,0.18214595
12073,0.16082536,0.05068184,0.27096885,0.1821744,0.0,0.1821744,0.0455436
12074,0.053042933,0.051724922,0.054360945,0.026040347,0.0,0.026040347,0.006510087
12075,0.11590299,0.05765766,0.17414832,0.17069457,0.0,0.17069457,0.042673644
12076,0.30512762,0.06392997,0.54632527,0.6793452,0.0,0.6793452,0.1698363
12077,0.123639084,0.06962038,0.1776578,0.0510482,0.0,0.0510482,0.01276205
12078,0.67708856,0.08118018,1.272997,0.8945505,0.0,0.8945505,0.22363763
12079,0.32696944,0.091946535,0.56199235,0.2965341,0.0,0.2965341,0.07413352
12080,0.117727496,0.095363475,0.14009152,0.039757874,0.0,0.039757874,0.0099394685
12081,0.11388424,0.10136888,0.12639959,0.17095183,0.0,0.17095183,0.042737957
12082,0.5005583,0.10604457,0.89507204,0.51809496,0.0,0.51809496,0.12952374
12083,0.13919775,0.12161843,0.15677707,0.07638293,0.0,0.07638293,0.019095732
12084,0.15135635,0.15395549,0.1487572,0.05579081,0.0,0.05579081,0.013947703
12085,0.63603306,0.16843873,1.1036273,0.5974669,0.0,0.5974669,0.14936672
12086,0.15246691,0.1607471,0.14418674,0.20259888,0.0,0.20259888,0.05064972
12087,0.14502333,0.1566501,0.13339657,0.04310155,0.0,0.04310155,0.010775387
12088,0.15164404,0.14365976,0.15962832,0.22365533,0.0,0.22365533,0.055913832
12089,0.1715373,0.13287278,0.21020181,0.29913768,0.0,0.29913768,0.07478442
12090,0.17190611,0.12807998,0.21573226,0.29276803,0.0,0.29276803,0.07319201
12091,0.18730378,0.115895726,0.2587118,0.34293762,0.0,0.34293762,0.085734405
12092,0.2253598,0.10003265,0.35068694,0.14298116,0.0,0.14298116,0.03574529
12093,0.2833395,0.08477926,0.48189974,0.27659807,0.0,0.27659807,0.06914952
12094,0.092137694,0.07071888,0.11355651,0.021480203,0.0,0.021480203,0.0053700507
12095,0.09734076,0.06625277,0.12842876,0.036914337,0.0,0.036914337,0.009228584
12096,0.14403607,0.06768029,0.22039187,0.2002946,0.0,0.2002946,0.05007365
12097,0.1434275,0.07103897,0.21581604,0.18563561,0.0,0.18563561,0.046408903
12098,0.3894422,0.07455018,0.70433426,0.6099668,0.0,0.6099668,0.1524917
12099,0.5534113,0.075892985,1.0309296,0.93892914,0.0,0.93892914,0.23473229
12100,0.23284037,0.0767212,0.38895956,0.38539276,0.0,0.38539276,0.09634819
12101,0.52811503,0.07453355,0.98169655,0.7793529,0.0,0.7793529,0.19483823
12102,0.0819387,0.071335636,0.09254176,0.045745593,0.0,0.045745593,0.011436398
12103,0.688193,0.06803357,1.3083525,1.2797273,0.0,1.2797273,0.31993183
12104,0.5870773,0.063484855,1.1106697,0.9666349,0.0,0.9666349,0.24165873
12105,0.58243805,0.060688492,1.1041876,1.0368966,0.0,1.0368966,0.25922415
12106,0.078901075,0.060124177,0.09767797,0.043072496,0.0,0.043072496,0.010768124
12107,0.14740807,0.06060334,0.2342128,0.17412996,0.0,0.17412996,0.04353249
12108,0.85714716,0.060935777,1.6533585,1.3786144,0.0,1.3786144,0.3446536
12109,0.36015186,0.06520898,0.6550947,0.52251,0.0,0.52251,0.1306275
12110,0.07743648,0.07067866,0.084194295,0.0487036,0.0,0.0487036,0.0121759
12111,0.18535848,0.07718751,0.29352948,0.16556413,0.0,0.16556413,0.041391034
12112,0.32043198,0.07811117,0.5627528,0.3981967,0.0,0.3981967,0.099549174
12113,0.35334244,0.08039682,0.6262881,0.42910734,0.0,0.42910734,0.107276835
12114,0.25015354,0.08260407,0.417703,0.2356302,0.0,0.2356302,0.05890755
12115,0.4224665,0.08913133,0.7558016,0.82209796,0.0,0.82209796,0.20552449
12116,0.25653496,0.09668237,0.41638756,0.49368456,0.0,0.49368456,0.12342114
12117,0.3122293,0.097239405,0.52721924,0.2795191,0.0,0.2795191,0.06987978
12118,0.44794247,0.09713533,0.7987496,0.508696,0.0,0.508696,0.127174
12119,0.1278386,0.097967505,0.15770967,0.07936217,0.0,0.07936217,0.019840542
12120,0.16846877,0.097249836,0.2396877,0.34514606,0.0,0.34514606,0.086286515
12121,0.32400927,0.09790748,0.550111,0.28042385,0.0,0.28042385,0.07010596
12122,0.101797424,0.094032235,0.1095626,0.05017625,0.0,0.05017625,0.012544063
12123,0.11327084,0.09377813,0.13276353,0.035307743,0.0,0.035307743,0.008826936
12124,0.2298804,0.091871776,0.36788902,0.16175194,0.0,0.16175194,0.040437985
12125,0.59563684,0.09261959,1.0986542,0.8076231,0.0,0.8076231,0.20190577
12126,0.27290773,0.09350926,0.45230618,0.22617549,0.0,0.22617549,0.05654387
12127,0.12174793,0.09398695,0.14950891,0.10094061,0.0,0.10094061,0.025235152
12128,0.36200055,0.093704134,0.630297,0.39354149,0.0,0.39354149,0.09838537
12129,0.23985165,0.092687644,0.38701567,0.15768279,0.0,0.15768279,0.039420698
12130,0.090402044,0.08899104,0.09181305,0.1362595,0.0,0.1362595,0.034064874
12131,0.4240868,0.072614074,0.7755596,0.9645117,0.0,0.9645117,0.24112792
12132,0.5027618,0.058636248,0.9468873,0.71476585,0.0,0.71476585,0.17869146
12133,0.084463745,0.05711885,0.111808635,0.05908085,0.0,0.05908085,0.014770213
12134,0.17922443,0.067339174,0.29110968,0.16056156,0.0,0.16056156,0.04014039
12135,0.18198334,0.08624465,0.277722,0.1129649,0.0,0.1129649,0.028241225
12136,0.43181777,0.09697274,0.7666628,0.5330543,0.0,0.5330543,0.13326357
12137,0.13114409,0.10178291,0.16050525,0.055812825,0.0,0.055812825,0.013953206
12138,0.16084318,0.10284573,0.21884064,0.3136666,0.0,0.3136666,0.07841665
12139,0.16051075,0.10669377,0.21432774,0.329868,0.0,0.329868,0.082467
12140,0.39894626,0.11090239,0.6869901,0.7048839,0.0,0.7048839,0.17622097
12141,0.16138707,0.11267408,0.21010005,0.1144175,0.0,0.1144175,0.028604375
12142,0.52422434,0.10778216,0.9406665,1.0692811,0.0,1.0692811,0.26732028
12143,0.23374157,0.10517635,0.3623068,0.51522,0.0,0.51522,0.128805
12144,0.32349157,0.10047851,0.5465047,0.2537032,0.0,0.2537032,0.0634258
12145,0.1405511,0.09465355,0.18644868,0.28676793,0.0,0.28676793,0.07169198
12146,0.3779501,0.09136248,0.6645377,0.36451745,0.0,0.36451745,0.09112936
12147,0.4387065,0.08781143,0.78960156,0.4938021,0.0,0.4938021,0.123450525
12148,0.14300837,0.086346805,0.19966994,0.24154282,0.0,0.24154282,0.060385704
12149,0.101678334,0.087610714,0.115745954,0.03501661,0.0,0.03501661,0.008754153
12150,0.16176377,0.09207991,0.23144762,0.18124391,0.0,0.18124391,0.045310978
12151,0.14298375,0.0947982,0.1911693,0.30980286,0.0,0.30980286,0.077450715
12152,0.41641763,0.0899202,0.7429151,1.0377625,0.0,1.0377625,0.25944063
12153,0.11506721,0.08971605,0.14041837,0.062857024,0.0,0.062857024,0.015714256
12154,0.10992218,0.09658402,0.12326034,0.07048327,0.0,0.07048327,0.017620817
12155,0.2769896,0.09278688,0.46119237,0.17651571,0.0,0.17651571,0.04412893
12156,0.09926957,0.083749466,0.11478967,0.05658443,0.0,0.05658443,0.014146107
12157,0.28427833,0.08100172,0.48755494,0.22683907,0.0,0.22683907,0.056709766
12158,0.68964964,0.08360112,1.2956983,1.5015262,0.0,1.5015262,0.37538156
12159,0.33847308,0.090939604,0.5860065,0.74161386,0.0,0.74161386,0.18540347
12160,0.09318745,0.08998338,0.09639153,0.028901985,0.0,0.028901985,0.007225496
12161,0.1280107,0.08484926,0.17117216,0.067512296,0.0,0.067512296,0.016878074
12162,0.08264511,0.08030494,0.084985286,0.021392023,0.0,0.021392023,0.005348006
12163,0.22166355,0.07930619,0.3640209,0.4720193,0.0,0.4720193,0.11800483
12164,0.4548112,0.08420227,0.8254201,1.021901,0.0,1.021901,0.25547525
12165,0.5715267,0.092040665,1.0510128,0.6714913,0.0,0.6714913,0.16787283
12166,0.6267337,0.09976754,1.1537,0.6660913,0.0,0.6660913,0.16652283
12167,0.37156454,0.109934844,0.6331942,0.25291988,0.0,0.25291988,0.06322997
12168,0.1418545,0.116531886,0.1671771,0.105754696,0.0,0.105754696,0.026438674
12169,0.1411049,0.12193233,0.16027749,0.02167534,0.0,0.02167534,0.005418835
12170,0.36239612,0.11826855,0.6065237,1.0532019,0.0,1.0532019,0.26330048
12171,0.33572713,0.11155508,0.55989915,0.9843591,0.0,0.9843591,0.24608977
12172,1.0929247,0.10863485,2.0772145,1.3595419,0.0,1.3595419,0.33988547
12173,0.43925378,0.105762094,0.77274543,0.36688295,0.0,0.36688295,0.09172074
12174,0.6215838,0.11378469,1.129383,0.6039529,0.0,0.6039529,0.15098822
12175,0.84316236,0.11811132,1.5682135,0.9280138,0.0,0.9280138,0.23200345
12176,0.14867784,0.11521969,0.18213598,0.40671873,0.0,0.40671873,0.10167968
12177,0.1994557,0.11817654,0.28073487,0.09794817,0.0,0.09794817,0.024487043
12178,0.59977996,0.12602346,1.0735365,0.52125424,0.0,0.52125424,0.13031356
12179,0.3487474,0.11696691,0.5805279,1.0390216,0.0,1.0390216,0.2597554
12180,0.15725927,0.093177594,0.22134094,0.06057617,0.0,0.06057617,0.015144043
12181,0.13459842,0.068605416,0.20059143,0.39359328,0.0,0.39359328,0.09839832
12182,0.14410324,0.049762,0.23844449,0.39783618,0.0,0.39783618,0.099459045
12183,0.29766518,0.045693923,0.5496364,0.35267815,0.0,0.35267815,0.08816954
12184,0.65076905,0.050349116,1.2511891,0.9110584,0.0,0.9110584,0.2277646
12185,0.44745186,0.060898602,0.8340051,1.1719085,0.0,1.1719085,0.29297712
12186,0.097619414,0.06694212,0.12829672,0.112847984,0.0,0.112847984,0.028211996
12187,0.1603932,0.06626682,0.25451958,0.46242556,0.0,0.46242556,0.11560639
12188,0.47466668,0.066320926,0.8830125,0.5277503,0.0,0.5277503,0.13193758
12189,0.29212686,0.066268824,0.5179849,0.27897465,0.0,0.27897465,0.06974366
12190,0.11488929,0.065348834,0.16442972,0.06197223,0.0,0.06197223,0.015493058
12191,0.09327778,0.06844455,0.118111014,0.023829198,0.0,0.023829198,0.0059572994
12192,0.074535035,0.073097885,0.07597218,0.11377466,0.0,0.11377466,0.028443664
12193,0.8458516,0.07701334,1.6146898,1.0609194,0.0,1.0609194,0.26522985
12194,0.20549779,0.07384679,0.3371488,0.5993499,0.0,0.5993499,0.14983748
12195,0.18424954,0.06820306,0.300296,0.12836663,0.0,0.12836663,0.03209166
12196,0.083216935,0.06117505,0.10525882,0.15194295,0.0,0.15194295,0.03798574
12197,0.076843865,0.05467717,0.099010564,0.07942421,0.0,0.07942421,0.019856052
12198,0.72692055,0.059085786,1.3947552,0.99054354,0.0,0.99054354,0.24763589
12199,0.28543913,0.06542203,0.50545627,0.71400326,0.0,0.71400326,0.17850082
12200,0.26219392,0.06820511,0.45618272,0.2334882,0.0,0.2334882,0.05837205
12201,0.60350364,0.06875452,1.1382527,0.7689605,0.0,0.7689605,0.19224012
12202,0.15661639,0.0739234,0.23930939,0.37735906,0.0,0.37735906,0.094339766
12203,0.108811736,0.06572469,0.15189879,0.042241435,0.0,0.042241435,0.010560359
12204,0.1752228,0.051376205,0.2990694,0.4417607,0.0,0.4417607,0.11044017
12205,0.41987443,0.040221546,0.79952735,1.0183109,0.0,1.0183109,0.25457773
12206,0.083993666,0.035544414,0.1324429,0.11283404,0.0,0.11283404,0.02820851
12207,0.43362114,0.03457469,0.8326676,0.8999446,0.0,0.8999446,0.22498615
12208,0.33594763,0.03726646,0.6346288,0.71347094,0.0,0.71347094,0.17836773
12209,0.053385183,0.039777216,0.066993155,0.043087155,0.0,0.043087155,0.010771789
12210,0.14989306,0.037120562,0.26266554,0.2451806,0.0,0.2451806,0.06129515
12211,0.26251677,0.03397915,0.4910544,0.49372876,0.0,0.49372876,0.12343219
12212,0.25012752,0.034831252,0.4654238,0.43547675,0.0,0.43547675,0.10886919
12213,0.08317708,0.03733405,0.12902011,0.09400511,0.0,0.09400511,0.023501277
12214,0.048137393,0.03899058,0.057284202,0.038515884,0.0,0.038515884,0.009628971
12215,0.11169878,0.03997613,0.18342142,0.15602423,0.0,0.15602423,0.039006058
12216,0.21330185,0.038618725,0.387985,0.3275161,0.0,0.3275161,0.08187903
12217,0.8133931,0.038246468,1.5885397,1.555006,0.0,1.555006,0.3887515
12218,0.11122823,0.03990319,0.18255328,0.18170996,0.0,0.18170996,0.04542749
12219,0.39141652,0.042636465,0.7401965,0.66798544,0.0,0.66798544,0.16699636
12220,0.08771708,0.043489147,0.131945,0.10548756,0.0,0.10548756,0.02637189
12221,0.35149276,0.043019425,0.65996605,0.71133375,0.0,0.71133375,0.17783344
12222,0.10705652,0.041597616,0.17251544,0.16594042,0.0,0.16594042,0.041485105
12223,0.3514285,0.043550994,0.659306,0.5918151,0.0,0.5918151,0.14795378
12224,0.32367584,0.04660627,0.6007454,0.5523883,0.0,0.5523883,0.13809708
12225,0.096176565,0.048524212,0.14382893,0.08072462,0.0,0.08072462,0.020181155
12226,0.4929268,0.04791982,0.93793374,0.88425803,0.0,0.88425803,0.22106451
12227,0.19445567,0.046524208,0.3423871,0.2354374,0.0,0.2354374,0.05885935
12228,0.16566186,0.053518537,0.27780518,0.35227168,0.0,0.35227168,0.08806792
12229,0.3572378,0.06745637,0.64701915,0.8039749,0.0,0.8039749,0.20099373
12230,0.1730267,0.085165195,0.26088822,0.13492899,0.0,0.13492899,0.033732247
12231,0.13090599,0.09797623,0.16383575,0.10249261,0.0,0.10249261,0.025623152
12232,0.36106202,0.10831631,0.6138077,0.24732055,0.0,0.24732055,0.061830137
12233,0.17336583,0.11699746,0.22973423,0.43761313,0.0,0.43761313,0.10940328
12234,0.16506088,0.1222918,0.20782995,0.42165175,0.0,0.42165175,0.10541294
12235,0.39465225,0.1261338,0.6631707,0.2428327,0.0,0.2428327,0.060708176
12236,0.33318368,0.12156999,0.54479736,0.17511053,0.0,0.17511053,0.043777633
12237,0.1450077,0.114765406,0.17525,0.11969847,0.0,0.11969847,0.029924618
12238,0.25324938,0.111727804,0.39477095,0.62597924,0.0,0.62597924,0.15649481
12239,0.86795384,0.10961682,1.6262909,1.0923821,0.0,1.0923821,0.27309552
12240,0.11763541,0.10962846,0.12564237,0.054860443,0.0,0.054860443,0.013715111
12241,0.15426761,0.104031235,0.20450397,0.091723,0.0,0.091723,0.02293075
12242,0.38848248,0.0989633,0.6780017,0.31564823,0.0,0.31564823,0.07891206
12243,0.16272761,0.10149058,0.22396465,0.12990882,0.0,0.12990882,0.032477204
12244,0.48411742,0.105015956,0.86321896,0.4385624,0.0,0.4385624,0.1096406
12245,0.145016,0.10565531,0.18437667,0.09980727,0.0,0.09980727,0.024951817
12246,0.22190845,0.10121014,0.34260678,0.47964442,0.0,0.47964442,0.119911104
12247,0.14633127,0.106348775,0.18631376,0.35165796,0.0,0.35165796,0.08791449
12248,0.1382045,0.11513459,0.16127442,0.04701583,0.0,0.04701583,0.011753958
12249,0.16154933,0.12096519,0.20213348,0.092682846,0.0,0.092682846,0.023170711
12250,0.5834395,0.12055852,1.0463206,1.2944859,0.0,1.2944859,0.32362148
12251,0.1412484,0.12013825,0.16235857,0.051619243,0.0,0.051619243,0.012904811
12252,0.24751754,0.1242898,0.3707453,0.5789275,0.0,0.5789275,0.14473188
12253,0.37110388,0.12660414,0.6156036,0.23346587,0.0,0.23346587,0.058366466
12254,0.30276898,0.12846383,0.47707412,0.7601219,0.0,0.7601219,0.19003047
12255,0.18171696,0.12972403,0.23370989,0.07782131,0.0,0.07782131,0.019455327
12256,0.78528327,0.12185166,1.4487149,0.8686338,0.0,0.8686338,0.21715845
12257,0.12112681,0.10896296,0.13329066,0.2504594,0.0,0.2504594,0.06261485
12258,0.18660986,0.10103176,0.27218798,0.20745385,0.0,0.20745385,0.05186346
12259,0.12995614,0.102094494,0.15781778,0.13607037,0.0,0.13607037,0.034017593
12260,0.44920185,0.10800877,0.79039496,0.37714216,0.0,0.37714216,0.09428554
12261,0.19932985,0.117851354,0.28080833,0.5330126,0.0,0.5330126,0.13325316
12262,0.09303542,0.1221266,0.06394423,0.20559664,0.0,0.20559664,0.05139916
12263,0.10285268,0.12714116,0.07856422,0.24304493,0.0,0.24304493,0.060761232
12264,0.1664062,0.132719,0.20009339,0.48631772,0.0,0.48631772,0.12157943
12265,0.13393813,0.13519514,0.13268113,0.35937116,0.0,0.35937116,0.08984279
12266,0.26521227,0.1402155,0.39020905,0.12599249,0.0,0.12599249,0.031498123
12267,0.4944006,0.14496915,0.843832,0.3459936,0.0,0.3459936,0.0864984
12268,0.15987493,0.1524223,0.16732758,0.4125733,0.0,0.4125733,0.10314333
12269,0.96033424,0.15350029,1.7671682,1.01409,0.0,1.01409,0.2535225
12270,0.16050856,0.14208464,0.17893247,0.023125708,0.0,0.023125708,0.005781427
12271,0.12645122,0.13592425,0.1169782,0.33690497,0.0,0.33690497,0.08422624
12272,0.59328455,0.13784693,1.0487221,0.47852537,0.0,0.47852537,0.11963134
12273,0.13040596,0.15148342,0.1093285,0.11862737,0.0,0.11862737,0.029656842
12274,0.20805298,0.15791613,0.25818983,0.5273551,0.0,0.5273551,0.13183877
12275,0.19911163,0.151468,0.24675524,0.09505001,0.0,0.09505001,0.023762502
12276,0.25382152,0.14030033,0.3673427,0.80902463,0.0,0.80902463,0.20225616
12277,0.09267642,0.12500262,0.060350228,0.06364069,0.0,0.06364069,0.015910173
12278,0.13427854,0.11608445,0.15247263,0.3842318,0.0,0.3842318,0.09605795
12279,0.26156512,0.100317515,0.42281273,0.19991684,0.0,0.19991684,0.04997921
12280,0.5490361,0.08746541,1.0106066,1.5047803,0.0,1.5047803,0.37619507
12281,0.100099444,0.08077078,0.1194281,0.20715898,0.0,0.20715898,0.051789746
12282,0.10842895,0.079865195,0.1369927,0.08166627,0.0,0.08166627,0.020416567
12283,0.09913406,0.08876082,0.10950729,0.16844499,0.0,0.16844499,0.042111248
12284,0.14018822,0.09892448,0.18145196,0.3047944,0.0,0.3047944,0.0761986
12285,0.17895679,0.10458726,0.25332633,0.058052216,0.0,0.058052216,0.014513054
12286,0.13755366,0.11228921,0.16281812,0.27937976,0.0,0.27937976,0.06984494
12287,0.15717486,0.1197533,0.19459641,0.52864605,0.0,0.52864605,0.13216151
12288,0.13218383,0.12755866,0.13680899,0.24785553,0.0,0.24785553,0.061963882
12289,0.16830163,0.12274834,0.21385491,0.045154195,0.0,0.045154195,0.011288549
12290,0.5321395,0.11384576,0.9504332,1.5568749,0.0,1.5568749,0.38921872
12291,0.69505006,0.113918446,1.2761817,0.67911166,0.0,0.67911166,0.16977791
12292,0.5661763,0.12227735,1.0100752,0.48591253,0.0,0.48591253,0.12147813
12293,0.12631968,0.1315987,0.121040665,0.3063495,0.0,0.3063495,0.07658737
12294,1.0562009,0.12545931,1.9869424,1.1666894,0.0,1.1666894,0.29167235
12295,0.121421464,0.1194399,0.123403035,0.20833372,0.0,0.20833372,0.05208343
12296,0.09770895,0.11652606,0.078891836,0.066387914,0.0,0.066387914,0.016596979
12297,0.2996495,0.12521112,0.47408786,0.19580086,0.0,0.19580086,0.048950214
12298,0.09907699,0.12576659,0.072387375,0.17065966,0.0,0.17065966,0.042664915
12299,0.4835148,0.12140026,0.8456293,0.39767185,0.0,0.39767185,0.09941796
12300,0.5013204,0.10218614,0.9004547,0.47391304,0.0,0.47391304,0.11847826
12301,0.17728388,0.080118544,0.27444923,0.38030252,0.0,0.38030252,0.09507563
12302,0.38413665,0.07096095,0.69731236,1.0595117,0.0,1.0595117,0.26487792
12303,0.23214759,0.054203272,0.4100919,0.2328255,0.0,0.2328255,0.058206376
12304,0.5996621,0.041507464,1.1578168,0.924572,0.0,0.924572,0.231143
12305,0.2545791,0.039241284,0.46991694,0.5267814,0.0,0.5267814,0.13169535
12306,0.073791094,0.041789997,0.10579219,0.12312464,0.0,0.12312464,0.03078116
12307,0.83819014,0.048217963,1.6281624,1.3263092,0.0,1.3263092,0.3315773
12308,0.30656555,0.054626256,0.5585048,0.6998458,0.0,0.6998458,0.17496145
12309,0.6959037,0.065688334,1.3261191,1.0062515,0.0,1.0062515,0.25156286
12310,0.4140942,0.07280777,0.75538063,1.0677904,0.0,1.0677904,0.2669476
12311,0.38756093,0.07586682,0.699255,0.49703655,0.0,0.49703655,0.12425914
12312,0.118038334,0.07419979,0.16187687,0.12558524,0.0,0.12558524,0.03139631
12313,0.16959603,0.062572986,0.2766191,0.15469784,0.0,0.15469784,0.03867446
12314,0.6590436,0.052502528,1.2655846,1.0060666,0.0,1.0060666,0.25151664
12315,0.04175307,0.04509762,0.038408518,0.03087596,0.0,0.03087596,0.00771899
12316,0.15861832,0.04056994,0.27666667,0.1763347,0.0,0.1763347,0.044083674
12317,0.14600866,0.03604291,0.2559744,0.27491984,0.0,0.27491984,0.06872996
12318,0.5583951,0.032079425,1.0847107,1.1919055,0.0,1.1919055,0.29797637
12319,0.6584157,0.03253374,1.2842976,1.0995613,0.0,1.0995613,0.27489033
12320,0.05880216,0.035989653,0.08161467,0.106212966,0.0,0.106212966,0.026553242
12321,0.21294634,0.040724374,0.3851683,0.40307847,0.0,0.40307847,0.10076962
12322,0.17329544,0.042860698,0.30373016,0.3607452,0.0,0.3607452,0.0901863
12323,0.30494848,0.042896647,0.5670003,0.75020456,0.0,0.75020456,0.18755114
12324,0.06378809,0.03332052,0.09425566,0.036943443,0.0,0.036943443,0.009235861
12325,0.74251175,0.027216522,1.457807,1.6352314,0.0,1.6352314,0.40880784
12326,0.6914156,0.025358753,1.3574725,1.1949183,0.0,1.1949183,0.29872957
12327,0.094664685,0.024224386,0.16510497,0.15767284,0.0,0.15767284,0.03941821
12328,0.14326929,0.027042588,0.25949597,0.18929471,0.0,0.18929471,0.047323678
12329,0.11853782,0.031289894,0.20578575,0.13123617,0.0,0.13123617,0.03280904
12330,0.3303716,0.033390895,0.6273523,0.51237476,0.0,0.51237476,0.12809369
12331,0.11781908,0.034779686,0.20085847,0.2305917,0.0,0.2305917,0.057647925
12332,0.2549876,0.0374051,0.4725701,0.35401717,0.0,0.35401717,0.08850429
12333,0.11265225,0.039148554,0.18615596,0.1394883,0.0,0.1394883,0.034872074
12334,0.07373228,0.039767966,0.107696585,0.11018599,0.0,0.11018599,0.027546497
12335,0.053621326,0.039775252,0.0674674,0.0408289,0.0,0.0408289,0.010207225
12336,0.052001584,0.03617743,0.067825735,0.035169326,0.0,0.035169326,0.008792331
12337,0.20038821,0.031531774,0.36924466,0.3783258,0.0,0.3783258,0.09458145
12338,0.29530433,0.029198041,0.5614106,0.5862642,0.0,0.5862642,0.14656605
12339,0.08061746,0.027978877,0.13325603,0.113227345,0.0,0.113227345,0.028306836
12340,0.1821212,0.026847916,0.33739448,0.27284047,0.0,0.27284047,0.06821012
12341,0.049185652,0.026449515,0.071921796,0.04896769,0.0,0.04896769,0.012241922
12342,0.063217975,0.025983548,0.1004524,0.08374577,0.0,0.08374577,0.020936443
12343,0.045562815,0.028280772,0.06284485,0.03610567,0.0,0.03610567,0.0090264175
12344,0.12410876,0.033826973,0.21439056,0.16858016,0.0,0.16858016,0.04214504
12345,0.06865555,0.041393403,0.0959177,0.06312213,0.0,0.06312213,0.015780533
12346,0.080834225,0.044720095,0.11694836,0.08095595,0.0,0.08095595,0.020238988
12347,0.1493811,0.045165375,0.2535968,0.3030944,0.0,0.3030944,0.0757736
12348,0.37136972,0.049352247,0.6933872,0.49560526,0.0,0.49560526,0.123901315
12349,0.22896661,0.06303542,0.39489782,0.20657258,0.0,0.20657258,0.051643144
12350,0.11367609,0.0788855,0.14846666,0.12394347,0.0,0.12394347,0.030985868
12351,0.5869007,0.07997466,1.0938268,0.765786,0.0,0.765786,0.1914465
12352,0.40088657,0.08206883,0.71970433,0.44577655,0.0,0.44577655,0.11144414
12353,0.78558975,0.082652934,1.4885267,1.1464342,0.0,1.1464342,0.28660855
12354,0.48851797,0.074222356,0.9028136,1.0647941,0.0,1.0647941,0.26619852
12355,0.09773301,0.065252185,0.13021384,0.04214554,0.0,0.04214554,0.010536385
12356,0.7257406,0.05892356,1.3925576,1.2159696,0.0,1.2159696,0.3039924
12357,0.18405704,0.052974716,0.31513935,0.17834954,0.0,0.17834954,0.044587385
12358,0.450989,0.048992917,0.8529851,0.81293625,0.0,0.81293625,0.20323406
12359,0.34646666,0.04563437,0.64729893,0.55262595,0.0,0.55262595,0.13815649
12360,0.23770374,0.045097936,0.43030953,0.39580265,0.0,0.39580265,0.09895066
12361,0.09115046,0.046504784,0.13579614,0.14819057,0.0,0.14819057,0.037047643
12362,0.29656732,0.047996223,0.5451384,0.42908823,0.0,0.42908823,0.10727206
12363,0.18232988,0.052237555,0.3124222,0.17713185,0.0,0.17713185,0.04428296
12364,0.29872212,0.0572194,0.54022485,0.316439,0.0,0.316439,0.07910975
12365,0.12738542,0.06239031,0.19238055,0.14054371,0.0,0.14054371,0.03513593
12366,0.69500893,0.07007926,1.3199385,0.98751086,0.0,0.98751086,0.24687771
12367,0.42799962,0.07978096,0.77621824,0.42670655,0.0,0.42670655,0.10667664
12368,0.41357243,0.08851733,0.7386275,0.44597474,0.0,0.44597474,0.111493684
12369,0.2624095,0.09523242,0.42958662,0.14928214,0.0,0.14928214,0.037320536
12370,0.7886172,0.09955362,1.4776808,0.9473776,0.0,0.9473776,0.2368444
12371,0.3464509,0.098723315,0.59417844,0.7236158,0.0,0.7236158,0.18090396
12372,0.12330189,0.09898314,0.14762065,0.06669488,0.0,0.06669488,0.01667372
12373,0.17329602,0.10232049,0.24427156,0.1118535,0.0,0.1118535,0.027963376
12374,0.15327996,0.11230761,0.19425231,0.060532514,0.0,0.060532514,0.0151331285
12375,0.259194,0.12732661,0.3910614,0.1708126,0.0,0.1708126,0.04270315
12376,0.3048156,0.1383575,0.47127366,0.12140739,0.0,0.12140739,0.030351847
12377,0.09789763,0.13659693,0.05919832,0.1501316,0.0,0.1501316,0.0375329
12378,0.1514786,0.121444516,0.18151271,0.07564146,0.0,0.07564146,0.018910365
12379,0.8468957,0.1066278,1.5871636,1.0508701,0.0,1.0508701,0.26271752
12380,0.81618404,0.09888511,1.533483,1.0483055,0.0,1.0483055,0.26207638
12381,0.41950616,0.09497142,0.7440409,1.05382,0.0,1.05382,0.263455
12382,0.52213866,0.08599317,0.9582842,1.210629,0.0,1.210629,0.30265725
12383,0.50657153,0.07562836,0.9375147,0.5829685,0.0,0.5829685,0.14574212
12384,0.12824391,0.07225066,0.18423717,0.11583569,0.0,0.11583569,0.028958922
12385,0.11135209,0.072345436,0.15035875,0.2860756,0.0,0.2860756,0.0715189
12386,0.5401252,0.07639434,1.0038561,1.3127574,0.0,1.3127574,0.32818934
12387,0.5198369,0.08198594,0.95768785,0.5631936,0.0,0.5631936,0.1407984
12388,0.09517073,0.08670244,0.10363901,0.22633328,0.0,0.22633328,0.05658332
12389,0.39777315,0.09159305,0.70395327,0.34194732,0.0,0.34194732,0.08548683
12390,0.85786676,0.095401436,1.6203321,1.0220318,0.0,1.0220318,0.25550795
12391,1.0655435,0.097298086,2.033789,1.4368005,0.0,1.4368005,0.35920012
12392,0.3721849,0.09719183,0.647178,0.28929648,0.0,0.28929648,0.07232412
12393,0.3145281,0.09203315,0.53702307,0.22072391,0.0,0.22072391,0.055180978
12394,0.10374105,0.087524675,0.11995742,0.087278806,0.0,0.087278806,0.021819701
12395,0.18522514,0.09174421,0.2787061,0.17037278,0.0,0.17037278,0.042593196
12396,0.12939493,0.10231613,0.15647374,0.09763414,0.0,0.09763414,0.024408534
12397,1.2196984,0.12441339,2.3149836,1.4508289,0.0,1.4508289,0.36270723
12398,0.14176969,0.16049312,0.12304626,0.44069886,0.0,0.44069886,0.110174716
12399,0.30067948,0.19077428,0.4105847,0.08526769,0.0,0.08526769,0.021316923
12400,0.21153869,0.18330233,0.23977506,0.65918726,0.0,0.65918726,0.16479681
12401,1.3933824,0.1672734,2.6194913,1.5307561,0.0,1.5307561,0.38268903
12402,0.14229749,0.16050999,0.12408501,0.43906936,0.0,0.43906936,0.10976734
12403,0.13734578,0.15877634,0.1159152,0.22507423,0.0,0.22507423,0.056268558
12404,0.46270582,0.15187903,0.7735326,0.28035703,0.0,0.28035703,0.07008926
12405,0.37379047,0.15228961,0.5952913,0.18776804,0.0,0.18776804,0.04694201
12406,0.12138831,0.15283163,0.08994498,0.04965867,0.0,0.04965867,0.012414668
12407,0.11128404,0.1450789,0.07748919,0.061936706,0.0,0.061936706,0.015484177
12408,0.13300945,0.14182878,0.12419013,0.15205033,0.0,0.15205033,0.038012583
12409,0.4347134,0.14686808,0.72255874,0.29155686,0.0,0.29155686,0.072889216
12410,0.9057335,0.15212677,1.6593403,0.85993785,0.0,0.85993785,0.21498446
12411,0.21113437,0.163724,0.25854474,0.048000347,0.0,0.048000347,0.012000087
12412,0.13522516,0.17998968,0.090460636,0.06812736,0.0,0.06812736,0.01703184
12413,0.24565746,0.19480161,0.29651332,0.8659098,0.0,0.8659098,0.21647745
12414,1.3712287,0.20579456,2.5366628,1.3541607,0.0,1.3541607,0.33854017
12415,0.17905043,0.21407229,0.14402856,0.10446785,0.0,0.10446785,0.026116962
12416,0.1529782,0.21092963,0.09502677,0.27203682,0.0,0.27203682,0.068009205
12417,0.19886418,0.20532294,0.19240542,0.022247585,0.0,0.022247585,0.005561896
12418,0.36369368,0.19285835,0.534529,0.12311708,0.0,0.12311708,0.03077927
12419,0.18648751,0.18006812,0.19290692,0.321447,0.0,0.321447,0.08036175
12420,0.17381708,0.169046,0.17858814,0.108426906,0.0,0.108426906,0.027106727
12421,0.68176454,0.15472181,1.2088072,0.5828832,0.0,0.5828832,0.1457208
12422,0.13798742,0.15914589,0.116828956,0.2073343,0.0,0.2073343,0.051833574
12423,0.9197857,0.1754779,1.6640935,0.8678365,0.0,0.8678365,0.21695912
12424,0.24520163,0.16734312,0.32306013,0.80404377,0.0,0.80404377,0.20101094
12425,0.7124558,0.14799066,1.2769209,0.6004565,0.0,0.6004565,0.15011412
12426,1.0776538,0.13778596,2.0175216,1.1521038,0.0,1.1521038,0.28802595
12427,0.1446804,0.14370255,0.14565824,0.12671389,0.0,0.12671389,0.03167847
12428,0.2880031,0.14787449,0.42813167,0.12293663,0.0,0.12293663,0.030734157
12429,0.13761099,0.15630132,0.11892066,0.041955035,0.0,0.041955035,0.010488759
12430,0.40919864,0.159642,0.65875524,0.22333084,0.0,0.22333084,0.05583271
12431,0.99070126,0.16222645,1.8191761,1.0533285,0.0,1.0533285,0.26333213
12432,1.036971,0.15946306,1.9144789,1.160241,0.0,1.160241,0.29006025
12433,1.336985,0.16570842,2.5082614,1.4663874,0.0,1.4663874,0.36659685
12434,0.66736513,0.16806377,1.1666665,0.520435,0.0,0.520435,0.13010874
12435,0.41362885,0.16768272,0.659575,1.1902478,0.0,1.1902478,0.29756194
12436,0.64087766,0.17452204,1.1072332,0.44920734,0.0,0.44920734,0.112301834
12437,0.28939274,0.18322289,0.39556256,0.07058532,0.0,0.07058532,0.01764633
12438,0.8499257,0.17651772,1.5233335,0.7835651,0.0,0.7835651,0.19589128
12439,0.47235975,0.168342,0.7763775,0.2903991,0.0,0.2903991,0.072599776
12440,0.15147866,0.15800385,0.14495347,0.34957287,0.0,0.34957287,0.08739322
12441,0.13642998,0.14519857,0.12766139,0.03938648,0.0,0.03938648,0.00984662
12442,0.83936805,0.13970079,1.5390353,0.79043347,0.0,0.79043347,0.19760837
12443,0.15707971,0.14899826,0.16516116,0.11653513,0.0,0.11653513,0.029133782
12444,0.86574817,0.18373738,1.5477589,0.72345334,0.0,0.72345334,0.18086334
12445,0.21721584,0.22425115,0.21018052,0.061047,0.0,0.061047,0.01526175
12446,0.22062844,0.254823,0.1864339,0.14068978,0.0,0.14068978,0.035172444
12447,0.19327617,0.24923551,0.13731681,0.15567483,0.0,0.15567483,0.038918708
12448,0.44114938,0.22429734,0.6580015,1.1850114,0.0,1.1850114,0.29625285
12449,0.23841465,0.18132037,0.29550895,0.6537631,0.0,0.6537631,0.16344078
12450,0.14446665,0.15147044,0.13746287,0.067564435,0.0,0.067564435,0.016891109
12451,0.16280526,0.14049138,0.18511915,0.3898143,0.0,0.3898143,0.09745357
12452,0.23458372,0.13800605,0.33116138,0.10736086,0.0,0.10736086,0.026840216
12453,0.34051958,0.12838562,0.5526535,0.19951467,0.0,0.19951467,0.049878668
12454,0.118313454,0.11896803,0.117658876,0.032240737,0.0,0.032240737,0.008060184
12455,0.7689207,0.10993171,1.4279097,0.8520741,0.0,0.8520741,0.21301852
12456,0.42586756,0.113914646,0.73782045,0.36970082,0.0,0.36970082,0.092425205
12457,0.17650759,0.122426935,0.23058824,0.05455618,0.0,0.05455618,0.013639045
12458,1.2012653,0.13626504,2.2662656,1.4386153,0.0,1.4386153,0.35965383
12459,0.3523724,0.14581123,0.55893356,0.1764767,0.0,0.1764767,0.044119176
12460,0.28225482,0.15430258,0.41020703,0.12770474,0.0,0.12770474,0.031926185
12461,0.27180755,0.1604446,0.3831705,0.8508298,0.0,0.8508298,0.21270745
12462,0.15588488,0.16133896,0.1504308,0.3555504,0.0,0.3555504,0.0888876
12463,0.17511411,0.16012587,0.19010234,0.3083608,0.0,0.3083608,0.0770902
12464,0.13530497,0.15306412,0.11754584,0.15963219,0.0,0.15963219,0.039908048
12465,0.66139865,0.14178456,1.1810127,0.56260794,0.0,0.56260794,0.14065199
12466,0.12200204,0.13164268,0.11236141,0.14642209,0.0,0.14642209,0.036605522
12467,0.13171792,0.13086171,0.13257413,0.09954244,0.0,0.09954244,0.02488561
12468,0.18389602,0.14353882,0.22425325,0.0485635,0.0,0.0485635,0.012140875
12469,0.48887622,0.14499244,0.83276004,0.35519114,0.0,0.35519114,0.088797785
12470,0.14742626,0.13860601,0.1562465,0.34396338,0.0,0.34396338,0.085990846
12471,0.85242265,0.13895972,1.5658855,0.92041785,0.0,0.92041785,0.23010446
12472,0.19383729,0.14502524,0.24264932,0.0508748,0.0,0.0508748,0.0127187
12473,0.70658916,0.1410433,1.2721349,0.64425904,0.0,0.64425904,0.16106476
12474,0.13304098,0.14258355,0.1234984,0.04848722,0.0,0.04848722,0.012121805
12475,0.24741916,0.14788085,0.34695745,0.11211076,0.0,0.11211076,0.02802769
12476,0.3029038,0.15374593,0.45206165,0.13214378,0.0,0.13214378,0.033035945
12477,0.7538297,0.16046876,1.3471907,0.704233,0.0,0.704233,0.17605825
12478,0.55880743,0.16231734,0.95529747,1.4745029,0.0,1.4745029,0.36862573
12479,0.12445068,0.15601139,0.09288999,0.052506138,0.0,0.052506138,0.013126534
12480,0.1301493,0.15699604,0.103302576,0.06548476,0.0,0.06548476,0.01637119
12481,0.24210131,0.14818813,0.3360145,0.06110354,0.0,0.06110354,0.015275885
12482,0.38200507,0.14699842,0.61701167,0.985738,0.0,0.985738,0.2464345
12483,0.28200245,0.15237902,0.4116259,0.1114429,0.0,0.1114429,0.027860725
12484,0.17903443,0.15845133,0.1996175,0.19136162,0.0,0.19136162,0.047840405
12485,0.13603273,0.17210388,0.09996158,0.0823257,0.0,0.0823257,0.020581424
12486,0.28957686,0.18633215,0.39282155,0.6795349,0.0,0.6795349,0.16988373
12487,0.6915827,0.19753766,1.1856278,0.508495,0.0,0.508495,0.12712374
12488,0.21073245,0.19353974,0.22792514,0.35991177,0.0,0.35991177,0.08997794
12489,0.35132763,0.19745593,0.5051993,0.77652544,0.0,0.77652544,0.19413136
12490,0.8310539,0.20395954,1.4581481,0.6625597,0.0,0.6625597,0.16563992
12491,0.5141802,0.21221113,0.81614923,0.30923444,0.0,0.30923444,0.07730861
12492,0.76875776,0.21081854,1.326697,0.6366979,0.0,0.6366979,0.15917447
12493,0.9374771,0.20269968,1.6722546,0.80576485,0.0,0.80576485,0.20144121
12494,0.22153653,0.17949252,0.26358056,0.02071738,0.0,0.02071738,0.005179345
12495,0.6328743,0.16302307,1.1027255,0.55209786,0.0,0.55209786,0.13802446
12496,0.2113625,0.15671663,0.26600838,0.039186697,0.0,0.039186697,0.009796674
12497,1.2785075,0.14767998,2.409335,1.5625178,0.0,1.5625178,0.39062944
12498,0.2187761,0.1447232,0.292829,0.04490623,0.0,0.04490623,0.011226557
12499,0.38317934,0.15311398,0.6132447,0.2842333,0.0,0.2842333,0.071058325
12500,0.12405879,0.15548287,0.09263471,0.090941735,0.0,0.090941735,0.022735434
12501,1.0877981,0.15753366,2.0180626,1.2388258,0.0,1.2388258,0.30970645
12502,0.12344729,0.15043253,0.09646205,0.055039074,0.0,0.055039074,0.013759769
12503,0.23269136,0.14214292,0.32323983,0.11165617,0.0,0.11165617,0.027914042
12504,0.35499695,0.14170729,0.5682866,0.3048482,0.0,0.3048482,0.07621205
12505,0.30537868,0.13522221,0.47553512,0.22769862,0.0,0.22769862,0.056924656
12506,0.5233051,0.1322066,0.9144036,0.5438721,0.0,0.5438721,0.13596803
12507,0.36445156,0.13880685,0.5900963,0.2165903,0.0,0.2165903,0.054147575
12508,0.16449435,0.14387876,0.18510993,0.19653279,0.0,0.19653279,0.049133196
12509,0.5158236,0.1477436,0.88390356,0.52069896,0.0,0.52069896,0.13017474
12510,0.51124054,0.1515741,0.870907,0.4706804,0.0,0.4706804,0.1176701
12511,0.1302453,0.15200037,0.10849023,0.13590682,0.0,0.13590682,0.033976704
12512,0.2098996,0.14998199,0.26981723,0.34620953,0.0,0.34620953,0.08655238
12513,0.3417193,0.13771415,0.54572445,0.2399749,0.0,0.2399749,0.059993725
12514,0.2126369,0.14010955,0.28516424,0.08187149,0.0,0.08187149,0.020467872
12515,0.1645443,0.15323941,0.1758492,0.07615738,0.0,0.07615738,0.019039346
12516,0.48604247,0.1640381,0.8080468,0.39143717,0.0,0.39143717,0.09785929
12517,0.3421146,0.174259,0.5099702,0.15468454,0.0,0.15468454,0.038671136
12518,0.21406567,0.17990328,0.24822807,0.119321726,0.0,0.119321726,0.029830432
12519,0.67877126,0.17462695,1.1829156,0.58791906,0.0,0.58791906,0.14697976
12520,0.20450215,0.16333835,0.24566595,0.036826205,0.0,0.036826205,0.009206551
12521,0.2766269,0.15087593,0.40237793,0.5925066,0.0,0.5925066,0.14812665
12522,0.23816216,0.14013012,0.3361942,0.08191499,0.0,0.08191499,0.020478748
12523,0.16672425,0.12929745,0.20415103,0.05856063,0.0,0.05856063,0.014640157
12524,0.15533079,0.11799693,0.19266467,0.06824864,0.0,0.06824864,0.01706216
12525,0.44428346,0.11418953,0.77437735,0.8996585,0.0,0.8996585,0.22491463
12526,0.16322614,0.10979832,0.21665396,0.24248265,0.0,0.24248265,0.06062066
12527,0.16878434,0.1053664,0.23220229,0.27175906,0.0,0.27175906,0.067939766
12528,0.14567977,0.106624186,0.18473536,0.06495535,0.0,0.06495535,0.016238837
12529,0.3686173,0.105326645,0.63190794,0.76585454,0.0,0.76585454,0.19146363
12530,0.13565554,0.110007055,0.16130403,0.20872976,0.0,0.20872976,0.05218244
12531,0.3526928,0.11436025,0.59102535,0.2800701,0.0,0.2800701,0.070017524
12532,0.17553298,0.11842617,0.2326398,0.15859574,0.0,0.15859574,0.039648935
12533,0.14474885,0.12181795,0.16767974,0.24847758,0.0,0.24847758,0.062119395
12534,1.2248405,0.12112292,2.328558,1.743939,0.0,1.743939,0.43598476
12535,0.3829234,0.11855819,0.6472886,0.29826435,0.0,0.29826435,0.07456609
12536,0.6111022,0.10711727,1.1150872,0.6600387,0.0,0.6600387,0.16500968
12537,0.13728644,0.09496566,0.17960723,0.3154554,0.0,0.3154554,0.07886385
12538,0.13552408,0.08261289,0.18843526,0.05844223,0.0,0.05844223,0.014610558
12539,0.37867382,0.07532599,0.6820217,0.36584044,0.0,0.36584044,0.09146011
12540,0.46552265,0.07233978,0.8587055,0.54008776,0.0,0.54008776,0.13502194
12541,1.0128673,0.07481829,1.9509163,1.4969139,0.0,1.4969139,0.37422848
12542,0.08528379,0.07899416,0.091573425,0.06275616,0.0,0.06275616,0.01568904
12543,0.15875791,0.08469186,0.23282397,0.087863855,0.0,0.087863855,0.021965964
12544,0.14105888,0.08763101,0.19448675,0.3184341,0.0,0.3184341,0.07960852
12545,0.11186386,0.08462388,0.13910384,0.1397915,0.0,0.1397915,0.034947876
12546,0.76265126,0.08034005,1.4449625,1.0397409,0.0,1.0397409,0.25993523
12547,0.20408326,0.08217702,0.3259895,0.21595876,0.0,0.21595876,0.05398969
12548,0.07613854,0.086557835,0.06571925,0.15679179,0.0,0.15679179,0.039197948
12549,0.09506137,0.090186656,0.09993609,0.022216557,0.0,0.022216557,0.005554139
12550,0.30917332,0.08975947,0.52858716,0.88305306,0.0,0.88305306,0.22076327
12551,0.103539385,0.08636748,0.120711304,0.05324177,0.0,0.05324177,0.013310443
12552,0.11613226,0.08791133,0.1443532,0.3167574,0.0,0.3167574,0.07918935
12553,0.4889691,0.090492286,0.8874459,1.3513526,0.0,1.3513526,0.33783814
12554,0.076038055,0.09191123,0.060164884,0.11029977,0.0,0.11029977,0.027574943
12555,0.13912994,0.10451882,0.17374106,0.19131488,0.0,0.19131488,0.04782872
12556,0.14314511,0.11938304,0.16690719,0.028104039,0.0,0.028104039,0.0070260097
12557,0.15630011,0.13043933,0.18216091,0.33741507,0.0,0.33741507,0.08435377
12558,0.19206826,0.14347416,0.24066234,0.0426289,0.0,0.0426289,0.010657225
12559,0.2442814,0.16030043,0.32826236,0.71246576,0.0,0.71246576,0.17811644
12560,0.16504733,0.16481157,0.1652831,0.13020958,0.0,0.13020958,0.032552395
12561,0.16224267,0.16979885,0.15468648,0.053237762,0.0,0.053237762,0.013309441
12562,0.15024394,0.16743457,0.1330533,0.055822164,0.0,0.055822164,0.013955541
12563,1.0782447,0.16982226,1.9866672,1.0911741,0.0,1.0911741,0.27279353
12564,0.8536536,0.18415935,1.523148,0.69108576,0.0,0.69108576,0.17277144
12565,0.56245476,0.20508368,0.91982585,0.31167418,0.0,0.31167418,0.077918544
12566,0.20649135,0.2320894,0.1808933,0.65582657,0.0,0.65582657,0.16395664
12567,0.18903454,0.26141754,0.11665154,0.24690385,0.0,0.24690385,0.061725963
12568,0.23009801,0.2742603,0.18593569,0.46147323,0.0,0.46147323,0.11536831
12569,0.36248565,0.26741734,0.45755395,0.06382405,0.0,0.06382405,0.015956013
12570,0.61208534,0.25778797,0.9663827,0.26565483,0.0,0.26565483,0.06641371
12571,0.23175526,0.2539905,0.20952003,0.04984522,0.0,0.04984522,0.012461305
12572,0.5015277,0.26601654,0.7370389,1.5298303,0.0,1.5298303,0.38245758
12573,0.36381388,0.2775474,0.45008036,0.07443518,0.0,0.07443518,0.018608795
12574,0.60506487,0.2710283,0.9391014,0.2804709,0.0,0.2804709,0.07011773
12575,0.8438454,0.26865578,1.4190351,0.54413694,0.0,0.54413694,0.13603424
12576,0.22326745,0.27222005,0.17431486,0.42524084,0.0,0.42524084,0.10631021
12577,0.60242444,0.26874533,0.9361035,0.26436606,0.0,0.26436606,0.066091515
12578,0.46702087,0.2690185,0.6650232,0.17555033,0.0,0.17555033,0.04388758
12579,0.3578917,0.27876994,0.43701348,0.050923783,0.0,0.050923783,0.012730946
12580,0.4537375,0.28751513,0.61995983,1.3614407,0.0,1.3614407,0.34036016
12581,0.24185328,0.28447774,0.19922881,0.07559534,0.0,0.07559534,0.018898835
12582,0.5283072,0.27061883,0.78599554,0.20173557,0.0,0.20173557,0.050433893
12583,0.2150802,0.26262853,0.1675319,0.26618457,0.0,0.26618457,0.06654614
12584,0.3447616,0.24399848,0.4455247,0.096664906,0.0,0.096664906,0.024166226
12585,0.9913662,0.22344577,1.7592868,0.8410751,0.0,0.8410751,0.21026878
12586,0.30544916,0.20978725,0.40111104,0.0720489,0.0,0.0720489,0.018012226
12587,0.4551805,0.20972025,0.7006407,0.2156924,0.0,0.2156924,0.0539231
12588,0.34199739,0.22787113,0.4561236,0.96190375,0.0,0.96190375,0.24047594
12589,0.2392898,0.25054052,0.22803907,0.027361142,0.0,0.027361142,0.0068402854
12590,0.44146228,0.28212544,0.6007991,0.120883994,0.0,0.120883994,0.030220998
12591,0.6194918,0.31716895,0.9218147,0.25218883,0.0,0.25218883,0.06304721
12592,0.32543924,0.33483616,0.31604233,0.04766648,0.0,0.04766648,0.01191662
12593,0.90309787,0.33818027,1.4680156,0.53852195,0.0,0.53852195,0.13463049
12594,0.2503744,0.33456695,0.16618183,0.1572938,0.0,0.1572938,0.03932345
12595,0.93657804,0.3360041,1.5371519,0.5670802,0.0,0.5670802,0.14177005
12596,0.2807969,0.3275102,0.23408358,0.114896834,0.0,0.114896834,0.028724208
12597,0.45883465,0.32552472,0.59214455,1.2519847,0.0,1.2519847,0.31299618
12598,0.39595082,0.31570277,0.47619888,0.049048275,0.0,0.049048275,0.012262069
12599,0.5516219,0.30277988,0.8004639,0.20986038,0.0,0.20986038,0.052465096
12600,0.5218959,0.2992214,0.74457043,0.20100947,0.0,0.20100947,0.050252367
12601,0.5211161,0.2939866,0.74824566,0.18875396,0.0,0.18875396,0.04718849
12602,0.36689496,0.2954418,0.43834814,0.040906236,0.0,0.040906236,0.010226559
12603,0.28466833,0.30378005,0.26555663,0.2512299,0.0,0.2512299,0.06280748
12604,0.7271803,0.3125244,1.1418363,0.3801067,0.0,0.3801067,0.09502667
12605,0.4603165,0.3177451,0.60288787,0.09580541,0.0,0.09580541,0.023951352
12606,0.33108962,0.32852098,0.33365825,0.5202731,0.0,0.5202731,0.13006827
12607,0.47115454,0.33311358,0.6091955,0.08813914,0.0,0.08813914,0.022034785
12608,0.58527094,0.32834962,0.84219235,1.6266552,0.0,1.6266552,0.4066638
12609,0.30811223,0.31736806,0.2988564,0.37790743,0.0,0.37790743,0.09447686
12610,0.2614858,0.29184264,0.23112889,0.191857,0.0,0.191857,0.04796425
12611,0.46798563,0.26688612,0.6690852,0.17771816,0.0,0.17771816,0.04442954
12612,0.20263664,0.2422959,0.16297737,0.16988677,0.0,0.16988677,0.042471692
12613,0.2202642,0.2236753,0.2168531,0.31865546,0.0,0.31865546,0.079663865
12614,0.4647886,0.21727526,0.7123019,0.24180014,0.0,0.24180014,0.060450036
12615,0.19307733,0.20673005,0.1794246,0.12547845,0.0,0.12547845,0.03136961
12616,0.76686066,0.1905622,1.3431591,0.7490403,0.0,0.7490403,0.18726008
12617,0.14950293,0.16472878,0.1342771,0.080635644,0.0,0.080635644,0.020158911
12618,0.28203374,0.14344005,0.42062744,0.12873513,0.0,0.12873513,0.03218378
12619,0.3318605,0.13979469,0.5239263,0.895114,0.0,0.895114,0.2237785
12620,0.33765122,0.15485962,0.5204428,0.8665858,0.0,0.8665858,0.21664645
12621,0.2318079,0.17789538,0.2857204,0.527644,0.0,0.527644,0.131911
12622,0.46505406,0.18620004,0.7439081,0.30829754,0.0,0.30829754,0.077074386
12623,1.0263313,0.18926728,1.8633953,1.0760878,0.0,1.0760878,0.26902196
12624,0.16704619,0.1964895,0.13760288,0.13890077,0.0,0.13890077,0.034725193
12625,0.2590231,0.1972961,0.3207501,0.4792365,0.0,0.4792365,0.11980913
12626,0.39353538,0.1992507,0.58782005,0.16290922,0.0,0.16290922,0.040727306
12627,0.5612391,0.2105446,0.91193366,0.34825042,0.0,0.34825042,0.087062605
12628,0.36950716,0.22705297,0.5119613,0.16736935,0.0,0.16736935,0.041842338
12629,0.31480446,0.24415004,0.38545886,0.82184607,0.0,0.82184607,0.20546152
12630,0.42873237,0.2502781,0.6071866,0.9423103,0.0,0.9423103,0.23557757
12631,0.265383,0.2592202,0.2715458,0.47782907,0.0,0.47782907,0.11945727
12632,0.3580675,0.26560566,0.45052943,0.061515916,0.0,0.061515916,0.015378979
12633,0.27796245,0.2693753,0.28654957,0.0898708,0.0,0.0898708,0.0224677
12634,1.1390227,0.2645482,2.013497,1.1036533,0.0,1.1036533,0.27591333
12635,0.28056368,0.27021673,0.29091063,0.047280792,0.0,0.047280792,0.011820198
12636,0.30124736,0.257549,0.34494576,0.06315735,0.0,0.06315735,0.015789337
12637,0.43490577,0.22672032,0.6430912,0.15986596,0.0,0.15986596,0.03996649
12638,0.57789606,0.22072951,0.9350626,1.5541271,0.0,1.5541271,0.38853177
12639,0.18501413,0.21432865,0.15569963,0.32919487,0.0,0.32919487,0.08229872
12640,0.9571553,0.19918239,1.7151283,0.93120265,0.0,0.93120265,0.23280066
12641,0.24246918,0.17968445,0.3052539,0.063207835,0.0,0.063207835,0.015801959
12642,0.16462189,0.1731598,0.15608397,0.29439726,0.0,0.29439726,0.073599316
12643,0.24152415,0.17679547,0.3062528,0.103285946,0.0,0.103285946,0.025821486
12644,0.5856486,0.18764162,0.98365563,0.40053836,0.0,0.40053836,0.10013459
12645,0.2836934,0.20914787,0.35823894,0.10050652,0.0,0.10050652,0.02512663
12646,0.17486978,0.23039837,0.119341195,0.18075563,0.0,0.18075563,0.045188908
12647,0.47288796,0.2450443,0.7007316,0.16534583,0.0,0.16534583,0.04133646
12648,0.39788827,0.26294592,0.5328306,0.14565365,0.0,0.14565365,0.036413413
12649,0.4743605,0.2716733,0.6770477,1.151433,0.0,1.151433,0.28785825
12650,0.20953433,0.2820436,0.13702507,0.18491377,0.0,0.18491377,0.046228442
12651,0.20490903,0.29524198,0.11457607,0.18898089,0.0,0.18898089,0.047245223
12652,0.43362132,0.31531417,0.55192846,0.11929333,0.0,0.11929333,0.029823333
12653,0.80217594,0.3367841,1.2675678,0.36196136,0.0,0.36196136,0.09049034
12654,0.3959249,0.34477815,0.44707164,0.07429015,0.0,0.07429015,0.018572537
12655,0.5605054,0.3470335,0.7739773,0.1181638,0.0,0.1181638,0.02954095
12656,0.5181461,0.34941986,0.6868724,0.16965108,0.0,0.16965108,0.04241277
12657,0.34878477,0.34970307,0.34786645,0.119901836,0.0,0.119901836,0.029975459
12658,0.24442796,0.338679,0.15017693,0.47085777,0.0,0.47085777,0.11771444
12659,0.556894,0.3369098,0.7768782,0.20499186,0.0,0.20499186,0.051247966
12660,0.46790144,0.31579998,0.62000287,0.11761782,0.0,0.11761782,0.029404456
12661,0.45436037,0.28015092,0.6285698,0.17390001,0.0,0.17390001,0.043475002
12662,0.30661312,0.2539496,0.35927662,0.7784341,0.0,0.7784341,0.19460852
12663,0.2259063,0.21796589,0.23384671,0.07964309,0.0,0.07964309,0.019910773
12664,1.016354,0.182893,1.849815,1.0375713,0.0,1.0375713,0.25939283
12665,0.7852881,0.15665735,1.4139189,0.8242755,0.0,0.8242755,0.20606887
12666,0.13711365,0.14709122,0.12713607,0.18293367,0.0,0.18293367,0.04573342
12667,0.47465333,0.14612,0.80318666,0.34941873,0.0,0.34941873,0.08735468
12668,1.0171509,0.14845079,1.8858509,1.135827,0.0,1.135827,0.28395674
12669,0.47439182,0.15992506,0.7888586,0.29581785,0.0,0.29581785,0.07395446
12670,0.359054,0.1706175,0.54749054,0.15342434,0.0,0.15342434,0.038356084
12671,0.20535405,0.18298669,0.22772141,0.074408315,0.0,0.074408315,0.018602079
12672,0.34555158,0.1996315,0.49147165,0.99066925,0.0,0.99066925,0.24766731
12673,0.24677448,0.20618732,0.28736162,0.049686372,0.0,0.049686372,0.012421593
12674,0.18152268,0.2105285,0.15251686,0.14899443,0.0,0.14899443,0.037248608
12675,0.36843154,0.2169088,0.51995426,0.1095955,0.0,0.1095955,0.027398875
12676,0.6882076,0.22209048,1.1543247,0.4307007,0.0,0.4307007,0.10767517
12677,1.162621,0.22399427,2.1012478,1.0864772,0.0,1.0864772,0.2716193
12678,0.40155467,0.22942702,0.5736823,1.227646,0.0,1.227646,0.3069115
12679,0.283385,0.22684579,0.33992425,0.8800122,0.0,0.8800122,0.22000305
12680,0.6563485,0.23155497,1.0811421,0.38312438,0.0,0.38312438,0.095781095
12681,0.20919944,0.24629891,0.1721,0.048304405,0.0,0.048304405,0.012076101
12682,0.22217803,0.25855225,0.18580377,0.51331145,0.0,0.51331145,0.12832786
12683,0.22599037,0.27164173,0.18033902,0.16628815,0.0,0.16628815,0.041572038
12684,0.52182215,0.2623232,0.78132105,0.18462707,0.0,0.18462707,0.046156768
12685,0.24742931,0.24769671,0.24716191,0.03969352,0.0,0.03969352,0.00992338
12686,0.20556653,0.23992725,0.1712058,0.2033052,0.0,0.2033052,0.0508263
12687,1.5549883,0.22133522,2.8886414,1.697463,0.0,1.697463,0.42436576
12688,0.51500714,0.20774502,0.82226926,0.331326,0.0,0.331326,0.0828315
12689,0.22918005,0.19392134,0.26443878,0.053575296,0.0,0.053575296,0.013393824
12690,0.3742795,0.1875139,0.5610451,0.23333345,0.0,0.23333345,0.058333363
12691,0.4314555,0.18814604,0.67476493,0.30223936,0.0,0.30223936,0.07555984
12692,0.20158027,0.19197895,0.21118158,0.10787036,0.0,0.10787036,0.02696759
12693,0.2797784,0.19544005,0.36411676,0.30784908,0.0,0.30784908,0.07696227
12694,0.20249479,0.20224558,0.202744,0.14657825,0.0,0.14657825,0.036644563
12695,0.34260917,0.20794801,0.47727028,0.12121043,0.0,0.12121043,0.030302608
12696,0.30836135,0.21450658,0.4022161,0.07194451,0.0,0.07194451,0.017986128
12697,0.2069986,0.21773553,0.19626169,0.020545932,0.0,0.020545932,0.005136483
12698,0.35470405,0.21186776,0.49754038,0.11234403,0.0,0.11234403,0.028086007
12699,0.7614129,0.21130781,1.3115181,0.6816123,0.0,0.6816123,0.17040308
12700,0.3119634,0.2079488,0.41597804,0.080597945,0.0,0.080597945,0.020149486
12701,1.067286,0.1920939,1.9424782,1.1148733,0.0,1.1148733,0.27871832
12702,0.18494074,0.18698418,0.18289728,0.21523333,0.0,0.21523333,0.05380833
12703,0.18366517,0.190039,0.17729135,0.124159195,0.0,0.124159195,0.031039799
12704,0.46472344,0.19246836,0.73697853,0.3017958,0.0,0.3017958,0.07544895
12705,0.3220174,0.2073658,0.43666902,0.11601507,0.0,0.11601507,0.029003767
12706,0.6171611,0.2146039,1.0197183,0.48295927,0.0,0.48295927,0.12073982
12707,0.23602836,0.22391088,0.2481458,0.54089314,0.0,0.54089314,0.13522328
12708,0.48367712,0.23240282,0.73495144,0.2435828,0.0,0.2435828,0.0608957
12709,0.23139179,0.23902394,0.2237596,0.08312363,0.0,0.08312363,0.020780908
12710,0.31988755,0.2483732,0.3914019,0.09960103,0.0,0.09960103,0.024900258
12711,0.32121313,0.26078328,0.38164297,0.03949285,0.0,0.03949285,0.009873212
12712,0.32704484,0.26449284,0.38959685,0.1903262,0.0,0.1903262,0.04758155
12713,0.24084209,0.27146214,0.21022202,0.099386334,0.0,0.099386334,0.024846584
12714,0.284939,0.28237733,0.28750065,0.04340331,0.0,0.04340331,0.010850827
12715,0.83102363,0.28355685,1.3784904,0.91455775,0.0,0.91455775,0.22863944
12716,0.40524408,0.27387276,0.5366154,0.20365483,0.0,0.20365483,0.050913706
12717,1.1576083,0.26289162,2.052325,1.4394412,0.0,1.4394412,0.3598603
12718,0.6116113,0.24715781,0.97606486,0.98504895,0.0,0.98504895,0.24626224
12719,0.46472597,0.23354726,0.6959047,0.42992964,0.0,0.42992964,0.10748241
12720,1.12349,0.21510983,2.0318701,1.5724922,0.0,1.5724922,0.39312306
12721,0.37812147,0.19640402,0.55983895,0.3571035,0.0,0.3571035,0.089275874
12722,0.93196374,0.17991538,1.684012,1.3487657,0.0,1.3487657,0.33719143
12723,0.18578267,0.1613239,0.21024145,0.105636,0.0,0.105636,0.026409
12724,0.17143007,0.14228165,0.2005785,0.15046994,0.0,0.15046994,0.037617486
12725,0.44801435,0.12218162,0.77384704,0.7694443,0.0,0.7694443,0.19236107
12726,0.11337236,0.10882065,0.11792407,0.02960386,0.0,0.02960386,0.007400965
12727,0.20414881,0.1034802,0.3048174,0.28457943,0.0,0.28457943,0.07114486
12728,0.31286064,0.099909626,0.5258116,0.53234273,0.0,0.53234273,0.13308568
12729,0.6944117,0.10148213,1.2873412,0.96349764,0.0,0.96349764,0.24087441
12730,0.14945589,0.101007424,0.19790435,0.19462365,0.0,0.19462365,0.048655912
12731,0.11019533,0.102479756,0.1179109,0.04338348,0.0,0.04338348,0.01084587
12732,0.19296265,0.109568834,0.27635643,0.3162928,0.0,0.3162928,0.0790732
12733,0.49872813,0.124418676,0.8730376,1.0793242,0.0,1.0793242,0.26983106
12734,0.17150219,0.14288522,0.20011918,0.0921242,0.0,0.0921242,0.02303105
12735,0.27166688,0.16868432,0.37464944,0.11314485,0.0,0.11314485,0.028286213
12736,0.33465374,0.17802452,0.49128297,0.19030619,0.0,0.19030619,0.047576547
12737,0.41432452,0.17616916,0.6524799,0.3251759,0.0,0.3251759,0.08129398
12738,0.42879248,0.16878922,0.68879575,0.41273943,0.0,0.41273943,0.10318486
12739,0.17470066,0.15350251,0.19589882,0.05754822,0.0,0.05754822,0.014387055
12740,0.22228305,0.14318536,0.30138075,0.22211175,0.0,0.22211175,0.055527937
12741,0.2945582,0.13584696,0.45326945,0.35479608,0.0,0.35479608,0.08869902
12742,0.59461474,0.13024917,1.0589803,0.8505351,0.0,0.8505351,0.21263377
12743,0.29098356,0.1271916,0.45477548,0.32419047,0.0,0.32419047,0.08104762
12744,0.55298805,0.12498352,0.98099256,0.79307395,0.0,0.79307395,0.19826849
12745,0.4779283,0.11914837,0.8367083,0.6634429,0.0,0.6634429,0.16586073
12746,0.20472156,0.11610892,0.2933342,0.17827885,0.0,0.17827885,0.044569712
12747,0.6213577,0.111410655,1.1313047,0.87522584,0.0,0.87522584,0.21880646
12748,1.0059208,0.10686302,1.9049784,1.5998516,0.0,1.5998516,0.3999629
12749,0.24862824,0.10205436,0.39520213,0.23529458,0.0,0.23529458,0.058823645
12750,0.2503169,0.095413625,0.40522018,0.20959012,0.0,0.20959012,0.05239753
12751,0.50268793,0.088738,0.9166379,0.6678155,0.0,0.6678155,0.16695388
12752,1.0837029,0.07723186,2.090174,1.6706835,0.0,1.6706835,0.41767088
12753,0.77203107,0.064176984,1.4798851,1.1413134,0.0,1.1413134,0.28532836
12754,0.06835598,0.057030145,0.079681806,0.06309628,0.0,0.06309628,0.01577407
12755,0.31860557,0.053920995,0.58329016,0.42600954,0.0,0.42600954,0.106502384
12756,0.06992274,0.054912638,0.084932834,0.050767567,0.0,0.050767567,0.012691892
12757,0.2746354,0.06455072,0.48472008,0.32258937,0.0,0.32258937,0.08064734
12758,0.4356893,0.077632874,0.7937457,0.95765305,0.0,0.95765305,0.23941326
12759,0.22721444,0.10021162,0.35421726,0.20723177,0.0,0.20723177,0.051807944
12760,0.27772692,0.113807775,0.44164607,0.22543937,0.0,0.22543937,0.056359842
12761,0.60166234,0.11908156,1.0842432,0.78747886,0.0,0.78747886,0.19686972
12762,0.22945118,0.115202986,0.34369937,0.11378133,0.0,0.11378133,0.028445333
12763,0.5048611,0.10992271,0.8997995,0.6451143,0.0,0.6451143,0.16127858
12764,0.1796705,0.11141292,0.24792807,0.115269095,0.0,0.115269095,0.028817274
12765,0.41014647,0.11153845,0.70875454,0.4933361,0.0,0.4933361,0.12333403
12766,0.615593,0.111257255,1.1199288,0.7326763,0.0,0.7326763,0.18316908
12767,0.7531126,0.11002826,1.396197,1.0802644,0.0,1.0802644,0.2700661
12768,0.2738752,0.112216614,0.43553376,0.5001211,0.0,0.5001211,0.12503028
12769,0.39316383,0.114923336,0.67140436,0.5485804,0.0,0.5485804,0.1371451
12770,0.3962055,0.11910355,0.6733074,0.6322987,0.0,0.6322987,0.15807468
12771,0.24928339,0.12078985,0.37777695,0.24999528,0.0,0.24999528,0.06249882
12772,0.6761407,0.12235964,1.2299218,1.4332794,0.0,1.4332794,0.35831985
12773,0.11280196,0.12666856,0.098935366,0.13002928,0.0,0.13002928,0.03250732
12774,0.25932553,0.13036351,0.38828757,0.25290754,0.0,0.25290754,0.063226886
12775,0.48417017,0.13391452,0.83442575,0.9094558,0.0,0.9094558,0.22736394
12776,0.2551872,0.12312651,0.38724792,0.1510321,0.0,0.1510321,0.037758026
12777,0.39185548,0.10326239,0.68044853,0.48340335,0.0,0.48340335,0.12085084
12778,0.26432812,0.08858625,0.44007,0.44797942,0.0,0.44797942,0.111994855
12779,0.080873564,0.08386912,0.077878006,0.067927495,0.0,0.067927495,0.016981874
12780,0.08707128,0.0871351,0.08700747,0.03630792,0.0,0.03630792,0.00907698
12781,0.4872105,0.09716157,0.8772595,0.592519,0.0,0.592519,0.14812975
12782,0.21483646,0.109093435,0.3205795,0.091460146,0.0,0.091460146,0.022865037
12783,0.12214986,0.1236398,0.120659925,0.10548272,0.0,0.10548272,0.02637068
12784,0.48037255,0.13151748,0.8292276,0.7408383,0.0,0.7408383,0.18520957
12785,0.3235521,0.12739217,0.51971203,0.3589623,0.0,0.3589623,0.089740574
12786,0.2649447,0.114645995,0.4152434,0.33707103,0.0,0.33707103,0.08426776
12787,0.97186714,0.1061031,1.8376312,1.4472338,0.0,1.4472338,0.36180845
12788,0.14811827,0.10337341,0.19286312,0.03283627,0.0,0.03283627,0.008209067
12789,0.668695,0.106170215,1.2312198,1.2218453,0.0,1.2218453,0.30546132
12790,0.23210657,0.11103225,0.3531809,0.12047619,0.0,0.12047619,0.030119047
12791,0.39604473,0.10944983,0.6826396,0.5900182,0.0,0.5900182,0.14750455
12792,0.19764382,0.10832099,0.28696665,0.2321068,0.0,0.2321068,0.0580267
12793,0.4475226,0.108407736,0.7866375,0.74073046,0.0,0.74073046,0.18518262
12794,0.35927427,0.110025026,0.6085235,0.5605216,0.0,0.5605216,0.1401304
12795,0.141411,0.112090535,0.17073147,0.041332647,0.0,0.041332647,0.010333162
12796,0.22067249,0.11439618,0.3269488,0.1497121,0.0,0.1497121,0.037428025
12797,0.25059387,0.1176127,0.38357505,0.32654184,0.0,0.32654184,0.08163546
12798,0.33911145,0.11551883,0.5627041,0.37547907,0.0,0.37547907,0.09386977
12799,0.7229173,0.1155261,1.3303086,1.2885014,0.0,1.2885014,0.32212535
12800,0.28471658,0.104521476,0.46491167,0.45085776,0.0,0.45085776,0.11271444
12801,0.10773322,0.08512372,0.13034272,0.078886144,0.0,0.078886144,0.019721536
12802,0.09569142,0.06975361,0.121629246,0.08310186,0.0,0.08310186,0.020775465
12803,0.22686584,0.062746786,0.39098492,0.42369005,0.0,0.42369005,0.10592251
12804,0.09300652,0.057385948,0.1286271,0.041023273,0.0,0.041023273,0.010255818
12805,0.7784237,0.05547758,1.5013698,1.1918675,0.0,1.1918675,0.29796687
12806,0.10509571,0.05704434,0.15314707,0.18322901,0.0,0.18322901,0.045807254
12807,0.19073081,0.062451344,0.31901026,0.17596136,0.0,0.17596136,0.04399034
12808,0.11643353,0.06712342,0.16574365,0.09935808,0.0,0.09935808,0.02483952
12809,0.45838878,0.07067644,0.8461011,0.774775,0.0,0.774775,0.19369376
12810,0.17145135,0.06864513,0.27425757,0.2376244,0.0,0.2376244,0.0594061
12811,0.5358003,0.07117567,1.0004249,1.0112355,0.0,1.0112355,0.25280887
12812,0.22489603,0.07696002,0.37283206,0.34140384,0.0,0.34140384,0.08535096
12813,0.13062356,0.08300838,0.17823875,0.08843439,0.0,0.08843439,0.022108598
12814,0.44202313,0.08719278,0.7968535,0.7777112,0.0,0.7777112,0.1944278
12815,0.39281294,0.08523673,0.70038915,0.5945787,0.0,0.5945787,0.14864467
12816,0.34676114,0.08263228,0.61089,0.5199445,0.0,0.5199445,0.12998612
12817,0.21582519,0.07773452,0.35391584,0.21254563,0.0,0.21254563,0.05313641
12818,0.19332556,0.07409984,0.31255126,0.24231261,0.0,0.24231261,0.060578153
12819,0.838438,0.07257412,1.6043018,1.5131634,0.0,1.5131634,0.37829086
12820,0.10944792,0.074217804,0.14467804,0.04161872,0.0,0.04161872,0.01040468
12821,0.29004124,0.07490011,0.5051823,0.42413917,0.0,0.42413917,0.10603479
12822,0.65911895,0.07507283,1.243165,1.1636094,0.0,1.1636094,0.29090235
12823,0.7793824,0.07841045,1.4803543,1.4569689,0.0,1.4569689,0.36424223
12824,0.6061314,0.07759265,1.1346701,0.99541694,0.0,0.99541694,0.24885423
12825,0.3008206,0.07300494,0.5286362,0.51528,0.0,0.51528,0.12882
12826,0.5800045,0.07118807,1.0888209,0.8832813,0.0,0.8832813,0.22082032
12827,0.14539342,0.07049786,0.22028895,0.1175257,0.0,0.1175257,0.029381424
12828,0.18441676,0.07149903,0.29733446,0.11797396,0.0,0.11797396,0.02949349
12829,0.29642305,0.075137086,0.517709,0.5424357,0.0,0.5424357,0.13560893
12830,0.433429,0.07988518,0.7869728,0.9102478,0.0,0.9102478,0.22756195
12831,0.10774752,0.08464599,0.13084905,0.030620843,0.0,0.030620843,0.007655211
12832,0.3824937,0.08100821,0.6839792,0.5205113,0.0,0.5205113,0.13012783
12833,0.16557576,0.07397751,0.25717402,0.33624458,0.0,0.33624458,0.084061146
12834,0.20206678,0.06940907,0.33472446,0.40861878,0.0,0.40861878,0.102154694
12835,0.14658768,0.06873376,0.2244416,0.10922255,0.0,0.10922255,0.027305638
12836,0.09885929,0.07060657,0.12711202,0.05936724,0.0,0.05936724,0.01484181
12837,0.30379522,0.07300808,0.5345824,0.56423813,0.0,0.56423813,0.14105953
12838,0.21194927,0.073379286,0.35051927,0.16097103,0.0,0.16097103,0.040242758
12839,0.092281364,0.0736843,0.11087844,0.06376795,0.0,0.06376795,0.015941987
12840,0.11738517,0.07766205,0.15710829,0.06862622,0.0,0.06862622,0.017156554
12841,0.18082833,0.08301896,0.27863768,0.19459935,0.0,0.19459935,0.048649836
12842,0.7932288,0.08929501,1.4971625,1.1461862,0.0,1.1461862,0.28654656
12843,0.12442879,0.09749603,0.15136155,0.04538904,0.0,0.04538904,0.01134726
12844,0.32696453,0.10583349,0.5480956,0.706292,0.0,0.706292,0.176573
12845,1.2118043,0.112840414,2.310768,1.7662855,0.0,1.7662855,0.44157138
12846,0.13488106,0.11669598,0.15306614,0.052579653,0.0,0.052579653,0.013144913
12847,0.15443276,0.12153975,0.18732576,0.060533047,0.0,0.060533047,0.015133262
12848,0.48629582,0.124089934,0.8485017,1.1474797,0.0,1.1474797,0.2868699
12849,0.6098009,0.12253719,1.0970646,0.5917955,0.0,0.5917955,0.14794888
12850,1.0978371,0.12588191,2.0697925,1.3903513,0.0,1.3903513,0.34758782
12851,0.21172883,0.12946916,0.2939885,0.6682307,0.0,0.6682307,0.16705768
12852,0.3941238,0.13540435,0.6528433,0.22104616,0.0,0.22104616,0.05526154
12853,0.113006376,0.1469027,0.079110056,0.25114396,0.0,0.25114396,0.06278599
12854,0.41883907,0.16433616,0.673342,0.20778626,0.0,0.20778626,0.051946566
12855,0.14181913,0.17880757,0.10483071,0.32627577,0.0,0.32627577,0.08156894
12856,0.19996023,0.1814629,0.21845758,0.6368342,0.0,0.6368342,0.15920855
12857,0.26482105,0.17277223,0.35686985,0.10200193,0.0,0.10200193,0.025500482
12858,0.1237186,0.1706847,0.07675251,0.1837135,0.0,0.1837135,0.045928374
12859,0.37043437,0.17837496,0.56249374,1.1765779,0.0,1.1765779,0.29414448
12860,0.2403069,0.18349154,0.2971222,0.054712515,0.0,0.054712515,0.013678129
12861,1.5451713,0.18378466,2.9065578,1.8271207,0.0,1.8271207,0.45678017
12862,0.99571306,0.17665988,1.8147663,0.9822114,0.0,0.9822114,0.24555285
12863,0.36515817,0.17349458,0.5568217,0.1707201,0.0,0.1707201,0.042680025
12864,0.4285021,0.17436083,0.6826434,1.3683714,0.0,1.3683714,0.34209284
12865,0.5515425,0.1811779,0.9219072,0.3480176,0.0,0.3480176,0.0870044
12866,0.15756722,0.18012758,0.13500684,0.1853516,0.0,0.1853516,0.0463379
12867,0.16994329,0.19025813,0.14962846,0.47059992,0.0,0.47059992,0.11764998
12868,0.3767756,0.20418881,0.54936236,0.12568629,0.0,0.12568629,0.031421572
12869,0.4413682,0.21518171,0.6675547,0.1578623,0.0,0.1578623,0.039465576
12870,0.46767926,0.22712958,0.7082289,0.16801286,0.0,0.16801286,0.042003214
12871,1.1796199,0.24548905,2.113751,0.99599916,0.0,0.99599916,0.24899979
12872,0.2756735,0.2634779,0.28786913,0.39345542,0.0,0.39345542,0.098363854
12873,0.7432311,0.27378574,1.2126766,0.41484773,0.0,0.41484773,0.10371193
12874,1.7758207,0.2673525,3.2842891,1.8246778,0.0,1.8246778,0.45616946
12875,0.21172571,0.26464534,0.1588061,0.18149972,0.0,0.18149972,0.04537493
12876,0.19845478,0.26190707,0.1350025,0.06713624,0.0,0.06713624,0.01678406
12877,0.57519996,0.23397882,0.9164211,0.29966187,0.0,0.29966187,0.07491547
12878,1.2248296,0.22731258,2.2223465,1.1674323,0.0,1.1674323,0.29185808
12879,0.43320647,0.21841256,0.6480004,1.3831853,0.0,1.3831853,0.34579632
12880,0.42837134,0.20545244,0.65129024,0.21897419,0.0,0.21897419,0.054743547
12881,0.20806396,0.18391521,0.23221268,0.2607253,0.0,0.2607253,0.06518132
12882,0.20467035,0.17984092,0.22949977,0.3171713,0.0,0.3171713,0.07929283
12883,0.2553658,0.19372539,0.3170062,0.039887015,0.0,0.039887015,0.009971754
12884,0.32295954,0.21735276,0.42856634,0.071932085,0.0,0.071932085,0.017983021
12885,0.23021752,0.25080487,0.20963018,0.04747965,0.0,0.04747965,0.011869912
12886,0.3835605,0.27553642,0.49158457,0.07358075,0.0,0.07358075,0.018395187
12887,0.40035048,0.2993635,0.50133747,0.07137191,0.0,0.07137191,0.017842978
12888,1.4501542,0.3231095,2.5771987,1.1428939,0.0,1.1428939,0.28572348
12889,0.26440796,0.3179628,0.21085314,0.05701522,0.0,0.05701522,0.014253805
12890,1.8499483,0.30741084,3.3924856,1.7771248,0.0,1.7771248,0.4442812
12891,0.5359004,0.3013567,0.77044415,0.23664694,0.0,0.23664694,0.059161734
12892,0.35808215,0.2870163,0.42914793,0.03820388,0.0,0.03820388,0.00955097
12893,0.2261591,0.2662359,0.18608229,0.07771609,0.0,0.07771609,0.019429022
12894,0.2582118,0.25106183,0.26536176,0.25010005,0.0,0.25010005,0.06252501
12895,0.30798644,0.24026911,0.37570378,0.33128414,0.0,0.33128414,0.082821034
12896,0.4302282,0.23377109,0.6266853,0.18557441,0.0,0.18557441,0.046393603
12897,0.25213826,0.2293392,0.2749373,0.38004407,0.0,0.38004407,0.09501102
12898,0.26831385,0.22437389,0.3122538,0.32564214,0.0,0.32564214,0.081410535
12899,0.42724872,0.2240984,0.63039905,0.17704122,0.0,0.17704122,0.044260304
12900,0.7224949,0.21639426,1.2285956,0.66114295,0.0,0.66114295,0.16528574
12901,0.69168615,0.20053275,1.1828396,0.66248864,0.0,0.66248864,0.16562216
12902,0.44553804,0.18342412,0.7076519,0.31356478,0.0,0.31356478,0.078391194
12903,0.22717144,0.1635332,0.2908097,0.25899887,0.0,0.25899887,0.06474972
12904,0.3394965,0.14462353,0.53436947,0.5248905,0.0,0.5248905,0.13122262
12905,0.11975665,0.12530851,0.11420479,0.06290581,0.0,0.06290581,0.015726453
12906,0.6508059,0.11114546,1.1904663,0.9103074,0.0,0.9103074,0.22757685
12907,0.28533658,0.111234464,0.4594387,0.2933475,0.0,0.2933475,0.07333688
12908,0.11423368,0.1065555,0.12191186,0.06473077,0.0,0.06473077,0.016182693
12909,0.19875495,0.103113234,0.29439664,0.20932503,0.0,0.20932503,0.052331258
12910,0.17052169,0.099130504,0.24191289,0.13644849,0.0,0.13644849,0.034112122
12911,0.35927522,0.09051552,0.62803495,0.53407407,0.0,0.53407407,0.13351852
12912,0.23264997,0.08668933,0.37861058,0.30510095,0.0,0.30510095,0.07627524
12913,0.18957536,0.07924963,0.29990107,0.21667327,0.0,0.21667327,0.054168317
12914,0.22914249,0.07578437,0.38250062,0.3160443,0.0,0.3160443,0.079011075
12915,0.2473113,0.07535882,0.41926375,0.3425293,0.0,0.3425293,0.085632324
12916,0.2922082,0.07514589,0.5092705,0.43083343,0.0,0.43083343,0.10770836
12917,0.67332584,0.0730809,1.2735709,1.2609237,0.0,1.2609237,0.31523094
12918,0.7285438,0.0708852,1.3862025,1.2736536,0.0,1.2736536,0.3184134
12919,0.82589465,0.06990405,1.5818853,1.5796772,0.0,1.5796772,0.3949193
12920,0.59000283,0.06712358,1.1128821,0.9953995,0.0,0.9953995,0.24884987
12921,0.34682134,0.06385487,0.6297878,0.51698565,0.0,0.51698565,0.12924641
12922,0.12822345,0.061665278,0.19478162,0.18399654,0.0,0.18399654,0.045999136
12923,0.5565994,0.0648503,1.0483484,0.98333645,0.0,0.98333645,0.24583411
12924,0.07122394,0.06888925,0.07355862,0.017119668,0.0,0.017119668,0.004279917
12925,0.5322133,0.07604015,0.98838645,0.7861188,0.0,0.7861188,0.1965297
12926,0.7011257,0.084459774,1.3177917,1.0894479,0.0,1.0894479,0.27236196
12927,0.5742948,0.09318151,1.0554081,0.76136374,0.0,0.76136374,0.19034094
12928,0.23397301,0.09016016,0.37778583,0.19331269,0.0,0.19331269,0.048328172
12929,0.18492894,0.08526942,0.28458846,0.27572083,0.0,0.27572083,0.06893021
12930,0.2534242,0.0796111,0.4272373,0.30387965,0.0,0.30387965,0.07596991
12931,0.11403918,0.07449455,0.15358381,0.07357707,0.0,0.07357707,0.018394267
12932,0.1366769,0.07300518,0.20034862,0.08054235,0.0,0.08054235,0.020135587
12933,0.105287105,0.07578981,0.1347844,0.049394358,0.0,0.049394358,0.0123485895
12934,0.09777996,0.080522306,0.11503762,0.035408035,0.0,0.035408035,0.008852009
12935,0.40068087,0.08105577,0.7203059,0.5684218,0.0,0.5684218,0.14210545
12936,0.4445198,0.07746219,0.8115774,0.71456796,0.0,0.71456796,0.17864199
12937,0.07773756,0.074441485,0.08103363,0.026986629,0.0,0.026986629,0.006746657
12938,0.27954057,0.07353818,0.48554298,0.47030202,0.0,0.47030202,0.117575504
12939,0.10550723,0.0744722,0.13654228,0.08123969,0.0,0.08123969,0.020309923
12940,0.12915163,0.07885025,0.17945302,0.078385375,0.0,0.078385375,0.019596344
12941,0.21957904,0.08236069,0.35679737,0.23616923,0.0,0.23616923,0.05904231
12942,0.14038531,0.085341714,0.19542892,0.077326395,0.0,0.077326395,0.019331599
12943,0.09627527,0.085835434,0.10671509,0.050083105,0.0,0.050083105,0.012520776
12944,0.18145902,0.0838032,0.27911484,0.23358929,0.0,0.23358929,0.058397323
12945,1.0408763,0.081361964,2.0003908,1.7332116,0.0,1.7332116,0.4333029
12946,0.2827668,0.07909392,0.48643962,0.44278073,0.0,0.44278073,0.11069518
12947,0.31781557,0.07848893,0.5571422,0.41763258,0.0,0.41763258,0.104408145
12948,0.3076521,0.091353975,0.5239502,0.3333719,0.0,0.3333719,0.08334298
12949,0.37324488,0.11348114,0.63300866,0.38738975,0.0,0.38738975,0.09684744
12950,0.45790815,0.14008668,0.77572966,0.43150392,0.0,0.43150392,0.10787598
12951,0.5572187,0.15075701,0.9636803,0.5277023,0.0,0.5277023,0.13192557
12952,0.3030227,0.14839752,0.45764792,0.18021266,0.0,0.18021266,0.045053165
12953,0.13555978,0.1372314,0.13388817,0.10931447,0.0,0.10931447,0.027328618
12954,0.25895372,0.12846778,0.38943967,0.506682,0.0,0.506682,0.1266705
12955,0.4012871,0.12190191,0.68067235,0.34880403,0.0,0.34880403,0.08720101
12956,0.14435259,0.11703076,0.17167442,0.1765079,0.0,0.1765079,0.044126976
12957,0.30194423,0.11731404,0.48657438,0.63503563,0.0,0.63503563,0.15875891
12958,0.1375248,0.12490427,0.15014535,0.043401044,0.0,0.043401044,0.010850261
12959,0.386784,0.12820537,0.6453627,0.7818634,0.0,0.7818634,0.19546585
12960,0.2609234,0.1311691,0.3906777,0.43033385,0.0,0.43033385,0.10758346
12961,0.16582833,0.12907204,0.20258462,0.20593715,0.0,0.20593715,0.051484287
12962,0.82515913,0.12951787,1.5208005,1.0852588,0.0,1.0852588,0.2713147
12963,0.15738033,0.13319279,0.18156786,0.21106179,0.0,0.21106179,0.052765448
12964,0.19955653,0.13870217,0.26041088,0.34862128,0.0,0.34862128,0.08715532
12965,0.17096098,0.14370427,0.1982177,0.068636455,0.0,0.068636455,0.017159114
12966,0.2641683,0.14713697,0.38119963,0.167009,0.0,0.167009,0.04175225
12967,0.1395786,0.15095355,0.12820363,0.12023059,0.0,0.12023059,0.030057648
12968,0.5429793,0.1587632,0.92719537,1.1784109,0.0,1.1784109,0.29460272
12969,0.7376469,0.15910394,1.3161899,0.85084265,0.0,0.85084265,0.21271066
12970,0.5726564,0.16268091,0.9826319,1.3002264,0.0,1.3002264,0.3250566
12971,0.52904636,0.16151765,0.89657515,0.44943714,0.0,0.44943714,0.112359285
12972,0.17490749,0.16865607,0.18115892,0.060282484,0.0,0.060282484,0.015070621
12973,0.35956296,0.18591861,0.53320724,0.25746953,0.0,0.25746953,0.06436738
12974,0.16402316,0.19499268,0.13305365,0.1478831,0.0,0.1478831,0.036970776
12975,0.2742072,0.1856731,0.36274126,0.09979999,0.0,0.09979999,0.024949998
12976,0.20150407,0.16780144,0.23520672,0.06068215,0.0,0.06068215,0.015170538
12977,0.15766573,0.15928112,0.15605035,0.043657128,0.0,0.043657128,0.010914282
12978,0.390615,0.16397837,0.6172516,0.20862423,0.0,0.20862423,0.052156057
12979,0.30391538,0.16711307,0.4407177,0.23559628,0.0,0.23559628,0.05889907
12980,0.17912857,0.1724267,0.18583043,0.022844391,0.0,0.022844391,0.0057110977
12981,0.1619489,0.18105602,0.14284177,0.33196858,0.0,0.33196858,0.082992144
12982,0.28063568,0.18621778,0.37505355,0.6156934,0.0,0.6156934,0.15392335
12983,0.32479283,0.19542135,0.4541643,0.18721555,0.0,0.18721555,0.046803888
12984,0.5042577,0.2007392,0.80777615,0.27409247,0.0,0.27409247,0.06852312
12985,0.22929971,0.20206363,0.25653574,0.41293797,0.0,0.41293797,0.10323449
12986,0.23133403,0.20402987,0.25863817,0.03725688,0.0,0.03725688,0.00931422
12987,0.2112524,0.20709102,0.21541381,0.49293733,0.0,0.49293733,0.12323433
12988,0.3058784,0.21853608,0.3932207,0.08254165,0.0,0.08254165,0.020635413
12989,0.31966314,0.23219144,0.40713486,0.12340587,0.0,0.12340587,0.030851467
12990,0.24335796,0.23550503,0.2512109,0.50189644,0.0,0.50189644,0.12547411
12991,0.17242347,0.23628552,0.1085614,0.2077356,0.0,0.2077356,0.0519339
12992,0.44519877,0.24294959,0.64744794,0.24835968,0.0,0.24835968,0.06208992
12993,0.2607894,0.24894957,0.27262923,0.021460429,0.0,0.021460429,0.005365107
12994,0.30777207,0.23972885,0.3758153,0.10522496,0.0,0.10522496,0.02630624
12995,0.21198185,0.20839448,0.21556921,0.43208662,0.0,0.43208662,0.108021654
12996,0.35408664,0.17382018,0.5343531,0.7749762,0.0,0.7749762,0.19374405
12997,0.26348293,0.14016019,0.38680568,0.61293846,0.0,0.61293846,0.15323462
12998,0.14193203,0.117399596,0.16646445,0.07306436,0.0,0.07306436,0.01826609
12999,0.77221507,0.09995675,1.4444733,1.0311799,0.0,1.0311799,0.25779498
13000,0.20317805,0.088192515,0.3181636,0.3848594,0.0,0.3848594,0.09621485
13001,0.32794297,0.07882941,0.5770565,0.47069815,0.0,0.47069815,0.11767454
13002,0.5704413,0.073519446,1.0673631,1.1052767,0.0,1.1052767,0.27631918
13003,0.41723517,0.069357984,0.7651124,0.5260335,0.0,0.5260335,0.13150838
13004,0.15799676,0.066879205,0.24911432,0.2246617,0.0,0.2246617,0.056165423
13005,0.2133529,0.06787741,0.3588284,0.4253489,0.0,0.4253489,0.10633723
13006,0.2606921,0.07201034,0.4493738,0.25016883,0.0,0.25016883,0.06254221
13007,0.14334118,0.07811217,0.2085702,0.12483505,0.0,0.12483505,0.031208763
13008,0.22426169,0.08492428,0.3635991,0.460355,0.0,0.460355,0.11508875
13009,0.48744833,0.083786674,0.89111,0.5915505,0.0,0.5915505,0.14788763
13010,0.21333903,0.080985464,0.3456926,0.4103407,0.0,0.4103407,0.102585174
13011,0.6884544,0.084673725,1.292235,0.98473024,0.0,0.98473024,0.24618256
13012,0.70049757,0.08739215,1.313603,0.91731995,0.0,0.91731995,0.22932999
13013,0.13223816,0.08811578,0.17636056,0.080506094,0.0,0.080506094,0.020126523
13014,0.45475647,0.087204196,0.8223087,0.5035527,0.0,0.5035527,0.12588817
13015,0.8029844,0.08539969,1.5205692,1.2390643,0.0,1.2390643,0.30976608
13016,0.18686955,0.084437616,0.28930148,0.336486,0.0,0.336486,0.0841215
13017,0.2510055,0.08695501,0.415056,0.34959123,0.0,0.34959123,0.08739781
13018,0.24029398,0.0920034,0.38858458,0.3850511,0.0,0.3850511,0.096262775
13019,0.2845119,0.10319688,0.4658269,0.4590691,0.0,0.4590691,0.114767276
13020,0.74851376,0.10908445,1.3879431,0.975128,0.0,0.975128,0.243782
13021,0.10858399,0.10557274,0.11159522,0.12499505,0.0,0.12499505,0.031248763
13022,0.59766227,0.100144446,1.0951802,0.765995,0.0,0.765995,0.19149876
13023,0.94268423,0.08954918,1.7958193,1.3965739,0.0,1.3965739,0.34914348
13024,0.198834,0.07914547,0.31852254,0.20700343,0.0,0.20700343,0.051750857
13025,0.24330251,0.07355126,0.41305375,0.4118322,0.0,0.4118322,0.10295805
13026,0.41169974,0.072875544,0.75052387,0.80643994,0.0,0.80643994,0.20160998
13027,0.23369455,0.075944334,0.39144477,0.36196747,0.0,0.36196747,0.09049187
13028,0.14442979,0.07740951,0.21145004,0.22253513,0.0,0.22253513,0.055633783
13029,0.14587523,0.07905046,0.21270001,0.07632809,0.0,0.07632809,0.019082023
13030,0.12216538,0.08335686,0.16097392,0.26740968,0.0,0.26740968,0.06685242
13031,0.8746819,0.08892391,1.6604398,1.2868336,0.0,1.2868336,0.3217084
13032,0.120031156,0.094427824,0.14563449,0.020015104,0.0,0.020015104,0.005003776
13033,0.6558892,0.09692177,1.2148566,0.9098403,0.0,0.9098403,0.22746007
13034,0.20778324,0.095453925,0.32011256,0.19768126,0.0,0.19768126,0.049420316
13035,0.7518838,0.09309051,1.4106771,1.0947793,0.0,1.0947793,0.2736948
13036,0.5542948,0.09121875,1.0173708,0.6626423,0.0,0.6626423,0.16566058
13037,0.23993112,0.0855135,0.39434874,0.30203727,0.0,0.30203727,0.07550932
13038,0.45582107,0.08069793,0.83094424,0.95479393,0.0,0.95479393,0.23869848
13039,0.5295856,0.078393295,0.9807779,1.091848,0.0,1.091848,0.272962
13040,0.21589744,0.0788965,0.35289836,0.29666838,0.0,0.29666838,0.074167095
13041,0.59531313,0.08172961,1.1088967,0.91875094,0.0,0.91875094,0.22968774
13042,0.69836634,0.08689439,1.3098383,1.071278,0.0,1.071278,0.2678195
13043,0.41809714,0.09146967,0.7447246,0.6048119,0.0,0.6048119,0.15120298
13044,0.088885605,0.09230671,0.085464485,0.16560377,0.0,0.16560377,0.041400943
13045,0.47138724,0.08809328,0.8546812,0.9813872,0.0,0.9813872,0.2453468
13046,0.27452022,0.0818044,0.46723604,0.39138687,0.0,0.39138687,0.09784672
13047,0.4783956,0.07770113,0.87909013,0.8261625,0.0,0.8261625,0.20654063
13048,0.088754036,0.07594288,0.101565205,0.0974431,0.0,0.0974431,0.024360774
13049,0.17776614,0.07715874,0.27837357,0.1531863,0.0,0.1531863,0.038296577
13050,0.48711488,0.08016307,0.89406663,0.64800346,0.0,0.64800346,0.16200086
13051,0.19957972,0.08375513,0.3154043,0.32243875,0.0,0.32243875,0.08060969
13052,0.14043833,0.087830596,0.1930461,0.096273325,0.0,0.096273325,0.024068331
13053,0.23502801,0.09128726,0.37876877,0.36739913,0.0,0.36739913,0.09184978
13054,0.18360583,0.09282073,0.2743909,0.19780017,0.0,0.19780017,0.049450044
13055,0.24322057,0.09571717,0.39072397,0.29164806,0.0,0.29164806,0.072912015
13056,0.28685877,0.09943289,0.47428462,0.3992866,0.0,0.3992866,0.09982165
13057,0.12738301,0.10463408,0.15013194,0.0706146,0.0,0.0706146,0.01765365
13058,0.107203834,0.1095017,0.10490596,0.06921213,0.0,0.06921213,0.017303033
13059,0.11123096,0.11597532,0.106486596,0.11484166,0.0,0.11484166,0.028710416
13060,0.1901412,0.122692466,0.25758997,0.054514926,0.0,0.054514926,0.0136287315
13061,0.1917067,0.1265694,0.25684395,0.080521055,0.0,0.080521055,0.020130264
13062,0.8747165,0.13065341,1.6187797,1.3510046,0.0,1.3510046,0.33775115
13063,0.24202399,0.13374333,0.35030463,0.16633683,0.0,0.16633683,0.04158421
13064,0.66269547,0.13590446,1.1894865,1.0530461,0.0,1.0530461,0.26326153
13065,0.26724938,0.14005314,0.39444566,0.1554967,0.0,0.1554967,0.038874175
13066,0.16672999,0.14588806,0.18757193,0.035524957,0.0,0.035524957,0.008881239
13067,0.21928257,0.15328248,0.28528267,0.06455176,0.0,0.06455176,0.01613794
13068,0.2203625,0.1591665,0.28155848,0.07819613,0.0,0.07819613,0.019549033
13069,0.55562997,0.16735853,0.94390136,0.49823365,0.0,0.49823365,0.12455841
13070,0.22782831,0.17555785,0.28009877,0.045962553,0.0,0.045962553,0.011490638
13071,0.6327315,0.18596525,1.0794977,0.6073614,0.0,0.6073614,0.15184034
13072,0.2679728,0.19647656,0.33946905,0.46365198,0.0,0.46365198,0.115912996
13073,0.80837506,0.20614935,1.4106007,1.078753,0.0,1.078753,0.26968825
13074,0.91828054,0.21121715,1.6253439,1.2168449,0.0,1.2168449,0.30421123
13075,0.28351116,0.21814351,0.34887883,0.07732894,0.0,0.07732894,0.019332236
13076,0.6276576,0.22300255,1.0323126,0.4644369,0.0,0.4644369,0.11610922
13077,0.8010683,0.22697966,1.3751569,1.4331976,0.0,1.4331976,0.3582994
13078,0.61987466,0.23305333,1.006696,0.38983145,0.0,0.38983145,0.09745786
13079,0.30510375,0.23414595,0.37606156,0.05542153,0.0,0.05542153,0.013855383
13080,0.21129544,0.2392586,0.18333228,0.27928916,0.0,0.27928916,0.06982229
13081,0.2289803,0.24120426,0.21675634,0.029212773,0.0,0.029212773,0.007303193
13082,1.1180936,0.24438234,1.991805,1.4745046,0.0,1.4745046,0.36862615
13083,0.34126374,0.2491567,0.43337074,0.10206757,0.0,0.10206757,0.025516892
13084,0.91925836,0.25075415,1.5877625,0.9110454,0.0,0.9110454,0.22776134
13085,0.3183128,0.25611892,0.38050666,0.06003705,0.0,0.06003705,0.015009263
13086,0.7423217,0.25941744,1.225226,0.44772097,0.0,0.44772097,0.11193024
13087,0.72167826,0.2651933,1.1781632,0.46410537,0.0,0.46410537,0.11602634
13088,0.80823416,0.26718575,1.3492826,0.6332839,0.0,0.6332839,0.15832098
13089,0.34437332,0.27300307,0.4157435,0.06456014,0.0,0.06456014,0.016140034
13090,1.2185811,0.27716652,2.1599958,1.4540035,0.0,1.4540035,0.36350086
13091,1.0957878,0.28668034,1.9048952,1.0805727,0.0,1.0805727,0.27014318
13092,0.35063076,0.29691836,0.40434313,0.12178872,0.0,0.12178872,0.03044718
13093,0.5468958,0.32171896,0.7720726,0.11667975,0.0,0.11667975,0.029169938
13094,0.7127469,0.3467454,1.0787485,0.22836621,0.0,0.22836621,0.057091553
13095,1.5038409,0.3791314,2.6285505,1.1368952,0.0,1.1368952,0.2842238
13096,1.1641876,0.41013408,1.918241,0.5774675,0.0,0.5774675,0.14436688
13097,0.25348338,0.4239703,0.08299645,0.4571531,0.0,0.4571531,0.11428828
13098,1.1470369,0.41814986,1.8759238,0.67410207,0.0,0.67410207,0.16852552
13099,0.2873157,0.40502667,0.16960472,0.9837777,0.0,0.9837777,0.24594443
13100,0.34503183,0.39025512,0.29980853,0.13307738,0.0,0.13307738,0.033269346
13101,0.42454144,0.3797814,0.46930146,0.06096664,0.0,0.06096664,0.01524166
13102,0.24466641,0.36725977,0.12207308,0.20757711,0.0,0.20757711,0.051894277
13103,1.574481,0.36864528,2.7803166,1.1799387,0.0,1.1799387,0.29498467
13104,0.30441096,0.37639177,0.23243017,1.0477628,0.0,1.0477628,0.2619407
13105,0.50835675,0.39156213,0.62515134,0.09990972,0.0,0.09990972,0.02497743
13106,0.49641737,0.42037812,0.57245666,0.049920905,0.0,0.049920905,0.012480226
13107,0.29282132,0.45905653,0.1265861,0.92682976,0.0,0.92682976,0.23170744
13108,1.3711686,0.49338531,2.248952,0.6552624,0.0,0.6552624,0.1638156
13109,0.28916994,0.5279563,0.05038358,0.69581413,0.0,0.69581413,0.17395353
13110,0.4126821,0.5645469,0.26081732,1.0648369,0.0,1.0648369,0.26620921
13111,0.5213616,0.5936041,0.4491191,0.062219184,0.0,0.062219184,0.015554796
13112,0.33816016,0.61153966,0.06478068,0.6961495,0.0,0.6961495,0.17403738
13113,0.9897724,0.61459684,1.3649479,0.19438554,0.0,0.19438554,0.048596386
13114,1.4248734,0.60853153,2.241215,0.52892286,0.0,0.52892286,0.13223071
13115,0.4516015,0.5900986,0.31310436,0.17442864,0.0,0.17442864,0.04360716
13116,0.3921846,0.5750142,0.209355,0.53628486,0.0,0.53628486,0.13407122
13117,0.67672634,0.5575693,0.79588336,0.071726546,0.0,0.071726546,0.017931636
13118,0.79939204,0.5603391,1.038445,0.14388101,0.0,0.14388101,0.035970252
13119,0.39317945,0.58544844,0.20091051,0.52724934,0.0,0.52724934,0.13181233
13120,0.89381784,0.6278321,1.1598035,0.11841471,0.0,0.11841471,0.029603677
13121,0.3403916,0.6394353,0.041347865,0.55673426,0.0,0.55673426,0.13918357
13122,0.88484,0.65855545,1.1111245,0.11744251,0.0,0.11744251,0.029360628
13123,1.6991482,0.6917763,2.70652,0.6757129,0.0,0.6757129,0.16892822
13124,0.5259707,0.7319932,0.3199482,1.4434257,0.0,1.4434257,0.3608564
13125,0.52210027,0.7575465,0.28665403,0.47142458,0.0,0.47142458,0.117856145
13126,0.5289505,0.7645828,0.2933183,0.35992017,0.0,0.35992017,0.08998004
13127,0.7079194,0.7566273,0.6592116,0.029436314,0.0,0.029436314,0.0073590786
13128,0.533029,0.7499232,0.31613478,0.41442153,0.0,0.41442153,0.10360538
13129,1.1240627,0.7259326,1.5221926,0.21574982,0.0,0.21574982,0.053937454
13130,0.55840516,0.70302224,0.41378808,0.50859743,0.0,0.50859743,0.12714936
13131,0.5894716,0.6911743,0.4877688,0.28811345,0.0,0.28811345,0.07202836
13132,0.51508343,0.6650973,0.36506954,0.16995543,0.0,0.16995543,0.042488858
13133,0.941288,0.6527107,1.2298654,0.15225764,0.0,0.15225764,0.03806441
13134,0.5577402,0.6420911,0.4733893,0.2880217,0.0,0.2880217,0.07200543
13135,0.48374394,0.6125801,0.35490775,0.8490831,0.0,0.8490831,0.21227078
13136,0.5062384,0.5846171,0.42785966,0.49060032,0.0,0.49060032,0.12265008
13137,0.4442633,0.5529005,0.33562613,0.2563876,0.0,0.2563876,0.0640969
13138,0.44158426,0.5076764,0.37549213,0.3210143,0.0,0.3210143,0.08025358
13139,0.9776006,0.48675242,1.4684486,0.4463124,0.0,0.4463124,0.1115781
13140,1.5149407,0.4598817,2.57,1.1714357,0.0,1.1714357,0.29285893
13141,0.34183654,0.423774,0.2598991,0.6199859,0.0,0.6199859,0.15499647
13142,0.49503502,0.37624982,0.61382014,0.07599098,0.0,0.07599098,0.018997746
13143,0.28823027,0.3097283,0.26673225,0.14211719,0.0,0.14211719,0.035529297
13144,1.1991751,0.25378308,2.1445673,1.0920242,0.0,1.0920242,0.27300605
13145,0.49138048,0.20345281,0.77930814,1.4389137,0.0,1.4389137,0.35972843
13146,0.39313602,0.16801484,0.61825716,0.27250597,0.0,0.27250597,0.06812649
13147,0.26057774,0.14779256,0.3733629,0.60899305,0.0,0.60899305,0.15224826
13148,0.25968543,0.13166663,0.38770425,0.53956294,0.0,0.53956294,0.13489074
13149,0.16603649,0.13061164,0.20146133,0.026257323,0.0,0.026257323,0.006564331
13150,0.27627036,0.13741398,0.4151267,0.5756809,0.0,0.5756809,0.14392023
13151,0.15475778,0.14734228,0.16217329,0.24201143,0.0,0.24201143,0.060502857
13152,0.42876396,0.1547464,0.7027815,0.2853543,0.0,0.2853543,0.07133857
13153,0.4856069,0.16227297,0.8089409,0.39943752,0.0,0.39943752,0.09985938
13154,0.27603933,0.16611476,0.38596392,0.6122945,0.0,0.6122945,0.15307362
13155,0.1992232,0.17717393,0.22127247,0.3984476,0.0,0.3984476,0.0996119
13156,0.18624021,0.18529153,0.18718891,0.037754033,0.0,0.037754033,0.009438508
13157,0.18516517,0.19001468,0.18031566,0.33416823,0.0,0.33416823,0.08354206
13158,0.41249517,0.19660205,0.6283883,0.182441,0.0,0.182441,0.04561025
13159,0.4907674,0.1897964,0.79173833,0.31120458,0.0,0.31120458,0.077801146
13160,0.44457126,0.18615128,0.70299125,1.2743899,0.0,1.2743899,0.31859747
13161,0.17103916,0.17937715,0.16270116,0.055186138,0.0,0.055186138,0.013796534
13162,0.36578682,0.16664372,0.5649299,0.88258505,0.0,0.88258505,0.22064626
13163,0.15504928,0.16219445,0.1479041,0.027307332,0.0,0.027307332,0.006826833
13164,0.40485588,0.15433954,0.65537226,0.25114426,0.0,0.25114426,0.062786065
13165,0.14990638,0.14564283,0.15416993,0.06781299,0.0,0.06781299,0.016953247
13166,0.2256391,0.14385317,0.30742502,0.65683585,0.0,0.65683585,0.16420896
13167,0.21737178,0.14366958,0.291074,0.06534761,0.0,0.06534761,0.016336903
13168,0.24839693,0.13916135,0.35763252,0.10373137,0.0,0.10373137,0.025932843
13169,0.10359162,0.13795029,0.06923296,0.14070153,0.0,0.14070153,0.035175383
13170,0.45314196,0.14275263,0.76353127,0.29348275,0.0,0.29348275,0.07337069
13171,0.17379755,0.15344842,0.19414668,0.42931005,0.0,0.42931005,0.10732751
13172,0.16932313,0.16722433,0.1714219,0.19071686,0.0,0.19071686,0.047679216
13173,0.16571338,0.18419994,0.14722683,0.32378462,0.0,0.32378462,0.080946155
13174,0.18628247,0.19708227,0.17548268,0.029662242,0.0,0.029662242,0.0074155605
13175,0.49680677,0.21066701,0.7829466,0.2166708,0.0,0.2166708,0.0541677
13176,1.4168774,0.21996737,2.6137874,1.4094063,0.0,1.4094063,0.35235158
13177,0.5482035,0.225964,0.87044305,0.25262982,0.0,0.25262982,0.063157454
13178,0.20616849,0.23350613,0.17883085,0.113286845,0.0,0.113286845,0.028321711
13179,0.37482047,0.24450119,0.5051397,0.11078662,0.0,0.11078662,0.027696654
13180,0.45528898,0.25397953,0.6565984,0.12648444,0.0,0.12648444,0.03162111
13181,1.2928263,0.26601842,2.3196342,1.1313623,0.0,1.1313623,0.28284058
13182,0.42829585,0.2769615,0.5796302,1.4087759,0.0,1.4087759,0.35219398
13183,0.19035959,0.28320643,0.097512744,0.15109237,0.0,0.15109237,0.03777309
13184,0.19304186,0.289596,0.09648773,0.44533578,0.0,0.44533578,0.111333944
13185,0.28121927,0.2936596,0.26877892,0.14589468,0.0,0.14589468,0.03647367
13186,0.35211292,0.29833555,0.40589032,1.0859779,0.0,1.0859779,0.27149448
13187,0.1964152,0.3054339,0.087396525,0.4005871,0.0,0.4005871,0.10014678
13188,0.2815549,0.31650573,0.24660407,0.1155344,0.0,0.1155344,0.0288836
13189,0.6422835,0.321416,0.963151,0.3173895,0.0,0.3173895,0.07934737
13190,0.5951811,0.31983033,0.87053186,0.24921991,0.0,0.24921991,0.062304977
13191,0.6957314,0.31892598,1.0725368,0.28049755,0.0,0.28049755,0.07012439
13192,0.40739813,0.31030235,0.50449395,1.1875967,0.0,1.1875967,0.29689917
13193,0.22401984,0.30170015,0.14633954,0.13462426,0.0,0.13462426,0.033656064
13194,0.55255634,0.29683107,0.8082816,0.18415427,0.0,0.18415427,0.046038568
13195,0.21204136,0.28936845,0.13471428,0.15717737,0.0,0.15717737,0.039294343
13196,0.50259614,0.28334263,0.7218496,0.16257586,0.0,0.16257586,0.040643964
13197,0.35347912,0.28104967,0.42590857,0.049770772,0.0,0.049770772,0.012442693
13198,0.3687954,0.27811274,0.45947805,1.1597514,0.0,1.1597514,0.28993785
13199,0.25659433,0.2750971,0.2380916,0.71395844,0.0,0.71395844,0.17848961
13200,0.38181397,0.2692404,0.4943875,1.096541,0.0,1.096541,0.27413526
13201,0.31371173,0.26755708,0.35986638,0.044275027,0.0,0.044275027,0.011068757
13202,0.81905466,0.2701719,1.3679374,0.5049217,0.0,0.5049217,0.12623042
13203,0.26778173,0.281732,0.25383148,0.16363604,0.0,0.16363604,0.04090901
13204,0.78664035,0.28336003,1.2899207,0.4317062,0.0,0.4317062,0.10792655
13205,0.24005722,0.2866712,0.19344322,0.30585775,0.0,0.30585775,0.07646444
13206,0.34225893,0.2915633,0.3929546,0.039942022,0.0,0.039942022,0.009985506
13207,0.26006678,0.29773477,0.2223988,0.5671461,0.0,0.5671461,0.14178653
13208,0.35667703,0.30845812,0.4048959,0.02657262,0.0,0.02657262,0.006643155
13209,0.26490986,0.3163339,0.21348582,0.47442722,0.0,0.47442722,0.118606806
13210,0.29580495,0.3251105,0.2664994,0.69294006,0.0,0.69294006,0.17323501
13211,0.738792,0.33302626,1.1445578,0.36315522,0.0,0.36315522,0.090788804
13212,0.27965546,0.35419846,0.20511246,0.5894474,0.0,0.5894474,0.14736184
13213,1.5836177,0.37759793,2.7896376,1.253815,0.0,1.253815,0.31345376
13214,0.2616143,0.37422815,0.14900042,0.3191935,0.0,0.3191935,0.07979838
13215,0.7486865,0.3457183,1.1516546,0.34024358,0.0,0.34024358,0.085060894
13216,0.49807432,0.3164362,0.6797125,0.12020541,0.0,0.12020541,0.030051352
13217,0.36310068,0.28498638,0.44121504,1.1272668,0.0,1.1272668,0.2818167
13218,0.87669164,0.2631134,1.49027,0.5719547,0.0,0.5719547,0.14298868
13219,0.32521287,0.25065613,0.39976963,0.7468088,0.0,0.7468088,0.1867022
13220,0.6817162,0.23936562,1.1240668,0.42960307,0.0,0.42960307,0.10740077
13221,0.34659863,0.23108058,0.46211663,0.11591742,0.0,0.11591742,0.028979355
13222,0.38455877,0.22365896,0.5454585,0.14003943,0.0,0.14003943,0.035009857
13223,1.1667343,0.22273634,2.1107323,1.2181119,0.0,1.2181119,0.30452797
13224,0.19912596,0.22610022,0.17215168,0.078542024,0.0,0.078542024,0.019635506
13225,0.17701282,0.22544765,0.12857799,0.13011442,0.0,0.13011442,0.032528605
13226,0.21077883,0.2365204,0.1850373,0.17333603,0.0,0.17333603,0.043334007
13227,0.22896259,0.2522165,0.20570867,0.44864067,0.0,0.44864067,0.11216017
13228,0.3452618,0.27498493,0.4155387,0.04153712,0.0,0.04153712,0.01038428
13229,0.24483816,0.29122192,0.19845442,0.10340741,0.0,0.10340741,0.025851853
13230,0.28920507,0.30471775,0.27369237,0.5078793,0.0,0.5078793,0.12696983
13231,0.49210563,0.3233337,0.6608776,0.11758017,0.0,0.11758017,0.029395042
13232,0.7988663,0.3338665,1.263866,0.4229351,0.0,0.4229351,0.105733775
13233,0.568798,0.32988128,0.80771476,0.17074005,0.0,0.17074005,0.042685013
13234,0.88338786,0.325273,1.4415027,0.5061029,0.0,0.5061029,0.12652573
13235,0.25983128,0.29551727,0.22414525,0.0919107,0.0,0.0919107,0.022977674
13236,0.29530522,0.27120355,0.31940687,0.15768033,0.0,0.15768033,0.039420083
13237,0.38112688,0.2604564,0.5017974,0.13983543,0.0,0.13983543,0.034958858
13238,0.23882757,0.25400552,0.22364962,0.3707564,0.0,0.3707564,0.0926891
13239,0.29650512,0.25673816,0.33627212,0.62894434,0.0,0.62894434,0.15723608
13240,0.2492911,0.26267385,0.23590833,0.19111638,0.0,0.19111638,0.047779094
13241,0.33102745,0.26602313,0.39603177,0.07033753,0.0,0.07033753,0.017584382
13242,0.42917395,0.26771167,0.5906362,0.13189204,0.0,0.13189204,0.03297301
13243,0.268913,0.2623239,0.27550212,0.22120237,0.0,0.22120237,0.055300593
13244,0.9168709,0.255901,1.5778408,0.92243785,0.0,0.92243785,0.23060946
13245,0.7598265,0.2587179,1.2609352,0.5368528,0.0,0.5368528,0.1342132
13246,1.0077801,0.25480184,1.7607584,1.0227412,0.0,1.0227412,0.2556853
13247,0.24629974,0.2543059,0.2382936,0.023227125,0.0,0.023227125,0.0058067814
13248,0.33262917,0.2496074,0.41565096,0.07984339,0.0,0.07984339,0.019960847
13249,0.4347229,0.24644928,0.6229965,0.17791058,0.0,0.17791058,0.044477645
13250,0.27155152,0.24321924,0.2998838,0.08719495,0.0,0.08719495,0.021798737
13251,0.21594952,0.23348565,0.19841337,0.20300229,0.0,0.20300229,0.050750572
13252,0.2765502,0.2246794,0.32842106,0.03781468,0.0,0.03781468,0.00945367
13253,0.5310166,0.21680927,0.8452239,0.3183794,0.0,0.3183794,0.07959485
13254,0.21753795,0.2031915,0.2318844,0.38537565,0.0,0.38537565,0.09634391
13255,0.21558689,0.20012636,0.23104739,0.022951564,0.0,0.022951564,0.005737891
13256,0.4472859,0.20207481,0.69249696,0.20711012,0.0,0.20711012,0.05177753
13257,0.6045153,0.19713162,1.011899,0.41290173,0.0,0.41290173,0.10322543
13258,1.0582685,0.19944485,1.9170922,1.0979842,0.0,1.0979842,0.27449605
13259,0.3910776,0.20525734,0.57689786,0.13411485,0.0,0.13411485,0.03352871
13260,0.20540124,0.21067858,0.2001239,0.42876467,0.0,0.42876467,0.10719117
13261,0.7830443,0.22131272,1.3447758,0.6311199,0.0,0.6311199,0.15777998
13262,0.47568595,0.23370607,0.71766585,0.20684607,0.0,0.20684607,0.05171152
13263,0.63400525,0.24921362,1.0187968,1.515594,0.0,1.515594,0.3788985
13264,0.4412148,0.2569197,0.6255099,0.24170713,0.0,0.24170713,0.060426783
13265,0.33264515,0.25157806,0.41371226,0.11610385,0.0,0.11610385,0.029025963
13266,0.49029723,0.240726,0.73986846,0.99247694,0.0,0.99247694,0.24811924
13267,0.22799034,0.22255234,0.23342836,0.040033866,0.0,0.040033866,0.010008466
13268,0.20516658,0.2072924,0.20304073,0.21796417,0.0,0.21796417,0.054491043
13269,0.49529707,0.20169674,0.78889745,1.0851825,0.0,1.0851825,0.27129564
13270,0.97836477,0.19891186,1.7578177,1.0561804,0.0,1.0561804,0.2640451
13271,0.614909,0.20004068,1.0297774,0.48129678,0.0,0.48129678,0.120324194
13272,0.20847666,0.20543021,0.21152313,0.32962278,0.0,0.32962278,0.082405694
13273,0.2305346,0.206159,0.2549102,0.2098974,0.0,0.2098974,0.05247435
13274,0.69219273,0.21481092,1.1695744,0.5123405,0.0,0.5123405,0.12808512
13275,0.25512347,0.22695617,0.28329074,0.052181542,0.0,0.052181542,0.0130453855
13276,0.4361743,0.22989668,0.64245194,0.20611107,0.0,0.20611107,0.05152777
13277,0.24476941,0.22516523,0.26437363,0.2020186,0.0,0.2020186,0.05050465
13278,0.21570213,0.22507669,0.20632757,0.133519,0.0,0.133519,0.03337975
13279,0.23405309,0.21499233,0.2531139,0.096128345,0.0,0.096128345,0.024032086
13280,0.14036755,0.2106876,0.07004751,0.20714594,0.0,0.20714594,0.051786486
13281,0.19158371,0.20413606,0.17903136,0.031251278,0.0,0.031251278,0.007812819
13282,0.60116595,0.20039116,1.0019408,0.3494084,0.0,0.3494084,0.0873521
13283,0.5897023,0.2097158,0.9696887,0.31629446,0.0,0.31629446,0.079073615
13284,0.6655325,0.2237184,1.1073467,0.38847205,0.0,0.38847205,0.09711801
13285,0.38293195,0.25113556,0.5147283,0.084453635,0.0,0.084453635,0.021113409
13286,0.22944804,0.27123427,0.18766181,0.650503,0.0,0.650503,0.16262574
13287,0.2530134,0.29502988,0.21099691,0.072835825,0.0,0.072835825,0.018208956
13288,0.2542487,0.3100308,0.19846658,0.16779403,0.0,0.16779403,0.04194851
13289,0.6207287,0.31757292,0.9238844,0.21558475,0.0,0.21558475,0.05389619
13290,0.37332782,0.31591937,0.4307362,0.9157598,0.0,0.9157598,0.22893995
13291,0.28777015,0.3167826,0.25875774,0.0435247,0.0,0.0435247,0.010881175
13292,0.86042327,0.32290748,1.3979391,0.4813713,0.0,0.4813713,0.12034283
13293,0.65284896,0.32868737,0.97701055,0.21737044,0.0,0.21737044,0.05434261
13294,0.24048233,0.33422443,0.14674024,0.16208805,0.0,0.16208805,0.040522013
13295,0.84608966,0.32745612,1.3647232,0.45735684,0.0,0.45735684,0.11433921
13296,0.3012333,0.3342727,0.26819387,0.8407697,0.0,0.8407697,0.21019243
13297,0.34273496,0.35072765,0.33474234,0.035132777,0.0,0.035132777,0.008783194
13298,0.28373626,0.3568453,0.2106272,0.40683827,0.0,0.40683827,0.10170957
13299,0.43961516,0.3585002,0.5207301,0.04733546,0.0,0.04733546,0.011833865
13300,0.62220883,0.37651765,0.86789995,0.17664826,0.0,0.17664826,0.044162065
13301,0.4800756,0.3867327,0.5734185,0.05963475,0.0,0.05963475,0.014908687
13302,0.33765602,0.38520613,0.29010585,0.37395024,0.0,0.37395024,0.09348756
13303,0.6051467,0.38071015,0.82958335,0.15134369,0.0,0.15134369,0.037835922
13304,0.3202965,0.3731638,0.26742917,0.25670776,0.0,0.25670776,0.06417694
13305,0.6364127,0.35584918,0.9169762,0.2319233,0.0,0.2319233,0.057980824
13306,0.2520616,0.33397594,0.17014728,0.29481968,0.0,0.29481968,0.07370492
13307,0.27487347,0.32015187,0.22959502,0.16778903,0.0,0.16778903,0.041947257
13308,0.31801695,0.33132762,0.30470628,0.8496458,0.0,0.8496458,0.21241145
13309,0.23700315,0.3503435,0.12366278,0.5324567,0.0,0.5324567,0.13311417
13310,0.32703075,0.36784816,0.2862133,0.24142563,0.0,0.24142563,0.06035641
13311,0.35229358,0.39181843,0.31276867,0.21663882,0.0,0.21663882,0.054159705
13312,0.57651407,0.3905492,0.762479,0.11060664,0.0,0.11060664,0.02765166
13313,1.8426496,0.3667456,3.3185537,1.6614023,0.0,1.6614023,0.4153506
13314,0.43159905,0.33556095,0.5276371,1.2162622,0.0,1.2162622,0.30406556
13315,0.50558925,0.30955857,0.7016199,1.4424034,0.0,1.4424034,0.36060086
13316,0.27656832,0.29651585,0.25662085,0.1697272,0.0,0.1697272,0.0424318
13317,1.2274971,0.30318508,2.1518092,1.0222982,0.0,1.0222982,0.25557455
13318,0.29153278,0.29908547,0.2839801,0.3140104,0.0,0.3140104,0.0785026
13319,0.2912885,0.29041886,0.29215813,0.24400137,0.0,0.24400137,0.061000343
13320,0.28210184,0.28663006,0.2775736,0.03669113,0.0,0.03669113,0.009172782
13321,0.26543024,0.28709617,0.2437643,0.06850031,0.0,0.06850031,0.017125078
13322,0.6252521,0.29317394,0.9573303,1.3581814,0.0,1.3581814,0.33954534
13323,0.6634343,0.29898664,1.0278821,0.4685789,0.0,0.4685789,0.117144726
13324,0.320138,0.30078518,0.33949086,0.28344622,0.0,0.28344622,0.070861556
13325,0.22412498,0.3088826,0.13936739,0.1502989,0.0,0.1502989,0.037574723
13326,0.27860323,0.30103502,0.25617144,0.031138105,0.0,0.031138105,0.0077845263
13327,0.31325617,0.29052028,0.3359921,0.5147942,0.0,0.5147942,0.12869854
13328,1.0632845,0.2690964,1.8574728,1.0011522,0.0,1.0011522,0.25028804
13329,0.6788299,0.24256368,1.1150962,0.45091465,0.0,0.45091465,0.11272866
13330,0.28091815,0.22612654,0.3357098,0.044467982,0.0,0.044467982,0.0111169955
13331,0.75474185,0.21423097,1.2952527,0.5774348,0.0,0.5774348,0.1443587
13332,0.56360424,0.22482412,0.90238434,1.1779397,0.0,1.1779397,0.2944849
13333,0.7675373,0.23937465,1.2957,0.5782729,0.0,0.5782729,0.14456822
13334,0.44509193,0.25102195,0.6391619,0.21250498,0.0,0.21250498,0.053126246
13335,0.52030236,0.26598227,0.7746225,0.9806223,0.0,0.9806223,0.24515557
13336,0.38248834,0.2679762,0.49700046,0.6559282,0.0,0.6559282,0.16398205
13337,0.4044095,0.26305595,0.5457631,0.09036279,0.0,0.09036279,0.022590697
13338,0.73611194,0.24783961,1.2243843,1.6762668,0.0,1.6762668,0.4190667
13339,1.4580601,0.25100276,2.6651175,1.6835079,0.0,1.6835079,0.42087698
13340,0.21386094,0.2676184,0.16010354,0.11067314,0.0,0.11067314,0.027668284
13341,0.2324527,0.283625,0.18128043,0.15893242,0.0,0.15893242,0.039733104
13342,0.43488136,0.29490054,0.5748622,0.19678283,0.0,0.19678283,0.049195707
13343,0.4528174,0.29450652,0.6111283,0.3889781,0.0,0.3889781,0.09724452
13344,0.46283022,0.29828095,0.6273795,0.41361293,0.0,0.41361293,0.10340323
13345,0.9189629,0.29587987,1.542046,1.851988,0.0,1.851988,0.462997
13346,0.45369753,0.29280147,0.61459357,0.12144985,0.0,0.12144985,0.030362463
13347,0.2771752,0.2887515,0.26559886,0.13232069,0.0,0.13232069,0.03308017
13348,0.7577359,0.2865484,1.2289234,1.4334215,0.0,1.4334215,0.35835537
13349,0.29879844,0.28530642,0.3122905,0.09609833,0.0,0.09609833,0.024024583
13350,0.32179567,0.27865303,0.3649383,0.021127904,0.0,0.021127904,0.005281976
13351,0.30939674,0.27082336,0.34797013,0.049091935,0.0,0.049091935,0.012272984
13352,0.44469905,0.2551039,0.6342942,0.27127215,0.0,0.27127215,0.06781804
13353,0.46978822,0.22879572,0.7107807,0.6971092,0.0,0.6971092,0.1742773
13354,0.3934877,0.21022968,0.57674575,0.231355,0.0,0.231355,0.05783875
13355,0.84678096,0.19778705,1.4957749,1.6093969,0.0,1.6093969,0.40234923
13356,0.44747093,0.19146411,0.7034778,0.23404783,0.0,0.23404783,0.058511958
13357,0.29056987,0.19134204,0.3897977,0.32611772,0.0,0.32611772,0.08152943
13358,0.39585367,0.19199033,0.59971696,0.5522099,0.0,0.5522099,0.13805248
13359,0.21327858,0.19387656,0.23268056,0.07062351,0.0,0.07062351,0.017655877
13360,0.5703433,0.19163585,0.94905084,0.6396046,0.0,0.6396046,0.15990116
13361,0.9327872,0.18416046,1.681414,1.4396248,0.0,1.4396248,0.3599062
13362,0.40963542,0.17613341,0.6431374,0.37267187,0.0,0.37267187,0.09316797
13363,0.3106803,0.17871828,0.44264233,0.11370244,0.0,0.11370244,0.02842561
13364,0.27983427,0.1821764,0.37749216,0.2649519,0.0,0.2649519,0.06623798
13365,0.36097887,0.19156283,0.530395,0.26247677,0.0,0.26247677,0.06561919
13366,0.5832331,0.20101035,0.96545595,0.80794686,0.0,0.80794686,0.20198672
13367,0.39098534,0.2008677,0.581103,0.4579501,0.0,0.4579501,0.11448752
13368,0.2516988,0.20500827,0.29838932,0.036866155,0.0,0.036866155,0.009216539
13369,0.22959585,0.20215301,0.2570387,0.067585,0.0,0.067585,0.01689625
13370,0.31091723,0.19901018,0.4228243,0.17022741,0.0,0.17022741,0.042556852
13371,0.2509959,0.19593757,0.30605426,0.117641926,0.0,0.117641926,0.029410481
13372,0.7041087,0.19556053,1.2126569,1.0814904,0.0,1.0814904,0.2703726
13373,0.29128772,0.19492595,0.3876495,0.11623212,0.0,0.11623212,0.02905803
13374,0.3596432,0.1917843,0.52750206,0.32333258,0.0,0.32333258,0.080833144
13375,0.37167612,0.19230504,0.5510472,0.34818515,0.0,0.34818515,0.08704629
13376,0.20709948,0.18140268,0.23279625,0.08538898,0.0,0.08538898,0.021347245
13377,0.38710406,0.1642197,0.6099884,0.4584079,0.0,0.4584079,0.11460198
13378,0.31880537,0.15272753,0.48488322,0.3254683,0.0,0.3254683,0.081367075
13379,0.28251424,0.14339794,0.42163053,0.2991056,0.0,0.2991056,0.0747764
13380,0.40943182,0.13727039,0.68159324,0.61834526,0.0,0.61834526,0.15458632
13381,0.24352263,0.1286935,0.35835174,0.1800005,0.0,0.1800005,0.045000125
13382,0.17064285,0.11807241,0.2232133,0.11268737,0.0,0.11268737,0.028171843
13383,0.2025727,0.11096463,0.29418078,0.14996733,0.0,0.14996733,0.037491832
13384,0.13733894,0.10725682,0.16742106,0.05083662,0.0,0.05083662,0.012709155
13385,0.1652825,0.10282717,0.22773783,0.115332104,0.0,0.115332104,0.028833026
13386,0.16027977,0.099379994,0.22117954,0.19423628,0.0,0.19423628,0.04855907
13387,0.43639776,0.09424756,0.77854794,0.84042007,0.0,0.84042007,0.21010502
13388,0.53245884,0.092877425,0.97204024,0.77883655,0.0,0.77883655,0.19470914
13389,0.27549356,0.09337297,0.45761415,0.40272585,0.0,0.40272585,0.10068146
13390,0.24178274,0.09661621,0.3869493,0.269648,0.0,0.269648,0.067412
13391,0.5931668,0.09672352,1.0896102,0.91731006,0.0,0.91731006,0.22932751
13392,0.19203703,0.09785426,0.2862198,0.20546025,0.0,0.20546025,0.051365063
13393,0.24734686,0.097683586,0.39701012,0.27525285,0.0,0.27525285,0.06881321
13394,0.6350649,0.09915817,1.1709718,1.1228342,0.0,1.1228342,0.28070855
13395,0.16143185,0.10218444,0.22067927,0.090708174,0.0,0.090708174,0.022677043
13396,0.1478848,0.110259555,0.18551005,0.08943573,0.0,0.08943573,0.022358932
13397,0.4111792,0.118281566,0.70407695,0.7116811,0.0,0.7116811,0.17792028
13398,0.20749946,0.1189273,0.29607162,0.10890343,0.0,0.10890343,0.027225858
13399,0.18523389,0.12223288,0.24823491,0.16801791,0.0,0.16801791,0.042004477
13400,0.37145278,0.12177654,0.621129,0.33138916,0.0,0.33138916,0.08284729
13401,0.35826346,0.11914793,0.59737897,0.6035648,0.0,0.6035648,0.1508912
13402,0.88944215,0.11401171,1.6648725,1.7051951,0.0,1.7051951,0.42629877
13403,0.26873994,0.10775838,0.4297215,0.21180832,0.0,0.21180832,0.05295208
13404,0.7592227,0.10158825,1.4168571,1.3701199,0.0,1.3701199,0.34252998
13405,0.1976618,0.100411594,0.29491198,0.108325996,0.0,0.108325996,0.027081499
13406,0.10189134,0.102741696,0.10104099,0.057197094,0.0,0.057197094,0.0142992735
13407,0.170325,0.10536635,0.23528366,0.24275494,0.0,0.24275494,0.060688734
13408,0.32699552,0.104991466,0.54899955,0.31910035,0.0,0.31910035,0.07977509
13409,0.388339,0.1023621,0.6743159,0.41935515,0.0,0.41935515,0.10483879
13410,0.921148,0.101932526,1.7403635,1.5309726,0.0,1.5309726,0.38274315
13411,0.91286737,0.10458235,1.7211524,1.4119431,0.0,1.4119431,0.35298577
13412,0.16944964,0.105043136,0.23385616,0.10357376,0.0,0.10357376,0.02589344
13413,0.14619131,0.11011524,0.18226741,0.11516926,0.0,0.11516926,0.028792314
13414,0.69605714,0.11110114,1.2810131,0.99318695,0.0,0.99318695,0.24829674
13415,0.113923855,0.112614155,0.11523356,0.036916494,0.0,0.036916494,0.009229124
13416,0.53568065,0.1140584,0.95730287,0.57030344,0.0,0.57030344,0.14257586
13417,0.1688207,0.1116303,0.22601108,0.14931011,0.0,0.14931011,0.037327528
13418,0.14345762,0.11350962,0.17340563,0.17717446,0.0,0.17717446,0.044293616
13419,0.14344169,0.116746664,0.17013673,0.15910552,0.0,0.15910552,0.03977638
13420,0.4558817,0.11671484,0.79504853,0.47526336,0.0,0.47526336,0.11881584
13421,0.17036001,0.11456255,0.22615747,0.04978371,0.0,0.04978371,0.012445928
13422,0.690809,0.11146263,1.2701554,1.381045,0.0,1.381045,0.34526125
13423,0.20595814,0.108593576,0.3033227,0.34536782,0.0,0.34536782,0.086341955
13424,0.25424305,0.10713706,0.40134907,0.49361888,0.0,0.49361888,0.12340472
13425,0.19017905,0.10738175,0.27297637,0.3462794,0.0,0.3462794,0.08656985
13426,0.49239925,0.11269388,0.87210464,0.5286799,0.0,0.5286799,0.13216998
13427,1.1255385,0.12896572,2.122111,1.470348,0.0,1.470348,0.367587
13428,0.14759026,0.1556909,0.13948964,0.09854572,0.0,0.09854572,0.02463643
13429,0.23219697,0.18698223,0.2774117,0.094232656,0.0,0.094232656,0.023558164
13430,0.8717821,0.21681567,1.5267487,0.6813879,0.0,0.6813879,0.17034698
13431,0.5538686,0.22244234,0.8852949,0.34798053,0.0,0.34798053,0.08699513
13432,1.3819337,0.23588987,2.5279775,1.3516483,0.0,1.3516483,0.33791208
13433,0.75720257,0.2508122,1.2635928,0.4781159,0.0,0.4781159,0.11952897
13434,0.26235,0.265414,0.25928602,0.061097603,0.0,0.061097603,0.015274401
13435,0.23018199,0.26874694,0.19161706,0.47363624,0.0,0.47363624,0.11840906
13436,0.8868635,0.27494773,1.4987793,0.6016319,0.0,0.6016319,0.15040797
13437,0.62259966,0.28866896,0.95653033,0.30597135,0.0,0.30597135,0.07649284
13438,0.23579572,0.32938692,0.14220451,0.28613847,0.0,0.28613847,0.07153462
13439,0.29434007,0.37418413,0.21449602,0.26978776,0.0,0.26978776,0.06744694
13440,0.6297266,0.41090283,0.8485503,0.16884647,0.0,0.16884647,0.04221162
13441,0.7587703,0.44515404,1.0723866,0.20518558,0.0,0.20518558,0.051296394
13442,0.87551993,0.4778359,1.273204,0.27119216,0.0,0.27119216,0.06779804
13443,0.40786025,0.50581425,0.30990627,0.85360235,0.0,0.85360235,0.21340059
13444,0.3783495,0.53771085,0.21898818,0.45307413,0.0,0.45307413,0.11326853
13445,1.621398,0.5377129,2.7050831,0.88351154,0.0,0.88351154,0.22087789
13446,1.4927673,0.5556391,2.4298954,0.79810214,0.0,0.79810214,0.19952554
13447,0.7024105,0.5762717,0.8285494,0.062183354,0.0,0.062183354,0.0155458385
13448,0.8367254,0.6112924,1.0621585,0.15766692,0.0,0.15766692,0.03941673
13449,0.5375108,0.65109044,0.4239311,0.2677771,0.0,0.2677771,0.06694427
13450,0.52552325,0.64837575,0.40267074,0.51614094,0.0,0.51614094,0.12903523
13451,0.79009014,0.61236525,0.9678151,0.12559144,0.0,0.12559144,0.03139786
13452,0.39524785,0.59613377,0.194362,0.5347169,0.0,0.5347169,0.13367923
13453,0.72372335,0.5148658,0.9325809,0.12243101,0.0,0.12243101,0.030607753
13454,1.6292406,0.4399159,2.8185654,1.2950252,0.0,1.2950252,0.3237563
13455,1.048196,0.32574975,1.7706423,0.6922348,0.0,0.6922348,0.1730587
13456,1.3083088,0.21979396,2.3968236,1.3776003,0.0,1.3776003,0.34440008
13457,0.15012045,0.13921668,0.16102423,0.10339741,0.0,0.10339741,0.025849352
13458,0.10329256,0.09452301,0.11206212,0.12950963,0.0,0.12950963,0.032377407
13459,0.28378955,0.0819206,0.4856585,0.71321565,0.0,0.71321565,0.17830391
13460,0.36394218,0.08575491,0.6421295,0.3422015,0.0,0.3422015,0.085550375
13461,0.09717399,0.08792821,0.10641977,0.11989727,0.0,0.11989727,0.029974317
13462,0.3852848,0.09275153,0.6778181,0.86325145,0.0,0.86325145,0.21581286
13463,0.09484401,0.093469,0.096219026,0.075844854,0.0,0.075844854,0.018961214
13464,0.36350104,0.09400928,0.6329928,0.35858926,0.0,0.35858926,0.089647315
13465,0.4346254,0.08715247,0.7820983,0.49470854,0.0,0.49470854,0.123677135
13466,0.09805129,0.086863525,0.10923905,0.2010808,0.0,0.2010808,0.0502702
13467,0.06879019,0.081053734,0.05652665,0.026097456,0.0,0.026097456,0.006524364
13468,0.42377725,0.07683365,0.7707209,0.5062015,0.0,0.5062015,0.12655038
13469,0.10079893,0.06581402,0.13578384,0.111170374,0.0,0.111170374,0.027792593
13470,0.13516055,0.055738315,0.21458279,0.10828432,0.0,0.10828432,0.02707108
13471,0.16112252,0.051229607,0.27101544,0.13992931,0.0,0.13992931,0.034982327
13472,0.32848096,0.043993752,0.61296815,0.6401379,0.0,0.6401379,0.16003448
13473,0.14296766,0.04384506,0.24209027,0.18998282,0.0,0.18998282,0.047495704
13474,0.14241247,0.044381496,0.24044342,0.19303806,0.0,0.19303806,0.048259515
13475,0.22100331,0.050127238,0.3918794,0.3576502,0.0,0.3576502,0.08941255
13476,0.12518384,0.054951668,0.19541602,0.14665702,0.0,0.14665702,0.036664255
13477,0.17270128,0.06045987,0.28494272,0.14455926,0.0,0.14455926,0.036139816
13478,0.7843961,0.059323806,1.5094684,1.3467717,0.0,1.3467717,0.33669293
13479,0.06983725,0.055706304,0.0839682,0.04778968,0.0,0.04778968,0.01194742
13480,0.12465779,0.048623923,0.20069166,0.13587146,0.0,0.13587146,0.033967864
13481,0.5131825,0.048550952,0.97781414,1.0501059,0.0,1.0501059,0.26252648
13482,0.7219796,0.052363414,1.3915958,1.1542989,0.0,1.1542989,0.28857473
13483,0.13082981,0.052687395,0.20897222,0.13530087,0.0,0.13530087,0.03382522
13484,0.62147313,0.04669826,1.196248,1.1054791,0.0,1.1054791,0.27636978
13485,0.29673946,0.04340884,0.5500701,0.47952577,0.0,0.47952577,0.11988144
13486,0.22228819,0.042256713,0.40231967,0.34350196,0.0,0.34350196,0.08587549
13487,0.19792604,0.040677045,0.35517505,0.33227184,0.0,0.33227184,0.08306796
13488,0.5396393,0.040727694,1.038551,0.9495097,0.0,0.9495097,0.23737742
13489,0.3084798,0.04125334,0.57570624,0.48203745,0.0,0.48203745,0.12050936
13490,0.29736787,0.04490951,0.5498262,0.43124303,0.0,0.43124303,0.10781076
13491,0.07836794,0.053192515,0.10354336,0.06267833,0.0,0.06267833,0.015669582
13492,0.10112548,0.06012073,0.14213021,0.09066624,0.0,0.09066624,0.02266656
13493,0.2236201,0.06659976,0.38064042,0.47791377,0.0,0.47791377,0.11947844
13494,0.11085653,0.07078281,0.15093027,0.09212089,0.0,0.09212089,0.023030223
13495,0.48026523,0.06833028,0.8922002,1.000121,0.0,1.000121,0.25003025
13496,0.16399564,0.06949235,0.25849894,0.3148324,0.0,0.3148324,0.0787081
13497,0.116294116,0.07725087,0.15533736,0.16980648,0.0,0.16980648,0.04245162
13498,0.700315,0.08250415,1.3181258,1.0908024,0.0,1.0908024,0.2727006
13499,0.125883,0.08501116,0.16675483,0.11546747,0.0,0.11546747,0.028866867
13500,0.45601478,0.08144442,0.8305852,0.63564545,0.0,0.63564545,0.15891136
13501,0.2865737,0.07850812,0.4946393,0.30556384,0.0,0.30556384,0.07639096
13502,0.28441957,0.07460407,0.49423504,0.567406,0.0,0.567406,0.1418515
13503,0.1894774,0.0710263,0.30792853,0.36826956,0.0,0.36826956,0.09206739
13504,0.119421445,0.06506282,0.17378007,0.09692972,0.0,0.09692972,0.02423243
13505,0.1423555,0.060001623,0.22470938,0.30697772,0.0,0.30697772,0.07674443
13506,0.12699358,0.054961484,0.19902568,0.16126746,0.0,0.16126746,0.040316865
13507,0.53007466,0.0509215,1.0092278,0.7814439,0.0,0.7814439,0.19536097
13508,0.4014646,0.0502265,0.7527027,0.95553255,0.0,0.95553255,0.23888314
13509,0.29493442,0.05573957,0.5341293,0.30300564,0.0,0.30300564,0.07575141
13510,1.1452813,0.0655282,2.2250345,1.6729342,0.0,1.6729342,0.41823354
13511,0.14599197,0.07360505,0.21837886,0.07212942,0.0,0.07212942,0.018032355
13512,0.54324144,0.077768445,1.0087144,1.3380646,0.0,1.3380646,0.33451614
13513,0.84376675,0.08133459,1.6061989,1.1201973,0.0,1.1201973,0.28004932
13514,0.27268305,0.083846726,0.4615194,0.1963619,0.0,0.1963619,0.049090475
13515,0.0896006,0.08684824,0.092352964,0.04338162,0.0,0.04338162,0.010845405
13516,0.119528614,0.09567957,0.14337765,0.0447053,0.0,0.0447053,0.011176325
13517,0.10023275,0.10219196,0.09827354,0.21144521,0.0,0.21144521,0.052861303
13518,0.26684728,0.10425335,0.4294412,0.15343307,0.0,0.15343307,0.038358267
13519,0.6466158,0.10335982,1.1898718,1.6448857,0.0,1.6448857,0.4112214
13520,0.12715663,0.10062312,0.15369016,0.3171843,0.0,0.3171843,0.079296075
13521,1.1603631,0.097905844,2.2228203,1.5681791,0.0,1.5681791,0.39204478
13522,0.2507204,0.10510207,0.3963388,0.1203836,0.0,0.1203836,0.0300959
13523,0.32446095,0.11106056,0.53786135,0.18645799,0.0,0.18645799,0.046614498
13524,0.35873032,0.1223006,0.59516,0.2071594,0.0,0.2071594,0.05178985
13525,0.60604054,0.1261423,1.0859388,0.51756215,0.0,0.51756215,0.12939054
13526,0.1748553,0.13073693,0.21897371,0.48244026,0.0,0.48244026,0.120610066
13527,0.17285204,0.11812967,0.2275744,0.06628698,0.0,0.06628698,0.016571745
13528,1.1430624,0.105598666,2.180526,1.4796003,0.0,1.4796003,0.36990008
13529,0.14365673,0.08799514,0.19931833,0.110618494,0.0,0.110618494,0.027654624
13530,0.42979738,0.07942686,0.7801679,0.44800892,0.0,0.44800892,0.11200223
13531,0.26234803,0.075940855,0.44875517,0.17900276,0.0,0.17900276,0.04475069
13532,0.48943114,0.07555596,0.9033063,0.549367,0.0,0.549367,0.13734175
13533,0.09514112,0.07468376,0.11559848,0.12153401,0.0,0.12153401,0.030383503
13534,0.7221888,0.07062968,1.3737478,0.92644596,0.0,0.92644596,0.23161149
13535,0.09462541,0.06852224,0.12072859,0.035127345,0.0,0.035127345,0.008781836
13536,0.057162117,0.06928137,0.045042858,0.1638149,0.0,0.1638149,0.040953726
13537,0.2463501,0.07159027,0.4211099,0.3289952,0.0,0.3289952,0.0822488
13538,0.9224107,0.076171614,1.7686499,1.2059555,0.0,1.2059555,0.30148888
13539,1.0918897,0.07910552,2.104674,1.5102609,0.0,1.5102609,0.37756523
13540,0.41652104,0.08218513,0.75085694,0.39295962,0.0,0.39295962,0.098239906
13541,0.44624925,0.08587126,0.8066273,0.4005914,0.0,0.4005914,0.10014785
13542,0.27838793,0.08904595,0.4677299,0.7183463,0.0,0.7183463,0.17958657
13543,0.1792394,0.086558305,0.27192053,0.48887953,0.0,0.48887953,0.12221988
13544,0.7856517,0.088632196,1.4826711,1.0070637,0.0,1.0070637,0.25176594
13545,0.4108158,0.089349784,0.73228186,0.346534,0.0,0.346534,0.0866335
13546,0.38228467,0.096803695,0.6677657,0.28832898,0.0,0.28832898,0.072082244
13547,0.105800994,0.103482045,0.10811994,0.30251303,0.0,0.30251303,0.07562826
13548,0.10924835,0.111925445,0.10657126,0.31067708,0.0,0.31067708,0.07766927
13549,0.104768656,0.12130339,0.08823391,0.265156,0.0,0.265156,0.066289
13550,0.2998189,0.12671894,0.4729189,0.21458547,0.0,0.21458547,0.053646367
13551,0.33269668,0.12654996,0.5388434,0.16861872,0.0,0.16861872,0.04215468
13552,0.63654524,0.12644549,1.146645,0.6055377,0.0,0.6055377,0.15138443
13553,0.118000925,0.1294571,0.106544755,0.3488195,0.0,0.3488195,0.08720487
13554,0.3716992,0.1321064,0.61129206,0.1939029,0.0,0.1939029,0.048475724
13555,0.6439076,0.14007853,1.1477367,0.52126604,0.0,0.52126604,0.13031651
13556,0.57413614,0.14989145,0.99838084,0.43890747,0.0,0.43890747,0.10972687
13557,0.36776993,0.16052838,0.57501143,0.1400194,0.0,0.1400194,0.03500485
13558,0.16687101,0.17598088,0.15776114,0.46737155,0.0,0.46737155,0.11684289
13559,0.19852352,0.18944389,0.20760316,0.10322753,0.0,0.10322753,0.025806883
13560,0.38543954,0.20616072,0.5647184,1.1911907,0.0,1.1911907,0.29779768
13561,0.23288476,0.22249936,0.24327016,0.050069053,0.0,0.050069053,0.012517263
13562,0.8135853,0.2349493,1.3922213,0.5446381,0.0,0.5446381,0.13615952
13563,0.14783107,0.2504653,0.0451968,0.25071964,0.0,0.25071964,0.06267991
13564,0.48319688,0.26796895,0.6984248,1.5362067,0.0,1.5362067,0.38405168
13565,0.4116565,0.27816916,0.54514384,0.15514143,0.0,0.15514143,0.038785357
13566,0.3072575,0.294116,0.32039902,0.13756032,0.0,0.13756032,0.03439008
13567,1.1227342,0.3023273,1.9431411,0.79369515,0.0,0.79369515,0.19842379
13568,0.3723373,0.31071988,0.43395472,0.06626946,0.0,0.06626946,0.016567364
13569,0.71459395,0.3224362,1.1067517,0.25052193,0.0,0.25052193,0.06263048
13570,0.31960067,0.3354156,0.3037857,0.86457276,0.0,0.86457276,0.21614319
13571,0.87801903,0.35034466,1.4056934,0.38863823,0.0,0.38863823,0.09715956
13572,0.232608,0.3684835,0.0967325,0.17572452,0.0,0.17572452,0.04393113
13573,1.0542088,0.37307838,1.7353392,0.531573,0.0,0.531573,0.13289325
13574,0.3982656,0.37710655,0.41942468,0.14208026,0.0,0.14208026,0.035520066
13575,0.4895099,0.3647218,0.6142979,1.3953866,0.0,1.3953866,0.34884664
13576,0.19436413,0.33255425,0.056174025,0.31290147,0.0,0.31290147,0.07822537
13577,0.16860642,0.2987859,0.038426943,0.26664183,0.0,0.26664183,0.06666046
13578,0.30406296,0.27695963,0.3311663,0.070072,0.0,0.070072,0.017518
13579,0.7991764,0.26405698,1.3342957,0.47145247,0.0,0.47145247,0.11786312
13580,0.39880475,0.26056913,0.53704035,0.11139516,0.0,0.11139516,0.02784879
13581,0.24476643,0.26276618,0.2267667,0.7435443,0.0,0.7435443,0.18588607
13582,0.35586306,0.27283335,0.43889275,0.95549566,0.0,0.95549566,0.23887391
13583,1.6151628,0.28247157,2.947854,1.5216585,0.0,1.5216585,0.38041463
13584,0.34920296,0.29555097,0.40285492,0.14517222,0.0,0.14517222,0.036293056
13585,0.43797,0.31228173,0.5636583,0.09974035,0.0,0.09974035,0.024935087
13586,0.18111496,0.3303952,0.03183472,0.25533232,0.0,0.25533232,0.06383308
13587,1.5820841,0.34833845,2.8158295,1.2645897,0.0,1.2645897,0.31614742
13588,0.36364603,0.36797595,0.35931608,0.047896076,0.0,0.047896076,0.011974019
13589,0.3594972,0.37900355,0.33999082,0.2262301,0.0,0.2262301,0.056557525
13590,0.4340229,0.38094863,0.48709714,0.047021914,0.0,0.047021914,0.011755479
13591,0.4560019,0.39168715,0.52031666,0.06235914,0.0,0.06235914,0.015589785
13592,0.24175112,0.3972292,0.08627305,0.5230263,0.0,0.5230263,0.13075657
13593,0.25835824,0.40608922,0.11062724,0.3198143,0.0,0.3198143,0.07995357
13594,0.36615923,0.4179664,0.31435207,0.098130286,0.0,0.098130286,0.024532571
13595,0.2529327,0.44012904,0.06573638,0.2280262,0.0,0.2280262,0.05700655
13596,1.0215951,0.4775945,1.5655956,0.336406,0.0,0.336406,0.0841015
13597,0.33179906,0.5152621,0.14833601,0.28384918,0.0,0.28384918,0.070962295
13598,1.9023923,0.5338937,3.270891,1.21885,0.0,1.21885,0.3047125
13599,0.3322976,0.5314111,0.13318406,0.18802206,0.0,0.18802206,0.047005516
13600,2.131531,0.5332635,3.7297986,1.5670972,0.0,1.5670972,0.3917743
13601,0.8210456,0.55140984,1.0906812,0.12520818,0.0,0.12520818,0.031302046
13602,0.473984,0.5648363,0.3831317,0.15499727,0.0,0.15499727,0.03874932
13603,0.4075872,0.557987,0.25718746,0.18715765,0.0,0.18715765,0.04678941
13604,0.4946104,0.5388818,0.450339,0.19510673,0.0,0.19510673,0.048776682
13605,1.070629,0.5128418,1.6284161,0.34801853,0.0,0.34801853,0.08700463
13606,1.6319238,0.49636647,2.767481,0.96180946,0.0,0.96180946,0.24045236
13607,0.35545874,0.485371,0.22554652,0.33681402,0.0,0.33681402,0.084203504
13608,0.6378787,0.48751453,0.788243,0.06433826,0.0,0.06433826,0.016084565
13609,1.4061542,0.5115953,2.3007128,0.67387223,0.0,0.67387223,0.16846806
13610,1.6254328,0.5474764,2.7033892,0.8542888,0.0,0.8542888,0.2135722
13611,0.49615017,0.58279306,0.40950727,1.6859051,0.0,1.6859051,0.42147627
13612,0.40804276,0.60587436,0.21021111,0.301141,0.0,0.301141,0.07528525
13613,0.4413331,0.63698024,0.245686,0.99581593,0.0,0.99581593,0.24895398
13614,0.37996307,0.6593018,0.100624286,0.7333722,0.0,0.7333722,0.18334305
13615,1.3684584,0.67223954,2.0646772,0.49395785,0.0,0.49395785,0.12348946
13616,0.4886887,0.67465234,0.3027251,0.3773296,0.0,0.3773296,0.0943324
13617,0.3792623,0.6641002,0.094424315,0.65385485,0.0,0.65385485,0.16346371
13618,0.56114036,0.63743454,0.4848462,0.12069736,0.0,0.12069736,0.03017434
13619,0.39826334,0.60931396,0.18721269,0.3199499,0.0,0.3199499,0.079987474
13620,0.8756291,0.58157104,1.1696872,0.18875201,0.0,0.18875201,0.047188003
13621,0.9945264,0.5634909,1.4255619,0.26621068,0.0,0.26621068,0.06655267
13622,0.4457892,0.5521918,0.33938655,0.14432465,0.0,0.14432465,0.03608116
13623,0.79513437,0.54547983,1.044789,0.1798024,0.0,0.1798024,0.0449506
13624,0.32478535,0.5349756,0.11459508,0.39144328,0.0,0.39144328,0.09786082
13625,1.1113111,0.5240223,1.6985999,0.42494997,0.0,0.42494997,0.10623749
13626,0.9995734,0.52268887,1.476458,0.26919517,0.0,0.26919517,0.06729879
13627,1.3758402,0.52690035,2.22478,0.6385014,0.0,0.6385014,0.15962535
13628,0.29849833,0.5400698,0.056926858,0.62509835,0.0,0.62509835,0.15627459
13629,0.54724526,0.55982894,0.53466153,0.06364818,0.0,0.06364818,0.015912045
13630,0.46028784,0.57937413,0.34120157,0.1277763,0.0,0.1277763,0.031944074
13631,0.38982716,0.6012903,0.17836402,0.44217566,0.0,0.44217566,0.110543914
13632,1.655687,0.61313266,2.6982412,0.76854235,0.0,0.76854235,0.19213559
13633,0.58065414,0.62798923,0.53331906,0.05276917,0.0,0.05276917,0.013192292
13634,0.6934833,0.6434756,0.74349093,0.03391029,0.0,0.03391029,0.008477572
13635,1.364521,0.6632405,2.0658016,0.45932987,0.0,0.45932987,0.11483247
13636,0.9524009,0.6825016,1.2223002,0.14483772,0.0,0.14483772,0.03620943
13637,0.9747133,0.6923674,1.2570592,0.13233562,0.0,0.13233562,0.033083905
13638,0.5091992,0.6985037,0.31989476,0.48586825,0.0,0.48586825,0.12146706
13639,1.7492114,0.6863448,2.8120782,0.77165604,0.0,0.77165604,0.19291401
13640,0.5487691,0.6821341,0.41540417,0.15448631,0.0,0.15448631,0.03862158
13641,1.9586064,0.67100316,3.2462094,1.0400616,0.0,1.0400616,0.2600154
13642,1.111859,0.6651035,1.5586146,0.29231426,0.0,0.29231426,0.073078565
13643,0.4675665,0.6654667,0.26966622,0.3878099,0.0,0.3878099,0.096952476
13644,1.3949109,0.6608976,2.1289244,0.55052614,0.0,0.55052614,0.13763154
13645,1.0251373,0.6481344,1.4021401,0.17801537,0.0,0.17801537,0.04450384
13646,0.7846196,0.6279838,0.94125557,0.08371738,0.0,0.08371738,0.020929346
13647,0.48208478,0.6251175,0.3390521,0.12763,0.0,0.12763,0.0319075
13648,0.9714715,0.62812185,1.314821,0.20348917,0.0,0.20348917,0.050872292
13649,0.7884827,0.6360552,0.94091034,0.096058495,0.0,0.096058495,0.024014624
13650,0.8514567,0.64073247,1.062181,0.091331095,0.0,0.091331095,0.022832774
13651,0.99701905,0.6282258,1.3658123,0.17787313,0.0,0.17787313,0.044468284
13652,1.3679556,0.6148183,2.1210928,0.54505455,0.0,0.54505455,0.13626364
13653,0.42308572,0.606616,0.23955542,0.41463444,0.0,0.41463444,0.10365861
13654,0.7367263,0.60424966,0.8692029,0.057727795,0.0,0.057727795,0.014431949
13655,0.858249,0.61894435,1.0975537,0.14574628,0.0,0.14574628,0.03643657
13656,1.2016622,0.64163566,1.7616888,0.39259717,0.0,0.39259717,0.09814929
13657,0.87208635,0.6525684,1.0916044,0.13672087,0.0,0.13672087,0.034180216
13658,1.1282699,0.65772897,1.5988108,0.31564856,0.0,0.31564856,0.07891214
13659,0.5176694,0.6618336,0.37350512,0.18075825,0.0,0.18075825,0.045189563
13660,0.8614202,0.6528751,1.0699654,0.10841819,0.0,0.10841819,0.027104547
13661,0.42699504,0.6608766,0.1931135,0.7574034,0.0,0.7574034,0.18935084
13662,0.63029206,0.6758897,0.58469445,0.050066337,0.0,0.050066337,0.012516584
13663,0.4845798,0.67802435,0.29113522,1.12436,0.0,1.12436,0.28109
13664,0.57829624,0.67268425,0.48390818,0.11621621,0.0,0.11621621,0.029054053
13665,0.4754677,0.649744,0.30119148,0.22706556,0.0,0.22706556,0.05676639
13666,0.38907304,0.6315311,0.14661497,0.5461557,0.0,0.5461557,0.13653892
13667,0.5091767,0.6152837,0.40306962,0.13011467,0.0,0.13011467,0.03252867
13668,1.0427785,0.5946913,1.4908657,0.24899416,0.0,0.24899416,0.06224854
13669,0.35442877,0.574482,0.1343755,0.56118566,0.0,0.56118566,0.14029641
13670,0.44568062,0.55221397,0.33914733,0.098819755,0.0,0.098819755,0.024704939
13671,1.685073,0.53903794,2.831108,1.043951,0.0,1.043951,0.26098776
13672,0.74803066,0.5219912,0.97407013,0.11665089,0.0,0.11665089,0.029162722
13673,0.8241126,0.50563735,1.1425878,0.18471724,0.0,0.18471724,0.04617931
13674,0.36671647,0.49608096,0.23735197,0.3751961,0.0,0.3751961,0.093799025
13675,0.6907563,0.49818134,0.8833313,0.13836002,0.0,0.13836002,0.034590006
13676,0.6869859,0.50526625,0.8687055,0.11289859,0.0,0.11289859,0.028224647
13677,0.42784247,0.51543975,0.34024513,0.117617905,0.0,0.117617905,0.029404476
13678,1.280405,0.5367705,2.0240395,0.55813223,0.0,0.55813223,0.13953306
13679,0.8104822,0.55828017,1.0626842,0.13294499,0.0,0.13294499,0.033236247
13680,1.8268546,0.5689001,3.084809,1.0761032,0.0,1.0761032,0.2690258
13681,0.5169616,0.57797754,0.45594558,0.04454935,0.0,0.04454935,0.011137337
13682,0.36974394,0.581363,0.15812491,0.5982173,0.0,0.5982173,0.14955433
13683,0.41106987,0.5947792,0.22736056,1.1304337,0.0,1.1304337,0.28260842
13684,0.83144397,0.6108964,1.0519913,0.12461694,0.0,0.12461694,0.031154236
13685,0.42841426,0.6227648,0.23406367,0.35927883,0.0,0.35927883,0.08981971
13686,0.81332093,0.6313145,0.9953275,0.09553155,0.0,0.09553155,0.023882888
13687,0.4292319,0.64225847,0.21620536,0.46316633,0.0,0.46316633,0.11579158
13688,0.7495785,0.66077214,0.8383847,0.068915375,0.0,0.068915375,0.017228844
13689,1.6839355,0.6898263,2.6780446,0.691405,0.0,0.691405,0.17285125
13690,1.7787733,0.7222751,2.8352716,0.7402428,0.0,0.7402428,0.1850607
13691,0.675957,0.7466722,0.6052418,0.14050187,0.0,0.14050187,0.035125468
13692,1.200955,0.76013476,1.6417755,0.20957148,0.0,0.20957148,0.05239287
13693,0.46056437,0.7606048,0.16052395,0.45188513,0.0,0.45188513,0.11297128
13694,1.3976387,0.7598445,2.0354326,0.38641453,0.0,0.38641453,0.09660363
13695,2.0710604,0.7611084,3.3810127,1.0701895,0.0,1.0701895,0.26754737
13696,0.92125416,0.75972176,1.0827866,0.09048589,0.0,0.09048589,0.022621473
13697,2.6530197,0.75624996,4.5497894,1.7386026,0.0,1.7386026,0.43465066
13698,0.6804988,0.73493093,0.6260665,0.044837307,0.0,0.044837307,0.011209327
13699,0.6480812,0.7119368,0.5842256,0.058101844,0.0,0.058101844,0.014525461
13700,0.5567998,0.69812804,0.41547155,0.14659226,0.0,0.14659226,0.036648065
13701,1.3071747,0.6925807,1.9217687,0.42302895,0.0,0.42302895,0.10575724
13702,1.421085,0.70258063,2.1395895,0.5023441,0.0,0.5023441,0.12558602
13703,0.5463117,0.7049091,0.3877143,0.26782987,0.0,0.26782987,0.06695747
13704,1.3786179,0.71824694,2.0389888,0.44100627,0.0,0.44100627,0.11025157
13705,0.4827856,0.7307487,0.23482256,0.99015975,0.0,0.99015975,0.24753994
13706,0.6965806,0.74187994,0.6512812,0.06284823,0.0,0.06284823,0.015712058
13707,0.9644115,0.7448146,1.1840085,0.1180155,0.0,0.1180155,0.029503874
13708,0.67547536,0.75352263,0.5974281,0.111852564,0.0,0.111852564,0.027963141
13709,1.4437699,0.7639099,2.1236298,0.4283432,0.0,0.4283432,0.1070858
13710,0.72190386,0.7702303,0.6735775,0.038419235,0.0,0.038419235,0.009604809
13711,0.65998054,0.7827895,0.5371715,1.1335511,0.0,1.1335511,0.28338778
13712,0.62233585,0.76714516,0.47752658,0.23002714,0.0,0.23002714,0.057506785
13713,1.3765818,0.7478809,2.0052829,0.42684653,0.0,0.42684653,0.10671163
13714,0.5864877,0.7295411,0.44343424,0.11459631,0.0,0.11459631,0.028649077
13715,1.245705,0.6968226,1.7945873,0.37757552,0.0,0.37757552,0.09439388
13716,1.4061173,0.68662745,2.1256073,0.47368088,0.0,0.47368088,0.11842022
13717,0.6592712,0.6821516,0.63639075,0.021891376,0.0,0.021891376,0.005472844
13718,1.0382649,0.6812014,1.3953285,0.17465676,0.0,0.17465676,0.04366419
13719,0.64410514,0.684247,0.6039633,0.038755868,0.0,0.038755868,0.009688967
13720,0.4925494,0.6826318,0.30246696,0.34092596,0.0,0.34092596,0.08523149
13721,0.43049684,0.6784358,0.18255793,0.83752376,0.0,0.83752376,0.20938094
13722,0.4755114,0.67753047,0.27349234,0.36652198,0.0,0.36652198,0.091630496
13723,0.7857749,0.6803708,0.8911789,0.043324437,0.0,0.043324437,0.010831109
13724,1.3744072,0.6839054,2.0649087,0.49903798,0.0,0.49903798,0.124759495
13725,2.329724,0.6782337,3.9812145,1.5249147,0.0,1.5249147,0.3812287
13726,1.7176927,0.67347604,2.7619095,0.880511,0.0,0.880511,0.22012775
13727,0.5177544,0.6732438,0.36226487,0.13931385,0.0,0.13931385,0.03482846
13728,2.3766787,0.67857075,4.0747867,1.5755482,0.0,1.5755482,0.39388704
13729,1.4447632,0.6847081,2.2048185,0.50957793,0.0,0.50957793,0.12739448
13730,0.6263159,0.6805374,0.5720944,0.09771637,0.0,0.09771637,0.024429092
13731,1.3739109,0.6816246,2.0661972,0.49962768,0.0,0.49962768,0.12490692
13732,0.5188749,0.6941945,0.34355524,0.17787065,0.0,0.17787065,0.04446766
13733,0.88330346,0.7042276,1.0623794,0.10170109,0.0,0.10170109,0.025425272
13734,1.3905382,0.72515416,2.0559223,0.42872462,0.0,0.42872462,0.107181154
13735,0.5012138,0.74878865,0.25363886,0.79312927,0.0,0.79312927,0.19828232
13736,0.6688323,0.772604,0.5650607,0.06912535,0.0,0.06912535,0.017281337
13737,1.6944127,0.7946458,2.5941796,0.67902714,0.0,0.67902714,0.16975679
13738,1.9677378,0.80986357,3.1256123,0.8590496,0.0,0.8590496,0.2147624
13739,0.97239286,0.8181029,1.1266828,0.08260266,0.0,0.08260266,0.020650664
13740,0.7658445,0.8252845,0.7064045,0.11108186,0.0,0.11108186,0.027770465
13741,1.6731154,0.8212864,2.5249445,0.5690098,0.0,0.5690098,0.14225245
13742,2.0052783,0.8104132,3.200143,0.98102194,0.0,0.98102194,0.24525549
13743,2.724044,0.80478764,4.6433005,1.7803894,0.0,1.7803894,0.44509736
13744,0.71105164,0.8042148,0.6178884,0.10163314,0.0,0.10163314,0.025408285
13745,0.95749253,0.7934828,1.1215023,0.08877238,0.0,0.08877238,0.022193095
13746,1.1086209,0.7863105,1.4309312,0.20507817,0.0,0.20507817,0.051269542
13747,0.68469936,0.77693385,0.59246486,0.1007768,0.0,0.1007768,0.0251942
13748,0.52006817,0.76792836,0.272208,0.5420689,0.0,0.5420689,0.13551722
13749,1.0870595,0.7548041,1.4193149,0.17893516,0.0,0.17893516,0.04473379
13750,1.0577542,0.74140024,1.374108,0.20132284,0.0,0.20132284,0.05033071
13751,0.64106363,0.7277402,0.5543871,0.14474301,0.0,0.14474301,0.036185753
13752,1.8546463,0.7057745,3.003518,1.0571305,0.0,1.0571305,0.2642826
13753,0.58419824,0.6910406,0.47735587,0.13301073,0.0,0.13301073,0.033252683
13754,1.9886714,0.68852305,3.28882,1.3097421,0.0,1.3097421,0.32743552
13755,1.7103649,0.6797225,2.7410076,0.89286613,0.0,0.89286613,0.22321653
13756,0.63410205,0.6753726,0.59283143,0.023626447,0.0,0.023626447,0.0059066117
13757,0.614445,0.6673994,0.5614906,0.06325763,0.0,0.06325763,0.015814407
13758,0.55178875,0.651155,0.45242253,0.13755809,0.0,0.13755809,0.034389522
13759,0.52334446,0.64122474,0.4054642,0.09264621,0.0,0.09264621,0.023161553
13760,0.5905455,0.6330158,0.54807514,0.03226867,0.0,0.03226867,0.008067167
13761,1.5322906,0.633987,2.4305942,0.74497527,0.0,0.74497527,0.18624382
13762,2.06932,0.6328623,3.5057774,1.3741627,0.0,1.3741627,0.34354067
13763,1.2350903,0.6370086,1.8331718,0.4398087,0.0,0.4398087,0.109952174
13764,1.0538789,0.6449387,1.4628191,0.3333722,0.0,0.3333722,0.08334305
13765,0.6037273,0.66525936,0.54219526,0.17031296,0.0,0.17031296,0.04257824
13766,0.610409,0.6825629,0.5382551,0.1248067,0.0,0.1248067,0.031201676
13767,2.0135403,0.700413,3.3266675,1.337437,0.0,1.337437,0.33435926
13768,0.8140888,0.71507853,0.9130991,0.040679794,0.0,0.040679794,0.010169948
13769,0.5663464,0.7001522,0.43254063,0.8568692,0.0,0.8568692,0.2142173
13770,0.6727827,0.68005276,0.66551274,0.42230925,0.0,0.42230925,0.10557731
13771,0.6942098,0.6533364,0.73508316,1.5910751,0.0,1.5910751,0.39776877
13772,0.57530504,0.617209,0.53340113,0.053729236,0.0,0.053729236,0.013432309
13773,2.2279766,0.5916942,3.864259,1.732104,0.0,1.732104,0.433026
13774,0.8402899,0.55797315,1.1226066,0.20555396,0.0,0.20555396,0.05138849
13775,0.6303875,0.5402116,0.72056335,0.065768324,0.0,0.065768324,0.016442081
13776,0.43949723,0.52688986,0.35210466,0.16694157,0.0,0.16694157,0.041735392
13777,1.6176485,0.5106489,2.7246482,1.1154617,0.0,1.1154617,0.27886543
13778,0.6134875,0.4996977,0.7272773,1.1895283,0.0,1.1895283,0.2973821
13779,0.45790908,0.48403108,0.43178704,0.4675978,0.0,0.4675978,0.11689945
13780,1.771011,0.4740249,3.0679972,1.3519179,0.0,1.3519179,0.33797947
13781,0.7945507,0.4723229,1.1167785,0.28633115,0.0,0.28633115,0.07158279
13782,0.43496943,0.46804604,0.4018928,0.7116301,0.0,0.7116301,0.17790753
13783,0.39928973,0.45496106,0.3436184,0.082493655,0.0,0.082493655,0.020623414
13784,1.1997834,0.44833922,1.9512278,0.66366535,0.0,0.66366535,0.16591634
13785,0.39893723,0.4344236,0.36345086,0.09221319,0.0,0.09221319,0.023053298
13786,0.6170289,0.41981682,0.814241,0.15413313,0.0,0.15413313,0.03853328
13787,0.44707462,0.41863838,0.47551084,0.6605417,0.0,0.6605417,0.16513543
13788,0.4246796,0.43834102,0.41101813,0.36940446,0.0,0.36940446,0.092351116
13789,0.8568863,0.47776532,1.2360073,0.37253416,0.0,0.37253416,0.09313354
13790,0.6691489,0.5276602,0.81063765,1.4107547,0.0,1.4107547,0.35268867
13791,1.1817278,0.5598393,1.8036164,0.5830242,0.0,0.5830242,0.14575605
13792,0.8015968,0.5472446,1.055949,0.14166236,0.0,0.14166236,0.03541559
13793,0.5039253,0.5162619,0.49158874,0.02753329,0.0,0.02753329,0.0068833227
13794,0.5654182,0.4735179,0.6573185,0.07515194,0.0,0.07515194,0.018787986
13795,2.0514235,0.44670823,3.6561387,1.8086547,0.0,1.8086547,0.45216367
13796,0.57710725,0.4319549,0.7222596,0.12323765,0.0,0.12323765,0.030809412
13797,1.4095259,0.42661104,2.3924406,1.1425254,0.0,1.1425254,0.28563136
13798,0.56353474,0.42874336,0.6983261,0.08647963,0.0,0.08647963,0.021619907
13799,0.43371382,0.43842968,0.428998,0.45368603,0.0,0.45368603,0.11342151
13800,0.52422404,0.44513142,0.6033166,0.77596927,0.0,0.77596927,0.19399232
13801,0.68392104,0.45962867,0.90821344,0.15217431,0.0,0.15217431,0.038043577
13802,0.49446693,0.47727957,0.5116543,0.015930071,0.0,0.015930071,0.003982518
13803,0.59202933,0.51321524,0.6708434,1.6756638,0.0,1.6756638,0.41891596
13804,0.4487895,0.5454729,0.3521061,0.28930616,0.0,0.28930616,0.07232654
13805,1.1229649,0.5828386,1.6630911,0.43620995,0.0,0.43620995,0.10905249
13806,1.5137697,0.6162135,2.411326,0.87827444,0.0,0.87827444,0.21956861
13807,0.52316576,0.6303018,0.4160298,0.5080795,0.0,0.5080795,0.12701988
13808,0.46969417,0.6425969,0.29679143,0.59283954,0.0,0.59283954,0.14820988
13809,0.50926334,0.63604885,0.38247788,0.5474524,0.0,0.5474524,0.1368631
13810,1.5762898,0.59765744,2.554922,0.9902243,0.0,0.9902243,0.24755608
13811,0.5379836,0.54536,0.53060704,0.82787746,0.0,0.82787746,0.20696937
13812,1.5507566,0.48912612,2.612387,1.185369,0.0,1.185369,0.29634225
13813,0.3469387,0.43901625,0.25486115,0.13518569,0.0,0.13518569,0.033796422
13814,0.33187816,0.40104327,0.26271304,0.3117242,0.0,0.3117242,0.07793105
13815,0.31225988,0.38019022,0.24432956,0.1286407,0.0,0.1286407,0.032160174
13816,0.40903297,0.37341347,0.44465253,0.15434046,0.0,0.15434046,0.038585115
13817,0.29976526,0.36599258,0.23353797,0.167998,0.0,0.167998,0.0419995
13818,0.39519382,0.35907292,0.43131468,0.15034212,0.0,0.15034212,0.03758553
13819,0.35557905,0.34945464,0.36170352,0.21038538,0.0,0.21038538,0.052596346
13820,0.9915807,0.3463476,1.6368138,0.6931185,0.0,0.6931185,0.17327963
13821,0.36942104,0.34261623,0.39622584,0.019800501,0.0,0.019800501,0.0049501252
13822,0.33850995,0.3459432,0.33107674,0.08955369,0.0,0.08955369,0.022388423
13823,0.60550797,0.3510345,0.8599815,0.18601467,0.0,0.18601467,0.046503667
13824,0.33957326,0.36036336,0.31878316,0.07060697,0.0,0.07060697,0.017651742
13825,0.5646373,0.37120128,0.75807333,0.17821737,0.0,0.17821737,0.04455434
13826,0.30281544,0.37449893,0.23113193,0.26359308,0.0,0.26359308,0.06589827
13827,0.45482746,0.37140143,0.5382535,0.9794056,0.0,0.9794056,0.2448514
13828,0.9010997,0.37067735,1.431522,0.46637857,0.0,0.46637857,0.11659464
13829,0.33002612,0.35855326,0.30149895,0.07603649,0.0,0.07603649,0.019009123
13830,0.3119027,0.34570453,0.27810088,0.14607982,0.0,0.14607982,0.036519956
13831,0.317782,0.33293098,0.30263302,0.15360755,0.0,0.15360755,0.038401887
13832,1.3841423,0.31789172,2.4503927,1.1382837,0.0,1.1382837,0.28457093
13833,1.6126653,0.30718997,2.9181406,1.4864167,0.0,1.4864167,0.37160417
13834,1.0590668,0.30824658,1.8098869,0.7020769,0.0,0.7020769,0.17551923
13835,0.21564537,0.3172462,0.114044555,0.4584242,0.0,0.4584242,0.11460605
13836,0.31841174,0.3529164,0.2839071,0.081683695,0.0,0.081683695,0.020420924
13837,0.44876328,0.39689755,0.50062907,0.03324395,0.0,0.03324395,0.008310988
13838,0.33470204,0.4390776,0.23032653,0.44492278,0.0,0.44492278,0.111230694
13839,0.5940993,0.4601488,0.72804976,0.13483097,0.0,0.13483097,0.03370774
13840,0.5864054,0.4521699,0.7206409,0.12866403,0.0,0.12866403,0.032166008
13841,0.38557065,0.44175878,0.32938248,1.0162565,0.0,1.0162565,0.2540641
13842,1.6419209,0.4428556,2.8409863,1.1826159,0.0,1.1826159,0.29565397
13843,0.37130487,0.44907975,0.29352996,0.4638311,0.0,0.4638311,0.115957774
13844,1.0657136,0.44628334,1.685144,0.4969734,0.0,0.4969734,0.12424335
13845,0.5817002,0.44633117,0.7170692,0.11091912,0.0,0.11091912,0.02772978
13846,0.4101286,0.44668487,0.37357235,0.10414463,0.0,0.10414463,0.026036158
13847,0.36158705,0.45643649,0.2667376,0.6224376,0.0,0.6224376,0.1556094
13848,1.9642673,0.4735289,3.4550056,1.502388,0.0,1.502388,0.375597
13849,0.45115805,0.5086965,0.39361954,0.049154777,0.0,0.049154777,0.012288694
13850,0.9464038,0.54450303,1.3483046,0.23376606,0.0,0.23376606,0.058441516
13851,0.66880995,0.5854822,0.7521377,0.03954898,0.0,0.03954898,0.009887245
13852,0.4672804,0.6374713,0.2970895,0.15715787,0.0,0.15715787,0.039289467
13853,0.6050876,0.6792679,0.53090733,0.047008295,0.0,0.047008295,0.011752074
13854,1.1996303,0.70309067,1.6961699,0.2968023,0.0,0.2968023,0.07420058
13855,1.2659837,0.7257275,1.8062401,0.3092403,0.0,0.3092403,0.07731008
13856,0.46099558,0.72343034,0.19856083,1.1577291,0.0,1.1577291,0.2894323
13857,1.3345159,0.6827772,1.9862543,0.43172622,0.0,0.43172622,0.107931554
13858,2.7291403,0.63874704,4.819534,2.0161378,0.0,2.0161378,0.50403446
13859,0.3586074,0.6047886,0.112426184,0.8136297,0.0,0.8136297,0.20340742
13860,0.38639393,0.60493684,0.16785102,0.8783372,0.0,0.8783372,0.2195843
13861,0.72223276,0.63895625,0.80550927,0.03895342,0.0,0.03895342,0.009738355
13862,0.49080586,0.64425915,0.3373526,0.25629506,0.0,0.25629506,0.064073764
13863,0.44922844,0.6213462,0.27711067,0.23659857,0.0,0.23659857,0.05914964
13864,1.0500597,0.6219663,1.4781529,0.26812825,0.0,0.26812825,0.06703206
13865,1.9556195,0.60402465,3.3072145,1.1955255,0.0,1.1955255,0.29888138
13866,0.4927372,0.6104305,0.375044,1.5793365,0.0,1.5793365,0.39483413
13867,0.843041,0.6132553,1.0728267,0.10220709,0.0,0.10220709,0.025551772
13868,1.3820511,0.6284911,2.1356113,0.6324771,0.0,0.6324771,0.15811928
13869,1.3422999,0.6601662,2.0244339,0.5352039,0.0,0.5352039,0.13380097
13870,1.7272857,0.69556093,2.7590106,0.89858216,0.0,0.89858216,0.22464554
13871,0.98567486,0.7124862,1.2588636,0.15832894,0.0,0.15832894,0.039582234
13872,0.5616506,0.7321286,0.39117256,0.16208836,0.0,0.16208836,0.04052209
13873,0.6256306,0.7282891,0.52297217,0.38171306,0.0,0.38171306,0.095428266
13874,1.1172732,0.7167166,1.5178299,0.28036144,0.0,0.28036144,0.07009036
13875,0.56159383,0.7195425,0.4036452,1.4380242,0.0,1.4380242,0.35950604
13876,0.8597024,0.7106161,1.0087887,0.08159665,0.0,0.08159665,0.020399163
13877,0.8464605,0.68662244,1.0062987,0.097577,0.0,0.097577,0.02439425
13878,1.0640641,0.6600652,1.4680632,0.2526393,0.0,0.2526393,0.06315982
13879,0.62273353,0.65134984,0.5941172,0.03888801,0.0,0.03888801,0.009722003
13880,0.7220278,0.6282994,0.81575626,0.04305474,0.0,0.04305474,0.010763685
13881,2.469185,0.60401,4.33436,1.8207437,0.0,1.8207437,0.45518592
13882,1.2143,0.6042951,1.8243049,0.4396173,0.0,0.4396173,0.10990433
13883,0.5043232,0.6143834,0.39426294,1.2091026,0.0,1.2091026,0.30227566
13884,1.095276,0.6359225,1.5546294,0.34668717,0.0,0.34668717,0.08667179
13885,1.2375816,0.6799965,1.7951666,0.39241067,0.0,0.39241067,0.09810267
13886,0.5528771,0.67060375,0.43515047,0.1887564,0.0,0.1887564,0.0471891
13887,0.4691085,0.63665336,0.30156365,0.56501323,0.0,0.56501323,0.14125331
13888,1.0591329,0.58891326,1.5293525,0.38726285,0.0,0.38726285,0.09681571
13889,0.8904059,0.5287471,1.2520647,0.2716627,0.0,0.2716627,0.06791568
13890,0.5881203,0.48272023,0.6935203,0.08669148,0.0,0.08669148,0.02167287
13891,0.50425225,0.44452,0.5639846,1.087246,0.0,1.087246,0.2718115
13892,0.3894759,0.4222726,0.35667917,0.07209676,0.0,0.07209676,0.01802419
13893,0.59592336,0.42294192,0.76890486,0.12507263,0.0,0.12507263,0.031268157
13894,0.3307005,0.41339862,0.24800237,0.29679105,0.0,0.29679105,0.07419776
13895,0.41474387,0.4057444,0.42374334,0.6274579,0.0,0.6274579,0.15686448
13896,0.34705973,0.4130837,0.28103578,0.19866459,0.0,0.19866459,0.049666148
13897,0.7205828,0.41883087,1.0223347,0.22128238,0.0,0.22128238,0.055320594
13898,0.44426084,0.4234282,0.4650934,0.7726986,0.0,0.7726986,0.19317465
13899,0.6751528,0.42765856,0.922647,0.20278414,0.0,0.20278414,0.050696034
13900,0.93140715,0.4283677,1.4344467,0.44033447,0.0,0.44033447,0.11008362
13901,0.6468374,0.43378028,0.8598946,0.1560448,0.0,0.1560448,0.0390112
13902,0.48896775,0.4303774,0.54755807,0.028551662,0.0,0.028551662,0.0071379156
13903,0.64378697,0.40469766,0.8828762,0.16423367,0.0,0.16423367,0.041058417
13904,0.32650915,0.3783432,0.27467513,0.11214904,0.0,0.11214904,0.02803726
13905,0.41362408,0.34086922,0.48637894,1.0301621,0.0,1.0301621,0.25754052
13906,0.21506207,0.3103996,0.119724534,0.54868215,0.0,0.54868215,0.13717054
13907,0.35412434,0.28812113,0.42012754,1.241879,0.0,1.241879,0.31046975
13908,0.60337275,0.29043552,0.91631,0.23035555,0.0,0.23035555,0.057588886
13909,0.2662287,0.29965284,0.23280458,0.41393617,0.0,0.41393617,0.10348404
13910,1.1526456,0.30595818,1.9993329,0.8697997,0.0,0.8697997,0.21744992
13911,0.23798895,0.3008423,0.17513563,0.21458842,0.0,0.21458842,0.053647105
13912,0.29377064,0.28807572,0.2994655,0.76072246,0.0,0.76072246,0.19018061
13913,0.26591998,0.2752405,0.25659946,0.025227914,0.0,0.025227914,0.0063069784
13914,0.28951645,0.27510867,0.30392423,0.5746942,0.0,0.5746942,0.14367355
13915,0.9649386,0.2881864,1.6416907,0.7365019,0.0,0.7365019,0.18412547
13916,0.29470372,0.3032639,0.2861435,0.034669224,0.0,0.034669224,0.008667306
13917,0.4135003,0.31802735,0.50897324,0.055712316,0.0,0.055712316,0.013928079
13918,0.32653752,0.33944234,0.3136327,0.028680772,0.0,0.028680772,0.007170193
13919,0.29969552,0.34514531,0.2542458,0.07039675,0.0,0.07039675,0.017599188
13920,0.3718346,0.35124174,0.39242747,0.4988265,0.0,0.4988265,0.124706626
13921,0.30773762,0.35266733,0.26280788,0.10170784,0.0,0.10170784,0.02542696
13922,0.32657447,0.342894,0.31025493,0.056601066,0.0,0.056601066,0.014150267
13923,1.1074979,0.34365103,1.8713449,0.7886465,0.0,0.7886465,0.19716163
13924,0.74680996,0.35807168,1.1355482,0.35459733,0.0,0.35459733,0.08864933
13925,0.31266245,0.3682309,0.257094,0.260771,0.0,0.260771,0.06519275
13926,0.512276,0.37080297,0.653749,0.09069242,0.0,0.09069242,0.022673106
13927,1.1827248,0.3602346,2.0052152,0.84798473,0.0,0.84798473,0.21199618
13928,0.3792192,0.3402733,0.41816512,0.02119104,0.0,0.02119104,0.00529776
13929,0.5117157,0.31696573,0.7064657,0.15737663,0.0,0.15737663,0.039344158
13930,0.3535479,0.29685688,0.41023895,0.042297244,0.0,0.042297244,0.010574311
13931,0.39034867,0.2922434,0.48845395,0.951025,0.0,0.951025,0.23775625
13932,0.76529866,0.29949322,1.2311043,0.40317103,0.0,0.40317103,0.10079276
13933,0.40759826,0.30546066,0.5097359,0.056284666,0.0,0.056284666,0.0140711665
13934,0.21755402,0.30382052,0.1312875,0.4578615,0.0,0.4578615,0.11446538
13935,0.60302573,0.31022245,0.895829,0.22374265,0.0,0.22374265,0.055935662
13936,1.1931723,0.29740587,2.088939,0.98078823,0.0,0.98078823,0.24519706
13937,0.3513161,0.27109638,0.4315358,0.05935344,0.0,0.05935344,0.01483836
13938,0.39966586,0.2439119,0.55541986,0.91317374,0.0,0.91317374,0.22829343
13939,0.530608,0.24138474,0.8198312,0.24223061,0.0,0.24223061,0.060557652
13940,0.2387952,0.2508295,0.22676088,0.04319893,0.0,0.04319893,0.010799732
13941,1.4995084,0.268585,2.7304318,1.4593595,0.0,1.4593595,0.36483988
13942,0.58129984,0.27782324,0.8847764,0.3564601,0.0,0.3564601,0.08911502
13943,0.2544501,0.27320215,0.23569809,0.32804722,0.0,0.32804722,0.082011804
13944,0.26820233,0.27261755,0.26378712,0.525948,0.0,0.525948,0.131487
13945,0.26899764,0.27756953,0.26042578,0.13805203,0.0,0.13805203,0.034513008
13946,0.75596905,0.28409353,1.2278446,0.43270352,0.0,0.43270352,0.10817588
13947,0.26520184,0.29296413,0.23743953,0.04025658,0.0,0.04025658,0.010064145
13948,0.72084737,0.31457302,1.1271218,0.40770945,0.0,0.40770945,0.10192736
13949,0.3214247,0.331509,0.31134036,0.27701995,0.0,0.27701995,0.06925499
13950,0.38013116,0.33576307,0.42449927,1.073607,0.0,1.073607,0.26840174
13951,0.573164,0.33321306,0.81311494,0.2172573,0.0,0.2172573,0.054314326
13952,0.3769702,0.32565394,0.42828646,0.49169013,0.0,0.49169013,0.12292253
13953,0.5347249,0.31401482,0.755435,0.25006044,0.0,0.25006044,0.06251511
13954,0.99423593,0.30349782,1.6849741,0.7482261,0.0,0.7482261,0.18705653
13955,0.7412923,0.2820665,1.2005181,0.48620486,0.0,0.48620486,0.121551216
13956,0.27506933,0.26889625,0.28124237,0.278374,0.0,0.278374,0.0695935
13957,0.32163134,0.2547277,0.38853502,0.5191907,0.0,0.5191907,0.12979768
13958,0.30569395,0.23779593,0.373592,0.048367947,0.0,0.048367947,0.012091987
13959,0.5217713,0.23176853,0.8117741,0.33336914,0.0,0.33336914,0.083342284
13960,0.67808336,0.22445498,1.1317116,0.5544721,0.0,0.5544721,0.13861802
13961,1.3618907,0.2148915,2.5088897,1.5436281,0.0,1.5436281,0.38590702
13962,0.20394363,0.2039171,0.20397015,0.13329695,0.0,0.13329695,0.033324238
13963,0.19727407,0.2003123,0.19423585,0.09488446,0.0,0.09488446,0.023721116
13964,0.28871718,0.20468776,0.37274662,0.056523513,0.0,0.056523513,0.014130878
13965,0.48948094,0.21696544,0.76199645,0.32397678,0.0,0.32397678,0.080994196
13966,0.6447399,0.22199036,1.0674895,0.4838543,0.0,0.4838543,0.12096357
13967,0.22557229,0.2260651,0.22507948,0.118471645,0.0,0.118471645,0.029617911
13968,0.21839005,0.23381503,0.20296507,0.14781173,0.0,0.14781173,0.03695293
13969,0.19170618,0.23202486,0.15138751,0.054334175,0.0,0.054334175,0.013583544
13970,0.35666642,0.23279153,0.48054132,0.113416694,0.0,0.113416694,0.028354174
13971,0.2602945,0.23750345,0.28308555,0.35567054,0.0,0.35567054,0.088917635
13972,0.24485588,0.25300404,0.23670769,0.21186692,0.0,0.21186692,0.05296673
13973,0.22916621,0.2631708,0.19516163,0.12510687,0.0,0.12510687,0.031276718
13974,0.48563233,0.26698494,0.7042797,1.3649939,0.0,1.3649939,0.34124848
13975,0.30437553,0.27023628,0.33851478,0.8390255,0.0,0.8390255,0.20975637
13976,0.4261137,0.26862547,0.5836019,1.1972443,0.0,1.1972443,0.29931107
13977,0.37277588,0.26397625,0.48157546,0.10504492,0.0,0.10504492,0.02626123
13978,0.41617882,0.25639558,0.57596207,0.15315239,0.0,0.15315239,0.038288098
13979,0.50625175,0.2347681,0.7777354,0.24270605,0.0,0.24270605,0.06067651
13980,0.1770243,0.21967775,0.13437086,0.13587381,0.0,0.13587381,0.033968452
13981,0.8066494,0.19989769,1.413401,0.68957406,0.0,0.68957406,0.17239352
13982,1.2128668,0.18357593,2.2421577,1.300643,0.0,1.300643,0.32516074
13983,0.14800704,0.17032366,0.12569043,0.19166295,0.0,0.19166295,0.047915738
13984,0.23817052,0.15980309,0.31653795,0.57691264,0.0,0.57691264,0.14422816
13985,0.2770732,0.1490637,0.4050827,0.16109782,0.0,0.16109782,0.040274456
13986,0.34804556,0.14184903,0.5542421,0.781158,0.0,0.781158,0.1952895
13987,0.15108417,0.14823414,0.1539342,0.14327247,0.0,0.14327247,0.03581812
13988,0.18423621,0.16280536,0.20566706,0.12040607,0.0,0.12040607,0.030101517
13989,0.40494895,0.1821922,0.62770563,0.20145752,0.0,0.20145752,0.05036438
13990,0.16929246,0.19457054,0.14401439,0.16069196,0.0,0.16069196,0.04017299
13991,1.1088468,0.19388194,2.0238116,1.2563695,0.0,1.2563695,0.31409237
13992,0.21856242,0.19977625,0.2373486,0.38871947,0.0,0.38871947,0.09717987
13993,1.0903437,0.19479072,1.9858967,1.1360706,0.0,1.1360706,0.28401765
13994,0.22811598,0.19010109,0.26613086,0.36349425,0.0,0.36349425,0.09087356
13995,0.31603077,0.19670694,0.43535462,0.12832618,0.0,0.12832618,0.032081544
13996,0.81058,0.20127021,1.4198898,0.6723946,0.0,0.6723946,0.16809864
13997,0.18654615,0.20785515,0.16523716,0.104120344,0.0,0.104120344,0.026030086
13998,0.17126031,0.20824294,0.1342777,0.22219823,0.0,0.22219823,0.05554956
13999,0.22122705,0.20432965,0.23812447,0.22241049,0.0,0.22241049,0.05560262
14000,0.19655283,0.20232886,0.19077678,0.034624293,0.0,0.034624293,0.008656073
14001,0.26954007,0.19675475,0.34232536,0.08298457,0.0,0.08298457,0.020746142
14002,0.29750094,0.19559908,0.39940277,0.7927291,0.0,0.7927291,0.19818227
14003,0.14270858,0.1946559,0.090761274,0.25215158,0.0,0.25215158,0.063037895
14004,0.39171472,0.19211978,0.5913097,0.22434467,0.0,0.22434467,0.056086168
14005,0.19769824,0.19408345,0.20131302,0.1880186,0.0,0.1880186,0.04700465
14006,0.19539396,0.18819046,0.20259745,0.45374694,0.0,0.45374694,0.113436736
14007,0.307614,0.17642689,0.43880114,0.867935,0.0,0.867935,0.21698375
14008,0.29080537,0.17189367,0.40971708,0.093662046,0.0,0.093662046,0.023415511
14009,0.2105544,0.16310595,0.25800285,0.5551078,0.0,0.5551078,0.13877694
14010,0.14112121,0.15330373,0.12893869,0.21575393,0.0,0.21575393,0.053938482
14011,0.33006638,0.15734605,0.5027867,0.15649918,0.0,0.15649918,0.039124794
14012,0.89412594,0.16287576,1.6253761,0.8540967,0.0,0.8540967,0.21352418
14013,0.65069443,0.17222582,1.1291631,0.49743262,0.0,0.49743262,0.124358155
14014,0.17186432,0.17694438,0.16678423,0.07159013,0.0,0.07159013,0.017897533
14015,0.8560279,0.18049826,1.5315576,0.7579169,0.0,0.7579169,0.18947923
14016,0.27667394,0.18891402,0.36443385,0.050882135,0.0,0.050882135,0.012720534
14017,1.057136,0.19531493,1.9189572,1.0175874,0.0,1.0175874,0.25439686
14018,0.5813453,0.2005275,0.96216315,0.41137424,0.0,0.41137424,0.10284356
14019,0.41471538,0.20925085,0.6201799,0.17294772,0.0,0.17294772,0.04323693
14020,0.21222632,0.22405179,0.20040083,0.31234625,0.0,0.31234625,0.07808656
14021,0.72609776,0.2384159,1.2137796,0.48401847,0.0,0.48401847,0.12100462
14022,0.26715198,0.25617197,0.278132,0.08959987,0.0,0.08959987,0.022399968
14023,0.8860859,0.26957938,1.5025924,0.5510334,0.0,0.5510334,0.13775834
14024,0.48725334,0.28956527,0.6849415,0.13052063,0.0,0.13052063,0.032630157
14025,0.40200463,0.29839182,0.5056175,0.054754913,0.0,0.054754913,0.013688728
14026,0.24159275,0.29748508,0.18570042,0.11552047,0.0,0.11552047,0.028880117
14027,0.34982863,0.27605096,0.4236063,0.0488124,0.0,0.0488124,0.0122031
14028,0.72908956,0.24686968,1.2113096,0.45380428,0.0,0.45380428,0.11345107
14029,0.220424,0.21246064,0.22838736,0.5233941,0.0,0.5233941,0.13084853
14030,0.36424777,0.2002462,0.5282493,0.12462748,0.0,0.12462748,0.03115687
14031,0.19869585,0.19281948,0.20457225,0.3105385,0.0,0.3105385,0.077634625
14032,0.19590549,0.18774211,0.20406885,0.20912199,0.0,0.20912199,0.052280497
14033,1.2688084,0.1750577,2.362559,1.4008316,0.0,1.4008316,0.3502079
14034,0.26621726,0.17052244,0.3619121,0.5615635,0.0,0.5615635,0.14039087
14035,1.1961279,0.17784019,2.2144156,1.341101,0.0,1.341101,0.33527526
14036,0.4906362,0.19786976,0.7834026,0.37270495,0.0,0.37270495,0.09317624
14037,0.43868265,0.22718053,0.6501848,1.0539323,0.0,1.0539323,0.26348308
14038,0.33479047,0.25273082,0.41685018,0.62968516,0.0,0.62968516,0.15742129
14039,0.39194918,0.2728849,0.51101345,0.08769822,0.0,0.08769822,0.021924555
14040,0.2726232,0.292999,0.25224742,0.034975648,0.0,0.034975648,0.008743912
14041,0.34478334,0.30361655,0.38595018,0.026671797,0.0,0.026671797,0.0066679493
14042,0.2418582,0.30019704,0.18351938,0.12318927,0.0,0.12318927,0.030797318
14043,0.4587108,0.29847425,0.6189473,0.12282023,0.0,0.12282023,0.030705057
14044,1.203905,0.2986033,2.1092064,1.1433724,0.0,1.1433724,0.2858431
14045,0.501027,0.30432293,0.697731,0.14539509,0.0,0.14539509,0.03634877
14046,0.8080168,0.30977464,1.306259,0.529392,0.0,0.529392,0.132348
14047,0.7032876,0.31564102,1.0909343,0.42364112,0.0,0.42364112,0.10591028
14048,0.37527844,0.33113807,0.41941878,0.028094063,0.0,0.028094063,0.0070235156
14049,0.50872004,0.33812007,0.67932004,0.13158308,0.0,0.13158308,0.03289577
14050,0.29959032,0.3305958,0.26858485,0.13949186,0.0,0.13949186,0.034872964
14051,0.3534789,0.3176382,0.38931957,0.54518414,0.0,0.54518414,0.13629603
14052,0.2889259,0.30208173,0.27577004,0.027001107,0.0,0.027001107,0.006750277
14053,0.34183088,0.27584967,0.40781212,0.040752936,0.0,0.040752936,0.010188234
14054,0.30387843,0.26569396,0.34206286,0.020483267,0.0,0.020483267,0.0051208166
14055,0.21737401,0.25199378,0.18275422,0.08001519,0.0,0.08001519,0.020003797
14056,0.5098478,0.23795557,0.78174,0.41144142,0.0,0.41144142,0.102860354
14057,0.4225045,0.21873653,0.62627244,0.37583628,0.0,0.37583628,0.09395907
14058,0.33334628,0.20086515,0.46582738,0.2949318,0.0,0.2949318,0.07373295
14059,0.30827305,0.19457479,0.42197132,0.16759743,0.0,0.16759743,0.041899357
14060,0.20787007,0.19499123,0.2207489,0.1842326,0.0,0.1842326,0.04605815
14061,0.51103413,0.19558358,0.8264847,0.5766421,0.0,0.5766421,0.14416052
14062,0.30270198,0.19947708,0.40592685,0.08895437,0.0,0.08895437,0.022238592
14063,0.2492594,0.19816606,0.30035272,0.050390106,0.0,0.050390106,0.012597526
14064,0.39571407,0.19809435,0.5933338,0.29247493,0.0,0.29247493,0.07311873
14065,0.22888577,0.19558759,0.26218393,0.16705494,0.0,0.16705494,0.041763734
14066,0.18399782,0.19183789,0.17615779,0.03619309,0.0,0.03619309,0.009048273
14067,0.31992522,0.1854939,0.45435655,0.12670593,0.0,0.12670593,0.031676482
14068,0.17540933,0.17761926,0.17319942,0.035006035,0.0,0.035006035,0.008751509
14069,0.16495734,0.16482727,0.16508742,0.12482058,0.0,0.12482058,0.031205146
14070,0.82776713,0.15035568,1.5051786,1.2792016,0.0,1.2792016,0.3198004
14071,0.7077674,0.13879098,1.2767438,1.0485048,0.0,1.0485048,0.2621262
14072,0.15635082,0.1269447,0.18575694,0.11102491,0.0,0.11102491,0.027756227
14073,0.25140503,0.11609111,0.38671896,0.4358835,0.0,0.4358835,0.10897087
14074,0.13087395,0.10708193,0.15466596,0.14304203,0.0,0.14304203,0.035760507
14075,0.18946655,0.10454893,0.27438417,0.097215295,0.0,0.097215295,0.024303824
14076,0.14484747,0.101537466,0.18815745,0.19862545,0.0,0.19862545,0.04965636
14077,0.3734419,0.10450422,0.6423796,0.35509107,0.0,0.35509107,0.08877277
14078,0.5087982,0.10974739,0.9078489,0.7996633,0.0,0.7996633,0.19991583
14079,0.23007035,0.12033647,0.3398042,0.11549098,0.0,0.11549098,0.028872745
14080,0.2507276,0.12792575,0.37352943,0.32138917,0.0,0.32138917,0.08034729
14081,0.18604831,0.13079421,0.24130242,0.05982104,0.0,0.05982104,0.01495526
14082,0.6339285,0.13431413,1.1335429,0.96518594,0.0,0.96518594,0.24129649
14083,1.0982333,0.13980801,2.0566587,1.8911306,0.0,1.8911306,0.47278264
14084,0.5253322,0.14702116,0.9036433,0.63919705,0.0,0.63919705,0.15979926
14085,0.42611614,0.15271854,0.69951373,0.4850918,0.0,0.4850918,0.12127295
14086,0.17809828,0.15655388,0.19964266,0.14147474,0.0,0.14147474,0.035368685
14087,0.3432294,0.1547684,0.5316904,0.5400649,0.0,0.5400649,0.13501622
14088,0.9657869,0.15388094,1.7776928,1.5452362,0.0,1.5452362,0.38630906
14089,0.353091,0.15241532,0.55376667,0.35165033,0.0,0.35165033,0.08791258
14090,0.24507916,0.15234677,0.33781156,0.10308551,0.0,0.10308551,0.025771378
14091,0.6393108,0.15169741,1.1269242,0.8539335,0.0,0.8539335,0.21348338
14092,0.86657804,0.14943166,1.5837244,1.3554277,0.0,1.3554277,0.33885694
14093,0.43425488,0.14783575,0.72067404,0.52157664,0.0,0.52157664,0.13039416
14094,0.80162835,0.14334808,1.4599086,1.4144522,0.0,1.4144522,0.35361305
14095,0.19520144,0.13872625,0.2516766,0.1507641,0.0,0.1507641,0.037691023
14096,0.34563145,0.12995562,0.56130725,0.45642743,0.0,0.45642743,0.11410686
14097,0.8307895,0.121045254,1.5405337,1.5023462,0.0,1.5023462,0.37558654
14098,0.5955851,0.114545256,1.076625,1.0343302,0.0,1.0343302,0.25858256
14099,0.12053416,0.11111095,0.1299574,0.047968213,0.0,0.047968213,0.011992053
14100,0.2159437,0.109986365,0.32190105,0.1296246,0.0,0.1296246,0.03240615
14101,0.14771433,0.115675054,0.1797536,0.09739264,0.0,0.09739264,0.02434816
14102,0.15311767,0.12375694,0.18247843,0.078282796,0.0,0.078282796,0.019570699
14103,0.20991616,0.13488905,0.28494325,0.273325,0.0,0.273325,0.06833125
14104,0.37914333,0.14067535,0.6176113,0.319728,0.0,0.319728,0.079932
14105,0.84500694,0.13678767,1.5532261,1.303292,0.0,1.303292,0.325823
14106,0.23880328,0.13032632,0.34728026,0.13926482,0.0,0.13926482,0.034816206
14107,1.0718018,0.12676229,2.0168412,1.8244104,0.0,1.8244104,0.4561026
14108,0.39803767,0.12921253,0.6668628,0.39214388,0.0,0.39214388,0.09803597
14109,0.29944232,0.13089459,0.46799007,0.49560738,0.0,0.49560738,0.123901844
14110,0.22276634,0.13286039,0.3126723,0.2584115,0.0,0.2584115,0.064602874
14111,0.6626119,0.13140333,1.1938205,1.092095,0.0,1.092095,0.27302375
14112,0.19336879,0.12982875,0.2569088,0.05757488,0.0,0.05757488,0.01439372
14113,0.29115334,0.12892042,0.4533863,0.41194078,0.0,0.41194078,0.102985196
14114,0.41147044,0.13010319,0.6928377,0.4217644,0.0,0.4217644,0.1054411
14115,0.48333338,0.13289367,0.83377314,0.8164937,0.0,0.8164937,0.20412342
14116,0.9496653,0.13711336,1.7622172,1.4968386,0.0,1.4968386,0.37420964
14117,0.40141988,0.13995278,0.662887,0.33742428,0.0,0.33742428,0.08435607
14118,0.33052906,0.14124598,0.51981217,0.7363866,0.0,0.7363866,0.18409665
14119,0.6039028,0.14125948,1.0665461,0.6118917,0.0,0.6118917,0.15297292
14120,0.14669429,0.13911258,0.15427597,0.055940136,0.0,0.055940136,0.013985034
14121,0.3437271,0.13339329,0.554061,0.57529324,0.0,0.57529324,0.14382331
14122,0.17097336,0.13150015,0.21044658,0.06879839,0.0,0.06879839,0.017199598
14123,0.41893566,0.13216871,0.7057026,0.86217755,0.0,0.86217755,0.21554439
14124,0.5406509,0.1401181,0.94118375,1.2528957,0.0,1.2528957,0.31322393
14125,0.1493648,0.15627529,0.14245431,0.23398243,0.0,0.23398243,0.058495607
14126,0.38267648,0.1738654,0.5914876,0.81377894,0.0,0.81377894,0.20344473
14127,0.1962129,0.18760328,0.20482254,0.4157394,0.0,0.4157394,0.10393485
14128,0.19549735,0.19535859,0.19563611,0.38137016,0.0,0.38137016,0.09534254
14129,0.21802028,0.19133957,0.24470098,0.45073166,0.0,0.45073166,0.112682916
14130,0.2372381,0.1875797,0.2868965,0.12023535,0.0,0.12023535,0.030058838
14131,1.030037,0.19075239,1.8693218,0.9816702,0.0,0.9816702,0.24541755
14132,0.33742812,0.19768238,0.4771739,0.11965701,0.0,0.11965701,0.029914252
14133,0.4764372,0.20282692,0.7500475,0.25755325,0.0,0.25755325,0.06438831
14134,0.648936,0.20361765,1.0942543,0.40015817,0.0,0.40015817,0.10003954
14135,0.2743025,0.19385242,0.35475263,0.8477692,0.0,0.8477692,0.2119423
14136,0.22180462,0.1873839,0.25622532,0.20547485,0.0,0.20547485,0.051368713
14137,0.2109818,0.18789698,0.2340666,0.10565803,0.0,0.10565803,0.026414508
14138,0.34650102,0.19238023,0.5006218,0.119917385,0.0,0.119917385,0.029979346
14139,0.2984558,0.20203464,0.39487696,0.07715098,0.0,0.07715098,0.019287745
14140,0.17489493,0.20963377,0.14015609,0.11481463,0.0,0.11481463,0.028703658
14141,1.3503126,0.21996026,2.4806647,1.378992,0.0,1.378992,0.344748
14142,0.16562964,0.23207052,0.09918877,0.13111232,0.0,0.13111232,0.03277808
14143,0.41273102,0.23681396,0.588648,0.11812961,0.0,0.11812961,0.029532403
14144,0.2397042,0.24089278,0.23851562,0.37787294,0.0,0.37787294,0.094468236
14145,0.25969127,0.23683572,0.28254685,0.5321219,0.0,0.5321219,0.13303047
14146,0.5029734,0.24398464,0.7619622,0.23094887,0.0,0.23094887,0.057737216
14147,0.52735406,0.25257233,0.80213577,0.2411353,0.0,0.2411353,0.060283825
14148,1.4057261,0.27509236,2.5363598,1.2708329,0.0,1.2708329,0.31770822
14149,0.2798075,0.28319952,0.2764155,0.35218108,0.0,0.35218108,0.08804527
14150,0.21122603,0.29207358,0.13037844,0.08284823,0.0,0.08284823,0.020712057
14151,0.31465182,0.30288982,0.32641378,0.83132523,0.0,0.83132523,0.20783131
14152,0.25552315,0.28798887,0.22305743,0.17932247,0.0,0.17932247,0.044830617
14153,0.26035696,0.2716829,0.24903102,0.33166298,0.0,0.33166298,0.082915746
14154,0.3377032,0.2888774,0.386529,0.048693936,0.0,0.048693936,0.012173484
14155,0.28709307,0.31423232,0.2599539,0.1250884,0.0,0.1250884,0.0312721
14156,0.37554672,0.33829722,0.41279626,1.0289294,0.0,1.0289294,0.25723234
14157,0.5534642,0.39026606,0.71666235,0.08892163,0.0,0.08892163,0.022230407
14158,0.55840236,0.43849707,0.6783077,0.07145741,0.0,0.07145741,0.017864352
14159,0.37215498,0.49147618,0.2528338,0.3534973,0.0,0.3534973,0.088374324
14160,0.88249713,0.55191475,1.2130796,0.16947563,0.0,0.16947563,0.042368907
14161,1.922028,0.6091816,3.234874,1.0890158,0.0,1.0890158,0.27225396
14162,0.6068253,0.6285061,0.5851445,0.025306834,0.0,0.025306834,0.0063267085
14163,1.233692,0.63413525,1.833249,0.47892419,0.0,0.47892419,0.119731046
14164,0.74806005,0.64348865,0.8526314,0.042716343,0.0,0.042716343,0.010679086
14165,0.4996501,0.6349476,0.36435258,0.21451826,0.0,0.21451826,0.053629566
14166,0.4728396,0.6222785,0.32340062,0.1861548,0.0,0.1861548,0.0465387
14167,0.48909843,0.6084874,0.3697094,0.2758886,0.0,0.2758886,0.06897215
14168,0.56907326,0.6202702,0.5178763,0.05333646,0.0,0.05333646,0.013334115
14169,1.2930089,0.6339243,1.9520936,0.5564063,0.0,0.5564063,0.13910158
14170,0.78923196,0.5956827,0.98278123,0.11269075,0.0,0.11269075,0.028172687
14171,0.62619036,0.5402588,0.71212196,0.06216495,0.0,0.06216495,0.015541238
14172,0.39925313,0.49078622,0.30771998,0.20617308,0.0,0.20617308,0.05154327
14173,0.4816682,0.3957192,0.5676172,1.1485797,0.0,1.1485797,0.28714493
14174,0.30111232,0.32458985,0.27763477,0.09903816,0.0,0.09903816,0.02475954
14175,0.28008804,0.25250605,0.30767003,0.03023856,0.0,0.03023856,0.00755964
14176,0.16781361,0.18607683,0.14955041,0.038551766,0.0,0.038551766,0.009637942
14177,0.20226116,0.13796407,0.26655826,0.08362779,0.0,0.08362779,0.020906948
14178,0.88923246,0.10884086,1.669624,1.0971181,0.0,1.0971181,0.27427953
14179,0.1763887,0.09927996,0.25349745,0.20538683,0.0,0.20538683,0.051346708
14180,0.59449476,0.09923646,1.089753,1.4247789,0.0,1.4247789,0.35619473
14181,0.76164967,0.10647127,1.4168282,0.93156797,0.0,0.93156797,0.23289199
14182,0.22798495,0.115421474,0.34054843,0.5090541,0.0,0.5090541,0.12726353
14183,0.12434105,0.12226968,0.1264124,0.10685494,0.0,0.10685494,0.026713734
14184,0.9421435,0.12919758,1.7550894,1.1456861,0.0,1.1456861,0.28642154
14185,0.19801652,0.1322438,0.26378927,0.09329206,0.0,0.09329206,0.023323014
14186,0.2141604,0.12881756,0.29950324,0.10503466,0.0,0.10503466,0.026258664
14187,0.13570605,0.1338294,0.13758267,0.27773872,0.0,0.27773872,0.06943468
14188,0.14648795,0.14192902,0.15104687,0.032484237,0.0,0.032484237,0.008121059
14189,0.36757565,0.14800636,0.5871449,0.9011545,0.0,0.9011545,0.22528863
14190,0.3238894,0.14215326,0.50562555,0.1686225,0.0,0.1686225,0.042155623
14191,0.46942386,0.1352195,0.8036282,1.1316937,0.0,1.1316937,0.28292343
14192,0.19547115,0.13021235,0.26072994,0.40887913,0.0,0.40887913,0.10221978
14193,0.17521028,0.13306624,0.21735431,0.30341387,0.0,0.30341387,0.07585347
14194,0.51026946,0.13325636,0.88728255,0.4861065,0.0,0.4861065,0.12152662
14195,0.2509099,0.13286228,0.3689575,0.5465615,0.0,0.5465615,0.13664037
14196,0.16223419,0.13030839,0.19415998,0.08032546,0.0,0.08032546,0.020081365
14197,0.4124669,0.11130228,0.7136316,0.38515654,0.0,0.38515654,0.096289136
14198,0.45732093,0.09981933,0.8148225,0.47050035,0.0,0.47050035,0.11762509
14199,0.17525955,0.0898386,0.2606805,0.22001898,0.0,0.22001898,0.055004746
14200,1.1629263,0.084228896,2.2416239,1.8003927,0.0,1.8003927,0.4500982
14201,0.6491697,0.08415257,1.2141868,0.86432916,0.0,0.86432916,0.21608229
14202,0.091028295,0.09082094,0.091235645,0.17052819,0.0,0.17052819,0.042632047
14203,0.24862713,0.100217134,0.39703712,0.20687632,0.0,0.20687632,0.05171908
14204,0.58702725,0.10808972,1.0659647,0.60809916,0.0,0.60809916,0.15202479
14205,0.12664159,0.11516673,0.13811643,0.032894872,0.0,0.032894872,0.008223718
14206,0.5698876,0.12053827,1.0192369,0.5131149,0.0,0.5131149,0.12827873
14207,0.6522779,0.12802167,1.176534,0.61760765,0.0,0.61760765,0.15440191
14208,0.11849078,0.14267087,0.09431068,0.2046837,0.0,0.2046837,0.051170927
