base_start,pair_mse,none_mse,event_mse,separation_mse,predicted_separation_energy,true_separation_energy,ambiguity_floor
11424,0.37968573,0.12795986,0.6314116,0.28535724,0.0,0.28535724,0.07133931
11425,0.12614645,0.12825961,0.124033295,0.08018756,0.0,0.08018756,0.02004689
11426,0.20121908,0.12546511,0.27697304,0.4641658,0.0,0.4641658,0.11604145
11427,0.18981028,0.12829202,0.25132856,0.49753729,0.0,0.49753729,0.12438432
11428,0.68541694,0.14202975,1.2288041,0.64418745,0.0,0.64418745,0.16104686
11429,1.0784584,0.15161918,2.0052977,1.1705914,0.0,1.1705914,0.29264784
11430,0.40921888,0.15568872,0.66274905,0.26761746,0.0,0.26761746,0.066904366
11431,0.16776323,0.1490448,0.18648165,0.25356597,0.0,0.25356597,0.06339149
11432,0.6034867,0.1442936,1.0626799,0.51484823,0.0,0.51484823,0.12871206
11433,0.14414941,0.1363386,0.15196021,0.16548602,0.0,0.16548602,0.041371506
11434,0.10423907,0.10680463,0.101673506,0.05684636,0.0,0.05684636,0.01421159
11435,0.1188946,0.07370735,0.16408183,0.22496699,0.0,0.22496699,0.056241747
11436,0.5248249,0.052158583,0.9974912,0.75096816,0.0,0.75096816,0.18774204
11437,0.27608493,0.051024865,0.50114495,0.65895087,0.0,0.65895087,0.16473772
11438,0.24383576,0.058045983,0.42962554,0.63676566,0.0,0.63676566,0.15919141
11439,0.111575074,0.06251178,0.16063838,0.043024767,0.0,0.043024767,0.010756192
11440,0.34932804,0.05936609,0.63929003,0.39493278,0.0,0.39493278,0.098733194
11441,0.12620616,0.056596205,0.19581611,0.089006566,0.0,0.089006566,0.022251641
11442,0.3038617,0.05133574,0.5563877,0.36645815,0.0,0.36645815,0.09161454
11443,0.066424295,0.04485171,0.08799688,0.037758037,0.0,0.037758037,0.009439509
11444,0.44117633,0.047099736,0.83525294,1.0529885,0.0,1.0529885,0.26324713
11445,0.17073298,0.06624756,0.2752184,0.12806688,0.0,0.12806688,0.03201672
11446,0.5191517,0.091451794,0.94685155,0.5536609,0.0,0.5536609,0.13841523
11447,0.10052725,0.10951733,0.09153718,0.050815355,0.0,0.050815355,0.012703839
11448,0.9693076,0.11635372,1.8222615,1.1808769,0.0,1.1808769,0.2952192
11449,0.24667649,0.11753449,0.3758185,0.13180041,0.0,0.13180041,0.032950103
11450,0.30069008,0.117064714,0.48431548,0.20701618,0.0,0.20701618,0.051754046
11451,0.11358843,0.115318514,0.11185836,0.15489784,0.0,0.15489784,0.03872446
11452,0.14887801,0.11145663,0.18629938,0.28224784,0.0,0.28224784,0.07056196
11453,0.09525176,0.103289515,0.087214015,0.060838897,0.0,0.060838897,0.015209724
11454,0.24735232,0.0973146,0.39739004,0.59930795,0.0,0.59930795,0.14982699
11455,0.45192337,0.10036645,0.8034803,0.4617387,0.0,0.4617387,0.11543468
11456,0.20909117,0.09801973,0.32016262,0.120045744,0.0,0.120045744,0.030011436
11457,0.4512019,0.07996774,0.82243603,0.5719064,0.0,0.5719064,0.1429766
11458,0.08782048,0.060026407,0.115614556,0.043206453,0.0,0.043206453,0.010801613
11459,0.07958082,0.049770843,0.109390795,0.10399109,0.0,0.10399109,0.025997773
11460,0.10765797,0.051891074,0.16342486,0.072323225,0.0,0.072323225,0.018080806
11461,0.5593845,0.069372974,1.049396,0.7316639,0.0,0.7316639,0.18291597
11462,0.16542548,0.07911938,0.25173157,0.28139096,0.0,0.28139096,0.07034774
11463,0.08781984,0.07574949,0.09989017,0.07414643,0.0,0.07414643,0.018536607
11464,0.07251909,0.06923915,0.07579901,0.090250164,0.0,0.090250164,0.022562541
11465,0.21557893,0.06121899,0.36993888,0.18916059,0.0,0.18916059,0.047290146
11466,0.14038442,0.053103898,0.22766495,0.15229906,0.0,0.15229906,0.038074765
11467,0.3779242,0.046486806,0.7093616,0.64497083,0.0,0.64497083,0.16124271
11468,0.0667266,0.047261626,0.08619159,0.06185474,0.0,0.06185474,0.015463685
11469,0.55879045,0.055893358,1.0616876,0.9526183,0.0,0.9526183,0.23815458
11470,0.6454025,0.07098833,1.2198166,1.3464446,0.0,1.3464446,0.33661115
11471,0.8220337,0.08198008,1.5620874,1.6709595,0.0,1.6709595,0.41773987
11472,0.120273225,0.08990067,0.15064578,0.045307774,0.0,0.045307774,0.0113269435
11473,0.58280754,0.09576132,1.0698538,0.7678766,0.0,0.7678766,0.19196916
11474,0.13224392,0.08568436,0.17880349,0.13053204,0.0,0.13053204,0.03263301
11475,0.455397,0.07439067,0.83640337,0.7365403,0.0,0.7365403,0.18413508
11476,0.1437837,0.06992417,0.21764326,0.16542761,0.0,0.16542761,0.041356903
11477,0.7661255,0.06716184,1.4650892,1.3268656,0.0,1.3268656,0.3317164
11478,0.22167468,0.07081904,0.37253034,0.33438137,0.0,0.33438137,0.08359534
11479,0.69437844,0.07592126,1.3128357,1.3299096,0.0,1.3299096,0.3324774
11480,0.09806112,0.0743748,0.121747434,0.05641227,0.0,0.05641227,0.014103067
11481,0.6295725,0.07493476,1.1842103,0.965223,0.0,0.965223,0.24130575
11482,0.09050995,0.075264126,0.10575578,0.1466377,0.0,0.1466377,0.036659423
11483,0.34728417,0.08030311,0.6142652,0.3639637,0.0,0.3639637,0.09099092
11484,0.18441242,0.08729252,0.28153232,0.16640589,0.0,0.16640589,0.04160147
11485,0.12239844,0.090718605,0.15407829,0.073508374,0.0,0.073508374,0.018377094
11486,0.3912593,0.09014473,0.69237393,0.8239465,0.0,0.8239465,0.20598662
11487,0.14955623,0.087626874,0.21148558,0.08963957,0.0,0.08963957,0.022409892
11488,0.13984649,0.08674944,0.19294353,0.08578333,0.0,0.08578333,0.021445833
11489,0.13946025,0.08362191,0.19529857,0.2925268,0.0,0.2925268,0.0731317
11490,0.5998695,0.084586956,1.115152,0.73465484,0.0,0.73465484,0.18366371
11491,0.14720374,0.08191124,0.21249624,0.12057572,0.0,0.12057572,0.03014393
11492,0.4336762,0.07703198,0.7903204,0.48780665,0.0,0.48780665,0.12195166
11493,0.48317647,0.081700034,0.8846529,0.5450279,0.0,0.5450279,0.13625698
11494,0.1298859,0.09318177,0.16659,0.21364255,0.0,0.21364255,0.053410638
11495,0.19984551,0.09839865,0.3012924,0.3928702,0.0,0.3928702,0.09821755
11496,0.36346224,0.09908142,0.6278431,0.36125946,0.0,0.36125946,0.090314865
11497,0.2004658,0.10126088,0.2996707,0.15552293,0.0,0.15552293,0.038880732
11498,0.20973296,0.100238524,0.31922743,0.422511,0.0,0.422511,0.10562775
11499,0.1302055,0.09788477,0.16252623,0.08437566,0.0,0.08437566,0.021093914
11500,0.57817125,0.087881126,1.0684614,1.1988732,0.0,1.1988732,0.2997183
11501,0.1310221,0.07594114,0.18610305,0.23856115,0.0,0.23856115,0.05964029
11502,0.2399593,0.0736055,0.4063131,0.21847236,0.0,0.21847236,0.05461809
11503,0.10646983,0.07432466,0.138615,0.1635956,0.0,0.1635956,0.0408989
11504,0.54560024,0.077432685,1.0137677,1.0934292,0.0,1.0934292,0.2733573
11505,0.25909615,0.0846721,0.4335202,0.20524871,0.0,0.20524871,0.05131218
11506,0.23689874,0.09864447,0.37515298,0.55849,0.0,0.55849,0.1396225
11507,0.1604136,0.11700275,0.20382445,0.3976208,0.0,0.3976208,0.0994052
11508,0.13984856,0.13059583,0.14910129,0.3617657,0.0,0.3617657,0.09044143
11509,0.14838715,0.117815234,0.17895906,0.026368327,0.0,0.026368327,0.006592082
11510,0.097697675,0.12286053,0.07253483,0.17209633,0.0,0.17209633,0.04302408
11511,0.14169432,0.14056946,0.14281918,0.03389336,0.0,0.03389336,0.00847334
11512,0.22244795,0.1696537,0.2752422,0.12467021,0.0,0.12467021,0.031167552
11513,0.23927635,0.19998454,0.27856818,0.050699566,0.0,0.050699566,0.012674891
11514,0.18770391,0.2367026,0.13870522,0.37094903,0.0,0.37094903,0.09273726
11515,0.8560148,0.24245982,1.4695698,0.6137931,0.0,0.6137931,0.15344827
11516,0.27334228,0.24129109,0.3053935,0.039559036,0.0,0.039559036,0.009889759
11517,0.3275215,0.22970445,0.42533854,0.097750984,0.0,0.097750984,0.024437746
11518,0.1378419,0.21526742,0.06041636,0.19914107,0.0,0.19914107,0.049785268
11519,0.46284023,0.20380832,0.72187215,1.2134265,0.0,1.2134265,0.30335662
11520,0.22202885,0.19521523,0.2488425,0.07772831,0.0,0.07772831,0.019432077
11521,0.6221022,0.1858842,1.0583202,0.49895915,0.0,0.49895915,0.12473979
11522,0.43679562,0.18035991,0.69323134,0.94498473,0.0,0.94498473,0.23624618
11523,0.1969053,0.17722632,0.21658428,0.026712721,0.0,0.026712721,0.0066781803
11524,1.1504395,0.17087795,2.130001,1.3629497,0.0,1.3629497,0.34073743
11525,0.18404044,0.16753833,0.20054257,0.053744774,0.0,0.053744774,0.013436194
11526,0.12440866,0.16119935,0.08761796,0.13526928,0.0,0.13526928,0.03381732
11527,0.17166126,0.15503402,0.18828851,0.08032372,0.0,0.08032372,0.02008093
11528,0.2229399,0.16124462,0.2846352,0.06902783,0.0,0.06902783,0.017256958
11529,0.5292983,0.17225946,0.8863371,1.3457369,0.0,1.3457369,0.33643422
11530,0.25955203,0.20290887,0.31619522,0.6300388,0.0,0.6300388,0.1575097
11531,0.7356623,0.22838657,1.2429382,0.5057888,0.0,0.5057888,0.1264472
11532,0.25431284,0.23911287,0.26951277,0.046337474,0.0,0.046337474,0.011584369
11533,0.19084752,0.24570368,0.13599138,0.10884563,0.0,0.10884563,0.027211407
11534,0.43629384,0.24977304,0.62281466,1.1961504,0.0,1.1961504,0.2990376
11535,0.8517511,0.25985792,1.4436442,0.61189455,0.0,0.61189455,0.15297364
11536,0.26812822,0.27746153,0.2587949,0.19537248,0.0,0.19537248,0.04884312
11537,0.26745275,0.28793156,0.24697392,0.20880114,0.0,0.20880114,0.052200284
11538,0.46243525,0.2916658,0.63320464,0.14780714,0.0,0.14780714,0.036951784
11539,0.24414659,0.2915815,0.19671167,0.42159584,0.0,0.42159584,0.10539896
11540,0.6444066,0.26571378,1.0230994,0.36243024,0.0,0.36243024,0.09060756
11541,0.42198607,0.23585187,0.60812026,0.15583976,0.0,0.15583976,0.03895994
11542,0.4008901,0.22356765,0.5782126,0.1680509,0.0,0.1680509,0.042012725
11543,0.25066546,0.20832016,0.2930108,0.31744573,0.0,0.31744573,0.07936143
11544,0.7547324,0.19174242,1.3177223,0.7269764,0.0,0.7269764,0.1817441
11545,0.34672403,0.1791658,0.5142823,0.5810682,0.0,0.5810682,0.14526705
11546,0.45268908,0.16947949,0.73589873,0.92664546,0.0,0.92664546,0.23166136
11547,0.2708743,0.16471125,0.37703738,0.09886833,0.0,0.09886833,0.024717083
11548,0.6225206,0.15744542,1.0875958,0.64561117,0.0,0.64561117,0.16140279
11549,0.18640077,0.15797548,0.21482605,0.1654087,0.0,0.1654087,0.041352175
11550,0.99367785,0.16038467,1.826971,1.2257357,0.0,1.2257357,0.30643392
11551,0.13840535,0.16604275,0.11076796,0.097961426,0.0,0.097961426,0.024490356
11552,0.6214912,0.1871053,1.0558771,1.3348532,0.0,1.3348532,0.3337133
11553,0.6265406,0.21099837,1.0420829,0.5682505,0.0,0.5682505,0.14206262
11554,0.23138107,0.22551735,0.2372448,0.024506582,0.0,0.024506582,0.0061266455
11555,0.24541263,0.21713533,0.2736899,0.3291383,0.0,0.3291383,0.08228458
11556,0.37792587,0.19167012,0.5641816,0.14341739,0.0,0.14341739,0.035854347
11557,0.38754162,0.16818722,0.60689604,0.6429697,0.0,0.6429697,0.16074243
11558,0.47491422,0.16402613,0.78580236,0.8839801,0.0,0.8839801,0.22099502
11559,0.18768048,0.1685859,0.20677505,0.12155589,0.0,0.12155589,0.030388972
11560,0.2597902,0.18323447,0.336346,0.2022965,0.0,0.2022965,0.050574124
11561,0.25046873,0.20143414,0.29950336,0.12726177,0.0,0.12726177,0.031815443
11562,0.2949998,0.22973676,0.36026287,0.11656302,0.0,0.11656302,0.029140756
11563,0.47440386,0.24346077,0.7053469,0.3824323,0.0,0.3824323,0.09560808
11564,0.37555692,0.23187952,0.5192343,0.28630662,0.0,0.28630662,0.071576655
11565,0.96153355,0.21848328,1.7045838,1.112385,0.0,1.112385,0.27809626
11566,0.38034892,0.21100481,0.549693,0.3622639,0.0,0.3622639,0.09056597
11567,0.26400712,0.20372693,0.32428733,0.04279192,0.0,0.04279192,0.01069798
11568,0.16721572,0.19543763,0.13899381,0.053065505,0.0,0.053065505,0.013266376
11569,0.30914506,0.1946253,0.4236648,0.24982278,0.0,0.24982278,0.062455695
11570,0.62000567,0.19031005,1.0497013,0.67733556,0.0,0.67733556,0.16933389
11571,0.87133175,0.18478914,1.5578743,1.1852204,0.0,1.1852204,0.2963051
11572,0.4102136,0.18474324,0.63568395,0.36526906,0.0,0.36526906,0.091317266
11573,0.3009993,0.18377173,0.41822687,0.32638773,0.0,0.32638773,0.08159693
11574,0.52555436,0.18370336,0.86740535,0.4753976,0.0,0.4753976,0.1188494
11575,0.5650985,0.1877174,0.9424796,0.54521495,0.0,0.54521495,0.13630374
11576,0.4095929,0.18971182,0.629474,0.27842826,0.0,0.27842826,0.069607064
11577,0.3960702,0.18561561,0.60652477,0.32530686,0.0,0.32530686,0.081326716
11578,0.4656706,0.1867801,0.744561,0.6221432,0.0,0.6221432,0.1555358
11579,0.32643306,0.18987115,0.46299496,0.28707695,0.0,0.28707695,0.07176924
11580,0.29829052,0.19644666,0.40013435,0.175662,0.0,0.175662,0.0439155
11581,0.5008072,0.18864393,0.81297046,0.6465003,0.0,0.6465003,0.16162507
11582,0.34018064,0.18720646,0.49315485,0.40380517,0.0,0.40380517,0.10095129
11583,0.782574,0.19369276,1.3714553,1.2455336,0.0,1.2455336,0.3113834
11584,0.8715443,0.19953144,1.5435572,1.314592,0.0,1.314592,0.328648
11585,0.1744367,0.20218086,0.14669254,0.2339138,0.0,0.2339138,0.05847845
11586,0.25568816,0.20063598,0.3107403,0.13492422,0.0,0.13492422,0.033731055
11587,0.3346888,0.1928279,0.47654974,0.3130053,0.0,0.3130053,0.078251325
11588,0.21960358,0.17708766,0.2621195,0.108275086,0.0,0.108275086,0.027068771
11589,0.18937932,0.16538078,0.21337785,0.05531819,0.0,0.05531819,0.013829548
11590,0.15703535,0.1580892,0.1559815,0.073539205,0.0,0.073539205,0.018384801
11591,0.35172114,0.15427981,0.54916245,0.53434247,0.0,0.53434247,0.13358562
11592,0.20710915,0.15852413,0.25569418,0.19046383,0.0,0.19046383,0.047615957
11593,0.5209488,0.16146135,0.88043636,0.5358362,0.0,0.5358362,0.13395905
11594,0.5403281,0.158973,0.92168325,1.025599,0.0,1.025599,0.25639975
11595,0.22731268,0.15751605,0.29710934,0.2417485,0.0,0.2417485,0.060437124
11596,0.4576467,0.1619697,0.75332373,0.43452486,0.0,0.43452486,0.108631216
11597,0.28230986,0.17102714,0.39359257,0.36571166,0.0,0.36571166,0.091427915
11598,0.20253472,0.17894565,0.22612381,0.08413625,0.0,0.08413625,0.021034062
11599,0.21237807,0.18212609,0.24263005,0.093046494,0.0,0.093046494,0.023261623
11600,1.0437173,0.18365836,1.9037762,1.4185992,0.0,1.4185992,0.3546498
11601,0.21370439,0.1779875,0.24942125,0.12645341,0.0,0.12645341,0.031613354
11602,0.21465342,0.16448721,0.26481962,0.15882803,0.0,0.15882803,0.03970701
11603,0.28595424,0.15358204,0.4183264,0.31442675,0.0,0.31442675,0.07860669
11604,0.2421961,0.16396971,0.3204225,0.39105216,0.0,0.39105216,0.09776304
11605,0.26794007,0.20540571,0.33047447,0.39900112,0.0,0.39900112,0.09975028
11606,0.33831206,0.25452283,0.42210126,0.043177288,0.0,0.043177288,0.010794322
11607,0.30201134,0.26661298,0.33740965,0.53631335,0.0,0.53631335,0.13407834
11608,0.39945543,0.25652698,0.5423839,0.12400635,0.0,0.12400635,0.031001588
11609,0.3200669,0.22641905,0.41371477,0.06354677,0.0,0.06354677,0.015886692
11610,1.1138567,0.1962688,2.0314445,1.2167244,0.0,1.2167244,0.3041811
11611,0.34495488,0.15967807,0.5302317,0.8910856,0.0,0.8910856,0.2227714
11612,0.11593447,0.13668124,0.0951877,0.044130933,0.0,0.044130933,0.011032733
11613,0.15635033,0.12274251,0.18995814,0.11757532,0.0,0.11757532,0.02939383
11614,0.50759333,0.12155807,0.8936286,0.60095185,0.0,0.60095185,0.15023796
11615,0.263967,0.1260729,0.40186107,0.16194746,0.0,0.16194746,0.040486865
11616,0.13949354,0.13286151,0.14612557,0.10829064,0.0,0.10829064,0.02707266
11617,0.6481088,0.12907724,1.1671404,1.2308646,0.0,1.2308646,0.30771616
11618,0.1863168,0.13104035,0.24159324,0.05467942,0.0,0.05467942,0.013669855
11619,0.5007619,0.13982691,0.8616969,0.9522886,0.0,0.9522886,0.23807216
11620,0.39087927,0.15603063,0.6257279,0.69035465,0.0,0.69035465,0.17258866
11621,0.24100363,0.1803867,0.30162057,0.15495443,0.0,0.15495443,0.03873861
11622,0.28838238,0.19221298,0.3845518,0.24531086,0.0,0.24531086,0.061327714
11623,0.5767455,0.18352526,0.96996576,1.1548066,0.0,1.1548066,0.28870165
11624,0.61716384,0.15275662,1.0815711,0.70971984,0.0,0.70971984,0.17742996
11625,0.40322053,0.12222298,0.6842181,0.5702237,0.0,0.5702237,0.14255592
11626,0.1370508,0.09668379,0.1774178,0.1794204,0.0,0.1794204,0.0448551
11627,0.12438025,0.084691525,0.16406898,0.07355097,0.0,0.07355097,0.018387742
11628,0.35054585,0.09022016,0.61087155,0.7626696,0.0,0.7626696,0.1906674
11629,0.50129133,0.104879566,0.8977032,1.2586994,0.0,1.2586994,0.31467485
11630,0.19795454,0.11704776,0.2788613,0.47688103,0.0,0.47688103,0.11922026
11631,0.104263306,0.12642026,0.08210636,0.11937076,0.0,0.11937076,0.02984269
11632,1.0533713,0.12974103,1.9770015,1.4088945,0.0,1.4088945,0.35222363
11633,0.19769542,0.12045038,0.27494046,0.47615156,0.0,0.47615156,0.11903789
11634,0.11397141,0.11315342,0.11478942,0.22948253,0.0,0.22948253,0.057370633
11635,0.120263726,0.100757934,0.13976951,0.043421254,0.0,0.043421254,0.010855313
11636,0.57133126,0.09150758,1.051155,0.6995852,0.0,0.6995852,0.1748963
11637,0.468758,0.09281725,0.8446987,0.4872905,0.0,0.4872905,0.121822625
11638,0.68939114,0.09687435,1.2819079,1.47547,0.0,1.47547,0.3688675
11639,0.16301289,0.10283548,0.22319031,0.10036576,0.0,0.10036576,0.02509144
11640,0.15865116,0.10351342,0.21378888,0.108727135,0.0,0.108727135,0.027181784
11641,0.1091884,0.10022629,0.11815051,0.019085295,0.0,0.019085295,0.004771324
11642,0.51014584,0.08760214,0.9326896,0.6738828,0.0,0.6738828,0.1684707
11643,0.31949106,0.08211861,0.55686355,0.32561758,0.0,0.32561758,0.081404395
11644,0.12118433,0.081184655,0.161184,0.067890875,0.0,0.067890875,0.016972719
11645,0.16080971,0.08749026,0.23412915,0.22740893,0.0,0.22740893,0.056852233
11646,0.114713304,0.0982211,0.1312055,0.056970317,0.0,0.056970317,0.014242579
11647,0.7062917,0.098269366,1.314314,0.9295459,0.0,0.9295459,0.23238647
11648,0.1381069,0.091673315,0.18454047,0.24640031,0.0,0.24640031,0.061600078
11649,0.11068352,0.082282305,0.13908474,0.07006695,0.0,0.07006695,0.017516738
11650,0.42553854,0.08233041,0.7687467,0.47109723,0.0,0.47109723,0.11777431
11651,0.24061473,0.08871377,0.3925157,0.17852347,0.0,0.17852347,0.044630866
11652,0.19858277,0.09597973,0.30118582,0.43963838,0.0,0.43963838,0.109909594
11653,0.1340743,0.097577594,0.17057101,0.06387954,0.0,0.06387954,0.015969886
11654,0.09678797,0.09047369,0.10310226,0.101324715,0.0,0.101324715,0.025331179
11655,0.17906232,0.084305525,0.27381912,0.31172487,0.0,0.31172487,0.07793122
11656,0.6225753,0.08520973,1.1599408,1.5070492,0.0,1.5070492,0.3767623
11657,0.1179745,0.09596723,0.13998176,0.15007319,0.0,0.15007319,0.037518296
11658,1.1632761,0.13044031,2.1961117,1.4097339,0.0,1.4097339,0.35243347
11659,0.6172747,0.16822211,1.0663272,0.49767032,0.0,0.49767032,0.12441758
11660,0.23980103,0.17906016,0.3005419,0.4620979,0.0,0.4620979,0.11552448
11661,0.8024656,0.17402773,1.4309034,0.710475,0.0,0.710475,0.17761876
11662,0.1461287,0.15586156,0.13639583,0.17451023,0.0,0.17451023,0.043627556
11663,0.14866035,0.14093773,0.15638296,0.15727101,0.0,0.15727101,0.039317753
11664,0.1660146,0.10368649,0.2283427,0.069934815,0.0,0.069934815,0.017483704
11665,0.114777714,0.07240742,0.15714802,0.13792314,0.0,0.13792314,0.034480784
11666,0.34369886,0.05896908,0.62842864,0.45987558,0.0,0.45987558,0.114968896
11667,0.3472863,0.054845124,0.6397275,0.6793706,0.0,0.6793706,0.16984265
11668,0.4886297,0.05607447,0.92118496,1.0074185,0.0,1.0074185,0.25185463
11669,0.14279862,0.068505496,0.21709175,0.08402919,0.0,0.08402919,0.021007298
11670,0.14801748,0.07328639,0.22274856,0.16934997,0.0,0.16934997,0.042337492
11671,0.18114853,0.073738836,0.28855821,0.123528354,0.0,0.123528354,0.030882088
11672,0.39515916,0.08968731,0.7006311,0.48296487,0.0,0.48296487,0.12074122
11673,0.30491242,0.10668246,0.5031424,0.54015416,0.0,0.54015416,0.13503854
11674,0.8332246,0.13528042,1.5311688,0.91242856,0.0,0.91242856,0.22810714
11675,0.1438157,0.16078816,0.12684323,0.07067803,0.0,0.07067803,0.017669508
11676,0.31444708,0.18769193,0.44120225,0.108305,0.0,0.108305,0.02707625
11677,0.18077527,0.18701303,0.1745375,0.08522836,0.0,0.08522836,0.02130709
11678,0.7762987,0.17024238,1.3823551,0.6802895,0.0,0.6802895,0.17007238
11679,0.26479602,0.13581496,0.39377704,0.09774061,0.0,0.09774061,0.024435153
11680,0.08429861,0.080713786,0.087883435,0.1724974,0.0,0.1724974,0.04312435
11681,0.2514088,0.054312024,0.44850552,0.39015254,0.0,0.39015254,0.097538136
11682,0.6518205,0.04301083,1.2606302,1.1944774,0.0,1.1944774,0.29861936
11683,0.2577771,0.04286768,0.47268653,0.46910214,0.0,0.46910214,0.117275536
11684,0.2486399,0.050374527,0.4469053,0.5263669,0.0,0.5263669,0.13159172
11685,0.069795005,0.05680564,0.08278436,0.11321918,0.0,0.11321918,0.028304795
11686,0.19086148,0.053788323,0.32793465,0.30355334,0.0,0.30355334,0.075888336
11687,0.27667657,0.044700194,0.508653,0.48487392,0.0,0.48487392,0.12121848
11688,0.21251285,0.03776069,0.387265,0.30986032,0.0,0.30986032,0.07746508
11689,0.2299511,0.040313706,0.41958848,0.31558633,0.0,0.31558633,0.07889658
11690,0.21401016,0.048793327,0.379227,0.44909444,0.0,0.44909444,0.11227361
11691,0.17437685,0.05832055,0.29043314,0.3714386,0.0,0.3714386,0.09285965
11692,0.19325238,0.062658064,0.3238467,0.15768872,0.0,0.15768872,0.03942218
11693,0.9137848,0.062569045,1.7650007,1.4940977,0.0,1.4940977,0.37352443
11694,0.456997,0.0634151,0.85057884,0.5493372,0.0,0.5493372,0.1373343
11695,0.09044268,0.05814947,0.12273588,0.10907793,0.0,0.10907793,0.027269483
11696,0.094415225,0.05450511,0.13432534,0.12584731,0.0,0.12584731,0.031461827
11697,0.098047994,0.05040888,0.1456871,0.06749203,0.0,0.06749203,0.016873008
11698,0.14088354,0.04868215,0.23308492,0.24819493,0.0,0.24819493,0.062048733
11699,0.08513907,0.049898162,0.120379984,0.037959445,0.0,0.037959445,0.009489861
11700,0.40942717,0.053644855,0.7652095,0.51088524,0.0,0.51088524,0.12772131
11701,0.0973568,0.06885609,0.12585752,0.08931655,0.0,0.08931655,0.022329137
11702,0.2566091,0.085121565,0.42809668,0.15884244,0.0,0.15884244,0.03971061
11703,0.6206327,0.07435781,1.1669077,0.76239705,0.0,0.76239705,0.19059926
11704,0.23127061,0.06544014,0.39710107,0.5613002,0.0,0.5613002,0.14032505
11705,0.33884382,0.060995024,0.6166926,0.3960332,0.0,0.3960332,0.0990083
11706,0.2846906,0.058760766,0.5106204,0.33911896,0.0,0.33911896,0.08477974
11707,0.24754763,0.053881895,0.44121337,0.2975135,0.0,0.2975135,0.07437838
11708,0.35943416,0.049013052,0.6698553,0.49918652,0.0,0.49918652,0.12479663
11709,0.23292418,0.053919453,0.4119289,0.21965265,0.0,0.21965265,0.054913163
11710,1.2367501,0.072185814,2.4013145,1.8383566,0.0,1.8383566,0.45958915
11711,0.10032169,0.09309734,0.10754603,0.049461666,0.0,0.049461666,0.012365417
11712,0.20562916,0.09661911,0.31463918,0.122472085,0.0,0.122472085,0.030618021
11713,0.30385116,0.090444736,0.5172576,0.84002596,0.0,0.84002596,0.21000649
11714,0.35035393,0.07967042,0.6210374,0.90507776,0.0,0.90507776,0.22626944
11715,0.11147774,0.07175384,0.15120165,0.06818794,0.0,0.06818794,0.017046984
11716,0.107190825,0.07050198,0.14387968,0.07782513,0.0,0.07782513,0.019456282
11717,0.19772108,0.07103241,0.32440975,0.5687633,0.0,0.5687633,0.14219083
11718,0.9286724,0.075972214,1.7813725,1.2565624,0.0,1.2565624,0.3141406
11719,0.4055834,0.078712516,0.7324543,1.0566454,0.0,1.0566454,0.26416135
11720,0.083678454,0.07850431,0.08885261,0.052624136,0.0,0.052624136,0.013156034
11721,0.20793575,0.06930067,0.34657085,0.4641885,0.0,0.4641885,0.11604712
11722,0.09240862,0.05602398,0.12879325,0.05513519,0.0,0.05513519,0.013783798
11723,0.07863928,0.04778139,0.10949717,0.050713364,0.0,0.050713364,0.012678341
11724,0.41551223,0.050090794,0.7809337,0.9239271,0.0,0.9239271,0.23098178
11725,0.8408435,0.07208739,1.6095996,1.1260806,0.0,1.1260806,0.28152016
11726,0.13800274,0.07923008,0.19677539,0.07414702,0.0,0.07414702,0.018536756
11727,0.8556414,0.07005661,1.6412263,1.2163322,0.0,1.2163322,0.30408305
11728,0.12135259,0.06311733,0.17958784,0.28249562,0.0,0.28249562,0.070623904
11729,0.42247856,0.05442011,0.79053706,1.0133504,0.0,1.0133504,0.2533376
11730,0.089977026,0.051266015,0.12868804,0.097801596,0.0,0.097801596,0.024450399
11731,0.34586552,0.04720217,0.64452887,0.8057774,0.0,0.8057774,0.20144434
11732,0.1073828,0.047223922,0.16754167,0.24009497,0.0,0.24009497,0.060023744
11733,0.5851973,0.052371163,1.1180235,0.844053,0.0,0.844053,0.21101324
11734,0.8010636,0.059045043,1.5430822,1.1957685,0.0,1.1957685,0.29894212
11735,0.1833225,0.07006925,0.29657578,0.4396473,0.0,0.4396473,0.10991182
11736,0.2807484,0.08075395,0.48074284,0.22875898,0.0,0.22875898,0.057189744
11737,0.3899156,0.082181245,0.69764996,0.3932868,0.0,0.3932868,0.0983217
11738,0.19801873,0.073225625,0.3228118,0.15846045,0.0,0.15846045,0.039615113
11739,0.61034966,0.06660062,1.1540986,1.4641663,0.0,1.4641663,0.36604157
11740,0.0992375,0.066616066,0.13185893,0.07469773,0.0,0.07469773,0.018674433
11741,0.08526359,0.07070023,0.099826954,0.035798993,0.0,0.035798993,0.008949748
11742,0.42568433,0.08414083,0.7672278,1.1410403,0.0,1.1410403,0.28526008
11743,0.24408562,0.09649404,0.39167723,0.6805554,0.0,0.6805554,0.17013885
11744,0.2774792,0.1036217,0.45133674,0.16769831,0.0,0.16769831,0.041924577
11745,0.48788488,0.09854176,0.877228,0.505116,0.0,0.505116,0.126279
11746,0.1322065,0.07757241,0.1868406,0.14768735,0.0,0.14768735,0.036921836
11747,0.1772493,0.05878483,0.29571375,0.16523476,0.0,0.16523476,0.04130869
11748,0.48138592,0.04534267,0.91742915,0.80324715,0.0,0.80324715,0.20081179
11749,0.21891938,0.03945299,0.39838576,0.43094674,0.0,0.43094674,0.107736684
11750,0.13690859,0.042940527,0.23087664,0.14570756,0.0,0.14570756,0.03642689
11751,0.43897024,0.04688927,0.8310512,0.9442242,0.0,0.9442242,0.23605604
11752,0.266503,0.045391515,0.4876145,0.34866342,0.0,0.34866342,0.087165855
11753,0.72143537,0.0429313,1.3999395,1.2235968,0.0,1.2235968,0.3058992
11754,0.22302409,0.04397021,0.402078,0.2783765,0.0,0.2783765,0.06959412
11755,0.0544226,0.040872764,0.06797243,0.04982816,0.0,0.04982816,0.01245704
11756,0.080701716,0.03902098,0.12238246,0.065052405,0.0,0.065052405,0.016263101
11757,0.19584726,0.04135007,0.35034442,0.23340827,0.0,0.23340827,0.058352068
11758,0.16679035,0.049230248,0.28435043,0.15677051,0.0,0.15677051,0.039192628
11759,0.06705658,0.06523507,0.06887809,0.060670365,0.0,0.060670365,0.015167591
11760,0.15665188,0.08175794,0.23154582,0.27374652,0.0,0.27374652,0.06843663
11761,1.1750653,0.092569776,2.2575607,1.6091324,0.0,1.6091324,0.4022831
11762,0.1775949,0.084072806,0.27111697,0.10809225,0.0,0.10809225,0.027023062
11763,0.099476464,0.06863427,0.13031866,0.19376701,0.0,0.19376701,0.048441753
11764,0.8225979,0.06412557,1.5810703,1.1626459,0.0,1.1626459,0.29066148
11765,0.28273615,0.06767001,0.49780226,0.28035304,0.0,0.28035304,0.07008826
11766,0.87221354,0.07323854,1.6711885,1.1749129,0.0,1.1749129,0.29372823
11767,0.27517307,0.08463752,0.4657086,0.21148044,0.0,0.21148044,0.05287011
11768,0.4876515,0.084719144,0.8905838,1.1989242,0.0,1.1989242,0.29973105
11769,1.0263493,0.078101076,1.9745976,1.4390024,0.0,1.4390024,0.3597506
11770,0.08861015,0.058746766,0.11847354,0.11149629,0.0,0.11149629,0.027874073
11771,0.1902442,0.057845056,0.3226433,0.37281212,0.0,0.37281212,0.09320303
11772,0.2888564,0.07380041,0.5039124,0.33413807,0.0,0.33413807,0.08353452
11773,0.2041194,0.12471888,0.28351995,0.5767293,0.0,0.5767293,0.14418232
11774,0.263304,0.17957194,0.34703603,0.0507419,0.0,0.0507419,0.012685475
11775,0.21738471,0.20143585,0.23333359,0.20036532,0.0,0.20036532,0.05009133
11776,0.20652306,0.15981072,0.25323537,0.049477756,0.0,0.049477756,0.012369439
11777,0.33664727,0.09825441,0.5750401,0.98496324,0.0,0.98496324,0.24624081
11778,0.064421475,0.062121093,0.066721864,0.028125271,0.0,0.028125271,0.007031318
11779,0.08061244,0.04215017,0.119074725,0.051855788,0.0,0.051855788,0.012963947
11780,0.03924123,0.0380329,0.040449552,0.04669894,0.0,0.04669894,0.011674735
11781,0.15987857,0.04708537,0.2726718,0.16448307,0.0,0.16448307,0.041120768
11782,0.068033196,0.061883945,0.07418246,0.042212438,0.0,0.042212438,0.010553109
11783,0.411299,0.07752747,0.7450705,0.4931787,0.0,0.4931787,0.123294674
11784,0.5014002,0.09109219,0.9117082,0.662542,0.0,0.662542,0.1656355
11785,0.16313638,0.103515446,0.2227573,0.18486853,0.0,0.18486853,0.046217132
11786,0.62350225,0.10880072,1.1382037,0.77058506,0.0,0.77058506,0.19264627
11787,0.13666937,0.11364136,0.15969737,0.13049446,0.0,0.13049446,0.032623615
11788,0.10943844,0.12429011,0.09458677,0.05679686,0.0,0.05679686,0.014199215
11789,0.4326268,0.13147695,0.7337766,0.39921582,0.0,0.39921582,0.099803954
11790,0.9197712,0.15248968,1.6870527,0.89989156,0.0,0.89989156,0.22497289
11791,0.19816045,0.18537878,0.2109421,0.3026538,0.0,0.3026538,0.07566345
11792,0.530958,0.20382226,0.85809374,0.3212599,0.0,0.3212599,0.08031497
11793,0.80512017,0.18022084,1.4300194,0.694815,0.0,0.694815,0.17370375
11794,0.40552914,0.12984423,0.68121403,0.3247485,0.0,0.3247485,0.08118712
11795,0.2742482,0.1061906,0.44230583,0.22614674,0.0,0.22614674,0.056536686
11796,0.21866357,0.078761496,0.35856566,0.15192409,0.0,0.15192409,0.037981022
11797,0.16558598,0.05365756,0.2775144,0.28580064,0.0,0.28580064,0.07145016
11798,0.2782442,0.035807,0.5206814,0.45493427,0.0,0.45493427,0.11373357
11799,0.44235647,0.031338852,0.85337406,0.89701796,0.0,0.89701796,0.22425449
11800,0.24881978,0.026839318,0.47080025,0.50304276,0.0,0.50304276,0.12576069
11801,0.8127783,0.021727579,1.603829,1.5665159,0.0,1.5665159,0.39162898
11802,0.20253147,0.01940847,0.38565448,0.39206526,0.0,0.39206526,0.098016314
11803,0.36082944,0.020789666,0.70086914,0.71369123,0.0,0.71369123,0.17842281
11804,0.14747243,0.024850016,0.27009484,0.25053442,0.0,0.25053442,0.062633604
11805,0.15608302,0.02788593,0.2842801,0.17403321,0.0,0.17403321,0.043508302
11806,0.5416948,0.0328669,1.0505228,1.0503142,0.0,1.0503142,0.26257855
11807,0.113005914,0.03943481,0.18657702,0.09115163,0.0,0.09115163,0.022787908
11808,0.3719604,0.05494532,0.6889755,0.49719802,0.0,0.49719802,0.124299504
11809,0.10621979,0.0693298,0.14310978,0.13454668,0.0,0.13454668,0.03363667
11810,0.10721114,0.07015231,0.14426997,0.15234777,0.0,0.15234777,0.038086943
11811,0.07057703,0.061335117,0.07981894,0.032647695,0.0,0.032647695,0.008161924
11812,0.08728405,0.05881247,0.11575562,0.10995994,0.0,0.10995994,0.027489984
11813,0.17510279,0.05343849,0.2967671,0.17825861,0.0,0.17825861,0.044564653
11814,0.21541774,0.06463373,0.36620176,0.5428722,0.0,0.5428722,0.13571805
11815,0.7821776,0.082474925,1.4818803,0.97251016,0.0,0.97251016,0.24312754
11816,0.22032548,0.08230603,0.35834494,0.16714464,0.0,0.16714464,0.04178616
11817,0.06530744,0.058098987,0.0725159,0.03013459,0.0,0.03013459,0.0075336476
11818,0.31966752,0.032110244,0.60722476,0.5165949,0.0,0.5165949,0.12914872
11819,0.15378204,0.02585884,0.28170523,0.2470438,0.0,0.2470438,0.06176095
11820,0.041901886,0.024151534,0.059652235,0.048876446,0.0,0.048876446,0.012219111
11821,0.06909998,0.024062766,0.114137195,0.107427806,0.0,0.107427806,0.026856951
11822,0.22738047,0.029783988,0.42497694,0.42621946,0.0,0.42621946,0.106554866
11823,0.061605852,0.036156554,0.08705515,0.06539619,0.0,0.06539619,0.016349047
11824,0.34906027,0.038617115,0.6595034,0.58574015,0.0,0.58574015,0.14643504
11825,0.09187428,0.034086496,0.14966208,0.113041155,0.0,0.113041155,0.028260289
11826,0.585957,0.03058888,1.1413251,1.0742034,0.0,1.0742034,0.26855084
11827,0.037976462,0.031017406,0.04493552,0.031918664,0.0,0.031918664,0.007979666
11828,0.22918715,0.03458147,0.42379284,0.49577293,0.0,0.49577293,0.12394323
11829,0.07165248,0.0337851,0.10951986,0.12550159,0.0,0.12550159,0.031375397
11830,0.07947996,0.03036994,0.12858999,0.084688865,0.0,0.084688865,0.021172216
11831,0.20229624,0.026292207,0.37830028,0.32207897,0.0,0.32207897,0.08051974
11832,0.06254423,0.025779212,0.09930924,0.086414196,0.0,0.086414196,0.021603549
11833,0.04000174,0.032177676,0.047825802,0.030349553,0.0,0.030349553,0.007587388
11834,0.11748343,0.037244968,0.19772188,0.13159908,0.0,0.13159908,0.03289977
11835,0.07138224,0.037870217,0.10489426,0.042786364,0.0,0.042786364,0.010696591
11836,0.31040156,0.03417514,0.58662796,0.46925867,0.0,0.46925867,0.11731467
11837,0.09165474,0.030529564,0.15277992,0.17341483,0.0,0.17341483,0.043353707
11838,0.07653042,0.032971546,0.120089285,0.108207494,0.0,0.108207494,0.027051874
11839,0.5577309,0.039158642,1.0763031,1.2396928,0.0,1.2396928,0.3099232
11840,0.42809403,0.04314515,0.8130429,0.6080552,0.0,0.6080552,0.1520138
11841,0.16215901,0.03668703,0.28763098,0.3397502,0.0,0.3397502,0.08493755
11842,0.11341845,0.026452588,0.20038432,0.17315878,0.0,0.17315878,0.043289695
11843,0.16250743,0.022249013,0.30276585,0.3001453,0.0,0.3001453,0.075036325
11844,0.6625544,0.021794908,1.3033139,1.2564425,0.0,1.2564425,0.31411064
11845,0.07169386,0.024806673,0.118581034,0.10648992,0.0,0.10648992,0.02662248
11846,0.19856595,0.03237283,0.36475906,0.29569557,0.0,0.29569557,0.07392389
11847,0.0873214,0.039844505,0.13479829,0.12859535,0.0,0.12859535,0.032148838
11848,0.060167376,0.048660804,0.07167395,0.033716734,0.0,0.033716734,0.008429184
11849,0.40566158,0.051482644,0.7598405,0.8846641,0.0,0.8846641,0.22116603
11850,0.15380317,0.046269726,0.26133662,0.15344709,0.0,0.15344709,0.038361773
11851,0.059235808,0.04017769,0.07829392,0.07367333,0.0,0.07367333,0.018418333
11852,0.12863727,0.035666265,0.22160828,0.22031756,0.0,0.22031756,0.05507939
11853,0.22866182,0.033142675,0.42418095,0.4067329,0.0,0.4067329,0.10168322
11854,0.1960225,0.031948894,0.3600961,0.30199724,0.0,0.30199724,0.07549931
11855,0.3012694,0.030978462,0.5715604,0.6004781,0.0,0.6004781,0.15011953
11856,0.11059564,0.03605746,0.18513381,0.11427561,0.0,0.11427561,0.028568903
11857,0.13336675,0.040590577,0.22614293,0.2653901,0.0,0.2653901,0.066347525
11858,0.20448105,0.046369493,0.3625926,0.20727713,0.0,0.20727713,0.051819284
11859,0.19010766,0.04830424,0.3319111,0.18054117,0.0,0.18054117,0.045135293
11860,0.13712485,0.04854626,0.22570343,0.103687614,0.0,0.103687614,0.025921904
11861,0.053760886,0.04908368,0.05843809,0.082977936,0.0,0.082977936,0.020744484
11862,0.6138614,0.059069145,1.1686536,1.5582938,0.0,1.5582938,0.38957345
11863,0.14763121,0.06489638,0.23036604,0.33006704,0.0,0.33006704,0.08251676
11864,0.068932004,0.06495201,0.072912015,0.029389666,0.0,0.029389666,0.0073474166
11865,0.059820473,0.061627965,0.05801298,0.05564322,0.0,0.05564322,0.013910805
11866,0.050773423,0.042741284,0.05880556,0.08025334,0.0,0.08025334,0.020063335
11867,0.07723103,0.038578425,0.11588364,0.04805943,0.0,0.04805943,0.0120148575
11868,0.17451398,0.03901156,0.3100164,0.21951596,0.0,0.21951596,0.05487899
11869,0.11805028,0.047517296,0.18858325,0.20064116,0.0,0.20064116,0.05016029
11870,0.16700824,0.053832307,0.28018418,0.15138434,0.0,0.15138434,0.037846085
11871,0.4434469,0.057021458,0.82987237,0.6490405,0.0,0.6490405,0.16226013
11872,0.29462782,0.058004353,0.5312513,0.6781613,0.0,0.6781613,0.16954033
11873,0.4896221,0.053387076,0.92585707,1.1521934,0.0,1.1521934,0.28804836
11874,0.09978157,0.041683685,0.15787946,0.10684005,0.0,0.10684005,0.026710013
11875,0.45229146,0.033454783,0.8711281,0.754816,0.0,0.754816,0.188704
11876,0.396624,0.035574153,0.7576739,0.71978545,0.0,0.71978545,0.17994636
11877,0.118807755,0.040322624,0.19729288,0.13259846,0.0,0.13259846,0.033149615
11878,0.33342203,0.04527835,0.62156564,0.63446933,0.0,0.63446933,0.15861733
11879,0.28413367,0.049868003,0.51839936,0.3710548,0.0,0.3710548,0.0927637
11880,0.649212,0.047780722,1.2506433,1.0362006,0.0,1.0362006,0.25905016
11881,0.17590767,0.042875398,0.30893993,0.37010708,0.0,0.37010708,0.09252677
11882,0.04628253,0.0366673,0.05589776,0.024209598,0.0,0.024209598,0.0060523995
11883,0.145193,0.0342344,0.2561516,0.16368853,0.0,0.16368853,0.04092213
11884,0.07239856,0.033694953,0.111102164,0.123875864,0.0,0.123875864,0.030968966
11885,0.18448728,0.031234773,0.3377398,0.23799568,0.0,0.23799568,0.05949892
11886,0.6416291,0.03215997,1.2510983,1.0626521,0.0,1.0626521,0.26566303
11887,0.583347,0.039131753,1.1275623,0.9437058,0.0,0.9437058,0.23592645
11888,0.4721361,0.05484282,0.8894294,1.038796,0.0,1.038796,0.259699
11889,0.3042267,0.058150243,0.55030316,0.357097,0.0,0.357097,0.08927425
11890,0.70270777,0.047641765,1.3577738,1.1495508,0.0,1.1495508,0.2873877
11891,0.13880146,0.042150453,0.23545246,0.15732019,0.0,0.15732019,0.039330047
11892,0.11026224,0.042918015,0.17760646,0.1697964,0.0,0.1697964,0.0424491
11893,0.23855466,0.043051396,0.43405792,0.3501978,0.0,0.3501978,0.08754945
11894,0.2622569,0.045622945,0.47889087,0.49181762,0.0,0.49181762,0.122954406
11895,0.32565573,0.046825737,0.60448575,0.5091643,0.0,0.5091643,0.12729107
11896,0.08883498,0.048972856,0.12869711,0.05793525,0.0,0.05793525,0.014483812
11897,0.43493113,0.0456427,0.8242195,0.6461825,0.0,0.6461825,0.16154562
11898,0.12708545,0.044534814,0.20963609,0.14571123,0.0,0.14571123,0.036427807
11899,0.41959894,0.041070532,0.79812735,0.7749357,0.0,0.7749357,0.19373393
11900,0.22920913,0.043626577,0.41479167,0.42119965,0.0,0.42119965,0.10529991
11901,0.1957741,0.045042872,0.3465053,0.36107227,0.0,0.36107227,0.09026807
11902,0.10183948,0.04286757,0.1608114,0.13867491,0.0,0.13867491,0.03466873
11903,0.7782485,0.04543305,1.5110639,1.3322226,0.0,1.3322226,0.33305565
11904,0.2746924,0.045948703,0.5034361,0.5476384,0.0,0.5476384,0.1369096
11905,0.7367409,0.04834452,1.4251374,1.6403767,0.0,1.6403767,0.41009417
11906,0.2555304,0.046386216,0.46467456,0.5486521,0.0,0.5486521,0.13716303
11907,0.06916519,0.04384504,0.09448534,0.07819488,0.0,0.07819488,0.01954872
11908,0.80517846,0.045383077,1.5649738,1.3141745,0.0,1.3141745,0.32854363
11909,0.07033146,0.046065748,0.09459718,0.06132552,0.0,0.06132552,0.01533138
11910,0.12456272,0.051909287,0.19721615,0.0929515,0.0,0.0929515,0.023237875
11911,0.12701751,0.05809444,0.19594057,0.09579259,0.0,0.09579259,0.023948148
11912,0.76626164,0.057016116,1.4755073,1.140184,0.0,1.140184,0.285046
11913,0.28047773,0.04495442,0.51600105,0.37622532,0.0,0.37622532,0.09405633
11914,0.07348973,0.04078897,0.106190495,0.054192632,0.0,0.054192632,0.013548158
11915,0.390721,0.03665278,0.7447892,0.6841679,0.0,0.6841679,0.17104198
11916,0.044738214,0.035130247,0.054346174,0.016522512,0.0,0.016522512,0.004130628
11917,0.11970531,0.03747705,0.20193356,0.18664646,0.0,0.18664646,0.046661615
11918,0.09084263,0.04369239,0.13799286,0.118163824,0.0,0.118163824,0.029540956
11919,0.15131874,0.05455285,0.24808465,0.15375407,0.0,0.15375407,0.038438518
11920,0.21630047,0.07067891,0.36192203,0.40511426,0.0,0.40511426,0.101278566
11921,0.1590117,0.07184157,0.24618183,0.12824088,0.0,0.12824088,0.03206022
11922,0.70341796,0.07814319,1.3286928,1.6196527,0.0,1.6196527,0.4049132
11923,0.32241774,0.075736456,0.569099,0.6821032,0.0,0.6821032,0.1705258
11924,0.12000846,0.071169086,0.16884784,0.12758349,0.0,0.12758349,0.031895872
11925,0.19158196,0.061075807,0.3220881,0.29807988,0.0,0.29807988,0.07451997
11926,0.11626556,0.058793437,0.17373769,0.055190336,0.0,0.055190336,0.013797584
11927,0.09611577,0.064745225,0.1274863,0.03743985,0.0,0.03743985,0.009359962
11928,0.12359186,0.07460446,0.17257924,0.13337058,0.0,0.13337058,0.033342645
11929,0.4469951,0.0781725,0.81581765,0.52185863,0.0,0.52185863,0.13046466
11930,0.23582959,0.078072645,0.39358655,0.22756271,0.0,0.22756271,0.056890678
11931,0.27363703,0.08032455,0.46694946,0.5253934,0.0,0.5253934,0.13134836
11932,0.19524531,0.07464091,0.3158497,0.14506263,0.0,0.14506263,0.036265656
11933,0.13997357,0.080551006,0.19939613,0.1570659,0.0,0.1570659,0.039266475
11934,0.11384519,0.1105304,0.117159985,0.12100768,0.0,0.12100768,0.03025192
11935,0.23259191,0.12610275,0.33908105,0.1415679,0.0,0.1415679,0.035391975
11936,0.15213278,0.12190404,0.18236153,0.11312672,0.0,0.11312672,0.02828168
11937,0.15095767,0.11088916,0.1910262,0.025073895,0.0,0.025073895,0.006268474
11938,0.09445272,0.08246762,0.106437825,0.07048076,0.0,0.07048076,0.01762019
11939,0.21964155,0.072223656,0.36705944,0.22000353,0.0,0.22000353,0.055000883
11940,0.9162908,0.077192135,1.7553896,1.6148481,0.0,1.6148481,0.40371203
11941,0.5821679,0.08331356,1.0810223,0.8547597,0.0,0.8547597,0.21368992
11942,0.6427186,0.09399757,1.1914396,0.976314,0.0,0.976314,0.2440785
11943,0.22746246,0.10248961,0.35243526,0.17700355,0.0,0.17700355,0.044250887
11944,0.14329644,0.10828662,0.17830627,0.09563307,0.0,0.09563307,0.023908267
11945,0.23815268,0.10748669,0.36881867,0.14905974,0.0,0.14905974,0.037264936
11946,0.1658948,0.10783845,0.22395116,0.28121027,0.0,0.28121027,0.07030257
11947,0.29861078,0.11196617,0.4852554,0.5629347,0.0,0.5629347,0.14073367
11948,0.51774436,0.11566037,0.9198284,0.6186206,0.0,0.6186206,0.15465514
11949,0.6288006,0.1175436,1.1400576,1.3134102,0.0,1.3134102,0.32835254
11950,0.3678037,0.121346384,0.614261,0.24558909,0.0,0.24558909,0.061397273
11951,0.42337534,0.12828451,0.7184661,0.7935454,0.0,0.7935454,0.19838636
11952,0.13533555,0.13793953,0.13273156,0.0541551,0.0,0.0541551,0.013538775
11953,0.14120366,0.14511833,0.13728899,0.02222798,0.0,0.02222798,0.005556995
11954,0.35823527,0.15551253,0.56095797,0.53924346,0.0,0.53924346,0.13481086
11955,0.3565074,0.1468804,0.5661344,0.50766426,0.0,0.50766426,0.12691607
11956,0.3354975,0.13975364,0.53124136,0.58597654,0.0,0.58597654,0.14649414
11957,0.7243457,0.13946204,1.3092293,1.093094,0.0,1.093094,0.2732735
11958,0.9198219,0.14979146,1.6898524,1.5022417,0.0,1.5022417,0.37556043
11959,0.5633494,0.16943677,0.95726204,0.8091688,0.0,0.8091688,0.2022922
11960,0.56950897,0.18561222,0.9534057,0.7459199,0.0,0.7459199,0.18647997
11961,0.46135974,0.18998529,0.7327342,0.40900388,0.0,0.40900388,0.10225097
11962,0.3341771,0.18299024,0.48536396,0.13949268,0.0,0.13949268,0.03487317
11963,1.0136093,0.18609236,1.8411261,1.4079119,0.0,1.4079119,0.35197797
11964,0.29132214,0.21553229,0.367112,0.15295036,0.0,0.15295036,0.03823759
11965,0.20106055,0.26811042,0.13401069,0.562748,0.0,0.562748,0.140687
11966,0.17991722,0.29593417,0.06390029,0.42921433,0.0,0.42921433,0.10730358
11967,0.38390955,0.29890102,0.46891809,0.94940156,0.0,0.94940156,0.23735039
11968,0.4885508,0.28526706,0.6918346,1.2833806,0.0,1.2833806,0.32084516
11969,1.5095357,0.27954432,2.739527,1.5178471,0.0,1.5178471,0.37946177
11970,1.1542525,0.27693793,2.031567,0.90623784,0.0,0.90623784,0.22655946
11971,0.3611888,0.28459278,0.43778488,0.13954204,0.0,0.13954204,0.03488551
11972,0.6692856,0.28610164,1.0524696,0.26780084,0.0,0.26780084,0.06695021
11973,0.712445,0.2811183,1.1437718,0.3198975,0.0,0.3198975,0.079974376
11974,0.68355113,0.27448627,1.0926161,0.3045129,0.0,0.3045129,0.07612822
11975,0.5482924,0.26156726,0.8350175,0.18260019,0.0,0.18260019,0.045650046
11976,0.67443275,0.241396,1.1074696,0.35872343,0.0,0.35872343,0.08968086
11977,0.34327015,0.21770924,0.46883106,1.0275472,0.0,1.0275472,0.2568868
11978,1.2768515,0.20653106,2.347172,1.5992922,0.0,1.5992922,0.39982304
11979,0.28658822,0.1930571,0.38011935,0.10369804,0.0,0.10369804,0.02592451
11980,0.5186855,0.17950104,0.8578699,0.31142533,0.0,0.31142533,0.07785633
11981,0.6517769,0.18040885,1.123145,1.5552651,0.0,1.5552651,0.38881627
11982,0.3720696,0.19266033,0.5514789,1.1646733,0.0,1.1646733,0.29116833
11983,0.16922754,0.20051046,0.13794462,0.45012116,0.0,0.45012116,0.11253029
11984,0.23216271,0.22995484,0.23437057,0.035320032,0.0,0.035320032,0.008830008
11985,0.5790213,0.2663326,0.89171,0.22577329,0.0,0.22577329,0.056443322
11986,0.32363024,0.31160396,0.33565652,0.13701451,0.0,0.13701451,0.034253627
11987,0.2931817,0.3141532,0.27221015,0.08921457,0.0,0.08921457,0.022303643
11988,0.5112181,0.2814897,0.7409465,0.13679914,0.0,0.13679914,0.034199785
11989,0.20914294,0.2382834,0.1800025,0.3647689,0.0,0.3647689,0.09119222
11990,1.0119065,0.20135117,1.8224617,0.9608976,0.0,0.9608976,0.2402244
11991,1.1843451,0.17714633,2.1915438,1.3875189,0.0,1.3875189,0.34687972
11992,0.7885892,0.16824667,1.4089316,0.8289609,0.0,0.8289609,0.20724022
11993,0.21166293,0.16599222,0.2573336,0.3278799,0.0,0.3278799,0.08196998
11994,0.36538562,0.17126977,0.55950147,0.19748014,0.0,0.19748014,0.049370036
11995,0.26395282,0.19160478,0.33630085,0.041836347,0.0,0.041836347,0.010459087
11996,1.2514178,0.22976352,2.273072,1.1582192,0.0,1.1582192,0.2895548
11997,0.21052153,0.26057687,0.16046618,0.11494389,0.0,0.11494389,0.028735973
11998,0.31002325,0.2857643,0.3342822,0.032744516,0.0,0.032744516,0.008186129
11999,0.6392641,0.30341402,0.97511417,0.2905459,0.0,0.2905459,0.07263648
12000,0.26963127,0.30686045,0.23240207,0.15596198,0.0,0.15596198,0.038990494
12001,0.8359688,0.3121278,1.3598099,0.43099427,0.0,0.43099427,0.10774857
12002,0.49907616,0.2797872,0.71836513,0.14087509,0.0,0.14087509,0.03521877
12003,0.17476128,0.23010518,0.11941737,0.33003405,0.0,0.33003405,0.08250851
12004,1.3416537,0.18658568,2.4967217,1.4294376,0.0,1.4294376,0.3573594
12005,0.230334,0.17254995,0.2881181,0.370888,0.0,0.370888,0.092722
12006,0.16899337,0.16399695,0.17398979,0.51182854,0.0,0.51182854,0.12795714
12007,0.18511045,0.1686387,0.20158218,0.26411203,0.0,0.26411203,0.06602801
12008,0.2840086,0.1788549,0.3891623,0.09861016,0.0,0.09861016,0.02465254
12009,0.61552453,0.16894884,1.0621003,0.48329008,0.0,0.48329008,0.12082252
12010,0.2605056,0.21506608,0.30594513,0.66667384,0.0,0.66667384,0.16666846
12011,0.25782284,0.25456506,0.26108065,0.8151195,0.0,0.8151195,0.20377988
12012,0.52064824,0.22324483,0.81805164,0.2419949,0.0,0.2419949,0.060498726
12013,0.44813922,0.19260454,0.7036739,0.24468738,0.0,0.24468738,0.061171845
12014,1.1296716,0.16374008,2.095603,1.1797724,0.0,1.1797724,0.2949431
12015,0.485033,0.14978878,0.8202772,1.2162247,0.0,1.2162247,0.30405617
12016,1.1726642,0.14523734,2.2000911,1.3308531,0.0,1.3308531,0.33271328
12017,0.14386809,0.16402067,0.1237155,0.16448839,0.0,0.16448839,0.041122098
12018,1.3822093,0.19952494,2.5648937,1.407651,0.0,1.407651,0.35191274
12019,0.47569808,0.21606612,0.73533005,0.23148692,0.0,0.23148692,0.05787173
12020,0.22827919,0.23480225,0.22175616,0.024009945,0.0,0.024009945,0.006002486
12021,0.38452485,0.255703,0.51334673,0.07246543,0.0,0.07246543,0.018116357
12022,0.29339197,0.25984904,0.32693496,0.034635603,0.0,0.034635603,0.008658901
12023,0.47036302,0.23907988,0.70164615,1.4709641,0.0,1.4709641,0.36774102
12024,1.028707,0.19642965,1.8609844,1.1068898,0.0,1.1068898,0.27672246
12025,0.97977346,0.1558365,1.8037105,0.98307866,0.0,0.98307866,0.24576966
12026,0.1319457,0.12133113,0.14256026,0.05110708,0.0,0.05110708,0.01277677
12027,0.7466158,0.09627507,1.3969566,0.9328602,0.0,0.9328602,0.23321505
12028,0.21459591,0.09557984,0.33361197,0.1383564,0.0,0.1383564,0.0345891
12029,0.46247008,0.09785805,0.82708216,0.5244967,0.0,0.5244967,0.13112417
12030,0.48233083,0.093765624,0.87089604,0.51683515,0.0,0.51683515,0.12920879
12031,0.27251878,0.08842582,0.45661175,0.26836666,0.0,0.26836666,0.067091666
12032,0.97266835,0.075093545,1.8702431,1.5189165,0.0,1.5189165,0.37972912
12033,0.15802152,0.07387516,0.2421679,0.088876955,0.0,0.088876955,0.022219239
12034,0.25436231,0.07622721,0.43249738,0.4840993,0.0,0.4840993,0.121024825
12035,0.126714,0.068793714,0.18463428,0.183134,0.0,0.183134,0.0457835
12036,0.0855687,0.0625529,0.108584516,0.03050383,0.0,0.03050383,0.0076259575
12037,0.5724036,0.068034954,1.0767722,0.76467174,0.0,0.76467174,0.19116794
12038,0.18166643,0.068996325,0.29433653,0.17957716,0.0,0.17957716,0.04489429
12039,0.2678308,0.07324922,0.46241236,0.50273436,0.0,0.50273436,0.12568359
12040,0.08582839,0.06868123,0.10297555,0.10445363,0.0,0.10445363,0.026113408
12041,0.08871318,0.062368616,0.11505774,0.036038656,0.0,0.036038656,0.009009664
12042,0.9637558,0.059787795,1.8677238,1.648016,0.0,1.648016,0.412004
12043,0.58688986,0.058004156,1.1157756,0.9426077,0.0,0.9426077,0.23565193
12044,0.23121876,0.05903883,0.40339866,0.3716507,0.0,0.3716507,0.092912674
12045,0.34364697,0.060352225,0.6269417,0.690727,0.0,0.690727,0.17268175
12046,0.12174768,0.06475789,0.17873748,0.10648513,0.0,0.10648513,0.026621282
12047,0.22965775,0.064626195,0.39468932,0.36602798,0.0,0.36602798,0.091506995
12048,0.15201579,0.068055235,0.23597634,0.16445081,0.0,0.16445081,0.041112702
12049,0.3788694,0.07353117,0.6842077,0.47047067,0.0,0.47047067,0.11761767
12050,0.27389073,0.08059895,0.46718252,0.5034916,0.0,0.5034916,0.1258729
12051,0.13575274,0.08271384,0.18879163,0.19997728,0.0,0.19997728,0.04999432
12052,0.39161336,0.07070006,0.7125266,0.52451396,0.0,0.52451396,0.13112849
12053,0.8661408,0.058399003,1.6738825,1.5467148,0.0,1.5467148,0.3866787
12054,0.34819457,0.054444954,0.6419441,0.500151,0.0,0.500151,0.12503774
12055,0.20366804,0.05758792,0.34974813,0.19789672,0.0,0.19789672,0.04947418
12056,0.1149473,0.060358796,0.1695358,0.10548213,0.0,0.10548213,0.026370533
12057,0.28077155,0.055967886,0.50557524,0.3212305,0.0,0.3212305,0.080307625
12058,0.0813002,0.047734156,0.114866234,0.074656345,0.0,0.074656345,0.018664086
12059,0.0683743,0.041639138,0.09510946,0.048344184,0.0,0.048344184,0.012086046
12060,0.60913074,0.04774557,1.1705159,1.0839972,0.0,1.0839972,0.2709993
12061,0.1279782,0.060859114,0.19509728,0.17930584,0.0,0.17930584,0.04482646
12062,0.09621171,0.06771437,0.12470905,0.18003355,0.0,0.18003355,0.045008387
12063,0.24784108,0.07520023,0.42048192,0.26373518,0.0,0.26373518,0.065933794
12064,0.06373923,0.066252254,0.061226208,0.063277684,0.0,0.063277684,0.015819421
12065,0.12027818,0.05511323,0.18544312,0.087810285,0.0,0.087810285,0.021952571
12066,0.17854173,0.04935193,0.30773154,0.31058267,0.0,0.31058267,0.07764567
12067,0.2031007,0.04972148,0.3564799,0.3601546,0.0,0.3601546,0.09003865
12068,0.07915183,0.053744808,0.10455885,0.08631552,0.0,0.08631552,0.02157888
12069,0.509924,0.05481075,0.9650373,0.892519,0.0,0.892519,0.22312975
12070,0.19065325,0.05406076,0.32724574,0.24279831,0.0,0.24279831,0.06069958
12071,0.27259535,0.054503486,0.49068722,0.37790117,0.0,0.37790117,0.09447529
12072,0.39999846,0.05274847,0.7472485,0.7285838,0.0,0.7285838,0.18214595
12073,0.13126124,0.04952972,0.21299279,0.1821744,0.0,0.1821744,0.0455436
12074,0.051814813,0.0484553,0.055174332,0.026040347,0.0,0.026040347,0.006510087
12075,0.15250672,0.05145101,0.25356245,0.17069457,0.0,0.17069457,0.042673644
12076,0.4039729,0.057977933,0.7499679,0.6793452,0.0,0.6793452,0.1698363
12077,0.11630833,0.06679445,0.16582221,0.0510482,0.0,0.0510482,0.01276205
12078,0.6222772,0.08283388,1.1617206,0.8945505,0.0,0.8945505,0.22363763
12079,0.2944092,0.096905194,0.4919132,0.2965341,0.0,0.2965341,0.07413352
12080,0.1245865,0.09809827,0.15107472,0.039757874,0.0,0.039757874,0.0099394685
12081,0.1382276,0.09182254,0.18463266,0.17095183,0.0,0.17095183,0.042737957
12082,0.44975653,0.09585589,0.80365723,0.51809496,0.0,0.51809496,0.12952374
12083,0.13278988,0.120723166,0.14485659,0.07638293,0.0,0.07638293,0.019095732
12084,0.15814331,0.16373546,0.15255116,0.05579081,0.0,0.05579081,0.013947703
12085,0.5966653,0.15567003,1.0376606,0.5974669,0.0,0.5974669,0.14936672
12086,0.14530927,0.1199317,0.17068684,0.20259888,0.0,0.20259888,0.05064972
12087,0.09015196,0.095368385,0.08493552,0.04310155,0.0,0.04310155,0.010775387
12088,0.15034616,0.087689094,0.21300322,0.22365533,0.0,0.22365533,0.055913832
12089,0.18365107,0.09539211,0.27191004,0.29913768,0.0,0.29913768,0.07478442
12090,0.18014717,0.10965947,0.25063488,0.29276803,0.0,0.29276803,0.07319201
12091,0.19831216,0.11521077,0.28141353,0.34293762,0.0,0.34293762,0.085734405
12092,0.24817993,0.117615394,0.37874448,0.14298116,0.0,0.14298116,0.03574529
12093,0.31200954,0.104375124,0.51964396,0.27659807,0.0,0.27659807,0.06914952
12094,0.11096704,0.09131817,0.1306159,0.021480203,0.0,0.021480203,0.0053700507
12095,0.12558289,0.08815699,0.16300878,0.036914337,0.0,0.036914337,0.009228584
12096,0.14756869,0.08692297,0.2082144,0.2002946,0.0,0.2002946,0.05007365
12097,0.18091075,0.08662781,0.2751937,0.18563561,0.0,0.18563561,0.046408903
12098,0.35927704,0.0847617,0.6337924,0.6099668,0.0,0.6099668,0.1524917
12099,0.6033866,0.08046181,1.1263113,0.93892914,0.0,0.93892914,0.23473229
12100,0.22744556,0.07599521,0.3788959,0.38539276,0.0,0.38539276,0.09634819
12101,0.5245584,0.07686636,0.97225046,0.7793529,0.0,0.7793529,0.19483823
12102,0.08932719,0.07506666,0.10358771,0.045745593,0.0,0.045745593,0.011436398
12103,0.69646543,0.075743414,1.3171874,1.2797273,0.0,1.2797273,0.31993183
12104,0.5704418,0.07647845,1.0644051,0.9666349,0.0,0.9666349,0.24165873
12105,0.62688637,0.07845703,1.1753157,1.0368966,0.0,1.0368966,0.25922415
12106,0.095659494,0.072936736,0.118382245,0.043072496,0.0,0.043072496,0.010768124
12107,0.1553786,0.07114139,0.23961581,0.17412996,0.0,0.17412996,0.04353249
12108,0.861048,0.06889351,1.6532025,1.3786144,0.0,1.3786144,0.3446536
12109,0.3814148,0.07371092,0.6891187,0.52251,0.0,0.52251,0.1306275
12110,0.08294779,0.08587424,0.080021344,0.0487036,0.0,0.0487036,0.0121759
12111,0.22624417,0.095598556,0.35688975,0.16556413,0.0,0.16556413,0.041391034
12112,0.3531648,0.093216985,0.61311257,0.3981967,0.0,0.3981967,0.099549174
12113,0.35001636,0.0830257,0.61700696,0.42910734,0.0,0.42910734,0.107276835
12114,0.23306936,0.07897674,0.38716197,0.2356302,0.0,0.2356302,0.05890755
12115,0.4506073,0.074752636,0.826462,0.82209796,0.0,0.82209796,0.20552449
12116,0.2841102,0.08306775,0.48515263,0.49368456,0.0,0.49368456,0.12342114
12117,0.28889367,0.09981064,0.4779767,0.2795191,0.0,0.2795191,0.06987978
12118,0.4212403,0.1065616,0.735919,0.508696,0.0,0.508696,0.127174
12119,0.14322123,0.11386249,0.17257996,0.07936217,0.0,0.07936217,0.019840542
12120,0.23147602,0.11963514,0.3433169,0.34514606,0.0,0.34514606,0.086286515
12121,0.3142273,0.11999959,0.50845504,0.28042385,0.0,0.28042385,0.07010596
12122,0.12233838,0.119881056,0.124795705,0.05017625,0.0,0.05017625,0.012544063
12123,0.12489463,0.10519409,0.14459516,0.035307743,0.0,0.035307743,0.008826936
12124,0.22084503,0.09370508,0.347985,0.16175194,0.0,0.16175194,0.040437985
12125,0.5686832,0.085686386,1.0516801,0.8076231,0.0,0.8076231,0.20190577
12126,0.26811743,0.09176829,0.44446656,0.22617549,0.0,0.22617549,0.05654387
12127,0.12737335,0.10833862,0.1464081,0.10094061,0.0,0.10094061,0.025235152
12128,0.41587865,0.13103078,0.7007265,0.39354149,0.0,0.39354149,0.09838537
12129,0.29288718,0.14696126,0.4388131,0.15768279,0.0,0.15768279,0.039420698
12130,0.15036362,0.14756627,0.15316097,0.1362595,0.0,0.1362595,0.034064874
12131,0.4696871,0.14681093,0.79256326,0.9645117,0.0,0.9645117,0.24112792
12132,0.64929795,0.13067691,1.167919,0.71476585,0.0,0.71476585,0.17869146
12133,0.11933563,0.11115245,0.12751882,0.05908085,0.0,0.05908085,0.014770213
12134,0.18963309,0.09779463,0.28147152,0.16056156,0.0,0.16056156,0.04014039
12135,0.18968578,0.10009134,0.27928022,0.1129649,0.0,0.1129649,0.028241225
12136,0.45178977,0.10809115,0.79548836,0.5330543,0.0,0.5330543,0.13326357
12137,0.13448824,0.12129108,0.1476854,0.055812825,0.0,0.055812825,0.013953206
12138,0.1673798,0.12525328,0.20950632,0.3136666,0.0,0.3136666,0.07841665
12139,0.16768418,0.11860485,0.21676351,0.329868,0.0,0.329868,0.082467
12140,0.3418862,0.112222165,0.57155025,0.7048839,0.0,0.7048839,0.17622097
12141,0.14525141,0.10438994,0.18611288,0.1144175,0.0,0.1144175,0.028604375
12142,0.49901167,0.116764665,0.88125867,1.0692811,0.0,1.0692811,0.26732028
12143,0.23167336,0.12750088,0.33584586,0.51522,0.0,0.51522,0.128805
12144,0.3768557,0.13312677,0.62058467,0.2537032,0.0,0.2537032,0.0634258
12145,0.15177548,0.13686325,0.16668771,0.28676793,0.0,0.28676793,0.07169198
12146,0.4544332,0.12944162,0.77942485,0.36451745,0.0,0.36451745,0.09112936
12147,0.4873438,0.11179497,0.8628926,0.4938021,0.0,0.4938021,0.123450525
12148,0.13931443,0.10050124,0.17812763,0.24154282,0.0,0.24154282,0.060385704
12149,0.10624757,0.0933508,0.11914434,0.03501661,0.0,0.03501661,0.008754153
12150,0.170592,0.091519944,0.24966402,0.18124391,0.0,0.18124391,0.045310978
12151,0.17362303,0.0903855,0.25686055,0.30980286,0.0,0.30980286,0.077450715
12152,0.48284945,0.08966467,0.8760342,1.0377625,0.0,1.0377625,0.25944063
12153,0.11009896,0.09296269,0.12723523,0.062857024,0.0,0.062857024,0.015714256
12154,0.118365705,0.09180698,0.14492445,0.07048327,0.0,0.07048327,0.017620817
12155,0.23432672,0.09438298,0.37427044,0.17651571,0.0,0.17651571,0.04412893
12156,0.11258972,0.09007745,0.13510197,0.05658443,0.0,0.05658443,0.014146107
12157,0.26526588,0.084894694,0.44563708,0.22683907,0.0,0.22683907,0.056709766
12158,0.7078908,0.07570388,1.3400778,1.5015262,0.0,1.5015262,0.37538156
12159,0.35783902,0.07219722,0.64348084,0.74161386,0.0,0.74161386,0.18540347
12160,0.07984102,0.07589421,0.08378783,0.028901985,0.0,0.028901985,0.007225496
12161,0.12413057,0.077389196,0.17087193,0.067512296,0.0,0.067512296,0.016878074
12162,0.079323344,0.076030135,0.082616545,0.021392023,0.0,0.021392023,0.005348006
12163,0.23517989,0.069484025,0.40087572,0.4720193,0.0,0.4720193,0.11800483
12164,0.47878936,0.06637158,0.89120716,1.021901,0.0,1.021901,0.25547525
12165,0.51059747,0.071112774,0.9500821,0.6714913,0.0,0.6714913,0.16787283
12166,0.5441376,0.08274149,1.0055337,0.6660913,0.0,0.6660913,0.16652283
12167,0.31835103,0.0963062,0.54039586,0.25291988,0.0,0.25291988,0.06322997
12168,0.12393478,0.116611265,0.1312583,0.105754696,0.0,0.105754696,0.026438674
12169,0.15288432,0.13179238,0.17397626,0.02167534,0.0,0.02167534,0.005418835
12170,0.39322686,0.13454422,0.6519095,1.0532019,0.0,1.0532019,0.26330048
12171,0.35242978,0.13199075,0.5728688,0.9843591,0.0,0.9843591,0.24608977
12172,1.138565,0.13419169,2.1429384,1.3595419,0.0,1.3595419,0.33988547
12173,0.46781564,0.12529695,0.8103344,0.36688295,0.0,0.36688295,0.09172074
12174,0.6497894,0.12873043,1.1708483,0.6039529,0.0,0.6039529,0.15098822
12175,0.9349535,0.15777783,1.7121292,0.9280138,0.0,0.9280138,0.23200345
12176,0.1782075,0.18697023,0.16944475,0.40671873,0.0,0.40671873,0.10167968
12177,0.2964501,0.21311241,0.37978777,0.09794817,0.0,0.09794817,0.024487043
12178,0.7082624,0.2027424,1.2137823,0.52125424,0.0,0.52125424,0.13031356
12179,0.3794709,0.18221204,0.5767298,1.0390216,0.0,1.0390216,0.2597554
12180,0.22081594,0.14966586,0.29196602,0.06057617,0.0,0.06057617,0.015144043
12181,0.15483467,0.12946767,0.1802017,0.39359328,0.0,0.39359328,0.09839832
12182,0.15439583,0.09315264,0.21563901,0.39783618,0.0,0.39783618,0.099459045
12183,0.31922844,0.06652336,0.5719335,0.35267815,0.0,0.35267815,0.08816954
12184,0.6658283,0.065897256,1.2657593,0.9110584,0.0,0.9110584,0.2277646
12185,0.48556092,0.065274395,0.9058475,1.1719085,0.0,1.1719085,0.29297712
12186,0.10257272,0.06869269,0.13645273,0.112847984,0.0,0.112847984,0.028211996
12187,0.18810518,0.06675259,0.30945778,0.46242556,0.0,0.46242556,0.11560639
12188,0.4476379,0.0682017,0.82707405,0.5277503,0.0,0.5277503,0.13193758
12189,0.26152736,0.06405645,0.4589983,0.27897465,0.0,0.27897465,0.06974366
12190,0.12441397,0.0656685,0.18315943,0.06197223,0.0,0.06197223,0.015493058
12191,0.11133003,0.084803544,0.13785653,0.023829198,0.0,0.023829198,0.0059572994
12192,0.09601158,0.09416336,0.0978598,0.11377466,0.0,0.11377466,0.028443664
12193,0.8481099,0.0929415,1.6032783,1.0609194,0.0,1.0609194,0.26522985
12194,0.22949071,0.090929605,0.36805186,0.5993499,0.0,0.5993499,0.14983748
12195,0.19482602,0.08102517,0.3086269,0.12836663,0.0,0.12836663,0.03209166
12196,0.09237405,0.07719617,0.10755193,0.15194295,0.0,0.15194295,0.03798574
12197,0.10220667,0.07122138,0.13319194,0.07942421,0.0,0.07942421,0.019856052
12198,0.7295294,0.07074365,1.3883151,0.99054354,0.0,0.99054354,0.24763589
12199,0.27012485,0.08238549,0.4578642,0.71400326,0.0,0.71400326,0.17850082
12200,0.29927012,0.087711774,0.51082844,0.2334882,0.0,0.2334882,0.05837205
12201,0.6223035,0.079211116,1.1653959,0.7689605,0.0,0.7689605,0.19224012
12202,0.17300202,0.06201796,0.2839861,0.37735906,0.0,0.37735906,0.094339766
12203,0.10170115,0.058168873,0.14523344,0.042241435,0.0,0.042241435,0.010560359
12204,0.21046819,0.055248607,0.36568776,0.4417607,0.0,0.4417607,0.11044017
12205,0.43945834,0.060319487,0.81859714,1.0183109,0.0,1.0183109,0.25457773
12206,0.10005572,0.06689367,0.13321777,0.11283404,0.0,0.11283404,0.02820851
12207,0.42172942,0.058581103,0.7848777,0.8999446,0.0,0.8999446,0.22498615
12208,0.32838848,0.05811916,0.59865785,0.71347094,0.0,0.71347094,0.17836773
12209,0.06817386,0.05627318,0.08007454,0.043087155,0.0,0.043087155,0.010771789
12210,0.17354374,0.052265543,0.29482192,0.2451806,0.0,0.2451806,0.06129515
12211,0.3010025,0.051226746,0.55077827,0.49372876,0.0,0.49372876,0.12343219
12212,0.23529677,0.05016313,0.42043042,0.43547675,0.0,0.43547675,0.10886919
12213,0.0885591,0.04793318,0.12918502,0.09400511,0.0,0.09400511,0.023501277
12214,0.049270634,0.04663332,0.051907945,0.038515884,0.0,0.038515884,0.009628971
12215,0.11912381,0.048206832,0.19004078,0.15602423,0.0,0.15602423,0.039006058
12216,0.24091403,0.050374653,0.43145338,0.3275161,0.0,0.3275161,0.08187903
12217,0.79333836,0.053666413,1.5330104,1.555006,0.0,1.555006,0.3887515
12218,0.11850015,0.055573374,0.18142693,0.18170996,0.0,0.18170996,0.04542749
12219,0.42001095,0.054629415,0.7853925,0.66798544,0.0,0.66798544,0.16699636
12220,0.091286354,0.050867256,0.13170545,0.10548756,0.0,0.10548756,0.02637189
12221,0.36448476,0.049154326,0.6798151,0.71133375,0.0,0.71133375,0.17783344
12222,0.11411431,0.0474569,0.18077171,0.16594042,0.0,0.16594042,0.041485105
12223,0.3207218,0.0506061,0.59083754,0.5918151,0.0,0.5918151,0.14795378
12224,0.3697213,0.05431134,0.68513125,0.5523883,0.0,0.5523883,0.13809708
12225,0.10065379,0.05280846,0.14849912,0.08072462,0.0,0.08072462,0.020181155
12226,0.52718955,0.051097233,1.003282,0.88425803,0.0,0.88425803,0.22106451
12227,0.22857718,0.056791957,0.4003624,0.2354374,0.0,0.2354374,0.05885935
12228,0.1604516,0.06611664,0.25478658,0.35227168,0.0,0.35227168,0.08806792
12229,0.39274883,0.07430634,0.71119136,0.8039749,0.0,0.8039749,0.20099373
12230,0.16771705,0.09086284,0.24457128,0.13492899,0.0,0.13492899,0.033732247
12231,0.13881235,0.11109594,0.16652875,0.10249261,0.0,0.10249261,0.025623152
12232,0.38659576,0.12638903,0.6468025,0.24732055,0.0,0.24732055,0.061830137
12233,0.17967783,0.14026074,0.21909492,0.43761313,0.0,0.43761313,0.10940328
12234,0.17461674,0.14994247,0.19929098,0.42165175,0.0,0.42165175,0.10541294
12235,0.43925372,0.154133,0.7243745,0.2428327,0.0,0.2428327,0.060708176
12236,0.3769474,0.14969836,0.6041964,0.17511053,0.0,0.17511053,0.043777633
12237,0.16695808,0.14654823,0.18736792,0.11969847,0.0,0.11969847,0.029924618
12238,0.24611922,0.14223312,0.3500053,0.62597924,0.0,0.62597924,0.15649481
12239,0.92205364,0.12530354,1.7188038,1.0923821,0.0,1.0923821,0.27309552
12240,0.13120662,0.11490633,0.1475069,0.054860443,0.0,0.054860443,0.013715111
12241,0.15175706,0.111689985,0.19182414,0.091723,0.0,0.091723,0.02293075
12242,0.4112835,0.11066375,0.7119033,0.31564823,0.0,0.31564823,0.07891206
12243,0.16799176,0.11001438,0.22596912,0.12990882,0.0,0.12990882,0.032477204
12244,0.4992003,0.109888084,0.88851255,0.4385624,0.0,0.4385624,0.1096406
12245,0.14727753,0.11634844,0.17820664,0.09980727,0.0,0.09980727,0.024951817
12246,0.20203692,0.11197875,0.2920951,0.47964442,0.0,0.47964442,0.119911104
12247,0.15483563,0.08817842,0.22149284,0.35165796,0.0,0.35165796,0.08791449
12248,0.11323038,0.08043049,0.14603026,0.04701583,0.0,0.04701583,0.011753958
12249,0.110600315,0.08495281,0.13624781,0.092682846,0.0,0.092682846,0.023170711
12250,0.59096974,0.100004844,1.0819346,1.2944859,0.0,1.2944859,0.32362148
12251,0.12704471,0.10053426,0.15355515,0.051619243,0.0,0.051619243,0.012904811
12252,0.26791653,0.093659185,0.44217387,0.5789275,0.0,0.5789275,0.14473188
12253,0.28332683,0.09104878,0.47560486,0.23346587,0.0,0.23346587,0.058366466
12254,0.44020328,0.10550157,0.77490497,0.7601219,0.0,0.7601219,0.19003047
12255,0.14400135,0.11360643,0.17439628,0.07782131,0.0,0.07782131,0.019455327
12256,0.7161195,0.11602566,1.3162134,0.8686338,0.0,0.8686338,0.21715845
12257,0.123169996,0.11486555,0.13147445,0.2504594,0.0,0.2504594,0.06261485
12258,0.20016582,0.11213831,0.28819337,0.20745385,0.0,0.20745385,0.05186346
12259,0.14942133,0.12365135,0.17519133,0.13607037,0.0,0.13607037,0.034017593
12260,0.51351446,0.13980633,0.8872225,0.37714216,0.0,0.37714216,0.09428554
12261,0.20271482,0.14828388,0.25714576,0.5330126,0.0,0.5330126,0.13325316
12262,0.09969493,0.151173,0.04821685,0.20559664,0.0,0.20559664,0.05139916
12263,0.10583056,0.1362047,0.07545642,0.24304493,0.0,0.24304493,0.060761232
12264,0.17864214,0.119176425,0.23810785,0.48631772,0.0,0.48631772,0.12157943
12265,0.15176179,0.10757518,0.1959484,0.35937116,0.0,0.35937116,0.08984279
12266,0.20368052,0.10635641,0.30100462,0.12599249,0.0,0.12599249,0.031498123
12267,0.42575988,0.11210379,0.73941594,0.3459936,0.0,0.3459936,0.0864984
12268,0.15710728,0.11274618,0.20146836,0.4125733,0.0,0.4125733,0.10314333
12269,0.89968663,0.12359423,1.675779,1.01409,0.0,1.01409,0.2535225
12270,0.12421573,0.106320836,0.14211063,0.023125708,0.0,0.023125708,0.005781427
12271,0.13608095,0.090913594,0.1812483,0.33690497,0.0,0.33690497,0.08422624
12272,0.48035166,0.094652124,0.8660512,0.47852537,0.0,0.47852537,0.11963134
12273,0.10869139,0.10776955,0.10961322,0.11862737,0.0,0.11862737,0.029656842
12274,0.20091109,0.13192101,0.26990116,0.5273551,0.0,0.5273551,0.13183877
12275,0.1923567,0.12801772,0.25669572,0.09505001,0.0,0.09505001,0.023762502
12276,0.28556255,0.09719751,0.4739276,0.80902463,0.0,0.80902463,0.20225616
12277,0.070503406,0.07466092,0.06634588,0.06364069,0.0,0.06364069,0.015910173
12278,0.19390346,0.08065646,0.30715045,0.3842318,0.0,0.3842318,0.09605795
12279,0.19212152,0.08228627,0.30195677,0.19991684,0.0,0.19991684,0.04997921
12280,0.6165635,0.08877728,1.1443497,1.5047803,0.0,1.5047803,0.37619507
12281,0.105398186,0.10472151,0.10607487,0.20715898,0.0,0.20715898,0.051789746
12282,0.14673805,0.123393804,0.17008229,0.08166627,0.0,0.08166627,0.020416567
12283,0.119747914,0.14398499,0.09551084,0.16844499,0.0,0.16844499,0.042111248
12284,0.14070617,0.13631783,0.1450945,0.3047944,0.0,0.3047944,0.0761986
12285,0.19482386,0.12317786,0.26646984,0.058052216,0.0,0.058052216,0.014513054
12286,0.12654398,0.113173395,0.13991456,0.27937976,0.0,0.27937976,0.06984494
12287,0.19478483,0.10163852,0.28793114,0.52864605,0.0,0.52864605,0.13216151
12288,0.11606664,0.10443097,0.12770231,0.24785553,0.0,0.24785553,0.061963882
12289,0.14897536,0.115987204,0.18196352,0.045154195,0.0,0.045154195,0.011288549
12290,0.5313778,0.13487607,0.9278795,1.5568749,0.0,1.5568749,0.38921872
12291,0.7653244,0.14640072,1.3842481,0.67911166,0.0,0.67911166,0.16977791
12292,0.5904793,0.1377243,1.0432343,0.48591253,0.0,0.48591253,0.12147813
12293,0.13309036,0.12554938,0.14063133,0.3063495,0.0,0.3063495,0.07658737
12294,1.025745,0.1192661,1.9322239,1.1666894,0.0,1.1666894,0.29167235
12295,0.123999774,0.10759944,0.14040011,0.20833372,0.0,0.20833372,0.05208343
12296,0.08150362,0.094821215,0.06818604,0.066387914,0.0,0.066387914,0.016596979
12297,0.25827023,0.10258756,0.41395286,0.19580086,0.0,0.19580086,0.048950214
12298,0.09454858,0.122329645,0.066767536,0.17065966,0.0,0.17065966,0.042664915
12299,0.47060707,0.10964623,0.83156794,0.39767185,0.0,0.39767185,0.09941796
12300,0.45672727,0.077203475,0.836251,0.47391304,0.0,0.47391304,0.11847826
12301,0.1711235,0.043948088,0.29829893,0.38030252,0.0,0.38030252,0.09507563
12302,0.48831204,0.034183394,0.9424407,1.0595117,0.0,1.0595117,0.26487792
12303,0.17712481,0.036255296,0.31799436,0.2328255,0.0,0.2328255,0.058206376
12304,0.58032686,0.04048417,1.1201695,0.924572,0.0,0.924572,0.231143
12305,0.23933925,0.05177812,0.4269004,0.5267814,0.0,0.5267814,0.13169535
12306,0.08028831,0.061634377,0.09894225,0.12312464,0.0,0.12312464,0.03078116
12307,0.9602311,0.079139985,1.8413223,1.3263092,0.0,1.3263092,0.3315773
12308,0.26957688,0.08601087,0.45314288,0.6998458,0.0,0.6998458,0.17496145
12309,0.76177627,0.079068914,1.4444836,1.0062515,0.0,1.0062515,0.25156286
12310,0.3939155,0.08254318,0.70528775,1.0677904,0.0,1.0677904,0.2669476
12311,0.4379612,0.087863564,0.78805876,0.49703655,0.0,0.49703655,0.12425914
12312,0.12236079,0.10393808,0.14078349,0.12558524,0.0,0.12558524,0.03139631
12313,0.2648048,0.116394065,0.41321555,0.15469784,0.0,0.15469784,0.03867446
12314,0.828046,0.11488018,1.5412117,1.0060666,0.0,1.0060666,0.25151664
12315,0.08266797,0.09351587,0.07182006,0.03087596,0.0,0.03087596,0.00771899
12316,0.20735364,0.071900025,0.34280726,0.1763347,0.0,0.1763347,0.044083674
12317,0.16225101,0.061627824,0.2628742,0.27491984,0.0,0.27491984,0.06872996
12318,0.56788,0.049965616,1.0857943,1.1919055,0.0,1.1919055,0.29797637
12319,0.66353273,0.041101918,1.2859635,1.0995613,0.0,1.0995613,0.27489033
12320,0.07082608,0.04099754,0.10065463,0.106212966,0.0,0.106212966,0.026553242
12321,0.23201251,0.04467876,0.41934624,0.40307847,0.0,0.40307847,0.10076962
12322,0.18767917,0.051439106,0.3239192,0.3607452,0.0,0.3607452,0.0901863
12323,0.33001772,0.049529392,0.610506,0.75020456,0.0,0.75020456,0.18755114
12324,0.06785869,0.03799492,0.09772246,0.036943443,0.0,0.036943443,0.009235861
12325,0.8500099,0.03366784,1.6663519,1.6352314,0.0,1.6352314,0.40880784
12326,0.6160498,0.036459327,1.1956404,1.1949183,0.0,1.1949183,0.29872957
12327,0.110018075,0.035801444,0.1842347,0.15767284,0.0,0.15767284,0.03941821
12328,0.14657621,0.03521006,0.25794235,0.18929471,0.0,0.18929471,0.047323678
12329,0.12687302,0.035622086,0.21812396,0.13123617,0.0,0.13123617,0.03280904
12330,0.33176312,0.036362443,0.6271638,0.51237476,0.0,0.51237476,0.12809369
12331,0.1279286,0.035970848,0.21988635,0.2305917,0.0,0.2305917,0.057647925
12332,0.23011045,0.03549848,0.42472243,0.35401717,0.0,0.35401717,0.08850429
12333,0.118083715,0.035677157,0.20049028,0.1394883,0.0,0.1394883,0.034872074
12334,0.079811156,0.034924474,0.12469784,0.11018599,0.0,0.11018599,0.027546497
12335,0.049370185,0.034372505,0.06436787,0.0408289,0.0,0.0408289,0.010207225
12336,0.047471303,0.035175998,0.05976661,0.035169326,0.0,0.035169326,0.008792331
12337,0.2190931,0.034557056,0.40362915,0.3783258,0.0,0.3783258,0.09458145
12338,0.31891784,0.0328003,0.60503536,0.5862642,0.0,0.5862642,0.14656605
12339,0.07951087,0.03347375,0.12554799,0.113227345,0.0,0.113227345,0.028306836
12340,0.18922485,0.03529989,0.3431498,0.27284047,0.0,0.27284047,0.06821012
12341,0.06709743,0.038057573,0.096137285,0.04896769,0.0,0.04896769,0.012241922
12342,0.08496705,0.04329236,0.12664174,0.08374577,0.0,0.08374577,0.020936443
12343,0.06961965,0.052001655,0.08723765,0.03610567,0.0,0.03610567,0.0090264175
12344,0.1312751,0.060575392,0.20197481,0.16858016,0.0,0.16858016,0.04214504
12345,0.09091378,0.06636797,0.11545959,0.06312213,0.0,0.06312213,0.015780533
12346,0.09310026,0.066072516,0.120128006,0.08095595,0.0,0.08095595,0.020238988
12347,0.19267364,0.0601805,0.3251668,0.3030944,0.0,0.3030944,0.0757736
12348,0.34081483,0.057382703,0.6242469,0.49560526,0.0,0.49560526,0.123901315
12349,0.20706664,0.06287929,0.351254,0.20657258,0.0,0.20657258,0.051643144
12350,0.09707283,0.0708843,0.12326136,0.12394347,0.0,0.12394347,0.030985868
12351,0.56391025,0.07169675,1.0561237,0.765786,0.0,0.765786,0.1914465
12352,0.37496814,0.07501527,0.674921,0.44577655,0.0,0.44577655,0.11144414
12353,0.74665403,0.077728786,1.4155793,1.1464342,0.0,1.1464342,0.28660855
12354,0.50447035,0.06862278,0.9403179,1.0647941,0.0,1.0647941,0.26619852
12355,0.09020878,0.05813082,0.12228674,0.04214554,0.0,0.04214554,0.010536385
12356,0.69711155,0.05027948,1.3439436,1.2159696,0.0,1.2159696,0.3039924
12357,0.17298083,0.047396034,0.29856563,0.17834954,0.0,0.17834954,0.044587385
12358,0.44879782,0.047385905,0.8502097,0.81293625,0.0,0.81293625,0.20323406
12359,0.35299143,0.046698883,0.659284,0.55262595,0.0,0.55262595,0.13815649
12360,0.2321165,0.047097053,0.41713595,0.39580265,0.0,0.39580265,0.09895066
12361,0.091559924,0.047256485,0.13586338,0.14819057,0.0,0.14819057,0.037047643
12362,0.2866632,0.04738213,0.5259443,0.42908823,0.0,0.42908823,0.10727206
12363,0.17117675,0.049337883,0.2930156,0.17713185,0.0,0.17713185,0.04428296
12364,0.2837979,0.055711564,0.5118842,0.316439,0.0,0.316439,0.07910975
12365,0.13267352,0.06581502,0.19953203,0.14054371,0.0,0.14054371,0.03513593
12366,0.6910216,0.07781809,1.3042251,0.98751086,0.0,0.98751086,0.24687771
12367,0.4202546,0.088112116,0.75239706,0.42670655,0.0,0.42670655,0.10667664
12368,0.4138755,0.09725662,0.73049444,0.44597474,0.0,0.44597474,0.111493684
12369,0.25529316,0.10057992,0.41000643,0.14928214,0.0,0.14928214,0.037320536
12370,0.73228365,0.09408208,1.3704853,0.9473776,0.0,0.9473776,0.2368444
12371,0.35917175,0.08904648,0.629297,0.7236158,0.0,0.7236158,0.18090396
12372,0.112784445,0.087441914,0.13812698,0.06669488,0.0,0.06669488,0.01667372
12373,0.14963491,0.09017893,0.2090909,0.1118535,0.0,0.1118535,0.027963376
12374,0.13124757,0.092724,0.16977112,0.060532514,0.0,0.060532514,0.0151331285
12375,0.21997769,0.10405394,0.33590147,0.1708126,0.0,0.1708126,0.04270315
12376,0.26223078,0.11030332,0.41415825,0.12140739,0.0,0.12140739,0.030351847
12377,0.09003806,0.11745435,0.062621765,0.1501316,0.0,0.1501316,0.0375329
12378,0.14031486,0.1115777,0.16905202,0.07564146,0.0,0.07564146,0.018910365
12379,0.8243892,0.09651866,1.5522598,1.0508701,0.0,1.0508701,0.26271752
12380,0.7780065,0.088658534,1.4673544,1.0483055,0.0,1.0483055,0.26207638
12381,0.42409173,0.09557262,0.75261086,1.05382,0.0,1.05382,0.263455
12382,0.5127167,0.10507384,0.9203596,1.210629,0.0,1.210629,0.30265725
12383,0.5898082,0.110937625,1.0686789,0.5829685,0.0,0.5829685,0.14574212
12384,0.16218926,0.11472249,0.20965604,0.11583569,0.0,0.11583569,0.028958922
12385,0.11917454,0.1097647,0.12858437,0.2860756,0.0,0.2860756,0.0715189
12386,0.5280573,0.103687465,0.9524271,1.3127574,0.0,1.3127574,0.32818934
12387,0.53597534,0.09493435,0.97701627,0.5631936,0.0,0.5631936,0.1407984
12388,0.10580728,0.08729375,0.124320805,0.22633328,0.0,0.22633328,0.05658332
12389,0.36594853,0.082815126,0.64908195,0.34194732,0.0,0.34194732,0.08548683
12390,0.78288835,0.08047711,1.4852996,1.0220318,0.0,1.0220318,0.25550795
12391,0.9706456,0.082593985,1.8586973,1.4368005,0.0,1.4368005,0.35920012
12392,0.33915457,0.08772675,0.59058243,0.28929648,0.0,0.28929648,0.07232412
12393,0.29456982,0.092432074,0.49670756,0.22072391,0.0,0.22072391,0.055180978
12394,0.11372745,0.09168008,0.13577484,0.087278806,0.0,0.087278806,0.021819701
12395,0.18623148,0.093041785,0.27942115,0.17037278,0.0,0.17037278,0.042593196
12396,0.1349809,0.10717386,0.16278793,0.09763414,0.0,0.09763414,0.024408534
12397,1.2885401,0.15395969,2.4231205,1.4508289,0.0,1.4508289,0.36270723
12398,0.15732777,0.2286576,0.08599794,0.44069886,0.0,0.44069886,0.110174716
12399,0.38371083,0.2631242,0.50429744,0.08526769,0.0,0.08526769,0.021316923
12400,0.21324058,0.22472645,0.20175473,0.65918726,0.0,0.65918726,0.16479681
12401,1.461401,0.19993584,2.722866,1.5307561,0.0,1.5307561,0.38268903
12402,0.14526796,0.18614888,0.104387045,0.43906936,0.0,0.43906936,0.10976734
12403,0.14163928,0.18594415,0.09733438,0.22507423,0.0,0.22507423,0.056268558
12404,0.59864986,0.23489343,0.96240634,0.28035703,0.0,0.28035703,0.07008926
12405,0.52826583,0.25810057,0.7984311,0.18776804,0.0,0.18776804,0.04694201
12406,0.21581613,0.25985882,0.17177343,0.04965867,0.0,0.04965867,0.012414668
12407,0.18674034,0.23649788,0.13698281,0.061936706,0.0,0.061936706,0.015484177
12408,0.18931063,0.20367873,0.17494255,0.15205033,0.0,0.15205033,0.038012583
12409,0.508717,0.1901834,0.82725066,0.29155686,0.0,0.29155686,0.072889216
12410,0.9962177,0.19320671,1.7992287,0.85993785,0.0,0.85993785,0.21498446
12411,0.23235159,0.19155067,0.2731525,0.048000347,0.0,0.048000347,0.012000087
12412,0.14038508,0.18432732,0.09644284,0.06812736,0.0,0.06812736,0.01703184
12413,0.25464532,0.195938,0.3133526,0.8659098,0.0,0.8659098,0.21647745
12414,1.3783431,0.21018249,2.5465038,1.3541607,0.0,1.3541607,0.33854017
12415,0.1859516,0.22597206,0.14593115,0.10446785,0.0,0.10446785,0.026116962
12416,0.16198145,0.21817553,0.10578736,0.27203682,0.0,0.27203682,0.068009205
12417,0.20489562,0.21247517,0.19731605,0.022247585,0.0,0.022247585,0.005561896
12418,0.4069283,0.22559555,0.58826107,0.12311708,0.0,0.12311708,0.03077927
12419,0.19757311,0.21287489,0.1822713,0.321447,0.0,0.321447,0.08036175
12420,0.18601985,0.1802577,0.19178204,0.108426906,0.0,0.108426906,0.027106727
12421,0.65516007,0.13523382,1.1750864,0.5828832,0.0,0.5828832,0.1457208
12422,0.100890495,0.10278947,0.098991536,0.2073343,0.0,0.2073343,0.051833574
12423,0.76326996,0.09796854,1.4285713,0.8678365,0.0,0.8678365,0.21695912
12424,0.25939357,0.098170914,0.42061624,0.80404377,0.0,0.80404377,0.20101094
12425,0.63075227,0.1074396,1.1540649,0.6004565,0.0,0.6004565,0.15011412
12426,0.9990683,0.10871217,1.8894244,1.1521038,0.0,1.1521038,0.28802595
12427,0.12584877,0.11001132,0.14168622,0.12671389,0.0,0.12671389,0.03167847
12428,0.24521558,0.12223667,0.3681945,0.12293663,0.0,0.12293663,0.030734157
12429,0.11327186,0.12452042,0.1020233,0.041955035,0.0,0.041955035,0.010488759
12430,0.36757815,0.12723713,0.60791916,0.22333084,0.0,0.22333084,0.05583271
12431,0.91133696,0.12221602,1.7004579,1.0533285,0.0,1.0533285,0.26333213
12432,0.99192697,0.12636985,1.8574842,1.160241,0.0,1.160241,0.29006025
12433,1.205298,0.11719521,2.2934005,1.4663874,0.0,1.4663874,0.36659685
12434,0.5947282,0.12587982,1.0635766,0.520435,0.0,0.520435,0.13010874
12435,0.4254582,0.14308186,0.70783454,1.1902478,0.0,1.1902478,0.29756194
12436,0.6040419,0.15772806,1.0503558,0.44920734,0.0,0.44920734,0.112301834
12437,0.2704871,0.16982949,0.37114474,0.07058532,0.0,0.07058532,0.01764633
12438,0.7702182,0.14689453,1.3935419,0.7835651,0.0,0.7835651,0.19589128
12439,0.40020552,0.12647043,0.67394066,0.2903991,0.0,0.2903991,0.072599776
12440,0.1463271,0.108334444,0.18431973,0.34957287,0.0,0.34957287,0.08739322
12441,0.10076503,0.10246121,0.09906886,0.03938648,0.0,0.03938648,0.00984662
12442,0.74442154,0.11418358,1.3746595,0.79043347,0.0,0.79043347,0.19760837
12443,0.14710997,0.12219843,0.17202151,0.11653513,0.0,0.11653513,0.029133782
12444,0.7287571,0.12781416,1.3297,0.72345334,0.0,0.72345334,0.18086334
12445,0.13712,0.12272495,0.15151502,0.061047,0.0,0.061047,0.01526175
12446,0.13073666,0.12437869,0.13709466,0.14068978,0.0,0.14068978,0.035172444
12447,0.12600839,0.16350804,0.08850875,0.15567483,0.0,0.15567483,0.038918708
12448,0.43131503,0.1767246,0.68590546,1.1850114,0.0,1.1850114,0.29625285
12449,0.23168455,0.18871474,0.27465436,0.6537631,0.0,0.6537631,0.16344078
12450,0.17764269,0.18887842,0.16640694,0.067564435,0.0,0.067564435,0.016891109
12451,0.16400386,0.16342281,0.16458493,0.3898143,0.0,0.3898143,0.09745357
12452,0.22378199,0.13038039,0.31718358,0.10736086,0.0,0.10736086,0.026840216
12453,0.32030857,0.10977922,0.53083795,0.19951467,0.0,0.19951467,0.049878668
12454,0.10695583,0.102802515,0.11110913,0.032240737,0.0,0.032240737,0.008060184
12455,0.7534983,0.1067489,1.4002477,0.8520741,0.0,0.8520741,0.21301852
12456,0.44307312,0.11940441,0.7667418,0.36970082,0.0,0.36970082,0.092425205
12457,0.19189958,0.13548882,0.24831033,0.05455618,0.0,0.05455618,0.013639045
12458,1.2262213,0.14507346,2.3073692,1.4386153,0.0,1.4386153,0.35965383
12459,0.3700215,0.16253394,0.5775091,0.1764767,0.0,0.1764767,0.044119176
12460,0.30997658,0.1734029,0.44655025,0.12770474,0.0,0.12770474,0.031926185
12461,0.2847984,0.17976576,0.38983107,0.8508298,0.0,0.8508298,0.21270745
12462,0.17927857,0.16907002,0.18948714,0.3555504,0.0,0.3555504,0.0888876
12463,0.18087165,0.13759984,0.22414345,0.3083608,0.0,0.3083608,0.0770902
12464,0.12396004,0.11576406,0.13215601,0.15963219,0.0,0.15963219,0.039908048
12465,0.57790023,0.10887357,1.046927,0.56260794,0.0,0.56260794,0.14065199
12466,0.119014345,0.11044198,0.12758671,0.14642209,0.0,0.14642209,0.036605522
12467,0.113124244,0.10507379,0.12117469,0.09954244,0.0,0.09954244,0.02488561
12468,0.14869802,0.10624254,0.19115348,0.0485635,0.0,0.0485635,0.012140875
12469,0.36906675,0.08491677,0.6532168,0.35519114,0.0,0.35519114,0.088797785
12470,0.1475801,0.07770895,0.21745126,0.34396338,0.0,0.34396338,0.085990846
12471,0.731574,0.097248934,1.3658991,0.92041785,0.0,0.92041785,0.23010446
12472,0.1583371,0.113539614,0.20313458,0.0508748,0.0,0.0508748,0.0127187
12473,0.6602149,0.13042027,1.1900095,0.64425904,0.0,0.64425904,0.16106476
12474,0.14186133,0.15661342,0.12710924,0.04848722,0.0,0.04848722,0.012121805
12475,0.28753206,0.17548282,0.39958128,0.11211076,0.0,0.11211076,0.02802769
12476,0.29855213,0.15315871,0.44394556,0.13214378,0.0,0.13214378,0.033035945
12477,0.7011948,0.13854511,1.2638446,0.704233,0.0,0.704233,0.17605825
12478,0.57727337,0.13378806,1.0207587,1.4745029,0.0,1.4745029,0.36862573
12479,0.10501486,0.13023268,0.07979705,0.052506138,0.0,0.052506138,0.013126534
12480,0.11479726,0.13063319,0.098961316,0.06548476,0.0,0.06548476,0.01637119
12481,0.21936427,0.12834498,0.31038356,0.06110354,0.0,0.06110354,0.015275885
12482,0.40941462,0.12723146,0.69159776,0.985738,0.0,0.985738,0.2464345
12483,0.26586726,0.13992219,0.39181232,0.1114429,0.0,0.1114429,0.027860725
12484,0.20061786,0.15756573,0.24367,0.19136162,0.0,0.19136162,0.047840405
12485,0.14121221,0.18178773,0.10063668,0.0823257,0.0,0.0823257,0.020581424
12486,0.3357136,0.1741945,0.49723268,0.6795349,0.0,0.6795349,0.16988373
12487,0.5838639,0.16113186,1.006596,0.508495,0.0,0.508495,0.12712374
12488,0.23758101,0.17290814,0.30225387,0.35991177,0.0,0.35991177,0.08997794
12489,0.40451467,0.19128291,0.6177464,0.77652544,0.0,0.77652544,0.19413136
12490,0.8037109,0.21101755,1.3964041,0.6625597,0.0,0.6625597,0.16563992
12491,0.45869875,0.19373004,0.72366744,0.30923444,0.0,0.30923444,0.07730861
12492,0.64766216,0.16208328,1.133241,0.6366979,0.0,0.6366979,0.15917447
12493,0.7238439,0.119034015,1.3286538,0.80576485,0.0,0.80576485,0.20144121
12494,0.13027802,0.09709012,0.16346593,0.02071738,0.0,0.02071738,0.005179345
12495,0.47681966,0.10332807,0.8503113,0.55209786,0.0,0.55209786,0.13802446
12496,0.1697535,0.121164165,0.21834284,0.039186697,0.0,0.039186697,0.009796674
12497,1.2448632,0.14562505,2.3441012,1.5625178,0.0,1.5625178,0.39062944
12498,0.22993748,0.15602605,0.30384892,0.04490623,0.0,0.04490623,0.011226557
12499,0.38876092,0.16106226,0.6164596,0.2842333,0.0,0.2842333,0.071058325
12500,0.1272546,0.15210114,0.102408074,0.090941735,0.0,0.090941735,0.022735434
12501,1.0280281,0.13837047,1.9176859,1.2388258,0.0,1.2388258,0.30970645
12502,0.10619261,0.12275479,0.089630425,0.055039074,0.0,0.055039074,0.013759769
12503,0.19235092,0.114928365,0.26977348,0.11165617,0.0,0.11165617,0.027914042
12504,0.31998062,0.11935178,0.52060944,0.3048482,0.0,0.3048482,0.07621205
12505,0.29666767,0.13001375,0.46332157,0.22769862,0.0,0.22769862,0.056924656
12506,0.5103609,0.1321991,0.8885226,0.5438721,0.0,0.5438721,0.13596803
12507,0.36814713,0.14725627,0.58903795,0.2165903,0.0,0.2165903,0.054147575
12508,0.1899488,0.15979098,0.22010665,0.19653279,0.0,0.19653279,0.049133196
12509,0.4940453,0.15837081,0.8297198,0.52069896,0.0,0.52069896,0.13017474
12510,0.46982422,0.15185876,0.78778964,0.4706804,0.0,0.4706804,0.1176701
12511,0.14135094,0.14987536,0.13282652,0.13590682,0.0,0.13590682,0.033976704
12512,0.24466008,0.14658773,0.34273243,0.34620953,0.0,0.34620953,0.08655238
12513,0.31663254,0.13865145,0.49461365,0.2399749,0.0,0.2399749,0.059993725
12514,0.20724739,0.14209132,0.27240348,0.08187149,0.0,0.08187149,0.020467872
12515,0.14863004,0.12921338,0.16804671,0.07615738,0.0,0.07615738,0.019039346
12516,0.37664273,0.11993302,0.63335246,0.39143717,0.0,0.39143717,0.09785929
12517,0.24529158,0.11796873,0.3726144,0.15468454,0.0,0.15468454,0.038671136
12518,0.18147583,0.12273008,0.24022162,0.119321726,0.0,0.119321726,0.029830432
12519,0.5795102,0.13704765,1.0219728,0.58791906,0.0,0.58791906,0.14697976
12520,0.1759023,0.1411632,0.2106414,0.036826205,0.0,0.036826205,0.009206551
12521,0.31079078,0.13142435,0.49015722,0.5925066,0.0,0.5925066,0.14812665
12522,0.21490157,0.1227834,0.3070197,0.08191499,0.0,0.08191499,0.020478748
12523,0.16055296,0.124911785,0.19619416,0.05856063,0.0,0.05856063,0.014640157
12524,0.14667921,0.10683296,0.18652545,0.06824864,0.0,0.06824864,0.01706216
12525,0.46792188,0.093028,0.8428158,0.8996585,0.0,0.8996585,0.22491463
12526,0.15831889,0.09440153,0.22223628,0.24248265,0.0,0.24248265,0.06062066
12527,0.1683463,0.09960803,0.23708458,0.27175906,0.0,0.27175906,0.067939766
12528,0.13322763,0.09960685,0.16684842,0.06495535,0.0,0.06495535,0.016238837
12529,0.37786266,0.09994203,0.6557833,0.76585454,0.0,0.76585454,0.19146363
12530,0.13562213,0.100358486,0.17088579,0.20872976,0.0,0.20872976,0.05218244
12531,0.33921632,0.11221007,0.5662226,0.2800701,0.0,0.2800701,0.070017524
12532,0.16819704,0.118133426,0.21826065,0.15859574,0.0,0.15859574,0.039648935
12533,0.15677018,0.119495235,0.19404514,0.24847758,0.0,0.24847758,0.062119395
12534,1.1710564,0.116901934,2.225211,1.743939,0.0,1.743939,0.43598476
12535,0.32854763,0.103360415,0.55373484,0.29826435,0.0,0.29826435,0.07456609
12536,0.5095441,0.09263604,0.9264521,0.6600387,0.0,0.6600387,0.16500968
12537,0.1884787,0.09254893,0.28440845,0.3154554,0.0,0.3154554,0.07886385
12538,0.1311674,0.08500347,0.17733131,0.05844223,0.0,0.05844223,0.014610558
12539,0.31949946,0.076925285,0.56207365,0.36584044,0.0,0.36584044,0.09146011
12540,0.38256183,0.06980511,0.6953185,0.54008776,0.0,0.54008776,0.13502194
12541,0.84178734,0.06557956,1.6179951,1.4969139,0.0,1.4969139,0.37422848
12542,0.089202285,0.064340286,0.114064276,0.06275616,0.0,0.06275616,0.01568904
12543,0.1187289,0.06458729,0.17287052,0.087863855,0.0,0.087863855,0.021965964
12544,0.17683904,0.06887981,0.28479823,0.3184341,0.0,0.3184341,0.07960852
12545,0.12493205,0.07483319,0.1750309,0.1397915,0.0,0.1397915,0.034947876
12546,0.70513964,0.079842664,1.3304366,1.0397409,0.0,1.0397409,0.25993523
12547,0.20039396,0.08699757,0.31379035,0.21595876,0.0,0.21595876,0.05398969
12548,0.08689489,0.08586672,0.08792307,0.15679179,0.0,0.15679179,0.039197948
12549,0.09327092,0.08238301,0.104158826,0.022216557,0.0,0.022216557,0.005554139
12550,0.3548694,0.086468756,0.6232701,0.88305306,0.0,0.88305306,0.22076327
12551,0.11867418,0.092226155,0.1451222,0.05324177,0.0,0.05324177,0.013310443
12552,0.13389349,0.09152726,0.17625971,0.3167574,0.0,0.3167574,0.07918935
12553,0.5499385,0.08714336,1.0127336,1.3513526,0.0,1.3513526,0.33783814
12554,0.07986314,0.08709273,0.07263356,0.11029977,0.0,0.11029977,0.027574943
12555,0.13424547,0.0867249,0.18176603,0.19131488,0.0,0.19131488,0.04782872
12556,0.11407572,0.091104686,0.13704677,0.028104039,0.0,0.028104039,0.0070260097
12557,0.15335318,0.098403394,0.20830297,0.33741507,0.0,0.33741507,0.08435377
12558,0.1563928,0.10991792,0.20286769,0.0426289,0.0,0.0426289,0.010657225
12559,0.26507166,0.10847944,0.42166388,0.71246576,0.0,0.71246576,0.17811644
12560,0.1319138,0.11163983,0.15218775,0.13020958,0.0,0.13020958,0.032552395
12561,0.11466259,0.11642694,0.11289823,0.053237762,0.0,0.053237762,0.013309441
12562,0.11830622,0.12864599,0.107966445,0.055822164,0.0,0.055822164,0.013955541
12563,0.94879967,0.12474083,1.7728586,1.0911741,0.0,1.0911741,0.27279353
12564,0.6701527,0.11528885,1.2250166,0.69108576,0.0,0.69108576,0.17277144
12565,0.40592822,0.111731865,0.70012456,0.31167418,0.0,0.31167418,0.077918544
12566,0.24498403,0.11789369,0.37207437,0.65582657,0.0,0.65582657,0.16395664
12567,0.12418088,0.15135552,0.09700624,0.24690385,0.0,0.24690385,0.061725963
12568,0.18195678,0.18308099,0.18083258,0.46147323,0.0,0.46147323,0.11536831
12569,0.28575602,0.20540051,0.36611155,0.06382405,0.0,0.06382405,0.015956013
12570,0.5768185,0.23206758,0.9215695,0.26565483,0.0,0.26565483,0.06641371
12571,0.23582037,0.24773824,0.22390251,0.04984522,0.0,0.04984522,0.012461305
12572,0.51160234,0.25367746,0.76952726,1.5298303,0.0,1.5298303,0.38245758
12573,0.32370755,0.23882909,0.40858603,0.07443518,0.0,0.07443518,0.018608795
12574,0.503316,0.18780993,0.8188221,0.2804709,0.0,0.2804709,0.07011773
12575,0.70154357,0.17705119,1.226036,0.54413694,0.0,0.54413694,0.13603424
12576,0.17569739,0.19031127,0.1610835,0.42524084,0.0,0.42524084,0.10631021
12577,0.5171328,0.20325132,0.83101434,0.26436606,0.0,0.26436606,0.066091515
12578,0.3899324,0.21595849,0.56390625,0.17555033,0.0,0.17555033,0.04388758
12579,0.30376634,0.22958551,0.37794718,0.050923783,0.0,0.050923783,0.012730946
12580,0.45984372,0.24152537,0.6781621,1.3614407,0.0,1.3614407,0.34036016
12581,0.2186044,0.25414497,0.18306386,0.07559534,0.0,0.07559534,0.018898835
12582,0.49871805,0.24948335,0.74795276,0.20173557,0.0,0.20173557,0.050433893
12583,0.20242114,0.24132164,0.16352065,0.26618457,0.0,0.26618457,0.06654614
12584,0.32420865,0.2216121,0.42680517,0.096664906,0.0,0.096664906,0.024166226
12585,0.96061236,0.20395213,1.7172726,0.8410751,0.0,0.8410751,0.21026878
12586,0.33130857,0.22506638,0.43755078,0.0720489,0.0,0.0720489,0.018012226
12587,0.4712192,0.21465068,0.7277878,0.2156924,0.0,0.2156924,0.0539231
12588,0.32813975,0.1900206,0.4662589,0.96190375,0.0,0.96190375,0.24047594
12589,0.1657063,0.1698852,0.16152741,0.027361142,0.0,0.027361142,0.0068402854
12590,0.31949076,0.18246742,0.45651412,0.120883994,0.0,0.120883994,0.030220998
12591,0.53354573,0.25697458,0.81011695,0.25218883,0.0,0.25218883,0.06304721
12592,0.30170533,0.307538,0.2958726,0.04766648,0.0,0.04766648,0.01191662
12593,0.9428818,0.36287764,1.5228859,0.53852195,0.0,0.53852195,0.13463049
12594,0.28018883,0.3797715,0.18060613,0.1572938,0.0,0.1572938,0.03932345
12595,1.0278262,0.3918393,1.6638131,0.5670802,0.0,0.5670802,0.14177005
12596,0.31249908,0.36854067,0.25645748,0.114896834,0.0,0.114896834,0.028724208
12597,0.43793216,0.32995537,0.5459089,1.2519847,0.0,1.2519847,0.31299618
12598,0.3813295,0.30263147,0.46002755,0.049048275,0.0,0.049048275,0.012262069
12599,0.53423375,0.271114,0.79735345,0.20986038,0.0,0.20986038,0.052465096
12600,0.49029914,0.2557288,0.7248695,0.20100947,0.0,0.20100947,0.050252367
12601,0.44968557,0.2335739,0.66579723,0.18875396,0.0,0.18875396,0.04718849
12602,0.28129163,0.22162652,0.34095678,0.040906236,0.0,0.040906236,0.010226559
12603,0.22062095,0.22848552,0.2127564,0.2512299,0.0,0.2512299,0.06280748
12604,0.6591713,0.25878006,1.0595624,0.3801067,0.0,0.3801067,0.09502667
12605,0.46119633,0.31528708,0.6071057,0.09580541,0.0,0.09580541,0.023951352
12606,0.32606375,0.3255532,0.3265743,0.5202731,0.0,0.5202731,0.13006827
12607,0.40504542,0.27256986,0.53752095,0.08813914,0.0,0.08813914,0.022034785
12608,0.6020698,0.1790659,1.0250736,1.6266552,0.0,1.6266552,0.4066638
12609,0.20916946,0.13407332,0.2842656,0.37790743,0.0,0.37790743,0.09447686
12610,0.14622264,0.1255546,0.16689067,0.191857,0.0,0.191857,0.04796425
12611,0.2537626,0.09634123,0.41118398,0.17771816,0.0,0.17771816,0.04442954
12612,0.09935239,0.07427877,0.12442601,0.16988677,0.0,0.16988677,0.042471692
12613,0.15367638,0.05770078,0.24965198,0.31865546,0.0,0.31865546,0.079663865
12614,0.22726625,0.058233935,0.39629856,0.24180014,0.0,0.24180014,0.060450036
12615,0.10064286,0.0704918,0.13079391,0.12547845,0.0,0.12547845,0.03136961
12616,0.5939506,0.093067735,1.0948335,0.7490403,0.0,0.7490403,0.18726008
12617,0.09971362,0.100263454,0.09916379,0.080635644,0.0,0.080635644,0.020158911
12618,0.22074671,0.095122665,0.3463708,0.12873513,0.0,0.12873513,0.03218378
12619,0.33225772,0.09363458,0.57088083,0.895114,0.0,0.895114,0.2237785
12620,0.35053965,0.08457596,0.61650336,0.8665858,0.0,0.8665858,0.21664645
12621,0.23380804,0.08129249,0.3863236,0.527644,0.0,0.527644,0.131911
12622,0.3095088,0.086815275,0.5322023,0.30829754,0.0,0.30829754,0.077074386
12623,0.84461325,0.10705465,1.5821718,1.0760878,0.0,1.0760878,0.26902196
12624,0.1218802,0.12517305,0.11858735,0.13890077,0.0,0.13890077,0.034725193
12625,0.22932225,0.1379278,0.3207167,0.4792365,0.0,0.4792365,0.11980913
12626,0.32655236,0.14875767,0.5043471,0.16290922,0.0,0.16290922,0.040727306
12627,0.49041954,0.16487819,0.8159609,0.34825042,0.0,0.34825042,0.087062605
12628,0.32106283,0.18229878,0.45982686,0.16736935,0.0,0.16736935,0.041842338
12629,0.3087196,0.19493826,0.42250094,0.82184607,0.0,0.82184607,0.20546152
12630,0.42473555,0.20859377,0.6408773,0.9423103,0.0,0.9423103,0.23557757
12631,0.24764653,0.20769203,0.28760102,0.47782907,0.0,0.47782907,0.11945727
12632,0.29651722,0.21115093,0.38188353,0.061515916,0.0,0.061515916,0.015378979
12633,0.22902393,0.22058217,0.2374657,0.0898708,0.0,0.0898708,0.0224677
12634,1.1315223,0.25168157,2.011363,1.1036533,0.0,1.1036533,0.27591333
12635,0.23661976,0.22266234,0.25057712,0.047280792,0.0,0.047280792,0.011820198
12636,0.19409414,0.15820664,0.22998162,0.06315735,0.0,0.06315735,0.015789337
12637,0.27525842,0.106377356,0.44413948,0.15986596,0.0,0.15986596,0.03996649
12638,0.65638447,0.105305016,1.2074639,1.5541271,0.0,1.5541271,0.38853177
12639,0.15128939,0.12806302,0.17451577,0.32919487,0.0,0.32919487,0.08229872
12640,0.8677811,0.15299019,1.582572,0.93120265,0.0,0.93120265,0.23280066
12641,0.24975123,0.18219495,0.3173075,0.063207835,0.0,0.063207835,0.015801959
12642,0.17510468,0.20451604,0.14569332,0.29439726,0.0,0.29439726,0.073599316
12643,0.2929668,0.21930961,0.36662403,0.103285946,0.0,0.103285946,0.025821486
12644,0.612208,0.20790035,1.0165156,0.40053836,0.0,0.40053836,0.10013459
12645,0.26457694,0.19273748,0.3364164,0.10050652,0.0,0.10050652,0.02512663
12646,0.15713955,0.20056789,0.113711245,0.18075563,0.0,0.18075563,0.045188908
12647,0.43506274,0.21522744,0.654898,0.16534583,0.0,0.16534583,0.04133646
12648,0.35756293,0.23059909,0.48452678,0.14565365,0.0,0.14565365,0.036413413
12649,0.45679107,0.23928128,0.6743009,1.151433,0.0,1.151433,0.28785825
12650,0.18273906,0.2475069,0.11797124,0.18491377,0.0,0.18491377,0.046228442
12651,0.19101292,0.273178,0.10884782,0.18898089,0.0,0.18898089,0.047245223
12652,0.40847322,0.28447884,0.5324676,0.11929333,0.0,0.11929333,0.029823333
12653,0.7166076,0.28058425,1.1526309,0.36196136,0.0,0.36196136,0.09049034
12654,0.3340099,0.2825449,0.38547483,0.07429015,0.0,0.07429015,0.018572537
12655,0.4725882,0.27860475,0.6665717,0.1181638,0.0,0.1181638,0.02954095
12656,0.4343884,0.27630678,0.59247005,0.16965108,0.0,0.16965108,0.04241277
12657,0.2939103,0.29057035,0.29725027,0.119901836,0.0,0.119901836,0.029975459
12658,0.23427553,0.3105555,0.15799557,0.47085777,0.0,0.47085777,0.11771444
12659,0.46599197,0.26907527,0.6629086,0.20499186,0.0,0.20499186,0.051247966
12660,0.32784232,0.19870166,0.456983,0.11761782,0.0,0.11761782,0.029404456
12661,0.26042375,0.14035408,0.3804934,0.17390001,0.0,0.17390001,0.043475002
12662,0.33558455,0.11733756,0.5538316,0.7784341,0.0,0.7784341,0.19460852
12663,0.14996786,0.11644512,0.18349063,0.07964309,0.0,0.07964309,0.019910773
12664,0.86449915,0.123122655,1.6058756,1.0375713,0.0,1.0375713,0.25939283
12665,0.7528315,0.14106226,1.3646008,0.8242755,0.0,0.8242755,0.20606887
12666,0.1497087,0.16325209,0.1361653,0.18293367,0.0,0.18293367,0.04573342
12667,0.51564294,0.17599593,0.85529,0.34941873,0.0,0.34941873,0.08735468
12668,1.028991,0.16072951,1.8972524,1.135827,0.0,1.135827,0.28395674
12669,0.4162152,0.13636945,0.69606096,0.29581785,0.0,0.29581785,0.07395446
12670,0.28258094,0.12629138,0.43887046,0.15342434,0.0,0.15342434,0.038356084
12671,0.1695474,0.12859087,0.21050394,0.074408315,0.0,0.074408315,0.018602079
12672,0.40648472,0.13711037,0.67585903,0.99066925,0.0,0.99066925,0.24766731
12673,0.17734854,0.15118521,0.20351188,0.049686372,0.0,0.049686372,0.012421593
12674,0.15338457,0.16713917,0.13962996,0.14899443,0.0,0.14899443,0.037248608
12675,0.32070473,0.18160291,0.45980653,0.1095955,0.0,0.1095955,0.027398875
12676,0.60412383,0.17605872,1.032189,0.4307007,0.0,0.4307007,0.10767517
12677,1.0100468,0.16681445,1.8532791,1.0864772,0.0,1.0864772,0.2716193
12678,0.4519216,0.17077386,0.7330694,1.227646,0.0,1.227646,0.3069115
12679,0.31227157,0.17779934,0.44674382,0.8800122,0.0,0.8800122,0.22000305
12680,0.5864138,0.19606382,0.9767637,0.38312438,0.0,0.38312438,0.095781095
12681,0.19033103,0.2214394,0.15922263,0.048304405,0.0,0.048304405,0.012076101
12682,0.21885975,0.22849219,0.20922731,0.51331145,0.0,0.51331145,0.12832786
12683,0.20524018,0.21899892,0.1914814,0.16628815,0.0,0.16628815,0.041572038
12684,0.42668757,0.19945312,0.653922,0.18462707,0.0,0.18462707,0.046156768
12685,0.19209246,0.1823285,0.20185639,0.03969352,0.0,0.03969352,0.00992338
12686,0.18952233,0.18617098,0.19287367,0.2033052,0.0,0.2033052,0.0508263
12687,1.3845744,0.1881516,2.5809972,1.697463,0.0,1.697463,0.42436576
12688,0.43411848,0.17640583,0.6918311,0.331326,0.0,0.331326,0.0828315
12689,0.20986949,0.1775821,0.24215686,0.053575296,0.0,0.053575296,0.013393824
12690,0.35647908,0.18146996,0.53148824,0.23333345,0.0,0.23333345,0.058333363
12691,0.4269247,0.18749921,0.6663502,0.30223936,0.0,0.30223936,0.07555984
12692,0.19215715,0.17524569,0.2090686,0.10787036,0.0,0.10787036,0.02696759
12693,0.2630342,0.16058308,0.36548528,0.30784908,0.0,0.30784908,0.07696227
12694,0.17718513,0.15333982,0.20103048,0.14657825,0.0,0.14657825,0.036644563
12695,0.2503492,0.14188589,0.35881248,0.12121043,0.0,0.12121043,0.030302608
12696,0.22151251,0.14312927,0.29989573,0.07194451,0.0,0.07194451,0.017986128
12697,0.14954315,0.15538849,0.14369781,0.020545932,0.0,0.020545932,0.005136483
12698,0.2906341,0.16616087,0.41510734,0.11234403,0.0,0.11234403,0.028086007
12699,0.6875312,0.17679398,1.1982683,0.6816123,0.0,0.6816123,0.17040308
12700,0.28813586,0.1858259,0.39044583,0.080597945,0.0,0.080597945,0.020149486
12701,1.0172606,0.19413559,1.8403856,1.1148733,0.0,1.1148733,0.27871832
12702,0.20923479,0.19912077,0.2193488,0.21523333,0.0,0.21523333,0.05380833
12703,0.20111792,0.19856052,0.20367533,0.124159195,0.0,0.124159195,0.031039799
12704,0.45295537,0.19881298,0.70709777,0.3017958,0.0,0.3017958,0.07544895
12705,0.32008848,0.21731363,0.42286327,0.11601507,0.0,0.11601507,0.029003767
12706,0.6398712,0.23865823,1.0410842,0.48295927,0.0,0.48295927,0.12073982
12707,0.27327162,0.24995698,0.29658625,0.54089314,0.0,0.54089314,0.13522328
12708,0.49008286,0.24866523,0.73150045,0.2435828,0.0,0.2435828,0.0608957
12709,0.2554716,0.2472608,0.2636824,0.08312363,0.0,0.08312363,0.020780908
12710,0.32508987,0.26371542,0.38646433,0.09960103,0.0,0.09960103,0.024900258
12711,0.30860582,0.2522264,0.36498523,0.03949285,0.0,0.03949285,0.009873212
12712,0.3267387,0.24977262,0.40370473,0.1903262,0.0,0.1903262,0.04758155
12713,0.23210637,0.25511226,0.20910047,0.099386334,0.0,0.099386334,0.024846584
12714,0.2546519,0.25272438,0.2565794,0.04340331,0.0,0.04340331,0.010850827
12715,0.79886055,0.24869771,1.3490233,0.91455775,0.0,0.91455775,0.22863944
12716,0.37762615,0.23782913,0.51742315,0.20365483,0.0,0.20365483,0.050913706
12717,1.1313192,0.22271864,2.0399199,1.4394412,0.0,1.4394412,0.3598603
12718,0.5522659,0.20664787,0.8978839,0.98504895,0.0,0.98504895,0.24626224
12719,0.43266037,0.18867056,0.6766502,0.42992964,0.0,0.42992964,0.10748241
12720,1.0935148,0.17663236,2.0103972,1.5724922,0.0,1.5724922,0.39312306
12721,0.3644949,0.1723608,0.556629,0.3571035,0.0,0.3571035,0.089275874
12722,0.9425693,0.17659612,1.7085425,1.3487657,0.0,1.3487657,0.33719143
12723,0.20488769,0.17498446,0.23479092,0.105636,0.0,0.105636,0.026409
12724,0.1964795,0.17620444,0.21675456,0.15046994,0.0,0.15046994,0.037617486
12725,0.48731712,0.18020512,0.7944291,0.7694443,0.0,0.7694443,0.19236107
12726,0.19042127,0.18567066,0.19517188,0.02960386,0.0,0.02960386,0.007400965
12727,0.28628266,0.19087435,0.38169095,0.28457943,0.0,0.28457943,0.07114486
12728,0.40283552,0.19332187,0.6123492,0.53234273,0.0,0.53234273,0.13308568
12729,0.81060195,0.19675869,1.4244452,0.96349764,0.0,0.96349764,0.24087441
12730,0.24583952,0.19469686,0.29698217,0.19462365,0.0,0.19462365,0.048655912
12731,0.1838104,0.18121095,0.18640983,0.04338348,0.0,0.04338348,0.01084587
12732,0.25741193,0.16103064,0.35379323,0.3162928,0.0,0.3162928,0.0790732
12733,0.5507551,0.14983805,0.9516721,1.0793242,0.0,1.0793242,0.26983106
12734,0.18615024,0.14876938,0.22353108,0.0921242,0.0,0.0921242,0.02303105
12735,0.25711036,0.16152996,0.3526908,0.11314485,0.0,0.11314485,0.028286213
12736,0.30885157,0.16603816,0.451665,0.19030619,0.0,0.19030619,0.047576547
12737,0.37980083,0.16330843,0.5962932,0.3251759,0.0,0.3251759,0.08129398
12738,0.39560667,0.1527704,0.63844293,0.41273943,0.0,0.41273943,0.10318486
12739,0.16586746,0.13795836,0.19377655,0.05754822,0.0,0.05754822,0.014387055
12740,0.20819007,0.120569885,0.29581025,0.22211175,0.0,0.22211175,0.055527937
12741,0.26874807,0.114760995,0.42273518,0.35479608,0.0,0.35479608,0.08869902
12742,0.58146894,0.10494786,1.05799,0.8505351,0.0,0.8505351,0.21263377
12743,0.28506508,0.10606905,0.4640611,0.32419047,0.0,0.32419047,0.08104762
12744,0.5472714,0.109094225,0.98544854,0.79307395,0.0,0.79307395,0.19826849
12745,0.48854148,0.115086295,0.86199665,0.6634429,0.0,0.6634429,0.16586073
12746,0.20921282,0.119674616,0.29875103,0.17827885,0.0,0.17827885,0.044569712
12747,0.60635734,0.123607494,1.0891072,0.87522584,0.0,0.87522584,0.21880646
12748,0.98282343,0.12874974,1.8368973,1.5998516,0.0,1.5998516,0.3999629
12749,0.2728028,0.13593283,0.40967274,0.23529458,0.0,0.23529458,0.058823645
12750,0.2929934,0.1424806,0.44350615,0.20959012,0.0,0.20959012,0.05239753
12751,0.5604942,0.1520188,0.9689696,0.6678155,0.0,0.6678155,0.16695388
12752,1.1468896,0.15138084,2.142398,1.6706835,0.0,1.6706835,0.41767088
12753,0.86821014,0.14236474,1.5940555,1.1413134,0.0,1.1413134,0.28532836
12754,0.14111318,0.12727869,0.15494767,0.06309628,0.0,0.06309628,0.01577407
12755,0.35252285,0.10692743,0.59811825,0.42600954,0.0,0.42600954,0.106502384
12756,0.10845921,0.08250011,0.13441832,0.050767567,0.0,0.050767567,0.012691892
12757,0.24410532,0.06817662,0.42003402,0.32258937,0.0,0.32258937,0.08064734
12758,0.49761435,0.06725492,0.92797375,0.95765305,0.0,0.95765305,0.23941326
12759,0.1761493,0.078575246,0.27372333,0.20723177,0.0,0.20723177,0.051807944
12760,0.22046499,0.093814515,0.3471155,0.22543937,0.0,0.22543937,0.056359842
12761,0.5373397,0.11128443,0.96339494,0.78747886,0.0,0.78747886,0.19686972
12762,0.23734067,0.12534717,0.34933415,0.11378133,0.0,0.11378133,0.028445333
12763,0.5277836,0.1383357,0.9172314,0.6451143,0.0,0.6451143,0.16127858
12764,0.23145287,0.1534218,0.30948395,0.115269095,0.0,0.115269095,0.028817274
12765,0.50946546,0.1663418,0.85258913,0.4933361,0.0,0.4933361,0.12333403
12766,0.77082443,0.17448767,1.3671613,0.7326763,0.0,0.7326763,0.18316908
12767,0.9679683,0.18608792,1.7498487,1.0802644,0.0,1.0802644,0.2700661
12768,0.24740322,0.17738988,0.31741658,0.5001211,0.0,0.5001211,0.12503028
12769,0.51874954,0.16336344,0.8741357,0.5485804,0.0,0.5485804,0.1371451
12770,0.3746136,0.13932014,0.6099071,0.6322987,0.0,0.6322987,0.15807468
12771,0.2552719,0.1285459,0.3819979,0.24999528,0.0,0.24999528,0.06249882
12772,0.7189254,0.13207613,1.3057747,1.4332794,0.0,1.4332794,0.35831985
12773,0.12841691,0.14026202,0.116571784,0.13002928,0.0,0.13002928,0.03250732
12774,0.26494125,0.15133357,0.37854895,0.25290754,0.0,0.25290754,0.063226886
12775,0.54571444,0.15865086,0.93277806,0.9094558,0.0,0.9094558,0.22736394
12776,0.28602242,0.16217484,0.40987003,0.1510321,0.0,0.1510321,0.037758026
12777,0.4296234,0.1537443,0.7055025,0.48340335,0.0,0.48340335,0.12085084
12778,0.3183665,0.13906379,0.49766922,0.44797942,0.0,0.44797942,0.111994855
12779,0.11415547,0.12121222,0.107098706,0.067927495,0.0,0.067927495,0.016981874
12780,0.0974418,0.10061928,0.09426433,0.03630792,0.0,0.03630792,0.00907698
12781,0.41530085,0.08447961,0.74612206,0.592519,0.0,0.592519,0.14812975
12782,0.16487212,0.08022431,0.24951993,0.091460146,0.0,0.091460146,0.022865037
12783,0.11109704,0.09553572,0.12665835,0.10548272,0.0,0.10548272,0.02637068
12784,0.49694896,0.11432135,0.8795766,0.7408383,0.0,0.7408383,0.18520957
12785,0.32564345,0.12709622,0.5241907,0.3589623,0.0,0.3589623,0.089740574
12786,0.30184633,0.13905148,0.46464118,0.33707103,0.0,0.33707103,0.08426776
12787,1.113674,0.15567188,2.0716763,1.4472338,0.0,1.4472338,0.36180845
12788,0.21790762,0.16535564,0.2704596,0.03283627,0.0,0.03283627,0.008209067
12789,0.6236345,0.16053617,1.0867329,1.2218453,0.0,1.2218453,0.30546132
12790,0.27051744,0.13943703,0.40159783,0.12047619,0.0,0.12047619,0.030119047
12791,0.45892826,0.12587975,0.79197675,0.5900182,0.0,0.5900182,0.14750455
12792,0.24496765,0.1206823,0.36925304,0.2321068,0.0,0.2321068,0.0580267
12793,0.5232146,0.11980662,0.92662257,0.74073046,0.0,0.74073046,0.18518262
12794,0.4123509,0.11883852,0.70586324,0.5605216,0.0,0.5605216,0.1401304
12795,0.15447354,0.11989718,0.1890499,0.041332647,0.0,0.041332647,0.010333162
12796,0.2335952,0.12881643,0.33837402,0.1497121,0.0,0.1497121,0.037428025
12797,0.26723558,0.13992868,0.39454246,0.32654184,0.0,0.32654184,0.08163546
12798,0.37546384,0.13991092,0.61101675,0.37547907,0.0,0.37547907,0.09386977
12799,0.8015303,0.12685096,1.4762096,1.2885014,0.0,1.2885014,0.32212535
12800,0.2520134,0.1151419,0.38888487,0.45085776,0.0,0.45085776,0.11271444
12801,0.14147072,0.10848243,0.17445898,0.078886144,0.0,0.078886144,0.019721536
12802,0.13716413,0.09993788,0.17439039,0.08310186,0.0,0.08310186,0.020775465
12803,0.22019114,0.09472132,0.34566095,0.42369005,0.0,0.42369005,0.10592251
12804,0.11644622,0.094614275,0.13827814,0.041023273,0.0,0.041023273,0.010255818
12805,0.9441014,0.097432636,1.7907702,1.1918675,0.0,1.1918675,0.29796687
12806,0.09906053,0.10334444,0.09477661,0.18322901,0.0,0.18322901,0.045807254
12807,0.2542784,0.088059716,0.42049706,0.17596136,0.0,0.17596136,0.04399034
12808,0.11191318,0.08371929,0.14010708,0.09935808,0.0,0.09935808,0.02483952
12809,0.42102984,0.08078906,0.7612706,0.774775,0.0,0.774775,0.19369376
12810,0.17518432,0.077966906,0.27240175,0.2376244,0.0,0.2376244,0.0594061
12811,0.54319733,0.077159144,1.0092355,1.0112355,0.0,1.0112355,0.25280887
12812,0.214419,0.07563574,0.35320225,0.34140384,0.0,0.34140384,0.08535096
12813,0.1267808,0.075624816,0.17793678,0.08843439,0.0,0.08843439,0.022108598
12814,0.379264,0.07453673,0.68399125,0.7777112,0.0,0.7777112,0.1944278
12815,0.41022217,0.07398281,0.7464616,0.5945787,0.0,0.5945787,0.14864467
12816,0.36560282,0.072689325,0.6585163,0.5199445,0.0,0.5199445,0.12998612
12817,0.17954308,0.073935024,0.28515115,0.21254563,0.0,0.21254563,0.05313641
12818,0.16538261,0.07775109,0.25301412,0.24231261,0.0,0.24231261,0.060578153
12819,0.96690065,0.081087805,1.8527136,1.5131634,0.0,1.5131634,0.37829086
12820,0.12718542,0.08358606,0.17078479,0.04161872,0.0,0.04161872,0.01040468
12821,0.33601558,0.086679555,0.58535165,0.42413917,0.0,0.42413917,0.10603479
12822,0.7207982,0.090363435,1.3512329,1.1636094,0.0,1.1636094,0.29090235
12823,0.87298995,0.09109419,1.6548858,1.4569689,0.0,1.4569689,0.36424223
12824,0.5080367,0.09476156,0.92131186,0.99541694,0.0,0.99541694,0.24885423
12825,0.430226,0.10078766,0.75966436,0.51528,0.0,0.51528,0.12882
12826,0.5063614,0.09577608,0.9169467,0.8832813,0.0,0.8832813,0.22082032
12827,0.1861453,0.09364409,0.2786465,0.1175257,0.0,0.1175257,0.029381424
12828,0.17377865,0.09539127,0.25216603,0.11797396,0.0,0.11797396,0.02949349
12829,0.45386818,0.099787556,0.8079488,0.5424357,0.0,0.5424357,0.13560893
12830,0.6140845,0.102591604,1.1255773,0.9102478,0.0,0.9102478,0.22756195
12831,0.12723468,0.09046608,0.16400327,0.030620843,0.0,0.030620843,0.007655211
12832,0.3118573,0.08628422,0.53743035,0.5205113,0.0,0.5205113,0.13012783
12833,0.18542047,0.08385521,0.28698573,0.33624458,0.0,0.33624458,0.084061146
12834,0.2070743,0.08277728,0.33137134,0.40861878,0.0,0.40861878,0.102154694
12835,0.16617706,0.08293837,0.24941576,0.10922255,0.0,0.10922255,0.027305638
12836,0.116973944,0.08415111,0.14979678,0.05936724,0.0,0.05936724,0.01484181
12837,0.35698017,0.08798212,0.62597823,0.56423813,0.0,0.56423813,0.14105953
12838,0.21345069,0.09176084,0.33514056,0.16097103,0.0,0.16097103,0.040242758
12839,0.10440365,0.09723135,0.11157597,0.06376795,0.0,0.06376795,0.015941987
12840,0.1586887,0.09822744,0.21914995,0.06862622,0.0,0.06862622,0.017156554
12841,0.15767753,0.09774849,0.21760659,0.19459935,0.0,0.19459935,0.048649836
12842,0.7024498,0.098903455,1.3059962,1.1461862,0.0,1.1461862,0.28654656
12843,0.1411476,0.09935355,0.18294163,0.04538904,0.0,0.04538904,0.01134726
12844,0.39532724,0.097586274,0.6930682,0.706292,0.0,0.706292,0.176573
12845,1.111487,0.099461816,2.1235123,1.7662855,0.0,1.7662855,0.44157138
12846,0.12309124,0.104877256,0.14130524,0.052579653,0.0,0.052579653,0.013144913
12847,0.12965949,0.103413366,0.15590562,0.060533047,0.0,0.060533047,0.015133262
12848,0.56673396,0.098283075,1.0351849,1.1474797,0.0,1.1474797,0.2868699
12849,0.50607985,0.102288626,0.9098711,0.5917955,0.0,0.5917955,0.14794888
12850,0.988838,0.11510682,1.8625693,1.3903513,0.0,1.3903513,0.34758782
12851,0.2521917,0.12098026,0.38340315,0.6682307,0.0,0.6682307,0.16705768
12852,0.3454342,0.11759478,0.5732736,0.22104616,0.0,0.22104616,0.05526154
12853,0.13856372,0.11332867,0.16379876,0.25114396,0.0,0.25114396,0.06278599
12854,0.3138603,0.110508166,0.51721245,0.20778626,0.0,0.20778626,0.051946566
12855,0.14320412,0.12733729,0.15907095,0.32627577,0.0,0.32627577,0.08156894
12856,0.20949543,0.14708976,0.27190107,0.6368342,0.0,0.6368342,0.15920855
12857,0.25272754,0.16790242,0.33755267,0.10200193,0.0,0.10200193,0.025500482
12858,0.13162091,0.19224715,0.070994675,0.1837135,0.0,0.1837135,0.045928374
12859,0.36523494,0.18901326,0.54145664,1.1765779,0.0,1.1765779,0.29414448
12860,0.23007967,0.17958124,0.2805781,0.054712515,0.0,0.054712515,0.013678129
12861,1.4727869,0.17753613,2.7680378,1.8271207,0.0,1.8271207,0.45678017
12862,0.9880883,0.1881272,1.7880493,0.9822114,0.0,0.9822114,0.24555285
12863,0.3626047,0.18567443,0.539535,0.1707201,0.0,0.1707201,0.042680025
12864,0.44882903,0.1831429,0.71451515,1.3683714,0.0,1.3683714,0.34209284
12865,0.50926685,0.16317523,0.8553584,0.3480176,0.0,0.3480176,0.0870044
12866,0.14500041,0.15120932,0.13879152,0.1853516,0.0,0.1853516,0.0463379
12867,0.1754065,0.14939752,0.20141548,0.47059992,0.0,0.47059992,0.11764998
12868,0.30979893,0.15766267,0.4619352,0.12568629,0.0,0.12568629,0.031421572
12869,0.41950014,0.20317782,0.6358225,0.1578623,0.0,0.1578623,0.039465576
12870,0.48632565,0.24384911,0.7288022,0.16801286,0.0,0.16801286,0.042003214
12871,1.0943303,0.20818478,1.9804759,0.99599916,0.0,0.99599916,0.24899979
12872,0.23197658,0.16299167,0.30096152,0.39345542,0.0,0.39345542,0.098363854
12873,0.5131754,0.14423843,0.88211244,0.41484773,0.0,0.41484773,0.10371193
12874,1.4677726,0.16894025,2.7666051,1.8246778,0.0,1.8246778,0.45616946
12875,0.15995121,0.17718667,0.14271574,0.18149972,0.0,0.18149972,0.04537493
12876,0.12439201,0.15486626,0.093917765,0.06713624,0.0,0.06713624,0.01678406
12877,0.40033066,0.13208376,0.6685776,0.29966187,0.0,0.29966187,0.07491547
12878,0.9075227,0.1131685,1.7018768,1.1674323,0.0,1.1674323,0.29185808
12879,0.54469264,0.12230182,0.96708345,1.3831853,0.0,1.3831853,0.34579632
12880,0.3333235,0.13885325,0.5277938,0.21897419,0.0,0.21897419,0.054743547
12881,0.18527918,0.15105675,0.21950157,0.2607253,0.0,0.2607253,0.06518132
12882,0.19601275,0.1665686,0.22545691,0.3171713,0.0,0.3171713,0.07929283
12883,0.22832398,0.17075272,0.28589523,0.039887015,0.0,0.039887015,0.009971754
12884,0.26954755,0.17580442,0.3632907,0.071932085,0.0,0.071932085,0.017983021
12885,0.1583452,0.1742682,0.14242218,0.04747965,0.0,0.04747965,0.011869912
12886,0.2791893,0.18166296,0.37671563,0.07358075,0.0,0.07358075,0.018395187
12887,0.24321102,0.16006468,0.32635733,0.07137191,0.0,0.07137191,0.017842978
12888,1.0360931,0.14484744,1.927339,1.1428939,0.0,1.1428939,0.28572348
12889,0.1077292,0.12480473,0.09065366,0.05701522,0.0,0.05701522,0.014253805
12890,1.3363336,0.11844467,2.5542223,1.7771248,0.0,1.7771248,0.4442812
12891,0.28823772,0.11983093,0.45664454,0.23664694,0.0,0.23664694,0.059161734
12892,0.1893332,0.14006005,0.23860638,0.03820388,0.0,0.03820388,0.00955097
12893,0.14857112,0.17760943,0.119532794,0.07771609,0.0,0.07771609,0.019429022
12894,0.22946645,0.18685682,0.2720761,0.25010005,0.0,0.25010005,0.06252501
12895,0.26487562,0.14635785,0.3833934,0.33128414,0.0,0.33128414,0.082821034
12896,0.24458136,0.113343515,0.3758192,0.18557441,0.0,0.18557441,0.046393603
12897,0.22741814,0.100481845,0.3543544,0.38004407,0.0,0.38004407,0.09501102
12898,0.22924156,0.11754272,0.34094045,0.32564214,0.0,0.32564214,0.081410535
12899,0.2952357,0.13347876,0.45699263,0.17704122,0.0,0.17704122,0.044260304
12900,0.5157416,0.11709758,0.9143856,0.66114295,0.0,0.66114295,0.16528574
12901,0.45547423,0.09972098,0.8112275,0.66248864,0.0,0.66248864,0.16562216
12902,0.24099894,0.09298984,0.38900805,0.31356478,0.0,0.31356478,0.078391194
12903,0.23286955,0.086803444,0.37893566,0.25899887,0.0,0.25899887,0.06474972
12904,0.37882188,0.09039772,0.66724604,0.5248905,0.0,0.5248905,0.13122262
12905,0.10279552,0.09628475,0.1093063,0.06290581,0.0,0.06290581,0.015726453
12906,0.6541055,0.11021328,1.1979977,0.9103074,0.0,0.9103074,0.22757685
12907,0.29583776,0.11182771,0.47984782,0.2933475,0.0,0.2933475,0.07333688
12908,0.11016193,0.0925562,0.12776767,0.06473077,0.0,0.06473077,0.016182693
12909,0.19597703,0.076823086,0.31513098,0.20932503,0.0,0.20932503,0.052331258
12910,0.120131314,0.07399737,0.16626526,0.13644849,0.0,0.13644849,0.034112122
12911,0.41262853,0.07409487,0.75116223,0.53407407,0.0,0.53407407,0.13351852
12912,0.25319386,0.072010495,0.4343772,0.30510095,0.0,0.30510095,0.07627524
12913,0.19629292,0.073597044,0.31898877,0.21667327,0.0,0.21667327,0.054168317
12914,0.24034853,0.07676086,0.40393624,0.3160443,0.0,0.3160443,0.079011075
12915,0.24954973,0.08020181,0.41889763,0.3425293,0.0,0.3425293,0.085632324
12916,0.291751,0.07879426,0.5047077,0.43083343,0.0,0.43083343,0.10770836
12917,0.6894762,0.075101815,1.3038505,1.2609237,0.0,1.2609237,0.31523094
12918,0.685438,0.07088236,1.2999936,1.2736536,0.0,1.2736536,0.3184134
12919,0.901988,0.06966599,1.7343102,1.5796772,0.0,1.5796772,0.3949193
12920,0.6738731,0.071921684,1.2758245,0.9953995,0.0,0.9953995,0.24884987
12921,0.40705732,0.07177549,0.74233913,0.51698565,0.0,0.51698565,0.12924641
12922,0.1378398,0.064618476,0.21106112,0.18399654,0.0,0.18399654,0.045999136
12923,0.6108245,0.059487958,1.1621611,0.98333645,0.0,0.98333645,0.24583411
12924,0.067102544,0.05773476,0.07647032,0.017119668,0.0,0.017119668,0.004279917
12925,0.41774175,0.058189657,0.77729386,0.7861188,0.0,0.7861188,0.1965297
12926,0.552532,0.059842702,1.0452214,1.0894479,0.0,1.0894479,0.27236196
12927,0.4771274,0.07081315,0.8834416,0.76136374,0.0,0.76136374,0.19034094
12928,0.2079431,0.079734616,0.3361516,0.19331269,0.0,0.19331269,0.048328172
12929,0.188281,0.081889935,0.29467204,0.27572083,0.0,0.27572083,0.06893021
12930,0.26678112,0.08350885,0.45005342,0.30387965,0.0,0.30387965,0.07596991
12931,0.11809494,0.077062875,0.15912701,0.07357707,0.0,0.07357707,0.018394267
12932,0.13332771,0.06997007,0.19668533,0.08054235,0.0,0.08054235,0.020135587
12933,0.09318761,0.06391093,0.12246429,0.049394358,0.0,0.049394358,0.0123485895
12934,0.08299059,0.05912761,0.10685357,0.035408035,0.0,0.035408035,0.008852009
12935,0.36829486,0.056473106,0.68011665,0.5684218,0.0,0.5684218,0.14210545
12936,0.4201721,0.05916745,0.78117675,0.71456796,0.0,0.71456796,0.17864199
12937,0.070896186,0.06643122,0.075361155,0.026986629,0.0,0.026986629,0.006746657
12938,0.2787777,0.068935536,0.4886198,0.47030202,0.0,0.47030202,0.117575504
12939,0.107185595,0.073709734,0.14066145,0.08123969,0.0,0.08123969,0.020309923
12940,0.12293881,0.07564616,0.17023146,0.078385375,0.0,0.078385375,0.019596344
12941,0.18407844,0.07397445,0.29418242,0.23616923,0.0,0.23616923,0.05904231
12942,0.12059771,0.070259735,0.17093569,0.077326395,0.0,0.077326395,0.019331599
12943,0.070392795,0.06259048,0.07819511,0.050083105,0.0,0.050083105,0.012520776
12944,0.21895818,0.060084093,0.37783226,0.23358929,0.0,0.23358929,0.058397323
12945,0.84829575,0.063425355,1.6331662,1.7332116,0.0,1.7332116,0.4333029
12946,0.340503,0.06501932,0.61598676,0.44278073,0.0,0.44278073,0.11069518
12947,0.25615126,0.06754919,0.44475332,0.41763258,0.0,0.41763258,0.104408145
12948,0.23986582,0.0742731,0.40545854,0.3333719,0.0,0.3333719,0.08334298
12949,0.29075658,0.08925863,0.49225453,0.38738975,0.0,0.38738975,0.09684744
12950,0.3408648,0.097271286,0.5844583,0.43150392,0.0,0.43150392,0.10787598
12951,0.4344658,0.1087704,0.7601612,0.5277023,0.0,0.5277023,0.13192557
12952,0.23961417,0.11536566,0.36386266,0.18021266,0.0,0.18021266,0.045053165
12953,0.12321508,0.113973595,0.13245657,0.10931447,0.0,0.10931447,0.027328618
12954,0.27151135,0.11773232,0.42529038,0.506682,0.0,0.506682,0.1266705
12955,0.40808526,0.13230182,0.6838687,0.34880403,0.0,0.34880403,0.08720101
12956,0.17103064,0.1508403,0.19122095,0.1765079,0.0,0.1765079,0.044126976
12957,0.30060098,0.15106224,0.45013967,0.63503563,0.0,0.63503563,0.15875891
12958,0.145958,0.13751148,0.15440454,0.043401044,0.0,0.043401044,0.010850261
12959,0.3356053,0.1252153,0.5459953,0.7818634,0.0,0.7818634,0.19546585
12960,0.21313977,0.119373836,0.3069057,0.43033385,0.0,0.43033385,0.10758346
12961,0.13598548,0.12009569,0.15187527,0.20593715,0.0,0.20593715,0.051484287
12962,0.85017633,0.12531304,1.5750395,1.0852588,0.0,1.0852588,0.2713147
12963,0.15038303,0.12646236,0.1743037,0.21106179,0.0,0.21106179,0.052765448
12964,0.19685113,0.12536715,0.2683351,0.34862128,0.0,0.34862128,0.08715532
12965,0.15262966,0.1274261,0.1778332,0.068636455,0.0,0.068636455,0.017159114
12966,0.27020425,0.13715668,0.4032518,0.167009,0.0,0.167009,0.04175225
12967,0.12184898,0.12293502,0.12076294,0.12023059,0.0,0.12023059,0.030057648
12968,0.5433087,0.11506653,0.97155076,1.1784109,0.0,1.1784109,0.29460272
12969,0.6706229,0.12010262,1.2211431,0.85084265,0.0,0.85084265,0.21271066
12970,0.54029703,0.1393748,0.9412193,1.3002264,0.0,1.3002264,0.3250566
12971,0.51796323,0.14734776,0.8885787,0.44943714,0.0,0.44943714,0.112359285
12972,0.1571107,0.14672719,0.16749422,0.060282484,0.0,0.060282484,0.015070621
12973,0.30672893,0.15413935,0.45931852,0.25746953,0.0,0.25746953,0.06436738
12974,0.15167297,0.14506374,0.1582822,0.1478831,0.0,0.1478831,0.036970776
12975,0.2131042,0.15080528,0.27540314,0.09979999,0.0,0.09979999,0.024949998
12976,0.17282385,0.14758237,0.19806533,0.06068215,0.0,0.06068215,0.015170538
12977,0.15370035,0.15495525,0.15244545,0.043657128,0.0,0.043657128,0.010914282
12978,0.3913425,0.17338222,0.60930276,0.20862423,0.0,0.20862423,0.052156057
12979,0.35057488,0.2070312,0.49411857,0.23559628,0.0,0.23559628,0.05889907
12980,0.23614289,0.23538935,0.23689644,0.022844391,0.0,0.022844391,0.0057110977
12981,0.18718378,0.22502196,0.14934558,0.33196858,0.0,0.33196858,0.082992144
12982,0.27855274,0.21723121,0.33987427,0.6156934,0.0,0.6156934,0.15392335
12983,0.33518037,0.20549731,0.46486342,0.18721555,0.0,0.18721555,0.046803888
12984,0.535245,0.20428608,0.86620396,0.27409247,0.0,0.27409247,0.06852312
12985,0.2002169,0.22088747,0.17954636,0.41293797,0.0,0.41293797,0.10323449
12986,0.25272676,0.21866792,0.2867856,0.03725688,0.0,0.03725688,0.00931422
12987,0.1880139,0.21651854,0.15950924,0.49293733,0.0,0.49293733,0.12323433
12988,0.30571267,0.21943265,0.39199266,0.08254165,0.0,0.08254165,0.020635413
12989,0.3215103,0.22994804,0.4130725,0.12340587,0.0,0.12340587,0.030851467
12990,0.23856051,0.21307504,0.26404598,0.50189644,0.0,0.50189644,0.12547411
12991,0.13829485,0.17718375,0.099405944,0.2077356,0.0,0.2077356,0.0519339
12992,0.29609087,0.14739858,0.44478318,0.24835968,0.0,0.24835968,0.06208992
12993,0.14456339,0.13950048,0.14962631,0.021460429,0.0,0.021460429,0.005365107
12994,0.18230289,0.14123474,0.22337104,0.10522496,0.0,0.10522496,0.02630624
12995,0.1912989,0.12404197,0.25855586,0.43208662,0.0,0.43208662,0.108021654
12996,0.42565203,0.09286577,0.7584383,0.7749762,0.0,0.7749762,0.19374405
12997,0.33518985,0.085059024,0.5853207,0.61293846,0.0,0.61293846,0.15323462
12998,0.1504801,0.094491005,0.20646922,0.07306436,0.0,0.07306436,0.01826609
12999,0.6405705,0.09202144,1.1891196,1.0311799,0.0,1.0311799,0.25779498
13000,0.22221793,0.08098091,0.36345497,0.3848594,0.0,0.3848594,0.09621485
13001,0.338123,0.076823,0.599423,0.47069815,0.0,0.47069815,0.11767454
13002,0.4895766,0.07857863,0.9005746,1.1052767,0.0,1.1052767,0.27631918
13003,0.46588174,0.07766435,0.8540991,0.5260335,0.0,0.5260335,0.13150838
13004,0.155448,0.07513092,0.2357651,0.2246617,0.0,0.2246617,0.056165423
13005,0.2585065,0.08175818,0.4352548,0.4253489,0.0,0.4253489,0.10633723
13006,0.22629549,0.086292505,0.36629847,0.25016883,0.0,0.25016883,0.06254221
13007,0.19929706,0.08645723,0.31213686,0.12483505,0.0,0.12483505,0.031208763
13008,0.28102812,0.08566115,0.47639504,0.460355,0.0,0.460355,0.11508875
13009,0.38470855,0.08017576,0.6892414,0.5915505,0.0,0.5915505,0.14788763
13010,0.2300501,0.077868246,0.38223195,0.4103407,0.0,0.4103407,0.102585174
13011,0.6189517,0.07539382,1.1625096,0.98473024,0.0,0.98473024,0.24618256
13012,0.6396747,0.072987676,1.2063618,0.91731995,0.0,0.91731995,0.22932999
13013,0.12892696,0.0717077,0.18614621,0.080506094,0.0,0.080506094,0.020126523
13014,0.39337906,0.070137456,0.7166207,0.5035527,0.0,0.5035527,0.12588817
13015,0.71257335,0.070068456,1.3550782,1.2390643,0.0,1.2390643,0.30976608
13016,0.18939833,0.07152804,0.30726862,0.336486,0.0,0.336486,0.0841215
13017,0.23149295,0.075440265,0.38754568,0.34959123,0.0,0.34959123,0.08739781
13018,0.21928616,0.07938841,0.3591839,0.3850511,0.0,0.3850511,0.096262775
13019,0.26660728,0.07889555,0.454319,0.4590691,0.0,0.4590691,0.114767276
13020,0.6252963,0.078580834,1.1720117,0.975128,0.0,0.975128,0.243782
13021,0.12491012,0.07709827,0.17272198,0.12499505,0.0,0.12499505,0.031248763
13022,0.4933276,0.07557503,0.9110801,0.765995,0.0,0.765995,0.19149876
13023,0.8017094,0.07425677,1.529162,1.3965739,0.0,1.3965739,0.34914348
13024,0.17277052,0.072898775,0.27264225,0.20700343,0.0,0.20700343,0.051750857
13025,0.24417871,0.0703437,0.41801372,0.4118322,0.0,0.4118322,0.10295805
13026,0.40461266,0.07025617,0.73896915,0.80643994,0.0,0.80643994,0.20160998
13027,0.20763628,0.070478365,0.34479418,0.36196747,0.0,0.36196747,0.09049187
13028,0.15709724,0.068524815,0.24566965,0.22253513,0.0,0.22253513,0.055633783
13029,0.12078983,0.06726413,0.17431553,0.07632809,0.0,0.07632809,0.019082023
13030,0.1600703,0.06942642,0.25071418,0.26740968,0.0,0.26740968,0.06685242
13031,0.7201765,0.07165216,1.368701,1.2868336,0.0,1.2868336,0.3217084
13032,0.08637881,0.07115103,0.1016066,0.020015104,0.0,0.020015104,0.005003776
13033,0.54507655,0.070689,1.0194641,0.9098403,0.0,0.9098403,0.22746007
13034,0.19873174,0.070906,0.3265575,0.19768126,0.0,0.19768126,0.049420316
13035,0.6801408,0.071147814,1.2891339,1.0947793,0.0,1.0947793,0.2736948
13036,0.5021518,0.07446129,0.9298423,0.6626423,0.0,0.6626423,0.16566058
13037,0.23794329,0.07660818,0.3992784,0.30203727,0.0,0.30203727,0.07550932
13038,0.4752916,0.07148928,0.87909395,0.95479393,0.0,0.95479393,0.23869848
13039,0.5451683,0.069669016,1.0206676,1.091848,0.0,1.091848,0.272962
13040,0.19893445,0.06447854,0.33339036,0.29666838,0.0,0.29666838,0.074167095
13041,0.5675768,0.0666466,1.0685071,0.91875094,0.0,0.91875094,0.22968774
13042,0.68926483,0.074516125,1.3040136,1.071278,0.0,1.071278,0.2678195
13043,0.43168613,0.084154345,0.7792179,0.6048119,0.0,0.6048119,0.15120298
13044,0.10242643,0.08824155,0.116611324,0.16560377,0.0,0.16560377,0.041400943
13045,0.48679414,0.078661695,0.8949266,0.9813872,0.0,0.9813872,0.2453468
13046,0.2674087,0.07248122,0.46233618,0.39138687,0.0,0.39138687,0.09784672
13047,0.500142,0.07316875,0.9271152,0.8261625,0.0,0.8261625,0.20654063
13048,0.077708036,0.07568172,0.07973435,0.0974431,0.0,0.0974431,0.024360774
13049,0.17311175,0.078567855,0.26765564,0.1531863,0.0,0.1531863,0.038296577
13050,0.4696783,0.08170735,0.8576493,0.64800346,0.0,0.64800346,0.16200086
13051,0.22349505,0.08406603,0.36292407,0.32243875,0.0,0.32243875,0.08060969
13052,0.14107186,0.08752575,0.19461797,0.096273325,0.0,0.096273325,0.024068331
13053,0.26223582,0.09185219,0.43261945,0.36739913,0.0,0.36739913,0.09184978
13054,0.18731602,0.09523926,0.2793928,0.19780017,0.0,0.19780017,0.049450044
13055,0.2731771,0.09803319,0.44832098,0.29164806,0.0,0.29164806,0.072912015
13056,0.32273838,0.10054472,0.54493207,0.3992866,0.0,0.3992866,0.09982165
13057,0.1277176,0.10340694,0.15202825,0.0706146,0.0,0.0706146,0.01765365
13058,0.11329339,0.10781673,0.118770055,0.06921213,0.0,0.06921213,0.017303033
13059,0.1163494,0.11132517,0.12137363,0.11484166,0.0,0.11484166,0.028710416
13060,0.17384642,0.11682715,0.2308657,0.054514926,0.0,0.054514926,0.0136287315
13061,0.17742705,0.122774184,0.23207992,0.080521055,0.0,0.080521055,0.020130264
13062,0.8223839,0.13005121,1.5147165,1.3510046,0.0,1.3510046,0.33775115
13063,0.25771248,0.1357467,0.37967828,0.16633683,0.0,0.16633683,0.04158421
13064,0.6982422,0.14231168,1.2541727,1.0530461,0.0,1.0530461,0.26326153
13065,0.2764293,0.14958651,0.40327206,0.1554967,0.0,0.1554967,0.038874175
13066,0.18287772,0.15784892,0.2079065,0.035524957,0.0,0.035524957,0.008881239
13067,0.23463148,0.16587968,0.30338326,0.06455176,0.0,0.06455176,0.01613794
13068,0.22747655,0.17163007,0.28332305,0.07819613,0.0,0.07819613,0.019549033
13069,0.56750226,0.17732139,0.95768315,0.49823365,0.0,0.49823365,0.12455841
13070,0.23285897,0.18221092,0.28350702,0.045962553,0.0,0.045962553,0.011490638
13071,0.64024115,0.18518777,1.0952945,0.6073614,0.0,0.6073614,0.15184034
13072,0.25017783,0.18867306,0.31168255,0.46365198,0.0,0.46365198,0.115912996
13073,0.7965713,0.19336967,1.399773,1.078753,0.0,1.078753,0.26968825
13074,0.90589076,0.19646329,1.6153183,1.2168449,0.0,1.2168449,0.30421123
13075,0.26692525,0.20124054,0.33260998,0.07732894,0.0,0.07732894,0.019332236
13076,0.6116081,0.20502241,1.0181937,0.4644369,0.0,0.4644369,0.11610922
13077,0.79064655,0.20891364,1.3723794,1.4331976,0.0,1.4331976,0.3582994
13078,0.59995615,0.21200593,0.9879064,0.38983145,0.0,0.38983145,0.09745786
13079,0.28174475,0.21536334,0.34812617,0.05542153,0.0,0.05542153,0.013855383
13080,0.19256525,0.21904755,0.16608293,0.27928916,0.0,0.27928916,0.06982229
13081,0.20812863,0.21849549,0.19776177,0.029212773,0.0,0.029212773,0.007303193
13082,1.0857599,0.22252703,1.9489927,1.4745046,0.0,1.4745046,0.36862615
13083,0.3260773,0.22513121,0.4270234,0.10206757,0.0,0.10206757,0.025516892
13084,0.8573428,0.22532745,1.4893581,0.9110454,0.0,0.9110454,0.22776134
13085,0.2890592,0.22669972,0.35141864,0.06003705,0.0,0.06003705,0.015009263
13086,0.680528,0.2285688,1.1324872,0.44772097,0.0,0.44772097,0.11193024
13087,0.6584723,0.2328002,1.0841444,0.46410537,0.0,0.46410537,0.11602634
13088,0.7381051,0.23664491,1.2395655,0.6332839,0.0,0.6332839,0.15832098
13089,0.30516073,0.24013662,0.3701848,0.06456014,0.0,0.06456014,0.016140034
13090,1.1291947,0.24449213,2.0138972,1.4540035,0.0,1.4540035,0.36350086
13091,0.9964381,0.24664992,1.7462263,1.0805727,0.0,1.0805727,0.27014318
13092,0.29129922,0.2524892,0.3301092,0.12178872,0.0,0.12178872,0.03044718
13093,0.46897087,0.26383755,0.67410415,0.11667975,0.0,0.11667975,0.029169938
13094,0.62817675,0.2881235,0.96823007,0.22836621,0.0,0.22836621,0.057091553
13095,1.4274311,0.3390353,2.515827,1.1368952,0.0,1.1368952,0.2842238
13096,1.0969127,0.369217,1.8246084,0.5774675,0.0,0.5774675,0.14436688
13097,0.22791345,0.3718958,0.08393115,0.4571531,0.0,0.4571531,0.11428828
13098,1.0762103,0.38339952,1.769021,0.67410207,0.0,0.67410207,0.16852552
13099,0.2972438,0.39757338,0.19691424,0.9837777,0.0,0.9837777,0.24594443
13100,0.35558793,0.39314237,0.3180335,0.13307738,0.0,0.13307738,0.033269346
13101,0.4310459,0.39187422,0.47021756,0.06096664,0.0,0.06096664,0.01524166
13102,0.27478498,0.40612975,0.14344022,0.20757711,0.0,0.20757711,0.051894277
13103,1.6268948,0.41081834,2.842971,1.1799387,0.0,1.1799387,0.29498467
13104,0.3225766,0.41812444,0.22702879,1.0477628,0.0,1.0477628,0.2619407
13105,0.5074886,0.40556395,0.60941327,0.09990972,0.0,0.09990972,0.02497743
13106,0.46593332,0.3978316,0.534035,0.049920905,0.0,0.049920905,0.012480226
13107,0.29720953,0.43110046,0.16331863,0.92682976,0.0,0.92682976,0.23170744
13108,1.3186725,0.46251166,2.1748333,0.6552624,0.0,0.6552624,0.1638156
13109,0.27666524,0.4949284,0.058402073,0.69581413,0.0,0.69581413,0.17395353
13110,0.39316574,0.521116,0.26521543,1.0648369,0.0,1.0648369,0.26620921
13111,0.48974013,0.55970526,0.419775,0.062219184,0.0,0.062219184,0.015554796
13112,0.31816503,0.57990676,0.05642328,0.6961495,0.0,0.6961495,0.17403738
13113,0.9846061,0.6086529,1.3605593,0.19438554,0.0,0.19438554,0.048596386
13114,1.4615673,0.6330269,2.2901075,0.52892286,0.0,0.52892286,0.13223071
13115,0.4769744,0.62791044,0.3260384,0.17442864,0.0,0.17442864,0.04360716
13116,0.390856,0.5903775,0.1913345,0.53628486,0.0,0.53628486,0.13407122
13117,0.65842015,0.5440795,0.77276087,0.071726546,0.0,0.071726546,0.017931636
13118,0.7290835,0.49098906,0.96717787,0.14388101,0.0,0.14388101,0.035970252
13119,0.32192823,0.48704767,0.15680875,0.52724934,0.0,0.52724934,0.13181233
13120,0.7220564,0.4875032,0.95660955,0.11841471,0.0,0.11841471,0.029603677
13121,0.2732667,0.5079157,0.03861774,0.55673426,0.0,0.55673426,0.13918357
13122,0.81192636,0.58861,1.0352427,0.11744251,0.0,0.11744251,0.029360628
13123,1.6481961,0.65954083,2.6368513,0.6757129,0.0,0.6757129,0.16892822
13124,0.5315273,0.7307167,0.33233783,1.4434257,0.0,1.4434257,0.3608564
13125,0.5889786,0.86613864,0.31181857,0.47142458,0.0,0.47142458,0.117856145
13126,0.61526054,0.90437794,0.3261432,0.35992017,0.0,0.35992017,0.08998004
13127,0.83657855,0.8823266,0.7908304,0.029436314,0.0,0.029436314,0.0073590786
13128,0.5691502,0.8475588,0.2907416,0.41442153,0.0,0.41442153,0.10360538
13129,1.1543188,0.7285752,1.5800624,0.21574982,0.0,0.21574982,0.053937454
13130,0.47108677,0.6351666,0.30700698,0.50859743,0.0,0.50859743,0.12714936
13131,0.46703306,0.5709905,0.3630756,0.28811345,0.0,0.28811345,0.07202836
13132,0.4007324,0.51761323,0.2838516,0.16995543,0.0,0.16995543,0.042488858
13133,0.7467472,0.48689115,1.0066032,0.15225764,0.0,0.15225764,0.03806441
13134,0.42195535,0.48433137,0.3595793,0.2880217,0.0,0.2880217,0.07200543
13135,0.40956807,0.49020007,0.3289361,0.8490831,0.0,0.8490831,0.21227078
13136,0.42321885,0.48463187,0.36180583,0.49060032,0.0,0.49060032,0.12265008
13137,0.37279463,0.4764105,0.26917878,0.2563876,0.0,0.2563876,0.0640969
13138,0.3741145,0.44250238,0.30572662,0.3210143,0.0,0.3210143,0.08025358
13139,0.88171107,0.400242,1.3631802,0.4463124,0.0,0.4463124,0.1115781
13140,1.3801159,0.3540621,2.4061697,1.1714357,0.0,1.1714357,0.29285893
13141,0.2823741,0.33282837,0.23191984,0.6199859,0.0,0.6199859,0.15499647
13142,0.4345324,0.31671774,0.5523471,0.07599098,0.0,0.07599098,0.018997746
13143,0.271028,0.29022396,0.2518321,0.14211719,0.0,0.14211719,0.035529297
13144,1.2718785,0.28448883,2.259268,1.0920242,0.0,1.0920242,0.27300605
13145,0.45769075,0.27136153,0.64402,1.4389137,0.0,1.4389137,0.35972843
13146,0.52688193,0.26401165,0.7897522,0.27250597,0.0,0.27250597,0.06812649
13147,0.2865716,0.2570429,0.31610024,0.60899305,0.0,0.60899305,0.15224826
13148,0.30552593,0.24393882,0.36711302,0.53956294,0.0,0.53956294,0.13489074
13149,0.26549777,0.2257958,0.3051997,0.026257323,0.0,0.026257323,0.006564331
13150,0.31352556,0.23076002,0.3962911,0.5756809,0.0,0.5756809,0.14392023
13151,0.19493575,0.22744827,0.16242325,0.24201143,0.0,0.24201143,0.060502857
13152,0.54870653,0.23159516,0.86581784,0.2853543,0.0,0.2853543,0.07133857
13153,0.59329385,0.23431659,0.95227104,0.39943752,0.0,0.39943752,0.09985938
13154,0.30198744,0.24920285,0.35477206,0.6122945,0.0,0.6122945,0.15307362
13155,0.23184831,0.2518759,0.21182072,0.3984476,0.0,0.3984476,0.0996119
13156,0.24621318,0.2567128,0.23571356,0.037754033,0.0,0.037754033,0.009438508
13157,0.2157772,0.23739748,0.19415694,0.33416823,0.0,0.33416823,0.08354206
13158,0.44321814,0.2237138,0.6627225,0.182441,0.0,0.182441,0.04561025
13159,0.49970683,0.19817667,0.8012369,0.31120458,0.0,0.31120458,0.077801146
13160,0.4188708,0.1698301,0.6679115,1.2743899,0.0,1.2743899,0.31859747
13161,0.14024086,0.14466555,0.13581616,0.055186138,0.0,0.055186138,0.013796534
13162,0.360175,0.12835766,0.5919924,0.88258505,0.0,0.88258505,0.22064626
13163,0.11938267,0.12027719,0.118488155,0.027307332,0.0,0.027307332,0.006826833
13164,0.34898803,0.11478633,0.5831897,0.25114426,0.0,0.25114426,0.062786065
13165,0.13390444,0.1193605,0.14844836,0.06781299,0.0,0.06781299,0.016953247
13166,0.2086684,0.117258005,0.30007878,0.65683585,0.0,0.65683585,0.16420896
13167,0.19232099,0.12286834,0.26177365,0.06534761,0.0,0.06534761,0.016336903
13168,0.22754699,0.122039795,0.33305418,0.10373137,0.0,0.10373137,0.025932843
13169,0.10629392,0.123315215,0.089272626,0.14070153,0.0,0.14070153,0.035175383
13170,0.41100836,0.12536299,0.69665366,0.29348275,0.0,0.29348275,0.07337069
13171,0.18193217,0.12611596,0.2377484,0.42931005,0.0,0.42931005,0.10732751
13172,0.14715438,0.12746008,0.16684866,0.19071686,0.0,0.19071686,0.047679216
13173,0.14489648,0.1199322,0.16986077,0.32378462,0.0,0.32378462,0.080946155
13174,0.1038742,0.112437405,0.095310986,0.029662242,0.0,0.029662242,0.0074155605
13175,0.33500573,0.10570725,0.5643042,0.2166708,0.0,0.2166708,0.0541677
13176,1.1056731,0.091679096,2.119667,1.4094063,0.0,1.4094063,0.35235158
13177,0.32958576,0.08660742,0.57256407,0.25262982,0.0,0.25262982,0.063157454
13178,0.08720642,0.08044397,0.09396887,0.113286845,0.0,0.113286845,0.028321711
13179,0.177,0.082292475,0.27170753,0.11078662,0.0,0.11078662,0.027696654
13180,0.22155447,0.08388492,0.35922405,0.12648444,0.0,0.12648444,0.03162111
13181,0.8991898,0.08822765,1.710152,1.1313623,0.0,1.1313623,0.28284058
13182,0.5034428,0.094683886,0.9122018,1.4087759,0.0,1.4087759,0.35219398
13183,0.08230356,0.1016323,0.062974826,0.15109237,0.0,0.15109237,0.03777309
13184,0.14811653,0.11119709,0.18503596,0.44533578,0.0,0.44533578,0.111333944
13185,0.14621459,0.12908404,0.16334514,0.14589468,0.0,0.14589468,0.03647367
13186,0.3683518,0.13889189,0.5978117,1.0859779,0.0,1.0859779,0.27149448
13187,0.14753853,0.1517615,0.14331557,0.4005871,0.0,0.4005871,0.10014678
13188,0.14609943,0.15087816,0.14132072,0.1155344,0.0,0.1155344,0.0288836
13189,0.43157408,0.14564238,0.71750575,0.3173895,0.0,0.3173895,0.07934737
13190,0.37991098,0.1522608,0.6075612,0.24921991,0.0,0.24921991,0.062304977
13191,0.43968546,0.15481776,0.72455317,0.28049755,0.0,0.28049755,0.07012439
13192,0.4264398,0.15342332,0.6994563,1.1875967,0.0,1.1875967,0.29689917
13193,0.13228026,0.14688829,0.117672235,0.13462426,0.0,0.13462426,0.033656064
13194,0.3378317,0.15154059,0.5241228,0.18415427,0.0,0.18415427,0.046038568
13195,0.1339234,0.14551063,0.12233617,0.15717737,0.0,0.15717737,0.039294343
13196,0.2986266,0.14020684,0.45704636,0.16257586,0.0,0.16257586,0.040643964
13197,0.17860018,0.12236386,0.23483647,0.049770772,0.0,0.049770772,0.012442693
13198,0.41523376,0.11658987,0.7138777,1.1597514,0.0,1.1597514,0.28993785
13199,0.2545595,0.11058194,0.398537,0.71395844,0.0,0.71395844,0.17848961
13200,0.40552258,0.11231089,0.6987343,1.096541,0.0,1.096541,0.27413526
13201,0.13764039,0.108086646,0.16719413,0.044275027,0.0,0.044275027,0.011068757
13202,0.52917707,0.114295505,0.94405866,0.5049217,0.0,0.5049217,0.12623042
13203,0.15933539,0.12564509,0.19302571,0.16363604,0.0,0.16363604,0.04090901
13204,0.53785026,0.14653264,0.9291679,0.4317062,0.0,0.4317062,0.10792655
13205,0.18653591,0.1499215,0.22315031,0.30585775,0.0,0.30585775,0.07646444
13206,0.19918947,0.16308768,0.23529123,0.039942022,0.0,0.039942022,0.009985506
13207,0.24491422,0.16173972,0.32808873,0.5671461,0.0,0.5671461,0.14178653
13208,0.20288561,0.1630409,0.24273032,0.02657262,0.0,0.02657262,0.006643155
13209,0.22381699,0.16381848,0.2838155,0.47442722,0.0,0.47442722,0.118606806
13210,0.27239186,0.18042548,0.36435822,0.69294006,0.0,0.69294006,0.17323501
13211,0.5028447,0.18000197,0.8256874,0.36315522,0.0,0.36315522,0.090788804
13212,0.23860757,0.18845989,0.28875527,0.5894474,0.0,0.5894474,0.14736184
13213,1.1928691,0.18824178,2.1974964,1.253815,0.0,1.253815,0.31345376
13214,0.17182215,0.17350757,0.17013673,0.3191935,0.0,0.3191935,0.07979838
13215,0.44490102,0.15087916,0.7389229,0.34024358,0.0,0.34024358,0.085060894
13216,0.26827455,0.13252957,0.4040195,0.12020541,0.0,0.12020541,0.030051352
13217,0.42408618,0.11541766,0.7327547,1.1272668,0.0,1.1272668,0.2818167
13218,0.5672826,0.109957755,1.0246075,0.5719547,0.0,0.5719547,0.14298868
13219,0.3289175,0.11522794,0.54260707,0.7468088,0.0,0.7468088,0.1867022
13220,0.49605632,0.13511606,0.8569966,0.42960307,0.0,0.42960307,0.10740077
13221,0.27859977,0.16526853,0.39193106,0.11591742,0.0,0.11591742,0.028979355
13222,0.35778907,0.1967907,0.51878744,0.14003943,0.0,0.14003943,0.035009857
13223,1.1498007,0.2138571,2.0857441,1.2181119,0.0,1.2181119,0.30452797
13224,0.17726523,0.204588,0.14994246,0.078542024,0.0,0.078542024,0.019635506
13225,0.17385495,0.21519518,0.13251473,0.13011442,0.0,0.13011442,0.032528605
13226,0.2060435,0.23054238,0.18154462,0.17333603,0.0,0.17333603,0.043334007
13227,0.2328258,0.2514145,0.21423711,0.44864067,0.0,0.44864067,0.11216017
13228,0.32811448,0.2619889,0.39424002,0.04153712,0.0,0.04153712,0.01038428
13229,0.23909883,0.28379676,0.1944009,0.10340741,0.0,0.10340741,0.025851853
13230,0.30083692,0.29833925,0.30333462,0.5078793,0.0,0.5078793,0.12696983
13231,0.477856,0.31642076,0.6392912,0.11758017,0.0,0.11758017,0.029395042
13232,0.77860314,0.3271532,1.2300531,0.4229351,0.0,0.4229351,0.105733775
13233,0.5697413,0.33718738,0.8022952,0.17074005,0.0,0.17074005,0.042685013
13234,0.8566796,0.32053146,1.3928276,0.5061029,0.0,0.5061029,0.12652573
13235,0.28496662,0.30699566,0.26293758,0.0919107,0.0,0.0919107,0.022977674
13236,0.31505,0.28346398,0.34663603,0.15768033,0.0,0.15768033,0.039420083
13237,0.3863845,0.2685782,0.50419074,0.13983543,0.0,0.13983543,0.034958858
13238,0.24571896,0.25842538,0.23301251,0.3707564,0.0,0.3707564,0.0926891
13239,0.31574968,0.2628174,0.36868194,0.62894434,0.0,0.62894434,0.15723608
13240,0.2561116,0.2735412,0.23868199,0.19111638,0.0,0.19111638,0.047779094
13241,0.36341462,0.29410493,0.43272433,0.07033753,0.0,0.07033753,0.017584382
13242,0.47385696,0.30384848,0.64386547,0.13189204,0.0,0.13189204,0.03297301
13243,0.28261292,0.2972894,0.26793644,0.22120237,0.0,0.22120237,0.055300593
13244,0.9945226,0.291508,1.6975371,0.92243785,0.0,0.92243785,0.23060946
13245,0.82194614,0.2872292,1.3566631,0.5368528,0.0,0.5368528,0.1342132
13246,1.0550034,0.26016852,1.8498383,1.0227412,0.0,1.0227412,0.2556853
13247,0.24147476,0.24890135,0.23404819,0.023227125,0.0,0.023227125,0.0058067814
13248,0.33664832,0.2489963,0.42430028,0.07984339,0.0,0.07984339,0.019960847
13249,0.4461627,0.24837248,0.64395297,0.17791058,0.0,0.17791058,0.044477645
13250,0.27194455,0.24578719,0.29810193,0.08719495,0.0,0.08719495,0.021798737
13251,0.22219332,0.24892175,0.1954649,0.20300229,0.0,0.20300229,0.050750572
13252,0.31432864,0.25411654,0.37454078,0.03781468,0.0,0.03781468,0.00945367
13253,0.59473974,0.26585352,0.923626,0.3183794,0.0,0.3183794,0.07959485
13254,0.26930213,0.27900186,0.2596024,0.38537565,0.0,0.38537565,0.09634391
13255,0.3035337,0.28797385,0.3190936,0.022951564,0.0,0.022951564,0.005737891
13256,0.5522462,0.2883179,0.8161745,0.20711012,0.0,0.20711012,0.05177753
13257,0.72048634,0.2871485,1.1538242,0.41290173,0.0,0.41290173,0.10322543
13258,1.1861167,0.28957912,2.0826542,1.0979842,0.0,1.0979842,0.27449605
13259,0.50213,0.30092612,0.70333385,0.13411485,0.0,0.13411485,0.03352871
13260,0.2634854,0.2927632,0.23420759,0.42876467,0.0,0.42876467,0.10719117
13261,0.87573415,0.28766638,1.463802,0.6311199,0.0,0.6311199,0.15777998
13262,0.51792574,0.2685844,0.76726705,0.20684607,0.0,0.20684607,0.05171152
13263,0.62775695,0.24862212,1.0068918,1.515594,0.0,1.515594,0.3788985
13264,0.43707657,0.24669938,0.62745374,0.24170713,0.0,0.24170713,0.060426783
13265,0.32760242,0.24017902,0.41502583,0.11610385,0.0,0.11610385,0.029025963
13266,0.48276794,0.22841589,0.73712,0.99247694,0.0,0.99247694,0.24811924
13267,0.22624207,0.21667482,0.23580933,0.040033866,0.0,0.040033866,0.010008466
13268,0.19279921,0.19866292,0.18693553,0.21796417,0.0,0.21796417,0.054491043
13269,0.4695582,0.19281459,0.74630183,1.0851825,0.0,1.0851825,0.27129564
13270,0.9813976,0.18305314,1.7797421,1.0561804,0.0,1.0561804,0.2640451
13271,0.6111699,0.18289538,1.0394444,0.48129678,0.0,0.48129678,0.120324194
13272,0.18657215,0.191068,0.18207633,0.32962278,0.0,0.32962278,0.082405694
13273,0.22797732,0.20360678,0.25234786,0.2098974,0.0,0.2098974,0.05247435
13274,0.71871024,0.22667758,1.2107431,0.5123405,0.0,0.5123405,0.12808512
13275,0.2765498,0.246891,0.30620858,0.052181542,0.0,0.052181542,0.0130453855
13276,0.46994796,0.26103565,0.67886025,0.20611107,0.0,0.20611107,0.05152777
13277,0.2825054,0.27042747,0.29458332,0.2020186,0.0,0.2020186,0.05050465
13278,0.26135895,0.27938303,0.24333481,0.133519,0.0,0.133519,0.03337975
13279,0.2921292,0.2890009,0.29525745,0.096128345,0.0,0.096128345,0.024032086
13280,0.21391173,0.29180583,0.13601762,0.20714594,0.0,0.20714594,0.051786486
13281,0.27671832,0.29500034,0.2584363,0.031251278,0.0,0.031251278,0.007812819
13282,0.69329983,0.28618675,1.100413,0.3494084,0.0,0.3494084,0.0873521
13283,0.66056556,0.2799776,1.0411536,0.31629446,0.0,0.31629446,0.079073615
13284,0.68441397,0.25574157,1.1130863,0.38847205,0.0,0.38847205,0.09711801
13285,0.3411249,0.22393835,0.45831144,0.084453635,0.0,0.084453635,0.021113409
13286,0.25597385,0.20487618,0.30707154,0.650503,0.0,0.650503,0.16262574
13287,0.18393464,0.20312536,0.16474395,0.072835825,0.0,0.072835825,0.018208956
13288,0.19402604,0.21124367,0.17680837,0.16779403,0.0,0.16779403,0.04194851
13289,0.4809668,0.22349958,0.738434,0.21558475,0.0,0.21558475,0.05389619
13290,0.3920876,0.241942,0.5422333,0.9157598,0.0,0.9157598,0.22893995
13291,0.24564475,0.2681789,0.2231106,0.0435247,0.0,0.0435247,0.010881175
13292,0.8152637,0.2967035,1.3338238,0.4813713,0.0,0.4813713,0.12034283
13293,0.64616174,0.3212388,0.9710848,0.21737044,0.0,0.21737044,0.05434261
13294,0.22784229,0.3304433,0.12524126,0.16208805,0.0,0.16208805,0.040522013
13295,0.9104674,0.35620606,1.4647287,0.45735684,0.0,0.45735684,0.11433921
13296,0.28675595,0.3433474,0.23016451,0.8407697,0.0,0.8407697,0.21019243
13297,0.32269093,0.3265501,0.31883177,0.035132777,0.0,0.035132777,0.008783194
13298,0.25218096,0.31804267,0.18631925,0.40683827,0.0,0.40683827,0.10170957
13299,0.40327165,0.3293341,0.47720918,0.04733546,0.0,0.04733546,0.011833865
13300,0.60016966,0.3580859,0.8422534,0.17664826,0.0,0.17664826,0.044162065
13301,0.45695686,0.36876488,0.54514885,0.05963475,0.0,0.05963475,0.014908687
13302,0.3459854,0.38785586,0.30411494,0.37395024,0.0,0.37395024,0.09348756
13303,0.6282644,0.40807128,0.8484576,0.15134369,0.0,0.15134369,0.037835922
13304,0.36984864,0.41555533,0.32414195,0.25670776,0.0,0.25670776,0.06417694
13305,0.6830062,0.4013473,0.9646651,0.2319233,0.0,0.2319233,0.057980824
13306,0.30017078,0.38583446,0.2145071,0.29481968,0.0,0.29481968,0.07370492
13307,0.31600094,0.36232316,0.26967868,0.16778903,0.0,0.16778903,0.041947257
13308,0.33846375,0.31113163,0.36579588,0.8496458,0.0,0.8496458,0.21241145
13309,0.2232579,0.27067125,0.17584457,0.5324567,0.0,0.5324567,0.13311417
13310,0.2462598,0.24725382,0.24526577,0.24142563,0.0,0.24142563,0.06035641
13311,0.2570205,0.25813833,0.25590268,0.21663882,0.0,0.21663882,0.054159705
13312,0.4341813,0.27560833,0.59275424,0.11060664,0.0,0.11060664,0.02765166
13313,1.6124517,0.27103147,2.953872,1.6614023,0.0,1.6614023,0.4153506
13314,0.45167628,0.28470972,0.6186428,1.2162622,0.0,1.2162622,0.30406556
13315,0.52187246,0.30054218,0.7432027,1.4424034,0.0,1.4424034,0.36060086
13316,0.29099187,0.31477338,0.26721033,0.1697272,0.0,0.1697272,0.0424318
13317,1.259648,0.31611586,2.20318,1.0222982,0.0,1.0222982,0.25557455
13318,0.27721643,0.29469475,0.25973812,0.3140104,0.0,0.3140104,0.0785026
13319,0.2646424,0.2736709,0.25561383,0.24400137,0.0,0.24400137,0.061000343
13320,0.2676929,0.2676454,0.2677404,0.03669113,0.0,0.03669113,0.009172782
13321,0.25631934,0.2842657,0.22837299,0.06850031,0.0,0.06850031,0.017125078
13322,0.6010583,0.2871549,0.91496164,1.3581814,0.0,1.3581814,0.33954534
13323,0.6616141,0.2940282,1.0292001,0.4685789,0.0,0.4685789,0.117144726
13324,0.33089027,0.31000662,0.35177395,0.28344622,0.0,0.28344622,0.070861556
13325,0.25494725,0.3396577,0.17023678,0.1502989,0.0,0.1502989,0.037574723
13326,0.33954105,0.35937452,0.3197076,0.031138105,0.0,0.031138105,0.0077845263
13327,0.36971474,0.36569273,0.37373674,0.5147942,0.0,0.5147942,0.12869854
13328,1.1753895,0.35695872,1.9938203,1.0011522,0.0,1.0011522,0.25028804
13329,0.7773743,0.32174715,1.2330016,0.45091465,0.0,0.45091465,0.11272866
13330,0.3539585,0.28857404,0.4193429,0.044467982,0.0,0.044467982,0.0111169955
13331,0.7878199,0.25453037,1.3211094,0.5774348,0.0,0.5774348,0.1443587
13332,0.5980081,0.21729968,0.97871655,1.1779397,0.0,1.1779397,0.2944849
13333,0.6835175,0.19791286,1.1691222,0.5782729,0.0,0.5782729,0.14456822
13334,0.37227044,0.20099597,0.5435448,0.21250498,0.0,0.21250498,0.053126246
13335,0.517872,0.2308953,0.8048487,0.9806223,0.0,0.9806223,0.24515557
13336,0.39123943,0.25988576,0.52259314,0.6559282,0.0,0.6559282,0.16398205
13337,0.408182,0.26963162,0.54673237,0.09036279,0.0,0.09036279,0.022590697
13338,0.76008826,0.27787638,1.2423003,1.6762668,0.0,1.6762668,0.4190667
13339,1.520722,0.28852963,2.7529144,1.6835079,0.0,1.6835079,0.42087698
13340,0.23132515,0.29357526,0.16907507,0.11067314,0.0,0.11067314,0.027668284
13341,0.23142307,0.28526643,0.1775797,0.15893242,0.0,0.15893242,0.039733104
13342,0.41013336,0.26472017,0.5555465,0.19678283,0.0,0.19678283,0.049195707
13343,0.4050696,0.25327146,0.55686766,0.3889781,0.0,0.3889781,0.09724452
13344,0.4420809,0.26107287,0.6230889,0.41361293,0.0,0.41361293,0.10340323
13345,0.8693535,0.27283928,1.4658676,1.851988,0.0,1.851988,0.462997
13346,0.432197,0.27803507,0.5863589,0.12144985,0.0,0.12144985,0.030362463
13347,0.28384927,0.28655347,0.2811451,0.13232069,0.0,0.13232069,0.03308017
13348,0.79752725,0.29935935,1.2956952,1.4334215,0.0,1.4334215,0.35835537
13349,0.34101,0.32417676,0.35784328,0.09609833,0.0,0.09609833,0.024024583
13350,0.37603608,0.33451998,0.41755214,0.021127904,0.0,0.021127904,0.005281976
13351,0.36205164,0.31687108,0.4072322,0.049091935,0.0,0.049091935,0.012272984
13352,0.48658606,0.2901331,0.683039,0.27127215,0.0,0.27127215,0.06781804
13353,0.52627635,0.25984302,0.79270965,0.6971092,0.0,0.6971092,0.1742773
13354,0.43338004,0.24421811,0.62254196,0.231355,0.0,0.231355,0.05783875
13355,0.9081831,0.22532053,1.5910457,1.6093969,0.0,1.6093969,0.40234923
13356,0.4527004,0.2126034,0.6927974,0.23404783,0.0,0.23404783,0.058511958
13357,0.26015398,0.2054481,0.31485984,0.32611772,0.0,0.32611772,0.08152943
13358,0.49842837,0.19751096,0.7993458,0.5522099,0.0,0.5522099,0.13805248
13359,0.23171091,0.19676705,0.26665476,0.07062351,0.0,0.07062351,0.017655877
13360,0.6386122,0.19977117,1.0774533,0.6396046,0.0,0.6396046,0.15990116
13361,0.9956309,0.20235105,1.7889107,1.4396248,0.0,1.4396248,0.3599062
13362,0.44145927,0.2043211,0.67859745,0.37267187,0.0,0.37267187,0.09316797
13363,0.34834886,0.20297597,0.49372172,0.11370244,0.0,0.11370244,0.02842561
13364,0.28903404,0.19536896,0.3826991,0.2649519,0.0,0.2649519,0.06623798
13365,0.36859623,0.18703008,0.5501624,0.26247677,0.0,0.26247677,0.06561919
13366,0.5284925,0.17860283,0.8783822,0.80794686,0.0,0.80794686,0.20198672
13367,0.33663312,0.17214133,0.5011249,0.4579501,0.0,0.4579501,0.11448752
13368,0.21117379,0.16818686,0.25416073,0.036866155,0.0,0.036866155,0.009216539
13369,0.20599341,0.16794081,0.24404602,0.067585,0.0,0.067585,0.01689625
13370,0.30166718,0.1724719,0.43086243,0.17022741,0.0,0.17022741,0.042556852
13371,0.24093765,0.17869031,0.303185,0.117641926,0.0,0.117641926,0.029410481
13372,0.6487163,0.1883866,1.109046,1.0814904,0.0,1.0814904,0.2703726
13373,0.3069133,0.19925581,0.4145708,0.11623212,0.0,0.11623212,0.02905803
13374,0.38939798,0.2021216,0.5766744,0.32333258,0.0,0.32333258,0.080833144
13375,0.341959,0.19072936,0.49318865,0.34818515,0.0,0.34818515,0.08704629
13376,0.21003671,0.1778198,0.2422536,0.08538898,0.0,0.08538898,0.021347245
13377,0.3269397,0.15886864,0.49501076,0.4584079,0.0,0.4584079,0.11460198
13378,0.3468113,0.14995812,0.54366446,0.3254683,0.0,0.3254683,0.081367075
13379,0.23309319,0.13473241,0.33145395,0.2991056,0.0,0.2991056,0.0747764
13380,0.32086733,0.12922162,0.5125131,0.61834526,0.0,0.61834526,0.15458632
13381,0.2012978,0.13230963,0.27028596,0.1800005,0.0,0.1800005,0.045000125
13382,0.20299095,0.13859041,0.2673915,0.11268737,0.0,0.11268737,0.028171843
13383,0.27173093,0.13378541,0.40967646,0.14996733,0.0,0.14996733,0.037491832
13384,0.15584977,0.1310329,0.18066664,0.05083662,0.0,0.05083662,0.012709155
13385,0.18536597,0.12653695,0.24419498,0.115332104,0.0,0.115332104,0.028833026
13386,0.17072298,0.120324254,0.22112171,0.19423628,0.0,0.19423628,0.04855907
13387,0.45918903,0.11540208,0.80297595,0.84042007,0.0,0.84042007,0.21010502
13388,0.5571969,0.115946166,0.99844766,0.77883655,0.0,0.77883655,0.19470914
13389,0.26469064,0.11916268,0.4102186,0.40272585,0.0,0.40272585,0.10068146
13390,0.28795028,0.11327871,0.46262184,0.269648,0.0,0.269648,0.067412
13391,0.65728074,0.10791936,1.2066422,0.91731006,0.0,0.91731006,0.22932751
13392,0.21344723,0.10026378,0.32663068,0.20546025,0.0,0.20546025,0.051365063
13393,0.23668127,0.09850139,0.37486112,0.27525285,0.0,0.27525285,0.06881321
13394,0.58114207,0.09782722,1.0644569,1.1228342,0.0,1.1228342,0.28070855
13395,0.1522696,0.098893605,0.2056456,0.090708174,0.0,0.090708174,0.022677043
13396,0.15184338,0.10207492,0.20161186,0.08943573,0.0,0.08943573,0.022358932
13397,0.45928037,0.10487625,0.81368446,0.7116811,0.0,0.7116811,0.17792028
13398,0.20285563,0.10628948,0.29942176,0.10890343,0.0,0.10890343,0.027225858
13399,0.20356375,0.10987102,0.2972565,0.16801791,0.0,0.16801791,0.042004477
13400,0.30977,0.112770736,0.50676924,0.33138916,0.0,0.33138916,0.08284729
13401,0.46011353,0.11506828,0.8051588,0.6035648,0.0,0.6035648,0.1508912
13402,1.0421594,0.11173844,1.9725803,1.7051951,0.0,1.7051951,0.42629877
13403,0.23231517,0.111800306,0.35283002,0.21180832,0.0,0.21180832,0.05295208
13404,0.9626704,0.12061552,1.8047253,1.3701199,0.0,1.3701199,0.34252998
13405,0.2896318,0.13601305,0.44325057,0.108325996,0.0,0.108325996,0.027081499
13406,0.13968483,0.15766151,0.12170813,0.057197094,0.0,0.057197094,0.0142992735
13407,0.27937174,0.15011275,0.40863073,0.24275494,0.0,0.24275494,0.060688734
13408,0.309324,0.13796075,0.48068723,0.31910035,0.0,0.31910035,0.07977509
13409,0.35376397,0.11913534,0.58839256,0.41935515,0.0,0.41935515,0.10483879
13410,0.86889035,0.11080424,1.6269765,1.5309726,0.0,1.5309726,0.38274315
13411,0.8644369,0.1029373,1.6259365,1.4119431,0.0,1.4119431,0.35298577
13412,0.177117,0.09838107,0.25585297,0.10357376,0.0,0.10357376,0.02589344
13413,0.10354459,0.1002506,0.10683859,0.11516926,0.0,0.11516926,0.028792314
13414,0.5197845,0.10883084,0.9307382,0.99318695,0.0,0.99318695,0.24829674
13415,0.14079413,0.118713826,0.16287443,0.036916494,0.0,0.036916494,0.009229124
13416,0.42528912,0.11888965,0.73168856,0.57030344,0.0,0.57030344,0.14257586
13417,0.23035292,0.1221841,0.33852172,0.14931011,0.0,0.14931011,0.037327528
13418,0.20610821,0.12635435,0.28586206,0.17717446,0.0,0.17717446,0.044293616
13419,0.19659203,0.12639983,0.26678422,0.15910552,0.0,0.15910552,0.03977638
13420,0.35507008,0.12135232,0.5887878,0.47526336,0.0,0.47526336,0.11881584
13421,0.18305433,0.1103341,0.25577453,0.04978371,0.0,0.04978371,0.012445928
13422,0.78294116,0.10040692,1.4654754,1.381045,0.0,1.381045,0.34526125
13423,0.22744031,0.096016705,0.35886392,0.34536782,0.0,0.34536782,0.086341955
13424,0.30263367,0.092675425,0.5125919,0.49361888,0.0,0.49361888,0.12340472
13425,0.2247894,0.09268092,0.35689786,0.3462794,0.0,0.3462794,0.08656985
13426,0.4164658,0.09146359,0.741468,0.5286799,0.0,0.5286799,0.13216998
13427,0.93124133,0.09306651,1.7694162,1.470348,0.0,1.470348,0.367587
13428,0.12079776,0.09557564,0.14601989,0.09854572,0.0,0.09854572,0.02463643
13429,0.13996911,0.11007746,0.16986077,0.094232656,0.0,0.094232656,0.023558164
13430,0.6947766,0.13237536,1.2571778,0.6813879,0.0,0.6813879,0.17034698
13431,0.48933706,0.17279105,0.8058831,0.34798053,0.0,0.34798053,0.08699513
13432,1.2885079,0.19221647,2.3847995,1.3516483,0.0,1.3516483,0.33791208
13433,0.7165175,0.2203697,1.2126654,0.4781159,0.0,0.4781159,0.11952897
13434,0.2424994,0.24103224,0.24396652,0.061097603,0.0,0.061097603,0.015274401
13435,0.22198065,0.2785624,0.16539891,0.47363624,0.0,0.47363624,0.11840906
13436,0.92821336,0.29185784,1.5645689,0.6016319,0.0,0.6016319,0.15040797
13437,0.70350784,0.33517304,1.0718426,0.30597135,0.0,0.30597135,0.07649284
13438,0.24887042,0.37838015,0.11936066,0.28613847,0.0,0.28613847,0.07153462
13439,0.25535348,0.3533268,0.15738016,0.26978776,0.0,0.26978776,0.06744694
13440,0.56698334,0.37048015,0.76348656,0.16884647,0.0,0.16884647,0.04221162
13441,0.63636535,0.33074242,0.9419883,0.20518558,0.0,0.20518558,0.051296394
13442,0.6210709,0.27223778,0.9699041,0.27119216,0.0,0.27119216,0.06779804
13443,0.30669984,0.25193703,0.36146268,0.85360235,0.0,0.85360235,0.21340059
13444,0.2315075,0.27620125,0.18681376,0.45307413,0.0,0.45307413,0.11326853
13445,1.4086267,0.41571262,2.4015408,0.88351154,0.0,0.88351154,0.22087789
13446,1.4572372,0.5328073,2.3816671,0.79810214,0.0,0.79810214,0.19952554
13447,0.6304722,0.5096286,0.7513158,0.062183354,0.0,0.062183354,0.0155458385
13448,0.6957106,0.48849317,0.90292805,0.15766692,0.0,0.15766692,0.03941673
13449,0.36202738,0.42408895,0.29996577,0.2677771,0.0,0.2677771,0.06694427
13450,0.3433579,0.36924204,0.31747368,0.51614094,0.0,0.51614094,0.12903523
13451,0.4786727,0.33851042,0.618835,0.12559144,0.0,0.12559144,0.03139786
13452,0.23935741,0.29987207,0.17884274,0.5347169,0.0,0.5347169,0.13367923
13453,0.37135395,0.22965986,0.513048,0.12243101,0.0,0.12243101,0.030607753
13454,1.2204715,0.19133015,2.249613,1.2950252,0.0,1.2950252,0.3237563
13455,0.7350934,0.14812429,1.3220626,0.6922348,0.0,0.6922348,0.1730587
13456,1.1128539,0.1250966,2.100611,1.3776003,0.0,1.3776003,0.34440008
13457,0.13221262,0.09316038,0.17126487,0.10339741,0.0,0.10339741,0.025849352
13458,0.10706649,0.08871511,0.12541787,0.12950963,0.0,0.12950963,0.032377407
13459,0.31849775,0.07391146,0.56308407,0.71321565,0.0,0.71321565,0.17830391
13460,0.29855293,0.06533276,0.5317731,0.3422015,0.0,0.3422015,0.085550375
13461,0.099904306,0.05413915,0.14566948,0.11989727,0.0,0.11989727,0.029974317
13462,0.4374957,0.044802,0.8301894,0.86325145,0.0,0.86325145,0.21581286
13463,0.070049785,0.03846633,0.10163324,0.075844854,0.0,0.075844854,0.018961214
13464,0.20848571,0.03744602,0.3795254,0.35858926,0.0,0.35858926,0.089647315
13465,0.26829597,0.03684329,0.49974862,0.49470854,0.0,0.49470854,0.123677135
13466,0.11229744,0.03303822,0.19155665,0.2010808,0.0,0.2010808,0.0502702
13467,0.032396298,0.032009333,0.032783266,0.026097456,0.0,0.026097456,0.006524364
13468,0.3094236,0.032827947,0.5860193,0.5062015,0.0,0.5062015,0.12655038
13469,0.08811138,0.033993382,0.14222938,0.111170374,0.0,0.111170374,0.027792593
13470,0.09105428,0.028694188,0.15341437,0.10828432,0.0,0.10828432,0.02707108
13471,0.11773503,0.024493724,0.21097632,0.13992931,0.0,0.13992931,0.034982327
13472,0.351125,0.024923243,0.67732674,0.6401379,0.0,0.6401379,0.16003448
13473,0.10394489,0.024219533,0.18367024,0.18998282,0.0,0.18998282,0.047495704
13474,0.12803279,0.024676127,0.23138946,0.19303806,0.0,0.19303806,0.048259515
13475,0.1930945,0.02660726,0.35958174,0.3576502,0.0,0.3576502,0.08941255
13476,0.09322518,0.027554534,0.15889584,0.14665702,0.0,0.14665702,0.036664255
13477,0.104788244,0.027353434,0.18222307,0.14455926,0.0,0.14455926,0.036139816
13478,0.70226145,0.025972394,1.3785505,1.3467717,0.0,1.3467717,0.33669293
13479,0.048974782,0.02714864,0.07080093,0.04778968,0.0,0.04778968,0.01194742
13480,0.10727018,0.03031596,0.18422441,0.13587146,0.0,0.13587146,0.033967864
13481,0.45859417,0.039163385,0.878025,1.0501059,0.0,1.0501059,0.26252648
13482,0.7721727,0.045913447,1.498432,1.1542989,0.0,1.1542989,0.28857473
13483,0.13983256,0.047854632,0.2318105,0.13530087,0.0,0.13530087,0.03382522
13484,0.6821642,0.044434935,1.3198935,1.1054791,0.0,1.1054791,0.27636978
13485,0.32295847,0.038612973,0.607304,0.47952577,0.0,0.47952577,0.11988144
13486,0.23751771,0.038818527,0.43621692,0.34350196,0.0,0.34350196,0.08587549
13487,0.18242854,0.03780167,0.3270554,0.33227184,0.0,0.33227184,0.08306796
13488,0.55240434,0.04068908,1.0641197,0.9495097,0.0,0.9495097,0.23737742
13489,0.32516465,0.042262446,0.60806686,0.48203745,0.0,0.48203745,0.12050936
13490,0.31351373,0.044740427,0.582287,0.43124303,0.0,0.43124303,0.10781076
13491,0.07861419,0.048041224,0.109187156,0.06267833,0.0,0.06267833,0.015669582
13492,0.091781616,0.051637482,0.13192575,0.09066624,0.0,0.09066624,0.02266656
13493,0.22367644,0.056093514,0.3912594,0.47791377,0.0,0.47791377,0.11947844
13494,0.0818979,0.057265013,0.106530786,0.09212089,0.0,0.09212089,0.023030223
13495,0.47247764,0.055182558,0.8897727,1.000121,0.0,1.000121,0.25003025
13496,0.15112571,0.04883197,0.25341943,0.3148324,0.0,0.3148324,0.0787081
13497,0.09291917,0.04193901,0.14389932,0.16980648,0.0,0.16980648,0.04245162
13498,0.64522177,0.04570785,1.2447357,1.0908024,0.0,1.0908024,0.2727006
13499,0.09418561,0.049057078,0.13931413,0.11546747,0.0,0.11546747,0.028866867
13500,0.406068,0.047456075,0.7646799,0.63564545,0.0,0.63564545,0.15891136
13501,0.22550797,0.042197064,0.40881887,0.30556384,0.0,0.30556384,0.07639096
13502,0.30351245,0.04161035,0.56541455,0.567406,0.0,0.567406,0.1418515
13503,0.20310383,0.041692406,0.36451522,0.36826956,0.0,0.36826956,0.09206739
13504,0.09488966,0.039457716,0.1503216,0.09692972,0.0,0.09692972,0.02423243
13505,0.1368832,0.03953461,0.23423178,0.30697772,0.0,0.30697772,0.07674443
13506,0.12283984,0.044947762,0.20073192,0.16126746,0.0,0.16126746,0.040316865
13507,0.5319662,0.05208543,1.011847,0.7814439,0.0,0.7814439,0.19536097
13508,0.4325366,0.05976997,0.8053033,0.95553255,0.0,0.95553255,0.23888314
13509,0.29081705,0.06914855,0.51248556,0.30300564,0.0,0.30300564,0.07575141
13510,1.0302068,0.07057568,1.989838,1.6729342,0.0,1.6729342,0.41823354
13511,0.11346517,0.06680258,0.16012777,0.07212942,0.0,0.07212942,0.018032355
13512,0.6428645,0.061028946,1.2247001,1.3380646,0.0,1.3380646,0.33451614
13513,0.71456146,0.053010345,1.3761126,1.1201973,0.0,1.1201973,0.28004932
13514,0.21325487,0.052290257,0.3742195,0.1963619,0.0,0.1963619,0.049090475
13515,0.0717798,0.059307862,0.08425174,0.04338162,0.0,0.04338162,0.010845405
13516,0.08932968,0.06148331,0.117176056,0.0447053,0.0,0.0447053,0.011176325
13517,0.09902956,0.060426515,0.13763261,0.21144521,0.0,0.21144521,0.052861303
13518,0.18660659,0.055692147,0.317521,0.15343307,0.0,0.15343307,0.038358267
13519,0.7545194,0.04909718,1.4599415,1.6448857,0.0,1.6448857,0.4112214
13520,0.13999508,0.041703064,0.2382871,0.3171843,0.0,0.3171843,0.079296075
13521,0.9391636,0.043920744,1.8344065,1.5681791,0.0,1.5681791,0.39204478
13522,0.17274058,0.053660948,0.2918202,0.1203836,0.0,0.1203836,0.0300959
13523,0.24373817,0.06456974,0.4229066,0.18645799,0.0,0.18645799,0.046614498
13524,0.28185645,0.07440626,0.4893066,0.2071594,0.0,0.2071594,0.05178985
13525,0.4827392,0.067357816,0.8981206,0.51756215,0.0,0.51756215,0.12939054
13526,0.18944196,0.062490042,0.31639388,0.48244026,0.0,0.48244026,0.120610066
13527,0.08906964,0.05456244,0.12357684,0.06628698,0.0,0.06628698,0.016571745
13528,0.97392565,0.0569901,1.8908612,1.4796003,0.0,1.4796003,0.36990008
13529,0.10124486,0.05110309,0.15138662,0.110618494,0.0,0.110618494,0.027654624
13530,0.3407205,0.04711789,0.6343231,0.44800892,0.0,0.44800892,0.11200223
13531,0.21093947,0.048929404,0.3729495,0.17900276,0.0,0.17900276,0.04475069
13532,0.42327586,0.055915657,0.79063606,0.549367,0.0,0.549367,0.13734175
13533,0.09628894,0.06949196,0.123085916,0.12153401,0.0,0.12153401,0.030383503
13534,0.7390528,0.08325893,1.3948466,0.92644596,0.0,0.92644596,0.23161149
13535,0.10593248,0.08453783,0.12732714,0.035127345,0.0,0.035127345,0.008781836
13536,0.067762785,0.08066038,0.054865185,0.1638149,0.0,0.1638149,0.040953726
13537,0.24890083,0.08174399,0.41605768,0.3289952,0.0,0.3289952,0.0822488
13538,0.9257007,0.08243655,1.7689649,1.2059555,0.0,1.2059555,0.30148888
13539,1.089134,0.08289686,2.095371,1.5102609,0.0,1.5102609,0.37756523
13540,0.41521648,0.08168039,0.7487526,0.39295962,0.0,0.39295962,0.098239906
13541,0.43692955,0.079934895,0.79392415,0.4005914,0.0,0.4005914,0.10014785
13542,0.2882366,0.08117869,0.49529445,0.7183463,0.0,0.7183463,0.17958657
13543,0.18759392,0.08570703,0.2894808,0.48887953,0.0,0.48887953,0.12221988
13544,0.79759043,0.09475591,1.5004249,1.0070637,0.0,1.0070637,0.25176594
13545,0.43536755,0.10057107,0.770164,0.346534,0.0,0.346534,0.0866335
13546,0.40270376,0.105251335,0.7001562,0.28832898,0.0,0.28832898,0.072082244
13547,0.10020357,0.1100302,0.090376966,0.30251303,0.0,0.30251303,0.07562826
13548,0.10104299,0.10851395,0.09357204,0.31067708,0.0,0.31067708,0.07766927
13549,0.09135884,0.10659828,0.0761194,0.265156,0.0,0.265156,0.066289
13550,0.26462483,0.1063334,0.42291626,0.21458547,0.0,0.21458547,0.053646367
13551,0.31447694,0.1108255,0.51812834,0.16861872,0.0,0.16861872,0.04215468
13552,0.59438676,0.11218703,1.0765865,0.6055377,0.0,0.6055377,0.15138443
13553,0.11092546,0.118087925,0.103762984,0.3488195,0.0,0.3488195,0.08720487
13554,0.36569813,0.12919699,0.6021993,0.1939029,0.0,0.1939029,0.048475724
13555,0.65618193,0.14748758,1.1648763,0.52126604,0.0,0.52126604,0.13031651
13556,0.5828679,0.16203989,1.0036958,0.43890747,0.0,0.43890747,0.10972687
13557,0.37646556,0.16688184,0.58604926,0.1400194,0.0,0.1400194,0.03500485
13558,0.19512792,0.17975257,0.2105033,0.46737155,0.0,0.46737155,0.11684289
13559,0.21530752,0.19836165,0.23225339,0.10322753,0.0,0.10322753,0.025806883
13560,0.39653984,0.22100718,0.5720725,1.1911907,0.0,1.1911907,0.29779768
13561,0.2507063,0.23754935,0.26386324,0.050069053,0.0,0.050069053,0.012517263
13562,0.82197756,0.24123715,1.402718,0.5446381,0.0,0.5446381,0.13615952
13563,0.14612518,0.25260776,0.039642606,0.25071964,0.0,0.25071964,0.06267991
13564,0.5017979,0.26470244,0.73889333,1.5362067,0.0,1.5362067,0.38405168
13565,0.39743033,0.27141318,0.5234475,0.15514143,0.0,0.15514143,0.038785357
13566,0.30055633,0.2883807,0.31273195,0.13756032,0.0,0.13756032,0.03439008
13567,1.1147156,0.29690078,1.9325304,0.79369515,0.0,0.79369515,0.19842379
13568,0.35773435,0.29845244,0.4170163,0.06626946,0.0,0.06626946,0.016567364
13569,0.6937425,0.30574778,1.0817372,0.25052193,0.0,0.25052193,0.06263048
13570,0.31878284,0.3268778,0.3106879,0.86457276,0.0,0.86457276,0.21614319
13571,0.8681421,0.33675933,1.399525,0.38863823,0.0,0.38863823,0.09715956
13572,0.1978979,0.3310993,0.064696476,0.17572452,0.0,0.17572452,0.04393113
13573,0.9900959,0.32676414,1.6534277,0.531573,0.0,0.531573,0.13289325
13574,0.3595445,0.31802723,0.40106168,0.14208026,0.0,0.14208026,0.035520066
13575,0.49172124,0.29684475,0.68659776,1.3953866,0.0,1.3953866,0.34884664
13576,0.1565132,0.28238088,0.030645521,0.31290147,0.0,0.31290147,0.07822537
13577,0.14758827,0.2735242,0.021652317,0.26664183,0.0,0.26664183,0.06666046
13578,0.3083234,0.2758064,0.34084043,0.070072,0.0,0.070072,0.017518
13579,0.8332469,0.28361323,1.3828806,0.47145247,0.0,0.47145247,0.11786312
13580,0.436963,0.2943646,0.5795614,0.11139516,0.0,0.11139516,0.02784879
13581,0.25038013,0.2958396,0.2049206,0.7435443,0.0,0.7435443,0.18588607
13582,0.36789703,0.3045692,0.43122482,0.95549566,0.0,0.95549566,0.23887391
13583,1.653203,0.30381283,3.002593,1.5216585,0.0,1.5216585,0.38041463
13584,0.36962804,0.30645669,0.43279934,0.14517222,0.0,0.14517222,0.036293056
13585,0.440804,0.31831595,0.5632921,0.09974035,0.0,0.09974035,0.024935087
13586,0.176054,0.33157283,0.02053518,0.25533232,0.0,0.25533232,0.06383308
13587,1.5887569,0.34778214,2.8297317,1.2645897,0.0,1.2645897,0.31614742
13588,0.3653104,0.36801028,0.3626105,0.047896076,0.0,0.047896076,0.011974019
13589,0.36323118,0.38208625,0.3443761,0.2262301,0.0,0.2262301,0.056557525
13590,0.43789896,0.3797666,0.49603128,0.047021914,0.0,0.047021914,0.011755479
13591,0.4345242,0.37182215,0.49722633,0.06235914,0.0,0.06235914,0.015589785
13592,0.225627,0.36194435,0.089309655,0.5230263,0.0,0.5230263,0.13075657
13593,0.22105454,0.3596617,0.082447365,0.3198143,0.0,0.3198143,0.07995357
13594,0.32130802,0.3724781,0.27013794,0.098130286,0.0,0.098130286,0.024532571
13595,0.21494283,0.3922684,0.037617292,0.2280262,0.0,0.2280262,0.05700655
13596,0.95131034,0.42111278,1.4815079,0.336406,0.0,0.336406,0.0841015
13597,0.28606898,0.46324524,0.10889272,0.28384918,0.0,0.28384918,0.070962295
13598,1.8436909,0.4989848,3.1883972,1.21885,0.0,1.21885,0.3047125
13599,0.3110458,0.5063837,0.11570791,0.18802206,0.0,0.18802206,0.047005516
13600,2.1277478,0.52571297,3.7297828,1.5670972,0.0,1.5670972,0.3917743
13601,0.8080899,0.53871775,1.0774621,0.12520818,0.0,0.12520818,0.031302046
13602,0.46222427,0.54755586,0.37689272,0.15499727,0.0,0.15499727,0.03874932
13603,0.40898,0.5664107,0.25154933,0.18715765,0.0,0.18715765,0.04678941
13604,0.5047665,0.54631585,0.46321717,0.19510673,0.0,0.19510673,0.048776682
13605,1.0738773,0.51348025,1.6342745,0.34801853,0.0,0.34801853,0.08700463
13606,1.6127071,0.49195215,2.733462,0.96180946,0.0,0.96180946,0.24045236
13607,0.34772298,0.4855319,0.20991403,0.33681402,0.0,0.33681402,0.084203504
13608,0.63099843,0.48171487,0.780282,0.06433826,0.0,0.06433826,0.016084565
13609,1.3582176,0.48365554,2.2327795,0.67387223,0.0,0.67387223,0.16846806
13610,1.533732,0.49388203,2.5735824,0.8542888,0.0,0.8542888,0.2135722
13611,0.48120332,0.5063888,0.45601782,1.6859051,0.0,1.6859051,0.42147627
13612,0.3634069,0.5454811,0.18133275,0.301141,0.0,0.301141,0.07528525
13613,0.41176453,0.5848964,0.23863268,0.99581593,0.0,0.99581593,0.24895398
13614,0.35129094,0.61467737,0.087904535,0.7333722,0.0,0.7333722,0.18334305
13615,1.3406585,0.6483204,2.032997,0.49395785,0.0,0.49395785,0.12348946
13616,0.4745592,0.66258615,0.28653222,0.3773296,0.0,0.3773296,0.0943324
13617,0.36875534,0.6490914,0.088419266,0.65385485,0.0,0.65385485,0.16346371
13618,0.53229207,0.61597323,0.44861087,0.12069736,0.0,0.12069736,0.03017434
13619,0.3713734,0.5768575,0.16588926,0.3199499,0.0,0.3199499,0.079987474
13620,0.8236405,0.5313315,1.1159496,0.18875201,0.0,0.18875201,0.047188003
13621,0.90823954,0.49192443,1.3245546,0.26621068,0.0,0.26621068,0.06655267
13622,0.3700857,0.47084618,0.2693252,0.14432465,0.0,0.14432465,0.03608116
13623,0.71093446,0.46652102,0.95534796,0.1798024,0.0,0.1798024,0.0449506
13624,0.28846988,0.4709258,0.10601393,0.39144328,0.0,0.39144328,0.09786082
13625,1.0245607,0.46543837,1.583683,0.42494997,0.0,0.42494997,0.10623749
13626,0.91520506,0.46344993,1.3669602,0.26919517,0.0,0.26919517,0.06729879
13627,1.2703587,0.46414408,2.0765734,0.6385014,0.0,0.6385014,0.15962535
13628,0.27334595,0.4686543,0.078037575,0.62509835,0.0,0.62509835,0.15627459
13629,0.47950765,0.49633703,0.46267828,0.06364818,0.0,0.06364818,0.015912045
13630,0.4046625,0.51575524,0.2935697,0.1277763,0.0,0.1277763,0.031944074
13631,0.3512551,0.5335359,0.16897435,0.44217566,0.0,0.44217566,0.110543914
13632,1.5357456,0.5315994,2.5398917,0.76854235,0.0,0.76854235,0.19213559
13633,0.47084418,0.5107785,0.43090987,0.05276917,0.0,0.05276917,0.013192292
13634,0.5554294,0.5045906,0.6062682,0.03391029,0.0,0.03391029,0.008477572
13635,1.1311327,0.48822537,1.7740402,0.45932987,0.0,0.45932987,0.11483247
13636,0.7404296,0.49280795,0.9880511,0.14483772,0.0,0.14483772,0.03620943
13637,0.75789887,0.5047776,1.0110201,0.13233562,0.0,0.13233562,0.033083905
13638,0.38428262,0.5151164,0.25344887,0.48586825,0.0,0.48586825,0.12146706
13639,1.5020524,0.5152062,2.4888985,0.77165604,0.0,0.77165604,0.19291401
13640,0.4115931,0.51653147,0.30665478,0.15448631,0.0,0.15448631,0.03862158
13641,1.7196679,0.5202121,2.9191236,1.0400616,0.0,1.0400616,0.2600154
13642,0.9227114,0.5159294,1.3294934,0.29231426,0.0,0.29231426,0.073078565
13643,0.37271503,0.52224034,0.22318976,0.3878099,0.0,0.3878099,0.096952476
13644,1.1939275,0.52308226,1.8647728,0.55052614,0.0,0.55052614,0.13763154
13645,0.8588748,0.5196658,1.1980838,0.17801537,0.0,0.17801537,0.04450384
13646,0.659344,0.51725096,0.80143714,0.08371738,0.0,0.08371738,0.020929346
13647,0.40367433,0.51765174,0.2896969,0.12763,0.0,0.12763,0.0319075
13648,0.8269131,0.50912917,1.1446971,0.20348917,0.0,0.20348917,0.050872292
13649,0.62669486,0.48845628,0.7649334,0.096058495,0.0,0.096058495,0.024014624
13650,0.6636428,0.4686488,0.85863686,0.091331095,0.0,0.091331095,0.022832774
13651,0.7797036,0.461809,1.0975982,0.17787313,0.0,0.17787313,0.044468284
13652,1.1225487,0.45628485,1.7888126,0.54505455,0.0,0.54505455,0.13626364
13653,0.342728,0.45484376,0.2306122,0.41463444,0.0,0.41463444,0.10365861
13654,0.5634732,0.4492313,0.6777151,0.057727795,0.0,0.057727795,0.014431949
13655,0.66017216,0.446731,0.87361336,0.14574628,0.0,0.14574628,0.03643657
13656,0.939338,0.4502537,1.4284225,0.39259717,0.0,0.39259717,0.09814929
13657,0.66269124,0.46472883,0.86065364,0.13672087,0.0,0.13672087,0.034180216
13658,0.8987503,0.48602176,1.311479,0.31564856,0.0,0.31564856,0.07891214
13659,0.39642248,0.49749407,0.2953509,0.18075825,0.0,0.18075825,0.045189563
13660,0.6925085,0.49395084,0.89106613,0.10841819,0.0,0.10841819,0.027104547
13661,0.34821245,0.48317528,0.21324961,0.7574034,0.0,0.7574034,0.18935084
13662,0.4541683,0.48796472,0.42037186,0.050066337,0.0,0.050066337,0.012516584
13663,0.4244878,0.49853274,0.35044286,1.12436,0.0,1.12436,0.28109
13664,0.42377213,0.50609213,0.34145212,0.11621621,0.0,0.11621621,0.029054053
13665,0.37445793,0.4989524,0.2499634,0.22706556,0.0,0.22706556,0.05676639
13666,0.3195492,0.4942496,0.14484878,0.5461557,0.0,0.5461557,0.13653892
13667,0.3996772,0.48869252,0.31066185,0.13011467,0.0,0.13011467,0.03252867
13668,0.86964417,0.46981707,1.2694712,0.24899416,0.0,0.24899416,0.06224854
13669,0.3044159,0.4505897,0.15824212,0.56118566,0.0,0.56118566,0.14029641
13670,0.35163164,0.42837515,0.27488813,0.098819755,0.0,0.098819755,0.024704939
13671,1.4601201,0.4105965,2.5096436,1.043951,0.0,1.043951,0.26098776
13672,0.5886131,0.39804658,0.7791796,0.11665089,0.0,0.11665089,0.029162722
13673,0.6591472,0.38735268,0.93094176,0.18471724,0.0,0.18471724,0.04617931
13674,0.31330183,0.37239036,0.25421336,0.3751961,0.0,0.3751961,0.093799025
13675,0.5505964,0.3582833,0.74290943,0.13836002,0.0,0.13836002,0.034590006
13676,0.5023895,0.34487453,0.6599045,0.11289859,0.0,0.11289859,0.028224647
13677,0.25914153,0.32491785,0.19336522,0.117617905,0.0,0.117617905,0.029404476
13678,0.94451755,0.32167932,1.5673558,0.55813223,0.0,0.55813223,0.13953306
13679,0.51394844,0.3177422,0.7101547,0.13294499,0.0,0.13294499,0.033236247
13680,1.3894606,0.32118976,2.4577315,1.0761032,0.0,1.0761032,0.2690258
13681,0.28502023,0.3261268,0.24391367,0.04454935,0.0,0.04454935,0.011137337
13682,0.2570099,0.33201072,0.18200912,0.5982173,0.0,0.5982173,0.14955433
13683,0.3516039,0.34537458,0.35783324,1.1304337,0.0,1.1304337,0.28260842
13684,0.5364179,0.35508335,0.71775246,0.12461694,0.0,0.12461694,0.031154236
13685,0.27421013,0.36298773,0.18543251,0.35927883,0.0,0.35927883,0.08981971
13686,0.544045,0.38012788,0.70796204,0.09553155,0.0,0.09553155,0.023882888
13687,0.29765955,0.39292505,0.20239402,0.46316633,0.0,0.46316633,0.11579158
13688,0.49452147,0.41187945,0.57716346,0.068915375,0.0,0.068915375,0.017228844
13689,1.2736653,0.4229348,2.1243956,0.691405,0.0,0.691405,0.17285125
13690,1.3374616,0.44248366,2.2324398,0.7402428,0.0,0.7402428,0.1850607
13691,0.4029716,0.45422578,0.35171735,0.14050187,0.0,0.14050187,0.035125468
13692,0.8128252,0.4574463,1.1682042,0.20957148,0.0,0.20957148,0.05239287
13693,0.29211733,0.46267703,0.121557586,0.45188513,0.0,0.45188513,0.11297128
13694,0.9829337,0.46079016,1.5050772,0.38641453,0.0,0.38641453,0.09660363
13695,1.5728999,0.46172404,2.684076,1.0701895,0.0,1.0701895,0.26754737
13696,0.5964071,0.46184027,0.7309739,0.09048589,0.0,0.09048589,0.022621473
13697,2.1042888,0.46080673,3.7477705,1.7386026,0.0,1.7386026,0.43465066
13698,0.42113438,0.45917428,0.38309455,0.044837307,0.0,0.044837307,0.011209327
13699,0.41618195,0.46132672,0.37103724,0.058101844,0.0,0.058101844,0.014525461
13700,0.3743901,0.46356592,0.28521425,0.14659226,0.0,0.14659226,0.036648065
13701,0.9888706,0.46520126,1.51254,0.42302895,0.0,0.42302895,0.10575724
13702,1.1033744,0.47766963,1.7290791,0.5023441,0.0,0.5023441,0.12558602
13703,0.4006382,0.5015518,0.29972458,0.26782987,0.0,0.26782987,0.06695747
13704,1.1266769,0.53291684,1.720437,0.44100627,0.0,0.44100627,0.11025157
13705,0.40594006,0.5612926,0.25058755,0.99015975,0.0,0.99015975,0.24753994
13706,0.54614806,0.5857558,0.5065403,0.06284823,0.0,0.06284823,0.015712058
13707,0.82295674,0.6157368,1.0301768,0.1180155,0.0,0.1180155,0.029503874
13708,0.57604516,0.6505375,0.5015528,0.111852564,0.0,0.111852564,0.027963141
13709,1.3249004,0.6866185,1.9631823,0.4283432,0.0,0.4283432,0.1070858
13710,0.6621187,0.71133614,0.6129012,0.038419235,0.0,0.038419235,0.009604809
13711,0.65807074,0.7098117,0.60632974,1.1335511,0.0,1.1335511,0.28338778
13712,0.56494486,0.7054412,0.42444858,0.23002714,0.0,0.23002714,0.057506785
13713,1.3056153,0.7110529,1.9001778,0.42684653,0.0,0.42684653,0.10671163
13714,0.57364535,0.70014787,0.4471428,0.11459631,0.0,0.11459631,0.028649077
13715,1.2336397,0.70556706,1.7617124,0.37757552,0.0,0.37757552,0.09439388
13716,1.3884106,0.6896841,2.087137,0.47368088,0.0,0.47368088,0.11842022
13717,0.64512134,0.6665336,0.62370914,0.021891376,0.0,0.021891376,0.005472844
13718,1.0077525,0.66732043,1.3481846,0.17465676,0.0,0.17465676,0.04366419
13719,0.6332288,0.66949075,0.5969668,0.038755868,0.0,0.038755868,0.009688967
13720,0.48668036,0.6541657,0.31919497,0.34092596,0.0,0.34092596,0.08523149
13721,0.39984548,0.6299364,0.16975458,0.83752376,0.0,0.83752376,0.20938094
13722,0.44510671,0.61575156,0.27446184,0.36652198,0.0,0.36652198,0.091630496
13723,0.7022931,0.60137254,0.80321366,0.043324437,0.0,0.043324437,0.010831109
13724,1.2684783,0.6152165,1.92174,0.49903798,0.0,0.49903798,0.124759495
13725,2.276328,0.64124054,3.9114158,1.5249147,0.0,1.5249147,0.3812287
13726,1.6712705,0.6486438,2.6938972,0.880511,0.0,0.880511,0.22012775
13727,0.53053004,0.6809874,0.38007268,0.13931385,0.0,0.13931385,0.03482846
13728,2.4045665,0.69076324,4.11837,1.5755482,0.0,1.5755482,0.39388704
13729,1.4755112,0.7103198,2.2407029,0.50957793,0.0,0.50957793,0.12739448
13730,0.6743763,0.73574084,0.6130119,0.09771637,0.0,0.09771637,0.024429092
13731,1.4762244,0.7695661,2.1828825,0.49962768,0.0,0.49962768,0.12490692
13732,0.60248166,0.78831434,0.41664895,0.17787065,0.0,0.17787065,0.04446766
13733,0.99665356,0.8084774,1.1848296,0.10170109,0.0,0.10170109,0.025425272
13734,1.4986137,0.81862706,2.1786003,0.42872462,0.0,0.42872462,0.107181154
13735,0.57863325,0.8582576,0.29900894,0.79312927,0.0,0.79312927,0.19828232
13736,0.7908942,0.9045431,0.6772454,0.06912535,0.0,0.06912535,0.017281337
13737,1.8871104,0.9488468,2.825374,0.67902714,0.0,0.67902714,0.16975679
13738,2.1941118,0.9807139,3.4075098,0.8590496,0.0,0.8590496,0.2147624
13739,1.1422554,0.98028153,1.3042293,0.08260266,0.0,0.08260266,0.020650664
13740,0.894402,0.96491903,0.82388496,0.11108186,0.0,0.11108186,0.027770465
13741,1.8393773,0.94738585,2.7313688,0.5690098,0.0,0.5690098,0.14225245
13742,2.1828232,0.9331524,3.4324942,0.98102194,0.0,0.98102194,0.24525549
13743,2.9221783,0.90628546,4.9380713,1.7803894,0.0,1.7803894,0.44509736
13744,0.76998585,0.8741334,0.6658382,0.10163314,0.0,0.10163314,0.025408285
13745,1.0403131,0.86420894,1.2164174,0.08877238,0.0,0.08877238,0.022193095
13746,1.1623024,0.832252,1.4923528,0.20507817,0.0,0.20507817,0.051269542
13747,0.7269713,0.8245301,0.6294125,0.1007768,0.0,0.1007768,0.0251942
13748,0.5441586,0.81666535,0.27165183,0.5420689,0.0,0.5420689,0.13551722
13749,1.1464032,0.80407953,1.4887267,0.17893516,0.0,0.17893516,0.04473379
13750,1.1164795,0.7910865,1.4418725,0.20132284,0.0,0.20132284,0.05033071
13751,0.67713356,0.78118944,0.5730777,0.14474301,0.0,0.14474301,0.036185753
13752,1.9609576,0.76953006,3.1523855,1.0571305,0.0,1.0571305,0.2642826
13753,0.65835696,0.772489,0.5442249,0.13301073,0.0,0.13301073,0.033252683
13754,2.1113453,0.7662144,3.4564762,1.3097421,0.0,1.3097421,0.32743552
13755,1.8429133,0.77001333,2.9158134,0.89286613,0.0,0.89286613,0.22321653
13756,0.7253863,0.76849276,0.6822798,0.023626447,0.0,0.023626447,0.0059066117
13757,0.71219397,0.77181107,0.65257674,0.06325763,0.0,0.06325763,0.015814407
13758,0.66814595,0.78723973,0.5490522,0.13755809,0.0,0.13755809,0.034389522
13759,0.64551884,0.78563434,0.5054034,0.09264621,0.0,0.09264621,0.023161553
13760,0.7387789,0.7878086,0.6897493,0.03226867,0.0,0.03226867,0.008067167
13761,1.7125697,0.776145,2.6489944,0.74497527,0.0,0.74497527,0.18624382
13762,2.2637632,0.77737784,3.7501485,1.3741627,0.0,1.3741627,0.34354067
13763,1.4120666,0.7827745,2.0413587,0.4398087,0.0,0.4398087,0.109952174
13764,1.2066213,0.7794177,1.633825,0.3333722,0.0,0.3333722,0.08334305
13765,0.69330186,0.7632893,0.62331444,0.17031296,0.0,0.17031296,0.04257824
13766,0.6492742,0.7223055,0.5762429,0.1248067,0.0,0.1248067,0.031201676
13767,2.0202851,0.7107293,3.329841,1.337437,0.0,1.337437,0.33435926
13768,0.7950485,0.70234746,0.8877495,0.040679794,0.0,0.040679794,0.010169948
13769,0.56050247,0.66539305,0.4556119,0.8568692,0.0,0.8568692,0.2142173
13770,0.65055674,0.642968,0.6581455,0.42230925,0.0,0.42230925,0.10557731
13771,0.6731263,0.62424195,0.7220106,1.5910751,0.0,1.5910751,0.39776877
13772,0.5652998,0.6096788,0.52092075,0.053729236,0.0,0.053729236,0.013432309
13773,2.28974,0.61092967,3.9685504,1.732104,0.0,1.732104,0.433026
13774,0.9173932,0.6146119,1.2201744,0.20555396,0.0,0.20555396,0.05138849
13775,0.7207284,0.62303287,0.8184239,0.065768324,0.0,0.065768324,0.016442081
13776,0.50658923,0.621075,0.39210352,0.16694157,0.0,0.16694157,0.041735392
13777,1.8004227,0.61007303,2.9907722,1.1154617,0.0,1.1154617,0.27886543
13778,0.6425126,0.60503477,0.6799905,1.1895283,0.0,1.1895283,0.2973821
13779,0.53685975,0.6066132,0.4671063,0.4675978,0.0,0.4675978,0.11689945
13780,2.0070598,0.6133968,3.4007227,1.3519179,0.0,1.3519179,0.33797947
13781,0.9697973,0.6219333,1.3176613,0.28633115,0.0,0.28633115,0.07158279
13782,0.5511535,0.6311046,0.47120237,0.7116301,0.0,0.7116301,0.17790753
13783,0.57241994,0.6309273,0.5139126,0.082493655,0.0,0.082493655,0.020623414
13784,1.4195393,0.625277,2.2138016,0.66366535,0.0,0.66366535,0.16591634
13785,0.5626933,0.6116614,0.51372516,0.09221319,0.0,0.09221319,0.023053298
13786,0.78509617,0.5776563,0.9925359,0.15413313,0.0,0.15413313,0.03853328
13787,0.5510476,0.5535884,0.54850686,0.6605417,0.0,0.6605417,0.16513543
13788,0.49817356,0.51565075,0.48069635,0.36940446,0.0,0.36940446,0.092351116
13789,0.83321977,0.47124588,1.1951936,0.37253416,0.0,0.37253416,0.09313354
13790,0.6662852,0.4433488,0.8892216,1.4107547,0.0,1.4107547,0.35268867
13791,0.9940644,0.43943074,1.5486981,0.5830242,0.0,0.5830242,0.14575605
13792,0.6827038,0.44312024,0.92228746,0.14166236,0.0,0.14166236,0.03541559
13793,0.42262793,0.42701092,0.41824493,0.02753329,0.0,0.02753329,0.0068833227
13794,0.49937892,0.41813993,0.58061785,0.07515194,0.0,0.07515194,0.018787986
13795,1.9888402,0.4373063,3.540374,1.8086547,0.0,1.8086547,0.45216367
13796,0.62754315,0.48073158,0.7743547,0.12323765,0.0,0.12323765,0.030809412
13797,1.5841156,0.54004914,2.6281822,1.1425254,0.0,1.1425254,0.28563136
13798,0.74530536,0.59923047,0.8913803,0.08647963,0.0,0.08647963,0.021619907
13799,0.56264615,0.64275485,0.48253742,0.45368603,0.0,0.45368603,0.11342151
13800,0.6172634,0.6546516,0.57987523,0.77596927,0.0,0.77596927,0.19399232
13801,0.91160125,0.6421061,1.1810964,0.15217431,0.0,0.15217431,0.038043577
13802,0.6526792,0.6336152,0.6717432,0.015930071,0.0,0.015930071,0.003982518
13803,0.6085835,0.63461477,0.5825522,1.6756638,0.0,1.6756638,0.41891596
13804,0.5127594,0.6361811,0.38933757,0.28930616,0.0,0.28930616,0.07232654
13805,1.2351799,0.6697187,1.8006411,0.43620995,0.0,0.43620995,0.10905249
13806,1.6215669,0.6983238,2.54481,0.87827444,0.0,0.87827444,0.21956861
13807,0.6096615,0.73919916,0.4801239,0.5080795,0.0,0.5080795,0.12701988
13808,0.5417386,0.7511236,0.33235365,0.59283954,0.0,0.59283954,0.14820988
13809,0.6024717,0.7448948,0.4600486,0.5474524,0.0,0.5474524,0.1368631
13810,1.6961495,0.7108407,2.6814585,0.9902243,0.0,0.9902243,0.24755608
13811,0.622721,0.63040227,0.61503977,0.82787746,0.0,0.82787746,0.20696937
13812,1.6094016,0.55072063,2.6680825,1.185369,0.0,1.185369,0.29634225
13813,0.3746293,0.46315697,0.2861016,0.13518569,0.0,0.13518569,0.033796422
13814,0.34299862,0.39948073,0.28651652,0.3117242,0.0,0.3117242,0.07793105
13815,0.31166723,0.37079963,0.25253484,0.1286407,0.0,0.1286407,0.032160174
13816,0.4057037,0.364795,0.44661236,0.15434046,0.0,0.15434046,0.038585115
13817,0.31664342,0.3765413,0.25674555,0.167998,0.0,0.167998,0.0419995
13818,0.41629887,0.4021646,0.43043306,0.15034212,0.0,0.15034212,0.03758553
13819,0.39865756,0.4148233,0.3824918,0.21038538,0.0,0.21038538,0.052596346
13820,1.080442,0.41396293,1.7469211,0.6931185,0.0,0.6931185,0.17327963
13821,0.42263737,0.39172515,0.45354962,0.019800501,0.0,0.019800501,0.0049501252
13822,0.35844898,0.36863264,0.3482653,0.08955369,0.0,0.08955369,0.022388423
13823,0.6085968,0.35247937,0.8647142,0.18601467,0.0,0.18601467,0.046503667
13824,0.3312256,0.35645473,0.30599645,0.07060697,0.0,0.07060697,0.017651742
13825,0.5877541,0.37977806,0.7957301,0.17821737,0.0,0.17821737,0.04455434
13826,0.3228151,0.40114734,0.24448287,0.26359308,0.0,0.26359308,0.06589827
13827,0.4832542,0.41348195,0.5530264,0.9794056,0.0,0.9794056,0.2448514
13828,0.9513547,0.42103252,1.4816769,0.46637857,0.0,0.46637857,0.11659464
13829,0.39026132,0.4219625,0.35856017,0.07603649,0.0,0.07603649,0.019009123
13830,0.3797257,0.43161893,0.32783246,0.14607982,0.0,0.14607982,0.036519956
13831,0.39681578,0.43512204,0.35850954,0.15360755,0.0,0.15360755,0.038401887
13832,1.5438881,0.43563256,2.6521435,1.1382837,0.0,1.1382837,0.28457093
13833,1.7729517,0.4275124,3.118391,1.4864167,0.0,1.4864167,0.37160417
13834,1.1957663,0.4206227,1.97091,0.7020769,0.0,0.7020769,0.17551923
13835,0.2937347,0.40663466,0.18083477,0.4584242,0.0,0.4584242,0.11460605
13836,0.3578174,0.39193717,0.3236976,0.081683695,0.0,0.081683695,0.020420924
13837,0.41051397,0.36703634,0.45399156,0.03324395,0.0,0.03324395,0.008310988
13838,0.29736352,0.3604752,0.23425181,0.44492278,0.0,0.44492278,0.111230694
13839,0.48677635,0.37276924,0.6007834,0.13483097,0.0,0.13483097,0.03370774
13840,0.5042402,0.38592568,0.6225547,0.12866403,0.0,0.12866403,0.032166008
13841,0.3883059,0.39141127,0.3852005,1.0162565,0.0,1.0162565,0.2540641
13842,1.5598736,0.4086078,2.7111394,1.1826159,0.0,1.1826159,0.29565397
13843,0.3624897,0.4177278,0.30725157,0.4638311,0.0,0.4638311,0.115957774
13844,1.0303203,0.42746004,1.6331806,0.4969734,0.0,0.4969734,0.12424335
13845,0.56686,0.43925104,0.69446903,0.11091912,0.0,0.11091912,0.02772978
13846,0.3999463,0.43532422,0.36456835,0.10414463,0.0,0.10414463,0.026036158
13847,0.33419156,0.4238504,0.24453278,0.6224376,0.0,0.6224376,0.1556094
13848,1.885292,0.431041,3.339543,1.502388,0.0,1.502388,0.375597
13849,0.42897096,0.48115948,0.37678242,0.049154777,0.0,0.049154777,0.012288694
13850,0.92968583,0.52989286,1.3294789,0.23376606,0.0,0.23376606,0.058441516
13851,0.64603686,0.5674538,0.7246199,0.03954898,0.0,0.03954898,0.009887245
13852,0.43915865,0.59258157,0.28573576,0.15715787,0.0,0.15715787,0.039289467
13853,0.56626457,0.63435477,0.4981744,0.047008295,0.0,0.047008295,0.011752074
13854,1.1439562,0.67130876,1.6166035,0.2968023,0.0,0.2968023,0.07420058
13855,1.1648542,0.65871763,1.6709906,0.3092403,0.0,0.3092403,0.07731008
13856,0.4663724,0.6423516,0.29039323,1.1577291,0.0,1.1577291,0.2894323
13857,1.2272636,0.61406595,1.8404613,0.43172622,0.0,0.43172622,0.107931554
13858,2.5676267,0.57773775,4.5575156,2.0161378,0.0,2.0161378,0.50403446
13859,0.38117138,0.56353784,0.19880497,0.8136297,0.0,0.8136297,0.20340742
13860,0.39589,0.54013604,0.25164393,0.8783372,0.0,0.8783372,0.2195843
13861,0.54219764,0.47523728,0.609158,0.03895342,0.0,0.03895342,0.009738355
13862,0.32208574,0.3999718,0.24419968,0.25629506,0.0,0.25629506,0.064073764
13863,0.26853755,0.34447184,0.19260323,0.23659857,0.0,0.23659857,0.05914964
13864,0.6612938,0.3391622,0.9834254,0.26812825,0.0,0.26812825,0.06703206
13865,1.5155582,0.39142755,2.639689,1.1955255,0.0,1.1955255,0.29888138
13866,0.53033715,0.4517939,0.60888046,1.5793365,0.0,1.5793365,0.39483413
13867,0.7033302,0.5013678,0.9052927,0.10220709,0.0,0.10220709,0.025551772
13868,1.220419,0.52590066,1.9149375,0.6324771,0.0,0.6324771,0.15811928
13869,1.1873751,0.55032486,1.8244253,0.5352039,0.0,0.5352039,0.13380097
13870,1.5392755,0.5604665,2.5180843,0.89858216,0.0,0.89858216,0.22464554
13871,0.8151856,0.55351466,1.0768566,0.15832894,0.0,0.15832894,0.039582234
13872,0.42111853,0.5505168,0.29172027,0.16208836,0.0,0.16208836,0.04052209
13873,0.45563307,0.53403926,0.37722692,0.38171306,0.0,0.38171306,0.095428266
13874,0.895333,0.52277863,1.2678874,0.28036144,0.0,0.28036144,0.07009036
13875,0.5086886,0.5010477,0.5163296,1.4380242,0.0,1.4380242,0.35950604
13876,0.65091115,0.5284582,0.7733641,0.08159665,0.0,0.08159665,0.020399163
13877,0.7703934,0.6121812,0.92860556,0.097577,0.0,0.097577,0.02439425
13878,1.0882508,0.68738407,1.4891176,0.2526393,0.0,0.2526393,0.06315982
13879,0.6462576,0.6764643,0.6160508,0.03888801,0.0,0.03888801,0.009722003
13880,0.7440694,0.64674705,0.84139174,0.04305474,0.0,0.04305474,0.010763685
13881,2.4040577,0.59553987,4.2125754,1.8207437,0.0,1.8207437,0.45518592
13882,1.1488148,0.5726864,1.7249433,0.4396173,0.0,0.4396173,0.10990433
13883,0.56596184,0.59341437,0.5385093,1.2091026,0.0,1.2091026,0.30227566
13884,1.0041751,0.56938034,1.4389696,0.34668717,0.0,0.34668717,0.08667179
13885,1.0508013,0.54250574,1.5590968,0.39241067,0.0,0.39241067,0.09810267
13886,0.44188365,0.53031015,0.3534571,0.1887564,0.0,0.1887564,0.0471891
13887,0.43195847,0.5523791,0.31153786,0.56501323,0.0,0.56501323,0.14125331
13888,1.0478975,0.58973044,1.5060645,0.38726285,0.0,0.38726285,0.09681571
13889,0.9769964,0.60738826,1.3466047,0.2716627,0.0,0.2716627,0.06791568
13890,0.69308585,0.58157593,0.80459565,0.08669148,0.0,0.08669148,0.02167287
13891,0.5577645,0.5380461,0.57748276,1.087246,0.0,1.087246,0.2718115
13892,0.46404266,0.5021936,0.42589173,0.07209676,0.0,0.07209676,0.01802419
13893,0.65620494,0.47737136,0.8350385,0.12507263,0.0,0.12507263,0.031268157
13894,0.32998085,0.42385373,0.23610799,0.29679105,0.0,0.29679105,0.07419776
13895,0.39774784,0.40158853,0.39390716,0.6274579,0.0,0.6274579,0.15686448
13896,0.35654393,0.43479428,0.27829358,0.19866459,0.0,0.19866459,0.049666148
13897,0.7908619,0.4709146,1.1108092,0.22128238,0.0,0.22128238,0.055320594
13898,0.47488406,0.4940765,0.45569167,0.7726986,0.0,0.7726986,0.19317465
13899,0.7504349,0.50096375,0.9999059,0.20278414,0.0,0.20278414,0.050696034
13900,1.053309,0.530228,1.5763899,0.44033447,0.0,0.44033447,0.11008362
13901,0.785868,0.5548938,1.0168422,0.1560448,0.0,0.1560448,0.0390112
13902,0.6259963,0.5553203,0.6966722,0.028551662,0.0,0.028551662,0.0071379156
13903,0.78119993,0.5305385,1.0318614,0.16423367,0.0,0.16423367,0.041058417
13904,0.43927383,0.5179566,0.36059105,0.11214904,0.0,0.11214904,0.02803726
13905,0.50281763,0.48601794,0.5196173,1.0301621,0.0,1.0301621,0.25754052
13906,0.3069679,0.45060956,0.16332626,0.54868215,0.0,0.54868215,0.13717054
13907,0.40986514,0.4037479,0.4159824,1.241879,0.0,1.241879,0.31046975
13908,0.647416,0.335229,0.959603,0.23035555,0.0,0.23035555,0.057588886
13909,0.27691838,0.27948514,0.2743516,0.41393617,0.0,0.41393617,0.10348404
13910,1.0202814,0.2441684,1.7963945,0.8697997,0.0,0.8697997,0.21744992
13911,0.20534901,0.23700559,0.1736924,0.21458842,0.0,0.21458842,0.053647105
13912,0.30618563,0.2548076,0.3575637,0.76072246,0.0,0.76072246,0.19018061
13913,0.27719325,0.2832693,0.2711172,0.025227914,0.0,0.025227914,0.0063069784
13914,0.325549,0.2974705,0.35362747,0.5746942,0.0,0.5746942,0.14367355
13915,0.9563327,0.30069885,1.6119665,0.7365019,0.0,0.7365019,0.18412547
13916,0.2700678,0.2767106,0.26342502,0.034669224,0.0,0.034669224,0.008667306
13917,0.34053466,0.2511071,0.4299622,0.055712316,0.0,0.055712316,0.013928079
13918,0.2264642,0.2329572,0.2199712,0.028680772,0.0,0.028680772,0.007170193
13919,0.20776363,0.23832536,0.17720191,0.07039675,0.0,0.07039675,0.017599188
13920,0.2978032,0.23957555,0.35603085,0.4988265,0.0,0.4988265,0.124706626
13921,0.20620681,0.23632936,0.17608428,0.10170784,0.0,0.10170784,0.02542696
13922,0.22681175,0.23818772,0.21543579,0.056601066,0.0,0.056601066,0.014150267
13923,0.93664455,0.2511313,1.6221577,0.7886465,0.0,0.7886465,0.19716163
13924,0.6428046,0.29426643,0.99134284,0.35459733,0.0,0.35459733,0.08864933
13925,0.30231237,0.33300817,0.27161658,0.260771,0.0,0.260771,0.06519275
13926,0.494387,0.3562381,0.6325359,0.09069242,0.0,0.09069242,0.022673106
13927,1.1364007,0.3499448,1.9228567,0.84798473,0.0,0.84798473,0.21199618
13928,0.356315,0.32358536,0.38904464,0.02119104,0.0,0.02119104,0.00529776
13929,0.46978676,0.29432225,0.6452513,0.15737663,0.0,0.15737663,0.039344158
13930,0.33766982,0.28056338,0.39477623,0.042297244,0.0,0.042297244,0.010574311
13931,0.42468047,0.2594875,0.58987343,0.951025,0.0,0.951025,0.23775625
13932,0.6156754,0.21957101,1.0117798,0.40317103,0.0,0.40317103,0.10079276
13933,0.2580792,0.18081208,0.33534634,0.056284666,0.0,0.056284666,0.0140711665
13934,0.19244029,0.15466598,0.2302146,0.4578615,0.0,0.4578615,0.11446538
13935,0.39182034,0.1695367,0.614104,0.22374265,0.0,0.22374265,0.055935662
13936,0.9764126,0.195098,1.7577273,0.98078823,0.0,0.98078823,0.24519706
13937,0.2980199,0.22985609,0.36618367,0.05935344,0.0,0.05935344,0.01483836
13938,0.43821988,0.25595203,0.6204877,0.91317374,0.0,0.91317374,0.22829343
13939,0.5784371,0.28727975,0.8695944,0.24223061,0.0,0.24223061,0.060557652
13940,0.2628453,0.27587694,0.24981366,0.04319893,0.0,0.04319893,0.010799732
13941,1.4186124,0.23509564,2.6021292,1.4593595,0.0,1.4593595,0.36483988
13942,0.5162445,0.22429903,0.80818987,0.3564601,0.0,0.3564601,0.08911502
13943,0.2140073,0.21284862,0.21516597,0.32804722,0.0,0.32804722,0.082011804
13944,0.2372394,0.2150966,0.25938222,0.525948,0.0,0.525948,0.131487
13945,0.20771027,0.20400478,0.21141577,0.13805203,0.0,0.13805203,0.034513008
13946,0.6302529,0.20528077,1.055225,0.43270352,0.0,0.43270352,0.10817588
13947,0.20610712,0.22653301,0.18568122,0.04025658,0.0,0.04025658,0.010064145
13948,0.63599503,0.26445493,1.0075351,0.40770945,0.0,0.40770945,0.10192736
13949,0.31143877,0.2989126,0.3239649,0.27701995,0.0,0.27701995,0.06925499
13950,0.39254045,0.31151795,0.47356296,1.073607,0.0,1.073607,0.26840174
13951,0.5043205,0.29065013,0.7179909,0.2172573,0.0,0.2172573,0.054314326
13952,0.36214295,0.2572275,0.46705842,0.49169013,0.0,0.49169013,0.12292253
13953,0.41256273,0.2299899,0.5951355,0.25006044,0.0,0.25006044,0.06251511
13954,0.8355076,0.2259254,1.4450897,0.7482261,0.0,0.7482261,0.18705653
13955,0.5979706,0.20645499,0.9894862,0.48620486,0.0,0.48620486,0.121551216
13956,0.23188607,0.16643359,0.29733858,0.278374,0.0,0.278374,0.0695935
13957,0.30393592,0.13329764,0.47457418,0.5191907,0.0,0.5191907,0.12979768
13958,0.15079339,0.11176256,0.18982422,0.048367947,0.0,0.048367947,0.012091987
13959,0.34234014,0.12541436,0.559266,0.33336914,0.0,0.33336914,0.083342284
13960,0.5189977,0.14521742,0.8927781,0.5544721,0.0,0.5544721,0.13861802
13961,1.2155901,0.16127549,2.2699049,1.5436281,0.0,1.5436281,0.38590702
13962,0.2052182,0.19500595,0.21543042,0.13329695,0.0,0.13329695,0.033324238
13963,0.21751599,0.2125346,0.22249739,0.09488446,0.0,0.09488446,0.023721116
13964,0.2849414,0.19720788,0.37267494,0.056523513,0.0,0.056523513,0.014130878
13965,0.44492614,0.18794984,0.70190245,0.32397678,0.0,0.32397678,0.080994196
13966,0.5494878,0.16208875,0.93688697,0.4838543,0.0,0.4838543,0.12096357
13967,0.17083128,0.16207887,0.17958371,0.118471645,0.0,0.118471645,0.029617911
13968,0.16208696,0.16419636,0.15997757,0.14781173,0.0,0.14781173,0.03695293
13969,0.13779876,0.16415936,0.111438155,0.054334175,0.0,0.054334175,0.013583544
13970,0.27577057,0.15908358,0.3924576,0.113416694,0.0,0.113416694,0.028354174
13971,0.22093697,0.16212878,0.2797452,0.35567054,0.0,0.35567054,0.088917635
13972,0.19982834,0.18189596,0.21776073,0.21186692,0.0,0.21186692,0.05296673
13973,0.17464305,0.20845906,0.14082704,0.12510687,0.0,0.12510687,0.031276718
13974,0.5041539,0.2242121,0.78409576,1.3649939,0.0,1.3649939,0.34124848
13975,0.31040096,0.21156329,0.40923867,0.8390255,0.0,0.8390255,0.20975637
13976,0.4561404,0.19184142,0.7204394,1.1972443,0.0,1.1972443,0.29931107
13977,0.27017906,0.17358167,0.36677647,0.10504492,0.0,0.10504492,0.02626123
13978,0.30156115,0.17027359,0.4328487,0.15315239,0.0,0.15315239,0.038288098
13979,0.4025093,0.15731947,0.6476992,0.24270605,0.0,0.24270605,0.06067651
13980,0.12360714,0.1303233,0.11689097,0.13587381,0.0,0.13587381,0.033968452
13981,0.6001737,0.11211225,1.0882353,0.68957406,0.0,0.68957406,0.17239352
13982,0.9482717,0.098534465,1.7980089,1.300643,0.0,1.300643,0.32516074
13983,0.12528685,0.092413545,0.15816015,0.19166295,0.0,0.19166295,0.047915738
13984,0.2650638,0.09907726,0.4310503,0.57691264,0.0,0.57691264,0.14422816
13985,0.21639335,0.11220566,0.32058105,0.16109782,0.0,0.16109782,0.040274456
13986,0.3613167,0.13544966,0.5871838,0.781158,0.0,0.781158,0.1952895
13987,0.15928628,0.14751409,0.17105848,0.14327247,0.0,0.14327247,0.03581812
13988,0.1704268,0.13211435,0.20873928,0.12040607,0.0,0.12040607,0.030101517
13989,0.29253092,0.10906831,0.47599354,0.20145752,0.0,0.20145752,0.05036438
13990,0.1115666,0.09709547,0.12603775,0.16069196,0.0,0.16069196,0.04017299
13991,0.8880059,0.096989155,1.6790227,1.2563695,0.0,1.2563695,0.31409237
13992,0.18312664,0.102415495,0.26383778,0.38871947,0.0,0.38871947,0.09717987
13993,0.8660619,0.09926554,1.6328583,1.1360706,0.0,1.1360706,0.28401765
13994,0.18729408,0.10000672,0.27458146,0.36349425,0.0,0.36349425,0.09087356
13995,0.1970485,0.10318655,0.29091045,0.12832618,0.0,0.12832618,0.032081544
13996,0.63808715,0.11946384,1.1567105,0.6723946,0.0,0.6723946,0.16809864
13997,0.13864039,0.14454259,0.13273819,0.104120344,0.0,0.104120344,0.026030086
13998,0.15386653,0.16380374,0.14392932,0.22219823,0.0,0.22219823,0.05554956
13999,0.20924056,0.1622854,0.25619572,0.22241049,0.0,0.22241049,0.05560262
14000,0.14953019,0.15519185,0.14386852,0.034624293,0.0,0.034624293,0.008656073
14001,0.21391924,0.14702521,0.2808133,0.08298457,0.0,0.08298457,0.020746142
14002,0.3100741,0.14914022,0.47100797,0.7927291,0.0,0.7927291,0.19818227
14003,0.12673898,0.13902365,0.11445433,0.25215158,0.0,0.25215158,0.063037895
14004,0.28407016,0.121748626,0.4463917,0.22434467,0.0,0.22434467,0.056086168
14005,0.16783874,0.10430643,0.23137105,0.1880186,0.0,0.1880186,0.04700465
14006,0.20113818,0.087318815,0.31495753,0.45374694,0.0,0.45374694,0.113436736
14007,0.3772647,0.082717516,0.6718119,0.867935,0.0,0.867935,0.21698375
14008,0.17981397,0.09027317,0.26935473,0.093662046,0.0,0.093662046,0.023415511
14009,0.22059,0.106627636,0.33455238,0.5551078,0.0,0.5551078,0.13877694
14010,0.13189559,0.12958123,0.13420993,0.21575393,0.0,0.21575393,0.053938482
14011,0.31207845,0.15147437,0.47268248,0.15649918,0.0,0.15649918,0.039124794
14012,0.8564453,0.14849411,1.5643965,0.8540967,0.0,0.8540967,0.21352418
14013,0.57014364,0.13431485,1.0059724,0.49743262,0.0,0.49743262,0.124358155
14014,0.12680788,0.114896566,0.13871919,0.07159013,0.0,0.07159013,0.017897533
14015,0.71070224,0.112494774,1.3089098,0.7579169,0.0,0.7579169,0.18947923
14016,0.19494994,0.12385046,0.2660494,0.050882135,0.0,0.050882135,0.012720534
14017,0.88510805,0.12122568,1.6489905,1.0175874,0.0,1.0175874,0.25439686
14018,0.45404634,0.11401404,0.7940786,0.41137424,0.0,0.41137424,0.10284356
14019,0.28743312,0.114946455,0.4599198,0.17294772,0.0,0.17294772,0.04323693
14020,0.16531137,0.13351525,0.19710748,0.31234625,0.0,0.31234625,0.07808656
14021,0.61024743,0.16873877,1.0517561,0.48401847,0.0,0.48401847,0.12100462
14022,0.22284019,0.2075047,0.23817568,0.08959987,0.0,0.08959987,0.022399968
14023,0.78140527,0.2169249,1.3458856,0.5510334,0.0,0.5510334,0.13775834
14024,0.3784987,0.20690675,0.55009073,0.13052063,0.0,0.13052063,0.032630157
14025,0.28784224,0.20072787,0.37495664,0.054754913,0.0,0.054754913,0.013688728
14026,0.1786043,0.20009398,0.15711462,0.11552047,0.0,0.11552047,0.028880117
14027,0.2398277,0.17553993,0.3041155,0.0488124,0.0,0.0488124,0.0122031
14028,0.54475933,0.13968152,0.94983715,0.45380428,0.0,0.45380428,0.11345107
14029,0.22433646,0.119582094,0.32909083,0.5233941,0.0,0.5233941,0.13084853
14030,0.22259568,0.10414105,0.3410503,0.12462748,0.0,0.12462748,0.03115687
14031,0.1864208,0.10775787,0.26508373,0.3105385,0.0,0.3105385,0.077634625
14032,0.1740839,0.12570873,0.2224591,0.20912199,0.0,0.20912199,0.052280497
14033,1.1331651,0.14923115,2.117099,1.4008316,0.0,1.4008316,0.3502079
14034,0.29618338,0.17079294,0.4215738,0.5615635,0.0,0.5615635,0.14039087
14035,1.1545657,0.17790489,2.1312263,1.341101,0.0,1.341101,0.33527526
14036,0.4190617,0.15942477,0.6786986,0.37270495,0.0,0.37270495,0.09317624
14037,0.48846722,0.14002419,0.83691025,1.0539323,0.0,1.0539323,0.26348308
14038,0.3327658,0.13903522,0.52649635,0.62968516,0.0,0.62968516,0.15742129
14039,0.23215954,0.14423813,0.32008094,0.08769822,0.0,0.08769822,0.021924555
14040,0.15060985,0.15424475,0.14697494,0.034975648,0.0,0.034975648,0.008743912
14041,0.19035554,0.15727358,0.2234375,0.026671797,0.0,0.026671797,0.0066679493
14042,0.14242207,0.152887,0.1319571,0.12318927,0.0,0.12318927,0.030797318
14043,0.278901,0.15097906,0.406823,0.12282023,0.0,0.12282023,0.030705057
14044,0.9293733,0.16048068,1.698266,1.1433724,0.0,1.1433724,0.2858431
14045,0.34047142,0.18450373,0.4964391,0.14539509,0.0,0.14539509,0.03634877
14046,0.61472493,0.20192353,1.0275263,0.529392,0.0,0.529392,0.132348
14047,0.54584545,0.21960048,0.87209034,0.42364112,0.0,0.42364112,0.10591028
14048,0.25763232,0.22311175,0.29215288,0.028094063,0.0,0.028094063,0.0070235156
14049,0.36351013,0.22177874,0.5052415,0.13158308,0.0,0.13158308,0.03289577
14050,0.22777082,0.22360913,0.23193252,0.13949186,0.0,0.13949186,0.034872964
14051,0.3402172,0.22259921,0.45783517,0.54518414,0.0,0.54518414,0.13629603
14052,0.21444397,0.21560873,0.21327917,0.027001107,0.0,0.027001107,0.006750277
14053,0.27014923,0.21500497,0.32529348,0.040752936,0.0,0.040752936,0.010188234
14054,0.2663271,0.2325208,0.30013344,0.020483267,0.0,0.020483267,0.0051208166
14055,0.22055763,0.24028473,0.20083053,0.08001519,0.0,0.08001519,0.020003797
14056,0.48117283,0.23947358,0.7228721,0.41144142,0.0,0.41144142,0.102860354
14057,0.4283732,0.23466659,0.6220798,0.37583628,0.0,0.37583628,0.09395907
14058,0.36513504,0.23121758,0.49905252,0.2949318,0.0,0.2949318,0.07373295
14059,0.3398389,0.22987668,0.44980118,0.16759743,0.0,0.16759743,0.041899357
14060,0.23485403,0.20686036,0.26284766,0.1842326,0.0,0.1842326,0.04605815
14061,0.56518143,0.19103022,0.93933266,0.5766421,0.0,0.5766421,0.14416052
14062,0.24437463,0.18417948,0.30456978,0.08895437,0.0,0.08895437,0.022238592
14063,0.21212935,0.17960028,0.24465843,0.050390106,0.0,0.050390106,0.012597526
14064,0.42475012,0.17144173,0.67805856,0.29247493,0.0,0.29247493,0.07311873
14065,0.22734909,0.16824637,0.2864518,0.16705494,0.0,0.16705494,0.041763734
14066,0.17122121,0.17164701,0.17079543,0.03619309,0.0,0.03619309,0.009048273
14067,0.28436688,0.17673685,0.39199695,0.12670593,0.0,0.12670593,0.031676482
14068,0.18888788,0.18062884,0.19714689,0.035006035,0.0,0.035006035,0.008751509
14069,0.20154046,0.18408327,0.21899764,0.12482058,0.0,0.12482058,0.031205146
14070,0.8061599,0.18456157,1.4277582,1.2792016,0.0,1.2792016,0.3198004
14071,0.8005647,0.18435298,1.4167763,1.0485048,0.0,1.0485048,0.2621262
14072,0.21449871,0.18242712,0.2465703,0.11102491,0.0,0.11102491,0.027756227
14073,0.28976038,0.18344302,0.39607775,0.4358835,0.0,0.4358835,0.10897087
14074,0.20043062,0.17481726,0.22604395,0.14304203,0.0,0.14304203,0.035760507
14075,0.2322797,0.16759028,0.2969691,0.097215295,0.0,0.097215295,0.024303824
14076,0.2277887,0.16208486,0.29349256,0.19862545,0.0,0.19862545,0.04965636
14077,0.45666602,0.15598907,0.757343,0.35509107,0.0,0.35509107,0.08877277
14078,0.66045564,0.1523581,1.1685532,0.7996633,0.0,0.7996633,0.19991583
14079,0.22762294,0.14988925,0.30535665,0.11549098,0.0,0.11549098,0.028872745
14080,0.21609394,0.15070982,0.28147805,0.32138917,0.0,0.32138917,0.08034729
14081,0.1985215,0.15143171,0.2456113,0.05982104,0.0,0.05982104,0.01495526
14082,0.593353,0.15087539,1.0358305,0.96518594,0.0,0.96518594,0.24129649
14083,1.0770365,0.1529132,2.0011597,1.8911306,0.0,1.8911306,0.47278264
14084,0.5347392,0.1512243,0.9182541,0.63919705,0.0,0.63919705,0.15979926
14085,0.4502518,0.1505555,0.749948,0.4850918,0.0,0.4850918,0.12127295
14086,0.20141357,0.14800768,0.25481948,0.14147474,0.0,0.14147474,0.035368685
14087,0.29779467,0.1463043,0.44928503,0.5400649,0.0,0.5400649,0.13501622
14088,1.015705,0.14286613,1.888544,1.5452362,0.0,1.5452362,0.38630906
14089,0.3617306,0.1416004,0.58186084,0.35165033,0.0,0.35165033,0.08791258
14090,0.20838726,0.14239626,0.27437824,0.10308551,0.0,0.10308551,0.025771378
14091,0.69346166,0.14539693,1.2415265,0.8539335,0.0,0.8539335,0.21348338
14092,0.7666064,0.14798449,1.3852283,1.3554277,0.0,1.3554277,0.33885694
14093,0.394941,0.14941764,0.64046437,0.52157664,0.0,0.52157664,0.13039416
14094,0.7735109,0.15358214,1.3934397,1.4144522,0.0,1.4144522,0.35361305
14095,0.21953447,0.15753306,0.28153586,0.1507641,0.0,0.1507641,0.037691023
14096,0.40264824,0.15530847,0.64998806,0.45642743,0.0,0.45642743,0.11410686
14097,0.9242564,0.14857917,1.6999336,1.5023462,0.0,1.5023462,0.37558654
14098,0.54970217,0.13967144,0.95973283,1.0343302,0.0,1.0343302,0.25858256
14099,0.12901525,0.13260005,0.12543045,0.047968213,0.0,0.047968213,0.011992053
14100,0.2505032,0.12856434,0.3724421,0.1296246,0.0,0.1296246,0.03240615
14101,0.13028656,0.1252927,0.13528042,0.09739264,0.0,0.09739264,0.02434816
14102,0.12675716,0.12850744,0.1250069,0.078282796,0.0,0.078282796,0.019570699
14103,0.26963377,0.13111137,0.40815616,0.273325,0.0,0.273325,0.06833125
14104,0.30673644,0.13589169,0.47758117,0.319728,0.0,0.319728,0.079932
14105,0.7188892,0.13808978,1.2996886,1.303292,0.0,1.303292,0.325823
14106,0.2286858,0.13702887,0.32034272,0.13926482,0.0,0.13926482,0.034816206
14107,1.0947837,0.13547641,2.0540907,1.8244104,0.0,1.8244104,0.4561026
14108,0.40298548,0.13308387,0.67288715,0.39214388,0.0,0.39214388,0.09803597
14109,0.29554972,0.1308858,0.46021366,0.49560738,0.0,0.49560738,0.123901844
14110,0.21831365,0.12931065,0.30731666,0.2584115,0.0,0.2584115,0.064602874
14111,0.63221544,0.1290412,1.1353897,1.092095,0.0,1.092095,0.27302375
14112,0.19601418,0.13176787,0.2602605,0.05757488,0.0,0.05757488,0.01439372
14113,0.32463294,0.13432072,0.51494515,0.41194078,0.0,0.41194078,0.102985196
14114,0.38887,0.13590957,0.64183044,0.4217644,0.0,0.4217644,0.1054411
14115,0.5334423,0.13312185,0.93376285,0.8164937,0.0,0.8164937,0.20412342
14116,0.8687698,0.12810801,1.6094316,1.4968386,0.0,1.4968386,0.37420964
14117,0.36776605,0.12501292,0.6105192,0.33742428,0.0,0.33742428,0.08435607
14118,0.33682492,0.12526149,0.5483884,0.7363866,0.0,0.7363866,0.18409665
14119,0.55446595,0.11998826,0.9889436,0.6118917,0.0,0.6118917,0.15297292
14120,0.12540206,0.11538961,0.13541453,0.055940136,0.0,0.055940136,0.013985034
14121,0.37082925,0.10971498,0.6319435,0.57529324,0.0,0.57529324,0.14382331
14122,0.14673759,0.109017015,0.18445815,0.06879839,0.0,0.06879839,0.017199598
14123,0.4416208,0.110779665,0.7724619,0.86217755,0.0,0.86217755,0.21554439
14124,0.5854789,0.11641031,1.0545474,1.2528957,0.0,1.2528957,0.31322393
14125,0.14915252,0.13012241,0.16818261,0.23398243,0.0,0.23398243,0.058495607
14126,0.4163599,0.13962373,0.6930961,0.81377894,0.0,0.81377894,0.20344473
14127,0.20002878,0.16737343,0.23268409,0.4157394,0.0,0.4157394,0.10393485
14128,0.19735937,0.19239366,0.20232506,0.38137016,0.0,0.38137016,0.09534254
14129,0.21885969,0.20568907,0.23203032,0.45073166,0.0,0.45073166,0.112682916
14130,0.27906644,0.25087968,0.3072532,0.12023535,0.0,0.12023535,0.030058838
14131,1.2277521,0.28779557,2.1677086,0.9816702,0.0,0.9816702,0.24541755
14132,0.50146145,0.3347635,0.6681593,0.11965701,0.0,0.11965701,0.029914252
14133,0.6719405,0.34133887,1.0025421,0.25755325,0.0,0.25755325,0.06438831
14134,0.84104323,0.3233295,1.358757,0.40015817,0.0,0.40015817,0.10003954
14135,0.274668,0.3038493,0.24548674,0.8477692,0.0,0.8477692,0.2119423
14136,0.30839702,0.30399993,0.31279406,0.20547485,0.0,0.20547485,0.051368713
14137,0.30456364,0.293473,0.3156543,0.10565803,0.0,0.10565803,0.026414508
14138,0.4533824,0.2722939,0.63447094,0.119917385,0.0,0.119917385,0.029979346
14139,0.36652294,0.2587651,0.4742808,0.07715098,0.0,0.07715098,0.019287745
14140,0.21795784,0.26196998,0.17394568,0.11481463,0.0,0.11481463,0.028703658
14141,1.4341406,0.257143,2.611138,1.378992,0.0,1.378992,0.344748
14142,0.17434682,0.24684657,0.101847075,0.13111232,0.0,0.13111232,0.03277808
14143,0.387426,0.21207464,0.56277734,0.11812961,0.0,0.11812961,0.029532403
14144,0.21108116,0.17644419,0.24571814,0.37787294,0.0,0.37787294,0.094468236
14145,0.23847683,0.14583875,0.33111492,0.5321219,0.0,0.5321219,0.13303047
14146,0.383212,0.15923406,0.60718995,0.23094887,0.0,0.23094887,0.057737216
14147,0.433924,0.18278207,0.6850659,0.2411353,0.0,0.2411353,0.060283825
14148,1.2574955,0.20142926,2.313562,1.2708329,0.0,1.2708329,0.31770822
14149,0.22596054,0.19930808,0.252613,0.35218108,0.0,0.35218108,0.08804527
14150,0.12481204,0.17462403,0.07500005,0.08284823,0.0,0.08284823,0.020712057
14151,0.3033636,0.2003696,0.40635756,0.83132523,0.0,0.83132523,0.20783131
14152,0.1910942,0.20233239,0.17985602,0.17932247,0.0,0.17932247,0.044830617
14153,0.22430997,0.21105635,0.23756357,0.33166298,0.0,0.33166298,0.082915746
14154,0.29927802,0.2567056,0.34185043,0.048693936,0.0,0.048693936,0.012173484
14155,0.29801527,0.317875,0.27815557,0.1250884,0.0,0.1250884,0.0312721
14156,0.37671766,0.38544774,0.36798754,1.0289294,0.0,1.0289294,0.25723234
14157,0.56245214,0.40998408,0.7149202,0.08892163,0.0,0.08892163,0.022230407
14158,0.53788644,0.42283404,0.6529389,0.07145741,0.0,0.07145741,0.017864352
14159,0.3019131,0.42942318,0.17440307,0.3534973,0.0,0.3534973,0.088374324
14160,0.7033029,0.42603174,0.98057413,0.16947563,0.0,0.16947563,0.042368907
14161,1.4572204,0.3447264,2.5697143,1.0890158,0.0,1.0890158,0.27225396
14162,0.2852215,0.29320517,0.2772378,0.025306834,0.0,0.025306834,0.0063267085
14163,0.77214783,0.29371315,1.2505826,0.47892419,0.0,0.47892419,0.119731046
14164,0.39783177,0.31938276,0.47628078,0.042716343,0.0,0.042716343,0.010679086
14165,0.3162571,0.39415088,0.23836327,0.21451826,0.0,0.21451826,0.053629566
14166,0.38169828,0.50165975,0.26173687,0.1861548,0.0,0.1861548,0.0465387
14167,0.4219919,0.51968056,0.3243033,0.2758886,0.0,0.2758886,0.06897215
14168,0.41994095,0.4592831,0.38059875,0.05333646,0.0,0.05333646,0.013334115
14169,0.90705657,0.36164775,1.4524654,0.5564063,0.0,0.5564063,0.13910158
14170,0.5070084,0.34900856,0.6650082,0.11269075,0.0,0.11269075,0.028172687
14171,0.3987613,0.32964596,0.46787667,0.06216495,0.0,0.06216495,0.015541238
14172,0.20677741,0.25058308,0.16297174,0.20617308,0.0,0.20617308,0.05154327
14173,0.443972,0.16693656,0.7210074,1.1485797,0.0,1.1485797,0.28714493
14174,0.12489667,0.11221522,0.1375781,0.09903816,0.0,0.09903816,0.02475954
14175,0.10815882,0.09632441,0.11999323,0.03023856,0.0,0.03023856,0.00755964
14176,0.097231425,0.09204783,0.102415025,0.038551766,0.0,0.038551766,0.009637942
14177,0.16645302,0.11399013,0.2189159,0.08362779,0.0,0.08362779,0.020906948
14178,0.9859051,0.1377311,1.8340791,1.0971181,0.0,1.0971181,0.27427953
14179,0.18638724,0.13622467,0.23654981,0.20538683,0.0,0.20538683,0.051346708
14180,0.5917811,0.09752632,1.0860358,1.4247789,0.0,1.4247789,0.35619473
14181,0.6538934,0.0696685,1.2381183,0.93156797,0.0,0.93156797,0.23289199
14182,0.26526996,0.060829427,0.4697105,0.5090541,0.0,0.5090541,0.12726353
14183,0.110978484,0.062371124,0.15958585,0.10685494,0.0,0.10685494,0.026713734
14184,0.7562554,0.07061415,1.4418966,1.1456861,0.0,1.1456861,0.28642154
14185,0.13348387,0.08159245,0.18537529,0.09329206,0.0,0.09329206,0.023323014
14186,0.17091648,0.09598279,0.24585015,0.10503466,0.0,0.10503466,0.026258664
14187,0.11947956,0.10883233,0.13012677,0.27773872,0.0,0.27773872,0.06943468
14188,0.118133835,0.1119776,0.12429007,0.032484237,0.0,0.032484237,0.008121059
14189,0.36021355,0.10581238,0.6146147,0.9011545,0.0,0.9011545,0.22528863
14190,0.2549447,0.09019818,0.4196913,0.1686225,0.0,0.1686225,0.042155623
14191,0.47650442,0.071377784,0.8816311,1.1316937,0.0,1.1316937,0.28292343
14192,0.1784937,0.060045738,0.29694164,0.40887913,0.0,0.40887913,0.10221978
14193,0.1447231,0.06540041,0.22404581,0.30341387,0.0,0.30341387,0.07585347
14194,0.4261876,0.074613,0.7777622,0.4861065,0.0,0.4861065,0.12152662
14195,0.22568524,0.07238143,0.37898907,0.5465615,0.0,0.5465615,0.13664037
14196,0.115273215,0.06444054,0.16610591,0.08032546,0.0,0.08032546,0.020081365
14197,0.31988335,0.056709517,0.58305717,0.38515654,0.0,0.38515654,0.096289136
14198,0.3429123,0.056037873,0.6297867,0.47050035,0.0,0.47050035,0.11762509
14199,0.18033142,0.05806762,0.30259523,0.22001898,0.0,0.22001898,0.055004746
14200,1.1049356,0.065809764,2.1440616,1.8003927,0.0,1.8003927,0.4500982
14201,0.6644479,0.08161635,1.2472795,0.86432916,0.0,0.86432916,0.21608229
14202,0.08229029,0.1090528,0.055527788,0.17052819,0.0,0.17052819,0.042632047
14203,0.31516585,0.13453056,0.49580112,0.20687632,0.0,0.20687632,0.05171908
14204,0.6673904,0.13645785,1.1983229,0.60809916,0.0,0.60809916,0.15202479
14205,0.13691519,0.12382821,0.15000218,0.032894872,0.0,0.032894872,0.008223718
14206,0.5687251,0.11606127,1.0213889,0.5131149,0.0,0.5131149,0.12827873
14207,0.60167974,0.112589024,1.0907705,0.61760765,0.0,0.61760765,0.15440191
14208,0.10431578,0.114411436,0.094220124,0.2046837,0.0,0.2046837,0.051170927
