base_start,pair_mse,none_mse,event_mse,separation_mse,predicted_separation_energy,true_separation_energy,ambiguity_floor
45984,0.14117736,0.013964803,0.2683899,0.19241452,0.0,0.19241452,0.04810363
45986,0.26300913,0.013205886,0.5128124,0.54131037,0.0,0.54131037,0.13532759
45989,0.057306945,0.011394366,0.10321953,0.1166865,0.0,0.1166865,0.029171625
45992,0.16566204,0.011269387,0.32005468,0.3400258,0.0,0.3400258,0.08500645
45995,0.037010767,0.014294873,0.05972666,0.047351617,0.016684135,0.09349385,0.023373462
45998,0.08632072,0.010304085,0.16233735,0.15480073,0.0,0.15480073,0.038700182
46001,0.26468396,0.009823952,0.51954395,0.504451,0.0,0.504451,0.12611274
46003,0.058785956,0.009539528,0.10803238,0.116893746,0.0,0.116893746,0.029223436
46006,0.039020505,0.010301683,0.06773933,0.04162586,0.6257915,0.7222734,0.18056835
46009,0.029258898,0.01033908,0.048178714,0.06737127,0.065738924,0.0706422,0.01766055
46012,0.08437101,0.01147069,0.15727133,0.1839685,0.0,0.1839685,0.045992125
46015,0.026719695,0.013282433,0.040156957,0.036083486,0.021005312,0.0578109,0.014452725
46018,0.036003314,0.016086182,0.05592045,0.041087043,0.01811711,0.08999332,0.02249833
46021,0.051181603,0.019274628,0.08308858,0.070076585,1.278701,1.2281537,0.30703843
46023,0.040787924,0.02151888,0.060056966,0.025274118,0.3154293,0.2872922,0.07182305
46026,0.0993225,0.025829412,0.17281558,0.11869323,0.9328292,0.87888926,0.21972232
46029,0.025690032,0.02625773,0.025122335,0.031576004,0.13021773,0.24820732,0.06205183
46032,0.18127413,0.025930732,0.33661756,0.19484067,0.0,0.19484067,0.048710167
46035,0.07931195,0.024253696,0.13437021,0.104940295,0.0,0.104940295,0.026235074
46038,0.053988617,0.041829307,0.06614792,0.033285607,0.022134742,0.06920546,0.017301366
46041,0.6047698,0.033700254,1.1758394,0.8506171,0.0,0.8506171,0.21265428
46043,0.035240527,0.03508262,0.035398435,0.035140183,0.9384489,0.8012255,0.20030637
46046,0.022831595,0.033459514,0.012203671,0.012070444,0.19098407,0.27682307,0.06920577
46049,0.14812182,0.025275657,0.27096796,0.3838284,0.0,0.3838284,0.0959571
46052,0.047174137,0.036636602,0.057711672,0.014863275,0.22511744,0.19944192,0.04986048
46055,0.05576611,0.040055204,0.07147702,0.019256648,0.046690464,0.07124241,0.017810602
46058,0.05016922,0.038836714,0.06150173,0.0065236227,0.44581175,0.45278135,0.11319534
46061,0.47758916,0.039270252,0.9159081,0.73621255,0.0,0.73621255,0.18405314
46063,0.1208177,0.036939293,0.2046961,0.17994761,0.0,0.17994761,0.044986904
46066,0.03902078,0.043309033,0.03473253,0.010799547,0.16256775,0.23241436,0.05810359
46069,0.23718101,0.04262856,0.43173346,0.4983243,0.0,0.4983243,0.124581076
46072,0.06655435,0.04743275,0.085675955,0.036086936,0.029306015,0.050659675,0.012664919
46075,0.10815105,0.028074635,0.18822746,0.09428529,0.0,0.09428529,0.023571322
46078,0.09217107,0.023189873,0.16115226,0.17152579,0.0,0.17152579,0.042881448
46081,0.10330228,0.023036124,0.18356843,0.11955438,1.9378815,1.8695621,0.46739054
46083,0.05306564,0.01962106,0.08651021,0.05887602,0.04595725,0.1440083,0.036002073
46086,0.030446388,0.017874056,0.043018717,0.021924965,0.017034372,0.03100337,0.0077508427
46089,0.29923448,0.013927769,0.58454114,0.49587464,0.0,0.49587464,0.12396866
46092,0.32519814,0.013507049,0.6368893,0.5218383,0.0,0.5218383,0.13045958
46095,0.03992697,0.013290768,0.06656317,0.03798536,0.7453239,0.8249549,0.20623873
46098,0.13268591,0.0103467265,0.2550251,0.32032546,0.0,0.32032546,0.080081366
46101,0.0144765675,0.009915174,0.01903796,0.01796501,0.013786833,0.01985708,0.00496427
46103,0.4178572,0.0107525,0.8249619,0.94300026,0.0,0.94300026,0.23575006
46106,0.025426703,0.016966745,0.03388666,0.010830868,0.41024104,0.45636472,0.11409118
46109,0.04720685,0.023339555,0.07107415,0.016358515,0.24304704,0.36097655,0.09024414
46112,0.066873424,0.021151135,0.112595715,0.15520799,0.0,0.15520799,0.038801998
46115,0.16892006,0.030782068,0.30705807,0.18146263,0.0,0.18146263,0.045365658
46118,0.054211706,0.018184755,0.09023866,0.06450801,0.02849245,0.122172505,0.030543126
46121,0.030108476,0.010461357,0.049755592,0.029925605,0.03319152,0.068074815,0.017018704
46123,0.04430746,0.013339773,0.07527515,0.059115794,1.0412756,1.2291945,0.30729863
46126,0.21726148,0.017511984,0.41701093,0.51797104,0.0,0.51797104,0.12949276
46129,0.0796976,0.020798529,0.13859667,0.21153565,0.0,0.21153565,0.052883912
46132,0.3463041,0.020427013,0.6721812,0.79854035,0.0,0.79854035,0.19963509
46135,0.24522047,0.012465317,0.4779756,0.38176584,0.0,0.38176584,0.09544146
46138,0.044202324,0.016714828,0.071689814,0.049851295,0.031255245,0.093366206,0.023341551
46141,0.17823088,0.019459842,0.33700192,0.4592274,0.0,0.4592274,0.11480685
46143,0.31758794,0.02189965,0.61327624,0.48533884,0.0,0.48533884,0.12133471
46146,0.108713925,0.02156019,0.19586766,0.31898376,0.0,0.31898376,0.07974594
46149,0.031420294,0.023473239,0.03936735,0.032068815,0.0,0.032068815,0.008017204
46152,0.04037113,0.021777863,0.058964398,0.014912973,0.29644385,0.25059825,0.06264956
46155,0.28370553,0.028572211,0.53883886,0.746116,0.0,0.746116,0.186529
46158,0.040078133,0.025696384,0.05445988,0.024212351,0.55444425,0.54800886,0.13700221
46161,0.03681496,0.033532534,0.04009739,0.046788234,0.0,0.046788234,0.011697059
46163,0.042342324,0.038336143,0.046348512,0.03561613,0.0,0.03561613,0.008904032
46166,0.6958549,0.042540144,1.3491697,1.7499866,0.0,1.7499866,0.43749666
46169,0.27203456,0.03668624,0.5073829,0.32869017,0.0,0.32869017,0.08217254
46172,0.039224032,0.02751866,0.05092941,0.07055056,0.0,0.07055056,0.01763764
46175,0.0766162,0.028191239,0.12504116,0.20099086,0.0,0.20099086,0.050247714
46178,0.03676846,0.019650191,0.053886726,0.04530153,1.4456798,1.4862756,0.3715689
46181,0.0460085,0.018712126,0.07330488,0.024788355,0.28157243,0.45226562,0.113066405
46183,0.031243734,0.019382918,0.043104548,0.030488605,0.9483814,0.9678402,0.24196005
46186,0.050440907,0.021501591,0.07938023,0.028479507,0.025981108,0.022363191,0.005590798
46189,0.051896434,0.03579093,0.06800193,0.009657873,0.15876852,0.23398276,0.05849569
46192,0.09306839,0.031251848,0.15488493,0.18922444,0.0,0.18922444,0.04730611
46195,0.5548673,0.023801545,1.0859331,1.320275,0.0,1.320275,0.33006874
46198,0.047078285,0.01145655,0.08270002,0.081575766,1.0724956,1.0274005,0.25685012
46201,0.2656422,0.007989861,0.5232945,0.47594783,0.0,0.47594783,0.11898696
46203,0.87699986,0.0075832545,1.7464164,1.8317022,0.0,1.8317022,0.45792556
46206,0.24300778,0.011535112,0.47448042,0.5220346,0.0,0.5220346,0.13050865
46209,0.031139389,0.0089377565,0.05334102,0.022276564,0.3054303,0.31056163,0.07764041
46212,0.11466885,0.011663604,0.21767412,0.19963568,0.0,0.19963568,0.04990892
46215,0.06639836,0.011108612,0.12168812,0.1359166,1.0388443,1.0954974,0.27387434
46218,0.051097464,0.014775489,0.08741943,0.05405225,1.053317,1.0721749,0.26804373
46221,0.034379832,0.01871249,0.050047174,0.04717273,0.9655555,1.0320073,0.25800183
46223,0.11893284,0.022364685,0.215501,0.3004745,0.0,0.3004745,0.07511862
46226,0.03429075,0.017672023,0.05090948,0.033300754,0.9665351,0.8502161,0.21255402
46229,0.027232843,0.018432675,0.03603301,0.016608845,0.012499412,0.02298209,0.0057455227
46232,0.034043085,0.025836706,0.04224946,0.024969378,0.02604123,0.052995473,0.013248868
46235,0.022157962,0.023334393,0.02098153,0.0028927575,0.24334542,0.27323818,0.068309546
46238,0.033788335,0.02180853,0.04576814,0.037249018,0.9692583,0.8574219,0.21435547
46241,0.03664631,0.02465716,0.048635464,0.048654612,0.91803455,0.90547204,0.22636801
46243,0.03211018,0.025494248,0.03872611,0.015383028,0.10653756,0.18305306,0.045763265
46246,0.17513566,0.0273464,0.3229249,0.2010771,0.0,0.2010771,0.050269276
46249,0.13217123,0.029076451,0.23526601,0.206225,0.0,0.206225,0.05155625
46252,0.023194065,0.025012987,0.02137514,0.006257301,0.2921667,0.30000615,0.07500154
46255,0.0683633,0.02527818,0.11144843,0.04436064,0.75103015,0.63476044,0.15869011
46258,0.22828734,0.03885695,0.41771773,0.21648683,0.0,0.21648683,0.054121707
46261,0.054709792,0.025909638,0.083509944,0.059930712,1.0450091,1.162341,0.29058525
46263,0.445129,0.030987302,0.85927075,0.57877773,0.0,0.57877773,0.14469443
46266,0.056531917,0.036188945,0.07687489,0.1546517,0.0,0.1546517,0.038662925
46269,0.055058885,0.027924165,0.082193606,0.0466871,0.0395792,0.10297036,0.02574259
46272,0.6966636,0.030397842,1.3629293,1.0287739,0.0,1.0287739,0.25719348
46275,0.09286008,0.028832348,0.15688781,0.24179317,0.0,0.24179317,0.060448293
46278,0.05993934,0.021444378,0.0984343,0.033052076,0.12825304,0.26570812,0.06642703
46281,0.19990249,0.019285684,0.3805193,0.263887,0.0,0.263887,0.06597175
46283,0.039977264,0.008213348,0.071741186,0.056517635,1.5573219,1.7787943,0.44469857
46286,0.023227492,0.003714843,0.04274014,0.03313948,0.014474641,0.066264145,0.016566036
46289,0.13927025,0.004953697,0.27358678,0.29669148,0.0,0.29669148,0.07417287
46292,0.031466424,0.005078166,0.057854682,0.047716454,0.6784187,0.7619817,0.19049543
46295,0.15476826,0.00647877,0.30305776,0.29173067,0.0,0.29173067,0.07293267
46298,0.19560385,0.009312832,0.38189486,0.36393106,0.0,0.36393106,0.090982765
46301,0.03189218,0.005699458,0.058084905,0.054305006,0.033382416,0.11161526,0.027903816
46303,0.07516485,0.007568536,0.14276116,0.10842898,0.0,0.10842898,0.027107244
46306,0.024495214,0.0072863027,0.041704122,0.041161727,0.0,0.041161727,0.010290432
46309,0.026726939,0.009140671,0.044313207,0.042750645,0.72846824,0.765038,0.1912595
46312,0.051851783,0.00957347,0.0941301,0.073445566,0.09047539,0.08629957,0.021574892
46315,0.20980074,0.0113117285,0.40828976,0.52208966,0.0,0.52208966,0.13052242
46318,0.036560427,0.010951658,0.062169194,0.033993334,0.08174765,0.13246311,0.033115778
46321,0.016446598,0.015938206,0.01695499,0.002482298,0.119275175,0.117002405,0.029250601
46323,0.026836514,0.022212615,0.031460416,0.0046461876,0.18981326,0.19577213,0.04894303
46326,0.064852305,0.030817471,0.09888714,0.04673956,0.0,0.04673956,0.01168489
46329,0.2031035,0.029836414,0.37637058,0.53572756,0.0,0.53572756,0.13393189
46332,0.02548468,0.029169971,0.021799386,0.003602558,0.47811007,0.52534044,0.13133511
46335,0.16947164,0.017414415,0.32152885,0.22340357,0.0,0.22340357,0.055850893
46338,0.3083689,0.015989361,0.6007485,0.69312304,0.0,0.69312304,0.17328076
46341,0.016380154,0.018257154,0.014503154,0.0064176,0.17210574,0.22252046,0.055630114
46343,0.15765603,0.01732356,0.2979885,0.35615078,0.0,0.35615078,0.089037694
46346,0.023712313,0.01973218,0.027692445,0.021353358,0.036568087,0.03382972,0.00845743
46349,0.051208023,0.021411555,0.08100449,0.04993166,0.08763107,0.1709702,0.04274255
46352,0.06161648,0.025306739,0.09792622,0.04353119,0.5932578,0.62813115,0.15703279
46355,0.31887898,0.02388338,0.6138746,0.50383025,0.0,0.50383025,0.12595756
46358,0.061804518,0.024453988,0.099155046,0.14127485,0.0,0.14127485,0.035318714
46361,0.39103162,0.018981343,0.76308185,0.73054457,0.0,0.73054457,0.18263614
46363,0.024496725,0.01812364,0.030869812,0.022874897,0.0,0.022874897,0.0057187243
46366,0.016959496,0.016765766,0.017153226,0.0030360557,0.12505892,0.12576048,0.03144012
46369,0.043421272,0.01426768,0.07257487,0.05146436,0.8040765,0.8270245,0.20675613
46372,0.05135484,0.013238139,0.08947154,0.057927717,0.0,0.057927717,0.014481929
46375,0.0249464,0.014980559,0.034912243,0.023089536,0.059467833,0.08995372,0.02248843
46378,0.27661273,0.011705079,0.54152036,0.5173458,0.0,0.5173458,0.12933645
46381,0.08452525,0.0119595835,0.1570909,0.138362,0.0,0.138362,0.0345905
46383,0.041866705,0.01006984,0.07366357,0.055220384,0.13373947,0.22694199,0.056735497
46386,0.047968652,0.009654456,0.08628285,0.1089409,0.0,0.1089409,0.027235225
46389,0.2102934,0.00922238,0.4113644,0.40958247,0.0,0.40958247,0.10239562
46392,0.10432267,0.008711822,0.19993353,0.2064141,0.0,0.2064141,0.051603526
46395,0.22183199,0.010410477,0.43325353,0.3505944,0.0,0.3505944,0.0876486
46398,0.056676578,0.01829447,0.09505868,0.07330631,1.2521896,1.3803371,0.34508428
46401,0.04455777,0.019797087,0.06931845,0.13557222,0.0,0.13557222,0.033893056
46403,0.024491256,0.021914909,0.027067604,0.009144451,0.22191113,0.25964352,0.06491088
46406,0.5092826,0.02279666,0.99576855,1.1584753,0.0,1.1584753,0.28961882
46409,0.13207717,0.032175798,0.23197854,0.1612615,0.0,0.1612615,0.040315375
46412,0.19932206,0.03642169,0.36222243,0.20669049,0.0,0.20669049,0.051672623
46415,0.06575986,0.04235205,0.08916766,0.034244817,0.02691702,0.06995946,0.017489865
46418,0.06456494,0.05690821,0.072221674,0.018577494,0.1935154,0.17865382,0.044663455
46421,0.082665004,0.07574341,0.08958661,0.07015691,1.3827866,1.227223,0.30680576
46423,0.2544283,0.07904984,0.42980674,0.15466036,0.0,0.15466036,0.03866509
46426,0.075314365,0.09105635,0.059572387,0.006404888,0.1773984,0.23378368,0.05844592
46429,0.09021864,0.06345725,0.116980046,0.030858293,0.0246903,0.01848583,0.0046214573
46432,0.0879127,0.041570436,0.13425498,0.058572188,0.0,0.058572188,0.014643047
46435,0.092493206,0.070547946,0.114438474,0.034561034,0.47899222,0.5107514,0.12768786
46438,0.044891372,0.058303464,0.031479277,0.0101793865,0.4192774,0.49416518,0.123541296
46441,0.14575623,0.049312353,0.24220012,0.4316493,0.0,0.4316493,0.107912324
46443,0.06771839,0.053423006,0.08201376,0.11668342,0.0,0.11668342,0.029170856
46446,0.5375975,0.045217875,1.029977,0.6934104,0.0,0.6934104,0.1733526
46449,0.3670278,0.041796356,0.69225925,0.97785664,0.0,0.97785664,0.24446416
46452,0.06029658,0.056975972,0.06361719,0.0038548838,0.21687889,0.21855283,0.054638207
46455,0.05861022,0.028542178,0.08867826,0.12505619,0.0,0.12505619,0.031264048
46458,0.058107924,0.031011716,0.085204124,0.050928175,0.83299035,0.89754725,0.22438681
46461,0.399653,0.04057382,0.75873214,0.49288425,0.0,0.49288425,0.12322106
46463,0.82753634,0.04213068,1.6129421,1.1794182,0.0,1.1794182,0.29485455
46466,0.059573114,0.047926795,0.07121944,0.024802303,0.022863904,0.054140553,0.013535138
46469,0.07603415,0.064564206,0.08750409,0.027622154,0.026819548,0.04168403,0.010421008
46472,0.5267497,0.06483323,0.9886661,0.5879521,0.0,0.5879521,0.14698802
46475,0.12900682,0.065731175,0.19228248,0.069711134,1.0182008,0.9496811,0.23742028
46478,0.09447683,0.09471189,0.09424177,0.00436645,0.5180705,0.54291844,0.13572961
46481,0.092232585,0.090298034,0.094167136,0.26841676,0.0,0.26841676,0.06710419
46483,0.0787977,0.10365913,0.053936258,0.17780967,0.0,0.17780967,0.044452418
46486,0.12569977,0.09610275,0.15529679,0.041498937,0.1179711,0.17867208,0.04466802
46489,0.08575088,0.06209461,0.10940715,0.052080482,0.7789332,0.91065997,0.22766499
46492,0.23233666,0.05664304,0.40803027,0.17818278,0.0,0.17818278,0.044545695
46495,0.07709145,0.06918565,0.08499724,0.26536718,0.0,0.26536718,0.066341795
46498,0.70534927,0.054264486,1.356434,1.7887859,0.0,1.7887859,0.44719648
46501,0.12168608,0.045433406,0.19793876,0.3843077,0.0,0.3843077,0.09607693
46503,0.11344713,0.04508224,0.18181203,0.11620968,0.0,0.11620968,0.02905242
46506,0.17198656,0.05173372,0.2922394,0.18153135,0.0,0.18153135,0.04538284
46509,0.3279961,0.06630686,0.5896854,0.28090787,0.0,0.28090787,0.07022697
46512,0.108486734,0.08707774,0.12989573,0.022426687,0.049753983,0.070388615,0.017597154
46515,0.44795203,0.1187116,0.7771924,0.37300476,0.0,0.37300476,0.09325119
46518,0.57668555,0.10441786,1.0489532,0.5536934,0.0,0.5536934,0.13842335
46521,0.08892801,0.10492533,0.072930686,0.028425962,0.5318602,0.44258597,0.110646494
46523,0.07012969,0.10398182,0.036277562,0.028374568,0.2395116,0.39911833,0.09977958
46526,0.31526664,0.084146164,0.54638714,0.8961918,0.0,0.8961918,0.22404794
46529,0.94275814,0.08360978,1.8019066,1.2462624,0.0,1.2462624,0.3115656
46532,0.25602865,0.08995688,0.42210042,0.39293846,0.0,0.39293846,0.098234616
46535,0.12229595,0.10969782,0.13489409,0.045972083,0.023581585,0.09489712,0.02372428
46538,0.21397108,0.0881507,0.33979145,0.13591117,0.0,0.13591117,0.03397779
46541,0.13226938,0.08037147,0.18416731,0.15595472,0.0,0.15595472,0.03898868
46543,0.06584757,0.07647179,0.055223346,0.05260847,0.9634759,0.68900895,0.17225224
46546,0.06612819,0.07048365,0.061772723,0.010348279,0.2515544,0.23327506,0.058318764
46549,0.12472562,0.045002718,0.20444852,0.11314692,0.0,0.11314692,0.02828673
46552,0.059767663,0.040212043,0.079323284,0.05379364,0.083316125,0.15025543,0.037563857
46555,0.09414638,0.03258167,0.15571108,0.08209075,0.0,0.08209075,0.020522688
46558,0.31989914,0.027392322,0.61240596,0.5016815,0.0,0.5016815,0.12542038
46561,0.5106793,0.028732562,0.992626,0.733022,0.0,0.733022,0.1832555
46563,0.124994844,0.029541275,0.22044842,0.28614,0.0,0.28614,0.071535
46566,0.030624961,0.025992095,0.035257824,0.022270048,0.016974768,0.042739928,0.010684982
46569,0.09163333,0.029899815,0.15336685,0.115796804,0.0,0.115796804,0.028949201
46572,0.08656595,0.04162082,0.13151109,0.11276608,0.0,0.11276608,0.02819152
46575,0.036616746,0.032380078,0.04085341,0.0041127615,0.105250515,0.122003146,0.030500786
46578,0.036370024,0.015614633,0.057125416,0.039904874,0.7407117,0.5312271,0.13280678
46581,0.043996807,0.014525861,0.073467754,0.040804435,0.021192709,0.08031616,0.02007904
46583,0.20832823,0.011441913,0.40521455,0.45566878,0.0,0.45566878,0.113917194
46586,0.02679845,0.016800305,0.036796596,0.03151928,0.9659663,0.94762343,0.23690586
46589,0.059411686,0.021245236,0.09757813,0.04361992,0.042830784,0.03264548,0.00816137
46592,0.07995161,0.027032455,0.13287075,0.121581934,0.0,0.121581934,0.030395484
46595,0.036321122,0.025006026,0.047636215,0.028303094,0.015771389,0.059381437,0.014845359
46598,0.033474322,0.026977083,0.03997156,0.010472552,0.27663782,0.37609482,0.094023705
46601,0.045848694,0.030743636,0.060953747,0.019182775,0.2770823,0.41819584,0.10454896
46603,0.0463537,0.021743326,0.070964076,0.062933564,1.0830084,1.2892426,0.32231066
46606,0.020450175,0.013345636,0.027554713,0.006394153,0.33222994,0.34800327,0.08700082
46609,0.43467894,0.01216144,0.8571965,0.83760613,0.0,0.83760613,0.20940153
46612,0.014863409,0.0136647895,0.016062027,0.00291423,0.1745518,0.17546189,0.043865472
46615,0.10052776,0.018941715,0.18211381,0.26401755,0.0,0.26401755,0.06600439
46618,0.031561907,0.030413844,0.032709967,0.025541356,0.032326262,0.08334843,0.020837108
46621,0.076564886,0.014943878,0.1381859,0.21196888,0.0,0.21196888,0.05299222
46623,0.060271624,0.017728308,0.10281494,0.13157964,0.0,0.13157964,0.03289491
46626,0.060472187,0.039067935,0.081876434,0.07720363,0.0,0.07720363,0.019300908
46629,0.048704237,0.05036566,0.047042817,0.0036226425,0.19494851,0.1765513,0.044137824
46632,0.042383764,0.028774427,0.0559931,0.054065485,0.06433201,0.062471423,0.015617856
46635,0.4804816,0.010645103,0.9503181,0.7987421,0.0,0.7987421,0.19968553
46638,0.89994746,0.009567875,1.7903271,1.6023268,0.0,1.6023268,0.4005817
46641,0.026992485,0.017129844,0.036855128,0.026674012,0.03498475,0.06515377,0.016288443
46643,0.06816425,0.017904552,0.11842396,0.09591061,1.1998063,1.3352572,0.3338143
46646,0.077692695,0.026602203,0.12878318,0.096996166,1.8568983,1.9512019,0.48780048
46649,0.06518817,0.025045877,0.10533047,0.050334617,0.010740916,0.07517945,0.018794863
46652,0.04244612,0.027820783,0.05707146,0.021441558,0.009599209,0.036262583,0.009065646
46655,0.05056512,0.015641464,0.085488774,0.07413652,1.4477963,1.5425237,0.38563094
46658,0.043822166,0.019518418,0.06812591,0.05853321,0.8873356,0.87053126,0.21763282
46661,0.09102318,0.015616354,0.16643,0.11230501,0.0,0.11230501,0.028076252
46663,0.04319195,0.020400068,0.065983824,0.026159579,0.018619856,0.028557599,0.0071393996
46666,0.7860952,0.020262826,1.5519276,1.3401098,0.0,1.3401098,0.33502746
46669,0.1290683,0.020224782,0.23791182,0.17098252,0.0,0.17098252,0.04274563
46672,0.90127414,0.02120167,1.7813467,1.5454108,0.0,1.5454108,0.3863527
46675,0.035325505,0.029399728,0.041251283,0.034778863,0.037646133,0.052570987,0.013142747
46678,0.10777698,0.033589467,0.1819645,0.10623503,1.4961375,1.747324,0.436831
46681,0.046702176,0.03468768,0.058716673,0.060673315,0.7733014,0.837117,0.20927925
46683,0.11879405,0.03636928,0.2012188,0.15825295,0.0,0.15825295,0.03956324
46686,0.032682564,0.034520876,0.030844254,0.021609837,0.38781467,0.36137593,0.09034398
46689,0.055681597,0.03067178,0.08069142,0.064484835,1.5356208,1.7133279,0.42833197
46692,0.0333323,0.025476491,0.041188106,0.03272271,0.0,0.03272271,0.008180678
46695,0.050795536,0.026064998,0.07552608,0.035766397,0.44249812,0.49708366,0.124270916
46698,0.024410585,0.01947191,0.029349262,0.010098769,0.27415988,0.34360388,0.08590097
46701,0.040160745,0.019666605,0.060654882,0.058438938,1.0521299,1.1245463,0.28113657
46703,0.03231867,0.018731238,0.045906108,0.022692172,0.0403711,0.05834313,0.014585783
46706,0.07658429,0.023964541,0.12920402,0.10021875,0.0,0.10021875,0.025054688
46709,0.32885835,0.027159201,0.6305575,0.41577193,0.0,0.41577193,0.10394298
46712,0.82070017,0.037897035,1.6035032,1.9195598,0.0,1.9195598,0.47988996
46715,0.07623259,0.03958952,0.11287566,0.036842253,0.55817145,0.40664026,0.101660065
46718,0.08325135,0.061829906,0.10467279,0.049838543,0.0,0.049838543,0.012459636
46721,0.0680869,0.060345057,0.07582875,0.027214205,0.022106806,0.056176182,0.0140440455
46723,0.09756121,0.07166522,0.1234572,0.028798105,0.029720783,0.08061849,0.020154623
46726,0.17899092,0.0853586,0.2726232,0.09608623,1.3514553,0.9096458,0.22741145
46729,0.61550885,0.108238675,1.122779,1.7006181,0.0,1.7006181,0.42515454
46732,0.14737768,0.09679264,0.19796275,0.06280378,0.06549951,0.18009625,0.045024063
46735,0.22080676,0.12001871,0.3215948,0.6879323,0.0,0.6879323,0.17198308
46738,0.09826758,0.10545802,0.09107712,0.041440293,0.05471055,0.12765552,0.03191388
46741,0.12882511,0.11032035,0.14732988,0.055181693,0.067105494,0.13730095,0.03432524
46743,0.11754996,0.1135596,0.12154033,0.07086669,0.02984921,0.12830576,0.03207644
46746,0.46541753,0.13533159,0.79550356,1.4135555,0.0,1.4135555,0.35338888
46749,0.19276954,0.14115104,0.24438806,0.050655667,0.0,0.050655667,0.012663917
46752,0.89656144,0.14422569,1.6488972,0.87052184,0.0,0.87052184,0.21763046
46755,0.14118655,0.080654114,0.201719,0.1096462,1.0094019,1.034872,0.258718
46758,0.31830063,0.088076234,0.54852504,0.25183907,0.0,0.25183907,0.06295977
46761,0.43962416,0.09349092,0.78575736,0.3847364,0.0,0.3847364,0.0961841
46763,0.56705636,0.09918538,1.0349274,1.6459368,0.0,1.6459368,0.4114842
46766,0.112179756,0.09814567,0.12621383,0.2548178,0.0,0.2548178,0.06370445
46769,0.122213684,0.08265982,0.16176753,0.08774522,1.2232469,1.2094139,0.30235347
46772,0.09183053,0.08355283,0.10010823,0.060195595,0.012715976,0.087575644,0.021893911
46775,0.13895975,0.08398319,0.1939363,0.043824535,0.6823117,0.6325957,0.15814893
46778,0.12830772,0.08978677,0.16682868,0.029843308,0.0471075,0.10595495,0.026488738
46781,0.19629176,0.101293646,0.2912899,0.06813809,0.0,0.06813809,0.017034523
46783,0.11771974,0.07275844,0.16268103,0.047016192,0.9127343,0.77232295,0.19308074
46786,0.8695168,0.059689503,1.679344,1.2933917,0.0,1.2933917,0.32334793
46789,0.06827378,0.041620567,0.09492699,0.05908592,0.032962006,0.11409894,0.028524734
46792,0.057105403,0.0374735,0.0767373,0.059215054,1.114978,1.1917585,0.29793963
46795,0.05001986,0.027017558,0.07302216,0.039616127,0.05124362,0.09549775,0.023874437
46798,0.19917671,0.04119371,0.3571597,0.52376866,0.0,0.52376866,0.13094217
46801,0.037344504,0.036501333,0.038187675,0.0058711357,0.41972435,0.48250577,0.12062644
46803,0.8522668,0.038789697,1.6657438,1.9460968,0.0,1.9460968,0.4865242
46806,0.02975583,0.012222814,0.047288846,0.069153,0.94297343,0.80549335,0.20137334
46809,0.022522233,0.015722355,0.029322112,0.008533665,0.21601641,0.20108594,0.050271485
46812,0.0289902,0.013002771,0.04497763,0.043112922,0.0,0.043112922,0.010778231
46815,0.22758667,0.013958436,0.4412149,0.45558092,0.0,0.45558092,0.11389523
46818,0.2307685,0.016948098,0.4445889,0.42276523,0.0,0.42276523,0.10569131
46821,0.32745486,0.016611695,0.63829803,0.61055773,0.0,0.61055773,0.15263943
46823,0.016902314,0.017708113,0.016096516,0.005083429,0.4416957,0.4140474,0.10351185
46826,0.29751596,0.022804374,0.57222754,0.6024309,0.0,0.6024309,0.15060772
46829,0.033444494,0.021051405,0.04583758,0.027369468,0.7863762,0.66440874,0.16610219
46832,0.03356144,0.021617977,0.045504898,0.014453734,0.32917437,0.44311705,0.11077926
46835,0.09189258,0.021768535,0.16201662,0.11261121,1.0037295,0.9614785,0.24036962
46838,0.24933098,0.022261197,0.47640076,0.3329772,0.0,0.3329772,0.0832443
46841,0.10389166,0.019942785,0.18784054,0.24277525,0.0,0.24277525,0.06069381
46843,0.036996987,0.018488394,0.055505574,0.030898584,0.016539773,0.05769858,0.014424645
46846,0.35245708,0.016841324,0.68807286,0.5821831,0.0,0.5821831,0.14554578
46849,0.057676394,0.011473003,0.10387979,0.07214152,1.3347226,1.1720563,0.29301408
46852,0.35971054,0.01315185,0.7062692,0.5630333,0.0,0.5630333,0.14075832
46855,0.2247383,0.015325658,0.43415093,0.30388567,0.0,0.30388567,0.07597142
46858,0.042258788,0.015073798,0.069443785,0.02604516,0.21300869,0.36248302,0.090620756
46861,0.14180987,0.026368218,0.2572515,0.1303495,0.0,0.1303495,0.032587375
46863,0.036481127,0.017778702,0.05518355,0.07914014,0.04631726,0.16536897,0.041342244
46866,0.6821289,0.011871706,1.3523861,1.1584178,0.0,1.1584178,0.28960446
46869,0.19814448,0.008848031,0.38744092,0.30600724,0.0,0.30600724,0.07650181
46872,0.18635453,0.007422876,0.3652862,0.2984061,0.0,0.2984061,0.07460152
46875,0.018594079,0.0064090057,0.030779153,0.019409446,0.30304134,0.42047778,0.105119444
46878,0.44193658,0.0056108125,0.87826234,0.95872563,0.0,0.95872563,0.23968141
46881,0.6873216,0.0041105333,1.3705326,1.4559298,0.0,1.4559298,0.36398244
46883,0.2867602,0.0066886847,0.56683177,0.491587,0.0,0.491587,0.12289675
46886,0.039686967,0.0076352977,0.07173864,0.050526936,0.0,0.050526936,0.012631734
46889,0.012356851,0.010395835,0.014317867,0.003708794,0.2365979,0.25724956,0.06431239
46892,0.052911285,0.0065614893,0.09926108,0.10708159,0.0,0.10708159,0.026770398
46895,0.14394979,0.006900675,0.28099892,0.25674608,0.0,0.25674608,0.06418652
46898,0.3219958,0.0089227725,0.63506883,0.5838658,0.0,0.5838658,0.14596646
46901,0.51014173,0.007014018,1.0132694,1.0500995,0.0,1.0500995,0.26252487
46903,0.20719175,0.01004183,0.40434167,0.30416268,0.0,0.30416268,0.07604067
46906,0.016928863,0.019801078,0.014056648,0.009935086,0.124819756,0.13403355,0.033508386
46909,0.03166997,0.011348389,0.051991552,0.051105957,0.10054025,0.18899035,0.04724759
46912,0.19849147,0.011037429,0.38594553,0.48099613,0.0,0.48099613,0.12024903
46915,0.021037346,0.008833319,0.033241373,0.02628995,0.030973276,0.047198474,0.011799619
46918,0.007842929,0.005922587,0.009763271,0.003589213,0.3595307,0.33302334,0.083255835
46921,0.38311556,0.00602991,0.7602012,0.6986892,0.0,0.6986892,0.1746723
46923,0.03272166,0.009897464,0.055545855,0.03307168,0.40826797,0.33213794,0.083034486
46926,0.024454271,0.015483727,0.033424813,0.021318985,0.018405953,0.041107822,0.010276956
46929,0.029854467,0.01968327,0.040025663,0.025614643,0.027510842,0.04953785,0.012384462
46932,0.043106865,0.028450945,0.057762783,0.046147715,0.8665381,0.8923609,0.22309023
46935,0.034979217,0.031347916,0.038610518,0.013911523,0.30315152,0.26067758,0.065169394
46938,0.33798715,0.026385779,0.6495885,0.858607,0.0,0.858607,0.21465175
46940,0.0491032,0.040921718,0.057284683,0.04842137,0.08005873,0.17695646,0.044239115
46943,0.9840408,0.038394414,1.9296871,1.4916817,0.0,1.4916817,0.37292042
46946,0.06414973,0.047082733,0.08121672,0.021121403,0.48468265,0.47583136,0.11895784
46949,0.14380473,0.04734059,0.24026887,0.48577523,0.0,0.48577523,0.12144381
46952,0.08027125,0.05610599,0.10443652,0.036761332,0.47419465,0.4376228,0.1094057
46955,0.30868316,0.04575647,0.57160985,0.30570814,0.0,0.30570814,0.076427035
46958,0.12878214,0.08023038,0.17733389,0.13311324,1.8847713,1.8798078,0.46995196
46960,0.048738953,0.0725768,0.024901107,0.1605316,0.0,0.1605316,0.0401329
46963,0.0591633,0.07389158,0.044435013,0.0060401647,0.24080195,0.30265096,0.07566274
46966,0.05280636,0.076518625,0.029094093,0.124215774,0.0,0.124215774,0.031053944
46969,0.10080293,0.09103787,0.11056799,0.0058150827,0.4080837,0.45818385,0.11454596
46972,0.14964734,0.11396528,0.1853294,0.0682034,1.6339482,1.7184585,0.42961463
46975,0.13742739,0.13276082,0.14209394,0.005522694,0.20424199,0.23061593,0.057653982
46978,0.10992094,0.15563504,0.06420684,0.025447568,0.19134474,0.32493627,0.08123407
46980,0.14006269,0.17404227,0.10608312,0.010338333,0.2541575,0.3327506,0.08318765
46983,0.15829676,0.14786059,0.16873294,0.025654025,0.46445444,0.4953928,0.1238482
46986,0.90545386,0.13217078,1.6787368,0.9181698,0.0,0.9181698,0.22954245
46989,0.16078556,0.14965354,0.17191757,0.016472904,0.2981027,0.32395795,0.08098949
46992,0.16073973,0.17873418,0.14274527,0.13233942,0.1308816,0.06376532,0.01594133
46995,0.7534259,0.1799264,1.3269254,0.5858448,0.0,0.5858448,0.1464612
46998,0.3315759,0.25623903,0.4069128,1.2498144,0.0,1.2498144,0.3124536
47000,0.13782623,0.2041,0.07155248,0.23349516,0.0,0.23349516,0.05837379
47003,0.14489536,0.16707464,0.12271608,0.1864097,0.0,0.1864097,0.046602424
47006,0.10826788,0.147969,0.068566784,0.018966855,0.1715346,0.26403174,0.066007935
47009,0.30524236,0.112570964,0.49791375,0.1936719,0.0,0.1936719,0.048417974
47012,0.8934548,0.12659247,1.6603171,0.9234657,0.0,0.9234657,0.23086643
47015,0.6329567,0.11414453,1.1517688,0.61103636,0.0,0.61103636,0.15275909
47018,0.42494956,0.10064522,0.7492539,1.2760386,0.0,1.2760386,0.31900966
47020,0.3599364,0.08989155,0.6299812,1.0888594,0.0,1.0888594,0.27221486
47023,0.05607745,0.06994381,0.042211086,0.06698797,0.0,0.06698797,0.016746992
47026,0.069974415,0.060026314,0.079922505,0.017925475,0.2878962,0.23738259,0.059345648
47029,0.07406632,0.05086537,0.09726727,0.06108434,0.20638736,0.25910127,0.06477532
47032,0.054814816,0.048546493,0.061083138,0.04430451,0.83453065,0.8886058,0.22215144
47035,0.05117699,0.04210143,0.060252547,0.018142475,0.019953886,0.03238386,0.008095965
47038,0.08009862,0.040783465,0.11941377,0.035684317,0.0,0.035684317,0.008921079
47040,0.05333452,0.028425792,0.07824325,0.08679084,1.3081762,1.5611153,0.39027882
47043,0.28290242,0.03043662,0.5353682,0.44598612,0.0,0.44598612,0.11149653
47046,0.023812631,0.025941228,0.021684038,0.007349817,0.5469947,0.61636925,0.15409231
47049,0.2064267,0.027214637,0.38563874,0.31241074,0.0,0.31241074,0.078102686
47052,0.07764433,0.026371134,0.12891753,0.07923389,0.0,0.07923389,0.019808473
47055,0.045834463,0.020589786,0.071079135,0.045734674,0.06650654,0.11585042,0.028962605
47058,0.04406422,0.02420097,0.063927464,0.05111319,0.75703794,0.7267442,0.18168604
47060,0.06771406,0.024590554,0.11083756,0.08699777,0.0,0.08699777,0.021749442
47063,0.018702129,0.018457713,0.018946545,0.009687024,0.19059299,0.2583448,0.0645862
47066,0.06913054,0.016280212,0.12198087,0.15511326,0.0,0.15511326,0.038778316
47069,0.085176356,0.027311558,0.14304116,0.07673165,0.0,0.07673165,0.019182913
47072,0.33466968,0.02862446,0.6407149,0.55318993,0.0,0.55318993,0.13829748
47075,0.14182577,0.0422042,0.24144733,0.24790652,0.0,0.24790652,0.06197663
47078,0.025021806,0.027146881,0.022896731,0.0032406356,0.24316645,0.23177482,0.057943705
47080,0.031032385,0.02652578,0.03553899,0.0030625367,0.38190666,0.37746644,0.09436661
47083,0.07981955,0.027138827,0.13250028,0.0790954,1.4262773,1.714712,0.428678
47086,0.055869374,0.03149329,0.08024546,0.04629336,0.0425512,0.04572613,0.011431533
47089,0.028505102,0.032795087,0.024215119,0.006439235,0.21879928,0.20292409,0.050731022
47092,0.052230168,0.036555808,0.067904525,0.04699819,0.060242176,0.049092054,0.012273014
47095,0.07617076,0.03543123,0.116910286,0.1855826,0.0,0.1855826,0.04639565
47098,0.2486579,0.0365451,0.4607707,0.70248157,0.0,0.70248157,0.17562039
47100,0.0767554,0.027411878,0.12609892,0.10545155,0.0,0.10545155,0.026362887
47103,0.025662988,0.03676906,0.014556919,0.009892511,0.2414691,0.32578072,0.08144518
47106,0.039297685,0.036878925,0.041716445,0.024504557,0.014596939,0.04907297,0.012268242
47109,0.039962128,0.041119147,0.03880511,0.023593172,0.031811398,0.07332312,0.01833078
47112,0.094020694,0.026311375,0.16173002,0.16513042,0.0,0.16513042,0.041282605
47115,0.034619346,0.030283352,0.038955342,0.0027592275,0.3248984,0.32946265,0.08236566
47118,0.100031674,0.025292985,0.17477036,0.19738095,0.0,0.19738095,0.049345236
47120,0.025770376,0.035503477,0.016037272,0.014083125,0.14650843,0.2237285,0.055932123
47123,0.04858771,0.03352374,0.06365167,0.097201936,0.0,0.097201936,0.024300484
47126,0.14324106,0.040739264,0.24574286,0.24265938,0.0,0.24265938,0.060664844
47129,0.035379928,0.039655674,0.031104183,0.006322673,0.33977032,0.41807878,0.104519695
47132,0.042577177,0.034193974,0.050960388,0.023423066,0.48331618,0.4627351,0.11568377
47135,0.24508119,0.017029932,0.47313246,0.52418345,0.0,0.52418345,0.13104586
47138,0.034830395,0.014100236,0.05556056,0.045815054,0.0,0.045815054,0.011453764
47140,0.13749407,0.012418126,0.26257002,0.25246808,0.0,0.25246808,0.06311702
47143,0.05386054,0.008594534,0.09912655,0.07577392,0.0,0.07577392,0.01894348
47146,0.011532669,0.010895698,0.012169641,0.007716981,0.1471994,0.19532724,0.04883181
47149,0.095707305,0.0079931645,0.18342145,0.17650564,0.0,0.17650564,0.04412641
47152,0.07476613,0.006583767,0.1429485,0.12932163,0.0,0.12932163,0.03233041
47155,0.029771404,0.006726475,0.052816335,0.056177992,1.1880795,1.2092376,0.3023094
47158,0.00720219,0.005825818,0.008578562,0.0065533356,0.32560697,0.3478837,0.086970925
47160,0.014521182,0.005290453,0.023751909,0.020080673,0.10126197,0.19631934,0.049079835
47163,0.021839604,0.004832925,0.038846284,0.031173915,0.04509592,0.08185694,0.020464236
47166,0.016126387,0.0046009757,0.027651796,0.016655827,0.2785611,0.4063826,0.10159565
47169,0.13468894,0.00685855,0.26251933,0.2943457,0.0,0.2943457,0.07358643
47172,0.16800551,0.008652245,0.32735875,0.2763237,0.0,0.2763237,0.06908093
47175,0.46607506,0.011652264,0.9204979,0.8315461,0.0,0.8315461,0.20788653
47178,0.027772792,0.013617252,0.041928332,0.016584529,0.35619307,0.35745612,0.08936403
47180,0.02483257,0.016550947,0.033114195,0.023479579,0.016414484,0.05157304,0.01289326
47183,0.08154544,0.02493521,0.13815568,0.10048906,0.049048264,0.20197637,0.050494093
47186,0.16133371,0.036012094,0.28665534,0.14813991,0.0,0.14813991,0.037034977
47189,0.041302424,0.01643742,0.06616742,0.04993843,1.2110502,1.3152553,0.32881382
47192,0.03690025,0.020284759,0.053515732,0.029115668,0.48751202,0.50479805,0.12619951
47195,0.10358254,0.027454266,0.1797108,0.12145162,1.2505498,1.3224672,0.3306168
47198,0.06996572,0.03493446,0.10499698,0.055486243,0.9676102,0.85759974,0.21439993
47200,0.14828438,0.038927954,0.2576408,0.39369097,0.0,0.39369097,0.09842274
47203,0.03625809,0.04290469,0.029611489,0.12215228,0.0,0.12215228,0.03053807
47206,0.8967771,0.051284272,1.7422699,1.4228836,0.0,1.4228836,0.3557209
47209,0.8709865,0.059372008,1.6826011,1.2757288,0.0,1.2757288,0.3189322
47212,0.8256638,0.066742636,1.5845851,1.1342913,0.0,1.1342913,0.28357282
47215,0.06376413,0.059931885,0.067596376,0.042726923,0.62684864,0.6278649,0.15696622
47218,1.1364702,0.08373213,2.1892083,1.5177692,0.0,1.5177692,0.3794423
47220,0.70010895,0.089810126,1.3104078,0.75508064,0.0,0.75508064,0.18877016
47223,0.2762039,0.091822244,0.4605856,0.27198264,0.0,0.27198264,0.06799566
47226,0.4460756,0.09844939,0.7937018,0.36059275,0.0,0.36059275,0.09014819
47229,0.10703234,0.1035634,0.11050127,0.35256135,0.0,0.35256135,0.08814034
47232,0.085107476,0.08277956,0.087435395,0.0038331274,0.24817006,0.2604349,0.065108724
47235,0.1960748,0.085634924,0.30651465,0.13764518,0.117369175,0.094441354,0.023610339
47238,0.0719145,0.07148635,0.072342664,0.02596251,0.79547596,0.7896034,0.19740085
47240,0.5147881,0.083084874,0.94649124,0.5190792,0.0,0.5190792,0.1297698
47243,0.29852903,0.06977773,0.52728033,0.9244327,0.0,0.9244327,0.23110817
47246,0.071602315,0.07673537,0.06646925,0.12872116,0.0,0.12872116,0.03218029
47249,0.3723203,0.06650651,0.678134,1.1419936,0.0,1.1419936,0.2854984
47252,0.11488586,0.07071729,0.15905441,0.06728947,0.0,0.06728947,0.016822368
47255,0.09146348,0.056015406,0.12691154,0.08497387,1.0714844,1.1747061,0.29367653
47258,0.08480877,0.05182432,0.1177932,0.07952226,1.5481659,1.611404,0.402851
47260,0.40759292,0.05819747,0.75698835,0.46439853,0.0,0.46439853,0.11609963
47263,0.047910612,0.04539792,0.050423298,0.0053201034,0.3332677,0.37126568,0.09281642
47266,0.25473264,0.05852002,0.45094526,0.25139877,0.0,0.25139877,0.06284969
47269,0.074893616,0.056023166,0.09376407,0.09792284,0.0,0.09792284,0.02448071
47272,0.053291436,0.03133016,0.07525271,0.061633993,1.5541121,1.6105384,0.4026346
47275,0.3446236,0.01770217,0.671545,0.5532768,0.0,0.5532768,0.1383192
47278,0.03345877,0.013794556,0.053122982,0.02148815,0.0921843,0.18107109,0.045267772
47280,0.43322572,0.01839907,0.8480523,0.66367686,0.0,0.66367686,0.16591921
47283,0.040506784,0.013018881,0.067994684,0.05857713,0.05626281,0.15619865,0.039049663
47286,0.0070447135,0.0068612695,0.007228157,0.005011748,0.29159465,0.3515605,0.087890126
47289,0.23084706,0.004268898,0.45742524,0.42540196,0.0,0.42540196,0.10635049
47292,0.014901512,0.005668588,0.024134437,0.02107207,0.023958841,0.05222245,0.013055612
47295,0.8563204,0.0068336427,1.7058071,1.5459944,0.0,1.5459944,0.3864986
47298,0.05514556,0.0058530807,0.104438044,0.07892024,0.0,0.07892024,0.01973006
47300,0.49272993,0.004194969,0.9812649,1.0496403,0.0,1.0496403,0.26241007
47303,0.018007958,0.005571425,0.030444494,0.020147389,0.0653801,0.09562231,0.023905577
47306,0.33661726,0.0050192513,0.6682153,0.6665165,0.0,0.6665165,0.16662912
47309,0.79992366,0.006541377,1.593306,1.5992613,0.0,1.5992613,0.39981532
47312,0.008248176,0.007857856,0.0086384965,0.0026396222,0.2911252,0.33015072,0.08253768
47315,0.03377946,0.009509628,0.05804929,0.07079134,0.0,0.07079134,0.017697835
47318,0.112970285,0.009891627,0.21604894,0.173662,0.0,0.173662,0.0434155
47320,0.031334296,0.010347981,0.05232061,0.07453845,0.07144165,0.04872859,0.012182147
47323,0.016441531,0.013349664,0.019533398,0.018645884,0.37743282,0.53980035,0.13495009
47326,0.28227508,0.012162457,0.5523877,0.5071983,0.0,0.5071983,0.12679957
47329,0.09753796,0.012306062,0.18276985,0.13169572,0.0,0.13169572,0.03292393
47332,0.042825,0.012900736,0.07274926,0.04174963,0.55243486,0.5517183,0.13792957
47335,0.022398792,0.011432611,0.03336497,0.0285772,0.036528904,0.055558357,0.013889589
47338,0.09267029,0.0091382945,0.1762023,0.14008458,1.6451421,1.8872141,0.47180352
47340,0.11464434,0.010005819,0.21928287,0.25036442,0.0,0.25036442,0.062591106
47343,0.015191088,0.011584359,0.018797817,0.020437209,0.014788468,0.042350095,0.010587524
47346,0.020447778,0.0101739755,0.03072158,0.03556032,0.030973723,0.08974131,0.022435328
47349,0.023499317,0.009363258,0.037635375,0.052142665,1.5569462,1.7392904,0.4348226
47352,0.15373018,0.009100393,0.29835996,0.2642893,0.0,0.2642893,0.06607232
47355,0.097435296,0.009868267,0.18500233,0.15262958,0.0,0.15262958,0.038157396
47358,0.091542155,0.006438946,0.17664535,0.15616426,0.0,0.15616426,0.039041065
47360,0.27834076,0.012585148,0.54409635,0.5059343,0.0,0.5059343,0.12648357
47363,0.08137635,0.008861289,0.15389141,0.19776364,0.0,0.19776364,0.04944091
47366,0.54215294,0.0030126001,1.0812932,1.1256741,0.0,1.1256741,0.28141853
47369,0.062219758,0.002317949,0.12212157,0.12083007,0.12037722,0.044950087,0.011237522
47372,0.21740209,0.0033554442,0.4314487,0.42900538,0.0,0.42900538,0.107251346
47375,0.009176823,0.003929412,0.014424234,0.008804449,0.17396729,0.22360516,0.05590129
47378,0.66607946,0.0067971083,1.3253618,1.2857854,0.0,1.2857854,0.32144636
47380,0.6634311,0.0064563267,1.3204058,1.3200681,0.0,1.3200681,0.33001703
47383,0.022483645,0.0076633296,0.037303958,0.03560853,0.81576914,0.87801105,0.21950276
47386,0.47281897,0.0059781666,0.9396598,1.0435888,0.0,1.0435888,0.2608972
47389,0.036200356,0.0068366476,0.065564066,0.06278567,1.1665128,1.2996439,0.32491097
47392,0.025533,0.005317785,0.045748215,0.044446457,0.0,0.044446457,0.011111614
47395,0.027080933,0.0118943155,0.04226755,0.047977883,0.05312715,0.14595911,0.036489777
47398,0.009236182,0.0050515626,0.013420801,0.011503006,0.32637012,0.32052603,0.08013151
47400,0.010007975,0.0055093425,0.014506607,0.027036773,0.18351848,0.29800755,0.07450189
47403,0.28934196,0.00414559,0.57453835,0.5999305,0.0,0.5999305,0.14998263
47406,0.0150078945,0.004738731,0.025277058,0.021838153,0.4621754,0.47123602,0.117809005
47409,0.008576888,0.0064333617,0.010720414,0.010484688,0.16800065,0.141921,0.03548025
47412,0.034348745,0.00896734,0.059730154,0.05851075,0.048787754,0.05922116,0.01480529
47415,0.06471383,0.007767447,0.12166021,0.12824973,0.0,0.12824973,0.032062434
47418,0.028882327,0.014354144,0.04341051,0.032552302,0.8128514,0.8090339,0.20225847
47420,0.2719768,0.011501181,0.5324524,0.45596448,0.0,0.45596448,0.11399112
47423,0.10030835,0.018625803,0.1819909,0.114665516,0.0,0.114665516,0.028666379
47426,0.28674704,0.013826237,0.5596678,0.64605755,0.0,0.64605755,0.16151439
47429,0.32234797,0.015699992,0.62899595,0.7231495,0.0,0.7231495,0.18078737
47432,0.05942188,0.017235586,0.101608165,0.05834863,0.0,0.05834863,0.014587157
47435,0.058068793,0.018099532,0.098038055,0.09287116,1.1885529,1.2181206,0.30453014
47438,0.091903545,0.018242538,0.16556455,0.25598422,0.0,0.25598422,0.063996054
47440,0.060513508,0.031115508,0.08991151,0.08411338,1.1235051,1.1030978,0.27577445
47443,0.030148948,0.025366096,0.034931805,0.0065387115,0.3608446,0.3837801,0.09594502
47446,0.024762193,0.029708117,0.019816272,0.0061827525,0.12888442,0.15645395,0.039113488
47449,0.047734026,0.040442314,0.05502574,0.0026676387,0.356047,0.38670382,0.096675955
47452,0.0645339,0.03832298,0.090744816,0.06145157,0.0,0.06145157,0.015362892
47455,0.1744666,0.05276298,0.2961702,0.18964039,0.0,0.18964039,0.047410097
47458,0.15089269,0.07748511,0.22430027,0.51251405,0.0,0.51251405,0.12812851
47460,0.11457511,0.05077985,0.17837037,0.17829718,0.0,0.17829718,0.044574294
47463,0.3154426,0.048857193,0.582028,0.30780604,0.0,0.30780604,0.07695151
47466,0.071056716,0.058106195,0.08400723,0.01605695,0.009183208,0.018597001,0.0046492503
47469,0.073194884,0.061645757,0.084744014,0.02030477,0.015291254,0.035509955,0.008877489
47472,0.0685302,0.071600206,0.0654602,0.00736116,0.4007186,0.44576666,0.111441664
47475,1.3455725,0.09038926,2.6007555,1.7641182,0.0,1.7641182,0.44102955
47478,0.27394935,0.107850455,0.44004822,0.8735066,0.0,0.8735066,0.21837665
47480,0.14946514,0.103046834,0.19588345,0.32315478,0.0,0.32315478,0.080788694
47483,0.060192097,0.09230896,0.028075242,0.029033652,0.2765983,0.44316396,0.11079099
47486,0.11041004,0.104153074,0.11666701,0.013850883,0.31534395,0.31109968,0.07777492
47489,0.15894456,0.10065926,0.21722989,0.061243568,0.06095314,0.14479248,0.03619812
47492,0.11022983,0.110263824,0.11019582,0.0061960383,0.19363117,0.20072679,0.050181698
47495,0.110380195,0.09364774,0.12711266,0.027231483,0.01700449,0.05290859,0.013227147
47498,0.5167934,0.068747506,0.9648392,1.0107652,0.0,1.0107652,0.2526913
47500,0.8189277,0.060230657,1.5776247,1.224797,0.0,1.224797,0.30619925
47503,0.17631127,0.050202314,0.30242023,0.29665446,0.0,0.29665446,0.074163616
47506,0.07595997,0.054317784,0.09760216,0.046296854,0.029352307,0.09256873,0.023142183
47509,0.09075006,0.051549148,0.12995099,0.04646067,0.7182183,0.7319069,0.18297672
47512,0.2849215,0.042490657,0.52735233,0.43976066,0.0,0.43976066,0.109940164
47515,0.041980814,0.039597448,0.04436418,0.037122946,0.8462942,0.9291537,0.23228842
47518,0.051453967,0.032210108,0.07069784,0.059241686,0.9627579,0.7892127,0.19730318
47520,0.07545302,0.026751542,0.12415451,0.062273636,0.0,0.062273636,0.015568409
47523,0.044661388,0.024779728,0.064543046,0.081856266,0.042549927,0.15384322,0.038460806
47526,0.26596475,0.021680107,0.5102494,0.4030184,0.0,0.4030184,0.1007546
47529,0.1493445,0.021345785,0.2773432,0.18724251,0.0,0.18724251,0.046810627
47532,0.13472289,0.020724269,0.2487215,0.15944,0.0,0.15944,0.03986
47535,0.038906794,0.021137433,0.05667615,0.023669353,0.4978199,0.5027726,0.12569316
47538,0.74503475,0.020737497,1.4693321,1.2356743,0.0,1.2356743,0.30891857
47540,0.38190007,0.020110227,0.74368995,0.6020641,0.0,0.6020641,0.15051602
47543,0.09405906,0.024725338,0.16339278,0.10327884,0.0,0.10327884,0.02581971
47546,0.20989801,0.03407976,0.3857163,0.2300843,0.0,0.2300843,0.057521075
47549,0.060358852,0.04135901,0.07935869,0.017934022,0.0,0.017934022,0.0044835056
47552,0.0692256,0.0335218,0.10492941,0.033423256,0.033634502,0.101317786,0.025329446
47555,0.08901744,0.031633213,0.14640167,0.08059223,1.1686006,0.8017285,0.20043212
47558,0.14423795,0.03601119,0.25246474,0.13320169,0.0,0.13320169,0.033300422
47560,0.023168167,0.02254805,0.023788286,0.017881272,0.33908018,0.34205517,0.08551379
47563,0.040607277,0.014894697,0.06631986,0.04134297,0.033920925,0.094355345,0.023588836
47566,0.031740654,0.016719554,0.046761755,0.0368903,0.02618281,0.07364113,0.018410282
47569,0.02459397,0.020782473,0.028405463,0.0047505363,0.504855,0.5345039,0.13362597
47572,0.04632389,0.0155318035,0.077115975,0.048492078,0.68814373,0.70208424,0.17552106
47575,0.022866948,0.018613355,0.02712054,0.02070186,0.018371781,0.042793542,0.010698386
47578,0.3432568,0.013158289,0.6733553,0.76126885,0.0,0.76126885,0.19031721
47580,0.025337586,0.016370492,0.034304682,0.029378213,0.026768247,0.06380812,0.01595203
47583,0.14693461,0.013898846,0.27997038,0.20721667,0.0,0.20721667,0.051804166
47586,0.023980483,0.019103302,0.028857663,0.004619712,0.17853658,0.16735809,0.04183952
47589,0.036501523,0.022614306,0.050388742,0.03101462,0.03642885,0.049348596,0.012337149
47592,0.43587244,0.01107847,0.86066645,0.92129666,0.0,0.92129666,0.23032416
47595,0.01694,0.015001923,0.018878078,0.016786324,0.0124600725,0.020579802,0.0051449505
47598,0.057931293,0.006716751,0.10914584,0.10828504,0.0,0.10828504,0.02707126
47600,0.3032417,0.0072339647,0.5992494,0.5731059,0.0,0.5731059,0.14327647
47603,0.52876616,0.0067848586,1.0507475,1.0248499,0.0,1.0248499,0.25621247
47606,0.054751094,0.010062681,0.0994395,0.060394824,0.009790261,0.080757044,0.020189261
47609,0.15270047,0.009661284,0.29573965,0.2499621,0.0,0.2499621,0.062490527
47612,0.077705674,0.012101705,0.14330964,0.17822069,0.0,0.17822069,0.044555172
47615,0.028385231,0.011112052,0.04565841,0.038534656,0.8377473,0.73235387,0.18308847
47618,0.043035865,0.011719577,0.07435215,0.07346873,0.0,0.07346873,0.018367182
47620,0.018130008,0.0161877,0.020072317,0.002359652,0.17162736,0.15937632,0.03984408
47623,0.45239818,0.018438304,0.886358,1.0504495,0.0,1.0504495,0.26261237
47626,0.6356098,0.019999145,1.2512205,1.0563775,0.0,1.0563775,0.26409438
47629,0.15086775,0.024879837,0.27685568,0.17734112,0.0,0.17734112,0.04433528
47632,0.04556413,0.043354154,0.047774106,0.0022238423,0.17582655,0.16938694,0.042346735
47635,0.045713294,0.0569517,0.03447489,0.009791418,0.12871961,0.19402967,0.04850742
47638,0.6189732,0.045432527,1.1925138,0.8297172,0.0,0.8297172,0.2074293
47640,0.095489316,0.054605663,0.13637297,0.07463573,0.101591446,0.11763213,0.029408032
47643,0.08259073,0.06887824,0.09630322,0.0081374105,0.29905558,0.3790207,0.09475517
47646,0.10025236,0.052016363,0.14848836,0.23160298,0.0,0.23160298,0.057900745
47649,0.043856233,0.027173573,0.06053889,0.049533427,0.92504674,0.9213292,0.2303323
47652,0.59614986,0.02275572,1.1695441,0.96109587,0.0,0.96109587,0.24027397
47655,0.03198097,0.024216315,0.039745625,0.009766345,0.17369778,0.19653566,0.049133915
47658,0.77589726,0.033399776,1.5183948,1.1611375,0.0,1.1611375,0.29028437
47660,0.069042765,0.040739056,0.09734646,0.056659862,0.17064238,0.17921074,0.044802684
47663,0.17391558,0.04973237,0.2980988,0.15340818,0.0,0.15340818,0.038352046
47666,0.20037492,0.073456086,0.32729378,0.6288164,0.0,0.6288164,0.1572041
47669,0.13025267,0.070936985,0.18956836,0.4174126,0.0,0.4174126,0.10435315
47672,0.1056991,0.051989492,0.1594087,0.06694885,0.0,0.06694885,0.016737213
47675,0.24952908,0.04333665,0.45572153,0.2767186,0.0,0.2767186,0.06917965
47678,0.08896058,0.035596117,0.14232504,0.07967692,0.0,0.07967692,0.01991923
47680,0.08672887,0.03958173,0.13387601,0.21055885,0.0,0.21055885,0.05263971
47683,0.060332324,0.044704095,0.075960554,0.025595566,0.018528143,0.041651674,0.010412918
47686,0.064214304,0.053059835,0.07536877,0.03529499,0.62284595,0.6715837,0.16789593
47689,0.054306407,0.053536046,0.055076767,0.04459101,0.63490087,0.5854063,0.14635158
47692,0.10352256,0.04079659,0.16624852,0.052494545,0.0,0.052494545,0.013123636
47695,0.03907954,0.045564797,0.032594282,0.0409056,0.7012768,0.48488215,0.12122054
47698,0.18290502,0.038596585,0.32721344,0.28027493,0.0,0.28027493,0.07006873
47700,0.11627752,0.03682198,0.19573307,0.19224505,0.0,0.19224505,0.048061263
47703,0.065891676,0.05015291,0.081630446,0.045979697,0.9146784,0.7682679,0.19206698
47706,0.04541695,0.053503707,0.03733019,0.01669682,0.24175797,0.23452587,0.05863147
47709,0.09531341,0.05149417,0.13913266,0.0769893,1.0757202,1.3729368,0.3432342
47712,0.0412623,0.045826852,0.036697745,0.027167631,0.3060619,0.4792376,0.1198094
47715,0.14300318,0.027417475,0.25858888,0.12872243,0.0,0.12872243,0.032180607
47718,0.58987087,0.023122305,1.1566194,1.1039062,0.0,1.1039062,0.27597654
47720,0.11510724,0.02697738,0.2032371,0.11186252,1.926055,1.9188458,0.47971144
47723,0.71017766,0.010340567,1.4100147,1.4174881,0.0,1.4174881,0.35437202
47726,0.07988233,0.00797467,0.15179,0.13416535,0.0,0.13416535,0.033541337
47729,0.026731974,0.0069920043,0.046471942,0.032005247,0.021824995,0.0756924,0.0189231
47732,0.011871112,0.0046771034,0.019065121,0.011954022,0.17120512,0.23172563,0.05793141
47735,0.011371351,0.004392309,0.018350393,0.0093743345,0.29579672,0.29906717,0.07476679
47738,0.016984303,0.0069375467,0.027031058,0.010412961,0.19534425,0.26415396,0.06603849
47740,0.011045647,0.004497008,0.017594285,0.017802546,0.37210545,0.3794811,0.09487028
47743,0.030517003,0.0039566625,0.057077345,0.06696611,0.9186935,1.0321976,0.2580494
47746,0.0091138985,0.004998591,0.013229206,0.0074369945,0.35186914,0.40975758,0.102439396
47749,0.70539683,0.009415551,1.401378,1.4537834,0.0,1.4537834,0.36344585
47752,0.067024715,0.0065277745,0.12752166,0.11127236,1.1188917,1.149978,0.2874945
47755,0.030201247,0.0078389505,0.052563544,0.04416421,0.0,0.04416421,0.011041053
47758,0.035063356,0.009906572,0.060220137,0.05305324,0.0,0.05305324,0.01326331
47760,0.008046616,0.007436195,0.008657037,0.010809161,0.27223054,0.37355745,0.09338936
47763,0.049227864,0.0077646286,0.0906911,0.103361666,1.7636399,1.7209488,0.4302372
47766,0.38335392,0.008303078,0.75840473,0.880457,0.0,0.880457,0.22011425
47769,0.04594027,0.010063833,0.0818167,0.066356994,0.1188413,0.17892139,0.044730347
47772,0.055692602,0.010096145,0.10128906,0.07449362,0.0,0.07449362,0.018623404
47775,0.037455354,0.0111154765,0.06379523,0.058444332,0.044629734,0.111709714,0.027927428
47778,0.042880546,0.013079426,0.072681665,0.051608425,0.9809696,0.87171894,0.21792974
47780,0.46967563,0.011552666,0.92779857,0.92254287,0.0,0.92254287,0.23063572
47783,0.014489275,0.013738123,0.015240428,0.00352613,0.48086438,0.4878746,0.12196865
47786,0.38273898,0.016923735,0.7485542,0.6426466,0.0,0.6426466,0.16066165
47789,0.30150965,0.019655155,0.5833642,0.66817236,0.0,0.66817236,0.16704309
47792,0.048332315,0.026427621,0.07023701,0.04002351,0.0,0.04002351,0.010005877
47795,0.16283105,0.036032185,0.28962994,0.4909326,0.0,0.4909326,0.12273315
47798,0.045784935,0.027832197,0.06373767,0.036624033,0.034019787,0.092648424,0.023162106
47800,0.036400024,0.024416568,0.048383478,0.0077950745,0.27786782,0.36096764,0.09024191
47803,0.0537581,0.0252684,0.0822478,0.05144551,0.10036627,0.15470345,0.038675863
47806,0.039670818,0.02615057,0.053191066,0.03888049,0.78795975,0.8080171,0.20200427
47809,0.13331069,0.040522467,0.22609891,0.19680578,0.0,0.19680578,0.049201444
47812,0.07368841,0.03687467,0.110502146,0.090745814,0.0,0.090745814,0.022686454
47815,0.03147212,0.033454016,0.029490227,0.0029167843,0.2919205,0.2963967,0.074099176
47818,0.11356023,0.049674485,0.17744596,0.38116026,0.0,0.38116026,0.095290065
47820,0.08987934,0.041552242,0.13820644,0.28454068,0.0,0.28454068,0.07113517
47823,0.20639618,0.038981497,0.37381086,0.598069,0.0,0.598069,0.14951725
47826,0.04465283,0.029439839,0.05986582,0.046689555,0.014105002,0.07837256,0.01959314
47829,0.038356964,0.026893461,0.049820464,0.04019593,0.04643337,0.07594157,0.018985393
47832,0.025264496,0.024721235,0.02580776,0.031293314,0.0,0.031293314,0.0078233285
47835,0.07930058,0.03376488,0.12483629,0.04607102,0.0,0.04607102,0.011517755
47838,0.70207,0.03965906,1.364481,0.9938019,0.0,0.9938019,0.24845047
47840,0.046243314,0.025290044,0.067196585,0.024840096,0.013640086,0.056244448,0.014061112
47843,0.082722,0.03578847,0.12965554,0.062880985,0.032891113,0.13358535,0.033396337
47846,0.1101738,0.034729917,0.18561769,0.2860233,0.0,0.2860233,0.07150582
47849,0.08226451,0.043231804,0.12129722,0.040887434,0.0,0.040887434,0.0102218585
47852,0.27083272,0.0481867,0.49347875,0.29721507,0.0,0.29721507,0.07430377
47855,0.040266484,0.03765573,0.04287724,0.005635744,0.610713,0.6625034,0.16562586
47858,0.05194399,0.03315087,0.070737116,0.016801955,0.32342294,0.46392202,0.115980506
47860,0.078304276,0.028063508,0.12854505,0.06647134,0.0,0.06647134,0.016617835
47863,0.25277638,0.020358717,0.48519406,0.58953935,0.0,0.58953935,0.14738484
47866,0.034241278,0.009271138,0.059211414,0.05254586,0.041799624,0.11637672,0.02909418
47869,0.047854986,0.014002383,0.08170759,0.068956666,0.0,0.068956666,0.017239166
47872,0.5805138,0.014618844,1.1464087,1.205496,0.0,1.205496,0.301374
47875,0.05163351,0.01322065,0.090046376,0.067476094,0.81291896,0.7174649,0.17936623
47878,0.02094987,0.014805402,0.02709434,0.010418926,0.2264293,0.21016598,0.052541494
47880,0.05334438,0.018684108,0.08800465,0.05110864,0.0,0.05110864,0.01277716
47883,0.17933522,0.01927381,0.33939663,0.39621606,0.0,0.39621606,0.099054016
47886,0.025728306,0.015398274,0.036058336,0.016540604,0.23724526,0.35886255,0.08971564
47889,0.019616365,0.016946668,0.022286063,0.005904887,0.13019295,0.16622739,0.041556846
47892,0.05717251,0.017876001,0.09646902,0.055603582,0.76206034,0.71131635,0.17782909
47895,0.11755183,0.017639006,0.21746467,0.23267674,0.0,0.23267674,0.058169186
47897,0.054944616,0.01630413,0.0935851,0.09103098,0.0,0.09103098,0.022757744
47900,0.03260486,0.016104419,0.049105298,0.049902216,0.021237692,0.087145925,0.021786481
47903,0.016727248,0.013392784,0.020061715,0.021232096,0.022704601,0.053048972,0.013262243
47906,0.028937012,0.012035511,0.04583851,0.035471365,0.6732359,0.6253808,0.1563452
47909,0.058752432,0.012053199,0.105451666,0.09098234,1.1110994,1.121128,0.280282
47912,0.06102885,0.009366403,0.11269129,0.09491391,0.0,0.09491391,0.023728477
47915,0.019690624,0.009068829,0.030312417,0.02258034,0.42018318,0.4105049,0.10262623
47917,0.034665927,0.016308732,0.05302312,0.029557044,0.55312604,0.534203,0.13355075
47920,0.16875471,0.028110066,0.30939937,0.351495,0.0,0.351495,0.08787375
47923,0.077764094,0.03787307,0.11765512,0.0797131,0.092586994,0.10838544,0.02709636
47926,0.03648859,0.02759931,0.04537787,0.025728727,0.024259567,0.04760942,0.011902355
47929,0.23423214,0.016843116,0.45162117,0.58794534,0.0,0.58794534,0.14698634
47932,0.049755722,0.020507297,0.07900415,0.08328601,1.0483537,1.1429921,0.28574803
47935,0.084174044,0.032443885,0.13590421,0.22247224,0.0,0.22247224,0.05561806
47937,0.14378662,0.021803796,0.26576945,0.37114477,0.0,0.37114477,0.09278619
47940,0.24957962,0.026651576,0.4725077,0.3316042,0.0,0.3316042,0.08290105
47943,0.019033113,0.025128707,0.012937519,0.016467609,0.32903054,0.47368884,0.11842221
47946,0.9100359,0.020097489,1.7999744,1.5219036,0.0,1.5219036,0.3804759
47949,0.029287154,0.026404629,0.03216968,0.0042757317,0.42990017,0.4733959,0.11834898
47952,0.15725029,0.011267815,0.30323276,0.24346541,0.0,0.24346541,0.060866352
47955,0.016952006,0.012062174,0.021841839,0.020937188,0.48700973,0.5188888,0.1297222
47957,0.14990725,0.012193034,0.28762147,0.3493146,0.0,0.3493146,0.08732865
47960,0.026487848,0.01200482,0.040970873,0.020186871,0.021145582,0.031383324,0.007845831
47963,0.17920189,0.014231761,0.344172,0.28004315,0.0,0.28004315,0.07001079
47966,0.026053421,0.01663121,0.03547563,0.039287686,0.121842384,0.11984366,0.029960915
47969,0.029394781,0.011329551,0.04746001,0.04594871,0.96334773,1.0505852,0.2626463
47972,0.040383648,0.0150652975,0.065702,0.032587532,0.0,0.032587532,0.008146883
47975,0.08714533,0.025870413,0.14842024,0.09751222,0.111287676,0.19016004,0.04754001
47977,0.02231887,0.02674082,0.017896919,0.004775461,0.38966164,0.40614104,0.10153526
47980,0.03711237,0.03153166,0.04269308,0.09236928,0.097983204,0.045076687,0.011269172
47983,0.027929157,0.024370147,0.031488165,0.006085863,0.57813454,0.5714235,0.14285587
47986,0.018908495,0.019648269,0.01816872,0.004071375,0.2752582,0.25882515,0.06470629
47989,0.044203702,0.024125716,0.064281695,0.020830441,0.31742144,0.28434747,0.07108687
47992,0.048271786,0.021369407,0.07517416,0.045776144,0.8471615,0.68333393,0.17083348
47995,0.032189738,0.019108785,0.045270685,0.035612017,0.87744886,0.91175586,0.22793896
47997,0.5821671,0.011333945,1.1530002,1.071215,0.0,1.071215,0.26780376
48000,0.8874857,0.015581026,1.7593904,1.5376414,0.0,1.5376414,0.38441035
48003,0.025330156,0.008618779,0.042041536,0.026711682,0.14209245,0.25776306,0.064440764
48006,0.017720085,0.0086089745,0.026831195,0.022829294,0.02144289,0.041992802,0.010498201
48009,0.008637403,0.009260767,0.008014039,0.006560905,0.3659059,0.4185365,0.10463413
48012,0.66377515,0.009069559,1.3184807,1.4193457,0.0,1.4193457,0.35483643
48015,0.027443394,0.0097647635,0.045122027,0.048051316,0.6624424,0.7866254,0.19665635
48017,0.018560594,0.010185792,0.026935393,0.022641048,0.069406666,0.09816458,0.024541145
48020,0.044521987,0.017783755,0.071260214,0.0368746,0.036798317,0.04137064,0.01034266
48023,0.054206192,0.006557046,0.10185534,0.09052053,0.055160243,0.21174407,0.052936018
48026,0.014283046,0.0057700425,0.02279605,0.012717492,0.2731413,0.36575642,0.091439106
48029,0.04811233,0.020970853,0.0752538,0.044551034,0.71748257,0.7065235,0.17663087
48032,0.06306141,0.0069759153,0.119146906,0.14976962,0.0,0.14976962,0.037442405
48035,0.005260357,0.0046917913,0.0058289226,0.002884253,0.13827546,0.12698884,0.03174721
48037,0.051652964,0.0065238215,0.09678211,0.09071999,0.0,0.09071999,0.022679998
48040,0.012498523,0.005072244,0.0199248,0.027773788,0.53987646,0.46393323,0.11598331
48043,0.08862326,0.008322573,0.16892396,0.12526126,0.0,0.12526126,0.031315316
48046,0.02365014,0.0058352263,0.041465055,0.026826018,0.047368526,0.063967966,0.015991991
48049,0.03923479,0.0052379607,0.073231615,0.050570797,1.1257535,0.98602515,0.24650629
48052,0.060231198,0.0055292235,0.11493317,0.11319604,0.0,0.11319604,0.02829901
48055,0.034319688,0.0051821335,0.06345724,0.06463387,0.048477966,0.13202062,0.033005156
48057,0.033553835,0.003989403,0.06311827,0.070136465,0.11895642,0.17625165,0.044062912
48060,0.023818418,0.0040682866,0.04356855,0.040727846,0.0,0.040727846,0.010181962
48063,0.037572306,0.00946906,0.06567555,0.038431227,0.65371704,0.65783376,0.16445844
48066,0.043072592,0.0042990646,0.08184611,0.06771246,0.041151244,0.15643044,0.03910761
48069,0.035555772,0.0037903527,0.06732119,0.058534626,0.8491146,0.84414846,0.21103711
48072,0.020078072,0.0025352906,0.037620854,0.03317573,0.054425877,0.034228094,0.0085570235
48075,0.012727447,0.0061075515,0.019347342,0.009025718,0.58290243,0.61116534,0.15279134
48077,0.032830324,0.007873519,0.05778713,0.06650779,0.0,0.06650779,0.016626947
48080,0.038326215,0.0037250782,0.07292735,0.06626261,0.97918767,0.7913627,0.19784068
48083,0.02400846,0.0028435232,0.045173395,0.051635947,0.0,0.051635947,0.012908987
48086,0.05207172,0.0030977335,0.101045705,0.10789653,0.0,0.10789653,0.026974132
48089,0.032268327,0.0035546655,0.06098199,0.058496807,0.011800925,0.08427858,0.021069646
48092,0.013686231,0.0043142536,0.023058208,0.029449977,0.34026036,0.3518331,0.087958276
48095,0.029552812,0.005802131,0.053303495,0.041990522,0.942838,0.8958543,0.22396357
48097,0.28985104,0.0056831785,0.5740189,0.58247316,0.0,0.58247316,0.14561829
48100,0.014226042,0.010904443,0.01754764,0.0047972817,0.2686267,0.28301188,0.07075297
48103,0.4072628,0.010446557,0.80407906,0.6974798,0.0,0.6974798,0.17436995
48106,0.028691625,0.017383767,0.03999948,0.03682966,0.04881574,0.09421533,0.023553833
48109,0.09282596,0.014437419,0.1712145,0.13059099,0.0,0.13059099,0.032647748
48112,0.20372106,0.016340539,0.3911016,0.5162225,0.0,0.5162225,0.12905562
48115,0.039006334,0.022926586,0.055086076,0.027292961,0.9764202,0.87865347,0.21966337
48117,0.22043675,0.017886676,0.42298684,0.5802806,0.0,0.5802806,0.14507015
48120,0.22948389,0.026383622,0.43258414,0.64819,0.0,0.64819,0.1620475
48123,0.375568,0.024346212,0.7267898,0.5176451,0.0,0.5176451,0.12941128
48126,0.051327407,0.03844038,0.06421444,0.037256327,0.5289013,0.5815733,0.14539333
48129,0.043003928,0.033907656,0.0521002,0.006914981,0.25235733,0.27656257,0.06914064
48132,0.09978139,0.036956195,0.16260658,0.09667943,0.0,0.09667943,0.024169857
48135,0.06819012,0.0380557,0.09832454,0.058538333,0.06778381,0.107226245,0.026806561
48137,0.11524105,0.038879346,0.19160275,0.14441445,0.0,0.14441445,0.036103614
48140,0.08323795,0.0599186,0.1065573,0.035184924,0.7363444,0.75757694,0.18939424
48143,0.10422964,0.049462456,0.15899682,0.055478934,0.0,0.055478934,0.013869734
48146,0.13726671,0.058873896,0.21565954,0.073265426,0.0,0.073265426,0.018316356
48149,0.049035672,0.0811194,0.016951947,0.030047918,0.10942606,0.22864753,0.057161883
48152,0.077313475,0.10398871,0.050638232,0.01152826,0.09899283,0.15585612,0.03896403
48155,0.07169611,0.07536426,0.06802795,0.22512664,0.0,0.22512664,0.05628166
48157,0.14062859,0.09289783,0.18835934,0.054300014,0.86363506,0.86066276,0.21516569
48160,0.1345802,0.08437717,0.18478322,0.044590164,0.011117299,0.07099087,0.017747717
48163,0.63678664,0.082327984,1.1912452,1.8678032,0.0,1.8678032,0.4669508
48166,0.10640804,0.109396376,0.1034197,0.022691103,0.014594396,0.05255261,0.013138153
48169,0.22619379,0.0991897,0.3531979,0.124147676,0.0,0.124147676,0.031036919
48172,0.22080736,0.0822942,0.35932052,0.13323186,0.0,0.13323186,0.033307966
48175,0.12519683,0.098039865,0.15235378,0.1065594,0.19907872,0.20509951,0.051274877
48177,0.55291945,0.08268946,1.0231495,0.58902436,0.0,0.58902436,0.14725609
48180,0.46029577,0.070269845,0.8503217,1.2872037,0.0,1.2872037,0.32180092
48183,0.8183895,0.05328859,1.5834904,1.101842,0.0,1.101842,0.2754605
48186,0.11844642,0.061991453,0.17490138,0.08931198,0.94118506,0.9546725,0.23866813
48189,0.0730356,0.05824852,0.087822676,0.02918146,0.04349057,0.07173289,0.017933223
48192,0.06231418,0.03652529,0.08810306,0.16557568,0.0,0.16557568,0.04139392
48195,0.2731816,0.029549355,0.5168138,0.3446053,0.0,0.3446053,0.086151324
48197,0.06898308,0.036870953,0.1010952,0.11408337,1.4302373,1.40743,0.3518575
48200,0.06636397,0.038444914,0.094283015,0.15626563,0.0,0.15626563,0.039066408
48203,0.036245216,0.034812227,0.03767821,0.041473135,0.7536979,0.63968205,0.15992051
48206,0.06534023,0.038570285,0.092110164,0.030682094,0.06988064,0.115648426,0.028912107
48209,0.06036483,0.03160664,0.08912303,0.1617007,0.0,0.1617007,0.040425174
48212,0.033279624,0.029788679,0.03677057,0.0020567542,0.3349018,0.35979,0.0899475
48215,0.3947345,0.018558247,0.77091074,0.5744729,0.0,0.5744729,0.14361823
48217,0.036002696,0.018969802,0.053035587,0.038427807,1.2016335,1.2571863,0.31429657
48220,0.1335897,0.014461403,0.252718,0.31574106,0.0,0.31574106,0.078935266
48223,0.50509393,0.013610418,0.99657744,0.80919355,0.0,0.80919355,0.20229839
48226,0.049224358,0.014479403,0.0839693,0.045144748,0.0,0.045144748,0.011286187
48229,0.3206829,0.015469161,0.62589663,0.48956048,0.0,0.48956048,0.12239012
48232,0.16899548,0.01771437,0.3202766,0.21068694,0.0,0.21068694,0.052671734
48235,0.49085438,0.0131003065,0.96860844,0.788976,0.0,0.788976,0.197244
48237,0.04329701,0.013387314,0.07320671,0.045747478,0.0,0.045747478,0.011436869
48240,0.032907728,0.014114988,0.05170047,0.074432224,1.055087,0.84312874,0.21078219
48243,0.0332064,0.011627589,0.05478521,0.06136644,1.0601815,0.80771786,0.20192946
48246,0.015643634,0.010937569,0.020349698,0.01096595,0.36916175,0.36755612,0.09188903
48249,0.020239973,0.009745222,0.030734727,0.016454315,0.014387608,0.021077365,0.005269341
48252,0.24880852,0.0057152603,0.4919018,0.47059715,0.0,0.47059715,0.11764929
48255,0.028377235,0.0075834617,0.049171004,0.056219112,0.9099819,0.73227435,0.18306859
48257,0.075052045,0.0073789177,0.14272518,0.14486684,0.0,0.14486684,0.03621671
48260,0.054496706,0.008054569,0.100938834,0.082288094,0.019966602,0.13058607,0.03264652
48263,0.04013742,0.009495686,0.07077916,0.06765945,1.2413659,1.043471,0.26086774
48266,0.00893598,0.009305404,0.008566555,0.0033482413,0.20688955,0.21607001,0.054017503
48269,0.014142816,0.011102068,0.017183565,0.003370868,0.485844,0.5234866,0.13087165
48272,0.013554242,0.01080969,0.016298795,0.0041677933,0.22455327,0.21852486,0.054631215
48275,0.18100943,0.008018197,0.35400066,0.35114217,0.0,0.35114217,0.08778554
48277,0.109940656,0.008676428,0.21120489,0.21240322,0.0,0.21240322,0.053100806
48280,0.5851782,0.010466389,1.1598899,1.1923152,0.0,1.1923152,0.2980788
48283,0.30477682,0.018811367,0.59074223,0.5233402,0.0,0.5233402,0.13083506
48286,0.06096287,0.035969466,0.085956275,0.046838444,0.0542895,0.08248613,0.020621533
48289,0.10948428,0.056246933,0.16272162,0.08982032,0.066428505,0.22161841,0.055404603
48292,0.061315697,0.07405353,0.04857786,0.012330716,0.41906846,0.555677,0.13891925
48295,0.1469027,0.091903776,0.20190163,0.09059533,0.08889043,0.07584671,0.018961677
48297,0.09716209,0.10156848,0.0927557,0.0016436054,0.1728255,0.16652553,0.041631382
48300,0.090360485,0.10937858,0.071342394,0.02171077,0.27773026,0.4246379,0.10615948
48303,0.107765354,0.117435835,0.09809487,0.0052107517,0.15824887,0.19728188,0.04932047
48306,0.9059307,0.12007656,1.6917849,1.1500018,0.0,1.1500018,0.28750044
48309,0.42092872,0.13289708,0.70896035,0.2588959,0.0,0.2588959,0.064723976
48312,0.17096095,0.15058555,0.19133633,0.037817184,0.84961766,0.84514195,0.21128549
48315,0.25212058,0.14378595,0.3604552,0.11896017,0.0,0.11896017,0.029740043
48317,0.1673045,0.16327953,0.17132945,0.0035670062,0.1511035,0.1497537,0.037438426
48320,0.6962753,0.14909099,1.2434596,0.5961924,0.0,0.5961924,0.1490481
48323,1.3704561,0.14283949,2.5980728,1.7964382,0.0,1.7964382,0.44910955
48326,0.22152328,0.19348192,0.24956465,0.052013338,1.2283901,1.2491778,0.31229445
48329,0.21230955,0.1999876,0.2246315,0.059254687,0.0,0.059254687,0.014813672
48332,0.19661795,0.2357992,0.15743668,0.38135433,0.0,0.38135433,0.09533858
48335,0.3841554,0.23573607,0.5325747,0.096024595,0.02978166,0.15332879,0.038332198
48337,0.36197615,0.17336382,0.5505884,1.0546223,0.0,1.0546223,0.26365557
48340,0.3491945,0.21451163,0.48387733,1.1932092,0.0,1.1932092,0.2983023
48343,0.2507172,0.22151129,0.2799231,0.033817206,0.8576911,0.8803582,0.22008955
48346,1.2590479,0.19744897,2.3206465,1.2517499,0.0,1.2517499,0.31293747
48349,0.2576007,0.24924348,0.26595792,0.031284165,0.06353565,0.115414225,0.028853556
48352,0.27579713,0.24111104,0.31048322,0.022390706,0.016682306,0.019008143,0.0047520357
48355,0.23080103,0.21053551,0.25106654,0.08279318,1.2823073,1.3045851,0.32614627
48357,0.84820753,0.1644192,1.5319959,0.8822802,0.0,0.8822802,0.22057004
48360,0.39778563,0.16556603,0.63000524,0.20569892,0.0,0.20569892,0.05142473
48363,0.24144273,0.20868473,0.27420074,0.82399184,0.0,0.82399184,0.20599796
48366,1.4314946,0.21950908,2.64348,1.435442,0.0,1.435442,0.3588605
48369,0.21666314,0.24366255,0.18966372,0.17355305,0.0,0.17355305,0.043388262
48372,0.2731633,0.2684904,0.27783617,0.014468235,0.39863786,0.43856034,0.109640084
48375,0.16642678,0.15283804,0.18001552,0.004240502,0.21545792,0.23863618,0.059659045
48377,0.0739511,0.06421181,0.083690405,0.095132016,0.0,0.095132016,0.023783004
48380,0.055511493,0.03974886,0.07127413,0.035127807,0.03417333,0.08164682,0.020411706
48383,0.5348531,0.013174918,1.0565313,1.2226106,0.0,1.2226106,0.30565265
48386,0.034076054,0.010295167,0.057856943,0.052073374,0.074492455,0.1444438,0.03611095
48389,0.07314975,0.012747976,0.13355152,0.1330059,0.0,0.1330059,0.033251476
48392,0.052462995,0.0128612025,0.09206479,0.079844974,0.0,0.079844974,0.019961243
48395,0.060984958,0.033173684,0.088796236,0.03921806,0.04115327,0.056384537,0.014096134
48397,1.1413208,0.022969306,2.2596724,1.8899969,0.0,1.8899969,0.47249922
48400,0.07049013,0.040664475,0.10031579,0.06883051,0.95930606,1.1000754,0.27501884
48403,0.26464096,0.03945532,0.4898266,0.76434356,0.0,0.76434356,0.19108589
48406,0.11301819,0.029092178,0.19694422,0.09723428,0.1021533,0.0713331,0.017833276
48409,0.063676916,0.033036623,0.0943172,0.040798116,0.08154615,0.17176841,0.042942103
48412,0.030976886,0.02616412,0.035789654,0.0040477286,0.20565553,0.19041158,0.047602896
48415,0.06765463,0.03143393,0.10387533,0.049399238,0.0,0.049399238,0.0123498095
48417,0.888791,0.029238647,1.7483433,1.3656155,0.0,1.3656155,0.34140387
48420,0.11385819,0.0387333,0.18898308,0.17778872,0.0,0.17778872,0.04444718
48423,0.09327219,0.03584219,0.1507022,0.08357442,0.09565306,0.10393373,0.025983432
48426,0.35836414,0.036492202,0.6802361,0.42425707,0.0,0.42425707,0.10606427
48429,0.06549949,0.032174777,0.0988242,0.09781315,0.0,0.09781315,0.024453288
48432,0.047551055,0.036149833,0.058952283,0.057997286,0.0,0.057997286,0.014499322
48435,0.056101095,0.042864382,0.06933781,0.015245214,0.16819064,0.18197477,0.045493692
48437,0.06695554,0.035757843,0.09815323,0.04677169,0.011220932,0.07187447,0.017968617
48440,0.04514731,0.034712605,0.055582017,0.043386266,0.716767,0.643988,0.160997
48443,0.037451893,0.027643157,0.04726063,0.054885495,0.0,0.054885495,0.013721374
48446,0.17329644,0.02625973,0.32033312,0.5014011,0.0,0.5014011,0.12535028
48449,0.65061843,0.040233057,1.2610039,0.90290016,0.0,0.90290016,0.22572504
48452,0.42708862,0.033205785,0.8209715,0.5584343,0.0,0.5584343,0.13960858
48455,0.072761565,0.03829738,0.10722575,0.036932837,0.0,0.036932837,0.009233209
48457,0.036114123,0.029913655,0.042314593,0.052655105,0.0,0.052655105,0.013163776
48460,0.0687943,0.046986032,0.09060257,0.076507986,1.1936938,1.4159966,0.35399914
48463,0.0891917,0.032149386,0.14623402,0.18305339,0.0,0.18305339,0.045763347
48466,0.06821528,0.03291283,0.10351773,0.03618862,0.0,0.03618862,0.009047155
48469,0.12588774,0.043180574,0.2085949,0.106058896,0.0,0.106058896,0.026514724
48472,0.08669805,0.044521917,0.12887417,0.25954852,0.0,0.25954852,0.06488713
48475,0.11963143,0.05546239,0.18380046,0.057851363,0.0,0.057851363,0.014462841
48477,0.119514026,0.06196333,0.17706472,0.0522323,0.055646103,0.047550734,0.0118876835
48480,0.1550559,0.05655304,0.25355873,0.11958871,0.0,0.11958871,0.029897178
48483,0.125266,0.053592414,0.19693957,0.070245,0.0,0.070245,0.01756125
48486,0.06331125,0.045282155,0.081340335,0.09782094,0.0,0.09782094,0.024455234
48489,0.098475136,0.0559482,0.14100207,0.035160173,0.032054264,0.10116738,0.025291845
48492,0.18916541,0.050721303,0.32760954,0.1587991,0.0,0.1587991,0.039699774
48495,0.102653466,0.0494623,0.15584464,0.07176138,1.2727343,1.4713669,0.36784172
48497,0.11158828,0.04917256,0.174004,0.30032602,0.0,0.30032602,0.075081505
48500,0.07801483,0.046211746,0.10981792,0.036747385,0.5347652,0.5299083,0.13247707
48503,0.15994777,0.041866783,0.27802876,0.123227775,0.0,0.123227775,0.030806944
48506,0.06521029,0.034945432,0.09547516,0.03052704,0.032722156,0.04279238,0.010698095
48509,0.046744466,0.033780307,0.059708625,0.016857512,0.0034484863,0.021036,0.005259
48512,0.055624466,0.033307478,0.077941455,0.09186008,0.73925847,0.6944461,0.17361152
48515,0.71080947,0.026859477,1.3947595,1.0654882,0.0,1.0654882,0.26637205
48517,0.087067746,0.023850746,0.15028474,0.10981455,0.0,0.10981455,0.027453637
48520,0.21300347,0.017545315,0.40846166,0.2752509,0.0,0.2752509,0.06881273
48523,0.03547616,0.022855056,0.048097264,0.009004193,0.2007571,0.16266467,0.040666167
48526,0.058070537,0.01617965,0.09996142,0.06338943,0.006403605,0.08383744,0.02095936
48529,0.07672435,0.012321849,0.14112686,0.09635979,0.0,0.09635979,0.024089947
48532,0.045102816,0.01438849,0.07581714,0.06036535,0.070756115,0.10377038,0.025942596
48535,0.027229732,0.013045993,0.04141347,0.048757493,0.0,0.048757493,0.012189373
48537,0.04741333,0.01552133,0.07930533,0.065941304,0.075759254,0.12538208,0.03134552
48540,0.07361248,0.01230465,0.13492031,0.16120237,0.0,0.16120237,0.040300593
48543,0.17744248,0.014715522,0.34016943,0.41502336,0.0,0.41502336,0.10375584
48546,0.037389006,0.015312572,0.059465438,0.027640918,0.060338337,0.058579456,0.014644864
48549,0.028275901,0.01611957,0.040432233,0.041554887,0.0,0.041554887,0.010388722
48552,0.043282017,0.022287846,0.06427619,0.034427587,0.01053683,0.046081234,0.011520308
48555,0.038695913,0.021502957,0.055888865,0.02973027,0.011041641,0.04149738,0.010374345
48557,0.04208326,0.022639446,0.06152707,0.089030065,0.9183801,0.89005834,0.22251458
48560,0.07272489,0.021593252,0.12385654,0.10215258,0.108875275,0.19636333,0.049090832
48563,0.034894932,0.02449537,0.045294493,0.028571352,0.6082141,0.51967746,0.12991937
48566,0.021849096,0.023317555,0.020380637,0.0075017163,0.21102524,0.18698947,0.046747368
48569,0.17557748,0.020719763,0.3304352,0.20603989,0.0,0.20603989,0.051509973
48572,0.03235486,0.02875498,0.035954747,0.0032985404,0.19866407,0.19761641,0.049404103
48575,0.20865224,0.015041865,0.4022626,0.46464804,0.0,0.46464804,0.11616201
48577,0.08186849,0.017341299,0.14639568,0.083339475,1.0175358,1.0244042,0.25610104
48580,0.57589215,0.009264245,1.1425201,1.0917411,0.0,1.0917411,0.27293527
48583,0.06086467,0.012493785,0.10923555,0.1635051,0.0,0.1635051,0.040876277
48586,0.13524725,0.010230484,0.260264,0.30936566,0.0,0.30936566,0.077341415
48589,0.20880516,0.00663319,0.41097713,0.35329404,0.0,0.35329404,0.08832351
48592,0.2804983,0.0057759807,0.55522066,0.47943234,0.0,0.47943234,0.119858086
48595,0.011990431,0.0041766725,0.019804189,0.017034769,0.22612445,0.20116723,0.050291806
48597,0.09335736,0.0057730745,0.18094166,0.23148449,0.0,0.23148449,0.057871122
48600,0.004575212,0.004107799,0.005042625,0.0020508629,0.14388911,0.1352673,0.033816826
48603,0.013497529,0.005778786,0.021216271,0.021641279,0.4062233,0.40747872,0.10186968
48606,0.092820086,0.009956211,0.17568396,0.14762937,0.0,0.14762937,0.03690734
48609,0.0068113157,0.009282382,0.0043402496,0.007028749,0.33457422,0.39755777,0.09938944
48612,0.036488213,0.012765492,0.060210932,0.03829041,0.0129960375,0.06327481,0.015818702
48615,0.04127023,0.0139252255,0.068615235,0.048656743,0.6668386,0.6811134,0.17027836
48617,0.055597454,0.015321154,0.09587375,0.11344266,0.0,0.11344266,0.028360665
48620,0.2639871,0.019462774,0.50851136,0.6774981,0.0,0.6774981,0.16937453
48623,0.08671255,0.024744993,0.1486801,0.2497865,0.0,0.2497865,0.062446624
48626,0.06733548,0.028914323,0.10575663,0.13779497,0.0,0.13779497,0.034448743
48629,0.2608728,0.025651462,0.49609414,0.72527003,0.0,0.72527003,0.18131751
48632,0.16613518,0.04258077,0.28968957,0.15061152,0.0,0.15061152,0.03765288
48635,0.09275655,0.03664835,0.14886475,0.08943775,1.5523516,1.7815547,0.44538867
48637,0.09713757,0.033997606,0.16027753,0.08192291,0.0,0.08192291,0.020480728
48640,0.75815636,0.023707507,1.4926052,1.8490211,0.0,1.8490211,0.46225527
48643,0.0841161,0.02076611,0.14746608,0.09549228,0.0,0.09549228,0.02387307
48646,0.03986323,0.024709314,0.055017143,0.0878011,0.0,0.0878011,0.021950275
48649,0.054461595,0.024380734,0.08454245,0.074569836,1.1068529,1.1168056,0.2792014
48652,0.2938669,0.02129057,0.56644326,0.7682845,0.0,0.7682845,0.19207112
48655,0.05094999,0.014629527,0.08727046,0.050345495,0.0,0.050345495,0.012586374
48657,0.047585845,0.014836411,0.08033528,0.04118063,0.0,0.04118063,0.010295157
48660,0.11516749,0.015886506,0.21444847,0.3005481,0.0,0.3005481,0.07513703
48663,0.20730168,0.017649299,0.39695406,0.28442267,0.0,0.28442267,0.07110567
48666,0.08833274,0.023925953,0.15273952,0.08764851,0.04020055,0.17475069,0.04368767
48669,0.071635954,0.020323928,0.12294797,0.057433546,0.0,0.057433546,0.014358386
48672,0.059743185,0.022899663,0.096586704,0.054018218,0.0,0.054018218,0.0135045545
48675,0.03846948,0.026041457,0.050897498,0.07138318,0.062978745,0.06528222,0.016320555
48677,0.092891715,0.024254195,0.16152923,0.09778326,1.0578318,1.0641376,0.2660344
48680,0.20457779,0.021683574,0.387472,0.4743313,0.0,0.4743313,0.11858282
48683,0.07823306,0.027025485,0.12944064,0.06370438,0.08683014,0.089070775,0.022267694
48686,0.06566327,0.02815654,0.10317,0.048501983,0.05203867,0.066767834,0.016691959
48689,0.05378887,0.023597047,0.08398069,0.082105234,1.1973051,1.2887949,0.32219872
48692,0.023628322,0.026810378,0.020446267,0.0034099668,0.25180754,0.25567925,0.06391981
48695,0.026386425,0.020919219,0.031853627,0.030095624,0.5176951,0.45050696,0.11262674
48697,0.09967896,0.01615183,0.1832061,0.12090818,0.0,0.12090818,0.030227045
48700,0.15695596,0.012206492,0.30170542,0.24029422,0.0,0.24029422,0.060073555
48703,0.37369692,0.0069638253,0.74043006,0.6792438,0.0,0.6792438,0.16981095
48706,0.008945414,0.0076930164,0.010197811,0.012994518,0.2429157,0.35128498,0.087821245
48709,0.08262179,0.0039539714,0.16128962,0.13953745,0.0,0.13953745,0.034884363
48712,0.008174525,0.005180697,0.011168352,0.005617214,0.32808998,0.3497028,0.0874257
48715,0.055943687,0.0040389164,0.10784846,0.091700055,1.153346,1.2530121,0.31325302
48717,0.004674537,0.003256357,0.0060927174,0.0028993238,0.24940045,0.2502515,0.062562875
48720,0.05196246,0.0033480946,0.100576825,0.089596994,0.091794334,0.17759241,0.044398103
48723,0.037445493,0.0032368859,0.0716541,0.06626438,1.3675455,1.316699,0.32917476
48726,0.011259266,0.0034861595,0.019032374,0.018767798,0.039773304,0.06225805,0.015564512
48729,0.059971888,0.0034331807,0.1165106,0.1089437,0.0,0.1089437,0.027235925
48732,0.06402094,0.0035504408,0.12449143,0.117704175,0.0,0.117704175,0.029426044
48735,0.004335809,0.0028100612,0.005861556,0.005637161,0.37368646,0.39408708,0.09852177
48737,0.04146756,0.0039425422,0.078992575,0.08333967,0.0,0.08333967,0.020834917
48740,0.009297044,0.0038808293,0.01471326,0.007855594,0.3225309,0.31437486,0.078593716
48743,0.504693,0.005370935,1.004015,0.9674179,0.0,0.9674179,0.24185447
48746,0.0069117113,0.005650336,0.008173087,0.007515963,0.21135204,0.20493066,0.051232666
48749,0.05187827,0.007079655,0.096676886,0.08110836,0.0,0.08110836,0.02027709
48752,0.18333834,0.008209838,0.35846686,0.3748192,0.0,0.3748192,0.0937048
48755,0.4694445,0.007558634,0.9313304,0.89047813,0.0,0.89047813,0.22261953
48757,0.0111928275,0.0072258967,0.015159759,0.0064666555,0.20353858,0.18640257,0.046600644
48760,0.006266113,0.0075567104,0.004975515,0.0033562009,0.32390276,0.32128385,0.08032096
48763,0.01911444,0.008128462,0.03010042,0.03752647,0.03152148,0.031938273,0.007984568
48766,0.44244397,0.0064608944,0.878427,0.8796688,0.0,0.8796688,0.2199172
48769,0.09874988,0.006538652,0.19096112,0.18460004,0.0,0.18460004,0.04615001
48772,0.054793213,0.006888855,0.10269757,0.08094638,0.0,0.08094638,0.020236595
48775,0.047188368,0.007886864,0.08648986,0.08218292,0.043345768,0.16917361,0.042293403
48777,0.045438975,0.007864982,0.08301297,0.075729854,1.2425416,1.3174666,0.32936665
48780,0.009538718,0.0074110273,0.011666407,0.009865143,0.18643725,0.15313932,0.03828483
48783,0.02441422,0.008243428,0.040585015,0.034576695,0.027851105,0.023812756,0.005953189
48786,0.0146983145,0.009023369,0.020373257,0.006217677,0.124848045,0.10918236,0.02729559
48789,0.09689558,0.006778261,0.18701291,0.17956893,0.0,0.17956893,0.044892233
48792,0.008766509,0.008951211,0.008581805,0.008085649,0.33617386,0.35107234,0.087768085
48795,0.060470134,0.009681665,0.1112586,0.07999306,0.09284576,0.114205875,0.028551469
48797,0.0077586486,0.009943827,0.0055734706,0.010296852,0.3048552,0.3868947,0.096723676
48800,0.009831894,0.011673685,0.007990103,0.01192435,0.1407245,0.21610482,0.054026205
48803,0.0143218115,0.012665483,0.01597814,0.0030292838,0.23212306,0.24648501,0.061621252
48806,0.5709824,0.014981829,1.126983,1.2639157,0.0,1.2639157,0.3159789
48809,0.19289249,0.018201886,0.36758313,0.25041473,0.0,0.25041473,0.06260368
48812,0.28275296,0.019095046,0.54641086,0.39072165,0.0,0.39072165,0.09768041
48815,0.9823175,0.021364184,1.9432708,1.6257143,0.0,1.6257143,0.40642858
48817,0.050625604,0.024826303,0.076424904,0.050676256,0.96209973,0.9720125,0.24300313
48820,0.12181812,0.029184798,0.21445143,0.36842826,0.0,0.36842826,0.092107065
48823,0.6110689,0.026968895,1.195169,0.89637595,0.0,0.89637595,0.22409399
48826,0.031025575,0.031377126,0.030674025,0.004031165,0.27949557,0.29060623,0.07265156
48829,0.049585965,0.03228875,0.06688318,0.02385358,0.73812133,0.6813359,0.17033398
48832,0.07901797,0.039902654,0.118133284,0.06259974,0.88716173,0.90640324,0.22660081
48835,0.09640807,0.03990249,0.15291364,0.06339565,0.0636816,0.057715774,0.014428943
48837,0.03697001,0.034275685,0.03966434,0.07471336,0.061412495,0.034765866,0.008691466
48840,0.06379297,0.034778282,0.09280765,0.030452676,0.45108306,0.3987616,0.0996904
48843,0.029432582,0.028709998,0.030155167,0.03595725,0.58598834,0.44019154,0.110047884
48846,0.05466226,0.02615419,0.08317033,0.04696371,1.0915885,1.0562831,0.26407078
48849,0.1146718,0.023687823,0.20565577,0.116129905,0.9580366,0.8933172,0.2233293
48852,0.07620792,0.024313865,0.12810197,0.069862485,0.9079482,0.885653,0.22141325
48854,0.05365519,0.017512932,0.08979744,0.061725497,1.7133623,1.83708,0.45927
48857,0.665248,0.01258589,1.3179101,1.4152254,0.0,1.4152254,0.35380635
48860,0.016375639,0.020580499,0.012170778,0.0139709525,0.1605343,0.24739814,0.061849535
48863,0.12815158,0.011651997,0.24465115,0.21431686,0.0,0.21431686,0.053579215
48866,0.012895827,0.014818122,0.010973535,0.003994091,0.48992094,0.49751422,0.124378555
48869,0.046898875,0.014498849,0.079298906,0.077746935,0.015452067,0.11754621,0.029386552
48872,0.12992124,0.010823739,0.24901874,0.29232466,0.0,0.29232466,0.073081166
48874,0.067766465,0.016682552,0.11885037,0.08046423,1.1236063,1.0283151,0.25707877
48877,0.02876153,0.009547291,0.047975767,0.04440285,1.1645418,1.020578,0.2551445
48880,0.022191478,0.00916111,0.035221845,0.03361945,0.4086096,0.37884662,0.094711654
48883,0.03770241,0.0066283965,0.06877642,0.064536154,0.0,0.064536154,0.016134039
48886,0.5410256,0.007231368,1.0748197,1.1934042,0.0,1.1934042,0.29835105
48889,0.18622923,0.0044969837,0.3679615,0.40357268,0.0,0.40357268,0.10089317
48892,0.026160745,0.0062230993,0.046098392,0.03595842,0.0,0.03595842,0.008989605
48894,0.03960535,0.0061562955,0.0730544,0.07834528,0.7777848,0.8048499,0.20121248
48897,0.07544237,0.008590771,0.14229397,0.15133582,0.0,0.15133582,0.037833955
48900,0.10822064,0.007527055,0.20891422,0.15073937,0.0,0.15073937,0.037684843
48903,0.020393377,0.007945492,0.03284126,0.029380998,0.4637287,0.4599017,0.11497542
48906,0.18684317,0.0097096525,0.36397672,0.42086282,0.0,0.42086282,0.105215706
48909,0.046356168,0.0109788515,0.08173348,0.082244255,0.88442737,0.8718254,0.21795635
48912,0.49751475,0.012410775,0.98261875,1.0308985,0.0,1.0308985,0.2577246
48914,0.41993594,0.015092447,0.82477945,0.78241396,0.0,0.78241396,0.19560349
48917,0.032836717,0.012669869,0.053003564,0.029343704,0.0077471733,0.043890197,0.010972549
48920,0.3328955,0.013458793,0.6523321,0.5303685,0.0,0.5303685,0.13259213
48923,0.018312996,0.015162301,0.02146369,0.002516912,0.19775915,0.19077624,0.04769406
48926,0.024691552,0.010366958,0.039016146,0.021701759,0.026422977,0.02903293,0.0072582327
48929,0.16713805,0.009307727,0.32496837,0.3290598,0.0,0.3290598,0.08226495
48932,0.012860696,0.013970372,0.011751018,0.0031263523,0.17378002,0.20367944,0.05091986
48934,0.025843339,0.011371504,0.040315177,0.032712404,0.021828651,0.053008825,0.013252206
48937,0.044078782,0.011929373,0.076228194,0.07007297,0.07091061,0.11562243,0.028905608
48940,0.113592215,0.009432721,0.21775173,0.22768421,0.0,0.22768421,0.056921054
48943,0.046144944,0.010375649,0.08191424,0.0634359,0.0,0.0634359,0.015858974
48946,0.02932992,0.0104012815,0.04825856,0.049101997,0.056848843,0.12875615,0.032189038
48949,0.10483187,0.011657086,0.19800664,0.16862841,0.0,0.16862841,0.042157102
48952,0.014836458,0.010377023,0.019295894,0.011938983,0.25152758,0.22129034,0.055322584
48954,0.2486101,0.009674408,0.48754582,0.5054567,0.0,0.5054567,0.12636417
48957,0.6367068,0.009341061,1.2640725,1.2016557,0.0,1.2016557,0.30041394
48960,0.010643358,0.0093864305,0.011900286,0.003119978,0.28073692,0.27439114,0.068597786
48963,0.01994819,0.008958116,0.030938262,0.021219715,0.02556912,0.038610425,0.009652606
48966,0.015887294,0.007765939,0.024008648,0.010918644,0.20451327,0.29373777,0.07343444
48969,0.05373834,0.0060322094,0.101444475,0.08118528,0.0,0.08118528,0.02029632
48972,0.0060105748,0.006082197,0.0059389523,0.0068632937,0.30576292,0.34607068,0.08651767
48974,0.04349571,0.0055471756,0.08144424,0.057287727,0.81548804,0.7735543,0.19338858
48977,0.28331265,0.005083086,0.5615422,0.51571506,0.0,0.51571506,0.12892877
48980,0.49467877,0.004018713,0.98533887,0.99044544,0.0,0.99044544,0.24761136
48983,0.006079206,0.003465799,0.008692612,0.005004186,0.42529297,0.48945093,0.12236273
48986,0.06635734,0.00745575,0.12525892,0.16082032,0.0,0.16082032,0.04020508
48989,0.044958357,0.0024003116,0.087516405,0.08717879,1.0135127,1.0701574,0.26753935
48992,0.0069545545,0.0026688417,0.011240267,0.012881224,0.20115006,0.29667488,0.07416872
48994,0.014159113,0.0036450617,0.024673164,0.025446892,0.017624537,0.054218847,0.013554712
48997,0.022518916,0.005850112,0.03918772,0.04346952,0.68840885,0.7491624,0.1872906
49000,0.6391302,0.0104442155,1.2678162,1.324313,0.0,1.324313,0.33107826
49003,0.006845498,0.0068418835,0.0068491115,0.0063519715,0.1989886,0.20727044,0.05181761
49006,0.52197284,0.011022229,1.0329233,1.0024472,0.0,1.0024472,0.2506118
49009,0.050796617,0.0065276115,0.09506562,0.07655113,0.0254639,0.13555439,0.033888597
49012,0.03253174,0.0075385137,0.057524964,0.06349987,0.072257675,0.16967303,0.042418256
49014,0.05325045,0.008269672,0.09823123,0.085976414,1.4364262,1.4969307,0.37423268
49017,0.020454498,0.006378991,0.034530003,0.03367356,0.0,0.03367356,0.00841839
49020,0.16514783,0.0061471094,0.32414854,0.26928207,0.0,0.26928207,0.06732052
49023,0.36716607,0.007819677,0.7265125,0.8338354,0.0,0.8338354,0.20845886
49026,0.04319256,0.008734769,0.077650346,0.068930656,1.4744295,1.5298916,0.3824729
49029,0.0068805427,0.00791765,0.005843436,0.0024807344,0.16064622,0.17380129,0.043450322
49032,0.067405425,0.0043901033,0.13042074,0.13962483,0.0,0.13962483,0.03490621
49034,0.027024494,0.0045135315,0.049535457,0.054421086,0.0,0.054421086,0.0136052715
49037,0.2524226,0.004220486,0.5006247,0.493674,0.0,0.493674,0.1234185
49040,0.07159323,0.004069736,0.13911672,0.12116601,0.0,0.12116601,0.030291503
49043,0.35270917,0.0040837196,0.70133466,0.70664674,0.0,0.70664674,0.17666169
49046,0.056804713,0.004514756,0.10909467,0.10042557,0.0,0.10042557,0.025106393
49049,0.028735682,0.005379725,0.05209164,0.06469048,1.6244087,1.8719325,0.46798313
49052,0.24049078,0.004386226,0.4765953,0.4745632,0.0,0.4745632,0.1186408
49054,0.017869242,0.006958148,0.028780336,0.028618261,0.02641805,0.07466136,0.01866534
49057,0.104637064,0.004548214,0.20472592,0.16940832,0.0,0.16940832,0.04235208
49060,0.026215374,0.005829776,0.04660097,0.038116056,0.6769919,0.73276216,0.18319054
49063,0.008341513,0.0044474215,0.012235604,0.013464841,0.38867852,0.5291106,0.13227765
49066,0.24113524,0.0030482595,0.4792222,0.46806753,0.0,0.46806753,0.11701688
49069,0.0061527365,0.004526681,0.007778793,0.0069092554,0.17144804,0.18034159,0.045085397
49072,0.0072950535,0.0050706845,0.009519423,0.010418355,0.3217236,0.4343051,0.108576275
49074,0.039024565,0.003490083,0.074559055,0.06384959,0.0,0.06384959,0.015962398
49077,0.014535424,0.0048079663,0.024262883,0.02712286,0.44859728,0.41866097,0.10466524
49080,0.28093964,0.003602212,0.5582771,0.5678,0.0,0.5678,0.14195
49083,0.19711234,0.003825116,0.39039958,0.41519928,0.0,0.41519928,0.10379982
49086,0.037573397,0.0053534615,0.069793336,0.06414852,0.06471797,0.1528107,0.038202673
49089,0.008420934,0.005866205,0.010975664,0.019616174,0.20587939,0.32932508,0.08233127
49092,0.015372769,0.007758247,0.022987291,0.034402907,0.40513673,0.32830185,0.08207546
49094,0.040964104,0.004217084,0.07771113,0.0575507,0.0,0.0575507,0.014387675
49097,0.0048479657,0.0039563016,0.0057396297,0.0077091823,0.18216212,0.23049451,0.05762363
49100,0.60929024,0.004194302,1.2143861,1.1558989,0.0,1.1558989,0.28897473
49103,0.03715231,0.00486556,0.06943905,0.06600566,1.173449,1.236127,0.30903175
49106,0.115448706,0.0074958927,0.2234015,0.21931314,0.0,0.21931314,0.054828286
49109,0.055120856,0.0072295447,0.10301217,0.10804403,1.0964254,1.0572389,0.26430973
49112,0.460259,0.008576392,0.9119416,0.9099169,0.0,0.9099169,0.22747922
49114,0.022279317,0.009157169,0.035401467,0.028295701,0.021967888,0.056015294,0.0140038235
49117,0.04324642,0.010581429,0.0759114,0.061082244,1.5435606,1.4636666,0.36591664
49120,0.36265528,0.010207222,0.7151033,0.71432143,0.0,0.71432143,0.17858036
49123,0.031516492,0.01317124,0.049861744,0.043450624,0.025907198,0.061212912,0.015303228
49126,0.12652455,0.011854146,0.24119496,0.1862157,0.0,0.1862157,0.046553925
49129,0.88824004,0.013499868,1.7629801,1.66922,0.0,1.66922,0.417305
49132,0.011962841,0.012407321,0.01151836,0.001964383,0.21320312,0.2207704,0.0551926
49134,0.15683411,0.013792242,0.29987597,0.24872673,0.0,0.24872673,0.06218168
49137,0.03523014,0.014251247,0.05620904,0.050305337,0.77712613,0.6555414,0.16388535
49140,0.06987855,0.017029721,0.12272737,0.10291883,0.0,0.10291883,0.025729708
49143,0.034725834,0.018829966,0.050621703,0.04063742,0.6647114,0.70202845,0.17550711
49146,0.19665313,0.019711908,0.37359437,0.32567123,0.0,0.32567123,0.08141781
49149,0.09582577,0.022548065,0.16910349,0.1914103,0.0,0.1914103,0.047852576
49152,0.8691215,0.025776817,1.7124661,1.5775648,0.0,1.5775648,0.3943912
49154,0.0650062,0.026996082,0.10301632,0.09192117,0.0,0.09192117,0.022980293
49157,0.4894251,0.031619444,0.94723076,0.80004007,0.0,0.80004007,0.20001002
49160,0.03804115,0.03784949,0.038232807,0.0031696055,0.269087,0.27617332,0.06904333
49163,0.33177426,0.039959,0.6235895,0.45744026,0.0,0.45744026,0.114360064
49166,0.08348123,0.04169746,0.125265,0.082521215,0.0,0.082521215,0.020630304
49169,0.044786036,0.051533435,0.03803864,0.1468677,0.0,0.1468677,0.036716927
49172,0.65829045,0.05470116,1.2618798,1.498518,0.0,1.498518,0.3746295
49174,0.061073873,0.06107044,0.06107731,0.010412153,0.20631427,0.21260633,0.05315158
49177,0.09415618,0.06451877,0.1237936,0.31054485,0.0,0.31054485,0.07763621
49180,0.08683815,0.06860609,0.105070196,0.03924123,0.519917,0.447875,0.11196875
49183,0.13960811,0.08963233,0.1895839,0.06351237,0.11143041,0.17713948,0.04428487
49186,0.09726962,0.095603116,0.09893611,0.0016971799,0.19616859,0.1999725,0.049993124
49189,0.1643271,0.09187902,0.2367752,0.45494232,0.0,0.45494232,0.11373558
49192,0.11724121,0.107277475,0.12720495,0.07092309,0.04485591,0.14299814,0.035749536
49194,0.20765346,0.10674623,0.3085607,0.64640975,0.0,0.64640975,0.16160244
49197,0.13907777,0.10909446,0.16906108,0.44300926,0.0,0.44300926,0.110752314
49200,0.1707343,0.10950171,0.2319669,0.53861904,0.0,0.53861904,0.13465476
49203,0.18988043,0.14207025,0.23769061,0.04218213,0.66415304,0.66042167,0.16510542
49206,0.2966233,0.17126215,0.42198443,0.0963526,0.0,0.0963526,0.02408815
49209,0.22790098,0.2133631,0.24243887,0.06403991,1.4777266,1.6017805,0.40044513
49212,0.41229126,0.17504604,0.64953643,0.24345846,0.0,0.24345846,0.060864616
49214,0.1472617,0.17683823,0.11768514,0.21086103,0.0,0.21086103,0.052715257
49217,0.20969822,0.18735866,0.23203778,0.108150266,1.2991915,1.4046348,0.3511587
49220,0.24690408,0.1639782,0.32982996,0.067923374,0.028052172,0.12618835,0.03154709
49223,0.11900401,0.13773601,0.10027202,0.051720142,0.57401305,0.49109888,0.12277472
49226,0.26544723,0.07879146,0.45210302,0.21377283,0.0,0.21377283,0.05344321
49229,0.27502087,0.06620165,0.48384008,0.26240137,0.0,0.26240137,0.06560034
49232,0.13572246,0.061044574,0.21040034,0.2311589,0.0,0.2311589,0.057789724
49234,0.51783323,0.05386593,0.98180056,1.3811164,0.0,1.3811164,0.3452791
49237,0.09421324,0.07112372,0.11730275,0.03798103,0.012366612,0.05720072,0.01430018
49240,0.2862077,0.049077373,0.5233381,0.6285761,0.0,0.6285761,0.15714402
49243,0.10604756,0.062153187,0.14994194,0.07812094,1.4512926,1.6115279,0.40288198
49246,0.056643497,0.046000082,0.067286916,0.0045017214,0.38303328,0.43640038,0.109100096
49249,0.054408956,0.032345705,0.076472215,0.04030582,0.6792011,0.5582286,0.13955715
49252,0.06429386,0.029006282,0.09958144,0.09762911,1.0760871,1.4768165,0.36920413
49254,0.09465679,0.015570849,0.17374271,0.094292186,0.0,0.094292186,0.023573047
49257,0.025950836,0.016884139,0.03501753,0.015692392,0.41265476,0.41710111,0.10427528
49260,0.21041094,0.012546022,0.40827584,0.44950032,0.0,0.44950032,0.11237508
49263,0.061792854,0.013793585,0.10979212,0.06830965,0.83336,0.6094043,0.15235108
49266,0.123903394,0.009417326,0.23838945,0.17920141,0.0,0.17920141,0.044800352
49269,0.010447927,0.0103424,0.010553453,0.004656773,0.10736076,0.11407369,0.028518422
49272,0.44766593,0.011174224,0.88415766,0.73785114,0.0,0.73785114,0.18446279
49274,0.019846138,0.015362483,0.02432979,0.010548808,0.09809335,0.104656436,0.026164109
49277,0.07117199,0.020593083,0.12175089,0.080310695,0.0,0.080310695,0.020077674
49280,0.021026885,0.020571047,0.02148272,0.010427381,0.11968628,0.13099597,0.032748993
49283,0.73528075,0.038816374,1.431745,1.0331132,0.0,1.0331132,0.2582783
49286,0.08902002,0.036779877,0.14126016,0.089548744,1.0938778,1.1435165,0.28587914
49289,0.09621775,0.04681511,0.14562039,0.05412675,0.76390076,0.6564265,0.16410662
49292,0.058760602,0.05432046,0.06320075,0.028965188,0.0,0.028965188,0.007241297
49294,0.26667824,0.06971929,0.46363723,0.19751167,0.0,0.19751167,0.04937792
49297,0.09718776,0.08263779,0.11173773,0.25947654,0.0,0.25947654,0.064869136
49300,0.9847851,0.06530947,1.9042606,1.3442473,0.0,1.3442473,0.33606184
49303,0.05641484,0.022661736,0.09016794,0.07952281,1.0070362,1.119068,0.279767
49306,0.2159832,0.037904087,0.39406228,0.6052492,0.0,0.6052492,0.1513123
49309,0.02978239,0.028232753,0.031332027,0.042610426,0.07840443,0.078768134,0.019692034
49312,0.045219168,0.023359137,0.067079194,0.098070145,0.019527435,0.15156005,0.037890013
49314,0.78412265,0.03196341,1.536282,1.1870296,0.0,1.1870296,0.2967574
49317,0.19386677,0.020807328,0.3669262,0.4986585,0.0,0.4986585,0.12466463
49320,0.30171144,0.02041127,0.5830116,0.40917364,0.0,0.40917364,0.10229341
49323,0.07099363,0.021231716,0.12075555,0.07811692,0.0,0.07811692,0.01952923
49326,0.045012325,0.023829991,0.06619466,0.07826986,0.0,0.07826986,0.019567465
49329,0.102401115,0.019854905,0.18494733,0.12531483,1.1378199,1.132548,0.283137
49332,0.016747892,0.016271817,0.017223967,0.008050345,0.2733808,0.25048944,0.06262236
49334,0.033699773,0.019770548,0.047629,0.05666341,0.8464844,0.79895544,0.19973886
49337,0.13714068,0.025782457,0.2484989,0.34130058,0.0,0.34130058,0.085325144
49340,0.025617583,0.020700091,0.030535072,0.049097512,0.0574522,0.059055757,0.014763939
49343,0.26621893,0.021429544,0.5110083,0.68573815,0.0,0.68573815,0.17143454
49346,0.3286973,0.020059729,0.6373348,0.7763471,0.0,0.7763471,0.19408678
49349,0.17910194,0.011125232,0.34707865,0.41667557,0.0,0.41667557,0.10416889
49352,0.035445448,0.0054817703,0.065409124,0.06360853,0.017636457,0.10886579,0.027216448
49354,0.06790189,0.0059421794,0.12986161,0.10824984,1.1323142,1.1611006,0.29027516
49357,0.039872605,0.0059780697,0.07376714,0.0585437,0.034976482,0.09395704,0.02348926
49360,0.015852908,0.007388151,0.024317665,0.017409602,0.0,0.017409602,0.0043524005
49363,0.04339896,0.008489742,0.07830819,0.07235001,1.2463002,1.3327075,0.33317688
49366,0.15324098,0.0111828195,0.29529914,0.31562352,0.0,0.31562352,0.07890588
49369,0.0540297,0.014343034,0.09371636,0.078531854,0.0,0.078531854,0.019632963
49372,0.1924242,0.016363608,0.36848477,0.45411023,0.0,0.45411023,0.11352756
49374,0.04192156,0.017859954,0.06598317,0.06095183,1.5917597,1.8050971,0.45127428
49377,0.06430956,0.02131378,0.107305326,0.07032249,1.0822802,1.1390533,0.28476334
49380,0.6227122,0.02084141,1.224583,1.0660518,0.0,1.0660518,0.26651296
49383,0.029016057,0.023886902,0.034145217,0.0028008043,0.25257173,0.28258747,0.07064687
49386,0.051960647,0.027820066,0.07610123,0.13758516,0.0,0.13758516,0.03439629
49389,0.08355562,0.03500163,0.1321096,0.07848304,0.086921215,0.08630302,0.021575755
49392,0.20643973,0.033597544,0.3792819,0.21348841,0.0,0.21348841,0.053372104
49394,0.16986305,0.03899115,0.30073497,0.23362704,0.0,0.23362704,0.05840676
49397,0.07612551,0.051740367,0.10051066,0.07857931,1.4317428,1.6145324,0.4036331
49400,0.8049378,0.052673444,1.557202,1.1307203,0.0,1.1307203,0.28268006
49403,0.07578674,0.07023583,0.08133764,0.045581862,0.9190483,0.84757185,0.21189296
49406,0.2797988,0.07066438,0.48893324,0.87486714,0.0,0.87486714,0.21871679
49409,0.10792365,0.10070041,0.1151469,0.04439177,0.036011856,0.11050248,0.02762562
49412,0.072936155,0.09379327,0.05207904,0.15321876,0.0,0.15321876,0.03830469
49414,0.41633,0.091078304,0.74158174,1.2991424,0.0,1.2991424,0.3247856
49417,0.11108583,0.10171322,0.12045845,0.02063748,0.018874964,0.043674786,0.010918696
49420,0.12223277,0.089139305,0.15532623,0.047627736,0.0,0.047627736,0.011906934
49423,0.14478125,0.10938134,0.18018116,0.06658481,1.2790953,1.2828783,0.32071957
49426,0.64287716,0.10461873,1.1811355,0.6164723,0.0,0.6164723,0.15411808
49429,0.505244,0.10457071,0.90591735,0.42143974,0.0,0.42143974,0.105359934
49432,0.15701647,0.12826319,0.18576974,0.07230774,1.5113783,1.4477516,0.3619379
49434,0.16179563,0.13087521,0.19271605,0.024577893,0.0,0.024577893,0.0061444733
49437,0.11362844,0.1334928,0.093764074,0.23607685,0.0,0.23607685,0.05901921
49440,0.10416624,0.13982904,0.06850345,0.21340208,0.0,0.21340208,0.05335052
49443,0.1531423,0.17641647,0.12986813,0.033123694,0.059171718,0.12733127,0.031832818
49446,0.17189258,0.15392151,0.18986364,0.5228381,0.0,0.5228381,0.13070953
49449,0.13628338,0.163848,0.108718775,0.13910516,0.0,0.13910516,0.03477629
49452,0.13791086,0.17490824,0.100913495,0.16875966,0.0,0.16875966,0.042189915
49454,0.10974363,0.1550335,0.064453766,0.13500844,0.0,0.13500844,0.03375211
49457,0.18288888,0.090238154,0.2755396,0.1052801,0.0,0.1052801,0.026320025
49460,0.08587263,0.092972815,0.07877245,0.04069536,0.47964033,0.41171464,0.10292866
49463,0.11698093,0.10486722,0.12909465,0.0033470858,0.32042947,0.3616941,0.090423524
49466,0.14371972,0.10217708,0.18526234,0.041162714,0.011705399,0.072029516,0.018007379
49469,0.2747145,0.110045396,0.4393836,0.124105714,0.0,0.124105714,0.031026429
49472,0.11941805,0.120720886,0.118115194,0.09956097,0.0,0.09956097,0.024890242
49474,0.54214495,0.1263128,0.95797706,0.4099755,0.0,0.4099755,0.102493875
49477,0.1805523,0.10785002,0.25325456,0.61052626,0.0,0.61052626,0.15263157
49480,0.12995817,0.12273299,0.13718335,0.0070897886,0.4142653,0.46144435,0.11536109
49483,0.23326369,0.11660319,0.3499242,0.8342776,0.0,0.8342776,0.2085694
49486,0.1409271,0.10467257,0.17718165,0.50765884,0.0,0.50765884,0.12691471
49489,0.077073835,0.09549465,0.058653016,0.06864039,0.0,0.06864039,0.017160097
49492,0.16874059,0.099805616,0.23767555,0.081202395,0.029115042,0.14972119,0.037430298
49494,0.12715392,0.08885497,0.16545288,0.08011714,1.1183431,1.2483864,0.3120966
49497,0.5469995,0.07767895,1.0163201,0.5583008,0.0,0.5583008,0.1395752
49500,0.1346909,0.10990403,0.15947776,0.027946383,0.5324612,0.5284247,0.13210617
49503,0.16156109,0.08843052,0.23469166,0.06009273,0.055026848,0.032140505,0.008035126
49506,0.08929414,0.08463288,0.093955405,0.0029119232,0.15751381,0.14514737,0.036286842
49509,0.07858494,0.05409662,0.10307326,0.18627125,0.0,0.18627125,0.046567813
49512,0.07594794,0.05647105,0.09542483,0.14092371,0.0,0.14092371,0.035230927
49514,0.1059824,0.06469875,0.14726605,0.05040263,0.1023914,0.1352704,0.0338176
49517,0.069663405,0.05187514,0.087451674,0.059335906,0.9156046,1.0111499,0.25278747
49520,0.07848403,0.054967444,0.10200062,0.026658438,0.046857834,0.08239857,0.020599643
49523,0.0813685,0.04564425,0.11709275,0.048542783,0.9054381,0.93054205,0.23263551
49526,0.093081295,0.028867459,0.15729514,0.24249162,0.0,0.24249162,0.060622904
49529,0.17916508,0.02791659,0.33041355,0.19595523,0.0,0.19595523,0.048988808
49532,0.059903335,0.04020306,0.079603605,0.03832921,0.062394936,0.10732976,0.02683244
49534,0.036920507,0.023873309,0.049967706,0.049790565,0.0,0.049790565,0.012447641
49537,0.11406288,0.021145731,0.20698003,0.13442896,0.0,0.13442896,0.03360724
49540,0.12049198,0.018532366,0.22245161,0.14916252,0.0,0.14916252,0.03729063
49543,0.07222956,0.029963566,0.11449555,0.048041705,0.06310717,0.065000564,0.016250141
49546,0.047917802,0.034563586,0.061272025,0.0135405855,0.45169273,0.43496117,0.10874029
49549,0.29636204,0.019510964,0.5732131,0.40169668,0.0,0.40169668,0.10042417
49552,0.15981266,0.01526548,0.30435982,0.23923858,0.0,0.23923858,0.059809644
49554,0.63463074,0.017841114,1.2514204,1.0129893,0.0,1.0129893,0.25324732
49557,0.035136577,0.025444722,0.044828434,0.013407211,0.43533847,0.44326302,0.110815756
49560,0.031272903,0.029298166,0.03324764,0.0039273617,0.36439005,0.38516203,0.09629051
49563,0.05378568,0.023083473,0.08448789,0.04000027,0.0038617451,0.04845488,0.01211372
49566,0.04801203,0.025797358,0.07022669,0.026333237,0.047479946,0.055121507,0.013780377
49569,0.10038527,0.025664866,0.17510568,0.11064422,0.0,0.11064422,0.027661055
49572,0.23356526,0.022374308,0.44475618,0.27578726,0.0,0.27578726,0.068946816
49574,0.06969218,0.025392482,0.11399188,0.04791088,0.05431652,0.03606012,0.00901503
49577,0.068309605,0.022878522,0.11374068,0.14534517,0.0,0.14534517,0.03633629
49580,0.053053707,0.025184786,0.080922626,0.05962461,0.89295,0.9539024,0.2384756
49583,0.16906776,0.023532772,0.31460273,0.49553195,0.0,0.49553195,0.12388299
49586,0.3081701,0.018612308,0.5977279,0.42519143,0.0,0.42519143,0.10629786
49589,0.021111047,0.021736406,0.020485686,0.0018807811,0.22727966,0.22380896,0.05595224
49592,0.026453903,0.026527194,0.026380613,0.0033086557,0.29825592,0.29742274,0.074355684
49594,0.03777961,0.032145724,0.043413494,0.043852616,0.64747304,0.5624924,0.1406231
49597,0.8257715,0.023256026,1.628287,1.295072,0.0,1.295072,0.323768
49600,0.08473609,0.023172854,0.14629932,0.08382658,0.7480144,0.6472512,0.1618128
49603,0.16963094,0.018751295,0.3205106,0.42910478,0.0,0.42910478,0.107276194
49606,0.06784588,0.024893016,0.11079875,0.06290605,0.0,0.06290605,0.015726512
49609,0.044005603,0.025931135,0.062080074,0.027638823,0.0,0.027638823,0.0069097057
49612,0.040722307,0.021816738,0.059627872,0.027687453,0.040067356,0.0521287,0.013032175
49614,0.16016908,0.012390216,0.30794793,0.23792136,0.0,0.23792136,0.05948034
49617,0.019473845,0.017418616,0.021529073,0.004449267,0.33274937,0.3543955,0.08859888
49620,0.052102815,0.017466053,0.08673958,0.04054186,0.045690536,0.029840475,0.0074601187
49623,0.74611384,0.017023254,1.4752045,1.2132998,0.0,1.2132998,0.30332494
49626,0.14648491,0.018148234,0.27482158,0.17738782,0.0,0.17738782,0.044346955
49629,0.074797,0.02611036,0.123483635,0.046906874,0.048270863,0.023713231,0.005928308
49632,0.094448924,0.017457524,0.17144032,0.2518452,0.0,0.2518452,0.0629613
49634,0.29680008,0.018191753,0.5754084,0.43468451,0.0,0.43468451,0.10867113
49637,0.060543943,0.016181849,0.104906045,0.055039506,0.0,0.055039506,0.013759877
49640,0.056847885,0.023995651,0.089700125,0.044242803,0.0,0.044242803,0.011060701
49643,0.14963914,0.024208253,0.27507004,0.42447457,0.0,0.42447457,0.10611864
49646,0.24748783,0.020968167,0.4740075,0.33513567,0.0,0.33513567,0.08378392
49649,0.021167666,0.020928107,0.021407226,0.0045929602,0.30988148,0.34931755,0.08732939
49652,0.2028837,0.0174941,0.38827333,0.25484768,0.0,0.25484768,0.06371192
49654,0.03859478,0.019670371,0.057519186,0.05822417,1.015927,0.9983549,0.24958873
49657,0.24083816,0.024585849,0.45709047,0.2954506,0.0,0.2954506,0.07386265
49660,0.1928078,0.020841002,0.36477458,0.22122061,0.0,0.22122061,0.055305153
49663,0.030876601,0.018127898,0.043625306,0.04149522,0.0,0.04149522,0.010373805
49666,0.018550187,0.01503482,0.022065556,0.016180998,0.17558224,0.15379117,0.038447794
49669,0.055624608,0.014432493,0.096816726,0.17339025,0.0,0.17339025,0.043347564
49672,0.026435276,0.014146644,0.038723905,0.04192841,0.44215456,0.36009112,0.09002278
49674,0.03980557,0.0125837885,0.06702735,0.046504542,0.60370266,0.5520612,0.1380153
49677,0.70174,0.013616337,1.3898636,1.162903,0.0,1.162903,0.29072574
49680,0.13228437,0.015974099,0.24859464,0.18154663,0.0,0.18154663,0.045386657
49683,0.17300743,0.013571535,0.33244333,0.24971908,0.0,0.24971908,0.06242977
49686,0.11239148,0.015096214,0.20968676,0.14496022,0.0,0.14496022,0.036240056
49689,0.047928646,0.019718835,0.07613846,0.06261202,1.2522084,1.420961,0.35524026
49692,0.07259292,0.019309195,0.12587665,0.08260028,1.2497679,1.4387354,0.35968384
49694,0.4783692,0.01755965,0.9391787,0.7820239,0.0,0.7820239,0.19550598
49697,0.06462049,0.018343462,0.11089752,0.083266236,0.10356188,0.10006312,0.02501578
49700,0.054861512,0.018637503,0.09108552,0.06613448,0.91549826,0.9153161,0.22882903
49703,0.17199403,0.016810684,0.32717738,0.32699668,0.0,0.32699668,0.08174917
49706,0.26579848,0.016321354,0.5152756,0.48796716,0.0,0.48796716,0.12199179
49709,1.0411885,0.020085735,2.0622911,1.8444239,0.0,1.8444239,0.46110597
49712,0.025086189,0.02022402,0.02994836,0.005032422,0.18762334,0.16934566,0.042336415
49714,0.55335027,0.016877603,1.0898229,1.0890712,0.0,1.0890712,0.2722678
49717,0.014829524,0.0152263045,0.014432744,0.0015416077,0.25171915,0.24288529,0.060721323
49720,0.034028485,0.0122792935,0.05577768,0.042928595,0.057784557,0.047381174,0.011845293
49723,0.23844446,0.009552288,0.46733665,0.41980806,0.0,0.41980806,0.104952015
49726,0.65878665,0.008822965,1.3087503,1.2710987,0.0,1.2710987,0.31777468
49729,0.6710507,0.0087188,1.3333826,1.3783592,0.0,1.3783592,0.3445898
49732,0.010555011,0.00886036,0.0122496635,0.014493127,0.18264706,0.13324279,0.033310696
49734,0.0319544,0.0068327724,0.057076026,0.037440408,0.0,0.037440408,0.009360102
49737,0.034006547,0.006998198,0.0610149,0.050685942,0.88182575,0.9132797,0.22831993
49740,0.023492092,0.0065226234,0.040461566,0.019907435,0.3956941,0.37754145,0.09438536
49743,0.01655817,0.0060120523,0.027104288,0.011763533,0.11455599,0.102180384,0.025545096
49746,0.0068883453,0.0062855757,0.0074911155,0.0036143083,0.16467671,0.19312365,0.048280913
49749,0.25326738,0.006239034,0.5002957,0.44807282,0.0,0.44807282,0.112018205
49752,0.034857232,0.008196899,0.061517563,0.057065964,0.0,0.057065964,0.014266491
49754,0.026533343,0.007494016,0.04557267,0.052327693,0.9069805,0.8763504,0.2190876
49757,0.014789554,0.0080440035,0.021535104,0.0073792674,0.47380003,0.46416798,0.116041996
49760,0.028530458,0.009828341,0.04723258,0.025761856,0.595197,0.6204753,0.15511882
49763,0.643334,0.013606395,1.2730616,1.3693701,0.0,1.3693701,0.34234253
49766,0.6762665,0.01616863,1.3363644,1.1704379,0.0,1.1704379,0.29260948
49769,0.11900953,0.017737428,0.22028165,0.17769681,0.0,0.17769681,0.044424202
49772,0.029325774,0.016326584,0.04232496,0.025997005,0.024581114,0.043747958,0.010936989
49774,0.0774711,0.017190613,0.13775158,0.12309543,1.0802015,1.089116,0.272279
49777,0.12452956,0.018497223,0.2305619,0.22832032,0.0,0.22832032,0.05708008
49780,0.02473039,0.02025386,0.029206922,0.0049185553,0.25011936,0.25498226,0.063745566
49783,0.04756732,0.02514799,0.06998664,0.047051456,0.08476385,0.13983001,0.034957502
49786,0.27668238,0.022080349,0.5312844,0.6740319,0.0,0.6740319,0.16850798
49789,0.69519067,0.021032786,1.3693485,1.1391212,0.0,1.1391212,0.2847803
49792,0.62046874,0.021306485,1.219631,0.95643646,0.0,0.95643646,0.23910911
49794,0.19660151,0.022126934,0.3710761,0.47200027,0.0,0.47200027,0.11800007
49797,0.044139743,0.018999899,0.06927958,0.029294545,0.0058717728,0.038013548,0.009503387
49800,0.059377987,0.013133292,0.10562268,0.09988596,0.0889562,0.15799345,0.039498363
49803,0.86177593,0.010854468,1.7126975,1.548306,0.0,1.548306,0.3870765
49806,0.029235736,0.013257287,0.04521418,0.016713982,0.27932978,0.23253667,0.05813417
49809,0.31379104,0.010590136,0.61699194,0.54517186,0.0,0.54517186,0.13629296
49811,0.04620938,0.011807683,0.08061108,0.07439296,0.0,0.07439296,0.01859824
49814,0.013403303,0.014954902,0.011851703,0.00364744,0.31358528,0.31209397,0.07802349
49817,0.036930397,0.012867011,0.060993787,0.029858038,0.0,0.029858038,0.0074645095
49820,0.11806708,0.011381369,0.22475278,0.22632593,0.0,0.22632593,0.056581482
49823,0.044990513,0.017423043,0.072557986,0.070312984,0.116831504,0.18677044,0.04669261
49826,0.06929531,0.01270265,0.12588798,0.15586811,0.0,0.15586811,0.03896703
49829,0.85685825,0.012863585,1.7008529,1.5058521,0.0,1.5058521,0.37646303
49831,0.06076308,0.012741583,0.10878458,0.14522958,0.0,0.14522958,0.036307395
49834,0.36180624,0.010941056,0.71267146,0.619659,0.0,0.619659,0.15491475
49837,0.75838584,0.009958419,1.5068132,1.6464281,0.0,1.6464281,0.41160703
49840,0.6595882,0.009390743,1.3097857,1.4329163,0.0,1.4329163,0.35822907
49843,0.00989241,0.01011331,0.009671509,0.005786584,0.17889486,0.18877022,0.047192555
49846,0.10076185,0.008060225,0.19346349,0.199139,0.0,0.199139,0.04978475
49849,0.03291866,0.0071730167,0.058664307,0.046777338,0.01947848,0.08968059,0.022420147
49851,0.051773418,0.00714496,0.09640188,0.08235065,0.08010864,0.06258061,0.015645152
49854,0.037085894,0.008675537,0.06549625,0.058557276,0.8984833,0.8382778,0.20956945
49857,0.32797155,0.011069379,0.6448737,0.7622238,0.0,0.7622238,0.19055595
49860,0.4829922,0.012187538,0.95379686,1.0982562,0.0,1.0982562,0.27456406
49863,0.022048453,0.014694825,0.029402079,0.010970414,0.2621703,0.25514886,0.063787214
49866,0.050829872,0.01862809,0.083031654,0.07643518,0.1005373,0.20255494,0.050638735
49869,0.06558514,0.024818897,0.106351376,0.07281674,1.5190163,1.694568,0.423642
49871,0.11310185,0.016768215,0.20943548,0.28532127,0.0,0.28532127,0.07133032
49874,0.17531483,0.019302778,0.33132687,0.22770862,0.0,0.22770862,0.056927156
49877,0.4037656,0.022321507,0.78520966,0.9484752,0.0,0.9484752,0.2371188
49880,0.028416203,0.031468432,0.025363976,0.00415029,0.1923637,0.21644436,0.05411109
49883,0.03344553,0.028740697,0.038150363,0.00722858,0.43031502,0.45268035,0.11317009
49886,0.028488817,0.034420017,0.022557618,0.0059300587,0.2862564,0.34850827,0.08712707
49889,0.03050785,0.038555134,0.022460565,0.004905346,0.15979354,0.2035995,0.050899874
49891,0.29697058,0.03134643,0.5625947,0.34911776,0.0,0.34911776,0.08727944
49894,0.075063385,0.02273534,0.12739143,0.2217782,0.0,0.2217782,0.05544455
49897,0.043676037,0.023804182,0.0635479,0.06727775,1.1652794,1.0858817,0.27147043
49900,0.25514233,0.019988662,0.490296,0.34893906,0.0,0.34893906,0.087234765
49903,0.050412323,0.028701143,0.072123505,0.047840457,1.4409828,1.4425784,0.3606446
49906,0.24153106,0.023338847,0.45972326,0.30727878,0.0,0.30727878,0.076819696
49909,0.05014034,0.022868028,0.07741266,0.07152117,0.0,0.07152117,0.017880293
49911,0.78575295,0.029908502,1.5415974,1.1907142,0.0,1.1907142,0.29767856
49914,0.13014017,0.0425968,0.21768355,0.10941231,0.0,0.10941231,0.027353078
49917,0.04467224,0.041335773,0.048008714,0.008578169,0.3038621,0.29115495,0.07278874
49920,0.055299476,0.038170766,0.07242819,0.018020771,0.003921509,0.022218673,0.005554668
49923,0.15725122,0.035591587,0.27891088,0.4179372,0.0,0.4179372,0.1044843
49926,0.07020832,0.06074583,0.07967082,0.01194057,0.13577335,0.12258089,0.030645223
49929,0.06762748,0.06994843,0.065306544,0.051827773,0.85748035,0.79035014,0.19758753
49931,0.39355627,0.06621337,0.72089916,0.3792369,0.0,0.3792369,0.09480923
49934,0.07530088,0.08078546,0.069816306,0.029178277,0.52995825,0.48729292,0.12182323
49937,0.11380146,0.07866102,0.14894192,0.3518115,0.0,0.3518115,0.087952875
49940,0.5748267,0.09262714,1.0570263,1.6971534,0.0,1.6971534,0.42428836
49943,0.10725719,0.104289584,0.110224806,0.011392906,0.44867626,0.47421956,0.11855489
49946,0.14229761,0.11883525,0.16575997,0.026780404,0.72793037,0.6542053,0.16355133
49949,1.0110477,0.091815956,1.9302794,1.2291454,0.0,1.2291454,0.30728635
49951,0.090582736,0.07830299,0.102862485,0.0054278322,0.38443184,0.43967676,0.10991919
49954,0.09192076,0.06499754,0.118843995,0.10097575,1.3784103,1.6335196,0.4083799
49957,0.5566348,0.055145856,1.0581237,0.6695617,0.0,0.6695617,0.16739042
49960,0.3610123,0.061454177,0.66057044,1.003653,0.0,1.003653,0.25091326
49963,0.43045175,0.07639193,0.78451157,0.39337125,0.0,0.39337125,0.09834281
49966,0.19626033,0.0695605,0.32296017,0.11735948,0.0,0.11735948,0.02933987
49969,0.13431287,0.067928545,0.20069718,0.051450852,0.0,0.051450852,0.012862713
49971,0.058334902,0.06987469,0.046795115,0.038029056,0.0,0.038029056,0.009507264
49974,0.10835281,0.09854748,0.11815814,0.0037871907,0.43540382,0.48473096,0.12118274
49977,0.17499454,0.084957264,0.26503184,0.4750978,0.0,0.4750978,0.11877445
49980,0.1116473,0.09552512,0.12776947,0.05384827,1.4795445,1.5621449,0.39053622
49983,0.21636023,0.07652158,0.35619888,0.62848717,0.0,0.62848717,0.15712179
49986,0.057206433,0.06477632,0.049636554,0.033650305,0.0,0.033650305,0.008412576
49989,0.090728916,0.07714186,0.104315974,0.026856368,0.03878212,0.06174026,0.015435065
49991,0.0783933,0.07538349,0.0814031,0.04221191,0.07145325,0.14519094,0.036297735
49994,0.43810487,0.063121356,0.8130884,1.1416367,0.0,1.1416367,0.28540918
49997,0.20382142,0.06763785,0.340005,0.16558574,1.0565573,1.0065854,0.25164634
50000,0.2714612,0.04446773,0.49845466,0.32419136,0.0,0.32419136,0.08104784
50003,0.07217328,0.06304127,0.081305295,0.0049453,0.26157674,0.25265095,0.06316274
50006,0.054347176,0.022020703,0.08667365,0.034640044,0.0,0.034640044,0.008660011
50009,0.17905574,0.019901825,0.33820963,0.23327617,0.0,0.23327617,0.058319043
50011,0.024648897,0.019697733,0.029600061,0.019942736,0.0,0.019942736,0.004985684
50014,0.024357043,0.021873033,0.026841054,0.003021257,0.12054825,0.12731707,0.031829268
50017,0.50517887,0.012922692,0.9974351,0.8258076,0.0,0.8258076,0.2064519
50020,0.5938179,0.012273326,1.1753625,1.0212048,0.0,1.0212048,0.2553012
50023,0.044342894,0.02471655,0.06396923,0.04565364,1.1676661,1.0529011,0.2632253
50026,0.03313234,0.030847909,0.03541677,0.0019761624,0.3971653,0.41256556,0.10314139
50029,0.1772821,0.033765867,0.32079834,0.16146651,0.0,0.16146651,0.040366627
50031,0.21105397,0.034230012,0.38787794,0.21706791,0.0,0.21706791,0.054266978
50034,0.04753877,0.03136641,0.06371113,0.016653443,0.0040334067,0.019364316,0.004841079
50037,0.05259021,0.033023994,0.07215643,0.06541075,1.1170706,0.9623087,0.24057718
50040,0.087108314,0.029871399,0.14434522,0.07493653,0.08961105,0.12205268,0.03051317
50043,0.36236012,0.028939193,0.69578105,0.45021212,0.0,0.45021212,0.11255303
50046,0.084611535,0.027288457,0.14193462,0.075753756,0.0,0.075753756,0.018938439
50049,0.11071869,0.035830494,0.18560688,0.0882436,0.11143875,0.101347804,0.025336951
50051,0.05203411,0.03245007,0.07161815,0.026455825,0.052295048,0.101285435,0.025321359
50054,0.019509712,0.021022364,0.017997062,0.0035794128,0.28717938,0.29714376,0.07428594
50057,0.056933165,0.022879666,0.09098667,0.048311282,0.007993698,0.06825975,0.017064938
50060,0.27303895,0.026717538,0.51936036,0.3240039,0.0,0.3240039,0.081000976
50063,0.0452096,0.029178007,0.0612412,0.022061652,0.0668362,0.08561615,0.021404037
50066,0.038877655,0.027734628,0.050020684,0.044931576,0.8702138,0.7604423,0.19011058
50069,0.5164977,0.022840256,1.0101551,1.2921826,0.0,1.2921826,0.32304564
50071,0.03374495,0.030841788,0.03664811,0.0019956215,0.31599107,0.32011822,0.080029555
50074,0.033721726,0.025599986,0.041843463,0.0139690535,0.007211685,0.021124497,0.0052811243
50077,0.21321546,0.023176707,0.40325418,0.56548136,0.0,0.56548136,0.14137034
50080,0.039619874,0.032842696,0.04639705,0.0029925008,0.4079062,0.42443255,0.10610814
50083,0.056341488,0.027957106,0.08472588,0.047142383,0.7679933,0.7244253,0.18110633
50086,0.12416241,0.01913754,0.2291873,0.16465418,0.0,0.16465418,0.041163545
50089,0.029192297,0.028650424,0.02973417,0.0016281521,0.21919887,0.20842974,0.052107435
50091,0.17824213,0.020786107,0.33569813,0.26501337,0.0,0.26501337,0.06625334
50094,0.06244446,0.0261309,0.09875802,0.08122158,1.2405173,1.3366389,0.33415973
50097,0.2513244,0.02473642,0.47791234,0.35183156,0.0,0.35183156,0.08795789
50100,0.061362892,0.029458819,0.093266964,0.038703475,0.5885331,0.5498732,0.1374683
50103,0.038313683,0.025920937,0.050706428,0.029606057,0.52075505,0.5129085,0.12822713
50106,0.35455585,0.021173634,0.68793803,0.82354146,0.0,0.82354146,0.20588537
50109,0.029844696,0.02242677,0.037262622,0.043921698,0.6860998,0.8076618,0.20191544
50111,0.29907578,0.016519045,0.58163255,0.49085057,0.0,0.49085057,0.12271264
50114,0.13665111,0.011716043,0.2615862,0.29687726,0.0,0.29687726,0.074219316
50117,0.35474703,0.008520381,0.7009737,0.668353,0.0,0.668353,0.16708826
50120,0.13867955,0.00960125,0.26775786,0.22896542,0.0,0.22896542,0.057241354
50123,0.059789654,0.012130505,0.107448794,0.058728296,0.56717545,0.48815966,0.122039914
50126,0.038957503,0.013644788,0.06427022,0.084444694,1.1192207,1.226479,0.30661976
50129,0.09044591,0.009743231,0.1711486,0.2182555,0.0,0.2182555,0.054563876
50131,0.039839074,0.010971158,0.06870699,0.078543894,1.1624508,1.2931062,0.32327655
50134,0.00826468,0.006257025,0.010272337,0.0021101742,0.2612928,0.2791085,0.06977712
50137,0.6314897,0.0054533966,1.2575259,1.3592759,0.0,1.3592759,0.33981898
50140,0.63289464,0.005088397,1.2607008,1.1360283,0.0,1.1360283,0.28400707
50143,0.033248484,0.005157403,0.06133957,0.07633863,0.0,0.07633863,0.019084657
50146,0.12357011,0.004902067,0.24223815,0.29698518,0.0,0.29698518,0.074246295
50149,0.047968745,0.0041518644,0.09178563,0.067988165,0.0,0.067988165,0.016997041
50151,0.042798344,0.005157154,0.08043954,0.08370143,0.5967646,0.50637144,0.12659286
50154,0.16731828,0.012948246,0.32168832,0.30038747,0.0,0.30038747,0.07509687
50157,0.051589716,0.005887018,0.097292416,0.08445177,0.09647608,0.06852592,0.01713148
50160,0.052562147,0.0066462955,0.098478,0.0878716,1.0807081,1.1606712,0.2901678
50163,0.26255408,0.0061045163,0.5190037,0.48044002,0.0,0.48044002,0.120110005
50166,0.013519987,0.007341987,0.019697988,0.022518763,0.39830208,0.39092278,0.097730696
50169,0.048327748,0.0074459813,0.08920952,0.06692227,0.0,0.06692227,0.016730567
50171,0.09932939,0.008091733,0.19056706,0.14920758,0.0,0.14920758,0.037301894
50174,0.013951414,0.012261116,0.015641714,0.004751031,0.3262389,0.35915542,0.089788854
50177,0.05751748,0.011856015,0.10317894,0.08270655,1.2967918,1.2749639,0.31874096
50180,0.030718619,0.01151254,0.0499247,0.051701248,0.0,0.051701248,0.012925312
50183,0.43978277,0.01055786,0.86900765,0.73578525,0.0,0.73578525,0.18394631
50186,0.5324194,0.009512197,1.0553266,1.2220643,0.0,1.2220643,0.30551606
50189,0.046823654,0.010732572,0.08291474,0.06820611,1.3563284,1.4692014,0.36730036
50191,0.057687968,0.012918613,0.10245732,0.06568461,0.08049536,0.07889153,0.019722883
50194,0.16783486,0.009948445,0.32572126,0.41399536,0.0,0.41399536,0.10349884
50197,0.011548117,0.010093093,0.013003141,0.0024921114,0.20740192,0.19548984,0.04887246
50200,0.021396011,0.0073914155,0.03540061,0.03517553,0.0,0.03517553,0.008793882
50203,0.034454856,0.007957266,0.060952444,0.049778122,0.0,0.049778122,0.012444531
50206,0.014350201,0.016966663,0.01173374,0.005950758,0.3132572,0.37873745,0.09468436
50209,0.154337,0.014051178,0.2946228,0.18852262,0.0,0.18852262,0.047130655
50211,0.070543885,0.013015624,0.12807214,0.14676048,0.0,0.14676048,0.03669012
50214,0.12110185,0.013041523,0.22916217,0.26166642,0.0,0.26166642,0.065416604
50217,0.8768863,0.018862382,1.7349101,1.4317799,0.0,1.4317799,0.35794497
50220,0.19249713,0.023453614,0.36154065,0.5410497,0.0,0.5410497,0.13526243
50223,0.5166033,0.028723711,1.0044829,0.71864146,0.0,0.71864146,0.17966036
50226,0.114235975,0.043069374,0.18540257,0.09404826,0.023469925,0.15373589,0.038433973
50229,0.9318754,0.0475909,1.8161598,1.340662,0.0,1.340662,0.3351655
50231,0.26135775,0.056214124,0.46650138,0.7783146,0.0,0.7783146,0.19457865
50234,0.6091316,0.06786347,1.1503997,0.7092965,0.0,0.7092965,0.17732413
50237,0.0778403,0.078566924,0.07711368,0.0025443658,0.22254117,0.22200222,0.055500556
50240,0.090966575,0.08415129,0.09778186,0.0020737627,0.2965609,0.3205043,0.08012608
50243,0.10771966,0.10430946,0.11112987,0.016451921,0.22980325,0.21501197,0.053752992
50246,0.16559131,0.10686531,0.22431733,0.0635226,0.0,0.0635226,0.01588065
50249,0.26467127,0.10302445,0.42631808,0.82963276,0.0,0.82963276,0.20740819
50251,0.49751016,0.10165294,0.89336735,0.40808287,0.0,0.40808287,0.10202072
50254,0.12169849,0.09658254,0.14681444,0.02930189,0.0,0.02930189,0.0073254723
50257,0.1555897,0.1123631,0.1988163,0.06646626,0.07014481,0.14043476,0.03510869
50260,0.118393905,0.11043938,0.12634844,0.0841305,0.72990865,0.61926,0.154815
50263,0.16949141,0.091836296,0.24714653,0.5774407,0.0,0.5774407,0.14436017
50266,0.28638437,0.08984566,0.48292312,0.24331033,0.0,0.24331033,0.060827583
50269,0.12704553,0.11048416,0.1436069,0.056476284,1.015845,1.0084654,0.25211635
50271,0.29224852,0.09432208,0.49017492,0.17513423,0.0,0.17513423,0.043783557
50274,0.12699229,0.111039676,0.14294489,0.020784503,0.047495842,0.06956489,0.017391222
50277,0.09483821,0.09009826,0.099578165,0.038960353,0.0,0.038960353,0.009740088
50280,0.09354458,0.106979586,0.08010959,0.01036875,0.37433603,0.47087517,0.11771879
50283,0.76369995,0.090648234,1.4367517,0.84153336,0.0,0.84153336,0.21038334
50286,0.16060966,0.09825461,0.2229647,0.35985234,0.0,0.35985234,0.089963086
50289,1.0765013,0.09091071,2.0620918,1.3546034,0.0,1.3546034,0.33865085
50291,0.17312627,0.10415413,0.24209838,0.057614118,0.020324707,0.105508335,0.026377084
50294,0.27871895,0.09524319,0.46219468,0.21014766,0.0,0.21014766,0.052536916
50297,0.57484525,0.09879967,1.0508908,0.65579075,0.0,0.65579075,0.16394769
50300,0.14152147,0.10990276,0.17314017,0.033166338,0.036299545,0.051351618,0.0128379045
50303,1.0525948,0.08962407,2.0155656,1.2942729,0.0,1.2942729,0.32356822
50306,0.11308695,0.086533464,0.13964044,0.06595794,1.2573471,1.1243453,0.28108633
50309,0.07300076,0.073395945,0.07260557,0.048087943,0.0,0.048087943,0.012021986
50311,0.118701786,0.098977216,0.13842635,0.030030942,0.01787885,0.058301028,0.014575257
50314,0.09699581,0.076543875,0.117447756,0.021899424,0.025757471,0.04696216,0.01174054
50317,0.051251095,0.05045175,0.05205044,0.050875872,0.0,0.050875872,0.012718968
50320,0.054201853,0.051616076,0.05678763,0.010138021,0.42266917,0.46092188,0.11523047
50323,0.043451596,0.024954801,0.06194839,0.024401223,0.016628265,0.055811808,0.013952952
50326,0.046521153,0.012635603,0.0804067,0.08370014,0.0,0.08370014,0.020925036
50329,0.06061138,0.012763177,0.10845957,0.11354642,1.2078224,1.3467468,0.3366867
50331,0.023603901,0.014658504,0.032549296,0.01881711,0.21968079,0.2248949,0.056223724
50334,0.04230683,0.014730796,0.06988287,0.08465135,0.07788149,0.09041494,0.022603735
50337,0.011789567,0.013035905,0.010543228,0.0030830011,0.16322613,0.18432145,0.046080362
50340,0.4190038,0.016400987,0.82160664,0.6815726,0.0,0.6815726,0.17039315
50343,0.014918701,0.01814825,0.011689152,0.0035914017,0.24040346,0.27296594,0.068241484
50346,0.024865307,0.023669869,0.026060745,0.0076784655,0.37716675,0.3956224,0.0989056
50349,0.044652414,0.030263051,0.05904178,0.009192642,0.32715008,0.2984034,0.07460085
50351,0.04829512,0.019062845,0.0775274,0.10124719,0.0,0.10124719,0.025311798
50354,0.066430785,0.020222005,0.112639554,0.15369819,0.0,0.15369819,0.038424548
50357,0.06382234,0.033308882,0.094335794,0.058915,1.0543475,1.0619174,0.26547936
50360,0.061078142,0.03259921,0.089557074,0.1268234,0.0,0.1268234,0.03170585
50363,0.34431806,0.026754024,0.6618821,0.8249591,0.0,0.8249591,0.20623977
50366,0.054849043,0.027250497,0.08244759,0.029128393,0.044528645,0.039042547,0.009760637
50369,0.045521405,0.025270822,0.06577199,0.01646804,0.46854535,0.48708907,0.12177227
50371,0.25093547,0.018084543,0.48378643,0.541259,0.0,0.541259,0.13531475
50374,0.018561238,0.017726377,0.019396102,0.0027059547,0.20019038,0.2097023,0.052425575
50377,0.056441966,0.013872277,0.09901166,0.08006757,0.0,0.08006757,0.020016892
50380,0.04204065,0.019196482,0.06488482,0.041980416,1.0659294,1.037344,0.259336
50383,0.07803735,0.015735377,0.14033933,0.10200421,0.12132803,0.067236096,0.016809024
50386,0.03514154,0.01603407,0.054249007,0.03499825,0.05203454,0.04184574,0.010461435
50389,0.04490384,0.014629007,0.075178675,0.04596557,0.060167152,0.027822817,0.006955704
50391,0.011628204,0.014190361,0.009066048,0.0039604665,0.30390868,0.27721322,0.069303304
50394,0.20251703,0.01131941,0.39371467,0.38194928,0.0,0.38194928,0.09548732
50397,0.10458428,0.009442049,0.1997265,0.176269,0.0,0.176269,0.04406725
50400,0.7512272,0.010190428,1.4922639,1.4641943,0.0,1.4641943,0.36604857
50403,0.020327955,0.010703534,0.029952377,0.01612523,0.43141747,0.41368154,0.103420384
50406,0.09036642,0.008229469,0.17250337,0.1431555,0.0,0.1431555,0.035788875
50409,0.04144603,0.012166351,0.07072571,0.037816033,0.6013512,0.61708754,0.15427189
50411,0.290911,0.011072184,0.57074976,0.50968987,0.0,0.50968987,0.12742247
50414,0.01778292,0.011865427,0.02370041,0.023067027,0.28872228,0.2557439,0.06393597
50417,0.03382582,0.010666487,0.05698515,0.043501828,0.0,0.043501828,0.010875457
50420,0.061756253,0.014079024,0.10943348,0.1709267,0.0,0.1709267,0.042731676
50423,0.023825763,0.012681167,0.034970358,0.043710884,0.75807637,0.7302453,0.18256132
50426,0.039339345,0.014385837,0.064292856,0.12391914,0.0,0.12391914,0.030979784
50429,0.29790196,0.018239846,0.57756406,0.744214,0.0,0.744214,0.1860535
50431,0.009797428,0.014727838,0.0048670173,0.011210402,0.30248955,0.39280367,0.09820092
50434,0.026622802,0.017045205,0.0362004,0.02630327,0.4347756,0.41559973,0.10389993
50437,0.06699502,0.020029737,0.1139603,0.0767242,0.0,0.0767242,0.01918105
50440,0.07904309,0.021471405,0.13661478,0.0775843,0.1430114,0.14098631,0.035246577
50443,0.04763429,0.023681054,0.071587525,0.037843417,0.0,0.037843417,0.009460854
50446,0.4015099,0.024606006,0.77841383,0.56137305,0.0,0.56137305,0.14034326
50449,0.14229117,0.02594552,0.25863683,0.39029798,0.0,0.39029798,0.097574495
50451,0.05984594,0.026780615,0.092911266,0.06498459,0.069450535,0.11155188,0.02788797
50454,0.049025018,0.032251254,0.06579879,0.10832023,0.0,0.10832023,0.027080057
50457,0.040851053,0.045937896,0.03576421,0.011952597,0.49624252,0.49227074,0.123067684
50460,0.11513913,0.038812447,0.1914658,0.09899787,0.055442173,0.20333599,0.050833996
50463,0.14591365,0.042020988,0.24980628,0.11623862,0.18834226,0.14399302,0.035998255
50466,0.23895146,0.048470218,0.42943272,0.2489715,0.0,0.2489715,0.062242877
50469,0.06243171,0.045732353,0.079131074,0.12773353,0.0,0.12773353,0.031933382
50471,0.111691445,0.038641915,0.18474098,0.31676582,0.0,0.31676582,0.079191454
50474,0.070287175,0.03452948,0.10604488,0.06412506,0.14485042,0.26472008,0.06618002
50477,0.10691369,0.033540707,0.18028669,0.2539555,0.0,0.2539555,0.06348888
50480,0.097307384,0.029266885,0.16534787,0.087963544,0.09525744,0.27097726,0.067744315
50483,0.03796819,0.026432209,0.049504165,0.101399474,0.0,0.101399474,0.025349868
50486,0.07410023,0.034993034,0.11320744,0.04508214,0.052102406,0.04979978,0.012449945
50489,0.033212364,0.028603472,0.037821252,0.08780035,0.0,0.08780035,0.021950087
50491,0.09076617,0.044437572,0.13709477,0.08542684,1.2594362,1.4910449,0.37276122
50494,0.06166281,0.026686853,0.09663877,0.12519825,0.0,0.12519825,0.03129956
50497,0.1092749,0.021684652,0.19686516,0.119100876,0.0,0.119100876,0.029775219
50500,0.30757904,0.022615517,0.5925426,0.81175023,0.0,0.81175023,0.20293756
50503,0.4919586,0.019574529,0.9643426,1.1742415,0.0,1.1742415,0.2935604
50506,0.026198177,0.024110263,0.02828609,0.0072770286,0.50679463,0.5459216,0.1364804
50509,0.52374977,0.01895792,1.0285416,0.7995532,0.0,0.7995532,0.1998883
50511,0.045033753,0.02630418,0.06376332,0.042830195,0.08614985,0.12466356,0.03116589
50514,0.05627826,0.027141819,0.0854147,0.06871343,0.061525505,0.15422025,0.038555063
50517,0.024066314,0.022305848,0.025826776,0.0021055965,0.24694188,0.26548886,0.066372216
50520,0.6782258,0.017767932,1.3386837,1.0906007,0.0,1.0906007,0.27265018
50523,0.63272846,0.014961298,1.2504956,1.0181465,0.0,1.0181465,0.25453663
50526,0.11811616,0.011635306,0.22459702,0.16287182,0.0,0.16287182,0.040717956
50529,0.051944923,0.0154560255,0.08843381,0.05808593,0.69202965,0.71915954,0.17978989
50531,0.011716631,0.0152950315,0.008138233,0.011265825,0.14204764,0.21975426,0.054938566
50534,0.013455753,0.010579475,0.016332032,0.003787371,0.19364242,0.1983136,0.0495784
50537,0.02865378,0.010389358,0.046918202,0.059817046,0.0,0.059817046,0.0149542615
50540,0.3352119,0.011485368,0.65893847,0.5732302,0.0,0.5732302,0.14330755
50543,0.026420766,0.008772455,0.04406908,0.04076679,0.9229126,0.7783235,0.19458087
50546,0.008162771,0.00864565,0.0076798927,0.005440913,0.32300124,0.32626957,0.08156739
50549,0.15113318,0.0068235896,0.2954428,0.28346524,0.0,0.28346524,0.07086631
50551,0.02353651,0.0118566295,0.03521639,0.02382336,0.010618846,0.03127631,0.007819078
50554,0.043986093,0.009038655,0.07893353,0.06398536,1.3385963,1.2968568,0.3242142
50557,0.033540267,0.011971712,0.055108827,0.046904553,0.0,0.046904553,0.011726138
50560,0.027936177,0.010872711,0.044999644,0.047046382,0.057468574,0.0770218,0.01925545
50563,0.0119450735,0.013206993,0.010683156,0.0030704234,0.38648924,0.39075413,0.09768853
50566,0.430504,0.012908787,0.84809923,0.9380498,0.0,0.9380498,0.23451245
50569,0.15398945,0.012599026,0.29537985,0.36363444,0.0,0.36363444,0.09090861
50571,0.021790698,0.0112955235,0.032285873,0.025365775,0.036705334,0.053600054,0.013400014
50574,0.041845124,0.011179607,0.07251064,0.052217256,1.5404619,1.5831505,0.39578763
50577,0.3981656,0.01057918,0.78575206,0.84333783,0.0,0.84333783,0.21083446
50580,0.0640389,0.011629923,0.11644789,0.14234121,0.0,0.14234121,0.035585303
50583,0.41702297,0.012641099,0.8214049,0.9353196,0.0,0.9353196,0.2338299
50586,0.043885645,0.009623537,0.07814775,0.06657236,0.59998494,0.4869798,0.12174495
50589,0.030498125,0.009912934,0.051083315,0.022101268,0.33224997,0.3083997,0.07709993
50591,0.043638248,0.010474178,0.07680232,0.09712496,0.050405502,0.20822777,0.052056942
50594,0.022603855,0.010471207,0.0347365,0.020523932,0.031076431,0.054310266,0.0135775665
50597,0.21083654,0.012121576,0.40955153,0.43965104,0.0,0.43965104,0.10991276
50600,0.013448429,0.014585924,0.012310936,0.0064156265,0.13612115,0.1850677,0.046266925
50603,0.03951471,0.018325064,0.060704354,0.06111696,0.0,0.06111696,0.01527924
50606,0.37928167,0.026031235,0.7325321,0.6569419,0.0,0.6569419,0.16423547
50609,0.0743757,0.033433285,0.11531811,0.07658661,0.019493738,0.12599356,0.03149839
50611,0.19539624,0.039169114,0.3516234,0.16794996,0.0,0.16794996,0.04198749
50614,0.06268301,0.05484231,0.0705237,0.025652334,0.0,0.025652334,0.0064130835
50617,0.31207874,0.061585292,0.5625722,0.28144896,0.0,0.28144896,0.07036224
50620,0.117068924,0.06985936,0.16427849,0.07625896,1.0010923,1.0435177,0.26087943
50623,0.12427429,0.08003369,0.16851489,0.07062333,1.1718369,1.2686695,0.31716737
50626,0.09742407,0.1009784,0.093869746,0.039280493,0.5845623,0.4468607,0.111715175
50629,0.14818476,0.11618606,0.18018346,0.043616284,1.4988989,1.5050029,0.3762507
50631,0.21541174,0.12135619,0.3094673,0.10343031,0.0,0.10343031,0.025857577
50634,0.18832493,0.14220609,0.23444377,0.03475204,0.045776367,0.113653354,0.028413339
50637,0.18031923,0.16027747,0.200361,0.022495091,0.0098587675,0.03480223,0.008700557
50640,0.21850125,0.15205108,0.28495142,0.06975516,0.012298107,0.09914855,0.024787137
50643,0.1434762,0.15736759,0.1295848,0.025706554,0.41625723,0.3780667,0.09451667
50646,0.7121041,0.18680523,1.2374029,0.50209516,0.0,0.50209516,0.12552379
50649,0.5955617,0.20538552,0.9857378,0.3388472,0.0,0.3388472,0.0847118
50651,0.18824165,0.19653673,0.17994653,0.0032700205,0.26679108,0.2988621,0.074715525
50654,0.14978056,0.18686385,0.11269724,0.26676413,0.0,0.26676413,0.06669103
50657,0.13931642,0.18244927,0.09618359,0.058913782,0.0,0.058913782,0.014728446
50660,0.25898975,0.18497562,0.33300388,0.057216644,0.0,0.057216644,0.014304161
50663,0.15846024,0.17365408,0.14326641,0.111959934,0.0,0.111959934,0.027989984
50666,0.2168182,0.16374882,0.26988757,0.037493426,0.0,0.037493426,0.009373357
50669,0.40322885,0.17185938,0.63459826,0.18509877,0.0,0.18509877,0.04627469
50671,0.22135937,0.20131548,0.24140327,0.00929168,0.38544187,0.3989543,0.099738576
50674,0.58338577,0.18628001,0.9804916,0.40803012,0.0,0.40803012,0.10200753
50677,0.43267035,0.18513505,0.68020564,0.19950807,0.0,0.19950807,0.049877018
50680,0.19920675,0.2371607,0.16125278,0.014289674,0.21516685,0.32451287,0.08112822
50683,0.19382447,0.2294693,0.15817964,0.013553449,0.34355202,0.47746876,0.11936719
50686,0.25061834,0.21592844,0.28530824,0.0175217,0.019776344,0.024850601,0.0062126503
50689,0.19759388,0.20632459,0.1888632,0.04190245,0.9868374,0.85608655,0.21402164
50691,0.70200634,0.18648876,1.2175239,0.5194557,0.0,0.5194557,0.12986392
50694,0.13464455,0.17022239,0.099066705,0.021148184,0.3933591,0.5793283,0.14483207
50697,0.117217004,0.13100119,0.10343281,0.0042501595,0.16762936,0.19871224,0.04967806
50700,0.083372585,0.0968165,0.06992866,0.22538964,0.0,0.22538964,0.05634741
50703,0.36818972,0.08521759,0.65116185,0.29349682,0.0,0.29349682,0.073374204
50706,0.100902356,0.08995482,0.111849904,0.03713515,0.021849314,0.057133675,0.014283419
50709,0.08879331,0.077687144,0.09989947,0.014032329,0.31012306,0.29901448,0.07475362
50711,0.09818404,0.06271086,0.13365722,0.05639722,0.08239714,0.11975897,0.029939743
50714,0.075341426,0.051396627,0.09928622,0.047632333,0.5971455,0.6600389,0.16500972
50717,0.3468572,0.041859627,0.65185475,0.9761966,0.0,0.9761966,0.24404915
50720,0.040586505,0.036193997,0.044979017,0.046456095,0.92660457,0.8128288,0.2032072
50723,0.07950578,0.030991105,0.12802045,0.13370766,0.0,0.13370766,0.033426914
50726,0.14045474,0.033787586,0.24712189,0.1238602,0.12960084,0.060857195,0.015214299
50729,0.060794044,0.036794897,0.0847932,0.060232718,0.0,0.060232718,0.015058179
50731,0.10494832,0.04277559,0.16712105,0.08077652,0.0,0.08077652,0.02019413
50734,0.1302024,0.039269384,0.22113542,0.41503802,0.0,0.41503802,0.103759505
50737,0.11075384,0.04595995,0.17554773,0.0840655,0.78685,0.67232746,0.16808186
50740,0.073555,0.058254767,0.08885523,0.011758525,0.4599122,0.41729188,0.10432297
50743,0.09637528,0.07137418,0.12137637,0.039748423,0.050880432,0.12480321,0.031200802
50746,0.05348288,0.058194473,0.04877129,0.06392077,0.0,0.06392077,0.015980193
50748,0.05625399,0.051138982,0.061369,0.16620162,0.0,0.16620162,0.041550405
50751,0.17548998,0.059864033,0.2911159,0.12954585,0.0,0.12954585,0.032386463
50754,0.105374075,0.065523244,0.14522491,0.0467772,0.0,0.0467772,0.0116943
50757,0.14080441,0.05769561,0.22391321,0.47987822,0.0,0.47987822,0.119969554
50760,0.08594155,0.07081797,0.10106514,0.04097034,1.0648263,1.1340345,0.28350863
50763,0.07578109,0.05218627,0.09937591,0.05031158,0.016831717,0.07229816,0.01807454
50766,0.0594427,0.05011734,0.068768054,0.02091582,0.38629088,0.39531466,0.098828666
50768,0.042160828,0.03666405,0.04765761,0.039405204,0.0,0.039405204,0.009851301
50771,0.06668818,0.045216877,0.08815948,0.009548864,0.24281736,0.18802029,0.047005072
50774,0.12808089,0.032815594,0.22334619,0.12377614,0.0,0.12377614,0.030944034
50777,0.23562296,0.042824358,0.4284216,0.22630394,0.0,0.22630394,0.056575984
50780,0.0956072,0.06615043,0.12506397,0.015152857,0.23992927,0.17557465,0.04389366
50783,0.3072721,0.0670411,0.5475032,0.9372053,0.0,0.9372053,0.23430133
50786,0.09461767,0.08253425,0.1067011,0.3184875,0.0,0.3184875,0.079621874
50788,0.10538542,0.09700344,0.11376739,0.09133446,0.0,0.09133446,0.022833616
50791,0.21741164,0.11479417,0.32002908,0.09789336,0.0,0.09789336,0.02447334
50794,0.1772242,0.12985514,0.22459324,0.10240666,1.2993181,1.476738,0.3691845
50797,0.12339145,0.12934346,0.11743943,0.0023391414,0.25437292,0.23844652,0.05961163
50800,0.1476966,0.13863055,0.15676264,0.060692128,0.0,0.060692128,0.015173032
50803,0.15626426,0.16130297,0.15122558,0.048868563,0.91916806,1.1104001,0.27760002
50806,0.17968415,0.16962677,0.1897415,0.008670771,0.27763218,0.2841028,0.0710257
50808,0.1672488,0.1714527,0.16304493,0.13170965,0.0,0.13170965,0.032927413
50811,0.13815914,0.16238154,0.11393673,0.008333254,0.28988123,0.37553382,0.093883455
50814,0.16509514,0.16598673,0.16420354,0.026451977,0.0,0.026451977,0.0066129942
50817,0.19789736,0.14861797,0.24717672,0.10875485,1.159178,1.2884308,0.3221077
50820,0.19954787,0.14235449,0.25674126,0.038089488,0.0,0.038089488,0.009522372
50823,0.13882618,0.14413925,0.1335131,0.00471533,0.31625882,0.34932068,0.08733017
50826,0.14335938,0.1423664,0.14435238,0.011123023,0.36344466,0.38010225,0.09502556
50828,0.22278534,0.14242095,0.30314973,0.056297395,0.0,0.056297395,0.014074349
50831,0.088001706,0.13233924,0.043664172,0.2661052,0.0,0.2661052,0.0665263
50834,0.13959472,0.1302361,0.14895333,0.48878297,0.0,0.48878297,0.12219574
50837,0.12733935,0.13401432,0.12066436,0.0042006634,0.20919736,0.19770081,0.049425203
50840,0.1862485,0.13545808,0.23703893,0.09614118,1.1460737,1.2502955,0.31257388
50843,0.11324161,0.13180785,0.094675384,0.014788404,0.38004175,0.36220464,0.09055116
50846,0.6530023,0.12611096,1.1798937,0.5516631,0.0,0.5516631,0.13791578
50848,0.81783634,0.12957296,1.5060997,0.84151596,0.0,0.84151596,0.21037899
50851,0.15775408,0.13206244,0.1834457,0.49666023,0.0,0.49666023,0.12416506
50854,0.13286628,0.14244229,0.12329029,0.0036038682,0.24065208,0.22116666,0.055291664
50857,0.18803109,0.14861663,0.22744556,0.040069655,0.057203453,0.07233826,0.018084565
50860,0.14229855,0.1594698,0.1251273,0.045901626,0.6617279,0.5936737,0.14841843
50863,0.2752448,0.1700155,0.3804741,0.09476668,0.9749675,0.95480424,0.23870106
50866,0.15364294,0.17225206,0.1350338,0.30746308,0.0,0.30746308,0.07686577
50868,0.30645424,0.16687651,0.44603196,0.09475673,0.0,0.09475673,0.023689182
50871,0.13342029,0.1368186,0.13002199,0.0656346,1.5015055,1.7585815,0.43964538
50874,0.5476541,0.07482026,1.0204879,0.60065025,0.0,0.60065025,0.15016256
50877,0.08045181,0.078634165,0.08226945,0.0019589332,0.3066953,0.3065997,0.07664993
50880,0.16836143,0.064591624,0.2721312,0.42691898,0.0,0.42691898,0.106729746
50883,0.106497444,0.06538427,0.14761062,0.044988006,0.5953079,0.6236549,0.15591373
50886,0.05225481,0.05038013,0.054129492,0.0017969405,0.3593712,0.37071705,0.09267926
50888,0.15896027,0.04320499,0.27471554,0.13045107,0.0,0.13045107,0.032612767
50891,0.05408879,0.058671206,0.04950637,0.030560112,0.0,0.030560112,0.007640028
50894,0.066336654,0.05485627,0.07781704,0.13733052,0.0,0.13733052,0.03433263
50897,0.31837362,0.045685083,0.5910621,0.89906913,0.0,0.89906913,0.22476728
50900,0.07159385,0.0463953,0.0967924,0.13533962,0.0,0.13533962,0.033834904
50903,0.48605856,0.04392928,0.92818785,0.6317014,0.0,0.6317014,0.15792535
50906,0.11341748,0.040181424,0.18665354,0.07954341,0.094381176,0.061908294,0.015477073
50908,0.07820032,0.028210232,0.1281904,0.08728645,0.9588699,1.0769963,0.26924908
50911,0.049057763,0.03568841,0.06242712,0.034693953,0.4554293,0.52052855,0.13013214
50914,0.08255056,0.044444818,0.12065631,0.07584516,0.12872823,0.21556775,0.05389194
50917,0.1127201,0.047357142,0.17808306,0.06349421,0.08422375,0.05750966,0.014377415
50920,0.25426224,0.026143363,0.4823811,0.35962924,0.0,0.35962924,0.08990731
50923,0.038163852,0.030034037,0.04629366,0.0059303385,0.312245,0.31989142,0.079972856
50926,0.15359284,0.028043514,0.27914217,0.18617217,0.0,0.18617217,0.046543043
50928,0.53647023,0.02888394,1.0440565,0.8166248,0.0,0.8166248,0.2041562
50931,0.0606668,0.028008595,0.09332501,0.08632145,0.07438723,0.14852808,0.03713202
50934,0.03598121,0.021594033,0.050368387,0.053661395,0.0,0.053661395,0.013415349
50937,0.036050957,0.020660238,0.05144168,0.042450204,0.8128808,0.8474496,0.2118624
50940,0.24163865,0.023218589,0.4600587,0.30527735,0.0,0.30527735,0.07631934
50943,0.05735478,0.021850923,0.09285864,0.16637577,0.0,0.16637577,0.041593943
50946,0.04751861,0.016955646,0.07808158,0.056486208,0.0,0.056486208,0.014121552
50948,0.15082167,0.0148466015,0.28679672,0.3987681,0.0,0.3987681,0.099692024
50951,0.06563642,0.020347724,0.110925116,0.067138284,0.092669964,0.10647937,0.026619842
50954,0.07304485,0.017842226,0.12824748,0.11695547,0.0,0.11695547,0.029238867
50957,0.13584174,0.02109112,0.25059235,0.13585113,0.0,0.13585113,0.033962782
50960,0.060434055,0.029718906,0.0911492,0.08171781,1.2970809,1.5560175,0.38900438
50963,0.07467353,0.043124873,0.10622219,0.03291889,0.046403725,0.0506157,0.012653925
50966,0.8797004,0.055585552,1.7038153,1.1792127,0.0,1.1792127,0.29480317
50968,0.12479365,0.05857262,0.19101466,0.39105973,0.0,0.39105973,0.09776493
50971,0.3325417,0.06841157,0.5966718,0.27922884,0.0,0.27922884,0.06980721
50974,0.18500216,0.06832028,0.30168405,0.110200346,0.11554035,0.042353302,0.010588326
50977,0.084768794,0.08671627,0.08282131,0.23384094,0.0,0.23384094,0.058460236
50980,0.0821634,0.08992239,0.074404426,0.07145458,0.0,0.07145458,0.017863644
50983,0.12964654,0.09106537,0.16822772,0.45522627,0.0,0.45522627,0.11380657
50986,1.1555465,0.09339724,2.217696,1.4378486,0.0,1.4378486,0.35946214
50988,0.10123908,0.09253975,0.109938405,0.35108078,0.0,0.35108078,0.087770194
50991,0.9670632,0.09568161,1.8384447,1.1573299,0.0,1.1573299,0.28933248
50994,0.08537642,0.076271445,0.09448141,0.03179951,0.037368774,0.068014614,0.017003654
50997,0.06587389,0.0735848,0.058162976,0.0054863333,0.20441945,0.1905769,0.047644224
51000,0.12955053,0.06297771,0.19612335,0.084214084,0.2534597,0.30938208,0.07734552
51003,0.10149821,0.070894025,0.13210239,0.2163407,0.0,0.2163407,0.054085176
51006,0.087694205,0.074390374,0.100998044,0.07387932,1.2427372,1.4898643,0.3724661
51008,0.09718145,0.07880501,0.1155579,0.24452305,0.0,0.24452305,0.061130762
51011,0.082769655,0.08341051,0.0821288,0.039717816,0.0,0.039717816,0.009929454
51014,0.117521554,0.09232086,0.14272225,0.01134099,0.138448,0.1020375,0.025509374
51017,0.073877595,0.08759633,0.060158867,0.009841834,0.3644619,0.33625436,0.08406359
51020,0.21158934,0.083108194,0.3400705,0.6761513,0.0,0.6761513,0.16903782
51023,0.23600753,0.059355635,0.41265944,0.7373957,0.0,0.7373957,0.18434893
51026,0.0415985,0.047640283,0.035556715,0.0037200134,0.32082048,0.300482,0.0751205
51028,0.8116695,0.041649822,1.5816892,1.1726159,0.0,1.1726159,0.29315397
51031,0.06399927,0.04942755,0.078571,0.0571676,0.0,0.0571676,0.0142919
51034,0.35047796,0.040142503,0.66081345,0.4249216,0.0,0.4249216,0.1062304
51037,0.054914147,0.03549319,0.074335106,0.064261466,0.91054916,0.92264444,0.23066111
51040,0.06014201,0.052601177,0.06768284,0.09275985,0.0,0.09275985,0.023189962
51043,0.26853278,0.04448217,0.4925834,0.8072009,0.0,0.8072009,0.20180023
51046,0.08339971,0.03267931,0.1341201,0.05499826,0.5427622,0.49475932,0.12368983
51048,0.06579727,0.0337065,0.09788803,0.06462345,1.0810351,1.1676704,0.2919176
51051,0.06040452,0.028992511,0.09181652,0.18048711,0.0,0.18048711,0.045121778
51054,0.06680027,0.040658597,0.09294194,0.03212096,0.03323857,0.051630795,0.012907699
51057,0.02791134,0.023592746,0.032229934,0.037920203,0.0,0.037920203,0.009480051
51060,0.1095761,0.02201221,0.19713998,0.2700378,0.0,0.2700378,0.06750945
51063,0.42265818,0.023698613,0.82161766,0.6037205,0.0,0.6037205,0.15093012
51066,0.04965767,0.022481143,0.076834194,0.085875094,0.0,0.085875094,0.021468773
51068,0.039713718,0.025454164,0.053973272,0.037914976,0.71308833,0.6641586,0.16603965
51071,0.048185885,0.028178759,0.06819301,0.073054485,0.0,0.073054485,0.018263621
51074,0.4036275,0.024299497,0.7829556,0.5446388,0.0,0.5446388,0.1361597
51077,0.76299757,0.022880957,1.5031141,1.1994022,0.0,1.1994022,0.29985055
51080,0.08658836,0.028452149,0.1447246,0.0751336,0.007171631,0.092018105,0.023004526
51083,0.026863182,0.03187971,0.021846658,0.004336648,0.17910318,0.22088532,0.05522133
51086,0.06977974,0.027953016,0.11160646,0.05957599,0.65241116,0.6244478,0.15611196
51088,0.10527841,0.030736336,0.17982048,0.12562674,0.03592682,0.19505955,0.04876489
51091,0.18955229,0.03774513,0.34135947,0.16211861,0.0,0.16211861,0.040529653
51094,0.02577586,0.031715233,0.019836484,0.007023699,0.398218,0.46862373,0.11715593
51097,0.26677656,0.028895408,0.5046577,0.30161163,0.0,0.30161163,0.07540291
51100,0.08207137,0.033767976,0.13037477,0.087901294,1.1926308,1.3465828,0.3366457
51103,0.10463596,0.038108584,0.17116334,0.20688176,0.0,0.20688176,0.05172044
51106,0.048930395,0.048337866,0.049522925,0.0072395564,0.4074491,0.3970157,0.09925392
51108,0.06983421,0.050271105,0.08939731,0.06853596,0.87232655,0.8274333,0.20685832
51111,0.087238014,0.056663428,0.1178126,0.04522626,0.0077667236,0.06085563,0.015213908
51114,0.24850984,0.052564055,0.44445562,0.19738305,0.0,0.19738305,0.04934576
51117,0.095858,0.066532165,0.12518384,0.02975011,0.0,0.02975011,0.0074375276
51120,0.09675855,0.06683314,0.12668397,0.04236397,0.6664316,0.661112,0.165278
51123,0.053579766,0.060287368,0.04687217,0.007823728,0.23148854,0.20851713,0.052129284
51126,0.08351769,0.05769946,0.10933593,0.030640803,0.006118139,0.042207364,0.010551841
51128,0.0986797,0.055577964,0.14178143,0.029174572,0.37271687,0.31324157,0.07831039
51131,0.09686128,0.052935556,0.140787,0.074844025,1.4098161,1.5599552,0.3899888
51134,0.20435195,0.046529114,0.36217478,0.18826757,0.0,0.18826757,0.047066893
51137,0.13659054,0.047732223,0.22544885,0.113827296,0.0,0.113827296,0.028456824
51140,0.06209609,0.049163092,0.07502909,0.049500633,0.0,0.049500633,0.012375158
51143,0.23091519,0.05628578,0.4055446,0.25127718,0.0,0.25127718,0.062819295
51146,0.1413187,0.05831789,0.22431952,0.09671146,0.90220785,0.8623142,0.21557856
51148,0.6912894,0.047744777,1.3348341,0.9448888,0.0,0.9448888,0.2362222
51151,0.2703287,0.051294893,0.4893625,0.7448635,0.0,0.7448635,0.18621588
51154,0.06079142,0.044756774,0.07682607,0.121843554,0.0,0.121843554,0.030460889
51157,0.060470656,0.054383427,0.066557884,0.019720437,0.049675465,0.07746694,0.019366736
51160,0.069192626,0.04475649,0.093628764,0.04945724,0.10442066,0.14568262,0.036420655
51163,0.051528305,0.042613734,0.06044287,0.03019238,0.08392414,0.12784086,0.031960215
51166,0.04323185,0.044128504,0.042335197,0.002357797,0.15799713,0.17224683,0.043061707
51168,0.31940737,0.032140043,0.6066747,0.4192793,0.0,0.4192793,0.10481983
51171,0.06562025,0.032264132,0.09897637,0.063658506,0.05703481,0.14981683,0.037454206
51174,0.071140036,0.030733297,0.11154678,0.05666685,0.0692358,0.051424902,0.0128562255
51177,0.061604273,0.025288766,0.097919784,0.17358637,0.0,0.17358637,0.043396592
51180,0.52158266,0.022413531,1.0207518,0.7977058,0.0,0.7977058,0.19942646
51183,0.06825688,0.021528648,0.11498511,0.08416498,1.0644709,1.0505489,0.26263723
51186,0.17664044,0.020812502,0.33246836,0.20051657,0.0,0.20051657,0.05012914
51188,0.058409464,0.018907212,0.097911716,0.08038152,1.14593,1.3393036,0.3348259
51191,0.51929635,0.019297829,1.0192949,0.79112077,0.0,0.79112077,0.19778019
51194,0.030253252,0.019071674,0.04143483,0.040998235,0.0,0.040998235,0.010249559
51197,0.015194207,0.017137604,0.01325081,0.002811444,0.21542966,0.23422211,0.05855553
51200,0.018511122,0.019500136,0.01752211,0.0013128096,0.18739574,0.17896803,0.044742007
51203,0.43034887,0.025544971,0.8351528,0.6663018,0.0,0.6663018,0.16657545
51206,0.047781397,0.025380323,0.07018247,0.03816715,0.008221944,0.057227615,0.014306904
51208,0.15781263,0.029878967,0.28574628,0.43938878,0.0,0.43938878,0.109847195
51211,0.5030503,0.04090601,0.96519464,0.6370583,0.0,0.6370583,0.15926458
51214,0.09023633,0.045913056,0.13455959,0.039052654,0.038548786,0.117468774,0.029367194
51217,0.10592689,0.03788462,0.17396916,0.19453807,0.0,0.19453807,0.048634518
51220,0.20233457,0.047187794,0.35748133,0.6099622,0.0,0.6099622,0.15249056
51223,0.068857275,0.07534046,0.0623741,0.005379705,0.36543974,0.36116982,0.090292454
51226,0.11599923,0.07633669,0.15566178,0.04189617,0.03930537,0.11546736,0.02886684
51228,0.11252695,0.060935695,0.16411822,0.05288862,0.0,0.05288862,0.013222155
51231,0.044702653,0.051764876,0.03764043,0.009218146,0.25905547,0.22663076,0.05665769
51234,0.053715188,0.054002624,0.053427752,0.059411447,0.0,0.059411447,0.014852862
51237,0.058038514,0.033788163,0.082288854,0.07585654,0.0,0.07585654,0.018964134
51240,0.028302735,0.028858619,0.027746847,0.004571468,0.30252266,0.28721425,0.07180356
51243,0.33146897,0.023773646,0.63916427,0.46379218,0.0,0.46379218,0.115948044
51246,0.14634344,0.017969863,0.274717,0.36023578,0.0,0.36023578,0.090058945
51248,0.04979645,0.023581868,0.07601103,0.037989847,0.010317485,0.06094485,0.015236213
51251,0.17501448,0.013987183,0.33604178,0.41602436,0.0,0.41602436,0.10400609
51254,0.079429835,0.015151262,0.14370841,0.07536676,0.0,0.07536676,0.01884169
51257,0.027839953,0.023609854,0.032070052,0.045742005,0.5474294,0.46649393,0.11662348
51260,0.043944824,0.025228286,0.06266137,0.021352634,0.01223882,0.04365449,0.010913623
51263,0.029669775,0.02613231,0.033207238,0.009173929,0.17741585,0.15938309,0.039845772
51266,0.45732895,0.016263476,0.8983944,0.7427332,0.0,0.7427332,0.1856833
51268,0.032212306,0.0161419,0.048282713,0.018468915,0.0,0.018468915,0.0046172286
51271,0.025626527,0.022945657,0.028307399,0.006360131,0.29152545,0.34419537,0.08604884
51274,0.02470032,0.021953264,0.027447375,0.0018364316,0.19741885,0.1938308,0.0484577
51277,0.053625792,0.018524894,0.08872669,0.11217705,0.8880596,0.9234094,0.23085235
51280,0.024971642,0.018946858,0.030996427,0.055795614,0.0,0.055795614,0.013948903
51283,0.07257449,0.02497285,0.120176114,0.058947142,0.72198135,0.7807147,0.19517867
51286,0.42659,0.023174487,0.83000547,0.6317302,0.0,0.6317302,0.15793255
51288,0.02902612,0.0259415,0.03211074,0.0018443061,0.23428535,0.24186672,0.06046668
51291,0.10347278,0.027810471,0.17913508,0.0975391,0.0,0.0975391,0.024384774
51294,0.41439208,0.021849772,0.80693436,0.59109396,0.0,0.59109396,0.14777349
51297,0.65315735,0.017486226,1.2888285,1.0649015,0.0,1.0649015,0.26622537
51300,0.7826415,0.01323678,1.5520462,1.3622303,0.0,1.3622303,0.34055758
51303,0.14343067,0.012425664,0.27443567,0.34591126,0.0,0.34591126,0.086477816
51306,0.25932363,0.01781074,0.50083655,0.3839866,0.0,0.3839866,0.09599665
51308,0.051763933,0.018459635,0.085068226,0.0564888,0.0,0.0564888,0.0141222
51311,0.19125266,0.015935272,0.3665701,0.45620465,0.0,0.45620465,0.11405116
51314,0.10362848,0.021173129,0.18608384,0.22374295,0.0,0.22374295,0.055935737
51317,0.020846047,0.023103142,0.018588949,0.0034829818,0.21731503,0.20150085,0.050375212
51320,0.12996493,0.023972036,0.23595782,0.36938336,0.0,0.36938336,0.09234584
51323,0.034771327,0.030910254,0.038632404,0.047671814,0.5545902,0.4298668,0.1074667
51326,0.10695232,0.019970752,0.19393389,0.10642988,0.0,0.10642988,0.02660747
51328,0.082261264,0.032387547,0.13213499,0.049454737,0.05380392,0.04323539,0.010808848
51331,0.1338909,0.03300093,0.23478086,0.16960593,1.199478,1.1516514,0.28791285
51334,0.07236168,0.03380992,0.11091343,0.09125361,0.104074,0.20438749,0.05109687
51337,0.07200479,0.02715231,0.11685727,0.068493985,0.9344568,0.86918956,0.21729739
51340,0.029010167,0.030462982,0.027557349,0.0047394354,0.28598824,0.32667077,0.08166769
51343,0.0996676,0.028581142,0.17075406,0.092033304,0.0,0.092033304,0.023008326
51346,0.02985088,0.02791668,0.031785082,0.032579098,0.0,0.032579098,0.0081447745
51348,0.03958145,0.037019014,0.042143892,0.0066512297,0.31997195,0.35702562,0.089256406
51351,0.059496377,0.03540501,0.08358774,0.045020062,0.03694725,0.08306282,0.020765705
51354,0.05810885,0.04266,0.0735577,0.031233475,0.03167534,0.06785687,0.016964218
51357,0.087741375,0.029905856,0.1455769,0.2063256,0.0,0.2063256,0.0515814
51360,0.09425994,0.035278052,0.15324183,0.07613132,0.025283178,0.13343342,0.033358354
51363,0.07803117,0.028164366,0.12789796,0.08175681,0.1631298,0.2963785,0.07409462
51366,0.074702926,0.025676826,0.12372902,0.08895177,0.08716186,0.1781329,0.044533227
51368,0.31479713,0.026251962,0.6033423,0.4267242,0.0,0.4267242,0.10668105
51371,0.083506964,0.031091198,0.13592273,0.16976835,0.0,0.16976835,0.042442087
51374,0.038447697,0.029305741,0.047589656,0.054780554,0.0,0.054780554,0.0136951385
51377,1.0520614,0.027956113,2.0761669,1.656868,0.0,1.656868,0.414217
51380,0.9008917,0.023424894,1.7783585,1.4349843,0.0,1.4349843,0.35874608
51383,0.5254497,0.018802574,1.0320969,0.80125445,0.0,0.80125445,0.20031361
51386,0.29676604,0.016337352,0.57719475,0.42707762,0.0,0.42707762,0.106769405
51388,0.5041173,0.016353883,0.9918807,0.7982753,0.0,0.7982753,0.19956882
51391,0.04654487,0.02917252,0.06391721,0.047307353,1.1780783,1.1810312,0.2952578
51394,0.25293902,0.024160543,0.4817175,0.31238315,0.0,0.31238315,0.078095786
51397,0.035582982,0.02803795,0.043128014,0.043418925,0.8379771,0.70793533,0.17698383
51400,0.06742552,0.025884544,0.10896649,0.20485972,0.0,0.20485972,0.05121493
51403,0.1066181,0.02098579,0.19225042,0.25977167,0.0,0.25977167,0.06494292
51406,0.15218808,0.01912063,0.28525552,0.21937734,0.0,0.21937734,0.054844335
51408,0.114624865,0.015377973,0.21387176,0.28691798,0.0,0.28691798,0.071729496
51411,0.7359411,0.015871119,1.4560112,1.2421018,0.0,1.2421018,0.31052545
51414,0.05322005,0.017955272,0.08848482,0.04519835,0.0,0.04519835,0.011299588
51417,0.03875492,0.023324436,0.05418541,0.031806093,0.026705423,0.06326148,0.01581537
51420,0.19803087,0.02292999,0.37313175,0.22600801,0.0,0.22600801,0.056502003
51423,0.02513495,0.028252788,0.022017112,0.0033323367,0.17399275,0.20196433,0.050491083
51426,0.030155502,0.030903863,0.029407142,0.003870491,0.21805573,0.20636761,0.051591903
51428,0.05346779,0.032816276,0.07411931,0.04558501,0.8426099,0.8645778,0.21614444
51431,0.02590535,0.026825076,0.024985626,0.0013379744,0.17354266,0.16333957,0.040834893
51434,0.14853132,0.01434245,0.28272018,0.3549175,0.0,0.3549175,0.088729374
51437,0.04131192,0.011996972,0.07062687,0.09153371,0.0,0.09153371,0.022883428
51440,0.13918434,0.011214867,0.26715383,0.3445361,0.0,0.3445361,0.086134024
51443,0.038155492,0.013749835,0.06256115,0.04488199,0.057807922,0.11783683,0.029459208
51446,0.094722636,0.010164961,0.17928033,0.21842594,0.0,0.21842594,0.054606486
51448,0.019967759,0.011947026,0.027988493,0.03930542,0.6420231,0.46255398,0.115638494
51451,0.077843174,0.019178338,0.136508,0.082160875,0.021680197,0.1357411,0.033935275
51454,0.09678057,0.014087821,0.17947333,0.11773827,0.0,0.11773827,0.029434567
51457,0.19833027,0.011627876,0.38503265,0.47637987,0.0,0.47637987,0.11909497
51460,0.016740426,0.016287176,0.017193679,0.004577153,0.34125838,0.35862124,0.08965531
51463,0.10132999,0.009520805,0.19313918,0.2544137,0.0,0.2544137,0.06360342
51466,0.22191244,0.010326597,0.4334983,0.3397297,0.0,0.3397297,0.084932424
51468,0.023417665,0.011836205,0.03499912,0.04618142,0.9417216,0.7473338,0.18683346
51471,0.04786208,0.011629214,0.08409494,0.08866272,0.0,0.08866272,0.02216568
51474,0.03523059,0.024997627,0.04546355,0.07938677,0.061682384,0.045643937,0.011410984
51477,0.027894877,0.027344875,0.028444879,0.011266358,0.39733317,0.4875987,0.12189967
51480,0.044085603,0.029090002,0.059081197,0.059123695,1.0224787,1.0052084,0.2513021
51483,0.03499043,0.021433035,0.048547823,0.030619511,0.06998428,0.0993039,0.024825975
51486,0.04344645,0.022374326,0.06451858,0.12782545,0.0,0.12782545,0.031956363
51488,0.09518389,0.0214302,0.16893758,0.26166344,0.0,0.26166344,0.06541586
51491,0.039620806,0.024183212,0.055058405,0.04877959,1.1171705,1.2285742,0.30714354
51494,0.11341173,0.012834802,0.21398866,0.31897327,0.0,0.31897327,0.07974332
51497,0.034526397,0.012873888,0.0561789,0.0623595,0.07315699,0.09592887,0.023982218
51500,0.012237538,0.014106084,0.010368991,0.011838779,0.39228383,0.49161196,0.12290299
51503,0.15183721,0.010217208,0.29345724,0.35442927,0.0,0.35442927,0.08860732
51506,0.26692572,0.009938101,0.5239134,0.45132104,0.0,0.45132104,0.11283026
51508,0.61392385,0.011694409,1.2161533,1.0984689,0.0,1.0984689,0.27461722
51511,0.04589193,0.016205465,0.0755784,0.042717453,0.060679752,0.06766053,0.016915133
51514,0.02689852,0.017814001,0.03598304,0.034078795,0.68457985,0.5163396,0.1290849
51517,0.28002182,0.015093923,0.5449497,0.5273511,0.0,0.5273511,0.13183777
51520,0.033495057,0.017183155,0.049806956,0.031867772,0.55752176,0.52254945,0.13063736
51523,0.035091374,0.019101175,0.05108158,0.051671844,0.42789522,0.3287737,0.08219343
51526,0.54644465,0.020542467,1.0723468,1.174899,0.0,1.174899,0.29372475
51528,0.47072908,0.019704873,0.9217532,1.0020499,0.0,1.0020499,0.25051248
51531,0.043976337,0.022456974,0.0654957,0.03148615,0.06194687,0.12887494,0.032218736
51534,0.051782694,0.02235038,0.081215,0.11316115,0.98778915,0.9380553,0.23451382
51537,0.48420656,0.017909361,0.95050377,0.9086768,0.0,0.9086768,0.2271692
51540,0.050573558,0.02144578,0.07970134,0.049736623,0.025051117,0.072562054,0.018140513
51543,0.13283725,0.019328432,0.24634606,0.25166535,0.0,0.25166535,0.06291634
51546,0.39873156,0.018919656,0.7785435,0.7153492,0.0,0.7153492,0.1788373
51548,0.38932028,0.019575406,0.75906515,0.77593184,0.0,0.77593184,0.19398296
51551,0.051474597,0.019942679,0.08300651,0.07420857,1.5105716,1.6423079,0.41057697
51554,0.3329159,0.018459275,0.64737254,0.6558881,0.0,0.6558881,0.16397202
51557,0.08442259,0.017577201,0.15126798,0.15705763,0.0,0.15705763,0.039264407
51560,0.05164246,0.020017525,0.0832674,0.045576334,0.68153316,0.5782176,0.1445544
51563,0.042562958,0.016394299,0.06873161,0.08022523,1.3096542,1.4111241,0.35278103
51566,0.44602582,0.0142241595,0.87782747,0.8717224,0.0,0.8717224,0.2179306
51568,0.018913409,0.014528031,0.023298785,0.0035253942,0.15254784,0.13899875,0.034749687
51571,0.01883741,0.014700375,0.022974446,0.030112421,0.5054188,0.41647458,0.104118645
51574,0.104783736,0.016864674,0.19270279,0.12823264,0.0,0.12823264,0.03205816
51577,0.024482248,0.017783275,0.031181222,0.029966196,0.0,0.029966196,0.007491549
51580,0.027089896,0.016407633,0.03777216,0.042417396,0.7873376,0.7033803,0.17584507
51583,0.10350156,0.025163613,0.18183951,0.121666946,0.0,0.121666946,0.030416736
51586,0.75640774,0.024565352,1.4882501,1.5715731,0.0,1.5715731,0.39289328
51588,0.03340609,0.020739837,0.046072345,0.00795286,0.15150928,0.12884776,0.03221194
51591,0.031430386,0.022809887,0.040050883,0.026854487,0.4788442,0.42302,0.105755
51594,0.044926833,0.028855056,0.060998607,0.041562144,0.048520405,0.10871909,0.027179772
51597,0.11831117,0.030314872,0.20630747,0.2970703,0.0,0.2970703,0.07426757
51600,0.05858035,0.02830519,0.088855505,0.039662674,0.0,0.039662674,0.0099156685
51603,0.03076715,0.030111412,0.031422887,0.013699856,0.19445117,0.17858763,0.044646908
51606,0.051976625,0.042672426,0.061280828,0.021543965,0.457741,0.4374157,0.10935392
51608,0.078356326,0.051191594,0.10552106,0.032670736,0.046972435,0.05442049,0.013605122
51611,0.09057688,0.051379878,0.12977387,0.055120736,0.009108384,0.07376517,0.018441293
51614,0.03963847,0.04515164,0.0341253,0.004803006,0.4555502,0.47504005,0.11876001
51617,0.047579248,0.04424263,0.050915863,0.0038863935,0.1348189,0.12925641,0.032314103
51620,0.05986829,0.038290855,0.08144573,0.041155543,1.0856503,0.9856234,0.24640585
51623,0.032729175,0.029368484,0.036089867,0.0023703857,0.16769488,0.14884505,0.03721126
51626,0.055711407,0.022350565,0.08907225,0.061576486,1.1989397,1.0154499,0.25386247
51628,0.02580309,0.018645648,0.03296053,0.023552256,0.42047486,0.40159377,0.10039844
51631,0.030644782,0.013736769,0.047552794,0.05010304,0.0,0.05010304,0.01252576
51634,0.049123924,0.014915507,0.08333234,0.061577186,0.016708374,0.10094938,0.025237344
51637,0.020650724,0.013947949,0.027353497,0.018989513,0.045182228,0.0686203,0.017155075
51640,0.022982555,0.012515186,0.03344992,0.020038461,0.013763428,0.02583968,0.00645992
51643,0.0507272,0.012519792,0.0889346,0.05835175,0.93498355,0.8652041,0.21630102
51646,0.16958827,0.011279393,0.32789713,0.30318826,0.0,0.30318826,0.075797066
51648,0.019360045,0.0116215125,0.027098576,0.022484714,0.02587811,0.035651986,0.008912996
51651,0.46078715,0.011001241,0.910573,0.89129955,0.0,0.89129955,0.22282489
51654,0.023859866,0.014484967,0.033234764,0.0069066896,0.31798697,0.3261914,0.08154785
51657,0.034089044,0.015259814,0.05291827,0.05909456,0.11053141,0.2146917,0.053672925
51660,0.041391227,0.011999556,0.0707829,0.041396815,0.025851568,0.08437907,0.021094767
51663,0.124819696,0.011235227,0.23840417,0.18214814,0.0,0.18214814,0.045537036
51666,0.05319668,0.013048378,0.09334498,0.058143243,0.009325664,0.079341084,0.019835271
51668,0.80755997,0.017138572,1.5979813,1.708373,0.0,1.708373,0.42709324
51671,0.053985182,0.015394486,0.09257588,0.0829218,0.08013272,0.06296259,0.015740648
51674,0.025082821,0.013931078,0.036234565,0.031855382,0.603837,0.56099766,0.14024942
51677,0.049427908,0.015724087,0.08313172,0.04778521,0.012095292,0.06885252,0.01721313
51680,0.107174195,0.020617342,0.19373105,0.16866346,0.0,0.16866346,0.042165864
51683,0.09041669,0.022508651,0.15832472,0.17869854,0.0,0.17869854,0.044674635
51686,0.026111493,0.020794652,0.031428333,0.0047786688,0.27007994,0.2616506,0.06541265
51688,0.0205724,0.025375986,0.015768811,0.011754575,0.45270848,0.51929545,0.12982386
51691,0.20077862,0.024711683,0.37684557,0.24688148,0.0,0.24688148,0.06172037
51694,0.03520063,0.027668037,0.042733226,0.043604348,0.045573074,0.11686924,0.02921731
51697,0.038580775,0.022053689,0.05510786,0.021226704,0.0048511825,0.028691262,0.0071728155
51700,0.032829925,0.025654292,0.04000556,0.021857165,0.041599113,0.07558168,0.01889542
51703,0.35347787,0.030846333,0.6761094,0.9651802,0.0,0.9651802,0.24129505
51705,0.49465826,0.039613664,0.9497029,1.3036524,0.0,1.3036524,0.3259131
51708,0.18391436,0.02554317,0.34228554,0.44103804,0.0,0.44103804,0.11025951
51711,0.041002642,0.021305045,0.060700238,0.0759645,0.0,0.0759645,0.018991126
51714,0.12077523,0.022709623,0.21884084,0.123841554,0.0,0.123841554,0.030960388
51717,0.01950526,0.021755526,0.017254995,0.0058764317,0.28322598,0.34728265,0.08682066
51720,0.14144903,0.0111981295,0.27169994,0.20320529,0.0,0.20320529,0.050801322
51723,0.045099556,0.021986112,0.06821299,0.02898722,0.052582264,0.10436591,0.026091477
51725,0.21228689,0.013602786,0.41097102,0.34995273,0.0,0.34995273,0.08748818
51728,0.024124408,0.019107683,0.029141137,0.026999341,0.60451967,0.47941816,0.11985454
51731,0.022783576,0.023889825,0.021677325,0.006092787,0.34175122,0.3940424,0.0985106
51734,0.030633373,0.021776669,0.039490078,0.025996849,0.85405713,0.8962262,0.22405656
51737,0.026566943,0.021166652,0.031967234,0.04807042,0.55900353,0.5071615,0.12679037
51740,0.8613182,0.022515943,1.7001204,1.4024833,0.0,1.4024833,0.35062084
51743,0.06716181,0.029833933,0.10448969,0.068653844,1.0150871,0.9963434,0.24908584
51745,0.10985875,0.028767496,0.19095002,0.1365966,1.1111175,1.1996063,0.29990157
51748,0.07494378,0.030544594,0.11934296,0.058101237,0.72819215,0.6869088,0.1717272
51751,0.19198169,0.034309056,0.34965432,0.17746566,0.0,0.17746566,0.044366416
51754,0.0644975,0.05592904,0.07306596,0.0027753396,0.28359142,0.31538972,0.07884743
51757,0.07766738,0.04514663,0.11018813,0.056998074,0.8457718,0.9411529,0.23528822
51760,0.085964106,0.05005926,0.121868946,0.09537501,1.189494,1.5022303,0.37555757
51763,0.06835031,0.05894359,0.077757016,0.039227504,0.4197828,0.38132456,0.09533114
51765,0.17332317,0.06734503,0.27930132,0.5377973,0.0,0.5377973,0.13444932
51768,0.12218747,0.07694617,0.16742879,0.093272835,0.97626287,1.0494572,0.2623643
51771,0.07840137,0.0656677,0.09113505,0.006047649,0.49913487,0.5508986,0.13772465
51774,0.43135428,0.06752208,0.7951865,0.41054448,0.0,0.41054448,0.10263612
51777,0.14071019,0.07190302,0.20951737,0.47463927,0.0,0.47463927,0.11865982
51780,0.09638556,0.072794326,0.11997679,0.01763451,0.019179821,0.022630824,0.005657706
51783,0.098935485,0.07295132,0.12491966,0.025252067,0.0,0.025252067,0.0063130166
51785,0.12929946,0.077833585,0.18076533,0.05829857,0.0,0.05829857,0.014574642
51788,0.10983241,0.10685321,0.112811625,0.026718946,0.02913475,0.06999108,0.01749777
51791,0.23000622,0.09040024,0.3696122,0.17973757,0.0,0.17973757,0.044934392
51794,0.43202734,0.108753346,0.7553013,1.3655977,0.0,1.3655977,0.34139943
51797,0.18431382,0.13795203,0.23067558,0.05314207,0.12459326,0.19969125,0.049922813
51800,0.5912217,0.13016272,1.0522807,0.4590021,0.0,0.4590021,0.11475053
51803,0.09440497,0.11534098,0.07346896,0.071285926,0.0,0.071285926,0.017821481
51805,0.13148253,0.111952685,0.15101236,0.029694462,0.012625058,0.045508474,0.0113771185
51808,0.09889557,0.09599035,0.1018008,0.23852615,0.0,0.23852615,0.059631538
51811,0.090225644,0.105429314,0.07502198,0.2024175,0.0,0.2024175,0.050604373
51814,0.45639932,0.108849786,0.8039489,0.36472312,0.0,0.36472312,0.09118078
51817,0.33264315,0.09595416,0.5693321,0.2654989,0.0,0.2654989,0.06637473
51820,0.11851186,0.1042009,0.13282283,0.055393744,1.3455677,1.2639532,0.3159883
51823,0.16099055,0.09850836,0.22347273,0.41054428,0.0,0.41054428,0.10263607
51825,0.1270472,0.11545735,0.13863707,0.013425839,0.42742673,0.45119795,0.11279949
51828,0.11487543,0.11913732,0.11061353,0.040024914,0.02564303,0.044649642,0.0111624105
51831,0.07018135,0.056625348,0.08373734,0.17627424,0.0,0.17627424,0.04406856
51834,0.28432393,0.0639523,0.5046956,0.28171694,0.0,0.28171694,0.070429236
51837,0.0981045,0.064514786,0.13169421,0.05700383,0.03248024,0.1005848,0.0251462
51840,0.06051275,0.06174526,0.059280246,0.07967756,1.3696581,1.7665011,0.44162527
51843,0.04990879,0.04599501,0.053822577,0.0048102695,0.14024861,0.12535344,0.03133836
51845,0.07148903,0.052828085,0.09014998,0.07322804,0.102596916,0.14269294,0.035673235
51848,0.09687358,0.08661497,0.107132204,0.05608799,0.83280057,0.89610934,0.22402734
51851,0.08406592,0.07650179,0.091630064,0.004399366,0.3967317,0.4543898,0.11359745
51854,0.09314517,0.06886525,0.11742511,0.14075828,0.0,0.14075828,0.03518957
51857,0.06045705,0.066826925,0.05408718,0.029632295,0.60400707,0.5452725,0.13631813
51860,0.14486043,0.04083095,0.24888992,0.12767899,0.0,0.12767899,0.031919748
51863,0.055704404,0.018425064,0.092983745,0.12240338,0.0,0.12240338,0.030600846
51865,0.04931466,0.01660719,0.08202212,0.043035537,0.59292096,0.5497308,0.1374327
51868,0.08425448,0.00953292,0.15897603,0.18866284,0.0,0.18866284,0.04716571
51871,0.024804823,0.00654335,0.043066297,0.03139982,0.46584937,0.50661594,0.12665398
51874,0.36152568,0.00555173,0.7174997,0.6985205,0.0,0.6985205,0.17463012
51877,0.05288456,0.0068417243,0.0989274,0.10596349,0.97722703,0.9213421,0.23033552
51880,0.16131698,0.0159572,0.30667675,0.24361663,0.0,0.24361663,0.060904156
51883,0.81508845,0.0052515804,1.6249253,1.5425304,0.0,1.5425304,0.3856326
51885,0.0039056304,0.0034701123,0.0043411483,0.003264143,0.40160942,0.43049225,0.10762306
51888,0.020172078,0.0029891555,0.037355002,0.036803395,0.92480206,0.988533,0.24713326
51891,0.05370137,0.011410826,0.09599192,0.09251106,1.4601294,1.6230072,0.4057518
51894,0.055844788,0.0058716796,0.10581789,0.12716614,0.0,0.12716614,0.031791534
51897,0.23848963,0.0050013247,0.47197795,0.4353541,0.0,0.4353541,0.10883853
51900,0.09382817,0.01312912,0.17452723,0.121213496,0.0,0.121213496,0.030303374
51903,0.013057158,0.012856998,0.01325732,0.0032356635,0.16378848,0.15307076,0.03826769
51905,0.25027904,0.015312509,0.4852456,0.38719562,0.0,0.38719562,0.096798904
51908,0.14889634,0.011185923,0.28660676,0.3177109,0.0,0.3177109,0.07942773
51911,0.02147127,0.00724172,0.035700817,0.026986333,0.044799488,0.06540683,0.016351707
51914,0.009015195,0.0074929893,0.010537401,0.0035767716,0.4633077,0.50933474,0.12733369
51917,0.03586687,0.008257911,0.06347583,0.050902862,1.2791125,1.3220707,0.33051768
51920,0.027193487,0.008815984,0.04557099,0.026792856,0.44348434,0.37239853,0.09309963
51923,0.04638568,0.009311764,0.08345959,0.07210171,0.0,0.07210171,0.018025428
51925,0.035966344,0.009092612,0.062840074,0.049311627,0.094089665,0.1017623,0.025440576
51928,0.062326442,0.008600888,0.116051994,0.11699429,0.0,0.11699429,0.029248573
51931,0.5094386,0.009248941,1.0096282,0.9571405,0.0,0.9571405,0.23928513
51934,0.05400066,0.011623212,0.09637811,0.07768401,0.11024157,0.15853955,0.039634887
51937,0.036366142,0.010256881,0.062475402,0.047637314,0.05847661,0.06142799,0.015356998
51940,0.08746919,0.014615543,0.16032284,0.1223051,0.0,0.1223051,0.030576276
51943,0.011300482,0.012597352,0.010003612,0.0036461735,0.21015032,0.24432383,0.06108096
51945,0.048020884,0.014337664,0.0817041,0.06449429,0.0,0.06449429,0.016123572
51948,0.042428777,0.015509557,0.069348,0.03902849,0.048515003,0.074428655,0.018607164
51951,0.057215203,0.01711026,0.09732015,0.06875253,0.063064896,0.10714545,0.026786363
51954,0.03917832,0.018272046,0.060084593,0.04603997,0.0,0.04603997,0.011509992
51957,0.045750648,0.022681078,0.068820216,0.04149312,0.012325923,0.06256906,0.015642265
51960,0.03696977,0.023422817,0.050516725,0.020961145,0.0060100555,0.030600622,0.0076501556
51963,0.26632872,0.029527811,0.50312966,0.30033585,0.0,0.30033585,0.07508396
51965,0.02552479,0.025960015,0.025089562,0.001470179,0.23645528,0.23119883,0.057799708
51968,0.030407585,0.033356138,0.027459033,0.01268816,0.13292043,0.111440994,0.027860248
51971,0.15764983,0.03594607,0.2793536,0.48348084,0.0,0.48348084,0.12087021
51974,0.70720196,0.03572044,1.3786834,1.0290531,0.0,1.0290531,0.25726327
51977,0.05498528,0.03976937,0.07020119,0.028272772,0.48467186,0.46035305,0.11508826
51980,0.8167756,0.052407343,1.581144,1.1061519,0.0,1.1061519,0.27653798
51983,0.073108494,0.05302867,0.09318832,0.018336333,0.36763263,0.3638413,0.090960324
51985,0.043452304,0.042990517,0.04391409,0.051389977,0.0,0.051389977,0.012847494
51988,0.052161377,0.052133143,0.052189615,0.02552397,0.3573351,0.3212426,0.08031065
51991,0.09518403,0.07229944,0.11806861,0.28392753,0.0,0.28392753,0.07098188
51994,0.0999826,0.07240241,0.1275628,0.05828662,0.12243136,0.19723682,0.049309205
51997,0.040142596,0.05297752,0.027307669,0.009536906,0.2745755,0.36568537,0.09142134
52000,0.11561531,0.050334275,0.18089634,0.06619709,0.06921402,0.06705518,0.016763795
52003,0.537177,0.038167898,1.0361861,0.69188076,0.0,0.69188076,0.17297019
52005,0.06341444,0.03785651,0.08897237,0.017886756,0.3918846,0.3488772,0.0872193
52008,0.057112772,0.030318255,0.083907284,0.051629204,0.055374783,0.10127747,0.025319368
52011,0.044682667,0.028021425,0.06134391,0.05652404,1.3684067,1.542119,0.38552976
52014,0.08140916,0.022160256,0.14065807,0.06401594,0.0,0.06401594,0.016003985
52017,0.050672453,0.026178524,0.07516638,0.030989354,0.51173013,0.47174737,0.11793684
52020,0.044193525,0.027400622,0.06098643,0.03342003,0.0125103,0.05191498,0.012978745
52023,0.02685381,0.029716475,0.023991147,0.011819218,0.3944869,0.5181723,0.12954308
52025,0.15060425,0.02351679,0.2776917,0.37691283,0.0,0.37691283,0.09422821
52028,0.03606418,0.032951713,0.039176654,0.010385801,0.45172694,0.54493004,0.13623251
52031,0.17767334,0.025549486,0.32979718,0.2058264,0.0,0.2058264,0.0514566
52034,0.027386665,0.031325817,0.023447512,0.0030766279,0.15062463,0.17800796,0.04450199
52037,0.03933593,0.035069257,0.0436026,0.018351633,0.0,0.018351633,0.0045879083
52040,0.0716373,0.046473127,0.09680148,0.04510607,0.04190715,0.09976292,0.02494073
52043,0.3765558,0.0368299,0.7162817,0.47863626,0.0,0.47863626,0.119659066
52045,0.041360352,0.03665631,0.046064395,0.019215459,0.04008277,0.06902388,0.01725597
52048,0.043857377,0.038212065,0.049502682,0.0030187033,0.22117424,0.23120677,0.057801694
52051,0.034477264,0.045627177,0.02332735,0.006638603,0.24317467,0.31032404,0.07758101
52054,0.476982,0.04724179,0.90672225,0.5527013,0.0,0.5527013,0.13817532
52057,0.04959221,0.043089777,0.056094646,0.021101722,0.3917258,0.38567045,0.09641761
52060,0.34068182,0.046595644,0.63476807,0.8759548,0.0,0.8759548,0.2189887
52063,0.06575636,0.052725166,0.07878755,0.022143712,0.4971263,0.4970645,0.124266125
52065,0.11929401,0.055897307,0.1826907,0.07507655,0.087610565,0.1324104,0.0331026
52068,0.096072614,0.054088116,0.1380571,0.101883054,0.0,0.101883054,0.025470763
52071,0.09275981,0.053281333,0.13223828,0.072937004,0.0,0.072937004,0.018234251
52074,0.18878502,0.06220402,0.315366,0.5708619,0.0,0.5708619,0.14271547
52077,0.11128441,0.06573731,0.15683152,0.08792194,0.0,0.08792194,0.021980485
52080,0.08341322,0.056591082,0.110235356,0.030205593,0.0,0.030205593,0.007551398
52083,0.10181728,0.07187303,0.13176154,0.09281859,1.2971576,1.3817962,0.34544906
52085,0.077653416,0.0747985,0.08050834,0.27482787,0.0,0.27482787,0.06870697
52088,0.16635185,0.10360527,0.22909844,0.09639526,1.3983332,1.528658,0.3821645
52091,0.113054894,0.103342116,0.122767664,0.003922664,0.17046182,0.15368934,0.038422335
52094,0.09004992,0.08362332,0.09647652,0.23984714,0.0,0.23984714,0.059961785
52097,0.09340302,0.09754076,0.089265294,0.028589016,0.0,0.028589016,0.007147254
52100,0.20732272,0.11088642,0.30375904,0.069579594,0.0,0.069579594,0.017394898
52103,0.40474188,0.118584566,0.6908992,0.2569377,0.0,0.2569377,0.06423443
52105,0.20222233,0.13276139,0.27168328,0.055859786,0.049870808,0.15656249,0.039140623
52108,0.18125735,0.1375442,0.2249705,0.050327104,0.052004337,0.085901804,0.021475451
52111,0.3615627,0.112512976,0.6106124,1.2266302,0.0,1.2266302,0.30665755
52114,0.9067519,0.10194399,1.7115598,1.0013441,0.0,1.0013441,0.25033602
52117,0.453799,0.086235665,0.8213623,0.4123509,0.0,0.4123509,0.10308772
52120,0.22136404,0.07263478,0.37009332,0.14344014,0.0,0.14344014,0.035860036
52123,0.3298569,0.07274892,0.5869649,0.320286,0.0,0.320286,0.0800715
52125,0.15738367,0.06683242,0.2479349,0.07503133,0.0,0.07503133,0.018757833
52128,0.3109419,0.055680066,0.5662037,0.31177756,0.0,0.31177756,0.07794439
52131,0.05922978,0.047068726,0.071390845,0.08024458,0.0,0.08024458,0.020061145
52134,0.075222515,0.07480168,0.07564335,0.0028495968,0.3047835,0.31490493,0.07872623
52137,0.061548352,0.06994531,0.053151384,0.025555246,0.3846035,0.3323436,0.0830859
52140,0.05911584,0.064634,0.05359767,0.016615827,0.44441712,0.597626,0.1494065
52143,0.05013712,0.051314328,0.048959915,0.0014109836,0.1547858,0.1482924,0.0370731
52145,0.057845514,0.054318782,0.061372247,0.009795703,0.40813804,0.49919167,0.12479792
52148,0.05201672,0.044813942,0.0592195,0.0050319857,0.4983209,0.574784,0.143696
52151,0.19729227,0.027164891,0.36741963,0.49260747,0.0,0.49260747,0.12315187
52154,0.05843319,0.01828623,0.09858015,0.15993118,0.0,0.15993118,0.039982796
52157,0.03479239,0.022927755,0.046657022,0.044653386,0.772054,0.7204628,0.1801157
52160,0.0241459,0.016843913,0.031447884,0.0047624423,0.24848552,0.24951477,0.062378693
52163,0.016325472,0.01379507,0.018855872,0.0016285827,0.28631973,0.29461092,0.07365273
52165,0.03199913,0.011591672,0.05240659,0.039538782,0.052345436,0.069911025,0.017477756
52168,0.19129644,0.007413657,0.3751792,0.37086663,0.0,0.37086663,0.09271666
52171,0.067400716,0.00861591,0.12618552,0.1151695,0.05023384,0.2231335,0.055783376
52174,0.056309666,0.007332372,0.105286956,0.09011219,0.120027065,0.09157189,0.022892972
52177,0.018604008,0.0056467974,0.031561222,0.03305358,0.09755262,0.11709184,0.02927296
52180,0.085915275,0.0047597406,0.1670708,0.14979124,0.0,0.14979124,0.03744781
52183,0.018991467,0.0040219747,0.033960957,0.022358447,0.33408293,0.34219846,0.085549615
52185,0.55063564,0.0050756987,1.0961956,1.1601357,0.0,1.1601357,0.29003394
52188,0.015322346,0.0049288156,0.025715878,0.039108366,0.4212606,0.30507967,0.07626992
52191,0.24488868,0.010322226,0.47945514,0.5776761,0.0,0.5776761,0.14441903
52194,0.13038696,0.010053991,0.25071993,0.30107152,0.0,0.30107152,0.07526788
52197,0.07638892,0.005964508,0.14681333,0.15532231,1.2676822,1.2420326,0.31050816
52200,0.0052084434,0.0061824084,0.004234478,0.0046426803,0.3097643,0.2900055,0.072501376
52203,0.2509115,0.010178211,0.49164477,0.5953695,0.0,0.5953695,0.14884238
52205,0.019368721,0.0061498806,0.03258756,0.025380507,0.49821058,0.51650625,0.12912656
52208,0.052117083,0.005169418,0.099064745,0.08394741,0.067918144,0.06201503,0.015503758
52211,0.040552843,0.0033245056,0.077781186,0.06925696,0.78766567,0.7066491,0.17666228
52214,0.026104243,0.00438028,0.04782821,0.044016022,0.0,0.044016022,0.011004006
52217,0.06916148,0.0040843533,0.13423862,0.14471066,0.0,0.14471066,0.036177665
52220,0.008865726,0.003595747,0.014135706,0.009693163,0.2898037,0.26022574,0.065056436
52223,0.0077218735,0.0038436877,0.011600059,0.0071100914,0.2114367,0.17473923,0.043684807
52225,0.050366286,0.0041349917,0.09659758,0.100431435,0.10875002,0.11927626,0.029819066
52228,0.0215322,0.00477263,0.03829177,0.032678425,0.0,0.032678425,0.008169606
52231,0.05438548,0.00516581,0.10360515,0.090190984,0.08829292,0.16524494,0.041311234
52234,0.03444736,0.0054399013,0.063454814,0.04311718,0.43829748,0.33825883,0.08456471
52237,0.037621588,0.0062797777,0.0689634,0.064411536,0.070262276,0.050434064,0.012608516
52240,0.7869621,0.0064352937,1.567489,1.5186377,0.0,1.5186377,0.3796594
52243,0.036416445,0.007543298,0.065289594,0.041327987,0.92155904,0.90727234,0.22681808
52245,0.13627388,0.00762366,0.26492408,0.2390856,0.0,0.2390856,0.0597714
52248,0.011226577,0.007945576,0.01450758,0.0049173418,0.1748511,0.1614956,0.0403739
52251,0.017644204,0.006631989,0.028656418,0.011169769,0.41041303,0.44505885,0.11126471
52254,0.96987677,0.006155918,1.9335976,1.8387991,0.0,1.8387991,0.45969978
52257,0.083626635,0.0044356617,0.16281761,0.14490981,0.0,0.14490981,0.036227454
52260,0.12615776,0.0041395295,0.248176,0.2183373,0.0,0.2183373,0.054584324
52263,0.004974365,0.004478197,0.0054705325,0.003489036,0.4780159,0.5267946,0.13169865
52265,0.022046084,0.0066360557,0.03745611,0.031421095,0.0,0.031421095,0.007855274
52268,0.5710982,0.011849616,1.1303468,0.9959588,0.0,0.9959588,0.2489897
52271,0.7204127,0.011713565,1.4291118,1.5631762,0.0,1.5631762,0.39079404
52274,0.045625746,0.009678185,0.08157331,0.0837513,0.021316528,0.13819285,0.03454821
52277,0.065465875,0.00835796,0.122573785,0.1169227,0.0,0.1169227,0.029230675
52280,0.028005114,0.008088191,0.047922034,0.051874325,0.0,0.051874325,0.012968581
52283,0.052371126,0.00810839,0.09663386,0.08406099,0.58021486,0.48108068,0.12027017
52285,0.039792467,0.0074612238,0.072123714,0.053418513,0.094854355,0.16451178,0.041127946
52288,0.2892187,0.0056207427,0.5728166,0.5263991,0.0,0.5263991,0.13159977
52291,0.6409356,0.005146044,1.2767252,1.2018731,0.0,1.2018731,0.30046827
52294,0.48761442,0.0044946237,0.9707343,0.9165082,0.0,0.9165082,0.22912705
52297,0.016385397,0.0047175833,0.02805321,0.028374689,0.069175564,0.09874711,0.024686778
52300,0.007818996,0.004671578,0.010966413,0.0072199437,0.29413864,0.31157342,0.077893354
52303,0.04704455,0.007403161,0.08668593,0.07163101,0.7139905,0.6107206,0.15268014
52305,0.051945943,0.008024271,0.09586761,0.09590593,1.3420563,1.4967304,0.3741826
52308,0.032775328,0.0060706064,0.059480052,0.07088296,0.11614338,0.15579082,0.038947705
52311,0.007844848,0.0062704855,0.009419209,0.006519556,0.29470006,0.31711695,0.07927924
52314,0.11905682,0.0061030774,0.23201056,0.20404862,0.0,0.20404862,0.051012155
52317,0.028927399,0.0055706515,0.052284148,0.043165147,0.043168385,0.04911813,0.012279533
52320,0.501304,0.005047773,0.9975602,0.97924024,0.0,0.97924024,0.24481006
52323,0.031291883,0.004440962,0.058142807,0.04989311,0.78419137,0.8090515,0.20226288
52325,0.026122117,0.0045958976,0.04764834,0.038055714,0.013142903,0.05975449,0.014938623
52328,0.37867558,0.004810284,0.7525409,0.76310533,0.0,0.76310533,0.19077633
52331,0.023223987,0.004066917,0.042381052,0.041460123,0.76007015,0.61201626,0.15300407
52334,0.034954663,0.006229115,0.06368021,0.060607594,0.0,0.060607594,0.015151898
52337,0.5641801,0.009744048,1.1186161,1.137496,0.0,1.137496,0.284374
52340,0.04177953,0.014428322,0.06913073,0.040022984,0.0,0.040022984,0.010005746
52343,0.061368138,0.022443248,0.10029303,0.076351136,1.5976416,1.8026193,0.45065483
52345,0.038001142,0.025781328,0.050220955,0.022437328,0.04668506,0.077206895,0.019301724
52348,0.25270277,0.033660844,0.4717447,0.2872154,0.0,0.2872154,0.07180385
52351,0.05215824,0.038902335,0.065414146,0.028741263,0.36827102,0.3377808,0.0844452
52354,0.06987006,0.049682956,0.090057164,0.01654827,0.017397404,0.021904165,0.005476041
52357,0.32935512,0.04708117,0.61162907,0.3484598,0.0,0.3484598,0.08711495
52360,0.047916498,0.06498701,0.03084598,0.016003277,0.23060195,0.35201725,0.08800431
52363,0.07020583,0.0757789,0.06463275,0.033369914,0.58179075,0.48826674,0.122066684
52365,0.08053694,0.0651116,0.095962286,0.060440194,0.0,0.060440194,0.015110048
52368,0.09788534,0.06637319,0.1293975,0.045726147,0.053877354,0.09715084,0.02428771
52371,0.17338614,0.060076337,0.28669593,0.17008996,0.0,0.17008996,0.04252249
52374,0.11189184,0.08518907,0.13859464,0.081339724,0.09425124,0.22353561,0.055883903
52377,0.13367958,0.089782275,0.1775769,0.04797558,0.049578983,0.059948772,0.014987193
52380,0.13722484,0.10325751,0.17119215,0.072282456,1.5602026,1.6812035,0.42030087
52383,0.11256055,0.11850413,0.10661697,0.046327453,0.88644314,0.8173232,0.2043308
52385,0.18796541,0.12781043,0.24812038,0.049958393,0.009659767,0.07615679,0.019039197
52388,0.18309689,0.15601481,0.21017893,0.092636436,0.82546026,0.8288589,0.20721473
52391,0.9659069,0.120725416,1.8110884,1.0231222,0.0,1.0231222,0.25578055
52394,0.18989845,0.11345929,0.2663376,0.07697679,0.0,0.07697679,0.019244198
52397,0.16133203,0.12190709,0.20075695,0.034586575,0.030429682,0.031602968,0.007900742
52400,0.25078312,0.1336958,0.36787042,0.08832113,0.0,0.08832113,0.022080282
52403,0.12435118,0.13947767,0.10922471,0.067256816,0.81516427,0.7340931,0.18352328
52405,0.6598993,0.11112433,1.2086743,0.61894614,0.0,0.61894614,0.15473653
52408,1.0119183,0.121697105,1.9021395,1.0926102,0.0,1.0926102,0.27315256
52411,0.13499366,0.13024475,0.13974255,0.06860673,0.7509208,0.7744951,0.19362378
52414,0.15113758,0.17484237,0.12743276,0.038870517,0.086478986,0.17256106,0.043140266
52417,0.396592,0.14204125,0.65114266,0.25448838,0.0,0.25448838,0.063622095
52420,0.24312322,0.2068188,0.27942765,0.02108,0.016677061,0.016298356,0.004074589
52423,0.5145896,0.17282708,0.85635215,0.37796736,0.0,0.37796736,0.09449184
52425,1.425096,0.14489713,2.7052948,1.6612998,0.0,1.6612998,0.41532496
52428,0.6069256,0.11541767,1.0984336,0.574467,0.0,0.574467,0.14361675
52431,0.24610639,0.069421515,0.42279124,0.19519915,0.0,0.19519915,0.048799787
52434,0.0526122,0.07315212,0.032072283,0.014479791,0.19535379,0.28918824,0.07229706
52437,0.09267792,0.037208993,0.14814685,0.056853026,0.04439926,0.1481779,0.037044477
52440,0.046216127,0.02647867,0.06595358,0.07365831,0.077238716,0.10354187,0.025885468
52443,0.6153271,0.023945311,1.2067089,1.5206839,0.0,1.5206839,0.38017097
52445,0.54838943,0.034025338,1.0627536,1.371112,0.0,1.371112,0.342778
52448,0.15885888,0.04176408,0.27595368,0.13271143,0.0,0.13271143,0.033177856
52451,0.15391947,0.03604028,0.27179864,0.15518133,0.0,0.15518133,0.038795333
52454,0.13339354,0.02151519,0.24527188,0.36317906,0.0,0.36317906,0.090794764
52457,0.05032972,0.019065037,0.0815944,0.037228696,0.0,0.037228696,0.009307174
52460,0.037306335,0.03260775,0.042004917,0.045435697,0.6887167,0.8295765,0.20739412
52463,0.11120469,0.016510526,0.20589887,0.14483072,0.0,0.14483072,0.03620768
52465,0.076434456,0.009841189,0.14302771,0.1138359,0.98945004,0.9693226,0.24233066
52468,0.011060826,0.007841257,0.014280394,0.004928704,0.13549359,0.14101435,0.035253588
52471,0.040485878,0.011977471,0.06899428,0.038351115,0.06276194,0.06999626,0.017499065
52474,0.16428106,0.009908872,0.31865323,0.4114759,0.0,0.4114759,0.102868974
52477,0.20501797,0.009041137,0.40099478,0.3325061,0.0,0.3325061,0.08312652
52480,0.037509408,0.016766122,0.058252692,0.040428948,0.061730545,0.10276827,0.025692068
52483,0.07082164,0.014348189,0.12729509,0.094385445,0.019117355,0.15628035,0.03907009
52485,0.061902847,0.012527595,0.111278094,0.16372062,0.0,0.16372062,0.040930156
52488,0.020128889,0.017992666,0.022265114,0.0052915267,0.336408,0.35896394,0.089740984
52491,0.01957226,0.014116327,0.025028193,0.041423645,0.5924244,0.42053175,0.10513294
52494,0.0408966,0.013797301,0.0679959,0.036368992,0.003293991,0.040006932,0.010001733
52497,0.049079373,0.01117554,0.086983204,0.09171382,1.0241209,1.0139705,0.25349262
52500,0.85493565,0.009386255,1.7004851,1.513281,0.0,1.513281,0.37832025
52503,0.0853647,0.0056184693,0.16511093,0.122200616,0.0,0.122200616,0.030550154
52505,0.235249,0.00616877,0.46432924,0.38751975,0.0,0.38751975,0.09687994
52508,0.7426694,0.009465865,1.475873,1.3011986,0.0,1.3011986,0.32529965
52511,0.015399468,0.014743607,0.016055329,0.003564588,0.31903014,0.3161641,0.07904103
52514,0.02275419,0.0128781,0.03263028,0.008189402,0.17949097,0.13169593,0.03292398
52517,0.66725725,0.008547139,1.3259674,1.1782547,0.0,1.1782547,0.29456368
52520,0.0582239,0.013815454,0.102632344,0.08953315,1.1275889,1.2068914,0.30172285
52523,0.035240274,0.016669145,0.053811405,0.033944696,0.04289977,0.0705222,0.01763055
52525,0.020119637,0.018599158,0.021640116,0.0054249503,0.42594528,0.43111125,0.10777781
52528,0.02457758,0.020461634,0.028693527,0.03205755,0.5699482,0.4486202,0.11215505
52531,0.031627465,0.022641182,0.04061375,0.017912338,0.5456618,0.54426956,0.13606739
52534,0.049375582,0.018419812,0.080331355,0.042835575,0.0,0.042835575,0.010708894
52537,0.038780767,0.021271868,0.05628967,0.04417658,0.041304905,0.08427093,0.021067733
52540,0.031008517,0.02216508,0.039851952,0.043004822,0.0,0.043004822,0.0107512055
52543,0.06322473,0.028642362,0.0978071,0.10070578,0.13879013,0.20546459,0.051366147
52545,0.29183662,0.023410099,0.56026316,0.3735278,0.0,0.3735278,0.09338195
52548,0.1979195,0.028548537,0.3672905,0.57587475,0.0,0.57587475,0.14396869
52551,0.04682019,0.035284765,0.05835561,0.04348174,0.8160203,0.7297778,0.18244445
52554,0.07054185,0.03620365,0.10488006,0.12823766,0.0,0.12823766,0.032059416
52557,0.058439244,0.037982598,0.07889589,0.18838382,0.0,0.18838382,0.047095954
52560,0.066390604,0.0450262,0.087755,0.027397638,0.65262055,0.60672647,0.15168162
52563,0.09007171,0.036807697,0.14333571,0.079814844,1.3876623,1.6181179,0.40452948
52565,0.0402877,0.036539894,0.044035506,0.03786376,0.7105147,0.5810345,0.14525862
52568,0.03786006,0.03772382,0.037996296,0.008104604,0.17926915,0.16364114,0.040910285
52571,0.039436754,0.036278803,0.0425947,0.0016675984,0.15561168,0.15688282,0.039220706
52574,0.045718,0.032268308,0.059167687,0.028989522,0.7398183,0.7581493,0.18953733
52577,0.046485934,0.030156458,0.06281541,0.065195516,0.84624356,0.71911883,0.17977971
52580,0.9247289,0.02269732,1.8267604,1.4750973,0.0,1.4750973,0.36877432
52583,0.26448822,0.025266498,0.50371,0.71947265,0.0,0.71947265,0.17986816
52585,0.0571147,0.025121048,0.08910835,0.17937477,0.0,0.17937477,0.044843692
52588,0.1723597,0.027733913,0.31698552,0.48048607,0.0,0.48048607,0.12012152
52591,0.035520054,0.032547835,0.038492274,0.0029606533,0.4857591,0.5106142,0.12765355
52594,0.6929911,0.029379705,1.3566025,1.0089065,0.0,1.0089065,0.25222662
52597,0.036188632,0.036274113,0.036103155,0.0021475567,0.3788751,0.38317513,0.09579378
52600,0.13995673,0.034891885,0.24502158,0.43130517,0.0,0.43130517,0.10782629
52603,0.6558338,0.03805088,1.2736167,0.9472494,0.0,0.9472494,0.23681235
52605,0.15809678,0.04004636,0.27614722,0.17922147,0.0,0.17922147,0.044805367
52608,0.07632333,0.0482728,0.104373865,0.07799605,1.4182826,1.5278593,0.38196483
52611,0.05839026,0.051459286,0.06532124,0.10262462,0.0,0.10262462,0.025656154
52614,0.059483826,0.056824207,0.06214345,0.0054064966,0.13899167,0.12623112,0.03155778
52617,0.504792,0.05697043,0.95261353,0.5716729,0.0,0.5716729,0.14291823
52620,0.70561975,0.052257482,1.358982,1.9040273,0.0,1.9040273,0.47600684
52623,0.08647855,0.04546051,0.1274966,0.041402023,0.0,0.041402023,0.010350506
52625,0.13928838,0.04239601,0.23618074,0.41887292,0.0,0.41887292,0.10471823
52628,0.04718694,0.04046328,0.0539106,0.01388479,0.47197017,0.5137408,0.1284352
52631,0.13589473,0.039852183,0.23193729,0.106824934,0.111780964,0.05830572,0.01457643
52634,0.07411084,0.029267363,0.11895432,0.24344228,0.0,0.24344228,0.06086057
52637,0.039449733,0.032191187,0.046708275,0.019862428,0.053028584,0.083834626,0.020958656
52640,0.050927203,0.029144436,0.07270997,0.027360648,0.03457753,0.04240592,0.01060148
52643,0.051644754,0.026441915,0.07684759,0.12928398,0.0,0.12928398,0.032320995
52645,0.06257076,0.031555176,0.09358635,0.024265492,0.3916081,0.35546365,0.08886591
52648,0.09635014,0.031712268,0.16098802,0.06923926,0.00717481,0.087840356,0.021960089
52651,0.248609,0.02995038,0.46726763,0.6300619,0.0,0.6300619,0.15751548
52654,0.05825315,0.03785119,0.078655116,0.032569204,0.6492327,0.6189175,0.15472938
52657,0.13805817,0.03810165,0.23801468,0.124100655,0.9080586,0.8835092,0.2208773
52660,0.040139526,0.032978702,0.04730035,0.07544062,0.80206174,0.7196762,0.17991905
52662,0.038931143,0.036663588,0.041198697,0.0036854476,0.15317535,0.14652927,0.036632318
52665,0.0612846,0.045980036,0.07658917,0.048819315,0.104337215,0.1697821,0.042445526
52668,0.045511257,0.036829982,0.05419253,0.0047962503,0.24353814,0.2365393,0.059134826
52671,0.073524244,0.028755173,0.11829332,0.07103949,1.2141451,1.3179618,0.32949045
52674,0.06979547,0.024260074,0.11533085,0.07301146,0.09140047,0.10622416,0.02655604
52677,0.059045404,0.021050336,0.097040474,0.06709594,1.1590123,1.209665,0.30241624
52680,0.05957522,0.016938707,0.102211736,0.059221093,0.0992597,0.18751931,0.046879828
52682,0.31714025,0.011108472,0.623172,0.6189895,0.0,0.6189895,0.15474738
52685,0.033566315,0.01261057,0.054522056,0.031783525,0.035392124,0.06242606,0.015606515
52688,0.09491757,0.007822659,0.1820125,0.17528419,0.0,0.17528419,0.043821048
52691,0.29991284,0.008403949,0.5914217,0.5600081,0.0,0.5600081,0.14000203
52694,0.044688363,0.009537185,0.07983954,0.07432022,1.2120056,1.4427067,0.36067668
52697,0.027058234,0.008757252,0.045359213,0.035117287,0.60099536,0.49931565,0.12482891
52700,0.7385742,0.012671561,1.4644767,1.3445606,0.0,1.3445606,0.33614016
52702,0.010897466,0.010966413,0.01082852,0.0019784078,0.24079756,0.24896486,0.062241215
52705,0.21555138,0.016818821,0.4142839,0.39718446,0.0,0.39718446,0.099296115
52708,0.061454657,0.017013082,0.105896235,0.063000694,0.0,0.063000694,0.015750173
52711,0.0146969715,0.017646985,0.011746959,0.008435033,0.4213952,0.51476145,0.12869036
52714,0.08555152,0.02467977,0.14642328,0.23207664,0.0,0.23207664,0.05801916
52717,0.08463761,0.02850993,0.1407653,0.10545989,0.0,0.10545989,0.026364973
52720,0.047818225,0.036420777,0.059215665,0.019961335,0.0050214133,0.027259713,0.0068149283
52722,0.08044823,0.044277716,0.11661875,0.08484911,0.0,0.08484911,0.021212278
52725,0.56912225,0.052683797,1.0855607,1.3353246,0.0,1.3353246,0.33383116
52728,0.0686086,0.06681463,0.07040256,0.25472215,0.0,0.25472215,0.06368054
52731,0.06872669,0.07131704,0.06613634,0.0016080294,0.21261597,0.20005788,0.05001447
52734,0.10533317,0.0755341,0.13513224,0.10084262,0.0,0.10084262,0.025210654
52737,0.13371901,0.0817511,0.1856869,0.08570535,0.13078038,0.21662748,0.05415687
52740,0.0898025,0.091863714,0.08774129,0.010728399,0.16605139,0.15025441,0.037563603
52742,0.19231738,0.09947758,0.2851572,0.107714415,0.0,0.107714415,0.026928604
52745,0.090747885,0.107750416,0.07374535,0.0072661466,0.37404072,0.43802667,0.10950667
52748,0.11286193,0.12536414,0.100359716,0.03876297,0.75586957,0.6492938,0.16232345
52751,1.1404717,0.13685264,2.144091,1.2493685,0.0,1.2493685,0.31234214
52754,0.22140937,0.16304877,0.27976993,0.08224649,1.3010916,1.4788814,0.36972034
52757,0.20251672,0.1647223,0.24031113,0.038883388,0.0,0.038883388,0.009720847
52760,1.1087419,0.19308014,2.0244036,1.0156144,0.0,1.0156144,0.2539036
52762,0.3223311,0.20719679,0.4374654,0.086327724,0.0,0.086327724,0.021581931
52765,0.8915414,0.24815719,1.5349256,0.57747823,0.0,0.57747823,0.14436956
52768,0.60208994,0.2896845,0.9144954,0.17996104,0.0,0.17996104,0.04499026
52771,1.014775,0.30618277,1.7233673,0.5897544,0.0,0.5897544,0.1474386
52774,0.39088276,0.3570496,0.4247159,0.05314006,1.4018558,1.4501137,0.3625284
52777,0.36816812,0.33289978,0.40343642,0.03249686,0.63141423,0.61015654,0.15253913
52780,0.35166004,0.33297768,0.37034246,0.03121818,0.026802063,0.056151498,0.0140378745
52782,0.31101394,0.33932576,0.28270212,0.005657405,0.3025818,0.36733297,0.09183324
52785,0.64256173,0.3491098,0.9360137,0.15349148,0.0,0.15349148,0.03837287
52788,0.34124494,0.35231423,0.3301756,0.025184887,0.0,0.025184887,0.0062962216
52791,0.5680977,0.41267523,0.7235202,0.07814048,0.07543024,0.048003588,0.012000897
52794,0.41434762,0.44759226,0.38110295,1.5114851,0.0,1.5114851,0.37787127
52797,0.43022072,0.46399656,0.3964449,0.004862324,0.16065788,0.20813413,0.052033532
52800,0.45941472,0.48446372,0.43436566,0.08609257,1.1473094,1.4669617,0.36674044
52802,0.57187426,0.4715372,0.67221135,0.06201233,0.0,0.06201233,0.015503082
52805,0.602986,0.4629675,0.7430045,0.06750121,0.0,0.06750121,0.016875302
52808,0.51569694,0.46775004,0.56364375,0.059050906,1.4229208,1.5589298,0.38973245
52811,0.40713167,0.4216311,0.39263225,0.09663487,0.0,0.09663487,0.024158718
52814,0.44864175,0.44522882,0.45205465,0.017013213,0.37543678,0.40758505,0.10189626
52817,0.44259366,0.39364144,0.49154592,0.0708881,0.041002274,0.13959394,0.034898486
52820,0.70585996,0.42144164,0.9902783,0.16029462,0.0,0.16029462,0.040073656
52822,1.590228,0.4236181,2.7568378,1.0431776,0.0,1.0431776,0.2607944
52825,0.39364192,0.45133314,0.3359507,0.05517569,0.0,0.05517569,0.013793923
52828,1.1971908,0.4782878,1.9160938,0.5218117,0.0,0.5218117,0.13045293
52831,0.26702937,0.45012388,0.0839349,0.57218117,0.0,0.57218117,0.14304529
52834,0.3664125,0.3890375,0.34378743,0.09905404,0.0,0.09905404,0.02476351
52837,0.3303456,0.33040008,0.3302911,0.004240721,0.28334364,0.30272937,0.07568234
52840,0.40395358,0.33265314,0.47525406,1.5421109,0.0,1.5421109,0.38552773
52842,0.4987329,0.37597176,0.62149405,0.11760426,0.030204773,0.18772443,0.046931107
52845,0.14769465,0.26264334,0.032745946,0.2698045,0.0,0.2698045,0.06745113
52848,0.41914558,0.26406434,0.5742268,0.15504459,1.2680974,1.2018003,0.3004501
52851,0.14500587,0.24276666,0.047245074,0.21618336,0.0,0.21618336,0.05404584
52854,0.3910983,0.24779199,0.5344046,0.0743772,0.08430036,0.03157332,0.00789333
52857,0.24646337,0.19187851,0.30104825,0.047897834,0.0,0.047897834,0.011974459
52860,0.21231587,0.20333667,0.22129507,0.03939019,0.73978996,0.74922085,0.18730521
52862,0.8354036,0.18273342,1.4880738,0.696431,0.0,0.696431,0.17410775
52865,0.26713812,0.17723466,0.3570416,0.06815478,0.0,0.06815478,0.017038696
52868,0.25264105,0.16997938,0.33530274,0.06111315,0.17592494,0.16291289,0.040728223
52871,0.2889699,0.16925257,0.40868726,0.08387303,0.0,0.08387303,0.020968258
52874,0.17886929,0.17366947,0.18406911,0.55467975,0.0,0.55467975,0.13866994
52877,0.6056079,0.17885168,1.0323642,0.40131974,0.0,0.40131974,0.100329936
52880,0.28823334,0.18662052,0.38984618,0.9195997,0.0,0.9195997,0.22989993
52882,0.19247408,0.186853,0.19809514,0.05790642,0.0,0.05790642,0.014476605
52885,0.35823885,0.16940717,0.54707056,0.18450044,0.0,0.18450044,0.04612511
52888,0.1744634,0.2029481,0.14597873,0.06990749,0.0,0.06990749,0.017476872
52891,0.52814955,0.19485547,0.8614437,0.27524912,0.0,0.27524912,0.06881228
52894,0.13654734,0.21102516,0.062069546,0.18937862,0.0,0.18937862,0.047344655
52897,0.18864119,0.19040577,0.18687664,0.004695029,0.434913,0.44952545,0.11238136
52900,0.30315143,0.19824477,0.40805808,1.0509471,0.0,1.0509471,0.26273677
52902,0.30722305,0.17948844,0.43495765,0.07687903,0.1062692,0.04756761,0.011891902
52905,0.27529526,0.20265937,0.34793115,0.05656292,0.0,0.05656292,0.01414073
52908,0.42546377,0.1897115,0.661216,0.18031462,0.0,0.18031462,0.045078654
52911,0.34843245,0.16875865,0.5281063,0.1282962,0.15474749,0.058992814,0.014748204
52914,0.34246847,0.15409714,0.5308398,0.15104218,0.0,0.15104218,0.037760545
52917,0.32678506,0.13479348,0.51877666,0.17647894,1.1586653,1.8266484,0.4566621
52920,0.15274306,0.12959047,0.17589565,0.055140737,0.6197272,0.7255122,0.18137805
52922,0.105491556,0.126022,0.08496112,0.035345316,0.40064034,0.55920744,0.13980186
52925,0.26402023,0.1342796,0.3937609,0.084062405,0.09166336,0.019643476,0.004910869
52928,0.5382343,0.15337624,0.92309237,0.40720257,0.0,0.40720257,0.10180064
52931,0.13421632,0.14181502,0.12661763,0.025731215,0.020238241,0.029749364,0.007437341
52934,0.21235932,0.14148852,0.28323016,0.091019355,0.84418327,0.95006585,0.23751646
52937,0.39760542,0.16113462,0.63407624,0.21490455,0.0,0.21490455,0.053726137
52940,0.21638127,0.15007506,0.28268752,0.030389896,0.3418373,0.2644556,0.0661139
52942,0.58631057,0.16459341,1.0080277,0.46232292,0.0,0.46232292,0.11558073
52945,0.16660611,0.15745951,0.1757527,0.10960399,0.7675972,0.8806238,0.22015595
52948,0.24892975,0.14717813,0.3506814,0.065878764,0.08958308,0.03435606,0.008589015
52951,0.12108553,0.1436044,0.09856667,0.007959067,0.2944374,0.25575313,0.06393828
52954,0.20595114,0.14261056,0.26929173,0.03012857,0.37398192,0.31291416,0.07822854
52957,0.20675595,0.1345983,0.2789136,0.048975576,0.07879337,0.054110914,0.013527729
52960,0.19727214,0.13283966,0.26170462,0.0360047,0.25094202,0.18041444,0.04510361
52962,0.093988754,0.12587422,0.06210329,0.075879835,0.65055454,0.98327994,0.24581999
52965,0.38990423,0.14611234,0.63369614,0.2268986,0.0,0.2268986,0.05672465
52968,0.114464454,0.10670623,0.12222267,0.04155587,0.48035622,0.5288953,0.13222383
52971,0.07121632,0.09376538,0.04866728,0.013505026,0.2235775,0.18565798,0.046414495
52974,0.22627707,0.081296295,0.37125787,0.17227088,0.27601704,0.18776971,0.046942428
52977,0.077755965,0.07682112,0.07869082,0.027140426,0.44609773,0.5482833,0.13707082
52980,0.119896896,0.07472736,0.16506644,0.048565257,0.115122,0.09989647,0.024974117
52982,0.12049174,0.076657824,0.16432567,0.11852098,0.16309483,0.19602342,0.049005855
52985,0.80134755,0.09314593,1.5095493,0.92810005,0.0,0.92810005,0.23202501
52988,0.56785613,0.09863488,1.0370774,1.6682949,0.0,1.6682949,0.41707373
52991,0.27251604,0.10759052,0.4374416,0.14226282,0.0,0.14226282,0.035565704
52994,0.18769687,0.13452148,0.24087226,0.035674646,0.0,0.035674646,0.008918662
52997,0.15312196,0.13428873,0.17195518,0.25863132,0.0,0.25863132,0.06465783
53000,0.19608681,0.11859099,0.2735826,0.08287788,0.19381969,0.1633646,0.04084115
53002,0.17849207,0.1070104,0.24997373,0.056695264,0.5388425,0.7254071,0.18135178
53005,0.18558644,0.12762718,0.24354567,0.056137722,0.0,0.056137722,0.0140344305
53008,0.15238322,0.09497603,0.20979042,0.045064747,0.414299,0.5503066,0.13757665
53011,0.06849887,0.08902272,0.04797502,0.027933469,0.027043024,0.020205704,0.005051426
53014,0.4929843,0.10230631,0.8836623,0.43000266,0.0,0.43000266,0.107500665
53017,0.063396126,0.07270599,0.054086257,0.015957773,0.479606,0.4259664,0.1064916
53020,0.09382131,0.07002936,0.11761325,0.03687237,0.47042847,0.568652,0.142163
53022,0.14521086,0.06312596,0.22729576,0.06696225,0.100622974,0.057965945,0.014491486
53025,0.12227187,0.06383335,0.18071039,0.045060933,0.09123977,0.07003921,0.017509803
53028,0.16762412,0.08139043,0.25385782,0.1045068,1.1307806,1.544694,0.3861735
53031,0.47692096,0.108689785,0.84515214,0.3757554,0.0,0.3757554,0.09393885
53034,0.087720454,0.12464031,0.05080059,0.27159837,0.0,0.27159837,0.06789959
53037,0.21570079,0.11660558,0.314796,0.099924445,0.0,0.099924445,0.024981111
53040,0.08743765,0.11466583,0.06020947,0.07607367,0.0809358,0.05680332,0.01420083
53042,0.45246378,0.15007287,0.7548547,0.2521588,0.0,0.2521588,0.0630397
53045,0.63234323,0.17186612,1.0928203,0.41751897,0.0,0.41751897,0.10437974
53048,0.17635757,0.1886593,0.16405585,0.06784574,1.2044339,1.5303812,0.3825953
53051,0.27514806,0.2191375,0.33115867,0.027653283,0.25632843,0.21278746,0.053196866
53054,0.1788876,0.21308333,0.14469187,0.053456858,0.062482197,0.060483873,0.015120968
53057,1.5027114,0.24658483,2.758838,1.3914903,0.0,1.3914903,0.34787259
53060,0.18618989,0.26150146,0.110878326,0.5089449,0.0,0.5089449,0.12723623
53062,0.23237562,0.24578655,0.2189647,0.05861068,0.045021694,0.06705761,0.016764402
53065,0.54653525,0.27146325,0.8216073,0.17562537,0.0,0.17562537,0.043906342
53068,0.2551706,0.24550407,0.26483715,0.029758802,0.4953092,0.5189255,0.12973137
53071,0.19538957,0.27709714,0.113682,0.6017621,0.0,0.6017621,0.15044053
53074,0.46343693,0.27300736,0.65386647,1.6785017,0.0,1.6785017,0.41962543
53077,0.21232708,0.22847445,0.19617969,0.016084999,0.53495723,0.5207985,0.13019963
53080,0.24856538,0.24413824,0.2529925,0.002276155,0.14416361,0.14658278,0.036645696
53082,0.27514693,0.24305499,0.30723888,0.042280268,0.684014,0.7522106,0.18805265
53085,0.26575002,0.22374217,0.30775785,0.027227566,0.041020233,0.045966193,0.011491548
53088,0.21557541,0.21369277,0.21745808,0.0030019218,0.18166034,0.19004111,0.047510277
53091,0.19032995,0.21568953,0.16497038,0.021059634,0.29148865,0.25306663,0.06326666
53094,0.3736981,0.22525029,0.5221458,0.11813819,0.0,0.11813819,0.029534547
53097,0.5717768,0.23686449,0.90668917,0.28413513,0.0,0.28413513,0.07103378
53100,0.39741468,0.23940764,0.55542177,0.098231845,0.10717329,0.052704263,0.013176066
53102,0.33942267,0.25014046,0.42870486,0.062981755,0.076231,0.084745586,0.021186396
53105,0.25326756,0.222031,0.28450415,0.009410751,0.19212556,0.16860898,0.042152245
53108,0.25414404,0.22997244,0.27831563,0.035437938,0.033844948,0.05655867,0.014139667
53111,0.26134336,0.22086258,0.30182412,0.043785494,0.118322216,0.16232371,0.04058093
53114,0.4954135,0.18233281,0.80849415,1.6588553,0.0,1.6588553,0.41471383
53117,0.20861423,0.1711974,0.24603109,0.34438053,0.0,0.34438053,0.08609513
53120,0.14148039,0.17162554,0.11133524,0.18634945,0.0,0.18634945,0.046587363
53122,0.19219054,0.15484835,0.22953273,0.018537084,0.31673035,0.3059659,0.076491475
53125,0.12564497,0.13559267,0.11569724,0.013038419,0.45431367,0.573134,0.1432835
53128,0.4084779,0.14558128,0.67137456,1.3342482,0.0,1.3342482,0.33356205
53131,0.16386789,0.16568142,0.16205435,0.0029291513,0.27272987,0.2884958,0.07212395
53134,0.19576608,0.16433842,0.22719371,0.062120836,0.12175655,0.18893659,0.047234148
53137,0.107742816,0.13408522,0.08140041,0.13556476,0.0,0.13556476,0.03389119
53140,0.2785605,0.12881462,0.42830634,0.12718451,0.0,0.12718451,0.031796128
53142,0.12223825,0.13115019,0.11332631,0.041185144,0.0,0.041185144,0.010296286
53145,0.10853981,0.12807493,0.089004695,0.11369563,0.0,0.11369563,0.028423907
53148,0.13306527,0.135123,0.13100754,0.011112273,0.523091,0.5292631,0.13231577
53151,0.21478935,0.12334303,0.30623567,0.06851821,0.07550812,0.027140424,0.006785106
53154,0.18093526,0.106212266,0.25565827,0.080397956,0.17505026,0.1606052,0.0401513
53157,0.28721252,0.08420362,0.4902214,0.17916445,0.0,0.17916445,0.044791114
53160,0.117250584,0.08419612,0.15030503,0.07969778,0.0,0.07969778,0.019924445
53162,0.079473935,0.06863381,0.09031405,0.028524496,0.62565184,0.620946,0.1552365
53165,0.09874085,0.073082305,0.1243994,0.040831804,0.0,0.040831804,0.010207951
53168,0.11930112,0.07657459,0.16202766,0.023467185,0.22075038,0.14222099,0.035555247
53171,0.13472782,0.077910945,0.1915447,0.07846064,0.0,0.07846064,0.01961516
53174,0.9846038,0.087841846,1.8813658,1.2564474,0.0,1.2564474,0.31411186
53177,0.31122932,0.08193202,0.5405266,0.23410487,0.0,0.23410487,0.058526218
53180,0.33372048,0.111754835,0.5556861,0.19469585,0.0,0.19469585,0.04867396
53182,0.22031228,0.11958764,0.3210369,0.07310665,0.0,0.07310665,0.018276662
53185,0.47400558,0.13305055,0.81496066,0.3181099,0.0,0.3181099,0.079527475
53188,0.3793738,0.15028875,0.6084588,1.2450461,0.0,1.2450461,0.31126153
53191,0.27935573,0.14551951,0.41319194,0.97166866,0.0,0.97166866,0.24291717
53194,0.27248788,0.1842954,0.36068037,0.9331012,0.0,0.9331012,0.2332753
53197,0.2413124,0.20931394,0.27331087,0.044250984,0.015096664,0.067969315,0.016992329
53200,0.24882132,0.19759838,0.30004427,0.09660559,1.0832449,1.3109672,0.3277418
53202,0.32733294,0.2117021,0.4429638,0.08985583,0.11084318,0.10947921,0.027369803
53205,0.25327727,0.26337424,0.24318032,0.116364725,0.98208743,0.9925604,0.2481401
53208,0.39252687,0.29233077,0.4927229,0.050897878,0.069670044,0.040973518,0.0102433795
53211,1.524321,0.26940843,2.7792332,1.4335293,0.0,1.4335293,0.3583823
53214,0.20452304,0.17170922,0.23733689,0.009165185,0.18582039,0.14670826,0.036677066
53217,0.1825593,0.16718869,0.19792987,0.58094126,0.0,0.58094126,0.14523531
53220,0.15401658,0.15067597,0.1573572,0.10512633,0.0,0.10512633,0.026281582
53222,0.120684944,0.1274439,0.11392599,0.0033099086,0.3468876,0.33187506,0.082968764
53225,1.3384877,0.10988122,2.5670946,1.6488448,0.0,1.6488448,0.4122112
53228,0.39078328,0.118199624,0.6633669,1.2806603,0.0,1.2806603,0.32016507
53231,0.19254817,0.12652211,0.25857425,0.08136818,0.9954192,1.2467166,0.31167915
53234,0.25850222,0.13043326,0.38657114,0.10531279,0.0,0.10531279,0.026328197
53237,0.10908524,0.12367395,0.09449652,0.050713282,0.0,0.050713282,0.0126783205
53240,1.1951652,0.14276274,2.2475677,1.2845258,0.0,1.2845258,0.32113144
53242,0.21503961,0.13839456,0.29168466,0.05543525,0.0,0.05543525,0.013858813
53245,0.76262647,0.16854818,1.3567047,0.6029561,0.0,0.6029561,0.15073903
53248,0.16424806,0.20490032,0.12359581,0.07192822,0.0,0.07192822,0.017982055
53251,0.19186275,0.1975854,0.1861401,0.073613025,1.1247767,1.4023104,0.3505776
53254,0.25783175,0.2028383,0.3128252,0.053853992,0.06763315,0.10074079,0.025185198
53257,0.24646716,0.23148791,0.2614464,0.080767006,0.8154977,0.88978416,0.22244604
53260,0.19118619,0.21740301,0.16496937,0.032065425,0.2786986,0.22794831,0.056987077
53262,0.39880988,0.22885852,0.5687612,0.15121192,1.2451706,1.7081323,0.42703307
53265,0.15572177,0.22752959,0.083913945,0.13282645,0.0,0.13282645,0.033206612
53268,0.25713775,0.20285833,0.31141716,0.036103304,0.08808979,0.095092446,0.023773111
53271,0.16159777,0.17350392,0.14969163,0.0046729962,0.19987743,0.24217594,0.060543984
53274,0.20318036,0.1405325,0.26582822,0.09803161,0.9237098,1.0049063,0.25122657
53277,0.33776632,0.12525769,0.5502749,0.16977803,0.0,0.16977803,0.04244451
53280,0.7426543,0.111860685,1.3734479,0.74592805,0.0,0.74592805,0.18648201
53282,0.106817044,0.1166039,0.097030185,0.0028016286,0.19888751,0.17167222,0.042918056
53285,0.110738866,0.11512622,0.1063515,0.011710726,0.19040489,0.16672646,0.041681614
53288,0.1320528,0.12516493,0.13894066,0.1354275,0.14592807,0.17155679,0.042889196
53291,0.17701896,0.12433127,0.22970666,0.0209715,0.21133478,0.13791186,0.034477964
53294,0.2844001,0.13678116,0.43201908,0.14370416,0.0,0.14370416,0.03592604
53297,0.10575446,0.11525772,0.09625118,0.019848818,0.39630827,0.3751185,0.09377962
53300,0.1304939,0.10543182,0.15555598,0.07680511,0.13538234,0.23103325,0.057758313
53302,1.1303076,0.12436225,2.1362526,1.274745,0.0,1.274745,0.31868625
53305,0.09671954,0.12559445,0.06784464,0.025466055,0.3944626,0.34298337,0.08574584
53308,0.27082044,0.14135198,0.4002889,0.8276291,0.0,0.8276291,0.20690727
53311,0.097045906,0.11365529,0.08043653,0.08985851,0.0,0.08985851,0.022464627
53314,0.94217426,0.16274859,1.7215999,0.86122257,0.0,0.86122257,0.21530564
53317,0.23784415,0.14224297,0.33344534,0.059155863,0.063013874,0.028985599,0.0072463998
53320,0.22050536,0.13017674,0.31083396,0.0642159,0.0,0.0642159,0.016053975
53322,0.1255054,0.142294,0.10871681,0.033781484,0.0,0.033781484,0.008445371
53325,0.14207034,0.14520098,0.1389397,0.043920547,0.04011472,0.05547451,0.013868627
53328,0.12937428,0.14265776,0.1160908,0.043850165,0.4004847,0.35949674,0.089874186
53331,0.48333272,0.12821837,0.8384471,0.45464563,0.0,0.45464563,0.11366141
53334,0.1112248,0.104630254,0.11781935,0.12957615,0.0,0.12957615,0.032394037
53337,0.118984126,0.09377617,0.14419208,0.046840366,0.025558472,0.0812782,0.02031955
53340,0.052902833,0.064978786,0.040826876,0.006196683,0.2700952,0.23252456,0.05813114
53342,0.13922419,0.070436895,0.20801146,0.27332506,0.0,0.27332506,0.068331264
53345,0.10257467,0.06650287,0.13864645,0.22589833,0.0,0.22589833,0.05647458
53348,0.119434886,0.053484857,0.18538491,0.3094245,0.0,0.3094245,0.07735612
53351,0.042050496,0.04188032,0.04222067,0.013892365,0.25673613,0.22965221,0.057413053
53354,0.093607225,0.033485297,0.15372916,0.07557576,0.745166,0.7706879,0.19267197
53357,0.07352757,0.021336282,0.12571885,0.07251039,0.7466776,0.7757127,0.19392818
53360,0.037221704,0.019588338,0.054855075,0.06075734,0.0,0.06075734,0.015189335
53362,0.7500322,0.018876277,1.4811882,1.2109371,0.0,1.2109371,0.3027343
53365,0.47623852,0.025299435,0.9271776,0.7131309,0.0,0.7131309,0.17828272
53368,0.06150621,0.012858276,0.11015415,0.11011674,1.0727545,1.2287084,0.3071771
53371,0.031805925,0.013509602,0.05010225,0.016204543,0.25506607,0.20177066,0.050442666
53374,0.046199534,0.015267849,0.07713122,0.04288138,0.0,0.04288138,0.010720345
53377,0.07124208,0.015240897,0.12724327,0.08458639,0.0,0.08458639,0.021146597
53380,0.32120383,0.018616179,0.6237915,0.4879321,0.0,0.4879321,0.12198302
53382,0.36765015,0.027025724,0.7082746,0.90949184,0.0,0.90949184,0.22737296
53385,0.039133865,0.03592847,0.042339265,0.03153084,0.535901,0.6560865,0.16402163
53388,0.05252996,0.038686108,0.06637382,0.08749145,0.09105492,0.07676508,0.01919127
53391,0.15299916,0.05472671,0.25127164,0.11873201,0.25844753,0.23535009,0.05883752
53394,0.084075905,0.06630514,0.10184667,0.015689738,0.15130837,0.11133024,0.02783256
53397,0.12584244,0.067318976,0.18436591,0.07562276,0.80295056,0.84108657,0.21027164
53400,0.1272573,0.06923946,0.18527515,0.05531603,0.08012295,0.04744539,0.011861348
53402,0.102711044,0.066156864,0.13926522,0.12339044,0.86992645,0.8451781,0.21129453
53405,0.17615803,0.06250738,0.2898087,0.11868314,0.17533891,0.10877334,0.027193336
53408,0.08130288,0.062065136,0.10054063,0.03327489,0.018021265,0.06116408,0.01529102
53411,0.2136023,0.08560913,0.3415955,0.1700093,0.0,0.1700093,0.042502325
53414,0.13070004,0.059943546,0.2014565,0.06588313,0.1284035,0.09508263,0.023770658
53417,0.09462611,0.06555438,0.12369785,0.024120754,0.06861162,0.063405305,0.015851326
53420,0.10727927,0.06961783,0.14494072,0.1448716,0.0,0.1448716,0.0362179
53422,0.16222128,0.06462858,0.259814,0.5423928,0.0,0.5423928,0.1355982
53425,0.37366045,0.057849016,0.6894719,0.38701618,0.0,0.38701618,0.096754044
53428,0.104114205,0.06531564,0.14291276,0.064864196,0.9740365,1.1308103,0.28270257
53431,0.12184153,0.09335011,0.15033296,0.048821736,0.023293177,0.07413253,0.018533133
53434,0.27589217,0.12066683,0.43111753,0.12880576,0.0,0.12880576,0.03220144
53437,0.13775943,0.118225984,0.15729286,0.05205044,0.0,0.05205044,0.01301261
53440,0.3771708,0.12388197,0.6304596,1.1856357,0.0,1.1856357,0.29640892
53442,0.21723819,0.12823842,0.30623797,0.06577609,0.14001055,0.13209404,0.03302351
53445,0.13859881,0.16480178,0.11239586,0.07196095,0.0,0.07196095,0.017990237
53448,0.18689044,0.15682563,0.21695526,0.0139961885,0.33357835,0.3305292,0.0826323
53451,0.15137692,0.18188107,0.12087277,0.18896484,0.0,0.18896484,0.04724121
53454,0.18576126,0.15758005,0.21394247,0.023744963,0.016025543,0.048432928,0.012108232
53457,1.0105381,0.1976522,1.823424,0.8635078,0.0,0.8635078,0.21587695
53460,0.19506651,0.17705588,0.21307714,0.45373762,0.0,0.45373762,0.113434404
53462,0.20425086,0.15180229,0.2566994,0.0692215,0.061577957,0.12093312,0.03023328
53465,0.15643534,0.17771669,0.135154,0.07794807,0.0,0.07794807,0.019487018
53468,0.18877006,0.123016156,0.25452396,0.052843988,0.05563752,0.075631104,0.018907776
53471,0.36395732,0.10030329,0.62761134,0.28695393,0.0,0.28695393,0.07173848
53474,0.13307746,0.06219834,0.20395656,0.097634494,0.022660574,0.1406484,0.0351621
53477,0.3100779,0.044611454,0.57554436,0.85591465,0.0,0.85591465,0.21397866
53480,0.0725879,0.04857404,0.096601754,0.01882405,0.34798893,0.32457557,0.08114389
53482,0.045699257,0.04425128,0.047147233,0.001778464,0.22776096,0.22518563,0.05629641
53485,0.047654074,0.046411734,0.048896413,0.00180732,0.17507,0.17773277,0.04443319
53488,0.08029037,0.046238422,0.114342324,0.027472222,0.031071663,0.023535898,0.0058839745
53491,0.0710729,0.05149141,0.090654396,0.016341109,0.0029881794,0.018288968,0.004572242
53494,0.10190299,0.057083394,0.14672258,0.055096984,0.017567316,0.09700104,0.02425026
53497,0.09057639,0.057865635,0.12328714,0.02925867,0.0033537548,0.033022966,0.008255742
53500,0.05572684,0.048645247,0.06280843,0.04097411,0.66750145,0.65498096,0.16374524
53502,0.22955357,0.044854194,0.4142529,0.69986945,0.0,0.69986945,0.17496736
53505,0.05760819,0.04560411,0.06961227,0.13026614,0.0,0.13026614,0.032566536
53508,0.09098246,0.03547837,0.14648654,0.23297863,0.0,0.23297863,0.058244657
53511,0.109389566,0.041870803,0.17690833,0.07592363,0.10396067,0.08755026,0.021887565
53514,0.17507869,0.055200342,0.29495704,0.523626,0.0,0.523626,0.1309065
53517,1.3847378,0.0734271,2.6960485,1.9021047,0.0,1.9021047,0.47552618
53520,0.046593755,0.04835025,0.044837262,0.05022147,0.70454216,0.63729,0.1593225
53522,0.05056977,0.030298933,0.070840605,0.029619321,0.04181242,0.06489789,0.016224472
53525,0.36020508,0.026662825,0.69374734,0.48811683,0.0,0.48811683,0.12202921
53528,0.037057,0.028271256,0.045842748,0.06293852,0.0,0.06293852,0.01573463
53531,0.667707,0.014899959,1.3205142,1.0896541,0.0,1.0896541,0.27241352
53534,0.04604468,0.013367596,0.07872177,0.037953045,0.044291813,0.018843787,0.0047109467
53537,0.03372408,0.010914153,0.05653401,0.06873369,0.8020808,0.7170066,0.17925166
53540,0.025406517,0.009612113,0.04120092,0.049265306,0.69657516,0.63913864,0.15978466
53542,0.7113748,0.009304441,1.4134454,1.4930214,0.0,1.4930214,0.37325534
53545,0.2365852,0.009496984,0.46367344,0.38973084,0.0,0.38973084,0.09743271
53548,0.014129948,0.013864758,0.014395137,0.0037231725,0.39765295,0.39825264,0.09956316
53551,0.027293652,0.017612228,0.036975075,0.0357805,0.023891449,0.03209133,0.008022833
53554,0.038645566,0.020248974,0.057042155,0.028950328,0.08539263,0.099387966,0.024846992
53557,0.091558225,0.019435946,0.16368051,0.25858045,0.0,0.25858045,0.06464511
53560,0.20576204,0.02797172,0.3835524,0.5756109,0.0,0.5756109,0.14390272
53562,0.65379286,0.037663333,1.2699224,1.6442622,0.0,1.6442622,0.41106555
53565,0.32968995,0.04988422,0.6094957,0.33160824,0.0,0.33160824,0.08290206
53568,0.08470241,0.05059065,0.11881417,0.040686544,0.039312523,0.06780345,0.016950862
53571,0.57333785,0.042976964,1.1036988,1.4960934,0.0,1.4960934,0.37402335
53574,0.10937363,0.049423266,0.169324,0.09963115,0.10603968,0.18318649,0.04579662
53577,0.52642655,0.050654095,1.002199,0.6343836,0.0,0.6343836,0.1585959
53580,0.06646513,0.05671249,0.07621777,0.04535337,0.039583843,0.04878659,0.012196648
53582,0.08251702,0.06275549,0.10227855,0.022486985,0.0,0.022486985,0.005621746
53585,0.068014495,0.053660143,0.082368836,0.018285384,0.059696198,0.07564751,0.018911878
53588,0.14153259,0.063737206,0.21932797,0.49579176,0.0,0.49579176,0.12394794
53591,0.09200343,0.05274948,0.13125737,0.14338158,0.0,0.14338158,0.035845395
53594,1.1217916,0.061711263,2.181872,1.5736183,0.0,1.5736183,0.39340457
53597,0.07307599,0.06673422,0.07941777,0.006656947,0.5777009,0.610144,0.152536
53600,0.18852727,0.07185301,0.3052015,0.124367125,0.0,0.124367125,0.031091781
53602,0.097558826,0.082468234,0.11264942,0.34460902,0.0,0.34460902,0.086152256
53605,0.07543072,0.07226675,0.0785947,0.0037565192,0.2733188,0.28283438,0.070708595
53608,0.13073783,0.090588786,0.17088686,0.037904363,0.107069016,0.12666889,0.03166722
53611,0.081279494,0.08327475,0.07928424,0.0024825162,0.16326666,0.17476659,0.043691646
53614,0.13404995,0.12296718,0.1451327,0.044392046,0.68355244,0.6400164,0.1600041
53617,0.11294925,0.10026219,0.12563632,0.024431197,0.029452166,0.050930858,0.012732714
53619,0.09323576,0.077046715,0.10942481,0.17979313,0.0,0.17979313,0.044948284
53622,0.15705577,0.09183606,0.22227548,0.050104428,0.0,0.050104428,0.012526107
53625,0.49865213,0.09649233,0.9008119,0.47447243,0.0,0.47447243,0.11861811
53628,0.11553502,0.078276224,0.15279382,0.07261077,0.055938084,0.12197109,0.030492773
53631,0.07628473,0.05083269,0.10173676,0.03130882,0.007866542,0.047732756,0.011933189
53634,0.50118893,0.073273525,0.9291043,1.329071,0.0,1.329071,0.33226776
53637,0.2530367,0.059105426,0.446968,0.22974372,0.0,0.22974372,0.05743593
53639,0.1680667,0.0660035,0.2701299,0.11977693,0.8791294,0.84099764,0.21024941
53642,0.5462083,0.051004756,1.041412,0.71012706,0.0,0.71012706,0.17753176
53645,0.07094714,0.046096116,0.095798165,0.015461889,0.45922288,0.46353802,0.115884505
53648,0.05539896,0.052072316,0.058725607,0.026980788,0.026957193,0.040552124,0.010138031
53651,0.19719125,0.028391948,0.36599055,0.5051958,0.0,0.5051958,0.12629895
53654,0.047478322,0.036647223,0.058309425,0.09527385,0.0,0.09527385,0.023818463
53657,0.0719589,0.03359838,0.11031943,0.04738438,0.05199814,0.14332299,0.035830747
53659,0.0960746,0.027334742,0.16481446,0.2697802,0.0,0.2697802,0.06744505
53662,0.4615159,0.043348853,0.87968296,1.2473844,0.0,1.2473844,0.3118461
53665,0.0503713,0.04356117,0.057181433,0.035347566,0.72482747,0.79935724,0.19983931
53668,0.06549338,0.057569593,0.073417164,0.0036434315,0.24873988,0.2660929,0.066523224
53671,0.066420995,0.050035942,0.08280605,0.20307726,0.0,0.20307726,0.050769314
53674,0.099187195,0.057043653,0.14133073,0.05111802,0.7078862,0.7151039,0.17877598
53677,0.14138897,0.059618827,0.22315912,0.07342889,0.07740816,0.057708487,0.014427122
53679,0.06613649,0.050568942,0.08170404,0.06869619,1.6835829,1.8695073,0.46737683
53682,0.084206305,0.050539393,0.1178732,0.049200207,0.5520392,0.5326162,0.13315405
53685,0.1782937,0.04751758,0.3090698,0.18229724,0.0,0.18229724,0.04557431
53688,0.09332242,0.056281436,0.1303634,0.06580396,0.0,0.06580396,0.01645099
53691,0.12409612,0.042247728,0.2059445,0.09516475,0.117126144,0.06976121,0.017440302
53694,0.049481627,0.045860726,0.053102523,0.027421355,0.2972342,0.28242517,0.07060629
53697,0.37054345,0.043678626,0.69740826,0.4164755,0.0,0.4164755,0.104118876
53699,0.09021113,0.049763877,0.13065839,0.085543245,0.76745987,0.6971453,0.17428632
53702,0.081366844,0.05484001,0.10789368,0.03843267,0.067790665,0.08821597,0.022053992
53705,0.056500763,0.0536301,0.05937143,0.0029766131,0.21887226,0.20213056,0.05053264
53708,0.101454474,0.075112976,0.12779598,0.06878079,0.0,0.06878079,0.017195197
53711,0.14382823,0.08300561,0.20465083,0.11917303,1.1550852,1.3099514,0.32748786
53714,0.4365287,0.085808694,0.7872488,0.3862466,0.0,0.3862466,0.09656165
53717,0.8927405,0.087952584,1.6975284,1.0565499,0.0,1.0565499,0.26413748
53719,0.1406786,0.12749939,0.15385781,0.08244172,0.0,0.08244172,0.02061043
53722,0.16828243,0.13626625,0.2002986,0.02918124,0.5347391,0.50314397,0.12578599
53725,0.14267193,0.111609876,0.173734,0.05910602,1.3031883,1.3573979,0.33934948
53728,0.51804715,0.1201636,0.91593075,1.6509188,0.0,1.6509188,0.4127297
53731,0.7335362,0.13893329,1.3281391,0.6351752,0.0,0.6351752,0.1587938
53734,0.12738426,0.12202742,0.13274111,0.0046280273,0.52258235,0.558737,0.13968424
53737,0.11213442,0.10700911,0.11725971,0.07301741,0.98962784,0.94830424,0.23707606
53739,0.0956161,0.11486729,0.07636491,0.16404447,0.0,0.16404447,0.041011117
53742,0.30428985,0.10529566,0.50328404,0.16384484,0.0,0.16384484,0.04096121
53745,0.1674997,0.10637627,0.2286231,0.045019504,0.43924546,0.3654311,0.091357775
53748,0.14909633,0.10098512,0.19720753,0.063979246,1.3774809,1.5374621,0.38436553
53751,0.08803618,0.07688143,0.09919093,0.17678368,0.0,0.17678368,0.04419592
53754,0.25416675,0.078418255,0.42991522,0.76354885,0.0,0.76354885,0.19088721
53757,0.08608711,0.095024504,0.07714972,0.004305242,0.22814314,0.27416316,0.06854079
53759,0.29630682,0.08810532,0.5045083,0.9013608,0.0,0.9013608,0.2253402
53762,0.22839125,0.08727968,0.3695028,0.12353504,0.12083006,0.05467646,0.013669115
53765,0.22410907,0.072872914,0.37534523,0.14372504,0.0,0.14372504,0.03593126
53768,0.3285495,0.08849416,0.5686048,1.0263624,0.0,1.0263624,0.2565906
53771,0.19024044,0.10411438,0.2763665,0.09913143,0.19525373,0.22761516,0.05690379
53774,0.41123724,0.093264766,0.7292097,0.3551565,0.0,0.3551565,0.08878913
53777,0.2317731,0.08479732,0.3787489,0.6764307,0.0,0.6764307,0.16910768
53779,0.45549357,0.0915215,0.81946564,0.42500553,0.0,0.42500553,0.10625138
53782,0.31601056,0.096437514,0.53558356,0.1974463,0.0,0.1974463,0.049361575
53785,0.08359435,0.07750911,0.08967959,0.056924358,0.0,0.056924358,0.0142310895
53788,0.06987711,0.06526957,0.074484654,0.08936723,0.0,0.08936723,0.022341808
53791,0.19553913,0.054158766,0.33691952,0.19571066,1.0717727,1.077263,0.26931575
53794,1.1461483,0.04858036,2.2437162,1.652278,0.0,1.652278,0.4130695
53797,0.04518028,0.029779091,0.06058147,0.10932215,0.0,0.10932215,0.027330538
53799,0.04772577,0.02918736,0.06626418,0.059098694,0.03686587,0.07719191,0.019297978
53802,0.06737757,0.014848609,0.11990652,0.16187187,0.0,0.16187187,0.040467966
53805,0.0628675,0.016996294,0.1087387,0.05695455,0.0035444896,0.058657855,0.014664464
53808,0.031790216,0.016525485,0.047054946,0.046897188,0.8861353,1.0127338,0.25318345
53811,0.0157841,0.012827543,0.018740658,0.0020629694,0.28727722,0.29154944,0.07288736
53814,0.043878954,0.011851636,0.07590627,0.049965996,0.03239314,0.110362805,0.027590701
53817,0.65144336,0.01232456,1.2905622,1.1366879,0.0,1.1366879,0.28417197
53819,0.28411832,0.014287629,0.55394906,0.5121381,0.0,0.5121381,0.12803453
53822,0.033620458,0.0144913895,0.052749526,0.07781928,0.0,0.07781928,0.01945482
53825,0.05448221,0.016894132,0.09207029,0.062160064,0.8721958,0.88242465,0.22060616
53828,0.057950612,0.019446513,0.09645471,0.053806853,0.028462091,0.12193892,0.03048473
53831,0.025383772,0.021981055,0.02878649,0.0018961349,0.2667853,0.26347265,0.06586816
53834,0.04896606,0.021069074,0.07686305,0.07088387,0.101698875,0.13578905,0.033947263
53837,0.04280724,0.02354973,0.062064756,0.04232726,0.052817184,0.03652977,0.009132442
53839,0.33104944,0.021916552,0.6401823,0.5918122,0.0,0.5918122,0.14795305
53842,0.44366947,0.021758407,0.86558056,0.8409168,0.0,0.8409168,0.2102292
53845,0.26402488,0.021638224,0.50641155,0.40089175,0.0,0.40089175,0.10022294
53848,0.034955103,0.023501724,0.04640848,0.0396019,0.8826155,0.9729094,0.24322735
53851,0.07844145,0.019561538,0.13732135,0.14783858,0.0,0.14783858,0.036959644
53854,0.05598365,0.019035,0.092932306,0.05333184,0.0,0.05333184,0.01333296
53857,0.020337105,0.020677855,0.019996354,0.0065019703,0.52139664,0.50361186,0.12590297
53859,0.029632604,0.021091416,0.038173787,0.03048194,0.051216763,0.05821387,0.014553468
53862,0.06326717,0.018432183,0.108102165,0.0983426,0.0,0.0983426,0.02458565
53865,0.048774567,0.015954496,0.08159464,0.07948111,0.0,0.07948111,0.019870277
53868,0.06795982,0.015905738,0.120013915,0.1730603,0.0,0.1730603,0.043265074
53871,0.104593664,0.013843895,0.19534343,0.2386291,0.0,0.2386291,0.059657276
53874,0.07115321,0.013367686,0.12893873,0.11553931,1.0734653,1.202622,0.3006555
53877,0.02806881,0.011719356,0.044418264,0.03400488,0.5305087,0.45630392,0.11407598
53879,0.604119,0.012035069,1.1962029,1.0899287,0.0,1.0899287,0.2724822
53882,0.05508752,0.010884892,0.099290155,0.06664618,1.4726828,1.7718881,0.44297203
53885,0.0995905,0.015728764,0.18345223,0.10750184,0.0,0.10750184,0.02687546
53888,0.032310948,0.021196092,0.043425802,0.0734857,0.0,0.0734857,0.018371426
53891,0.07195041,0.018943762,0.12495708,0.17138429,1.037557,0.998786,0.2496965
53894,0.08646613,0.028880177,0.1440521,0.13494748,0.0,0.13494748,0.03373687
53897,0.07317207,0.021668635,0.12467551,0.058221165,0.0,0.058221165,0.014555291
53899,0.0143473325,0.0143239945,0.0143706715,0.0058437833,0.28836346,0.2946624,0.0736656
53902,0.013446075,0.014940462,0.011951689,0.0032223796,0.2252578,0.24835564,0.06208891
53905,0.030738244,0.015734913,0.045741577,0.027212312,0.03074328,0.025028506,0.0062571266
53908,0.022757692,0.018570816,0.026944568,0.006729351,0.43583107,0.41451073,0.10362768
53911,0.10545256,0.022620907,0.1882842,0.1295989,0.0,0.1295989,0.032399725
53914,0.033729542,0.023672158,0.043786924,0.022020185,0.5931126,0.61446935,0.15361734
53917,0.112505674,0.025378585,0.19963276,0.12204626,0.15859933,0.096872,0.024218
53919,0.15152083,0.029247364,0.2737943,0.42556322,0.0,0.42556322,0.106390804
53922,0.06168889,0.034914058,0.08846372,0.05462007,0.10269085,0.15679811,0.039199527
53925,0.07559828,0.050098103,0.101098455,0.025576109,0.0,0.025576109,0.0063940273
53928,0.70632964,0.032891143,1.3797683,1.0310341,0.0,1.0310341,0.25775853
53931,0.1907167,0.030754512,0.3506789,0.5154078,0.0,0.5154078,0.12885195
53934,0.32069337,0.027271306,0.6141154,0.4287006,0.0,0.4287006,0.10717515
53937,0.025819702,0.019197285,0.03244212,0.033695158,0.036368687,0.053916883,0.013479221
53939,0.037014157,0.016226904,0.05780141,0.030688016,0.45326772,0.39003336,0.09750834
53942,0.03547581,0.01801355,0.052938074,0.09252896,0.6777363,0.5836766,0.14591914
53945,0.26656982,0.019369598,0.51377004,0.39688697,0.0,0.39688697,0.09922174
53948,0.04744901,0.025155544,0.06974248,0.041463945,0.6703582,0.689897,0.17247425
53951,0.5296582,0.02429685,1.0350195,0.78379846,0.0,0.78379846,0.19594961
53954,0.030712938,0.02845469,0.032971185,0.009911667,0.15740855,0.13182323,0.032955807
53957,0.030655215,0.031890187,0.029420244,0.0077179032,0.23819248,0.31312072,0.07828018
53959,0.061344754,0.03316663,0.089522876,0.033498894,0.030332724,0.02996328,0.00749082
53962,0.13977335,0.026046231,0.25350046,0.1500246,0.0,0.1500246,0.03750615
53965,0.050418336,0.028524928,0.072311744,0.032597564,0.49474096,0.45611635,0.11402909
53968,0.12696834,0.026471637,0.22746505,0.15329444,1.1226939,1.2035203,0.30088007
53971,0.104297675,0.024323737,0.18427162,0.09621649,0.0,0.09621649,0.024054123
53974,0.43574262,0.01938117,0.852104,1.0175749,0.0,1.0175749,0.25439373
53977,0.023911273,0.01240128,0.035421267,0.012418305,0.3791565,0.44207597,0.11051899
53979,0.19677861,0.011513556,0.3820437,0.346387,0.0,0.346387,0.08659675
53982,0.08719576,0.008561411,0.16583012,0.19167805,0.0,0.19167805,0.04791951
53985,0.35379913,0.010128667,0.69746965,0.7519858,0.0,0.7519858,0.18799645
53988,0.025462195,0.010538268,0.04038612,0.037801024,0.0,0.037801024,0.009450256
53991,0.37677374,0.015022717,0.73852473,0.70061153,0.0,0.70061153,0.17515288
53994,0.07970754,0.017580085,0.14183499,0.103285395,0.0,0.103285395,0.025821349
53997,0.0535628,0.020337993,0.08678761,0.06375878,0.09123262,0.15478042,0.038695104
53999,0.05257633,0.021255957,0.0838967,0.0455164,0.031550724,0.108666025,0.027166506
54002,0.06841848,0.019032048,0.11780491,0.0977577,0.0,0.0977577,0.024439424
54005,0.053704362,0.024121575,0.08328715,0.12889637,0.0,0.12889637,0.032224093
54008,0.065810226,0.045057368,0.08656308,0.019334383,0.18260527,0.16609734,0.041524336
54011,0.11759781,0.041299786,0.19389583,0.1438074,0.0,0.1438074,0.03595185
54014,0.07375371,0.041675482,0.10583192,0.048959896,0.0,0.048959896,0.012239974
54017,0.099616446,0.051022787,0.1482101,0.09618306,0.0,0.09618306,0.024045765
54019,0.10130525,0.05966881,0.14294167,0.09211794,1.2122084,1.2617478,0.31543696
54022,0.066653855,0.056455847,0.076851875,0.028693184,0.0,0.028693184,0.007173296
54025,0.104410686,0.05909288,0.1497285,0.044741917,0.0058956146,0.05643761,0.014109403
54028,0.08522578,0.06405547,0.10639608,0.052462608,1.4040265,1.568875,0.39221874
54031,0.08970523,0.06769522,0.11171525,0.05598234,1.4433674,1.6415443,0.4103861
54034,0.2035387,0.055571437,0.35150596,0.55430007,0.0,0.55430007,0.13857502
54037,0.08894005,0.05404614,0.123833954,0.056150187,1.2110288,1.3646728,0.3411682
54039,0.6108826,0.05022787,1.1715373,0.9129345,0.0,0.9129345,0.22823362
54042,0.057176977,0.06561717,0.048736792,0.010717876,0.30874062,0.29792938,0.074482344
54045,0.2123145,0.059579417,0.3650496,0.16310786,0.0,0.16310786,0.040776964
54048,0.07580271,0.078562565,0.07304286,0.0020529956,0.31597075,0.29792297,0.07448074
54051,0.090921186,0.09352682,0.088315554,0.0020668823,0.25053087,0.23729718,0.059324294
54054,0.10993447,0.11324235,0.10662659,0.0034471147,0.37929344,0.39272007,0.09818002
54057,0.08700171,0.10937914,0.06462429,0.11435091,0.0,0.11435091,0.028587727
54059,0.22260837,0.15424924,0.2909675,0.102482475,1.3125998,1.4045849,0.35114622
54062,0.17949812,0.14866523,0.21033101,0.048299547,0.084973335,0.15989517,0.03997379
54065,0.53476197,0.1293108,0.9402132,0.4255484,0.0,0.4255484,0.1063871
54068,0.14678808,0.1501591,0.14341705,0.10179934,0.0,0.10179934,0.025449835
54071,0.3664414,0.1224007,0.6104821,0.25082636,0.0,0.25082636,0.06270659
54074,0.08198726,0.0881334,0.07584112,0.004078371,0.12604141,0.13134255,0.032835636
54077,0.12737136,0.08398179,0.17076091,0.04276802,0.016122818,0.07267604,0.01816901
54079,0.13643505,0.08028666,0.19258344,0.24616472,0.0,0.24616472,0.06154118
54082,0.29075533,0.06092458,0.5205861,0.33998773,0.0,0.33998773,0.08499693
54085,0.054813683,0.06107841,0.04854895,0.009481864,0.39589906,0.50226694,0.12556674
54088,0.044600982,0.028476894,0.060725078,0.07036612,0.0,0.07036612,0.01759153
54091,0.45974338,0.041995987,0.87749076,0.6660605,0.0,0.6660605,0.16651513
54094,0.11664798,0.06408436,0.16921158,0.073602,1.5616493,1.7113272,0.4278318
54097,0.044699907,0.04709508,0.042304736,0.0028047215,0.15350132,0.17185266,0.042963166
54099,0.11396781,0.03004098,0.19789465,0.0963387,0.0,0.0963387,0.024084674
54102,0.016095743,0.012946829,0.019244656,0.023047363,0.0,0.023047363,0.005761841
54105,0.5127722,0.01662949,1.008915,1.0427197,0.0,1.0427197,0.26067993
54108,0.021922486,0.014861117,0.028983856,0.014861221,0.1230189,0.11053688,0.02763422
54111,0.018431054,0.016398737,0.020463374,0.0015514643,0.19179535,0.18762417,0.046906043
54114,0.039350037,0.018104391,0.06059568,0.06722843,1.0433115,1.0769789,0.26924473
54117,0.023171594,0.01704999,0.0292932,0.023467345,0.49530473,0.4316114,0.10790285
54119,0.03749342,0.0145869935,0.060399845,0.08839371,0.0,0.08839371,0.022098428
54122,0.09720356,0.016929068,0.17747806,0.22272027,0.0,0.22272027,0.055680066
54125,0.1348246,0.018929517,0.2507197,0.26027086,0.0,0.26027086,0.065067716
54128,0.025958927,0.027423939,0.024493918,0.0042377124,0.33475813,0.35488525,0.08872131
54131,0.02203679,0.02063679,0.02343679,0.007394506,0.1741219,0.23649399,0.059123497
54134,0.05998039,0.014745921,0.10521486,0.107255526,0.03335889,0.1817239,0.045430973
54137,0.46522328,0.011593066,0.91885346,0.9143999,0.0,0.9143999,0.22859998
54139,0.049447168,0.011168283,0.08772606,0.059178736,0.0,0.059178736,0.014794684
54142,0.022820974,0.019336643,0.026305303,0.008567295,0.37178993,0.4241639,0.10604098
54145,0.2109849,0.03947399,0.3824958,0.38062415,0.0,0.38062415,0.09515604
54148,0.60881263,0.036897987,1.1807274,1.1002735,0.0,1.1002735,0.27506837
54151,0.18412368,0.06001417,0.30823317,0.17730235,0.0,0.17730235,0.044325586
54154,0.07023414,0.03390797,0.10656031,0.044966538,0.6919238,0.5423586,0.13558964
54157,0.16522667,0.033154067,0.29729927,0.29399654,0.0,0.29399654,0.073499136
54159,0.069795825,0.019175116,0.120416544,0.086298935,0.113409996,0.20538779,0.051346947
54162,0.79672056,0.022512637,1.5709286,1.375864,0.0,1.375864,0.343966
54165,0.17326468,0.017164206,0.32936516,0.21229172,0.0,0.21229172,0.05307293
54168,0.577294,0.019227648,1.1353604,0.9063289,0.0,0.9063289,0.22658223
54171,0.33276215,0.023641491,0.64188284,0.8259637,0.0,0.8259637,0.20649092
54174,0.39795277,0.032274608,0.76363087,0.5143136,0.0,0.5143136,0.1285784
54177,0.06441931,0.03509294,0.09374567,0.07586681,1.5764774,1.638114,0.4095285
54179,0.071287565,0.039901506,0.10267363,0.060616944,1.0869547,1.1886135,0.29715338
54182,0.5554135,0.04021517,1.0706118,0.73524785,0.0,0.73524785,0.18381196
54185,0.3055255,0.04859498,0.562456,0.90194553,0.0,0.90194553,0.22548638
54188,0.06772819,0.07555958,0.059896808,0.005691256,0.20124944,0.16318947,0.040797368
54191,0.07901007,0.06952016,0.088499986,0.004531112,0.52337646,0.5766636,0.1441659
54194,0.08455687,0.06091437,0.108199365,0.04263203,0.033656437,0.07651804,0.01912951
54197,0.052758638,0.051338974,0.0541783,0.010005473,0.37378374,0.42352495,0.10588124
54199,0.07489682,0.053124923,0.09666872,0.10379908,0.0,0.10379908,0.02594977
54202,0.12011544,0.039659094,0.20057178,0.10522539,0.0,0.10522539,0.026306348
54205,0.07634962,0.041799873,0.11089937,0.11927241,0.0,0.11927241,0.029818103
54208,0.45018408,0.051276993,0.8490911,0.49944744,0.0,0.49944744,0.12486186
54211,0.5588953,0.06015159,1.057639,0.64938873,0.0,0.64938873,0.16234718
54214,0.091000415,0.07000991,0.11199093,0.036191355,0.8865033,0.9059412,0.2264853
54217,0.08202409,0.06538117,0.098667,0.043923408,0.06547928,0.11995885,0.029989712
54219,0.10252867,0.056961447,0.14809589,0.28729418,0.0,0.28729418,0.071823545
54222,0.38836673,0.047605306,0.7291282,1.0830363,0.0,1.0830363,0.27075908
54225,0.06036144,0.06228186,0.058441024,0.0022559364,0.27816772,0.27813122,0.069532804
54228,0.10531726,0.07489141,0.1357431,0.061202127,1.1036459,1.1739231,0.29348078
54231,0.06543363,0.08047681,0.050390456,0.00880102,0.25065717,0.3381628,0.0845407
54234,0.45120946,0.08028926,0.82212967,1.3829427,0.0,1.3829427,0.34573567
54237,0.11177378,0.08536202,0.13818555,0.024846978,0.3449032,0.33401325,0.08350331
54239,0.09458164,0.08137253,0.10779077,0.0065343888,0.49679437,0.5817682,0.14544205
54242,0.05767696,0.0634923,0.051861625,0.050201636,0.0,0.050201636,0.012550409
54245,0.06480447,0.0626885,0.06692045,0.0074296915,0.22247124,0.2360848,0.0590212
54248,0.14639159,0.044750076,0.24803309,0.11702583,0.0,0.11702583,0.029256457
54251,0.111105986,0.035835817,0.18637615,0.29884624,0.0,0.29884624,0.07471156
54254,0.104916744,0.022617871,0.18721561,0.28435114,0.0,0.28435114,0.071087785
54257,0.069035195,0.016036814,0.12203357,0.07307861,0.0,0.07307861,0.018269653
54259,0.038185354,0.016403263,0.059967443,0.08085676,0.0,0.08085676,0.02021419
54262,0.057091925,0.022837153,0.0913467,0.045022484,0.66871375,0.63764226,0.15941057
54265,0.07340158,0.012196425,0.13460673,0.08174854,0.0,0.08174854,0.020437134
54268,0.047387976,0.013228498,0.08154746,0.1203678,0.0,0.1203678,0.03009195
54271,0.019423323,0.017883169,0.02096348,0.0015777346,0.16801007,0.17348008,0.04337002
54274,0.07613704,0.016283756,0.13599034,0.09272728,1.3401953,1.6328329,0.40820822
54277,0.060408782,0.006974992,0.11384257,0.118766524,0.0,0.118766524,0.029691631
54279,0.032042265,0.011910672,0.052173857,0.041455295,0.048773605,0.075645484,0.018911371
54282,0.007836391,0.009267976,0.0064048083,0.0023633023,0.1998539,0.17930786,0.044826966
54285,0.028460419,0.010337326,0.046583507,0.027713805,0.028041044,0.026116071,0.006529018
54288,0.01540972,0.0066501326,0.024169309,0.021895954,0.0,0.021895954,0.0054739886
54291,0.024183946,0.009913732,0.03845416,0.039176106,0.6762598,0.75157505,0.18789376
54294,0.059605535,0.008843613,0.110367455,0.09849954,0.014841716,0.14293945,0.035734862
54297,0.18354143,0.0064300396,0.36065283,0.34885016,0.0,0.34885016,0.08721254
54299,0.032203,0.008000507,0.056405496,0.04685646,0.06578747,0.08526979,0.021317447
54302,0.016894141,0.0058743465,0.027913937,0.035634175,1.0760833,1.0582486,0.26456216
54305,0.053016443,0.0053066183,0.10072627,0.10138925,0.024975458,0.16661209,0.041653022
54308,0.008699434,0.0048372266,0.012561642,0.004657397,0.31752208,0.33309945,0.08327486
54311,0.028060764,0.0053129285,0.050808597,0.06305779,0.62967616,0.50792146,0.12698036
54314,0.015621004,0.0037428148,0.027499193,0.023685744,0.0196654,0.03243016,0.00810754
54317,0.26176643,0.008198782,0.51533407,0.603821,0.0,0.603821,0.15095524
54319,0.043277327,0.0067789885,0.07977567,0.07473383,1.4486803,1.6228825,0.40572062
54322,0.08518805,0.01321591,0.1571602,0.10361305,0.0,0.10361305,0.025903262
54325,0.04813075,0.008696939,0.08756456,0.065844946,0.57854337,0.47740832,0.11935208
54328,0.034417875,0.0050637512,0.063772,0.056228932,1.3498205,1.3754454,0.34386134
54331,0.0349709,0.0043452512,0.06559654,0.0661845,0.11179463,0.12799852,0.03199963
54334,0.033699494,0.003813003,0.06358599,0.058680728,0.07924271,0.21119791,0.05279948
54337,0.0056436122,0.0037660978,0.0075211264,0.004995767,0.16212988,0.1423215,0.035580374
54339,0.07532587,0.0049559227,0.14569582,0.15537256,0.0,0.15537256,0.03884314
54342,0.05444582,0.0047187037,0.104172945,0.087670766,1.3571829,1.5845051,0.39612627
54345,0.023721458,0.004279058,0.043163862,0.037909813,0.6191366,0.60057324,0.15014331
54348,0.021348245,0.00481563,0.037880864,0.03570971,0.016106287,0.0706371,0.017659275
54351,0.04375203,0.0050635342,0.082440525,0.07644903,0.087929405,0.08852645,0.022131613
54354,0.10895139,0.0055499035,0.21235287,0.20460634,0.0,0.20460634,0.051151585
54357,0.029228637,0.0046193614,0.053837914,0.043018967,0.04754432,0.05471909,0.013679773
54359,0.0062111705,0.004399136,0.008023205,0.008795756,0.32616618,0.41464052,0.10366013
54362,0.1379985,0.004192676,0.27180433,0.23683298,0.0,0.23683298,0.059208244
54365,0.004189614,0.0041441,0.0042351284,0.0024138761,0.12914753,0.15116791,0.03779198
54368,0.12550692,0.0038661312,0.24714772,0.27997336,0.0,0.27997336,0.06999334
54371,0.4170015,0.0047336626,0.82926935,0.775373,0.0,0.775373,0.19384325
54374,0.30697712,0.008803905,0.6051503,0.56913495,0.0,0.56913495,0.14228374
54377,0.017265161,0.008332339,0.026197985,0.020577079,0.4294939,0.40289387,0.10072347
54379,0.03498302,0.010284002,0.05968204,0.04659189,0.16185264,0.24600422,0.061501056
54382,0.028293239,0.0110577,0.04552878,0.02480483,0.027627468,0.029271355,0.0073178387
54385,0.47603464,0.011985056,0.9400842,0.79882807,0.0,0.79882807,0.19970702
54388,0.029920364,0.016674109,0.04316662,0.019639473,0.0051002502,0.028244577,0.0070611443
54391,0.02548962,0.022425449,0.028553793,0.004703469,0.49274763,0.516541,0.12913525
54394,0.04197524,0.021692783,0.062257696,0.032541163,0.03955682,0.06397875,0.015994687
54397,0.02985981,0.02291531,0.036804307,0.024968734,0.040188313,0.08128734,0.020321835
54399,0.1473331,0.022500701,0.2721655,0.41913828,0.0,0.41913828,0.10478457
54402,0.06192073,0.023453047,0.10038841,0.19754755,0.0,0.19754755,0.04938689
54405,0.3508151,0.031775568,0.66985464,0.42017153,0.0,0.42017153,0.10504288
54408,0.019751137,0.030011281,0.00949099,0.009363572,0.16301744,0.23472504,0.05868126
54411,0.1702534,0.024984492,0.3155223,0.17879629,0.0,0.17879629,0.044699073
54414,0.102447145,0.027670227,0.17722405,0.09791392,0.0,0.09791392,0.02447848
54417,0.45834717,0.028035363,0.888659,0.6233477,0.0,0.6233477,0.15583692
54419,0.383747,0.027186772,0.7403073,1.0099267,0.0,1.0099267,0.25248167
54422,0.022797963,0.03250053,0.013095395,0.015890373,0.43736514,0.5968482,0.14921205
54425,0.0402941,0.030573726,0.050014477,0.06221187,1.167951,1.0064301,0.25160754
54428,0.044170182,0.030619616,0.057720747,0.012792163,0.29025573,0.28039762,0.070099406
54431,0.052534536,0.03573737,0.0693317,0.063450985,0.08455849,0.117033355,0.029258339
54434,0.08827692,0.028251983,0.14830185,0.064750016,0.0,0.064750016,0.016187504
54437,0.14509872,0.04057351,0.24962391,0.13902143,1.0402564,1.023674,0.2559185
54439,0.060310353,0.03636565,0.08425506,0.052691434,0.081809364,0.1494674,0.03736685
54442,0.02985931,0.030455133,0.029263487,0.0033054065,0.44091606,0.46197006,0.115492515
54445,0.07470129,0.026816526,0.12258605,0.20579058,0.0,0.20579058,0.051447645
54448,0.021290308,0.028266864,0.014313747,0.0054648984,0.14917994,0.19454964,0.04863741
54451,0.048482906,0.036918465,0.06004734,0.005362034,0.37303987,0.44129542,0.110323854
54454,0.11362949,0.03801229,0.1892467,0.109149456,0.05227661,0.22189547,0.055473868
54457,0.17004539,0.027087776,0.31300303,0.48658505,0.0,0.48658505,0.12164626
54459,0.048544183,0.029564947,0.06752342,0.018993422,0.0,0.018993422,0.0047483556
54462,0.026419565,0.028071567,0.024767563,0.0075484626,0.3542548,0.43365145,0.10841286
54465,0.54182017,0.02344013,1.0602002,1.3660475,0.0,1.3660475,0.34151188
54468,0.22035205,0.021214576,0.41948953,0.5857618,0.0,0.5857618,0.14644045
54471,0.06627306,0.017529095,0.115017034,0.067122996,0.0,0.067122996,0.016780749
54474,0.2133395,0.012731443,0.41394755,0.3009729,0.0,0.3009729,0.07524323
54477,0.10161868,0.011887114,0.19135024,0.15514557,0.0,0.15514557,0.038786393
54479,0.36868516,0.013090071,0.7242803,0.868095,0.0,0.868095,0.21702375
54482,0.5624374,0.014197779,1.1106771,0.9262653,0.0,0.9262653,0.23156632
54485,0.044000674,0.015565418,0.07243593,0.048113942,0.0,0.048113942,0.012028486
54488,0.025486784,0.019052153,0.031921417,0.04241841,0.49365297,0.3903848,0.0975962
54491,0.05629195,0.021892993,0.0906909,0.08688825,1.581264,1.8829187,0.47072968
54494,0.049962014,0.015330021,0.08459401,0.055420857,0.0,0.055420857,0.013855214
54497,0.0847523,0.01790919,0.15159541,0.24836187,0.0,0.24836187,0.062090468
54499,0.18710826,0.023578443,0.35063806,0.50914305,0.0,0.50914305,0.12728576
54502,0.6487799,0.0288338,1.2687261,1.5615956,0.0,1.5615956,0.3903989
54505,0.06997769,0.042625424,0.09732995,0.08148209,1.3347778,1.3320307,0.33300766
54508,0.11480198,0.042700022,0.18690395,0.36841723,0.0,0.36841723,0.09210431
54511,0.056447726,0.054745417,0.058150038,0.0021986589,0.37050056,0.3792993,0.09482483
54514,0.1159026,0.061748605,0.1700566,0.106455445,1.2819461,1.3657471,0.34143677
54517,0.28589135,0.057618186,0.5141645,0.85380346,0.0,0.85380346,0.21345086
54519,0.7801869,0.055562545,1.5048113,1.0328244,0.0,1.0328244,0.2582061
54522,0.12070412,0.052643042,0.18876521,0.3874291,0.0,0.3874291,0.09685727
54525,0.26042488,0.046130568,0.4747192,0.24345148,0.0,0.24345148,0.06086287
54528,0.10134667,0.048664182,0.15402916,0.07486812,0.072946705,0.12316081,0.030790202
54531,0.04753085,0.046149064,0.048912633,0.025001327,0.36894545,0.34661293,0.08665323
54534,0.05882172,0.05330657,0.064336866,0.0025973436,0.23767726,0.2383924,0.0595981
54537,0.07858448,0.051595796,0.105573155,0.07050868,1.6478745,1.797336,0.449334
54539,0.07728823,0.046829104,0.10774737,0.16959427,0.0,0.16959427,0.04239857
54542,0.20698534,0.036496405,0.37747428,0.24101341,0.0,0.24101341,0.060253352
54545,0.14299668,0.03478561,0.25120777,0.35890594,0.0,0.35890594,0.089726485
54548,0.038901396,0.03464583,0.043156963,0.09077022,0.0,0.09077022,0.022692556
54551,0.16390346,0.031062273,0.29674467,0.35440674,0.0,0.35440674,0.088601686
54554,0.15534975,0.042696554,0.26800293,0.1462168,1.0309687,1.0023707,0.25059268
54556,0.071913786,0.031273905,0.11255368,0.19906397,0.0,0.19906397,0.049765993
54559,0.045573723,0.03866284,0.0524846,0.039001882,0.6733958,0.5186413,0.12966032
54562,0.20434059,0.036873057,0.37180814,0.24396098,0.0,0.24396098,0.060990244
54565,0.12967588,0.055934716,0.20341706,0.089435585,1.0147325,1.0241188,0.2560297
54568,0.14492667,0.042690903,0.24716242,0.12912486,0.0,0.12912486,0.032281216
54571,0.3979955,0.038562346,0.75742865,1.0439876,0.0,1.0439876,0.2609969
54574,0.090910256,0.045546453,0.13627405,0.03341082,0.4532855,0.39615008,0.09903752
54576,0.14929868,0.045649942,0.25294742,0.1392212,0.98220617,0.9971898,0.24929745
54579,0.08575145,0.04323077,0.12827213,0.056007463,0.058816433,0.11977289,0.029943222
54582,0.052105844,0.045085832,0.059125856,0.0083704945,0.3637103,0.42213634,0.105534084
54585,0.071136065,0.021545907,0.12072623,0.15302221,0.0,0.15302221,0.038255554
54588,0.058558527,0.019241916,0.09787514,0.11656401,0.0,0.11656401,0.029141003
54591,0.054991048,0.009269685,0.10071241,0.08893702,0.0,0.08893702,0.022234255
54594,0.096451126,0.0068962495,0.186006,0.15554659,0.0,0.15554659,0.038886648
54596,0.14245997,0.0071684066,0.27775154,0.2652024,0.0,0.2652024,0.0663006
54599,0.33844337,0.015697746,0.66118896,0.61156034,0.0,0.61156034,0.15289009
54602,0.34033385,0.015909553,0.66475815,0.61035734,0.0,0.61035734,0.15258934
54605,0.058451694,0.024543175,0.092360206,0.078338645,0.0,0.078338645,0.019584661
54608,0.013345134,0.013570234,0.013120036,0.0055768625,0.49514642,0.57215863,0.14303966
54611,0.6556152,0.011699294,1.2995311,1.2892444,0.0,1.2892444,0.3223111
54614,0.49489465,0.011122301,0.978667,1.0719739,0.0,1.0719739,0.26799348
54616,0.3415625,0.011146054,0.67197895,0.632981,0.0,0.632981,0.15824525
54619,0.045603264,0.015808297,0.07539824,0.049558472,1.0037283,0.9093105,0.22732763
54622,0.083692975,0.016389107,0.15099685,0.18734348,0.0,0.18734348,0.04683587
54625,0.04979879,0.017677328,0.08192026,0.0916604,0.0,0.0916604,0.0229151
54628,0.35930517,0.018116595,0.70049375,0.53183675,0.0,0.53183675,0.13295919
54631,0.020093124,0.02223445,0.0179518,0.008387737,0.34748673,0.43067285,0.10766821
54634,0.03823978,0.022738457,0.05374111,0.02905964,0.026482105,0.058294192,0.014573548
54636,0.04866412,0.01604489,0.08128334,0.081452526,0.0,0.081452526,0.020363132
54639,0.049039662,0.01550106,0.082578264,0.05027996,0.05266269,0.06539534,0.016348835
54642,0.048594505,0.01936918,0.07781983,0.035529044,0.03495566,0.048148666,0.012037166
54645,0.054674104,0.023620287,0.08572792,0.054733176,0.14520784,0.17593314,0.043983284
54648,0.027641648,0.021693215,0.033590082,0.024147214,0.0,0.024147214,0.0060368036
54651,0.048924476,0.026741594,0.07110736,0.043241005,0.0076440177,0.06354881,0.015887203
54654,0.23466282,0.03109894,0.4382267,0.5865318,0.0,0.5865318,0.14663295
54656,0.061754126,0.03787432,0.08563393,0.034647837,0.057952087,0.059002966,0.014750741
54659,0.03719191,0.03794631,0.0364375,0.0024630902,0.26330566,0.25241715,0.06310429
54662,0.07648171,0.050341416,0.102622,0.073842175,0.88457364,0.80017966,0.20004492
54665,0.077106506,0.05120266,0.10301036,0.03340729,0.0,0.03340729,0.008351822
54668,0.120643795,0.078620516,0.16266708,0.088412315,1.2332886,1.33137,0.3328425
54671,0.23715828,0.08213799,0.39217857,0.7735531,0.0,0.7735531,0.19338827
54674,0.8825278,0.0877377,1.677318,1.0307302,0.0,1.0307302,0.25768256
54676,0.11128256,0.08819282,0.1343723,0.01940663,0.020870209,0.02884576,0.00721144
54679,0.08971342,0.09024482,0.08918201,0.329614,0.0,0.329614,0.0824035
54682,0.0973892,0.10715079,0.0876276,0.27714872,0.0,0.27714872,0.06928718
54685,0.6559997,0.112160444,1.199839,0.6004632,0.0,0.6004632,0.1501158
54688,0.07643866,0.12707277,0.02580454,0.16742878,0.0,0.16742878,0.041857194
54691,0.1494633,0.1399869,0.15893969,0.0630042,0.82180196,1.0073575,0.25183937
54694,0.18094134,0.15642451,0.20545821,0.049604777,0.89270115,0.92626065,0.23156516
54696,0.15662034,0.14274664,0.17049403,0.014492995,0.26876536,0.27324322,0.068310805
54699,0.29532483,0.12727173,0.46337792,0.16398056,0.0,0.16398056,0.04099514
54702,0.6083482,0.120287,1.0964094,0.5322018,0.0,0.5322018,0.13305046
54705,0.25647968,0.11161967,0.40133968,0.11789986,0.0,0.11789986,0.029474964
54708,0.078568295,0.108785234,0.04835136,0.14348017,0.0,0.14348017,0.03587004
54711,0.2094572,0.11234156,0.30657282,0.09668285,0.80713624,0.6982367,0.17455918
54714,0.1881022,0.10320598,0.27299842,0.07775306,0.0,0.07775306,0.019438265
54716,0.089486204,0.10543098,0.073541425,0.07897053,0.0,0.07897053,0.019742632
54719,0.13581823,0.12484223,0.14679424,0.22846656,0.0,0.22846656,0.05711664
54722,0.1403309,0.13233675,0.14832503,0.021307528,0.21173112,0.18069415,0.045173537
54725,0.08160602,0.13480966,0.028402388,0.16618472,0.0,0.16618472,0.04154618
54728,0.14622049,0.15122394,0.14121705,0.0029412329,0.25531277,0.27881953,0.06970488
54731,1.128719,0.14465468,2.1127834,1.2411898,0.0,1.2411898,0.31029746
54734,0.3038116,0.115555085,0.49206814,1.0202396,0.0,1.0202396,0.2550599
54736,0.17202933,0.1542506,0.18980809,0.015993254,0.4059695,0.41199312,0.10299828
54739,0.28902373,0.11965501,0.45839247,0.2075274,0.0,0.2075274,0.05188185
54742,0.12667553,0.11470333,0.13864772,0.007276004,0.16792576,0.14800131,0.03700033
54745,0.10714362,0.09717854,0.1171087,0.05237201,0.90414125,1.063301,0.26582524
54748,0.096722744,0.09803319,0.09541231,0.0016870421,0.17269962,0.17280994,0.043202486
54751,0.09346723,0.12490719,0.06202727,0.2964957,0.0,0.2964957,0.07412393
54754,0.15983827,0.15485214,0.16482441,0.24621563,0.0,0.24621563,0.061553907
54756,0.08018913,0.12287649,0.037501767,0.16159634,0.0,0.16159634,0.040399086
54759,0.27199256,0.12224382,0.42174134,0.14815874,0.0,0.14815874,0.037039686
54762,0.18355052,0.12969826,0.2374028,0.042136,0.006218592,0.05893217,0.014733043
54765,0.21672924,0.14698485,0.28647366,0.05123365,0.06624985,0.060177367,0.015044342
54768,0.07484637,0.131092,0.01860074,0.17958486,0.0,0.17958486,0.044896215
54771,0.118409276,0.13859053,0.098228015,0.0667105,0.0,0.0667105,0.016677625
54774,0.4593706,0.1566095,0.7621317,1.5262117,0.0,1.5262117,0.38155293
54776,0.1781522,0.16082521,0.1954792,0.02282312,0.27521452,0.2837368,0.0709342
54779,0.15370983,0.15209319,0.15532647,0.14185487,0.0,0.14185487,0.035463717
54782,0.15679495,0.15999752,0.1535924,0.0034707582,0.2999504,0.3217636,0.0804409
54785,0.18779284,0.17128713,0.20429854,0.1132374,0.0,0.1132374,0.02830935
54788,0.20536654,0.18497424,0.22575884,0.005742432,0.36403784,0.40624627,0.10156157
54791,0.5490506,0.16024756,0.93785363,0.33977255,0.0,0.33977255,0.08494314
54794,0.25081813,0.13995361,0.36168265,0.87378764,0.0,0.87378764,0.21844691
54796,0.16984098,0.12698504,0.21269691,0.053677518,0.0,0.053677518,0.0134193795
54799,0.17307515,0.1686892,0.1774611,0.007097194,0.48140272,0.5026531,0.12566328
54802,0.50815845,0.1539572,0.8623597,0.2957301,0.0,0.2957301,0.07393253
54805,0.15817222,0.17492051,0.14142393,0.043283198,0.0,0.043283198,0.0108207995
54808,0.2211047,0.18959606,0.25261334,0.027858278,0.7904592,0.7454311,0.18635778
54811,0.31812498,0.19570519,0.44054475,0.09845797,0.0,0.09845797,0.024614492
54814,0.22984649,0.22715844,0.23253454,0.0021524525,0.21644402,0.21101598,0.052753996
54816,0.20801808,0.22598727,0.19004889,0.03505315,0.0,0.03505315,0.008763287
54819,0.52783674,0.22943069,0.82624274,1.8248304,0.0,1.8248304,0.4562076
54822,0.34380364,0.2560252,0.43158212,0.090222746,1.1887087,1.4549001,0.36372504
54825,0.22214241,0.2430728,0.20121205,0.069816984,0.0,0.069816984,0.017454246
54828,0.33518338,0.26433733,0.40602937,0.04078248,0.049392063,0.04685868,0.01171467
54831,1.1110649,0.2744261,1.9477037,0.8028943,0.0,0.8028943,0.20072357
54834,0.36843276,0.3102685,0.42659703,0.022697216,0.35527813,0.30714694,0.076786734
54836,0.38533917,0.31205344,0.45862493,0.025508495,0.26974463,0.19956891,0.049892228
54839,0.33487436,0.3158559,0.3538928,0.0026820682,0.36117554,0.3978822,0.09947055
54842,0.34766698,0.2850472,0.4102867,0.07869645,0.94806796,1.0753709,0.26884273
54845,0.35127303,0.2525743,0.44997177,0.065773405,0.0,0.065773405,0.016443351
54848,0.6891916,0.2722561,1.106127,0.30938053,0.0,0.30938053,0.07734513
54851,1.3285062,0.27421,2.3828025,1.1007813,0.0,1.1007813,0.27519533
54854,0.33997336,0.27890846,0.40103826,0.051895823,0.031288147,0.12071034,0.030177586
54856,0.43612584,0.27619565,0.596056,0.10357177,0.13556719,0.109619856,0.027404964
54859,0.31447637,0.2867251,0.3422276,0.04517403,0.040835064,0.108445056,0.027111264
54862,0.25423428,0.29091126,0.21755731,0.04863881,0.039801914,0.042075742,0.0105189355
54865,0.3612714,0.28904632,0.43349656,0.061710875,0.0,0.061710875,0.015427719
54868,0.3173063,0.30507562,0.329537,0.0021798296,0.28838667,0.30516255,0.07629064
54871,0.4078046,0.31205702,0.5035522,0.03770286,0.34525025,0.24683674,0.061709184
54874,0.18954003,0.30527407,0.07380601,0.2135883,0.0,0.2135883,0.053397074
54876,0.42238355,0.29924747,0.5455196,0.06049952,0.5414317,0.41089287,0.10272322
54879,0.36158934,0.27839354,0.4447852,0.034899075,0.42332378,0.33352384,0.08338096
54882,0.1975788,0.2661342,0.1290234,0.14391507,0.12304052,0.07623709,0.019059272
54885,0.28128436,0.27742454,0.2851442,0.02267954,0.01949946,0.045277197,0.011319299
54888,0.30321857,0.2861234,0.32031378,0.03846,0.64749527,0.67985487,0.16996372
54891,0.30477908,0.30729535,0.30226278,0.029777562,0.48923174,0.47494784,0.11873696
54894,0.31651497,0.33427593,0.298754,0.045268316,0.0,0.045268316,0.011317079
54896,0.21461718,0.3423296,0.086904764,0.39145836,0.0,0.39145836,0.09786459
54899,0.30554515,0.32093552,0.29015478,0.009254499,0.3542315,0.34530354,0.086325884
54902,0.3092472,0.30281922,0.31567517,0.05943344,0.7189782,0.75382406,0.18845601
54905,0.31652316,0.2808716,0.35217473,0.050388724,0.6196074,0.6672862,0.16682155
54908,0.3104662,0.28307697,0.33785543,0.027148245,0.006895701,0.037258714,0.009314679
54911,0.21643074,0.29287505,0.13998644,0.44328627,0.0,0.44328627,0.11082157
54914,0.6579549,0.29703185,1.0188779,0.24501838,0.0,0.24501838,0.061254594
54916,0.4462134,0.28124622,0.61118054,0.12288921,0.16653728,0.13088521,0.032721303
54919,0.7565908,0.30025434,1.2129272,0.39605036,0.0,0.39605036,0.09901259
54922,0.3776046,0.295962,0.45924723,0.069808386,0.12569888,0.13706763,0.034266908
54925,0.19091755,0.31018835,0.07164676,0.20162809,0.0,0.20162809,0.050407022
54928,0.18690799,0.29766425,0.07615173,0.18724912,0.0,0.18724912,0.04681228
54931,0.18506761,0.30526677,0.06486844,0.40633798,0.0,0.40633798,0.101584494
54934,0.27902952,0.30047593,0.25758314,0.08717844,0.62929153,0.62605375,0.15651344
54936,0.355165,0.2874438,0.42288622,0.020903083,0.2756277,0.21484907,0.053712267
54939,0.26937556,0.28400743,0.25474373,0.004497275,0.33890152,0.33022067,0.08255517
54942,0.43458262,0.30015934,0.56900597,0.07694037,0.0,0.07694037,0.019235093
54945,0.3344184,0.28624368,0.38259313,0.02997768,0.6709551,0.67191625,0.16797906
54948,0.27705988,0.28384432,0.27027544,0.09491334,0.72966194,0.7951477,0.19878693
54951,0.38076925,0.25923327,0.50230527,0.063224815,0.3948722,0.27295622,0.068239056
54954,0.21541566,0.25359926,0.17723207,0.04407006,0.5656525,0.76713544,0.19178386
54956,0.27389848,0.25233093,0.29546604,0.050980344,0.021869024,0.07234297,0.018085742
54959,0.75458616,0.26192543,1.2472469,0.43702564,0.0,0.43702564,0.10925641
54962,1.1401283,0.25939202,2.0208645,0.9365422,0.0,0.9365422,0.23413555
54965,0.43773475,0.24242508,0.6330444,0.12430129,0.0,0.12430129,0.031075323
54968,0.77064157,0.26010993,1.2811731,0.46934775,0.0,0.46934775,0.11733694
54971,0.71464115,0.26124862,1.1680337,0.3939667,0.0,0.3939667,0.098491676
54974,0.238283,0.2563889,0.22017711,0.056307387,0.0,0.056307387,0.014076847
54976,0.26448303,0.21245724,0.31650883,0.020988097,0.3724437,0.3351027,0.08377568
54979,0.18574221,0.22999243,0.14149202,0.11875019,0.0,0.11875019,0.029687548
54982,0.28012875,0.2089932,0.35126427,0.048046988,0.07686361,0.06887371,0.017218428
54985,0.2682868,0.20322527,0.3333483,0.052756548,0.0,0.052756548,0.013189137
54988,0.14603442,0.16791533,0.1241535,0.008401625,0.32142958,0.2802435,0.07006087
54991,0.17868729,0.19762276,0.15975183,0.04356165,0.0,0.04356165,0.010890412
54994,1.0205566,0.2144463,1.8266668,0.8168656,0.0,0.8168656,0.2042164
54996,0.23288645,0.23876436,0.22700854,0.36297694,0.0,0.36297694,0.090744235
54999,0.38268337,0.23951237,0.52585435,0.09993484,0.0,0.09993484,0.02498371
55002,0.38293925,0.25144315,0.51443535,0.07925019,0.0,0.07925019,0.019812547
55005,0.20329385,0.22669257,0.1798951,0.06026001,0.06515821,0.070705615,0.017676404
55008,0.22463213,0.2826272,0.16663706,0.49338636,0.0,0.49338636,0.12334659
55011,0.3606913,0.27070364,0.45067894,0.065062635,0.0,0.065062635,0.016265659
55014,0.18671848,0.22094433,0.15249266,0.06958402,0.8615751,1.1661327,0.29153317
55016,0.32430625,0.21723723,0.43137527,0.07656733,0.5309531,0.75599986,0.18899997
55019,0.16547741,0.20057912,0.13037568,0.029963857,0.23549525,0.17971742,0.044929355
55022,0.17237313,0.18837945,0.15636684,0.034233842,0.50767785,0.6575039,0.16437598
55025,0.14453983,0.17102909,0.118050575,0.012872763,0.27390862,0.2266704,0.0566676
55028,0.40044644,0.18897106,0.61192185,0.18199344,1.1122786,1.7831097,0.44577742
55031,0.15934159,0.23003198,0.08865118,0.33145,0.0,0.33145,0.0828625
55034,0.15112102,0.24904382,0.05319822,0.2689847,0.0,0.2689847,0.06724618
55036,0.25358567,0.23605593,0.27111542,0.008450282,0.2882606,0.28225344,0.07056336
55039,0.83305234,0.250561,1.4155436,0.5172499,0.0,0.5172499,0.12931247
55042,0.36336288,0.24365999,0.48306575,0.09221255,0.7269726,1.0578346,0.26445866
55045,0.20655917,0.29724118,0.11587716,0.58249825,0.0,0.58249825,0.14562456
55048,0.5068696,0.29252464,0.7212146,0.121508926,0.13290341,0.03888056,0.00972014
55051,0.41006646,0.32761037,0.49252248,0.04213983,0.33963275,0.2681918,0.06704795
55054,0.58645135,0.3538579,0.8190448,0.18317814,0.0,0.18317814,0.045794535
55056,0.4193982,0.38028768,0.4585087,0.026426626,0.0,0.026426626,0.0066066566
55059,0.91411704,0.4408525,1.3873816,0.30535346,0.0,0.30535346,0.076338366
55062,1.5602325,0.46024767,2.6602175,0.9804142,0.0,0.9804142,0.24510355
55065,0.43930826,0.4442679,0.43434858,0.08257331,0.5603924,0.57385814,0.14346454
55068,0.48784843,0.4548069,0.52089,0.0156175075,0.31715247,0.30355522,0.075888805
55071,0.42916358,0.46742058,0.39090657,0.043053914,0.6941488,0.9015425,0.22538562
55074,0.46437502,0.46209046,0.46665955,0.06738474,0.0728124,0.12663548,0.03165887
55076,0.60371584,0.5199047,0.687527,0.045685966,0.0,0.045685966,0.011421491
55079,0.61154723,0.5138132,0.70928127,0.07006975,0.0,0.07006975,0.017517438
55082,0.5077059,0.53360647,0.4818054,0.06364465,0.0,0.06364465,0.015911162
55085,0.39842224,0.47138333,0.32546115,0.042604823,0.50378674,0.421837,0.10545925
55088,0.5843134,0.46995082,0.69867593,0.066589765,0.0,0.066589765,0.016647441
55091,0.37893263,0.47090015,0.28696513,0.08561363,0.0,0.08561363,0.021403408
55094,0.39580593,0.4239212,0.36769065,0.004953028,0.2625389,0.22890258,0.057225645
55096,0.2790353,0.47114274,0.08692785,0.61646014,0.0,0.61646014,0.15411504
55099,0.46617278,0.42268762,0.509658,0.021718657,0.49836934,0.5258212,0.1314553
55102,0.3755022,0.45701313,0.29399124,0.32102537,0.0,0.32102537,0.08025634
55105,0.36349156,0.44297782,0.28400534,0.2775525,0.0,0.2775525,0.06938812
55108,0.49666348,0.41286877,0.58045816,0.05540513,0.15101607,0.15171827,0.03792957
55111,0.49734947,0.43613282,0.5585661,0.037637595,0.4563942,0.53227097,0.13306774
55114,0.509641,0.4261776,0.59310436,0.049802255,0.50172234,0.6094442,0.15236105
55116,0.3780932,0.4366264,0.31956002,0.020143611,0.29799652,0.24711533,0.061778832
55119,0.6004579,0.4198333,0.78108245,0.10152636,1.1543827,1.5944799,0.39861998
55122,0.43081322,0.38365856,0.47796786,0.055763092,0.025342941,0.093918145,0.023479536
55125,0.2820266,0.3922074,0.17184575,0.15477252,0.0,0.15477252,0.03869313
55128,0.40666032,0.3463522,0.46696845,0.10804085,1.1133665,1.4345284,0.3586321
55131,0.30125046,0.3197883,0.2827126,0.099635124,0.10167694,0.10302186,0.025755465
55134,0.5756962,0.2887412,0.8626511,0.18564175,0.0,0.18564175,0.046410438
55136,0.23134501,0.2867251,0.17596495,0.32538053,0.0,0.32538053,0.08134513
55139,0.3049158,0.22524191,0.38458967,0.13921785,1.09055,1.3973044,0.3493261
55142,0.1879583,0.19965465,0.17626195,0.048629284,0.33903757,0.33055922,0.082639806
55145,0.19211918,0.1906567,0.19358166,0.009055054,0.2272644,0.23769593,0.059423983
55148,0.1834913,0.17599379,0.19098885,0.079271615,0.071292244,0.13582458,0.033956144
55151,0.20405354,0.16206302,0.24604408,0.045560334,0.0124543505,0.06739235,0.016848087
55154,0.13842139,0.14150058,0.1353422,0.04260352,0.3167305,0.29984865,0.07496216
55156,0.28184238,0.14617963,0.41750515,0.08270181,0.0924441,0.027966486,0.0069916216
55159,0.319168,0.1792286,0.4591074,0.123024665,0.0,0.123024665,0.030756166
55162,0.15254286,0.19755526,0.10753045,0.29244778,0.0,0.29244778,0.073111944
55165,0.19691275,0.18567605,0.20814943,0.005554825,0.2662659,0.26617357,0.06654339
55168,0.2480173,0.17881875,0.31721583,0.05079949,0.08133268,0.07419498,0.018548746
55171,0.8032786,0.22054838,1.3860089,0.53821844,0.0,0.53821844,0.13455461
55174,0.36755046,0.2286772,0.5064237,1.3359438,0.0,1.3359438,0.33398595
55176,0.31029963,0.23216759,0.3884317,0.08080882,0.0,0.08080882,0.020202205
55179,0.49744987,0.22445774,0.770442,0.18018703,0.0,0.18018703,0.045046758
55182,1.4523417,0.25443694,2.6502466,1.3676481,0.0,1.3676481,0.34191203
55185,0.21706288,0.25924954,0.1748762,0.48842135,0.0,0.48842135,0.12210534
55188,0.20298195,0.2641029,0.14186098,0.24655525,0.0,0.24655525,0.061638813
55191,1.5470244,0.24349718,2.8505516,1.4488693,0.0,1.4488693,0.36221734
55194,0.25063598,0.22090502,0.28036696,0.039338183,0.019964853,0.05900504,0.01475126
55196,0.41225877,0.25354716,0.5709704,0.11047959,0.0,0.11047959,0.027619898
55199,0.20191912,0.24218619,0.16165204,0.27695826,0.0,0.27695826,0.069239564
55202,0.27273786,0.18971525,0.35576046,0.04211286,0.51027954,0.42429057,0.10607264
55205,0.24212213,0.1780924,0.30615184,0.029902333,0.43626192,0.37160325,0.09290081
55208,0.7607522,0.20236541,1.3191389,0.54577297,0.0,0.54577297,0.13644324
55211,0.17671011,0.20780139,0.14561883,0.50310373,0.0,0.50310373,0.12577593
55214,0.26794422,0.19564693,0.34024152,0.7998276,0.0,0.7998276,0.1999569
55216,0.2491452,0.18149978,0.31679058,0.041276757,0.07383744,0.057456005,0.014364001
55219,0.21793431,0.19870754,0.23716109,0.80474186,0.0,0.80474186,0.20118546
55222,0.25665936,0.19859035,0.31472838,0.08786518,0.932614,1.178183,0.29454574
55225,0.19908367,0.2350431,0.16312425,0.31973732,0.0,0.31973732,0.07993433
55228,0.23347968,0.22913416,0.2378252,0.0035476908,0.16610336,0.17935653,0.044839133
55231,0.21124274,0.24232131,0.18016416,0.08633875,0.09422556,0.08746743,0.021866858
55234,0.23840947,0.24756543,0.22925353,0.033783063,0.5590716,0.68538046,0.17134511
55236,0.24543743,0.23159051,0.25928435,0.044963766,0.59721226,0.71613187,0.17903297
55239,0.41302133,0.23588629,0.5901564,0.13032542,0.0,0.13032542,0.032581355
55242,0.20550819,0.23940112,0.17161526,0.34129962,0.0,0.34129962,0.085324906
55245,0.48820806,0.26124635,0.7151697,0.1666979,0.0,0.1666979,0.041674476
55248,0.1898334,0.20055895,0.17910789,0.13749672,0.1794815,0.18944329,0.047360823
55251,0.5134135,0.20020914,0.8266179,0.23809163,0.0,0.23809163,0.05952291
55254,0.31938744,0.22521424,0.41356063,1.1704859,0.0,1.1704859,0.29262146
55256,0.21961646,0.17364961,0.26558328,0.033895504,0.52715516,0.5361238,0.13403095
55259,0.24560814,0.16814764,0.32306862,0.8552725,0.0,0.8552725,0.21381812
55262,0.1828119,0.14319587,0.2224279,0.09937296,1.1245378,1.3381516,0.3345379
55265,0.19226165,0.15027209,0.23425122,0.044022083,0.6196677,0.7340314,0.18350784
55268,0.11614376,0.14047687,0.091810666,0.019906394,0.22617595,0.18626733,0.046566833
55271,0.39237785,0.15037777,0.63437796,1.1756736,0.0,1.1756736,0.2939184
55274,0.20332094,0.15223761,0.25440428,0.041594494,0.14345153,0.13246696,0.03311674
55276,0.120189846,0.15684818,0.08353152,0.053362798,0.049959183,0.033722382,0.0084305955
55279,0.2921736,0.14808588,0.43626133,0.12551033,0.0,0.12551033,0.031377584
55282,0.3933766,0.12972863,0.65702456,1.1859823,0.0,1.1859823,0.2964956
55285,0.1775194,0.12328253,0.23175626,0.6502115,0.0,0.6502115,0.16255288
55288,0.24348356,0.10557545,0.38139167,0.112970255,0.0,0.112970255,0.028242564
55291,0.5929898,0.10344359,1.082536,0.5352575,0.0,0.5352575,0.13381438
55294,0.81920606,0.10199586,1.5364162,0.8835478,0.0,0.8835478,0.22088695
55296,0.7879688,0.10040736,1.4755303,0.85142297,0.0,0.85142297,0.21285574
55299,0.15338586,0.096912704,0.20985901,0.053514693,0.084263645,0.07926727,0.019816818
55302,0.18110234,0.1061739,0.25603077,0.06539884,0.51489913,0.4851081,0.12127703
55305,0.15997729,0.117911875,0.2020427,0.042422336,0.49271584,0.5797934,0.14494835
55308,0.16021764,0.14768855,0.17274673,0.48580387,0.0,0.48580387,0.12145097
55311,0.11208564,0.13271661,0.09145466,0.008469708,0.18994458,0.15647493,0.039118733
55314,0.18502472,0.13630807,0.23374136,0.04511119,0.15448618,0.16257642,0.040644106
55316,0.15109414,0.13781472,0.16437356,0.077351384,0.8308169,0.90501815,0.22625454
55319,0.16405046,0.16616262,0.16193831,0.60473484,0.0,0.60473484,0.15118371
55322,0.19097795,0.15590465,0.22605126,0.15020375,0.94037503,1.0231797,0.2557949
55325,0.25871873,0.15154642,0.365891,0.07915021,0.1275506,0.088834025,0.022208506
55328,0.1751262,0.1382466,0.21200581,0.033013906,0.03772195,0.049129825,0.012282456
55331,0.34058985,0.15919371,0.521986,1.0182781,0.0,1.0182781,0.25456953
55334,0.16909814,0.15112506,0.18707125,0.0921154,0.8446191,0.90094995,0.22523749
55336,0.18265413,0.13648124,0.228827,0.03763297,0.059089344,0.066157125,0.016539281
55339,0.29317725,0.13743918,0.44891533,0.14908214,0.0,0.14908214,0.037270535
55342,0.14929457,0.12365613,0.17493302,0.09999516,0.0,0.09999516,0.02499879
55345,0.106947504,0.11197782,0.101917185,0.11542084,0.0,0.11542084,0.02885521
55348,0.1442712,0.10395306,0.18458933,0.42912194,0.0,0.42912194,0.107280485
55351,0.09751692,0.0923872,0.10264663,0.069599494,0.6570727,0.63793796,0.15948449
55354,0.08159464,0.09624376,0.066945516,0.006607976,0.29039955,0.25987306,0.064968266
55356,0.17746657,0.10612386,0.24880928,0.06162039,0.085449696,0.07593116,0.01898279
55359,0.19452102,0.09839248,0.2906496,0.091271006,0.0,0.091271006,0.022817751
55362,0.33421937,0.09179041,0.5766483,0.9176077,0.0,0.9176077,0.22940193
55365,0.08675001,0.09606204,0.077437975,0.029695554,0.42043433,0.3735142,0.09337855
55368,0.3381758,0.114679,0.5616726,0.22708565,0.0,0.22708565,0.056771412
55371,0.19319719,0.107042156,0.27935222,0.57417315,0.0,0.57417315,0.14354329
55374,0.11722461,0.09419811,0.14025111,0.027054353,0.64484805,0.6129029,0.15322572
55376,0.16837542,0.10416751,0.23258333,0.06287268,0.0,0.06287268,0.01571817
55379,0.211923,0.099866964,0.32397902,0.090118825,0.0,0.090118825,0.022529706
55382,0.15133958,0.087612785,0.21506637,0.0461,0.41361237,0.36826804,0.09206701
55385,0.8395265,0.09211544,1.5869375,0.9565029,0.0,0.9565029,0.23912573
55388,0.1528198,0.08539635,0.22024323,0.41117486,0.0,0.41117486,0.102793716
55391,0.31893343,0.07399166,0.5638752,0.29471636,0.0,0.29471636,0.07367909
55394,0.10184387,0.06159134,0.1420964,0.030020962,0.5239253,0.49057522,0.122643806
55396,0.0637638,0.06261302,0.06491458,0.028227532,0.3963426,0.3576099,0.089402474
55399,0.05487907,0.05901909,0.05073905,0.0029500716,0.20645078,0.19240284,0.04810071
55402,0.08749656,0.056446213,0.1185469,0.08384022,0.09727287,0.2011323,0.050283074
55405,0.09573057,0.051055674,0.14040546,0.17231917,0.0,0.17231917,0.043079793
55408,0.12065036,0.05005306,0.19124766,0.063102074,0.08521239,0.06681118,0.016702795
55411,0.074415006,0.05262177,0.09620824,0.021792209,0.43296757,0.40074646,0.100186616
55414,0.08138466,0.052925795,0.10984352,0.017622164,0.1655763,0.11216271,0.028040677
55416,0.4564961,0.06120336,0.8517888,0.47122875,0.0,0.47122875,0.11780719
55419,0.068374515,0.062099606,0.07464942,0.004192583,0.20647354,0.20148341,0.050370853
55422,0.055931732,0.053503543,0.05835992,0.027946644,0.032282513,0.06172668,0.01543167
55425,0.09756277,0.058665227,0.13646032,0.033090044,0.038117725,0.035230596,0.008807649
55428,0.07958039,0.06474571,0.09441507,0.02233108,0.47190967,0.49516782,0.123791955
55431,0.107482046,0.076776884,0.13818721,0.06045047,0.12179629,0.24826074,0.062065184
55434,0.18499053,0.08920524,0.28077582,0.16276547,1.2118009,1.290924,0.322731
55436,0.085001685,0.09624172,0.07376165,0.008249048,0.16576004,0.14504467,0.036261167
55439,0.13766949,0.10388962,0.17144935,0.03223807,0.036366146,0.09425819,0.023564547
55442,0.12867828,0.09963452,0.15772204,0.022926746,0.076836266,0.08004076,0.02001019
55445,0.09840355,0.11101177,0.08579532,0.0071125277,0.3777987,0.3497939,0.08744848
55448,0.13644534,0.13892533,0.13396537,0.117309,0.0,0.117309,0.02932725
55451,0.13030232,0.14399356,0.116611116,0.020958578,0.43017516,0.4045953,0.10114882
55454,0.14383079,0.1420974,0.14556418,0.048898447,0.0,0.048898447,0.012224612
55456,0.118507944,0.12803695,0.10897895,0.0031825963,0.3646234,0.33921584,0.08480396
55459,0.3330904,0.13111639,0.5350644,1.1373565,0.0,1.1373565,0.28433913
55462,0.082150325,0.12172272,0.042577934,0.22981896,0.0,0.22981896,0.05745474
55465,0.22266786,0.10779446,0.33754125,0.12656072,0.0,0.12656072,0.03164018
55468,0.13827309,0.093177296,0.18336888,0.06772936,1.1201032,1.2535552,0.3133888
55471,1.2040695,0.09571663,2.3124223,1.4892263,0.0,1.4892263,0.3723066
55474,1.0319368,0.09539192,1.9684815,1.2091385,0.0,1.2091385,0.30228463
55476,0.20312911,0.103191435,0.3030668,0.07764848,0.092915215,0.06072503,0.015181257
55479,0.91252375,0.10357634,1.7214712,1.0293065,0.0,1.0293065,0.25732663
55482,0.26901522,0.11271781,0.42531267,0.1439284,0.0,0.1439284,0.0359821
55485,0.15953615,0.12699045,0.19208185,0.47689,0.0,0.47689,0.1192225
55488,0.1596269,0.116931476,0.20232232,0.035615843,0.06289021,0.072706364,0.018176591
55491,0.1565157,0.104108214,0.20892318,0.0666168,0.0,0.0666168,0.0166542
55494,0.43728745,0.10623956,0.76833534,0.34247378,0.0,0.34247378,0.085618444
55496,0.13416569,0.10559085,0.16274053,0.023541173,0.0073095956,0.038914103,0.009728526
55499,0.90287924,0.110905506,1.694853,1.0202221,0.0,1.0202221,0.25505552
55502,0.23218767,0.10639167,0.35798368,0.10812467,0.13225524,0.08711799,0.021779498
55505,0.09763362,0.107689224,0.087578006,0.030660786,0.47862563,0.43209934,0.108024836
55508,0.11745163,0.109470725,0.12543254,0.0027940173,0.12570317,0.12300349,0.030750873
55511,0.17880775,0.10800589,0.24960963,0.053509597,0.07249292,0.05888812,0.01472203
55513,0.10818791,0.10694305,0.10943276,0.021507932,0.5865806,0.6349923,0.15874808
55516,0.14108275,0.098369114,0.18379636,0.037471116,0.0056775413,0.045591917,0.011397979
55519,0.16657352,0.0862497,0.24689735,0.48196852,0.0,0.48196852,0.12049213
55522,0.12853236,0.072540455,0.1845243,0.3608888,0.0,0.3608888,0.0902222
55525,0.058604468,0.058998395,0.058210537,0.023885118,0.41967645,0.41789356,0.10447339
55528,0.05356814,0.04970467,0.05743161,0.042175423,0.0,0.042175423,0.010543856
55531,0.045350473,0.047593236,0.043107715,0.009312169,0.22550774,0.20784788,0.05196197
55533,0.054251,0.042933524,0.06556848,0.03529757,1.0799927,1.1464245,0.28660613
55536,0.060649585,0.03485939,0.08643978,0.054803148,0.8663726,0.9432306,0.23580766
55539,0.051916916,0.028055117,0.075778715,0.04264453,0.08366966,0.10829532,0.02707383
55542,0.28073004,0.020640442,0.54081964,0.39230356,0.0,0.39230356,0.09807589
55545,0.20622659,0.018598014,0.39385518,0.52807266,0.0,0.52807266,0.13201816
55548,0.0865879,0.021775225,0.15140057,0.09046259,0.12862365,0.087950855,0.021987714
55551,0.034631714,0.019574085,0.04968934,0.023706237,0.013402303,0.040585313,0.010146328
55553,0.060219992,0.021344317,0.09909567,0.05725039,1.2267271,1.3803533,0.34508833
55556,0.9097306,0.019223364,1.8002378,1.5553242,0.0,1.5553242,0.38883105
55559,0.6299648,0.017569968,1.2423598,1.0451459,0.0,1.0451459,0.26128647
55562,0.016661,0.017867101,0.015454899,0.0014446458,0.32329115,0.3179358,0.07948395
55565,0.26462853,0.017096434,0.5121606,0.39638755,0.0,0.39638755,0.09909689
55568,0.04573862,0.015692228,0.07578501,0.06478675,1.0003494,1.0958132,0.2739533
55571,0.057647157,0.015349959,0.09994436,0.052832652,0.101764835,0.08250833,0.020627083
55573,0.16150562,0.0146306455,0.3083806,0.38612154,0.0,0.38612154,0.096530385
55576,0.033232197,0.014282174,0.052182224,0.054946672,0.0,0.054946672,0.013736668
55579,0.3845259,0.01563131,0.75342053,0.9098015,0.0,0.9098015,0.22745037
55582,0.3072364,0.017368982,0.59710383,0.73587435,0.0,0.73587435,0.18396859
55585,0.021634987,0.020157324,0.023112647,0.0021848273,0.20886719,0.2148041,0.053701025
55588,0.04174002,0.025889961,0.05759008,0.0716221,0.0,0.0716221,0.017905526
55591,0.051158503,0.023696097,0.07862091,0.037948314,0.0685366,0.055943612,0.013985903
55593,0.108933814,0.025061108,0.19280653,0.12043061,0.9518283,0.91297007,0.22824252
55596,0.039813217,0.029562747,0.05006369,0.05526815,0.0,0.05526815,0.013817037
55599,0.08311891,0.026386864,0.13985096,0.15973288,0.0,0.15973288,0.03993322
55602,0.3002974,0.019388786,0.581206,0.41058144,0.0,0.41058144,0.10264536
55605,0.0119702,0.014305172,0.009635227,0.0067124865,0.21358617,0.18087684,0.04521921
55608,0.59763926,0.015801825,1.1794766,1.381135,0.0,1.381135,0.34528375
55611,0.41739997,0.014127329,0.8206726,0.97525376,0.0,0.97525376,0.24381344
55613,0.42283633,0.0146510275,0.8310216,0.6751129,0.0,0.6751129,0.16877823
55616,0.1526878,0.015296566,0.29007903,0.38408422,0.0,0.38408422,0.096021056
55619,0.017839232,0.01682731,0.018851155,0.0029114,0.381279,0.37906405,0.09476601
55622,0.08198821,0.02084761,0.14312881,0.10121929,0.14772479,0.14140163,0.03535041
55625,0.048033476,0.026127486,0.06993947,0.047258556,0.15246136,0.20287454,0.050718635
55628,0.061245617,0.038277704,0.084213525,0.050627124,0.0,0.050627124,0.012656781
55631,0.27407655,0.039694685,0.50845844,0.30467373,0.0,0.30467373,0.07616843
55633,0.13366927,0.043666888,0.22367167,0.12031883,0.0,0.12031883,0.030079708
55636,0.60973257,0.051532373,1.1679329,0.7441402,0.0,0.7441402,0.18603505
55639,0.6088615,0.0597489,1.1579741,0.76396203,0.0,0.76396203,0.19099051
55642,0.0812374,0.080703706,0.08177109,0.020990917,0.5290534,0.48288903,0.12072226
55645,0.05336796,0.05424966,0.05248626,0.0019446207,0.14330943,0.15031098,0.037577745
55648,0.12001174,0.0471791,0.19284438,0.06971922,0.076785885,0.062187403,0.015546851
55651,0.07974699,0.043935914,0.115558065,0.038218558,0.041504543,0.1183131,0.029578274
55653,0.03997561,0.039867546,0.040083673,0.0061197034,0.35835457,0.35501733,0.08875433
55656,0.071346916,0.041621562,0.101072274,0.027030746,0.03937149,0.03413746,0.008534365
55659,0.46730682,0.03973093,0.8948827,0.5860618,0.0,0.5860618,0.14651544
55662,0.082250096,0.047221843,0.11727836,0.07145161,1.0774117,1.143591,0.28589776
55665,0.7552285,0.047331825,1.4631252,1.013151,0.0,1.013151,0.25328776
55668,0.14039612,0.054258276,0.22653395,0.47795084,0.0,0.47795084,0.11948771
55671,0.07183599,0.059883025,0.08378895,0.04065125,0.0,0.04065125,0.010162813
55673,0.20787601,0.0712145,0.3445375,0.120328404,0.0,0.120328404,0.030082101
55676,0.090905756,0.08181925,0.09999227,0.018479826,0.013984044,0.028301477,0.0070753694
55679,0.13169059,0.07828543,0.18509574,0.05360627,0.010533015,0.08113709,0.020284273
55682,0.049406957,0.07225153,0.026562387,0.15844865,0.0,0.15844865,0.039612163
55685,0.28815708,0.08415562,0.4921585,0.25347784,0.0,0.25347784,0.06336946
55688,0.12319996,0.11986496,0.12653495,0.052985687,0.0,0.052985687,0.013246422
55691,0.2894332,0.13716425,0.44170213,0.1561166,0.0,0.1561166,0.03902915
55693,0.28296423,0.13851099,0.4274175,0.14339192,0.0,0.14339192,0.03584798
55696,0.14269757,0.150107,0.13528816,0.004142935,0.2241637,0.21069331,0.05267333
55699,0.16868119,0.14127924,0.19608311,0.025955155,0.0,0.025955155,0.006488789
55702,0.15180214,0.15794365,0.14566062,0.06498996,0.6804803,0.6178601,0.15446502
55705,0.16559993,0.16354889,0.16765098,0.009548296,0.49872652,0.5190422,0.12976055
55708,0.19743526,0.15541238,0.23945813,0.027871713,0.004737854,0.034658216,0.008664554
55711,0.41169167,0.14664574,0.6767376,0.20440006,0.0,0.20440006,0.051100016
55713,0.32823494,0.14099202,0.5154779,0.2208546,0.0,0.2208546,0.05521365
55716,0.22076373,0.15553658,0.28599086,0.054667223,0.103932224,0.11122915,0.027807288
55719,0.14730224,0.1509862,0.14361829,0.001844077,0.2583281,0.24950619,0.062376548
55722,0.22482896,0.13837667,0.31128123,0.82054377,0.0,0.82054377,0.20513594
55725,0.6000256,0.15062863,1.0494226,0.44211546,0.0,0.44211546,0.110528864
55728,0.14274615,0.15439345,0.13109885,0.0077989325,0.42081812,0.4890646,0.12226615
55731,0.1628703,0.14925021,0.17649041,0.05177607,0.049542744,0.10263517,0.025658792
55733,0.14418215,0.15104087,0.13732342,0.025942832,0.34749413,0.32270283,0.080675706
55736,0.2677261,0.14008081,0.39537135,0.14207308,0.0,0.14207308,0.03551827
55739,0.25140932,0.18230362,0.32051504,0.07861722,1.355353,1.5917467,0.39793667
55742,0.2086689,0.17930971,0.23802812,0.056000266,1.2227312,1.2683632,0.3170908
55745,0.15994623,0.17343767,0.1464548,0.0032668116,0.17799401,0.21406238,0.053515594
55748,0.2197135,0.16725178,0.2721752,0.0760734,1.2129453,1.3647938,0.34119844
55751,0.14527257,0.16716759,0.12337756,0.027003795,0.48081335,0.40880993,0.10220248
55753,0.12828298,0.13233556,0.12423039,0.040897947,0.0,0.040897947,0.010224487
55756,0.45708966,0.10779065,0.8063887,1.4161705,0.0,1.4161705,0.35404262
55759,0.14108951,0.098012805,0.18416624,0.032471523,0.0,0.032471523,0.008117881
55762,0.10035529,0.09618396,0.1045266,0.03488579,0.58230907,0.48671198,0.121677995
55765,0.20214766,0.110039264,0.29425606,0.10363072,1.3033772,1.5083154,0.37707886
55768,0.08086093,0.08517006,0.076551795,0.14534944,0.0,0.14534944,0.03633736
55771,0.41393042,0.09697769,0.7308831,1.0586969,0.0,1.0586969,0.26467422
55773,0.14275691,0.091478966,0.19403486,0.41557837,0.0,0.41557837,0.10389459
55776,0.12957127,0.09514532,0.16399722,0.026010543,0.46761465,0.43858036,0.10964509
55779,0.10018084,0.09413784,0.10622385,0.0066072256,0.38920116,0.42914352,0.10728588
55782,0.058584064,0.041464046,0.075704075,0.08709579,0.0,0.08709579,0.021773947
55785,0.07681884,0.042181354,0.11145633,0.22060768,0.0,0.22060768,0.05515192
55788,0.061426084,0.03600842,0.08684374,0.04031515,0.64341265,0.69319534,0.17329884
55791,0.049684912,0.051647276,0.047722545,0.05292861,0.6476,0.82906604,0.20726651
55793,0.073454924,0.043164883,0.103744976,0.08853186,0.0,0.08853186,0.022132965
55796,0.2999176,0.035892893,0.5639424,0.33924213,0.0,0.33924213,0.08481053
55799,0.10061824,0.044562858,0.15667363,0.06657391,0.09590944,0.07657367,0.019143417
55802,0.08149651,0.03437763,0.1286154,0.045554962,0.0557518,0.02583468,0.00645867
55805,0.093593724,0.02862808,0.15855938,0.08301338,0.12005488,0.12282634,0.030706584
55808,0.022178963,0.021054825,0.023303105,0.009355534,0.14232826,0.14027698,0.035069246
55811,0.03898583,0.028951226,0.04902043,0.03265545,0.49523258,0.534731,0.13368274
55813,0.03580445,0.032690868,0.03891803,0.007886137,0.32733917,0.35074067,0.08768517
55816,0.040483113,0.030599883,0.050366346,0.035949383,0.50615567,0.4331822,0.10829555
55819,0.3755233,0.03435895,0.7166876,1.0303184,0.0,1.0303184,0.2575796
55822,0.13129027,0.036076467,0.22650409,0.15454003,1.2029505,1.1846825,0.29617062
55825,0.15337782,0.042539906,0.2642157,0.12753798,0.0,0.12753798,0.031884495
55828,0.37918296,0.04240213,0.71596384,1.0177671,0.0,1.0177671,0.25444177
55831,0.13785519,0.054764327,0.22094606,0.09189447,1.357884,1.7459574,0.43648934
55833,0.2131685,0.0571989,0.3691381,0.17303395,0.0,0.17303395,0.04325849
55836,0.40237746,0.055281516,0.7494734,0.4415306,0.0,0.4415306,0.11038265
55839,0.05965075,0.06824078,0.051060725,0.0053478363,0.42545447,0.41412142,0.103530355
55842,0.06241408,0.07459002,0.050238144,0.01865472,0.287632,0.23365645,0.058414113
55845,0.21003462,0.08314289,0.33692637,0.12564398,0.0,0.12564398,0.031410996
55848,0.08948692,0.06257257,0.116401255,0.023779219,0.061575573,0.05929615,0.014824037
55851,0.07474803,0.050845116,0.09865094,0.17827423,0.0,0.17827423,0.044568557
55853,0.14347646,0.045861933,0.24109097,0.10803012,0.7372377,0.63015765,0.15753941
55856,0.10106265,0.03238539,0.1697399,0.24863327,0.0,0.24863327,0.062158316
55859,0.14991392,0.025924722,0.27390313,0.15299754,0.0,0.15299754,0.038249385
55862,0.074960954,0.019490365,0.13043155,0.15771605,0.0,0.15771605,0.039429013
55865,0.026424194,0.030073546,0.022774845,0.0102245025,0.4265035,0.41565633,0.10391408
55868,0.06991038,0.023573065,0.11624769,0.083989,0.02148374,0.13276587,0.03319147
55871,0.37814984,0.024939673,0.73135996,0.54819363,0.0,0.54819363,0.13704841
55873,0.09280205,0.034646932,0.15095715,0.059018355,0.47363698,0.3825178,0.09562945
55876,0.19514883,0.038361873,0.35193577,0.5945959,0.0,0.5945959,0.14864898
55879,0.618311,0.04705361,1.1895684,0.866841,0.0,0.866841,0.21671025
55882,0.08694347,0.048660826,0.1252261,0.037444156,0.06258011,0.14943103,0.03735776
55885,0.097150706,0.043597933,0.15070347,0.07049282,0.0,0.07049282,0.017623205
55888,0.04969099,0.04807313,0.05130885,0.034126956,0.0,0.034126956,0.008531739
55891,0.29192945,0.048440475,0.53541845,0.8224554,0.0,0.8224554,0.20561385
55893,0.31377068,0.057731897,0.56980944,0.30154213,0.0,0.30154213,0.07538553
55896,0.06141065,0.050492782,0.072328515,0.008925071,0.17088251,0.15833797,0.03958449
55899,0.053607613,0.04428308,0.06293214,0.036294494,0.9608164,1.0911628,0.2727907
55902,0.46720186,0.039061587,0.8953422,0.5826173,0.0,0.5826173,0.14565432
55905,0.069700494,0.026437314,0.11296368,0.08431911,1.0085856,1.0928859,0.27322146
55908,0.21090378,0.031775627,0.39003193,0.60260344,0.0,0.60260344,0.15065086
55911,0.11839953,0.028752843,0.20804621,0.13067801,0.0,0.13067801,0.032669503
55913,0.032551207,0.0317559,0.033346515,0.0067041055,0.31771314,0.3511789,0.08779473
55916,0.13478695,0.038003128,0.23157077,0.12506099,0.0,0.12506099,0.031265248
55919,0.05507418,0.03924876,0.0708996,0.06636417,1.170729,1.3632654,0.34081635
55922,0.04054335,0.02672997,0.054356735,0.03488798,0.62009305,0.5740199,0.14350498
55925,0.2005312,0.027252838,0.37380958,0.5346045,0.0,0.5346045,0.13365112
55928,0.103993855,0.042919546,0.16506816,0.10134085,1.3794422,1.5972809,0.39932021
55931,0.059835196,0.036677618,0.08299278,0.03178279,0.0,0.03178279,0.007945698
55933,0.06086725,0.040574573,0.08115993,0.013730456,0.34480098,0.3017116,0.0754279
55936,0.05912457,0.042606443,0.07564269,0.014977842,0.47489873,0.46873784,0.11718446
55939,0.23854154,0.045539815,0.43154326,0.22304563,0.0,0.22304563,0.055761408
55942,0.14513102,0.04924025,0.2410218,0.10106591,0.0,0.10106591,0.025266478
55945,0.05088115,0.03852145,0.06324085,0.041246008,0.69636536,0.6485243,0.16213107
55948,0.04309246,0.03411077,0.052074153,0.06644933,0.072439194,0.08339844,0.02084961
55951,0.2504043,0.028291963,0.47251663,0.31782398,0.0,0.31782398,0.079455994
55953,0.02425462,0.025413692,0.02309555,0.0031953158,0.19832166,0.18766928,0.04691732
55956,0.052079942,0.024584016,0.07957587,0.02558513,0.31935045,0.27062845,0.06765711
55959,0.054508895,0.03722294,0.071794845,0.06601868,0.08661906,0.12574166,0.031435415
55962,0.047076087,0.05061561,0.043536562,0.018046109,0.21448898,0.183357,0.04583925
55965,0.045452535,0.045679275,0.0452258,0.003900079,0.28018522,0.32093355,0.08023339
55968,0.091677286,0.052649677,0.1307049,0.031332586,0.3285152,0.26398745,0.06599686
55971,1.1318514,0.03857027,2.2251327,1.709535,0.0,1.709535,0.42738375
55973,0.038140427,0.039056946,0.037223905,0.07306341,0.0,0.07306341,0.018265853
55976,0.055824738,0.037164878,0.074484594,0.031345792,0.0872043,0.11426538,0.028566346
55979,0.07409514,0.04319905,0.10499122,0.059146415,0.16611052,0.24356897,0.060892243
55982,0.050826848,0.04248068,0.059173018,0.12396587,0.0,0.12396587,0.030991467
55985,0.501051,0.027676925,0.97442514,1.2290317,0.0,1.2290317,0.30725792
55988,0.07677858,0.041718695,0.11183846,0.04326108,0.019550323,0.08120757,0.020301893
55991,0.4185145,0.03905372,0.7979753,0.5132436,0.0,0.5132436,0.1283109
55993,0.03177764,0.031958345,0.03159694,0.003882027,0.22624905,0.24865322,0.062163305
55996,0.1583043,0.03371829,0.28289032,0.14682093,0.0,0.14682093,0.036705233
55999,0.1535061,0.032517865,0.27449432,0.13642861,0.0,0.13642861,0.034107152
56002,0.073925324,0.037449677,0.110400975,0.12849942,0.0,0.12849942,0.032124855
56005,0.19361544,0.037275616,0.34995523,0.57588553,0.0,0.57588553,0.14397138
56008,0.43959227,0.042370837,0.83681375,1.1559602,0.0,1.1559602,0.28899005
56011,0.16653463,0.042243224,0.29082605,0.16097043,0.17652352,0.1125719,0.028142976
56013,0.061683398,0.053866133,0.06950066,0.05753051,0.0,0.05753051,0.014382628
56016,0.21544643,0.04985218,0.3810407,0.16376305,0.0,0.16376305,0.04094076
56019,0.0576441,0.04601104,0.06927715,0.027447758,0.0098285675,0.04051513,0.010128782
56022,1.2236085,0.056044877,2.3911722,1.8661885,0.0,1.8661885,0.46654713
56025,1.1656193,0.06420794,2.2670307,1.6965252,0.0,1.6965252,0.4241313
56028,0.151726,0.0758333,0.2276187,0.10372928,0.0,0.10372928,0.02593232
56031,0.4297932,0.06911902,0.7904673,0.41490594,0.0,0.41490594,0.103726484
56033,0.14956897,0.07482547,0.22431248,0.10079104,0.0,0.10079104,0.02519776
56036,0.18008165,0.09460784,0.26555544,0.08545452,0.0,0.08545452,0.02136363
56039,0.13912465,0.1064387,0.17181058,0.05925211,0.10908476,0.1806315,0.045157876
56042,0.107598506,0.093562454,0.12163454,0.05517474,0.9220524,0.9159889,0.22899723
56045,0.3163468,0.08743777,0.54525584,0.24011064,0.0,0.24011064,0.06002766
56048,0.10298862,0.08371062,0.12226663,0.053801507,1.0717493,1.1154442,0.27886105
56051,0.7149398,0.076790035,1.3530895,1.9185538,0.0,1.9185538,0.47963846
56053,0.15491062,0.08666893,0.22315232,0.06599175,0.074389614,0.061565608,0.015391402
56056,0.12556465,0.074003674,0.17712562,0.05212308,0.0,0.05212308,0.01303077
56059,0.093753494,0.09423884,0.093268156,0.001474666,0.1990935,0.18991303,0.04747826
56062,0.08614995,0.097548544,0.07475135,0.045219917,0.033137005,0.044126004,0.011031501
56065,0.16166374,0.10156713,0.22176035,0.04008158,0.044891674,0.033650447,0.008412612
56068,0.21973927,0.11510112,0.32437745,0.08184724,0.62442625,0.51854473,0.12963618
56071,0.10983623,0.11517898,0.10449348,0.0033739775,0.20831716,0.23623206,0.059058014
56073,0.09959012,0.10239015,0.0967901,0.22716177,0.0,0.22716177,0.05679044
56076,0.80577666,0.105190754,1.5063626,0.9184573,0.0,0.9184573,0.22961433
56079,0.1413732,0.109291114,0.1734553,0.056513384,0.13551252,0.1956578,0.04891445
56082,0.14749342,0.12077447,0.17421238,0.01569696,0.323567,0.28840587,0.07210147
56085,0.12438413,0.13199879,0.11676947,0.03992344,0.708594,0.6429303,0.16073258
56088,0.14292352,0.13601184,0.14983521,0.006316328,0.41363397,0.4396282,0.10990705
56091,0.50727475,0.1035377,0.91101176,0.43495592,0.0,0.43495592,0.10873898
56093,0.08765141,0.08134235,0.09396049,0.004448187,0.4071312,0.44086432,0.11021608
56096,0.092262946,0.051959317,0.13256657,0.08122278,0.91040784,0.985853,0.24646325
56099,0.0635092,0.0583543,0.06866411,0.047085743,0.7677326,0.7287693,0.18219233
56102,0.03442355,0.04703711,0.021809986,0.010690309,0.33637643,0.44314042,0.110785104
56105,0.07874078,0.052269485,0.10521209,0.05856486,0.031240463,0.09521688,0.02380422
56108,0.07386003,0.049164668,0.09855539,0.033329945,0.0,0.033329945,0.008332486
56111,0.6841361,0.047915597,1.3203565,0.90688825,0.0,0.90688825,0.22672206
56113,0.09242132,0.05280306,0.13203959,0.03598917,0.0072307587,0.050107587,0.012526897
56116,0.33244213,0.045210153,0.61967415,0.39205828,0.0,0.39205828,0.09801457
56119,0.19707526,0.08088114,0.3132694,0.13842481,0.22121537,0.21883456,0.05470864
56122,0.12024572,0.08942282,0.15106861,0.033986658,0.0062630973,0.046471607,0.011617902
56125,0.13791959,0.07702649,0.19881268,0.084855564,0.1397279,0.17853032,0.04463258
56128,0.11321304,0.046668705,0.17975737,0.26578045,0.0,0.26578045,0.06644511
56131,0.08768495,0.03443533,0.14093456,0.095228225,0.110573135,0.1760963,0.044024076
56133,0.2853534,0.033234026,0.5374727,0.7681975,0.0,0.7681975,0.19204937
56136,0.070692755,0.034190487,0.10719503,0.0401194,0.010054906,0.062023576,0.015505894
56139,0.041863006,0.030854648,0.052871358,0.006117547,0.31945467,0.32306552,0.08076638
56142,0.06313766,0.01792061,0.10835471,0.057286784,0.04227829,0.15084647,0.037711617
56145,0.090149246,0.011080734,0.16921775,0.104103744,0.0,0.104103744,0.026025936
56148,0.18082999,0.010142513,0.35151744,0.34860042,0.0,0.34860042,0.087150104
56151,0.29700544,0.0112565905,0.5827543,0.57292354,0.0,0.57292354,0.14323089
56153,0.25664553,0.008553582,0.50473744,0.4890426,0.0,0.4890426,0.12226065
56156,0.05963182,0.00946329,0.109800346,0.068287134,0.8681412,0.8818955,0.22047387
56159,0.0404076,0.006320251,0.07449495,0.05617169,0.0,0.05617169,0.014042922
56162,0.084709845,0.008975212,0.16044448,0.15498191,0.0,0.15498191,0.038745478
56165,0.02902364,0.011129324,0.046917956,0.051560942,0.891072,0.88439995,0.22109999
56168,0.017299829,0.012594265,0.022005394,0.004846417,0.34722772,0.34090558,0.085226394
56171,0.05042099,0.012970899,0.087871075,0.059866186,0.08338976,0.11532593,0.028831482
56173,0.04750383,0.014118139,0.08088952,0.06692325,0.10173734,0.1875968,0.0468992
56176,0.20890959,0.015286446,0.40253273,0.301549,0.0,0.301549,0.07538725
56179,0.05033985,0.015195505,0.0854842,0.070164345,0.0,0.070164345,0.017541086
56182,0.05715389,0.017767055,0.09654073,0.06378839,0.10194906,0.14340322,0.035850804
56185,0.042245507,0.023193786,0.061297227,0.05064098,0.8483262,1.031288,0.257822
56188,0.62964886,0.033336163,1.2259616,0.9221926,0.0,0.9221926,0.23054814
56191,0.07527017,0.03015218,0.12038816,0.24102373,0.0,0.24102373,0.060255934
56193,0.6714334,0.02820492,1.3146617,1.6261168,0.0,1.6261168,0.4065292
56196,0.07457397,0.032971974,0.11617598,0.052194938,0.107337,0.105593346,0.026398337
56199,0.27761796,0.042938676,0.5122972,0.75444835,0.0,0.75444835,0.18861209
56202,0.79671735,0.05376823,1.5396665,1.066154,0.0,1.066154,0.2665385
56205,0.09379244,0.05293274,0.13465214,0.036265213,0.042454083,0.04494877,0.011237193
56208,0.064900525,0.048019886,0.08178117,0.090823345,0.12090238,0.1677534,0.04193835
56211,0.63804424,0.047919482,1.228169,1.6515263,0.0,1.6515263,0.41288158
56213,0.14727457,0.05046658,0.24408257,0.10301729,0.13717096,0.077263564,0.019315891
56216,0.5282725,0.059233427,0.9973116,0.5899571,0.0,0.5899571,0.14748928
56219,0.33807543,0.06059592,0.615555,0.32712087,0.0,0.32712087,0.08178022
56222,0.08537555,0.06327649,0.1074746,0.056308467,1.2037814,1.2453247,0.31133118
56225,0.4396522,0.067652844,0.8116515,0.4221015,0.0,0.4221015,0.105525374
56228,0.06741799,0.074261926,0.060574044,0.005526261,0.37747765,0.342636,0.085659
56231,0.7176617,0.07846209,1.3568612,0.84670705,0.0,0.84670705,0.21167676
56233,0.10329566,0.08418109,0.12241024,0.01982215,0.02511406,0.04887716,0.01221929
56236,0.18994157,0.08675138,0.29313174,0.09276196,0.0,0.09276196,0.02319049
56239,0.0911375,0.09637848,0.085896514,0.002614918,0.35227647,0.34190914,0.085477285
56242,0.27211717,0.09338093,0.45085344,0.80939245,0.0,0.80939245,0.20234811
56245,0.36332154,0.08568535,0.6409578,0.2883818,0.0,0.2883818,0.07209545
56248,0.98127866,0.09034393,1.8722134,1.1697378,0.0,1.1697378,0.29243445
56251,0.13585582,0.10006589,0.17164576,0.06266877,1.3550014,1.3976465,0.34941164
56253,0.10497427,0.08727478,0.12267377,0.08702483,1.2484281,1.5015377,0.37538442
56256,0.07614788,0.059199423,0.09309632,0.034746695,0.0,0.034746695,0.008686674
56259,0.05024832,0.05406301,0.046433628,0.0035900269,0.19056702,0.18396254,0.045990635
56262,0.09481048,0.066839136,0.12278181,0.045925517,0.062191486,0.0922528,0.0230632
56265,0.10369774,0.10134462,0.10605084,0.027044782,0.49004045,0.43382815,0.10845704
56268,0.08161844,0.09667721,0.06655968,0.057133604,0.0,0.057133604,0.014283401
56271,0.1802708,0.10975618,0.25078544,0.06286016,0.107323326,0.2590872,0.0647718
56273,0.15598245,0.11274006,0.19922483,0.11417844,1.1643468,1.4792684,0.3698171
56276,0.107563145,0.1119774,0.1031489,0.0057139155,0.33982787,0.35160866,0.087902166
56279,0.46260294,0.09699377,0.8282121,0.42780685,0.0,0.42780685,0.10695171
56282,0.08259904,0.08761647,0.07758161,0.040040173,0.0,0.040040173,0.010010043
56285,0.060233045,0.06826016,0.052205935,0.12716891,0.0,0.12716891,0.031792227
56288,0.05215968,0.0664391,0.037880257,0.008595799,0.26418877,0.34762836,0.08690709
56291,0.042202715,0.044270683,0.040134747,0.0037141007,0.31568846,0.3145881,0.078647025
56293,0.047682393,0.036325768,0.059039023,0.02667217,0.5016008,0.5256021,0.13140053
56296,0.15584509,0.034126695,0.27756348,0.45795193,0.0,0.45795193,0.11448798
56299,0.043616075,0.043624524,0.043607634,0.0021382424,0.34911093,0.34887913,0.08721978
56302,0.6258418,0.044308588,1.207375,1.6841718,0.0,1.6841718,0.42104295
56305,0.04043668,0.038549062,0.042324305,0.0013666869,0.18224335,0.18156789,0.045391973
56308,0.048602212,0.028593173,0.06861126,0.025593972,0.38372734,0.37427577,0.09356894
56311,0.12002311,0.032917343,0.20712888,0.120165326,0.9501553,0.9659659,0.24149148
56313,0.051456656,0.037179124,0.065734185,0.040574286,0.032445908,0.06580871,0.016452178
56316,0.1005019,0.02939762,0.17160618,0.21135855,0.0,0.21135855,0.052839637
56319,0.03989071,0.019599026,0.060182393,0.08331651,0.0,0.08331651,0.020829128
56322,0.035570934,0.019837609,0.051304262,0.01451962,0.602104,0.62395525,0.15598881
56325,0.06546778,0.02081627,0.110119306,0.08150322,0.22264893,0.2511697,0.06279243
56328,0.03895384,0.013670134,0.06423754,0.03383938,0.0,0.03383938,0.008459845
56331,0.043425832,0.013097856,0.07375381,0.09813402,0.9894721,1.0066768,0.2516692
56333,0.19797595,0.009395301,0.38655663,0.39542925,0.0,0.39542925,0.09885731
56336,0.39273056,0.0076855123,0.7777756,0.82116824,0.0,0.82116824,0.20529206
56339,0.026010787,0.009353134,0.042668443,0.037509754,0.07534663,0.08953225,0.022383062
56342,0.14510052,0.008570858,0.2816302,0.29876375,0.0,0.29876375,0.07469094
56345,0.029615931,0.011712625,0.047519237,0.017438734,0.48757315,0.4840591,0.121014774
56348,0.29833013,0.009196785,0.58746344,0.5665355,0.0,0.5665355,0.14163387
56351,0.030921156,0.010727321,0.05111499,0.021232426,0.49819407,0.5043795,0.12609488
56353,0.098698325,0.009053718,0.18834293,0.18079191,0.0,0.18079191,0.04519798
56356,0.028060496,0.010117555,0.046003435,0.042653274,0.5025266,0.41060698,0.102651745
56359,0.06002277,0.008267204,0.11177834,0.13309659,1.1906554,1.2814646,0.32036614
56362,0.005760768,0.0061300904,0.005391445,0.009600174,0.16270268,0.12231066,0.030577665
56365,0.31705227,0.0061015952,0.62800294,0.5555182,0.0,0.5555182,0.13887955
56368,0.020064095,0.005023728,0.035104465,0.05167417,0.023996988,0.11008048,0.02752012
56371,0.48997197,0.005448406,0.9744955,0.88645744,0.0,0.88645744,0.22161436
56373,0.74303013,0.0050762934,1.4809841,1.3961064,0.0,1.3961064,0.3490266
56376,0.03722072,0.007864625,0.066576816,0.06920093,0.0,0.06920093,0.017300233
56379,0.20416619,0.011061228,0.39727116,0.35739776,0.0,0.35739776,0.08934944
56382,0.10714712,0.01492397,0.19937027,0.21681952,0.0,0.21681952,0.05420488
56385,0.18848912,0.0177005,0.35927773,0.38612363,0.0,0.38612363,0.09653091
56388,0.021575786,0.019980362,0.02317121,0.0019590848,0.23576672,0.22784935,0.056962337
56391,0.12528212,0.027390562,0.2231737,0.2098331,0.0,0.2098331,0.052458275
56393,0.06740963,0.029245434,0.105573826,0.056933414,0.118872166,0.118311144,0.029577786
56396,0.23235263,0.035704657,0.42900062,0.53163,0.0,0.53163,0.1329075
56399,0.05091971,0.040961754,0.06087767,0.047995012,0.7855765,0.71160966,0.17790242
56402,0.11013643,0.04697312,0.17329973,0.3723019,0.0,0.3723019,0.09307548
56405,0.44974267,0.050180912,0.84930444,0.5512697,0.0,0.5512697,0.13781743
56408,0.121852696,0.06272584,0.18097955,0.085843444,0.6449979,0.5265675,0.13164188
56411,0.07794722,0.06129123,0.09460322,0.0298793,0.084531784,0.122053035,0.030513259
56413,0.11949551,0.064363286,0.17462774,0.07316906,0.0,0.07316906,0.018292265
56416,0.108078875,0.06363434,0.15252341,0.08034976,1.3519416,1.2914735,0.32286838
56419,0.118788965,0.07295718,0.16462076,0.12062188,0.0,0.12062188,0.03015547
56422,0.1821453,0.077413686,0.2868769,0.120462395,0.0,0.120462395,0.030115599
56425,0.10898259,0.07820879,0.1397564,0.057833474,1.7749325,1.8577083,0.46442708
56428,0.3423854,0.085331954,0.59943885,0.2757105,0.0,0.2757105,0.06892762
56431,0.13381885,0.08777513,0.17986256,0.07064856,1.229896,1.4061896,0.3515474
56433,0.09515494,0.09906254,0.09124733,0.0025941362,0.1755708,0.16371478,0.040928695
56436,0.3176595,0.09272275,0.5425963,1.0400757,0.0,1.0400757,0.26001891
56439,0.07846162,0.09835284,0.058570396,0.06273824,0.05365944,0.050030623,0.012507656
56442,0.48095313,0.100331,0.8615753,0.4487249,0.0,0.4487249,0.112181224
56445,0.40725163,0.106055595,0.7084477,0.34408787,0.0,0.34408787,0.08602197
56448,0.21320932,0.13734801,0.2890706,0.06535684,0.04324277,0.1560241,0.039006025
56451,0.5162573,0.1352129,0.8973017,0.3735979,0.0,0.3735979,0.09339947
56453,0.24171264,0.14498705,0.33843824,0.07594808,0.0,0.07594808,0.01898702
56456,0.10341374,0.14813459,0.05869289,0.18645406,0.0,0.18645406,0.046613514
56459,0.1665007,0.16045463,0.17254679,0.012392688,0.45914313,0.5413,0.135325
56462,0.24383585,0.15637566,0.331296,0.10315188,0.05824407,0.22595501,0.056488752
56465,0.28096497,0.12897754,0.4329524,0.13564329,0.0,0.13564329,0.033910822
56468,0.13148947,0.12959631,0.13338262,0.007434517,0.1344846,0.121874064,0.030468516
56470,0.18923084,0.10757607,0.27088562,0.086304985,0.78028417,0.7764414,0.19411035
56473,0.06302655,0.06826595,0.05778714,0.004321689,0.20476644,0.22288938,0.055722345
56476,0.09864763,0.058547933,0.13874735,0.03815699,0.0049889884,0.046360597,0.011590149
56479,0.08040632,0.058466345,0.1023463,0.11695963,0.0,0.11695963,0.029239908
56482,0.13700333,0.072158135,0.20184852,0.086940765,1.5424169,1.7843672,0.4460918
56485,0.057382885,0.051928785,0.06283699,0.036666512,0.60766476,0.579459,0.14486475
56488,0.059216496,0.047029804,0.07140318,0.056426823,1.0320911,1.2564415,0.31411037
56490,0.16028479,0.031309154,0.28926042,0.16234785,0.0,0.16234785,0.040586963
56493,0.0385828,0.03712244,0.040043164,0.016648563,0.19108836,0.19044621,0.047611553
56496,0.05575845,0.03742231,0.07409459,0.043213144,0.0,0.043213144,0.010803286
56499,0.03962308,0.042965308,0.03628085,0.0038188852,0.36799812,0.3640491,0.09101228
56502,0.03811326,0.049482662,0.026743853,0.006416014,0.14179437,0.1904031,0.047600776
56505,0.27309975,0.04870096,0.49749854,0.26615188,0.0,0.26615188,0.06653797
56508,0.18240248,0.047812626,0.3169923,0.57312465,0.0,0.57312465,0.14328116
56510,0.28467253,0.045212463,0.52413255,0.8120759,0.0,0.8120759,0.20301898
56513,0.06136194,0.054133896,0.068589985,0.008110529,0.17478688,0.16769727,0.041924316
56516,0.4582936,0.06210153,0.8544857,1.259538,0.0,1.259538,0.3148845
56519,0.05785748,0.055102732,0.060612228,0.012737294,0.44285715,0.49670902,0.124177255
56522,0.05250743,0.05381457,0.05120029,0.049798567,0.75709534,0.53590035,0.13397509
56525,0.08130226,0.038412515,0.12419201,0.050704986,0.0,0.050704986,0.012676246
56528,0.083981164,0.0459744,0.12198794,0.051773995,0.010870616,0.07958749,0.019896872
56530,0.085382484,0.047227383,0.12353757,0.03897809,0.017478943,0.07898508,0.01974627
56533,0.04988746,0.041188177,0.058586743,0.0055251233,0.32995096,0.35149935,0.08787484
56536,0.1442676,0.02891512,0.25962007,0.439955,0.0,0.439955,0.10998875
56539,0.13130826,0.017681032,0.2449355,0.35001495,0.0,0.35001495,0.08750374
56542,0.22831623,0.026420265,0.43021217,0.29091594,0.0,0.29091594,0.072728984
56545,0.09907096,0.028887577,0.16925435,0.09413061,0.11177143,0.06336527,0.015841318
56548,0.11025097,0.031625282,0.18887664,0.10846919,0.022705713,0.17542548,0.04385637
56550,0.052979216,0.029058821,0.07689961,0.07933924,0.0,0.07933924,0.01983481
56553,0.052008506,0.04837336,0.055643648,0.038918573,0.9878438,0.90304947,0.22576237
56556,0.11622714,0.050269153,0.18218513,0.37721157,0.0,0.37721157,0.09430289
56559,0.071881175,0.06534055,0.0784218,0.013259663,0.47175607,0.5005289,0.12513222
56562,0.3288264,0.069902726,0.58775,0.9603725,0.0,0.9603725,0.24009313
56565,0.98240346,0.07696322,1.8878436,1.24125,0.0,1.24125,0.3103125
56568,0.1619541,0.07282377,0.25108442,0.09607781,0.0,0.09607781,0.024019452
56570,0.05670229,0.05867855,0.054726034,0.0020325251,0.17865944,0.16479228,0.04119807
56573,0.38496614,0.06213905,0.70779324,0.37043414,0.0,0.37043414,0.092608534
56576,0.3710003,0.080307,0.6616936,1.088223,0.0,1.088223,0.27205575
56579,0.1550288,0.101855874,0.20820172,0.53607327,0.0,0.53607327,0.13401832
56582,0.10722955,0.10796047,0.10649864,0.049424123,0.9779167,1.1751024,0.2937756
56585,0.13269258,0.096786015,0.16859913,0.027120301,0.04270935,0.105947696,0.026486924
56588,0.42083105,0.0796583,0.76200384,0.3828806,0.0,0.3828806,0.09572015
56590,0.11777651,0.082960896,0.15259214,0.032475095,0.05381902,0.11094209,0.027735522
56593,0.34284115,0.06926389,0.6164184,0.99010104,0.0,0.99010104,0.24752526
56596,0.06827571,0.07209034,0.064461075,0.002035238,0.16911511,0.18639164,0.04659791
56599,0.37851706,0.06950781,0.6875263,1.1226168,0.0,1.1226168,0.2806542
56602,0.12419364,0.07960097,0.1687863,0.032486115,0.35360017,0.2753809,0.06884523
56605,0.11716976,0.076657616,0.1576819,0.05086574,0.013376872,0.08134,0.020335
56608,0.48130175,0.06404194,0.89856154,0.504524,0.0,0.504524,0.126131
56610,0.066755585,0.07198868,0.06152248,0.04312412,0.6588389,0.5401637,0.13504092
56613,0.11575482,0.0749877,0.15652195,0.34469786,0.0,0.34469786,0.086174466
56616,0.58287406,0.06749355,1.0982546,1.6331621,0.0,1.6331621,0.40829054
56619,0.3167043,0.06325715,0.5701515,0.29931936,0.0,0.29931936,0.07482984
56622,0.0806487,0.075609945,0.08568746,0.052530315,0.8583545,1.0618011,0.26545027
56625,0.07843492,0.05984879,0.097021066,0.09647632,0.0,0.09647632,0.02411908
56628,0.08575713,0.07735898,0.09415526,0.04749617,0.06708717,0.11769453,0.029423632
56630,0.23729354,0.082971215,0.39161587,0.76658344,0.0,0.76658344,0.19164586
56633,0.09608402,0.10515016,0.08701787,0.0029228705,0.14144568,0.17159085,0.042897712
56636,0.10382184,0.10442754,0.103216134,0.030672953,0.57118225,0.4875835,0.12189587
56639,0.4296278,0.07363039,0.7856252,0.4367039,0.0,0.4367039,0.10917597
56642,0.12566094,0.065412514,0.18590935,0.306201,0.0,0.306201,0.07655025
56645,0.0985448,0.058536578,0.13855302,0.05430414,0.02526919,0.09568793,0.023921983
56648,0.42370105,0.046377096,0.801025,1.083412,0.0,1.083412,0.270853
56650,0.04842187,0.053298384,0.04354535,0.0041313265,0.2483129,0.29294264,0.07323566
56653,0.06605519,0.03976378,0.09234661,0.17546517,0.0,0.17546517,0.04386629
56656,0.39392748,0.043321747,0.74453324,0.49834275,0.0,0.49834275,0.12458569
56659,0.09652239,0.052724678,0.1403201,0.05118406,0.06828562,0.09608966,0.024022415
56662,0.6026579,0.04453594,1.1607798,1.493638,0.0,1.493638,0.3734095
56665,0.0618351,0.035538424,0.08813178,0.10723442,0.0,0.10723442,0.026808605
56668,0.13196786,0.02744254,0.23649319,0.13629574,0.0,0.13629574,0.034073934
56670,0.06891561,0.031413082,0.106418155,0.04402882,0.058243435,0.15693538,0.039233845
56673,0.057664376,0.017345013,0.09798374,0.06760805,0.17457311,0.1935295,0.048382375
56676,0.66438514,0.009048935,1.3197213,1.4873437,0.0,1.4873437,0.37183592
56679,0.03482529,0.0075279027,0.062122684,0.048927713,0.0,0.048927713,0.012231928
56682,0.017072536,0.008995959,0.025149113,0.010693162,0.34407714,0.32602558,0.081506394
56685,0.019731967,0.008968444,0.030495489,0.025600364,0.31967863,0.29331428,0.07332857
56688,0.044019952,0.008812004,0.0792279,0.07563106,0.21661265,0.26072094,0.065180235
56690,0.2225929,0.008298714,0.43688712,0.37648717,0.0,0.37648717,0.09412179
56693,0.022530904,0.009111069,0.035950735,0.021697499,0.0032901764,0.027399039,0.0068497597
56696,0.9000574,0.012894434,1.7872204,2.0260327,0.0,2.0260327,0.5065082
56699,0.022884516,0.016804172,0.028964857,0.030192832,0.49795023,0.41872618,0.104681544
56702,0.57001776,0.013034808,1.1270007,1.2682457,0.0,1.2682457,0.31706142
56705,0.21581204,0.011866492,0.4197576,0.50316805,0.0,0.50316805,0.12579201
56708,0.08886033,0.009433533,0.16828714,0.12346756,0.76738864,0.6792588,0.1698147
56710,0.050142094,0.009002007,0.09128218,0.055214737,0.0,0.055214737,0.013803684
56713,0.021359304,0.010337272,0.032381337,0.014569521,0.53487104,0.6270396,0.1567599
56716,0.023710603,0.011458355,0.035962854,0.0136280535,0.2191633,0.17816736,0.04454184
56719,0.034770526,0.012659376,0.056881677,0.042533856,1.182323,1.2461128,0.3115282
56722,0.2724612,0.010790418,0.534132,0.54371196,0.0,0.54371196,0.13592799
56725,0.07952184,0.01371011,0.14533357,0.11153736,0.12339783,0.048335854,0.0120839635
56728,0.030825457,0.011591226,0.050059687,0.03471132,0.39524207,0.35238948,0.08809737
56730,0.08921766,0.011038366,0.16739696,0.18525362,0.0,0.18525362,0.046313405
56733,0.11595812,0.010571872,0.22134435,0.18750894,0.0,0.18750894,0.046877235
56736,0.035619196,0.012013912,0.059224475,0.08344493,0.8114974,0.75727946,0.18931986
56739,0.02909009,0.010858204,0.047321975,0.024721533,0.043087643,0.07394385,0.018485963
56742,0.010015947,0.008893504,0.011138391,0.0022042128,0.24592781,0.22099788,0.05524947
56745,0.38537338,0.006063757,0.764683,0.82119733,0.0,0.82119733,0.20529933
56748,0.005796934,0.0049651754,0.006628692,0.012698139,0.21082127,0.16508739,0.041271847
56750,0.016401859,0.0069280616,0.025875658,0.009979511,0.42313194,0.39167896,0.09791974
56753,0.068898916,0.004532656,0.13326518,0.10033823,0.1061751,0.11649706,0.029124266
56756,0.02747643,0.0065394132,0.048413444,0.02992641,0.019871393,0.03193535,0.007983837
56759,0.026123496,0.0061730533,0.04607394,0.057090104,0.0,0.057090104,0.014272526
56762,0.047278553,0.0043934328,0.09016368,0.106241606,0.0,0.106241606,0.026560402
56765,0.58492297,0.0054479255,1.1643981,1.0942874,0.0,1.0942874,0.27357185
56768,0.10273164,0.0061017,0.19936156,0.18649937,0.0,0.18649937,0.046624843
56770,0.006577941,0.003324989,0.009830894,0.004324,0.29439798,0.2718866,0.06797165
56773,0.03680552,0.003839623,0.06977142,0.07379507,0.14242427,0.30709878,0.076774694
56776,0.020741718,0.003618421,0.037865013,0.029955963,0.085534096,0.10532256,0.02633064
56779,0.025564218,0.004631598,0.04649684,0.049004495,0.6323382,0.577077,0.14426924
56782,0.24621235,0.007194256,0.48523045,0.41587436,0.0,0.41587436,0.10396859
56785,0.02897224,0.0048906947,0.053053785,0.051390376,0.8568961,0.88741875,0.22185469
56788,0.26932082,0.00571085,0.5329308,0.48911074,0.0,0.48911074,0.122277685
56790,0.2993522,0.006503664,0.59220076,0.5460884,0.0,0.5460884,0.1365221
56793,0.016276414,0.0069042128,0.025648614,0.020359976,0.023367563,0.038583677,0.009645919
56796,0.036078475,0.0077889594,0.06436799,0.07217992,0.0,0.07217992,0.01804498
56799,0.007124145,0.008094707,0.0061535835,0.005331312,0.38543954,0.38078344,0.09519586
56802,0.5281059,0.0074194507,1.0487924,0.95931035,0.0,0.95931035,0.23982759
56805,0.37709293,0.0074889385,0.7466969,0.6852214,0.0,0.6852214,0.17130534
56808,0.2473423,0.007450701,0.4872339,0.48208618,0.0,0.48208618,0.120521545
56810,0.67707926,0.006724689,1.3474339,1.3982984,0.0,1.3982984,0.3495746
56813,0.15342672,0.007139375,0.29971406,0.33317092,0.0,0.33317092,0.08329273
56816,0.044419166,0.006994737,0.08184359,0.063088536,0.030097326,0.102806695,0.025701674
56819,0.018785413,0.0062816716,0.031289157,0.03407481,0.003935496,0.03663352,0.00915838
56822,0.027037762,0.0062260428,0.04784948,0.036102377,0.037762642,0.06931368,0.01732842
56825,0.009841256,0.006022891,0.013659622,0.004502513,0.25912192,0.2608186,0.06520465
56828,0.19200565,0.0066879294,0.3773234,0.41503954,0.0,0.41503954,0.103759885
56830,0.013693117,0.005842399,0.021543832,0.017952668,0.0,0.017952668,0.004488167
56833,0.018601183,0.005570401,0.031631965,0.02569457,0.0,0.02569457,0.0064236424
56836,0.036737088,0.005442465,0.06803171,0.055659074,1.0215644,0.97472113,0.24368028
56839,0.17031063,0.0052167177,0.33540455,0.33501932,0.0,0.33501932,0.08375483
56842,0.013211909,0.007488366,0.018935451,0.014205924,0.45348242,0.58137816,0.14534454
56845,0.011946562,0.012438771,0.01145435,0.0024320513,0.12418064,0.12527901,0.031319752
56848,0.013799804,0.015161223,0.012438386,0.007821739,0.12579846,0.18349703,0.045874257
56850,0.039699614,0.018743735,0.060655493,0.044107188,0.90301627,1.008915,0.25222874
56853,0.046877697,0.018829914,0.07492548,0.049081128,0.0,0.049081128,0.012270282
56856,0.070868224,0.025791353,0.1159451,0.07158938,0.07653936,0.14824153,0.037060384
56859,0.0427243,0.029729912,0.055718694,0.0097034825,0.5224063,0.5748684,0.1437171
56862,0.08213064,0.034673486,0.1295878,0.097115226,0.0,0.097115226,0.024278807
56865,0.10335427,0.0418518,0.16485673,0.10689169,0.0,0.10689169,0.026722923
56868,0.053890537,0.050651073,0.057130005,0.0015645744,0.25824928,0.26911744,0.06727936
56870,0.08128781,0.05861171,0.10396391,0.038086355,0.054765224,0.117010765,0.029252691
56873,0.122826256,0.062968604,0.18268393,0.16279984,0.0,0.16279984,0.04069996
56876,0.53326225,0.07354411,0.9929804,0.5409361,0.0,0.5409361,0.13523403
56879,0.073098324,0.080716155,0.06548049,0.0052868077,0.26379335,0.2951685,0.07379212
56882,0.1370547,0.08129763,0.19281177,0.07451389,0.11605588,0.18527515,0.046318788
56885,0.13287355,0.10738474,0.15836237,0.03273421,0.038173676,0.045257602,0.0113144005
56888,0.122246504,0.10836791,0.1361251,0.010063443,0.25285265,0.23757434,0.059393585
56890,0.14452009,0.11642784,0.17261232,0.018343614,0.033465862,0.06578695,0.016446738
56893,0.77723336,0.113053024,1.4414138,0.7564227,0.0,0.7564227,0.18910567
56896,0.31504592,0.121577226,0.50851464,0.18579794,0.0,0.18579794,0.046449486
56899,0.087200426,0.12269052,0.051710322,0.22608614,0.0,0.22608614,0.056521535
56902,0.18982069,0.13365076,0.24599059,0.038086317,0.45156002,0.3770958,0.09427395
56905,0.16704273,0.1314755,0.20260997,0.027324876,0.63130945,0.53617287,0.13404322
56908,0.31784785,0.13411273,0.5015829,0.14808542,0.0,0.14808542,0.037021354
56910,0.12856044,0.1460756,0.11104527,0.41189063,0.0,0.41189063,0.10297266
56913,0.34864298,0.16534622,0.53193974,0.15107591,0.0,0.15107591,0.03776898
56916,0.30466127,0.16296862,0.4463539,0.11076426,0.0,0.11076426,0.027691064
56919,0.21943857,0.20552178,0.23335536,0.047666926,1.0769501,1.1352214,0.28380534
56922,0.32499525,0.20788662,0.4421039,0.110121034,1.0606915,1.0320364,0.2580091
56925,0.15489216,0.1691553,0.14062904,0.17771195,0.0,0.17771195,0.044427987
56928,0.23566525,0.19905476,0.27227575,0.023124352,0.023545265,0.02858305,0.0071457624
56930,0.15766516,0.18962677,0.12570356,0.18860532,0.0,0.18860532,0.04715133
56933,0.8854967,0.15214075,1.6188526,0.8251079,0.0,0.8251079,0.20627697
56936,0.25654125,0.108549714,0.4045328,0.13350083,0.0,0.13350083,0.033375207
56939,0.10569272,0.09355864,0.11782682,0.0708552,0.99145126,0.99590826,0.24897707
56942,0.095974945,0.087051235,0.10489864,0.009426817,0.38943163,0.44491234,0.111228086
56945,0.14714433,0.0778906,0.21639808,0.533559,0.0,0.533559,0.13338976
56948,0.10920435,0.09904367,0.11936504,0.0063443165,0.21530724,0.22813363,0.05703341
56950,0.10190469,0.09825459,0.1055548,0.07887371,0.8277772,0.7964217,0.19910543
56953,0.11076167,0.09238231,0.12914103,0.050073545,0.90345955,0.99320656,0.24830164
56956,0.12041176,0.08232729,0.15849623,0.062394533,1.1721236,1.2501594,0.31253985
56959,0.57471526,0.05908895,1.0903416,0.67142344,0.0,0.67142344,0.16785586
56962,0.5981242,0.049999546,1.1462488,0.75992274,0.0,0.75992274,0.18998069
56965,0.036356527,0.045864016,0.02684904,0.0053805546,0.23888715,0.29047713,0.07261928
56968,0.08130122,0.036184326,0.12641811,0.0517887,0.0,0.0517887,0.012947175
56970,0.0351876,0.035172123,0.035203077,0.029137453,0.0,0.029137453,0.0072843633
56973,0.30920133,0.025089925,0.59331274,0.410239,0.0,0.410239,0.10255975
56976,0.045059692,0.02900038,0.061119,0.013339716,0.40987918,0.39134827,0.09783707
56979,0.25910202,0.017320244,0.50088376,0.36562705,0.0,0.36562705,0.09140676
56982,0.07622027,0.02523934,0.1272012,0.06931912,0.034105938,0.15369926,0.038424816
56985,0.014238176,0.01629214,0.012184214,0.004611285,0.29363155,0.33641824,0.08410456
56988,0.050611775,0.015254444,0.0859691,0.06276194,0.94639236,1.0096196,0.2524049
56990,0.023946306,0.013345622,0.034546986,0.03933621,0.79222256,0.9099881,0.22749703
56993,0.060916245,0.012507875,0.10932461,0.0755296,0.019206366,0.12739359,0.031848397
56996,0.044898134,0.0057466812,0.08404958,0.06742314,0.0,0.06742314,0.016855786
56999,0.021839797,0.0059360624,0.03774353,0.031919483,0.050194424,0.048691984,0.012172996
57002,0.31650648,0.009138335,0.6238746,0.71090794,0.0,0.71090794,0.17772698
57005,0.045360316,0.008991686,0.08172895,0.080062896,1.4000973,1.5515556,0.3878889
57008,0.38519692,0.014435734,0.7559581,0.8915151,0.0,0.8915151,0.22287877
57010,0.5413965,0.012342098,1.0704509,0.9378874,0.0,0.9378874,0.23447184
57013,0.10538069,0.011899836,0.19886155,0.16349326,0.0,0.16349326,0.040873315
57016,0.07019439,0.0089622885,0.1314265,0.107750095,0.0,0.107750095,0.026937524
57019,0.032483917,0.006305548,0.058662284,0.048320908,0.8885066,0.84147614,0.21036904
57022,0.21329124,0.0073214197,0.41926107,0.4500158,0.0,0.4500158,0.11250395
57025,0.0095562795,0.0061285705,0.012983988,0.008055708,0.38184497,0.36094067,0.090235166
57028,0.015636409,0.0070307837,0.024242034,0.028449804,0.6386364,0.65893334,0.16473334
57030,0.2637742,0.0065496634,0.5209987,0.47978076,0.0,0.47978076,0.11994519
57033,0.021788178,0.007842794,0.035733562,0.04337719,0.68474513,0.7601242,0.19003105
57036,0.1519589,0.006607383,0.29731044,0.26026782,0.0,0.26026782,0.065066956
57039,0.007521756,0.0075295423,0.00751397,0.0040759346,0.17713492,0.21695073,0.054237682
57042,0.03211825,0.007434631,0.05680187,0.059602905,0.01944987,0.09727643,0.024319107
57045,0.07647631,0.007411757,0.14554088,0.13406639,0.0,0.13406639,0.033516597
57048,0.31324312,0.008499558,0.61798674,0.51708394,0.0,0.51708394,0.12927099
57050,0.03423265,0.010099482,0.05836582,0.04458922,0.040045578,0.07914634,0.019786585
57053,0.014151628,0.014128949,0.014174308,0.0024391434,0.19755165,0.19849671,0.04962418
57056,0.5220715,0.017963305,1.0261797,1.1667037,0.0,1.1667037,0.29167593
57059,0.04944327,0.022386564,0.076499976,0.03872744,0.6878211,0.7262412,0.1815603
57062,0.040552706,0.027754882,0.053350527,0.046674177,0.07397016,0.14440458,0.036101144
57065,0.036989797,0.03246869,0.0415109,0.022471065,0.47535953,0.45661423,0.11415356
57068,0.044333603,0.03821962,0.050447583,0.035564173,0.41672516,0.32613906,0.081534766
57070,0.09827001,0.043621153,0.15291886,0.32977763,0.0,0.32977763,0.08244441
57073,0.09872008,0.054844316,0.14259586,0.049077928,0.09856971,0.108661115,0.027165279
57076,0.10891201,0.06654935,0.15127468,0.045199137,0.052112896,0.07607025,0.019017562
57079,0.09547972,0.072369754,0.11858968,0.063829705,1.2375597,1.272528,0.318132
57082,0.095959626,0.07930302,0.11261622,0.03625946,0.030204773,0.065915674,0.016478918
57085,0.124567606,0.078937545,0.17019767,0.064824104,1.0304824,0.9660964,0.2415241
57088,0.5839085,0.08184585,1.0859712,1.6771231,0.0,1.6771231,0.41928077
57090,0.14815794,0.08055233,0.21576355,0.072561674,0.023367563,0.119109005,0.029777251
57093,0.16533832,0.07922421,0.25145245,0.56642014,0.0,0.56642014,0.14160503
57096,0.09414965,0.08438154,0.103917755,0.04411805,0.060747147,0.096447855,0.024111964
57099,0.16617806,0.08819688,0.24415927,0.07474109,0.02022616,0.119338594,0.029834649
57102,0.4373457,0.0813793,0.7933121,0.39627042,0.0,0.39627042,0.099067606
57105,0.08840895,0.08736252,0.089455366,0.01025222,0.36480156,0.40134034,0.100335084
57108,0.25361273,0.08860966,0.4186158,0.15375794,0.0,0.15375794,0.038439486
57110,0.14044362,0.09400686,0.1868804,0.0424313,0.0,0.0424313,0.010607825
57113,0.25366333,0.0968693,0.41045737,0.14167881,0.0,0.14167881,0.035419703
57116,0.12969926,0.10930411,0.1500944,0.065327995,1.1742336,1.2670407,0.31676018
57119,0.084082246,0.09989736,0.06826713,0.20172743,0.0,0.20172743,0.05043186
57122,0.15480943,0.113199495,0.19641936,0.029698534,0.47825143,0.424011,0.10600275
57125,0.08723768,0.104026616,0.070448734,0.039746575,0.6366787,0.54950815,0.13737704
57128,0.12816675,0.11228877,0.14404474,0.041659523,1.0748228,1.0113856,0.2528464
57130,0.10044366,0.11004078,0.090846546,0.078402616,0.0,0.078402616,0.019600654
57133,0.14486255,0.13922286,0.15050222,0.05187027,0.0,0.05187027,0.012967568
57136,0.15143056,0.137555,0.16530612,0.43223676,0.0,0.43223676,0.10805919
57139,0.18799011,0.13466698,0.24131322,0.061364606,0.08027458,0.20221932,0.05055483
57142,0.11397433,0.11094221,0.11700645,0.14738843,0.0,0.14738843,0.036847107
57145,0.5692187,0.09778578,1.0406517,0.5356025,0.0,0.5356025,0.13390063
57148,0.108598836,0.076455474,0.1407422,0.037527848,0.028292974,0.09544453,0.023861133
57150,0.07069111,0.063392565,0.07798966,0.09565917,0.0,0.09565917,0.023914792
57153,0.060673546,0.055164468,0.06618263,0.005174641,0.45570183,0.5037877,0.12594692
57156,0.06081445,0.046438545,0.07519035,0.127621,0.0,0.127621,0.03190525
57159,0.07447146,0.04319037,0.10575255,0.040512703,0.50587386,0.49457255,0.12364314
57162,0.7414214,0.03811962,1.4447231,1.809369,0.0,1.809369,0.45234224
57165,0.17316353,0.041740704,0.30458638,0.17643549,0.0,0.17643549,0.04410887
57168,0.0993553,0.046992857,0.15171774,0.079014786,1.2072576,1.391902,0.3479755
57170,0.04484421,0.044971462,0.044716965,0.0011801018,0.17153867,0.16599327,0.04149832
57173,0.15037857,0.0368494,0.26390776,0.14420187,0.0,0.14420187,0.03605047
57176,0.15194367,0.05568543,0.2482019,0.11320627,1.06873,1.0545774,0.26364434
57179,0.1059919,0.061130434,0.15085335,0.09761375,1.3890437,1.5951023,0.39877558
57182,0.071431614,0.06544871,0.07741452,0.008609941,0.4406866,0.50293857,0.12573464
57185,0.059777606,0.065239795,0.05431543,0.0059849373,0.42388663,0.43611565,0.10902891
57188,0.07700777,0.060712893,0.093302645,0.011071709,0.1831419,0.1395437,0.034885924
57190,0.048997547,0.050293695,0.0477014,0.0036484816,0.23711042,0.26643786,0.066609465
57193,0.04973482,0.042173136,0.05729651,0.0092969,0.3698459,0.38422775,0.09605694
57196,0.28669095,0.033608194,0.5397737,0.6986218,0.0,0.6986218,0.17465545
57199,0.05705295,0.033046003,0.081059895,0.05552019,0.005057017,0.06961659,0.017404148
57202,0.057088938,0.030393114,0.08378476,0.06013991,0.050533295,0.066692114,0.016673028
57205,0.070694745,0.030532971,0.11085651,0.06128339,0.5065182,0.43667105,0.10916776
57208,0.06788597,0.026708586,0.109063365,0.077793606,0.0,0.077793606,0.019448401
57210,0.46389976,0.029301198,0.89849836,0.7279156,0.0,0.7279156,0.1819789
57213,0.29042026,0.035157803,0.5456827,0.68560165,0.0,0.68560165,0.17140041
57216,0.05564255,0.034939934,0.07634517,0.18497114,0.0,0.18497114,0.046242785
57219,0.0776714,0.039166253,0.116176546,0.03641404,0.05565691,0.05771023,0.014427558
57222,0.10187008,0.044111002,0.15962917,0.107782505,1.4553636,1.8509096,0.4627274
57225,0.08903866,0.046993654,0.13108367,0.11045605,1.2577724,1.4919934,0.37299836
57228,1.0006198,0.04995509,1.9512845,1.533867,0.0,1.533867,0.38346675
57230,0.05305451,0.053511083,0.05259794,0.0038326879,0.2882876,0.29809177,0.07452294
57233,0.05883314,0.065585636,0.052080646,0.018961927,0.42601904,0.4193971,0.10484927
57236,0.9304946,0.089398,1.7715912,1.1259226,0.0,1.1259226,0.28148064
57239,0.07874793,0.09498927,0.06250659,0.07572651,0.073204674,0.08544155,0.021360388
57242,0.99321437,0.086681716,1.899747,1.2152134,0.0,1.2152134,0.30380335
57245,0.3206773,0.1141865,0.52716815,0.20986561,0.0,0.20986561,0.052466404
57248,0.12771656,0.117163144,0.13826996,0.046393543,0.069675446,0.12478449,0.031196123
57250,0.1510974,0.11952635,0.18266846,0.053940892,0.7301564,0.77160484,0.19290121
57253,0.367524,0.12124479,0.6138032,1.0551671,0.0,1.0551671,0.26379177
57256,0.19966106,0.13508683,0.2642353,0.05263628,0.68426895,0.6118904,0.1529726
57259,0.16149043,0.13448207,0.18849878,0.044459462,0.9602983,0.9764791,0.24411978
57262,0.13203134,0.14121273,0.12284994,0.0072293733,0.38444057,0.4567279,0.11418197
57265,1.1439322,0.13037819,2.1574862,1.354966,0.0,1.354966,0.3387415
57268,0.15197241,0.115693845,0.18825097,0.053892422,0.07802073,0.17801736,0.04450434
57270,0.117933355,0.11290479,0.122961916,0.0026169326,0.48717055,0.5089772,0.1272443
57273,1.2454251,0.071917884,2.4189322,1.7251697,0.0,1.7251697,0.4312924
57276,0.055523586,0.047937173,0.063109994,0.17242284,0.0,0.17242284,0.04310571
57279,0.41093278,0.053722125,0.7681434,0.4432553,0.0,0.4432553,0.11081383
57282,0.22772771,0.058557138,0.39689827,0.23393488,0.0,0.23393488,0.05848372
57285,0.86360455,0.06892236,1.6582867,1.108101,0.0,1.108101,0.27702525
57288,0.976976,0.06830016,1.885652,1.3010035,0.0,1.3010035,0.32525086
57290,0.08054524,0.08042314,0.08066733,0.0422316,0.7518673,0.70868474,0.17717119
57293,0.8863311,0.08699829,1.6856638,1.0768391,0.0,1.0768391,0.26920977
57296,0.17549662,0.08653414,0.2644591,0.48705363,0.0,0.48705363,0.12176341
57299,0.1259603,0.09337554,0.15854508,0.06042232,0.7544465,0.8185527,0.20463817
57302,0.176184,0.08131862,0.27104938,0.08907414,0.0,0.08907414,0.022268536
57305,0.6141715,0.07612179,1.1522212,0.6913619,0.0,0.6913619,0.17284048
57308,0.057790775,0.06864914,0.04693241,0.006875383,0.14454524,0.12897377,0.03224344
57310,0.08329755,0.06956693,0.09702817,0.0076650437,0.26659513,0.2826248,0.0706562
57313,0.09203171,0.07568461,0.108378805,0.03101295,0.43569493,0.44214964,0.11053741
57316,0.10009769,0.08723395,0.11296145,0.03380641,0.024290243,0.06592045,0.016480112
57319,0.14512627,0.086634755,0.20361777,0.31321144,0.0,0.31321144,0.07830286
57322,0.07788798,0.083817564,0.0719584,0.14441882,0.0,0.14441882,0.036104705
57325,0.7326452,0.083561845,1.3817285,0.92386657,0.0,0.92386657,0.23096664
57328,0.12819709,0.08246235,0.17393184,0.088603534,1.379189,1.5116315,0.37790787
57330,0.072506584,0.06124677,0.08376639,0.081719644,0.0,0.081719644,0.020429911
57333,0.11490989,0.061585207,0.16823457,0.06636796,1.1454366,1.2858167,0.32145417
57336,0.37827268,0.043646965,0.71289843,0.496089,0.0,0.496089,0.12402225
57339,0.11132661,0.030281315,0.1923719,0.09449241,0.0,0.09449241,0.023623103
57342,0.07086667,0.020893723,0.12083962,0.08341741,1.4150505,1.6795458,0.41988644
57345,0.13350189,0.016253268,0.2507505,0.3593928,0.0,0.3593928,0.0898482
57348,0.048854697,0.013700048,0.08400935,0.049730897,0.070440926,0.08836613,0.022091532
57350,0.08745212,0.013437058,0.1614672,0.14615677,0.0,0.14615677,0.036539193
57353,0.052834813,0.015336242,0.09033338,0.065978244,0.0,0.065978244,0.016494561
57356,0.042659704,0.017388767,0.06793064,0.04450473,0.13471858,0.15491095,0.038727738
57359,0.037397634,0.028155088,0.046640176,0.026388697,0.0,0.026388697,0.0065971743
57362,0.059446663,0.036497448,0.08239588,0.03370961,0.012890498,0.06665335,0.016663337
57365,0.046849858,0.053015057,0.04068465,0.015050816,0.5000319,0.56960994,0.14240249
57368,0.30703706,0.064755656,0.5493185,0.86179924,0.0,0.86179924,0.21544981
57370,0.09866256,0.08966724,0.10765789,0.01960616,0.0155181885,0.035787754,0.008946938
57373,0.73706764,0.11194881,1.3621864,0.73732567,0.0,0.73732567,0.18433142
57376,0.3954933,0.12303284,0.6679538,0.2211868,0.0,0.2211868,0.0552967
57379,0.15928163,0.12552543,0.19303782,0.06133619,1.0346693,1.1597675,0.28994188
57382,0.68295604,0.14631295,1.2195991,0.52618027,0.0,0.52618027,0.13154507
57385,0.20347564,0.146229,0.26072228,0.076647244,0.098539986,0.16013439,0.040033597
57388,0.30261615,0.16539454,0.43983778,0.10584589,0.13277452,0.0778859,0.019471476
57390,0.24320292,0.18982829,0.29657757,0.85503167,0.0,0.85503167,0.21375792
57393,0.1894412,0.18482359,0.19405879,0.021564836,0.47280183,0.5305871,0.13264677
57396,0.22036517,0.20512806,0.23560227,0.04265517,0.6039751,0.69599277,0.17399819
57399,1.1206226,0.21259348,2.0286517,0.9691858,0.0,0.9691858,0.24229646
57402,0.20651698,0.18769772,0.22533621,0.047852114,0.7526323,0.8213835,0.20534587
57405,0.20913954,0.18568788,0.2325912,0.023406463,0.43864688,0.42495903,0.10623976
57408,0.1707433,0.18619221,0.15529439,0.010656166,0.24466641,0.22931683,0.057329208
