base_start,pair_mse,none_mse,event_mse,separation_mse,predicted_separation_energy,true_separation_energy,ambiguity_floor
11424,0.32980648,0.093617104,0.5659959,0.28535724,0.0,0.28535724,0.07133931
11425,0.10026374,0.08738625,0.11314122,0.08018756,0.0,0.08018756,0.02004689
11426,0.1893576,0.11026313,0.26845208,0.4641658,0.0,0.4641658,0.11604145
11427,0.19070737,0.15384649,0.22756827,0.49753729,0.0,0.49753729,0.12438432
11428,0.7423487,0.18193512,1.3027622,0.64418745,0.0,0.64418745,0.16104686
11429,1.0913728,0.17112,2.0116255,1.1705914,0.0,1.1705914,0.29264784
11430,0.39969513,0.16223074,0.6371595,0.26761746,0.0,0.26761746,0.066904366
11431,0.19186036,0.16249023,0.22123046,0.25356597,0.0,0.25356597,0.06339149
11432,0.59677446,0.15466176,1.0388871,0.51484823,0.0,0.51484823,0.12871206
11433,0.1600245,0.14575021,0.17429878,0.16548602,0.0,0.16548602,0.041371506
11434,0.12686004,0.12521844,0.12850165,0.05684636,0.0,0.05684636,0.01421159
11435,0.13658425,0.09814125,0.17502725,0.22496699,0.0,0.22496699,0.056241747
11436,0.5629692,0.07518915,1.0507493,0.75096816,0.0,0.75096816,0.18774204
11437,0.31937566,0.051289484,0.5874619,0.65895087,0.0,0.65895087,0.16473772
11438,0.2980142,0.04179312,0.5542353,0.63676566,0.0,0.63676566,0.15919141
11439,0.07070405,0.0379603,0.1034478,0.043024767,0.0,0.043024767,0.010756192
11440,0.28173596,0.03851184,0.5249601,0.39493278,0.0,0.39493278,0.098733194
11441,0.108399756,0.04189102,0.1749085,0.089006566,0.0,0.089006566,0.022251641
11442,0.28717092,0.044677794,0.5296641,0.36645815,0.0,0.36645815,0.09161454
11443,0.068591595,0.04735105,0.089832135,0.037758037,0.0,0.037758037,0.009439509
11444,0.44043282,0.054394107,0.82647157,1.0529885,0.0,1.0529885,0.26324713
11445,0.1858245,0.074548475,0.2971005,0.12806688,0.0,0.12806688,0.03201672
11446,0.54266626,0.09570545,0.98962706,0.5536609,0.0,0.5536609,0.13841523
11447,0.08573899,0.099588044,0.07188993,0.050815355,0.0,0.050815355,0.012703839
11448,0.9361315,0.09203375,1.7802292,1.1808769,0.0,1.1808769,0.2952192
11449,0.216101,0.08950529,0.34269676,0.13180041,0.0,0.13180041,0.032950103
11450,0.26721808,0.09056413,0.44387206,0.20701618,0.0,0.20701618,0.051754046
11451,0.09812236,0.08104241,0.11520231,0.15489784,0.0,0.15489784,0.03872446
11452,0.15485978,0.08879984,0.22091971,0.28224784,0.0,0.28224784,0.07056196
11453,0.08593448,0.08110615,0.09076282,0.060838897,0.0,0.060838897,0.015209724
11454,0.3114402,0.07235069,0.5505297,0.59930795,0.0,0.59930795,0.14982699
11455,0.34567547,0.07243866,0.6189123,0.4617387,0.0,0.4617387,0.11543468
11456,0.16667508,0.075722985,0.25762716,0.120045744,0.0,0.120045744,0.030011436
11457,0.42892495,0.08283345,0.7750165,0.5719064,0.0,0.5719064,0.1429766
11458,0.10785065,0.078722194,0.1369791,0.043206453,0.0,0.043206453,0.010801613
11459,0.10196853,0.0704676,0.13346946,0.10399109,0.0,0.10399109,0.025997773
11460,0.117082365,0.0632093,0.17095543,0.072323225,0.0,0.072323225,0.018080806
11461,0.5339573,0.06836084,0.99955386,0.7316639,0.0,0.7316639,0.18291597
11462,0.18182562,0.06156834,0.3020829,0.28139096,0.0,0.28139096,0.07034774
11463,0.082330585,0.057195675,0.1074655,0.07414643,0.0,0.07414643,0.018536607
11464,0.0664266,0.063469015,0.06938418,0.090250164,0.0,0.090250164,0.022562541
11465,0.22620855,0.066431336,0.38598576,0.18916059,0.0,0.18916059,0.047290146
11466,0.15136635,0.058760684,0.24397202,0.15229906,0.0,0.15229906,0.038074765
11467,0.40529105,0.05264541,0.75793666,0.64497083,0.0,0.64497083,0.16124271
11468,0.072150074,0.055398714,0.08890143,0.06185474,0.0,0.06185474,0.015463685
11469,0.61593413,0.064775564,1.1670927,0.9526183,0.0,0.9526183,0.23815458
11470,0.60706145,0.07297601,1.1411469,1.3464446,0.0,1.3464446,0.33661115
11471,0.78810644,0.076509126,1.4997038,1.6709595,0.0,1.6709595,0.41773987
11472,0.1146582,0.07793668,0.1513797,0.045307774,0.0,0.045307774,0.0113269435
11473,0.55921453,0.07472388,1.0437051,0.7678766,0.0,0.7678766,0.19196916
11474,0.110805474,0.06427436,0.15733658,0.13053204,0.0,0.13053204,0.03263301
11475,0.4344895,0.06315368,0.8058253,0.7365403,0.0,0.7365403,0.18413508
11476,0.13445784,0.07191646,0.1969992,0.16542761,0.0,0.16542761,0.041356903
11477,0.7188317,0.08037115,1.3572922,1.3268656,0.0,1.3268656,0.3317164
11478,0.1941664,0.08499905,0.30333376,0.33438137,0.0,0.33438137,0.08359534
11479,0.7917214,0.088237636,1.4952053,1.3299096,0.0,1.3299096,0.3324774
11480,0.118600585,0.092446506,0.14475468,0.05641227,0.0,0.05641227,0.014103067
11481,0.6378469,0.09469664,1.180997,0.965223,0.0,0.965223,0.24130575
11482,0.11765653,0.09423456,0.14107849,0.1466377,0.0,0.1466377,0.036659423
11483,0.36300266,0.09901961,0.6269857,0.3639637,0.0,0.3639637,0.09099092
11484,0.20370942,0.09940407,0.30801478,0.16640589,0.0,0.16640589,0.04160147
11485,0.13856931,0.106829576,0.17030907,0.073508374,0.0,0.073508374,0.018377094
11486,0.35117862,0.10118721,0.60117,0.8239465,0.0,0.8239465,0.20598662
11487,0.14747666,0.08811781,0.2068355,0.08963957,0.0,0.08963957,0.022409892
11488,0.13471593,0.07720682,0.19222505,0.08578333,0.0,0.08578333,0.021445833
11489,0.13868015,0.07247267,0.20488763,0.2925268,0.0,0.2925268,0.0731317
11490,0.56514317,0.07750557,1.0527807,0.73465484,0.0,0.73465484,0.18366371
11491,0.13651864,0.07589406,0.19714324,0.12057572,0.0,0.12057572,0.03014393
11492,0.43561852,0.078471445,0.7927656,0.48780665,0.0,0.48780665,0.12195166
11493,0.5135347,0.08696377,0.9401057,0.5450279,0.0,0.5450279,0.13625698
11494,0.11084988,0.09168735,0.13001241,0.21364255,0.0,0.21364255,0.053410638
11495,0.17543598,0.09040012,0.26047185,0.3928702,0.0,0.3928702,0.09821755
11496,0.3790214,0.08759701,0.67044574,0.36125946,0.0,0.36125946,0.090314865
11497,0.16865343,0.08121295,0.2560939,0.15552293,0.0,0.15552293,0.038880732
11498,0.18132009,0.07979285,0.28284732,0.422511,0.0,0.422511,0.10562775
11499,0.11441424,0.08517181,0.14365667,0.08437566,0.0,0.08437566,0.021093914
11500,0.6035877,0.0999918,1.1071836,1.1988732,0.0,1.1988732,0.2997183
11501,0.14150964,0.108131886,0.1748874,0.23856115,0.0,0.23856115,0.05964029
11502,0.29252133,0.10836103,0.4766816,0.21847236,0.0,0.21847236,0.05461809
11503,0.1263204,0.108810306,0.14383052,0.1635956,0.0,0.1635956,0.0408989
11504,0.5545125,0.10947911,0.9995459,1.0934292,0.0,1.0934292,0.2733573
11505,0.2820492,0.10532806,0.4587704,0.20524871,0.0,0.20524871,0.05131218
11506,0.27390602,0.10208253,0.44572952,0.55849,0.0,0.55849,0.1396225
11507,0.18274075,0.10390643,0.26157507,0.3976208,0.0,0.3976208,0.0994052
11508,0.15370904,0.11970488,0.1877132,0.3617657,0.0,0.3617657,0.09044143
11509,0.15487592,0.1265031,0.18324874,0.026368327,0.0,0.026368327,0.006592082
11510,0.1128496,0.15824972,0.06744948,0.17209633,0.0,0.17209633,0.04302408
11511,0.17173855,0.1781985,0.1652786,0.03389336,0.0,0.03389336,0.00847334
11512,0.23509586,0.18336375,0.28682795,0.12467021,0.0,0.12467021,0.031167552
11513,0.24036317,0.20022641,0.28049994,0.050699566,0.0,0.050699566,0.012674891
11514,0.18355219,0.23187304,0.13523133,0.37094903,0.0,0.37094903,0.09273726
11515,0.86543083,0.2463127,1.4845489,0.6137931,0.0,0.6137931,0.15344827
11516,0.26132894,0.23193856,0.2907193,0.039559036,0.0,0.039559036,0.009889759
11517,0.29810843,0.20858996,0.38762692,0.097750984,0.0,0.097750984,0.024437746
11518,0.12910439,0.18986118,0.06834759,0.19914107,0.0,0.19914107,0.049785268
11519,0.46989068,0.1944133,0.74536806,1.2134265,0.0,1.2134265,0.30335662
11520,0.20610465,0.18634284,0.22586648,0.07772831,0.0,0.07772831,0.019432077
11521,0.6030865,0.1721334,1.0340395,0.49895915,0.0,0.49895915,0.12473979
11522,0.42864123,0.16694254,0.69034,0.94498473,0.0,0.94498473,0.23624618
11523,0.19420798,0.17457978,0.21383621,0.026712721,0.0,0.026712721,0.0066781803
11524,1.1746622,0.1775449,2.1717796,1.3629497,0.0,1.3629497,0.34073743
11525,0.19860272,0.18010545,0.21710001,0.053744774,0.0,0.053744774,0.013436194
11526,0.14495915,0.19798237,0.09193593,0.13526928,0.0,0.13526928,0.03381732
11527,0.21431799,0.20654266,0.22209334,0.08032372,0.0,0.08032372,0.02008093
11528,0.27259728,0.20395558,0.341239,0.06902783,0.0,0.06902783,0.017256958
11529,0.54165465,0.19229086,0.8910184,1.3457369,0.0,1.3457369,0.33643422
11530,0.27364984,0.20431268,0.34298697,0.6300388,0.0,0.6300388,0.1575097
11531,0.7124856,0.2187318,1.2062393,0.5057888,0.0,0.5057888,0.1264472
11532,0.2551572,0.24036646,0.26994792,0.046337474,0.0,0.046337474,0.011584369
11533,0.21512397,0.27931476,0.15093319,0.10884563,0.0,0.10884563,0.027211407
11534,0.40913883,0.30424127,0.5140364,1.1961504,0.0,1.1961504,0.2990376
11535,0.9606412,0.315902,1.6053804,0.61189455,0.0,0.61189455,0.15297364
11536,0.2786519,0.29506722,0.26223657,0.19537248,0.0,0.19537248,0.04884312
11537,0.2567483,0.27591023,0.2375863,0.20880114,0.0,0.20880114,0.052200284
11538,0.45427337,0.28561231,0.62293446,0.14780714,0.0,0.14780714,0.036951784
11539,0.25264362,0.28609225,0.21919502,0.42159584,0.0,0.42159584,0.10539896
11540,0.6070571,0.25135508,0.9627591,0.36243024,0.0,0.36243024,0.09060756
11541,0.37354255,0.20718014,0.539905,0.15583976,0.0,0.15583976,0.03895994
11542,0.34144124,0.18553668,0.4973458,0.1680509,0.0,0.1680509,0.042012725
11543,0.23742956,0.17515795,0.29970118,0.31744573,0.0,0.31744573,0.07936143
11544,0.68293285,0.15742268,1.208443,0.7269764,0.0,0.7269764,0.1817441
11545,0.3429593,0.13593356,0.5499851,0.5810682,0.0,0.5810682,0.14526705
11546,0.43769416,0.14538969,0.7299986,0.92664546,0.0,0.92664546,0.23166136
11547,0.26229015,0.15901497,0.36556533,0.09886833,0.0,0.09886833,0.024717083
11548,0.6672445,0.17410304,1.160386,0.64561117,0.0,0.64561117,0.16140279
11549,0.21117687,0.19071782,0.23163593,0.1654087,0.0,0.1654087,0.041352175
11550,1.1021643,0.20054175,2.0037868,1.2257357,0.0,1.2257357,0.30643392
11551,0.16345009,0.20495093,0.121949255,0.097961426,0.0,0.097961426,0.024490356
11552,0.6050139,0.19471455,1.0153133,1.3348532,0.0,1.3348532,0.3337133
11553,0.5846859,0.18389566,0.9854762,0.5682505,0.0,0.5682505,0.14206262
11554,0.19046043,0.17861004,0.2023108,0.024506582,0.0,0.024506582,0.0061266455
11555,0.24341166,0.18579966,0.30102363,0.3291383,0.0,0.3291383,0.08228458
11556,0.36766064,0.18874156,0.5465797,0.14341739,0.0,0.14341739,0.035854347
11557,0.39500585,0.19737045,0.5926413,0.6429697,0.0,0.6429697,0.16074243
11558,0.46985552,0.21852176,0.72118926,0.8839801,0.0,0.8839801,0.22099502
11559,0.22336666,0.21291022,0.2338231,0.12155589,0.0,0.12155589,0.030388972
11560,0.29274854,0.20149513,0.38400194,0.2022965,0.0,0.2022965,0.050574124
11561,0.25255027,0.19733115,0.3077694,0.12726177,0.0,0.12726177,0.031815443
11562,0.26331273,0.19304806,0.3335774,0.11656302,0.0,0.11656302,0.029140756
11563,0.38470367,0.18811472,0.5812926,0.3824323,0.0,0.3824323,0.09560808
11564,0.35766473,0.19587393,0.5194555,0.28630662,0.0,0.28630662,0.071576655
11565,0.9376753,0.20548558,1.669865,1.112385,0.0,1.112385,0.27809626
11566,0.3763372,0.21339579,0.53927857,0.3622639,0.0,0.3622639,0.09056597
11567,0.27055553,0.21388286,0.3272282,0.04279192,0.0,0.04279192,0.01069798
11568,0.17834549,0.20492895,0.151762,0.053065505,0.0,0.053065505,0.013266376
11569,0.3204893,0.19961621,0.44136238,0.24982278,0.0,0.24982278,0.062455695
11570,0.60461795,0.18865116,1.0205847,0.67733556,0.0,0.67733556,0.16933389
11571,0.8576555,0.18466301,1.5306481,1.1852204,0.0,1.1852204,0.2963051
11572,0.41103116,0.19414766,0.6279146,0.36526906,0.0,0.36526906,0.091317266
11573,0.334668,0.19927645,0.4700596,0.32638773,0.0,0.32638773,0.08159693
11574,0.5076599,0.20230596,0.81301385,0.4753976,0.0,0.4753976,0.1188494
11575,0.53700733,0.20140588,0.8726087,0.54521495,0.0,0.54521495,0.13630374
11576,0.38849387,0.1940543,0.5829334,0.27842826,0.0,0.27842826,0.069607064
11577,0.37560716,0.18436106,0.5668533,0.32530686,0.0,0.32530686,0.081326716
11578,0.48642775,0.18907936,0.7837761,0.6221432,0.0,0.6221432,0.1555358
11579,0.33102643,0.19295931,0.46909356,0.28707695,0.0,0.28707695,0.07176924
11580,0.31617233,0.20204489,0.43029976,0.175662,0.0,0.175662,0.0439155
11581,0.55103475,0.2087761,0.8932934,0.6465003,0.0,0.6465003,0.16162507
11582,0.4055253,0.21068048,0.60037005,0.40380517,0.0,0.40380517,0.10095129
11583,0.87172675,0.20108478,1.5423688,1.2455336,0.0,1.2455336,0.3113834
11584,0.8940616,0.18417878,1.6039444,1.314592,0.0,1.314592,0.328648
11585,0.15138032,0.1721975,0.13056314,0.2339138,0.0,0.2339138,0.05847845
11586,0.21169712,0.16507123,0.258323,0.13492422,0.0,0.13492422,0.033731055
11587,0.28992167,0.16329938,0.41654396,0.3130053,0.0,0.3130053,0.078251325
11588,0.19555025,0.16146529,0.2296352,0.108275086,0.0,0.108275086,0.027068771
11589,0.17181182,0.15497866,0.18864496,0.05531819,0.0,0.05531819,0.013829548
11590,0.14511263,0.1473128,0.14291246,0.073539205,0.0,0.073539205,0.018384801
11591,0.35948595,0.14831012,0.5706617,0.53434247,0.0,0.53434247,0.13358562
11592,0.20294447,0.15009262,0.2557963,0.19046383,0.0,0.19046383,0.047615957
11593,0.5225279,0.15047151,0.8945842,0.5358362,0.0,0.5358362,0.13395905
11594,0.5236825,0.15163256,0.8957324,1.025599,0.0,1.025599,0.25639975
11595,0.23563059,0.1572692,0.313992,0.2417485,0.0,0.2417485,0.060437124
11596,0.4369795,0.16683626,0.70712274,0.43452486,0.0,0.43452486,0.108631216
11597,0.328392,0.17969353,0.47709045,0.36571166,0.0,0.36571166,0.091427915
11598,0.22006088,0.18835425,0.25176752,0.08413625,0.0,0.08413625,0.021034062
11599,0.22636795,0.18681659,0.2659193,0.093046494,0.0,0.093046494,0.023261623
11600,0.95816207,0.18265146,1.7336726,1.4185992,0.0,1.4185992,0.3546498
11601,0.22155039,0.17491096,0.26818982,0.12645341,0.0,0.12645341,0.031613354
11602,0.22246115,0.17151938,0.27340293,0.15882803,0.0,0.15882803,0.03970701
11603,0.29568598,0.1773339,0.41403803,0.31442675,0.0,0.31442675,0.07860669
11604,0.26535508,0.19283713,0.33787298,0.39105216,0.0,0.39105216,0.09776304
11605,0.29242632,0.20719184,0.37766075,0.39900112,0.0,0.39900112,0.09975028
11606,0.2910969,0.21315478,0.36903897,0.043177288,0.0,0.043177288,0.010794322
11607,0.31042334,0.21396942,0.40687728,0.53631335,0.0,0.53631335,0.13407834
11608,0.34121108,0.20976345,0.47265872,0.12400635,0.0,0.12400635,0.031001588
11609,0.28547332,0.1982087,0.37273788,0.06354677,0.0,0.06354677,0.015886692
11610,1.0811204,0.17824733,1.9839935,1.2167244,0.0,1.2167244,0.3041811
11611,0.32828113,0.1346187,0.52194357,0.8910856,0.0,0.8910856,0.2227714
11612,0.091097794,0.10637679,0.075818785,0.044130933,0.0,0.044130933,0.011032733
11613,0.14001341,0.0915407,0.18848614,0.11757532,0.0,0.11757532,0.02939383
11614,0.4094756,0.084903814,0.7340474,0.60095185,0.0,0.60095185,0.15023796
11615,0.2020271,0.08660678,0.31744742,0.16194746,0.0,0.16194746,0.040486865
11616,0.11631141,0.09066085,0.14196198,0.10829064,0.0,0.10829064,0.02707266
11617,0.6873145,0.10018436,1.2744447,1.2308646,0.0,1.2308646,0.30771616
11618,0.158959,0.11243615,0.20548184,0.05467942,0.0,0.05467942,0.013669855
11619,0.52572167,0.12950617,0.92193717,0.9522886,0.0,0.9522886,0.23807216
11620,0.40598187,0.15648295,0.6554808,0.69035465,0.0,0.69035465,0.17258866
11621,0.2527412,0.19415037,0.31133202,0.15495443,0.0,0.15495443,0.03873861
11622,0.2954481,0.20313175,0.38776445,0.24531086,0.0,0.24531086,0.061327714
11623,0.56011057,0.20798409,0.912237,1.1548066,0.0,1.1548066,0.28870165
11624,0.7160342,0.19592206,1.2361463,0.70971984,0.0,0.70971984,0.17742996
11625,0.41212454,0.18325244,0.64099663,0.5702237,0.0,0.5702237,0.14255592
11626,0.22318995,0.15299858,0.29338133,0.1794204,0.0,0.1794204,0.0448551
11627,0.19250317,0.14029767,0.24470866,0.07355097,0.0,0.07355097,0.018387742
11628,0.46207228,0.13815862,0.78598595,0.7626696,0.0,0.7626696,0.1906674
11629,0.57207245,0.1418458,1.0022992,1.2586994,0.0,1.2586994,0.31467485
11630,0.2236293,0.13760185,0.30965674,0.47688103,0.0,0.47688103,0.11922026
11631,0.1075174,0.12879193,0.086242884,0.11937076,0.0,0.11937076,0.02984269
11632,0.98499686,0.10845646,1.8615373,1.4088945,0.0,1.4088945,0.35222363
11633,0.19855142,0.09854261,0.2985602,0.47615156,0.0,0.47615156,0.11903789
11634,0.10970288,0.09027312,0.12913263,0.22948253,0.0,0.22948253,0.057370633
11635,0.10484453,0.08358503,0.12610404,0.043421254,0.0,0.043421254,0.010855313
11636,0.51457375,0.07775203,0.9513955,0.6995852,0.0,0.6995852,0.1748963
11637,0.41990256,0.07426581,0.76553935,0.4872905,0.0,0.4872905,0.121822625
11638,0.72509104,0.074449755,1.3757324,1.47547,0.0,1.47547,0.3688675
11639,0.13248658,0.07455354,0.19041961,0.10036576,0.0,0.10036576,0.02509144
11640,0.135167,0.07146938,0.19886462,0.108727135,0.0,0.108727135,0.027181784
11641,0.07823906,0.06857419,0.087903924,0.019085295,0.0,0.019085295,0.004771324
11642,0.4356592,0.06662565,0.80469275,0.6738828,0.0,0.6738828,0.1684707
11643,0.27256387,0.07036928,0.47475848,0.32561758,0.0,0.32561758,0.081404395
11644,0.113110185,0.081828,0.14439237,0.067890875,0.0,0.067890875,0.016972719
11645,0.18454224,0.08934804,0.27973643,0.22740893,0.0,0.22740893,0.056852233
11646,0.11856105,0.0918223,0.1452998,0.056970317,0.0,0.056970317,0.014242579
11647,0.6573996,0.09269724,1.222102,0.9295459,0.0,0.9295459,0.23238647
11648,0.15447521,0.089065194,0.21988523,0.24640031,0.0,0.24640031,0.061600078
11649,0.12735964,0.08338503,0.17133427,0.07006695,0.0,0.07006695,0.017516738
11650,0.384329,0.07587534,0.69278264,0.47109723,0.0,0.47109723,0.11777431
11651,0.21227588,0.070340075,0.3542117,0.17852347,0.0,0.17852347,0.044630866
11652,0.18526794,0.082579605,0.28795627,0.43963838,0.0,0.43963838,0.109909594
11653,0.14269204,0.11777309,0.16761099,0.06387954,0.0,0.06387954,0.015969886
11654,0.12956266,0.15435521,0.104770094,0.101324715,0.0,0.101324715,0.025331179
11655,0.20157748,0.16889066,0.23426431,0.31172487,0.0,0.31172487,0.07793122
11656,0.51380384,0.18603094,0.84157676,1.5070492,0.0,1.5070492,0.3767623
11657,0.19233692,0.20835821,0.17631562,0.15007319,0.0,0.15007319,0.037518296
11658,1.465006,0.26088658,2.6691256,1.4097339,0.0,1.4097339,0.35243347
11659,0.81712204,0.28499782,1.3492464,0.49767032,0.0,0.49767032,0.12441758
11660,0.27199596,0.26981997,0.27417195,0.4620979,0.0,0.4620979,0.11552448
11661,0.8978095,0.21973358,1.5758854,0.710475,0.0,0.710475,0.17761876
11662,0.15780316,0.18815844,0.12744789,0.17451023,0.0,0.17451023,0.043627556
11663,0.1533439,0.15421112,0.15247667,0.15727101,0.0,0.15727101,0.039317753
11664,0.19366509,0.11932024,0.26800993,0.069934815,0.0,0.069934815,0.017483704
11665,0.11366987,0.07827005,0.14906968,0.13792314,0.0,0.13792314,0.034480784
11666,0.34523323,0.056240607,0.63422585,0.45987558,0.0,0.45987558,0.114968896
11667,0.32979336,0.055707518,0.60387915,0.6793706,0.0,0.6793706,0.16984265
11668,0.5100052,0.057365324,0.962645,1.0074185,0.0,1.0074185,0.25185463
11669,0.119398326,0.05792986,0.1808668,0.08402919,0.0,0.08402919,0.021007298
11670,0.15291862,0.05837913,0.2474581,0.16934997,0.0,0.16934997,0.042337492
11671,0.15268143,0.057770878,0.24759197,0.123528354,0.0,0.123528354,0.030882088
11672,0.34082928,0.062766425,0.6188922,0.48296487,0.0,0.48296487,0.12074122
11673,0.30517584,0.066912614,0.5434391,0.54015416,0.0,0.54015416,0.13503854
11674,0.67777824,0.07633253,1.2792239,0.91242856,0.0,0.91242856,0.22810714
11675,0.10207627,0.10562771,0.09852483,0.07067803,0.0,0.07067803,0.017669508
11676,0.30356792,0.17802864,0.4291072,0.108305,0.0,0.108305,0.02707625
11677,0.2323163,0.25015256,0.21448003,0.08522836,0.0,0.08522836,0.02130709
11678,0.9807412,0.2785294,1.6829529,0.6802895,0.0,0.6802895,0.17007238
11679,0.34005412,0.19418532,0.48592293,0.09774061,0.0,0.09774061,0.024435153
11680,0.09088863,0.10159657,0.08018068,0.1724974,0.0,0.1724974,0.04312435
11681,0.2881556,0.0671729,0.5091383,0.39015254,0.0,0.39015254,0.097538136
11682,0.7453397,0.060358237,1.4303212,1.1944774,0.0,1.1944774,0.29861936
11683,0.32061544,0.069205165,0.5720257,0.46910214,0.0,0.46910214,0.117275536
11684,0.2489639,0.07003632,0.4278915,0.5263669,0.0,0.5263669,0.13159172
11685,0.0853078,0.060224462,0.11039112,0.11321918,0.0,0.11321918,0.028304795
11686,0.23115264,0.059630115,0.40267515,0.30355334,0.0,0.30355334,0.075888336
11687,0.33860552,0.059121188,0.61808985,0.48487392,0.0,0.48487392,0.12121848
11688,0.25647303,0.06009652,0.45284954,0.30986032,0.0,0.30986032,0.07746508
11689,0.24726039,0.059414435,0.43510637,0.31558633,0.0,0.31558633,0.07889658
11690,0.2770553,0.06710455,0.48700604,0.44909444,0.0,0.44909444,0.11227361
11691,0.27262697,0.07328639,0.47196758,0.3714386,0.0,0.3714386,0.09285965
11692,0.16002405,0.08674416,0.23330395,0.15768872,0.0,0.15768872,0.03942218
11693,0.7010541,0.092027105,1.310081,1.4940977,0.0,1.4940977,0.37352443
11694,0.33144712,0.08045141,0.5824428,0.5493372,0.0,0.5493372,0.1373343
11695,0.059898276,0.05674556,0.063051,0.10907793,0.0,0.10907793,0.027269483
11696,0.07443745,0.044093728,0.10478117,0.12584731,0.0,0.12584731,0.031461827
11697,0.08883655,0.043921348,0.13375175,0.06749203,0.0,0.06749203,0.016873008
11698,0.12640633,0.044984292,0.20782836,0.24819493,0.0,0.24819493,0.062048733
11699,0.08430121,0.047458272,0.12114415,0.037959445,0.0,0.037959445,0.009489861
11700,0.36539754,0.055102874,0.67569214,0.51088524,0.0,0.51088524,0.12772131
11701,0.11690879,0.061594058,0.17222352,0.08931655,0.0,0.08931655,0.022329137
11702,0.16599742,0.060008008,0.2719868,0.15884244,0.0,0.15884244,0.03971061
11703,0.49189135,0.06353103,0.92025167,0.76239705,0.0,0.76239705,0.19059926
11704,0.25417677,0.05934583,0.44900772,0.5613002,0.0,0.5613002,0.14032505
11705,0.33246472,0.057077277,0.60785216,0.3960332,0.0,0.3960332,0.0990083
11706,0.2859719,0.056726154,0.51521766,0.33911896,0.0,0.33911896,0.08477974
11707,0.26529887,0.056819364,0.4737784,0.2975135,0.0,0.2975135,0.07437838
11708,0.38860705,0.05741839,0.7197957,0.49918652,0.0,0.49918652,0.12479663
11709,0.2583551,0.06713869,0.44957158,0.21965265,0.0,0.21965265,0.054913163
11710,1.2384038,0.07407475,2.4027328,1.8383566,0.0,1.8383566,0.45958915
11711,0.08246986,0.0759575,0.088982224,0.049461666,0.0,0.049461666,0.012365417
11712,0.1689247,0.070533805,0.2673156,0.122472085,0.0,0.122472085,0.030618021
11713,0.2987516,0.07503158,0.5224716,0.84002596,0.0,0.84002596,0.21000649
11714,0.3264107,0.073452994,0.5793684,0.90507776,0.0,0.90507776,0.22626944
11715,0.11031767,0.06837167,0.15226367,0.06818794,0.0,0.06818794,0.017046984
11716,0.11145351,0.073461294,0.14944573,0.07782513,0.0,0.07782513,0.019456282
11717,0.21761139,0.068702064,0.36652073,0.5687633,0.0,0.5687633,0.14219083
11718,0.8432696,0.06354001,1.6229992,1.2565624,0.0,1.2565624,0.3141406
11719,0.47802278,0.057535898,0.8985097,1.0566454,0.0,1.0566454,0.26416135
11720,0.06696122,0.05379824,0.08012421,0.052624136,0.0,0.052624136,0.013156034
11721,0.22523636,0.051834162,0.39863858,0.4641885,0.0,0.4641885,0.11604712
11722,0.07636077,0.047861457,0.104860075,0.05513519,0.0,0.05513519,0.013783798
11723,0.07535315,0.048721373,0.10198494,0.050713364,0.0,0.050713364,0.012678341
11724,0.44258988,0.050156664,0.8350231,0.9239271,0.0,0.9239271,0.23098178
11725,0.7298297,0.052234415,1.4074249,1.1260806,0.0,1.1260806,0.28152016
11726,0.117704056,0.060934547,0.17447357,0.07414702,0.0,0.07414702,0.018536756
11727,0.81922036,0.069704026,1.5687367,1.2163322,0.0,1.2163322,0.30408305
11728,0.13182972,0.077154316,0.18650514,0.28249562,0.0,0.28249562,0.070623904
11729,0.3973018,0.0715234,0.72308016,1.0133504,0.0,1.0133504,0.2533376
11730,0.087432586,0.057753533,0.11711162,0.097801596,0.0,0.097801596,0.024450399
11731,0.33915582,0.039689388,0.6386223,0.8057774,0.0,0.8057774,0.20144434
11732,0.105237335,0.034564454,0.17591022,0.24009497,0.0,0.24009497,0.060023744
11733,0.53474724,0.03572691,1.0337676,0.844053,0.0,0.844053,0.21101324
11734,0.7338974,0.04404733,1.4237474,1.1957685,0.0,1.1957685,0.29894212
11735,0.1979924,0.053887308,0.34209752,0.4396473,0.0,0.4396473,0.10991182
11736,0.24065174,0.060369533,0.42093396,0.22875898,0.0,0.22875898,0.057189744
11737,0.36918864,0.06905099,0.6693263,0.3932868,0.0,0.3932868,0.0983217
11738,0.20567453,0.07125919,0.3400899,0.15846045,0.0,0.15846045,0.039615113
11739,0.6003758,0.06347871,1.1372728,1.4641663,0.0,1.4641663,0.36604157
11740,0.09771254,0.0635936,0.13183147,0.07469773,0.0,0.07469773,0.018674433
11741,0.08656991,0.06827282,0.10486701,0.035798993,0.0,0.035798993,0.008949748
11742,0.47635007,0.07100331,0.8816969,1.1410403,0.0,1.1410403,0.28526008
11743,0.2783708,0.07811216,0.47862944,0.6805554,0.0,0.6805554,0.17013885
11744,0.251249,0.09155056,0.4109474,0.16769831,0.0,0.16769831,0.041924577
11745,0.5046646,0.10343835,0.90589076,0.505116,0.0,0.505116,0.126279
11746,0.1194971,0.09339108,0.1456031,0.14768735,0.0,0.14768735,0.036921836
11747,0.20945884,0.0720991,0.3468186,0.16523476,0.0,0.16523476,0.04130869
11748,0.5319205,0.05278646,1.0110545,0.80324715,0.0,0.80324715,0.20081179
11749,0.22180271,0.047109734,0.3964957,0.43094674,0.0,0.43094674,0.107736684
11750,0.13286982,0.04570372,0.22003591,0.14570756,0.0,0.14570756,0.03642689
11751,0.4531094,0.04705507,0.85916376,0.9442242,0.0,0.9442242,0.23605604
11752,0.27287972,0.046853676,0.49890578,0.34866342,0.0,0.34866342,0.087165855
11753,0.75720793,0.04599489,1.468421,1.2235968,0.0,1.2235968,0.3058992
11754,0.22510208,0.040366843,0.40983734,0.2783765,0.0,0.2783765,0.06959412
11755,0.044201013,0.036012214,0.05238981,0.04982816,0.0,0.04982816,0.01245704
11756,0.07995931,0.03573974,0.12417889,0.065052405,0.0,0.065052405,0.016263101
11757,0.20813723,0.043988172,0.3722863,0.23340827,0.0,0.23340827,0.058352068
11758,0.17630619,0.053930312,0.29868206,0.15677051,0.0,0.15677051,0.039192628
11759,0.058588963,0.060704544,0.056473378,0.060670365,0.0,0.060670365,0.015167591
11760,0.14820457,0.0684678,0.22794132,0.27374652,0.0,0.27374652,0.06843663
11761,1.155565,0.07627352,2.2348564,1.6091324,0.0,1.6091324,0.4022831
11762,0.17936695,0.08059577,0.27813813,0.10809225,0.0,0.10809225,0.027023062
11763,0.09423754,0.07551188,0.1129632,0.19376701,0.0,0.19376701,0.048441753
11764,0.88132286,0.082228914,1.6804167,1.1626459,0.0,1.1626459,0.29066148
11765,0.29133368,0.07618211,0.5064852,0.28035304,0.0,0.28035304,0.07008826
11766,0.8591313,0.074048564,1.644214,1.1749129,0.0,1.1749129,0.29372823
11767,0.23060115,0.067717016,0.3934853,0.21148044,0.0,0.21148044,0.05287011
11768,0.54656017,0.066594206,1.0265261,1.1989242,0.0,1.1989242,0.29973105
11769,1.00414,0.07725861,1.9310213,1.4390024,0.0,1.4390024,0.3597506
11770,0.09535923,0.07912985,0.111588605,0.11149629,0.0,0.11149629,0.027874073
11771,0.19663161,0.082763076,0.31050014,0.37281212,0.0,0.37281212,0.09320303
11772,0.33486202,0.09983095,0.5698931,0.33413807,0.0,0.33413807,0.08353452
11773,0.20146267,0.11847434,0.28445098,0.5767293,0.0,0.5767293,0.14418232
11774,0.21737392,0.13982493,0.29492295,0.0507419,0.0,0.0507419,0.012685475
11775,0.18485706,0.16257377,0.20714033,0.20036532,0.0,0.20036532,0.05009133
11776,0.20648567,0.16055156,0.25241974,0.049477756,0.0,0.049477756,0.012369439
11777,0.34133968,0.10451149,0.57816786,0.98496324,0.0,0.98496324,0.24624081
11778,0.05979686,0.05515286,0.06444087,0.028125271,0.0,0.028125271,0.007031318
11779,0.07001442,0.03181612,0.10821271,0.051855788,0.0,0.051855788,0.012963947
11780,0.035642862,0.02792781,0.043357912,0.04669894,0.0,0.04669894,0.011674735
11781,0.13090356,0.030120367,0.23168676,0.16448307,0.0,0.16448307,0.041120768
11782,0.050364334,0.03520311,0.06552557,0.042212438,0.0,0.042212438,0.010553109
11783,0.321353,0.042779643,0.59992635,0.4931787,0.0,0.4931787,0.123294674
11784,0.42908046,0.05376828,0.8043926,0.662542,0.0,0.662542,0.1656355
11785,0.13553168,0.075477116,0.19558622,0.18486853,0.0,0.18486853,0.046217132
11786,0.62768,0.09630978,1.1590501,0.77058506,0.0,0.77058506,0.19264627
11787,0.13886447,0.1280535,0.14967544,0.13049446,0.0,0.13049446,0.032623615
11788,0.13549963,0.15636559,0.11463366,0.05679686,0.0,0.05679686,0.014199215
11789,0.49083474,0.17500854,0.80666095,0.39921582,0.0,0.39921582,0.099803954
11790,0.90804416,0.15462835,1.6614599,0.89989156,0.0,0.89989156,0.22497289
11791,0.18745501,0.12859754,0.24631251,0.3026538,0.0,0.3026538,0.07566345
11792,0.40191916,0.13275427,0.6710841,0.3212599,0.0,0.3212599,0.08031497
11793,0.69011754,0.13920192,1.2410331,0.694815,0.0,0.694815,0.17370375
11794,0.4022311,0.13548014,0.668982,0.3247485,0.0,0.3247485,0.08118712
11795,0.27959323,0.10914049,0.45004597,0.22614674,0.0,0.22614674,0.056536686
11796,0.2090501,0.07380822,0.34429196,0.15192409,0.0,0.15192409,0.037981022
11797,0.15493397,0.04949366,0.26037428,0.28580064,0.0,0.28580064,0.07145016
11798,0.25840297,0.03197087,0.48483506,0.45493427,0.0,0.45493427,0.11373357
11799,0.4572439,0.028378561,0.8861092,0.89701796,0.0,0.89701796,0.22425449
11800,0.26348078,0.027777275,0.49918428,0.50304276,0.0,0.50304276,0.12576069
11801,0.79998296,0.02680781,1.5731581,1.5665159,0.0,1.5665159,0.39162898
11802,0.19480829,0.022004664,0.36761189,0.39206526,0.0,0.39206526,0.098016314
11803,0.34325668,0.020760154,0.6657532,0.71369123,0.0,0.71369123,0.17842281
11804,0.15329753,0.022791008,0.28380406,0.25053442,0.0,0.25053442,0.062633604
11805,0.16866422,0.03270529,0.30462313,0.17403321,0.0,0.17403321,0.043508302
11806,0.49714234,0.051553626,0.9427311,1.0503142,0.0,1.0503142,0.26257855
11807,0.13957582,0.056408554,0.22274308,0.09115163,0.0,0.09115163,0.022787908
11808,0.4221935,0.06879198,0.775595,0.49719802,0.0,0.49719802,0.124299504
11809,0.101923995,0.07290555,0.13094243,0.13454668,0.0,0.13454668,0.03363667
11810,0.09883845,0.07172892,0.12594797,0.15234777,0.0,0.15234777,0.038086943
11811,0.064689286,0.060053766,0.069324814,0.032647695,0.0,0.032647695,0.008161924
11812,0.09286635,0.061119635,0.12461307,0.10995994,0.0,0.10995994,0.027489984
11813,0.18791167,0.06475654,0.31106678,0.17825861,0.0,0.17825861,0.044564653
11814,0.2348786,0.064121254,0.40563595,0.5428722,0.0,0.5428722,0.13571805
11815,0.71373945,0.06728631,1.3601927,0.97251016,0.0,0.97251016,0.24312754
11816,0.21489018,0.07423746,0.3555429,0.16714464,0.0,0.16714464,0.04178616
11817,0.08815821,0.08816349,0.08815294,0.03013459,0.0,0.03013459,0.0075336476
11818,0.4045435,0.06028831,0.7487986,0.5165949,0.0,0.5165949,0.12914872
11819,0.13617758,0.04226024,0.23009492,0.2470438,0.0,0.2470438,0.06176095
11820,0.062070508,0.03370376,0.090437256,0.048876446,0.0,0.048876446,0.012219111
11821,0.08360804,0.028243875,0.13897221,0.107427806,0.0,0.107427806,0.026856951
11822,0.23018128,0.024595981,0.43576658,0.42621946,0.0,0.42621946,0.106554866
11823,0.06674533,0.028288007,0.10520265,0.06539619,0.0,0.06539619,0.016349047
11824,0.29852995,0.031190062,0.5658698,0.58574015,0.0,0.58574015,0.14643504
11825,0.10685698,0.033024393,0.18068957,0.113041155,0.0,0.113041155,0.028260289
11826,0.6423922,0.0310215,1.2537628,1.0742034,0.0,1.0742034,0.26855084
11827,0.034876894,0.027513327,0.04224046,0.031918664,0.0,0.031918664,0.007979666
11828,0.24855638,0.024740765,0.47237197,0.49577293,0.0,0.49577293,0.12394323
11829,0.08942314,0.028137075,0.15070921,0.12550159,0.0,0.12550159,0.031375397
11830,0.06360856,0.031875122,0.09534199,0.084688865,0.0,0.084688865,0.021172216
11831,0.18704762,0.033443425,0.34065184,0.32207897,0.0,0.32207897,0.08051974
11832,0.061323315,0.034422163,0.08822447,0.086414196,0.0,0.086414196,0.021603549
11833,0.046257168,0.04432832,0.04818602,0.030349553,0.0,0.030349553,0.007587388
11834,0.113610566,0.040983967,0.18623716,0.13159908,0.0,0.13159908,0.03289977
11835,0.06471455,0.03425832,0.09517077,0.042786364,0.0,0.042786364,0.010696591
11836,0.2856888,0.032733828,0.5386437,0.46925867,0.0,0.46925867,0.11731467
11837,0.100940056,0.02948036,0.17239976,0.17341483,0.0,0.17341483,0.043353707
11838,0.072365396,0.023401976,0.12132881,0.108207494,0.0,0.108207494,0.027051874
11839,0.594338,0.020506507,1.1681694,1.2396928,0.0,1.2396928,0.3099232
11840,0.36309803,0.022529377,0.7036667,0.6080552,0.0,0.6080552,0.1520138
11841,0.16860364,0.027388265,0.309819,0.3397502,0.0,0.3397502,0.08493755
11842,0.10827601,0.0277746,0.18877743,0.17315878,0.0,0.17315878,0.043289695
11843,0.1546235,0.02488342,0.28436354,0.3001453,0.0,0.3001453,0.075036325
11844,0.68981534,0.025480524,1.3541502,1.2564425,0.0,1.2564425,0.31411064
11845,0.069500335,0.023962727,0.11503794,0.10648992,0.0,0.10648992,0.02662248
11846,0.1720977,0.025984183,0.31821123,0.29569557,0.0,0.29569557,0.07392389
11847,0.085366406,0.02801559,0.14271723,0.12859535,0.0,0.12859535,0.032148838
11848,0.051846713,0.035960633,0.06773279,0.033716734,0.0,0.033716734,0.008429184
11849,0.3990861,0.05143043,0.7467417,0.8846641,0.0,0.8846641,0.22116603
11850,0.16910575,0.05408014,0.28413135,0.15344709,0.0,0.15344709,0.038361773
11851,0.057290614,0.044459593,0.07012163,0.07367333,0.0,0.07367333,0.018418333
11852,0.12884188,0.035166383,0.22251737,0.22031756,0.0,0.22031756,0.05507939
11853,0.22765549,0.03572072,0.41959026,0.4067329,0.0,0.4067329,0.10168322
11854,0.21074498,0.036144856,0.3853451,0.30199724,0.0,0.30199724,0.07549931
11855,0.29410696,0.038622167,0.5495917,0.6004781,0.0,0.6004781,0.15011953
11856,0.11987015,0.0413851,0.1983552,0.11427561,0.0,0.11427561,0.028568903
11857,0.13038912,0.04690836,0.21386988,0.2653901,0.0,0.2653901,0.066347525
11858,0.22301859,0.055110887,0.39092627,0.20727713,0.0,0.20727713,0.051819284
11859,0.21365958,0.062713355,0.3646058,0.18054117,0.0,0.18054117,0.045135293
11860,0.16377507,0.06774226,0.25980788,0.103687614,0.0,0.103687614,0.025921904
11861,0.060185064,0.065223485,0.055146646,0.082977936,0.0,0.082977936,0.020744484
11862,0.59291774,0.062247556,1.123588,1.5582938,0.0,1.5582938,0.38957345
11863,0.14733358,0.051626157,0.24304102,0.33006704,0.0,0.33006704,0.08251676
11864,0.05580445,0.049899887,0.061709017,0.029389666,0.0,0.029389666,0.0073474166
11865,0.047965825,0.049900215,0.046031434,0.05564322,0.0,0.05564322,0.013910805
11866,0.04865867,0.0415815,0.055735838,0.08025334,0.0,0.08025334,0.020063335
11867,0.079485916,0.035199672,0.12377217,0.04805943,0.0,0.04805943,0.0120148575
11868,0.16558348,0.027335921,0.30383104,0.21951596,0.0,0.21951596,0.05487899
11869,0.108170845,0.022022316,0.19431938,0.20064116,0.0,0.20064116,0.05016029
11870,0.10798579,0.023971252,0.19200031,0.15138434,0.0,0.15138434,0.037846085
11871,0.38159835,0.027611362,0.7355854,0.6490405,0.0,0.6490405,0.16226013
11872,0.29395974,0.04598866,0.54193085,0.6781613,0.0,0.6781613,0.16954033
11873,0.4971939,0.0502663,0.94412154,1.1521934,0.0,1.1521934,0.28804836
11874,0.094342865,0.041551415,0.14713432,0.10684005,0.0,0.10684005,0.026710013
11875,0.43447232,0.030755224,0.8381894,0.754816,0.0,0.754816,0.188704
11876,0.3907855,0.029743886,0.75182706,0.71978545,0.0,0.71978545,0.17994636
11877,0.11984313,0.037439838,0.20224643,0.13259846,0.0,0.13259846,0.033149615
11878,0.3417445,0.04807678,0.6354123,0.63446933,0.0,0.63446933,0.15861733
11879,0.27434456,0.053734582,0.49495456,0.3710548,0.0,0.3710548,0.0927637
11880,0.62878495,0.05622089,1.2013491,1.0362006,0.0,1.0362006,0.25905016
11881,0.19156033,0.05317077,0.3299499,0.37010708,0.0,0.37010708,0.09252677
11882,0.047151268,0.04433641,0.049966127,0.024209598,0.0,0.024209598,0.0060523995
11883,0.14537944,0.04086343,0.24989545,0.16368853,0.0,0.16368853,0.04092213
11884,0.07798643,0.040978342,0.1149945,0.123875864,0.0,0.123875864,0.030968966
11885,0.19351824,0.03846115,0.34857535,0.23799568,0.0,0.23799568,0.05949892
11886,0.61966544,0.031477567,1.2078533,1.0626521,0.0,1.0626521,0.26566303
11887,0.5418862,0.028786466,1.0549859,0.9437058,0.0,0.9437058,0.23592645
11888,0.5069569,0.029149586,0.9847641,1.038796,0.0,1.038796,0.259699
11889,0.23729084,0.028758004,0.44582367,0.357097,0.0,0.357097,0.08927425
11890,0.6402969,0.02505927,1.2555344,1.1495508,0.0,1.1495508,0.2873877
11891,0.121380664,0.026566312,0.21619503,0.15732019,0.0,0.15732019,0.039330047
11892,0.09545054,0.029319683,0.16158138,0.1697964,0.0,0.1697964,0.0424491
11893,0.22383781,0.030255048,0.4174206,0.3501978,0.0,0.3501978,0.08754945
11894,0.25927427,0.030629128,0.48791942,0.49181762,0.0,0.49181762,0.122954406
11895,0.30884984,0.035208475,0.5824912,0.5091643,0.0,0.5091643,0.12729107
11896,0.08875966,0.051308442,0.12621088,0.05793525,0.0,0.05793525,0.014483812
11897,0.46182963,0.058596876,0.8650624,0.6461825,0.0,0.6461825,0.16154562
11898,0.119035445,0.045351814,0.19271906,0.14571123,0.0,0.14571123,0.036427807
11899,0.44202653,0.035473306,0.8485797,0.7749357,0.0,0.7749357,0.19373393
11900,0.21030746,0.034348674,0.38626623,0.42119965,0.0,0.42119965,0.10529991
11901,0.18991418,0.037768573,0.34205982,0.36107227,0.0,0.36107227,0.09026807
11902,0.095487155,0.042342227,0.1486321,0.13867491,0.0,0.13867491,0.03466873
11903,0.7079539,0.042695537,1.3732122,1.3322226,0.0,1.3322226,0.33305565
11904,0.31441998,0.04070413,0.58813584,0.5476384,0.0,0.5476384,0.1369096
11905,0.76221466,0.05398536,1.4704438,1.6403767,0.0,1.6403767,0.41009417
11906,0.24736714,0.0564971,0.4382372,0.5486521,0.0,0.5486521,0.13716303
11907,0.07131117,0.054838818,0.087783515,0.07819488,0.0,0.07819488,0.01954872
11908,0.8732063,0.06110795,1.6853046,1.3141745,0.0,1.3141745,0.32854363
11909,0.07403898,0.056669753,0.091408215,0.06132552,0.0,0.06132552,0.01533138
11910,0.11221901,0.044904873,0.17953317,0.0929515,0.0,0.0929515,0.023237875
11911,0.101624966,0.03955958,0.16369034,0.09579259,0.0,0.09579259,0.023948148
11912,0.68441147,0.038834438,1.3299885,1.140184,0.0,1.140184,0.285046
11913,0.27065212,0.04116405,0.5001402,0.37622532,0.0,0.37622532,0.09405633
11914,0.07353096,0.0389722,0.108089715,0.054192632,0.0,0.054192632,0.013548158
11915,0.4238608,0.036652368,0.8110692,0.6841679,0.0,0.6841679,0.17104198
11916,0.049243256,0.040344995,0.058141515,0.016522512,0.0,0.016522512,0.004130628
11917,0.1131317,0.039741065,0.18652235,0.18664646,0.0,0.18664646,0.046661615
11918,0.09119293,0.040264647,0.14212121,0.118163824,0.0,0.118163824,0.029540956
11919,0.15617597,0.048971344,0.26338062,0.15375407,0.0,0.15375407,0.038438518
11920,0.19858825,0.06505657,0.3321199,0.40511426,0.0,0.40511426,0.101278566
11921,0.16517459,0.07419873,0.25615042,0.12824088,0.0,0.12824088,0.03206022
11922,0.70396966,0.08009246,1.3278468,1.6196527,0.0,1.6196527,0.4049132
11923,0.31756103,0.07284931,0.5622727,0.6821032,0.0,0.6821032,0.1705258
11924,0.12060642,0.065645985,0.17556685,0.12758349,0.0,0.12758349,0.031895872
11925,0.20426965,0.06594481,0.34259447,0.29807988,0.0,0.29807988,0.07451997
11926,0.10936209,0.056581248,0.16214292,0.055190336,0.0,0.055190336,0.013797584
11927,0.084062316,0.05263407,0.11549058,0.03743985,0.0,0.03743985,0.009359962
11928,0.108166635,0.04459698,0.1717363,0.13337058,0.0,0.13337058,0.033342645
11929,0.40902683,0.056473624,0.76158,0.52185863,0.0,0.52185863,0.13046466
11930,0.23281765,0.06866088,0.39697444,0.22756271,0.0,0.22756271,0.056890678
11931,0.2619488,0.07660499,0.4472926,0.5253934,0.0,0.5253934,0.13134836
11932,0.21992023,0.088400066,0.35144043,0.14506263,0.0,0.14506263,0.036265656
11933,0.15753342,0.10827243,0.2067944,0.1570659,0.0,0.1570659,0.039266475
11934,0.10611572,0.10600675,0.10622468,0.12100768,0.0,0.12100768,0.03025192
11935,0.1864754,0.09766108,0.27528968,0.1415679,0.0,0.1415679,0.035391975
11936,0.14219266,0.10206288,0.18232244,0.11312672,0.0,0.11312672,0.02828168
11937,0.13863869,0.098775126,0.17850225,0.025073895,0.0,0.025073895,0.006268474
11938,0.08617583,0.07297126,0.0993804,0.07048076,0.0,0.07048076,0.01762019
11939,0.20693624,0.061320856,0.3525516,0.22000353,0.0,0.22000353,0.055000883
11940,0.87070125,0.06517356,1.6762289,1.6148481,0.0,1.6148481,0.40371203
11941,0.5381204,0.06728446,1.0089563,0.8547597,0.0,0.8547597,0.21368992
11942,0.5877809,0.07037905,1.1051828,0.976314,0.0,0.976314,0.2440785
11943,0.20002942,0.0780243,0.3220345,0.17700355,0.0,0.17700355,0.044250887
11944,0.117176265,0.08302287,0.15132965,0.09563307,0.0,0.09563307,0.023908267
11945,0.20991033,0.092457,0.32736367,0.14905974,0.0,0.14905974,0.037264936
11946,0.14565755,0.10055814,0.19075696,0.28121027,0.0,0.28121027,0.07030257
11947,0.2797434,0.10785573,0.45163107,0.5629347,0.0,0.5629347,0.14073367
11948,0.546815,0.116018206,0.9776118,0.6186206,0.0,0.6186206,0.15465514
11949,0.62989086,0.12119325,1.1385885,1.3134102,0.0,1.3134102,0.32835254
11950,0.35782322,0.12363996,0.5920065,0.24558909,0.0,0.24558909,0.061397273
11951,0.44692275,0.12723394,0.7666116,0.7935454,0.0,0.7935454,0.19838636
11952,0.13086765,0.13627602,0.12545925,0.0541551,0.0,0.0541551,0.013538775
11953,0.1457735,0.1541946,0.1373524,0.02222798,0.0,0.02222798,0.005556995
11954,0.363588,0.14969265,0.57748336,0.53924346,0.0,0.53924346,0.13481086
11955,0.3360032,0.15262705,0.5193794,0.50766426,0.0,0.50766426,0.12691607
11956,0.3918985,0.16024725,0.62354976,0.58597654,0.0,0.58597654,0.14649414
11957,0.69791245,0.16745968,1.2283652,1.093094,0.0,1.093094,0.2732735
11958,0.9154456,0.17587884,1.6550125,1.5022417,0.0,1.5022417,0.37556043
11959,0.591569,0.17785342,1.0052847,0.8091688,0.0,0.8091688,0.2022922
11960,0.6141205,0.19431098,1.03393,0.7459199,0.0,0.7459199,0.18647997
11961,0.4835583,0.19652964,0.77058697,0.40900388,0.0,0.40900388,0.10225097
11962,0.33926737,0.18380833,0.49472642,0.13949268,0.0,0.13949268,0.03487317
11963,1.0027229,0.1791697,1.8262762,1.4079119,0.0,1.4079119,0.35197797
11964,0.24873416,0.18412638,0.31334192,0.15295036,0.0,0.15295036,0.03823759
11965,0.20329745,0.2050937,0.20150124,0.562748,0.0,0.562748,0.140687
11966,0.16325612,0.23131247,0.095199764,0.42921433,0.0,0.42921433,0.10730358
11967,0.38225773,0.26410276,0.5004127,0.94940156,0.0,0.94940156,0.23735039
11968,0.48950443,0.2814015,0.69760734,1.2833806,0.0,1.2833806,0.32084516
11969,1.5839604,0.31092235,2.8569984,1.5178471,0.0,1.5178471,0.37946177
11970,1.2511902,0.32667002,2.1757104,0.90623784,0.0,0.90623784,0.22655946
11971,0.42455044,0.3325534,0.5165475,0.13954204,0.0,0.13954204,0.03488551
11972,0.71373063,0.31216055,1.1153008,0.26780084,0.0,0.26780084,0.06695021
11973,0.70311576,0.27325723,1.1329744,0.3198975,0.0,0.3198975,0.079974376
11974,0.64358336,0.25027537,1.0368913,0.3045129,0.0,0.3045129,0.07612822
11975,0.49175587,0.22618489,0.7573269,0.18260019,0.0,0.18260019,0.045650046
11976,0.59963655,0.2043656,0.99490756,0.35872343,0.0,0.35872343,0.08968086
11977,0.39374852,0.19689119,0.59060585,1.0275472,0.0,1.0275472,0.2568868
11978,1.2087516,0.19309676,2.2244062,1.5992922,0.0,1.5992922,0.39982304
11979,0.2784669,0.18251438,0.37441942,0.10369804,0.0,0.10369804,0.02592451
11980,0.5163987,0.17676274,0.85603476,0.31142533,0.0,0.31142533,0.07785633
11981,0.6689332,0.1823743,1.1554922,1.5552651,0.0,1.5552651,0.38881627
11982,0.37604797,0.20597212,0.5461238,1.1646733,0.0,1.1646733,0.29116833
11983,0.18195523,0.22767848,0.13623199,0.45012116,0.0,0.45012116,0.11253029
11984,0.25337973,0.24346094,0.2632985,0.035320032,0.0,0.035320032,0.008830008
11985,0.5698537,0.2610061,0.8787014,0.22577329,0.0,0.22577329,0.056443322
11986,0.2926786,0.2603941,0.32496312,0.13701451,0.0,0.13701451,0.034253627
11987,0.24414532,0.25257972,0.23571093,0.08921457,0.0,0.08921457,0.022303643
11988,0.43828657,0.23116916,0.64540404,0.13679914,0.0,0.13679914,0.034199785
11989,0.20642628,0.21580093,0.19705164,0.3647689,0.0,0.3647689,0.09119222
11990,1.0249845,0.19622047,1.8537484,0.9608976,0.0,0.9608976,0.2402244
11991,1.2506965,0.18047826,2.3209147,1.3875189,0.0,1.3875189,0.34687972
11992,0.8569429,0.177067,1.5368189,0.8289609,0.0,0.8289609,0.20724022
11993,0.20103426,0.18336622,0.21870232,0.3278799,0.0,0.3278799,0.08196998
11994,0.424726,0.20217772,0.6472743,0.19748014,0.0,0.19748014,0.049370036
11995,0.3209821,0.23804392,0.4039203,0.041836347,0.0,0.041836347,0.010459087
11996,1.3718525,0.28346646,2.4602387,1.1582192,0.0,1.1582192,0.2895548
11997,0.24411786,0.3017272,0.18650852,0.11494389,0.0,0.11494389,0.028735973
11998,0.36712417,0.336706,0.39754233,0.032744516,0.0,0.032744516,0.008186129
11999,0.7285989,0.368939,1.0882589,0.2905459,0.0,0.2905459,0.07263648
12000,0.31464508,0.37321424,0.25607595,0.15596198,0.0,0.15596198,0.038990494
12001,0.8785766,0.34067956,1.4164737,0.43099427,0.0,0.43099427,0.10774857
12002,0.52894086,0.30456868,0.75331306,0.14087509,0.0,0.14087509,0.03521877
12003,0.19359405,0.27948725,0.10770085,0.33003405,0.0,0.33003405,0.08250851
12004,1.5171665,0.2525375,2.7817955,1.4294376,0.0,1.4294376,0.3573594
12005,0.24157302,0.20019472,0.28295133,0.370888,0.0,0.370888,0.092722
12006,0.16701305,0.15904911,0.174977,0.51182854,0.0,0.51182854,0.12795714
12007,0.16537918,0.14039727,0.1903611,0.26411203,0.0,0.26411203,0.06602801
12008,0.21966235,0.13435604,0.30496868,0.09861016,0.0,0.09861016,0.02465254
12009,0.58150005,0.14215738,1.0208427,0.48329008,0.0,0.48329008,0.12082252
12010,0.24277012,0.18547495,0.30006528,0.66667384,0.0,0.66667384,0.16666846
12011,0.25383973,0.23474975,0.2729297,0.8151195,0.0,0.8151195,0.20377988
12012,0.5521255,0.24278934,0.86146164,0.2419949,0.0,0.2419949,0.060498726
12013,0.51975447,0.2519772,0.7875317,0.24468738,0.0,0.24468738,0.061171845
12014,1.3365384,0.26199973,2.4110773,1.1797724,0.0,1.1797724,0.2949431
12015,0.5130677,0.2448756,0.78125983,1.2162247,0.0,1.2162247,0.30405617
12016,1.3221309,0.21992476,2.4243371,1.3308531,0.0,1.3308531,0.33271328
12017,0.16834651,0.17592745,0.16076557,0.16448839,0.0,0.16448839,0.041122098
12018,1.2043463,0.14050628,2.2681863,1.407651,0.0,1.407651,0.35191274
12019,0.35898638,0.14114048,0.5768323,0.23148692,0.0,0.23148692,0.05787173
12020,0.15337546,0.1499189,0.15683202,0.024009945,0.0,0.024009945,0.006002486
12021,0.2882136,0.17780668,0.39862052,0.07246543,0.0,0.07246543,0.018116357
12022,0.23877476,0.20985778,0.26769173,0.034635603,0.0,0.034635603,0.008658901
12023,0.501795,0.18292522,0.8206647,1.4709641,0.0,1.4709641,0.36774102
12024,0.87193155,0.12986796,1.6139951,1.1068898,0.0,1.1068898,0.27672246
12025,0.79159254,0.08660647,1.4965786,0.98307866,0.0,0.98307866,0.24576966
12026,0.09301511,0.069120415,0.116909824,0.05110708,0.0,0.05110708,0.01277677
12027,0.6453622,0.06529868,1.2254257,0.9328602,0.0,0.9328602,0.23321505
12028,0.16746919,0.06917763,0.26576075,0.1383564,0.0,0.1383564,0.0345891
12029,0.41199902,0.07561915,0.74837893,0.5244967,0.0,0.5244967,0.13112417
12030,0.49062237,0.09358683,0.8876579,0.51683515,0.0,0.51683515,0.12920879
12031,0.29570052,0.096802354,0.49459866,0.26836666,0.0,0.26836666,0.067091666
12032,1.0664972,0.09051748,2.042477,1.5189165,0.0,1.5189165,0.37972912
12033,0.198691,0.09523609,0.30214587,0.088876955,0.0,0.088876955,0.022219239
12034,0.23505723,0.09959084,0.3705236,0.4840993,0.0,0.4840993,0.121024825
12035,0.12550117,0.08486643,0.16613594,0.183134,0.0,0.183134,0.0457835
12036,0.10258404,0.07501128,0.1301568,0.03050383,0.0,0.03050383,0.0076259575
12037,0.54857075,0.070369415,1.0267721,0.76467174,0.0,0.76467174,0.19116794
12038,0.16609915,0.06603753,0.26616076,0.17957716,0.0,0.17957716,0.04489429
12039,0.28288844,0.0693685,0.49640843,0.50273436,0.0,0.50273436,0.12568359
12040,0.08315859,0.065098085,0.10121909,0.10445363,0.0,0.10445363,0.026113408
12041,0.085277766,0.05847351,0.11208203,0.036038656,0.0,0.036038656,0.009009664
12042,1.0008396,0.05677386,1.9449053,1.648016,0.0,1.648016,0.412004
12043,0.61850816,0.060039174,1.1769772,0.9426077,0.0,0.9426077,0.23565193
12044,0.21612781,0.06535552,0.36690012,0.3716507,0.0,0.3716507,0.092912674
12045,0.34089747,0.061181545,0.6206134,0.690727,0.0,0.690727,0.17268175
12046,0.106327094,0.057916928,0.15473728,0.10648513,0.0,0.10648513,0.026621282
12047,0.24348636,0.05657156,0.43040118,0.36602798,0.0,0.36602798,0.091506995
12048,0.13165209,0.060067076,0.2032371,0.16445081,0.0,0.16445081,0.041112702
12049,0.32591558,0.06286109,0.58897007,0.47047067,0.0,0.47047067,0.11761767
12050,0.2875292,0.072351344,0.50270706,0.5034916,0.0,0.5034916,0.1258729
12051,0.14569387,0.07413728,0.21725047,0.19997728,0.0,0.19997728,0.04999432
12052,0.35935578,0.063473225,0.65523833,0.52451396,0.0,0.52451396,0.13112849
12053,0.85495186,0.057053495,1.6528502,1.5467148,0.0,1.5467148,0.3866787
12054,0.32471135,0.04987966,0.59954304,0.500151,0.0,0.500151,0.12503774
12055,0.16262488,0.046217185,0.2790326,0.19789672,0.0,0.19789672,0.04947418
12056,0.07745943,0.04639113,0.10852774,0.10548213,0.0,0.10548213,0.026370533
12057,0.22453009,0.051540177,0.39751998,0.3212305,0.0,0.3212305,0.080307625
12058,0.10981216,0.057910245,0.16171406,0.074656345,0.0,0.074656345,0.018664086
12059,0.08450308,0.063108034,0.10589812,0.048344184,0.0,0.048344184,0.012086046
12060,0.6662746,0.07113574,1.2614135,1.0839972,0.0,1.0839972,0.2709993
12061,0.1390176,0.085992254,0.19204295,0.17930584,0.0,0.17930584,0.04482646
12062,0.10657537,0.09169119,0.12145954,0.18003355,0.0,0.18003355,0.045008387
12063,0.27515504,0.08749882,0.46281123,0.26373518,0.0,0.26373518,0.065933794
12064,0.06602164,0.077775836,0.054267455,0.063277684,0.0,0.063277684,0.015819421
12065,0.12755723,0.06061003,0.19450444,0.087810285,0.0,0.087810285,0.021952571
12066,0.21310328,0.054095317,0.37211123,0.31058267,0.0,0.31058267,0.07764567
12067,0.2597672,0.057214666,0.46231973,0.3601546,0.0,0.3601546,0.09003865
12068,0.06591738,0.06599291,0.06584185,0.08631552,0.0,0.08631552,0.02157888
12069,0.64055175,0.0696067,1.2114968,0.892519,0.0,0.892519,0.22312975
12070,0.14863466,0.068390355,0.22887897,0.24279831,0.0,0.24279831,0.06069958
12071,0.22512406,0.06799094,0.3822572,0.37790117,0.0,0.37790117,0.09447529
12072,0.49584198,0.07184752,0.91983646,0.7285838,0.0,0.7285838,0.18214595
12073,0.19312276,0.07265263,0.3135929,0.1821744,0.0,0.1821744,0.0455436
12074,0.067252256,0.07046416,0.064040355,0.026040347,0.0,0.026040347,0.006510087
12075,0.13440971,0.075889006,0.19293042,0.17069457,0.0,0.17069457,0.042673644
12076,0.31274214,0.08183136,0.54365295,0.6793452,0.0,0.6793452,0.1698363
12077,0.14715989,0.08490007,0.20941973,0.0510482,0.0,0.0510482,0.01276205
12078,0.67180437,0.08747217,1.2561365,0.8945505,0.0,0.8945505,0.22363763
12079,0.30210575,0.09275397,0.5114575,0.2965341,0.0,0.2965341,0.07413352
12080,0.119262956,0.09770882,0.14081709,0.039757874,0.0,0.039757874,0.0099394685
12081,0.13439584,0.10371534,0.16507633,0.17095183,0.0,0.17095183,0.042737957
12082,0.48248386,0.112433255,0.8525345,0.51809496,0.0,0.51809496,0.12952374
12083,0.1496194,0.13745053,0.16178827,0.07638293,0.0,0.07638293,0.019095732
12084,0.14777711,0.16201872,0.1335355,0.05579081,0.0,0.05579081,0.013947703
12085,0.5343055,0.1391338,0.9294772,0.5974669,0.0,0.5974669,0.14936672
12086,0.1627122,0.114907324,0.21051706,0.20259888,0.0,0.20259888,0.05064972
12087,0.101646,0.098955,0.104337,0.04310155,0.0,0.04310155,0.010775387
12088,0.16521381,0.089339755,0.24108787,0.22365533,0.0,0.22365533,0.055913832
12089,0.19943328,0.08017433,0.31869224,0.29913768,0.0,0.29913768,0.07478442
12090,0.17962693,0.07510623,0.28414762,0.29276803,0.0,0.29276803,0.07319201
12091,0.19019501,0.08427569,0.2961143,0.34293762,0.0,0.34293762,0.085734405
12092,0.20839973,0.08789099,0.32890847,0.14298116,0.0,0.14298116,0.03574529
12093,0.28745505,0.08314183,0.49176824,0.27659807,0.0,0.27659807,0.06914952
12094,0.09717947,0.081960104,0.11239884,0.021480203,0.0,0.021480203,0.0053700507
12095,0.12599026,0.08625468,0.16572583,0.036914337,0.0,0.036914337,0.009228584
12096,0.13068956,0.09997354,0.16140558,0.2002946,0.0,0.2002946,0.05007365
12097,0.22719239,0.11296826,0.3414165,0.18563561,0.0,0.18563561,0.046408903
12098,0.3501589,0.10075448,0.5995633,0.6099668,0.0,0.6099668,0.1524917
12099,0.57419485,0.08868904,1.0597006,0.93892914,0.0,0.93892914,0.23473229
12100,0.2608278,0.08968303,0.4319726,0.38539276,0.0,0.38539276,0.09634819
12101,0.52514005,0.087920785,0.96235925,0.7793529,0.0,0.7793529,0.19483823
12102,0.09077242,0.081337295,0.100207545,0.045745593,0.0,0.045745593,0.011436398
12103,0.669107,0.0734647,1.2647494,1.2797273,0.0,1.2797273,0.31993183
12104,0.6051329,0.06823643,1.1420294,0.9666349,0.0,0.9666349,0.24165873
12105,0.57235247,0.069046885,1.0756581,1.0368966,0.0,1.0368966,0.25922415
12106,0.09243328,0.07133812,0.11352845,0.043072496,0.0,0.043072496,0.010768124
12107,0.16065855,0.07436528,0.24695182,0.17412996,0.0,0.17412996,0.04353249
12108,0.904259,0.08347198,1.7250462,1.3786144,0.0,1.3786144,0.3446536
12109,0.4652206,0.10862982,0.8218114,0.52251,0.0,0.52251,0.1306275
12110,0.13252425,0.14254692,0.122501574,0.0487036,0.0,0.0487036,0.0121759
12111,0.28704765,0.13624974,0.4378456,0.16556413,0.0,0.16556413,0.041391034
12112,0.378625,0.10877975,0.6484702,0.3981967,0.0,0.3981967,0.099549174
12113,0.36494517,0.08960869,0.6402817,0.42910734,0.0,0.42910734,0.107276835
12114,0.23177205,0.07552683,0.38801727,0.2356302,0.0,0.2356302,0.05890755
12115,0.4424145,0.06613631,0.8186927,0.82209796,0.0,0.82209796,0.20552449
12116,0.282352,0.0604437,0.5042603,0.49368456,0.0,0.49368456,0.12342114
12117,0.20931934,0.06127438,0.3573643,0.2795191,0.0,0.2795191,0.06987978
12118,0.31792244,0.06641647,0.56942844,0.508696,0.0,0.508696,0.127174
12119,0.11594141,0.07658332,0.15529951,0.07936217,0.0,0.07936217,0.019840542
12120,0.21974246,0.084582545,0.35490236,0.34514606,0.0,0.34514606,0.086286515
12121,0.29273364,0.09551564,0.48995164,0.28042385,0.0,0.28042385,0.07010596
12122,0.10968154,0.10735675,0.11200633,0.05017625,0.0,0.05017625,0.012544063
12123,0.12865031,0.11209193,0.1452087,0.035307743,0.0,0.035307743,0.008826936
12124,0.238358,0.10538438,0.3713316,0.16175194,0.0,0.16175194,0.040437985
12125,0.5804244,0.100553244,1.0602956,0.8076231,0.0,0.8076231,0.20190577
12126,0.2778455,0.09863684,0.45705414,0.22617549,0.0,0.22617549,0.05654387
12127,0.12490488,0.09846351,0.15134625,0.10094061,0.0,0.10094061,0.025235152
12128,0.3786217,0.10717263,0.6500708,0.39354149,0.0,0.39354149,0.09838537
12129,0.25786367,0.11665797,0.3990694,0.15768279,0.0,0.15768279,0.039420698
12130,0.1271386,0.11646953,0.13780767,0.1362595,0.0,0.1362595,0.034064874
12131,0.46737453,0.10580885,0.8289402,0.9645117,0.0,0.9645117,0.24112792
12132,0.5524346,0.095119245,1.00975,0.71476585,0.0,0.71476585,0.17869146
12133,0.110745095,0.09145207,0.1300381,0.05908085,0.0,0.05908085,0.014770213
12134,0.17688732,0.08370183,0.27007282,0.16056156,0.0,0.16056156,0.04014039
12135,0.16994494,0.07450524,0.26538464,0.1129649,0.0,0.1129649,0.028241225
12136,0.40444985,0.07616013,0.7327396,0.5330543,0.0,0.5330543,0.13326357
12137,0.10999294,0.08187094,0.13811494,0.055812825,0.0,0.055812825,0.013953206
12138,0.17307325,0.081278086,0.2648684,0.3136666,0.0,0.3136666,0.07841665
12139,0.18026257,0.083417244,0.27710786,0.329868,0.0,0.329868,0.082467
12140,0.40264034,0.08632341,0.71895725,0.7048839,0.0,0.7048839,0.17622097
12141,0.13725568,0.09094679,0.18356456,0.1144175,0.0,0.1144175,0.028604375
12142,0.5300787,0.09274223,0.96741515,1.0692811,0.0,1.0692811,0.26732028
12143,0.25709808,0.09577953,0.41841662,0.51522,0.0,0.51522,0.128805
12144,0.29822767,0.09738723,0.4990681,0.2537032,0.0,0.2537032,0.0634258
12145,0.15027346,0.10179671,0.1987502,0.28676793,0.0,0.28676793,0.07169198
12146,0.40402722,0.103455186,0.7045992,0.36451745,0.0,0.36451745,0.09112936
12147,0.46709493,0.09846994,0.8357199,0.4938021,0.0,0.4938021,0.123450525
12148,0.14498036,0.0984483,0.19151242,0.24154282,0.0,0.24154282,0.060385704
12149,0.11764703,0.10738832,0.12790574,0.03501661,0.0,0.03501661,0.008754153
12150,0.16852982,0.1111122,0.22594745,0.18124391,0.0,0.18124391,0.045310978
12151,0.15345643,0.1164661,0.19044675,0.30980286,0.0,0.30980286,0.077450715
12152,0.42952633,0.12174717,0.73730546,1.0377625,0.0,1.0377625,0.25944063
12153,0.15289943,0.12474928,0.18104957,0.062857024,0.0,0.062857024,0.015714256
12154,0.13799144,0.119460605,0.15652229,0.07048327,0.0,0.07048327,0.017620817
12155,0.2624774,0.107104205,0.41785058,0.17651571,0.0,0.17651571,0.04412893
12156,0.115564615,0.09864498,0.13248424,0.05658443,0.0,0.05658443,0.014146107
12157,0.26934007,0.091150336,0.4475298,0.22683907,0.0,0.22683907,0.056709766
12158,0.7324026,0.0857709,1.3790344,1.5015262,0.0,1.5015262,0.37538156
12159,0.3753226,0.08115425,0.669491,0.74161386,0.0,0.74161386,0.18540347
12160,0.08594209,0.07792738,0.093956806,0.028901985,0.0,0.028901985,0.007225496
12161,0.10770216,0.068285316,0.147119,0.067512296,0.0,0.067512296,0.016878074
12162,0.06185015,0.059069484,0.06463082,0.021392023,0.0,0.021392023,0.005348006
12163,0.23120575,0.060258757,0.40215275,0.4720193,0.0,0.4720193,0.11800483
12164,0.4861656,0.06528155,0.90704966,1.021901,0.0,1.021901,0.25547525
12165,0.5598852,0.08032739,1.039443,0.6714913,0.0,0.6714913,0.16787283
12166,0.62426627,0.10993582,1.1385967,0.6660913,0.0,0.6660913,0.16652283
12167,0.3582178,0.119973384,0.5964622,0.25291988,0.0,0.25291988,0.06322997
12168,0.13976139,0.12359231,0.15593046,0.105754696,0.0,0.105754696,0.026438674
12169,0.1665753,0.14542574,0.18772484,0.02167534,0.0,0.02167534,0.005418835
12170,0.38789764,0.15687208,0.61892325,1.0532019,0.0,1.0532019,0.26330048
12171,0.34899,0.15530004,0.54267997,0.9843591,0.0,0.9843591,0.24608977
12172,1.144219,0.14865838,2.1397798,1.3595419,0.0,1.3595419,0.33988547
12173,0.48116517,0.1392902,0.8230402,0.36688295,0.0,0.36688295,0.09172074
12174,0.6304998,0.12741812,1.1335815,0.6039529,0.0,0.6039529,0.15098822
12175,0.78289026,0.10460618,1.4611744,0.9280138,0.0,0.9280138,0.23200345
12176,0.16292948,0.09316904,0.23268992,0.40671873,0.0,0.40671873,0.10167968
12177,0.15621082,0.09616447,0.21625715,0.09794817,0.0,0.09794817,0.024487043
12178,0.5038534,0.093393415,0.9143133,0.52125424,0.0,0.52125424,0.13031356
12179,0.4051802,0.08687075,0.7234896,1.0390216,0.0,1.0390216,0.2597554
12180,0.13198082,0.078484,0.18547763,0.06057617,0.0,0.06057617,0.015144043
12181,0.16250151,0.05877264,0.26623037,0.39359328,0.0,0.39359328,0.09839832
12182,0.16731112,0.048922256,0.2857,0.39783618,0.0,0.39783618,0.099459045
12183,0.2794556,0.046448994,0.5124622,0.35267815,0.0,0.35267815,0.08816954
12184,0.64621854,0.054804128,1.2376329,0.9110584,0.0,0.9110584,0.2277646
12185,0.4855154,0.05522706,0.91580373,1.1719085,0.0,1.1719085,0.29297712
12186,0.091128804,0.049802363,0.13245524,0.112847984,0.0,0.112847984,0.028211996
12187,0.20888387,0.04473226,0.37303546,0.46242556,0.0,0.46242556,0.11560639
12188,0.3837624,0.04828185,0.719243,0.5277503,0.0,0.5277503,0.13193758
12189,0.24613993,0.056611527,0.43566832,0.27897465,0.0,0.27897465,0.06974366
12190,0.1258037,0.06731915,0.18428822,0.06197223,0.0,0.06197223,0.015493058
12191,0.09301615,0.07083824,0.115194045,0.023829198,0.0,0.023829198,0.0059572994
12192,0.081350245,0.064894915,0.09780558,0.11377466,0.0,0.11377466,0.028443664
12193,0.7981294,0.071160994,1.5250978,1.0609194,0.0,1.0609194,0.26522985
12194,0.23022647,0.07058092,0.38987204,0.5993499,0.0,0.5993499,0.14983748
12195,0.1644218,0.0634002,0.2654434,0.12836663,0.0,0.12836663,0.03209166
12196,0.09253019,0.05745545,0.12760495,0.15194295,0.0,0.15194295,0.03798574
12197,0.08831,0.052118886,0.12450112,0.07942421,0.0,0.07942421,0.019856052
12198,0.65458566,0.05106403,1.2581073,0.99054354,0.0,0.99054354,0.24763589
12199,0.31105003,0.054850418,0.56724966,0.71400326,0.0,0.71400326,0.17850082
12200,0.23983376,0.061801586,0.4178659,0.2334882,0.0,0.2334882,0.05837205
12201,0.5787789,0.07117125,1.0863866,0.7689605,0.0,0.7689605,0.19224012
12202,0.18337749,0.07196584,0.2947891,0.37735906,0.0,0.37735906,0.094339766
12203,0.10607735,0.058443602,0.1537111,0.042241435,0.0,0.042241435,0.010560359
12204,0.20824444,0.052757163,0.3637317,0.4417607,0.0,0.4417607,0.11044017
12205,0.46733662,0.04466413,0.8900091,1.0183109,0.0,1.0183109,0.25457773
12206,0.097607695,0.04429564,0.15091975,0.11283404,0.0,0.11283404,0.02820851
12207,0.41561034,0.04683839,0.78438234,0.8999446,0.0,0.8999446,0.22498615
12208,0.31982973,0.051624328,0.5880351,0.71347094,0.0,0.71347094,0.17836773
12209,0.05989046,0.04922204,0.070558876,0.043087155,0.0,0.043087155,0.010771789
12210,0.1614153,0.042208057,0.28062254,0.2451806,0.0,0.2451806,0.06129515
12211,0.2861221,0.04073752,0.5315067,0.49372876,0.0,0.49372876,0.12343219
12212,0.22800447,0.045517415,0.41049156,0.43547675,0.0,0.43547675,0.10886919
12213,0.096708566,0.05282573,0.1405914,0.09400511,0.0,0.09400511,0.023501277
12214,0.06329874,0.05781955,0.068777926,0.038515884,0.0,0.038515884,0.009628971
12215,0.13149495,0.05935469,0.20363522,0.15602423,0.0,0.15602423,0.039006058
12216,0.2521186,0.05480065,0.44943652,0.3275161,0.0,0.3275161,0.08187903
12217,0.8271021,0.05229437,1.6019098,1.555006,0.0,1.555006,0.3887515
12218,0.13339,0.054895345,0.21188466,0.18170996,0.0,0.18170996,0.04542749
12219,0.37366822,0.054427683,0.69290876,0.66798544,0.0,0.66798544,0.16699636
12220,0.08166904,0.054800574,0.10853752,0.10548756,0.0,0.10548756,0.02637189
12221,0.4006908,0.05272019,0.74866134,0.71133375,0.0,0.71133375,0.17783344
12222,0.10814798,0.04995608,0.16633989,0.16594042,0.0,0.16594042,0.041485105
12223,0.35987893,0.047615666,0.6721422,0.5918151,0.0,0.5918151,0.14795378
12224,0.32690808,0.048509013,0.60530716,0.5523883,0.0,0.5523883,0.13809708
12225,0.10465711,0.05386437,0.15544987,0.08072462,0.0,0.08072462,0.020181155
12226,0.50935644,0.05408135,0.9646315,0.88425803,0.0,0.88425803,0.22106451
12227,0.21763273,0.05250247,0.382763,0.2354374,0.0,0.2354374,0.05885935
12228,0.1510045,0.057140756,0.24486823,0.35227168,0.0,0.35227168,0.08806792
12229,0.3618985,0.06733497,0.656462,0.8039749,0.0,0.8039749,0.20099373
12230,0.17986746,0.08844093,0.271294,0.13492899,0.0,0.13492899,0.033732247
12231,0.14213727,0.11302161,0.17125292,0.10249261,0.0,0.10249261,0.025623152
12232,0.35015607,0.1105657,0.5897464,0.24732055,0.0,0.24732055,0.061830137
12233,0.18995905,0.11205762,0.26786047,0.43761313,0.0,0.43761313,0.10940328
12234,0.17604548,0.13512452,0.21696645,0.42165175,0.0,0.42165175,0.10541294
12235,0.458732,0.1672075,0.75025654,0.2428327,0.0,0.2428327,0.060708176
12236,0.4295617,0.18772155,0.6714018,0.17511053,0.0,0.17511053,0.043777633
12237,0.18547171,0.16406329,0.20688014,0.11969847,0.0,0.11969847,0.029924618
12238,0.26195374,0.13880952,0.38509798,0.62597924,0.0,0.62597924,0.15649481
12239,0.911285,0.13047887,1.6920911,1.0923821,0.0,1.0923821,0.27309552
12240,0.13329661,0.12258312,0.1440101,0.054860443,0.0,0.054860443,0.013715111
12241,0.13494156,0.09689013,0.172993,0.091723,0.0,0.091723,0.02293075
12242,0.36282238,0.08910536,0.6365394,0.31564823,0.0,0.31564823,0.07891206
12243,0.15350382,0.097545415,0.20946221,0.12990882,0.0,0.12990882,0.032477204
12244,0.4859008,0.10091356,0.87088805,0.4385624,0.0,0.4385624,0.1096406
12245,0.1411912,0.10681888,0.17556353,0.09980727,0.0,0.09980727,0.024951817
12246,0.19019313,0.12159494,0.25879136,0.47964442,0.0,0.47964442,0.119911104
12247,0.12902464,0.12789966,0.1301496,0.35165796,0.0,0.35165796,0.08791449
12248,0.14042918,0.12724793,0.15361044,0.04701583,0.0,0.04701583,0.011753958
12249,0.16673191,0.11665479,0.21680905,0.092682846,0.0,0.092682846,0.023170711
12250,0.5487771,0.11491544,0.9826388,1.2944859,0.0,1.2944859,0.32362148
12251,0.13848488,0.11547434,0.1614954,0.051619243,0.0,0.051619243,0.012904811
12252,0.24205291,0.12040179,0.36370406,0.5789275,0.0,0.5789275,0.14473188
12253,0.38402772,0.1302624,0.63779306,0.23346587,0.0,0.23346587,0.058366466
12254,0.30333087,0.13098782,0.4756739,0.7601219,0.0,0.7601219,0.19003047
12255,0.19063842,0.13864836,0.2426285,0.07782131,0.0,0.07782131,0.019455327
12256,0.7768449,0.12545502,1.4282347,0.8686338,0.0,0.8686338,0.21715845
12257,0.1222605,0.114725135,0.12979586,0.2504594,0.0,0.2504594,0.06261485
12258,0.20347358,0.12378769,0.28315946,0.20745385,0.0,0.20745385,0.05186346
12259,0.16436994,0.14491706,0.18382283,0.13607037,0.0,0.13607037,0.034017593
12260,0.546562,0.1566957,0.9364283,0.37714216,0.0,0.37714216,0.09428554
12261,0.20839936,0.13590641,0.28089228,0.5330126,0.0,0.5330126,0.13325316
12262,0.09524264,0.120844804,0.06964049,0.20559664,0.0,0.20559664,0.05139916
12263,0.10052011,0.11878308,0.08225715,0.24304493,0.0,0.24304493,0.060761232
12264,0.16008896,0.121654384,0.19852352,0.48631772,0.0,0.48631772,0.12157943
12265,0.12681736,0.11739663,0.13623808,0.35937116,0.0,0.35937116,0.08984279
12266,0.2391913,0.123319626,0.35506296,0.12599249,0.0,0.12599249,0.031498123
12267,0.48098567,0.1323092,0.82966214,0.3459936,0.0,0.3459936,0.0864984
12268,0.14695635,0.124026634,0.16988607,0.4125733,0.0,0.4125733,0.10314333
12269,0.8851189,0.11926031,1.6509775,1.01409,0.0,1.01409,0.2535225
12270,0.14738362,0.12791449,0.16685276,0.023125708,0.0,0.023125708,0.005781427
12271,0.11864728,0.13670951,0.10058504,0.33690497,0.0,0.33690497,0.08422624
12272,0.60733956,0.14024943,1.0744296,0.47852537,0.0,0.47852537,0.11963134
12273,0.12606816,0.14517073,0.10696557,0.11862737,0.0,0.11862737,0.029656842
12274,0.17866969,0.15280916,0.2045302,0.5273551,0.0,0.5273551,0.13183877
12275,0.18475842,0.1342362,0.23528063,0.09505001,0.0,0.09505001,0.023762502
12276,0.26468158,0.105769314,0.42359385,0.80902463,0.0,0.80902463,0.20225616
12277,0.07165518,0.091276854,0.052033503,0.06364069,0.0,0.06364069,0.015910173
12278,0.12613894,0.09226654,0.16001135,0.3842318,0.0,0.3842318,0.09605795
12279,0.2664237,0.10389611,0.4289513,0.19991684,0.0,0.19991684,0.04997921
12280,0.5352965,0.10327955,0.96731347,1.5047803,0.0,1.5047803,0.37619507
12281,0.10761484,0.10295057,0.11227909,0.20715898,0.0,0.20715898,0.051789746
12282,0.14493488,0.11831081,0.17155893,0.08166627,0.0,0.08166627,0.020416567
12283,0.11428982,0.1315807,0.09699894,0.16844499,0.0,0.16844499,0.042111248
12284,0.14233865,0.14494187,0.13973545,0.3047944,0.0,0.3047944,0.0761986
12285,0.21516363,0.13930929,0.29101798,0.058052216,0.0,0.058052216,0.014513054
12286,0.12951173,0.13306998,0.1259535,0.27937976,0.0,0.27937976,0.06984494
12287,0.17379439,0.13473961,0.21284916,0.52864605,0.0,0.52864605,0.13216151
12288,0.13040318,0.14141734,0.119389035,0.24785553,0.0,0.24785553,0.061963882
12289,0.18358536,0.14166518,0.22550558,0.045154195,0.0,0.045154195,0.011288549
12290,0.5173897,0.13600405,0.8987754,1.5568749,0.0,1.5568749,0.38921872
12291,0.7220156,0.12429186,1.3197393,0.67911166,0.0,0.67911166,0.16977791
12292,0.4986191,0.090634525,0.90660375,0.48591253,0.0,0.48591253,0.12147813
12293,0.120957516,0.080542676,0.16137235,0.3063495,0.0,0.3063495,0.07658737
12294,0.96753716,0.09474987,1.8403244,1.1666894,0.0,1.1666894,0.29167235
12295,0.12648548,0.1245167,0.12845425,0.20833372,0.0,0.20833372,0.05208343
12296,0.119351186,0.13524568,0.103456706,0.066387914,0.0,0.066387914,0.016596979
12297,0.30069166,0.12751819,0.47386515,0.19580086,0.0,0.19580086,0.048950214
12298,0.08728054,0.1189516,0.055609483,0.17065966,0.0,0.17065966,0.042664915
12299,0.45042053,0.09672218,0.8041189,0.39767185,0.0,0.39767185,0.09941796
12300,0.4488937,0.07212894,0.8256585,0.47391304,0.0,0.47391304,0.11847826
12301,0.16770613,0.058073103,0.2773392,0.38030252,0.0,0.38030252,0.09507563
12302,0.39805686,0.0611373,0.7349765,1.0595117,0.0,1.0595117,0.26487792
12303,0.24402201,0.060636166,0.42740786,0.2328255,0.0,0.2328255,0.058206376
12304,0.6460872,0.057631243,1.2345432,0.924572,0.0,0.924572,0.231143
12305,0.2500057,0.050617084,0.44939432,0.5267814,0.0,0.5267814,0.13169535
12306,0.07877884,0.05027303,0.10728464,0.12312464,0.0,0.12312464,0.03078116
12307,0.9114619,0.062441915,1.7604818,1.3263092,0.0,1.3263092,0.3315773
12308,0.26865765,0.071481735,0.46583357,0.6998458,0.0,0.6998458,0.17496145
12309,0.78176993,0.08265737,1.4808825,1.0062515,0.0,1.0062515,0.25156286
12310,0.36932835,0.092792116,0.64586455,1.0677904,0.0,1.0677904,0.2669476
12311,0.46587333,0.09923347,0.83251315,0.49703655,0.0,0.49703655,0.12425914
12312,0.12446084,0.10391655,0.14500512,0.12558524,0.0,0.12558524,0.03139631
12313,0.24549256,0.1077395,0.38324562,0.15469784,0.0,0.15469784,0.03867446
12314,0.8031027,0.11148274,1.4947225,1.0060666,0.0,1.0060666,0.25151664
12315,0.08001437,0.09001672,0.07001201,0.03087596,0.0,0.03087596,0.00771899
12316,0.18605012,0.061718524,0.3103817,0.1763347,0.0,0.1763347,0.044083674
12317,0.17044151,0.04848969,0.2923933,0.27491984,0.0,0.27491984,0.06872996
12318,0.5605798,0.05366719,1.0674924,1.1919055,0.0,1.1919055,0.29797637
12319,0.7584741,0.06175369,1.4551945,1.0995613,0.0,1.0995613,0.27489033
12320,0.07484737,0.06740472,0.08229003,0.106212966,0.0,0.106212966,0.026553242
12321,0.2173378,0.06477644,0.36989918,0.40307847,0.0,0.40307847,0.10076962
12322,0.18296473,0.060065474,0.30586395,0.3607452,0.0,0.3607452,0.0901863
12323,0.33277014,0.050648715,0.6148916,0.75020456,0.0,0.75020456,0.18755114
12324,0.075063296,0.04587574,0.104250856,0.036943443,0.0,0.036943443,0.009235861
12325,0.79919475,0.045436587,1.5529529,1.6352314,0.0,1.6352314,0.40880784
12326,0.7070586,0.048203122,1.365914,1.1949183,0.0,1.1949183,0.29872957
12327,0.09936035,0.047282513,0.15143818,0.15767284,0.0,0.15767284,0.03941821
12328,0.17335929,0.040261578,0.306457,0.18929471,0.0,0.18929471,0.047323678
12329,0.12022922,0.034929547,0.2055289,0.13123617,0.0,0.13123617,0.03280904
12330,0.3193934,0.03284912,0.60593766,0.51237476,0.0,0.51237476,0.12809369
12331,0.12415925,0.032150764,0.21616773,0.2305917,0.0,0.2305917,0.057647925
12332,0.23283131,0.03354879,0.43211386,0.35401717,0.0,0.35401717,0.08850429
12333,0.11116607,0.03508043,0.1872517,0.1394883,0.0,0.1394883,0.034872074
12334,0.074916326,0.039448556,0.110384084,0.11018599,0.0,0.11018599,0.027546497
12335,0.057037268,0.04157271,0.07250183,0.0408289,0.0,0.0408289,0.010207225
12336,0.056620453,0.040646996,0.072593905,0.035169326,0.0,0.035169326,0.008792331
12337,0.21093102,0.03631742,0.38554463,0.3783258,0.0,0.3783258,0.09458145
12338,0.33143133,0.034689758,0.62817293,0.5862642,0.0,0.5862642,0.14656605
12339,0.07451854,0.032720517,0.11631656,0.113227345,0.0,0.113227345,0.028306836
12340,0.18623777,0.03141368,0.34106186,0.27284047,0.0,0.27284047,0.06821012
12341,0.05619846,0.033698585,0.07869834,0.04896769,0.0,0.04896769,0.012241922
12342,0.074762434,0.034515057,0.115009815,0.08374577,0.0,0.08374577,0.020936443
12343,0.055011142,0.036847223,0.073175065,0.03610567,0.0,0.03610567,0.0090264175
12344,0.1176222,0.042805463,0.19243895,0.16858016,0.0,0.16858016,0.04214504
12345,0.079701394,0.05235064,0.10705215,0.06312213,0.0,0.06312213,0.015780533
12346,0.07764722,0.060274113,0.09502032,0.08095595,0.0,0.08095595,0.020238988
12347,0.16943091,0.06928214,0.26957968,0.3030944,0.0,0.3030944,0.0757736
12348,0.38698998,0.07160156,0.70237845,0.49560526,0.0,0.49560526,0.123901315
12349,0.23807007,0.08263812,0.39350203,0.20657258,0.0,0.20657258,0.051643144
12350,0.1032083,0.082253,0.1241636,0.12394347,0.0,0.12394347,0.030985868
12351,0.5501669,0.072018795,1.028315,0.765786,0.0,0.765786,0.1914465
12352,0.34607407,0.0700516,0.62209654,0.44577655,0.0,0.44577655,0.11144414
12353,0.69959444,0.06450129,1.3346876,1.1464342,0.0,1.1464342,0.28660855
12354,0.4972181,0.06114602,0.9332902,1.0647941,0.0,1.0647941,0.26619852
12355,0.095884345,0.06077687,0.1309918,0.04214554,0.0,0.04214554,0.010536385
12356,0.7646188,0.058513522,1.4707241,1.2159696,0.0,1.2159696,0.3039924
12357,0.20647277,0.0598762,0.35306934,0.17834954,0.0,0.17834954,0.044587385
12358,0.38933584,0.060175736,0.7184959,0.81293625,0.0,0.81293625,0.20323406
12359,0.4182323,0.05616586,0.7802987,0.55262595,0.0,0.55262595,0.13815649
12360,0.1921755,0.055483848,0.3288671,0.39580265,0.0,0.39580265,0.09895066
12361,0.073549815,0.054887157,0.092212476,0.14819057,0.0,0.14819057,0.037047643
12362,0.33461118,0.05298823,0.6162341,0.42908823,0.0,0.42908823,0.10727206
12363,0.18839951,0.053717207,0.32308182,0.17713185,0.0,0.17713185,0.04428296
12364,0.27882215,0.05406174,0.50358254,0.316439,0.0,0.316439,0.07910975
12365,0.12847735,0.062217295,0.19473742,0.14054371,0.0,0.14054371,0.03513593
12366,0.7223851,0.07963691,1.3651333,0.98751086,0.0,0.98751086,0.24687771
12367,0.45732927,0.09578777,0.8188708,0.42670655,0.0,0.42670655,0.10667664
12368,0.4495602,0.10327204,0.79584837,0.44597474,0.0,0.44597474,0.111493684
12369,0.2809869,0.1100051,0.4519687,0.14928214,0.0,0.14928214,0.037320536
12370,0.7835145,0.10659114,1.4604378,0.9473776,0.0,0.9473776,0.2368444
12371,0.35539135,0.101024605,0.6097581,0.7236158,0.0,0.7236158,0.18090396
12372,0.12094259,0.09673059,0.14515458,0.06669488,0.0,0.06669488,0.01667372
12373,0.16168748,0.09566311,0.22771184,0.1118535,0.0,0.1118535,0.027963376
12374,0.14560242,0.09632921,0.19487564,0.060532514,0.0,0.060532514,0.0151331285
12375,0.19261526,0.09334487,0.29188564,0.1708126,0.0,0.1708126,0.04270315
12376,0.22953862,0.09229695,0.36678028,0.12140739,0.0,0.12140739,0.030351847
12377,0.08060232,0.09218613,0.069018506,0.1501316,0.0,0.1501316,0.0375329
12378,0.124630064,0.09231416,0.15694596,0.07564146,0.0,0.07564146,0.018910365
12379,0.84031016,0.0931785,1.5874419,1.0508701,0.0,1.0508701,0.26271752
12380,0.86546713,0.10378599,1.6271483,1.0483055,0.0,1.0483055,0.26207638
12381,0.37018743,0.1147961,0.6255788,1.05382,0.0,1.05382,0.263455
12382,0.4495714,0.13386577,0.7652771,1.210629,0.0,1.210629,0.30265725
12383,0.678252,0.14354345,1.2129605,0.5829685,0.0,0.5829685,0.14574212
12384,0.1734209,0.1419818,0.20486002,0.11583569,0.0,0.11583569,0.028958922
12385,0.113874294,0.13292997,0.09481863,0.2860756,0.0,0.2860756,0.0715189
12386,0.4873438,0.114850976,0.8598366,1.3127574,0.0,1.3127574,0.32818934
12387,0.56074685,0.09859133,1.0229024,0.5631936,0.0,0.5631936,0.1407984
12388,0.0999167,0.091534674,0.10829873,0.22633328,0.0,0.22633328,0.05658332
12389,0.3907739,0.0919664,0.6895814,0.34194732,0.0,0.34194732,0.08548683
12390,0.83025575,0.09237635,1.5681351,1.0220318,0.0,1.0220318,0.25550795
12391,1.0315819,0.09263799,1.9705257,1.4368005,0.0,1.4368005,0.35920012
12392,0.35242715,0.09235332,0.612501,0.28929648,0.0,0.28929648,0.07232412
12393,0.31619176,0.09908173,0.5333018,0.22072391,0.0,0.22072391,0.055180978
12394,0.12583064,0.11084294,0.14081831,0.087278806,0.0,0.087278806,0.021819701
12395,0.19357635,0.12272528,0.26442742,0.17037278,0.0,0.17037278,0.042593196
12396,0.14914131,0.122951776,0.17533086,0.09763414,0.0,0.09763414,0.024408534
12397,1.2077425,0.13045642,2.2850285,1.4508289,0.0,1.4508289,0.36270723
12398,0.14587925,0.15192868,0.13982981,0.44069886,0.0,0.44069886,0.110174716
12399,0.2809548,0.17667341,0.38523617,0.08526769,0.0,0.08526769,0.021316923
12400,0.20449467,0.16693765,0.24205168,0.65918726,0.0,0.65918726,0.16479681
12401,1.3880386,0.16870749,2.6073697,1.5307561,0.0,1.5307561,0.38268903
12402,0.14664803,0.19120747,0.10208858,0.43906936,0.0,0.43906936,0.10976734
12403,0.16738577,0.21760969,0.11716189,0.22507423,0.0,0.22507423,0.056268558
12404,0.57327074,0.22095056,0.92559093,0.28035703,0.0,0.28035703,0.07008926
12405,0.44467568,0.1977529,0.6915985,0.18776804,0.0,0.18776804,0.04694201
12406,0.1761498,0.21249767,0.13980193,0.04965867,0.0,0.04965867,0.012414668
12407,0.18216747,0.2263348,0.13800015,0.061936706,0.0,0.061936706,0.015484177
12408,0.18773349,0.20200057,0.1734664,0.15205033,0.0,0.15205033,0.038012583
12409,0.4938101,0.17879362,0.8088266,0.29155686,0.0,0.29155686,0.072889216
12410,0.95081544,0.17369227,1.7279387,0.85993785,0.0,0.85993785,0.21498446
12411,0.23826523,0.19577742,0.28075308,0.048000347,0.0,0.048000347,0.012000087
12412,0.15596081,0.20199227,0.10992936,0.06812736,0.0,0.06812736,0.01703184
12413,0.2542347,0.22755031,0.28091913,0.8659098,0.0,0.8659098,0.21647745
12414,1.4131025,0.22843276,2.5977724,1.3541607,0.0,1.3541607,0.33854017
12415,0.18774992,0.22487785,0.150622,0.10446785,0.0,0.10446785,0.026116962
12416,0.15672427,0.22164015,0.091808386,0.27203682,0.0,0.27203682,0.068009205
12417,0.20414238,0.21077614,0.19750859,0.022247585,0.0,0.022247585,0.005561896
12418,0.36770186,0.19279458,0.54260916,0.12311708,0.0,0.12311708,0.03077927
12419,0.17655599,0.17866778,0.1744442,0.321447,0.0,0.321447,0.08036175
12420,0.16438986,0.15689223,0.17188752,0.108426906,0.0,0.108426906,0.027106727
12421,0.6816655,0.15035181,1.2129792,0.5828832,0.0,0.5828832,0.1457208
12422,0.123642385,0.14671652,0.100568265,0.2073343,0.0,0.2073343,0.051833574
12423,0.8641836,0.14070044,1.5876666,0.8678365,0.0,0.8678365,0.21695912
12424,0.23878276,0.13761057,0.33995497,0.80404377,0.0,0.80404377,0.20101094
12425,0.70058614,0.13859497,1.2625774,0.6004565,0.0,0.6004565,0.15011412
12426,1.0851802,0.13950627,2.030854,1.1521038,0.0,1.1521038,0.28802595
12427,0.15378861,0.15760101,0.14997618,0.12671389,0.0,0.12671389,0.03167847
12428,0.3188441,0.1791265,0.45856175,0.12293663,0.0,0.12293663,0.030734157
12429,0.1534105,0.1700524,0.13676861,0.041955035,0.0,0.041955035,0.010488759
12430,0.43498302,0.16882153,0.7011445,0.22333084,0.0,0.22333084,0.05583271
12431,1.0079621,0.16210823,1.853816,1.0533285,0.0,1.0533285,0.26333213
12432,1.0841686,0.16867536,1.9996618,1.160241,0.0,1.160241,0.29006025
12433,1.3123837,0.15604712,2.4687202,1.4663874,0.0,1.4663874,0.36659685
12434,0.636688,0.15002565,1.1233503,0.520435,0.0,0.520435,0.13010874
12435,0.43781063,0.1490265,0.72659475,1.1902478,0.0,1.1902478,0.29756194
12436,0.5636075,0.13974553,0.9874695,0.44920734,0.0,0.44920734,0.112301834
12437,0.23802936,0.14372803,0.3323307,0.07058532,0.0,0.07058532,0.01764633
12438,0.79818255,0.15934199,1.4370232,0.7835651,0.0,0.7835651,0.19589128
12439,0.49428916,0.18773909,0.80083925,0.2903991,0.0,0.2903991,0.072599776
12440,0.1781081,0.2018133,0.1544029,0.34957287,0.0,0.34957287,0.08739322
12441,0.19385366,0.21097223,0.1767351,0.03938648,0.0,0.03938648,0.00984662
12442,0.99636704,0.22298951,1.7697445,0.79043347,0.0,0.79043347,0.19760837
12443,0.21594687,0.21536396,0.21652977,0.11653513,0.0,0.11653513,0.029133782
12444,0.8976326,0.20605601,1.5892092,0.72345334,0.0,0.72345334,0.18086334
12445,0.20883743,0.2079345,0.20974036,0.061047,0.0,0.061047,0.01526175
12446,0.18221666,0.20147781,0.16295554,0.14068978,0.0,0.14068978,0.035172444
12447,0.14791955,0.19261698,0.10322213,0.15567483,0.0,0.15567483,0.038918708
12448,0.4270257,0.17913218,0.6749192,1.1850114,0.0,1.1850114,0.29625285
12449,0.22080834,0.16248907,0.27912763,0.6537631,0.0,0.6537631,0.16344078
12450,0.17247695,0.17763849,0.16731541,0.067564435,0.0,0.067564435,0.016891109
12451,0.17258863,0.18891089,0.15626639,0.3898143,0.0,0.3898143,0.09745357
12452,0.31169257,0.20408265,0.41930246,0.10736086,0.0,0.10736086,0.026840216
12453,0.4272126,0.17951703,0.67490816,0.19951467,0.0,0.19951467,0.049878668
12454,0.15954627,0.1616607,0.15743184,0.032240737,0.0,0.032240737,0.008060184
12455,0.8816443,0.1604476,1.602841,0.8520741,0.0,0.8520741,0.21301852
12456,0.5178557,0.16649018,0.8692212,0.36970082,0.0,0.36970082,0.092425205
12457,0.20561273,0.14690082,0.26432467,0.05455618,0.0,0.05455618,0.013639045
12458,1.1869446,0.13740093,2.236488,1.4386153,0.0,1.4386153,0.35965383
12459,0.33312145,0.14144093,0.524802,0.1764767,0.0,0.1764767,0.044119176
12460,0.29835096,0.16498601,0.43171588,0.12770474,0.0,0.12770474,0.031926185
12461,0.28614464,0.18371858,0.3885707,0.8508298,0.0,0.8508298,0.21270745
12462,0.19332676,0.20047784,0.18617564,0.3555504,0.0,0.3555504,0.0888876
12463,0.2184736,0.21030748,0.22663969,0.3083608,0.0,0.3083608,0.0770902
12464,0.16644329,0.1881286,0.14475797,0.15963219,0.0,0.15963219,0.039908048
12465,0.7163112,0.17066419,1.2619582,0.56260794,0.0,0.56260794,0.14065199
12466,0.1404927,0.15094163,0.13004375,0.14642209,0.0,0.14642209,0.036605522
12467,0.15477979,0.16527547,0.14428411,0.09954244,0.0,0.09954244,0.02488561
12468,0.2314953,0.18242021,0.28057042,0.0485635,0.0,0.0485635,0.012140875
12469,0.520482,0.173522,0.86744195,0.35519114,0.0,0.35519114,0.088797785
12470,0.16288422,0.15438634,0.17138211,0.34396338,0.0,0.34396338,0.085990846
12471,0.87136364,0.162091,1.5806364,0.92041785,0.0,0.92041785,0.23010446
12472,0.22094631,0.16857111,0.27332154,0.0508748,0.0,0.0508748,0.0127187
12473,0.7747142,0.18223794,1.3671904,0.64425904,0.0,0.64425904,0.16106476
12474,0.17511886,0.19269955,0.15753818,0.04848722,0.0,0.04848722,0.012121805
12475,0.32647392,0.21342786,0.43951997,0.11211076,0.0,0.11211076,0.02802769
12476,0.36892736,0.21061923,0.5272355,0.13214378,0.0,0.13214378,0.033035945
12477,0.77498746,0.17185932,1.3781157,0.704233,0.0,0.704233,0.17605825
12478,0.54977584,0.16080032,0.9387514,1.4745029,0.0,1.4745029,0.36862573
12479,0.13049972,0.1646988,0.09630064,0.052506138,0.0,0.052506138,0.013126534
12480,0.16405952,0.19122285,0.1368962,0.06548476,0.0,0.06548476,0.01637119
12481,0.27248374,0.17529313,0.36967435,0.06110354,0.0,0.06110354,0.015275885
12482,0.3939798,0.17961913,0.60834044,0.985738,0.0,0.985738,0.2464345
12483,0.30196333,0.16934246,0.43458423,0.1114429,0.0,0.1114429,0.027860725
12484,0.20652409,0.1654177,0.24763048,0.19136162,0.0,0.19136162,0.047840405
12485,0.12820205,0.16630001,0.09010408,0.0823257,0.0,0.0823257,0.020581424
12486,0.3292798,0.18046212,0.47809753,0.6795349,0.0,0.6795349,0.16988373
12487,0.6687773,0.20207159,1.1354831,0.508495,0.0,0.508495,0.12712374
12488,0.24571471,0.21683024,0.2745992,0.35991177,0.0,0.35991177,0.08997794
12489,0.39742127,0.22445847,0.5703841,0.77652544,0.0,0.77652544,0.19413136
12490,0.8191317,0.21676254,1.4215008,0.6625597,0.0,0.6625597,0.16563992
12491,0.4757937,0.20555167,0.74603575,0.30923444,0.0,0.30923444,0.07730861
12492,0.67825174,0.18392818,1.1725754,0.6366979,0.0,0.6366979,0.15917447
12493,0.8141971,0.16507743,1.4633169,0.80576485,0.0,0.80576485,0.20144121
12494,0.18131192,0.14560224,0.21702163,0.02071738,0.0,0.02071738,0.005179345
12495,0.55964977,0.14361973,0.9756799,0.55209786,0.0,0.55209786,0.13802446
12496,0.2028218,0.15218294,0.25346068,0.039186697,0.0,0.039186697,0.009796674
12497,1.2541809,0.14462402,2.3637378,1.5625178,0.0,1.5625178,0.39062944
12498,0.20840073,0.13471888,0.2820826,0.04490623,0.0,0.04490623,0.011226557
12499,0.36648712,0.14235806,0.59061617,0.2842333,0.0,0.2842333,0.071058325
12500,0.13408245,0.16631465,0.10185027,0.090941735,0.0,0.090941735,0.022735434
12501,1.1274552,0.16727917,2.0876312,1.2388258,0.0,1.2388258,0.30970645
12502,0.14315352,0.16713591,0.11917112,0.055039074,0.0,0.055039074,0.013759769
12503,0.26119187,0.15775259,0.36463118,0.11165617,0.0,0.11165617,0.027914042
12504,0.42906114,0.18088412,0.67723817,0.3048482,0.0,0.3048482,0.07621205
12505,0.3214362,0.14442585,0.49844658,0.22769862,0.0,0.22769862,0.056924656
12506,0.49183774,0.12578584,0.85788965,0.5438721,0.0,0.5438721,0.13596803
12507,0.3114077,0.11366203,0.5091533,0.2165903,0.0,0.2165903,0.054147575
12508,0.1875072,0.14003332,0.23498105,0.19653279,0.0,0.19653279,0.049133196
12509,0.50641805,0.16846521,0.8443709,0.52069896,0.0,0.52069896,0.13017474
12510,0.5462255,0.19498873,0.8974622,0.4706804,0.0,0.4706804,0.1176701
12511,0.17205782,0.20849647,0.13561916,0.13590682,0.0,0.13590682,0.033976704
12512,0.24877055,0.20072322,0.29681787,0.34620953,0.0,0.34620953,0.08655238
12513,0.3696209,0.16982521,0.5694165,0.2399749,0.0,0.2399749,0.059993725
12514,0.22393453,0.1573412,0.29052785,0.08187149,0.0,0.08187149,0.020467872
12515,0.17106645,0.1538011,0.18833178,0.07615738,0.0,0.07615738,0.019039346
12516,0.3959905,0.13873781,0.6532431,0.39143717,0.0,0.39143717,0.09785929
12517,0.24232988,0.12202084,0.36263892,0.15468454,0.0,0.15468454,0.038671136
12518,0.168162,0.10888105,0.22744296,0.119321726,0.0,0.119321726,0.029830432
12519,0.566802,0.12763406,1.00597,0.58791906,0.0,0.58791906,0.14697976
12520,0.17183016,0.13580747,0.20785284,0.036826205,0.0,0.036826205,0.009206551
12521,0.29018298,0.13202992,0.44833604,0.5925066,0.0,0.5925066,0.14812665
12522,0.22735973,0.13229957,0.32241988,0.08191499,0.0,0.08191499,0.020478748
12523,0.18476403,0.14252038,0.22700764,0.05856063,0.0,0.05856063,0.014640157
12524,0.17282887,0.13995376,0.20570397,0.06824864,0.0,0.06824864,0.01706216
12525,0.42482638,0.12568407,0.7239687,0.8996585,0.0,0.8996585,0.22491463
12526,0.15405624,0.119387686,0.18872477,0.24248265,0.0,0.24248265,0.06062066
12527,0.16467147,0.11206464,0.2172783,0.27175906,0.0,0.27175906,0.067939766
12528,0.15493141,0.11488688,0.19497596,0.06495535,0.0,0.06495535,0.016238837
12529,0.38457477,0.102633715,0.6665158,0.76585454,0.0,0.76585454,0.19146363
12530,0.14203025,0.10714027,0.17692024,0.20872976,0.0,0.20872976,0.05218244
12531,0.3390831,0.115532614,0.5626336,0.2800701,0.0,0.2800701,0.070017524
12532,0.18322076,0.13846318,0.22797835,0.15859574,0.0,0.15859574,0.039648935
12533,0.17380778,0.15322559,0.19438998,0.24847758,0.0,0.24847758,0.062119395
12534,1.3128688,0.15278965,2.472948,1.743939,0.0,1.743939,0.43598476
12535,0.41552815,0.1425548,0.6885014,0.29826435,0.0,0.29826435,0.07456609
12536,0.6312333,0.1186882,1.1437783,0.6600387,0.0,0.6600387,0.16500968
12537,0.15056285,0.097777925,0.20334779,0.3154554,0.0,0.3154554,0.07886385
12538,0.1405559,0.08467921,0.19643259,0.05844223,0.0,0.05844223,0.014610558
12539,0.3482715,0.07705336,0.6194896,0.36584044,0.0,0.36584044,0.09146011
12540,0.4298763,0.07717585,0.78257674,0.54008776,0.0,0.54008776,0.13502194
12541,0.9843767,0.082388796,1.8863646,1.4969139,0.0,1.4969139,0.37422848
12542,0.087796725,0.080172904,0.09542056,0.06275616,0.0,0.06275616,0.01568904
12543,0.15778272,0.08310404,0.2324614,0.087863855,0.0,0.087863855,0.021965964
12544,0.1456895,0.08511049,0.2062685,0.3184341,0.0,0.3184341,0.07960852
12545,0.11667175,0.08514961,0.1481939,0.1397915,0.0,0.1397915,0.034947876
12546,0.7801535,0.088122815,1.4721842,1.0397409,0.0,1.0397409,0.25993523
12547,0.2272396,0.09674585,0.35773334,0.21595876,0.0,0.21595876,0.05398969
12548,0.08634942,0.109962285,0.06273655,0.15679179,0.0,0.15679179,0.039197948
12549,0.11820922,0.10923368,0.12718476,0.022216557,0.0,0.022216557,0.005554139
12550,0.3236009,0.09884461,0.5483572,0.88305306,0.0,0.88305306,0.22076327
12551,0.1297334,0.109259784,0.15020701,0.05324177,0.0,0.05324177,0.013310443
12552,0.12342551,0.1342475,0.11260352,0.3167574,0.0,0.3167574,0.07918935
12553,0.48029462,0.119464956,0.8411243,1.3513526,0.0,1.3513526,0.33783814
12554,0.090573154,0.11722707,0.06391923,0.11029977,0.0,0.11029977,0.027574943
12555,0.14446174,0.12029759,0.16862588,0.19131488,0.0,0.19131488,0.04782872
12556,0.15952729,0.13241653,0.18663804,0.028104039,0.0,0.028104039,0.0070260097
12557,0.17997551,0.15331127,0.20663972,0.33741507,0.0,0.33741507,0.08435377
12558,0.21842746,0.16328464,0.27357027,0.0426289,0.0,0.0426289,0.010657225
12559,0.2606227,0.18206942,0.33917597,0.71246576,0.0,0.71246576,0.17811644
12560,0.18531924,0.1876725,0.182966,0.13020958,0.0,0.13020958,0.032552395
12561,0.15685059,0.17121471,0.14248647,0.053237762,0.0,0.053237762,0.013309441
12562,0.13429159,0.14121674,0.12736644,0.055822164,0.0,0.055822164,0.013955541
12563,0.94450504,0.12885004,1.7601601,1.0911741,0.0,1.0911741,0.27279353
12564,0.69585943,0.12709872,1.2646201,0.69108576,0.0,0.69108576,0.17277144
12565,0.46763638,0.1518748,0.783398,0.31167418,0.0,0.31167418,0.077918544
12566,0.22364824,0.1794494,0.26784706,0.65582657,0.0,0.65582657,0.16395664
12567,0.15445502,0.20476775,0.10414231,0.24690385,0.0,0.24690385,0.061725963
12568,0.1945446,0.20999737,0.1790918,0.46147323,0.0,0.46147323,0.11536831
12569,0.2917948,0.20450675,0.3790829,0.06382405,0.0,0.06382405,0.015956013
12570,0.5392842,0.20460321,0.87396526,0.26565483,0.0,0.26565483,0.06641371
12571,0.22047277,0.2363749,0.20457065,0.04984522,0.0,0.04984522,0.012461305
12572,0.5042792,0.26582757,0.7427308,1.5298303,0.0,1.5298303,0.38245758
12573,0.35572687,0.2703301,0.44112363,0.07443518,0.0,0.07443518,0.018608795
12574,0.6481739,0.29105094,1.005297,0.2804709,0.0,0.2804709,0.07011773
12575,0.95041114,0.3239238,1.5768986,0.54413694,0.0,0.54413694,0.13603424
12576,0.2362587,0.3346313,0.1378861,0.42524084,0.0,0.42524084,0.10631021
12577,0.6462914,0.29061517,1.0019675,0.26436606,0.0,0.26436606,0.066091515
12578,0.43331686,0.24748163,0.6191521,0.17555033,0.0,0.17555033,0.04388758
12579,0.32940593,0.25276217,0.4060497,0.050923783,0.0,0.050923783,0.012730946
12580,0.461807,0.2666228,0.6569912,1.3614407,0.0,1.3614407,0.34036016
12581,0.25440773,0.2927074,0.21610804,0.07559534,0.0,0.07559534,0.018898835
12582,0.55193377,0.28745925,0.8164082,0.20173557,0.0,0.20173557,0.050433893
12583,0.2153687,0.27523845,0.15549898,0.26618457,0.0,0.26618457,0.06654614
12584,0.3556815,0.24863009,0.46273288,0.096664906,0.0,0.096664906,0.024166226
12585,0.9680608,0.20545585,1.7306658,0.8410751,0.0,0.8410751,0.21026878
12586,0.28016263,0.18356065,0.37676463,0.0720489,0.0,0.0720489,0.018012226
12587,0.4379754,0.19188505,0.68406576,0.2156924,0.0,0.2156924,0.0539231
12588,0.3282013,0.22413428,0.4322683,0.96190375,0.0,0.96190375,0.24047594
12589,0.2552187,0.26926103,0.24117641,0.027361142,0.0,0.027361142,0.0068402854
12590,0.47211346,0.30330086,0.64092606,0.120883994,0.0,0.120883994,0.030220998
12591,0.6912826,0.3706139,1.0119513,0.25218883,0.0,0.25218883,0.06304721
12592,0.34967875,0.357461,0.34189653,0.04766648,0.0,0.04766648,0.01191662
12593,0.9230049,0.35024667,1.4957632,0.53852195,0.0,0.53852195,0.13463049
12594,0.2534175,0.343436,0.16339898,0.1572938,0.0,0.1572938,0.03932345
12595,1.0118142,0.37989232,1.6437362,0.5670802,0.0,0.5670802,0.14177005
12596,0.30102444,0.3548673,0.2471816,0.114896834,0.0,0.114896834,0.028724208
12597,0.43892372,0.272328,0.6055195,1.2519847,0.0,1.2519847,0.31299618
12598,0.314337,0.24489409,0.38377985,0.049048275,0.0,0.049048275,0.012262069
12599,0.50006694,0.24936451,0.7507693,0.20986038,0.0,0.20986038,0.052465096
12600,0.5152835,0.28054085,0.7500262,0.20100947,0.0,0.20100947,0.050252367
12601,0.49428126,0.27451372,0.7140488,0.18875396,0.0,0.18875396,0.04718849
12602,0.38306466,0.315953,0.45017636,0.040906236,0.0,0.040906236,0.010226559
12603,0.33462927,0.37850806,0.29075047,0.2512299,0.0,0.2512299,0.06280748
12604,0.89465857,0.43129966,1.3580174,0.3801067,0.0,0.3801067,0.09502667
12605,0.63454723,0.46780798,0.80128646,0.09580541,0.0,0.09580541,0.023951352
12606,0.39365277,0.46438584,0.32291964,0.5202731,0.0,0.5202731,0.13006827
12607,0.61968195,0.45802698,0.78133696,0.08813914,0.0,0.08813914,0.022034785
12608,0.5473946,0.41048005,0.6843092,1.6266552,0.0,1.6266552,0.4066638
12609,0.29658595,0.33244237,0.26072955,0.37790743,0.0,0.37790743,0.09447686
12610,0.23053296,0.2649479,0.19611806,0.191857,0.0,0.191857,0.04796425
12611,0.42907643,0.22970963,0.62844324,0.17771816,0.0,0.17771816,0.04442954
12612,0.17215121,0.20648997,0.13781245,0.16988677,0.0,0.16988677,0.042471692
12613,0.20455664,0.21795277,0.19116051,0.31865546,0.0,0.31865546,0.079663865
12614,0.48094308,0.22209193,0.73979425,0.24180014,0.0,0.24180014,0.060450036
12615,0.20012657,0.22406279,0.17619038,0.12547845,0.0,0.12547845,0.03136961
12616,0.8006621,0.20513779,1.3961865,0.7490403,0.0,0.7490403,0.18726008
12617,0.15616219,0.1764092,0.13591518,0.080635644,0.0,0.080635644,0.020158911
12618,0.30591556,0.16251019,0.44932094,0.12873513,0.0,0.12873513,0.03218378
12619,0.30266726,0.16603583,0.43929872,0.895114,0.0,0.895114,0.2237785
12620,0.31231308,0.17857863,0.44604754,0.8665858,0.0,0.8665858,0.21664645
12621,0.21998405,0.18834619,0.25162193,0.527644,0.0,0.527644,0.131911
12622,0.5086333,0.20459603,0.8126705,0.30829754,0.0,0.30829754,0.077074386
12623,1.1177438,0.22419105,2.0112967,1.0760878,0.0,1.0760878,0.26902196
12624,0.20658106,0.24870546,0.16445664,0.13890077,0.0,0.13890077,0.034725193
12625,0.25752008,0.23464392,0.28039625,0.4792365,0.0,0.4792365,0.11980913
12626,0.4248142,0.21859051,0.6310379,0.16290922,0.0,0.16290922,0.040727306
12627,0.59064406,0.22991537,0.9513728,0.34825042,0.0,0.34825042,0.087062605
12628,0.39393654,0.23795229,0.5499208,0.16736935,0.0,0.16736935,0.041842338
12629,0.3026247,0.23884928,0.36640012,0.82184607,0.0,0.82184607,0.20546152
12630,0.41239786,0.23207939,0.5927164,0.9423103,0.0,0.9423103,0.23557757
12631,0.2525071,0.25165036,0.25336385,0.47782907,0.0,0.47782907,0.11945727
12632,0.33950818,0.24857797,0.43043837,0.061515916,0.0,0.061515916,0.015378979
12633,0.23750846,0.23138003,0.24363686,0.0898708,0.0,0.0898708,0.0224677
12634,1.081029,0.21514066,1.9469174,1.1036533,0.0,1.1036533,0.27591333
12635,0.22001244,0.20731771,0.23270719,0.047280792,0.0,0.047280792,0.011820198
12636,0.22934307,0.18600708,0.27267906,0.06315735,0.0,0.06315735,0.015789337
12637,0.3594142,0.1627696,0.5560587,0.15986596,0.0,0.15986596,0.03996649
12638,0.578365,0.17032798,0.98640203,1.5541271,0.0,1.5541271,0.38853177
12639,0.16441889,0.1839116,0.14492618,0.32919487,0.0,0.32919487,0.08229872
12640,0.9286425,0.17782898,1.6794561,0.93120265,0.0,0.93120265,0.23280066
12641,0.2292914,0.16609351,0.2924893,0.063207835,0.0,0.063207835,0.015801959
12642,0.16068208,0.1754803,0.14588384,0.29439726,0.0,0.29439726,0.073599316
12643,0.27659926,0.20443074,0.34876776,0.103285946,0.0,0.103285946,0.025821486
12644,0.6621776,0.2342747,1.0900806,0.40053836,0.0,0.40053836,0.10013459
12645,0.34618673,0.26323187,0.42914155,0.10050652,0.0,0.10050652,0.02512663
12646,0.20929404,0.28965402,0.12893407,0.18075563,0.0,0.18075563,0.045188908
12647,0.5830892,0.32482976,0.84134865,0.16534583,0.0,0.16534583,0.04133646
12648,0.48685884,0.34345892,0.63025874,0.14565365,0.0,0.14565365,0.036413413
12649,0.4809854,0.3042529,0.6577179,1.151433,0.0,1.151433,0.28785825
12650,0.21821995,0.29039147,0.14604843,0.18491377,0.0,0.18491377,0.046228442
12651,0.20690604,0.28750592,0.12630616,0.18898089,0.0,0.18898089,0.047245223
12652,0.409876,0.2860966,0.53365535,0.11929333,0.0,0.11929333,0.029823333
12653,0.73343134,0.29468554,1.1721771,0.36196136,0.0,0.36196136,0.09049034
12654,0.39314845,0.33209288,0.45420405,0.07429015,0.0,0.07429015,0.018572537
12655,0.57532185,0.36156273,0.7890809,0.1181638,0.0,0.1181638,0.02954095
12656,0.520932,0.34282407,0.69903994,0.16965108,0.0,0.16965108,0.04241277
12657,0.30166802,0.30630484,0.2970312,0.119901836,0.0,0.119901836,0.029975459
12658,0.20821021,0.27324829,0.14317214,0.47085777,0.0,0.47085777,0.11771444
12659,0.42352661,0.23826365,0.6087895,0.20499186,0.0,0.20499186,0.051247966
12660,0.33615088,0.20500962,0.46729216,0.11761782,0.0,0.11761782,0.029404456
12661,0.3097535,0.17481585,0.44469115,0.17390001,0.0,0.17390001,0.043475002
12662,0.2950148,0.17203562,0.417994,0.7784341,0.0,0.7784341,0.19460852
12663,0.1889459,0.18185192,0.1960399,0.07964309,0.0,0.07964309,0.019910773
12664,1.036834,0.1828866,1.8907814,1.0375713,0.0,1.0375713,0.25939283
12665,0.87796575,0.18434815,1.5715834,0.8242755,0.0,0.8242755,0.20606887
12666,0.15552534,0.18404366,0.12700701,0.18293367,0.0,0.18293367,0.04573342
12667,0.5550705,0.19434525,0.9157958,0.34941873,0.0,0.34941873,0.08735468
12668,1.1533023,0.20052798,2.1060765,1.135827,0.0,1.135827,0.28395674
12669,0.505675,0.17687379,0.83447623,0.29581785,0.0,0.29581785,0.07395446
12670,0.36322054,0.17002313,0.55641794,0.15342434,0.0,0.15342434,0.038356084
12671,0.20750439,0.17448066,0.2405281,0.074408315,0.0,0.074408315,0.018602079
12672,0.36409125,0.19479172,0.53339076,0.99066925,0.0,0.99066925,0.24766731
12673,0.22019005,0.18891175,0.25146833,0.049686372,0.0,0.049686372,0.012421593
12674,0.19139622,0.22232623,0.1604662,0.14899443,0.0,0.14899443,0.037248608
12675,0.38713518,0.23598516,0.5382852,0.1095955,0.0,0.1095955,0.027398875
12676,0.68944407,0.2286293,1.1502589,0.4307007,0.0,0.4307007,0.10767517
12677,1.1131917,0.20582443,2.020559,1.0864772,0.0,1.0864772,0.2716193
12678,0.4058816,0.22589238,0.5858708,1.227646,0.0,1.227646,0.3069115
12679,0.3017805,0.27771333,0.32584763,0.8800122,0.0,0.8800122,0.22000305
12680,0.74557894,0.29472336,1.1964345,0.38312438,0.0,0.38312438,0.095781095
12681,0.23658474,0.27139667,0.20177281,0.048304405,0.0,0.048304405,0.012076101
12682,0.22721736,0.24431348,0.21012121,0.51331145,0.0,0.51331145,0.12832786
12683,0.20921068,0.22619289,0.19222845,0.16628815,0.0,0.16628815,0.041572038
12684,0.43098196,0.20375061,0.65821326,0.18462707,0.0,0.18462707,0.046156768
12685,0.20240939,0.19806355,0.20675524,0.03969352,0.0,0.03969352,0.00992338
12686,0.18452936,0.19290201,0.17615671,0.2033052,0.0,0.2033052,0.0508263
12687,1.4576249,0.189288,2.7259617,1.697463,0.0,1.697463,0.42436576
12688,0.48095033,0.18625855,0.7756421,0.331326,0.0,0.331326,0.0828315
12689,0.22387898,0.18438685,0.26337108,0.053575296,0.0,0.053575296,0.013393824
12690,0.39466158,0.18844981,0.6008733,0.23333345,0.0,0.23333345,0.058333363
12691,0.45544136,0.18535055,0.7255321,0.30223936,0.0,0.30223936,0.07555984
12692,0.1858478,0.18609995,0.18559568,0.10787036,0.0,0.10787036,0.02696759
12693,0.2417223,0.18538041,0.2980642,0.30784908,0.0,0.30784908,0.07696227
12694,0.17696397,0.17755912,0.17636879,0.14657825,0.0,0.14657825,0.036644563
12695,0.30660382,0.17800832,0.4351993,0.12121043,0.0,0.12121043,0.030302608
12696,0.2740724,0.19015415,0.35799065,0.07194451,0.0,0.07194451,0.017986128
12697,0.18185182,0.19083947,0.1728642,0.020545932,0.0,0.020545932,0.005136483
12698,0.32958117,0.19595297,0.46320936,0.11234403,0.0,0.11234403,0.028086007
12699,0.77855706,0.2216072,1.3355069,0.6816123,0.0,0.6816123,0.17040308
12700,0.33766273,0.2282898,0.44703567,0.080597945,0.0,0.080597945,0.020149486
12701,1.0720698,0.21106887,1.9330707,1.1148733,0.0,1.1148733,0.27871832
12702,0.21543892,0.21887617,0.2120017,0.21523333,0.0,0.21523333,0.05380833
12703,0.22130764,0.23138733,0.21122795,0.124159195,0.0,0.124159195,0.031039799
12704,0.51761335,0.23966892,0.7955578,0.3017958,0.0,0.3017958,0.07544895
12705,0.34785295,0.23885798,0.4568479,0.11601507,0.0,0.11601507,0.029003767
12706,0.64187115,0.24510658,1.0386357,0.48295927,0.0,0.48295927,0.12073982
12707,0.27727655,0.25447378,0.30007932,0.54089314,0.0,0.54089314,0.13522328
12708,0.49917093,0.25609174,0.74225014,0.2435828,0.0,0.2435828,0.0608957
12709,0.2608623,0.25634134,0.26538324,0.08312363,0.0,0.08312363,0.020780908
12710,0.32042858,0.2549311,0.3859261,0.09960103,0.0,0.09960103,0.024900258
12711,0.31621787,0.2538358,0.37859997,0.03949285,0.0,0.03949285,0.009873212
12712,0.32077128,0.25670508,0.38483748,0.1903262,0.0,0.1903262,0.04758155
12713,0.22013254,0.24850984,0.19175528,0.099386334,0.0,0.099386334,0.024846584
12714,0.2483483,0.25045016,0.24624641,0.04340331,0.0,0.04340331,0.010850827
12715,0.8657717,0.26400805,1.4675354,0.91455775,0.0,0.91455775,0.22863944
12716,0.40162942,0.24070652,0.5625523,0.20365483,0.0,0.20365483,0.050913706
12717,1.1742644,0.21511073,2.133418,1.4394412,0.0,1.4394412,0.3598603
12718,0.49332008,0.20539635,0.7812438,0.98504895,0.0,0.98504895,0.24626224
12719,0.47630492,0.19547443,0.7571354,0.42992964,0.0,0.42992964,0.10748241
12720,1.1819774,0.19243975,2.1715152,1.5724922,0.0,1.5724922,0.39312306
12721,0.38769737,0.17830952,0.59708524,0.3571035,0.0,0.3571035,0.089275874
12722,0.93693906,0.16293661,1.7109414,1.3487657,0.0,1.3487657,0.33719143
12723,0.18464296,0.15152128,0.21776462,0.105636,0.0,0.105636,0.026409
12724,0.17709525,0.14668015,0.20751035,0.15046994,0.0,0.15046994,0.037617486
12725,0.4918251,0.14090571,0.8427445,0.7694443,0.0,0.7694443,0.19236107
12726,0.14924915,0.13886763,0.15963067,0.02960386,0.0,0.02960386,0.007400965
12727,0.26064712,0.13546176,0.38583246,0.28457943,0.0,0.28457943,0.07114486
12728,0.39182404,0.14102681,0.6426213,0.53234273,0.0,0.53234273,0.13308568
12729,0.69745326,0.1455637,1.2493428,0.96349764,0.0,0.96349764,0.24087441
12730,0.20847346,0.14448853,0.2724584,0.19462365,0.0,0.19462365,0.048655912
12731,0.14948471,0.14508246,0.15388696,0.04338348,0.0,0.04338348,0.01084587
12732,0.24814367,0.14753346,0.3487539,0.3162928,0.0,0.3162928,0.0790732
12733,0.56673914,0.14568816,0.9877901,1.0793242,0.0,1.0793242,0.26983106
12734,0.18376493,0.14258237,0.22494751,0.0921242,0.0,0.0921242,0.02303105
12735,0.24046199,0.14809658,0.33282742,0.11314485,0.0,0.11314485,0.028286213
12736,0.31171083,0.15898031,0.4644414,0.19030619,0.0,0.19030619,0.047576547
12737,0.41403362,0.16574694,0.6623203,0.3251759,0.0,0.3251759,0.08129398
12738,0.45994994,0.17467533,0.74522454,0.41273943,0.0,0.41273943,0.10318486
12739,0.18096058,0.16602854,0.19589263,0.05754822,0.0,0.05754822,0.014387055
12740,0.20406948,0.16515127,0.24298769,0.22211175,0.0,0.22211175,0.055527937
12741,0.25509366,0.15165235,0.35853496,0.35479608,0.0,0.35479608,0.08869902
12742,0.7263875,0.14584245,1.3069326,0.8505351,0.0,0.8505351,0.21263377
12743,0.3652556,0.13735388,0.5931573,0.32419047,0.0,0.32419047,0.08104762
12744,0.6504243,0.13180639,1.1690422,0.79307395,0.0,0.79307395,0.19826849
12745,0.55457526,0.124961816,0.9841888,0.6634429,0.0,0.6634429,0.16586073
12746,0.184759,0.121708214,0.24780978,0.17827885,0.0,0.17827885,0.044569712
12747,0.68198204,0.12570703,1.238257,0.87522584,0.0,0.87522584,0.21880646
12748,1.0731806,0.13229567,2.0140655,1.5998516,0.0,1.5998516,0.3999629
12749,0.2797801,0.12894715,0.43061304,0.23529458,0.0,0.23529458,0.058823645
12750,0.27844498,0.12188532,0.43500462,0.20959012,0.0,0.20959012,0.05239753
12751,0.50801104,0.10802119,0.9080009,0.6678155,0.0,0.6678155,0.16695388
12752,1.0858407,0.10063556,2.0710459,1.6706835,0.0,1.6706835,0.41767088
12753,0.8205769,0.095644765,1.545509,1.1413134,0.0,1.1413134,0.28532836
12754,0.102083005,0.09573397,0.10843203,0.06309628,0.0,0.06309628,0.01577407
12755,0.38638234,0.1024281,0.67033654,0.42600954,0.0,0.42600954,0.106502384
12756,0.114584565,0.10037815,0.12879097,0.050767567,0.0,0.050767567,0.012691892
12757,0.29611805,0.09687332,0.49536276,0.32258937,0.0,0.32258937,0.08064734
12758,0.49983445,0.09425596,0.9054129,0.95765305,0.0,0.95765305,0.23941326
12759,0.21034229,0.10358099,0.31710356,0.20723177,0.0,0.20723177,0.051807944
12760,0.27159357,0.1215302,0.42165694,0.22543937,0.0,0.22543937,0.056359842
12761,0.62151194,0.14125954,1.1017643,0.78747886,0.0,0.78747886,0.19686972
12762,0.27998504,0.15385804,0.40611205,0.11378133,0.0,0.11378133,0.028445333
12763,0.5927146,0.16298091,1.0224483,0.6451143,0.0,0.6451143,0.16127858
12764,0.26646695,0.18293245,0.35000145,0.115269095,0.0,0.115269095,0.028817274
12765,0.50667524,0.16634959,0.8470009,0.4933361,0.0,0.4933361,0.12333403
12766,0.76856494,0.17392832,1.3632016,0.7326763,0.0,0.7326763,0.18316908
12767,0.95788056,0.18193643,1.7338247,1.0802644,0.0,1.0802644,0.2700661
12768,0.24959604,0.20447177,0.29472032,0.5001211,0.0,0.5001211,0.12503028
12769,0.56105185,0.18768585,0.9344179,0.5485804,0.0,0.5485804,0.1371451
12770,0.38244534,0.17471643,0.5901742,0.6322987,0.0,0.6322987,0.15807468
12771,0.27436382,0.16990928,0.37881836,0.24999528,0.0,0.24999528,0.06249882
12772,0.6745519,0.17786856,1.1712352,1.4332794,0.0,1.4332794,0.35831985
12773,0.15266171,0.19015716,0.11516627,0.13002928,0.0,0.13002928,0.03250732
12774,0.3054935,0.17451687,0.43647012,0.25290754,0.0,0.25290754,0.063226886
12775,0.51463926,0.16665341,0.8626251,0.9094558,0.0,0.9094558,0.22736394
12776,0.28278095,0.15223718,0.4133247,0.1510321,0.0,0.1510321,0.037758026
12777,0.43342304,0.13758041,0.7292657,0.48340335,0.0,0.48340335,0.12085084
12778,0.2955211,0.13626328,0.45477894,0.44797942,0.0,0.44797942,0.111994855
12779,0.1326981,0.15067632,0.11471989,0.067927495,0.0,0.067927495,0.016981874
12780,0.14086013,0.14463152,0.13708873,0.03630792,0.0,0.03630792,0.00907698
12781,0.49720982,0.12800959,0.8664101,0.592519,0.0,0.592519,0.14812975
12782,0.2078007,0.11080861,0.30479282,0.091460146,0.0,0.091460146,0.022865037
12783,0.11689782,0.10689864,0.12689699,0.10548272,0.0,0.10548272,0.02637068
12784,0.50479,0.10868164,0.9008984,0.7408383,0.0,0.7408383,0.18520957
12785,0.32617065,0.104128815,0.54821247,0.3589623,0.0,0.3589623,0.089740574
12786,0.22777401,0.096716456,0.35883155,0.33707103,0.0,0.33707103,0.08426776
12787,0.92723346,0.09687624,1.7575907,1.4472338,0.0,1.4472338,0.36180845
12788,0.1542663,0.10934222,0.19919038,0.03283627,0.0,0.03283627,0.008209067
12789,0.6596047,0.11093193,1.2082776,1.2218453,0.0,1.2218453,0.30546132
12790,0.24474062,0.121733226,0.36774802,0.12047619,0.0,0.12047619,0.030119047
12791,0.46376133,0.12806402,0.7994587,0.5900182,0.0,0.5900182,0.14750455
12792,0.25115022,0.12764603,0.3746544,0.2321068,0.0,0.2321068,0.0580267
12793,0.48286238,0.114957534,0.8507672,0.74073046,0.0,0.74073046,0.18518262
12794,0.3469669,0.11299183,0.580942,0.5605216,0.0,0.5605216,0.1401304
12795,0.16137652,0.13467556,0.1880775,0.041332647,0.0,0.041332647,0.010333162
12796,0.2667124,0.15617053,0.37725425,0.1497121,0.0,0.1497121,0.037428025
12797,0.32612008,0.18181463,0.47042552,0.32654184,0.0,0.32654184,0.08163546
12798,0.3745841,0.17095768,0.57821053,0.37547907,0.0,0.37547907,0.09386977
12799,0.71683437,0.15268815,1.2809806,1.2885014,0.0,1.2885014,0.32212535
12800,0.32868978,0.12648326,0.53089625,0.45085776,0.0,0.45085776,0.11271444
12801,0.123583324,0.104100086,0.14306657,0.078886144,0.0,0.078886144,0.019721536
12802,0.11917752,0.096457236,0.14189781,0.08310186,0.0,0.08310186,0.020775465
12803,0.2806219,0.09502303,0.46622074,0.42369005,0.0,0.42369005,0.10592251
12804,0.123109184,0.08929495,0.15692341,0.041023273,0.0,0.041023273,0.010255818
12805,0.79917854,0.0838508,1.5145062,1.1918675,0.0,1.1918675,0.29796687
12806,0.12869011,0.07934911,0.1780311,0.18322901,0.0,0.18322901,0.045807254
12807,0.20566113,0.07680235,0.33451995,0.17596136,0.0,0.17596136,0.04399034
12808,0.12126801,0.07353479,0.16900124,0.09935808,0.0,0.09935808,0.02483952
12809,0.4358017,0.0694317,0.8021717,0.774775,0.0,0.774775,0.19369376
12810,0.1614626,0.06450492,0.2584203,0.2376244,0.0,0.2376244,0.0594061
12811,0.55068177,0.067393005,1.0339705,1.0112355,0.0,1.0112355,0.25280887
12812,0.24135798,0.078757316,0.40395865,0.34140384,0.0,0.34140384,0.08535096
12813,0.12905149,0.07966672,0.17843628,0.08843439,0.0,0.08843439,0.022108598
12814,0.40311074,0.08280784,0.72341365,0.7777112,0.0,0.7777112,0.1944278
12815,0.40394232,0.087242626,0.72064203,0.5945787,0.0,0.5945787,0.14864467
12816,0.3412424,0.094674625,0.58781016,0.5199445,0.0,0.5199445,0.12998612
12817,0.23271675,0.09369276,0.37174073,0.21254563,0.0,0.21254563,0.05313641
12818,0.23931362,0.09834763,0.38027963,0.24231261,0.0,0.24231261,0.060578153
12819,0.8064666,0.10476763,1.5081655,1.5131634,0.0,1.5131634,0.37829086
12820,0.134474,0.10483211,0.16411586,0.04161872,0.0,0.04161872,0.01040468
12821,0.2999985,0.10218563,0.49781132,0.42413917,0.0,0.42413917,0.10603479
12822,0.63613683,0.10021371,1.17206,1.1636094,0.0,1.1636094,0.29090235
12823,0.70893544,0.104509115,1.3133618,1.4569689,0.0,1.4569689,0.36424223
12824,0.7099276,0.098256,1.3215994,0.99541694,0.0,0.99541694,0.24885423
12825,0.27351198,0.0950479,0.45197606,0.51528,0.0,0.51528,0.12882
12826,0.6249241,0.0958172,1.1540312,0.8832813,0.0,0.8832813,0.22082032
12827,0.1674484,0.096546,0.2383508,0.1175257,0.0,0.1175257,0.029381424
12828,0.20513032,0.09206069,0.31819996,0.11797396,0.0,0.11797396,0.02949349
12829,0.32279578,0.08855041,0.5570411,0.5424357,0.0,0.5424357,0.13560893
12830,0.4549679,0.08216981,0.827766,0.9102478,0.0,0.9102478,0.22756195
12831,0.101947226,0.08175554,0.12213892,0.030620843,0.0,0.030620843,0.007655211
12832,0.38084313,0.076814264,0.684872,0.5205113,0.0,0.5205113,0.13012783
12833,0.16142185,0.07178391,0.2510598,0.33624458,0.0,0.33624458,0.084061146
12834,0.19445468,0.07224817,0.3166612,0.40861878,0.0,0.40861878,0.102154694
12835,0.159474,0.08074268,0.23820533,0.10922255,0.0,0.10922255,0.027305638
12836,0.12308913,0.094807245,0.151371,0.05936724,0.0,0.05936724,0.01484181
12837,0.33223832,0.095486104,0.5689905,0.56423813,0.0,0.56423813,0.14105953
12838,0.22976469,0.097200476,0.3623289,0.16097103,0.0,0.16097103,0.040242758
12839,0.1115922,0.09795561,0.1252288,0.06376795,0.0,0.06376795,0.015941987
12840,0.1478901,0.09987547,0.19590473,0.06862622,0.0,0.06862622,0.017156554
12841,0.19458097,0.10376066,0.28540128,0.19459935,0.0,0.19459935,0.048649836
12842,0.83119243,0.10838356,1.5540013,1.1461862,0.0,1.1461862,0.28654656
12843,0.15037674,0.12390693,0.17684655,0.04538904,0.0,0.04538904,0.01134726
12844,0.3187379,0.13423754,0.50323826,0.706292,0.0,0.706292,0.176573
12845,1.2876655,0.1384005,2.4369304,1.7662855,0.0,1.7662855,0.44157138
12846,0.1686697,0.14345579,0.19388361,0.052579653,0.0,0.052579653,0.013144913
12847,0.2050113,0.16081482,0.24920775,0.060533047,0.0,0.060533047,0.015133262
12848,0.45558834,0.15827304,0.75290364,1.1474797,0.0,1.1474797,0.2868699
12849,0.65434617,0.14935297,1.1593394,0.5917955,0.0,0.5917955,0.14794888
12850,1.1006021,0.14443803,2.0567663,1.3903513,0.0,1.3903513,0.34758782
12851,0.23882179,0.1416326,0.33601096,0.6682307,0.0,0.6682307,0.16705768
12852,0.3778038,0.13135085,0.6242568,0.22104616,0.0,0.22104616,0.05526154
12853,0.11620256,0.13337278,0.09903234,0.25114396,0.0,0.25114396,0.06278599
12854,0.3775308,0.13688,0.61818165,0.20778626,0.0,0.20778626,0.051946566
12855,0.13091788,0.15291077,0.108924985,0.32627577,0.0,0.32627577,0.08156894
12856,0.20262635,0.15046804,0.25478467,0.6368342,0.0,0.6368342,0.15920855
12857,0.22753803,0.14704579,0.30803028,0.10200193,0.0,0.10200193,0.025500482
12858,0.11744074,0.15868534,0.07619613,0.1837135,0.0,0.1837135,0.045928374
12859,0.36150217,0.1788071,0.54419726,1.1765779,0.0,1.1765779,0.29414448
12860,0.2600421,0.2041624,0.31592178,0.054712515,0.0,0.054712515,0.013678129
12861,1.5396061,0.19226271,2.8869495,1.8271207,0.0,1.8271207,0.45678017
12862,0.9547315,0.17019399,1.7392691,0.9822114,0.0,0.9822114,0.24555285
12863,0.3387082,0.16566454,0.5117519,0.1707201,0.0,0.1707201,0.042680025
12864,0.43714014,0.17896496,0.69531536,1.3683714,0.0,1.3683714,0.34209284
12865,0.54247713,0.17481346,0.9101408,0.3480176,0.0,0.3480176,0.0870044
12866,0.152376,0.1804276,0.1243244,0.1853516,0.0,0.1853516,0.0463379
12867,0.17488591,0.21021257,0.13955925,0.47059992,0.0,0.47059992,0.11764998
12868,0.41150674,0.23065555,0.59235793,0.12568629,0.0,0.12568629,0.031421572
12869,0.50493544,0.26348534,0.7463856,0.1578623,0.0,0.1578623,0.039465576
12870,0.5736866,0.30565783,0.84171534,0.16801286,0.0,0.16801286,0.042003214
12871,1.3372968,0.33114386,2.3434498,0.99599916,0.0,0.99599916,0.24899979
12872,0.31273723,0.33933416,0.2861403,0.39345542,0.0,0.39345542,0.098363854
12873,0.8234417,0.3239304,1.3229529,0.41484773,0.0,0.41484773,0.10371193
12874,1.7893363,0.2768967,3.301776,1.8246778,0.0,1.8246778,0.45616946
12875,0.19692196,0.24846525,0.14537868,0.18149972,0.0,0.18149972,0.04537493
12876,0.17398305,0.22350977,0.12445637,0.06713624,0.0,0.06713624,0.01678406
12877,0.5681017,0.22661519,0.90958816,0.29966187,0.0,0.29966187,0.07491547
12878,1.2358843,0.2289899,2.2427788,1.1674323,0.0,1.1674323,0.29185808
12879,0.4221835,0.22325349,0.62111354,1.3831853,0.0,1.3831853,0.34579632
12880,0.40875944,0.1874365,0.6300824,0.21897419,0.0,0.21897419,0.054743547
12881,0.18862063,0.15678224,0.22045903,0.2607253,0.0,0.2607253,0.06518132
12882,0.18347573,0.14781787,0.21913357,0.3171713,0.0,0.3171713,0.07929283
12883,0.24078546,0.18122236,0.30034855,0.039887015,0.0,0.039887015,0.009971754
12884,0.33817315,0.23464422,0.44170213,0.071932085,0.0,0.071932085,0.017983021
12885,0.23161556,0.25171354,0.21151757,0.04747965,0.0,0.04747965,0.011869912
12886,0.34358612,0.24094236,0.44622993,0.07358075,0.0,0.07358075,0.018395187
12887,0.35731342,0.26309642,0.45153046,0.07137191,0.0,0.07137191,0.017842978
12888,1.368339,0.28451684,2.452161,1.1428939,0.0,1.1428939,0.28572348
12889,0.24865441,0.29407963,0.20322919,0.05701522,0.0,0.05701522,0.014253805
12890,1.8119951,0.2923685,3.331622,1.7771248,0.0,1.7771248,0.4442812
12891,0.543045,0.30173954,0.7843504,0.23664694,0.0,0.23664694,0.059161734
12892,0.33262643,0.26742563,0.39782724,0.03820388,0.0,0.03820388,0.00955097
12893,0.18246555,0.22026056,0.14467056,0.07771609,0.0,0.07771609,0.019429022
12894,0.24201448,0.22190684,0.26212215,0.25010005,0.0,0.25010005,0.06252501
12895,0.31123245,0.25585786,0.36660704,0.33128414,0.0,0.33128414,0.082821034
12896,0.47166148,0.25824764,0.68507534,0.18557441,0.0,0.18557441,0.046393603
12897,0.25064155,0.24496925,0.25631386,0.38004407,0.0,0.38004407,0.09501102
12898,0.2635294,0.23728973,0.28976902,0.32564214,0.0,0.32564214,0.081410535
12899,0.39592323,0.20655286,0.58529353,0.17704122,0.0,0.17704122,0.044260304
12900,0.6559169,0.17988877,1.1319451,0.66114295,0.0,0.66114295,0.16528574
12901,0.60739297,0.15615334,1.0586325,0.66248864,0.0,0.66248864,0.16562216
12902,0.35877466,0.13158764,0.5859617,0.31356478,0.0,0.31356478,0.078391194
12903,0.21248662,0.13760294,0.28737032,0.25899887,0.0,0.25899887,0.06474972
12904,0.3318864,0.1267402,0.5370326,0.5248905,0.0,0.5248905,0.13122262
12905,0.1123488,0.11657039,0.108127214,0.06290581,0.0,0.06290581,0.015726453
12906,0.6890289,0.110664755,1.267393,0.9103074,0.0,0.9103074,0.22757685
12907,0.34913436,0.12567797,0.57259077,0.2933475,0.0,0.2933475,0.07333688
12908,0.14052987,0.14318244,0.13787732,0.06473077,0.0,0.06473077,0.016182693
12909,0.16981566,0.12634586,0.21328549,0.20932503,0.0,0.20932503,0.052331258
12910,0.21245737,0.10859371,0.31632105,0.13644849,0.0,0.13644849,0.034112122
12911,0.31874666,0.11883939,0.5186539,0.53407407,0.0,0.53407407,0.13351852
12912,0.22052045,0.14686666,0.29417425,0.30510095,0.0,0.30510095,0.07627524
12913,0.2113195,0.15462519,0.26801383,0.21667327,0.0,0.21667327,0.054168317
12914,0.23729432,0.17072779,0.30386087,0.3160443,0.0,0.3160443,0.079011075
12915,0.37434706,0.14795606,0.60073805,0.3425293,0.0,0.3425293,0.085632324
12916,0.3610686,0.1174083,0.60472894,0.43083343,0.0,0.43083343,0.10770836
12917,0.69368273,0.09580567,1.2915598,1.2609237,0.0,1.2609237,0.31523094
12918,0.7019219,0.07883516,1.3250086,1.2736536,0.0,1.2736536,0.3184134
12919,0.8136258,0.070106454,1.5571451,1.5796772,0.0,1.5796772,0.3949193
12920,0.5817095,0.06235546,1.1010636,0.9953995,0.0,0.9953995,0.24884987
12921,0.33943656,0.060713887,0.61815923,0.51698565,0.0,0.51698565,0.12924641
12922,0.115485646,0.06507132,0.16589996,0.18399654,0.0,0.18399654,0.045999136
12923,0.5493652,0.070942454,1.027788,0.98333645,0.0,0.98333645,0.24583411
12924,0.08037571,0.07584694,0.084904484,0.017119668,0.0,0.017119668,0.004279917
12925,0.5605826,0.08185982,1.0393053,0.7861188,0.0,0.7861188,0.1965297
12926,0.68447846,0.082852535,1.2861043,1.0894479,0.0,1.0894479,0.27236196
12927,0.58310986,0.094707966,1.0715117,0.76136374,0.0,0.76136374,0.19034094
12928,0.2498161,0.098338306,0.4012939,0.19331269,0.0,0.19331269,0.048328172
12929,0.18196578,0.08974492,0.27418664,0.27572083,0.0,0.27572083,0.06893021
12930,0.28939366,0.0936299,0.4851574,0.30387965,0.0,0.30387965,0.07596991
12931,0.15189147,0.10104906,0.20273389,0.07357707,0.0,0.07357707,0.018394267
12932,0.17678809,0.10321317,0.25036302,0.08054235,0.0,0.08054235,0.020135587
12933,0.12449846,0.08724597,0.16175094,0.049394358,0.0,0.049394358,0.0123485895
12934,0.10201795,0.0812419,0.122794,0.035408035,0.0,0.035408035,0.008852009
12935,0.41238323,0.079042554,0.7457239,0.5684218,0.0,0.5684218,0.14210545
12936,0.42712125,0.07972375,0.7745187,0.71456796,0.0,0.71456796,0.17864199
12937,0.083026685,0.078751676,0.0873017,0.026986629,0.0,0.026986629,0.006746657
12938,0.2784523,0.07899382,0.47791085,0.47030202,0.0,0.47030202,0.117575504
12939,0.12382891,0.083925515,0.16373229,0.08123969,0.0,0.08123969,0.020309923
12940,0.1326331,0.07957331,0.1856929,0.078385375,0.0,0.078385375,0.019596344
12941,0.19437726,0.073613174,0.31514135,0.23616923,0.0,0.23616923,0.05904231
12942,0.122038685,0.07013567,0.17394169,0.077326395,0.0,0.077326395,0.019331599
12943,0.069633104,0.07147535,0.06779086,0.050083105,0.0,0.050083105,0.012520776
12944,0.17571528,0.06787703,0.28355354,0.23358929,0.0,0.23358929,0.058397323
12945,1.0161147,0.06495389,1.9672755,1.7332116,0.0,1.7332116,0.4333029
12946,0.2945083,0.06402267,0.52499396,0.44278073,0.0,0.44278073,0.11069518
12947,0.27630484,0.064733095,0.48787656,0.41763258,0.0,0.41763258,0.104408145
12948,0.24905844,0.06482675,0.43329015,0.3333719,0.0,0.3333719,0.08334298
12949,0.2904074,0.072526105,0.5082887,0.38738975,0.0,0.38738975,0.09684744
12950,0.35745224,0.08781699,0.6270874,0.43150392,0.0,0.43150392,0.10787598
12951,0.44591972,0.099600576,0.7922389,0.5277023,0.0,0.5277023,0.13192557
12952,0.22887011,0.10446764,0.3532726,0.18021266,0.0,0.18021266,0.045053165
12953,0.11286128,0.10454246,0.12118012,0.10931447,0.0,0.10931447,0.027328618
12954,0.26210973,0.10420505,0.42001438,0.506682,0.0,0.506682,0.1266705
12955,0.3940535,0.11594763,0.6721594,0.34880403,0.0,0.34880403,0.08720101
12956,0.15843573,0.14152347,0.175348,0.1765079,0.0,0.1765079,0.044126976
12957,0.28981003,0.14652316,0.4330969,0.63503563,0.0,0.63503563,0.15875891
12958,0.16230133,0.1571719,0.16743076,0.043401044,0.0,0.043401044,0.010850261
12959,0.3633136,0.17418568,0.55244154,0.7818634,0.0,0.7818634,0.19546585
12960,0.2515559,0.18179955,0.32131222,0.43033385,0.0,0.43033385,0.10758346
12961,0.17129005,0.16679211,0.175788,0.20593715,0.0,0.20593715,0.051484287
12962,0.8689559,0.14604206,1.5918698,1.0852588,0.0,1.0852588,0.2713147
12963,0.15941052,0.13957515,0.17924589,0.21106179,0.0,0.21106179,0.052765448
12964,0.19098707,0.1269658,0.25500837,0.34862128,0.0,0.34862128,0.08715532
12965,0.14082035,0.11629363,0.16534708,0.068636455,0.0,0.068636455,0.017159114
12966,0.24222438,0.11103958,0.37340918,0.167009,0.0,0.167009,0.04175225
12967,0.10493258,0.11053703,0.09932812,0.12023059,0.0,0.12023059,0.030057648
12968,0.51088816,0.11210664,0.9096697,1.1784109,0.0,1.1784109,0.29460272
12969,0.6752424,0.1072747,1.2432101,0.85084265,0.0,0.85084265,0.21271066
12970,0.52589315,0.10507705,0.94670933,1.3002264,0.0,1.3002264,0.3250566
12971,0.46761534,0.109290935,0.8259397,0.44943714,0.0,0.44943714,0.112359285
12972,0.11975727,0.101837225,0.13767733,0.060282484,0.0,0.060282484,0.015070621
12973,0.25958768,0.10077428,0.4184011,0.25746953,0.0,0.25746953,0.06436738
12974,0.0990523,0.093404256,0.10470035,0.1478831,0.0,0.1478831,0.036970776
12975,0.15248398,0.095772244,0.20919573,0.09979999,0.0,0.09979999,0.024949998
12976,0.13087015,0.10715866,0.15458162,0.06068215,0.0,0.06068215,0.015170538
12977,0.12885751,0.120714284,0.13700074,0.043657128,0.0,0.043657128,0.010914282
12978,0.32879922,0.14000535,0.5175931,0.20862423,0.0,0.20862423,0.052156057
12979,0.28049335,0.16056626,0.40042043,0.23559628,0.0,0.23559628,0.05889907
12980,0.20302053,0.19685136,0.2091897,0.022844391,0.0,0.022844391,0.0057110977
12981,0.19518243,0.23996885,0.15039599,0.33196858,0.0,0.33196858,0.082992144
12982,0.30923218,0.2742537,0.34421065,0.6156934,0.0,0.6156934,0.15392335
12983,0.41881517,0.27706972,0.56056064,0.18721555,0.0,0.18721555,0.046803888
12984,0.63505083,0.28134415,0.9887576,0.27409247,0.0,0.27409247,0.06852312
12985,0.24053884,0.25432548,0.2267522,0.41293797,0.0,0.41293797,0.10323449
12986,0.22050275,0.19362666,0.24737884,0.03725688,0.0,0.03725688,0.00931422
12987,0.18885446,0.1768169,0.20089199,0.49293733,0.0,0.49293733,0.12323433
12988,0.27183238,0.19150712,0.35215762,0.08254165,0.0,0.08254165,0.020635413
12989,0.30596122,0.21026973,0.40165272,0.12340587,0.0,0.12340587,0.030851467
12990,0.22727238,0.20575507,0.24878967,0.50189644,0.0,0.50189644,0.12547411
12991,0.14496972,0.20763524,0.0823042,0.2077356,0.0,0.2077356,0.0519339
12992,0.38270614,0.19644427,0.568968,0.24835968,0.0,0.24835968,0.06208992
12993,0.20414253,0.18871497,0.2195701,0.021460429,0.0,0.021460429,0.005365107
12994,0.22106504,0.16816281,0.27396727,0.10522496,0.0,0.10522496,0.02630624
12995,0.17133693,0.13859572,0.20407815,0.43208662,0.0,0.43208662,0.108021654
12996,0.35821828,0.102685384,0.6137512,0.7749762,0.0,0.7749762,0.19374405
12997,0.26355943,0.079867154,0.4472517,0.61293846,0.0,0.61293846,0.15323462
12998,0.10941037,0.07406632,0.14475441,0.07306436,0.0,0.07306436,0.01826609
12999,0.7109856,0.07755072,1.3444204,1.0311799,0.0,1.0311799,0.25779498
13000,0.19889335,0.07884429,0.3189424,0.3848594,0.0,0.3848594,0.09621485
13001,0.3386596,0.08031388,0.59700537,0.47069815,0.0,0.47069815,0.11767454
13002,0.5355026,0.08489582,0.98610944,1.1052767,0.0,1.1052767,0.27631918
13003,0.48937753,0.08933628,0.8894188,0.5260335,0.0,0.5260335,0.13150838
13004,0.21027668,0.09533203,0.32522133,0.2246617,0.0,0.2246617,0.056165423
13005,0.18185599,0.100204475,0.26350752,0.4253489,0.0,0.4253489,0.10633723
13006,0.33721754,0.10296217,0.5714729,0.25016883,0.0,0.25016883,0.06254221
13007,0.1702344,0.11048048,0.22998834,0.12483505,0.0,0.12483505,0.031208763
13008,0.19611566,0.10888151,0.28334978,0.460355,0.0,0.460355,0.11508875
13009,0.54826397,0.105705716,0.99082214,0.5915505,0.0,0.5915505,0.14788763
13010,0.19639081,0.104656644,0.28812495,0.4103407,0.0,0.4103407,0.102585174
13011,0.7665167,0.09926029,1.433773,0.98473024,0.0,0.98473024,0.24618256
13012,0.69590145,0.0840024,1.3078005,0.91731995,0.0,0.91731995,0.22932999
13013,0.12891702,0.08002437,0.17780967,0.080506094,0.0,0.080506094,0.020126523
13014,0.42360792,0.08176504,0.7654508,0.5035527,0.0,0.5035527,0.12588817
13015,0.8116391,0.08587005,1.537408,1.2390643,0.0,1.2390643,0.30976608
13016,0.17588568,0.083745986,0.26802537,0.336486,0.0,0.336486,0.0841215
13017,0.22866489,0.08209565,0.37523413,0.34959123,0.0,0.34959123,0.08739781
13018,0.21462137,0.085445516,0.3437972,0.3850511,0.0,0.3850511,0.096262775
13019,0.25525442,0.09066108,0.41984773,0.4590691,0.0,0.4590691,0.114767276
13020,0.7156825,0.08923883,1.3421263,0.975128,0.0,0.975128,0.243782
13021,0.10081474,0.084760666,0.11686882,0.12499505,0.0,0.12499505,0.031248763
13022,0.5547239,0.07891999,1.030528,0.765995,0.0,0.765995,0.19149876
13023,0.9021564,0.07743368,1.7268791,1.3965739,0.0,1.3965739,0.34914348
13024,0.20481832,0.07850833,0.33112833,0.20700343,0.0,0.20700343,0.051750857
13025,0.28494194,0.082476504,0.48740736,0.4118322,0.0,0.4118322,0.10295805
13026,0.35585555,0.084244244,0.62746686,0.80643994,0.0,0.80643994,0.20160998
13027,0.1821609,0.088417165,0.27590463,0.36196747,0.0,0.36196747,0.09049187
13028,0.20614308,0.08525082,0.32703534,0.22253513,0.0,0.22253513,0.055633783
13029,0.13936995,0.07650941,0.2022305,0.07632809,0.0,0.07632809,0.019082023
13030,0.12208611,0.071545936,0.17262627,0.26740968,0.0,0.26740968,0.06685242
13031,0.8446899,0.070636205,1.6187435,1.2868336,0.0,1.2868336,0.3217084
13032,0.09750766,0.07665609,0.118359245,0.020015104,0.0,0.020015104,0.005003776
13033,0.6316453,0.08226898,1.1810217,0.9098403,0.0,0.9098403,0.22746007
13034,0.19292895,0.093647026,0.29221088,0.19768126,0.0,0.19768126,0.049420316
13035,0.77384025,0.09538549,1.452295,1.0947793,0.0,1.0947793,0.2736948
13036,0.56132823,0.0910846,1.0315719,0.6626423,0.0,0.6626423,0.16566058
13037,0.23574865,0.084367216,0.38713005,0.30203727,0.0,0.30203727,0.07550932
13038,0.44689274,0.085398845,0.8083866,0.95479393,0.0,0.95479393,0.23869848
13039,0.5068082,0.089132845,0.92448354,1.091848,0.0,1.091848,0.272962
13040,0.25297943,0.09016353,0.41579533,0.29666838,0.0,0.29666838,0.074167095
13041,0.62447125,0.08468742,1.1642551,0.91875094,0.0,0.91875094,0.22968774
13042,0.6843741,0.078749985,1.2899982,1.071278,0.0,1.071278,0.2678195
13043,0.38901222,0.0772764,0.700748,0.6048119,0.0,0.6048119,0.15120298
13044,0.087003194,0.0712846,0.10272178,0.16560377,0.0,0.16560377,0.041400943
13045,0.49516785,0.06903774,0.92129797,0.9813872,0.0,0.9813872,0.2453468
13046,0.26072484,0.069923766,0.45152593,0.39138687,0.0,0.39138687,0.09784672
13047,0.46218777,0.07234752,0.8520281,0.8261625,0.0,0.8261625,0.20654063
13048,0.092026204,0.07414627,0.10990614,0.0974431,0.0,0.0974431,0.024360774
13049,0.15358162,0.07652754,0.23063569,0.1531863,0.0,0.1531863,0.038296577
13050,0.43059134,0.07883984,0.78234285,0.64800346,0.0,0.64800346,0.16200086
13051,0.24629836,0.08153809,0.41105863,0.32243875,0.0,0.32243875,0.08060969
13052,0.1562794,0.08628569,0.22627312,0.096273325,0.0,0.096273325,0.024068331
13053,0.28960145,0.09168595,0.48751697,0.36739913,0.0,0.36739913,0.09184978
13054,0.19241674,0.092857204,0.2919763,0.19780017,0.0,0.19780017,0.049450044
13055,0.2821733,0.09737935,0.46696725,0.29164806,0.0,0.29164806,0.072912015
13056,0.3366878,0.10297811,0.57039744,0.3992866,0.0,0.3992866,0.09982165
13057,0.13563468,0.10716069,0.16410868,0.0706146,0.0,0.0706146,0.01765365
13058,0.12131501,0.11252177,0.13010825,0.06921213,0.0,0.06921213,0.017303033
13059,0.12718321,0.11661016,0.13775629,0.11484166,0.0,0.11484166,0.028710416
13060,0.17730074,0.11922098,0.23538047,0.054514926,0.0,0.054514926,0.0136287315
13061,0.181911,0.12224823,0.2415738,0.080521055,0.0,0.080521055,0.020130264
13062,0.860722,0.12731104,1.5941329,1.3510046,0.0,1.3510046,0.33775115
13063,0.23897956,0.12930655,0.34865257,0.16633683,0.0,0.16633683,0.04158421
13064,0.663987,0.1329316,1.1950423,1.0530461,0.0,1.0530461,0.26326153
13065,0.26900306,0.13780181,0.4002043,0.1554967,0.0,0.1554967,0.038874175
13066,0.16769882,0.14396887,0.19142878,0.035524957,0.0,0.035524957,0.008881239
13067,0.21532325,0.15170336,0.27894315,0.06455176,0.0,0.06455176,0.01613794
13068,0.21570663,0.16036363,0.27104965,0.07819613,0.0,0.07819613,0.019549033
13069,0.557234,0.16774593,0.94672203,0.49823365,0.0,0.49823365,0.12455841
13070,0.22806834,0.17580712,0.28032956,0.045962553,0.0,0.045962553,0.011490638
13071,0.63300395,0.18181296,1.0841949,0.6073614,0.0,0.6073614,0.15184034
13072,0.25481877,0.18849123,0.32114628,0.46365198,0.0,0.46365198,0.115912996
13073,0.80597895,0.19311489,1.4188429,1.078753,0.0,1.078753,0.26968825
13074,0.9229823,0.19808097,1.6478835,1.2168449,0.0,1.2168449,0.30421123
13075,0.26625264,0.20058884,0.33191645,0.07732894,0.0,0.07732894,0.019332236
13076,0.61551476,0.20384859,1.0271809,0.4644369,0.0,0.4644369,0.11610922
13077,0.7717803,0.20864457,1.3349161,1.4331976,0.0,1.4331976,0.3582994
13078,0.6045122,0.21198286,0.9970415,0.38983145,0.0,0.38983145,0.09745786
13079,0.28087288,0.21719503,0.34455073,0.05542153,0.0,0.05542153,0.013855383
13080,0.19073834,0.22387402,0.15760267,0.27928916,0.0,0.27928916,0.06982229
13081,0.21603453,0.22463214,0.20743692,0.029212773,0.0,0.029212773,0.007303193
13082,1.0869794,0.2242812,1.9496776,1.4745046,0.0,1.4745046,0.36862615
13083,0.3249192,0.2278381,0.42200026,0.10206757,0.0,0.10206757,0.025516892
13084,0.86838394,0.22493951,1.5118284,0.9110454,0.0,0.9110454,0.22776134
13085,0.29225102,0.22755176,0.35695028,0.06003705,0.0,0.06003705,0.015009263
13086,0.67820793,0.2268136,1.1296023,0.44772097,0.0,0.44772097,0.11193024
13087,0.6587544,0.23165584,1.085853,0.46410537,0.0,0.46410537,0.11602634
13088,0.7467012,0.23784272,1.2555596,0.6332839,0.0,0.6332839,0.15832098
13089,0.3099213,0.24256195,0.37728068,0.06456014,0.0,0.06456014,0.016140034
13090,1.150002,0.2445637,2.0554402,1.4540035,0.0,1.4540035,0.36350086
13091,1.0365876,0.25208628,1.8210888,1.0805727,0.0,1.0805727,0.27014318
13092,0.32301572,0.2676845,0.37834695,0.12178872,0.0,0.12178872,0.03044718
13093,0.5017187,0.28802305,0.71541435,0.11667975,0.0,0.11667975,0.029169938
13094,0.6703639,0.3166551,1.0240726,0.22836621,0.0,0.22836621,0.057091553
13095,1.4770399,0.3590803,2.5949996,1.1368952,0.0,1.1368952,0.2842238
13096,1.1934406,0.42692232,1.9599587,0.5774675,0.0,0.5774675,0.14436688
13097,0.26957414,0.45464873,0.08449956,0.4571531,0.0,0.4571531,0.11428828
13098,1.3023068,0.50232035,2.1022933,0.67410207,0.0,0.67410207,0.16852552
13099,0.31707272,0.5225598,0.11158562,0.9837777,0.0,0.9837777,0.24594443
13100,0.4650255,0.53952134,0.39052963,0.13307738,0.0,0.13307738,0.033269346
13101,0.6012271,0.54227597,0.66017824,0.06096664,0.0,0.06096664,0.01524166
13102,0.3578849,0.5300701,0.18569972,0.20757711,0.0,0.20757711,0.051894277
13103,1.8613416,0.5232157,3.1994677,1.1799387,0.0,1.1799387,0.29498467
13104,0.3407836,0.53946424,0.14210297,1.0477628,0.0,1.0477628,0.2619407
13105,0.6852431,0.5478688,0.82261735,0.09990972,0.0,0.09990972,0.02497743
13106,0.6401837,0.5581854,0.722182,0.049920905,0.0,0.049920905,0.012480226
13107,0.3366083,0.59844404,0.07477253,0.92682976,0.0,0.92682976,0.23170744
13108,1.5637866,0.6193405,2.5082328,0.6552624,0.0,0.6552624,0.1638156
13109,0.33065718,0.6278558,0.033458605,0.69581413,0.0,0.69581413,0.17395353
13110,0.42473277,0.60848355,0.240982,1.0648369,0.0,1.0648369,0.26620921
13111,0.5181623,0.59171385,0.44461083,0.062219184,0.0,0.062219184,0.015554796
13112,0.30925336,0.56163186,0.05687486,0.6961495,0.0,0.6961495,0.17403738
13113,0.9196237,0.55621886,1.2830286,0.19438554,0.0,0.19438554,0.048596386
13114,1.3096775,0.52998286,2.089372,0.52892286,0.0,0.52892286,0.13223071
13115,0.38166103,0.5053568,0.2579652,0.17442864,0.0,0.17442864,0.04360716
13116,0.33577657,0.48475683,0.18679635,0.53628486,0.0,0.53628486,0.13407122
13117,0.5236049,0.42103156,0.62617826,0.071726546,0.0,0.071726546,0.017931636
13118,0.650245,0.43021497,0.870275,0.14388101,0.0,0.14388101,0.035970252
13119,0.32322922,0.47171617,0.17474233,0.52724934,0.0,0.52724934,0.13181233
13120,0.7829198,0.53467923,1.0311604,0.11841471,0.0,0.11841471,0.029603677
13121,0.30708346,0.5737675,0.04039939,0.55673426,0.0,0.55673426,0.13918357
13122,0.88127095,0.6538159,1.108726,0.11744251,0.0,0.11744251,0.029360628
13123,1.7719125,0.74203724,2.8017876,0.6757129,0.0,0.6757129,0.16892822
13124,0.58595055,0.8471853,0.32471576,1.4434257,0.0,1.4434257,0.3608564
13125,0.6068785,0.88803595,0.3257211,0.47142458,0.0,0.47142458,0.117856145
13126,0.62550414,0.9126455,0.33836278,0.35992017,0.0,0.35992017,0.08998004
13127,0.89179534,0.94172716,0.84186345,0.029436314,0.0,0.029436314,0.0073590786
13128,0.6174453,0.90206784,0.33282277,0.41442153,0.0,0.41442153,0.10360538
13129,1.2333827,0.8001607,1.6666046,0.21574982,0.0,0.21574982,0.053937454
13130,0.51644623,0.67941904,0.35347342,0.50859743,0.0,0.50859743,0.12714936
13131,0.5095721,0.6105747,0.40856948,0.28811345,0.0,0.28811345,0.07202836
13132,0.43387294,0.5600335,0.30771235,0.16995543,0.0,0.16995543,0.042488858
13133,0.7843655,0.5215083,1.0472227,0.15225764,0.0,0.15225764,0.03806441
13134,0.4192642,0.47889113,0.35963726,0.2880217,0.0,0.2880217,0.07200543
13135,0.40796795,0.47476277,0.3411732,0.8490831,0.0,0.8490831,0.21227078
13136,0.41732082,0.47277,0.36187163,0.49060032,0.0,0.49060032,0.12265008
13137,0.39901385,0.51119655,0.28683117,0.2563876,0.0,0.2563876,0.0640969
13138,0.4461473,0.5396351,0.35265946,0.3210143,0.0,0.3210143,0.08025358
13139,1.0738605,0.5486979,1.5990232,0.4463124,0.0,0.4463124,0.1115781
13140,1.6079717,0.5067251,2.7092183,1.1714357,0.0,1.1714357,0.29285893
13141,0.33243337,0.4219549,0.24291182,0.6199859,0.0,0.6199859,0.15499647
13142,0.43506584,0.32063964,0.54949206,0.07599098,0.0,0.07599098,0.018997746
13143,0.24557436,0.25663793,0.2345108,0.14211719,0.0,0.14211719,0.035529297
13144,1.1816566,0.2356873,2.127626,1.0920242,0.0,1.0920242,0.27300605
13145,0.46003732,0.20771158,0.712363,1.4389137,0.0,1.4389137,0.35972843
13146,0.44418406,0.19550349,0.69286466,0.27250597,0.0,0.27250597,0.06812649
13147,0.25322738,0.19432533,0.3121294,0.60899305,0.0,0.60899305,0.15224826
13148,0.26992366,0.19808476,0.34176257,0.53956294,0.0,0.53956294,0.13489074
13149,0.2642018,0.22517551,0.30322805,0.026257323,0.0,0.026257323,0.006564331
13150,0.30800706,0.24745317,0.36856094,0.5756809,0.0,0.5756809,0.14392023
13151,0.20994382,0.26187223,0.15801542,0.24201143,0.0,0.24201143,0.060502857
13152,0.5933846,0.26206183,0.9247074,0.2853543,0.0,0.2853543,0.07133857
13153,0.58858305,0.23254694,0.9446192,0.39943752,0.0,0.39943752,0.09985938
13154,0.29943928,0.21442766,0.3844509,0.6122945,0.0,0.6122945,0.15307362
13155,0.21916173,0.19361646,0.24470699,0.3984476,0.0,0.3984476,0.0996119
13156,0.1816287,0.1843217,0.17893572,0.037754033,0.0,0.037754033,0.009438508
13157,0.19659233,0.16900064,0.22418402,0.33416823,0.0,0.33416823,0.08354206
13158,0.32219654,0.1405528,0.50384027,0.182441,0.0,0.182441,0.04561025
13159,0.3993362,0.1340644,0.66460794,0.31120458,0.0,0.31120458,0.077801146
13160,0.45190403,0.12252561,0.7812824,1.2743899,0.0,1.2743899,0.31859747
13161,0.11120895,0.111465015,0.110952884,0.055186138,0.0,0.055186138,0.013796534
13162,0.360284,0.10087975,0.61968833,0.88258505,0.0,0.88258505,0.22064626
13163,0.10733,0.10836774,0.10629227,0.027307332,0.0,0.027307332,0.006826833
13164,0.3334531,0.10702821,0.55987805,0.25114426,0.0,0.25114426,0.062786065
13165,0.118050694,0.10699958,0.1291018,0.06781299,0.0,0.06781299,0.016953247
13166,0.21618621,0.101930976,0.33044145,0.65683585,0.0,0.65683585,0.16420896
13167,0.16925274,0.10346291,0.23504256,0.06534761,0.0,0.06534761,0.016336903
13168,0.2152435,0.11055561,0.3199314,0.10373137,0.0,0.10373137,0.025932843
13169,0.10111495,0.1199274,0.08230251,0.14070153,0.0,0.14070153,0.035175383
13170,0.4173045,0.12745641,0.70715255,0.29348275,0.0,0.29348275,0.07337069
13171,0.17913751,0.12986499,0.22841,0.42931005,0.0,0.42931005,0.10732751
13172,0.15232782,0.13629486,0.16836078,0.19071686,0.0,0.19071686,0.047679216
13173,0.14624296,0.1292828,0.1632031,0.32378462,0.0,0.32378462,0.080946155
13174,0.11858692,0.12601504,0.11115881,0.029662242,0.0,0.029662242,0.0074155605
13175,0.36791286,0.12632048,0.60950524,0.2166708,0.0,0.2166708,0.0541677
13176,1.2080939,0.1318713,2.2843165,1.4094063,0.0,1.4094063,0.35235158
13177,0.41082498,0.13725689,0.6843931,0.25262982,0.0,0.25262982,0.063157454
13178,0.12493653,0.13985617,0.11001689,0.113286845,0.0,0.113286845,0.028321711
13179,0.26802483,0.15160808,0.38444158,0.11078662,0.0,0.11078662,0.027696654
13180,0.3066496,0.14493208,0.4683671,0.12648444,0.0,0.12648444,0.03162111
13181,1.0468737,0.14654125,1.9472061,1.1313623,0.0,1.1313623,0.28284058
13182,0.46171317,0.15530373,0.7681226,1.4087759,0.0,1.4087759,0.35219398
13183,0.13315144,0.1835665,0.082736395,0.15109237,0.0,0.15109237,0.03777309
13184,0.17096151,0.19938076,0.14254229,0.44533578,0.0,0.44533578,0.111333944
13185,0.21727093,0.22214961,0.21239226,0.14589468,0.0,0.14589468,0.03647367
13186,0.37723282,0.2307473,0.52371836,1.0859779,0.0,1.0859779,0.27149448
13187,0.19251378,0.25077876,0.1342488,0.4005871,0.0,0.4005871,0.10014678
13188,0.24353461,0.27348194,0.21358728,0.1155344,0.0,0.1155344,0.0288836
13189,0.60110885,0.26400545,0.9382122,0.3173895,0.0,0.3173895,0.07934737
13190,0.5257179,0.260566,0.7908699,0.24921991,0.0,0.24921991,0.062304977
13191,0.59634495,0.26255247,0.93013746,0.28049755,0.0,0.28049755,0.07012439
13192,0.40740022,0.24389541,0.570905,1.1875967,0.0,1.1875967,0.29689917
13193,0.18503524,0.23306553,0.13700499,0.13462426,0.0,0.13462426,0.033656064
13194,0.45569304,0.23071636,0.6806697,0.18415427,0.0,0.18415427,0.046038568
13195,0.17802174,0.23010115,0.12594235,0.15717737,0.0,0.15717737,0.039294343
13196,0.43822265,0.23962961,0.6368157,0.16257586,0.0,0.16257586,0.040643964
13197,0.31546226,0.24441229,0.38651228,0.049770772,0.0,0.049770772,0.012442693
13198,0.37811065,0.24274921,0.5134721,1.1597514,0.0,1.1597514,0.28993785
13199,0.26418117,0.27029625,0.2580661,0.71395844,0.0,0.71395844,0.17848961
13200,0.40747032,0.28119123,0.5337494,1.096541,0.0,1.096541,0.27413526
13201,0.33885947,0.29606068,0.38165832,0.044275027,0.0,0.044275027,0.011068757
13202,0.8263449,0.2876906,1.3649992,0.5049217,0.0,0.5049217,0.12623042
13203,0.28301933,0.2950869,0.27095178,0.16363604,0.0,0.16363604,0.04090901
13204,0.77887017,0.28989124,1.2678491,0.4317062,0.0,0.4317062,0.10792655
13205,0.253945,0.28064832,0.22724168,0.30585775,0.0,0.30585775,0.07646444
13206,0.3000047,0.25551778,0.3444916,0.039942022,0.0,0.039942022,0.009985506
13207,0.25673947,0.23700579,0.27647313,0.5671461,0.0,0.5671461,0.14178653
13208,0.27913272,0.23415112,0.3241143,0.02657262,0.0,0.02657262,0.006643155
13209,0.24341708,0.23064578,0.2561884,0.47442722,0.0,0.47442722,0.118606806
13210,0.28463125,0.22783823,0.34142426,0.69294006,0.0,0.69294006,0.17323501
13211,0.571269,0.22794028,0.9145977,0.36315522,0.0,0.36315522,0.090788804
13212,0.25792506,0.2326666,0.28318354,0.5894474,0.0,0.5894474,0.14736184
13213,1.2711096,0.22823687,2.3139822,1.253815,0.0,1.253815,0.31345376
13214,0.1762578,0.18761261,0.16490303,0.3191935,0.0,0.3191935,0.07979838
13215,0.4608055,0.15638745,0.76522356,0.34024358,0.0,0.34024358,0.085060894
13216,0.28542754,0.147143,0.42371204,0.12020541,0.0,0.12020541,0.030051352
13217,0.38574016,0.14163855,0.6298418,1.1272668,0.0,1.1272668,0.2818167
13218,0.65613717,0.1421012,1.170173,0.5719547,0.0,0.5719547,0.14298868
13219,0.29590738,0.13829452,0.45352027,0.7468088,0.0,0.7468088,0.1867022
13220,0.5421512,0.15149309,0.93280935,0.42960307,0.0,0.42960307,0.10740077
13221,0.28570905,0.17331398,0.3981041,0.11591742,0.0,0.11591742,0.028979355
13222,0.34264162,0.17924516,0.5060381,0.14003943,0.0,0.14003943,0.035009857
13223,1.1029032,0.18904865,2.016758,1.2181119,0.0,1.2181119,0.30452797
13224,0.17468916,0.20580326,0.14357506,0.078542024,0.0,0.078542024,0.019635506
13225,0.18399435,0.21764712,0.15034159,0.13011442,0.0,0.13011442,0.032528605
13226,0.20205905,0.22525032,0.17886777,0.17333603,0.0,0.17333603,0.043334007
13227,0.23129718,0.23279093,0.22980343,0.44864067,0.0,0.44864067,0.11216017
13228,0.2932503,0.23217458,0.35432598,0.04153712,0.0,0.04153712,0.01038428
13229,0.20697995,0.24416704,0.16979285,0.10340741,0.0,0.10340741,0.025851853
13230,0.28256312,0.2626689,0.30245736,0.5078793,0.0,0.5078793,0.12696983
13231,0.42893013,0.2730613,0.584799,0.11758017,0.0,0.11758017,0.029395042
13232,0.7229183,0.28726488,1.1585716,0.4229351,0.0,0.4229351,0.105733775
13233,0.5277303,0.30071047,0.7547501,0.17074005,0.0,0.17074005,0.042685013
13234,0.84561986,0.31021023,1.3810295,0.5061029,0.0,0.5061029,0.12652573
13235,0.28929058,0.3139641,0.26461706,0.0919107,0.0,0.0919107,0.022977674
13236,0.3208038,0.29049528,0.35111234,0.15768033,0.0,0.15768033,0.039420083
13237,0.41517687,0.28914762,0.54120606,0.13983543,0.0,0.13983543,0.034958858
13238,0.2450969,0.281127,0.2090668,0.3707564,0.0,0.3707564,0.0926891
13239,0.28449854,0.25154996,0.31744716,0.62894434,0.0,0.62894434,0.15723608
13240,0.21490131,0.2405144,0.18928821,0.19111638,0.0,0.19111638,0.047779094
13241,0.3103387,0.23588021,0.3847972,0.07033753,0.0,0.07033753,0.017584382
13242,0.3936324,0.23411983,0.553145,0.13189204,0.0,0.13189204,0.03297301
13243,0.22596872,0.23161471,0.22032273,0.22120237,0.0,0.22120237,0.055300593
13244,0.98241633,0.25013795,1.7146946,0.92243785,0.0,0.92243785,0.23060946
13245,0.8256004,0.26702598,1.3841748,0.5368528,0.0,0.5368528,0.1342132
13246,1.1456323,0.28867272,2.0025918,1.0227412,0.0,1.0227412,0.2556853
13247,0.2693731,0.27958757,0.2591586,0.023227125,0.0,0.023227125,0.0058067814
13248,0.3721869,0.27833214,0.46604165,0.07984339,0.0,0.07984339,0.019960847
13249,0.52049506,0.30066124,0.74032885,0.17791058,0.0,0.17791058,0.044477645
13250,0.31869492,0.3029182,0.33447167,0.08719495,0.0,0.08719495,0.021798737
13251,0.2532346,0.30474642,0.20172279,0.20300229,0.0,0.20300229,0.050750572
13252,0.36178765,0.29620716,0.42736816,0.03781468,0.0,0.03781468,0.00945367
13253,0.6226663,0.28289318,0.9624395,0.3183794,0.0,0.3183794,0.07959485
13254,0.27700037,0.2992627,0.25473803,0.38537565,0.0,0.38537565,0.09634391
13255,0.33584675,0.3217342,0.34995934,0.022951564,0.0,0.022951564,0.005737891
13256,0.58845633,0.3138596,0.863053,0.20711012,0.0,0.20711012,0.05177753
13257,0.7444234,0.30084598,1.1880008,0.41290173,0.0,0.41290173,0.10322543
13258,1.198876,0.29735634,2.100396,1.0979842,0.0,1.0979842,0.27449605
13259,0.52364784,0.31565747,0.7316382,0.13411485,0.0,0.13411485,0.03352871
13260,0.2705947,0.32443914,0.2167502,0.42876467,0.0,0.42876467,0.10719117
13261,0.89468414,0.29476497,1.4946033,0.6311199,0.0,0.6311199,0.15777998
13262,0.53052694,0.2713687,0.7896852,0.20684607,0.0,0.20684607,0.05171152
13263,0.58674973,0.26094985,0.9125497,1.515594,0.0,1.515594,0.3788985
13264,0.4704322,0.25667202,0.6841924,0.24170713,0.0,0.24170713,0.060426783
13265,0.33872548,0.23724957,0.44020143,0.11610385,0.0,0.11610385,0.029025963
13266,0.40520898,0.22721879,0.5831992,0.99247694,0.0,0.99247694,0.24811924
13267,0.22759736,0.22858696,0.22660774,0.040033866,0.0,0.040033866,0.010008466
13268,0.18317695,0.23913908,0.12721483,0.21796417,0.0,0.21796417,0.054491043
13269,0.40992,0.23200007,0.58783996,1.0851825,0.0,1.0851825,0.27129564
13270,1.0938389,0.2186458,1.9690322,1.0561804,0.0,1.0561804,0.2640451
13271,0.69193894,0.21644002,1.1674379,0.48129678,0.0,0.48129678,0.120324194
13272,0.18842089,0.21418406,0.1626577,0.32962278,0.0,0.32962278,0.082405694
13273,0.2474761,0.22570936,0.26924285,0.2098974,0.0,0.2098974,0.05247435
13274,0.7486474,0.24158895,1.2557057,0.5123405,0.0,0.5123405,0.12808512
13275,0.25850344,0.23128493,0.28572193,0.052181542,0.0,0.052181542,0.0130453855
13276,0.44150746,0.23502658,0.6479883,0.20611107,0.0,0.20611107,0.05152777
13277,0.26345727,0.24497207,0.28194246,0.2020186,0.0,0.2020186,0.05050465
13278,0.22671671,0.23900229,0.21443117,0.133519,0.0,0.133519,0.03337975
13279,0.23823352,0.22445846,0.2520086,0.096128345,0.0,0.096128345,0.024032086
13280,0.1708432,0.22604291,0.1156435,0.20714594,0.0,0.20714594,0.051786486
13281,0.22785811,0.24271692,0.21299928,0.031251278,0.0,0.031251278,0.007812819
13282,0.6671362,0.26467097,1.0696014,0.3494084,0.0,0.3494084,0.0873521
13283,0.66588104,0.27788305,1.053879,0.31629446,0.0,0.31629446,0.079073615
13284,0.72660285,0.27977183,1.1734339,0.38847205,0.0,0.38847205,0.09711801
13285,0.42172456,0.29062465,0.55282444,0.084453635,0.0,0.084453635,0.021113409
13286,0.26136115,0.28231147,0.24041085,0.650503,0.0,0.650503,0.16262574
13287,0.24749154,0.2878596,0.20712347,0.072835825,0.0,0.072835825,0.018208956
13288,0.24501868,0.29524377,0.19479358,0.16779403,0.0,0.16779403,0.04194851
13289,0.6122768,0.30577216,0.91878146,0.21558475,0.0,0.21558475,0.05389619
13290,0.35894564,0.32820103,0.38969025,0.9157598,0.0,0.9157598,0.22893995
13291,0.31184557,0.34394598,0.27974516,0.0435247,0.0,0.0435247,0.010881175
13292,0.9631679,0.3810738,1.545262,0.4813713,0.0,0.4813713,0.12034283
13293,0.75633496,0.39598116,1.1166887,0.21737044,0.0,0.21737044,0.05434261
13294,0.27642512,0.40246907,0.15038116,0.16208805,0.0,0.16208805,0.040522013
13295,0.96974087,0.39274,1.5467418,0.45735684,0.0,0.45735684,0.11433921
13296,0.2967895,0.41079155,0.18278746,0.8407697,0.0,0.8407697,0.21019243
13297,0.41296697,0.4249772,0.40095672,0.035132777,0.0,0.035132777,0.008783194
13298,0.30399206,0.42471758,0.18326654,0.40683827,0.0,0.40683827,0.10170957
13299,0.52498895,0.4410157,0.60896224,0.04733546,0.0,0.04733546,0.011833865
13300,0.6958179,0.43264067,0.95899504,0.17664826,0.0,0.17664826,0.044162065
13301,0.52875644,0.42997003,0.6275428,0.05963475,0.0,0.05963475,0.014908687
13302,0.3378253,0.38709664,0.28855392,0.37395024,0.0,0.37395024,0.09348756
13303,0.55705214,0.34724998,0.7668543,0.15134369,0.0,0.15134369,0.037835922
13304,0.32499805,0.35652527,0.29347083,0.25670776,0.0,0.25670776,0.06417694
13305,0.6595577,0.37563953,0.9434759,0.2319233,0.0,0.2319233,0.057980824
13306,0.29902816,0.3976511,0.2004052,0.29481968,0.0,0.29481968,0.07370492
13307,0.35448012,0.4126689,0.29629132,0.16778903,0.0,0.16778903,0.041947257
13308,0.35687444,0.3964336,0.31731528,0.8496458,0.0,0.8496458,0.21241145
13309,0.25913498,0.39015532,0.1281146,0.5324567,0.0,0.5324567,0.13311417
13310,0.32262933,0.3625811,0.28267756,0.24142563,0.0,0.24142563,0.06035641
13311,0.3247581,0.3606993,0.28881693,0.21663882,0.0,0.21663882,0.054159705
13312,0.555134,0.36847448,0.74179345,0.11060664,0.0,0.11060664,0.02765166
13313,1.8308207,0.34791994,3.3137217,1.6614023,0.0,1.6614023,0.4153506
13314,0.40286613,0.3192974,0.4864349,1.2162622,0.0,1.2162622,0.30406556
13315,0.47332907,0.31344077,0.63321733,1.4424034,0.0,1.4424034,0.36060086
13316,0.28757966,0.32755962,0.24759968,0.1697272,0.0,0.1697272,0.0424318
13317,1.3343271,0.34474602,2.323908,1.0222982,0.0,1.0222982,0.25557455
13318,0.31552508,0.36858892,0.26246122,0.3140104,0.0,0.3140104,0.0785026
13319,0.31652918,0.37142822,0.26163015,0.24400137,0.0,0.24400137,0.061000343
13320,0.33484018,0.34416854,0.3255118,0.03669113,0.0,0.03669113,0.009172782
13321,0.2903532,0.31953704,0.2611694,0.06850031,0.0,0.06850031,0.017125078
13322,0.5938359,0.28545097,0.9022209,1.3581814,0.0,1.3581814,0.33954534
13323,0.66857076,0.2994831,1.0376583,0.4685789,0.0,0.4685789,0.117144726
13324,0.3339018,0.31328663,0.354517,0.28344622,0.0,0.28344622,0.070861556
13325,0.24367929,0.33273375,0.15462482,0.1502989,0.0,0.1502989,0.037574723
13326,0.30969152,0.3302151,0.28916797,0.031138105,0.0,0.031138105,0.0077845263
13327,0.3308141,0.3163757,0.34525242,0.5147942,0.0,0.5147942,0.12869854
13328,1.1510738,0.32789496,1.9742526,1.0011522,0.0,1.0011522,0.25028804
13329,0.7989332,0.32302317,1.2748433,0.45091465,0.0,0.45091465,0.11272866
13330,0.40427694,0.33650765,0.47204623,0.044467982,0.0,0.044467982,0.0111169955
13331,0.9687945,0.35107398,1.5865151,0.5774348,0.0,0.5774348,0.1443587
13332,0.605104,0.3284892,0.8817189,1.1779397,0.0,1.1779397,0.2944849
13333,0.8757958,0.31022915,1.4413624,0.5782729,0.0,0.5782729,0.14456822
13334,0.45630422,0.26148975,0.65111876,0.21250498,0.0,0.21250498,0.053126246
13335,0.51694465,0.25532973,0.7785595,0.9806223,0.0,0.9806223,0.24515557
13336,0.37672576,0.2664037,0.48704782,0.6559282,0.0,0.6559282,0.16398205
13337,0.42610058,0.2794441,0.572757,0.09036279,0.0,0.09036279,0.022590697
13338,0.69896203,0.2961354,1.1017886,1.6762668,0.0,1.6762668,0.4190667
13339,1.6201226,0.30709854,2.9331465,1.6835079,0.0,1.6835079,0.42087698
13340,0.2523087,0.32384592,0.18077146,0.11067314,0.0,0.11067314,0.027668284
13341,0.23694651,0.29714847,0.17674454,0.15893242,0.0,0.15893242,0.039733104
13342,0.44392052,0.28473604,0.603105,0.19678283,0.0,0.19678283,0.049195707
13343,0.40597498,0.28569713,0.52625287,0.3889781,0.0,0.3889781,0.09724452
13344,0.48812822,0.2852296,0.69102687,0.41361293,0.0,0.41361293,0.10340323
13345,0.8587799,0.27251717,1.4450426,1.851988,0.0,1.851988,0.462997
13346,0.43797,0.28388944,0.59205055,0.12144985,0.0,0.12144985,0.030362463
13347,0.32222244,0.3411614,0.30328348,0.13232069,0.0,0.13232069,0.03308017
13348,0.7743184,0.35627565,1.1923611,1.4334215,0.0,1.4334215,0.35835537
13349,0.37875727,0.3728036,0.38471094,0.09609833,0.0,0.09609833,0.024024583
13350,0.38464573,0.33897933,0.43031216,0.021127904,0.0,0.021127904,0.005281976
13351,0.36504123,0.3189551,0.41112733,0.049091935,0.0,0.049091935,0.012272984
13352,0.4632431,0.2861732,0.64031297,0.27127215,0.0,0.27127215,0.06781804
13353,0.46415004,0.25990546,0.6683946,0.6971092,0.0,0.6971092,0.1742773
13354,0.41844818,0.25863862,0.57825774,0.231355,0.0,0.231355,0.05783875
13355,0.782265,0.2705457,1.2939844,1.6093969,0.0,1.6093969,0.40234923
13356,0.569566,0.26625547,0.8728766,0.23404783,0.0,0.23404783,0.058511958
13357,0.40534118,0.27015632,0.5405261,0.32611772,0.0,0.32611772,0.08152943
13358,0.41098443,0.25882986,0.563139,0.5522099,0.0,0.5522099,0.13805248
13359,0.26567534,0.25801548,0.27333522,0.07062351,0.0,0.07062351,0.017655877
13360,0.60256255,0.25617686,0.9489482,0.6396046,0.0,0.6396046,0.15990116
13361,0.9236333,0.23452468,1.6127418,1.4396248,0.0,1.4396248,0.3599062
13362,0.42302266,0.22133888,0.62470645,0.37267187,0.0,0.37267187,0.09316797
13363,0.36098027,0.215294,0.5066666,0.11370244,0.0,0.11370244,0.02842561
13364,0.34169912,0.21704304,0.46635523,0.2649519,0.0,0.2649519,0.06623798
13365,0.36119664,0.20858897,0.51380426,0.26247677,0.0,0.26247677,0.06561919
13366,0.6063039,0.20696615,1.0056416,0.80794686,0.0,0.80794686,0.20198672
13367,0.4263085,0.21033986,0.6422772,0.4579501,0.0,0.4579501,0.11448752
13368,0.2684687,0.21798654,0.31895086,0.036866155,0.0,0.036866155,0.009216539
13369,0.240264,0.21801873,0.26250926,0.067585,0.0,0.067585,0.01689625
13370,0.31984875,0.20739521,0.43230224,0.17022741,0.0,0.17022741,0.042556852
13371,0.2660504,0.2177496,0.3143512,0.117641926,0.0,0.117641926,0.029410481
13372,0.6940484,0.20984708,1.1782497,1.0814904,0.0,1.0814904,0.2703726
13373,0.33521476,0.21891494,0.45151463,0.11623212,0.0,0.11623212,0.02905803
13374,0.3796637,0.20430823,0.5550192,0.32333258,0.0,0.32333258,0.080833144
13375,0.38155755,0.1959626,0.5671525,0.34818515,0.0,0.34818515,0.08704629
13376,0.1962104,0.17464685,0.21777396,0.08538898,0.0,0.08538898,0.021347245
13377,0.3784356,0.15506415,0.6018071,0.4584079,0.0,0.4584079,0.11460198
13378,0.31720722,0.1491497,0.48526475,0.3254683,0.0,0.3254683,0.081367075
13379,0.28034025,0.14277542,0.4179051,0.2991056,0.0,0.2991056,0.0747764
13380,0.38985875,0.13355966,0.6461579,0.61834526,0.0,0.61834526,0.15458632
13381,0.2252018,0.122502185,0.3279014,0.1800005,0.0,0.1800005,0.045000125
13382,0.15860629,0.116043516,0.20116906,0.11268737,0.0,0.11268737,0.028171843
13383,0.21706824,0.11008992,0.32404652,0.14996733,0.0,0.14996733,0.037491832
13384,0.14298213,0.10560637,0.18035789,0.05083662,0.0,0.05083662,0.012709155
13385,0.17125136,0.10315928,0.23934345,0.115332104,0.0,0.115332104,0.028833026
13386,0.16132839,0.098962404,0.22369437,0.19423628,0.0,0.19423628,0.04855907
13387,0.45723185,0.09625868,0.81820494,0.84042007,0.0,0.84042007,0.21010502
13388,0.49959192,0.097267665,0.9019162,0.77883655,0.0,0.77883655,0.19470914
13389,0.29121485,0.10295101,0.4794787,0.40272585,0.0,0.40272585,0.10068146
13390,0.25067082,0.10994852,0.3913931,0.269648,0.0,0.269648,0.067412
13391,0.59872687,0.11218717,1.0852666,0.91731006,0.0,0.91731006,0.22932751
13392,0.20703709,0.111306965,0.3027672,0.20546025,0.0,0.20546025,0.051365063
13393,0.26566544,0.10697051,0.4243604,0.27525285,0.0,0.27525285,0.06881321
13394,0.6045114,0.1008359,1.1081868,1.1228342,0.0,1.1228342,0.28070855
13395,0.1727833,0.10719334,0.23837323,0.090708174,0.0,0.090708174,0.022677043
13396,0.15272099,0.11492371,0.19051826,0.08943573,0.0,0.08943573,0.022358932
13397,0.41818404,0.1266606,0.7097075,0.7116811,0.0,0.7116811,0.17792028
13398,0.20563127,0.119012676,0.2922499,0.10890343,0.0,0.10890343,0.027225858
13399,0.17142725,0.11846509,0.22438943,0.16801791,0.0,0.16801791,0.042004477
13400,0.34862316,0.11310273,0.5841436,0.33138916,0.0,0.33138916,0.08284729
13401,0.38944176,0.11053902,0.6683445,0.6035648,0.0,0.6035648,0.1508912
13402,0.9945564,0.11291415,1.8761988,1.7051951,0.0,1.7051951,0.42629877
13403,0.23956126,0.11311821,0.36600432,0.21180832,0.0,0.21180832,0.05295208
13404,0.88551766,0.11304716,1.6579882,1.3701199,0.0,1.3701199,0.34252998
13405,0.24146628,0.11419656,0.368736,0.108325996,0.0,0.108325996,0.027081499
13406,0.10414911,0.11264348,0.09565475,0.057197094,0.0,0.057197094,0.0142992735
13407,0.19639142,0.106381275,0.28640157,0.24275494,0.0,0.24275494,0.060688734
13408,0.30347404,0.1014992,0.5054489,0.31910035,0.0,0.31910035,0.07977509
13409,0.3626097,0.097415805,0.62780356,0.41935515,0.0,0.41935515,0.10483879
13410,0.8480112,0.09611827,1.5999041,1.5309726,0.0,1.5309726,0.38274315
13411,0.83425146,0.0977079,1.570795,1.4119431,0.0,1.4119431,0.35298577
13412,0.18084763,0.10415986,0.25753537,0.10357376,0.0,0.10357376,0.02589344
13413,0.12943895,0.112127505,0.14675039,0.11516926,0.0,0.11516926,0.028792314
13414,0.6967986,0.124068655,1.2695287,0.99318695,0.0,0.99318695,0.24829674
13415,0.13594206,0.13092291,0.14096121,0.036916494,0.0,0.036916494,0.009229124
13416,0.573144,0.13251717,1.0137709,0.57030344,0.0,0.57030344,0.14257586
13417,0.19807483,0.12427803,0.27187166,0.14931011,0.0,0.14931011,0.037327528
13418,0.13981253,0.11927568,0.16034937,0.17717446,0.0,0.17717446,0.044293616
13419,0.13736683,0.10970202,0.16503163,0.15910552,0.0,0.15910552,0.03977638
13420,0.41275337,0.10197725,0.7235295,0.47526336,0.0,0.47526336,0.11881584
13421,0.15331183,0.0955163,0.21110737,0.04978371,0.0,0.04978371,0.012445928
13422,0.70270807,0.090628535,1.3147877,1.381045,0.0,1.381045,0.34526125
13423,0.18401085,0.091720216,0.27630147,0.34536782,0.0,0.34536782,0.086341955
13424,0.23683709,0.09084833,0.38282585,0.49361888,0.0,0.49361888,0.12340472
13425,0.18391238,0.089779854,0.2780449,0.3462794,0.0,0.3462794,0.08656985
13426,0.46029493,0.093488455,0.8271014,0.5286799,0.0,0.5286799,0.13216998
13427,1.0533973,0.100540616,2.006254,1.470348,0.0,1.470348,0.367587
13428,0.12959373,0.12960519,0.12958226,0.09854572,0.0,0.09854572,0.02463643
13429,0.25376365,0.19006109,0.31746617,0.094232656,0.0,0.094232656,0.023558164
13430,0.9451273,0.2399962,1.6502584,0.6813879,0.0,0.6813879,0.17034698
13431,0.669985,0.29586115,1.0441087,0.34798053,0.0,0.34798053,0.08699513
13432,1.5903687,0.33516225,2.8455753,1.3516483,0.0,1.3516483,0.33791208
13433,0.9321887,0.35556412,1.5088133,0.4781159,0.0,0.4781159,0.11952897
13434,0.34090438,0.34906945,0.33273935,0.061097603,0.0,0.061097603,0.015274401
13435,0.2542162,0.35750374,0.15092866,0.47363624,0.0,0.47363624,0.11840906
13436,0.9979698,0.33280227,1.6631373,0.6016319,0.0,0.6016319,0.15040797
13437,0.679599,0.31676826,1.0424298,0.30597135,0.0,0.30597135,0.07649284
13438,0.19155145,0.2723538,0.1107491,0.28613847,0.0,0.28613847,0.07153462
13439,0.20445287,0.26232782,0.14657794,0.26978776,0.0,0.26978776,0.06744694
13440,0.51408786,0.32195327,0.7062225,0.16884647,0.0,0.16884647,0.04221162
13441,0.7199683,0.40318403,1.0367526,0.20518558,0.0,0.20518558,0.051296394
13442,0.9139373,0.4958891,1.3319854,0.27119216,0.0,0.27119216,0.06779804
13443,0.4398265,0.59625524,0.2833977,0.85360235,0.0,0.85360235,0.21340059
13444,0.5225175,0.7680009,0.27703413,0.45307413,0.0,0.45307413,0.11326853
13445,2.1323688,0.8600728,3.4046648,0.88351154,0.0,0.88351154,0.22087789
13446,1.9454775,0.85744554,3.0335095,0.79810214,0.0,0.79810214,0.19952554
13447,0.9413503,0.79821473,1.0844859,0.062183354,0.0,0.062183354,0.0155458385
13448,0.9799482,0.737839,1.2220575,0.15766692,0.0,0.15766692,0.03941673
13449,0.5263505,0.65880996,0.393891,0.2677771,0.0,0.2677771,0.06694427
13450,0.45981786,0.5847898,0.33484587,0.51614094,0.0,0.51614094,0.12903523
13451,0.7351112,0.557753,0.9124693,0.12559144,0.0,0.12559144,0.03139786
13452,0.34522128,0.53956336,0.15087922,0.5347169,0.0,0.5347169,0.13367923
13453,0.7697511,0.55681056,0.9826916,0.12243101,0.0,0.12243101,0.030607753
13454,1.8036145,0.52491164,3.0823174,1.2950252,0.0,1.2950252,0.3237563
13455,1.2248145,0.41903248,2.0305967,0.6922348,0.0,0.6922348,0.1730587
13456,1.4084324,0.2555148,2.5613499,1.3776003,0.0,1.3776003,0.34440008
13457,0.16511755,0.16426705,0.16596803,0.10339741,0.0,0.10339741,0.025849352
13458,0.10666946,0.11979886,0.09354007,0.12950963,0.0,0.12950963,0.032377407
13459,0.25609553,0.11073411,0.40145695,0.71321565,0.0,0.71321565,0.17830391
13460,0.4495968,0.12022927,0.77896434,0.3422015,0.0,0.3422015,0.085550375
13461,0.1198006,0.119314395,0.1202868,0.11989727,0.0,0.11989727,0.029974317
13462,0.33755884,0.121638775,0.5534789,0.86325145,0.0,0.86325145,0.21581286
13463,0.14630297,0.1540754,0.13853054,0.075844854,0.0,0.075844854,0.018961214
13464,0.5409815,0.17661412,0.9053488,0.35858926,0.0,0.35858926,0.089647315
13465,0.64126295,0.17900594,1.1035199,0.49470854,0.0,0.49470854,0.123677135
13466,0.15600967,0.18259542,0.12942393,0.2010808,0.0,0.2010808,0.0502702
13467,0.15266782,0.17354377,0.13179187,0.026097456,0.0,0.026097456,0.006524364
13468,0.5205346,0.115884684,0.9251844,0.5062015,0.0,0.5062015,0.12655038
13469,0.1159481,0.0862273,0.14566891,0.111170374,0.0,0.111170374,0.027792593
13470,0.14624488,0.06209405,0.23039572,0.10828432,0.0,0.10828432,0.02707108
13471,0.17630333,0.053137824,0.29946882,0.13992931,0.0,0.13992931,0.034982327
13472,0.2895395,0.043120634,0.53595835,0.6401379,0.0,0.6401379,0.16003448
13473,0.15743406,0.04326999,0.27159813,0.18998282,0.0,0.18998282,0.047495704
13474,0.10056313,0.046389267,0.154737,0.19303806,0.0,0.19303806,0.048259515
13475,0.29323712,0.05616318,0.53031105,0.3576502,0.0,0.3576502,0.08941255
13476,0.17686032,0.06413943,0.2895812,0.14665702,0.0,0.14665702,0.036664255
13477,0.18534184,0.059669092,0.31101456,0.14455926,0.0,0.14455926,0.036139816
13478,0.7790819,0.045745786,1.5124179,1.3467717,0.0,1.3467717,0.33669293
13479,0.058729064,0.036006276,0.08145184,0.04778968,0.0,0.04778968,0.01194742
13480,0.09661519,0.032767355,0.16046302,0.13587146,0.0,0.13587146,0.033967864
13481,0.503682,0.03382882,0.97353524,1.0501059,0.0,1.0501059,0.26252648
13482,0.72413796,0.038678493,1.4095974,1.1542989,0.0,1.1542989,0.28857473
13483,0.14416955,0.052895803,0.23544331,0.13530087,0.0,0.13530087,0.03382522
13484,0.77949506,0.0707894,1.4882008,1.1054791,0.0,1.1054791,0.27636978
13485,0.46506202,0.09195527,0.8381688,0.47952577,0.0,0.47952577,0.11988144
13486,0.37660024,0.09151075,0.6616897,0.34350196,0.0,0.34350196,0.08587549
13487,0.16321464,0.09297079,0.2334585,0.33227184,0.0,0.33227184,0.08306796
13488,0.7441137,0.09663379,1.3915936,0.9495097,0.0,0.9495097,0.23737742
13489,0.4670091,0.09846693,0.83555126,0.48203745,0.0,0.48203745,0.12050936
13490,0.41482913,0.09183503,0.73782325,0.43124303,0.0,0.43124303,0.10781076
13491,0.12268648,0.07786625,0.16750671,0.06267833,0.0,0.06267833,0.015669582
13492,0.098585784,0.065204054,0.13196753,0.09066624,0.0,0.09066624,0.02266656
13493,0.22830707,0.058126394,0.39848772,0.47791377,0.0,0.47791377,0.11947844
13494,0.086596586,0.051973343,0.12121982,0.09212089,0.0,0.09212089,0.023030223
13495,0.4639878,0.0506006,0.87737495,1.000121,0.0,1.000121,0.25003025
13496,0.14408028,0.047460806,0.24069977,0.3148324,0.0,0.3148324,0.0787081
13497,0.08871553,0.04541798,0.1320131,0.16980648,0.0,0.16980648,0.04245162
13498,0.6743496,0.04987106,1.2988281,1.0908024,0.0,1.0908024,0.2727006
13499,0.09235818,0.054836914,0.12987946,0.11546747,0.0,0.11546747,0.028866867
13500,0.4559934,0.05361095,0.85837585,0.63564545,0.0,0.63564545,0.15891136
13501,0.28513125,0.05326755,0.51699495,0.30556384,0.0,0.30556384,0.07639096
13502,0.22122292,0.055344343,0.3871015,0.567406,0.0,0.567406,0.1418515
13503,0.14286001,0.06306475,0.22265528,0.36826956,0.0,0.36826956,0.09206739
13504,0.09000004,0.07160912,0.108390965,0.09692972,0.0,0.09692972,0.02423243
13505,0.1266538,0.070911415,0.18239622,0.30697772,0.0,0.30697772,0.07674443
13506,0.17661114,0.07208883,0.28113344,0.16126746,0.0,0.16126746,0.040316865
13507,0.6396434,0.073007174,1.2062795,0.7814439,0.0,0.7814439,0.19536097
13508,0.34030005,0.08149009,0.59910995,0.95553255,0.0,0.95553255,0.23888314
13509,0.34484187,0.07771341,0.6119703,0.30300564,0.0,0.30300564,0.07575141
13510,1.1394461,0.06903272,2.2098596,1.6729342,0.0,1.6729342,0.41823354
13511,0.12337428,0.06548219,0.18126637,0.07212942,0.0,0.07212942,0.018032355
13512,0.54495126,0.074315034,1.0155874,1.3380646,0.0,1.3380646,0.33451614
13513,0.8855822,0.09318664,1.6779777,1.1201973,0.0,1.1201973,0.28004932
13514,0.30343392,0.10052786,0.50634,0.1963619,0.0,0.1963619,0.049090475
13515,0.1058079,0.1067496,0.104866184,0.04338162,0.0,0.04338162,0.010845405
13516,0.11237552,0.09188285,0.1328682,0.0447053,0.0,0.0447053,0.011176325
13517,0.09183175,0.07643605,0.10722747,0.21144521,0.0,0.21144521,0.052861303
13518,0.20747356,0.06444456,0.35050258,0.15343307,0.0,0.15343307,0.038358267
13519,0.6916352,0.060141757,1.3231286,1.6448857,0.0,1.6448857,0.4112214
13520,0.12438464,0.054983348,0.19378595,0.3171843,0.0,0.3171843,0.079296075
13521,1.0316064,0.058858275,2.0043547,1.5681791,0.0,1.5681791,0.39204478
13522,0.19114666,0.065055944,0.31723735,0.1203836,0.0,0.1203836,0.0300959
13523,0.27932146,0.08424121,0.4744017,0.18645799,0.0,0.18645799,0.046614498
13524,0.3305863,0.10577241,0.5554002,0.2071594,0.0,0.2071594,0.05178985
13525,0.5511534,0.09973886,1.002568,0.51756215,0.0,0.51756215,0.12939054
13526,0.166754,0.10472524,0.22878277,0.48244026,0.0,0.48244026,0.120610066
13527,0.14037246,0.09076297,0.18998194,0.06628698,0.0,0.06628698,0.016571745
13528,1.0952228,0.08380399,2.1066418,1.4796003,0.0,1.4796003,0.36990008
13529,0.14134425,0.074950896,0.20773761,0.110618494,0.0,0.110618494,0.027654624
13530,0.42206028,0.07057305,0.7735476,0.44800892,0.0,0.44800892,0.11200223
13531,0.26083794,0.07209421,0.4495817,0.17900276,0.0,0.17900276,0.04475069
13532,0.5145981,0.081721336,0.9474748,0.549367,0.0,0.549367,0.13734175
13533,0.10358414,0.09694439,0.11022389,0.12153401,0.0,0.12153401,0.030383503
13534,0.81734127,0.106310405,1.5283722,0.92644596,0.0,0.92644596,0.23161149
13535,0.12815093,0.113210835,0.14309101,0.035127345,0.0,0.035127345,0.008781836
13536,0.06971764,0.10087601,0.038559258,0.1638149,0.0,0.1638149,0.040953726
13537,0.28860897,0.09422215,0.48299578,0.3289952,0.0,0.3289952,0.0822488
13538,0.956418,0.08886826,1.8239676,1.2059555,0.0,1.2059555,0.30148888
13539,1.1189257,0.0850256,2.1528256,1.5102609,0.0,1.5102609,0.37756523
13540,0.43033448,0.08532385,0.7753451,0.39295962,0.0,0.39295962,0.098239906
13541,0.43848762,0.08011096,0.7968643,0.4005914,0.0,0.4005914,0.10014785
13542,0.27196535,0.07897377,0.46495697,0.7183463,0.0,0.7183463,0.17958657
13543,0.17670465,0.08424886,0.26916045,0.48887953,0.0,0.48887953,0.12221988
13544,0.8057856,0.094575785,1.5169954,1.0070637,0.0,1.0070637,0.25176594
13545,0.43463624,0.09983334,0.76943916,0.346534,0.0,0.346534,0.0866335
13546,0.427303,0.11841416,0.7361918,0.28832898,0.0,0.28832898,0.072082244
13547,0.10430133,0.12887163,0.07973104,0.30251303,0.0,0.30251303,0.07562826
13548,0.10800598,0.14070804,0.07530392,0.31067708,0.0,0.31067708,0.07766927
13549,0.10265536,0.13871337,0.06659734,0.265156,0.0,0.265156,0.066289
13550,0.3027142,0.12607576,0.47935262,0.21458547,0.0,0.21458547,0.053646367
13551,0.33665773,0.124448955,0.5488665,0.16861872,0.0,0.16861872,0.04215468
13552,0.64147013,0.12631705,1.1566232,0.6055377,0.0,0.6055377,0.15138443
13553,0.110713385,0.13452558,0.08690118,0.3488195,0.0,0.3488195,0.08720487
13554,0.3967969,0.14639612,0.64719766,0.1939029,0.0,0.1939029,0.048475724
13555,0.7001497,0.16864932,1.2316501,0.52126604,0.0,0.52126604,0.13031651
13556,0.66498524,0.20384638,1.1261241,0.43890747,0.0,0.43890747,0.10972687
13557,0.46793172,0.23063843,0.705225,0.1400194,0.0,0.1400194,0.03500485
13558,0.19776191,0.25118443,0.14433941,0.46737155,0.0,0.46737155,0.11684289
13559,0.2733134,0.26974234,0.2768845,0.10322753,0.0,0.10322753,0.025806883
13560,0.39174795,0.28998664,0.4935093,1.1911907,0.0,1.1911907,0.29779768
13561,0.30188683,0.291364,0.31240967,0.050069053,0.0,0.050069053,0.012517263
13562,0.9369053,0.31240052,1.5614101,0.5446381,0.0,0.5446381,0.13615952
13563,0.20061399,0.33172718,0.06950081,0.25071964,0.0,0.25071964,0.06267991
13564,0.4738178,0.3279979,0.61963767,1.5362067,0.0,1.5362067,0.38405168
13565,0.4474088,0.30661532,0.58820224,0.15514143,0.0,0.15514143,0.038785357
13566,0.31234485,0.2994916,0.32519808,0.13756032,0.0,0.13756032,0.03439008
13567,1.1282204,0.30672216,1.9497188,0.79369515,0.0,0.79369515,0.19842379
13568,0.3785971,0.3192746,0.4379196,0.06626946,0.0,0.06626946,0.016567364
13569,0.72061634,0.32636368,1.114869,0.25052193,0.0,0.25052193,0.06263048
13570,0.31469262,0.32994464,0.2994406,0.86457276,0.0,0.86457276,0.21614319
13571,0.86776257,0.34126416,1.394261,0.38863823,0.0,0.38863823,0.09715956
13572,0.2128998,0.34561405,0.08018557,0.17572452,0.0,0.17572452,0.04393113
13573,1.0345311,0.35751888,1.7115434,0.531573,0.0,0.531573,0.13289325
13574,0.3782307,0.35643125,0.40003014,0.14208026,0.0,0.14208026,0.035520066
13575,0.47353038,0.35943028,0.58763045,1.3953866,0.0,1.3953866,0.34884664
13576,0.2018093,0.35405526,0.049563363,0.31290147,0.0,0.31290147,0.07822537
13577,0.19441904,0.3485539,0.04028421,0.26664183,0.0,0.26664183,0.06666046
13578,0.36670884,0.35095295,0.38246474,0.070072,0.0,0.070072,0.017518
13579,0.9631174,0.36154667,1.5646882,0.47145247,0.0,0.47145247,0.11786312
13580,0.5209429,0.3644311,0.67745477,0.11139516,0.0,0.11139516,0.02784879
13581,0.2649685,0.36461124,0.1653258,0.7435443,0.0,0.7435443,0.18588607
13582,0.36658528,0.3681221,0.3650485,0.95549566,0.0,0.95549566,0.23887391
13583,1.8039635,0.37519434,3.2327328,1.5216585,0.0,1.5216585,0.38041463
13584,0.42210114,0.37996283,0.46423945,0.14517222,0.0,0.14517222,0.036293056
13585,0.5207606,0.38399744,0.6575237,0.09974035,0.0,0.09974035,0.024935087
13586,0.20788778,0.38308132,0.03269426,0.25533232,0.0,0.25533232,0.06383308
13587,1.6368104,0.3733141,2.9003067,1.2645897,0.0,1.2645897,0.31614742
13588,0.35978165,0.3623575,0.35720578,0.047896076,0.0,0.047896076,0.011974019
13589,0.34744975,0.36189,0.33300948,0.2262301,0.0,0.2262301,0.056557525
13590,0.41670498,0.3620435,0.4713665,0.047021914,0.0,0.047021914,0.011755479
13591,0.43703422,0.37233934,0.5017291,0.06235914,0.0,0.06235914,0.015589785
13592,0.22785646,0.37085938,0.08485353,0.5230263,0.0,0.5230263,0.13075657
13593,0.23668937,0.3766655,0.09671321,0.3198143,0.0,0.3198143,0.07995357
13594,0.33675817,0.38703206,0.28648427,0.098130286,0.0,0.098130286,0.024532571
13595,0.24572492,0.43375662,0.057693183,0.2280262,0.0,0.2280262,0.05700655
13596,1.0092063,0.46698824,1.5514244,0.336406,0.0,0.336406,0.0841015
13597,0.30422676,0.47965565,0.12879784,0.28384918,0.0,0.28384918,0.070962295
13598,1.7693533,0.45805883,3.0806477,1.21885,0.0,1.21885,0.3047125
13599,0.29789114,0.48638526,0.10939703,0.18802206,0.0,0.18802206,0.047005516
13600,2.172238,0.54636234,3.798114,1.5670972,0.0,1.5670972,0.3917743
13601,0.9035552,0.62220323,1.1849072,0.12520818,0.0,0.12520818,0.031302046
13602,0.5635975,0.67141837,0.4557766,0.15499727,0.0,0.15499727,0.03874932
13603,0.5283667,0.7088051,0.3479283,0.18715765,0.0,0.18715765,0.04678941
13604,0.6179447,0.6878267,0.54806274,0.19510673,0.0,0.19510673,0.048776682
13605,1.2719179,0.66312504,1.8807107,0.34801853,0.0,0.34801853,0.08700463
13606,1.8381256,0.6316193,3.044632,0.96180946,0.0,0.96180946,0.24045236
13607,0.45607343,0.6331713,0.27897552,0.33681402,0.0,0.33681402,0.084203504
13608,0.78925014,0.6237831,0.95471716,0.06433826,0.0,0.06433826,0.016084565
13609,1.5652786,0.61505,2.5155072,0.67387223,0.0,0.67387223,0.16846806
13610,1.6956244,0.5910055,2.8002431,0.8542888,0.0,0.8542888,0.2135722
13611,0.49595633,0.56894207,0.42297065,1.6859051,0.0,1.6859051,0.42147627
13612,0.38836232,0.57238466,0.20433998,0.301141,0.0,0.301141,0.07528525
13613,0.43155587,0.6112177,0.2518941,0.99581593,0.0,0.99581593,0.24895398
13614,0.3562317,0.62097985,0.091483474,0.7333722,0.0,0.7333722,0.18334305
13615,1.2955965,0.6164797,1.9747133,0.49395785,0.0,0.49395785,0.12348946
13616,0.45019054,0.6239402,0.2764409,0.3773296,0.0,0.3773296,0.0943324
13617,0.34593675,0.6071396,0.08473388,0.65385485,0.0,0.65385485,0.16346371
13618,0.52865285,0.6099877,0.447318,0.12069736,0.0,0.12069736,0.03017434
13619,0.3989412,0.60967916,0.18820329,0.3199499,0.0,0.3199499,0.079987474
13620,0.8907976,0.5933941,1.1882011,0.18875201,0.0,0.18875201,0.047188003
13621,1.0205743,0.5829882,1.4581604,0.26621068,0.0,0.26621068,0.06655267
13622,0.4606754,0.57912546,0.3422254,0.14432465,0.0,0.14432465,0.03608116
13623,0.8708186,0.59779227,1.143845,0.1798024,0.0,0.1798024,0.0449506
13624,0.3841361,0.6186456,0.14962661,0.39144328,0.0,0.39144328,0.09786082
13625,1.2326399,0.62409127,1.8411884,0.42494997,0.0,0.42494997,0.10623749
13626,1.0964605,0.6028016,1.5901192,0.26919517,0.0,0.26919517,0.06729879
13627,1.449606,0.58485967,2.3143523,0.6385014,0.0,0.6385014,0.15962535
13628,0.33939278,0.59601635,0.08276918,0.62509835,0.0,0.62509835,0.15627459
13629,0.59884053,0.6238647,0.57381636,0.06364818,0.0,0.06364818,0.015912045
13630,0.48625517,0.6117417,0.36076868,0.1277763,0.0,0.1277763,0.031944074
13631,0.41186365,0.6298904,0.19383688,0.44217566,0.0,0.44217566,0.110543914
13632,1.6996646,0.63807493,2.7612543,0.76854235,0.0,0.76854235,0.19213559
13633,0.5900784,0.6364538,0.5437031,0.05276917,0.0,0.05276917,0.013192292
13634,0.66834307,0.6141191,0.7225669,0.03391029,0.0,0.03391029,0.008477572
13635,1.2738,0.5977972,1.9498028,0.45932987,0.0,0.45932987,0.11483247
13636,0.8687525,0.60559726,1.1319078,0.14483772,0.0,0.14483772,0.03620943
13637,0.86585456,0.5999914,1.1317177,0.13233562,0.0,0.13233562,0.033083905
13638,0.44146147,0.59350747,0.28941557,0.48586825,0.0,0.48586825,0.12146706
13639,1.569321,0.55962706,2.5790148,0.77165604,0.0,0.77165604,0.19291401
13640,0.43331513,0.54152733,0.3251029,0.15448631,0.0,0.15448631,0.03862158
13641,1.7442714,0.5332492,2.9552937,1.0400616,0.0,1.0400616,0.2600154
13642,0.9614835,0.5441406,1.3788265,0.29231426,0.0,0.29231426,0.073078565
13643,0.3924131,0.55814147,0.2266847,0.3878099,0.0,0.3878099,0.096952476
13644,1.2603488,0.569704,1.9509935,0.55052614,0.0,0.55052614,0.13763154
13645,0.91035557,0.5590403,1.2616708,0.17801537,0.0,0.17801537,0.04450384
13646,0.7010181,0.5578986,0.8441376,0.08371738,0.0,0.08371738,0.020929346
13647,0.44721174,0.57256186,0.32186165,0.12763,0.0,0.12763,0.0319075
13648,0.9124656,0.5816669,1.2432642,0.20348917,0.0,0.20348917,0.050872292
13649,0.7385667,0.5920679,0.88506556,0.096058495,0.0,0.096058495,0.024014624
13650,0.7883343,0.57863086,0.99803776,0.091331095,0.0,0.091331095,0.022832774
13651,0.92881876,0.5778163,1.2798213,0.17787313,0.0,0.17787313,0.044468284
13652,1.293568,0.5699144,2.0172215,0.54505455,0.0,0.54505455,0.13626364
13653,0.40757266,0.5683899,0.24675547,0.41463444,0.0,0.41463444,0.10365861
13654,0.6747492,0.55029416,0.7992042,0.057727795,0.0,0.057727795,0.014431949
13655,0.7704403,0.53963417,1.0012463,0.14574628,0.0,0.14574628,0.03643657
13656,1.042018,0.52375555,1.5602807,0.39259717,0.0,0.39259717,0.09814929
13657,0.7083609,0.49966082,0.91706103,0.13672087,0.0,0.13672087,0.034180216
13658,0.9029867,0.4858316,1.3201417,0.31564856,0.0,0.31564856,0.07891214
13659,0.3873906,0.48966333,0.2851179,0.18075825,0.0,0.18075825,0.045189563
13660,0.72231644,0.52216214,0.9224708,0.10841819,0.0,0.10841819,0.027104547
13661,0.37010098,0.5269389,0.21326303,0.7574034,0.0,0.7574034,0.18935084
13662,0.4807024,0.51924694,0.44215783,0.050066337,0.0,0.050066337,0.012516584
13663,0.4295701,0.5163067,0.3428335,1.12436,0.0,1.12436,0.28109
13664,0.4391764,0.52320856,0.35514423,0.11621621,0.0,0.11621621,0.029054053
13665,0.38721263,0.5243854,0.25003988,0.22706556,0.0,0.22706556,0.05676639
13666,0.32849798,0.52468747,0.13230848,0.5461557,0.0,0.5461557,0.13653892
13667,0.4194932,0.51607805,0.3229083,0.13011467,0.0,0.13011467,0.03252867
13668,0.9097579,0.4962542,1.3232616,0.24899416,0.0,0.24899416,0.06224854
13669,0.3181732,0.48398718,0.15235923,0.56118566,0.0,0.56118566,0.14029641
13670,0.38705644,0.47481346,0.29929936,0.098819755,0.0,0.098819755,0.024704939
13671,1.5677943,0.47004235,2.6655464,1.043951,0.0,1.043951,0.26098776
13672,0.6679427,0.4632577,0.8726277,0.11665089,0.0,0.11665089,0.029162722
13673,0.7503054,0.45774522,1.0428656,0.18471724,0.0,0.18471724,0.04617931
13674,0.36108413,0.45502043,0.2671479,0.3751961,0.0,0.3751961,0.093799025
13675,0.65492207,0.447673,0.8621711,0.13836002,0.0,0.13836002,0.034590006
13676,0.6027746,0.4356389,0.76991034,0.11289859,0.0,0.11289859,0.028224647
13677,0.35114574,0.4318788,0.27041265,0.117617905,0.0,0.117617905,0.029404476
13678,1.1055077,0.42298245,1.7880329,0.55813223,0.0,0.55813223,0.13953306
13679,0.6430621,0.42158827,0.864536,0.13294499,0.0,0.13294499,0.033236247
13680,1.6070713,0.44295582,2.7711868,1.0761032,0.0,1.0761032,0.2690258
13681,0.4029182,0.45947894,0.34635743,0.04454935,0.0,0.04454935,0.011137337
13682,0.3120124,0.45759,0.16643475,0.5982173,0.0,0.5982173,0.14955433
13683,0.37747237,0.4551423,0.2998024,1.1304337,0.0,1.1304337,0.28260842
13684,0.6612222,0.46288967,0.85955477,0.12461694,0.0,0.12461694,0.031154236
13685,0.34669533,0.48414633,0.20924433,0.35927883,0.0,0.35927883,0.08981971
13686,0.6988898,0.51436836,0.8834112,0.09553155,0.0,0.09553155,0.023882888
13687,0.38209128,0.5393867,0.22479588,0.46316633,0.0,0.46316633,0.11579158
13688,0.66212386,0.56888765,0.75535995,0.068915375,0.0,0.068915375,0.017228844
13689,1.5235566,0.5817497,2.4653635,0.691405,0.0,0.691405,0.17285125
13690,1.5666771,0.5910171,2.542337,0.7402428,0.0,0.7402428,0.1850607
13691,0.5450786,0.61681837,0.47333872,0.14050187,0.0,0.14050187,0.035125468
13692,1.0227956,0.6262347,1.4193563,0.20957148,0.0,0.20957148,0.05239287
13693,0.39328405,0.6278646,0.15870349,0.45188513,0.0,0.45188513,0.11297128
13694,1.2009702,0.62271094,1.7792295,0.38641453,0.0,0.38641453,0.09660363
13695,1.837801,0.6235838,3.0520182,1.0701895,0.0,1.0701895,0.26754737
13696,0.7851727,0.6266369,0.9437084,0.09048589,0.0,0.09048589,0.022621473
13697,2.4148905,0.620622,4.209159,1.7386026,0.0,1.7386026,0.43465066
13698,0.54919606,0.6018674,0.49652484,0.044837307,0.0,0.044837307,0.011209327
13699,0.5381256,0.59540063,0.48085055,0.058101844,0.0,0.058101844,0.014525461
13700,0.49061903,0.6165483,0.3646898,0.14659226,0.0,0.14659226,0.036648065
13701,1.2256294,0.6298434,1.8214155,0.42302895,0.0,0.42302895,0.10575724
13702,1.3532366,0.64515156,2.0613215,0.5023441,0.0,0.5023441,0.12558602
13703,0.50870055,0.65835965,0.35904145,0.26782987,0.0,0.26782987,0.06695747
13704,1.3277401,0.6731997,1.9822803,0.44100627,0.0,0.44100627,0.11025157
13705,0.43885496,0.675093,0.20261693,0.99015975,0.0,0.99015975,0.24753994
13706,0.6293748,0.68017316,0.5785765,0.06284823,0.0,0.06284823,0.015712058
13707,0.9037997,0.68356085,1.1240386,0.1180155,0.0,0.1180155,0.029503874
13708,0.6115127,0.69197226,0.53105325,0.111852564,0.0,0.111852564,0.027963141
13709,1.360552,0.7080918,2.0130122,0.4283432,0.0,0.4283432,0.1070858
13710,0.64540553,0.6936106,0.59720045,0.038419235,0.0,0.038419235,0.009604809
13711,0.648361,0.69628173,0.60044026,1.1335511,0.0,1.1335511,0.28338778
13712,0.52796465,0.6635743,0.39235497,0.23002714,0.0,0.23002714,0.057506785
13713,1.2350278,0.64823,1.8218256,0.42684653,0.0,0.42684653,0.10671163
13714,0.5205874,0.644799,0.3963758,0.11459631,0.0,0.11459631,0.028649077
13715,1.1538026,0.6328975,1.6747078,0.37757552,0.0,0.37757552,0.09439388
13716,1.3248203,0.6389378,2.0107028,0.47368088,0.0,0.47368088,0.11842022
13717,0.6212185,0.64127713,0.6011598,0.021891376,0.0,0.021891376,0.005472844
13718,0.97696185,0.63595915,1.3179646,0.17465676,0.0,0.17465676,0.04366419
13719,0.59605676,0.628449,0.5636645,0.038755868,0.0,0.038755868,0.009688967
13720,0.46512398,0.64217746,0.28807047,0.34092596,0.0,0.34092596,0.08523149
13721,0.39501095,0.6522894,0.1377325,0.83752376,0.0,0.83752376,0.20938094
13722,0.45180544,0.648622,0.25498888,0.36652198,0.0,0.36652198,0.091630496
13723,0.74980664,0.64804155,0.85157174,0.043324437,0.0,0.043324437,0.010831109
13724,1.3308922,0.6460151,2.0157692,0.49903798,0.0,0.49903798,0.124759495
13725,2.3475254,0.6691189,4.025932,1.5249147,0.0,1.5249147,0.3812287
13726,1.7219442,0.6691518,2.7747364,0.880511,0.0,0.880511,0.22012775
13727,0.53699416,0.69873047,0.37525776,0.13931385,0.0,0.13931385,0.03482846
13728,2.4962685,0.74455816,4.247979,1.5755482,0.0,1.5755482,0.39388704
13729,1.513759,0.7413562,2.286162,0.50957793,0.0,0.50957793,0.12739448
13730,0.69118744,0.7448996,0.6374754,0.09771637,0.0,0.09771637,0.024429092
13731,1.4524136,0.7528809,2.1519463,0.49962768,0.0,0.49962768,0.12490692
13732,0.58611673,0.7741573,0.39807615,0.17787065,0.0,0.17787065,0.04446766
13733,0.9971954,0.8039088,1.190482,0.10170109,0.0,0.10170109,0.025425272
13734,1.480504,0.8025388,2.1584692,0.42872462,0.0,0.42872462,0.107181154
13735,0.5552895,0.82009387,0.29048514,0.79312927,0.0,0.79312927,0.19828232
13736,0.7404995,0.8457804,0.6352186,0.06912535,0.0,0.06912535,0.017281337
13737,1.7845646,0.8751395,2.6939898,0.67902714,0.0,0.67902714,0.16975679
13738,2.0813785,0.9120074,3.2507496,0.8590496,0.0,0.8590496,0.2147624
13739,1.0467716,0.8993409,1.1942023,0.08260266,0.0,0.08260266,0.020650664
13740,0.835707,0.89296466,0.7784495,0.11108186,0.0,0.11108186,0.027770465
13741,1.7443591,0.8753285,2.6133897,0.5690098,0.0,0.5690098,0.14225245
13742,2.0587986,0.8397663,3.2778308,0.98102194,0.0,0.98102194,0.24525549
13743,2.7820358,0.812038,4.7520337,1.7803894,0.0,1.7803894,0.44509736
13744,0.66987973,0.76343626,0.57632333,0.10163314,0.0,0.10163314,0.025408285
13745,0.92227906,0.75143623,1.0931219,0.08877238,0.0,0.08877238,0.022193095
13746,1.0567895,0.7256487,1.3879304,0.20507817,0.0,0.20507817,0.051269542
13747,0.631731,0.7335054,0.5299565,0.1007768,0.0,0.1007768,0.0251942
13748,0.46617103,0.7465566,0.18578549,0.5420689,0.0,0.5420689,0.13551722
13749,1.1047348,0.7526333,1.4568363,0.17893516,0.0,0.17893516,0.04473379
13750,1.1442285,0.7985366,1.4899203,0.20132284,0.0,0.20132284,0.05033071
13751,0.6849985,0.80161303,0.56838393,0.14474301,0.0,0.14474301,0.036185753
13752,2.0513117,0.8174302,3.2851932,1.0571305,0.0,1.0571305,0.2642826
13753,0.7082615,0.81989104,0.59663194,0.13301073,0.0,0.13301073,0.033252683
13754,2.227739,0.83166677,3.623811,1.3097421,0.0,1.3097421,0.32743552
13755,1.9280716,0.8335173,3.022626,0.89286613,0.0,0.89286613,0.22321653
13756,0.7837232,0.823149,0.74429727,0.023626447,0.0,0.023626447,0.0059066117
13757,0.7634718,0.8302403,0.69670314,0.06325763,0.0,0.06325763,0.015814407
13758,0.6980097,0.8236077,0.5724118,0.13755809,0.0,0.13755809,0.034389522
13759,0.6823017,0.8267394,0.53786397,0.09264621,0.0,0.09264621,0.023161553
13760,0.78288126,0.8340826,0.7316799,0.03226867,0.0,0.03226867,0.008067167
13761,1.7899879,0.8345873,2.7453883,0.74497527,0.0,0.74497527,0.18624382
13762,2.3241644,0.81724286,3.831086,1.3741627,0.0,1.3741627,0.34354067
13763,1.4975516,0.8437874,2.1513157,0.4398087,0.0,0.4398087,0.109952174
13764,1.3352159,0.87773114,1.7927008,0.3333722,0.0,0.3333722,0.08334305
13765,0.78898364,0.8851277,0.6928396,0.17031296,0.0,0.17031296,0.04257824
13766,0.7832842,0.8854127,0.68115574,0.1248067,0.0,0.1248067,0.031201676
13767,2.2865074,0.8656433,3.7073715,1.337437,0.0,1.337437,0.33435926
13768,0.95077103,0.8463058,1.0552362,0.040679794,0.0,0.040679794,0.010169948
13769,0.5946199,0.800113,0.38912687,0.8568692,0.0,0.8568692,0.2142173
13770,0.6931022,0.7423751,0.6438293,0.42230925,0.0,0.42230925,0.10557731
13771,0.63328403,0.71696407,0.54960394,1.5910751,0.0,1.5910751,0.39776877
13772,0.63504744,0.69523495,0.5748599,0.053729236,0.0,0.053729236,0.013432309
13773,2.4412048,0.66912574,4.213284,1.732104,0.0,1.732104,0.433026
13774,0.991909,0.66216606,1.321652,0.20555396,0.0,0.20555396,0.05138849
13775,0.76864195,0.6694496,0.86783427,0.065768324,0.0,0.065768324,0.016442081
13776,0.5293283,0.66340244,0.39525414,0.16694157,0.0,0.16694157,0.041735392
13777,1.9018756,0.66445243,3.1392987,1.1154617,0.0,1.1154617,0.27886543
13778,0.6428854,0.6437005,0.64207023,1.1895283,0.0,1.1895283,0.2973821
13779,0.5336266,0.6178884,0.4493648,0.4675978,0.0,0.4675978,0.11689945
13780,2.0141106,0.6138034,3.4144175,1.3519179,0.0,1.3519179,0.33797947
13781,0.9739712,0.6178675,1.3300748,0.28633115,0.0,0.28633115,0.07158279
13782,0.53464055,0.6158529,0.45342827,0.7116301,0.0,0.7116301,0.17790753
13783,0.5260064,0.57899845,0.47301427,0.082493655,0.0,0.082493655,0.020623414
13784,1.3093013,0.5426007,2.0760016,0.66366535,0.0,0.66366535,0.16591634
13785,0.47025666,0.5093498,0.43116343,0.09221319,0.0,0.09221319,0.023053298
13786,0.69799453,0.4961404,0.89984876,0.15413313,0.0,0.15413313,0.03853328
13787,0.5113204,0.50639,0.51625085,0.6605417,0.0,0.6605417,0.16513543
13788,0.49500418,0.5243674,0.465641,0.36940446,0.0,0.36940446,0.092351116
13789,0.9396755,0.54776555,1.3315854,0.37253416,0.0,0.37253416,0.09313354
13790,0.6848642,0.551899,0.8178293,1.4107547,0.0,1.4107547,0.35268867
13791,1.1374035,0.5243925,1.7504145,0.5830242,0.0,0.5830242,0.14575605
13792,0.73937464,0.48353243,0.9952169,0.14166236,0.0,0.14166236,0.03541559
13793,0.4575192,0.46496323,0.45007515,0.02753329,0.0,0.02753329,0.0068833227
13794,0.57490295,0.474164,0.67564183,0.07515194,0.0,0.07515194,0.018787986
13795,2.1670537,0.49695468,3.8371527,1.8086547,0.0,1.8086547,0.45216367
13796,0.68914276,0.5237763,0.8545093,0.12323765,0.0,0.12323765,0.030809412
13797,1.6226526,0.5506205,2.694685,1.1425254,0.0,1.1425254,0.28563136
13798,0.7041934,0.5649073,0.8434796,0.08647963,0.0,0.08647963,0.021619907
13799,0.52358305,0.5999695,0.4471966,0.45368603,0.0,0.45368603,0.11342151
13800,0.5949007,0.62891,0.56089145,0.77596927,0.0,0.77596927,0.19399232
13801,0.91978455,0.64779764,1.1917714,0.15217431,0.0,0.15217431,0.038043577
13802,0.69620174,0.6753575,0.71704596,0.015930071,0.0,0.015930071,0.003982518
13803,0.619561,0.7145433,0.5245788,1.6756638,0.0,1.6756638,0.41891596
13804,0.62875986,0.7936771,0.4638426,0.28930616,0.0,0.28930616,0.07232654
13805,1.4628459,0.84235805,2.083334,0.43620995,0.0,0.43620995,0.10905249
13806,1.8711023,0.86855674,2.873648,0.87827444,0.0,0.87827444,0.21956861
13807,0.6898041,0.86517876,0.51442945,0.5080795,0.0,0.5080795,0.12701988
13808,0.58405226,0.8426865,0.32541803,0.59283954,0.0,0.59283954,0.14820988
13809,0.6547069,0.8480428,0.46137092,0.5474524,0.0,0.5474524,0.1368631
13810,1.8830067,0.8235822,2.9424312,0.9902243,0.0,0.9902243,0.24755608
13811,0.6632953,0.73980397,0.5867867,0.82787746,0.0,0.82787746,0.20696937
13812,1.7991009,0.6559081,2.9422934,1.185369,0.0,1.185369,0.29634225
13813,0.4574604,0.5791216,0.33579922,0.13518569,0.0,0.13518569,0.033796422
13814,0.3905963,0.4980038,0.28318885,0.3117242,0.0,0.3117242,0.07793105
13815,0.34215775,0.42837095,0.25594452,0.1286407,0.0,0.1286407,0.032160174
13816,0.41264883,0.3965237,0.42877397,0.15434046,0.0,0.15434046,0.038585115
13817,0.28891817,0.37637767,0.20145868,0.167998,0.0,0.167998,0.0419995
13818,0.36635327,0.3692499,0.3634566,0.15034212,0.0,0.15034212,0.03758553
13819,0.3455437,0.3575213,0.33356607,0.21038538,0.0,0.21038538,0.052596346
13820,1.0634834,0.36189842,1.7650684,0.6931185,0.0,0.6931185,0.17327963
13821,0.4238416,0.39071766,0.45696554,0.019800501,0.0,0.019800501,0.0049501252
13822,0.40364838,0.41999003,0.38730678,0.08955369,0.0,0.08955369,0.022388423
13823,0.73800856,0.43937683,1.0366403,0.18601467,0.0,0.18601467,0.046503667
13824,0.40361324,0.4371716,0.37005487,0.07060697,0.0,0.07060697,0.017651742
13825,0.6616486,0.43629822,0.88699895,0.17821737,0.0,0.17821737,0.04455434
13826,0.33609834,0.42856467,0.24363203,0.26359308,0.0,0.26359308,0.06589827
13827,0.48608318,0.41450027,0.5576661,0.9794056,0.0,0.9794056,0.2448514
13828,0.9287731,0.4031774,1.4543687,0.46637857,0.0,0.46637857,0.11659464
13829,0.3777015,0.406679,0.34872398,0.07603649,0.0,0.07603649,0.019009123
13830,0.35884944,0.40491152,0.31278732,0.14607982,0.0,0.14607982,0.036519956
13831,0.376242,0.41183588,0.34064808,0.15360755,0.0,0.15360755,0.038401887
13832,1.556244,0.43747327,2.6750147,1.1382837,0.0,1.1382837,0.28457093
13833,1.8137292,0.44824883,3.1792095,1.4864167,0.0,1.4864167,0.37160417
13834,1.2676712,0.46542895,2.0699136,0.7020769,0.0,0.7020769,0.17551923
13835,0.34196925,0.4956006,0.18833788,0.4584242,0.0,0.4584242,0.11460605
13836,0.45698607,0.51121753,0.40275463,0.081683695,0.0,0.081683695,0.020420924
13837,0.5297443,0.4808264,0.57866216,0.03324395,0.0,0.03324395,0.008310988
13838,0.33122835,0.4221612,0.24029553,0.44492278,0.0,0.44492278,0.111230694
13839,0.4876789,0.3702484,0.6051094,0.13483097,0.0,0.13483097,0.03370774
13840,0.477294,0.3559588,0.59862924,0.12866403,0.0,0.12866403,0.032166008
13841,0.34856942,0.37314543,0.32399347,1.0162565,0.0,1.0162565,0.2540641
13842,1.6047697,0.41025686,2.7992828,1.1826159,0.0,1.1826159,0.29565397
13843,0.37479803,0.47327766,0.2763184,0.4638311,0.0,0.4638311,0.115957774
13844,1.156701,0.5002187,1.8131832,0.4969734,0.0,0.4969734,0.12424335
13845,0.6636899,0.52169824,0.8056815,0.11091912,0.0,0.11091912,0.02772978
13846,0.48335704,0.5356803,0.43103373,0.10414463,0.0,0.10414463,0.026036158
13847,0.3812699,0.53339046,0.22914936,0.6224376,0.0,0.6224376,0.1556094
13848,2.1105738,0.541621,3.6795263,1.502388,0.0,1.502388,0.375597
13849,0.5003181,0.56260735,0.4380289,0.049154777,0.0,0.049154777,0.012288694
13850,1.0199007,0.5986844,1.4411169,0.23376606,0.0,0.23376606,0.058441516
13851,0.7586544,0.670114,0.84719485,0.03954898,0.0,0.03954898,0.009887245
13852,0.59894854,0.7934553,0.40444174,0.15715787,0.0,0.15715787,0.039289467
13853,0.77358407,0.8579304,0.6892378,0.047008295,0.0,0.047008295,0.011752074
13854,1.328986,0.8144949,1.8434772,0.2968023,0.0,0.2968023,0.07420058
13855,1.2759575,0.7373452,1.8145696,0.3092403,0.0,0.3092403,0.07731008
13856,0.43772265,0.6374685,0.23797679,1.1577291,0.0,1.1577291,0.2894323
13857,1.1765804,0.5678635,1.7852974,0.43172622,0.0,0.43172622,0.107931554
13858,2.5024211,0.53541285,4.4694295,2.0161378,0.0,2.0161378,0.50403446
13859,0.38314483,0.59842926,0.16786033,0.8136297,0.0,0.8136297,0.20340742
13860,0.45244154,0.68142724,0.2234558,0.8783372,0.0,0.8783372,0.2195843
13861,0.8658717,0.7739711,0.95777243,0.03895342,0.0,0.03895342,0.009738355
13862,0.5822105,0.76956916,0.39485177,0.25629506,0.0,0.25629506,0.064073764
13863,0.5142901,0.7091871,0.31939307,0.23659857,0.0,0.23659857,0.05914964
13864,1.1526356,0.7029696,1.6023015,0.26812825,0.0,0.26812825,0.06703206
13865,2.1173189,0.70207006,3.5325677,1.1955255,0.0,1.1955255,0.29888138
13866,0.5030598,0.6789284,0.32719117,1.5793365,0.0,1.5793365,0.39483413
13867,0.91147727,0.6733672,1.1495873,0.10220709,0.0,0.10220709,0.025551772
13868,1.5728983,0.76031774,2.3854787,0.6324771,0.0,0.6324771,0.15811928
13869,1.5553907,0.80603725,2.304744,0.5352039,0.0,0.5352039,0.13380097
13870,1.9464613,0.82516366,3.0677593,0.89858216,0.0,0.89858216,0.22464554
13871,1.1378284,0.8228288,1.4528279,0.15832894,0.0,0.15832894,0.039582234
13872,0.68128514,0.8665323,0.49603796,0.16208836,0.0,0.16208836,0.04052209
13873,0.7509182,0.9364732,0.5653632,0.38171306,0.0,0.38171306,0.095428266
13874,1.4557405,0.9773164,1.9341645,0.28036144,0.0,0.28036144,0.07009036
13875,0.6595862,0.9996378,0.31953457,1.4380242,0.0,1.4380242,0.35950604
13876,1.1158161,0.9493961,1.2822362,0.08159665,0.0,0.08159665,0.020399163
13877,1.0359817,0.8634193,1.2085439,0.097577,0.0,0.097577,0.02439425
13878,1.2733486,0.83134764,1.7153496,0.2526393,0.0,0.2526393,0.06315982
13879,0.7761407,0.81159645,0.740685,0.03888801,0.0,0.03888801,0.009722003
13880,0.8741682,0.76996064,0.9783759,0.04305474,0.0,0.04305474,0.010763685
13881,2.7634656,0.7778608,4.7490706,1.8207437,0.0,1.8207437,0.45518592
13882,1.4887947,0.82117206,2.1564171,0.4396173,0.0,0.4396173,0.10990433
13883,0.6559899,0.88377887,0.42820093,1.2091026,0.0,1.2091026,0.30227566
13884,1.4164459,0.897989,1.9349028,0.34668717,0.0,0.34668717,0.08667179
13885,1.3827127,0.79475135,1.9706739,0.39241067,0.0,0.39241067,0.09810267
13886,0.5384775,0.65762275,0.41933224,0.1887564,0.0,0.1887564,0.0471891
13887,0.42090544,0.56342727,0.2783836,0.56501323,0.0,0.56501323,0.14125331
13888,0.9601075,0.501028,1.419187,0.38726285,0.0,0.38726285,0.09681571
13889,0.8748581,0.5044827,1.2452335,0.2716627,0.0,0.2716627,0.06791568
13890,0.61805385,0.5038365,0.73227113,0.08669148,0.0,0.08669148,0.02167287
13891,0.4900683,0.5060692,0.47406733,1.087246,0.0,1.087246,0.2718115
13892,0.4749726,0.51879066,0.43115452,0.07209676,0.0,0.07209676,0.01802419
13893,0.7225086,0.532037,0.91298026,0.12507263,0.0,0.12507263,0.031268157
13894,0.38359657,0.53035593,0.23683727,0.29679105,0.0,0.29679105,0.07419776
13895,0.4642266,0.561332,0.36712122,0.6274579,0.0,0.6274579,0.15686448
13896,0.45789424,0.5837867,0.33200172,0.19866459,0.0,0.19866459,0.049666148
13897,0.96232146,0.60119444,1.3234485,0.22128238,0.0,0.22128238,0.055320594
13898,0.5378564,0.61465275,0.46106014,0.7726986,0.0,0.7726986,0.19317465
13899,0.864752,0.59760815,1.1318959,0.20278414,0.0,0.20278414,0.050696034
13900,1.1556016,0.608886,1.7023174,0.44033447,0.0,0.44033447,0.11008362
13901,0.8409037,0.6056448,1.0761625,0.1560448,0.0,0.1560448,0.0390112
13902,0.6910612,0.6164308,0.7656916,0.028551662,0.0,0.028551662,0.0071379156
13903,0.8226695,0.55658036,1.0887586,0.16423367,0.0,0.16423367,0.041058417
13904,0.43674552,0.51587945,0.35761157,0.11214904,0.0,0.11214904,0.02803726
13905,0.4705943,0.4801643,0.46102428,1.0301621,0.0,1.0301621,0.25754052
13906,0.3052782,0.4926676,0.117888846,0.54868215,0.0,0.54868215,0.13717054
13907,0.4108801,0.5615203,0.26023993,1.241879,0.0,1.241879,0.31046975
13908,0.985115,0.5892237,1.3810062,0.23035555,0.0,0.23035555,0.057588886
13909,0.44105014,0.5630625,0.3190378,0.41393617,0.0,0.41393617,0.10348404
13910,1.4659303,0.50280905,2.4290514,0.8697997,0.0,0.8697997,0.21744992
13911,0.33737803,0.4386275,0.23612852,0.21458842,0.0,0.21458842,0.053647105
13912,0.33383647,0.41100672,0.25666618,0.76072246,0.0,0.76072246,0.19018061
13913,0.37816402,0.3927404,0.36358762,0.025227914,0.0,0.025227914,0.0063069784
13914,0.34655288,0.3974235,0.29568225,0.5746942,0.0,0.5746942,0.14367355
13915,1.1416268,0.39522043,1.8880333,0.7365019,0.0,0.7365019,0.18412547
13916,0.37974763,0.3918511,0.36764416,0.034669224,0.0,0.034669224,0.008667306
13917,0.44311595,0.34508848,0.5411435,0.055712316,0.0,0.055712316,0.013928079
13918,0.30666208,0.31975654,0.29356766,0.028680772,0.0,0.028680772,0.007170193
13919,0.27847347,0.32457998,0.23236692,0.07039675,0.0,0.07039675,0.017599188
13920,0.3424627,0.33906794,0.3458575,0.4988265,0.0,0.4988265,0.124706626
13921,0.31706715,0.36378285,0.27035144,0.10170784,0.0,0.10170784,0.02542696
13922,0.35881087,0.3784345,0.33918723,0.056601066,0.0,0.056601066,0.014150267
13923,1.2295526,0.4267602,2.032345,0.7886465,0.0,0.7886465,0.19716163
13924,0.8215216,0.4255898,1.2174534,0.35459733,0.0,0.35459733,0.08864933
13925,0.36925653,0.43140784,0.3071052,0.260771,0.0,0.260771,0.06519275
13926,0.52611226,0.38350263,0.6687219,0.09069242,0.0,0.09069242,0.022673106
13927,1.1787697,0.36758384,1.9899555,0.84798473,0.0,0.84798473,0.21199618
13928,0.3961601,0.36043096,0.4318892,0.02119104,0.0,0.02119104,0.00529776
13929,0.5310325,0.3374679,0.72459716,0.15737663,0.0,0.15737663,0.039344158
13930,0.3829155,0.3223209,0.44351014,0.042297244,0.0,0.042297244,0.010574311
13931,0.43244353,0.33010557,0.5347815,0.951025,0.0,0.951025,0.23775625
13932,0.76665354,0.31561783,1.2176893,0.40317103,0.0,0.40317103,0.10079276
13933,0.41604528,0.3149872,0.51710325,0.056284666,0.0,0.056284666,0.0140711665
13934,0.24481761,0.31093192,0.17870331,0.4578615,0.0,0.4578615,0.11446538
13935,0.59085965,0.3117153,0.870004,0.22374265,0.0,0.22374265,0.055935662
13936,1.2473129,0.33752993,2.157096,0.98078823,0.0,0.98078823,0.24519706
13937,0.3889672,0.30673978,0.47119465,0.05935344,0.0,0.05935344,0.01483836
13938,0.4290608,0.27282664,0.5852949,0.91317374,0.0,0.91317374,0.22829343
13939,0.57445866,0.27822712,0.87069017,0.24223061,0.0,0.24223061,0.060557652
13940,0.28540656,0.29908404,0.27172908,0.04319893,0.0,0.04319893,0.010799732
13941,1.5676035,0.30314007,2.8320668,1.4593595,0.0,1.4593595,0.36483988
13942,0.60793257,0.28633687,0.92952824,0.3564601,0.0,0.3564601,0.08911502
13943,0.23826045,0.27051964,0.20600124,0.32804722,0.0,0.32804722,0.082011804
13944,0.269817,0.29642192,0.24321206,0.525948,0.0,0.525948,0.131487
13945,0.275846,0.29978183,0.25191018,0.13805203,0.0,0.13805203,0.034513008
13946,0.75099015,0.28390768,1.2180725,0.43270352,0.0,0.43270352,0.10817588
13947,0.2818934,0.30904996,0.25473684,0.04025658,0.0,0.04025658,0.010064145
13948,0.72467965,0.32930133,1.120058,0.40770945,0.0,0.40770945,0.10192736
13949,0.3525351,0.3551786,0.34989157,0.27701995,0.0,0.27701995,0.06925499
13950,0.39264044,0.3593348,0.4259461,1.073607,0.0,1.073607,0.26840174
13951,0.5857423,0.34893188,0.82255274,0.2172573,0.0,0.2172573,0.054314326
13952,0.3882471,0.33627018,0.44022402,0.49169013,0.0,0.49169013,0.12292253
13953,0.51964015,0.30331448,0.7359657,0.25006044,0.0,0.25006044,0.06251511
13954,0.9635093,0.2916258,1.6353928,0.7482261,0.0,0.7482261,0.18705653
13955,0.72435206,0.2817134,1.1669908,0.48620486,0.0,0.48620486,0.121551216
13956,0.2725614,0.2387346,0.30638817,0.278374,0.0,0.278374,0.0695935
13957,0.3285687,0.21471612,0.4424213,0.5191907,0.0,0.5191907,0.12979768
13958,0.24419372,0.1915936,0.29679382,0.048367947,0.0,0.048367947,0.012091987
13959,0.46021733,0.1986798,0.72175485,0.33336914,0.0,0.33336914,0.083342284
13960,0.62478375,0.1981215,1.051446,0.5544721,0.0,0.5544721,0.13861802
13961,1.3006192,0.19113249,2.410106,1.5436281,0.0,1.5436281,0.38590702
13962,0.20174856,0.19850461,0.20499252,0.13329695,0.0,0.13329695,0.033324238
13963,0.19706339,0.20017152,0.19395526,0.09488446,0.0,0.09488446,0.023721116
13964,0.2962493,0.21143055,0.38106808,0.056523513,0.0,0.056523513,0.014130878
13965,0.4799603,0.20421557,0.75570506,0.32397678,0.0,0.32397678,0.080994196
13966,0.62789077,0.20456429,1.0512172,0.4838543,0.0,0.4838543,0.12096357
13967,0.21946044,0.23237926,0.20654166,0.118471645,0.0,0.118471645,0.029617911
13968,0.22180264,0.25312617,0.1904791,0.14781173,0.0,0.14781173,0.03695293
13969,0.21402125,0.25233078,0.17571174,0.054334175,0.0,0.054334175,0.013583544
13970,0.36249542,0.23384206,0.49114883,0.113416694,0.0,0.113416694,0.028354174
13971,0.2854456,0.27260986,0.29828134,0.35567054,0.0,0.35567054,0.088917635
13972,0.27655363,0.28700587,0.26610142,0.21186692,0.0,0.21186692,0.05296673
13973,0.2606259,0.31934118,0.20191061,0.12510687,0.0,0.12510687,0.031276718
13974,0.4860207,0.30658725,0.6654542,1.3649939,0.0,1.3649939,0.34124848
13975,0.3020917,0.30786774,0.2963156,0.8390255,0.0,0.8390255,0.20975637
13976,0.41108632,0.28495848,0.5372141,1.1972443,0.0,1.1972443,0.29931107
13977,0.3766005,0.26538256,0.48781848,0.10504492,0.0,0.10504492,0.02626123
13978,0.41621807,0.25958762,0.57284856,0.15315239,0.0,0.15315239,0.038288098
13979,0.5111784,0.23151983,0.7908369,0.24270605,0.0,0.24270605,0.06067651
13980,0.18499447,0.22647154,0.14351742,0.13587381,0.0,0.13587381,0.033968452
13981,0.82393503,0.21722318,1.4306469,0.68957406,0.0,0.68957406,0.17239352
13982,1.2367731,0.19277047,2.2807758,1.300643,0.0,1.300643,0.32516074
13983,0.1566861,0.18415134,0.12922086,0.19166295,0.0,0.19166295,0.047915738
13984,0.22857583,0.17847808,0.27867356,0.57691264,0.0,0.57691264,0.14422816
13985,0.30016384,0.16328417,0.43704352,0.16109782,0.0,0.16109782,0.040274456
13986,0.33300492,0.14792258,0.5180872,0.781158,0.0,0.781158,0.1952895
13987,0.15826179,0.15933742,0.15718615,0.14327247,0.0,0.14327247,0.03581812
13988,0.20152964,0.1805802,0.22247909,0.12040607,0.0,0.12040607,0.030101517
13989,0.4168615,0.1821763,0.65154666,0.20145752,0.0,0.20145752,0.05036438
13990,0.14499463,0.17513978,0.1148495,0.16069196,0.0,0.16069196,0.04017299
13991,1.1275743,0.19030571,2.064843,1.2563695,0.0,1.2563695,0.31409237
13992,0.20227401,0.21089299,0.19365501,0.38871947,0.0,0.38871947,0.09717987
13993,1.2037061,0.23721187,2.1702006,1.1360706,0.0,1.1360706,0.28401765
13994,0.24065454,0.25019372,0.23111539,0.36349425,0.0,0.36349425,0.09087356
13995,0.39019904,0.25293815,0.5274599,0.12832618,0.0,0.12832618,0.032081544
13996,0.8892646,0.24068391,1.5378453,0.6723946,0.0,0.6723946,0.16809864
13997,0.19722797,0.23372847,0.16072749,0.104120344,0.0,0.104120344,0.026030086
13998,0.19058068,0.22567117,0.1554902,0.22219823,0.0,0.22219823,0.05554956
13999,0.2393148,0.22793059,0.250699,0.22241049,0.0,0.22241049,0.05560262
14000,0.2048856,0.217885,0.19188623,0.034624293,0.0,0.034624293,0.008656073
14001,0.27138725,0.19968092,0.34309354,0.08298457,0.0,0.08298457,0.020746142
14002,0.29644892,0.18584287,0.407055,0.7927291,0.0,0.7927291,0.19818227
14003,0.13803971,0.17998286,0.096096545,0.25215158,0.0,0.25215158,0.063037895
14004,0.37569788,0.17645435,0.57494146,0.22434467,0.0,0.22434467,0.056086168
14005,0.2052055,0.18362516,0.22678584,0.1880186,0.0,0.1880186,0.04700465
14006,0.18908066,0.16126566,0.21689564,0.45374694,0.0,0.45374694,0.113436736
14007,0.3176665,0.15882455,0.47650847,0.867935,0.0,0.867935,0.21698375
14008,0.27900043,0.16510607,0.39289483,0.093662046,0.0,0.093662046,0.023415511
14009,0.20623396,0.15549128,0.25697663,0.5551078,0.0,0.5551078,0.13877694
14010,0.13894254,0.15522094,0.12266413,0.21575393,0.0,0.21575393,0.053938482
14011,0.33625636,0.16277759,0.5097351,0.15649918,0.0,0.15649918,0.039124794
14012,0.91847557,0.1748166,1.6621345,0.8540967,0.0,0.8540967,0.21352418
14013,0.65193367,0.17283607,1.1310313,0.49743262,0.0,0.49743262,0.124358155
14014,0.16721804,0.16400737,0.17042875,0.07159013,0.0,0.07159013,0.017897533
14015,0.84170413,0.17196254,1.5114456,0.7579169,0.0,0.7579169,0.18947923
14016,0.28401,0.19712739,0.3708926,0.050882135,0.0,0.050882135,0.012720534
14017,1.1050328,0.2194113,1.9906541,1.0175874,0.0,1.0175874,0.25439686
14018,0.6329858,0.22735856,1.038613,0.41137424,0.0,0.41137424,0.10284356
14019,0.48911357,0.2651132,0.71311396,0.17294772,0.0,0.17294772,0.04323693
14020,0.24279882,0.2708592,0.21473844,0.31234625,0.0,0.31234625,0.07808656
14021,0.80725116,0.29756817,1.3169342,0.48401847,0.0,0.48401847,0.12100462
14022,0.2893785,0.29623175,0.28252527,0.08959987,0.0,0.08959987,0.022399968
14023,0.9631643,0.31747526,1.6088533,0.5510334,0.0,0.5510334,0.13775834
14024,0.51781267,0.31237084,0.7232545,0.13052063,0.0,0.13052063,0.032630157
14025,0.3912373,0.2883002,0.4941744,0.054754913,0.0,0.054754913,0.013688728
14026,0.20465319,0.24463345,0.1646729,0.11552047,0.0,0.11552047,0.028880117
14027,0.28315464,0.21327579,0.35303345,0.0488124,0.0,0.0488124,0.0122031
14028,0.6502552,0.19613123,1.1043792,0.45380428,0.0,0.45380428,0.11345107
14029,0.2104563,0.17627381,0.24463876,0.5233941,0.0,0.5233941,0.13084853
14030,0.31665328,0.16309506,0.4702115,0.12462748,0.0,0.12462748,0.03115687
14031,0.18321419,0.17123283,0.19519554,0.3105385,0.0,0.3105385,0.077634625
14032,0.18251924,0.17314442,0.19189407,0.20912199,0.0,0.20912199,0.052280497
14033,1.264979,0.16945207,2.3605058,1.4008316,0.0,1.4008316,0.3502079
14034,0.25698426,0.16169567,0.35227287,0.5615635,0.0,0.5615635,0.14039087
14035,1.1915874,0.16827972,2.2148952,1.341101,0.0,1.341101,0.33527526
14036,0.49602488,0.19133276,0.80071706,0.37270495,0.0,0.37270495,0.09317624
14037,0.41950288,0.1991642,0.6398416,1.0539323,0.0,1.0539323,0.26348308
14038,0.29635432,0.2092222,0.38348642,0.62968516,0.0,0.62968516,0.15742129
14039,0.34551963,0.22928345,0.46175575,0.08769822,0.0,0.08769822,0.021924555
14040,0.2427177,0.26035842,0.22507699,0.034975648,0.0,0.034975648,0.008743912
14041,0.3331404,0.2889298,0.37735102,0.026671797,0.0,0.026671797,0.0066679493
14042,0.24150844,0.29360738,0.18940951,0.12318927,0.0,0.12318927,0.030797318
14043,0.4732487,0.30634472,0.64015263,0.12282023,0.0,0.12282023,0.030705057
14044,1.2057298,0.29832014,2.1131394,1.1433724,0.0,1.1433724,0.2858431
14045,0.50416267,0.30998382,0.69834155,0.14539509,0.0,0.14539509,0.03634877
14046,0.7948435,0.30778208,1.2819048,0.529392,0.0,0.529392,0.132348
14047,0.7163761,0.32810503,1.1046473,0.42364112,0.0,0.42364112,0.10591028
14048,0.38770482,0.34315133,0.43225828,0.028094063,0.0,0.028094063,0.0070235156
14049,0.49051988,0.32458472,0.65645504,0.13158308,0.0,0.13158308,0.03289577
14050,0.28028882,0.30391046,0.25666717,0.13949186,0.0,0.13949186,0.034872964
14051,0.34677163,0.27299646,0.42054686,0.54518414,0.0,0.54518414,0.13629603
14052,0.2457561,0.25220165,0.23931058,0.027001107,0.0,0.027001107,0.006750277
14053,0.29409608,0.2347552,0.35343695,0.040752936,0.0,0.040752936,0.010188234
14054,0.26089704,0.22471116,0.2970829,0.020483267,0.0,0.020483267,0.0051208166
14055,0.18402302,0.21397407,0.15407197,0.08001519,0.0,0.08001519,0.020003797
14056,0.46709478,0.19541192,0.73877764,0.41144142,0.0,0.41144142,0.102860354
14057,0.4182284,0.19513895,0.64131784,0.37583628,0.0,0.37583628,0.09395907
14058,0.35296354,0.19131865,0.51460844,0.2949318,0.0,0.2949318,0.07373295
14059,0.27198476,0.18504298,0.35892653,0.16759743,0.0,0.16759743,0.041899357
14060,0.18871152,0.19167225,0.18575083,0.1842326,0.0,0.1842326,0.04605815
14061,0.43615523,0.19593768,0.67637277,0.5766421,0.0,0.5766421,0.14416052
14062,0.32151014,0.20438285,0.4386374,0.08895437,0.0,0.08895437,0.022238592
14063,0.26967874,0.20609166,0.3332658,0.050390106,0.0,0.050390106,0.012597526
14064,0.34546122,0.20550705,0.48541537,0.29247493,0.0,0.29247493,0.07311873
14065,0.22330658,0.21797083,0.2286423,0.16705494,0.0,0.16705494,0.041763734
14066,0.21542287,0.2364257,0.19442005,0.03619309,0.0,0.03619309,0.009048273
14067,0.37425873,0.22602034,0.5224971,0.12670593,0.0,0.12670593,0.031676482
14068,0.20274444,0.2011044,0.20438446,0.035006035,0.0,0.035006035,0.008751509
14069,0.19315334,0.1906327,0.19567396,0.12482058,0.0,0.12482058,0.031205146
14070,0.801352,0.17048497,1.432219,1.2792016,0.0,1.2792016,0.3198004
14071,0.76261187,0.15906332,1.3661604,1.0485048,0.0,1.0485048,0.2621262
14072,0.18283804,0.1509478,0.21472828,0.11102491,0.0,0.11102491,0.027756227
14073,0.27447465,0.14722335,0.40172592,0.4358835,0.0,0.4358835,0.10897087
14074,0.15912414,0.14642687,0.17182142,0.14304203,0.0,0.14304203,0.035760507
14075,0.22391553,0.14764939,0.30018166,0.097215295,0.0,0.097215295,0.024303824
14076,0.1945527,0.14876604,0.24033935,0.19862545,0.0,0.19862545,0.04965636
14077,0.41025558,0.14827639,0.6722348,0.35509107,0.0,0.35509107,0.08877277
14078,0.5501775,0.14227302,0.958082,0.7996633,0.0,0.7996633,0.19991583
14079,0.2442265,0.1389681,0.34948492,0.11549098,0.0,0.11549098,0.028872745
14080,0.2765348,0.13946293,0.41360664,0.32138917,0.0,0.32138917,0.08034729
14081,0.19947748,0.14079963,0.25815532,0.05982104,0.0,0.05982104,0.01495526
14082,0.7059684,0.14500396,1.2669328,0.96518594,0.0,0.96518594,0.24129649
14083,1.2061259,0.14668979,2.2655618,1.8911306,0.0,1.8911306,0.47278264
14084,0.46672204,0.15490256,0.77854156,0.63919705,0.0,0.63919705,0.15979926
14085,0.38857424,0.15194754,0.6252009,0.4850918,0.0,0.4850918,0.12127295
14086,0.18110533,0.1543554,0.20785527,0.14147474,0.0,0.14147474,0.035368685
14087,0.35714743,0.15295176,0.561343,0.5400649,0.0,0.5400649,0.13501622
14088,0.9435356,0.15697925,1.730092,1.5452362,0.0,1.5452362,0.38630906
14089,0.33449292,0.16133906,0.50764674,0.35165033,0.0,0.35165033,0.08791258
14090,0.2653505,0.16960172,0.36109924,0.10308551,0.0,0.10308551,0.025771378
14091,0.6188918,0.17765145,1.0601321,0.8539335,0.0,0.8539335,0.21348338
14092,0.9412725,0.17393251,1.7086124,1.3554277,0.0,1.3554277,0.33885694
14093,0.47684786,0.16710483,0.7865909,0.52157664,0.0,0.52157664,0.13039416
14094,0.7965638,0.1501713,1.4429563,1.4144522,0.0,1.4144522,0.35361305
14095,0.20756233,0.14258981,0.27253482,0.1507641,0.0,0.1507641,0.037691023
14096,0.3510197,0.13549827,0.56654114,0.45642743,0.0,0.45642743,0.11410686
14097,0.8156417,0.13175206,1.4995314,1.5023462,0.0,1.5023462,0.37558654
14098,0.62079185,0.13229688,1.1092868,1.0343302,0.0,1.0343302,0.25858256
14099,0.13959685,0.13372825,0.14546545,0.047968213,0.0,0.047968213,0.011992053
14100,0.241297,0.13296144,0.3496326,0.1296246,0.0,0.1296246,0.03240615
14101,0.16137996,0.13352484,0.18923509,0.09739264,0.0,0.09739264,0.02434816
14102,0.15321484,0.13091351,0.17551617,0.078282796,0.0,0.078282796,0.019570699
14103,0.21684368,0.13211864,0.30156872,0.273325,0.0,0.273325,0.06833125
14104,0.3612814,0.13223119,0.59033155,0.319728,0.0,0.319728,0.079932
14105,0.83901,0.12895523,1.5490648,1.303292,0.0,1.303292,0.325823
14106,0.2516105,0.13323466,0.36998633,0.13926482,0.0,0.13926482,0.034816206
14107,0.9892125,0.1361816,1.8422436,1.8244104,0.0,1.8244104,0.4561026
14108,0.44415274,0.14580484,0.7425006,0.39214388,0.0,0.39214388,0.09803597
14109,0.2834386,0.15153117,0.415346,0.49560738,0.0,0.49560738,0.123901844
14110,0.21154375,0.15280598,0.27028155,0.2584115,0.0,0.2584115,0.064602874
14111,0.7610798,0.15333848,1.3688211,1.092095,0.0,1.092095,0.27302375
14112,0.19996834,0.14983837,0.25009832,0.05757488,0.0,0.05757488,0.01439372
14113,0.2560437,0.1439643,0.36812308,0.41194078,0.0,0.41194078,0.102985196
14114,0.43423817,0.13363712,0.7348392,0.4217644,0.0,0.4217644,0.1054411
14115,0.46932054,0.12959488,0.8090462,0.8164937,0.0,0.8164937,0.20412342
14116,0.92241335,0.12906875,1.715758,1.4968386,0.0,1.4968386,0.37420964
14117,0.37790003,0.12860507,0.62719506,0.33742428,0.0,0.33742428,0.08435607
14118,0.3369678,0.12821056,0.54572505,0.7363866,0.0,0.7363866,0.18409665
14119,0.58130866,0.12635465,1.0362626,0.6118917,0.0,0.6118917,0.15297292
14120,0.13979839,0.12399735,0.1555994,0.055940136,0.0,0.055940136,0.013985034
14121,0.32178506,0.1254831,0.51808697,0.57529324,0.0,0.57529324,0.14382331
14122,0.15348928,0.12943818,0.17754038,0.06879839,0.0,0.06879839,0.017199598
14123,0.38016915,0.13794278,0.6223955,0.86217755,0.0,0.86217755,0.21554439
14124,0.52820355,0.13267015,0.9237369,1.2528957,0.0,1.2528957,0.31322393
14125,0.13819973,0.1238296,0.15256985,0.23398243,0.0,0.23398243,0.058495607
14126,0.4048344,0.122120835,0.6875479,0.81377894,0.0,0.81377894,0.20344473
14127,0.19743848,0.13525422,0.25962272,0.4157394,0.0,0.4157394,0.10393485
14128,0.19427545,0.14630508,0.24224584,0.38137016,0.0,0.38137016,0.09534254
14129,0.21839555,0.15429707,0.28249404,0.45073166,0.0,0.45073166,0.112682916
14130,0.23177576,0.17119189,0.29235962,0.12023535,0.0,0.12023535,0.030058838
14131,1.0193692,0.19026856,1.8484701,0.9816702,0.0,0.9816702,0.24541755
14132,0.3502539,0.21450971,0.48599812,0.11965701,0.0,0.11965701,0.029914252
14133,0.5021984,0.22206008,0.7823367,0.25755325,0.0,0.25755325,0.06438831
14134,0.70738316,0.24260266,1.1721636,0.40015817,0.0,0.40015817,0.10003954
14135,0.2786008,0.25144646,0.30575517,0.8477692,0.0,0.8477692,0.2119423
14136,0.27043167,0.2497739,0.29108945,0.20547485,0.0,0.20547485,0.051368713
14137,0.26090035,0.24136013,0.28044057,0.10565803,0.0,0.10565803,0.026414508
14138,0.38020965,0.21331023,0.54710907,0.119917385,0.0,0.119917385,0.029979346
14139,0.35176554,0.2438974,0.4596337,0.07715098,0.0,0.07715098,0.019287745
14140,0.22676893,0.27866623,0.17487161,0.11481463,0.0,0.11481463,0.028703658
14141,1.5103933,0.29222074,2.728566,1.378992,0.0,1.378992,0.344748
14142,0.20942128,0.29394686,0.124895714,0.13111232,0.0,0.13111232,0.03277808
14143,0.47729972,0.28354716,0.6710523,0.11812961,0.0,0.11812961,0.029532403
14144,0.2358607,0.27527156,0.19644983,0.37787294,0.0,0.37787294,0.094468236
14145,0.24510287,0.26267764,0.2275281,0.5321219,0.0,0.5321219,0.13303047
14146,0.52889794,0.24883638,0.80895954,0.23094887,0.0,0.23094887,0.057737216
14147,0.557959,0.2615031,0.85441494,0.2411353,0.0,0.2411353,0.060283825
14148,1.413701,0.2609941,2.566408,1.2708329,0.0,1.2708329,0.31770822
14149,0.2598339,0.27605,0.24361779,0.35218108,0.0,0.35218108,0.08804527
14150,0.22629392,0.314123,0.13846482,0.08284823,0.0,0.08284823,0.020712057
14151,0.32095885,0.35272792,0.28918976,0.83132523,0.0,0.83132523,0.20783131
14152,0.2686568,0.3099943,0.22731929,0.17932247,0.0,0.17932247,0.044830617
14153,0.2535382,0.25953004,0.24754636,0.33166298,0.0,0.33166298,0.082915746
14154,0.31451622,0.27355906,0.35547337,0.048693936,0.0,0.048693936,0.012173484
14155,0.30542466,0.32623187,0.28461742,0.1250884,0.0,0.1250884,0.0312721
14156,0.36815095,0.3679836,0.36831832,1.0289294,0.0,1.0289294,0.25723234
14157,0.5140872,0.36533657,0.6628378,0.08892163,0.0,0.08892163,0.022230407
14158,0.4758736,0.3669134,0.5848338,0.07145741,0.0,0.07145741,0.017864352
14159,0.31048962,0.42768368,0.19329555,0.3534973,0.0,0.3534973,0.088374324
14160,0.73917055,0.44746318,1.0308778,0.16947563,0.0,0.16947563,0.042368907
14161,1.688598,0.4749256,2.9022703,1.0890158,0.0,1.0890158,0.27225396
14162,0.49578166,0.51474494,0.4768184,0.025306834,0.0,0.025306834,0.0063267085
14163,1.2366772,0.62654585,1.8468084,0.47892419,0.0,0.47892419,0.119731046
14164,0.7932959,0.6879023,0.89868957,0.042716343,0.0,0.042716343,0.010679086
14165,0.52170014,0.67313147,0.37026882,0.21451826,0.0,0.21451826,0.053629566
14166,0.50561535,0.67289096,0.33833972,0.1861548,0.0,0.1861548,0.0465387
14167,0.49254397,0.6316915,0.35339642,0.2758886,0.0,0.2758886,0.06897215
14168,0.5959928,0.6484905,0.5434951,0.05333646,0.0,0.05333646,0.013334115
14169,1.2986797,0.62044543,1.976914,0.5564063,0.0,0.5564063,0.13910158
14170,0.77758384,0.5849965,0.97017115,0.11269075,0.0,0.11269075,0.028172687
14171,0.5950498,0.5053147,0.6847848,0.06216495,0.0,0.06216495,0.015541238
14172,0.296977,0.37437257,0.21958144,0.20617308,0.0,0.20617308,0.05154327
14173,0.44895446,0.30066645,0.5972425,1.1485797,0.0,1.1485797,0.28714493
14174,0.22063704,0.23316322,0.20811085,0.09903816,0.0,0.09903816,0.02475954
14175,0.20587675,0.1787312,0.23302229,0.03023856,0.0,0.03023856,0.00755964
14176,0.13357706,0.14620493,0.12094919,0.038551766,0.0,0.038551766,0.009637942
14177,0.20150135,0.13615349,0.26684922,0.08362779,0.0,0.08362779,0.020906948
14178,0.960262,0.13760714,1.7829169,1.0971181,0.0,1.0971181,0.27427953
14179,0.21211515,0.15414774,0.27008256,0.20538683,0.0,0.20538683,0.051346708
14180,0.52810407,0.18516178,0.87104636,1.4247789,0.0,1.4247789,0.35619473
14181,1.0070959,0.2120527,1.8021393,0.93156797,0.0,0.93156797,0.23289199
14182,0.23358698,0.22476943,0.24240454,0.5090541,0.0,0.5090541,0.12726353
14183,0.21859848,0.23948592,0.19771104,0.10685494,0.0,0.10685494,0.026713734
14184,1.2934657,0.291595,2.2953365,1.1456861,0.0,1.1456861,0.28642154
14185,0.41329125,0.32477382,0.5018087,0.09329206,0.0,0.09329206,0.023323014
14186,0.47614908,0.331345,0.62095314,0.10503466,0.0,0.10503466,0.026258664
14187,0.2281322,0.3125879,0.1436765,0.27773872,0.0,0.27773872,0.06943468
14188,0.23794894,0.2469906,0.22890727,0.032484237,0.0,0.032484237,0.008121059
14189,0.3551333,0.16976702,0.5404995,0.9011545,0.0,0.9011545,0.22528863
14190,0.26436326,0.10259589,0.42613062,0.1686225,0.0,0.1686225,0.042155623
14191,0.47172248,0.09833532,0.84510964,1.1316937,0.0,1.1316937,0.28292343
14192,0.17670047,0.10073247,0.2526685,0.40887913,0.0,0.40887913,0.10221978
14193,0.14762811,0.109320916,0.1859353,0.30341387,0.0,0.30341387,0.07585347
14194,0.5253052,0.1232542,0.92735624,0.4861065,0.0,0.4861065,0.12152662
14195,0.21636027,0.11808666,0.31463388,0.5465615,0.0,0.5465615,0.13664037
14196,0.13869865,0.10358494,0.17381237,0.08032546,0.0,0.08032546,0.020081365
14197,0.3949819,0.08763734,0.7023265,0.38515654,0.0,0.38515654,0.096289136
14198,0.42615414,0.076069415,0.77623886,0.47050035,0.0,0.47050035,0.11762509
14199,0.17685767,0.08663856,0.26707676,0.22001898,0.0,0.22001898,0.055004746
14200,1.245938,0.10591044,2.3859656,1.8003927,0.0,1.8003927,0.4500982
14201,0.77202564,0.12873577,1.4153156,0.86432916,0.0,0.86432916,0.21608229
14202,0.11785454,0.15874393,0.07696516,0.17052819,0.0,0.17052819,0.042632047
14203,0.36473617,0.18150182,0.5479705,0.20687632,0.0,0.20687632,0.05171908
14204,0.7778109,0.19777186,1.35785,0.60809916,0.0,0.60809916,0.15202479
14205,0.19838475,0.18906836,0.20770113,0.032894872,0.0,0.032894872,0.008223718
14206,0.66974646,0.16775422,1.1717387,0.5131149,0.0,0.5131149,0.12827873
14207,0.7177844,0.15857978,1.276989,0.61760765,0.0,0.61760765,0.15440191
14208,0.13293992,0.18255866,0.08332117,0.2046837,0.0,0.2046837,0.051170927
