base_start,pair_mse,none_mse,event_mse,separation_mse,predicted_separation_energy,true_separation_energy,ambiguity_floor
42061,0.54997814,0.0028609522,1.0970954,1.1883227,0.0,1.1883227,0.29708067
42063,0.2212043,0.0027970884,0.43961152,0.48071012,0.0,0.48071012,0.12017753
42066,0.16306514,0.0025688512,0.3235614,0.35352373,0.0,0.35352373,0.08838093
42068,0.051533777,0.0024549654,0.10061259,0.0854068,0.0,0.0854068,0.0213517
42071,0.21262287,0.0024101185,0.4228356,0.3897539,0.0,0.3897539,0.09743848
42074,0.5505604,0.0023684797,1.0987524,1.1683743,0.0,1.1683743,0.29209358
42076,0.24609123,0.0024521754,0.48973027,0.45423254,0.0,0.45423254,0.113558136
42079,0.038497914,0.0024460026,0.07454983,0.06588754,0.0,0.06588754,0.016471885
42081,0.06958762,0.0025265366,0.1366487,0.14976744,0.0,0.14976744,0.03744186
42084,0.67149186,0.0023290233,1.3406547,1.2641,0.0,1.2641,0.316025
42087,0.12914883,0.002053652,0.256244,0.270824,0.0,0.270824,0.067706
42089,0.088166855,0.0021708484,0.17416286,0.19809334,0.0,0.19809334,0.049523335
42092,0.25837904,0.0018538205,0.51490426,0.55999136,0.0,0.55999136,0.13999784
42094,0.7207103,0.001828333,1.4395922,1.3679619,0.0,1.3679619,0.34199047
42097,0.063129105,0.0020191874,0.12423903,0.13975433,0.0,0.13975433,0.03493858
42100,0.12945573,0.0017486806,0.25716278,0.27819547,0.0,0.27819547,0.06954887
42102,0.32003352,0.0016004284,0.63846666,0.68420106,0.0,0.68420106,0.17105027
42105,0.3610172,0.0016366452,0.7203977,0.67010707,0.0,0.67010707,0.16752677
42108,0.11538118,0.0015119283,0.22925043,0.20355952,0.0,0.20355952,0.05088988
42110,0.26456466,0.0016071802,0.52752215,0.4961765,0.0,0.4961765,0.12404413
42113,0.22825623,0.001424455,0.455088,0.42313445,0.0,0.42313445,0.10578361
42115,0.041857775,0.0013130425,0.082402505,0.07541796,0.0,0.07541796,0.01885449
42118,0.36074582,0.0015101637,0.7199815,0.67473596,0.0,0.67473596,0.16868399
42121,0.18757848,0.0015271604,0.3736298,0.34660006,0.0,0.34660006,0.086650014
42123,0.43675193,0.0017076303,0.8717962,0.8276593,0.0,0.8276593,0.20691483
42126,0.0226904,0.0018072374,0.043573562,0.03763343,0.0,0.03763343,0.009408358
42128,0.23603906,0.0017140316,0.4703641,0.43490314,0.0,0.43490314,0.108725786
42131,0.20323594,0.0014534808,0.40501842,0.37561592,0.0,0.37561592,0.09390398
42134,0.1906044,0.001496724,0.3797121,0.34497687,0.0,0.34497687,0.08624422
42136,0.54064804,0.0013422504,1.0799539,1.126213,0.0,1.126213,0.28155324
42139,0.13107061,0.0014546951,0.26068655,0.22950774,0.0,0.22950774,0.057376936
42141,0.22408621,0.0015971642,0.44657525,0.40385243,0.0,0.40385243,0.10096311
42144,0.1317754,0.0015760035,0.26197478,0.2979898,0.0,0.2979898,0.07449745
42147,0.19009836,0.0017097978,0.37848696,0.33481956,0.0,0.33481956,0.08370489
42149,0.03610612,0.0017176392,0.0704946,0.07103256,0.0,0.07103256,0.01775814
42152,0.19281125,0.0014328714,0.38418964,0.3425916,0.0,0.3425916,0.0856479
42155,0.05535168,0.0015870963,0.10911626,0.11748523,0.0,0.11748523,0.029371308
42157,0.40647492,0.001720904,0.81122893,0.872658,0.0,0.872658,0.2181645
42160,0.028907003,0.0017063547,0.05610765,0.047234077,0.0,0.047234077,0.011808519
42162,0.42827442,0.0019181644,0.8546307,0.91689533,0.0,0.91689533,0.22922383
42165,0.033635512,0.0020110307,0.06525999,0.05815977,0.0,0.05815977,0.014539942
42168,0.042534415,0.0026279378,0.08244089,0.09122616,0.0,0.09122616,0.02280654
42170,0.09036035,0.0028268925,0.17789382,0.2000432,0.0,0.2000432,0.0500108
42173,0.22188126,0.0027827648,0.44097972,0.4857764,0.0,0.4857764,0.1214441
42175,0.28088975,0.003351678,0.5584278,0.510958,0.0,0.510958,0.1277395
42178,0.03899577,0.0029912933,0.07500025,0.0864774,0.0,0.0864774,0.02161935
42181,0.72625375,0.002989268,1.4495182,1.3533989,0.0,1.3533989,0.33834973
42183,0.020701895,0.0029652661,0.038438525,0.043443646,0.0,0.043443646,0.010860912
42186,0.37367514,0.0029726608,0.7443776,0.8096137,0.0,0.8096137,0.20240343
42188,0.014650975,0.0031541297,0.026147822,0.027368004,0.0,0.027368004,0.006842001
42191,0.2657256,0.0031384479,0.52831274,0.4637936,0.0,0.4637936,0.1159484
42194,0.16526747,0.0029270388,0.3276079,0.3793515,0.0,0.3793515,0.094837874
42196,0.48687136,0.0029011946,0.9708416,1.0540525,0.0,1.0540525,0.26351312
42199,0.38472387,0.0029953374,0.7664524,0.690152,0.0,0.690152,0.172538
42202,0.5258791,0.0030453866,1.0487127,0.9512331,0.0,0.9512331,0.23780827
42204,0.15885565,0.00328983,0.31442145,0.2635609,0.0,0.2635609,0.06589022
42207,0.12177507,0.003254662,0.24029548,0.27953616,0.0,0.27953616,0.06988404
42209,0.582014,0.0033296903,1.1606984,1.055854,0.0,1.055854,0.2639635
42212,0.28636608,0.0034352737,0.5692969,0.6464371,0.0,0.6464371,0.16160928
42215,0.029991256,0.003183638,0.056798875,0.068377,0.0,0.068377,0.01709425
42217,0.073038004,0.0032041434,0.14287187,0.11339215,0.0,0.11339215,0.028348038
42220,0.17417282,0.0033482339,0.3449974,0.30164114,0.0,0.30164114,0.075410284
42222,0.13073224,0.00318776,0.25827673,0.22823985,0.0,0.22823985,0.057059962
42225,0.23584928,0.0030661188,0.46863246,0.42173657,0.0,0.42173657,0.10543414
42228,0.029532358,0.0026572456,0.05640747,0.070893094,0.0,0.070893094,0.017723273
42230,0.1948225,0.00256618,0.38707885,0.36186624,0.0,0.36186624,0.09046656
42233,0.4629834,0.0024564546,0.9235104,0.98298615,0.0,0.98298615,0.24574654
42235,0.10935646,0.0022894994,0.21642344,0.23610578,0.0,0.23610578,0.059026446
42238,0.3067545,0.0022886926,0.6112203,0.6503604,0.0,0.6503604,0.1625901
42241,0.1780243,0.0022081023,0.3538405,0.32011914,0.0,0.32011914,0.080029786
42243,0.04199617,0.0020981263,0.08189421,0.0978429,0.0,0.0978429,0.024460725
42246,0.027234102,0.0019870608,0.052481145,0.044268887,0.0,0.044268887,0.011067222
42249,0.52927583,0.0018423796,1.0567093,1.0101124,0.0,1.0101124,0.2525281
42251,0.2281522,0.0017424546,0.45456195,0.48294997,0.0,0.48294997,0.12073749
42254,0.87622267,0.0015520876,1.7508932,1.666942,0.0,1.666942,0.4167355
42256,0.26712236,0.0015209615,0.5327237,0.48843682,0.0,0.48843682,0.122109205
42259,0.04352514,0.0014345493,0.08561573,0.0788524,0.0,0.0788524,0.0197131
42262,0.6446173,0.0014225816,1.2878121,1.2251726,0.0,1.2251726,0.30629316
42264,0.73690754,0.001333788,1.4724814,1.5365387,0.0,1.5365387,0.38413468
42267,0.07332317,0.0012214683,0.14542486,0.15227354,0.0,0.15227354,0.038068384
42269,0.27517408,0.0012356446,0.5491125,0.5129686,0.0,0.5129686,0.12824215
42272,0.24282204,0.0012354441,0.48440862,0.51624894,0.0,0.51624894,0.12906224
42275,0.46525514,0.0012642439,0.929246,0.9776816,0.0,0.9776816,0.2444204
42277,0.054541256,0.0013756618,0.107706845,0.105897695,0.0,0.105897695,0.026474424
42280,0.86474377,0.0013747341,1.7281128,1.666808,0.0,1.666808,0.416702
42282,0.35478,0.0013745046,0.7081855,0.75584024,0.0,0.75584024,0.18896006
42285,0.27671894,0.0013176248,0.55212027,0.5128953,0.0,0.5128953,0.12822382
42288,0.02110263,0.0013061505,0.04089911,0.03824609,0.0,0.03824609,0.009561523
42290,0.024862247,0.001257853,0.04846664,0.048244074,0.0,0.048244074,0.0120610185
42293,0.054840103,0.0011809618,0.10849924,0.11719048,0.0,0.11719048,0.02929762
42296,0.06886306,0.0011943431,0.13653177,0.15829842,0.0,0.15829842,0.039574604
42298,0.818279,0.001269257,1.6352888,1.6993092,0.0,1.6993092,0.4248273
42301,0.05849983,0.0012696093,0.115730055,0.105671905,0.0,0.105671905,0.026417976
42303,0.07783642,0.0013840947,0.15428874,0.17386031,0.0,0.17386031,0.043465078
42306,0.05803095,0.0013455042,0.1147164,0.12345407,0.0,0.12345407,0.030863518
42309,0.4976821,0.0013974811,0.99396676,1.0465673,0.0,1.0465673,0.26164183
42311,0.67810154,0.0014101001,1.354793,1.4203037,0.0,1.4203037,0.35507593
42314,0.49813795,0.0014599143,0.994816,0.934473,0.0,0.934473,0.23361824
42316,0.095141,0.0015582768,0.18872373,0.21206528,0.0,0.21206528,0.05301632
42319,0.026704863,0.0017289649,0.05168076,0.06051056,0.0,0.06051056,0.01512764
42322,0.29876646,0.0018233958,0.59570956,0.54673225,0.0,0.54673225,0.13668306
42324,0.1552778,0.0019370861,0.30861852,0.3410647,0.0,0.3410647,0.08526617
42327,0.2008078,0.0021536027,0.39946198,0.36689082,0.0,0.36689082,0.091722704
42329,0.14143091,0.0022469438,0.28061488,0.24924652,0.0,0.24924652,0.06231163
42332,0.48100826,0.0020207653,0.95999575,0.8885258,0.0,0.8885258,0.22213145
42335,0.16328909,0.0019678,0.32461035,0.36099756,0.0,0.36099756,0.09024939
42337,0.24186064,0.0019205754,0.4818007,0.52189106,0.0,0.52189106,0.13047276
42340,0.14755237,0.0017958083,0.29330894,0.26001644,0.0,0.26001644,0.06500411
42343,0.03611403,0.0018332492,0.07039481,0.057863027,0.0,0.057863027,0.014465757
42345,0.1506192,0.001820465,0.2994179,0.26800182,0.0,0.26800182,0.067000456
42348,0.0893598,0.0017206324,0.17699897,0.19407398,0.0,0.19407398,0.048518494
42350,0.05191123,0.0017949599,0.1020275,0.115638115,0.0,0.115638115,0.028909529
42353,0.5212554,0.00176265,1.0407481,0.9749942,0.0,0.9749942,0.24374855
42356,0.22513156,0.0017347493,0.44852838,0.48216143,0.0,0.48216143,0.12054036
42358,0.7191245,0.0016880027,1.436561,1.3600441,0.0,1.3600441,0.34001103
42361,0.35546175,0.0017576576,0.7091659,0.6633012,0.0,0.6633012,0.1658253
42363,0.028842697,0.0017517261,0.05593367,0.04865569,0.0,0.04865569,0.012163922
42366,0.18758595,0.0017152973,0.3734566,0.33948937,0.0,0.33948937,0.08487234
42369,0.11385518,0.0015176092,0.22619276,0.25127324,0.0,0.25127324,0.06281831
42371,0.17479871,0.0014887288,0.34810868,0.3706305,0.0,0.3706305,0.092657626
42374,0.38924706,0.0015573775,0.77693677,0.7259713,0.0,0.7259713,0.18149282
42376,0.15649155,0.0014753249,0.31150776,0.2853798,0.0,0.2853798,0.07134495
42379,0.03268255,0.0014412821,0.06392381,0.057938263,0.0,0.057938263,0.014484566
42382,0.14812398,0.0013166532,0.29493132,0.31514266,0.0,0.31514266,0.078785665
42384,0.07235358,0.0012637897,0.14344336,0.13140862,0.0,0.13140862,0.032852154
42387,0.24097353,0.0011925685,0.4807545,0.50148404,0.0,0.50148404,0.12537101
42390,0.13475513,0.0011525593,0.26835772,0.28552985,0.0,0.28552985,0.07138246
42392,0.02146859,0.001094669,0.04184251,0.034898497,0.0,0.034898497,0.008724624
42395,0.11453813,0.0010113441,0.22806491,0.21255691,0.0,0.21255691,0.05313923
42397,0.11231706,0.0010229483,0.22361118,0.20511763,0.0,0.20511763,0.051279407
42400,0.12526363,0.0009548725,0.2495724,0.23138984,0.0,0.23138984,0.05784746
42403,0.031025857,0.0010900586,0.060961653,0.062210035,0.0,0.062210035,0.015552509
42405,0.061343703,0.0011391119,0.121548295,0.13429923,0.0,0.13429923,0.03357481
42408,0.17674296,0.0011079954,0.3523779,0.3235614,0.0,0.3235614,0.08089035
42410,0.018618159,0.0011390588,0.03609726,0.036071178,0.0,0.036071178,0.009017794
42413,0.1152325,0.0011371179,0.22932787,0.22059876,0.0,0.22059876,0.05514969
42416,0.15128884,0.0011411007,0.30143657,0.33012086,0.0,0.33012086,0.082530215
42418,0.13465676,0.0011366054,0.2681769,0.24203104,0.0,0.24203104,0.06050776
42421,0.19945055,0.0011862369,0.39771485,0.36315095,0.0,0.36315095,0.09078774
42423,0.045733947,0.0012808047,0.090187095,0.08692912,0.0,0.08692912,0.02173228
42426,0.045641672,0.0012552157,0.09002813,0.089208245,0.0,0.089208245,0.022302061
42429,0.31096178,0.0013193237,0.6206042,0.58188385,0.0,0.58188385,0.14547096
42431,0.13234623,0.0012047834,0.26348767,0.29196045,0.0,0.29196045,0.07299011
42434,0.05457644,0.0011281163,0.10802477,0.12575512,0.0,0.12575512,0.03143878
42437,0.1305623,0.0011907493,0.25993386,0.23206098,0.0,0.23206098,0.058015246
42439,0.9761942,0.0012470392,1.9511414,2.009631,0.0,2.009631,0.5024077
42442,0.16813196,0.0011661422,0.3350978,0.36760965,0.0,0.36760965,0.09190241
42444,0.043329358,0.0011193367,0.08553938,0.08145904,0.0,0.08145904,0.02036476
42447,0.21107149,0.0012868814,0.42085612,0.45669198,0.0,0.45669198,0.114172995
42450,0.048160072,0.0014097164,0.09491042,0.08530865,0.0,0.08530865,0.021327162
42452,0.7773283,0.0015557054,1.553101,1.4813436,0.0,1.4813436,0.3703359
42455,0.3183006,0.0017510648,0.63485014,0.67943984,0.0,0.67943984,0.16985996
42457,0.70621413,0.0018282608,1.4106001,1.4883604,0.0,1.4883604,0.3720901
42460,0.20734626,0.0018371493,0.4128554,0.37539992,0.0,0.37539992,0.09384998
42463,0.039033063,0.0018414445,0.07622468,0.08360847,0.0,0.08360847,0.020902118
42465,0.6634068,0.0019152967,1.3248984,1.2465796,0.0,1.2465796,0.3116449
42468,0.14438356,0.0021966118,0.28657052,0.31657764,0.0,0.31657764,0.07914441
42470,0.17829607,0.0023234852,0.35426867,0.3919033,0.0,0.3919033,0.09797583
42473,0.06934756,0.002417096,0.13627802,0.16189057,0.0,0.16189057,0.04047264
42476,0.29082718,0.0025385881,0.5791158,0.63944745,0.0,0.63944745,0.15986186
42478,0.32075438,0.0026608314,0.6388479,0.5740127,0.0,0.5740127,0.14350317
42481,0.6336649,0.002747884,1.264582,1.3650246,0.0,1.3650246,0.34125614
42484,0.4645016,0.0027949035,0.92620826,1.0061172,0.0,1.0061172,0.2515293
42486,0.05026601,0.0028731397,0.09765887,0.086051494,0.0,0.086051494,0.021512873
42489,0.118266396,0.003024474,0.2335083,0.1882786,0.0,0.1882786,0.04706965
42491,0.04034143,0.003015507,0.07766735,0.067605816,0.0,0.067605816,0.016901454
42494,0.42128083,0.0030150844,0.8395465,0.7542444,0.0,0.7542444,0.1885611
42497,0.07120324,0.0030103077,0.13939618,0.11772869,0.0,0.11772869,0.029432172
42499,0.11738858,0.0032749262,0.23150225,0.18746372,0.0,0.18746372,0.04686593
42502,0.075804904,0.0035719813,0.14803784,0.18398155,0.0,0.18398155,0.04599539
42504,0.5550833,0.0036424499,1.1065241,1.0025624,0.0,1.0025624,0.2506406
42507,0.13622855,0.0036260262,0.26883107,0.2295015,0.0,0.2295015,0.057375375
42510,0.055062458,0.0036924277,0.10643249,0.08548955,0.0,0.08548955,0.021372387
42512,0.6766575,0.0032658756,1.3500491,1.4640149,0.0,1.4640149,0.36600372
42515,0.6423201,0.0030535862,1.2815866,1.3870049,0.0,1.3870049,0.3467512
42517,0.103647746,0.0030776002,0.2042179,0.23260595,0.0,0.23260595,0.058151487
42520,0.15372296,0.0029389795,0.30450693,0.3474977,0.0,0.3474977,0.086874425
42523,0.080163985,0.0028979771,0.15743,0.18311,0.0,0.18311,0.0457775
42525,0.8363121,0.002801067,1.6698232,1.568148,0.0,1.568148,0.392037
42528,0.036402557,0.0029327672,0.06987234,0.05830114,0.0,0.05830114,0.014575285
42531,0.35962138,0.0025673232,0.71667546,0.6447315,0.0,0.6447315,0.16118288
42533,0.36758387,0.0024982665,0.73266953,0.80683154,0.0,0.80683154,0.20170788
42536,0.18903343,0.0024351461,0.37563172,0.34809577,0.0,0.34809577,0.08702394
42538,0.31410834,0.002406682,0.62581,0.58430535,0.0,0.58430535,0.14607634
42541,0.040006988,0.0022859385,0.07772804,0.09578038,0.0,0.09578038,0.023945095
42544,0.37129948,0.0021461954,0.74045277,0.8060257,0.0,0.8060257,0.20150642
42546,0.14283171,0.002162738,0.2835007,0.24891113,0.0,0.24891113,0.06222778
42549,0.065345936,0.0022519503,0.12843992,0.11768242,0.0,0.11768242,0.029420605
42551,0.024587175,0.0022772953,0.046897054,0.051178608,0.0,0.051178608,0.012794652
42554,0.29038653,0.0020841116,0.578689,0.52261496,0.0,0.52261496,0.13065374
42557,0.17016946,0.0020810633,0.33825782,0.38081264,0.0,0.38081264,0.09520316
42559,0.20993118,0.0021961583,0.4176662,0.3716135,0.0,0.3716135,0.092903376
42562,0.63575613,0.0021843936,1.2693279,1.3479613,0.0,1.3479613,0.33699033
42565,0.56147146,0.0020794775,1.1208634,1.0485482,0.0,1.0485482,0.26213706
42567,0.07809549,0.002203508,0.15398747,0.16210908,0.0,0.16210908,0.04052727
42570,0.16991158,0.0023880606,0.3374351,0.29135793,0.0,0.29135793,0.07283948
42572,0.27738646,0.0027316886,0.55204123,0.49144128,0.0,0.49144128,0.12286032
42575,0.2345667,0.0023146265,0.4668188,0.41318727,0.0,0.41318727,0.10329682
42578,0.14972787,0.002246658,0.29720905,0.2546442,0.0,0.2546442,0.06366105
42580,0.08660028,0.002439853,0.1707607,0.20254298,0.0,0.20254298,0.050635744
42583,0.33826673,0.0023707848,0.6741627,0.73961943,0.0,0.73961943,0.18490486
42585,0.27283266,0.0023568205,0.5433085,0.48009607,0.0,0.48009607,0.12002402
42588,0.15689668,0.0022564672,0.31153688,0.35544896,0.0,0.35544896,0.08886224
42591,0.21735257,0.00226915,0.432436,0.48646665,0.0,0.48646665,0.12161666
42593,0.06965306,0.0021869612,0.13711916,0.1163662,0.0,0.1163662,0.02909155
42596,0.5829923,0.0023135163,1.1636711,1.0828394,0.0,1.0828394,0.27070984
42598,0.54326886,0.0027229313,1.0838147,1.1525046,0.0,1.1525046,0.28812614
42601,0.466933,0.0030867637,0.9307793,1.0072788,0.0,1.0072788,0.2518197
42604,0.04899895,0.00291011,0.09508779,0.07702304,0.0,0.07702304,0.01925576
42606,0.11392784,0.0034862098,0.22436947,0.25691915,0.0,0.25691915,0.06422979
42609,0.36601543,0.0033853708,0.7286455,0.8015227,0.0,0.8015227,0.20038067
42612,0.54694116,0.0039997986,1.0898825,1.1977409,0.0,1.1977409,0.29943523
42614,0.10295571,0.0040683863,0.20184302,0.1701686,0.0,0.1701686,0.04254215
42617,0.16648565,0.0044615776,0.32850972,0.27079472,0.0,0.27079472,0.06769868
42619,0.63833684,0.004420914,1.2722528,1.4002504,0.0,1.4002504,0.3500626
42622,0.012972231,0.0046956576,0.021248803,0.021374518,0.0,0.021374518,0.0053436295
42625,0.6868863,0.004770857,1.3690017,1.5065907,0.0,1.5065907,0.37664768
42627,0.3097545,0.0046629454,0.61484605,0.70423955,0.0,0.70423955,0.17605989
42630,0.048987877,0.004566356,0.0934094,0.10417628,0.0,0.10417628,0.02604407
42632,0.12981299,0.004435371,0.25519058,0.19834514,0.0,0.19834514,0.049586285
42635,0.06701922,0.0045666136,0.12947182,0.109279685,0.0,0.109279685,0.027319921
42638,0.13538782,0.0043642535,0.2664114,0.22245534,0.0,0.22245534,0.055613834
42640,0.16118607,0.0044161766,0.31795597,0.269109,0.0,0.269109,0.06727725
42643,0.14336647,0.004432516,0.28230044,0.33462414,0.0,0.33462414,0.083656035
42645,0.20431302,0.00427967,0.40434638,0.3586429,0.0,0.3586429,0.08966073
42648,0.27328584,0.004480542,0.5420911,0.48401594,0.0,0.48401594,0.121003985
42651,0.56197375,0.004293136,1.1196544,1.0241755,0.0,1.0241755,0.25604388
42653,0.11014251,0.004661935,0.21562308,0.17735422,0.0,0.17735422,0.044338554
42656,0.28804883,0.004431528,0.5716661,0.509537,0.0,0.509537,0.12738425
42659,0.16565304,0.004113404,0.32719266,0.36581397,0.0,0.36581397,0.09145349
42661,0.22576599,0.004068373,0.4474636,0.41011366,0.0,0.41011366,0.102528416
42664,0.063138165,0.0038601106,0.12241623,0.1563663,0.0,0.1563663,0.039091576
42666,0.088952124,0.0037405852,0.17416365,0.15465651,0.0,0.15465651,0.03866413
42669,0.29270783,0.003726198,0.5816894,0.6241009,0.0,0.6241009,0.15602523
42672,0.07085367,0.0036090838,0.13809825,0.1075841,0.0,0.1075841,0.026896024
42674,0.2875383,0.003464384,0.5716122,0.6375112,0.0,0.6375112,0.1593778
42677,0.06492547,0.0035847668,0.12626618,0.11473014,0.0,0.11473014,0.028682536
42679,0.09539637,0.0032971147,0.18749563,0.1657457,0.0,0.1657457,0.041436426
42682,0.619476,0.0033006298,1.2356514,1.3251798,0.0,1.3251798,0.33129495
42685,0.80077034,0.0035211835,1.5980196,1.689826,0.0,1.689826,0.4224565
42687,0.42136022,0.00308299,0.83963746,0.9055546,0.0,0.9055546,0.22638865
42690,0.17283805,0.0028793702,0.3427967,0.3217282,0.0,0.3217282,0.08043205
42692,0.1488996,0.0030080099,0.2947912,0.27231848,0.0,0.27231848,0.06807962
42695,0.25423068,0.0026477661,0.5058136,0.5285732,0.0,0.5285732,0.1321433
42698,0.408324,0.0024733199,0.81417465,0.75814056,0.0,0.75814056,0.18953514
42700,0.031873886,0.0020373662,0.061710406,0.05204372,0.0,0.05204372,0.01301093
42703,0.229876,0.0018097159,0.45794228,0.48237815,0.0,0.48237815,0.12059454
42706,0.1203061,0.0018045263,0.23880766,0.2325209,0.0,0.2325209,0.058130223
42708,0.6618263,0.0018658005,1.3217869,1.3604947,0.0,1.3604947,0.34012368
42711,0.1852398,0.0020346455,0.36844495,0.33507815,0.0,0.33507815,0.08376954
42713,0.035824183,0.0020616828,0.06958669,0.0734104,0.0,0.0734104,0.0183526
42716,0.13223809,0.002193283,0.26228288,0.29372427,0.0,0.29372427,0.07343107
42719,0.02009326,0.0024888613,0.037697658,0.03854154,0.0,0.03854154,0.009635385
42721,0.034499116,0.0024240955,0.066574134,0.061519634,0.0,0.061519634,0.0153799085
42724,0.036807176,0.0016799431,0.07193441,0.0694368,0.0,0.0694368,0.0173592
42726,0.044450585,0.0013103791,0.08759079,0.09110883,0.0,0.09110883,0.022777207
42729,0.721463,0.0010821483,1.441844,1.3857361,0.0,1.3857361,0.34643403
42732,0.11938014,0.0012842667,0.237476,0.22290139,0.0,0.22290139,0.055725347
42734,0.1440333,0.002046181,0.28602043,0.27022433,0.0,0.27022433,0.06755608
42737,0.067824855,0.0029812048,0.13266851,0.11641321,0.0,0.11641321,0.029103303
42739,0.54084635,0.0024168303,1.0792758,1.1017885,0.0,1.1017885,0.27544713
42742,0.24123782,0.0033971611,0.4790785,0.46512732,0.0,0.46512732,0.11628183
42745,0.40402162,0.0022182034,0.80582505,0.78561276,0.0,0.78561276,0.19640319
42747,0.40322363,0.0032129455,0.80323434,0.8313849,0.0,0.8313849,0.20784622
42750,0.13449849,0.002151117,0.26684585,0.25072178,0.0,0.25072178,0.062680446
42753,0.104404174,0.0017350455,0.20707329,0.19437857,0.0,0.19437857,0.048594642
42755,0.081687234,0.0014769031,0.16189755,0.1727949,0.0,0.1727949,0.043198723
42758,0.7419219,0.0014116559,1.4824322,1.424355,0.0,1.424355,0.35608876
42760,0.08637539,0.001735773,0.17101502,0.16519342,0.0,0.16519342,0.041298356
42763,0.1689835,0.0013443208,0.3366227,0.31683958,0.0,0.31683958,0.079209894
42766,0.06198497,0.0014687091,0.12250123,0.1354015,0.0,0.1354015,0.033850376
42768,0.29154906,0.0013572905,0.58174086,0.5555896,0.0,0.5555896,0.1388974
42771,0.37026754,0.0012313508,0.73930377,0.7821848,0.0,0.7821848,0.1955462
42773,0.58179444,0.0012763294,1.1623126,1.2017404,0.0,1.2017404,0.3004351
42776,0.11390405,0.001057132,0.22675097,0.21095936,0.0,0.21095936,0.05273984
42779,0.21799739,0.0009050719,0.4350897,0.41261217,0.0,0.41261217,0.10315304
42781,0.31721097,0.0010488463,0.6333731,0.66169816,0.0,0.66169816,0.16542454
42784,0.037805956,0.0009623322,0.07464958,0.08175777,0.0,0.08175777,0.020439442
42786,0.25632814,0.0008888077,0.51176745,0.48733997,0.0,0.48733997,0.12183499
42789,0.059860725,0.0010681923,0.11865326,0.10801768,0.0,0.10801768,0.02700442
42792,0.20845486,0.001031441,0.4158783,0.43519512,0.0,0.43519512,0.10879878
42794,0.22835578,0.0010129934,0.45569858,0.43647352,0.0,0.43647352,0.10911838
42797,0.107233495,0.0011080251,0.21335895,0.21932046,0.0,0.21932046,0.054830115
42800,0.3033259,0.0012021818,0.6054496,0.5875264,0.0,0.5875264,0.1468816
42802,0.035380673,0.0009845888,0.06977675,0.07577771,0.0,0.07577771,0.018944427
42805,0.19985478,0.000898934,0.39881063,0.38692847,0.0,0.38692847,0.09673212
42807,0.05302814,0.00078177924,0.105274506,0.112537,0.0,0.112537,0.02813425
42810,0.034432836,0.00081343664,0.06805224,0.07271953,0.0,0.07271953,0.018179882
42813,0.17416237,0.00071449234,0.34761024,0.33136743,0.0,0.33136743,0.08284186
42815,0.08967929,0.0007522385,0.17860635,0.16713287,0.0,0.16713287,0.041783217
42818,0.70864147,0.00067889626,1.416604,1.4611868,0.0,1.4611868,0.3652967
42820,0.56061065,0.00064159214,1.1205797,1.1569225,0.0,1.1569225,0.2892306
42823,0.023244796,0.0006569696,0.045832623,0.041402634,0.0,0.041402634,0.010350659
42826,0.20908469,0.0006867624,0.4174826,0.39733124,0.0,0.39733124,0.09933281
42828,0.28262419,0.0006948824,0.5645535,0.5437221,0.0,0.5437221,0.13593052
42831,0.19784652,0.00076553476,0.3949275,0.37210724,0.0,0.37210724,0.09302681
42833,0.08987547,0.00079253217,0.17895842,0.16140507,0.0,0.16140507,0.040351268
42836,0.0889919,0.0008658559,0.17711794,0.18415423,0.0,0.18415423,0.046038557
42839,0.039809946,0.0010074702,0.078612424,0.07956234,0.0,0.07956234,0.019890586
42841,0.22449023,0.0010600248,0.44792044,0.41331282,0.0,0.41331282,0.103328206
42844,0.028100064,0.0010848216,0.05511531,0.052137345,0.0,0.052137345,0.013034336
42847,0.11071631,0.0011151715,0.22031747,0.19334598,0.0,0.19334598,0.048336495
42849,0.857052,0.0011861264,1.7129179,1.6623424,0.0,1.6623424,0.4155856
42852,0.45922172,0.0012314537,0.917212,0.95458174,0.0,0.95458174,0.23864543
42854,0.033039935,0.0013241976,0.06475567,0.06418695,0.0,0.06418695,0.016046738
42857,0.5030909,0.0015569084,1.004625,1.0502077,0.0,1.0502077,0.26255193
42860,0.12812015,0.0015571577,0.25468317,0.22164917,0.0,0.22164917,0.055412292
42862,0.09020648,0.0017221073,0.17869085,0.20809388,0.0,0.20809388,0.05202347
42865,0.07093197,0.0016452629,0.14021868,0.14582105,0.0,0.14582105,0.036455262
42867,0.08576331,0.001616635,0.16991,0.17867522,0.0,0.17867522,0.044668805
42870,0.62845814,0.0016561933,1.2552601,1.1828064,0.0,1.1828064,0.2957016
42873,0.017220274,0.0017396904,0.032700855,0.02993124,0.0,0.02993124,0.00748281
42875,0.07467718,0.00196268,0.14739166,0.15848686,0.0,0.15848686,0.039621715
42878,0.16974203,0.0021525444,0.3373315,0.29147592,0.0,0.29147592,0.07286898
42880,0.5841735,0.0022490898,1.166098,1.07874,0.0,1.07874,0.269685
42883,0.4682093,0.0025317988,0.9338868,1.013357,0.0,1.013357,0.25333926
42886,0.42808044,0.0026131254,0.85354775,0.928185,0.0,0.928185,0.23204625
42888,0.026582943,0.002746555,0.05041933,0.041473553,0.0,0.041473553,0.010368388
42891,0.30038157,0.0030360937,0.59772706,0.6716516,0.0,0.6716516,0.1679129
42894,0.8470679,0.0032971485,1.6908387,1.5603374,0.0,1.5603374,0.39008436
42896,0.19844575,0.0034330217,0.3934585,0.33378556,0.0,0.33378556,0.08344639
42899,0.07030145,0.0038491683,0.13675372,0.1535175,0.0,0.1535175,0.038379375
42901,0.17908244,0.0043002144,0.35386467,0.42863992,0.0,0.42863992,0.10715998
42904,0.39907682,0.005016412,0.79313725,0.6849192,0.0,0.6849192,0.1712298
42907,0.3301062,0.0056457836,0.6545666,0.7626311,0.0,0.7626311,0.19065778
42909,0.06968329,0.0061732866,0.1331933,0.15547182,0.0,0.15547182,0.038867954
42912,0.22585678,0.0069666817,0.44474688,0.34527788,0.0,0.34527788,0.08631947
42914,0.015450354,0.0074523953,0.02344831,0.018110976,0.0,0.018110976,0.004527744
42917,0.24137701,0.008118176,0.47463584,0.36181808,0.0,0.36181808,0.09045452
42920,0.12762374,0.008899833,0.24634765,0.20573859,0.0,0.20573859,0.051434647
42922,0.6151474,0.009462054,1.2208328,1.036818,0.0,1.036818,0.2592045
42925,0.15493034,0.010583788,0.29927686,0.20205517,0.0,0.20205517,0.050513793
42927,1.0513531,0.011013004,2.0916932,1.843202,0.0,1.843202,0.4608005
42930,0.20087345,0.0116344495,0.3901125,0.27346715,0.0,0.27346715,0.06836679
42933,0.03861114,0.01245379,0.06476849,0.069138564,0.0,0.069138564,0.017284641
42935,0.39050302,0.012457241,0.7685488,0.59631866,0.0,0.59631866,0.14907967
42938,0.04472892,0.01279105,0.076666795,0.049945924,0.0,0.049945924,0.012486481
42941,0.5539996,0.012560236,1.095439,0.892396,0.0,0.892396,0.223099
42943,0.066833615,0.012280363,0.12138686,0.15090393,0.0,0.15090393,0.03772598
42946,0.046124104,0.0122845555,0.07996366,0.050583433,0.0,0.050583433,0.012645858
42948,0.0458663,0.011870742,0.079861864,0.057623312,0.0,0.057623312,0.014405828
42951,0.33412716,0.011649954,0.65660435,0.8067394,0.0,0.8067394,0.20168485
42954,0.04245311,0.011521808,0.07338441,0.0376436,0.0,0.0376436,0.0094109
42956,0.18465225,0.011064003,0.3582405,0.29226992,0.0,0.29226992,0.07306748
42959,0.11413028,0.0109855635,0.21727501,0.27839905,0.0,0.27839905,0.06959976
42961,0.13534611,0.010712638,0.25997958,0.3209224,0.0,0.3209224,0.0802306
42964,0.051562965,0.010544685,0.09258124,0.11434177,0.0,0.11434177,0.028585443
42967,0.2059279,0.009945887,0.40190992,0.48063293,0.0,0.48063293,0.12015823
42969,0.6017728,0.00981061,1.193735,1.0522453,0.0,1.0522453,0.2630613
42972,0.07948232,0.009539823,0.1494248,0.17663081,0.0,0.17663081,0.044157702
42974,0.15539487,0.00913721,0.30165252,0.22174466,0.0,0.22174466,0.055436164
42977,0.23553304,0.00896288,0.46210322,0.39067993,0.0,0.39067993,0.09766998
42980,0.027102888,0.008474966,0.04573081,0.050231427,0.0,0.050231427,0.012557857
42982,0.4287773,0.00806793,0.84948665,0.76328915,0.0,0.76328915,0.19082229
42985,0.47483632,0.0076826722,0.94198996,0.80796117,0.0,0.80796117,0.20199029
42988,0.08213174,0.007350081,0.15691341,0.17839265,0.0,0.17839265,0.044598162
42990,0.23357846,0.006798865,0.46035805,0.40751705,0.0,0.40751705,0.10187926
42993,0.21309243,0.0063413526,0.41984352,0.47103843,0.0,0.47103843,0.11775961
42995,0.5329881,0.0061495644,1.0598266,1.137884,0.0,1.137884,0.284471
42998,0.80905086,0.005578942,1.6125227,1.4662079,0.0,1.4662079,0.36655197
43001,0.26738653,0.0049279905,0.52984506,0.5821366,0.0,0.5821366,0.14553414
43003,0.096615106,0.0046195425,0.18861067,0.22024797,0.0,0.22024797,0.055061992
43006,0.097447835,0.00407055,0.1908251,0.21348155,0.0,0.21348155,0.053370386
43008,0.12620397,0.0035538515,0.24885409,0.21208112,0.0,0.21208112,0.05302028
43011,0.21131243,0.0032451327,0.41937974,0.46213332,0.0,0.46213332,0.11553333
43014,0.44783497,0.0027953126,0.89287466,0.83081514,0.0,0.83081514,0.20770378
43016,0.60252696,0.0026258386,1.202428,1.1265625,0.0,1.1265625,0.28164062
43019,0.3326594,0.0021851808,0.6631336,0.61288387,0.0,0.61288387,0.15322097
43021,0.078655474,0.0018822855,0.15542866,0.14556582,0.0,0.14556582,0.036391456
43024,0.49821162,0.0016712504,0.994752,1.0466448,0.0,1.0466448,0.2616612
43027,0.6698378,0.0016227894,1.3380527,1.399685,0.0,1.399685,0.34992126
43029,0.45423457,0.001267732,0.90720135,0.8529599,0.0,0.8529599,0.21323997
43032,0.1685025,0.0011975464,0.33580744,0.35933962,0.0,0.35933962,0.089834906
43035,0.6800905,0.0010554137,1.3591256,1.410215,0.0,1.410215,0.35255376
43037,0.82727367,0.001304585,1.6532427,1.5887251,0.0,1.5887251,0.39718127
43040,0.12110504,0.0017404134,0.24046965,0.22630273,0.0,0.22630273,0.056575682
43042,0.10235224,0.0018422551,0.20286222,0.21867721,0.0,0.21867721,0.054669302
43045,0.086908214,0.0022797722,0.17153664,0.15789776,0.0,0.15789776,0.03947444
43048,0.05670092,0.0024482505,0.11095359,0.095853545,0.0,0.095853545,0.023963386
43050,0.3997906,0.003590662,0.7959905,0.83863544,0.0,0.83863544,0.20965886
43053,0.038746398,0.0033447144,0.07414808,0.094023086,0.0,0.094023086,0.023505772
43055,0.5293574,0.0030605749,1.0556542,1.0289527,0.0,1.0289527,0.25723818
43058,0.038297813,0.0027095613,0.07388607,0.05970289,0.0,0.05970289,0.014925723
43061,0.6802978,0.0024095923,1.3581859,1.3115945,0.0,1.3115945,0.32789862
43063,0.07362778,0.0025509084,0.14470464,0.13859855,0.0,0.13859855,0.034649637
43066,0.026986666,0.0014455271,0.052527804,0.05610026,0.0,0.05610026,0.014025065
43069,0.32344916,0.0014419062,0.6454564,0.6280174,0.0,0.6280174,0.15700436
43071,0.17045742,0.0010788554,0.339836,0.32673666,0.0,0.32673666,0.081684165
43074,0.035076756,0.001223883,0.068929635,0.07126824,0.0,0.07126824,0.01781706
43076,0.05095269,0.0008828367,0.10102255,0.09488312,0.0,0.09488312,0.02372078
43079,0.45574352,0.0008619028,0.91062516,0.9349615,0.0,0.9349615,0.23374037
43082,0.0692528,0.00090914936,0.13759644,0.13115072,0.0,0.13115072,0.03278768
43084,0.16867577,0.0010263768,0.33632514,0.34673962,0.0,0.34673962,0.086684905
43087,0.5216715,0.0010246104,1.0423182,1.0211655,0.0,1.0211655,0.25529137
43089,0.07919641,0.0011685899,0.15722422,0.15858684,0.0,0.15858684,0.03964671
43092,0.61988014,0.0009840266,1.2387762,1.258948,0.0,1.258948,0.314737
43095,0.023100533,0.000988408,0.045212656,0.047432527,0.0,0.047432527,0.011858132
43097,0.08247914,0.0010313122,0.16392697,0.15443318,0.0,0.15443318,0.038608294
43100,0.11337435,0.0011008213,0.22564788,0.2236179,0.0,0.2236179,0.055904474
43102,0.15961333,0.0012840839,0.31794256,0.3174686,0.0,0.3174686,0.07936715
43105,0.048879,0.0010433343,0.096714675,0.08771646,0.0,0.08771646,0.021929115
43108,0.90550447,0.0011362893,1.8098726,1.7847422,0.0,1.7847422,0.44618556
43110,0.1352513,0.0010326145,0.26947,0.2684401,0.0,0.2684401,0.067110024
43113,0.36853388,0.001338459,0.7357293,0.7361596,0.0,0.7361596,0.1840399
43116,0.024418632,0.0009896979,0.047847565,0.0493577,0.0,0.0493577,0.012339425
43118,0.18588321,0.0008060715,0.37096035,0.37586978,0.0,0.37586978,0.093967445
43121,0.112582125,0.0008350523,0.22432919,0.22988175,0.0,0.22988175,0.057470437
43123,0.036912903,0.0008320193,0.072993785,0.07368321,0.0,0.07368321,0.018420802
43126,0.122281194,0.0006841701,0.24387823,0.2392614,0.0,0.2392614,0.05981535
43129,0.054956097,0.00067921897,0.109232984,0.11917269,0.0,0.11917269,0.029793173
43131,0.85898805,0.00052712945,1.7174491,1.7526416,0.0,1.7526416,0.4381604
43134,0.5877067,0.00072530675,1.1746881,1.1396303,0.0,1.1396303,0.28490758
43136,0.36472607,0.0006601347,0.728792,0.7563941,0.0,0.7563941,0.18909852
43139,0.4897666,0.00069678033,0.97883636,0.95120794,0.0,0.95120794,0.23780198
43142,0.21118379,0.0009748172,0.42139277,0.44898066,0.0,0.44898066,0.112245165
43144,0.07812888,0.00086093304,0.15539683,0.15735517,0.0,0.15735517,0.039338794
43147,0.032341097,0.00084670424,0.063835494,0.061319213,0.0,0.061319213,0.015329803
43149,0.050631255,0.00076109247,0.10050142,0.09928399,0.0,0.09928399,0.024820998
43152,0.25268778,0.0007277772,0.5046478,0.4763403,0.0,0.4763403,0.11908507
43155,0.22046936,0.0007797854,0.44015893,0.46526113,0.0,0.46526113,0.11631528
43157,0.04658326,0.0006989737,0.09246755,0.08608326,0.0,0.08608326,0.021520816
43160,0.36915144,0.00062828057,0.73767453,0.70877284,0.0,0.70877284,0.17719321
43163,0.45771357,0.0006245979,0.91480255,0.94895333,0.0,0.94895333,0.23723833
43165,0.7362053,0.00063798175,1.4717726,1.4290477,0.0,1.4290477,0.35726193
43168,0.22226684,0.00067179627,0.44386187,0.42438278,0.0,0.42438278,0.106095694
43170,0.5209521,0.00063458766,1.0412697,1.0752751,0.0,1.0752751,0.26881877
43173,0.1251209,0.00056690676,0.24967487,0.26748323,0.0,0.26748323,0.06687081
43176,0.06550183,0.0005529945,0.13045067,0.121322356,0.0,0.121322356,0.030330589
43178,0.06848975,0.000604967,0.13637453,0.12512362,0.0,0.12512362,0.031280905
43181,0.20601578,0.0006760273,0.41135553,0.39090633,0.0,0.39090633,0.09772658
43183,0.018275635,0.0007181957,0.035833072,0.03219289,0.0,0.03219289,0.008048222
43186,0.24683808,0.0006819132,0.49299422,0.47045317,0.0,0.47045317,0.11761329
43189,0.19639583,0.0007926454,0.391999,0.4085358,0.0,0.4085358,0.10213395
43191,0.70468813,0.0008164347,1.4085598,1.3719053,0.0,1.3719053,0.34297633
43194,0.0919875,0.0007841373,0.18319087,0.19691308,0.0,0.19691308,0.04922827
43196,0.07662976,0.00076542207,0.15249409,0.16610588,0.0,0.16610588,0.04152647
43199,0.35220072,0.00077998714,0.7036214,0.67350054,0.0,0.67350054,0.16837513
43202,0.27410865,0.0007672506,0.54745007,0.57605255,0.0,0.57605255,0.14401314
43204,0.53959805,0.00073030655,1.0784658,1.0419225,0.0,1.0419225,0.2604806
43207,0.41073212,0.0007272291,0.82073694,0.85536456,0.0,0.85536456,0.21384114
43210,0.01035728,0.00065129437,0.020063266,0.020358412,0.0,0.020358412,0.005089603
43212,0.07057763,0.00066046836,0.1404948,0.1326412,0.0,0.1326412,0.0331603
43215,0.7684479,0.00081261556,1.5360831,1.4901446,0.0,1.4901446,0.37253615
43217,0.1851946,0.0009403673,0.3694488,0.3425394,0.0,0.3425394,0.08563485
43220,0.11799913,0.0011005504,0.23489769,0.23901989,0.0,0.23901989,0.05975497
43223,0.81476694,0.0010851067,1.6284488,1.5777181,0.0,1.5777181,0.39442953
43225,0.14487253,0.001054373,0.2886907,0.2656633,0.0,0.2656633,0.066415824
43228,0.21881784,0.00090849044,0.4367272,0.46529868,0.0,0.46529868,0.11632467
43230,0.1175447,0.0008632938,0.23422611,0.2531207,0.0,0.2531207,0.06328017
43233,0.31316262,0.00089625845,0.625429,0.59220576,0.0,0.59220576,0.14805144
43236,0.041656684,0.00085431273,0.082459055,0.074550964,0.0,0.074550964,0.018637741
43238,0.105861016,0.00074797496,0.21097405,0.20096238,0.0,0.20096238,0.050240595
43241,0.09779218,0.0007370447,0.1948473,0.17687161,0.0,0.17687161,0.044217903
43243,0.74488753,0.00079300796,1.4889821,1.4372568,0.0,1.4372568,0.3593142
43246,0.019240523,0.00086944737,0.0376116,0.034939867,0.0,0.034939867,0.008734967
43249,0.3515242,0.0008554649,0.70219296,0.73925525,0.0,0.73925525,0.18481381
43251,0.8276277,0.0007909963,1.6544644,1.7152443,0.0,1.7152443,0.42881107
43254,0.034102175,0.00077387615,0.067430474,0.06968322,0.0,0.06968322,0.017420804
43257,0.052372362,0.0007649641,0.10397976,0.095412046,0.0,0.095412046,0.023853011
43259,0.24771546,0.00077263033,0.49465826,0.46564758,0.0,0.46564758,0.116411895
43262,0.20879383,0.0008628513,0.41672483,0.4464383,0.0,0.4464383,0.11160958
43264,0.047687385,0.0008393374,0.09453544,0.08807782,0.0,0.08807782,0.022019455
43267,0.018798115,0.00078652427,0.03680971,0.037922334,0.0,0.037922334,0.0094805835
43270,0.309083,0.00070465705,0.6174614,0.58691424,0.0,0.58691424,0.14672856
43272,0.04818965,0.0007081856,0.09567112,0.0912202,0.0,0.0912202,0.02280505
43275,0.78877324,0.0006866516,1.5768598,1.6283649,0.0,1.6283649,0.40709123
43277,0.50384396,0.0006908839,1.0069971,0.9640747,0.0,0.9640747,0.24101867
43280,0.019712824,0.0007577744,0.038667876,0.036774803,0.0,0.036774803,0.009193701
43283,0.10338632,0.00078839523,0.20598425,0.18528374,0.0,0.18528374,0.046320934
43285,0.13795246,0.0008248438,0.27508008,0.29663563,0.0,0.29663563,0.07415891
43288,0.64972097,0.0008251462,1.2986168,1.2466083,0.0,1.2466083,0.31165206
43290,0.07942693,0.0008043552,0.15804951,0.14001164,0.0,0.14001164,0.03500291
43293,0.06728745,0.0008890086,0.13368589,0.11886675,0.0,0.11886675,0.029716687
43296,0.5393097,0.001007874,1.0776116,1.0345432,0.0,1.0345432,0.2586358
43298,0.9733803,0.0010231384,1.9457375,1.8902286,0.0,1.8902286,0.47255716
43301,0.08085258,0.0007754444,0.16092972,0.17134993,0.0,0.17134993,0.042837482
43304,0.29899904,0.0006984884,0.5972996,0.63057995,0.0,0.63057995,0.15764499
43306,0.06461312,0.00067680253,0.12854944,0.11894382,0.0,0.11894382,0.029735954
43309,0.017407885,0.00068395474,0.034131814,0.037139554,0.0,0.037139554,0.009284888
43311,0.06894793,0.0007045644,0.1371913,0.14817268,0.0,0.14817268,0.03704317
43314,0.2681436,0.00069827616,0.5355889,0.5130668,0.0,0.5130668,0.1282667
43317,0.19605504,0.0007327798,0.3913773,0.40956596,0.0,0.40956596,0.10239149
43319,0.060549933,0.00073906826,0.1203608,0.109264255,0.0,0.109264255,0.027316064
43322,0.53374916,0.0006865457,1.0668117,1.1038331,0.0,1.1038331,0.27595827
43324,0.06403335,0.00065328786,0.1274134,0.11853603,0.0,0.11853603,0.029634008
43327,0.02534756,0.0005940261,0.050101098,0.05547167,0.0,0.05547167,0.0138679175
43330,0.06422433,0.0005324655,0.1279162,0.13724487,0.0,0.13724487,0.034311216
43332,0.045575116,0.00054175244,0.09060848,0.085660584,0.0,0.085660584,0.021415146
43335,0.046864465,0.00050649047,0.09322244,0.09986959,0.0,0.09986959,0.024967397
43337,0.0805674,0.0005279675,0.16060682,0.17259748,0.0,0.17259748,0.04314937
43340,0.10620243,0.0005079377,0.21189694,0.1980056,0.0,0.1980056,0.0495014
43343,0.02690956,0.00057615084,0.05324297,0.048271116,0.0,0.048271116,0.012067779
43345,0.022002785,0.0005496597,0.04345591,0.041703135,0.0,0.041703135,0.010425784
43348,0.16405635,0.00062928576,0.32748342,0.34607568,0.0,0.34607568,0.08651892
43351,0.13730757,0.00061443803,0.27400067,0.2764184,0.0,0.2764184,0.0691046
43353,0.04169001,0.0005541684,0.08282586,0.085960604,0.0,0.085960604,0.021490151
43356,0.025487011,0.0005068179,0.050467204,0.054467887,0.0,0.054467887,0.013616972
43358,0.22609872,0.00044269793,0.45175472,0.46993577,0.0,0.46993577,0.11748394
43361,0.3802073,0.00038693674,0.76002765,0.7777262,0.0,0.7777262,0.19443154
43364,0.096759625,0.00047877105,0.19304049,0.18419217,0.0,0.18419217,0.04604804
43366,0.43016204,0.00041122685,0.8599129,0.8793176,0.0,0.8793176,0.2198294
43369,0.2205379,0.00045724702,0.44061854,0.45014465,0.0,0.45014465,0.11253616
43371,0.5231259,0.0004567794,1.045795,1.0602778,0.0,1.0602778,0.26506945
43374,0.052275177,0.00045471403,0.10409564,0.108655274,0.0,0.108655274,0.027163818
43377,0.477775,0.0003210966,0.955229,0.9440808,0.0,0.9440808,0.2360202
43379,0.06764122,0.00030764786,0.1349748,0.13153696,0.0,0.13153696,0.03288424
43382,0.16234438,0.00027249957,0.32441628,0.33306184,0.0,0.33306184,0.08326546
43384,0.16021815,0.0002046716,0.32023165,0.31317604,0.0,0.31317604,0.07829401
43387,0.16876478,0.0002533423,0.33727622,0.34375867,0.0,0.34375867,0.08593967
43390,0.17870341,0.00029811333,0.3571087,0.34982705,0.0,0.34982705,0.08745676
43392,0.37569284,0.0003846195,0.75100106,0.7407647,0.0,0.7407647,0.18519117
43395,0.35372403,0.00034855548,0.7070995,0.717604,0.0,0.717604,0.179401
43398,0.10271918,0.00035863172,0.20507972,0.20819509,0.0,0.20819509,0.052048773
43400,0.029017383,0.00027878312,0.057755988,0.05698222,0.0,0.05698222,0.014245555
43403,0.024084555,0.00034808172,0.04782103,0.046663713,0.0,0.046663713,0.011665928
43405,0.22313298,0.0002806578,0.44598532,0.4560727,0.0,0.4560727,0.11401817
43408,0.47751907,0.000336982,0.9547012,0.9388736,0.0,0.9388736,0.2347184
43411,0.07261121,0.00028192482,0.14494051,0.14171895,0.0,0.14171895,0.03542974
43413,0.3470367,0.0002904083,0.693783,0.70689803,0.0,0.70689803,0.17672451
43416,0.09921535,0.0004232307,0.19800746,0.18864886,0.0,0.18864886,0.047162216
43418,0.47518873,0.0003438352,0.95003366,0.96428084,0.0,0.96428084,0.24107021
43421,0.03757832,0.0004060342,0.07475061,0.07381742,0.0,0.07381742,0.018454354
43424,0.1201725,0.00047675127,0.23986824,0.22867675,0.0,0.22867675,0.057169188
43426,0.058772076,0.00047600665,0.11706815,0.116028786,0.0,0.116028786,0.029007196
43429,0.39787838,0.0004593959,0.7952973,0.8094867,0.0,0.8094867,0.20237167
43431,0.3816413,0.00046478157,0.76281786,0.7795984,0.0,0.7795984,0.1948996
43434,0.01693775,0.0004834352,0.03339206,0.03291932,0.0,0.03291932,0.00822983
43437,0.07666398,0.0006537983,0.15267415,0.13739036,0.0,0.13739036,0.03434759
43439,0.20332862,0.00075941737,0.40589786,0.4320391,0.0,0.4320391,0.10800978
43442,0.09504519,0.0008356147,0.18925476,0.19090362,0.0,0.19090362,0.047725905
43445,0.051894788,0.00078497716,0.103004605,0.1174855,0.0,0.1174855,0.029371375
43447,0.14040981,0.0007344733,0.28008518,0.30399802,0.0,0.30399802,0.075999506
43450,0.30943212,0.0007373589,0.6181269,0.5853426,0.0,0.5853426,0.14633565
43452,0.37110814,0.00086268777,0.7413536,0.7729133,0.0,0.7729133,0.19322832
43455,0.5828176,0.0007389461,1.1648964,1.210112,0.0,1.210112,0.302528
43458,0.18847169,0.0007688513,0.37617454,0.40365854,0.0,0.40365854,0.100914635
43460,0.070765644,0.00071777316,0.14081351,0.13212025,0.0,0.13212025,0.033030063
43463,0.119368434,0.0007734189,0.23796345,0.21813546,0.0,0.21813546,0.054533865
43465,0.08866015,0.00083378097,0.1764865,0.15713267,0.0,0.15713267,0.039283168
43468,0.02133494,0.00080625183,0.04186363,0.03777175,0.0,0.03777175,0.009442938
43471,0.6153464,0.0008300251,1.2298627,1.1762404,0.0,1.1762404,0.2940601
43473,0.1437187,0.00084202015,0.28659537,0.31420383,0.0,0.31420383,0.07855096
43476,0.1572691,0.0009164936,0.31362173,0.34171176,0.0,0.34171176,0.08542794
43478,0.020364808,0.00093499455,0.03979462,0.047319174,0.0,0.047319174,0.011829793
43481,0.06874701,0.0010155807,0.13647842,0.14631647,0.0,0.14631647,0.036579117
43484,0.5687765,0.0010580186,1.136495,1.1966203,0.0,1.1966203,0.2991551
43486,0.25785473,0.0010291924,0.51468027,0.47686115,0.0,0.47686115,0.11921529
43489,0.08157642,0.0010142323,0.16213861,0.14492886,0.0,0.14492886,0.036232214
43492,0.2137713,0.0010764298,0.4264662,0.3969685,0.0,0.3969685,0.09924213
43494,0.01788028,0.0011651173,0.03459544,0.035375807,0.0,0.035375807,0.008843952
43497,0.01666085,0.0010987933,0.032222908,0.036692854,0.0,0.036692854,0.0091732135
43499,0.011389161,0.0012248169,0.021553507,0.024521505,0.0,0.024521505,0.0061303764
43502,0.03105021,0.0011413168,0.060959104,0.06536543,0.0,0.06536543,0.016341358
43505,0.5666361,0.0011623952,1.1321098,1.0806686,0.0,1.0806686,0.27016714
43507,0.093609326,0.0010215241,0.18619712,0.16725343,0.0,0.16725343,0.04181336
43510,0.054158855,0.0009951285,0.10732258,0.09780878,0.0,0.09780878,0.024452195
43512,0.17832105,0.000898066,0.355744,0.3336308,0.0,0.3336308,0.0834077
43515,0.34030998,0.0009142016,0.6797058,0.71332437,0.0,0.71332437,0.17833109
43518,0.08095783,0.0009139807,0.16100168,0.17179815,0.0,0.17179815,0.04294954
43520,0.28711292,0.000871988,0.5733538,0.6018892,0.0,0.6018892,0.1504723
43523,0.24336024,0.0006841668,0.4860363,0.5099245,0.0,0.5099245,0.12748112
43525,0.24522935,0.00066451397,0.48979416,0.51474565,0.0,0.51474565,0.12868641
43528,0.07052961,0.0007144778,0.14034474,0.1513605,0.0,0.1513605,0.037840124
43531,0.39273718,0.00079809286,0.7846763,0.7500229,0.0,0.7500229,0.18750572
43533,0.4442283,0.0008559115,0.88760066,0.927018,0.0,0.927018,0.2317545
43536,0.032379594,0.0010078546,0.06375133,0.05842905,0.0,0.05842905,0.014607263
43539,0.19450426,0.0010077065,0.38800082,0.4136038,0.0,0.4136038,0.10340095
43541,0.11189208,0.0008898819,0.2228943,0.2419854,0.0,0.2419854,0.06049635
43544,0.11262536,0.00086119934,0.22438951,0.20553215,0.0,0.20553215,0.051383037
43546,0.13129036,0.00086895266,0.26171175,0.24217093,0.0,0.24217093,0.060542732
43549,0.19460978,0.00080619595,0.38841334,0.3670386,0.0,0.3670386,0.09175965
43552,0.7487914,0.0005960022,1.4969867,1.5356795,0.0,1.5356795,0.38391986
43554,0.13521323,0.0006496321,0.26977682,0.28610757,0.0,0.28610757,0.07152689
43557,0.08799521,0.00068409165,0.17530634,0.18159191,0.0,0.18159191,0.04539798
43559,0.25372717,0.0005939395,0.5068604,0.5266107,0.0,0.5266107,0.13165267
43562,0.17258038,0.00063518627,0.34452558,0.33078545,0.0,0.33078545,0.08269636
43565,0.022986606,0.00043549365,0.04553772,0.044810653,0.0,0.044810653,0.011202663
43567,0.1887226,0.00045994858,0.37698522,0.39036012,0.0,0.39036012,0.09759003
43570,0.037763875,0.00033435316,0.0751934,0.07305776,0.0,0.07305776,0.01826444
43573,0.8422363,0.00041322256,1.6840593,1.6566778,0.0,1.6566778,0.41416946
43575,0.18072335,0.00048706774,0.36095965,0.34720194,0.0,0.34720194,0.086800486
43578,0.22387843,0.00064214756,0.4471147,0.46310404,0.0,0.46310404,0.11577601
43580,0.6511444,0.00042514,1.3018637,1.3295263,0.0,1.3295263,0.33238158
43583,0.08510674,0.00030330822,0.16991018,0.16157706,0.0,0.16157706,0.040394265
43586,0.019187173,0.0004035796,0.037970766,0.039667934,0.0,0.039667934,0.009916984
43588,0.048031468,0.00045013137,0.0956128,0.09178574,0.0,0.09178574,0.022946434
43591,0.8206075,0.00036017117,1.6408548,1.6684643,0.0,1.6684643,0.41711608
43593,0.20444506,0.00038318872,0.40850696,0.42142752,0.0,0.42142752,0.10535688
43596,0.033570237,0.0004550064,0.06668547,0.06929964,0.0,0.06929964,0.01732491
43599,0.028462453,0.00060608826,0.056318816,0.058287356,0.0,0.058287356,0.014571839
43601,0.09088854,0.0005199506,0.18125713,0.17634809,0.0,0.17634809,0.044087023
43604,0.46901655,0.0005099373,0.9375232,0.92254686,0.0,0.92254686,0.23063672
43606,0.27407077,0.00053969625,0.5476019,0.5320197,0.0,0.5320197,0.13300492
43609,0.032313433,0.00041806456,0.0642088,0.06301701,0.0,0.06301701,0.015754253
43612,0.014207154,0.00043159467,0.027982712,0.02573386,0.0,0.02573386,0.006433465
43614,0.55419916,0.0004918112,1.1079066,1.0899546,0.0,1.0899546,0.27248865
43617,0.13331087,0.0006141994,0.2660075,0.2776929,0.0,0.2776929,0.06942323
43620,0.05181315,0.00052681187,0.10309949,0.10693938,0.0,0.10693938,0.026734846
43622,0.22871931,0.00053291535,0.45690572,0.4358437,0.0,0.4358437,0.10896093
43625,0.16899775,0.0005607736,0.33743474,0.32012543,0.0,0.32012543,0.08003136
43627,0.04642588,0.0005875231,0.092264235,0.090088814,0.0,0.090088814,0.022522204
43630,0.60702604,0.00068175583,1.2133703,1.1821805,0.0,1.1821805,0.29554513
43633,0.021231234,0.000657111,0.041805357,0.041295547,0.0,0.041295547,0.010323887
43635,0.118389435,0.00065447035,0.2361244,0.21607275,0.0,0.21607275,0.05401819
43638,0.8188147,0.0007460437,1.6368833,1.5929824,0.0,1.5929824,0.3982456
43640,0.05125907,0.0007991789,0.10171896,0.102988414,0.0,0.102988414,0.025747104
43643,0.03331278,0.0007353032,0.06589025,0.060438793,0.0,0.060438793,0.015109698
43646,0.17731845,0.00068043824,0.35395646,0.3798639,0.0,0.3798639,0.09496597
43648,0.7482013,0.00073235173,1.4956702,1.4457666,0.0,1.4457666,0.36144164
43651,0.13706125,0.0008582024,0.27326432,0.250887,0.0,0.250887,0.06272175
43653,0.29784992,0.00088808034,0.5948118,0.6325303,0.0,0.6325303,0.15813257
43656,0.18547608,0.00069689105,0.37025526,0.39485845,0.0,0.39485845,0.09871461
43659,0.059630383,0.0007329367,0.11852783,0.12346059,0.0,0.12346059,0.030865148
43661,0.2996354,0.00067600334,0.59859484,0.6327847,0.0,0.6327847,0.15819618
43664,0.039234336,0.000679315,0.07778936,0.081574954,0.0,0.081574954,0.020393739
43667,0.12556581,0.00067942846,0.2504522,0.26691636,0.0,0.26691636,0.06672909
43669,0.44310912,0.0006711306,0.8855471,0.8472197,0.0,0.8472197,0.21180493
43672,0.12482384,0.00063988817,0.24900778,0.22961056,0.0,0.22961056,0.05740264
43674,0.090755284,0.0006114974,0.18089907,0.16598889,0.0,0.16598889,0.041497223
43677,0.05469695,0.00061584567,0.10877806,0.118030965,0.0,0.118030965,0.029507741
43680,0.18950123,0.00064011134,0.37836233,0.3558899,0.0,0.3558899,0.08897247
43682,0.074917495,0.00065725646,0.14917773,0.13799411,0.0,0.13799411,0.034498528
43685,0.12979592,0.00063516956,0.25895667,0.24397187,0.0,0.24397187,0.060992967
43687,0.5303472,0.0006265098,1.060068,1.1011605,0.0,1.1011605,0.27529013
43690,0.1447349,0.0006066093,0.28886318,0.309083,0.0,0.309083,0.07727075
43693,0.018079795,0.0006147244,0.035544865,0.03153947,0.0,0.03153947,0.0078848675
43695,0.15153168,0.0006346431,0.30242872,0.28319976,0.0,0.28319976,0.07079994
43698,0.07722179,0.00065402035,0.15378956,0.1391663,0.0,0.1391663,0.034791574
43700,0.07882186,0.0006730512,0.15697066,0.16553026,0.0,0.16553026,0.041382566
43703,0.023326831,0.0006912641,0.045962397,0.048811015,0.0,0.048811015,0.012202754
43706,0.7825572,0.00070492906,1.5644094,1.514067,0.0,1.514067,0.37851676
43708,0.17659314,0.0007025336,0.35248375,0.37730184,0.0,0.37730184,0.09432546
43711,0.41195473,0.0007507174,0.82315874,0.78838617,0.0,0.78838617,0.19709654
43714,0.2249714,0.0008055079,0.4491373,0.41752875,0.0,0.41752875,0.10438219
43716,0.27399108,0.0008555245,0.54712665,0.58070874,0.0,0.58070874,0.14517719
43719,0.28899565,0.0009990851,0.5769922,0.6074138,0.0,0.6074138,0.15185346
43721,0.17825884,0.0010209369,0.35549673,0.3234863,0.0,0.3234863,0.080871575
43724,0.56546634,0.0011976085,1.1297351,1.0747294,0.0,1.0747294,0.26868236
43727,0.27286255,0.0012145793,0.54451054,0.58818865,0.0,0.58818865,0.14704716
43729,0.035671186,0.0012499904,0.07009238,0.06607643,0.0,0.06607643,0.016519107
43732,0.07115858,0.001268115,0.14104904,0.11859081,0.0,0.11859081,0.029647702
43734,0.07251041,0.0012368654,0.14378394,0.14211057,0.0,0.14211057,0.035527643
43737,0.7811723,0.0012046286,1.56114,1.4893745,0.0,1.4893745,0.37234363
43740,0.05440324,0.0012218301,0.107584655,0.112731166,0.0,0.112731166,0.028182792
43742,0.12779862,0.0012869285,0.2543103,0.22201109,0.0,0.22201109,0.055502772
43745,0.028929405,0.0012649237,0.056593884,0.06133656,0.0,0.06133656,0.01533414
43747,0.095335335,0.0013647819,0.18930589,0.19893791,0.0,0.19893791,0.049734477
43750,0.2741413,0.0012934132,0.5469892,0.59114087,0.0,0.59114087,0.14778522
43753,0.12249445,0.0013196649,0.24366923,0.21285951,0.0,0.21285951,0.053214878
43755,0.13662283,0.0013518091,0.27189383,0.30663693,0.0,0.30663693,0.07665923
43758,0.024202487,0.0014393405,0.04696563,0.039238494,0.0,0.039238494,0.0098096235
43761,0.042348206,0.0014642725,0.08323214,0.09106377,0.0,0.09106377,0.022765942
43763,0.56011784,0.0015107231,1.118725,1.047335,0.0,1.047335,0.26183376
43766,0.056046203,0.0016079614,0.11048444,0.13432068,0.0,0.13432068,0.03358017
43768,0.030170716,0.001656325,0.05868511,0.06555405,0.0,0.06555405,0.016388513
43771,0.52800727,0.0017708637,1.0542437,1.1304728,0.0,1.1304728,0.2826182
43774,0.27464348,0.0018281593,0.5474588,0.60515124,0.0,0.60515124,0.15128781
43776,0.099390924,0.0019077897,0.19687407,0.16660802,0.0,0.16660802,0.041652005
43779,0.27977428,0.0019437913,0.55760473,0.5004248,0.0,0.5004248,0.1251062
43781,0.5138419,0.0019244477,1.0257593,1.1087773,0.0,1.1087773,0.27719432
43784,0.07537516,0.0019141812,0.14883614,0.121521294,0.0,0.121521294,0.030380324
43787,0.3367727,0.0020007312,0.67154473,0.60734504,0.0,0.60734504,0.15183626
43789,0.18680434,0.0020831747,0.3715255,0.42079923,0.0,0.42079923,0.10519981
43792,0.011248209,0.0022448758,0.02025154,0.02237986,0.0,0.02237986,0.005594965
43794,0.47759342,0.002331558,0.9528553,1.0377257,0.0,1.0377257,0.25943142
43797,0.021860914,0.002278681,0.04144315,0.04525654,0.0,0.04525654,0.011314135
43800,0.20981498,0.0023491466,0.41728082,0.46899417,0.0,0.46899417,0.11724854
43802,0.35296944,0.0023381633,0.7036007,0.7778694,0.0,0.7778694,0.19446735
43805,0.1371055,0.00233193,0.27187905,0.2949928,0.0,0.2949928,0.0737482
43808,0.1622643,0.0024062654,0.32212237,0.37047103,0.0,0.37047103,0.09261776
43810,0.09073465,0.0025073076,0.17896199,0.21374725,0.0,0.21374725,0.053436812
43813,0.13437141,0.0025677658,0.26617506,0.3136721,0.0,0.3136721,0.078418024
43815,0.030048288,0.0025182802,0.057578295,0.07300872,0.0,0.07300872,0.01825218
43818,0.053108413,0.0024906693,0.103726156,0.10903853,0.0,0.10903853,0.027259633
43821,0.2682281,0.0023955926,0.53406066,0.47044015,0.0,0.47044015,0.11761004
43823,0.10325929,0.0024607368,0.20405783,0.23083197,0.0,0.23083197,0.05770799
43826,0.027017264,0.0026067544,0.05142777,0.059541497,0.0,0.059541497,0.014885374
43828,0.014375067,0.0025213445,0.026228791,0.030596888,0.0,0.030596888,0.007649222
43831,0.1785189,0.002526172,0.35451165,0.39805636,0.0,0.39805636,0.09951409
43834,0.08775747,0.002478196,0.17303674,0.14015657,0.0,0.14015657,0.03503914
43836,0.023407726,0.0024623424,0.04435311,0.03561276,0.0,0.03561276,0.00890319
43839,0.06232534,0.0024104605,0.122240216,0.14391963,0.0,0.14391963,0.035979908
43841,0.17579776,0.0022768585,0.34931865,0.39443207,0.0,0.39443207,0.09860802
43844,0.03195237,0.0022894305,0.061615307,0.04803455,0.0,0.04803455,0.012008637
43847,0.06212467,0.0020752011,0.12217414,0.10581243,0.0,0.10581243,0.026453108
43849,0.6334346,0.0020371794,1.264832,1.1826509,0.0,1.1826509,0.29566273
43852,0.10601031,0.001957883,0.21006274,0.23460639,0.0,0.23460639,0.058651596
43855,0.08907419,0.0018795164,0.17626886,0.15061246,0.0,0.15061246,0.037653115
43857,0.38813254,0.0018149813,0.77445006,0.8427898,0.0,0.8427898,0.21069746
43860,0.08466104,0.0018116444,0.16751043,0.14721374,0.0,0.14721374,0.036803436
43862,0.14199103,0.0017491601,0.2822329,0.31547436,0.0,0.31547436,0.07886859
43865,0.20161502,0.00155614,0.40167388,0.36165228,0.0,0.36165228,0.09041307
43868,0.17913257,0.001503589,0.35676154,0.3230461,0.0,0.3230461,0.08076152
43870,0.18922037,0.0014622817,0.37697843,0.41028118,0.0,0.41028118,0.102570295
43873,0.024892159,0.0014495192,0.048334796,0.052211326,0.0,0.052211326,0.013052831
43875,0.317324,0.0014573153,0.6331907,0.6811264,0.0,0.6811264,0.1702816
43878,0.6418947,0.0013646757,1.2824247,1.2130042,0.0,1.2130042,0.30325106
43881,0.08710053,0.001254142,0.17294692,0.18901803,0.0,0.18901803,0.047254506
43883,0.031029075,0.0011426714,0.06091548,0.0687882,0.0,0.0687882,0.01719705
43886,0.32217872,0.0010946798,0.64326274,0.6864176,0.0,0.6864176,0.1716044
43888,0.07513211,0.0010934356,0.14917079,0.16481668,0.0,0.16481668,0.04120417
43891,0.60480505,0.0010071681,1.2086029,1.256801,0.0,1.256801,0.31420025
43894,0.7011954,0.000933646,1.4014572,1.3558058,0.0,1.3558058,0.33895144
43896,0.15107246,0.0009572686,0.30118763,0.2823817,0.0,0.2823817,0.07059543
43899,0.21226694,0.0008899963,0.42364392,0.4431579,0.0,0.4431579,0.11078948
43902,0.048096985,0.0008234609,0.09537051,0.106465496,0.0,0.106465496,0.026616374
43904,0.15412778,0.0008026021,0.30745295,0.32443064,0.0,0.32443064,0.08110766
43907,0.036281876,0.0008018161,0.071761936,0.08075643,0.0,0.08075643,0.020189108
43909,0.011918895,0.00075358734,0.023084203,0.020654831,0.0,0.020654831,0.005163708
43912,0.06995114,0.0006409891,0.13926129,0.14933698,0.0,0.14933698,0.037334245
43915,0.15267159,0.0007225993,0.3046206,0.3162924,0.0,0.3162924,0.0790731
43917,0.019063186,0.0006121264,0.037514243,0.03458537,0.0,0.03458537,0.008646343
43920,0.569887,0.00056799967,1.1392059,1.1718212,0.0,1.1718212,0.2929553
43922,0.17231035,0.0005535754,0.34406713,0.3566676,0.0,0.3566676,0.0891669
43925,0.20064186,0.0005394574,0.40074423,0.3848827,0.0,0.3848827,0.09622067
43928,0.047467586,0.0005173379,0.09441783,0.098302044,0.0,0.098302044,0.024575511
43930,0.048666865,0.00046592896,0.0968678,0.10300469,0.0,0.10300469,0.025751172
43933,0.027170764,0.00046014212,0.05388139,0.049641132,0.0,0.049641132,0.012410283
43935,0.12530066,0.00046049943,0.25014082,0.2414494,0.0,0.2414494,0.06036235
43938,0.026867598,0.00045423742,0.05328096,0.050568815,0.0,0.050568815,0.012642204
43941,0.13578083,0.0005023153,0.27105936,0.26113927,0.0,0.26113927,0.06528482
43943,0.047552872,0.00051939965,0.09458635,0.088158615,0.0,0.088158615,0.022039654
43946,0.57487124,0.0004935311,1.149249,1.1266608,0.0,1.1266608,0.2816652
43949,0.25249273,0.00049895135,0.5044865,0.4956356,0.0,0.4956356,0.1239089
43951,0.19131859,0.00045405267,0.3821831,0.37447032,0.0,0.37447032,0.09361758
43954,0.11022655,0.00044023086,0.22001286,0.22804125,0.0,0.22804125,0.05701031
43956,0.02411072,0.00040503347,0.047816407,0.045724098,0.0,0.045724098,0.011431024
43959,0.2617975,0.00037079048,0.5232242,0.51640916,0.0,0.51640916,0.12910229
43962,0.11156034,0.00036161518,0.22275905,0.21609478,0.0,0.21609478,0.054023694
43964,0.046167735,0.00034183884,0.09199363,0.08856222,0.0,0.08856222,0.022140555
43967,0.120847724,0.00035831277,0.24133714,0.2445509,0.0,0.2445509,0.061137725
43969,0.056927156,0.0003724631,0.11348185,0.10945483,0.0,0.10945483,0.027363708
43972,0.035410777,0.0003639548,0.0704576,0.06656174,0.0,0.06656174,0.016640436
43975,0.12652552,0.00037658855,0.25267446,0.24732624,0.0,0.24732624,0.06183156
43977,0.3708258,0.00029495187,0.7413567,0.7512911,0.0,0.7512911,0.18782277
43980,0.075978525,0.00035194194,0.15160511,0.15454298,0.0,0.15454298,0.038635746
43982,0.044862624,0.00036627718,0.08935896,0.090456165,0.0,0.090456165,0.022614041
43985,0.8062946,0.00030906586,1.6122802,1.6252851,0.0,1.6252851,0.4063213
43988,0.18437256,0.000322793,0.36842236,0.37506595,0.0,0.37506595,0.09376649
43990,0.5871547,0.00034564175,1.1739637,1.1634446,0.0,1.1634446,0.29086116
43993,0.3297778,0.000332439,0.65922314,0.6672961,0.0,0.6672961,0.16682403
43996,0.037951287,0.00037466848,0.07552791,0.073300086,0.0,0.073300086,0.018325021
43998,0.028176606,0.0003949405,0.05595827,0.054352764,0.0,0.054352764,0.013588191
44001,0.036456447,0.00031276586,0.072600126,0.07143048,0.0,0.07143048,0.01785762
44003,0.2616379,0.00035122663,0.5229246,0.53197783,0.0,0.53197783,0.13299446
44006,0.27153137,0.00033813427,0.54272467,0.5518722,0.0,0.5518722,0.13796805
44009,0.3123035,0.00037177987,0.6242352,0.6405944,0.0,0.6405944,0.1601486
44011,0.11544418,0.00044241807,0.23044594,0.24200869,0.0,0.24200869,0.06050217
44014,0.39636543,0.00039948258,0.7923314,0.77759165,0.0,0.77759165,0.19439791
44016,0.6881911,0.00039231512,1.3759899,1.396944,0.0,1.396944,0.349236
44019,0.37591335,0.00034868266,0.751478,0.7696829,0.0,0.7696829,0.19242072
44022,0.49759316,0.00032027956,0.9948661,1.0149959,0.0,1.0149959,0.25374898
44024,0.09172069,0.00036961003,0.18307178,0.17427401,0.0,0.17427401,0.043568503
44027,0.081152104,0.00034519567,0.161959,0.15239136,0.0,0.15239136,0.03809784
44029,0.3971583,0.00038085924,0.7939358,0.8150358,0.0,0.8150358,0.20375896
44032,0.58694905,0.0003595644,1.1735386,1.1485099,0.0,1.1485099,0.28712747
44035,0.21412255,0.00034242365,0.4279027,0.44309998,0.0,0.44309998,0.110774994
44037,0.042948972,0.00034721542,0.085550725,0.08152062,0.0,0.08152062,0.020380154
44040,0.26526475,0.00034837206,0.5301811,0.5131836,0.0,0.5131836,0.1282959
44043,0.28032222,0.0003734204,0.560271,0.578326,0.0,0.578326,0.1445815
44045,0.08456362,0.0003706011,0.16875665,0.17511122,0.0,0.17511122,0.043777805
44048,0.08567534,0.0003857913,0.17096488,0.17725019,0.0,0.17725019,0.044312548
44050,0.16312994,0.00041866978,0.32584122,0.3398039,0.0,0.3398039,0.084950976
44053,0.25954768,0.00044143398,0.5186539,0.53899527,0.0,0.53899527,0.13474882
44056,0.017280407,0.00046402158,0.034096792,0.035948846,0.0,0.035948846,0.008987212
44058,0.03198103,0.00045858722,0.06350347,0.05998313,0.0,0.05998313,0.014995783
44061,0.19717433,0.0004702614,0.39387837,0.3756453,0.0,0.3756453,0.09391133
44063,0.1551818,0.0004647409,0.30989885,0.32794365,0.0,0.32794365,0.08198591
44066,0.6436928,0.00046603498,1.2869196,1.2504904,0.0,1.2504904,0.3126226
44069,0.06670963,0.00050953886,0.13290972,0.14573108,0.0,0.14573108,0.03643277
44071,0.11438388,0.0005392724,0.2282285,0.22047634,0.0,0.22047634,0.055119086
44074,0.656645,0.00056891487,1.312721,1.2728181,0.0,1.2728181,0.31820452
44077,0.6053981,0.0005468268,1.2102494,1.1694916,0.0,1.1694916,0.2923729
44079,0.053442534,0.0005542948,0.106330775,0.09912772,0.0,0.09912772,0.02478193
44082,0.09995783,0.00057760783,0.19933806,0.2160505,0.0,0.2160505,0.054012626
44084,0.022101777,0.0005962605,0.043607295,0.042557437,0.0,0.042557437,0.010639359
44087,0.16939354,0.0005679846,0.33821908,0.3179045,0.0,0.3179045,0.079476126
44090,0.0697821,0.00061041425,0.13895379,0.12921591,0.0,0.12921591,0.032303978
44092,0.052933842,0.0005746458,0.105293036,0.10784621,0.0,0.10784621,0.026961552
44095,0.048103973,0.0005690563,0.09563889,0.09667642,0.0,0.09667642,0.024169104
44097,0.8512519,0.0005849216,1.701919,1.65916,0.0,1.65916,0.41479
44100,0.027036136,0.0005385272,0.053533744,0.055181514,0.0,0.055181514,0.013795379
44103,0.47635916,0.00051301677,0.95220536,0.9224677,0.0,0.9224677,0.23061693
44105,0.04857564,0.000538493,0.09661279,0.09548912,0.0,0.09548912,0.02387228
44108,0.39061716,0.0005299252,0.78070444,0.806376,0.0,0.806376,0.201594
44110,0.015654875,0.0005146369,0.030795112,0.027297132,0.0,0.027297132,0.006824283
44113,0.64448184,0.00052273547,1.288441,1.2507182,0.0,1.2507182,0.31267956
44116,0.023990897,0.00046711546,0.047514677,0.050014425,0.0,0.050014425,0.012503606
44118,0.013954997,0.0004911273,0.027418867,0.029180223,0.0,0.029180223,0.007295056
44121,0.2832404,0.0005085095,0.5659723,0.5421011,0.0,0.5421011,0.13552527
44124,0.20127188,0.0005109093,0.40203285,0.41794065,0.0,0.41794065,0.10448516
44126,0.04603901,0.0005245115,0.09155351,0.08448254,0.0,0.08448254,0.021120636
44129,0.35554886,0.0005557993,0.7105419,0.7354247,0.0,0.7354247,0.18385617
44131,0.105347514,0.0005632658,0.21013176,0.21890791,0.0,0.21890791,0.054726977
44134,0.20460261,0.0006058547,0.40859938,0.43331417,0.0,0.43331417,0.10832854
44137,0.23015915,0.00063845125,0.45967984,0.48302743,0.0,0.48302743,0.12075686
44139,0.060427964,0.00068368734,0.12017224,0.12219169,0.0,0.12219169,0.030547922
44142,0.043288734,0.00080526946,0.085772194,0.086650334,0.0,0.086650334,0.021662584
44144,0.03123519,0.00088130985,0.061589073,0.060329307,0.0,0.060329307,0.015082327
44147,0.62809354,0.0010271757,1.2551599,1.2042135,0.0,1.2042135,0.30105338
44150,0.30311617,0.0011226482,0.6051097,0.6363445,0.0,0.6363445,0.15908612
44152,0.061891902,0.0012335648,0.12255024,0.12241874,0.0,0.12241874,0.030604685
44155,0.016414193,0.0012837242,0.03154466,0.029465675,0.0,0.029465675,0.007366419
44157,0.10064747,0.0012510993,0.20004384,0.20638426,0.0,0.20638426,0.051596064
44160,0.41400862,0.0011410337,0.82687616,0.7788585,0.0,0.7788585,0.19471462
44163,0.16701509,0.0011177763,0.33291242,0.30104518,0.0,0.30104518,0.075261295
44165,0.06294418,0.0011678777,0.12472049,0.12600492,0.0,0.12600492,0.03150123
44168,0.80448335,0.0010699156,1.6078968,1.6721745,0.0,1.6721745,0.4180436
44171,0.28951684,0.0010680953,0.57796556,0.5392098,0.0,0.5392098,0.13480245
44173,0.09674954,0.0010012517,0.1924978,0.21566512,0.0,0.21566512,0.05391628
44176,0.20886199,0.0009723653,0.41675162,0.4481475,0.0,0.4481475,0.11203688
44178,0.045708332,0.000917715,0.090498954,0.08182233,0.0,0.08182233,0.020455582
44181,0.17980266,0.000865963,0.35873935,0.38372895,0.0,0.38372895,0.09593224
44184,0.10205492,0.00089760823,0.20321222,0.18424238,0.0,0.18424238,0.046060596
44186,0.04840642,0.0008947913,0.09591804,0.085093,0.0,0.085093,0.02127325
44189,0.08352926,0.0010079428,0.16605057,0.15116663,0.0,0.15116663,0.03779166
44191,0.098094635,0.001010492,0.19517876,0.21465822,0.0,0.21465822,0.053664554
44194,0.042834844,0.0009835447,0.08468614,0.09497235,0.0,0.09497235,0.023743087
44197,0.24732648,0.00097443926,0.49367848,0.5252952,0.0,0.5252952,0.1313238
44199,0.1453854,0.0009681725,0.2898026,0.26736256,0.0,0.26736256,0.06684064
44202,0.44617236,0.0009560178,0.8913887,0.9301018,0.0,0.9301018,0.23252545
44204,0.018842148,0.00097584724,0.036708448,0.030898416,0.0,0.030898416,0.007724604
44207,0.18800627,0.00095007475,0.37506247,0.4037056,0.0,0.4037056,0.1009264
44210,0.06924221,0.0009201209,0.1375643,0.121895276,0.0,0.121895276,0.030473819
44212,0.07713453,0.00088842475,0.15338062,0.16380197,0.0,0.16380197,0.040950492
44215,0.2009389,0.000887004,0.4009908,0.37119272,0.0,0.37119272,0.09279818
44218,0.22263402,0.00090371637,0.4443643,0.47492352,0.0,0.47492352,0.11873088
44220,0.19336142,0.0010118741,0.38571095,0.4130837,0.0,0.4130837,0.103270926
44223,0.17938645,0.0010108153,0.3577621,0.32991472,0.0,0.32991472,0.08247868
44225,0.010301713,0.0010105897,0.019592836,0.016970836,0.0,0.016970836,0.004242709
44228,0.7897039,0.0010584722,1.5783495,1.5225302,0.0,1.5225302,0.38063255
44231,0.13399597,0.0010172757,0.26697466,0.24208945,0.0,0.24208945,0.060522363
44233,0.0644555,0.0011071828,0.12780382,0.1327357,0.0,0.1327357,0.033183925
44236,0.12124938,0.0009711869,0.24152757,0.26171473,0.0,0.26171473,0.06542868
44238,0.24661316,0.00096245104,0.49226388,0.523248,0.0,0.523248,0.130812
44241,0.023718022,0.00092628127,0.04650976,0.044764172,0.0,0.044764172,0.011191043
44244,0.05588907,0.0009136791,0.11086446,0.12120674,0.0,0.12120674,0.030301685
44246,0.018969813,0.0009458437,0.036993783,0.039085794,0.0,0.039085794,0.009771449
44249,0.28074086,0.0008317121,0.56065,0.5917781,0.0,0.5917781,0.14794452
44251,0.026382424,0.0006753859,0.052089464,0.053437904,0.0,0.053437904,0.013359476
44254,0.18306024,0.0006782352,0.36544228,0.34735718,0.0,0.34735718,0.086839296
44257,0.2263592,0.0005888447,0.45212957,0.47038355,0.0,0.47038355,0.11759589
44259,0.3907914,0.0005720718,0.7810107,0.75737554,0.0,0.75737554,0.18934388
44262,0.52933127,0.0006731392,1.0579895,1.0176451,0.0,1.0176451,0.25441128
44265,0.08758151,0.0006814529,0.17448156,0.18309732,0.0,0.18309732,0.04577433
44267,0.08537356,0.0007779585,0.16996916,0.18086796,0.0,0.18086796,0.04521699
44270,0.46116754,0.00089270115,0.92144233,0.94800276,0.0,0.94800276,0.23700069
44272,0.15477239,0.0007800081,0.3087648,0.28953516,0.0,0.28953516,0.07238379
44275,0.63888055,0.00088304357,1.2768781,1.3229312,0.0,1.3229312,0.3307328
44278,0.5657284,0.00094025565,1.1305166,1.1691818,0.0,1.1691818,0.29229546
44280,0.043702185,0.001001675,0.08640269,0.091664314,0.0,0.091664314,0.022916079
44283,0.23740481,0.0011578649,0.47365174,0.4356331,0.0,0.4356331,0.10890827
44285,0.114159495,0.0013007867,0.22701819,0.2575889,0.0,0.2575889,0.06439722
44288,0.19128042,0.0015325117,0.38102832,0.33760116,0.0,0.33760116,0.08440029
44291,0.09206915,0.0018417105,0.18229659,0.15064932,0.0,0.15064932,0.03766233
44293,0.02883737,0.0020275149,0.055647224,0.050375283,0.0,0.050375283,0.012593821
44296,0.17316003,0.0024694602,0.3438506,0.29098058,0.0,0.29098058,0.072745144
44298,0.19159077,0.0024500135,0.3807315,0.4365728,0.0,0.4365728,0.1091432
44301,0.56107897,0.0026821333,1.1194758,1.0419368,0.0,1.0419368,0.2604842
44304,0.18583943,0.0029377372,0.36874112,0.31009817,0.0,0.31009817,0.07752454
44306,0.63368994,0.0030065144,1.2643733,1.1637483,0.0,1.1637483,0.29093707
44309,0.02263113,0.0033398299,0.041922424,0.038026735,0.0,0.038026735,0.009506684
44312,0.104072005,0.0035744647,0.20456953,0.2121997,0.0,0.2121997,0.053049926
44314,0.06013168,0.0037180732,0.11654528,0.12455844,0.0,0.12455844,0.03113961
44317,0.15466727,0.0038585176,0.30547604,0.24363415,0.0,0.24363415,0.060908537
44319,0.14255403,0.004032254,0.2810758,0.34565982,0.0,0.34565982,0.086414956
44322,0.184985,0.0043130075,0.365657,0.29266986,0.0,0.29266986,0.073167466
44325,0.63108385,0.004637866,1.2575299,1.3908142,0.0,1.3908142,0.34770355
44327,0.071045496,0.004808864,0.13728212,0.1429441,0.0,0.1429441,0.035736024
44330,0.059495095,0.0052325,0.11375769,0.089681506,0.0,0.089681506,0.022420377
44332,0.07599542,0.005468579,0.14652227,0.20534678,0.0,0.20534678,0.051336695
44335,0.8166685,0.0057315547,1.6276054,1.4536988,0.0,1.4536988,0.3634247
44338,0.15133782,0.0061593275,0.29651633,0.22917797,0.0,0.22917797,0.05729449
44340,0.122188844,0.0064175203,0.23796017,0.19130152,0.0,0.19130152,0.04782538
44343,0.13600716,0.0068410877,0.26517323,0.3455015,0.0,0.3455015,0.08637538
44345,0.07296741,0.0072483644,0.13868646,0.19787347,0.0,0.19787347,0.04946837
44348,0.34317473,0.0076725935,0.67867684,0.55069345,0.0,0.55069345,0.13767336
44351,0.042366106,0.008162815,0.0765694,0.09038502,0.0,0.09038502,0.022596255
44353,0.014860988,0.00841033,0.021311646,0.020595083,0.0,0.020595083,0.0051487708
44356,0.051933825,0.0086624175,0.095205225,0.07119753,0.0,0.07119753,0.017799383
44359,0.1353883,0.008747268,0.26202932,0.35360852,0.0,0.35360852,0.08840213
44361,0.41629836,0.009163204,0.82343346,0.99055463,0.0,0.99055463,0.24763866
44364,0.18297105,0.009564758,0.35637733,0.26049605,0.0,0.26049605,0.06512401
44366,0.19693474,0.010206708,0.3836628,0.27877387,0.0,0.27877387,0.06969347
44369,0.20559196,0.010369837,0.4008141,0.5301259,0.0,0.5301259,0.13253148
44372,0.053973515,0.01048001,0.09746703,0.1473332,0.0,0.1473332,0.0368333
44374,0.0893201,0.0105275335,0.16811268,0.13240595,0.0,0.13240595,0.033101488
44377,0.039660573,0.010183076,0.06913807,0.04875907,0.0,0.04875907,0.012189767
44379,0.12427714,0.010257932,0.23829633,0.1679465,0.0,0.1679465,0.041986626
44382,0.34538898,0.009968008,0.6808099,0.5492371,0.0,0.5492371,0.13730927
44385,0.29184398,0.0098504415,0.5738375,0.45918262,0.0,0.45918262,0.114795655
44387,0.08929065,0.009501123,0.16908018,0.21694879,0.0,0.21694879,0.054237198
44390,0.18880098,0.009341033,0.3682609,0.2938961,0.0,0.2938961,0.07347403
44392,0.27189067,0.009189332,0.53459203,0.43455252,0.0,0.43455252,0.10863813
44395,0.41661882,0.008625545,0.82461214,0.701438,0.0,0.701438,0.1753595
44398,0.39134386,0.008119122,0.7745686,0.8787108,0.0,0.8787108,0.2196777
44400,0.14989915,0.0076641906,0.29213414,0.24572475,0.0,0.24572475,0.061431188
44403,0.7317926,0.007330546,1.4562546,1.2956158,0.0,1.2956158,0.32390395
44406,0.5336583,0.0067425775,1.060574,1.2036091,0.0,1.2036091,0.30090228
44408,0.30598688,0.006529724,0.605444,0.6699564,0.0,0.6699564,0.1674891
44411,0.22159714,0.006125365,0.4370689,0.47915617,0.0,0.47915617,0.11978904
44413,0.08678939,0.006056994,0.16752179,0.19961365,0.0,0.19961365,0.04990341
44416,0.06281657,0.0058127507,0.11982038,0.084139444,0.0,0.084139444,0.021034861
44419,0.11342743,0.0054361075,0.22141875,0.18571877,0.0,0.18571877,0.046429694
44421,0.113210626,0.0052195136,0.22120173,0.18429315,0.0,0.18429315,0.046073288
44424,0.19862194,0.00502386,0.39222002,0.44634938,0.0,0.44634938,0.111587346
44426,0.78542274,0.005130223,1.5657152,1.434446,0.0,1.434446,0.3586115
44429,0.23396038,0.005200503,0.46272025,0.5090401,0.0,0.5090401,0.12726003
44432,0.1664909,0.005167223,0.32781458,0.27557868,0.0,0.27557868,0.06889467
44434,0.25203896,0.004899364,0.49917853,0.43283066,0.0,0.43283066,0.108207665
44437,0.8418401,0.004975028,1.6787052,1.5477883,0.0,1.5477883,0.38694707
44439,0.37338588,0.005046632,0.74172515,0.8183357,0.0,0.8183357,0.20458393
44442,0.035680316,0.004867736,0.06649289,0.06416131,0.0,0.06416131,0.016040327
44445,0.21046627,0.004716746,0.41621578,0.3468744,0.0,0.3468744,0.0867186
44447,0.048148993,0.004660456,0.09163753,0.075944476,0.0,0.075944476,0.018986119
44450,0.54657096,0.0050195917,1.0881224,0.9762318,0.0,0.9762318,0.24405795
44453,0.06740562,0.0053296923,0.12948155,0.111535005,0.0,0.111535005,0.027883751
44455,0.3157087,0.005453054,0.62596434,0.5257117,0.0,0.5257117,0.13142793
44458,0.64222366,0.0053895093,1.2790579,1.1394664,0.0,1.1394664,0.2848666
44460,0.1548496,0.0054488466,0.30425036,0.38307026,0.0,0.38307026,0.095767565
44463,0.2259294,0.0057203365,0.44613847,0.36004686,0.0,0.36004686,0.090011716
44466,0.96468455,0.005939976,1.9234291,1.7539686,0.0,1.7539686,0.43849215
44468,0.06813273,0.0059668957,0.13029857,0.18632007,0.0,0.18632007,0.046580017
44471,0.80014443,0.0061634295,1.5941254,1.7669991,0.0,1.7669991,0.44174978
44473,0.1448779,0.006237486,0.2835183,0.36420345,0.0,0.36420345,0.09105086
44476,0.06254181,0.0066288323,0.11845479,0.17018051,0.0,0.17018051,0.04254513
44479,0.15882243,0.007333018,0.31031182,0.3935884,0.0,0.3935884,0.0983971
44481,0.4478935,0.007898549,0.88788843,1.0382634,0.0,1.0382634,0.25956586
44484,0.042988256,0.008132086,0.07784442,0.10964519,0.0,0.10964519,0.027411297
44486,0.030145215,0.008434211,0.05185622,0.056376457,0.0,0.056376457,0.014094114
44489,0.14530663,0.009224685,0.28138858,0.21020691,0.0,0.21020691,0.052551728
44492,0.108017944,0.010119791,0.20591609,0.27751875,0.0,0.27751875,0.06937969
44494,1.0479847,0.010421176,2.0855484,1.826492,0.0,1.826492,0.456623
44497,0.34534812,0.010224503,0.6804717,0.54499215,0.0,0.54499215,0.13624804
44500,0.16420017,0.01028381,0.31811652,0.23429383,0.0,0.23429383,0.05857346
44502,0.100974984,0.010252553,0.19169742,0.2590438,0.0,0.2590438,0.06476095
44505,0.10187829,0.010180846,0.19357574,0.246,0.0,0.246,0.0615
44507,0.044883728,0.010423134,0.079344325,0.105913974,0.0,0.105913974,0.026478494
44510,0.05043729,0.010724969,0.09014961,0.055965465,0.0,0.055965465,0.013991366
44513,0.27053088,0.010826719,0.53023505,0.40548,0.0,0.40548,0.10137
44515,0.14072146,0.010789469,0.27065343,0.21181434,0.0,0.21181434,0.052953586
44518,0.2830084,0.010363036,0.55565375,0.4267155,0.0,0.4267155,0.10667887
44520,0.03902356,0.010497953,0.06754917,0.040341754,0.0,0.040341754,0.010085438
44523,0.16901629,0.010445051,0.32758752,0.42517063,0.0,0.42517063,0.10629266
44526,0.6181564,0.010533005,1.2257797,1.056742,0.0,1.056742,0.2641855
44528,0.06371993,0.010316791,0.11712307,0.16112813,0.0,0.16112813,0.040282033
44531,0.11295012,0.010330357,0.21556987,0.15234354,0.0,0.15234354,0.038085885
44533,0.06319303,0.010230635,0.11615542,0.077053465,0.0,0.077053465,0.019263366
44536,0.34144652,0.00989025,0.6730028,0.5437143,0.0,0.5437143,0.13592857
44539,0.08159959,0.009467741,0.15373145,0.1092836,0.0,0.1092836,0.0273209
44541,0.14537504,0.008954508,0.2817956,0.3353642,0.0,0.3353642,0.08384105
44544,0.10358367,0.008897885,0.19826947,0.24709459,0.0,0.24709459,0.061773647
44547,0.052493047,0.008545888,0.0964402,0.1269411,0.0,0.1269411,0.031735275
44549,0.03138902,0.008544787,0.054233253,0.06347146,0.0,0.06347146,0.015867865
44552,0.25102237,0.008266379,0.49377838,0.4187452,0.0,0.4187452,0.1046863
44554,0.20776294,0.008190409,0.4073355,0.46053067,0.0,0.46053067,0.11513267
44557,0.4470711,0.008012517,0.8861297,0.7398849,0.0,0.7398849,0.18497123
44560,0.11369661,0.0073755383,0.22001769,0.17561042,0.0,0.17561042,0.043902606
44562,0.046610456,0.0072264,0.08599451,0.05474244,0.0,0.05474244,0.01368561
44565,0.6481356,0.007009433,1.2892617,1.1296139,0.0,1.1296139,0.28240347
44567,0.05215994,0.007010274,0.09730961,0.12082406,0.0,0.12082406,0.030206015
44570,0.07347763,0.0071846247,0.13977064,0.11574181,0.0,0.11574181,0.028935453
44573,0.01799069,0.0074272896,0.02855409,0.037212074,0.0,0.037212074,0.009303018
44575,0.38986456,0.007176189,0.77255297,0.85976857,0.0,0.85976857,0.21494214
44578,0.04521179,0.007005735,0.08341784,0.06303453,0.0,0.06303453,0.015758632
44581,0.037458163,0.0069132,0.068003125,0.053966492,0.0,0.053966492,0.013491623
44583,0.35101822,0.007239582,0.69479686,0.79318506,0.0,0.79318506,0.19829626
44586,0.39113495,0.006911343,0.7753585,0.6562833,0.0,0.6562833,0.16407083
44588,0.09746341,0.006874211,0.18805261,0.20906723,0.0,0.20906723,0.052266806
44591,0.034564648,0.006795151,0.06233414,0.06740412,0.0,0.06740412,0.01685103
44594,0.37661424,0.006771264,0.7464573,0.6334087,0.0,0.6334087,0.15835218
44596,0.23065,0.0067995526,0.45450044,0.35802087,0.0,0.35802087,0.08950522
44599,0.027778188,0.0066269618,0.048929412,0.037859578,0.0,0.037859578,0.009464894
44601,0.17301889,0.006629881,0.33940792,0.42713583,0.0,0.42713583,0.10678396
44604,0.19608642,0.0067463084,0.38542655,0.48042628,0.0,0.48042628,0.12010657
44607,0.4935243,0.0070628994,0.9799857,0.8349255,0.0,0.8349255,0.20873137
44609,0.1494875,0.0070335143,0.2919415,0.36876893,0.0,0.36876893,0.09219223
44612,0.2868639,0.0069067082,0.56682104,0.45471025,0.0,0.45471025,0.11367756
44614,0.30316058,0.0068935263,0.59942764,0.48383322,0.0,0.48383322,0.120958306
44617,0.13151257,0.0072478787,0.25577724,0.20451881,0.0,0.20451881,0.051129702
44620,0.065810315,0.007825948,0.123794675,0.17577004,0.0,0.17577004,0.04394251
44622,0.31171703,0.008544528,0.61488956,0.5073347,0.0,0.5073347,0.12683368
44625,0.27955624,0.009205062,0.54990745,0.66351604,0.0,0.66351604,0.16587901
44628,0.24424452,0.009450379,0.47903863,0.38459274,0.0,0.38459274,0.096148185
44630,0.09125105,0.009744127,0.17275798,0.2238955,0.0,0.2238955,0.055973876
44633,0.25947022,0.010694909,0.5082455,0.41385737,0.0,0.41385737,0.10346434
44635,0.8128957,0.010903145,1.6148882,1.3867408,0.0,1.3867408,0.3466852
44638,0.15659626,0.010780399,0.30241212,0.22990985,0.0,0.22990985,0.057477463
44641,0.016920822,0.010373454,0.02346819,0.019372473,0.0,0.019372473,0.004843118
44643,0.039810758,0.010250611,0.0693709,0.10225084,0.0,0.10225084,0.02556271
44646,0.20501447,0.010520537,0.3995084,0.29498854,0.0,0.29498854,0.073747136
44648,0.6225358,0.010801141,1.2342705,1.0281918,0.0,1.0281918,0.25704795
44651,0.113450654,0.0109403655,0.21596093,0.29599547,0.0,0.29599547,0.07399887
44654,0.0380418,0.010977295,0.0651063,0.078171544,0.0,0.078171544,0.019542886
44656,0.3873402,0.011068362,0.76361203,0.93925095,0.0,0.93925095,0.23481274
44659,0.2741967,0.01069697,0.5376965,0.6657043,0.0,0.6657043,0.16642608
44661,0.3223469,0.010527056,0.6341667,0.50243986,0.0,0.50243986,0.12560996
44664,0.06099366,0.010170442,0.11181688,0.15173449,0.0,0.15173449,0.03793362
44667,0.2088347,0.010331519,0.40733787,0.49671742,0.0,0.49671742,0.124179356
44669,0.03884389,0.010134001,0.06755377,0.040247772,0.0,0.040247772,0.010061943
44672,0.03025887,0.009874755,0.050642982,0.06925259,0.0,0.06925259,0.017313147
44675,0.60228056,0.009880404,1.1946808,1.3653374,0.0,1.3653374,0.34133434
44677,0.088640325,0.009534857,0.16774578,0.115830444,0.0,0.115830444,0.028957611
44680,0.042976424,0.009161455,0.0767914,0.10996344,0.0,0.10996344,0.02749086
44682,0.5830134,0.0087451935,1.1572816,0.9950399,0.0,0.9950399,0.24875997
44685,0.11772183,0.008662058,0.2267816,0.25522134,0.0,0.25522134,0.063805334
44688,0.74826646,0.008414887,1.488118,1.3083609,0.0,1.3083609,0.32709023
44690,0.28630808,0.008315169,0.564301,0.47961855,0.0,0.47961855,0.11990464
44693,0.046617795,0.008123575,0.08511201,0.06233726,0.0,0.06233726,0.015584315
44695,0.088366516,0.007938877,0.16879416,0.19410916,0.0,0.19410916,0.04852729
44698,0.08736541,0.0076872916,0.16704352,0.11931609,0.0,0.11931609,0.029829023
44701,0.15308493,0.007101686,0.29906818,0.25417578,0.0,0.25417578,0.063543946
44703,0.3510259,0.0070986175,0.6949532,0.7568776,0.0,0.7568776,0.1892194
44706,0.2067668,0.0068047917,0.40672883,0.4576168,0.0,0.4576168,0.1144042
44708,0.03312643,0.006646029,0.05960683,0.036315024,0.0,0.036315024,0.009078756
44711,0.25301442,0.006355859,0.49967298,0.5611575,0.0,0.5611575,0.14028938
44714,0.31988615,0.006408816,0.6333635,0.528817,0.0,0.528817,0.13220425
44716,0.07873962,0.006525833,0.15095341,0.11952931,0.0,0.11952931,0.029882327
44719,0.15032886,0.006162208,0.29449552,0.35227394,0.0,0.35227394,0.088068485
44722,0.12568943,0.005933309,0.24544555,0.21213277,0.0,0.21213277,0.05303319
44724,0.87410444,0.0056362306,1.7425727,1.6034676,0.0,1.6034676,0.4008669
44727,0.050986916,0.005515039,0.09645879,0.098790884,0.0,0.098790884,0.024697721
44729,0.035021786,0.0055016023,0.06454197,0.054205954,0.0,0.054205954,0.0135514885
44732,0.1687084,0.005262118,0.3321547,0.39603844,0.0,0.39603844,0.09900961
44735,0.025498172,0.0051736985,0.045822646,0.047279228,0.0,0.047279228,0.011819807
44737,0.037335403,0.0051316335,0.069539174,0.05731162,0.0,0.05731162,0.014327905
44740,0.4550451,0.005094712,0.9049955,1.0183856,0.0,1.0183856,0.2545964
44742,0.19000624,0.0051400764,0.37487242,0.30070642,0.0,0.30070642,0.075176604
44745,0.5373501,0.005096246,1.0696039,0.950422,0.0,0.950422,0.2376055
44748,0.21451719,0.0052502803,0.4237841,0.34103572,0.0,0.34103572,0.08525893
44750,0.90165,0.005232129,1.7980679,1.6359482,0.0,1.6359482,0.40898705
44753,0.24687351,0.005258078,0.48848894,0.58072,0.0,0.58072,0.14518
44755,0.72847503,0.0053306725,1.4516193,1.2968599,0.0,1.2968599,0.32421497
44758,0.2742153,0.005541859,0.54288876,0.4491929,0.0,0.4491929,0.11229823
44761,0.02863161,0.005918941,0.05134428,0.05956623,0.0,0.05956623,0.014891557
44763,0.05669191,0.0063902554,0.10699356,0.08483783,0.0,0.08483783,0.021209458
44766,0.16325226,0.0067741144,0.31973043,0.25075963,0.0,0.25075963,0.06268991
44769,0.028109966,0.0072677718,0.04895216,0.051952604,0.0,0.051952604,0.012988151
44771,0.15516764,0.0073346253,0.30300066,0.23079367,0.0,0.23079367,0.057698417
44774,0.9237571,0.008294109,1.83922,1.6478611,0.0,1.6478611,0.41196528
44776,0.3820298,0.008928396,0.75513124,0.65263134,0.0,0.65263134,0.16315784
44779,0.073147535,0.008814891,0.13748018,0.18729234,0.0,0.18729234,0.046823084
44782,0.03299889,0.008423747,0.057574034,0.07504276,0.0,0.07504276,0.01876069
44784,0.3241718,0.008413837,0.6399298,0.5232544,0.0,0.5232544,0.1308136
44787,0.6454131,0.008786988,1.2820392,1.099714,0.0,1.099714,0.2749285
44789,0.24817581,0.008973358,0.48737827,0.59817576,0.0,0.59817576,0.14954394
44792,0.16082068,0.0094273295,0.31221405,0.39099562,0.0,0.39099562,0.097748905
44795,0.2288015,0.009433706,0.44816932,0.33910108,0.0,0.33910108,0.08477527
44797,0.16031404,0.009366394,0.31126168,0.23522352,0.0,0.23522352,0.05880588
44800,0.12160251,0.009605624,0.23359941,0.17871134,0.0,0.17871134,0.044677835
44802,0.7461106,0.009588153,1.4826331,1.2700266,0.0,1.2700266,0.31750664
44805,0.6669139,0.009533081,1.3242947,1.1214744,0.0,1.1214744,0.2803686
44808,0.15632711,0.009595398,0.30305883,0.22926037,0.0,0.22926037,0.057315093
44810,0.17172964,0.009540469,0.3339188,0.43139836,0.0,0.43139836,0.10784959
44813,0.15953462,0.009522512,0.3095467,0.3942492,0.0,0.3942492,0.0985623
44816,0.068861954,0.009281323,0.12844257,0.090206295,0.0,0.090206295,0.022551574
44818,0.24183089,0.009299316,0.47436246,0.5997756,0.0,0.5997756,0.1499439
44821,0.06587782,0.009263505,0.12249213,0.15656248,0.0,0.15656248,0.03914062
44823,0.06979809,0.008979174,0.13061701,0.090288915,0.0,0.090288915,0.022572229
44826,0.3126903,0.008979636,0.61640096,0.72615004,0.0,0.72615004,0.18153751
44829,0.36730257,0.009084034,0.7255211,0.5985291,0.0,0.5985291,0.14963228
44831,0.13472039,0.009143223,0.26029757,0.30794656,0.0,0.30794656,0.07698664
44834,0.133768,0.009060898,0.2584751,0.18598728,0.0,0.18598728,0.04649682
44836,0.051058218,0.008604435,0.093512,0.11903223,0.0,0.11903223,0.029758057
44839,0.05085088,0.008860713,0.09284104,0.11125189,0.0,0.11125189,0.027812973
44842,0.14409208,0.0082001705,0.279984,0.33031464,0.0,0.33031464,0.08257866
44844,0.31666765,0.008383881,0.6249514,0.52573776,0.0,0.52573776,0.13143444
44847,0.17501552,0.008211155,0.34181988,0.263739,0.0,0.263739,0.06593475
44849,0.18120664,0.008614306,0.353799,0.2849675,0.0,0.2849675,0.07124188
44852,0.07946476,0.008185215,0.1507443,0.19867802,0.0,0.19867802,0.049669504
44855,0.040792417,0.008379797,0.07320503,0.10470309,0.0,0.10470309,0.026175773
44857,0.7412694,0.00870406,1.4738349,1.6597201,0.0,1.6597201,0.41493002
44860,0.049481217,0.00835406,0.09060838,0.060108464,0.0,0.060108464,0.015027116
44863,0.14639455,0.008623644,0.28416547,0.35114154,0.0,0.35114154,0.087785386
44865,0.31140682,0.008219673,0.614594,0.73164195,0.0,0.73164195,0.18291049
44868,0.066271044,0.008461077,0.124081016,0.17819794,0.0,0.17819794,0.044549484
44870,0.32279614,0.008232739,0.6373595,0.74976414,0.0,0.74976414,0.18744104
44873,0.66731423,0.008904341,1.3257241,1.5208759,0.0,1.5208759,0.38021898
44876,0.1150035,0.008371403,0.22163558,0.29568076,0.0,0.29568076,0.07392019
44878,0.47481835,0.008658429,0.9409783,1.0998263,0.0,1.0998263,0.27495658
44881,0.27892974,0.0087674605,0.54909205,0.67173594,0.0,0.67173594,0.16793399
44883,0.41879502,0.0088885175,0.82870156,0.9815163,0.0,0.9815163,0.24537908
44886,0.23981358,0.009082093,0.47054508,0.3595172,0.0,0.3595172,0.0898793
44889,0.031935178,0.009157106,0.05471325,0.03657536,0.0,0.03657536,0.00914384
44891,0.39101148,0.009879868,0.77214307,0.93060654,0.0,0.93060654,0.23265164
44894,0.1095292,0.009970307,0.20908809,0.17536272,0.0,0.17536272,0.04384068
44896,0.5140025,0.010229504,1.0177755,0.84156924,0.0,0.84156924,0.21039231
44899,0.26484075,0.01016304,0.51951844,0.3961474,0.0,0.3961474,0.09903685
44902,0.060761172,0.010524307,0.11099804,0.08129146,0.0,0.08129146,0.020322865
44904,0.7673308,0.010700856,1.5239607,1.7728316,0.0,1.7728316,0.4432079
44907,0.06891338,0.011568717,0.12625803,0.08658246,0.0,0.08658246,0.021645615
44910,0.20133322,0.012131828,0.39053464,0.29207698,0.0,0.29207698,0.073019244
44912,0.023487799,0.0119638,0.0350118,0.037321944,0.0,0.037321944,0.009330486
44915,0.06661414,0.013069205,0.12015909,0.07139828,0.0,0.07139828,0.01784957
44917,0.33982205,0.013694517,0.66594964,0.5073717,0.0,0.5073717,0.12684293
44920,0.082419656,0.014415576,0.15042375,0.22418106,0.0,0.22418106,0.056045264
44923,0.386907,0.01456768,0.75924635,0.93733424,0.0,0.93733424,0.23433356
44925,0.29867056,0.0150619345,0.5822792,0.43941998,0.0,0.43941998,0.109854996
44928,0.18789703,0.015687661,0.36010638,0.24866325,0.0,0.24866325,0.06216581
44930,0.24459153,0.015801802,0.47338128,0.3293639,0.0,0.3293639,0.08234098
44933,0.06898338,0.016928324,0.121038444,0.15127607,0.0,0.15127607,0.037819017
44936,0.17927764,0.017102623,0.34145263,0.4872873,0.0,0.4872873,0.12182183
44938,0.041592285,0.017921135,0.065263435,0.09445771,0.0,0.09445771,0.023614427
44941,0.7441833,0.018254628,1.470112,1.1861311,0.0,1.1861311,0.29653278
44943,0.30044198,0.018875849,0.5820081,0.7841757,0.0,0.7841757,0.19604392
44946,0.06548617,0.0193781,0.11159424,0.151267,0.0,0.151267,0.03781675
44949,0.044555184,0.020349288,0.06876107,0.09549663,0.0,0.09549663,0.023874158
44951,0.32329288,0.020565722,0.6260201,0.44072413,0.0,0.44072413,0.11018103
44954,0.029619003,0.020950856,0.038287148,0.026216632,0.0,0.026216632,0.006554158
44957,0.17611873,0.02152875,0.3307087,0.20224352,0.0,0.20224352,0.05056088
44959,0.2341305,0.021733627,0.44652736,0.28489152,0.0,0.28489152,0.07122288
44962,0.1470921,0.022897532,0.2712867,0.17917466,0.0,0.17917466,0.044793665
44964,0.35058308,0.02338267,0.6777835,0.9210971,0.0,0.9210971,0.23027427
44967,0.2902561,0.023662128,0.5568501,0.37149262,0.0,0.37149262,0.092873156
44970,0.32807264,0.024080038,0.63206524,0.42793837,0.0,0.42793837,0.10698459
44972,0.050670188,0.024089104,0.07725128,0.10700402,0.0,0.10700402,0.026751004
44975,0.17777239,0.025248148,0.33029664,0.51965356,0.0,0.51965356,0.12991339
44977,0.096754454,0.025973653,0.16753525,0.088916965,0.0,0.088916965,0.022229241
44980,0.6596482,0.027505374,1.291791,0.9907332,0.0,0.9907332,0.2476833
44983,0.656388,0.026699057,1.2860769,1.6471437,0.0,1.6471437,0.41178593
44985,0.36095712,0.026772037,0.6951422,0.45964566,0.0,0.45964566,0.114911415
44988,0.16744064,0.02756425,0.30731702,0.16415812,0.0,0.16415812,0.04103953
44990,0.096284986,0.027957147,0.16461283,0.2369597,0.0,0.2369597,0.059239924
44993,0.46133924,0.029159084,0.8935194,1.1741356,0.0,1.1741356,0.2935339
44996,0.27869394,0.029327067,0.52806085,0.33510303,0.0,0.33510303,0.08377576
44998,0.15395248,0.030275827,0.27762914,0.14150552,0.0,0.14150552,0.03537638
45001,0.28808263,0.030674547,0.54549074,0.81105727,0.0,0.81105727,0.20276432
45004,0.11880375,0.031487525,0.20611997,0.10760897,0.0,0.10760897,0.026902242
45006,0.5195872,0.031421255,1.0077533,0.6963499,0.0,0.6963499,0.17408748
45009,0.09247053,0.032805353,0.15213569,0.22163825,0.0,0.22163825,0.05540956
45011,0.06245744,0.033356715,0.09155816,0.031284243,0.0,0.031284243,0.007821061
45014,0.7939814,0.03268788,1.555275,1.1565957,0.0,1.1565957,0.28914893
45017,0.06640742,0.032421496,0.100393355,0.15956287,0.0,0.15956287,0.039890718
45019,0.39672804,0.031809773,0.7616463,0.5064917,0.0,0.5064917,0.12662293
45022,0.063719235,0.032038707,0.09539977,0.033933632,0.0,0.033933632,0.008483408
45024,0.17842709,0.03220636,0.32464778,0.19949795,0.0,0.19949795,0.04987449
45027,0.036339495,0.032416064,0.040262926,0.05686594,0.0,0.05686594,0.014216485
45030,0.122122735,0.032637976,0.2116075,0.3684423,0.0,0.3684423,0.092110574
45032,0.108272135,0.03348012,0.18306415,0.32511306,0.0,0.32511306,0.081278265
45035,0.3570113,0.03288929,0.6811333,0.46503997,0.0,0.46503997,0.11625999
45037,0.71021646,0.03219339,1.3882395,1.0237168,0.0,1.0237168,0.2559292
45040,0.040863875,0.03207704,0.04965071,0.064137034,0.0,0.064137034,0.016034259
45043,0.10485556,0.03206001,0.1776511,0.08418191,0.0,0.08418191,0.021045478
45045,0.11057059,0.032387014,0.18875416,0.086191736,0.0,0.086191736,0.021547934
45048,0.32190624,0.03194773,0.61186475,0.3957088,0.0,0.3957088,0.0989272
45051,0.059755374,0.032298353,0.08721239,0.1549862,0.0,0.1549862,0.03874655
45053,0.09557986,0.03141303,0.15974669,0.24555875,0.0,0.24555875,0.06138969
45056,0.06270077,0.03154279,0.093858756,0.13675137,0.0,0.13675137,0.034187842
45058,0.69536895,0.0313679,1.3593699,1.7673283,0.0,1.7673283,0.44183207
45061,0.6738083,0.030611515,1.3170049,1.034972,0.0,1.034972,0.258743
45064,0.33000836,0.031209787,0.6288069,0.8749151,0.0,0.8749151,0.21872878
45066,0.07360665,0.030262614,0.11695068,0.17563735,0.0,0.17563735,0.043909337
45069,0.045690507,0.030136833,0.061244186,0.058814358,0.0,0.058814358,0.0147035895
45071,0.16974609,0.029777229,0.30971494,0.17156892,0.0,0.17156892,0.04289223
45074,0.13831319,0.028994724,0.24763167,0.38566983,0.0,0.38566983,0.09641746
45077,0.17120631,0.028963419,0.3134492,0.48369887,0.0,0.48369887,0.12092472
45079,0.21759534,0.028308243,0.40688244,0.556216,0.0,0.556216,0.139054
45082,0.05408581,0.027814945,0.08035667,0.148911,0.0,0.148911,0.03722775
45085,0.21833615,0.027203172,0.40946913,0.26285666,0.0,0.26285666,0.065714166
45087,0.21717052,0.026875982,0.40746507,0.5905717,0.0,0.5905717,0.14764293
45090,0.55477196,0.026388505,1.0831555,0.80483437,0.0,0.80483437,0.20120859
45092,0.34601822,0.025141513,0.666895,0.47986403,0.0,0.47986403,0.11996601
45095,0.23171592,0.0243295,0.43910232,0.29362282,0.0,0.29362282,0.073405705
45098,0.97488016,0.022406315,1.927354,1.5897375,0.0,1.5897375,0.39743438
45100,0.102825195,0.02165324,0.18399715,0.11625833,0.0,0.11625833,0.029064583
45103,0.11309718,0.020861149,0.20533322,0.29948753,0.0,0.29948753,0.07487188
45105,0.16024324,0.020263722,0.30022275,0.37175128,0.0,0.37175128,0.09293782
45108,0.027853047,0.019606642,0.036099453,0.050884247,0.0,0.050884247,0.012721062
45111,0.82545614,0.018773045,1.6321392,1.365817,0.0,1.365817,0.34145424
45113,0.028410846,0.018171117,0.03865058,0.055375304,0.0,0.055375304,0.013843826
45116,0.08474615,0.017941713,0.15155059,0.08553374,0.0,0.08553374,0.021383435
45118,0.1392005,0.01826181,0.26013917,0.17507653,0.0,0.17507653,0.043769132
45121,0.51733506,0.017979322,1.0166909,1.2079377,0.0,1.2079377,0.30198443
45124,0.17832042,0.017106572,0.33953428,0.43268824,0.0,0.43268824,0.10817206
45126,0.28252068,0.015777249,0.54926413,0.4261602,0.0,0.4261602,0.10654005
45129,0.12452788,0.0166662,0.23238957,0.2831734,0.0,0.2831734,0.07079335
45132,0.35647276,0.01624066,0.69670486,0.5564592,0.0,0.5564592,0.1391148
45134,0.15635835,0.015938219,0.29677847,0.20879316,0.0,0.20879316,0.05219829
45137,0.48648056,0.015167356,0.9577937,1.1769907,0.0,1.1769907,0.2942477
45139,0.061641168,0.014576212,0.10870612,0.15237164,0.0,0.15237164,0.03809291
45142,0.034088675,0.015135556,0.053041797,0.0483048,0.0,0.0483048,0.0120762
45145,0.44985512,0.015142561,0.8845677,1.0334765,0.0,1.0334765,0.25836912
45147,1.059976,0.015008527,2.1049435,1.8028135,0.0,1.8028135,0.45070338
45150,0.15016212,0.013990273,0.28633395,0.37907967,0.0,0.37907967,0.09476992
45152,0.85474557,0.014358786,1.6951323,1.4728847,0.0,1.4728847,0.36822116
45155,0.069953755,0.014504738,0.12540276,0.09049671,0.0,0.09049671,0.022624178
45158,0.25854623,0.014341581,0.5027509,0.37174353,0.0,0.37174353,0.09293588
45160,0.3280209,0.014270134,0.6417716,0.49615836,0.0,0.49615836,0.12403959
45163,0.3216498,0.013579071,0.6297205,0.7960665,0.0,0.7960665,0.19901663
45165,0.035443824,0.013783376,0.05710427,0.0667318,0.0,0.0667318,0.01668295
45168,0.10575972,0.013595293,0.19792415,0.28702408,0.0,0.28702408,0.07175602
45171,0.1388705,0.013939877,0.2638011,0.36109364,0.0,0.36109364,0.09027341
45173,0.5229156,0.013916452,1.0319147,0.8427873,0.0,0.8427873,0.21069683
45176,0.033122707,0.01383327,0.05241214,0.06646825,0.0,0.06646825,0.016617062
45179,0.49608934,0.013697055,0.9784816,1.1944937,0.0,1.1944937,0.2986234
45181,0.06548453,0.014247537,0.11672153,0.07052359,0.0,0.07052359,0.017630897
45184,0.909857,0.014104503,1.8056093,1.5225791,0.0,1.5225791,0.38064477
45186,0.06654376,0.014816095,0.11827142,0.17578597,0.0,0.17578597,0.043946493
45189,0.03954956,0.01576137,0.06333775,0.03014121,0.0,0.03014121,0.0075353025
45192,0.025611902,0.016400082,0.03482372,0.035866268,0.0,0.035866268,0.008966567
45194,0.10624113,0.016265629,0.19621663,0.2784541,0.0,0.2784541,0.069613524
45197,0.20456024,0.016680302,0.39244017,0.4989977,0.0,0.4989977,0.12474942
45199,0.09167635,0.017735897,0.1656168,0.10701239,0.0,0.10701239,0.026753098
45202,0.40973055,0.01889012,0.80057096,0.590355,0.0,0.590355,0.14758874
45205,0.53732127,0.018165376,1.0564772,0.81842,0.0,0.81842,0.204605
45207,0.45650527,0.018489648,0.8945208,1.0954098,0.0,1.0954098,0.27385244
45210,0.086488485,0.018714609,0.15426235,0.22890465,0.0,0.22890465,0.057226162
45212,0.46115258,0.018743148,0.90356207,1.1466538,0.0,1.1466538,0.28666344
45215,0.09303951,0.019697383,0.16638164,0.10603941,0.0,0.10603941,0.026509853
45218,0.29325467,0.020085365,0.56642395,0.3981894,0.0,0.3981894,0.09954735
45220,0.14607045,0.020272909,0.271868,0.39722586,0.0,0.39722586,0.099306464
45223,0.14599943,0.021152368,0.2708465,0.17944746,0.0,0.17944746,0.044861864
45226,0.036476027,0.02197657,0.050975483,0.018520266,0.0,0.018520266,0.0046300665
45228,0.45815852,0.022632547,0.89368457,0.65275043,0.0,0.65275043,0.16318761
45231,0.040565345,0.022903228,0.05822746,0.021562574,0.0,0.021562574,0.0053906436
45233,0.58709043,0.023102084,1.1510788,1.4669536,0.0,1.4669536,0.3667384
45236,0.030187711,0.023467412,0.036908012,0.02970733,0.0,0.02970733,0.0074268323
45239,0.15996674,0.02415471,0.29577878,0.16755395,0.0,0.16755395,0.041888487
45241,0.096896164,0.024230162,0.16956216,0.10308804,0.0,0.10308804,0.02577201
45244,0.13059956,0.024336884,0.23686223,0.3868877,0.0,0.3868877,0.096721925
45246,0.16425322,0.024293363,0.30421308,0.16857149,0.0,0.16857149,0.04214287
45249,0.66636145,0.023810431,1.3089124,1.0342199,0.0,1.0342199,0.25855497
45252,0.4290906,0.024067847,0.8341133,0.5854936,0.0,0.5854936,0.1463734
45254,0.12520124,0.024173642,0.22622885,0.32249114,0.0,0.32249114,0.080622785
45257,0.49669933,0.023647508,0.9697512,0.7283266,0.0,0.7283266,0.18208165
45259,0.045799274,0.023856273,0.06774228,0.07786799,0.0,0.07786799,0.019466998
45262,0.45557657,0.02386106,0.8872921,1.150544,0.0,1.150544,0.287636
45265,0.025191113,0.022966428,0.027415803,0.020087587,0.0,0.020087587,0.0050218967
45267,0.28644222,0.02302652,0.5498579,0.38668022,0.0,0.38668022,0.096670054
45270,0.04216451,0.022292793,0.062036227,0.101492226,0.0,0.101492226,0.025373057
45273,0.11401377,0.02257221,0.20545535,0.11920155,0.0,0.11920155,0.029800387
45275,0.44416848,0.023757614,0.8645794,0.6492476,0.0,0.6492476,0.1623119
45278,0.055870105,0.0226574,0.089082815,0.13210602,0.0,0.13210602,0.033026505
45280,0.06430129,0.02230306,0.10629952,0.05885501,0.0,0.05885501,0.014713752
45283,0.07364739,0.022702614,0.12459216,0.07146391,0.0,0.07146391,0.017865978
45286,0.7760782,0.023806341,1.52835,1.2313318,0.0,1.2313318,0.30783296
45288,0.14850283,0.023684109,0.27332154,0.4030788,0.0,0.4030788,0.1007697
45291,0.100618035,0.023811953,0.17742412,0.10103289,0.0,0.10103289,0.025258223
45293,0.09649133,0.024593977,0.16838868,0.09574869,0.0,0.09574869,0.023937173
45296,0.5425937,0.0240123,1.0611751,1.3132366,0.0,1.3132366,0.32830915
45299,0.08597269,0.024895916,0.14704947,0.21217377,0.0,0.21217377,0.053043444
45301,0.328727,0.024386993,0.633067,0.883825,0.0,0.883825,0.22095625
45304,0.37199545,0.024804287,0.7191866,0.9544776,0.0,0.9544776,0.2386194
45306,0.22336183,0.023234988,0.42348865,0.28089723,0.0,0.28089723,0.07022431
45309,0.08517804,0.02355227,0.1468038,0.25592864,0.0,0.25592864,0.06398216
45312,0.030047193,0.023923265,0.036171123,0.024494842,0.0,0.024494842,0.0061237104
45314,0.04633948,0.023989925,0.068689026,0.07713813,0.0,0.07713813,0.019284533
45317,0.75014657,0.023781164,1.476512,1.8426094,0.0,1.8426094,0.46065235
45320,0.42199454,0.022503966,0.8214851,0.5891096,0.0,0.5891096,0.1472774
45322,0.5521484,0.022364175,1.0819327,0.8260884,0.0,0.8260884,0.2065221
45325,0.06613945,0.021313345,0.11096556,0.18596713,0.0,0.18596713,0.046491783
45327,0.058626946,0.020915478,0.09633841,0.12352594,0.0,0.12352594,0.030881485
45330,0.57376045,0.020213341,1.1273075,1.4114214,0.0,1.4114214,0.35285535
45333,0.34904706,0.020270748,0.67782336,0.51354426,0.0,0.51354426,0.12838607
45335,0.24686986,0.019086244,0.47465348,0.6466356,0.0,0.6466356,0.1616589
45338,0.27470323,0.019385329,0.53002113,0.3794321,0.0,0.3794321,0.09485803
45340,0.03849257,0.01963919,0.057345953,0.070001245,0.0,0.070001245,0.017500311
45343,0.09422975,0.018419726,0.17003977,0.25199583,0.0,0.25199583,0.06299896
45346,0.022961644,0.019367862,0.026555425,0.028268978,0.0,0.028268978,0.0070672445
45348,0.34099165,0.017434679,0.66454864,0.859281,0.0,0.859281,0.21482025
45351,0.30840775,0.018182196,0.5986333,0.78074056,0.0,0.78074056,0.19518514
45353,0.6749199,0.018543547,1.3312963,1.0725176,0.0,1.0725176,0.2681294
45356,0.07898435,0.017567502,0.1404012,0.084213294,0.0,0.084213294,0.021053324
45359,0.24658285,0.017170819,0.47599486,0.6200747,0.0,0.6200747,0.15501867
45361,0.9365251,0.016529528,1.8565207,1.5823003,0.0,1.5823003,0.39557508
45364,0.20413096,0.016557531,0.3917044,0.43534327,0.0,0.43534327,0.10883582
45367,0.59544176,0.0158671,1.1750164,1.0037518,0.0,1.0037518,0.25093794
45369,0.91600347,0.015354507,1.8166524,1.5770946,0.0,1.5770946,0.39427364
45372,0.2566422,0.014519145,0.49876523,0.4162706,0.0,0.4162706,0.10406765
45374,0.508292,0.013950114,1.0026339,1.1715403,0.0,1.1715403,0.29288507
45377,0.68982166,0.012678009,1.3669653,1.24273,0.0,1.24273,0.3106825
45380,0.06415834,0.011665166,0.11665153,0.14046347,0.0,0.14046347,0.035115868
45382,0.17880386,0.01067416,0.34693357,0.37641343,0.0,0.37641343,0.09410336
45385,0.6799559,0.00952887,1.3503829,1.4715486,0.0,1.4715486,0.36788714
45387,0.41152975,0.008604689,0.8144548,0.6839955,0.0,0.6839955,0.17099887
45390,0.032284822,0.007836275,0.056733366,0.060870532,0.0,0.060870532,0.015217633
45393,0.67087024,0.007314457,1.3344259,1.224811,0.0,1.224811,0.30620274
45395,0.026364466,0.00672147,0.046007458,0.030412473,0.0,0.030412473,0.007603118
45398,0.29011774,0.006070917,0.57416457,0.48904502,0.0,0.48904502,0.122261256
45400,0.024806462,0.005876089,0.043736834,0.05342649,0.0,0.05342649,0.013356622
45403,0.23120312,0.0054758866,0.45693037,0.39898598,0.0,0.39898598,0.099746495
45406,0.356218,0.0047612824,0.70767474,0.617713,0.0,0.617713,0.15442824
45408,0.38309935,0.0047628116,0.7614359,0.8605771,0.0,0.8605771,0.21514428
45411,0.023357803,0.004476907,0.0422387,0.030382672,0.0,0.030382672,0.007595668
45414,0.032594103,0.004177443,0.061010763,0.044935435,0.0,0.044935435,0.011233859
45416,0.025765926,0.004483403,0.04704845,0.049169164,0.0,0.049169164,0.012292291
45419,0.09956827,0.0043523926,0.19478415,0.22780712,0.0,0.22780712,0.05695178
45421,0.16333227,0.004435303,0.32222924,0.36730388,0.0,0.36730388,0.09182597
45424,0.05392645,0.004492834,0.103360064,0.12690182,0.0,0.12690182,0.031725455
45427,0.4926839,0.0047283336,0.98063946,0.9033392,0.0,0.9033392,0.2258348
45429,0.7119544,0.0049760165,1.4189329,1.5563842,0.0,1.5563842,0.38909605
45432,0.40096834,0.0049825576,0.79695415,0.69838095,0.0,0.69838095,0.17459524
45434,0.20279817,0.005013779,0.40058255,0.33880663,0.0,0.33880663,0.08470166
45437,0.0271884,0.004838681,0.04953812,0.05037917,0.0,0.05037917,0.012594792
45440,0.090832435,0.0048120036,0.17685287,0.21809582,0.0,0.21809582,0.054523956
45442,0.7251949,0.0048375446,1.4455522,1.5716511,0.0,1.5716511,0.39291278
45445,0.014231175,0.004913723,0.023548627,0.021921294,0.0,0.021921294,0.0054803235
45447,0.15270467,0.005062141,0.3003472,0.36717248,0.0,0.36717248,0.09179312
45450,0.06905109,0.0051785316,0.13292365,0.11172032,0.0,0.11172032,0.02793008
45453,0.36396968,0.005364813,0.72257453,0.82861835,0.0,0.82861835,0.20715459
45455,0.24989487,0.0056303632,0.49415937,0.58734727,0.0,0.58734727,0.14683682
45458,0.24496825,0.0056770556,0.48425946,0.5775779,0.0,0.5775779,0.14439447
45461,0.016965454,0.0060644313,0.027866475,0.031647522,0.0,0.031647522,0.0079118805
45463,0.29238537,0.0062640067,0.5785067,0.68157357,0.0,0.68157357,0.17039339
45466,0.059164703,0.006453391,0.11187601,0.13225216,0.0,0.13225216,0.03306304
45468,0.32588735,0.006696587,0.6450781,0.5318114,0.0,0.5318114,0.13295285
45471,0.123406924,0.007491898,0.23932195,0.31480724,0.0,0.31480724,0.07870181
45474,0.9604799,0.007765697,1.9131941,1.7036337,0.0,1.7036337,0.42590842
45476,0.19054683,0.007661767,0.3734319,0.46040097,0.0,0.46040097,0.11510024
45479,0.11834815,0.007834577,0.22886173,0.29445654,0.0,0.29445654,0.073614135
45481,0.17210822,0.007960081,0.33625636,0.26148245,0.0,0.26148245,0.06537061
45484,0.06346192,0.008462452,0.1184614,0.086185895,0.0,0.086185895,0.021546474
45487,0.04505369,0.009056058,0.08105132,0.099126875,0.0,0.099126875,0.024781719
45489,0.046485502,0.009415967,0.08355504,0.056058478,0.0,0.056058478,0.014014619
45492,0.1440235,0.009811388,0.27823558,0.19821298,0.0,0.19821298,0.049553245
45494,0.15894105,0.010171209,0.3077109,0.22268903,0.0,0.22268903,0.05567226
45497,0.28232077,0.0107932985,0.55384827,0.42176917,0.0,0.42176917,0.10544229
45500,0.06591669,0.01090653,0.12092685,0.1454045,0.0,0.1454045,0.036351126
45502,0.3576515,0.011322215,0.70398086,0.55446786,0.0,0.55446786,0.13861696
45505,0.28651568,0.01202443,0.56100696,0.42262658,0.0,0.42262658,0.105656646
45508,0.03924258,0.012446206,0.06603896,0.037318636,0.0,0.037318636,0.009329659
45510,0.041175783,0.012893838,0.06945773,0.040730204,0.0,0.040730204,0.010182551
45513,0.3563576,0.012879387,0.69983584,0.8650009,0.0,0.8650009,0.21625023
45515,0.049486514,0.012880038,0.086092986,0.11865103,0.0,0.11865103,0.029662758
45518,0.0802567,0.013034369,0.14747903,0.09832958,0.0,0.09832958,0.024582395
45521,0.13095799,0.012994446,0.24892153,0.34307733,0.0,0.34307733,0.08576933
45523,0.158224,0.012882501,0.3035655,0.38751802,0.0,0.38751802,0.096879505
45526,0.6338694,0.012644167,1.2550946,1.0307286,0.0,1.0307286,0.25768214
45528,0.082057096,0.012501563,0.15161264,0.20781647,0.0,0.20781647,0.051954117
45531,0.25056034,0.012165894,0.48895478,0.38976994,0.0,0.38976994,0.097442485
45534,0.07844758,0.011742254,0.14515291,0.104817115,0.0,0.104817115,0.026204279
45536,0.22648142,0.011460643,0.44150218,0.34358856,0.0,0.34358856,0.08589714
45539,0.1410894,0.010924046,0.27125475,0.3106356,0.0,0.3106356,0.0776589
45542,0.19971539,0.010770365,0.38866043,0.49252924,0.0,0.49252924,0.12313231
45544,0.06272591,0.010454237,0.11499759,0.14264269,0.0,0.14264269,0.035660673
45547,0.07610798,0.010168378,0.14204757,0.09530603,0.0,0.09530603,0.023826508
45549,0.017613864,0.00976454,0.025463188,0.037503216,0.0,0.037503216,0.009375804
45552,0.06082051,0.009107118,0.112533905,0.16128905,0.0,0.16128905,0.040322263
45555,0.6829231,0.008855073,1.3569912,1.1738611,0.0,1.1738611,0.2934653
45557,0.4061977,0.008545066,0.80385035,0.9386155,0.0,0.9386155,0.23465388
45560,0.37884974,0.0081839785,0.74951553,0.6210286,0.0,0.6210286,0.15525715
45562,0.088041216,0.007926014,0.16815643,0.19176368,0.0,0.19176368,0.04794092
45565,0.41413403,0.0076881945,0.8205798,0.95783263,0.0,0.95783263,0.23945816
45568,0.28051713,0.0072117173,0.5538225,0.6597333,0.0,0.6597333,0.16493332
45570,0.2970049,0.007292751,0.58671707,0.65148634,0.0,0.65148634,0.16287158
45573,0.44107577,0.0070308656,0.87512064,0.7708884,0.0,0.7708884,0.1927221
45575,0.16273527,0.0067962646,0.3186743,0.27141505,0.0,0.27141505,0.06785376
45578,0.23084868,0.0064472393,0.45525014,0.40218362,0.0,0.40218362,0.100545906
45581,0.18661928,0.005973981,0.3672646,0.40907028,0.0,0.40907028,0.10226757
45583,0.026891837,0.0055816243,0.048202053,0.056718823,0.0,0.056718823,0.014179706
45586,0.46737087,0.004980123,0.92976165,0.85356826,0.0,0.85356826,0.21339206
45589,0.014225695,0.0049130493,0.023538342,0.02183064,0.0,0.02183064,0.00545766
45591,0.1459779,0.004562505,0.2873933,0.23977296,0.0,0.23977296,0.05994324
45594,0.17921264,0.0043543186,0.354071,0.40590653,0.0,0.40590653,0.10147663
45596,0.04512513,0.004082734,0.08616754,0.068901874,0.0,0.068901874,0.017225469
45599,0.086479515,0.0039819675,0.16897707,0.14823875,0.0,0.14823875,0.037059687
45602,0.106405415,0.0037909828,0.20901985,0.1831327,0.0,0.1831327,0.045783173
45604,0.042409778,0.0037581094,0.081061445,0.08358576,0.0,0.08358576,0.02089644
45607,0.37676188,0.0036974878,0.74982625,0.8393333,0.0,0.8393333,0.20983332
45609,0.087286316,0.0034599237,0.1711127,0.1329729,0.0,0.1329729,0.033243224
45612,0.03294113,0.0033357118,0.062546544,0.06941525,0.0,0.06941525,0.017353812
45615,0.02288231,0.0032825086,0.04248211,0.047590565,0.0,0.047590565,0.011897641
45617,0.24810581,0.0032583035,0.4929533,0.56489563,0.0,0.56489563,0.14122391
45620,0.17199709,0.0031525802,0.34084162,0.39143458,0.0,0.39143458,0.097858645
45622,0.088478215,0.0033815075,0.17357492,0.21286178,0.0,0.21286178,0.053215444
45625,0.047167793,0.003731976,0.09060361,0.11325695,0.0,0.11325695,0.028314238
45628,0.15174456,0.00442774,0.2990614,0.25799662,0.0,0.25799662,0.064499155
45630,0.09629681,0.0044471375,0.18814647,0.22052862,0.0,0.22052862,0.055132154
45633,0.06794838,0.005269705,0.13062705,0.10525012,0.0,0.10525012,0.02631253
45636,0.053294852,0.005688301,0.1009014,0.124414034,0.0,0.124414034,0.031103509
45638,0.5381879,0.0056740833,1.0707018,1.1850406,0.0,1.1850406,0.29626015
45641,0.092684574,0.005328033,0.18004112,0.20544083,0.0,0.20544083,0.05136021
45643,0.08468477,0.005463173,0.16390635,0.20227826,0.0,0.20227826,0.050569564
45646,0.024791932,0.00537895,0.04420491,0.052116986,0.0,0.052116986,0.013029247
45649,0.6112878,0.005032931,1.2175426,1.3280381,0.0,1.3280381,0.33200952
45651,0.25792515,0.005249277,0.51060104,0.5837923,0.0,0.5837923,0.14594808
45654,0.14539318,0.004993746,0.28579262,0.33994755,0.0,0.33994755,0.08498689
45656,0.43115887,0.0047285683,0.8575892,0.96106714,0.0,0.96106714,0.24026679
45659,0.05751003,0.0047655664,0.11025449,0.08516299,0.0,0.08516299,0.021290747
45662,0.7703654,0.0044634133,1.5362674,1.39435,0.0,1.39435,0.3485875
45664,0.014242555,0.0044355853,0.024049526,0.026687862,0.0,0.026687862,0.0066719656
45667,0.10389679,0.0042658867,0.20352769,0.24864684,0.0,0.24864684,0.06216171
45669,0.2015905,0.0043706964,0.3988103,0.34832576,0.0,0.34832576,0.08708144
45672,0.011209401,0.0041696024,0.018249199,0.018678203,0.0,0.018678203,0.004669551
45675,0.1018877,0.004173572,0.19960183,0.16859937,0.0,0.16859937,0.04214984
45677,0.20488723,0.004145141,0.4056293,0.44590974,0.0,0.44590974,0.111477435
45680,0.031475373,0.004061356,0.05888939,0.07456802,0.0,0.07456802,0.018642005
45683,0.03911153,0.0040608705,0.074162185,0.05838279,0.0,0.05838279,0.014595698
45685,0.25530097,0.0038758626,0.5067261,0.44932213,0.0,0.44932213,0.11233053
45688,0.043805238,0.0037704632,0.08384001,0.10101724,0.0,0.10101724,0.02525431
45690,0.059117753,0.003598693,0.114636816,0.1281553,0.0,0.1281553,0.032038826
45693,0.15400048,0.003326521,0.30467442,0.33184645,0.0,0.33184645,0.08296161
45696,0.20621769,0.0033336598,0.40910172,0.4495635,0.0,0.4495635,0.112390876
45698,0.067506626,0.0032314078,0.13178185,0.111248195,0.0,0.111248195,0.027812049
45701,0.037399348,0.0030545334,0.07174417,0.089332245,0.0,0.089332245,0.022333061
45703,0.67722553,0.003093167,1.3513578,1.4566064,0.0,1.4566064,0.3641516
45706,0.8517113,0.0030498123,1.7003727,1.5806397,0.0,1.5806397,0.39515993
45709,0.20029086,0.003078485,0.39750323,0.43320957,0.0,0.43320957,0.10830239
45711,0.41886878,0.0032264404,0.8345111,0.9185242,0.0,0.9185242,0.22963105
45714,0.1364808,0.0033219047,0.2696397,0.2366103,0.0,0.2366103,0.059152573
45716,0.018901205,0.003266848,0.03453556,0.044155706,0.0,0.044155706,0.011038926
45719,0.039413203,0.0033213373,0.07550507,0.08049805,0.0,0.08049805,0.020124512
45722,0.17378934,0.0032827463,0.34429595,0.29966065,0.0,0.29966065,0.07491516
45724,0.21452518,0.0031433709,0.425907,0.37926626,0.0,0.37926626,0.094816566
45727,0.102998696,0.0031078265,0.20288956,0.23074026,0.0,0.23074026,0.057685066
45730,0.18441503,0.003289948,0.36554012,0.42286038,0.0,0.42286038,0.105715096
45732,0.032329198,0.0033742627,0.061284136,0.06372162,0.0,0.06372162,0.015930405
45735,0.10800467,0.0034999046,0.21250944,0.19902699,0.0,0.19902699,0.049756747
45737,0.43591812,0.0035140875,0.8683222,0.78971547,0.0,0.78971547,0.19742887
45740,0.25582182,0.0036585287,0.5079851,0.5795232,0.0,0.5795232,0.1448808
45743,0.03143884,0.003486949,0.059390727,0.06264026,0.0,0.06264026,0.015660064
45745,0.6293551,0.0037100874,1.255,1.3713421,0.0,1.3713421,0.34283552
45748,0.6922285,0.0038315991,1.3806254,1.258238,0.0,1.258238,0.3145595
45750,0.4117392,0.0037543254,0.8197241,0.7365179,0.0,0.7365179,0.18412948
45753,0.2689121,0.0034062557,0.5344179,0.4598805,0.0,0.4598805,0.114970125
45756,0.07954698,0.003283998,0.15580995,0.19554861,0.0,0.19554861,0.048887152
45758,0.036280904,0.0031555563,0.069406256,0.06936475,0.0,0.06936475,0.017341187
45761,0.21544345,0.0031286264,0.4277583,0.3682364,0.0,0.3682364,0.0920591
45763,0.03558925,0.0032100126,0.06796849,0.076717295,0.0,0.076717295,0.019179324
45766,0.41322935,0.0035072204,0.8229515,0.9056006,0.0,0.9056006,0.22640015
45769,0.39418754,0.0036592819,0.78471583,0.8645176,0.0,0.8645176,0.2161294
45771,0.011011079,0.004158911,0.017863248,0.021243056,0.0,0.021243056,0.005310764
45774,0.109272234,0.0042720367,0.21427242,0.2505348,0.0,0.2505348,0.0626337
45777,0.096213795,0.004639515,0.18778808,0.15560776,0.0,0.15560776,0.03890194
45779,0.01938046,0.0043916553,0.034369264,0.04286028,0.0,0.04286028,0.01071507
45782,0.7400374,0.0041472246,1.4759275,1.3454943,0.0,1.3454943,0.33637357
45784,0.121042944,0.003996444,0.23808944,0.27250195,0.0,0.27250195,0.06812549
45787,0.5987757,0.004028632,1.1935227,1.2996539,0.0,1.2996539,0.32491347
45790,0.5715035,0.0041280957,1.138879,1.2595001,0.0,1.2595001,0.31487504
45792,0.35200253,0.004108763,0.69989634,0.6087148,0.0,0.6087148,0.1521787
45795,0.6110289,0.003961357,1.2180965,1.112245,0.0,1.112245,0.27806124
45797,0.11031953,0.0036936253,0.21694545,0.18347318,0.0,0.18347318,0.045868296
45800,0.69863385,0.0035746975,1.393693,1.2753862,0.0,1.2753862,0.31884655
45803,0.0590054,0.0033230882,0.11468771,0.13531743,0.0,0.13531743,0.033829357
45805,0.41534197,0.0032368123,0.8274471,0.7528643,0.0,0.7528643,0.18821608
45808,0.29042146,0.0031896047,0.57765335,0.51015437,0.0,0.51015437,0.12753859
45810,0.71775484,0.003295828,1.4322138,1.3249985,0.0,1.3249985,0.33124962
45813,0.18135864,0.0033125486,0.3594047,0.3058507,0.0,0.3058507,0.07646268
45816,0.058356743,0.003081158,0.11363232,0.13418558,0.0,0.13418558,0.033546396
45818,0.42500624,0.0029572323,0.8470552,0.76912403,0.0,0.76912403,0.19228101
45821,0.22036451,0.002844692,0.43788433,0.40094933,0.0,0.40094933,0.10023733
45824,0.7931397,0.0028685767,1.5834107,1.4805012,0.0,1.4805012,0.3701253
45826,0.3154272,0.0029158432,0.62793857,0.5687024,0.0,0.5687024,0.1421756
45829,0.041114897,0.00252865,0.07970115,0.06792935,0.0,0.06792935,0.016982337
45831,0.16921811,0.0024883235,0.33594787,0.36949325,0.0,0.36949325,0.09237331
45834,0.23103124,0.0023064015,0.4597561,0.41928825,0.0,0.41928825,0.10482206
45837,0.7475033,0.002100287,1.4929062,1.5857812,0.0,1.5857812,0.3964453
45839,0.032583524,0.0020529937,0.063114055,0.052618463,0.0,0.052618463,0.013154616
45842,0.7990446,0.0019097276,1.5961795,1.5028063,0.0,1.5028063,0.37570158
45844,0.22905608,0.0019459097,0.45616627,0.41276392,0.0,0.41276392,0.10319098
45847,0.3926477,0.002138867,0.7831566,0.8471516,0.0,0.8471516,0.2117879
45850,0.4092231,0.0020951559,0.8163511,0.75388193,0.0,0.75388193,0.18847048
45852,0.035052788,0.0023573262,0.06774825,0.07816254,0.0,0.07816254,0.019540636
45855,0.62276435,0.002170902,1.2433578,1.2974385,0.0,1.2974385,0.32435963
45857,0.04386421,0.0020037903,0.08572463,0.09917977,0.0,0.09917977,0.024794942
45860,0.026055431,0.0019384451,0.050172415,0.053206217,0.0,0.053206217,0.013301554
45863,0.12311819,0.0018413626,0.24439502,0.26510638,0.0,0.26510638,0.066276595
45865,0.11225149,0.001765364,0.22273761,0.24318707,0.0,0.24318707,0.060796767
45868,0.30352032,0.0016059917,0.60543466,0.5655177,0.0,0.5655177,0.14137943
45871,0.259937,0.0015357068,0.51833826,0.5482157,0.0,0.5482157,0.13705392
45873,0.034559395,0.0014145492,0.06770424,0.06392651,0.0,0.06392651,0.015981628
45876,0.03663889,0.0013077953,0.071969986,0.06686154,0.0,0.06686154,0.016715385
45878,0.32653293,0.0012982643,0.6517676,0.60720485,0.0,0.60720485,0.15180121
45881,0.29841092,0.0013623371,0.5954595,0.5506856,0.0,0.5506856,0.1376714
45884,0.022235073,0.00138862,0.043081526,0.043860197,0.0,0.043860197,0.010965049
45886,0.14499156,0.001386546,0.28859657,0.25742838,0.0,0.25742838,0.064357094
45889,0.032931708,0.0012818124,0.0645816,0.061507493,0.0,0.061507493,0.015376873
45891,0.27602598,0.001248506,0.5508034,0.5072139,0.0,0.5072139,0.12680347
45894,0.1076838,0.0012702056,0.21409738,0.187105,0.0,0.187105,0.04677625
45897,0.01926107,0.0013583163,0.037163824,0.034679975,0.0,0.034679975,0.008669994
45899,0.5095359,0.0013656724,1.0177062,0.95913666,0.0,0.95913666,0.23978417
45902,0.19647954,0.0014551426,0.39150393,0.4278911,0.0,0.4278911,0.10697278
45904,0.08543092,0.0014953573,0.16936648,0.14662704,0.0,0.14662704,0.03665676
45907,0.14761382,0.0015897726,0.29363787,0.32360747,0.0,0.32360747,0.08090187
45910,0.06285957,0.0016594542,0.1240597,0.14285159,0.0,0.14285159,0.035712898
45912,0.27878898,0.0017050271,0.555873,0.50993395,0.0,0.50993395,0.12748349
45915,0.16681786,0.0017870093,0.3318487,0.3012387,0.0,0.3012387,0.07530967
45918,0.06836826,0.0019395374,0.13479699,0.11570487,0.0,0.11570487,0.028926218
45920,0.11707952,0.0018625805,0.23229645,0.25878155,0.0,0.25878155,0.06469539
45923,0.3804847,0.0018773424,0.7590921,0.70579386,0.0,0.70579386,0.17644846
45925,0.16902918,0.0019596845,0.33609867,0.30359474,0.0,0.30359474,0.075898685
45928,0.09858092,0.0019892335,0.19517261,0.17039317,0.0,0.17039317,0.042598292
45931,0.09087944,0.0018911067,0.17986776,0.16200249,0.0,0.16200249,0.040500622
45933,0.08510211,0.001745088,0.16845913,0.14829074,0.0,0.14829074,0.037072685
45936,0.019082276,0.0015981056,0.036566447,0.029496968,0.0,0.029496968,0.007374242
45938,0.11055383,0.0015167388,0.21959092,0.24093497,0.0,0.24093497,0.060233742
45941,0.06756073,0.0014612526,0.13366021,0.15034097,0.0,0.15034097,0.037585244
45944,0.091892354,0.0015653666,0.18221934,0.20302992,0.0,0.20302992,0.05075748
45946,0.58122873,0.001525527,1.160932,1.2293983,0.0,1.2293983,0.30734956
45949,0.070138134,0.0015032468,0.13877301,0.14979552,0.0,0.14979552,0.03744888
45951,0.26305744,0.0014910033,0.5246239,0.48938537,0.0,0.48938537,0.12234634
45954,0.026022641,0.0013951989,0.05065008,0.043757003,0.0,0.043757003,0.010939251
45957,0.1984729,0.001381396,0.3955644,0.36710143,0.0,0.36710143,0.09177536
45959,0.15443876,0.0013399828,0.30753753,0.32276976,0.0,0.32276976,0.08069244
45962,0.29969263,0.001251689,0.59813356,0.5578305,0.0,0.5578305,0.13945763
45965,0.041126717,0.0011885875,0.08106485,0.07066193,0.0,0.07066193,0.017665483
45967,0.20010132,0.0011623459,0.3990403,0.41868845,0.0,0.41868845,0.10467211
45970,0.23455644,0.001135423,0.46797743,0.49073815,0.0,0.49073815,0.12268454
45972,0.040158074,0.0010619765,0.07925417,0.06855564,0.0,0.06855564,0.01713891
45975,0.14354779,0.00096511346,0.28613046,0.26891387,0.0,0.26891387,0.067228466
45978,0.12258295,0.0009295731,0.24423634,0.23251222,0.0,0.23251222,0.058128055
45980,0.08922174,0.0009419078,0.17750156,0.18734877,0.0,0.18734877,0.046837192
45983,0.21103859,0.0008479065,0.42122927,0.40280738,0.0,0.40280738,0.100701846
45985,0.048631165,0.000838466,0.096423864,0.09994876,0.0,0.09994876,0.02498719
45988,0.13075516,0.000753053,0.26075727,0.27680784,0.0,0.27680784,0.06920196
45991,0.10529456,0.0007453849,0.20984375,0.22068012,0.0,0.22068012,0.05517003
45993,0.6122275,0.0007612871,1.2236937,1.258289,0.0,1.258289,0.31457224
45996,0.044981897,0.0007156073,0.08924819,0.08679422,0.0,0.08679422,0.021698555
45998,0.34478137,0.0007130972,0.6888496,0.71662444,0.0,0.71662444,0.17915611
46001,0.62682456,0.00071401865,1.252935,1.2136946,0.0,1.2136946,0.30342364
46004,0.025617367,0.0007036713,0.05053106,0.053101737,0.0,0.053101737,0.013275434
46006,0.0975597,0.0006793598,0.19444005,0.1761447,0.0,0.1761447,0.044036176
46009,0.11093225,0.000746679,0.22111781,0.24060367,0.0,0.24060367,0.060150918
46012,0.4828988,0.0007234458,0.9650741,0.99939275,0.0,0.99939275,0.24984819
46014,0.23692758,0.00077747833,0.47307768,0.5022099,0.0,0.5022099,0.12555248
46017,0.02020795,0.0008296528,0.03958625,0.040335443,0.0,0.040335443,0.010083861
46019,0.14879997,0.00071975106,0.29688022,0.30212167,0.0,0.30212167,0.07553042
46022,0.06096862,0.00072866137,0.12120858,0.11569363,0.0,0.11569363,0.028923407
46025,0.16330455,0.0006150825,0.325994,0.3438528,0.0,0.3438528,0.0859632
46027,0.21166135,0.00059172895,0.422731,0.40227714,0.0,0.40227714,0.100569285
46030,0.28386557,0.00072034606,0.5670108,0.58972967,0.0,0.58972967,0.14743242
46032,0.31083658,0.0006037553,0.62106943,0.59571534,0.0,0.59571534,0.14892884
46035,0.05223356,0.0007298614,0.10373726,0.09836566,0.0,0.09836566,0.024591414
46038,0.23295628,0.00075240695,0.46516013,0.44631633,0.0,0.44631633,0.11157908
46040,0.22042923,0.000751818,0.44010663,0.45725903,0.0,0.45725903,0.11431476
46043,0.3344721,0.00080101675,0.6681432,0.6461846,0.0,0.6461846,0.16154616
46046,1.0235249,0.0007522509,2.0462973,1.9969724,0.0,1.9969724,0.4992431
46048,0.12470775,0.0007546798,0.24866082,0.26082027,0.0,0.26082027,0.06520507
46051,0.23255564,0.0007463992,0.4643649,0.48266497,0.0,0.48266497,0.12066624
46053,0.23330726,0.00072701246,0.46588752,0.44352183,0.0,0.44352183,0.11088046
46056,0.6021816,0.00077788887,1.2035853,1.2302957,0.0,1.2302957,0.3075739
46059,0.037221022,0.00079247146,0.07364957,0.06755414,0.0,0.06755414,0.016888535
46061,0.08658537,0.00074595655,0.1724248,0.1836377,0.0,0.1836377,0.045909423
46064,0.010173702,0.00068618107,0.019661224,0.017195107,0.0,0.017195107,0.004298777
46066,0.11831237,0.00071591465,0.23590882,0.22173364,0.0,0.22173364,0.05543341
46069,0.028328173,0.0007192522,0.055937093,0.04993068,0.0,0.04993068,0.01248267
46072,0.02804599,0.00070225913,0.05538972,0.049829394,0.0,0.049829394,0.012457348
46074,0.2970677,0.00071494764,0.59342045,0.5659583,0.0,0.5659583,0.14148958
46077,0.17008187,0.0006986685,0.33946505,0.31938493,0.0,0.31938493,0.07984623
46079,0.02467504,0.0007383253,0.04861175,0.05199774,0.0,0.05199774,0.012999435
46082,0.5946747,0.00078099576,1.1885685,1.231017,0.0,1.231017,0.30775425
46085,0.008264869,0.0008044859,0.015725253,0.016939491,0.0,0.016939491,0.0042348728
46087,0.025996355,0.00085505255,0.051137656,0.04878244,0.0,0.04878244,0.01219561
46090,0.023279348,0.00079726474,0.045761432,0.04169464,0.0,0.04169464,0.01042366
46093,0.11016256,0.000862951,0.21946217,0.20768844,0.0,0.20768844,0.05192211
46095,0.47722337,0.0008984616,0.95354825,0.91117185,0.0,0.91117185,0.22779296
46098,0.9845304,0.0008597835,1.968201,1.9108547,0.0,1.9108547,0.47771367
46100,0.19022274,0.0008192809,0.37962618,0.35307977,0.0,0.35307977,0.08826994
46103,0.23903845,0.0007779957,0.4772989,0.44852042,0.0,0.44852042,0.112130105
46106,0.09642053,0.0008150093,0.19202603,0.21037136,0.0,0.21037136,0.05259284
46108,0.036626328,0.0007979606,0.0724547,0.067821525,0.0,0.067821525,0.016955381
46111,0.4216077,0.0008029595,0.8424124,0.8827801,0.0,0.8827801,0.22069502
46113,0.09417551,0.000761933,0.1875891,0.20307995,0.0,0.20307995,0.05076999
46116,0.119045265,0.0008000254,0.2372905,0.21640305,0.0,0.21640305,0.054100763
46119,0.19388145,0.00074000424,0.38702288,0.41358867,0.0,0.41358867,0.10339717
46121,0.15857391,0.00069015595,0.31645766,0.33881417,0.0,0.33881417,0.08470354
46124,0.027139755,0.0007164441,0.05356307,0.046885256,0.0,0.046885256,0.011721314
46126,0.050856028,0.00072098296,0.10099107,0.10631899,0.0,0.10631899,0.026579747
46129,0.085235894,0.0006711197,0.16980065,0.18603015,0.0,0.18603015,0.046507537
46132,0.7666885,0.0006712654,1.5327058,1.4806904,0.0,1.4806904,0.3701726
46134,0.04477042,0.00065054226,0.08889029,0.08089923,0.0,0.08089923,0.020224808
46137,0.09932349,0.000659985,0.197987,0.2125206,0.0,0.2125206,0.05313015
46140,0.12497791,0.00060787046,0.24934794,0.23229663,0.0,0.23229663,0.058074158
46142,0.4556463,0.0005697314,0.9107229,0.94885844,0.0,0.94885844,0.23721461
46145,0.028096734,0.0005703946,0.05562307,0.050369978,0.0,0.050369978,0.0125924945
46147,0.65199184,0.00055200077,1.3034316,1.3452762,0.0,1.3452762,0.33631906
46150,0.04682861,0.0005451227,0.09311209,0.08792526,0.0,0.08792526,0.021981316
46153,0.02730076,0.00053086015,0.054070663,0.050333604,0.0,0.050333604,0.012583401
46155,0.48852158,0.0005510506,0.9764921,1.0090961,0.0,1.0090961,0.25227404
46158,0.51642746,0.00055693585,1.032298,1.0676391,0.0,1.0676391,0.26690978
46160,0.14057788,0.00052819884,0.28062758,0.29823074,0.0,0.29823074,0.074557684
46163,0.21614873,0.0005921446,0.43170533,0.45375857,0.0,0.45375857,0.11343964
46166,0.25148797,0.0005982148,0.5023777,0.47572455,0.0,0.47572455,0.11893114
46168,0.63487846,0.00065135217,1.2691056,1.3103529,0.0,1.3103529,0.32758823
46171,0.13227893,0.00063553435,0.26392236,0.2840943,0.0,0.2840943,0.071023576
46173,0.086440615,0.0006568064,0.17222442,0.18967398,0.0,0.18967398,0.047418494
46176,0.359821,0.00067675434,0.71896523,0.68794113,0.0,0.68794113,0.17198528
46179,0.10098506,0.000690067,0.20128006,0.1817411,0.0,0.1817411,0.045435276
46181,0.019508766,0.000745791,0.03827174,0.035541672,0.0,0.035541672,0.008885418
46184,0.04564743,0.0007084776,0.09058639,0.086514235,0.0,0.086514235,0.021628559
46187,0.027274862,0.00073113345,0.053818587,0.055944216,0.0,0.055944216,0.013986054
46189,0.49988058,0.0007206931,0.99904054,1.0409015,0.0,1.0409015,0.2602254
46192,0.8460558,0.0007085535,1.691403,1.7461036,0.0,1.7461036,0.4365259
46194,0.10354669,0.00079538696,0.206298,0.22720723,0.0,0.22720723,0.056801807
46197,0.11275653,0.0008655326,0.22464752,0.24833775,0.0,0.24833775,0.062084436
46200,0.36735132,0.00092081184,0.7337819,0.6915736,0.0,0.6915736,0.1728934
46202,0.2134097,0.0009467793,0.42587265,0.3939159,0.0,0.3939159,0.09847897
46205,0.4742216,0.00088872324,0.9475544,0.89995795,0.0,0.89995795,0.22498949
46207,0.03949993,0.00093147485,0.07806838,0.07349537,0.0,0.07349537,0.018373843
46210,0.036266018,0.00093837484,0.071593665,0.07736997,0.0,0.07736997,0.019342493
46213,0.5355987,0.0010310761,1.0701662,1.1270853,0.0,1.1270853,0.28177133
46215,0.09602887,0.0011473722,0.19091038,0.21612366,0.0,0.21612366,0.054030914
46218,0.0786343,0.0012073759,0.15606123,0.1786552,0.0,0.1786552,0.0446638
46220,0.555967,0.0012497365,1.1106843,1.1751595,0.0,1.1751595,0.29378986
46223,0.33112577,0.0012756136,0.66097593,0.6103397,0.0,0.6103397,0.15258493
46226,0.34412265,0.0012904672,0.6869548,0.7385893,0.0,0.7385893,0.18464732
46228,0.040105354,0.001335176,0.078875534,0.07476539,0.0,0.07476539,0.018691348
46231,0.06370375,0.0014047952,0.12600271,0.13027376,0.0,0.13027376,0.03256844
46234,0.21507855,0.0014035217,0.42875358,0.47022542,0.0,0.47022542,0.117556356
46236,0.0119901365,0.0013810365,0.022599235,0.023610612,0.0,0.023610612,0.005902653
46239,0.5690184,0.001340732,1.1366962,1.2049389,0.0,1.2049389,0.30123472
46241,0.26318088,0.0013053333,0.5250564,0.5683131,0.0,0.5683131,0.14207828
46244,0.020635286,0.0012884004,0.039982174,0.048531387,0.0,0.048531387,0.012132847
46247,0.88896346,0.0012496955,1.7766773,1.856182,0.0,1.856182,0.4640455
46249,0.25242308,0.0012175044,0.5036287,0.46641693,0.0,0.46641693,0.11660423
46252,0.030901743,0.0011930094,0.060610473,0.069130816,0.0,0.069130816,0.017282704
46254,0.3452654,0.0011595427,0.6893713,0.64362365,0.0,0.64362365,0.16090591
46257,0.29631808,0.0011398662,0.5914963,0.5563075,0.0,0.5563075,0.13907687
46260,0.04117306,0.0011191126,0.081227005,0.071369134,0.0,0.071369134,0.017842283
46262,0.17645998,0.0010996731,0.35182032,0.3680992,0.0,0.3680992,0.0920248
46265,0.4839667,0.0010455946,0.9668878,1.0107428,0.0,1.0107428,0.2526857
46267,0.33015853,0.0010213341,0.65929574,0.6976549,0.0,0.6976549,0.17441373
46270,0.2748759,0.0009918362,0.54876,0.51754767,0.0,0.51754767,0.12938692
46273,0.25315675,0.0009846181,0.5053289,0.54200274,0.0,0.54200274,0.13550068
46275,0.19813192,0.0009941439,0.39526972,0.37219855,0.0,0.37219855,0.09304964
46278,0.11131736,0.0009746202,0.22166009,0.20126437,0.0,0.20126437,0.05031609
46281,0.08208628,0.0009770882,0.16319548,0.17741573,0.0,0.17741573,0.044353932
46283,0.53094554,0.000988477,1.0609026,1.0115056,0.0,1.0115056,0.2528764
46286,0.023927763,0.0010339762,0.04682155,0.0504197,0.0,0.0504197,0.012604925
46288,0.4625411,0.0010570592,0.9240251,0.8860674,0.0,0.8860674,0.22151685
46291,0.66233206,0.0011038155,1.3235604,1.269864,0.0,1.269864,0.317466
46294,0.43156028,0.0011559256,0.86196464,0.904545,0.0,0.904545,0.22613625
46296,0.01596044,0.001278474,0.030642405,0.032213226,0.0,0.032213226,0.0080533065
46299,0.09871796,0.0013173129,0.1961186,0.22335859,0.0,0.22335859,0.055839647
46301,0.2730197,0.001363498,0.5446759,0.5902011,0.0,0.5902011,0.14755027
46304,0.11485997,0.0013946152,0.22832532,0.19803219,0.0,0.19803219,0.049508046
46307,0.16051672,0.001422634,0.3196108,0.30841935,0.0,0.30841935,0.07710484
46309,0.06921228,0.001448949,0.13697562,0.1375855,0.0,0.1375855,0.034396376
46312,0.06579762,0.0015245955,0.13007064,0.11786997,0.0,0.11786997,0.029467493
46314,0.2528763,0.0016795303,0.5040731,0.45503032,0.0,0.45503032,0.11375758
46317,0.8020055,0.0019243942,1.6020867,1.6706266,0.0,1.6706266,0.41765666
46320,0.042496253,0.0019009976,0.083091505,0.08741161,0.0,0.08741161,0.021852903
46322,0.17846829,0.0018129767,0.3551236,0.31000856,0.0,0.31000856,0.07750214
46325,0.08051675,0.0020129187,0.15902057,0.19150655,0.0,0.19150655,0.047876637
46328,0.4423629,0.0020698311,0.8826559,0.8114639,0.0,0.8114639,0.20286597
46330,0.05855401,0.0020595975,0.115048416,0.102428295,0.0,0.102428295,0.025607074
46333,0.034644257,0.0019270018,0.06736151,0.07160639,0.0,0.07160639,0.017901598
46335,0.011582515,0.002004098,0.021160932,0.021826154,0.0,0.021826154,0.0054565384
46338,0.6535573,0.0020512089,1.3050634,1.395739,0.0,1.395739,0.34893474
46341,0.43689573,0.0022747247,0.8715167,0.7966451,0.0,0.7966451,0.19916128
46343,0.038392585,0.002477683,0.074307494,0.0653569,0.0,0.0653569,0.016339226
46346,0.1518617,0.0028634754,0.30085993,0.34694386,0.0,0.34694386,0.086735964
46348,0.1875609,0.0028357774,0.372286,0.32692227,0.0,0.32692227,0.08173057
46351,0.07532062,0.0027465494,0.14789468,0.17396973,0.0,0.17396973,0.043492433
46354,0.10167495,0.0025172245,0.20083268,0.17178535,0.0,0.17178535,0.04294634
46356,0.83476543,0.0025643941,1.6669664,1.7835783,0.0,1.7835783,0.44589457
46359,0.3238366,0.002577806,0.6450954,0.72135466,0.0,0.72135466,0.18033867
46361,0.2433725,0.0026365463,0.48410845,0.43017337,0.0,0.43017337,0.10754334
46364,0.46749052,0.0025363157,0.93244475,0.85470134,0.0,0.85470134,0.21367534
46367,0.13465159,0.0025197659,0.2667834,0.22397013,0.0,0.22397013,0.055992533
46369,0.44977072,0.0025857606,0.8969557,0.8173511,0.0,0.8173511,0.20433778
46372,0.1382278,0.0025809964,0.2738746,0.32048377,0.0,0.32048377,0.08012094
46375,0.098471165,0.0026990268,0.19424331,0.15840907,0.0,0.15840907,0.03960227
46377,0.15179472,0.0028064568,0.30078295,0.2702506,0.0,0.2702506,0.06756265
46380,0.081619345,0.0028623443,0.16037636,0.1865291,0.0,0.1865291,0.046632275
46382,0.3811537,0.002910208,0.7593972,0.67789394,0.0,0.67789394,0.16947348
46385,0.07929426,0.002758433,0.15583009,0.18080626,0.0,0.18080626,0.045201566
46388,0.07860822,0.0026532647,0.15456319,0.17935999,0.0,0.17935999,0.044839997
46390,0.059447393,0.0027385994,0.11615619,0.13741459,0.0,0.13741459,0.034353647
46393,0.39733317,0.0028023748,0.791864,0.7154562,0.0,0.7154562,0.17886405
46395,0.06995669,0.0026325758,0.1372808,0.16301246,0.0,0.16301246,0.040753115
46398,0.08759516,0.0024896644,0.17270064,0.1483929,0.0,0.1483929,0.037098225
46401,0.30861807,0.0023774116,0.6148587,0.56349826,0.0,0.56349826,0.14087456
46403,0.76797646,0.0023117124,1.5336412,1.4416122,0.0,1.4416122,0.36040306
46406,0.47411442,0.0021120887,0.94611675,1.0209453,0.0,1.0209453,0.25523633
46408,0.021294959,0.0020066358,0.040583283,0.048012894,0.0,0.048012894,0.012003223
46411,0.6978267,0.0019576738,1.3936957,1.474912,0.0,1.474912,0.368728
46414,0.1114339,0.0017384938,0.22112931,0.23367815,0.0,0.23367815,0.058419537
46416,0.1813078,0.0016838359,0.36093175,0.38981044,0.0,0.38981044,0.09745261
46419,0.18877964,0.0015250859,0.37603417,0.3949829,0.0,0.3949829,0.098745726
46422,0.22802146,0.001405389,0.45463753,0.48125863,0.0,0.48125863,0.12031466
46424,0.026729636,0.0013237429,0.052135527,0.05631392,0.0,0.05631392,0.01407848
46427,0.054713245,0.0012562582,0.10817023,0.09952506,0.0,0.09952506,0.024881264
46429,0.2816884,0.0012060463,0.56217074,0.592809,0.0,0.592809,0.14820226
46432,0.9294538,0.0011880806,1.8577194,1.7855597,0.0,1.7855597,0.4463899
46435,0.06802837,0.0011288212,0.13492791,0.14758201,0.0,0.14758201,0.036895502
46437,0.029931882,0.0009493613,0.058914404,0.053488243,0.0,0.053488243,0.013372061
46440,0.2566696,0.00092507916,0.51241416,0.5424362,0.0,0.5424362,0.13560905
46442,0.5714156,0.00092506857,1.1419061,1.1858559,0.0,1.1858559,0.29646397
46445,0.07530315,0.0008513906,0.14975491,0.1403146,0.0,0.1403146,0.03507865
46448,0.40413272,0.00072727655,0.8075382,0.8325018,0.0,0.8325018,0.20812546
46450,0.059671614,0.0006632099,0.11868002,0.11329913,0.0,0.11329913,0.028324783
46453,0.48266506,0.00068088184,0.96464926,0.9908932,0.0,0.9908932,0.2477233
46455,0.65792483,0.0006153433,1.3152343,1.2848831,0.0,1.2848831,0.3212208
46458,0.095300324,0.0005248892,0.19007576,0.20220347,0.0,0.20220347,0.050550867
46461,0.35310164,0.00060732616,0.70559597,0.68460894,0.0,0.68460894,0.17115223
46463,0.74594027,0.0005243853,1.4913563,1.4625522,0.0,1.4625522,0.36563805
46466,0.055673856,0.0005439873,0.11080372,0.11484019,0.0,0.11484019,0.028710047
46469,0.4038035,0.0005751054,0.80703187,0.82708246,0.0,0.82708246,0.20677061
46471,0.022180112,0.00048643304,0.04387379,0.043583125,0.0,0.043583125,0.010895781
46474,0.6288925,0.00056676375,1.2572182,1.2308736,0.0,1.2308736,0.3077184
46476,0.13013639,0.0004803134,0.25979245,0.24660607,0.0,0.24660607,0.061651517
46479,0.024155712,0.0004347459,0.047876675,0.045912366,0.0,0.045912366,0.011478092
46482,0.17894508,0.00056663464,0.35732353,0.3676981,0.0,0.3676981,0.091924526
46484,0.13839535,0.0005261623,0.27626452,0.2876109,0.0,0.2876109,0.07190272
46487,0.19684218,0.00069752074,0.3929868,0.4028379,0.0,0.4028379,0.100709476
46489,0.2665021,0.0007604074,0.5322438,0.51764256,0.0,0.51764256,0.12941064
46492,0.39749232,0.0009193507,0.7940653,0.81291467,0.0,0.81291467,0.20322867
46495,0.032044817,0.00093346974,0.063156165,0.06009297,0.0,0.06009297,0.015023243
46497,0.0454998,0.0010782654,0.08992133,0.09041273,0.0,0.09041273,0.022603182
46500,0.1377863,0.0011109071,0.2744617,0.26517245,0.0,0.26517245,0.06629311
46502,0.040580448,0.0008586528,0.08030224,0.08141611,0.0,0.08141611,0.020354027
46505,0.20960478,0.00076413015,0.41844544,0.43392456,0.0,0.43392456,0.10848114
46508,0.22085357,0.0007020771,0.44100508,0.45813203,0.0,0.45813203,0.11453301
46510,0.12407888,0.00084009516,0.24731767,0.23325644,0.0,0.23325644,0.05831411
46513,0.40889576,0.00075001176,0.8170416,0.7895813,0.0,0.7895813,0.19739532
46516,0.41899565,0.00077335053,0.837218,0.80694515,0.0,0.80694515,0.20173629
46518,0.3830956,0.0007629564,0.76542825,0.7940014,0.0,0.7940014,0.19850035
46521,0.32958576,0.00072766934,0.65844387,0.6838611,0.0,0.6838611,0.17096527
46523,0.054666717,0.0008376643,0.10849577,0.104752064,0.0,0.104752064,0.026188016
46526,0.13968273,0.0007508602,0.2786146,0.298355,0.0,0.298355,0.07458875
46529,0.07893243,0.00073390343,0.15713096,0.14889611,0.0,0.14889611,0.03722403
46531,0.35218683,0.0008290817,0.7035446,0.6762654,0.0,0.6762654,0.16906635
46534,0.14506404,0.00072309485,0.28940496,0.2995012,0.0,0.2995012,0.0748753
46536,0.08730403,0.00073898444,0.17386909,0.18370211,0.0,0.18370211,0.045925528
46539,0.06595797,0.0007710771,0.13114487,0.13687764,0.0,0.13687764,0.03421941
46542,0.47466132,0.0007323601,0.9485903,0.91419524,0.0,0.91419524,0.22854881
46544,0.05817922,0.0006757071,0.11568273,0.10659608,0.0,0.10659608,0.02664902
46547,0.80528855,0.0007246673,1.6098524,1.6576132,0.0,1.6576132,0.4144033
46550,0.034871172,0.00075589673,0.06898645,0.06330952,0.0,0.06330952,0.01582738
46552,0.14768748,0.00071386696,0.29466107,0.31404904,0.0,0.31404904,0.07851226
46555,0.113629915,0.0007581908,0.22650164,0.24330743,0.0,0.24330743,0.060826857
46557,0.23007005,0.00070266286,0.45943746,0.4345461,0.0,0.4345461,0.10863653
46560,0.067843236,0.00073922396,0.13494724,0.13923967,0.0,0.13923967,0.034809917
46563,0.35794914,0.000722955,0.71517533,0.7480726,0.0,0.7480726,0.18701816
46565,0.28452867,0.00081186043,0.5682455,0.53565603,0.0,0.53565603,0.13391401
46568,0.45263717,0.00081183977,0.9044625,0.9456145,0.0,0.9456145,0.23640363
46570,0.07219436,0.00085861376,0.14353012,0.15435256,0.0,0.15435256,0.03858814
46573,0.22097443,0.00093177496,0.44101706,0.40866065,0.0,0.40866065,0.10216516
46576,0.03232641,0.00095973344,0.06369309,0.06128125,0.0,0.06128125,0.015320312
46578,0.07106327,0.0009902692,0.14113627,0.14796041,0.0,0.14796041,0.036990102
46581,0.53657967,0.001029302,1.0721301,1.1242999,0.0,1.1242999,0.28107497
46583,0.016351132,0.0010261837,0.03167608,0.028663358,0.0,0.028663358,0.0071658394
46586,0.06566234,0.0011095218,0.13021515,0.13842767,0.0,0.13842767,0.03460692
46589,0.015426568,0.0012191912,0.029633945,0.028985927,0.0,0.028985927,0.0072464817
46591,0.36737195,0.001320067,0.7334239,0.6788675,0.0,0.6788675,0.16971688
46594,0.034905102,0.0014349719,0.06837523,0.074674316,0.0,0.074674316,0.018668579
46597,0.028684111,0.0015895405,0.055778682,0.051429566,0.0,0.051429566,0.0128573915
46599,0.26832047,0.0017086634,0.5349323,0.4812244,0.0,0.4812244,0.1203061
46602,0.42493406,0.0018134055,0.8480547,0.91601163,0.0,0.91601163,0.22900291
46604,0.1813979,0.0019776477,0.36081815,0.4051416,0.0,0.4051416,0.1012854
46607,0.07358337,0.0022891592,0.1448776,0.1351853,0.0,0.1351853,0.033796325
46610,0.33507672,0.0026206013,0.66753286,0.7265751,0.0,0.7265751,0.18164377
46612,0.03544706,0.0027886734,0.06810545,0.06590564,0.0,0.06590564,0.01647641
46615,0.11851304,0.002621822,0.23440425,0.25287017,0.0,0.25287017,0.06321754
46617,0.112973966,0.0027611342,0.2231868,0.2360058,0.0,0.2360058,0.05900145
46620,0.045774966,0.0027905852,0.088759355,0.07097118,0.0,0.07097118,0.017742796
46623,0.22091663,0.002822879,0.43901038,0.5088782,0.0,0.5088782,0.12721954
46625,0.03789812,0.0029540714,0.072842166,0.06317612,0.0,0.06317612,0.01579403
46628,0.024034068,0.0029705772,0.04509756,0.044079393,0.0,0.044079393,0.011019848
46630,0.26502284,0.003172871,0.5268728,0.6015814,0.0,0.6015814,0.15039535
46633,0.30007198,0.0032200578,0.5969239,0.5200896,0.0,0.5200896,0.1300224
46636,0.39763987,0.0034029502,0.7918768,0.8873653,0.0,0.8873653,0.22184132
46638,0.04097557,0.0034958848,0.078455254,0.08446065,0.0,0.08446065,0.021115163
46641,0.038366433,0.0037084492,0.07302442,0.06546753,0.0,0.06546753,0.016366882
46644,0.2062182,0.003693558,0.40874287,0.34696034,0.0,0.34696034,0.086740084
46646,0.073416606,0.003908958,0.14292425,0.16142422,0.0,0.16142422,0.040356055
46649,0.094701946,0.0040488704,0.18535502,0.23481111,0.0,0.23481111,0.058702778
46651,0.05647135,0.00422285,0.108719856,0.11394999,0.0,0.11394999,0.028487498
46654,0.13686992,0.0043959995,0.26934385,0.21581125,0.0,0.21581125,0.053952813
46657,0.016656794,0.0045509194,0.028762668,0.036055125,0.0,0.036055125,0.009013781
46659,0.4109613,0.0045891013,0.8173335,0.9382294,0.0,0.9382294,0.23455735
46662,0.11811649,0.004589611,0.23164336,0.19032602,0.0,0.19032602,0.047581505
46664,0.18105914,0.004697196,0.35742107,0.42607263,0.0,0.42607263,0.10651816
46667,0.098414004,0.004768998,0.192059,0.16035636,0.0,0.16035636,0.04008909
46670,0.21846992,0.0048591625,0.43208066,0.52172804,0.0,0.52172804,0.13043201
46672,0.06377146,0.0048676804,0.12267523,0.15801796,0.0,0.15801796,0.03950449
46675,0.0674948,0.0047275038,0.1302621,0.16201393,0.0,0.16201393,0.040503483
46677,0.115291096,0.0046937796,0.22588842,0.18323089,0.0,0.18323089,0.045807723
46680,0.05239067,0.00452128,0.10026006,0.12297949,0.0,0.12297949,0.030744873
46683,0.07080407,0.004285657,0.13732249,0.16460375,0.0,0.16460375,0.04115094
46685,0.18203922,0.004215418,0.35986304,0.41392007,0.0,0.41392007,0.10348002
46688,0.13601215,0.004068938,0.2679554,0.23166747,0.0,0.23166747,0.05791687
46691,0.452896,0.0039867098,0.90180534,1.0051895,0.0,1.0051895,0.25129738
46693,0.06421899,0.0040522213,0.12438575,0.15635808,0.0,0.15635808,0.03908952
46696,0.17144991,0.0038074367,0.3390924,0.2971379,0.0,0.2971379,0.07428447
46698,0.040533636,0.0035687257,0.07749855,0.057058785,0.0,0.057058785,0.014264696
46701,0.50427973,0.0034135983,1.0051459,1.0794162,0.0,1.0794162,0.26985404
46704,0.08349959,0.0032265887,0.16377258,0.18433888,0.0,0.18433888,0.04608472
46706,0.06311069,0.0029549217,0.12326646,0.13778883,0.0,0.13778883,0.034447208
46709,0.35160482,0.0029225077,0.7002871,0.77365875,0.0,0.77365875,0.19341469
46711,0.15656766,0.0027507318,0.3103846,0.27593073,0.0,0.27593073,0.06898268
46714,0.4787451,0.0025798928,0.9549103,0.87001306,0.0,0.87001306,0.21750326
46717,0.32960668,0.0025321562,0.65668124,0.6931552,0.0,0.6931552,0.1732888
46719,0.071247794,0.0023823057,0.14011328,0.15420829,0.0,0.15420829,0.038552072
46722,0.04844287,0.0023442835,0.09454146,0.07604646,0.0,0.07604646,0.019011615
46724,0.051495563,0.002191224,0.100799896,0.08235798,0.0,0.08235798,0.020589495
46727,0.39491263,0.0020588427,0.78776646,0.7378157,0.0,0.7378157,0.18445392
46730,0.14304225,0.001917853,0.28416666,0.25895187,0.0,0.25895187,0.06473797
46732,0.054589342,0.0017674175,0.107411265,0.091036946,0.0,0.091036946,0.022759236
46735,0.067410596,0.0017394352,0.13308176,0.124860704,0.0,0.124860704,0.031215176
46738,0.11734874,0.0016203034,0.23307717,0.20784728,0.0,0.20784728,0.05196182
46740,0.08091374,0.0014768535,0.16035062,0.17163779,0.0,0.17163779,0.042909447
46743,0.07578225,0.0014105098,0.15015398,0.17085595,0.0,0.17085595,0.04271399
46745,0.7561295,0.0013336632,1.5109253,1.4552809,0.0,1.4552809,0.36382023
46748,0.17041223,0.0012499515,0.3395745,0.36965713,0.0,0.36965713,0.09241428
46751,0.39362475,0.0012234529,0.786026,0.74541897,0.0,0.74541897,0.18635474
46753,0.14243135,0.0012055313,0.28365716,0.31152624,0.0,0.31152624,0.07788156
46756,0.03775222,0.0011427543,0.07436168,0.07327652,0.0,0.07327652,0.01831913
46758,0.14963782,0.0010445513,0.2982311,0.28629932,0.0,0.28629932,0.07157483
46761,0.07939212,0.0011701072,0.15761413,0.15793653,0.0,0.15793653,0.039484132
46764,0.10162782,0.0010110644,0.20224456,0.22284608,0.0,0.22284608,0.05571152
46766,0.4966487,0.0010161689,0.99228126,1.0429529,0.0,1.0429529,0.26073822
46769,0.08211707,0.0010365265,0.16319762,0.14869931,0.0,0.14869931,0.03717483
46771,0.05881116,0.0009799815,0.11664235,0.12838773,0.0,0.12838773,0.032096934
46774,0.16832049,0.0013185825,0.3353224,0.36080715,0.0,0.36080715,0.09020179
46777,0.04733716,0.0014288678,0.09324545,0.08321145,0.0,0.08321145,0.020802863
46779,0.06637287,0.0016168529,0.13112889,0.14376394,0.0,0.14376394,0.035940986
46782,0.09101359,0.001811787,0.1802154,0.19494076,0.0,0.19494076,0.04873519
46785,0.056841467,0.001788922,0.11189401,0.098543584,0.0,0.098543584,0.024635896
46787,0.21781719,0.0019476609,0.43368673,0.4098843,0.0,0.4098843,0.102471076
46790,0.64090604,0.00190802,1.2799041,1.3287328,0.0,1.3287328,0.3321832
46792,0.7455568,0.0019331832,1.4891802,1.4290482,0.0,1.4290482,0.35726205
46795,0.2492856,0.0017108475,0.49686036,0.47013247,0.0,0.47013247,0.11753312
46798,0.04976361,0.0014657713,0.09806145,0.08557314,0.0,0.08557314,0.021393284
46800,0.24182558,0.0014398821,0.48221126,0.5180507,0.0,0.5180507,0.12951267
46803,0.24013488,0.0013323467,0.4789374,0.5121719,0.0,0.5121719,0.12804298
46805,0.023592463,0.0013064169,0.04587851,0.04792063,0.0,0.04792063,0.011980157
46808,0.31546178,0.001233038,0.6296906,0.589936,0.0,0.589936,0.147484
46811,0.023913458,0.0011942907,0.04663263,0.039502878,0.0,0.039502878,0.009875719
46813,0.083693326,0.0011891363,0.16619751,0.18035693,0.0,0.18035693,0.045089234
46816,0.05432198,0.001182529,0.10746143,0.0958753,0.0,0.0958753,0.023968825
46818,0.21716648,0.0012064149,0.43312657,0.4040121,0.0,0.4040121,0.10100303
46821,0.04286365,0.0012041888,0.084523104,0.07671179,0.0,0.07671179,0.019177947
46824,0.23799992,0.0012021392,0.4747977,0.44346836,0.0,0.44346836,0.11086709
46826,0.025517806,0.0011959563,0.049839657,0.052552614,0.0,0.052552614,0.013138154
46829,0.043518428,0.001215792,0.08582106,0.07816258,0.0,0.07816258,0.019540645
46832,0.094376266,0.0011356245,0.1876169,0.17192526,0.0,0.17192526,0.042981315
46834,0.09083747,0.0010912294,0.18058372,0.16436805,0.0,0.16436805,0.041092012
46837,0.086478256,0.0010827194,0.1718738,0.15551068,0.0,0.15551068,0.03887767
46839,0.45181906,0.0011201355,0.902518,0.94788116,0.0,0.94788116,0.23697029
46842,0.017151466,0.0011550696,0.033147864,0.03508762,0.0,0.03508762,0.008771905
46845,0.2151311,0.0011253506,0.42913687,0.40485826,0.0,0.40485826,0.101214565
46847,0.046991285,0.001128973,0.0928536,0.103102766,0.0,0.103102766,0.025775691
46850,0.1165976,0.0010452451,0.23214996,0.21048105,0.0,0.21048105,0.052620262
46852,0.019694602,0.0010218018,0.0383674,0.042428408,0.0,0.042428408,0.010607102
46855,0.20274167,0.0011116848,0.40437165,0.37375912,0.0,0.37375912,0.09343978
46858,0.19767362,0.0011929102,0.3941543,0.42703483,0.0,0.42703483,0.106758706
46860,0.10946535,0.0012166587,0.21771406,0.1906774,0.0,0.1906774,0.04766935
46863,0.35838434,0.0013717967,0.7153969,0.6665604,0.0,0.6665604,0.1666401
46865,0.30642548,0.0014602236,0.61139077,0.56334907,0.0,0.56334907,0.14083727
46868,0.109614015,0.0015695946,0.21765845,0.25092438,0.0,0.25092438,0.062731095
46871,0.5266909,0.0016740406,1.0517077,1.1179258,0.0,1.1179258,0.27948144
46873,0.1429472,0.0017387047,0.2841557,0.32447243,0.0,0.32447243,0.08111811
46876,0.94202286,0.0018115155,1.8822342,1.9763798,0.0,1.9763798,0.49409494
46879,0.057633683,0.0020072993,0.11326007,0.12374147,0.0,0.12374147,0.030935368
46881,0.26794386,0.002064931,0.5338228,0.47839972,0.0,0.47839972,0.11959993
46884,0.08070316,0.00218965,0.15921667,0.19487013,0.0,0.19487013,0.048717532
46886,0.89925617,0.0022419745,1.7962704,1.6932144,0.0,1.6932144,0.4233036
46889,0.28461456,0.0022371274,0.566992,0.50554466,0.0,0.50554466,0.12638617
46892,0.1047673,0.0022905536,0.20724405,0.24922204,0.0,0.24922204,0.06230551
46894,0.10217547,0.0023741557,0.20197678,0.2433808,0.0,0.2433808,0.0608452
46897,0.06713613,0.0025569692,0.1317153,0.14195354,0.0,0.14195354,0.035488386
46899,0.31969512,0.0026154611,0.6367748,0.70988035,0.0,0.70988035,0.17747009
46902,0.5764443,0.0026876393,1.1502011,1.2427797,0.0,1.2427797,0.31069493
46905,0.07148862,0.0026422988,0.14033495,0.12126515,0.0,0.12126515,0.030316288
46907,0.20646356,0.0027047873,0.41022232,0.47169837,0.0,0.47169837,0.11792459
46910,0.29107153,0.0028414808,0.5793016,0.505743,0.0,0.505743,0.12643576
46912,0.43118274,0.0029386405,0.8594268,0.76939696,0.0,0.76939696,0.19234924
46915,0.10693177,0.0031411971,0.21072233,0.18408601,0.0,0.18408601,0.046021502
46918,0.38979158,0.0032299364,0.7763532,0.8598249,0.0,0.8598249,0.21495622
46920,0.3576858,0.0033897553,0.71198183,0.62753093,0.0,0.62753093,0.15688273
46923,0.40359935,0.0035074465,0.8036912,0.7123434,0.0,0.7123434,0.17808585
46926,0.09003261,0.0037600093,0.17630522,0.14490995,0.0,0.14490995,0.036227487
46928,0.053864047,0.0038419522,0.103886135,0.07763372,0.0,0.07763372,0.01940843
46931,0.19714405,0.003924663,0.39036345,0.45800617,0.0,0.45800617,0.11450154
46933,0.057694275,0.004031639,0.111356914,0.09177592,0.0,0.09177592,0.02294398
46936,0.03137235,0.003960591,0.05878411,0.06544668,0.0,0.06544668,0.01636167
46939,0.31584084,0.0039804745,0.6277012,0.7113085,0.0,0.7113085,0.17782712
46941,0.09534068,0.0039931023,0.18668826,0.2263005,0.0,0.2263005,0.056575123
46944,0.036000337,0.0039246324,0.06807604,0.07923306,0.0,0.07923306,0.019808264
46946,0.71872634,0.0038766891,1.433576,1.2999126,0.0,1.2999126,0.32497814
46949,0.3417387,0.0037923094,0.6796851,0.59363174,0.0,0.59363174,0.14840794
46952,0.0541454,0.0037530903,0.10453772,0.07854257,0.0,0.07854257,0.019635642
46954,0.08800567,0.00369339,0.17231797,0.13936538,0.0,0.13936538,0.034841344
46957,0.1231319,0.0037265758,0.24253722,0.2925585,0.0,0.2925585,0.07313962
46959,0.20538044,0.0037947611,0.40696612,0.3540155,0.0,0.3540155,0.088503875
46962,0.487313,0.0037066992,0.9709193,0.8751827,0.0,0.8751827,0.21879567
46965,0.05332398,0.0035184624,0.1031295,0.12878896,0.0,0.12878896,0.03219724
46967,0.09230086,0.0034627225,0.18113899,0.20752712,0.0,0.20752712,0.05188178
46970,0.07153241,0.0033066988,0.13975812,0.1126163,0.0,0.1126163,0.028154075
46973,0.07891717,0.0031949885,0.15463935,0.17976344,0.0,0.17976344,0.04494086
46975,0.16341057,0.0030476532,0.3237735,0.3615251,0.0,0.3615251,0.09038127
46978,0.11071915,0.0029266847,0.21851163,0.19101481,0.0,0.19101481,0.047753703
46980,0.032969426,0.002738505,0.06320035,0.08189561,0.0,0.08189561,0.020473903
46983,0.20789802,0.0025793721,0.41321668,0.3711097,0.0,0.3711097,0.09277742
46986,0.032675587,0.0024153974,0.06293578,0.047516357,0.0,0.047516357,0.011879089
46988,0.08835942,0.0022924512,0.17442639,0.204257,0.0,0.204257,0.05106425
46991,0.036592823,0.002178707,0.07100693,0.085184015,0.0,0.085184015,0.021296004
46993,0.73703,0.0021829281,1.4718771,1.3958133,0.0,1.3958133,0.34895334
46996,0.40154374,0.0020040611,0.8010834,0.8556605,0.0,0.8556605,0.21391512
46999,0.5933165,0.0018634306,1.1847695,1.2424906,0.0,1.2424906,0.31062266
47001,0.8413222,0.0017563362,1.680888,1.602738,0.0,1.602738,0.4006845
47004,0.115922414,0.0016479098,0.23019691,0.20767081,0.0,0.20767081,0.051917702
47006,0.3033075,0.0015793019,0.6050357,0.64510375,0.0,0.64510375,0.16127594
47009,0.46634772,0.0015776325,0.93111783,0.8802449,0.0,0.8802449,0.22006123
47012,0.13169995,0.0016534249,0.26174647,0.23231782,0.0,0.23231782,0.058079455
47014,0.040389363,0.0016593765,0.07911935,0.07351469,0.0,0.07351469,0.018378673
47017,0.608074,0.0017829752,1.214365,1.151147,0.0,1.151147,0.28778675
47020,0.530085,0.001802297,1.0583677,0.99357957,0.0,0.99357957,0.24839489
47022,0.10578507,0.0019199922,0.20965016,0.24474752,0.0,0.24474752,0.06118688
47025,0.6651133,0.0020227844,1.3282038,1.2557968,0.0,1.2557968,0.3139492
47027,0.51247084,0.0021712468,1.0227704,1.0960099,0.0,1.0960099,0.27400246
47030,0.24830465,0.0022529166,0.4943564,0.54798406,0.0,0.54798406,0.13699602
47033,0.06455441,0.002260494,0.12684833,0.112380296,0.0,0.112380296,0.028095074
47035,0.03818086,0.0023018192,0.0740599,0.08067743,0.0,0.08067743,0.020169357
47038,0.19111426,0.0022977388,0.37993082,0.43511596,0.0,0.43511596,0.10877899
47040,0.07305904,0.0024474815,0.14367059,0.112257876,0.0,0.112257876,0.028064469
47043,0.27194437,0.0024868879,0.54140186,0.48321474,0.0,0.48321474,0.120803684
47046,0.06513625,0.0026856784,0.12758683,0.16074423,0.0,0.16074423,0.04018606
47048,0.08879841,0.002735112,0.17486171,0.1394353,0.0,0.1394353,0.034858827
47051,0.38424417,0.0028300185,0.7656583,0.692385,0.0,0.692385,0.17309625
47054,0.0415222,0.0030280056,0.0800164,0.068127505,0.0,0.068127505,0.017031876
47056,0.025523402,0.0029830255,0.04806378,0.038656667,0.0,0.038656667,0.009664167
47059,0.6005037,0.0031299952,1.1978774,1.3000742,0.0,1.3000742,0.32501855
47061,0.10897953,0.0032495304,0.21470954,0.23969759,0.0,0.23969759,0.059924398
47064,0.10267263,0.003571701,0.20177354,0.15929246,0.0,0.15929246,0.039823115
47067,0.56841844,0.0037318543,1.1331049,1.0207471,0.0,1.0207471,0.25518677
47069,0.020235814,0.0039015517,0.036570076,0.044059943,0.0,0.044059943,0.011014986
47072,0.14244904,0.0041224603,0.28077564,0.34092453,0.0,0.34092453,0.08523113
47074,0.07662179,0.0044294163,0.14881417,0.11755612,0.0,0.11755612,0.02938903
47077,0.10598921,0.004887925,0.2070905,0.2664547,0.0,0.2664547,0.066613674
47080,0.075635366,0.005356288,0.14591444,0.19088018,0.0,0.19088018,0.047720045
47082,0.65498215,0.0054236264,1.3045408,1.1634902,0.0,1.1634902,0.29087254
47085,0.039357394,0.005742738,0.07297205,0.089025296,0.0,0.089025296,0.022256324
47087,0.21495913,0.006024634,0.4238936,0.34679022,0.0,0.34679022,0.086697556
47090,0.032494083,0.006405832,0.058582336,0.07590958,0.0,0.07590958,0.018977394
47093,0.01758884,0.006725311,0.028452372,0.031643957,0.0,0.031643957,0.007910989
47095,0.047563475,0.006682811,0.088444136,0.10074935,0.0,0.10074935,0.025187338
47098,0.09928322,0.006757546,0.1918089,0.25868332,0.0,0.25868332,0.06467083
47101,0.015170264,0.0068252054,0.023515321,0.023952879,0.0,0.023952879,0.0059882198
47103,0.024721036,0.0066647646,0.04277731,0.047070622,0.0,0.047070622,0.011767656
47106,0.051941153,0.007065305,0.096816994,0.07657692,0.0,0.07657692,0.01914423
47108,0.1814041,0.0072942325,0.35551396,0.28307116,0.0,0.28307116,0.07076779
47111,0.35023582,0.007652376,0.6928193,0.8289253,0.0,0.8289253,0.20723133
47114,0.1611342,0.007395061,0.31487334,0.2391383,0.0,0.2391383,0.059784576
47116,0.038004473,0.00755729,0.06845165,0.07744813,0.0,0.07744813,0.019362032
47119,0.02131901,0.0076324195,0.0350056,0.056116447,0.0,0.056116447,0.014029112
47121,0.051746488,0.0072675585,0.09622542,0.13276906,0.0,0.13276906,0.033192266
47124,0.045935143,0.0075757895,0.0842945,0.10697689,0.0,0.10697689,0.026744222
47127,0.12153564,0.0070699104,0.23600137,0.17606236,0.0,0.17606236,0.04401559
47129,0.10720717,0.007096067,0.20731826,0.25670204,0.0,0.25670204,0.06417551
47132,0.82192516,0.006864112,1.6369863,1.4516109,0.0,1.4516109,0.36290273
47134,0.746851,0.0065449676,1.4871572,1.3128693,0.0,1.3128693,0.32821733
47137,0.19139057,0.006305249,0.3764759,0.31274608,0.0,0.31274608,0.07818652
47140,0.09849119,0.0060999785,0.1908824,0.22624707,0.0,0.22624707,0.056561768
47142,0.04461116,0.0059951297,0.083227195,0.05199306,0.0,0.05199306,0.012998265
47145,0.023561835,0.005854428,0.041269243,0.023123458,0.0,0.023123458,0.0057808645
47148,0.025297454,0.005620795,0.044974107,0.06326132,0.0,0.06326132,0.01581533
47150,0.023649476,0.0057426486,0.041556302,0.06439746,0.0,0.06439746,0.016099365
47153,0.10923851,0.00569636,0.21278067,0.25623503,0.0,0.25623503,0.06405876
47155,0.19337541,0.00565007,0.38110074,0.3182258,0.0,0.3182258,0.07955645
47158,0.40294775,0.005206192,0.8006893,0.88538885,0.0,0.88538885,0.22134721
47161,0.16237347,0.0047632377,0.3199837,0.373184,0.0,0.373184,0.093296
47163,0.27128646,0.004638626,0.5379343,0.6059203,0.0,0.6059203,0.15148008
47166,0.2224567,0.0043882537,0.44052514,0.3770958,0.0,0.3770958,0.09427395
47168,0.23261787,0.0042566843,0.46097907,0.39828897,0.0,0.39828897,0.09957224
47171,0.029387645,0.0038898343,0.05488546,0.05730019,0.0,0.05730019,0.014325048
47174,0.35947666,0.0036769602,0.7152763,0.6312105,0.0,0.6312105,0.15780263
47176,0.38292384,0.0035688926,0.7622788,0.8526167,0.0,0.8526167,0.21315418
47179,0.020045009,0.0035920665,0.03649795,0.027250653,0.0,0.027250653,0.0068126633
47181,0.011345948,0.0034819283,0.019209966,0.018652132,0.0,0.018652132,0.004663033
47184,0.0393331,0.0032173519,0.07544885,0.0804797,0.0,0.0804797,0.020119924
47187,0.71118015,0.0031181301,1.419242,1.3095449,0.0,1.3095449,0.32738623
47189,0.7617903,0.002890708,1.5206898,1.4087915,0.0,1.4087915,0.3521979
47192,0.64447963,0.002663754,1.2862955,1.1864308,0.0,1.1864308,0.2966077
47195,0.58028567,0.0025703518,1.158001,1.2564436,0.0,1.2564436,0.3141109
47197,0.26702794,0.002458135,0.5315978,0.5948593,0.0,0.5948593,0.14871483
47200,0.5205837,0.0023986192,1.0387688,0.95699763,0.0,0.95699763,0.23924941
47202,0.7953537,0.0024573358,1.5882502,1.487442,0.0,1.487442,0.3718605
47205,0.25571832,0.0024801162,0.5089565,0.45045614,0.0,0.45045614,0.112614036
47208,0.01801092,0.0030539397,0.0329679,0.03826839,0.0,0.03826839,0.009567098
47210,0.09681911,0.0029218092,0.19071643,0.16524202,0.0,0.16524202,0.041310504
47213,0.06733177,0.0028274525,0.13183607,0.15588431,0.0,0.15588431,0.038971078
47215,0.914339,0.0029711202,1.8257068,1.9399332,0.0,1.9399332,0.4849833
47218,0.13270316,0.0027885956,0.2626177,0.23575465,0.0,0.23575465,0.058938663
47221,0.06812876,0.003067746,0.13318978,0.11471727,0.0,0.11471727,0.028679317
47223,0.090633295,0.0030763794,0.17819022,0.20656921,0.0,0.20656921,0.051642302
47226,0.0782074,0.0032096568,0.15320514,0.12787919,0.0,0.12787919,0.031969797
47228,0.21642564,0.0033542623,0.429497,0.38679647,0.0,0.38679647,0.09669912
47231,0.13109274,0.0033498134,0.25883564,0.2207437,0.0,0.2207437,0.055185925
47234,0.03549431,0.003270234,0.06771839,0.074638285,0.0,0.074638285,0.018659571
47236,0.1207265,0.0030740176,0.238379,0.2074758,0.0,0.2074758,0.05186895
47239,0.11029031,0.0030757776,0.21750484,0.25671718,0.0,0.25671718,0.064179294
47242,0.08070137,0.0031059135,0.15829684,0.17315036,0.0,0.17315036,0.04328759
47244,0.7328865,0.0030724648,1.4627005,1.5721602,0.0,1.5721602,0.39304006
47247,0.045141514,0.0029321173,0.087350905,0.07237246,0.0,0.07237246,0.018093115
47249,0.13510041,0.0029343914,0.26726642,0.22550277,0.0,0.22550277,0.056375694
47252,0.6203221,0.0029014114,1.2377428,1.3308265,0.0,1.3308265,0.33270663
47255,0.11253429,0.0029200893,0.2221485,0.18296409,0.0,0.18296409,0.04574102
47257,0.053462237,0.0028668053,0.10405767,0.1297721,0.0,0.1297721,0.032443024
47260,0.2096461,0.0028158103,0.4164764,0.37207142,0.0,0.37207142,0.093017854
47262,0.20548476,0.0028513942,0.40811813,0.45635232,0.0,0.45635232,0.11408808
47265,0.52209646,0.0028641734,1.0413288,0.95728713,0.0,0.95728713,0.23932178
47268,0.08072916,0.0028537426,0.15860458,0.1343461,0.0,0.1343461,0.033586524
47270,0.21075653,0.002734591,0.41877845,0.46422568,0.0,0.46422568,0.11605642
47273,0.9651425,0.002608719,1.9276762,1.8118252,0.0,1.8118252,0.4529563
47275,0.15709168,0.0025439586,0.3116394,0.34971198,0.0,0.34971198,0.087427996
47278,0.030878872,0.0026668783,0.059090864,0.06498273,0.0,0.06498273,0.016245682
47281,0.7047213,0.002673336,1.4067693,1.510754,0.0,1.510754,0.3776885
47283,0.55090714,0.0026913884,1.0991229,1.1788548,0.0,1.1788548,0.2947137
47286,0.3288458,0.0027157292,0.65497583,0.59043306,0.0,0.59043306,0.14760827
47289,0.022870122,0.0027293607,0.04301088,0.059164006,0.0,0.059164006,0.014791002
47291,0.18003857,0.002809602,0.35726753,0.40199837,0.0,0.40199837,0.10049959
47294,0.6285754,0.0029110827,1.2542397,1.169853,0.0,1.169853,0.29246324
47296,0.04679277,0.002990293,0.090595245,0.11524693,0.0,0.11524693,0.028811732
47299,0.19699691,0.0029857997,0.39100802,0.34869322,0.0,0.34869322,0.087173305
47302,0.12709977,0.0029748762,0.25122467,0.28958842,0.0,0.28958842,0.072397105
47304,0.075970225,0.0029121954,0.14902826,0.17918605,0.0,0.17918605,0.04479651
47307,0.39903057,0.0029177617,0.79514337,0.73092383,0.0,0.73092383,0.18273096
47309,0.4649761,0.0029166334,0.92703557,1.0008388,0.0,1.0008388,0.2502097
47312,0.029284274,0.0028240674,0.05574448,0.06212188,0.0,0.06212188,0.01553047
47315,0.18754095,0.0029310675,0.3721508,0.4238665,0.0,0.4238665,0.10596663
47317,0.09444004,0.0029182222,0.18596186,0.22463995,0.0,0.22463995,0.056159988
47320,0.3091814,0.0030112478,0.6153515,0.5460393,0.0,0.5460393,0.13650982
47322,0.78505737,0.0030984532,1.5670162,1.6792129,0.0,1.6792129,0.41980323
47325,0.016546544,0.003276579,0.029816508,0.023166656,0.0,0.023166656,0.005791664
47328,0.077622764,0.0034651645,0.15178035,0.1339391,0.0,0.1339391,0.033484776
47330,0.012804433,0.0037481606,0.021860704,0.020866541,0.0,0.020866541,0.0052166353
47333,0.26412487,0.0037855522,0.5244642,0.4469007,0.0,0.4469007,0.111725174
47336,0.07830074,0.0037619127,0.15283956,0.17108442,0.0,0.17108442,0.042771105
47338,0.1071853,0.0037582729,0.21061231,0.2614037,0.0,0.2614037,0.06535093
47341,0.095448546,0.0037218484,0.18717523,0.14164205,0.0,0.14164205,0.035410512
47343,0.5563893,0.0038112032,1.1089673,1.2309903,0.0,1.2309903,0.30774757
47346,0.03935222,0.003948516,0.07475593,0.102349676,0.0,0.102349676,0.025587419
47349,0.025462352,0.004160994,0.046763707,0.056195915,0.0,0.056195915,0.014048979
47351,0.08008293,0.0041472353,0.15601863,0.20121133,0.0,0.20121133,0.050302833
47354,0.020314148,0.0043083583,0.036319938,0.037426572,0.0,0.037426572,0.009356643
47356,0.114768706,0.004395289,0.22514212,0.17449416,0.0,0.17449416,0.04362354
47359,0.058205683,0.004750057,0.111661315,0.08992059,0.0,0.08992059,0.022480147
47362,0.23504514,0.005075373,0.4650149,0.5598909,0.0,0.5598909,0.13997273
47364,0.061593357,0.0052578337,0.117928885,0.091744505,0.0,0.091744505,0.022936126
47367,0.028902642,0.00548701,0.052318275,0.039174635,0.0,0.039174635,0.009793659
47369,0.4020252,0.0056459284,0.79840446,0.6790228,0.0,0.6790228,0.1697557
47372,0.07879655,0.0059788204,0.15161428,0.123874865,0.0,0.123874865,0.030968716
47375,0.24995933,0.0061823,0.49373636,0.40627003,0.0,0.40627003,0.10156751
47377,0.09035429,0.006314134,0.17439444,0.13852416,0.0,0.13852416,0.03463104
47380,0.045433823,0.0064963778,0.08437127,0.062191527,0.0,0.062191527,0.015547882
47383,0.069614604,0.006782558,0.13244665,0.10420344,0.0,0.10420344,0.02605086
47385,0.22646253,0.0068870583,0.446038,0.3498421,0.0,0.3498421,0.087460525
47388,0.045351833,0.00700855,0.08369511,0.12758568,0.0,0.12758568,0.03189642
47390,0.44779435,0.0069544516,0.88863426,1.0387893,0.0,1.0387893,0.25969732
47393,0.29551017,0.0072622173,0.5837581,0.47615552,0.0,0.47615552,0.11903888
47396,0.15835728,0.0074982196,0.30921635,0.40115166,0.0,0.40115166,0.100287914
47398,0.09453755,0.007475015,0.18160008,0.24532641,0.0,0.24532641,0.061331604
47401,0.34406832,0.007422021,0.6807146,0.5608191,0.0,0.5608191,0.14020477
47403,0.09827378,0.0073709995,0.18917654,0.22164057,0.0,0.22164057,0.055410143
47406,0.025661087,0.007238057,0.044084117,0.06331784,0.0,0.06331784,0.01582946
47409,0.37668404,0.00725635,0.7461117,0.6252963,0.0,0.6252963,0.15632407
47411,0.06823852,0.007220667,0.12925637,0.15926597,0.0,0.15926597,0.03981649
47414,0.26131618,0.007157096,0.5154753,0.41637683,0.0,0.41637683,0.10409421
47416,0.051241513,0.0070502465,0.09543278,0.12880231,0.0,0.12880231,0.03220058
47419,0.30166456,0.0069333613,0.59639573,0.6947314,0.0,0.6947314,0.17368285
47422,0.2631927,0.0070965975,0.51928884,0.6197594,0.0,0.6197594,0.15493985
47424,0.4442285,0.0072363834,0.8812206,0.7583086,0.0,0.7583086,0.18957715
47427,0.19405325,0.00726803,0.38083848,0.45526084,0.0,0.45526084,0.11381521
47430,0.5807724,0.007197894,1.154347,0.98940986,0.0,0.98940986,0.24735247
47432,0.49753866,0.0072512724,0.98782605,1.1083437,0.0,1.1083437,0.27708593
47435,0.8260334,0.0072078644,1.644859,1.8558785,0.0,1.8558785,0.46396962
47437,0.6629141,0.007178117,1.3186501,1.140689,0.0,1.140689,0.28517225
47440,0.37757543,0.0070669525,0.7480839,0.8543272,0.0,0.8543272,0.2135818
47443,0.047236588,0.0070236535,0.08744952,0.06455801,0.0,0.06455801,0.016139502
47445,0.23578274,0.007106717,0.4644588,0.56844234,0.0,0.56844234,0.14211059
47448,0.07213595,0.0072308504,0.13704105,0.096945055,0.0,0.096945055,0.024236264
47450,0.12379089,0.0070721842,0.24050958,0.18004346,0.0,0.18004346,0.045010865
47453,0.08078137,0.0070134928,0.15454926,0.21079165,0.0,0.21079165,0.05269791
47456,0.57233334,0.006808292,1.1378584,0.99196464,0.0,0.99196464,0.24799116
47458,0.3356711,0.006801559,0.6645407,0.550671,0.0,0.550671,0.13766775
47461,0.02155477,0.006763643,0.036345895,0.039381396,0.0,0.039381396,0.009845349
47463,0.14518192,0.0068068816,0.28355697,0.21395572,0.0,0.21395572,0.05348893
47466,0.061778888,0.006863586,0.11669419,0.16493027,0.0,0.16493027,0.041232567
47469,0.05196776,0.0067058057,0.09722972,0.14023726,0.0,0.14023726,0.035059314
47471,0.08102753,0.006788593,0.15526646,0.1890995,0.0,0.1890995,0.047274876
47474,0.834146,0.006889271,1.6614027,1.8607521,0.0,1.8607521,0.46518803
47477,0.15407644,0.007011993,0.30114087,0.247648,0.0,0.247648,0.061912
47479,0.11839964,0.0070413123,0.22975796,0.29530123,0.0,0.29530123,0.07382531
47482,0.19690186,0.007422719,0.386381,0.29229173,0.0,0.29229173,0.07307293
47484,0.26385334,0.0076816007,0.5200251,0.6372952,0.0,0.6372952,0.1593238
47487,0.22273666,0.007982448,0.43749085,0.3408059,0.0,0.3408059,0.08520147
47490,0.76511043,0.008148316,1.5220724,1.3224968,0.0,1.3224968,0.3306242
47492,0.8979368,0.008396787,1.7874769,1.5669817,0.0,1.5669817,0.39174542
47495,0.19383506,0.008758538,0.37891158,0.29273438,0.0,0.29273438,0.073183596
47497,0.23451672,0.008967281,0.46006617,0.36311707,0.0,0.36311707,0.09077927
47500,0.01699173,0.009148203,0.024835259,0.025807003,0.0,0.025807003,0.0064517506
47503,0.24403219,0.009655813,0.47840858,0.36430922,0.0,0.36430922,0.091077305
47505,0.15623097,0.009933864,0.30252808,0.39516822,0.0,0.39516822,0.098792054
47508,0.047251273,0.010194511,0.084308036,0.1101344,0.0,0.1101344,0.0275336
47510,0.2116733,0.010511392,0.4128352,0.3112897,0.0,0.3112897,0.077822424
47513,0.15085661,0.010720772,0.29099247,0.38944697,0.0,0.38944697,0.09736174
47516,0.12903653,0.011010676,0.24706239,0.18864906,0.0,0.18864906,0.047162265
47518,0.06398134,0.011211693,0.116750985,0.07642493,0.0,0.07642493,0.019106232
47521,0.3671944,0.011553644,0.72283524,0.5624712,0.0,0.5624712,0.1406178
47524,0.07884926,0.012347157,0.14535138,0.18875806,0.0,0.18875806,0.047189515
47526,0.09749422,0.012781995,0.18220645,0.12818576,0.0,0.12818576,0.03204644
47529,0.10127113,0.013108651,0.18943362,0.13990356,0.0,0.13990356,0.03497589
47531,0.55701977,0.013315688,1.1007239,1.3279325,0.0,1.3279325,0.33198312
47534,1.0694557,0.013539194,2.1253722,1.8148514,0.0,1.8148514,0.45371285
47537,0.026127137,0.013625034,0.038629238,0.03633663,0.0,0.03633663,0.009084158
47539,0.22100203,0.013750233,0.4282538,0.3137618,0.0,0.3137618,0.07844045
47542,0.06543354,0.014082395,0.11678469,0.19822456,0.0,0.19822456,0.04955614
47544,0.06794339,0.014080164,0.1218066,0.08334267,0.0,0.08334267,0.020835668
47547,0.21307893,0.0143740075,0.41178384,0.30435318,0.0,0.30435318,0.076088294
47550,0.028815543,0.014399774,0.04323131,0.058727425,0.0,0.058727425,0.014681856
47552,0.052000046,0.014244803,0.08975529,0.12840147,0.0,0.12840147,0.03210037
47555,0.06079637,0.014222402,0.10737034,0.06993882,0.0,0.06993882,0.017484706
47558,0.08719342,0.014103583,0.16028325,0.23963426,0.0,0.23963426,0.059908565
47560,0.118021905,0.014013217,0.2220306,0.3022516,0.0,0.3022516,0.0755629
47563,0.49543115,0.013730739,0.97713155,0.78303033,0.0,0.78303033,0.19575758
47565,0.30427125,0.013818848,0.59472364,0.46936098,0.0,0.46936098,0.117340244
47568,0.7220983,0.013852556,1.430344,1.1751431,0.0,1.1751431,0.29378578
47571,0.02666571,0.014050649,0.03928077,0.04128092,0.0,0.04128092,0.01032023
47573,0.32307246,0.01407143,0.63207346,0.4793835,0.0,0.4793835,0.119845875
47576,0.094024576,0.014130871,0.17391829,0.11638656,0.0,0.11638656,0.02909664
47578,0.38459995,0.014008733,0.75519115,0.9196048,0.0,0.9196048,0.2299012
47581,0.076994054,0.014085096,0.13990301,0.09170691,0.0,0.09170691,0.022926727
47584,0.56808305,0.014244384,1.1219217,0.91645885,0.0,0.91645885,0.22911471
47586,0.06279708,0.014148542,0.11144561,0.16378547,0.0,0.16378547,0.040946368
47589,0.6691809,0.014421034,1.3239409,1.0813595,0.0,1.0813595,0.27033988
47591,0.05725636,0.01479553,0.09971719,0.16523992,0.0,0.16523992,0.04130998
47594,0.028089836,0.015314703,0.04086497,0.06614377,0.0,0.06614377,0.016535943
47597,0.0945161,0.01558987,0.17344232,0.26401344,0.0,0.26401344,0.06600336
47599,0.04676288,0.01617864,0.077347115,0.04404511,0.0,0.04404511,0.011011277
47602,0.11176007,0.016558446,0.20696169,0.30569726,0.0,0.30569726,0.076424316
47605,0.63020736,0.017118625,1.2432961,0.9846943,0.0,0.9846943,0.24617358
47607,0.29112333,0.01734128,0.56490535,0.7253726,0.0,0.7253726,0.18134315
47610,0.51875585,0.017886382,1.0196253,1.2736467,0.0,1.2736467,0.31841168
47612,0.04193485,0.018406264,0.06546344,0.068577565,0.0,0.068577565,0.017144391
47615,0.046727393,0.018859234,0.07459555,0.09755228,0.0,0.09755228,0.02438807
47618,0.13604744,0.01975962,0.25233528,0.37985298,0.0,0.37985298,0.094963245
47620,0.43686607,0.019813158,0.853919,0.6267413,0.0,0.6267413,0.15668532
47623,0.05137448,0.019522877,0.08322608,0.1632076,0.0,0.1632076,0.0408019
47625,0.14876819,0.019884093,0.2776523,0.4310224,0.0,0.4310224,0.1077556
47628,0.3727946,0.019970188,0.725619,0.521003,0.0,0.521003,0.13025075
47631,0.951219,0.019796675,1.8826413,1.5406213,0.0,1.5406213,0.38515532
47633,0.34365407,0.019982377,0.6673258,0.48324957,0.0,0.48324957,0.12081239
47636,0.67393476,0.019895257,1.3279743,1.6454135,0.0,1.6454135,0.41135338
47638,0.2549421,0.019705765,0.49017838,0.68597573,0.0,0.68597573,0.17149393
47641,0.17382622,0.019922396,0.32773003,0.47025833,0.0,0.47025833,0.11756458
47644,0.67456955,0.020352036,1.328787,1.0457045,0.0,1.0457045,0.26142612
47646,0.9313355,0.020343915,1.8423271,1.4915603,0.0,1.4915603,0.37289008
47649,0.18001878,0.02086092,0.33917665,0.21908832,0.0,0.21908832,0.05477208
47652,0.4434801,0.020532124,0.8664281,1.1381956,0.0,1.1381956,0.2845489
47654,0.19009958,0.020976044,0.35922313,0.47936192,0.0,0.47936192,0.11984048
47657,0.35218212,0.020871364,0.68349284,0.5114687,0.0,0.5114687,0.12786718
47659,0.11979842,0.021278217,0.21831863,0.2916234,0.0,0.2916234,0.07290585
47662,0.6138868,0.021459943,1.2063135,0.91991144,0.0,0.91991144,0.22997786
47665,0.58985823,0.021294782,1.1584218,0.9200897,0.0,0.9200897,0.23002243
47667,0.283909,0.021730147,0.5460878,0.40120077,0.0,0.40120077,0.10030019
47670,0.09375066,0.021297181,0.16620414,0.25616845,0.0,0.25616845,0.06404211
47672,0.18762936,0.02133327,0.35392547,0.46884727,0.0,0.46884727,0.11721182
47675,0.04828006,0.021312773,0.07524734,0.12334094,0.0,0.12334094,0.030835235
47678,0.18188946,0.021175774,0.34260312,0.4729501,0.0,0.4729501,0.118237525
47680,0.16180079,0.020585658,0.30301592,0.19515269,0.0,0.19515269,0.04878817
47683,0.2280295,0.020568328,0.4354907,0.3103435,0.0,0.3103435,0.077585876
47685,0.46069822,0.0198997,0.9014967,0.6776941,0.0,0.6776941,0.16942352
47688,0.34396556,0.0199147,0.66801643,0.50272757,0.0,0.50272757,0.12568189
47691,0.28553393,0.019107815,0.55196005,0.40534532,0.0,0.40534532,0.10133633
47693,0.07405638,0.018113388,0.12999938,0.0794652,0.0,0.0794652,0.0198663
47696,0.038412414,0.017610336,0.05921449,0.10260003,0.0,0.10260003,0.025650008
47699,0.60400957,0.016738517,1.1912807,1.4217811,0.0,1.4217811,0.35544527
47701,0.079661004,0.016661657,0.14266036,0.088896334,0.0,0.088896334,0.022224084
47704,0.053331,0.016122567,0.090539426,0.05813721,0.0,0.05813721,0.014534302
47706,0.30091283,0.015321098,0.5865045,0.44848338,0.0,0.44848338,0.112120844
47709,0.06470994,0.014726686,0.11469319,0.17642021,0.0,0.17642021,0.044105053
47712,0.43636763,0.013686632,0.8590486,1.0180926,0.0,1.0180926,0.25452316
47714,0.039662596,0.0132800825,0.066045105,0.0341832,0.0,0.0341832,0.0085458
47717,0.08108016,0.012858872,0.14930145,0.0982191,0.0,0.0982191,0.024554774
47719,0.5655505,0.012127653,1.1189734,1.3279426,0.0,1.3279426,0.33198565
47722,0.43809155,0.012031786,0.8641513,0.74452305,0.0,0.74452305,0.18613076
47725,0.071480736,0.01143232,0.13152915,0.16192442,0.0,0.16192442,0.040481105
47727,0.041238993,0.011296146,0.07118184,0.09168468,0.0,0.09168468,0.02292117
47730,0.20905006,0.011134237,0.40696588,0.47504878,0.0,0.47504878,0.118762195
47732,0.45724407,0.011104311,0.9033838,0.74445933,0.0,0.74445933,0.18611483
47735,0.27043575,0.010398366,0.5304732,0.46549162,0.0,0.46549162,0.116372906
47738,0.48569906,0.009929233,0.9614689,1.1237566,0.0,1.1237566,0.28093916
47740,0.09468765,0.009812359,0.17956294,0.20316388,0.0,0.20316388,0.05079097
47743,0.3679994,0.009150785,0.72684795,0.62624997,0.0,0.62624997,0.15656249
47746,0.45619154,0.008395437,0.90398765,0.99375457,0.0,0.99375457,0.24843864
47748,0.07728939,0.007578624,0.14700015,0.15895087,0.0,0.15895087,0.039737716
47751,0.01623605,0.00710749,0.02536461,0.041582476,0.0,0.041582476,0.010395619
47753,0.16521934,0.006826874,0.3236118,0.29238883,0.0,0.29238883,0.07309721
47756,0.6387428,0.0060787774,1.2714068,1.3651861,0.0,1.3651861,0.34129652
47759,0.04917829,0.005180662,0.093175925,0.0694429,0.0,0.0694429,0.017360725
47761,0.5407192,0.004657401,1.076781,1.0224261,0.0,1.0224261,0.25560653
47764,0.23706533,0.004405579,0.4697251,0.4295756,0.0,0.4295756,0.1073939
47766,0.061602797,0.0039446396,0.11926096,0.12964863,0.0,0.12964863,0.032412156
47769,0.31681752,0.0034264643,0.63020855,0.56565744,0.0,0.56565744,0.14141436
47772,0.27805495,0.0028508387,0.5532591,0.60080737,0.0,0.60080737,0.15020184
47774,0.07885921,0.0026218314,0.15509659,0.13540334,0.0,0.13540334,0.033850834
47777,0.037352484,0.0027241427,0.07198083,0.074705176,0.0,0.074705176,0.018676294
47779,0.28931454,0.002503558,0.5761255,0.610811,0.0,0.610811,0.15270275
47782,0.18638253,0.0023955503,0.37036952,0.4049828,0.0,0.4049828,0.1012457
47785,0.13322134,0.0026830148,0.26375964,0.2880851,0.0,0.2880851,0.072021276
47787,0.108420365,0.0025888553,0.21425188,0.18879439,0.0,0.18879439,0.047198597
47790,0.16661581,0.002624376,0.33060727,0.29881153,0.0,0.29881153,0.07470288
47793,0.14763556,0.0027723182,0.29249883,0.26101205,0.0,0.26101205,0.06525301
47795,0.106676124,0.002756504,0.21059574,0.18877007,0.0,0.18877007,0.047192518
47798,0.093945466,0.002873499,0.18501742,0.1712708,0.0,0.1712708,0.0428177
47800,0.25160703,0.0031146985,0.50009936,0.5373257,0.0,0.5373257,0.13433142
47803,0.122287564,0.0027868126,0.24178831,0.20789886,0.0,0.20789886,0.051974714
47806,0.5598447,0.0027641682,1.1169252,1.1955436,0.0,1.1955436,0.2988859
47808,0.07522947,0.0027637973,0.14769515,0.13440849,0.0,0.13440849,0.033602122
47811,0.12261408,0.0027141776,0.24251397,0.20471871,0.0,0.20471871,0.051179677
47813,0.42343107,0.0027708393,0.84409136,0.91363424,0.0,0.91363424,0.22840856
47816,0.12488031,0.0027367163,0.2470239,0.28869775,0.0,0.28869775,0.07217444
47819,0.27991712,0.002796808,0.5570374,0.62192637,0.0,0.62192637,0.15548159
47821,0.02594244,0.0028095718,0.049075305,0.052122843,0.0,0.052122843,0.013030711
47824,0.038947474,0.002797043,0.07509791,0.086223684,0.0,0.086223684,0.021555921
47826,0.49341094,0.00283348,0.98398846,0.90165854,0.0,0.90165854,0.22541463
47829,0.06413876,0.0027886683,0.12548886,0.108089,0.0,0.108089,0.02702225
47832,0.42534223,0.0027899619,0.8478945,0.7797491,0.0,0.7797491,0.19493727
47834,0.18443716,0.0028104875,0.36606383,0.32321987,0.0,0.32321987,0.08080497
47837,0.56945413,0.0028893314,1.1360189,1.0535377,0.0,1.0535377,0.26338443
47840,0.18142174,0.002865494,0.35997796,0.38673937,0.0,0.38673937,0.09668484
47842,0.032508787,0.0030266922,0.061990876,0.06968138,0.0,0.06968138,0.017420346
47845,0.21317308,0.0030367253,0.42330942,0.38322592,0.0,0.38322592,0.09580648
47847,0.7962618,0.0029718122,1.5895518,1.4948632,0.0,1.4948632,0.3737158
47850,0.051208925,0.003068719,0.09934913,0.120535076,0.0,0.120535076,0.030133769
47853,0.11821552,0.0030921372,0.2333389,0.24555834,0.0,0.24555834,0.061389584
47855,0.04653594,0.0030542638,0.09001762,0.07093146,0.0,0.07093146,0.017732864
47858,0.24635412,0.0030490973,0.48965916,0.4489958,0.0,0.4489958,0.11224895
47860,0.01168818,0.0029218972,0.020454464,0.023417095,0.0,0.023417095,0.0058542737
47863,0.21085447,0.0029917967,0.41871715,0.45334992,0.0,0.45334992,0.11333748
47866,0.26521763,0.0029533778,0.52748185,0.4814104,0.0,0.4814104,0.1203526
47868,0.102994256,0.002837577,0.20315093,0.18090935,0.0,0.18090935,0.045227338
47871,0.056498766,0.0026950706,0.110302456,0.09351179,0.0,0.09351179,0.023377948
47873,0.29739532,0.0025170683,0.5922736,0.6543358,0.0,0.6543358,0.16358395
47876,0.04790059,0.0025610453,0.09324014,0.11254815,0.0,0.11254815,0.028137038
47879,0.58164555,0.0026238759,1.1606673,1.0818781,0.0,1.0818781,0.27046952
47881,0.08061248,0.002648852,0.15857612,0.13377507,0.0,0.13377507,0.033443768
47884,0.09737455,0.0026692718,0.19207983,0.21917798,0.0,0.21917798,0.054794494
47887,0.31415614,0.002590215,0.62572205,0.5673063,0.0,0.5673063,0.14182657
47889,0.1545534,0.0027225784,0.3063842,0.35234812,0.0,0.35234812,0.08808703
47892,0.068096645,0.0030786197,0.13311468,0.145191,0.0,0.145191,0.03629775
47894,0.044547554,0.0031259342,0.08596917,0.07547229,0.0,0.07547229,0.018868072
47897,0.30006102,0.0030608142,0.5970612,0.5300279,0.0,0.5300279,0.13250698
47900,0.076450944,0.003138282,0.1497636,0.18907048,0.0,0.18907048,0.04726762
47902,0.73693544,0.0030380946,1.4708328,1.3701457,0.0,1.3701457,0.34253642
47905,0.6425372,0.0031919044,1.2818825,1.1749072,0.0,1.1749072,0.2937268
47907,0.16775022,0.0032917801,0.33220866,0.39165488,0.0,0.39165488,0.09791372
47910,0.64356554,0.003350556,1.2837805,1.1680912,0.0,1.1680912,0.2920228
47913,0.1018498,0.003205842,0.20049377,0.1589576,0.0,0.1589576,0.0397394
47915,0.13907161,0.0034313097,0.27471194,0.33055976,0.0,0.33055976,0.08263994
47918,0.045812234,0.0035028365,0.08812163,0.09466368,0.0,0.09466368,0.02366592
47920,0.1135881,0.003780179,0.22339602,0.17250435,0.0,0.17250435,0.043126088
47923,0.03212737,0.0038604995,0.06039424,0.049126532,0.0,0.049126532,0.012281633
47926,0.044334754,0.004002124,0.084667385,0.103541076,0.0,0.103541076,0.025885269
47928,0.65448827,0.004267646,1.304709,1.4408635,0.0,1.4408635,0.36021587
47931,0.024247164,0.0045169466,0.04397738,0.030620748,0.0,0.030620748,0.007655187
47934,0.11642762,0.0050907917,0.22776444,0.26881397,0.0,0.26881397,0.06720349
47936,0.096691705,0.004963272,0.18842013,0.23589021,0.0,0.23589021,0.058972552
47939,0.10030646,0.004952471,0.19566046,0.15851188,0.0,0.15851188,0.03962797
47941,0.22279428,0.0050629997,0.44052553,0.37372434,0.0,0.37372434,0.093431085
47944,0.07851942,0.005109316,0.15192951,0.11420139,0.0,0.11420139,0.028550347
47947,0.029517138,0.004997018,0.054037258,0.040082023,0.0,0.040082023,0.010020506
47949,0.26915234,0.0048261867,0.5334785,0.609086,0.0,0.609086,0.1522715
47952,0.45519385,0.005016479,0.9053712,1.0203599,0.0,1.0203599,0.25508997
47954,0.3551173,0.0052336496,0.7050009,0.60652375,0.0,0.60652375,0.15163094
47957,0.48969063,0.005473277,0.97390795,0.85378534,0.0,0.85378534,0.21344633
47960,0.18999176,0.006024137,0.3739594,0.29295844,0.0,0.29295844,0.07323961
47962,0.5429631,0.0059244237,1.0800017,0.9416089,0.0,0.9416089,0.23540223
47965,0.660159,0.0060005947,1.3143173,1.1575648,0.0,1.1575648,0.2893912
47967,0.11710804,0.0062588095,0.22795726,0.2880143,0.0,0.2880143,0.07200357
47970,0.5336954,0.0058460105,1.0615448,0.922373,0.0,0.922373,0.23059325
47973,0.037269205,0.0054713786,0.06906703,0.05101089,0.0,0.05101089,0.012752723
47975,0.17082997,0.0053878506,0.3362721,0.26753435,0.0,0.26753435,0.06688359
47978,0.28187644,0.005569869,0.558183,0.46199378,0.0,0.46199378,0.115498446
47981,0.32380658,0.005616332,0.6419968,0.5564287,0.0,0.5564287,0.13910717
47983,0.3137614,0.0055891597,0.62193364,0.5218883,0.0,0.5218883,0.13047208
47986,0.06447588,0.0053942897,0.12355747,0.08910084,0.0,0.08910084,0.02227521
47988,0.122757725,0.005398222,0.24011724,0.28202996,0.0,0.28202996,0.07050749
47991,0.2282332,0.0053712674,0.45109513,0.5372431,0.0,0.5372431,0.13431078
47994,0.019155301,0.005213344,0.03309726,0.045247097,0.0,0.045247097,0.011311774
47996,0.10203879,0.0051165572,0.19896102,0.23884165,0.0,0.23884165,0.059710413
47999,0.03627652,0.004952813,0.06760023,0.09434985,0.0,0.09434985,0.023587463
48001,0.41208968,0.0048203687,0.819359,0.7153845,0.0,0.7153845,0.17884612
48004,0.2586292,0.0048662703,0.5123921,0.45005956,0.0,0.45005956,0.11251489
48007,0.03046692,0.004841698,0.05609214,0.074471235,0.0,0.074471235,0.018617809
48009,0.022232058,0.004535616,0.0399285,0.04989643,0.0,0.04989643,0.012474108
48012,0.15952118,0.004197378,0.31484497,0.3615968,0.0,0.3615968,0.0903992
48014,0.19314808,0.0041384106,0.3821577,0.33039203,0.0,0.33039203,0.08259801
48017,0.77604717,0.0040135714,1.5480808,1.672699,0.0,1.672699,0.41817474
48020,0.08760057,0.0039679282,0.17123322,0.20334816,0.0,0.20334816,0.05083704
48022,0.108435065,0.0039270506,0.21294308,0.16967161,0.0,0.16967161,0.042417902
48025,0.13532193,0.0038946029,0.26674926,0.22117372,0.0,0.22117372,0.05529343
48028,0.24388056,0.0036504485,0.48411062,0.4217352,0.0,0.4217352,0.1054338
48030,0.20216565,0.0036570432,0.40067422,0.34669366,0.0,0.34669366,0.086673416
48033,0.22689407,0.0034896713,0.45029846,0.50585806,0.0,0.50585806,0.12646452
48035,0.08277566,0.0035079916,0.16204333,0.18676923,0.0,0.18676923,0.046692308
48038,0.47948167,0.0035624031,0.95540094,0.86262065,0.0,0.86262065,0.21565516
48041,0.12881197,0.0036303939,0.25399354,0.29970276,0.0,0.29970276,0.07492569
48043,0.13208273,0.003579832,0.26058564,0.21862496,0.0,0.21862496,0.05465624
48046,0.13705961,0.0029237338,0.2711955,0.31273407,0.0,0.31273407,0.07818352
48048,0.2877991,0.0030124355,0.57258576,0.63576406,0.0,0.63576406,0.15894102
48051,0.08733559,0.0028102968,0.17186087,0.15765256,0.0,0.15765256,0.03941314
48054,0.30021194,0.0030427463,0.5973811,0.5285801,0.0,0.5285801,0.13214503
48056,0.44111004,0.0028425753,0.87937754,0.96789306,0.0,0.96789306,0.24197327
48059,0.10975643,0.002820571,0.21669228,0.23441608,0.0,0.23441608,0.05860402
48062,0.24476926,0.0029140704,0.48662445,0.42432144,0.0,0.42432144,0.10608036
48064,0.46642745,0.002913475,0.9299414,0.8430457,0.0,0.8430457,0.21076143
48067,0.061359268,0.0028689697,0.11984956,0.10480695,0.0,0.10480695,0.026201738
48069,0.15652363,0.0027517348,0.31029552,0.36570892,0.0,0.36570892,0.09142723
48072,0.20115535,0.0029723793,0.39933833,0.34622145,0.0,0.34622145,0.08655536
48075,0.20425874,0.003595534,0.40492192,0.35487473,0.0,0.35487473,0.08871868
48077,0.047845453,0.0041620284,0.09152887,0.11333857,0.0,0.11333857,0.028334642
48080,0.1970198,0.0039561302,0.39008346,0.3453803,0.0,0.3453803,0.08634508
48082,0.043041464,0.0040355227,0.0820474,0.06300049,0.0,0.06300049,0.015750123
48085,0.42976427,0.0038304727,0.85569805,0.7843531,0.0,0.7843531,0.19608827
48088,0.15984139,0.004037078,0.3156457,0.355386,0.0,0.355386,0.0888465
48090,0.077597044,0.0036191742,0.15157491,0.17964661,0.0,0.17964661,0.044911653
48093,0.32526064,0.0038794028,0.6466419,0.57127196,0.0,0.57127196,0.14281799
48095,0.30330503,0.004202598,0.60240746,0.52256,0.0,0.52256,0.13064
48098,0.015917677,0.0042496207,0.027585736,0.03105495,0.0,0.03105495,0.0077637373
48101,0.050559808,0.004201835,0.09691778,0.07795117,0.0,0.07795117,0.019487793
48103,0.044635642,0.004214875,0.08505642,0.09735533,0.0,0.09735533,0.024338832
48106,0.07857578,0.004257832,0.15289374,0.19260715,0.0,0.19260715,0.048151787
48109,0.11389193,0.004283679,0.22350018,0.19451499,0.0,0.19451499,0.048628747
48111,0.041012738,0.0042842575,0.07774121,0.06379711,0.0,0.06379711,0.015949277
48114,0.11317096,0.0044059786,0.22193594,0.17205186,0.0,0.17205186,0.043012965
48116,0.13359861,0.0043304963,0.2628667,0.20548566,0.0,0.20548566,0.051371414
48119,0.031044444,0.004382174,0.057706714,0.0739818,0.0,0.0739818,0.01849545
48122,0.10061231,0.004830263,0.19639437,0.22077292,0.0,0.22077292,0.05519323
48124,0.08441644,0.004704733,0.16412815,0.20413874,0.0,0.20413874,0.051034685
48127,0.26334214,0.0045615025,0.5221228,0.6023721,0.0,0.6023721,0.15059303
48129,0.2805228,0.0047610146,0.5562846,0.4742787,0.0,0.4742787,0.11856967
48132,0.06290417,0.004781757,0.1210266,0.089425236,0.0,0.089425236,0.022356309
48135,0.16603334,0.004520794,0.32754588,0.2813872,0.0,0.2813872,0.0703468
48137,0.057519156,0.0044675246,0.11057079,0.13869144,0.0,0.13869144,0.03467286
48140,0.25408697,0.004605217,0.5035687,0.5780728,0.0,0.5780728,0.1445182
48142,0.6869063,0.0046687373,1.3691438,1.2403612,0.0,1.2403612,0.3100903
48145,0.01570368,0.0047503356,0.026657024,0.036904145,0.0,0.036904145,0.009226036
48148,0.17223005,0.0047041546,0.33975592,0.4020749,0.0,0.4020749,0.100518726
48150,0.13446362,0.004827538,0.26409972,0.21160336,0.0,0.21160336,0.05290084
48153,0.18554413,0.0049853195,0.36610293,0.29897046,0.0,0.29897046,0.074742615
48156,0.065781415,0.0049699694,0.12659286,0.16173835,0.0,0.16173835,0.040434588
48158,0.17483342,0.005090924,0.3445759,0.40568915,0.0,0.40568915,0.10142229
48161,0.043121304,0.0050350786,0.08120753,0.06401368,0.0,0.06401368,0.01600342
48163,0.08600586,0.0051284097,0.1668833,0.19797474,0.0,0.19797474,0.049493685
48166,0.32382068,0.0051075798,0.6425338,0.54944456,0.0,0.54944456,0.13736114
48169,0.74232274,0.0051516998,1.4794937,1.6489662,0.0,1.6489662,0.41224155
48171,0.044759694,0.0051610414,0.08435836,0.062105957,0.0,0.062105957,0.015526489
48174,0.12738559,0.0051741074,0.24959707,0.30867335,0.0,0.30867335,0.07716834
48176,0.39071286,0.005154609,0.7762711,0.87795085,0.0,0.87795085,0.21948771
48179,0.1305824,0.0051407255,0.2560241,0.20220028,0.0,0.20220028,0.05055007
48182,0.022645162,0.005369595,0.03992073,0.049108997,0.0,0.049108997,0.012277249
48184,0.11586935,0.0054225065,0.2263162,0.2828413,0.0,0.2828413,0.070710324
48187,0.3661174,0.005641274,0.7265935,0.6122831,0.0,0.6122831,0.15307078
48189,0.148582,0.005729411,0.29143456,0.22213054,0.0,0.22213054,0.055532634
48192,0.3940018,0.0058969776,0.78210664,0.9105213,0.0,0.9105213,0.22763033
48195,0.08441455,0.0059840847,0.16284502,0.1854705,0.0,0.1854705,0.046367627
48197,0.017049974,0.0061092977,0.027990649,0.028493434,0.0,0.028493434,0.0071233585
48200,0.26314184,0.0061048088,0.52017885,0.42568383,0.0,0.42568383,0.10642096
48203,0.06477485,0.006122518,0.123427175,0.1475022,0.0,0.1475022,0.03687555
48205,0.26426086,0.0061928076,0.5223289,0.42610583,0.0,0.42610583,0.10652646
48208,0.4264648,0.0062551363,0.84667444,0.98480445,0.0,0.98480445,0.24620111
48210,0.23693508,0.0063797985,0.46749035,0.56681216,0.0,0.56681216,0.14170304
48213,0.2584972,0.006655954,0.5103384,0.41490683,0.0,0.41490683,0.10372671
48216,0.08211,0.00684963,0.15737037,0.20736437,0.0,0.20736437,0.05184109
48218,0.2512432,0.0069990125,0.49548736,0.4011834,0.0,0.4011834,0.10029585
48221,0.19480522,0.007180639,0.3824298,0.306436,0.0,0.306436,0.076609
48223,0.59819806,0.0072335615,1.1891626,1.01813,0.0,1.01813,0.2545325
48226,0.08958895,0.0073833745,0.17179453,0.20532487,0.0,0.20532487,0.05133122
48229,0.4236726,0.007569051,0.8397761,0.97437525,0.0,0.97437525,0.24359381
48231,0.056534965,0.0076992754,0.10537066,0.07489007,0.0,0.07489007,0.018722517
48234,0.17850198,0.007974795,0.34902918,0.43516815,0.0,0.43516815,0.10879204
48236,0.13952486,0.008191145,0.2708586,0.2009949,0.0,0.2009949,0.050248723
48239,0.06128246,0.008675768,0.11388916,0.08116007,0.0,0.08116007,0.020290017
48242,0.1896305,0.009572801,0.36968818,0.26945466,0.0,0.26945466,0.067363665
48244,0.060362533,0.009892856,0.110832214,0.0704784,0.0,0.0704784,0.0176196
48247,0.13456689,0.010347396,0.25878635,0.3556385,0.0,0.3556385,0.088909626
48250,0.7221725,0.010883761,1.4334612,1.2099794,0.0,1.2099794,0.30249485
48252,0.43515038,0.0111813275,0.8591194,0.69595766,0.0,0.69595766,0.17398942
48255,0.02439288,0.011702186,0.037083577,0.04831153,0.0,0.04831153,0.012077883
48257,0.05458583,0.012225256,0.096946396,0.060986023,0.0,0.060986023,0.015246506
48260,0.038794022,0.012579997,0.065008044,0.073222734,0.0,0.073222734,0.018305684
48263,0.037666682,0.013031919,0.062301446,0.040093962,0.0,0.040093962,0.0100234905
48265,0.63651365,0.013164483,1.2598628,1.4993674,0.0,1.4993674,0.37484184
48268,0.08969301,0.013358228,0.1660278,0.21475029,0.0,0.21475029,0.053687572
48270,0.88002163,0.01352962,1.7465137,1.4690895,0.0,1.4690895,0.36727238
48273,0.23773743,0.013840807,0.46163407,0.60779375,0.0,0.60779375,0.15194844
48276,0.04985881,0.0142258415,0.08549178,0.051780373,0.0,0.051780373,0.012945093
48278,0.28306475,0.014154569,0.55197495,0.7241168,0.0,0.7241168,0.1810292
48281,0.06540981,0.014637518,0.1161821,0.18028529,0.0,0.18028529,0.045071322
48283,0.2872112,0.014903092,0.5595193,0.7426979,0.0,0.7426979,0.18567447
48286,0.0477268,0.015337615,0.08011598,0.11840451,0.0,0.11840451,0.029601127
48289,0.5188746,0.01613429,1.0216149,0.8103738,0.0,0.8103738,0.20259345
48291,0.4058313,0.016290665,0.79537195,0.5945074,0.0,0.5945074,0.14862685
48294,0.4603543,0.016021976,0.9046866,0.6929259,0.0,0.6929259,0.17323147
48297,0.07595449,0.015885826,0.13602315,0.18817025,0.0,0.18817025,0.047042564
48299,0.12011936,0.015723588,0.22451514,0.3339913,0.0,0.3339913,0.08349782
48302,0.18223463,0.015492894,0.34897637,0.23842324,0.0,0.23842324,0.05960581
48304,0.0664952,0.015222639,0.11776777,0.06095107,0.0,0.06095107,0.015237767
48307,0.30080897,0.015021595,0.5865963,0.45420846,0.0,0.45420846,0.113552116
48310,0.07899139,0.014741483,0.1432413,0.19545007,0.0,0.19545007,0.048862517
48312,0.09673145,0.0145491855,0.1789137,0.2533316,0.0,0.2533316,0.0633329
48315,0.047318365,0.014094758,0.08054197,0.1193778,0.0,0.1193778,0.02984445
48317,0.041538432,0.013947132,0.069129735,0.090216994,0.0,0.090216994,0.022554249
48320,0.022182062,0.013603799,0.030760327,0.03116224,0.0,0.03116224,0.00779056
48323,0.10985582,0.013021429,0.2066902,0.14557794,0.0,0.14557794,0.036394484
48325,0.04815355,0.012535736,0.08377137,0.12158829,0.0,0.12158829,0.030397072
48328,0.06796489,0.01207142,0.123858355,0.16239291,0.0,0.16239291,0.04059823
48330,0.3223721,0.011654444,0.6330897,0.5280502,0.0,0.5280502,0.13201255
48333,0.10209922,0.011136126,0.1930623,0.24519126,0.0,0.24519126,0.061297815
48336,0.05424967,0.010192896,0.09830644,0.06539509,0.0,0.06539509,0.016348772
48338,0.026731655,0.010029522,0.043433785,0.05914566,0.0,0.05914566,0.014786415
48341,0.09168032,0.009359622,0.17400102,0.22211643,0.0,0.22211643,0.055529106
48344,0.20008808,0.0087259365,0.39145026,0.44648257,0.0,0.44648257,0.11162064
48346,0.038929004,0.008442075,0.069415934,0.051573664,0.0,0.051573664,0.012893416
48349,0.8056341,0.00778231,1.603486,1.4285097,0.0,1.4285097,0.35712743
48351,0.6141381,0.0075370264,1.2207392,1.0736905,0.0,1.0736905,0.26842263
48354,0.042098153,0.0067899055,0.07740641,0.058061525,0.0,0.058061525,0.014515381
48357,0.29245955,0.0067029223,0.57821614,0.49948516,0.0,0.49948516,0.12487129
48359,0.23737884,0.0065211295,0.46823654,0.40725055,0.0,0.40725055,0.10181264
48362,0.24998717,0.006113529,0.4938608,0.55460304,0.0,0.55460304,0.13865076
48364,0.070847146,0.0058141085,0.13588019,0.10970652,0.0,0.10970652,0.02742663
48367,0.28739414,0.0054522804,0.569336,0.62767315,0.0,0.62767315,0.15691829
48370,0.18918188,0.0050481088,0.37331566,0.32422736,0.0,0.32422736,0.08105684
48372,0.077569775,0.0048222276,0.15031733,0.17736597,0.0,0.17736597,0.044341493
48375,0.073379524,0.0043442277,0.14241482,0.12126795,0.0,0.12126795,0.030316988
48377,0.05322182,0.0040067043,0.10243694,0.116865575,0.0,0.116865575,0.029216394
48380,0.025288543,0.0037318382,0.046845246,0.05612119,0.0,0.05612119,0.014030297
48383,0.08925184,0.0033165424,0.17518713,0.14563592,0.0,0.14563592,0.03640898
48385,0.084534906,0.0032500476,0.16581975,0.14178337,0.0,0.14178337,0.035445843
48388,0.14333208,0.0027936727,0.2838705,0.31980518,0.0,0.31980518,0.079951294
48391,0.039192945,0.00264869,0.0757372,0.08591781,0.0,0.08591781,0.021479452
48393,0.36926794,0.0025588966,0.735977,0.6628485,0.0,0.6628485,0.16571212
48396,0.12035542,0.0027599179,0.23795092,0.26987913,0.0,0.26987913,0.06746978
48398,0.16362523,0.0028557873,0.32439467,0.35944536,0.0,0.35944536,0.08986134
48401,0.4381963,0.002906546,0.87348604,0.93456584,0.0,0.93456584,0.23364146
48404,0.13308458,0.002950222,0.2632189,0.23199289,0.0,0.23199289,0.05799822
48406,0.025248064,0.00323579,0.047260333,0.055372756,0.0,0.055372756,0.013843189
48409,0.37695456,0.0033960638,0.7505131,0.67976594,0.0,0.67976594,0.16994148
48411,0.30003655,0.003353757,0.5967193,0.5294056,0.0,0.5294056,0.1323514
48414,0.04145209,0.003390162,0.07951402,0.062684685,0.0,0.062684685,0.015671171
48417,0.14217706,0.0030096546,0.28134444,0.30976775,0.0,0.30976775,0.07744194
48419,0.076905794,0.0028346211,0.15097697,0.12644418,0.0,0.12644418,0.031611044
48422,0.3004589,0.0031801376,0.59773767,0.5429159,0.0,0.5429159,0.13572897
48424,0.6587775,0.0028976768,1.3146573,1.411625,0.0,1.411625,0.35290626
48427,0.7205431,0.003061299,1.4380249,1.3463454,0.0,1.3463454,0.33658636
48430,0.19887374,0.0028767928,0.39487067,0.3524674,0.0,0.3524674,0.08811685
48432,0.36320618,0.0028566855,0.72355574,0.6673443,0.0,0.6673443,0.16683607
48435,0.105305426,0.0029119358,0.2076989,0.23976214,0.0,0.23976214,0.059940536
48438,0.15627778,0.0029146362,0.3096409,0.2708452,0.0,0.2708452,0.0677113
48440,0.29028,0.0030801974,0.57747984,0.52477974,0.0,0.52477974,0.13119493
48443,0.11195419,0.0029607255,0.22094767,0.2543045,0.0,0.2543045,0.063576125
48445,0.12689732,0.0030663398,0.25072828,0.28698874,0.0,0.28698874,0.071747184
48448,0.060234297,0.0031269195,0.117341675,0.14308597,0.0,0.14308597,0.035771493
48451,0.2929735,0.0030154989,0.58293146,0.6460237,0.0,0.6460237,0.16150592
48453,0.034665946,0.003050143,0.06628174,0.07192985,0.0,0.07192985,0.017982462
48456,0.18555409,0.0030335896,0.36807457,0.3176197,0.0,0.3176197,0.07940493
48458,0.17770429,0.0030027966,0.3524058,0.3073608,0.0,0.3073608,0.0768402
48461,0.56426233,0.0029864407,1.1255382,1.2272034,0.0,1.2272034,0.30680084
48464,0.8646924,0.0030988532,1.7262859,1.6118721,0.0,1.6118721,0.40296802
48466,0.3553147,0.003163931,0.70746547,0.78360677,0.0,0.78360677,0.19590169
48469,0.4412074,0.0032088205,0.879206,0.963921,0.0,0.963921,0.24098025
48471,0.039029915,0.0032099846,0.074849844,0.059481665,0.0,0.059481665,0.014870416
48474,0.6283807,0.0032590472,1.2535024,1.1599631,0.0,1.1599631,0.28999078
48477,0.18140809,0.0033827021,0.3594335,0.4111371,0.0,0.4111371,0.102784276
48479,0.04236557,0.0033192306,0.081411906,0.09597073,0.0,0.09597073,0.023992682
48482,0.28176633,0.0033063933,0.56022626,0.4866806,0.0,0.4866806,0.12167015
48485,1.0542328,0.0034554296,2.1050103,1.9490427,0.0,1.9490427,0.48726067
48487,0.22359699,0.0034691512,0.44372484,0.50871825,0.0,0.50871825,0.12717956
48490,0.18704323,0.0036044687,0.370482,0.43623304,0.0,0.43623304,0.10905826
48492,0.21121281,0.0036255044,0.41880012,0.35993207,0.0,0.35993207,0.089983016
48495,0.031251084,0.0036547126,0.058847457,0.045296732,0.0,0.045296732,0.011324183
48498,0.13662176,0.0036122298,0.2696313,0.31472433,0.0,0.31472433,0.07868108
48500,0.07031914,0.0036364535,0.13700183,0.11456493,0.0,0.11456493,0.028641233
48503,0.29456067,0.0036717104,0.58544964,0.5016739,0.0,0.5016739,0.12541847
48505,0.12896915,0.0036635494,0.25427476,0.3023702,0.0,0.3023702,0.07559255
48508,0.046674073,0.00368075,0.0896674,0.11073223,0.0,0.11073223,0.027683057
48511,0.04790869,0.0036799407,0.09213743,0.10555166,0.0,0.10555166,0.026387915
48513,0.33213592,0.0037067763,0.6605651,0.5778586,0.0,0.5778586,0.14446466
48516,0.36028063,0.0037305697,0.71683073,0.63310647,0.0,0.63310647,0.15827662
48518,0.13537505,0.0037806518,0.26696947,0.21597011,0.0,0.21597011,0.05399253
48521,0.14076303,0.0038641077,0.27766195,0.23812608,0.0,0.23812608,0.05953152
48524,0.018906655,0.0039454973,0.03386781,0.040448584,0.0,0.040448584,0.010112146
48526,0.53308,0.004002319,1.0621576,0.9459812,0.0,0.9459812,0.2364953
48529,0.0905737,0.0040042754,0.17714311,0.21656354,0.0,0.21656354,0.054140884
48532,0.025673157,0.003956218,0.047390092,0.058915425,0.0,0.058915425,0.014728856
48534,0.22068982,0.0039741746,0.43740547,0.51747847,0.0,0.51747847,0.12936962
48537,0.065799,0.0040118233,0.12758617,0.15122055,0.0,0.15122055,0.037805136
48539,0.030653246,0.00403834,0.057268154,0.07349538,0.0,0.07349538,0.018373845
48542,0.15198292,0.004071033,0.2998948,0.36022353,0.0,0.36022353,0.09005588
48545,0.066691495,0.0040712636,0.12931173,0.1477204,0.0,0.1477204,0.0369301
48547,0.18866165,0.00412932,0.37319398,0.31041157,0.0,0.31041157,0.07760289
48550,0.08756206,0.0040939176,0.17103021,0.21718663,0.0,0.21718663,0.054296657
48552,0.3169298,0.0040771123,0.62978244,0.54621774,0.0,0.54621774,0.13655443
48555,0.16998549,0.003990415,0.33598056,0.38471827,0.0,0.38471827,0.09617957
48558,0.08890226,0.0039583924,0.17384613,0.21985418,0.0,0.21985418,0.054963544
48560,0.07872396,0.003946366,0.15350156,0.175498,0.0,0.175498,0.0438745
48563,0.0647688,0.0039345757,0.12560304,0.10377651,0.0,0.10377651,0.025944127
48566,0.1584882,0.0039218194,0.31305456,0.26386365,0.0,0.26386365,0.06596591
48568,0.053990204,0.00385191,0.1041285,0.118834555,0.0,0.118834555,0.029708639
48571,0.11649633,0.0038491266,0.22914355,0.18215616,0.0,0.18215616,0.04553904
48573,0.12688567,0.0037996804,0.24997167,0.28864422,0.0,0.28864422,0.072161056
48576,0.32714194,0.003891265,0.6503926,0.5670927,0.0,0.5670927,0.14177318
48579,0.041460212,0.003859435,0.07906099,0.08875411,0.0,0.08875411,0.022188528
48581,0.0694358,0.0038890422,0.13498254,0.104660034,0.0,0.104660034,0.026165009
48584,0.20958136,0.003906481,0.41525623,0.47906843,0.0,0.47906843,0.11976711
48586,0.39195755,0.0039220606,0.77999306,0.8798902,0.0,0.8798902,0.21997255
48589,0.11150936,0.003960379,0.21905835,0.18363605,0.0,0.18363605,0.045909014
48592,0.24777393,0.0039317454,0.4916161,0.42721322,0.0,0.42721322,0.106803305
48594,0.2646948,0.0039037007,0.52548593,0.44898152,0.0,0.44898152,0.11224538
48597,0.106873006,0.0038823455,0.20986366,0.17002678,0.0,0.17002678,0.042506695
48599,0.03385934,0.0039275647,0.06379111,0.070993006,0.0,0.070993006,0.017748252
48602,0.033834964,0.0039317408,0.06373819,0.06951392,0.0,0.06951392,0.01737848
48605,0.26354048,0.004248625,0.52283233,0.4480193,0.0,0.4480193,0.112004824
48607,0.081418194,0.004355867,0.15848053,0.2015763,0.0,0.2015763,0.050394077
48610,0.03972823,0.00466237,0.07479409,0.05758738,0.0,0.05758738,0.014396845
48613,0.20502724,0.004845138,0.40520933,0.47777924,0.0,0.47777924,0.11944481
48615,0.307159,0.0050331517,0.6092849,0.5177171,0.0,0.5177171,0.12942928
48618,0.37746283,0.0054075667,0.7495181,0.6460128,0.0,0.6460128,0.1615032
48620,0.4127072,0.0057450416,0.8196694,0.7062259,0.0,0.7062259,0.17655647
48623,0.7529878,0.00606589,1.4999098,1.335692,0.0,1.335692,0.333923
48626,0.8653722,0.0062311157,1.7245132,1.5444432,0.0,1.5444432,0.3861108
48628,0.056226835,0.006446256,0.10600742,0.1591224,0.0,0.1591224,0.0397806
48631,0.6239491,0.0069019734,1.2409962,1.4108578,0.0,1.4108578,0.35271445
48633,0.103354335,0.0071511283,0.19955754,0.22803712,0.0,0.22803712,0.05700928
48636,0.09346806,0.007609669,0.17932646,0.14883216,0.0,0.14883216,0.03720804
48639,0.065387286,0.0078003537,0.12297422,0.1798686,0.0,0.1798686,0.04496715
48641,0.04049156,0.007845656,0.07313746,0.054824945,0.0,0.054824945,0.013706236
48644,0.4402741,0.007938924,0.8726092,0.72935754,0.0,0.72935754,0.18233939
48646,0.3083617,0.008006728,0.60871667,0.73781633,0.0,0.73781633,0.18445408
48649,0.023728093,0.008199534,0.03925665,0.023952797,0.0,0.023952797,0.0059881993
48652,0.30263624,0.008341531,0.5969309,0.47552022,0.0,0.47552022,0.118880056
48654,0.0378391,0.008515261,0.06716294,0.038025487,0.0,0.038025487,0.009506372
48657,0.04055379,0.008796566,0.07231101,0.10232246,0.0,0.10232246,0.025580615
48660,0.14067174,0.009076773,0.27226672,0.20468529,0.0,0.20468529,0.05117132
48662,0.04098658,0.009182347,0.07279081,0.05425908,0.0,0.05425908,0.01356477
48665,0.2000138,0.009430174,0.39059743,0.49302348,0.0,0.49302348,0.12325587
48667,0.14108817,0.009400389,0.27277598,0.20983927,0.0,0.20983927,0.052459817
48670,0.23265831,0.00959729,0.45571932,0.5751343,0.0,0.5751343,0.14378357
48673,0.20081985,0.009469035,0.39217067,0.29736027,0.0,0.29736027,0.07434007
48675,0.22805627,0.0094569335,0.4466556,0.34682322,0.0,0.34682322,0.086705804
48678,0.38691345,0.009655088,0.76417184,0.61303943,0.0,0.61303943,0.15325986
48680,0.36078015,0.00974133,0.711819,0.87474966,0.0,0.87474966,0.21868742
48683,0.08428658,0.0098496005,0.15872356,0.21948381,0.0,0.21948381,0.054870952
48686,0.06592314,0.009924975,0.1219213,0.08763216,0.0,0.08763216,0.02190804
48688,0.28387165,0.00989894,0.55784434,0.43543017,0.0,0.43543017,0.10885754
48691,0.049786404,0.009875015,0.089697786,0.060817253,0.0,0.060817253,0.015204313
48693,0.2393981,0.009762398,0.4690338,0.5868357,0.0,0.5868357,0.14670892
48696,0.030097941,0.009570415,0.05062547,0.052882314,0.0,0.052882314,0.013220578
48699,0.022095151,0.0094366325,0.03475367,0.01709318,0.0,0.01709318,0.004273295
48701,0.18845434,0.008986932,0.36792174,0.4523715,0.0,0.4523715,0.11309288
48704,0.4377514,0.0088366745,0.86666614,0.73789185,0.0,0.73789185,0.18447296
48707,0.0713894,0.008709314,0.13406949,0.1786098,0.0,0.1786098,0.04465245
48709,0.13765849,0.008357952,0.26695904,0.3343401,0.0,0.3343401,0.083585024
48712,0.15470707,0.008249088,0.30116507,0.38294145,0.0,0.38294145,0.09573536
48714,0.07083004,0.0080136545,0.13364643,0.09338408,0.0,0.09338408,0.02334602
48717,0.25855288,0.0079584755,0.5091472,0.42083248,0.0,0.42083248,0.10520812
48720,0.22538072,0.007817994,0.44294345,0.5377402,0.0,0.5377402,0.13443504
48722,0.033247326,0.007672193,0.058822464,0.080004744,0.0,0.080004744,0.020001186
48725,0.2935593,0.007324137,0.57979447,0.70319575,0.0,0.70319575,0.17579894
48727,0.21300451,0.007140419,0.41886857,0.5053399,0.0,0.5053399,0.12633498
48730,0.53548914,0.006805467,1.0641727,1.2188511,0.0,1.2188511,0.30471277
48733,0.040087316,0.006791487,0.073383145,0.084190965,0.0,0.084190965,0.021047741
48735,0.20041086,0.006514337,0.39430737,0.3144602,0.0,0.3144602,0.07861505
48738,0.32404104,0.0064565185,0.6416256,0.53434104,0.0,0.53434104,0.13358526
48740,0.03678557,0.0064210617,0.06715008,0.097285904,0.0,0.097285904,0.024321476
48743,0.31210318,0.006398538,0.6178078,0.5255707,0.0,0.5255707,0.13139267
48746,0.8794834,0.006584721,1.7523822,1.9501649,0.0,1.9501649,0.48754123
48748,0.05604912,0.00642357,0.10567466,0.12519832,0.0,0.12519832,0.03129958
48751,0.058621258,0.0063165235,0.110925995,0.12632088,0.0,0.12632088,0.03158022
48754,0.24962617,0.006200183,0.49305215,0.59020144,0.0,0.59020144,0.14755036
48756,0.12325045,0.005933236,0.24056764,0.1878676,0.0,0.1878676,0.0469669
48759,0.055351645,0.005764565,0.10493872,0.14036673,0.0,0.14036673,0.035091683
48761,0.5441118,0.005684484,1.0825391,0.9608633,0.0,0.9608633,0.24021582
48764,0.05528879,0.0059521385,0.10462544,0.079869956,0.0,0.079869956,0.019967489
48767,0.1211482,0.005922859,0.23637354,0.28134453,0.0,0.28134453,0.07033613
48769,0.5423394,0.0057048216,1.0789739,0.9533898,0.0,0.9533898,0.23834746
48772,0.09375002,0.0057431855,0.18175685,0.21697086,0.0,0.21697086,0.054242715
48774,0.08937124,0.006045109,0.17269738,0.22552796,0.0,0.22552796,0.05638199
48777,0.042187627,0.006403528,0.07797172,0.09938199,0.0,0.09938199,0.024845498
48780,0.39453542,0.0066299066,0.7824409,0.90752417,0.0,0.90752417,0.22688104
48782,0.04747525,0.0063858074,0.088564694,0.12704593,0.0,0.12704593,0.031761482
48785,0.24057144,0.0063124155,0.47483048,0.57393056,0.0,0.57393056,0.14348264
48787,0.15897144,0.0065188208,0.31142405,0.24279432,0.0,0.24279432,0.06069858
48790,0.04807763,0.0065047108,0.08965055,0.12322108,0.0,0.12322108,0.03080527
48793,0.100285836,0.0068710144,0.19370067,0.25411746,0.0,0.25411746,0.063529365
48795,0.3055928,0.00699971,0.60418594,0.50051665,0.0,0.50051665,0.12512916
48798,0.06148093,0.00754091,0.115420945,0.086668216,0.0,0.086668216,0.021667054
48801,0.12933718,0.007992384,0.25068197,0.3031161,0.0,0.3031161,0.07577903
48803,0.8984166,0.008058642,1.7887745,1.578441,0.0,1.578441,0.39461026
48806,0.23921527,0.008049996,0.47038054,0.5776152,0.0,0.5776152,0.1444038
48808,0.19710426,0.008199598,0.3860089,0.4730657,0.0,0.4730657,0.118266426
48811,0.043357845,0.008730744,0.07798495,0.054206114,0.0,0.054206114,0.013551529
48814,0.3411483,0.009216428,0.67308015,0.80897635,0.0,0.80897635,0.20224409
48816,0.08395245,0.00974864,0.15815625,0.116564214,0.0,0.116564214,0.029141054
48819,0.45786178,0.0106752245,0.9050484,0.7335248,0.0,0.7335248,0.1833812
48821,0.46628034,0.0116524035,0.9209083,0.75016993,0.0,0.75016993,0.18754248
48824,0.34398642,0.0120547265,0.6759181,0.5298741,0.0,0.5298741,0.13246852
48827,0.15859449,0.012936796,0.30425218,0.42242837,0.0,0.42242837,0.10560709
48829,0.35169503,0.012861741,0.69052833,0.5282443,0.0,0.5282443,0.13206108
48832,0.037254766,0.013284477,0.061225053,0.07201196,0.0,0.07201196,0.01800299
48834,0.048873086,0.01369961,0.084046565,0.051334288,0.0,0.051334288,0.012833572
48837,0.25040597,0.013680086,0.48713183,0.64131033,0.0,0.64131033,0.16032758
48840,0.34872767,0.014586356,0.68286896,0.5142557,0.0,0.5142557,0.12856393
48842,0.593646,0.014911014,1.1723809,1.4209032,0.0,1.4209032,0.3552258
48845,0.40807632,0.014757407,0.80139524,0.6100402,0.0,0.6100402,0.15251005
48848,0.6700471,0.015589247,1.324505,1.0837071,0.0,1.0837071,0.27092677
48850,0.21757291,0.015272617,0.4198732,0.29936373,0.0,0.29936373,0.07484093
48853,0.20798449,0.015745865,0.4002231,0.5576663,0.0,0.5576663,0.13941658
48855,0.2441085,0.01561788,0.47259912,0.33894828,0.0,0.33894828,0.08473707
48858,0.123989284,0.01570662,0.23227195,0.14787126,0.0,0.14787126,0.036967814
48861,0.1211314,0.016247358,0.22601545,0.14771713,0.0,0.14771713,0.036929283
48863,0.048621956,0.01617402,0.081069894,0.112652995,0.0,0.112652995,0.028163249
48866,1.0383995,0.016018534,2.0607803,1.7287197,0.0,1.7287197,0.43217993
48868,0.51715666,0.016288297,1.018025,1.2694803,0.0,1.2694803,0.3173701
48871,0.3641905,0.016084937,0.71229607,0.5414799,0.0,0.5414799,0.13536997
48874,0.03549579,0.016100874,0.05489071,0.07739159,0.0,0.07739159,0.019347897
48876,0.068270914,0.016260916,0.120280914,0.1572682,0.0,0.1572682,0.03931705
48879,0.09362789,0.01653801,0.17071778,0.10544632,0.0,0.10544632,0.02636158
48881,0.16338778,0.016829405,0.30994615,0.42438808,0.0,0.42438808,0.10609702
48884,0.623271,0.017136084,1.2294059,0.991906,0.0,0.991906,0.2479765
48887,0.1276842,0.017662669,0.23770575,0.15234639,0.0,0.15234639,0.038086597
48889,0.3436239,0.017788813,0.66945904,0.88544995,0.0,0.88544995,0.22136249
48892,0.24440245,0.017605916,0.471199,0.33386555,0.0,0.33386555,0.08346639
48895,0.37279698,0.018452065,0.72714186,0.5415217,0.0,0.5415217,0.13538043
48897,0.12152633,0.01859957,0.22445309,0.33951226,0.0,0.33951226,0.084878065
48900,0.12600984,0.019077463,0.23294222,0.33072433,0.0,0.33072433,0.08268108
48902,0.41845337,0.019379757,0.817527,0.621645,0.0,0.621645,0.15541124
48905,0.038413115,0.019791787,0.057034444,0.025270926,0.0,0.025270926,0.0063177315
48908,0.048954505,0.020544088,0.07736493,0.09702877,0.0,0.09702877,0.024257192
48910,0.56214017,0.02088645,1.1033939,1.3813325,0.0,1.3813325,0.34533313
48913,0.06595557,0.021481303,0.11042983,0.13251126,0.0,0.13251126,0.033127815
48915,0.6870563,0.021634147,1.3524785,1.6766578,0.0,1.6766578,0.41916445
48918,0.10064182,0.022520358,0.17876327,0.30288506,0.0,0.30288506,0.075721264
48921,0.057701994,0.02260898,0.092795014,0.18521293,0.0,0.18521293,0.04630323
48923,0.68852305,0.02293861,1.3541075,1.0579196,0.0,1.0579196,0.2644799
48926,0.08440591,0.023178285,0.14563353,0.24836706,0.0,0.24836706,0.062091764
48928,1.1541481,0.023452764,2.2848434,1.8727013,0.0,1.8727013,0.46817532
48931,0.5090832,0.023869721,0.9942967,1.2939534,0.0,1.2939534,0.32348835
48934,0.18057847,0.023631362,0.33752558,0.5213609,0.0,0.5213609,0.13034022
48936,0.3416357,0.024650345,0.6586211,0.9191225,0.0,0.9191225,0.22978063
48939,0.08594216,0.02448117,0.14740314,0.26762733,0.0,0.26762733,0.06690683
48942,0.36913309,0.025394127,0.712872,0.4986876,0.0,0.4986876,0.1246719
48944,0.16895421,0.024899488,0.31300893,0.19864953,0.0,0.19864953,0.04966238
48947,0.2343658,0.024780154,0.44395146,0.2962385,0.0,0.2962385,0.07405963
48949,0.03234488,0.02455219,0.040137578,0.0368603,0.0,0.0368603,0.009215075
48952,0.22373003,0.023899117,0.42356095,0.2668004,0.0,0.2668004,0.0667001
48955,0.6576284,0.02397571,1.2912811,1.0123254,0.0,1.0123254,0.25308135
48957,0.23253995,0.02376236,0.44131756,0.28939086,0.0,0.28939086,0.072347715
48960,0.14370002,0.02396808,0.26343194,0.3843508,0.0,0.3843508,0.0960877
48962,0.050577834,0.023986094,0.077169575,0.09135964,0.0,0.09135964,0.02283991
48965,0.0594969,0.024070961,0.09492284,0.14793335,0.0,0.14793335,0.036983337
48968,0.024934297,0.023267342,0.026601253,0.023412311,0.0,0.023412311,0.005853078
48970,0.24278456,0.02283437,0.46273473,0.6250982,0.0,0.6250982,0.15627456
48973,0.11521319,0.02217122,0.20825517,0.29932845,0.0,0.29932845,0.07483211
48975,0.5417866,0.02131378,1.0622596,0.86517495,0.0,0.86517495,0.21629374
48978,0.10892651,0.021292925,0.1965601,0.25805822,0.0,0.25805822,0.064514555
48981,0.49118897,0.02030394,0.962074,0.71874636,0.0,0.71874636,0.17968659
48983,0.5159363,0.020000625,1.0118719,0.84084636,0.0,0.84084636,0.21021159
48986,0.16776389,0.018768733,0.31675902,0.22487043,0.0,0.22487043,0.056217607
48989,0.050940722,0.018318797,0.08356265,0.1411113,0.0,0.1411113,0.035277825
48991,0.43035004,0.017623661,0.8430764,1.0109128,0.0,1.0109128,0.2527282
48994,0.18573695,0.016384823,0.35508907,0.26865253,0.0,0.26865253,0.06716313
48996,0.18242262,0.016004033,0.3488412,0.40893945,0.0,0.40893945,0.10223486
48999,0.5322786,0.014637207,1.04992,0.88202816,0.0,0.88202816,0.22050704
49002,0.1905104,0.014141594,0.36687922,0.48015848,0.0,0.48015848,0.12003962
49004,0.15568572,0.013383935,0.2979875,0.21219476,0.0,0.21219476,0.05304869
49007,0.28941983,0.012350343,0.5664893,0.469215,0.0,0.469215,0.11730375
49009,0.036184277,0.011633548,0.060735006,0.07898694,0.0,0.07898694,0.019746736
49012,0.24287443,0.010632541,0.47511628,0.5371513,0.0,0.5371513,0.13428782
49015,0.06203634,0.00960486,0.11446782,0.08649299,0.0,0.08649299,0.021623248
49017,0.3670428,0.009162108,0.72492355,0.82448083,0.0,0.82448083,0.20612021
49020,0.30217376,0.008278364,0.59606916,0.5180848,0.0,0.5180848,0.1295212
49023,0.43656448,0.0076659485,0.865463,0.776732,0.0,0.776732,0.194183
49025,0.0881863,0.0075060613,0.16886656,0.12108904,0.0,0.12108904,0.03027226
49028,0.02616263,0.0062872716,0.046037987,0.05465411,0.0,0.05465411,0.013663528
49030,0.036367826,0.00598349,0.06675216,0.085543744,0.0,0.085543744,0.021385936
49033,0.024645522,0.005536778,0.043754265,0.057280462,0.0,0.057280462,0.014320116
49036,0.047081977,0.0049551115,0.08920884,0.061222475,0.0,0.061222475,0.015305619
49038,0.66698664,0.0044487137,1.3295245,1.2496004,0.0,1.2496004,0.3124001
49041,0.61858225,0.004489335,1.2326752,1.3433009,0.0,1.3433009,0.33582523
49043,0.15651844,0.004050602,0.30898628,0.3276582,0.0,0.3276582,0.08191455
49046,0.07520911,0.003976826,0.1464414,0.12726913,0.0,0.12726913,0.031817283
49049,0.09262812,0.0040839016,0.18117233,0.22095986,0.0,0.22095986,0.055239964
49051,0.31736198,0.0042058653,0.63051814,0.5624807,0.0,0.5624807,0.14062017
49054,0.14573865,0.0037159442,0.28776133,0.30420732,0.0,0.30420732,0.07605183
49056,0.22654349,0.0034407992,0.44964615,0.4826186,0.0,0.4826186,0.12065465
49059,0.088282876,0.003515431,0.17305033,0.1514498,0.0,0.1514498,0.03786245
49062,0.05200387,0.0030935965,0.10091414,0.10617158,0.0,0.10617158,0.026542895
49064,0.059811857,0.0031191164,0.11650459,0.09685429,0.0,0.09685429,0.024213573
49067,0.6788712,0.0028853843,1.3548571,1.4182372,0.0,1.4182372,0.3545593
49070,0.033414647,0.00266439,0.0641649,0.07382763,0.0,0.07382763,0.018456908
49072,0.24690624,0.002445407,0.49136707,0.45847926,0.0,0.45847926,0.114619814
49075,0.29091707,0.0024316062,0.57940257,0.61981434,0.0,0.61981434,0.15495358
49077,0.026460541,0.0022274635,0.050693616,0.043656122,0.0,0.043656122,0.0109140305
49080,0.047513057,0.0022562034,0.09276991,0.078869276,0.0,0.078869276,0.019717319
49083,0.027308457,0.0022746932,0.05234222,0.057580937,0.0,0.057580937,0.014395234
49085,0.22777216,0.0023198128,0.4532245,0.49503255,0.0,0.49503255,0.12375814
49088,0.015598963,0.0025462273,0.028651698,0.029232442,0.0,0.029232442,0.0073081106
49090,0.5541241,0.0026893467,1.1055589,1.1706723,0.0,1.1706723,0.29266807
49093,0.24810922,0.0029901068,0.49322835,0.44436362,0.0,0.44436362,0.111090906
49096,0.4105562,0.0031721995,0.8179402,0.88147384,0.0,0.88147384,0.22036846
49098,0.46883774,0.0033043276,0.9343712,0.85524267,0.0,0.85524267,0.21381067
49101,0.041487705,0.003522154,0.07945326,0.081747286,0.0,0.081747286,0.020436822
49103,0.5598095,0.0035695639,1.1160494,1.2037934,0.0,1.2037934,0.30094835
49106,0.025552025,0.003859331,0.047244716,0.053078245,0.0,0.053078245,0.013269561
49109,0.03353455,0.0040213126,0.06304779,0.05160633,0.0,0.05160633,0.012901583
49111,0.44567335,0.0042765383,0.8870702,0.97459745,0.0,0.97459745,0.24364936
49114,0.34547493,0.0045314548,0.68641835,0.7715761,0.0,0.7715761,0.19289403
49117,0.021512737,0.00492682,0.038098652,0.040637042,0.0,0.040637042,0.010159261
49119,0.032256585,0.005172429,0.05934074,0.06727031,0.0,0.06727031,0.016817577
49122,0.3465172,0.005072351,0.68796206,0.5931587,0.0,0.5931587,0.14828968
49124,0.3337388,0.0049586333,0.6625189,0.57391924,0.0,0.57391924,0.14347981
49127,0.06066223,0.0049738456,0.11635061,0.13677098,0.0,0.13677098,0.034192745
49130,0.4398984,0.00508763,0.8747092,0.9855523,0.0,0.9855523,0.24638808
49132,0.6698325,0.0049811597,1.3346839,1.4788831,0.0,1.4788831,0.3697208
49135,0.55363107,0.005004548,1.1022576,1.2293653,0.0,1.2293653,0.30734134
49137,0.040269822,0.005167086,0.075372554,0.055923264,0.0,0.055923264,0.013980816
49140,0.035545215,0.0052197054,0.065870725,0.047651574,0.0,0.047651574,0.0119128935
49143,0.19989894,0.005346169,0.3944517,0.32207736,0.0,0.32207736,0.08051934
49145,0.82106,0.005458545,1.6366615,1.8049692,0.0,1.8049692,0.4512423
49148,0.5216315,0.0056587905,1.0376042,0.90861386,0.0,0.90861386,0.22715347
49150,0.24994428,0.0056613176,0.49422726,0.41216263,0.0,0.41216263,0.10304066
49153,0.011337578,0.0057874806,0.016887678,0.021858633,0.0,0.021858633,0.005464658
49156,0.111323446,0.0058144494,0.21683244,0.16434647,0.0,0.16434647,0.041086618
49158,0.019993318,0.005937913,0.03404872,0.044532906,0.0,0.044532906,0.011133227
49161,0.0398323,0.0064257346,0.07323887,0.09348843,0.0,0.09348843,0.023372108
49164,0.13701835,0.0066403435,0.26739636,0.33226392,0.0,0.33226392,0.08306598
49166,0.04034786,0.0067284596,0.073967256,0.05107482,0.0,0.05107482,0.012768705
49169,0.20991834,0.007004809,0.41283187,0.33668196,0.0,0.33668196,0.08417049
49171,0.32446203,0.00724501,0.64167905,0.52894,0.0,0.52894,0.132235
49174,0.17782253,0.007608468,0.34803662,0.44162408,0.0,0.44162408,0.11040602
49177,0.38748407,0.008316384,0.7666518,0.63461906,0.0,0.63461906,0.15865476
49179,0.07248209,0.008566779,0.13639739,0.16672432,0.0,0.16672432,0.04168108
49182,0.4814614,0.0090168435,0.953906,0.80949956,0.0,0.80949956,0.20237489
49184,0.09813014,0.009344991,0.18691528,0.2622898,0.0,0.2622898,0.06557245
49187,0.09175915,0.01003428,0.17348403,0.10719717,0.0,0.10719717,0.026799293
49190,0.11106656,0.011228886,0.21090424,0.13075905,0.0,0.13075905,0.03268976
49192,0.025068568,0.012016937,0.0381202,0.034890953,0.0,0.034890953,0.008722738
49195,0.08212049,0.012749639,0.15149134,0.105475664,0.0,0.105475664,0.026368916
49197,0.029565021,0.013285699,0.045844343,0.053607907,0.0,0.053607907,0.013401977
49200,0.05388364,0.014121841,0.09364543,0.054621477,0.0,0.054621477,0.013655369
49203,0.12466722,0.015674742,0.23365968,0.3520325,0.0,0.3520325,0.08800813
49205,0.121897124,0.016158607,0.22763564,0.24922623,0.0,0.24922623,0.062306557
49208,0.09124354,0.016941296,0.1655458,0.11924363,0.0,0.11924363,0.029810907
49211,0.04865234,0.017857036,0.07944764,0.08081338,0.0,0.08081338,0.020203345
49213,0.8011227,0.018172106,1.5840734,1.8952526,0.0,1.8952526,0.47381315
49216,0.34594405,0.018429697,0.6734584,0.47841525,0.0,0.47841525,0.11960381
49218,0.18265532,0.018541627,0.346769,0.5182583,0.0,0.5182583,0.12956457
49221,0.46077195,0.018926917,0.902617,1.1577803,0.0,1.1577803,0.28944507
49224,0.1553392,0.01888915,0.29178923,0.17006828,0.0,0.17006828,0.04251707
49226,0.055763584,0.018933613,0.09259355,0.16393556,0.0,0.16393556,0.04098389
49229,0.18268114,0.019381803,0.3459805,0.2183487,0.0,0.2183487,0.054587174
49231,0.13634188,0.0196673,0.25301647,0.3892441,0.0,0.3892441,0.09731103
49234,0.41713798,0.019812977,0.81446296,0.6100783,0.0,0.6100783,0.15251957
49237,0.6464666,0.020438908,1.2724943,0.98114467,0.0,0.98114467,0.24528617
49239,0.025777092,0.02131028,0.030243902,0.041760597,0.0,0.041760597,0.010440149
49242,0.33816695,0.0214358,0.6548981,0.46161854,0.0,0.46161854,0.115404636
49244,0.19187748,0.021533953,0.362221,0.521903,0.0,0.521903,0.13047574
49247,0.11412086,0.022204032,0.20603769,0.12231746,0.0,0.12231746,0.030579366
49250,0.30617502,0.022625783,0.5897243,0.82055575,0.0,0.82055575,0.20513894
49252,0.9897241,0.02340617,1.9560419,1.5674895,0.0,1.5674895,0.39187238
49255,0.13409032,0.023879515,0.24430113,0.39161158,0.0,0.39161158,0.097902894
49258,0.06727014,0.024678865,0.1098614,0.06344817,0.0,0.06344817,0.015862042
49260,0.2446475,0.024645803,0.4646492,0.6936827,0.0,0.6936827,0.17342067
49263,0.07002293,0.025034664,0.11501119,0.05603881,0.0,0.05603881,0.014009703
49265,0.16126013,0.025194736,0.29732552,0.47874823,0.0,0.47874823,0.11968706
49268,0.119511716,0.02505984,0.21396358,0.12577082,0.0,0.12577082,0.031442706
49271,0.030102678,0.0249966,0.035208758,0.03803785,0.0,0.03803785,0.009509463
49273,0.18894517,0.0247354,0.35315493,0.51250154,0.0,0.51250154,0.12812538
49276,0.42535436,0.025212318,0.82549644,0.5789703,0.0,0.5789703,0.14474258
49278,0.26665285,0.025156533,0.50814915,0.7122496,0.0,0.7122496,0.1780624
49281,0.16902201,0.024789473,0.31325457,0.18177156,0.0,0.18177156,0.04544289
49284,0.116148114,0.023579488,0.20871674,0.11988425,0.0,0.11988425,0.029971063
49286,0.11127966,0.023453014,0.19910629,0.30817476,0.0,0.30817476,0.07704369
49289,0.26086932,0.02208659,0.49965206,0.6903786,0.0,0.6903786,0.17259465
49291,0.32888442,0.022434212,0.6353347,0.4750298,0.0,0.4750298,0.11875745
49294,0.05324039,0.021924838,0.08455595,0.036277663,0.0,0.036277663,0.009069416
49297,0.12433451,0.02097646,0.22769254,0.13762261,0.0,0.13762261,0.034405652
49299,0.30626312,0.020510325,0.5920159,0.4401714,0.0,0.4401714,0.11004285
49302,0.13972574,0.019743316,0.25970817,0.16923435,0.0,0.16923435,0.042308588
49305,0.39809725,0.019936623,0.7762578,0.5921407,0.0,0.5921407,0.14803517
49307,0.07742462,0.0185464,0.13630284,0.20243932,0.0,0.20243932,0.05060983
49310,0.079130806,0.01867081,0.1395908,0.18745197,0.0,0.18745197,0.046862993
49312,0.43036643,0.018476939,0.8422559,0.64696777,0.0,0.64696777,0.16174194
49315,0.02091786,0.018243449,0.02359227,0.01909445,0.0,0.01909445,0.0047736126
49318,0.04922387,0.017433083,0.08101466,0.041978266,0.0,0.041978266,0.0104945665
49320,0.32629117,0.017196408,0.63538593,0.49275157,0.0,0.49275157,0.12318789
49323,0.08179154,0.017712107,0.14587097,0.20820999,0.0,0.20820999,0.052052498
49325,0.13120385,0.017355314,0.24505238,0.16608597,0.0,0.16608597,0.041521493
49328,0.095513254,0.016508501,0.174518,0.11122089,0.0,0.11122089,0.027805222
49331,0.075265534,0.015536924,0.13499415,0.07283598,0.0,0.07283598,0.018208995
49333,0.4319452,0.015252006,0.84863836,0.70325357,0.0,0.70325357,0.17581339
49336,0.60672134,0.014052197,1.1993905,1.0448939,0.0,1.0448939,0.26122347
49338,0.12976472,0.013421089,0.24610835,0.18030007,0.0,0.18030007,0.045075018
49341,0.05746955,0.012012643,0.10292646,0.121276475,0.0,0.121276475,0.030319119
49344,0.67187494,0.01143431,1.3323156,1.5224241,0.0,1.5224241,0.38060603
49346,0.038149025,0.011310816,0.064987235,0.06997258,0.0,0.06997258,0.017493146
49349,0.20920813,0.010720513,0.40769574,0.3105425,0.0,0.3105425,0.07763562
49352,0.042958915,0.009760841,0.076156996,0.08943868,0.0,0.08943868,0.02235967
49354,0.05976441,0.009353034,0.11017579,0.15402602,0.0,0.15402602,0.038506504
49357,0.06515463,0.009086891,0.12122237,0.14732407,0.0,0.14732407,0.036831018
49359,0.030795196,0.009107418,0.052482978,0.07112845,0.0,0.07112845,0.017782113
49362,0.8346576,0.008970701,1.6603445,1.8909861,0.0,1.8909861,0.47274652
49365,0.09226831,0.008630753,0.17590587,0.23792247,0.0,0.23792247,0.05948062
49367,0.090918146,0.008218599,0.17361768,0.23799591,0.0,0.23799591,0.059498977
49370,0.15971772,0.008478579,0.31095687,0.23761512,0.0,0.23761512,0.05940378
49372,0.49360707,0.00831743,0.9788968,1.1065985,0.0,1.1065985,0.27664962
49375,0.5206747,0.008593912,1.0327555,1.169074,0.0,1.169074,0.2922685
49378,0.047832996,0.008515868,0.08715013,0.061474312,0.0,0.061474312,0.015368578
49380,0.072660804,0.008822953,0.13649864,0.10529772,0.0,0.10529772,0.02632443
49383,0.25126594,0.009041514,0.49349037,0.39747524,0.0,0.39747524,0.09936881
49385,0.43719342,0.009067674,0.8653192,1.0330392,0.0,1.0330392,0.2582598
49388,0.6653487,0.0092579,1.3214396,1.153089,0.0,1.153089,0.28827226
49391,0.5899587,0.008917425,1.171,1.3547627,0.0,1.3547627,0.33869067
49393,0.9171547,0.009176443,1.825133,1.6093563,0.0,1.6093563,0.40233907
49396,0.037144892,0.009130014,0.06515977,0.04159045,0.0,0.04159045,0.010397612
49399,0.261983,0.009234412,0.5147316,0.41560504,0.0,0.41560504,0.10390126
49401,0.100076325,0.009062372,0.19109029,0.24498852,0.0,0.24498852,0.06124713
49404,0.58260113,0.009422208,1.15578,1.3304194,0.0,1.3304194,0.33260486
49406,0.18481141,0.0094021335,0.3602207,0.46419773,0.0,0.46419773,0.11604943
49409,0.0909183,0.009275152,0.17256145,0.24320419,0.0,0.24320419,0.060801048
49412,0.15748277,0.009520628,0.30544493,0.23353188,0.0,0.23353188,0.05838297
49414,0.021044841,0.00924772,0.03284196,0.033412486,0.0,0.033412486,0.008353122
49417,0.21771114,0.009267776,0.4261545,0.32411692,0.0,0.32411692,0.08102923
49419,0.22113223,0.009359825,0.43290463,0.32755962,0.0,0.32755962,0.081889905
49422,0.3749933,0.009321987,0.74066454,0.8745761,0.0,0.8745761,0.21864402
49425,0.04223508,0.009427641,0.07504252,0.052456837,0.0,0.052456837,0.013114209
49427,0.06840362,0.009413458,0.12739377,0.08557036,0.0,0.08557036,0.02139259
49430,0.17117803,0.009415117,0.33294094,0.42020965,0.0,0.42020965,0.10505241
49432,0.61894447,0.009553686,1.2283353,1.072101,0.0,1.072101,0.26802525
49435,0.13808252,0.009760804,0.26640424,0.20147891,0.0,0.20147891,0.05036973
49438,0.38348672,0.009736649,0.7572368,0.61793154,0.0,0.61793154,0.15448289
49440,0.107812054,0.009848583,0.20577554,0.2609333,0.0,0.2609333,0.06523333
49443,0.12182358,0.009865873,0.23378128,0.28988308,0.0,0.28988308,0.07247077
49446,0.67561674,0.009835702,1.3413978,1.1771952,0.0,1.1771952,0.2942988
49448,0.062012315,0.009820896,0.11420373,0.07609927,0.0,0.07609927,0.019024817
49451,0.02617417,0.010004929,0.04234341,0.049529333,0.0,0.049529333,0.012382333
49453,0.2963991,0.009973742,0.58282447,0.475402,0.0,0.475402,0.1188505
49456,0.053198587,0.010054049,0.09634312,0.123090126,0.0,0.123090126,0.030772531
49459,0.33559093,0.010248329,0.6609335,0.5353403,0.0,0.5353403,0.13383508
49461,0.05539651,0.01020712,0.1005859,0.067356646,0.0,0.067356646,0.016839162
49464,0.09572861,0.010356951,0.1811003,0.1283564,0.0,0.1283564,0.0320891
49466,0.028232248,0.010332627,0.046131868,0.05601861,0.0,0.05601861,0.014004652
49469,0.15022752,0.010591178,0.28986385,0.205743,0.0,0.205743,0.05143575
49472,0.13082488,0.010627004,0.25102273,0.32704213,0.0,0.32704213,0.08176053
49474,0.08151988,0.01061606,0.1524237,0.22420494,0.0,0.22420494,0.056051236
49477,0.40269962,0.010660477,0.79473877,0.94953537,0.0,0.94953537,0.23738384
49479,0.27595595,0.010672693,0.5412392,0.4186784,0.0,0.4186784,0.1046696
49482,0.22441883,0.010890218,0.43794748,0.56725144,0.0,0.56725144,0.14181286
49485,0.054183796,0.010812931,0.09755466,0.14920938,0.0,0.14920938,0.037302345
49487,0.050518345,0.0110577,0.08997899,0.063182235,0.0,0.063182235,0.015795559
49490,0.30313697,0.011092973,0.5951809,0.4671967,0.0,0.4671967,0.116799176
49493,0.05220149,0.011268616,0.093134366,0.10303422,0.0,0.10303422,0.025758555
49495,0.063992806,0.011314686,0.11667093,0.18520789,0.0,0.18520789,0.046301972
49498,1.1011853,0.011361686,2.1910088,1.9015923,0.0,1.9015923,0.47539806
49500,0.31832996,0.01145288,0.625207,0.78268003,0.0,0.78268003,0.19567001
49503,0.7843445,0.011657749,1.5570313,1.3196214,0.0,1.3196214,0.32990536
49506,0.09418095,0.011915707,0.1764462,0.21800403,0.0,0.21800403,0.05450101
49508,0.17707868,0.012069474,0.3420879,0.24083991,0.0,0.24083991,0.06020998
49511,0.12975076,0.012326058,0.24717546,0.342723,0.0,0.342723,0.08568075
49513,0.053647917,0.012406807,0.09488902,0.12540981,0.0,0.12540981,0.031352453
49516,0.06974483,0.01289913,0.12659054,0.20227925,0.0,0.20227925,0.050569814
49519,0.046557833,0.012954476,0.08016119,0.12362019,0.0,0.12362019,0.030905047
49521,0.29984894,0.013023987,0.5866739,0.4405162,0.0,0.4405162,0.11012905
49524,0.31704545,0.0130841555,0.6210067,0.47480536,0.0,0.47480536,0.11870134
49527,0.36487314,0.013373427,0.7163728,0.56144816,0.0,0.56144816,0.14036204
49529,0.066887654,0.013436161,0.120339155,0.08049923,0.0,0.08049923,0.020124808
49532,0.09009232,0.013506368,0.16667826,0.24233977,0.0,0.24233977,0.060584944
49534,0.09101015,0.01353998,0.16848032,0.11091518,0.0,0.11091518,0.027728794
49537,0.8754458,0.013690398,1.7372011,1.4587959,0.0,1.4587959,0.36469898
49540,0.4191116,0.013744245,0.8244789,1.0179998,0.0,1.0179998,0.25449994
49542,0.80418295,0.013488353,1.5948776,1.342673,0.0,1.342673,0.33566824
49545,0.037793238,0.013375413,0.062211066,0.07273654,0.0,0.07273654,0.018184135
49547,0.14520346,0.013192147,0.27721477,0.2004463,0.0,0.2004463,0.050111573
49550,0.69081306,0.0132341655,1.368392,1.15863,0.0,1.15863,0.2896575
49553,0.10600678,0.01297007,0.1990435,0.13436559,0.0,0.13436559,0.033591397
49555,0.04075657,0.012834814,0.06867832,0.10706594,0.0,0.10706594,0.026766485
49558,0.7720558,0.0125922635,1.5315193,1.3081719,0.0,1.3081719,0.32704297
49560,0.07845354,0.012345399,0.1445617,0.19968943,0.0,0.19968943,0.04992236
49563,0.22699034,0.012294076,0.4416866,0.3553389,0.0,0.3553389,0.088834725
49566,0.09695207,0.011909381,0.18199475,0.12656316,0.0,0.12656316,0.03164079
49568,0.18098764,0.011857483,0.3501178,0.4682012,0.0,0.4682012,0.1170503
49571,0.046415206,0.011726417,0.08110399,0.050857123,0.0,0.050857123,0.012714281
49574,0.39595887,0.011337367,0.78058034,0.65527207,0.0,0.65527207,0.16381802
49576,0.06765377,0.011198129,0.124109395,0.17157769,0.0,0.17157769,0.042894423
49579,0.20479816,0.010914619,0.39868173,0.3038167,0.0,0.3038167,0.07595418
49581,0.06718274,0.010780469,0.123585016,0.17716385,0.0,0.17716385,0.044290964
49584,0.09765592,0.010439537,0.18487231,0.13241854,0.0,0.13241854,0.033104636
49587,0.17154431,0.010217757,0.33287087,0.25960746,0.0,0.25960746,0.064901866
49589,0.07490763,0.0100539755,0.13976128,0.09417343,0.0,0.09417343,0.023543358
49592,0.22806495,0.009871232,0.44625866,0.35382423,0.0,0.35382423,0.08845606
49594,0.22505252,0.009710206,0.44039485,0.52764165,0.0,0.52764165,0.13191041
49597,0.16743718,0.0094154375,0.3254589,0.39230788,0.0,0.39230788,0.09807697
49600,0.06874042,0.009136603,0.12834424,0.08591956,0.0,0.08591956,0.02147989
49602,0.26215482,0.008960054,0.51534957,0.4178525,0.0,0.4178525,0.10446312
49605,0.06688614,0.00873471,0.12503757,0.16660032,0.0,0.16660032,0.04165008
49607,0.039516058,0.0085695805,0.07046253,0.047659386,0.0,0.047659386,0.0119148465
49610,0.077282034,0.008372549,0.14619152,0.10006428,0.0,0.10006428,0.02501607
49613,0.06080037,0.0081825955,0.11341814,0.14651336,0.0,0.14651336,0.03662834
49615,0.04593824,0.008137465,0.08373901,0.061627228,0.0,0.061627228,0.015406807
49618,0.60720223,0.007949905,1.2064546,1.0649786,0.0,1.0649786,0.26624465
49621,0.13365585,0.007744012,0.25956768,0.1955216,0.0,0.1955216,0.0488804
49623,0.027757755,0.007615087,0.047900423,0.029001318,0.0,0.029001318,0.0072503295
49626,0.034972195,0.0073810364,0.06256335,0.08315587,0.0,0.08315587,0.020788968
49628,0.39186296,0.007347138,0.7763788,0.64338964,0.0,0.64338964,0.16084741
49631,0.5742124,0.007074784,1.1413499,1.2863595,0.0,1.2863595,0.3215899
49634,0.5083973,0.006941362,1.0098532,0.8589034,0.0,0.8589034,0.21472585
49636,0.15787755,0.006724076,0.309031,0.3857906,0.0,0.3857906,0.09644765
49639,0.45610788,0.0066272854,0.90558845,1.0399786,0.0,1.0399786,0.25999466
49641,0.06781843,0.0066626817,0.12897418,0.17123102,0.0,0.17123102,0.042807754
49644,0.5008245,0.0066234483,0.99502563,1.1333193,0.0,1.1333193,0.2833298
49647,0.22486144,0.006403644,0.44331923,0.5413862,0.0,0.5413862,0.13534655
49649,0.62517786,0.0063542216,1.2440015,1.3795439,0.0,1.3795439,0.34488598
49652,0.085596286,0.006444987,0.16474758,0.12350085,0.0,0.12350085,0.030875212
49654,0.19966859,0.0064789956,0.39285818,0.48807287,0.0,0.48807287,0.12201822
49657,0.06998953,0.0063800863,0.13359898,0.16338076,0.0,0.16338076,0.04084519
49660,0.15706314,0.006159801,0.3079665,0.25370765,0.0,0.25370765,0.06342691
49662,0.8069706,0.0060977987,1.6078434,1.7792062,0.0,1.7792062,0.44480154
49665,0.5613439,0.0061289496,1.1165589,0.969876,0.0,0.969876,0.242469
49668,0.032748338,0.006004408,0.05949227,0.07961266,0.0,0.07961266,0.019903164
49670,0.362481,0.0058698296,0.71909213,0.62770814,0.0,0.62770814,0.15692703
49673,0.03360225,0.0057483367,0.061456162,0.07201224,0.0,0.07201224,0.01800306
49675,0.13579075,0.005782033,0.2657995,0.22164007,0.0,0.22164007,0.055410016
49678,0.16300845,0.005764412,0.3202525,0.36669612,0.0,0.36669612,0.09167403
49681,0.5827936,0.0056598387,1.1599274,1.295781,0.0,1.295781,0.32394525
49683,0.84981364,0.0056490456,1.6939782,1.5432863,0.0,1.5432863,0.38582158
49686,0.07296301,0.0055136867,0.14041233,0.10643691,0.0,0.10643691,0.026609227
49688,0.050789844,0.0054720747,0.09610761,0.067016445,0.0,0.067016445,0.016754111
49691,0.23152946,0.005375748,0.45768318,0.38726124,0.0,0.38726124,0.09681531
49694,0.052569985,0.0052733845,0.09986659,0.12958005,0.0,0.12958005,0.032395013
49696,0.053249065,0.005175279,0.10132285,0.12313128,0.0,0.12313128,0.03078282
49699,0.22986327,0.0051169465,0.4546096,0.38558388,0.0,0.38558388,0.09639597
49701,0.26833162,0.004971243,0.531692,0.621182,0.0,0.621182,0.1552955
49704,0.05670635,0.004728013,0.10868469,0.081962176,0.0,0.081962176,0.020490544
49707,0.40483096,0.0046336055,0.8050284,0.71480685,0.0,0.71480685,0.17870171
49709,0.22069354,0.004575793,0.4368113,0.50442857,0.0,0.50442857,0.12610714
49712,0.051139887,0.004497739,0.09778204,0.07703545,0.0,0.07703545,0.019258862
49715,0.16950147,0.0043765805,0.33462635,0.28331736,0.0,0.28331736,0.07082934
49717,0.32770622,0.0043377522,0.6510747,0.56905,0.0,0.56905,0.1422625
49720,0.15439944,0.00429658,0.30450228,0.36139742,0.0,0.36139742,0.090349354
49722,0.1478448,0.0042675785,0.29142204,0.24717605,0.0,0.24717605,0.061794013
49725,0.042185705,0.004215226,0.080156185,0.09582379,0.0,0.09582379,0.023955947
49728,0.1422224,0.0042376346,0.2802072,0.32659107,0.0,0.32659107,0.08164777
49730,0.43403015,0.0042781364,0.86378217,0.778155,0.0,0.778155,0.19453876
49733,0.42444146,0.004384761,0.84449816,0.7616086,0.0,0.7616086,0.19040215
49735,0.093929626,0.0044128844,0.18344636,0.22543484,0.0,0.22543484,0.05635871
49738,0.5154815,0.004416488,1.0265465,1.1402917,0.0,1.1402917,0.28507292
49741,0.01038306,0.004448816,0.016317304,0.016724536,0.0,0.016724536,0.004181134
49743,0.09405527,0.004501753,0.18360879,0.14258306,0.0,0.14258306,0.035645764
49746,0.079357915,0.004524457,0.15419137,0.11984224,0.0,0.11984224,0.02996056
49748,0.15979047,0.0045758733,0.3150051,0.25924745,0.0,0.25924745,0.06481186
49751,0.18159205,0.0047009895,0.3584831,0.301573,0.0,0.301573,0.07539325
49754,0.36552405,0.0047052535,0.72634286,0.62566704,0.0,0.62566704,0.15641676
49756,0.30774978,0.004781177,0.6107184,0.52170926,0.0,0.52170926,0.13042732
49759,0.31107053,0.00484916,0.6172919,0.5278712,0.0,0.5278712,0.1319678
49762,0.6155837,0.004880024,1.2262874,1.1076065,0.0,1.1076065,0.27690163
49764,0.04605787,0.0049055996,0.08721014,0.06471926,0.0,0.06471926,0.016179815
49767,0.23983806,0.0049568224,0.4747193,0.56033635,0.0,0.56033635,0.14008409
49769,0.2049775,0.0050457492,0.40490925,0.48696733,0.0,0.48696733,0.12174183
49772,0.42388427,0.005177724,0.8425908,0.96151495,0.0,0.96151495,0.24037874
49775,0.06509539,0.0053065405,0.12488424,0.101774275,0.0,0.101774275,0.025443569
49777,0.1896007,0.005434967,0.37376645,0.45412123,0.0,0.45412123,0.11353031
49780,0.32157812,0.0056113875,0.6375448,0.53618544,0.0,0.53618544,0.13404636
49782,0.098044924,0.0056839674,0.19040589,0.2538089,0.0,0.2538089,0.06345222
49785,0.1383809,0.0058677965,0.270894,0.3428754,0.0,0.3428754,0.08571885
49788,0.6486556,0.006131999,1.2911792,1.1327847,0.0,1.1327847,0.28319618
49790,0.86876035,0.006273037,1.7312475,1.5428257,0.0,1.5428257,0.38570642
49793,0.014511076,0.0065370463,0.022485105,0.026812375,0.0,0.026812375,0.0067030936
49795,0.28191757,0.006681359,0.55715376,0.4501394,0.0,0.4501394,0.11253485
49798,0.33147857,0.007006657,0.6559505,0.77091026,0.0,0.77091026,0.19272757
49801,0.61171937,0.00725469,1.216184,1.0514189,0.0,1.0514189,0.26285473
49803,0.042884346,0.007355083,0.078413606,0.095791005,0.0,0.095791005,0.023947751
49806,0.05131862,0.0076316097,0.09500563,0.07211805,0.0,0.07211805,0.018029513
49809,0.027935779,0.007806282,0.048065275,0.031365294,0.0,0.031365294,0.0078413235
49811,0.62244153,0.007988592,1.2368945,1.0668893,0.0,1.0668893,0.26672232
49814,0.06215735,0.008228861,0.11608585,0.083078265,0.0,0.083078265,0.020769566
49816,0.19782396,0.008357316,0.3872906,0.2954173,0.0,0.2954173,0.07385433
49819,0.17471147,0.008634399,0.3407885,0.25776523,0.0,0.25776523,0.06444131
49822,0.14504696,0.008845238,0.2812487,0.35711145,0.0,0.35711145,0.08927786
49824,0.48268512,0.0091208,0.9562495,0.8011306,0.0,0.8011306,0.20028265
49827,0.19755799,0.009403396,0.3857126,0.28798506,0.0,0.28798506,0.071996264
49829,0.064805895,0.009611999,0.119999796,0.17388533,0.0,0.17388533,0.043471333
49832,0.4247878,0.0098138945,0.83976173,0.6804797,0.0,0.6804797,0.17011993
49835,0.026133033,0.010022815,0.042243253,0.041869372,0.0,0.041869372,0.010467343
49837,0.060371246,0.010179221,0.11056327,0.07968859,0.0,0.07968859,0.019922147
49840,0.07691251,0.010294833,0.14353018,0.17987378,0.0,0.17987378,0.044968445
49842,0.1576251,0.010425831,0.30482438,0.40199813,0.0,0.40199813,0.10049953
49845,0.054913238,0.0104948385,0.09933164,0.11596197,0.0,0.11596197,0.028990492
49848,0.19320266,0.010521998,0.3758833,0.47976208,0.0,0.47976208,0.11994052
49850,0.14589323,0.010472815,0.28131363,0.35953608,0.0,0.35953608,0.08988402
49853,0.4090526,0.010574586,0.80753064,0.9672294,0.0,0.9672294,0.24180736
49856,0.151859,0.010547064,0.29317096,0.2042452,0.0,0.2042452,0.0510613
49858,0.046835344,0.01051449,0.0831562,0.11674398,0.0,0.11674398,0.029185995
49861,0.684069,0.010446747,1.3576913,1.5929909,0.0,1.5929909,0.39824772
49863,0.03100048,0.010404415,0.05159654,0.07780347,0.0,0.07780347,0.019450868
49866,0.10854278,0.010316048,0.20676951,0.27104345,0.0,0.27104345,0.06776086
49869,0.04116283,0.010321322,0.07200434,0.10760263,0.0,0.10760263,0.026900658
49871,0.31236586,0.010268393,0.6144633,0.48919502,0.0,0.48919502,0.122298755
49874,0.13939719,0.010154874,0.26863948,0.18935652,0.0,0.18935652,0.04733913
49876,0.035796646,0.010067637,0.061525654,0.09018344,0.0,0.09018344,0.02254586
49879,0.07574507,0.009912304,0.14157784,0.09507567,0.0,0.09507567,0.023768917
49882,0.6414722,0.009712225,1.2732322,1.4899086,0.0,1.4899086,0.37247714
49884,0.17178448,0.00970778,0.3338612,0.4252715,0.0,0.4252715,0.10631788
49887,0.0417084,0.009614564,0.07380223,0.050264295,0.0,0.050264295,0.012566074
49889,0.034283172,0.009556183,0.05901016,0.0709657,0.0,0.0709657,0.017741425
49892,0.6817398,0.009611138,1.3538685,1.5553976,0.0,1.5553976,0.3888494
49895,0.07856818,0.009644504,0.14749186,0.0984812,0.0,0.0984812,0.0246203
49897,0.67070013,0.009570912,1.3318294,1.1365942,0.0,1.1365942,0.28414854
49900,0.1157003,0.00951111,0.22188948,0.15185295,0.0,0.15185295,0.037963238
49903,0.13740517,0.0095505575,0.26525977,0.18440093,0.0,0.18440093,0.046100233
49905,0.056495506,0.009681831,0.103309184,0.14986946,0.0,0.14986946,0.037467364
49908,0.110388674,0.009957871,0.21081948,0.15505888,0.0,0.15505888,0.03876472
49910,0.21354719,0.010009912,0.41708446,0.52161276,0.0,0.52161276,0.13040319
49913,0.3986716,0.010213137,0.78713006,0.64074486,0.0,0.64074486,0.16018622
49916,0.03262301,0.010432904,0.054813117,0.035134885,0.0,0.035134885,0.008783721
49918,0.062653236,0.01062031,0.11468617,0.076386265,0.0,0.076386265,0.019096566
49921,0.36770308,0.010645277,0.72476083,0.58311415,0.0,0.58311415,0.14577854
49923,0.85234636,0.010568093,1.6941246,1.9501747,0.0,1.9501747,0.48754367
49926,0.080686025,0.010663114,0.15070894,0.18729039,0.0,0.18729039,0.046822596
49929,0.22427227,0.010731946,0.4378126,0.32813475,0.0,0.32813475,0.08203369
49931,0.050255675,0.01076354,0.08974782,0.10046846,0.0,0.10046846,0.025117114
49934,0.048190538,0.010873805,0.08550727,0.14129479,0.0,0.14129479,0.035323698
49936,0.23170917,0.010969619,0.4524487,0.3319405,0.0,0.3319405,0.082985125
49939,0.30807847,0.011161056,0.6049959,0.4665996,0.0,0.4665996,0.1166499
49942,0.026292803,0.011363715,0.04122189,0.04404846,0.0,0.04404846,0.011012115
49944,0.104917675,0.011398543,0.19843681,0.27371493,0.0,0.27371493,0.06842873
49947,0.03139973,0.011391257,0.0514082,0.06501884,0.0,0.06501884,0.01625471
49950,0.033941854,0.011376497,0.05650721,0.06107198,0.0,0.06107198,0.015267995
49952,0.0275637,0.01138373,0.04374367,0.0496538,0.0,0.0496538,0.01241345
49955,0.28544626,0.011342745,0.55954975,0.44256306,0.0,0.44256306,0.110640764
49957,0.57541746,0.011453909,1.1393809,1.3655859,0.0,1.3655859,0.34139648
49960,0.037665572,0.01144769,0.06388345,0.08084102,0.0,0.08084102,0.020210255
49963,0.1744268,0.011436981,0.33741662,0.42585793,0.0,0.42585793,0.10646448
49965,0.05131884,0.01130407,0.091333605,0.060863823,0.0,0.060863823,0.015215956
49968,0.17809273,0.011187746,0.34499773,0.2658051,0.0,0.2658051,0.066451274
49970,0.09690419,0.011002664,0.18280572,0.13003422,0.0,0.13003422,0.032508556
49973,0.032240156,0.01076481,0.05371551,0.0293322,0.0,0.0293322,0.00733305
49976,0.13817199,0.010640954,0.265703,0.3264968,0.0,0.3264968,0.0816242
49978,0.116679855,0.010449144,0.22291057,0.15166606,0.0,0.15166606,0.037916515
49981,0.1996712,0.010181664,0.38916072,0.47067022,0.0,0.47067022,0.117667556
49983,0.5394439,0.009778776,1.0691091,0.9285776,0.0,0.9285776,0.2321444
49986,0.15203144,0.009608081,0.29445478,0.36178312,0.0,0.36178312,0.09044578
49989,0.07898704,0.009224971,0.14874911,0.11395645,0.0,0.11395645,0.028489113
49991,0.082400106,0.009106931,0.15569328,0.19197935,0.0,0.19197935,0.047994837
49994,0.23314567,0.008608663,0.4576827,0.5533127,0.0,0.5533127,0.13832818
49997,0.15105164,0.008178835,0.29392445,0.22395766,0.0,0.22395766,0.055989414
49999,0.120236695,0.00781366,0.23265974,0.19414397,0.0,0.19414397,0.04853599
50002,0.030156737,0.007104116,0.05320936,0.07317432,0.0,0.07317432,0.01829358
50004,0.03077834,0.0069660544,0.054590624,0.0344837,0.0,0.0344837,0.008620925
50007,0.030024638,0.006395737,0.05365354,0.0675487,0.0,0.0675487,0.016887175
50010,0.10679992,0.0060110833,0.20758875,0.16065155,0.0,0.16065155,0.040162887
50012,0.07319863,0.0057512247,0.14064604,0.17883997,0.0,0.17883997,0.04470999
50015,0.37637696,0.0054251296,0.74732876,0.81909317,0.0,0.81909317,0.20477329
50017,0.35685787,0.0051615858,0.7085541,0.6060097,0.0,0.6060097,0.15150243
50020,0.038041048,0.004740234,0.071341865,0.09188291,0.0,0.09188291,0.022970727
50023,0.042932857,0.0045618825,0.081303835,0.065552555,0.0,0.065552555,0.016388139
50025,0.86922073,0.0044354685,1.7340059,1.5883332,0.0,1.5883332,0.3970833
50028,0.08488814,0.0042776107,0.16549867,0.19146895,0.0,0.19146895,0.04786724
50031,0.35347912,0.0040693968,0.7028888,0.7632579,0.0,0.7632579,0.19081448
50033,0.042511504,0.0039698854,0.081053115,0.09340676,0.0,0.09340676,0.02335169
50036,0.6739149,0.0036133977,1.3442163,1.2619661,0.0,1.2619661,0.31549153
50038,0.06615223,0.0034838293,0.12882063,0.105233215,0.0,0.105233215,0.026308304
50041,0.67901117,0.0031424544,1.3548799,1.4488167,0.0,1.4488167,0.36220416
50044,0.22720891,0.002985393,0.45143244,0.50223106,0.0,0.50223106,0.12555777
50046,0.07344678,0.0028526562,0.1440409,0.12727201,0.0,0.12727201,0.031818002
50049,0.21389644,0.0027485595,0.4250443,0.38103238,0.0,0.38103238,0.095258094
50051,0.04921012,0.0026584312,0.09576181,0.08067418,0.0,0.08067418,0.020168545
50054,0.09262698,0.0025484024,0.18270557,0.15077628,0.0,0.15077628,0.03769407
50057,0.07292353,0.0025380477,0.14330903,0.17287898,0.0,0.17287898,0.043219745
50059,0.25643978,0.0024584422,0.5104211,0.5700116,0.0,0.5700116,0.1425029
50062,0.10634849,0.0023602198,0.21033676,0.17889343,0.0,0.17889343,0.044723358
50064,0.035194334,0.0023529027,0.06803576,0.055384796,0.0,0.055384796,0.013846199
50067,0.60996836,0.0024137122,1.217523,1.1297723,0.0,1.1297723,0.28244308
50070,0.5454464,0.0026154267,1.0882773,1.0154938,0.0,1.0154938,0.25387344
50072,0.11984212,0.002636568,0.23704767,0.27327716,0.0,0.27327716,0.06831929
50075,0.43335202,0.0026905395,0.8640135,0.9471285,0.0,0.9471285,0.23678212
50078,0.14828224,0.0028618276,0.29370266,0.3298261,0.0,0.3298261,0.08245652
50080,0.46361598,0.0028882,0.92434376,0.9934805,0.0,0.9934805,0.24837013
50083,0.17563213,0.0030566258,0.34820762,0.3094069,0.0,0.3094069,0.07735173
50085,0.0501788,0.0029964123,0.097361185,0.11194112,0.0,0.11194112,0.02798528
50088,0.043825656,0.0032092303,0.08444208,0.09389781,0.0,0.09389781,0.023474453
50091,0.091396116,0.003119504,0.17967272,0.20519805,0.0,0.20519805,0.051299512
50093,0.7305505,0.0032217007,1.4578794,1.3517662,0.0,1.3517662,0.33794156
50096,0.019372677,0.0031203795,0.035624977,0.037989654,0.0,0.037989654,0.009497413
50098,0.019880934,0.0031471383,0.036614727,0.038952786,0.0,0.038952786,0.009738197
50101,0.1062209,0.003250594,0.2091912,0.18034196,0.0,0.18034196,0.04508549
50104,0.039121456,0.003344924,0.07489799,0.058999587,0.0,0.058999587,0.014749897
50106,0.114605725,0.003454256,0.2257572,0.26960897,0.0,0.26960897,0.06740224
50109,0.086191945,0.0034620939,0.16892178,0.14283766,0.0,0.14283766,0.035709415
50111,0.045576263,0.0034104337,0.0877421,0.07288595,0.0,0.07288595,0.018221488
50114,0.056718677,0.003583775,0.10985357,0.12828575,0.0,0.12828575,0.032071438
50117,0.6309045,0.0036182264,1.2581908,1.1528935,0.0,1.1528935,0.2882234
50119,0.07642074,0.003599494,0.14924198,0.18445587,0.0,0.18445587,0.046113968
50122,0.034616843,0.0036835957,0.06555009,0.050659645,0.0,0.050659645,0.012664911
50125,0.028315587,0.0038720872,0.052759085,0.061482936,0.0,0.061482936,0.015370734
50127,0.1488442,0.0039029766,0.29378542,0.24246502,0.0,0.24246502,0.060616255
50130,0.10969704,0.0038875237,0.21550655,0.25705165,0.0,0.25705165,0.06426291
50132,0.09675792,0.003916239,0.18959959,0.1514967,0.0,0.1514967,0.037874173
50135,0.37921906,0.003935334,0.7545028,0.66481453,0.0,0.66481453,0.16620363
50138,0.43778524,0.003960272,0.87161016,0.78039074,0.0,0.78039074,0.19509768
50140,0.016533295,0.003953029,0.029113559,0.033450376,0.0,0.033450376,0.008362594
50143,0.13529892,0.0038654574,0.2667324,0.22764957,0.0,0.22764957,0.056912392
50145,0.11695087,0.0039271344,0.22997461,0.18562643,0.0,0.18562643,0.046406608
50148,0.1332652,0.0038214193,0.262709,0.22430266,0.0,0.22430266,0.056075666
50151,0.017440299,0.003816143,0.031064456,0.02000642,0.0,0.02000642,0.005001605
50153,0.17766708,0.003842668,0.35149148,0.30564004,0.0,0.30564004,0.07641001
50156,0.23985307,0.0038856473,0.47582045,0.40831128,0.0,0.40831128,0.10207782
50158,0.47615397,0.003931437,0.9483765,0.8519799,0.0,0.8519799,0.21299498
50161,0.019476652,0.0038834112,0.035069894,0.023368098,0.0,0.023368098,0.0058420245
50164,0.022185238,0.0037810996,0.040589377,0.048606515,0.0,0.048606515,0.012151629
50166,0.1972776,0.0037800465,0.39077517,0.33447048,0.0,0.33447048,0.08361762
50169,0.26203617,0.003747462,0.5203249,0.5918837,0.0,0.5918837,0.14797093
50172,0.768815,0.003756738,1.5338732,1.4008061,0.0,1.4008061,0.35020152
50174,0.51070046,0.0038080967,1.0175928,0.90470773,0.0,0.90470773,0.22617693
50177,0.10199168,0.0036994384,0.20028393,0.23456402,0.0,0.23456402,0.058641005
50179,0.1037093,0.0037047938,0.20371382,0.24514149,0.0,0.24514149,0.061285373
50182,0.14140846,0.0037539827,0.27906296,0.23356308,0.0,0.23356308,0.05839077
50185,0.3067247,0.003708358,0.60974103,0.70003396,0.0,0.70003396,0.17500849
50187,0.09252528,0.003798134,0.18125243,0.21186738,0.0,0.21186738,0.052966844
50190,0.21425225,0.0037438206,0.4247607,0.49415898,0.0,0.49415898,0.123539746
50192,0.57736677,0.0036976498,1.1510359,1.0470963,0.0,1.0470963,0.26177406
50195,0.2985153,0.0037686306,0.59326196,0.5116662,0.0,0.5116662,0.12791654
50198,0.08591502,0.0038052544,0.16802478,0.12946674,0.0,0.12946674,0.032366686
50200,0.21109132,0.0037648652,0.41841778,0.48767695,0.0,0.48767695,0.12191924
50203,0.14529194,0.0037324352,0.28685144,0.34065953,0.0,0.34065953,0.08516488
50205,0.5409432,0.003759829,1.0781265,0.9731019,0.0,0.9731019,0.24327548
50208,0.7012264,0.0038885965,1.3985642,1.2735873,0.0,1.2735873,0.31839684
50211,0.24017467,0.0039088987,0.47644043,0.5560275,0.0,0.5560275,0.13900687
50213,0.30656335,0.0039522555,0.60917443,0.5257818,0.0,0.5257818,0.13144545
50216,0.9821851,0.0039868634,1.9603834,1.8029861,0.0,1.8029861,0.45074654
50219,0.3286604,0.004053376,0.65326744,0.7436448,0.0,0.7436448,0.1859112
50221,0.025865609,0.004163084,0.04756813,0.03698902,0.0,0.03698902,0.009247255
50224,0.4493781,0.004234215,0.89452195,0.7837322,0.0,0.7837322,0.19593304
50226,0.59008247,0.004331236,1.1758336,1.0490646,0.0,1.0490646,0.26226616
50229,0.2582985,0.0044083963,0.5121886,0.6015975,0.0,0.6015975,0.15039937
50232,0.1774832,0.0044475044,0.3505189,0.28520682,0.0,0.28520682,0.071301706
50234,0.24790023,0.004498286,0.49130216,0.5809873,0.0,0.5809873,0.14524682
50237,0.12367347,0.004800974,0.24254596,0.18711884,0.0,0.18711884,0.04677971
50239,0.0962555,0.0048566735,0.18765433,0.22483282,0.0,0.22483282,0.056208204
50242,0.0446237,0.005024228,0.08422317,0.06248802,0.0,0.06248802,0.015622005
50245,0.061674792,0.005230432,0.11811915,0.08926129,0.0,0.08926129,0.022315323
50247,0.10176989,0.0056122127,0.19792755,0.23478232,0.0,0.23478232,0.05869558
50250,0.2465183,0.0060045565,0.48703203,0.3959979,0.0,0.3959979,0.09899948
50252,0.11510309,0.0060953633,0.2241108,0.28416365,0.0,0.28416365,0.07104091
50255,0.39628592,0.0060238764,0.78654796,0.9049594,0.0,0.9049594,0.22623985
50258,0.61254007,0.00613261,1.2189475,1.0693828,0.0,1.0693828,0.2673457
50260,0.48319888,0.0063681155,0.96002966,1.0998923,0.0,1.0998923,0.27497306
50263,0.16863348,0.0068836417,0.33038333,0.40938398,0.0,0.40938398,0.102345996
50266,0.063866295,0.0071896985,0.12054289,0.17914681,0.0,0.17914681,0.044786703
50268,0.05487043,0.007510413,0.10223045,0.12142116,0.0,0.12142116,0.03035529
50271,0.1882283,0.007787673,0.3686689,0.2824165,0.0,0.2824165,0.07060412
50273,0.31239104,0.007742338,0.61703974,0.500886,0.0,0.500886,0.1252215
50276,1.0371507,0.007877461,2.0664241,1.8342994,0.0,1.8342994,0.45857486
50279,0.89109236,0.007915675,1.7742691,1.5621716,0.0,1.5621716,0.3905429
50281,0.060561,0.008048258,0.113073744,0.13663816,0.0,0.13663816,0.03415954
50284,0.2605703,0.007991167,0.51314944,0.4058013,0.0,0.4058013,0.101450324
50286,0.15207122,0.0077835354,0.2963589,0.3713093,0.0,0.3713093,0.09282733
50289,0.113797806,0.007770063,0.21982555,0.29059842,0.0,0.29059842,0.072649606
50292,0.044613346,0.007680872,0.08154582,0.055547047,0.0,0.055547047,0.013886762
50294,0.1485471,0.0076078647,0.28948635,0.22685285,0.0,0.22685285,0.056713212
50297,0.058848303,0.0076778717,0.11001873,0.14955696,0.0,0.14955696,0.03738924
50299,0.021347938,0.0076378076,0.03505807,0.050569683,0.0,0.050569683,0.012642421
50302,0.78190404,0.00742336,1.5563847,1.3665355,0.0,1.3665355,0.3416339
50305,0.13318938,0.007302532,0.25907624,0.30708894,0.0,0.30708894,0.076772235
50307,0.03927311,0.00709283,0.07145339,0.047188263,0.0,0.047188263,0.011797066
50310,0.23645806,0.0071879425,0.46572816,0.5561548,0.0,0.5561548,0.1390387
50313,0.043522444,0.0070250607,0.080019824,0.112696655,0.0,0.112696655,0.028174164
50315,0.19722301,0.0069590346,0.38748696,0.32943043,0.0,0.32943043,0.08235761
50318,0.057420734,0.00684074,0.10800073,0.14069282,0.0,0.14069282,0.035173204
50320,0.26188645,0.0067967973,0.5169761,0.44106126,0.0,0.44106126,0.110265315
50323,0.24586356,0.0067864247,0.48494068,0.4143987,0.0,0.4143987,0.103599675
50326,0.277315,0.0066303876,0.5479996,0.46288633,0.0,0.46288633,0.11572158
50328,0.33457372,0.006522397,0.662625,0.5495878,0.0,0.5495878,0.13739695
50331,0.5402584,0.006395686,1.0741211,0.9382481,0.0,0.9382481,0.23456202
50333,0.07849988,0.0064036585,0.15059611,0.18500245,0.0,0.18500245,0.04625061
50336,0.25518075,0.0061370493,0.5042245,0.42711845,0.0,0.42711845,0.10677961
50339,0.15170965,0.0059573404,0.29746196,0.36024413,0.0,0.36024413,0.09006103
50341,0.75418025,0.005845698,1.5025148,1.660325,0.0,1.660325,0.41508126
50344,0.16782904,0.005760481,0.32989758,0.266253,0.0,0.266253,0.06656325
50346,0.29780945,0.005695112,0.5899238,0.69535255,0.0,0.69535255,0.17383814
50349,0.09520792,0.00540671,0.18500912,0.14705391,0.0,0.14705391,0.036763478
50352,0.16236249,0.005416542,0.31930843,0.3909017,0.0,0.3909017,0.09772543
50354,0.07785753,0.005332055,0.15038301,0.12342206,0.0,0.12342206,0.030855514
50357,0.026732357,0.005173422,0.048291296,0.050095618,0.0,0.050095618,0.012523904
50360,0.069826074,0.0050532706,0.13459888,0.1818581,0.0,0.1818581,0.045464527
50362,0.015465987,0.004890058,0.026041918,0.028073175,0.0,0.028073175,0.0070182937
50365,0.06207402,0.005007824,0.119140215,0.10220796,0.0,0.10220796,0.02555199
50367,0.10031863,0.0048537473,0.19578351,0.15023315,0.0,0.15023315,0.037558287
50370,0.6183935,0.0047537815,1.2320333,1.374823,0.0,1.374823,0.34370574
50373,0.6650128,0.00454249,1.3254831,1.4719863,0.0,1.4719863,0.36799657
50375,0.021798676,0.0044809566,0.039116394,0.0488524,0.0,0.0488524,0.0122131
50378,0.058330316,0.0044477615,0.112212874,0.08298016,0.0,0.08298016,0.02074504
50380,0.039068222,0.004491071,0.073645376,0.09621749,0.0,0.09621749,0.024054373
50383,0.12468934,0.0046611708,0.24471752,0.19302523,0.0,0.19302523,0.048256308
50386,0.75690866,0.004748439,1.5090688,1.3764749,0.0,1.3764749,0.3441187
50388,0.10250462,0.004953005,0.20005624,0.15916021,0.0,0.15916021,0.039790053
50391,0.8291709,0.005201544,1.6531402,1.5103855,0.0,1.5103855,0.37759638
50393,0.10783669,0.00503562,0.21063776,0.17152916,0.0,0.17152916,0.04288229
50396,0.06904516,0.00492873,0.13316159,0.16285686,0.0,0.16285686,0.040714215
50399,0.25594616,0.0047118813,0.50718045,0.44832698,0.0,0.44832698,0.112081744
50401,0.045244183,0.0046045184,0.08588385,0.10475594,0.0,0.10475594,0.026188985
50404,0.59395665,0.0042234533,1.1836898,1.2938133,0.0,1.2938133,0.32345334
50407,0.32271263,0.0042584217,0.6411668,0.5661488,0.0,0.5661488,0.1415372
50409,0.3778824,0.004215497,0.7515493,0.66230834,0.0,0.66230834,0.16557708
50412,0.28121164,0.0040945667,0.5583287,0.48952398,0.0,0.48952398,0.122380994
50414,0.16430505,0.0040060207,0.32460406,0.2777628,0.0,0.2777628,0.0694407
50417,0.34265885,0.0037602738,0.6815574,0.6074791,0.0,0.6074791,0.15186977
50420,0.11710983,0.0036728114,0.23054683,0.26006004,0.0,0.26006004,0.06501501
50422,0.72098714,0.003686955,1.4382874,1.3356804,0.0,1.3356804,0.3339201
50425,0.11640328,0.0037853748,0.22902119,0.19273181,0.0,0.19273181,0.048182953
50427,0.031730488,0.0036916416,0.059769332,0.06989167,0.0,0.06989167,0.017472917
50430,0.8914809,0.0036424224,1.7793194,1.9281049,0.0,1.9281049,0.48202622
50433,0.08353374,0.0036654165,0.16340208,0.13363631,0.0,0.13363631,0.033409078
50435,0.11478591,0.0036506339,0.2259212,0.188438,0.0,0.188438,0.0471095
50438,0.02224614,0.0034683004,0.041023977,0.029358799,0.0,0.029358799,0.0073396997
50440,0.34181216,0.0035071576,0.6801172,0.6030535,0.0,0.6030535,0.15076338
50443,0.14537995,0.0035791316,0.28718075,0.23681505,0.0,0.23681505,0.059203763
50446,0.28308323,0.0035698942,0.56259656,0.49647817,0.0,0.49647817,0.12411954
50448,0.15816262,0.0036979367,0.31262732,0.265991,0.0,0.265991,0.06649775
50451,0.065785095,0.003649527,0.12792067,0.10746998,0.0,0.10746998,0.026867496
50454,0.13748963,0.0037223995,0.2712569,0.32162592,0.0,0.32162592,0.08040648
50456,0.20400552,0.0037457894,0.40426525,0.33921906,0.0,0.33921906,0.084804766
50459,0.082563974,0.0038037589,0.16132419,0.20174742,0.0,0.20174742,0.050436854
50461,0.43833995,0.0038423904,0.87283754,0.96957517,0.0,0.96957517,0.24239379
50464,0.2429872,0.0038970697,0.48207733,0.4099766,0.0,0.4099766,0.10249415
50467,0.036533568,0.0040301397,0.069037,0.08438086,0.0,0.08438086,0.021095214
50469,0.63271326,0.0040863063,1.2613403,1.1328158,0.0,1.1328158,0.28320396
50472,0.058811143,0.0042150486,0.11340723,0.089603186,0.0,0.089603186,0.022400796
50474,0.20153226,0.0043909205,0.39867362,0.33547482,0.0,0.33547482,0.083868705
50477,0.0606911,0.0045814333,0.11680076,0.15670763,0.0,0.15670763,0.039176907
50480,0.07444965,0.0046125227,0.14428677,0.16664226,0.0,0.16664226,0.041660566
50482,0.73729914,0.0047128634,1.4698853,1.3274403,0.0,1.3274403,0.33186007
50485,0.19487466,0.004827445,0.38492188,0.46544886,0.0,0.46544886,0.116362214
50487,0.03386147,0.005003776,0.06271916,0.043941874,0.0,0.043941874,0.0109854685
50490,0.18803251,0.005321201,0.37074384,0.45504093,0.0,0.45504093,0.11376023
50493,0.1393721,0.0054528774,0.27329132,0.34770918,0.0,0.34770918,0.086927295
50495,0.024307111,0.005540799,0.043073427,0.052914787,0.0,0.052914787,0.013228697
50498,0.5188435,0.00566073,1.0320263,0.9016908,0.0,0.9016908,0.2254227
50501,0.06512904,0.005960904,0.12429718,0.17839968,0.0,0.17839968,0.04459992
50503,0.724441,0.006127654,1.4427543,1.6238018,0.0,1.6238018,0.40595046
50506,0.017732525,0.0063012405,0.029163813,0.017010542,0.0,0.017010542,0.0042526354
50508,0.11121067,0.0065151886,0.21590614,0.27911267,0.0,0.27911267,0.06977817
50511,0.017182006,0.006774079,0.027589932,0.0280803,0.0,0.0280803,0.007020075
50514,0.21072906,0.0068954513,0.41456267,0.5066758,0.0,0.5066758,0.12666894
50516,0.11666027,0.0069984426,0.2263221,0.17538352,0.0,0.17538352,0.04384588
50519,0.57577854,0.0071287123,1.1444284,1.3151962,0.0,1.3151962,0.32879904
50521,0.14947642,0.007246828,0.291706,0.21692832,0.0,0.21692832,0.05423208
50524,0.6585863,0.00756979,1.3096029,1.133297,0.0,1.133297,0.28332424
50527,0.43936372,0.007821737,0.8709057,0.73648196,0.0,0.73648196,0.18412049
50529,0.06779488,0.008045821,0.12754394,0.17599972,0.0,0.17599972,0.04399993
50532,0.02150952,0.008274288,0.034744754,0.04110172,0.0,0.04110172,0.01027543
50535,0.040505707,0.008473802,0.07253761,0.090886585,0.0,0.090886585,0.022721646
50537,0.060361836,0.008687001,0.112036675,0.13599075,0.0,0.13599075,0.03399769
50540,0.20018871,0.009055525,0.3913219,0.49562526,0.0,0.49562526,0.123906314
50542,0.06329412,0.009532905,0.11705533,0.17849767,0.0,0.17849767,0.044624418
50545,0.52676743,0.009839895,1.0436949,1.2412087,0.0,1.2412087,0.31030217
50548,0.23825525,0.01023277,0.46627772,0.6001529,0.0,0.6001529,0.15003823
50550,0.20571797,0.010520202,0.4009157,0.29583353,0.0,0.29583353,0.07395838
50553,0.26117158,0.0108415345,0.5115016,0.6555376,0.0,0.6555376,0.1638844
50555,0.061471716,0.011100403,0.11184303,0.075400464,0.0,0.075400464,0.018850116
50558,0.06251373,0.01125384,0.11377362,0.14767116,0.0,0.14767116,0.03691779
50561,0.16625406,0.01141109,0.32109702,0.21940176,0.0,0.21940176,0.05485044
50563,0.20973146,0.011307945,0.40815496,0.5257988,0.0,0.5257988,0.1314497
50566,0.05831364,0.011232364,0.10539492,0.13829446,0.0,0.13829446,0.034573615
50568,0.03291713,0.011053391,0.05478087,0.0617962,0.0,0.0617962,0.01544905
50571,0.03760541,0.010934167,0.06427665,0.094921745,0.0,0.094921745,0.023730436
50574,0.037580747,0.010702779,0.06445871,0.08422911,0.0,0.08422911,0.021057278
50576,0.09669915,0.010644171,0.18275411,0.24820429,0.0,0.24820429,0.062051073
50579,0.5516307,0.010263986,1.0929974,0.93496853,0.0,0.93496853,0.23374213
50582,0.05486713,0.00994771,0.09978655,0.1268893,0.0,0.1268893,0.031722326
50584,0.63710284,0.009785961,1.2644197,1.0958059,0.0,1.0958059,0.27395147
50587,0.071117006,0.00934564,0.13288836,0.1857208,0.0,0.1857208,0.0464302
50589,0.319703,0.0092159,0.6301901,0.7575898,0.0,0.7575898,0.18939745
50592,0.19351454,0.0090103885,0.3780187,0.2968595,0.0,0.2968595,0.074214876
50595,0.043363232,0.008622702,0.07810376,0.047353033,0.0,0.047353033,0.011838258
50597,0.081580766,0.008353482,0.15480804,0.11595673,0.0,0.11595673,0.028989183
50600,0.28114685,0.008176819,0.5541169,0.45128703,0.0,0.45128703,0.11282176
50602,0.093167804,0.0077962596,0.17853934,0.2226936,0.0,0.2226936,0.0556734
50605,0.112939924,0.007673374,0.21820647,0.26273084,0.0,0.26273084,0.06568271
50608,0.028899042,0.007328235,0.050469846,0.029486714,0.0,0.029486714,0.0073716785
50610,0.025354236,0.0072731306,0.04343534,0.05472142,0.0,0.05472142,0.013680355
50613,0.2058155,0.0070924466,0.40453854,0.3518995,0.0,0.3518995,0.087974876
50615,0.11212913,0.0068820226,0.21737623,0.16147606,0.0,0.16147606,0.040369015
50618,0.042382736,0.006735258,0.07803022,0.08782127,0.0,0.08782127,0.021955317
50621,0.34420907,0.006234052,0.68218404,0.59945035,0.0,0.59945035,0.14986259
50623,0.103761084,0.006084463,0.20143771,0.24109297,0.0,0.24109297,0.06027324
50626,0.25657544,0.0057278886,0.507423,0.5761135,0.0,0.5761135,0.14402838
50629,0.11365781,0.0054685343,0.2218471,0.2675065,0.0,0.2675065,0.06687663
50631,0.104514204,0.0053072586,0.20372115,0.24267046,0.0,0.24267046,0.060667615
50634,0.23993964,0.0051327567,0.47474656,0.53537637,0.0,0.53537637,0.13384409
50636,0.09869365,0.004701139,0.19268616,0.15471743,0.0,0.15471743,0.038679358
50639,0.18488634,0.0043430906,0.3654296,0.4171199,0.0,0.4171199,0.10427997
50642,0.09373789,0.0040505854,0.18342519,0.22076084,0.0,0.22076084,0.05519021
50644,0.022541216,0.0040059714,0.041076455,0.040756956,0.0,0.040756956,0.010189239
50647,0.034216624,0.003759604,0.06467365,0.078326344,0.0,0.078326344,0.019581586
50649,0.3030991,0.0036687565,0.60252947,0.52719885,0.0,0.52719885,0.13179971
50652,0.5791391,0.0035506154,1.1547276,1.0476657,0.0,1.0476657,0.26191643
50655,0.5049967,0.0032629364,1.0067306,0.90858793,0.0,0.90858793,0.22714698
50657,0.15194307,0.003130734,0.3007554,0.25186756,0.0,0.25186756,0.06296689
50660,0.27715808,0.0030687973,0.55124736,0.486734,0.0,0.486734,0.1216835
50662,0.16275583,0.003072749,0.32243893,0.37441722,0.0,0.37441722,0.093604304
50665,0.15189108,0.0030186658,0.30076352,0.2522873,0.0,0.2522873,0.063071825
50668,0.015269033,0.0032607235,0.027277341,0.03064359,0.0,0.03064359,0.0076608974
50670,0.11021385,0.0033954699,0.21703224,0.18444546,0.0,0.18444546,0.046111364
50673,0.18029116,0.0038221013,0.35676023,0.31786007,0.0,0.31786007,0.07946502
50676,0.3287363,0.003864387,0.65360826,0.57072425,0.0,0.57072425,0.14268106
50678,0.016407765,0.0040294086,0.028786123,0.019673767,0.0,0.019673767,0.0049184416
50681,0.43353227,0.0041434807,0.86292106,0.93657523,0.0,0.93657523,0.23414381
50683,0.08096507,0.0041992925,0.15773085,0.17863967,0.0,0.17863967,0.044659916
50686,0.04638077,0.0041869893,0.08857455,0.10078689,0.0,0.10078689,0.025196722
50689,0.2611753,0.0041229106,0.51822776,0.5815186,0.0,0.5815186,0.14537965
50691,0.1343497,0.0041527576,0.26454666,0.31017363,0.0,0.31017363,0.07754341
50694,0.17774773,0.00405756,0.3514379,0.4014349,0.0,0.4014349,0.100358725
50696,0.84644985,0.0038757755,1.689024,1.5635568,0.0,1.5635568,0.3908892
50699,0.04840559,0.0037650373,0.09304615,0.08057499,0.0,0.08057499,0.020143747
50702,0.18937694,0.0037141198,0.37503973,0.42626595,0.0,0.42626595,0.10656649
50704,0.029765062,0.0036373641,0.05589276,0.043858305,0.0,0.043858305,0.010964576
50707,0.024907565,0.0036191095,0.046196017,0.034381587,0.0,0.034381587,0.008595397
50709,0.031081298,0.0035665028,0.058596093,0.045877304,0.0,0.045877304,0.011469326
50712,0.04509513,0.0034014331,0.08678883,0.10035332,0.0,0.10035332,0.02508833
50715,0.1683445,0.0032612549,0.33342776,0.3857162,0.0,0.3857162,0.09642905
50717,0.21578918,0.0032091748,0.42836916,0.37540188,0.0,0.37540188,0.09385047
50720,0.65318114,0.003231344,1.303131,1.4149623,0.0,1.4149623,0.35374057
50723,0.18581581,0.0031956958,0.36843595,0.40972853,0.0,0.40972853,0.10243213
50725,0.26341942,0.0031669016,0.5236719,0.584037,0.0,0.584037,0.14600925
50728,0.46426246,0.0031593703,0.9253655,1.015541,0.0,1.015541,0.25388524
50730,0.06659495,0.0030409517,0.13014895,0.1051191,0.0,0.1051191,0.026279775
50733,0.17725606,0.0029635022,0.35154864,0.31557903,0.0,0.31557903,0.07889476
50736,0.029207291,0.0030143808,0.055400204,0.06252361,0.0,0.06252361,0.015630903
50738,0.6767357,0.0029506537,1.3505207,1.2442117,0.0,1.2442117,0.31105292
50741,0.60909164,0.0029443856,1.2152389,1.316676,0.0,1.316676,0.329169
50743,0.2184233,0.002930604,0.433916,0.49314448,0.0,0.49314448,0.12328612
50746,0.04162443,0.0028796617,0.080369204,0.065181024,0.0,0.065181024,0.016295256
50749,0.0910066,0.0028554273,0.17915778,0.15154544,0.0,0.15154544,0.03788636
50751,0.30512574,0.002854119,0.6073974,0.67798096,0.0,0.67798096,0.16949524
50754,0.095979,0.0029549142,0.18900307,0.21608962,0.0,0.21608962,0.054022405
50756,0.13610598,0.0028721269,0.26933983,0.22854768,0.0,0.22854768,0.05713692
50759,0.45736992,0.0028453413,0.9118945,0.9996712,0.0,0.9996712,0.2499178
50762,0.10248246,0.0029035464,0.20206137,0.1751355,0.0,0.1751355,0.043783873
50764,0.34330836,0.002773178,0.68384355,0.6173029,0.0,0.6173029,0.15432572
50767,0.03806344,0.0027568296,0.07337005,0.06280304,0.0,0.06280304,0.01570076
50770,0.23375611,0.00261835,0.46489385,0.41150388,0.0,0.41150388,0.10287597
50772,0.14188664,0.0026467983,0.28112647,0.3190454,0.0,0.3190454,0.07976135
50775,0.22334607,0.0025950104,0.44409713,0.39637446,0.0,0.39637446,0.099093616
50777,0.031682532,0.00254181,0.06082325,0.05280445,0.0,0.05280445,0.013201113
50780,0.88248056,0.0025902854,1.7623707,1.6531601,0.0,1.6531601,0.41329002
50783,0.04862285,0.0024742142,0.09477148,0.1196086,0.0,0.1196086,0.02990215
50785,0.08566419,0.0025139998,0.16881438,0.20446819,0.0,0.20446819,0.051117048
50788,0.17250127,0.0025581133,0.34244442,0.2951554,0.0,0.2951554,0.07378885
50790,0.5593994,0.0026397116,1.1161591,1.0261389,0.0,1.0261389,0.25653473
50793,0.058944996,0.0027321635,0.11515782,0.12087232,0.0,0.12087232,0.03021808
50796,0.38965496,0.0027130842,0.77659684,0.7005017,0.0,0.7005017,0.17512542
50798,0.038399074,0.0026542183,0.074143924,0.0636869,0.0,0.0636869,0.015921725
50801,0.2196365,0.0027037922,0.4365692,0.49596274,0.0,0.49596274,0.123990685
50803,0.03315941,0.0027193464,0.06359947,0.05017064,0.0,0.05017064,0.01254266
50806,0.17533122,0.0027793038,0.34788314,0.29856044,0.0,0.29856044,0.07464011
50809,0.019286567,0.0028244785,0.035748657,0.039536398,0.0,0.039536398,0.0098840995
50811,0.28325775,0.0028542911,0.56366116,0.4987665,0.0,0.4987665,0.12469163
50814,0.66040415,0.0031642893,1.317644,1.435535,0.0,1.435535,0.35888374
50817,0.2898292,0.0032303103,0.5764281,0.5135558,0.0,0.5135558,0.12838896
50819,0.76664567,0.003472181,1.5298191,1.6489578,0.0,1.6489578,0.41223946
50822,0.041246597,0.0035286036,0.07896459,0.09608093,0.0,0.09608093,0.024020232
50824,0.07322945,0.0033413048,0.14311759,0.1139341,0.0,0.1139341,0.028483525
50827,0.6793942,0.0033653702,1.355423,1.2487088,0.0,1.2487088,0.3121772
50830,0.11095666,0.0032749297,0.21863838,0.187477,0.0,0.187477,0.04686925
50832,0.105470814,0.0032979846,0.20764364,0.24930675,0.0,0.24930675,0.06232669
50835,0.19111066,0.0033622936,0.378859,0.31817695,0.0,0.31817695,0.07954424
50837,0.039550737,0.0035063738,0.0755951,0.059197772,0.0,0.059197772,0.014799443
50840,0.30948943,0.0036065478,0.6153723,0.5383102,0.0,0.5383102,0.13457756
50843,0.023017162,0.0037378494,0.042296473,0.043328106,0.0,0.043328106,0.010832027
50845,0.04908939,0.0037170714,0.09446171,0.10683016,0.0,0.10683016,0.02670754
50848,0.11998264,0.0038016213,0.23616366,0.18577133,0.0,0.18577133,0.046442833
50850,0.051977735,0.003854302,0.100101165,0.121081054,0.0,0.121081054,0.030270264
50853,0.3146502,0.003920469,0.62538,0.5371562,0.0,0.5371562,0.13428906
50856,0.034766633,0.00393117,0.0656021,0.051405966,0.0,0.051405966,0.012851492
50858,0.062317893,0.0039511872,0.120684594,0.13996924,0.0,0.13996924,0.03499231
50861,0.5219741,0.0039044998,1.0400437,1.1623672,0.0,1.1623672,0.2905918
50864,0.17158653,0.0039145416,0.33925852,0.39400056,0.0,0.39400056,0.09850014
50866,0.30671984,0.003886713,0.609553,0.53175193,0.0,0.53175193,0.13293798
50869,0.22630401,0.0038730127,0.448735,0.5223837,0.0,0.5223837,0.13059592
50871,0.36371806,0.0039023962,0.7235337,0.8235076,0.0,0.8235076,0.2058769
50874,0.38813367,0.003946912,0.77232045,0.68678266,0.0,0.68678266,0.17169566
50877,0.118886225,0.003988845,0.2337836,0.18447937,0.0,0.18447937,0.046119843
50879,0.4270636,0.0039048109,0.8502224,0.9491256,0.0,0.9491256,0.2372814
50882,0.13920863,0.003964389,0.2744529,0.22217433,0.0,0.22217433,0.055543583
50884,0.03368206,0.0039992738,0.06336484,0.081980936,0.0,0.081980936,0.020495234
50887,0.24198656,0.0040452494,0.47992787,0.4055879,0.0,0.4055879,0.10139698
50890,0.17389488,0.004083112,0.34370664,0.40374288,0.0,0.40374288,0.10093572
50892,0.057609383,0.0040818607,0.111136906,0.14739347,0.0,0.14739347,0.036848366
50895,0.68271595,0.0041830954,1.3612489,1.5053922,0.0,1.5053922,0.37634805
50897,0.17196093,0.004196511,0.33972535,0.39453435,0.0,0.39453435,0.09863359
50900,0.83178586,0.0042686365,1.6593031,1.5039917,0.0,1.5039917,0.37599793
50903,0.52135456,0.0042126183,1.0384965,0.9238658,0.0,0.9238658,0.23096645
50905,0.068317994,0.004235024,0.13240097,0.16612308,0.0,0.16612308,0.04153077
50908,0.058086213,0.004284113,0.11188831,0.13572262,0.0,0.13572262,0.033930656
50911,0.024367487,0.0042928364,0.044442136,0.05724606,0.0,0.05724606,0.014311515
50913,0.19767374,0.0043311534,0.39101633,0.45839056,0.0,0.45839056,0.11459764
50916,0.016324427,0.00428519,0.028363666,0.030564368,0.0,0.030564368,0.007641092
50918,0.4335812,0.004304594,0.8628578,0.7646143,0.0,0.7646143,0.19115357
50921,0.09370456,0.0042319,0.18317722,0.21394913,0.0,0.21394913,0.053487282
50924,0.17720681,0.0042837798,0.35012984,0.4189675,0.0,0.4189675,0.10474187
50926,0.049642712,0.0042744894,0.095010936,0.0746887,0.0,0.0746887,0.018672176
50929,0.371055,0.0042960723,0.73781395,0.64171433,0.0,0.64171433,0.16042858
50931,0.1339148,0.004326391,0.26350322,0.227917,0.0,0.227917,0.05697925
50934,0.13795611,0.0043442966,0.2715679,0.33286425,0.0,0.33286425,0.08321606
50937,0.5323521,0.004380629,1.0603236,1.1813904,0.0,1.1813904,0.2953476
50939,0.15965824,0.004421702,0.31489477,0.38394666,0.0,0.38394666,0.095986664
50942,0.06948368,0.004513417,0.13445395,0.17234825,0.0,0.17234825,0.04308706
50944,0.4171548,0.0045506577,0.8297589,0.9325049,0.0,0.9325049,0.23312622
50947,0.42156804,0.004604303,0.83853173,0.7276104,0.0,0.7276104,0.1819026
50950,0.07705649,0.0046712314,0.14944175,0.19141571,0.0,0.19141571,0.047853928
50952,0.09240762,0.0047385185,0.18007673,0.14516956,0.0,0.14516956,0.03629239
50955,0.14034659,0.0048725517,0.2758206,0.33396825,0.0,0.33396825,0.08349206
50958,0.13824803,0.004991324,0.27150473,0.21243714,0.0,0.21243714,0.053109284
50960,0.6669865,0.0050271736,1.3289459,1.1806879,0.0,1.1806879,0.29517198
50963,0.40687206,0.005205107,0.8085391,0.7062883,0.0,0.7062883,0.17657207
50965,0.3778648,0.0053250804,0.75040454,0.86461955,0.0,0.86461955,0.21615489
50968,0.059104994,0.0054816133,0.11272838,0.15358818,0.0,0.15358818,0.038397044
50971,0.23156951,0.005631652,0.45750737,0.5477833,0.0,0.5477833,0.13694583
50973,0.7759679,0.0057182293,1.5462176,1.3871413,0.0,1.3871413,0.34678534
50976,0.018504856,0.005924769,0.031084945,0.018491482,0.0,0.018491482,0.0046228706
50978,0.35519382,0.006055109,0.70433253,0.60020643,0.0,0.60020643,0.15005161
50981,0.1190374,0.006286338,0.23178846,0.297726,0.0,0.297726,0.0744315
50984,0.19072063,0.0065252353,0.37491605,0.46389306,0.0,0.46389306,0.115973264
50986,0.07371864,0.006648641,0.14078863,0.104459554,0.0,0.104459554,0.026114888
50989,0.10365834,0.0067794654,0.2005372,0.16185227,0.0,0.16185227,0.040463068
50991,0.24998356,0.0067839385,0.49318323,0.39379564,0.0,0.39379564,0.09844891
50994,0.11092853,0.006677563,0.21517949,0.1567242,0.0,0.1567242,0.03918105
50997,0.25604126,0.00662695,0.50545555,0.4121233,0.0,0.4121233,0.10303082
50999,0.44599423,0.006530003,0.88545847,1.029678,0.0,1.029678,0.2574195
51002,0.04789935,0.006474249,0.08932445,0.05875731,0.0,0.05875731,0.014689327
51005,0.2305835,0.0064384895,0.4547285,0.5495519,0.0,0.5495519,0.13738798
51007,0.09592157,0.0063398066,0.18550332,0.24229284,0.0,0.24229284,0.06057321
51010,0.20584174,0.006308207,0.40537527,0.33040577,0.0,0.33040577,0.08260144
51012,0.71708983,0.0062595694,1.42792,1.6014894,0.0,1.6014894,0.40037236
51015,0.6529009,0.0061261277,1.2996756,1.4602894,0.0,1.4602894,0.36507234
51018,0.053585988,0.005973535,0.101198435,0.12679057,0.0,0.12679057,0.031697642
51020,0.018879283,0.0058437656,0.0319148,0.034214918,0.0,0.034214918,0.008553729
51023,0.1047492,0.005726293,0.20377211,0.16276218,0.0,0.16276218,0.040690545
51025,0.627987,0.0056801327,1.2502939,1.1348841,0.0,1.1348841,0.28372103
51028,1.0586822,0.005617959,2.1117465,1.9150916,0.0,1.9150916,0.4787729
51031,0.056054384,0.00553938,0.10656939,0.12903495,0.0,0.12903495,0.032258738
51033,0.24610494,0.005506705,0.48670316,0.5743944,0.0,0.5743944,0.1435986
51036,0.13783716,0.0054116566,0.27026266,0.21578383,0.0,0.21578383,0.05394596
51039,0.5763927,0.00540597,1.1473795,1.2948767,0.0,1.2948767,0.32371917
51041,0.21571843,0.0052760034,0.42616084,0.503259,0.0,0.503259,0.12581475
51044,0.14948036,0.0052032736,0.29375744,0.24464822,0.0,0.24464822,0.061162055
51046,0.7615927,0.0051796366,1.5180058,1.6712627,0.0,1.6712627,0.4178157
51049,0.11418539,0.0050596464,0.22331114,0.18071158,0.0,0.18071158,0.045177896
51052,0.31821743,0.0049186293,0.6315163,0.5485212,0.0,0.5485212,0.1371303
51054,0.29127002,0.004787808,0.57775223,0.64805657,0.0,0.64805657,0.16201414
51057,0.104691304,0.00458811,0.20479451,0.24904244,0.0,0.24904244,0.06226061
51059,0.10452477,0.004391407,0.20465814,0.16118638,0.0,0.16118638,0.040296596
51062,0.9952802,0.00421565,1.9863447,1.8267158,0.0,1.8267158,0.45667896
51065,0.02177251,0.004038594,0.039506424,0.043328628,0.0,0.043328628,0.010832157
51067,0.46722567,0.0039569275,0.93049437,0.83654064,0.0,0.83654064,0.20913516
51070,0.87672585,0.003771284,1.7496804,1.8867478,0.0,1.8867478,0.47168696
51072,0.45539656,0.0036930523,0.90710014,1.0051908,0.0,1.0051908,0.2512977
51075,0.040081516,0.003566671,0.07659636,0.060319018,0.0,0.060319018,0.015079754
51078,0.021117484,0.0034717089,0.03876326,0.046647873,0.0,0.046647873,0.011661968
51080,0.20449223,0.0034514833,0.405533,0.35257912,0.0,0.35257912,0.08814478
51083,0.0751014,0.0033591383,0.14684366,0.18454929,0.0,0.18454929,0.04613732
51086,0.04353319,0.0031866934,0.08387969,0.10049105,0.0,0.10049105,0.025122762
51088,0.24966185,0.0031208983,0.4962028,0.5627183,0.0,0.5627183,0.14067957
51091,0.7160032,0.0030374995,1.4289689,1.5534434,0.0,1.5534434,0.38836086
51093,0.68823886,0.0029933637,1.3734843,1.488166,0.0,1.488166,0.3720415
51096,0.66576415,0.0029801095,1.3285482,1.4404583,0.0,1.4404583,0.36011457
51099,0.2350062,0.0030637905,0.4669486,0.41747573,0.0,0.41747573,0.10436893
51101,0.45680365,0.0031626287,0.9104447,0.9998574,0.0,0.9998574,0.24996436
51104,0.06847992,0.0032905834,0.13366926,0.15772305,0.0,0.15772305,0.039430764
51106,0.14497764,0.0032964295,0.28665885,0.24942024,0.0,0.24942024,0.06235506
51109,0.021937177,0.0032709453,0.04060341,0.05388117,0.0,0.05388117,0.013470292
51112,0.064418025,0.0030628422,0.1257732,0.10905292,0.0,0.10905292,0.02726323
51114,0.2824122,0.0029058717,0.5619185,0.6243982,0.0,0.6243982,0.15609954
51117,0.11737167,0.0026801613,0.23206317,0.20949738,0.0,0.20949738,0.052374344
51119,0.02554208,0.0025637657,0.048520397,0.056561854,0.0,0.056561854,0.014140463
51122,0.12587108,0.0023116202,0.24943054,0.26355025,0.0,0.26355025,0.06588756
51125,0.022237835,0.0021204911,0.04235518,0.05153201,0.0,0.05153201,0.012883003
51127,0.42059335,0.0020515767,0.8391351,0.800783,0.0,0.800783,0.20019574
51130,0.18129957,0.0018300941,0.36076903,0.33479404,0.0,0.33479404,0.08369851
51133,0.04135312,0.0017121164,0.08099412,0.094075955,0.0,0.094075955,0.023518989
51135,0.2097295,0.001614151,0.41784486,0.4532058,0.0,0.4532058,0.11330145
51138,0.19505762,0.001474799,0.3886404,0.36652112,0.0,0.36652112,0.09163028
51140,0.079714485,0.0014310364,0.15799792,0.17486668,0.0,0.17486668,0.04371667
51143,0.051015954,0.0013441388,0.10068777,0.0895705,0.0,0.0895705,0.022392625
51146,0.021102937,0.0012536597,0.040952213,0.043533254,0.0,0.043533254,0.010883314
51148,0.4845697,0.0012243568,0.96791506,1.0109756,0.0,1.0109756,0.2527439
51151,0.5350521,0.001160852,1.0689434,1.0377363,0.0,1.0377363,0.25943407
51153,0.08505898,0.0011593305,0.16895862,0.15756424,0.0,0.15756424,0.03939106
51156,0.043115165,0.0010948594,0.08513547,0.09150416,0.0,0.09150416,0.02287604
51159,0.15422828,0.0010508378,0.30740574,0.29391858,0.0,0.29391858,0.073479645
51161,0.10538984,0.0010694797,0.2097102,0.22212599,0.0,0.22212599,0.055531498
51164,0.047149096,0.0009897366,0.093308456,0.100091636,0.0,0.100091636,0.025022909
51166,0.098395295,0.000983605,0.195807,0.18739855,0.0,0.18739855,0.04684964
51169,0.16269556,0.00095614913,0.32443497,0.33387733,0.0,0.33387733,0.08346933
51172,0.123210005,0.0008408909,0.24557912,0.25658056,0.0,0.25658056,0.06414514
51174,0.15782763,0.0007801465,0.3148751,0.30165187,0.0,0.30165187,0.07541297
51177,0.0788863,0.0007389148,0.15703368,0.16519721,0.0,0.16519721,0.041299302
51180,0.033918675,0.00063913286,0.06719822,0.06360304,0.0,0.06360304,0.01590076
51182,0.1353582,0.00061624224,0.27010015,0.2820709,0.0,0.2820709,0.070517726
51185,0.1401505,0.0006356849,0.27966532,0.26425144,0.0,0.26425144,0.06606286
51187,0.020671595,0.00066054566,0.040682644,0.042981554,0.0,0.042981554,0.010745388
51190,0.04487729,0.0006352616,0.089119315,0.09183403,0.0,0.09183403,0.022958508
51193,0.1849515,0.0006115308,0.36929145,0.35127735,0.0,0.35127735,0.08781934
51195,0.032709796,0.00065083924,0.064768754,0.07036283,0.0,0.07036283,0.017590707
51198,0.08757699,0.000597315,0.17455667,0.18657808,0.0,0.18657808,0.04664452
51200,0.3707405,0.0006803077,0.7408007,0.76697856,0.0,0.76697856,0.19174464
51203,0.4970177,0.00072623027,0.9933092,0.9649408,0.0,0.9649408,0.2412352
51206,0.4396588,0.0007380566,0.87857956,0.8488051,0.0,0.8488051,0.21220128
51208,0.021532027,0.0008066054,0.042257447,0.038060613,0.0,0.038060613,0.009515153
51211,0.34748212,0.00089000416,0.6940742,0.72480774,0.0,0.72480774,0.18120193
51213,0.056337893,0.0009800834,0.11169571,0.11634451,0.0,0.11634451,0.029086128
51216,0.26662853,0.0010893643,0.53216773,0.56101894,0.0,0.56101894,0.14025474
51219,0.045789104,0.0011519013,0.0904263,0.08680261,0.0,0.08680261,0.021700652
51221,0.3304678,0.0011658411,0.6597697,0.6223139,0.0,0.6223139,0.15557848
51224,0.35731062,0.0012408424,0.7133804,0.7528606,0.0,0.7528606,0.18821515
51227,0.14283495,0.0013303226,0.28433958,0.31539914,0.0,0.31539914,0.078849785
51229,0.103495084,0.0013730858,0.20561707,0.17908412,0.0,0.17908412,0.04477103
51232,0.6696184,0.001449939,1.337787,1.2703228,0.0,1.2703228,0.3175807
51234,0.027197527,0.0015779017,0.05281715,0.055544224,0.0,0.055544224,0.013886056
51237,0.06438561,0.0017134681,0.12705775,0.13635157,0.0,0.13635157,0.034087893
51240,0.6510209,0.0018448532,1.3001969,1.2224947,0.0,1.2224947,0.30562368
51242,0.39027128,0.0018500895,0.7786924,0.7157464,0.0,0.7157464,0.1789366
51245,0.6747704,0.0020822722,1.3474585,1.4346434,0.0,1.4346434,0.35866085
51247,0.49036297,0.0021848145,0.97854114,1.0571829,0.0,1.0571829,0.26429573
51250,0.036340166,0.0023273453,0.070352994,0.078696735,0.0,0.078696735,0.019674184
51253,0.25362036,0.002444972,0.50479573,0.56968504,0.0,0.56968504,0.14242126
51255,0.028379159,0.002507426,0.054250892,0.05885895,0.0,0.05885895,0.014714737
51258,0.10767356,0.0026385698,0.21270855,0.2537841,0.0,0.2537841,0.06344602
51260,0.23110682,0.0028218795,0.45939174,0.5252536,0.0,0.5252536,0.1313134
51263,0.43486607,0.003073742,0.8666584,0.9588073,0.0,0.9588073,0.23970182
51266,0.122376144,0.0033780832,0.24137421,0.21342337,0.0,0.21342337,0.053355843
51268,0.47350016,0.0034327898,0.9435676,1.0411814,0.0,1.0411814,0.26029536
51271,0.041468844,0.0035806915,0.079357,0.09439828,0.0,0.09439828,0.02359957
51274,0.4163121,0.003750935,0.8288732,0.9342541,0.0,0.9342541,0.23356353
51276,0.03675644,0.0038155287,0.06969736,0.051294982,0.0,0.051294982,0.012823746
51279,0.2702876,0.0040704585,0.53650475,0.46055233,0.0,0.46055233,0.11513808
51281,0.2734335,0.004266635,0.5426004,0.45804453,0.0,0.45804453,0.11451113
51284,0.081103764,0.00431387,0.15789366,0.12922145,0.0,0.12922145,0.032305364
51287,0.15024255,0.0045608976,0.29592422,0.23415613,0.0,0.23415613,0.058539033
51289,0.3348001,0.0044649686,0.6651352,0.76731807,0.0,0.76731807,0.19182952
51292,0.33286163,0.004460513,0.6612628,0.5630811,0.0,0.5630811,0.14077027
51294,0.26760706,0.004683099,0.530531,0.44784567,0.0,0.44784567,0.11196142
51297,0.1776771,0.0047351844,0.350619,0.42423415,0.0,0.42423415,0.10605854
51300,0.4960022,0.0046844436,0.98731995,0.8718943,0.0,0.8718943,0.21797357
51302,0.25624225,0.004696499,0.507788,0.42445663,0.0,0.42445663,0.10611416
51305,0.17355348,0.0048328782,0.3422741,0.28205267,0.0,0.28205267,0.07051317
51307,0.03238607,0.0046059988,0.06016614,0.06678214,0.0,0.06678214,0.016695535
51310,0.37553814,0.004639108,0.74643725,0.85911244,0.0,0.85911244,0.21477811
51313,0.47435924,0.0048142164,0.9439042,0.8338222,0.0,0.8338222,0.20845555
51315,0.3655853,0.0049722004,0.7261984,0.83487225,0.0,0.83487225,0.20871806
51318,0.2887158,0.0048668054,0.57256484,0.48042226,0.0,0.48042226,0.120105565
51321,0.28626624,0.004662611,0.5678699,0.657383,0.0,0.657383,0.16434576
51323,0.5895177,0.004449921,1.1745855,1.066639,0.0,1.066639,0.26665974
51326,0.820888,0.004394433,1.6373816,1.4875485,0.0,1.4875485,0.37188712
51328,0.5341496,0.0043999706,1.0638992,1.1711816,0.0,1.1711816,0.2927954
51331,0.08234713,0.004153328,0.16054094,0.12576933,0.0,0.12576933,0.031442333
51334,0.2685576,0.00394118,0.53317404,0.5998412,0.0,0.5998412,0.1499603
51336,0.016081167,0.0035113972,0.02865094,0.037246857,0.0,0.037246857,0.009311714
51339,0.057588056,0.0036693688,0.11150674,0.13891307,0.0,0.13891307,0.034728266
51341,0.6290623,0.0034395503,1.254685,1.3562618,0.0,1.3562618,0.33906546
51344,0.10273575,0.0034963868,0.2019751,0.23591642,0.0,0.23591642,0.058979105
51347,0.08592505,0.003132547,0.16871756,0.19452237,0.0,0.19452237,0.04863059
51349,0.20182727,0.0028750517,0.4007795,0.35257104,0.0,0.35257104,0.08814276
51352,0.054189924,0.0029067274,0.10547312,0.124041505,0.0,0.124041505,0.031010376
51354,0.47115555,0.0026959227,0.9396152,1.0114294,0.0,1.0114294,0.25285736
51357,0.14180395,0.0026702175,0.2809377,0.24342221,0.0,0.24342221,0.060855553
51360,0.034469724,0.00224969,0.06668976,0.07756357,0.0,0.07756357,0.019390892
51362,0.5136271,0.0022080767,1.0250462,1.089832,0.0,1.089832,0.272458
51365,0.30990735,0.0020795595,0.6177351,0.6805641,0.0,0.6805641,0.17014103
51368,0.59352946,0.0019909814,1.185068,1.114041,0.0,1.114041,0.27851024
51370,0.18774694,0.0017804005,0.3737135,0.40344357,0.0,0.40344357,0.100860894
51373,0.120244704,0.0016053211,0.23888409,0.21409257,0.0,0.21409257,0.053523142
51375,0.10218424,0.0015939405,0.20277454,0.21972275,0.0,0.21972275,0.054930687
51378,0.08225898,0.0015700337,0.16294791,0.1798873,0.0,0.1798873,0.044971824
51381,0.04643421,0.0015776294,0.091290794,0.09801737,0.0,0.09801737,0.024504343
51383,0.29195538,0.0013863671,0.5825244,0.61217993,0.0,0.61217993,0.15304498
51386,0.03356508,0.0013849181,0.06574524,0.05426832,0.0,0.05426832,0.01356708
51388,0.13921387,0.001232034,0.27719572,0.2527174,0.0,0.2527174,0.06317935
51391,0.81964564,0.001224534,1.6380668,1.5724319,0.0,1.5724319,0.39310798
51394,0.010557376,0.001010633,0.020104118,0.02261369,0.0,0.02261369,0.0056534223
51396,0.34220716,0.0010094101,0.6834049,0.64302,0.0,0.64302,0.160755
51399,0.13513047,0.0010358565,0.2692251,0.25215095,0.0,0.25215095,0.06303774
51401,0.37265596,0.0009321641,0.74437976,0.7166066,0.0,0.7166066,0.17915165
51404,0.06307389,0.0012111935,0.12493658,0.11388651,0.0,0.11388651,0.028471628
51407,0.10759854,0.0010422937,0.2141548,0.22537737,0.0,0.22537737,0.05634434
51409,0.28098613,0.0011603186,0.56081194,0.58157444,0.0,0.58157444,0.14539361
51412,0.042992577,0.0007883026,0.08519685,0.079640105,0.0,0.079640105,0.019910026
51415,0.036375035,0.0008115335,0.07193854,0.06695639,0.0,0.06695639,0.016739098
51417,0.02271717,0.0008292667,0.044605076,0.04104303,0.0,0.04104303,0.010260757
51420,0.080008216,0.0006322444,0.15938418,0.1517564,0.0,0.1517564,0.0379391
51422,0.8050256,0.0006850948,1.609366,1.5664543,0.0,1.5664543,0.39161357
51425,0.08359387,0.00066263415,0.16652511,0.17238528,0.0,0.17238528,0.04309632
51428,0.034044176,0.00069148414,0.06739687,0.061650485,0.0,0.061650485,0.015412621
51430,0.2879174,0.00067751127,0.57515734,0.55629784,0.0,0.55629784,0.13907446
51433,0.14030261,0.0006061822,0.27999905,0.29093686,0.0,0.29093686,0.072734214
51435,0.08528323,0.000671375,0.1698951,0.15983291,0.0,0.15983291,0.039958227
51438,0.3310859,0.00078934286,0.66138244,0.6472793,0.0,0.6472793,0.16181983
51441,0.6627459,0.00069899345,1.3247929,1.3562266,0.0,1.3562266,0.33905664
51443,0.05038582,0.00069404783,0.1000776,0.09115427,0.0,0.09115427,0.022788567
51446,0.06835169,0.0006558353,0.13604754,0.14144045,0.0,0.14144045,0.035360113
51448,0.7280357,0.0006712159,1.4554001,1.4890496,0.0,1.4890496,0.3722624
51451,0.10850524,0.00058045203,0.21643002,0.20658283,0.0,0.20658283,0.051645707
51454,0.85981053,0.00062145246,1.7189995,1.6849724,0.0,1.6849724,0.4212431
51456,0.040642247,0.00066079415,0.0806237,0.07635669,0.0,0.07635669,0.019089172
51459,0.039615024,0.0005779585,0.07865209,0.074788734,0.0,0.074788734,0.018697184
51462,0.24472572,0.0007394608,0.48871198,0.47246432,0.0,0.47246432,0.11811608
51464,0.054675937,0.00065316726,0.1086987,0.1140328,0.0,0.1140328,0.0285082
51467,0.21690445,0.0006935454,0.43311533,0.4497554,0.0,0.4497554,0.11243885
51469,0.07796799,0.00067090057,0.15526508,0.15942414,0.0,0.15942414,0.039856035
51472,0.809333,0.0006377982,1.6180282,1.6539346,0.0,1.6539346,0.41348365
51475,0.8976858,0.0007310301,1.7946407,1.7572079,0.0,1.7572079,0.43930197
51477,0.02947101,0.00071284524,0.058229174,0.054943275,0.0,0.054943275,0.013735819
51480,0.09312058,0.00063857593,0.18560259,0.1998126,0.0,0.1998126,0.04995315
51482,0.105727874,0.00067671435,0.21077903,0.19351637,0.0,0.19351637,0.048379093
51485,0.22879316,0.0006669884,0.45691934,0.48190165,0.0,0.48190165,0.12047541
51488,0.52233493,0.00072766474,1.0439422,1.0071563,0.0,1.0071563,0.25178906
51490,0.13337645,0.0007109411,0.26604196,0.28589845,0.0,0.28589845,0.07147461
51493,0.16510616,0.00080839964,0.32940394,0.30814442,0.0,0.30814442,0.077036105
51495,0.12515987,0.0008384268,0.24948132,0.26078582,0.0,0.26078582,0.065196455
51498,0.48739028,0.0008091475,0.9739714,1.0131654,0.0,1.0131654,0.25329134
51501,0.07251393,0.00083254353,0.1441953,0.16000305,0.0,0.16000305,0.040000763
51503,0.02815204,0.0009105047,0.055393573,0.0511959,0.0,0.0511959,0.012798975
51506,0.046089128,0.0008962632,0.09128199,0.087469995,0.0,0.087469995,0.021867499
51509,0.038059045,0.00092513923,0.07519295,0.079973556,0.0,0.079973556,0.019993389
51511,0.14268106,0.00089043815,0.2844717,0.25944743,0.0,0.25944743,0.06486186
51514,0.7964501,0.0009503797,1.5919498,1.6557293,0.0,1.6557293,0.41393232
51516,0.01986239,0.00095807965,0.038766697,0.037522133,0.0,0.037522133,0.009380533
51519,0.0856047,0.0009956816,0.17021371,0.17999184,0.0,0.17999184,0.04499796
51522,0.03148481,0.001033757,0.06193586,0.054660965,0.0,0.054660965,0.013665241
51524,0.09779135,0.0010795923,0.19450311,0.21968417,0.0,0.21968417,0.054921042
51527,0.09204892,0.0010827767,0.18301506,0.1670956,0.0,0.1670956,0.0417739
51529,0.10984332,0.0010921392,0.2185945,0.19477475,0.0,0.19477475,0.048693687
51532,0.3332725,0.0010772488,0.66546774,0.62127,0.0,0.62127,0.1553175
51535,0.7927341,0.0010550593,1.584413,1.6567497,0.0,1.6567497,0.41418743
51537,0.030824648,0.0010506074,0.06059869,0.052499134,0.0,0.052499134,0.0131247835
51540,0.12986696,0.0010558345,0.25867808,0.22983682,0.0,0.22983682,0.057459205
51543,0.015736358,0.0010951018,0.030377617,0.031363696,0.0,0.031363696,0.007840924
51545,0.24422228,0.0010840697,0.48736048,0.52446085,0.0,0.52446085,0.13111521
51548,0.6195916,0.0011260392,1.2380571,1.173647,0.0,1.173647,0.29341176
51550,0.12690113,0.0011049933,0.2526973,0.22874562,0.0,0.22874562,0.057186406
51553,0.03830182,0.0010679588,0.07553568,0.06670437,0.0,0.06670437,0.016676093
51556,0.29981527,0.0010231332,0.59860736,0.64201146,0.0,0.64201146,0.16050287
51558,0.09998415,0.0010356979,0.1989326,0.18455108,0.0,0.18455108,0.04613777
51561,0.6702743,0.0010644047,1.3394842,1.4055017,0.0,1.4055017,0.35137543
51563,0.04494417,0.0010356795,0.08885267,0.080115646,0.0,0.080115646,0.020028912
51566,0.09553081,0.0010238895,0.19003773,0.20718057,0.0,0.20718057,0.051795144
51569,0.18256259,0.0010058864,0.3641193,0.3933971,0.0,0.3933971,0.09834927
51571,0.09535987,0.0010008117,0.18971892,0.17493136,0.0,0.17493136,0.04373284
51574,0.043706894,0.0010350976,0.08637869,0.079381295,0.0,0.079381295,0.019845324
51576,0.83678085,0.0010142257,1.6725475,1.742392,0.0,1.742392,0.435598
51579,0.087270886,0.001032214,0.17350955,0.19369192,0.0,0.19369192,0.04842298
51582,0.044218913,0.000983087,0.087454736,0.095900916,0.0,0.095900916,0.023975229
51584,0.027997093,0.0009695121,0.055024672,0.05848473,0.0,0.05848473,0.014621182
51587,0.35582784,0.00095536234,0.71070033,0.75460404,0.0,0.75460404,0.18865101
51590,0.02429494,0.00092231,0.047667567,0.051506292,0.0,0.051506292,0.012876573
51592,0.09683775,0.0009395548,0.19273596,0.21294872,0.0,0.21294872,0.05323718
51595,0.49602488,0.0009421388,0.99110764,1.0402216,0.0,1.0402216,0.2600554
51597,0.21258001,0.00091687334,0.42424312,0.45533192,0.0,0.45533192,0.11383298
51600,0.4291003,0.00090482057,0.8572958,0.8138094,0.0,0.8138094,0.20345235
51603,0.33662382,0.00089101336,0.6723566,0.70907813,0.0,0.70907813,0.17726953
51605,0.20870145,0.0008424762,0.4165604,0.3866774,0.0,0.3866774,0.09666935
51608,0.53332067,0.0008416606,1.0657996,1.020303,0.0,1.020303,0.25507575
51610,0.11522744,0.0008281784,0.2296267,0.2518444,0.0,0.2518444,0.0629611
51613,0.014454599,0.0008248596,0.028084338,0.028562052,0.0,0.028562052,0.007140513
51616,0.6022276,0.0008184253,1.2036369,1.1530479,0.0,1.1530479,0.28826198
51618,0.13270365,0.0007930228,0.26461425,0.2865083,0.0,0.2865083,0.07162707
51621,0.21544792,0.00082876434,0.43006706,0.45963812,0.0,0.45963812,0.11490953
51623,0.9031797,0.0008157965,1.8055435,1.7448397,0.0,1.7448397,0.43620992
51626,0.046304822,0.00081451406,0.091795124,0.09735492,0.0,0.09735492,0.02433873
51629,0.2895826,0.0008155205,0.5783497,0.54253024,0.0,0.54253024,0.13563256
51631,0.34450236,0.000785253,0.6882195,0.72651625,0.0,0.72651625,0.18162906
51634,0.117005,0.0007749743,0.23323502,0.2551105,0.0,0.2551105,0.063777626
51637,0.1523905,0.00079393294,0.30398706,0.32625744,0.0,0.32625744,0.08156436
51639,0.11714708,0.0008136492,0.23348051,0.25404778,0.0,0.25404778,0.063511945
51642,0.043073848,0.0008145664,0.08533313,0.09398109,0.0,0.09398109,0.023495272
51644,0.10940557,0.00081977015,0.21799137,0.20437928,0.0,0.20437928,0.05109482
51647,0.04382566,0.0007962491,0.086855076,0.08199123,0.0,0.08199123,0.020497808
51650,0.28454962,0.0007933027,0.56830597,0.5369006,0.0,0.5369006,0.13422514
51652,0.028683761,0.0007993731,0.05656815,0.052652,0.0,0.052652,0.013163
51655,0.59784645,0.0007955893,1.1948973,1.1490738,0.0,1.1490738,0.28726846
51657,0.15158245,0.00082797185,0.30233693,0.32751784,0.0,0.32751784,0.08187946
51660,0.023762435,0.00081386557,0.046711,0.049337547,0.0,0.049337547,0.012334387
51663,0.20417096,0.00088816235,0.40745378,0.3762213,0.0,0.3762213,0.094055325
51665,0.032819223,0.00089995976,0.06473848,0.07051897,0.0,0.07051897,0.017629743
51668,0.049299452,0.0009970088,0.0976019,0.09109556,0.0,0.09109556,0.02277389
51670,0.054778922,0.0010400881,0.10851776,0.12536405,0.0,0.12536405,0.031341013
51673,0.17549443,0.0011451909,0.34984365,0.38187754,0.0,0.38187754,0.095469385
51676,0.09465187,0.0012017648,0.18810196,0.21469712,0.0,0.21469712,0.05367428
51678,0.28434852,0.0012617898,0.56743526,0.5211586,0.0,0.5211586,0.13028964
51681,0.26044187,0.0013359751,0.51954776,0.56224877,0.0,0.56224877,0.14056219
51684,0.22813392,0.0014241895,0.45484364,0.49836305,0.0,0.49836305,0.12459076
51686,0.058136985,0.0015049918,0.11476898,0.13745357,0.0,0.13745357,0.034363393
51689,0.028538613,0.0015819501,0.055495273,0.050877776,0.0,0.050877776,0.012719444
51691,0.088956974,0.0016263739,0.17628758,0.208053,0.0,0.208053,0.05201325
51694,0.029870152,0.0016817733,0.05805853,0.06186533,0.0,0.06186533,0.015466332
51697,0.043845296,0.0017575131,0.08593308,0.07551256,0.0,0.07551256,0.01887814
51699,0.05473791,0.0017986209,0.1076772,0.09343892,0.0,0.09343892,0.02335973
51702,0.5898684,0.0018863463,1.1778505,1.0966274,0.0,1.0966274,0.27415684
51704,0.011112556,0.0019430685,0.020282043,0.019368596,0.0,0.019368596,0.004842149
51707,0.50417465,0.00199645,1.0063528,0.92838717,0.0,0.92838717,0.23209679
51710,0.39143303,0.002054926,0.78081113,0.8524723,0.0,0.8524723,0.21311808
51712,0.048084542,0.0020838578,0.094085224,0.10543027,0.0,0.10543027,0.026357567
51715,0.16095923,0.0020709997,0.31984746,0.36722717,0.0,0.36722717,0.09180679
51717,0.013846017,0.0020556506,0.025636384,0.025748705,0.0,0.025748705,0.0064371764
51720,0.1273284,0.0020356113,0.25262117,0.29300216,0.0,0.29300216,0.07325054
51723,0.07051572,0.0020255218,0.13900591,0.15754955,0.0,0.15754955,0.039387386
51725,0.28652918,0.0020407212,0.5710177,0.5107594,0.0,0.5107594,0.12768985
51728,0.24746843,0.0020386195,0.49289823,0.4405986,0.0,0.4405986,0.11014965
51731,0.10859146,0.0020453222,0.2151376,0.19655333,0.0,0.19655333,0.049138334
51733,0.52851504,0.002040877,1.0549892,1.138473,0.0,1.138473,0.28461826
51736,0.03908927,0.001989461,0.07618908,0.087725945,0.0,0.087725945,0.021931486
51738,0.28657025,0.001966365,0.57117414,0.52424484,0.0,0.52424484,0.13106121
51741,0.28547493,0.0019277114,0.5690222,0.5193436,0.0,0.5193436,0.1298359
51744,0.1224123,0.0019038497,0.24292076,0.26803455,0.0,0.26803455,0.06700864
51746,0.039314825,0.0019225506,0.076707095,0.08564154,0.0,0.08564154,0.021410385
51749,0.13612074,0.0018858997,0.27035558,0.24229062,0.0,0.24229062,0.060572654
51751,0.083984874,0.0018625503,0.1661072,0.14462526,0.0,0.14462526,0.036156315
51754,0.46672395,0.0018873302,0.9315606,0.87018234,0.0,0.87018234,0.21754558
51757,0.121377654,0.0018201898,0.24093513,0.20879698,0.0,0.20879698,0.052199244
51759,0.21917854,0.0017869096,0.43657017,0.39410576,0.0,0.39410576,0.09852644
51762,0.07241664,0.0017449426,0.14308833,0.12293184,0.0,0.12293184,0.03073296
51764,0.16481838,0.0017793408,0.3278574,0.36771736,0.0,0.36771736,0.09192934
51767,0.14037718,0.0017769005,0.27897748,0.3121186,0.0,0.3121186,0.07802965
51770,0.18233965,0.0017527464,0.36292657,0.3216331,0.0,0.3216331,0.080408275
51772,0.11206827,0.001760873,0.22237568,0.19023181,0.0,0.19023181,0.047557954
51775,0.2648624,0.001710414,0.52801436,0.47913477,0.0,0.47913477,0.11978369
51778,0.02486669,0.0017437832,0.047989596,0.03909326,0.0,0.03909326,0.009773315
51780,0.45411944,0.0016985899,0.90654033,0.97154444,0.0,0.97154444,0.24288611
51783,0.40372097,0.0016925634,0.8057494,0.7463719,0.0,0.7463719,0.18659298
51785,0.21272217,0.0016112026,0.42383313,0.3859787,0.0,0.3859787,0.096494675
51788,0.56545585,0.0015645567,1.1293472,1.0604465,0.0,1.0604465,0.26511163
51791,0.1603983,0.0014840284,0.31931257,0.35003236,0.0,0.35003236,0.08750809
51793,0.17832631,0.0014176943,0.35523495,0.38765565,0.0,0.38765565,0.09691391
51796,0.06187445,0.0013984367,0.12235046,0.11437384,0.0,0.11437384,0.02859346
51798,0.27054682,0.0013517198,0.53974193,0.49551633,0.0,0.49551633,0.12387908
51801,0.023647038,0.0012684761,0.0460256,0.054204423,0.0,0.054204423,0.013551106
51804,0.31960326,0.0012734233,0.6379331,0.5919325,0.0,0.5919325,0.14798312
51806,0.08021601,0.0012386531,0.15919338,0.14330147,0.0,0.14330147,0.035825368
51809,0.42889437,0.001264122,0.85652465,0.9032696,0.0,0.9032696,0.2258174
51811,0.18455864,0.0012252581,0.36789203,0.34271154,0.0,0.34271154,0.085677885
51814,0.029146051,0.0012299749,0.057062123,0.062329143,0.0,0.062329143,0.015582286
51817,0.048198875,0.0012923685,0.09510538,0.085207246,0.0,0.085207246,0.021301812
51819,0.1898843,0.0012894985,0.37847912,0.40428698,0.0,0.40428698,0.101071745
51822,0.08399532,0.0012726974,0.16671795,0.17772861,0.0,0.17772861,0.044432152
51825,0.017288873,0.0013297825,0.033247963,0.035393894,0.0,0.035393894,0.008848473
51827,0.39754415,0.001259562,0.7938287,0.825898,0.0,0.825898,0.2064745
51830,0.24449413,0.0012516357,0.4877366,0.46000823,0.0,0.46000823,0.11500206
51832,0.09692424,0.0011983094,0.19265015,0.1697877,0.0,0.1697877,0.042446926
51835,0.3688215,0.0010456444,0.73659736,0.76677924,0.0,0.76677924,0.19169481
51838,0.14358659,0.00094843406,0.28622475,0.26570174,0.0,0.26570174,0.066425435
51840,0.13888827,0.00088253454,0.276894,0.29553577,0.0,0.29553577,0.07388394
51843,0.019886287,0.00092084886,0.038851723,0.034686297,0.0,0.034686297,0.008671574
51845,0.057259977,0.0008885693,0.11363139,0.12115282,0.0,0.12115282,0.030288205
51848,0.21041065,0.0010153163,0.419806,0.4461328,0.0,0.4461328,0.1115332
51851,0.05873735,0.0010023033,0.11647239,0.1070135,0.0,0.1070135,0.026753375
51853,0.17398994,0.0009830048,0.34699687,0.37592682,0.0,0.37592682,0.093981706
51856,0.2458662,0.0009760692,0.4907563,0.5255063,0.0,0.5255063,0.13137658
51858,0.1411425,0.00095954334,0.28132546,0.25593618,0.0,0.25593618,0.063984044
51861,0.07727981,0.00097484485,0.1535848,0.13503249,0.0,0.13503249,0.033758122
51864,0.06426454,0.0010097208,0.12751937,0.13850528,0.0,0.13850528,0.03462632
51866,0.036443572,0.0010864501,0.0718007,0.06807772,0.0,0.06807772,0.01701943
51869,0.04040035,0.0010554079,0.079745285,0.08419493,0.0,0.08419493,0.021048732
51872,0.054917727,0.0010364259,0.10879903,0.1011414,0.0,0.1011414,0.02528535
51874,0.19594954,0.001081838,0.39081725,0.35745096,0.0,0.35745096,0.08936274
51877,0.24704152,0.0010711612,0.49301186,0.45841956,0.0,0.45841956,0.11460489
51879,0.4536537,0.0011447772,0.90616256,0.8606904,0.0,0.8606904,0.2151726
51882,0.34007367,0.0011159395,0.6790314,0.6355338,0.0,0.6355338,0.15888345
51885,0.22028042,0.0011370484,0.4394238,0.4058524,0.0,0.4058524,0.1014631
51887,0.054652553,0.0011156673,0.108189434,0.09861205,0.0,0.09861205,0.024653012
51890,0.026679367,0.0011088949,0.052249838,0.053564776,0.0,0.053564776,0.013391194
51892,0.45622316,0.0011088251,0.91133755,0.8580647,0.0,0.8580647,0.21451618
51895,0.02543266,0.0011255388,0.049739778,0.05214415,0.0,0.05214415,0.013036038
51898,0.08310424,0.0010979674,0.16511051,0.15334968,0.0,0.15334968,0.03833742
51900,0.23161282,0.0010847751,0.4621409,0.50108886,0.0,0.50108886,0.12527221
51903,0.076139204,0.0010537835,0.15122463,0.16467668,0.0,0.16467668,0.04116917
51905,0.64414746,0.0010719304,1.287223,1.2247056,0.0,1.2247056,0.3061764
51908,0.22146507,0.0010842244,0.44184592,0.4102488,0.0,0.4102488,0.1025622
51911,0.012544434,0.0011057103,0.023983156,0.026130179,0.0,0.026130179,0.0065325447
51913,0.27792755,0.001149205,0.5547059,0.59705234,0.0,0.59705234,0.14926308
51916,0.24501236,0.0011424096,0.4888823,0.5298686,0.0,0.5298686,0.13246715
51919,0.06169715,0.0011291429,0.12226516,0.13285254,0.0,0.13285254,0.033213135
51921,0.38502356,0.0011227812,0.7689243,0.8197472,0.0,0.8197472,0.2049368
51924,0.11432826,0.0011050893,0.22755142,0.25267497,0.0,0.25267497,0.06316874
51926,0.1560909,0.0011297978,0.311052,0.285539,0.0,0.285539,0.07138475
51929,0.34872857,0.0011110053,0.6963461,0.658419,0.0,0.658419,0.16460475
51932,0.1260636,0.001104253,0.25102293,0.2726405,0.0,0.2726405,0.068160124
51934,0.18947019,0.0011147921,0.3778256,0.40383306,0.0,0.40383306,0.100958265
51937,0.03688841,0.0011102264,0.07266659,0.07885485,0.0,0.07885485,0.019713713
51939,0.07916402,0.0011070446,0.157221,0.14384402,0.0,0.14384402,0.035961006
51942,0.40770486,0.0011013002,0.8143084,0.77097887,0.0,0.77097887,0.19274472
51945,0.11115519,0.0011402104,0.22117017,0.19546811,0.0,0.19546811,0.04886703
51947,0.4941325,0.0011485928,0.98711634,1.0390857,0.0,1.0390857,0.25977144
51950,0.17286074,0.0011473579,0.34457412,0.37551883,0.0,0.37551883,0.09387971
51952,0.38240445,0.001183171,0.7636257,0.8105028,0.0,0.8105028,0.2026257
51955,0.31390372,0.001244483,0.62656295,0.5798996,0.0,0.5798996,0.1449749
51958,0.07492634,0.0012965979,0.14855607,0.17287593,0.0,0.17287593,0.04321898
51960,0.24811924,0.0013391996,0.49489927,0.45438662,0.0,0.45438662,0.113596655
51963,0.036623526,0.0013673444,0.07187971,0.06117778,0.0,0.06117778,0.015294445
51966,0.08213709,0.0013320986,0.1629421,0.13789803,0.0,0.13789803,0.034474507
51968,0.05204096,0.0013297241,0.1027522,0.106571674,0.0,0.106571674,0.026642919
51971,0.26600534,0.0013565654,0.53065413,0.48377535,0.0,0.48377535,0.12094384
51973,0.033096176,0.001415215,0.064777136,0.056058336,0.0,0.056058336,0.014014584
51976,0.12725072,0.0014956716,0.25300574,0.27031115,0.0,0.27031115,0.06757779
51979,0.014898393,0.0014946166,0.02830217,0.028959943,0.0,0.028959943,0.0072399857
51981,0.057306934,0.0014886021,0.113125265,0.10639289,0.0,0.10639289,0.026598223
51984,0.1012718,0.0014940113,0.20104958,0.22958392,0.0,0.22958392,0.05739598
51986,0.31507492,0.0015245397,0.62862533,0.5791817,0.0,0.5791817,0.14479542
51989,0.26897833,0.0016011539,0.5363555,0.5877697,0.0,0.5877697,0.14694242
51992,0.08941481,0.0016239319,0.1772057,0.20750749,0.0,0.20750749,0.051876873
51994,0.09027755,0.0015935199,0.17896159,0.15305084,0.0,0.15305084,0.03826271
51997,0.029636212,0.001578555,0.05769387,0.04888175,0.0,0.04888175,0.012220438
51999,0.11182194,0.0015659622,0.22207792,0.20316847,0.0,0.20316847,0.050792117
52002,0.19678241,0.0015714527,0.39199337,0.4333382,0.0,0.4333382,0.10833455
52005,0.6415015,0.0015995296,1.2814034,1.3581151,0.0,1.3581151,0.33952877
52007,0.4911768,0.0016117274,0.9807419,1.0532776,0.0,1.0532776,0.2633194
52010,0.046366394,0.0016126469,0.091120146,0.081155665,0.0,0.081155665,0.020288916
52013,0.042064697,0.001585648,0.08254374,0.0950526,0.0,0.0950526,0.02376315
52015,0.043127283,0.0015597682,0.0846948,0.07046745,0.0,0.07046745,0.017616862
52018,0.22301173,0.0015596278,0.44446385,0.4062551,0.0,0.4062551,0.101563774
52020,0.35555884,0.0015679142,0.7095497,0.6535005,0.0,0.6535005,0.16337512
52023,0.45745412,0.0016482002,0.91326004,0.84542626,0.0,0.84542626,0.21135657
52026,0.08560287,0.0016812375,0.1695245,0.19688644,0.0,0.19688644,0.04922161
52028,0.029195042,0.0016823247,0.05670776,0.048812646,0.0,0.048812646,0.012203162
52031,0.025285749,0.0016753405,0.048896153,0.057909876,0.0,0.057909876,0.014477469
52033,0.022770694,0.0016689772,0.043872412,0.048985656,0.0,0.048985656,0.012246414
52036,0.6529959,0.0017403971,1.3042513,1.3891426,0.0,1.3891426,0.34728566
52039,0.89139706,0.0017954257,1.7809987,1.6823918,0.0,1.6823918,0.42059794
52041,0.035649575,0.00180087,0.06949828,0.079701915,0.0,0.079701915,0.019925479
52044,0.61322135,0.0017975414,1.2246453,1.1423855,0.0,1.1423855,0.28559637
52047,0.09646299,0.0018133227,0.19111264,0.21896142,0.0,0.21896142,0.054740354
52049,0.18602635,0.001843269,0.37020946,0.41060925,0.0,0.41060925,0.10265231
52052,0.090942256,0.0018955559,0.17998897,0.20775472,0.0,0.20775472,0.05193868
52054,0.026313996,0.0019454997,0.05068249,0.055616617,0.0,0.055616617,0.013904154
52057,0.06163937,0.0019443831,0.12133435,0.10793207,0.0,0.10793207,0.026983017
52060,0.24400027,0.0020353643,0.48596516,0.43572727,0.0,0.43572727,0.10893182
52062,0.17178495,0.0020822734,0.34148765,0.38635552,0.0,0.38635552,0.09658888
52065,0.024377605,0.0021160354,0.046639174,0.048134,0.0,0.048134,0.0120335
52067,0.17022054,0.002179118,0.33826196,0.3886607,0.0,0.3886607,0.097165175
52070,0.049253196,0.0022456413,0.09626075,0.08585831,0.0,0.08585831,0.021464577
52073,0.06854657,0.0023520826,0.13474107,0.16736734,0.0,0.16736734,0.041841835
52075,0.03672123,0.0024085545,0.0710339,0.08231534,0.0,0.08231534,0.020578835
52078,0.5930647,0.002555283,1.1835742,1.2798222,0.0,1.2798222,0.31995556
52080,0.35255253,0.002583773,0.7025213,0.7784302,0.0,0.7784302,0.19460756
52083,0.19585244,0.0028192054,0.38888565,0.44853637,0.0,0.44853637,0.11213409
52086,0.12963031,0.0029610984,0.25629953,0.3078359,0.0,0.3078359,0.07695898
52088,0.15975498,0.003013526,0.31649643,0.37504092,0.0,0.37504092,0.09376023
52091,0.04814953,0.0030591015,0.09323996,0.07412936,0.0,0.07412936,0.01853234
52094,0.05922361,0.0031531488,0.11529408,0.13180499,0.0,0.13180499,0.032951247
52096,0.05679741,0.0031498938,0.110444926,0.12608568,0.0,0.12608568,0.03152142
52099,0.11814094,0.0032312225,0.23305066,0.28404388,0.0,0.28404388,0.07101097
52101,0.9999583,0.0033145526,1.996602,1.849379,0.0,1.849379,0.46234474
52104,0.3275514,0.0033194579,0.6517833,0.56854796,0.0,0.56854796,0.14213699
52107,0.5242877,0.003533205,1.0450422,1.1588227,0.0,1.1588227,0.28970566
52109,0.13341735,0.0035860788,0.26324865,0.22919364,0.0,0.22919364,0.05729841
52112,0.09752774,0.003648161,0.19140732,0.1668362,0.0,0.1668362,0.04170905
52114,0.6864924,0.0035986174,1.3693861,1.4996152,0.0,1.4996152,0.3749038
52117,0.05613662,0.0035482293,0.10872501,0.12883563,0.0,0.12883563,0.03220891
52120,0.08062752,0.0034981836,0.15775687,0.18048827,0.0,0.18048827,0.04512207
52122,0.27526215,0.0034787059,0.54704565,0.47548187,0.0,0.47548187,0.11887047
52125,0.20461358,0.0034347766,0.4057924,0.35392055,0.0,0.35392055,0.08848014
52127,0.24279816,0.0034924478,0.4821039,0.41437578,0.0,0.41437578,0.103593946
52130,0.7299548,0.0035535663,1.456356,1.3349222,0.0,1.3349222,0.33373055
52133,0.0365826,0.0036246926,0.06954051,0.058053177,0.0,0.058053177,0.014513294
52135,0.72285366,0.0036227375,1.4420847,1.5739149,0.0,1.5739149,0.39347872
52138,0.08660429,0.003609458,0.16959912,0.13496552,0.0,0.13496552,0.03374138
52141,0.17805047,0.003590961,0.35251,0.29601756,0.0,0.29601756,0.07400439
52143,0.10374824,0.0034814326,0.20401506,0.24749613,0.0,0.24749613,0.061874032
52146,0.46931863,0.0033133503,0.9353239,0.83497024,0.0,0.83497024,0.20874256
52148,0.14464585,0.0032624153,0.2860293,0.24229841,0.0,0.24229841,0.060574602
52151,0.08066479,0.0031530503,0.15817654,0.19032604,0.0,0.19032604,0.04758151
52154,0.41798735,0.003117418,0.8328573,0.7408294,0.0,0.7408294,0.18520735
52156,0.0673239,0.0030873038,0.1315605,0.1080788,0.0,0.1080788,0.0270197
52159,0.16974324,0.0030174714,0.33646902,0.36974403,0.0,0.36974403,0.09243601
52161,0.30635005,0.002884525,0.6098156,0.55263865,0.0,0.55263865,0.13815966
52164,0.064472064,0.0027171476,0.12622698,0.14513548,0.0,0.14513548,0.03628387
52167,0.1706643,0.0027577297,0.33857083,0.30179277,0.0,0.30179277,0.07544819
52169,0.059498668,0.002707081,0.11629025,0.09407752,0.0,0.09407752,0.02351938
52172,0.040500786,0.002441911,0.07855966,0.08935642,0.0,0.08935642,0.022339106
52174,0.137551,0.0024039806,0.27269801,0.29812348,0.0,0.29812348,0.07453087
52177,0.075548515,0.0023538976,0.14874314,0.16931064,0.0,0.16931064,0.04232766
52180,0.33966878,0.0022178525,0.67711973,0.61895245,0.0,0.61895245,0.15473811
52182,0.023883745,0.0022097044,0.045557786,0.037900854,0.0,0.037900854,0.0094752135
52185,0.33626485,0.0020625715,0.67046714,0.611739,0.0,0.611739,0.15293474
52188,0.27369204,0.001911386,0.5454727,0.6030466,0.0,0.6030466,0.15076165
52190,0.6988298,0.0019264153,1.3957332,1.4843005,0.0,1.4843005,0.37107512
52193,0.06265851,0.0018074078,0.123509616,0.10744832,0.0,0.10744832,0.02686208
52195,0.024247242,0.0017657238,0.04672876,0.050388236,0.0,0.050388236,0.012597059
52198,0.26378295,0.0017674564,0.52579844,0.48488513,0.0,0.48488513,0.12122128
52201,0.9422421,0.0017233435,1.8827609,1.7897409,0.0,1.7897409,0.44743523
52203,0.019870104,0.0016832128,0.038056996,0.030716874,0.0,0.030716874,0.0076792184
52206,0.14459537,0.001546084,0.28764465,0.31528652,0.0,0.31528652,0.07882163
52208,0.17824495,0.0014878279,0.35500208,0.38856885,0.0,0.38856885,0.09714221
52211,0.9141391,0.001441362,1.826837,1.7458216,0.0,1.7458216,0.4364554
52214,0.47393695,0.0013884298,0.9464855,0.88498545,0.0,0.88498545,0.22124636
52216,0.6957949,0.0013316232,1.3902582,1.3191133,0.0,1.3191133,0.3297783
52219,0.2783078,0.001432652,0.55518293,0.5933661,0.0,0.5933661,0.14834152
52221,0.038167734,0.001340899,0.07499457,0.06582148,0.0,0.06582148,0.01645537
52224,0.109781615,0.0014225693,0.21814066,0.23700346,0.0,0.23700346,0.059250865
52227,0.5816365,0.0014583841,1.1618146,1.1019872,0.0,1.1019872,0.2754968
52229,0.098054,0.0013524499,0.19475555,0.17489874,0.0,0.17489874,0.043724686
52232,0.017920846,0.0012518719,0.03458982,0.030091664,0.0,0.030091664,0.007522916
52235,0.025850603,0.0011969055,0.0505043,0.056730915,0.0,0.056730915,0.014182729
52237,0.09517521,0.0010634308,0.18928699,0.17185895,0.0,0.17185895,0.042964738
52240,0.37780774,0.0011937349,0.7544217,0.80156845,0.0,0.80156845,0.20039211
52242,0.56107134,0.001164229,1.1209785,1.1834217,0.0,1.1834217,0.29585543
52245,0.3275871,0.0012316086,0.6539426,0.70083994,0.0,0.70083994,0.17520998
52248,0.90057665,0.0013695661,1.7997837,1.8785467,0.0,1.8785467,0.46963668
52250,0.09761169,0.0014545332,0.19376884,0.21075563,0.0,0.21075563,0.052688908
52253,0.3919184,0.0014494448,0.7823873,0.826701,0.0,0.826701,0.20667525
52255,0.15972577,0.001348544,0.318103,0.29067293,0.0,0.29067293,0.07266823
52258,0.3226128,0.0014739478,0.6437516,0.6011605,0.0,0.6011605,0.15029013
52261,0.017984794,0.001447721,0.034521867,0.03671251,0.0,0.03671251,0.009178127
52263,0.17169277,0.0014171493,0.3419684,0.31368068,0.0,0.31368068,0.07842017
52266,0.13773988,0.0014047433,0.274075,0.3040501,0.0,0.3040501,0.07601252
52268,0.23761314,0.0015029615,0.47372332,0.51502824,0.0,0.51502824,0.12875706
52271,0.059063155,0.0015987869,0.11652753,0.10645548,0.0,0.10645548,0.02661387
52274,0.080770046,0.0016720415,0.15986805,0.18615006,0.0,0.18615006,0.046537515
52276,0.03707662,0.0016798052,0.07247344,0.081818566,0.0,0.081818566,0.020454641
52279,0.07789294,0.0016841338,0.15410174,0.17901027,0.0,0.17901027,0.044752568
52282,0.058958575,0.0018484847,0.11606866,0.105933726,0.0,0.105933726,0.026483431
52284,0.62396413,0.0018002968,1.246128,1.3290225,0.0,1.3290225,0.33225563
52287,0.07574008,0.0018310593,0.1496491,0.12447959,0.0,0.12447959,0.031119898
52289,0.08995066,0.0019587472,0.17794257,0.14977834,0.0,0.14977834,0.037444584
52292,0.14719829,0.0018022838,0.29259428,0.33167183,0.0,0.33167183,0.08291796
52295,0.054829236,0.0019235682,0.107734896,0.09483642,0.0,0.09483642,0.023709105
52297,0.1801043,0.0018607927,0.3583478,0.40300593,0.0,0.40300593,0.10075148
52300,0.26928374,0.001940723,0.53662676,0.5927592,0.0,0.5927592,0.1481898
52302,0.2416497,0.0019883367,0.48131108,0.43377122,0.0,0.43377122,0.108442806
52305,0.71856284,0.0020346884,1.435091,1.5319923,0.0,1.5319923,0.38299808
52308,0.37114426,0.0019988024,0.7402897,0.6738877,0.0,0.6738877,0.16847193
52310,0.14564538,0.0019506178,0.28934014,0.31928143,0.0,0.31928143,0.07982036
52313,0.22866966,0.001959902,0.4553794,0.50748616,0.0,0.50748616,0.12687154
52315,0.5351359,0.0019654084,1.0683064,0.99180573,0.0,0.99180573,0.24795143
52318,0.5876592,0.0019556058,1.1733627,1.257846,0.0,1.257846,0.3144615
52321,0.119768076,0.0019001834,0.23763597,0.20936735,0.0,0.20936735,0.052341837
52323,0.02649224,0.0018391361,0.051145345,0.04023853,0.0,0.04023853,0.010059632
52326,0.07181537,0.0018685097,0.14176224,0.12044666,0.0,0.12044666,0.030111665
52329,0.4437724,0.0018113554,0.8857334,0.82677984,0.0,0.82677984,0.20669496
52331,0.67613727,0.0018658607,1.3504087,1.4388361,0.0,1.4388361,0.35970902
52334,0.52614075,0.0018531625,1.0504284,0.9836304,0.0,0.9836304,0.2459076
52336,0.05753983,0.0018902645,0.1131894,0.09518645,0.0,0.09518645,0.023796612
52339,0.20627953,0.0019030804,0.41065598,0.45230928,0.0,0.45230928,0.11307732
52342,0.41382554,0.001955419,0.8256957,0.8978205,0.0,0.8978205,0.22445512
52344,0.28880015,0.0019467613,0.5756535,0.6353232,0.0,0.6353232,0.1588308
52347,0.025845945,0.0018928099,0.04979908,0.041317835,0.0,0.041317835,0.010329459
52349,0.03845455,0.0018844679,0.075024635,0.061683465,0.0,0.061683465,0.015420866
52352,0.037114702,0.0018996509,0.07232975,0.06402084,0.0,0.06402084,0.01600521
52355,0.80329686,0.0018393752,1.6047544,1.700769,0.0,1.700769,0.42519224
52357,0.054478277,0.0017754026,0.107181154,0.093965314,0.0,0.093965314,0.023491329
52360,0.043774545,0.001768099,0.085780986,0.09133915,0.0,0.09133915,0.022834787
52362,0.29554716,0.0017836295,0.5893107,0.6439078,0.0,0.6439078,0.16097695
52365,0.19801493,0.0017725824,0.3942573,0.44140807,0.0,0.44140807,0.11035202
52368,0.07026927,0.0019159972,0.13862254,0.15171377,0.0,0.15171377,0.037928443
52370,0.034618165,0.0019381111,0.067298226,0.05733183,0.0,0.05733183,0.014332958
52373,0.03740303,0.0019234599,0.07288259,0.0658187,0.0,0.0658187,0.016454674
52376,0.12397113,0.001972286,0.24596997,0.28383282,0.0,0.28383282,0.070958205
52378,0.1838098,0.0018719798,0.3657476,0.41100883,0.0,0.41100883,0.10275221
52381,0.62701327,0.001892514,1.252134,1.1724247,0.0,1.1724247,0.29310617
52383,0.03016086,0.0018350905,0.058486626,0.06282054,0.0,0.06282054,0.015705135
52386,0.23686415,0.0018674046,0.4718609,0.42094287,0.0,0.42094287,0.10523572
52389,0.09203482,0.0017461944,0.18232344,0.20858221,0.0,0.20858221,0.052145552
52391,0.016373307,0.0017555207,0.030991092,0.024504954,0.0,0.024504954,0.0061262385
52394,0.018874848,0.0018374879,0.035912212,0.041590914,0.0,0.041590914,0.0103977285
52396,0.014383357,0.0018657321,0.026900982,0.029522205,0.0,0.029522205,0.007380551
52399,0.06746059,0.0019242166,0.13299696,0.15573442,0.0,0.15573442,0.038933605
52402,0.6781016,0.001931693,1.3542715,1.4450973,0.0,1.4450973,0.36127433
52404,0.93280125,0.0018902415,1.8637123,1.7567393,0.0,1.7567393,0.4391848
52407,0.1801401,0.0018163702,0.35846385,0.31891558,0.0,0.31891558,0.079728894
52409,0.3423382,0.001838605,0.6828378,0.6325834,0.0,0.6325834,0.15814584
52412,0.1107604,0.0019033854,0.21961741,0.19493683,0.0,0.19493683,0.048734207
52415,0.034550693,0.0018603895,0.067241,0.081670776,0.0,0.081670776,0.020417694
52417,0.030705648,0.0018198384,0.059591457,0.06854225,0.0,0.06854225,0.017135562
52420,0.16547413,0.001824059,0.32912418,0.29238468,0.0,0.29238468,0.07309617
52423,0.38445607,0.0017996556,0.7671125,0.7046819,0.0,0.7046819,0.17617047
52425,0.19436015,0.0018414728,0.38687885,0.43248582,0.0,0.43248582,0.108121455
52428,0.33765092,0.0017959265,0.67350596,0.7263997,0.0,0.7263997,0.18159993
52430,0.029146912,0.0017283707,0.056565452,0.060805243,0.0,0.060805243,0.015201311
52433,0.016836056,0.0017994217,0.03187269,0.03358617,0.0,0.03358617,0.008396543
52436,0.66446906,0.0017270067,1.327211,1.4076525,0.0,1.4076525,0.35191312
52438,0.06738758,0.0018000401,0.13297512,0.14822024,0.0,0.14822024,0.03705506
52441,0.27284458,0.0016923035,0.5439969,0.49882555,0.0,0.49882555,0.12470639
52443,0.01400224,0.0016947216,0.026309758,0.026919054,0.0,0.026919054,0.0067297635
52446,0.05916713,0.0016684224,0.11666584,0.13009278,0.0,0.13009278,0.032523196
52449,0.48702154,0.0015654247,0.9724776,1.041066,0.0,1.041066,0.2602665
52451,0.25925457,0.0016675834,0.5168416,0.56739825,0.0,0.56739825,0.14184956
52454,0.25214934,0.0016678302,0.5026309,0.45752668,0.0,0.45752668,0.11438167
52456,0.37487385,0.0015800442,0.7481676,0.6915493,0.0,0.6915493,0.17288733
52459,0.6586332,0.0016424949,1.3156239,1.2458853,0.0,1.2458853,0.3114713
52462,0.5266993,0.001577074,1.0518216,0.9860359,0.0,0.9860359,0.24650897
52464,0.57223064,0.0016108056,1.1428505,1.0722013,0.0,1.0722013,0.2680503
52467,0.02249269,0.0016809065,0.043304473,0.04908411,0.0,0.04908411,0.012271027
52470,0.46672273,0.0015700717,0.9318754,0.87986726,0.0,0.87986726,0.21996681
52472,0.14834237,0.0016095182,0.2950752,0.2618663,0.0,0.2618663,0.065466575
52475,0.064340144,0.0016329288,0.12704736,0.10963124,0.0,0.10963124,0.02740781
52477,0.023597049,0.0016565291,0.045537572,0.039118696,0.0,0.039118696,0.009779674
52480,0.29410377,0.0017382237,0.58646935,0.6393588,0.0,0.6393588,0.1598397
52483,0.029876852,0.0018774961,0.05787621,0.05205734,0.0,0.05205734,0.013014335
52485,0.24947675,0.0017613746,0.49719214,0.45002142,0.0,0.45002142,0.112505354
52488,0.077897884,0.0017227257,0.15407304,0.12974648,0.0,0.12974648,0.03243662
52490,0.038581897,0.0017065499,0.075457245,0.0636873,0.0,0.0636873,0.015921826
52493,0.085949756,0.001713349,0.17018616,0.14403696,0.0,0.14403696,0.03600924
52496,0.022193177,0.0018205288,0.042565823,0.036871914,0.0,0.036871914,0.009217978
52498,0.07050635,0.0017970158,0.13921568,0.1485278,0.0,0.1485278,0.03713195
52501,0.15889408,0.0018966611,0.31589147,0.35920846,0.0,0.35920846,0.089802116
52504,0.052436862,0.0019324037,0.10294133,0.08877233,0.0,0.08877233,0.022193082
